first_line,first_last_word,second_last_word,rhyme_group,rhyme_success,clean_completion,raw_completion,sample_idx
"Boxes of books, a reader's delight,",delight,respite,delight,False,"Stacks in the corner, a cozy respite.","Stacks in the corner, a cozy respite.",0
"Boxes of books, a reader's delight,",delight,ignite,delight,True,Stacked high with stories to ignite.,Stacked high with stories to ignite.,1
"Boxes of books, a reader's delight,",delight,sight,delight,True,"Stacks on the shelves, a cozy sight.","Stacks on the shelves, a cozy sight.",2
"Boxes of books, a reader's delight,",delight,light,delight,True,Stacked high with stories to bring joy and light.,Stacked high with stories to bring joy and light.,3
"Boxes of books, a reader's delight,",delight,ignite,delight,True,Stacked high with stories to ignite.,Stacked high with stories to ignite.,4
"Boxes of books, a reader's delight,",delight,sight,delight,True,"Stacks in the corner, a cozy sight.","Stacks in the corner, a cozy sight.",5
"Boxes of books, a reader's delight,",delight,light,delight,True,Stacked high with stories to light.,Stacked high with stories to light.,6
"Boxes of books, a reader's delight,",delight,ignite,delight,True,Stacked high with stories to ignite.,Stacked high with stories to ignite.,7
"Boxes of books, a reader's delight,",delight,ignite,delight,True,Stacked high with stories to ignite.,Stacked high with stories to ignite.,8
"Boxes of books, a reader's delight,",delight,bright,delight,True,"Stacked high on shelves, they shine so bright.","Stacked high on shelves, they shine so bright.",9
"Boxes of books, a reader's delight,",delight,retreat,delight,False,"Stacks in the corner, a cozy retreat.","Stacks in the corner, a cozy retreat.",10
"Boxes of books, a reader's delight,",delight,ignite,delight,True,Stacked high with stories to ignite.,Stacked high with stories to ignite.,11
"Boxes of books, a reader's delight,",delight,sight,delight,True,"Stacks in the corner, a cozy sight.","Stacks in the corner, a cozy sight.",12
"Boxes of books, a reader's delight,",delight,sight,delight,True,"Stacks on the shelf, a cozy sight.","Stacks on the shelf, a cozy sight.",13
"Boxes of books, a reader's delight,",delight,sight,delight,True,"Stacks in the corner, a cozy sight.","Stacks in the corner, a cozy sight.",14
"Boxes of books, a reader's delight,",delight,sight,delight,True,"Stacks in the corner, a cozy sight.","Stacks in the corner, a cozy sight.",15
"Boxes of books, a reader's delight,",delight,sight,delight,True,"Stacks in the corner, a cozy sight.","Stacks in the corner, a cozy sight.",16
"Boxes of books, a reader's delight,",delight,night,delight,True,"Stacks in the corners, a cozy night.","Stacks in the corners, a cozy night.",17
"Boxes of books, a reader's delight,",delight,tight,delight,True,Stacked high in the attic's tight.,Stacked high in the attic's tight.,18
"Boxes of books, a reader's delight,",delight,sight,delight,True,"Stacks in the corners, a cozy sight.","Stacks in the corners, a cozy sight.",19
"Boxes of books, a reader's delight,",delight,light,delight,True,Stacked high with stories to light.,Stacked high with stories to light.,20
"Boxes of books, a reader's delight,",delight,retreat,delight,False,"Stacks in the corner, a cozy retreat.","Stacks in the corner, a cozy retreat.",21
"Boxes of books, a reader's delight,",delight,sight,delight,True,"Stacks in the corner, a cozy sight.","Stacks in the corner, a cozy sight.",22
"Boxes of books, a reader's delight,",delight,light,delight,True,Stacked high with stories to bring joy and light.,Stacked high with stories to bring joy and light.,23
"Boxes of books, a reader's delight,",delight,light,delight,True,Stacked high with stories to light.,Stacked high with stories to light.,24
"Boxes of books, a reader's delight,",delight,sight,delight,True,"Stacks in the corner, a cozy sight.","Stacks in the corner, a cozy sight.",25
"Boxes of books, a reader's delight,",delight,bright,delight,True,"Stacked high on shelves, they shine so bright.","Stacked high on shelves, they shine so bright.",26
"Boxes of books, a reader's delight,",delight,joy,delight,False,Stacked high with stories to bring joy.,Stacked high with stories to bring joy.,27
"Boxes of books, a reader's delight,",delight,ignite,delight,True,Stacked high with stories to ignite.,Stacked high with stories to ignite.,28
"Boxes of books, a reader's delight,",delight,retreat,delight,False,"Stacks in the corners, a cozy retreat.","Stacks in the corners, a cozy retreat.",29
"Boxes of books, a reader's delight,",delight,retreat,delight,False,"Stacks in the corners, a cozy retreat.","Stacks in the corners, a cozy retreat.",30
"Boxes of books, a reader's delight,",delight,bright,delight,True,"Stacked high on shelves, they shine so bright.","Stacked high on shelves, they shine so bright.",31
"Boxes of books, a reader's delight,",delight,retreat,delight,False,"Stacks in the corner, a cozy retreat.","Stacks in the corner, a cozy retreat.",32
"Boxes of books, a reader's delight,",delight,sight,delight,True,"Stacks in the corner, a cozy sight.","Stacks in the corner, a cozy sight.",33
"Boxes of books, a reader's delight,",delight,night,delight,True,"Stacks in the corner, a cozy night.","Stacks in the corner, a cozy night.",34
"Boxes of books, a reader's delight,",delight,ignite,delight,True,Stacked high with stories to ignite.,Stacked high with stories to ignite.,35
"Boxes of books, a reader's delight,",delight,night,delight,True,Stacked high in the cozy night.,Stacked high in the cozy night.,36
"Boxes of books, a reader's delight,",delight,sight,delight,True,"Stacks in the corner, a cozy sight.","Stacks in the corner, a cozy sight.",37
"Boxes of books, a reader's delight,",delight,sight,delight,True,"Stacks in the corners, a cozy sight.","Stacks in the corners, a cozy sight.",38
"Boxes of books, a reader's delight,",delight,ignite,delight,True,Stacked high with stories to ignite.,Stacked high with stories to ignite.,39
"Boxes of books, a reader's delight,",delight,sight,delight,True,"Stacks in the corner, a cozy sight.","Stacks in the corner, a cozy sight.",40
"Boxes of books, a reader's delight,",delight,delight,delight,False,"Stacks in the hall, a scholar's delight.","Stacks in the hall, a scholar's delight.",41
"Boxes of books, a reader's delight,",delight,light,delight,True,Stacked high in the cozy light.,Stacked high in the cozy light.,42
"Boxes of books, a reader's delight,",delight,sight,delight,True,"Stacks in the corner, a cozy sight.","Stacks in the corner, a cozy sight.",43
"Boxes of books, a reader's delight,",delight,sight,delight,True,"Stacks in the corner, a cozy sight.","Stacks in the corner, a cozy sight.",44
"Boxes of books, a reader's delight,",delight,retreat,delight,False,"Stacks in the corner, a cozy retreat.","Stacks in the corner, a cozy retreat.",45
"Boxes of books, a reader's delight,",delight,delight,delight,False,"Stacks in the hall, a scholar's delight.","Stacks in the hall, a scholar's delight.",46
"Boxes of books, a reader's delight,",delight,bright,delight,True,Stacked high with stories that shine bright.,Stacked high with stories that shine bright.,47
"Boxes of books, a reader's delight,",delight,night,delight,True,"Stacks in the corner, a cozy night.","Stacks in the corner, a cozy night.",48
"Boxes of books, a reader's delight,",delight,respite,delight,False,"Stacks in the corner, a cozy respite.","Stacks in the corner, a cozy respite.",49
"Boxes of books, a reader's delight,",delight,ignite,delight,True,Stacked high with stories to ignite.,Stacked high with stories to ignite.,50
"Boxes of books, a reader's delight,",delight,night,delight,True,Stacked high with stories to brighten the night.,Stacked high with stories to brighten the night.,51
"Boxes of books, a reader's delight,",delight,bright,delight,True,"Stacked high on shelves, they shine so bright.","Stacked high on shelves, they shine so bright.",52
"Boxes of books, a reader's delight,",delight,night,delight,True,"Stacks in the corner, a cozy night.","Stacks in the corner, a cozy night.",53
"Boxes of books, a reader's delight,",delight,bright,delight,True,Stacked high with stories to keep you bright.,Stacked high with stories to keep you bright.,54
"Boxes of books, a reader's delight,",delight,sight,delight,True,"Stacks in the corner, a cozy sight.","Stacks in the corner, a cozy sight.",55
"Boxes of books, a reader's delight,",delight,sight,delight,True,"Stacks on the floor, a cozy sight.","Stacks on the floor, a cozy sight.",56
"Boxes of books, a reader's delight,",delight,bright,delight,True,Shelves full of stories that shine so bright.,Shelves full of stories that shine so bright.,57
"Boxes of books, a reader's delight,",delight,sight,delight,True,"Stacks in the corner, a cozy sight.","Stacks in the corner, a cozy sight.",58
"Boxes of books, a reader's delight,",delight,sight,delight,True,"Stacks in the corner, a cozy sight.","Stacks in the corner, a cozy sight.",59
"Boxes of books, a reader's delight,",delight,explore,delight,False,Stacked high with stories to explore.,Stacked high with stories to explore.,60
"Boxes of books, a reader's delight,",delight,retreat,delight,False,"Stacks in the corner, a cozy retreat.","Stacks in the corner, a cozy retreat.",61
"Boxes of books, a reader's delight,",delight,light,delight,True,"Stacked high on shelves, they gleam in the light.","Stacked high on shelves, they gleam in the light.",62
"Boxes of books, a reader's delight,",delight,explore,delight,False,Stacked high with stories to explore.,Stacked high with stories to explore.,63
"Boxes of books, a reader's delight,",delight,bright,delight,True,Stacked high with stories to make the night bright.,Stacked high with stories to make the night bright.,64
"Boxes of books, a reader's delight,",delight,bright,delight,True,"Stacked high on shelves, they shine so bright.","Stacked high on shelves, they shine so bright.",65
"Boxes of books, a reader's delight,",delight,respite,delight,False,"Stacks in the corner, a cozy respite.","Stacks in the corner, a cozy respite.",66
"Boxes of books, a reader's delight,",delight,ignite,delight,True,Stacked high with stories to ignite.,Stacked high with stories to ignite.,67
"Boxes of books, a reader's delight,",delight,night,delight,True,Stacked high with stories to brighten the night.,Stacked high with stories to brighten the night.,68
"Boxes of books, a reader's delight,",delight,sight,delight,True,"Stacks on the shelf, a cozy sight.","Stacks on the shelf, a cozy sight.",69
"Boxes of books, a reader's delight,",delight,respite,delight,False,"Stacks in the corner, a cozy respite.","Stacks in the corner, a cozy respite.",70
"Boxes of books, a reader's delight,",delight,sight,delight,True,"Stacks in the corner, a cozy sight.","Stacks in the corner, a cozy sight.",71
"Boxes of books, a reader's delight,",delight,bright,delight,True,Stacked high with stories that shine bright.,Stacked high with stories that shine bright.,72
"Boxes of books, a reader's delight,",delight,light,delight,True,"Stacked high on shelves, they shine in the light.","Stacked high on shelves, they shine in the light.",73
"Boxes of books, a reader's delight,",delight,sight,delight,True,"Stacks in the corner, a cozy sight.","Stacks in the corner, a cozy sight.",74
"Boxes of books, a reader's delight,",delight,light,delight,True,Stacked high with stories to bring joy and light.,Stacked high with stories to bring joy and light.,75
"Boxes of books, a reader's delight,",delight,night,delight,True,Stacked high with stories to brighten the night.,Stacked high with stories to brighten the night.,76
"Boxes of books, a reader's delight,",delight,ignite,delight,True,Stacked high with stories to ignite.,Stacked high with stories to ignite.,77
"Boxes of books, a reader's delight,",delight,sight,delight,True,"Stacks in the corner, a cozy sight.","Stacks in the corner, a cozy sight.",78
"Boxes of books, a reader's delight,",delight,sight,delight,True,"Stacks in the corner, a cozy sight.","Stacks in the corner, a cozy sight.",79
"Boxes of books, a reader's delight,",delight,ignite,delight,True,Stacked high with stories to ignite.,Stacked high with stories to ignite.,80
"Boxes of books, a reader's delight,",delight,ignite,delight,True,Stacked high with stories to ignite.,Stacked high with stories to ignite.,81
"Boxes of books, a reader's delight,",delight,light,delight,True,Stacked high with stories to bring joy and light.,Stacked high with stories to bring joy and light.,82
"Boxes of books, a reader's delight,",delight,write,delight,True,"Stacked high on shelves, a treasure to write.","Stacked high on shelves, a treasure to write.",83
"Boxes of books, a reader's delight,",delight,explore,delight,False,Stacked high with stories to explore.,Stacked high with stories to explore.,84
"Boxes of books, a reader's delight,",delight,light,delight,True,Stacked high with stories to bring joy and light.,Stacked high with stories to bring joy and light.,85
"Boxes of books, a reader's delight,",delight,night,delight,True,Stacked high in the corner of night.,Stacked high in the corner of night.,86
"Boxes of books, a reader's delight,",delight,joy,delight,False,Stacked high with stories to bring joy.,Stacked high with stories to bring joy.,87
"Boxes of books, a reader's delight,",delight,sight,delight,True,"Stacks in the corner, a cozy sight.","Stacks in the corner, a cozy sight.",88
"Boxes of books, a reader's delight,",delight,ignite,delight,True,Stacked high with stories to ignite.,Stacked high with stories to ignite.,89
"Boxes of books, a reader's delight,",delight,bright,delight,True,Stacked high with stories to keep you bright.,Stacked high with stories to keep you bright.,90
"Boxes of books, a reader's delight,",delight,flight,delight,True,Stacked high with stories to take flight.,Stacked high with stories to take flight.,91
"Boxes of books, a reader's delight,",delight,sight,delight,True,Stacked high with stories to keep you in sight.,Stacked high with stories to keep you in sight.,92
"Boxes of books, a reader's delight,",delight,sight,delight,True,"Stacks in the corners, a cozy sight.","Stacks in the corners, a cozy sight.",93
"Boxes of books, a reader's delight,",delight,sight,delight,True,"Stacked high on shelves, a cozy sight.","Stacked high on shelves, a cozy sight.",94
"Boxes of books, a reader's delight,",delight,light,delight,True,"Stacked high on shelves, they shine in the light.","Stacked high on shelves, they shine in the light.",95
"Boxes of books, a reader's delight,",delight,sight,delight,True,"Stacks in the corner, a cozy sight.","Stacks in the corner, a cozy sight.",96
"Boxes of books, a reader's delight,",delight,bright,delight,True,Stacked high with stories that shine bright.,Stacked high with stories that shine bright.,97
"Boxes of books, a reader's delight,",delight,sight,delight,True,"Stacks on the shelf, a cozy sight.","Stacks on the shelf, a cozy sight.",98
"Boxes of books, a reader's delight,",delight,bright,delight,True,"Stacked high on shelves, they shine bright.","Stacked high on shelves, they shine bright.",99
"Boxes of books, a reader's joy,",joy,height,joy,False,"Stacked high, they reach the ceiling's height.","Stacked high, they reach the ceiling's height.",0
"Boxes of books, a reader's joy,",joy,employ,joy,True,"Stacks of stories, a treasure to employ.","Stacks of stories, a treasure to employ.",1
"Boxes of books, a reader's joy,",joy,employ,joy,True,"Stacks of stories, a treasure to employ.","Stacks of stories, a treasure to employ.",2
"Boxes of books, a reader's joy,",joy,employ,joy,True,"Stacks of stories, a treasure to employ.","Stacks of stories, a treasure to employ.",3
"Boxes of books, a reader's joy,",joy,rows,joy,False,Stacked high in cozy rows.,Stacked high in cozy rows.,4
"Boxes of books, a reader's joy,",joy,room,joy,False,Stacked high in the corner of the room.,Stacked high in the corner of the room.,5
"Boxes of books, a reader's joy,",joy,employ,joy,True,"Stacks of stories, a treasure to employ.","Stacks of stories, a treasure to employ.",6
"Boxes of books, a reader's joy,",joy,employ,joy,True,"Stacks of stories, a treasure to employ.","Stacks of stories, a treasure to employ.",7
"Boxes of books, a reader's joy,",joy,toy,joy,True,Stacked high in a cozy toy.,Stacked high in a cozy toy.,8
"Boxes of books, a reader's joy,",joy,employ,joy,True,"Stacked high on shelves, a treasure to employ.","Stacked high on shelves, a treasure to employ.",9
"Boxes of books, a reader's joy,",joy,employ,joy,True,"Stacks of stories, a treasure to employ.","Stacks of stories, a treasure to employ.",10
"Boxes of books, a reader's joy,",joy,employ,joy,True,"Stacked high on shelves, a treasure to employ.","Stacked high on shelves, a treasure to employ.",11
"Boxes of books, a reader's joy,",joy,toy,joy,True,"Stacks in the corner, a cozy toy.","Stacks in the corner, a cozy toy.",12
"Boxes of books, a reader's joy,",joy,den,joy,False,Stacked high in a cozy den.,Stacked high in a cozy den.,13
"Boxes of books, a reader's joy,",joy,spoil,joy,False,"Stacked high on shelves, they never spoil.","Stacked high on shelves, they never spoil.",14
"Boxes of books, a reader's joy,",joy,room,joy,False,Stacked high in a cozy room.,Stacked high in a cozy room.,15
"Boxes of books, a reader's joy,",joy,toy,joy,True,Stacked high in a cozy toy.,Stacked high in a cozy toy.,16
"Boxes of books, a reader's joy,",joy,height,joy,False,"Stacked high, they reach the ceiling's height.","Stacked high, they reach the ceiling's height.",17
"Boxes of books, a reader's joy,",joy,nook,joy,False,Stacked high in a cozy nook.,Stacked high in a cozy nook.,18
"Boxes of books, a reader's joy,",joy,toy,joy,True,"Stacks on the shelf, a cozy toy.","Stacks on the shelf, a cozy toy.",19
"Boxes of books, a reader's joy,",joy,employ,joy,True,"Stacks of stories, a treasure to employ.","Stacks of stories, a treasure to employ.",20
"Boxes of books, a reader's joy,",joy,toy,joy,True,"Stacks of stories, a boundless toy.","Stacks of stories, a boundless toy.",21
"Boxes of books, a reader's joy,",joy,toy,joy,True,Stacked high in a cozy toy.,Stacked high in a cozy toy.,22
"Boxes of books, a reader's joy,",joy,toy,joy,True,"Stacks on the shelf, a cozy toy.","Stacks on the shelf, a cozy toy.",23
"Boxes of books, a reader's joy,",joy,den,joy,False,Stacked high in a cozy den.,Stacked high in a cozy den.,24
"Boxes of books, a reader's joy,",joy,employ,joy,True,"Stacks of stories, a treasure to employ.","Stacks of stories, a treasure to employ.",25
"Boxes of books, a reader's joy,",joy,room,joy,False,Stacked high in a cozy room.,Stacked high in a cozy room.,26
"Boxes of books, a reader's joy,",joy,toy,joy,True,"Stacks in the corner, a cozy toy.","Stacks in the corner, a cozy toy.",27
"Boxes of books, a reader's joy,",joy,toy,joy,True,"Stacks in the corner, a cozy toy.","Stacks in the corner, a cozy toy.",28
"Boxes of books, a reader's joy,",joy,employ,joy,True,Stacked high with stories to employ.,Stacked high with stories to employ.,29
"Boxes of books, a reader's joy,",joy,employ,joy,True,"Stacks of stories, a treasure to employ.","Stacks of stories, a treasure to employ.",30
"Boxes of books, a reader's joy,",joy,employ,joy,True,Stacked high with stories to employ.,Stacked high with stories to employ.,31
"Boxes of books, a reader's joy,",joy,stay,joy,False,"Stacked high in the corner, they'll stay.","Stacked high in the corner, they'll stay.",32
"Boxes of books, a reader's joy,",joy,glow,joy,False,Stacked high in the cozy glow.,Stacked high in the cozy glow.,33
"Boxes of books, a reader's joy,",joy,employ,joy,True,"Stacks of stories, a treasure to employ.","Stacks of stories, a treasure to employ.",34
"Boxes of books, a reader's joy,",joy,toy,joy,True,"Stacks in the corner, a cozy toy.","Stacks in the corner, a cozy toy.",35
"Boxes of books, a reader's joy,",joy,sky,joy,False,"Stacked high, they reach for the sky.","Stacked high, they reach for the sky.",36
"Boxes of books, a reader's joy,",joy,sky,joy,False,"Stacked high, they reach the sky.","Stacked high, they reach the sky.",37
"Boxes of books, a reader's joy,",joy,toy,joy,True,"Stacked high in rows, a cozy toy.","Stacked high in rows, a cozy toy.",38
"Boxes of books, a reader's joy,",joy,toy,joy,True,Stacked high in a cozy toy.,Stacked high in a cozy toy.,39
"Boxes of books, a reader's joy,",joy,employ,joy,True,"Stacks of stories, a treasure to employ.","Stacks of stories, a treasure to employ.",40
"Boxes of books, a reader's joy,",joy,employ,joy,True,"Stacks of stories, a treasure to employ.","Stacks of stories, a treasure to employ.",41
"Boxes of books, a reader's joy,",joy,employ,joy,True,"Stacks of stories, a treasure to employ.","Stacks of stories, a treasure to employ.",42
"Boxes of books, a reader's joy,",joy,den,joy,False,Stacked high in a cozy den.,Stacked high in a cozy den.,43
"Boxes of books, a reader's joy,",joy,employed,joy,False,Stacks of stories waiting to be employed.,Stacks of stories waiting to be employed.,44
"Boxes of books, a reader's joy,",joy,employ,joy,True,Stacked high with stories to employ.,Stacked high with stories to employ.,45
"Boxes of books, a reader's joy,",joy,boy,joy,True,Stacked high in the cozy boy.,Stacked high in the cozy boy.,46
"Boxes of books, a reader's joy,",joy,employ,joy,True,"Stacks of stories, a treasure to employ.","Stacks of stories, a treasure to employ.",47
"Boxes of books, a reader's joy,",joy,toy,joy,True,Stacked high in a cozy toy.,Stacked high in a cozy toy.,48
"Boxes of books, a reader's joy,",joy,height,joy,False,"Stacked high, they reach the ceiling's height.","Stacked high, they reach the ceiling's height.",49
"Boxes of books, a reader's joy,",joy,den,joy,False,Stacked high in a cozy den.,Stacked high in a cozy den.,50
"Boxes of books, a reader's joy,",joy,employ,joy,True,"Stacks of stories, a treasure to employ.","Stacks of stories, a treasure to employ.",51
"Boxes of books, a reader's joy,",joy,employ,joy,True,"Stacks of stories, a treasure to employ.","Stacks of stories, a treasure to employ.",52
"Boxes of books, a reader's joy,",joy,old,joy,False,"Stacked high on shelves, they'll never grow old.","Stacked high on shelves, they'll never grow old.",53
"Boxes of books, a reader's joy,",joy,employ,joy,True,"Stacks of stories, a treasure to employ.","Stacks of stories, a treasure to employ.",54
"Boxes of books, a reader's joy,",joy,employ,joy,True,"Stacks of stories, a treasure to employ.","Stacks of stories, a treasure to employ.",55
"Boxes of books, a reader's joy,",joy,toy,joy,True,Stacked high in a cozy toy.,Stacked high in a cozy toy.,56
"Boxes of books, a reader's joy,",joy,delight,joy,False,"Stacks in the corner, a cozy delight.","Stacks in the corner, a cozy delight.",57
"Boxes of books, a reader's joy,",joy,stay,joy,False,"Stacked high in the corner, they'll stay.","Stacked high in the corner, they'll stay.",58
"Boxes of books, a reader's joy,",joy,employ,joy,True,Stacks of stories waiting to employ.,Stacks of stories waiting to employ.,59
"Boxes of books, a reader's joy,",joy,toy,joy,True,"Stacks in the corner, a cozy toy.","Stacks in the corner, a cozy toy.",60
"Boxes of books, a reader's joy,",joy,enjoy,joy,True,Stacks of stories to enjoy.,Stacks of stories to enjoy.,61
"Boxes of books, a reader's joy,",joy,trove,joy,False,"Stacks of stories, a treasure trove.","Stacks of stories, a treasure trove.",62
"Boxes of books, a reader's joy,",joy,toy,joy,True,"Stacks in the corner, a cozy toy.","Stacks in the corner, a cozy toy.",63
"Boxes of books, a reader's joy,",joy,toy,joy,True,"Stacks on the floor, a cozy toy.","Stacks on the floor, a cozy toy.",64
"Boxes of books, a reader's joy,",joy,toy,joy,True,Stacked high in a cozy toy.,Stacked high in a cozy toy.,65
"Boxes of books, a reader's joy,",joy,employ,joy,True,"Stacks of stories, a treasure to employ.","Stacks of stories, a treasure to employ.",66
"Boxes of books, a reader's joy,",joy,toy,joy,True,Stacked high in a cozy toy.,Stacked high in a cozy toy.,67
"Boxes of books, a reader's joy,",joy,toy,joy,True,"Stacks in the hall, a towering toy.","Stacks in the hall, a towering toy.",68
"Boxes of books, a reader's joy,",joy,room,joy,False,Stacked high in a cozy room.,Stacked high in a cozy room.,69
"Boxes of books, a reader's joy,",joy,employ,joy,True,"Stacks of stories, a treasure to employ.","Stacks of stories, a treasure to employ.",70
"Boxes of books, a reader's joy,",joy,toy,joy,True,"Stacks on the shelf, a cozy toy.","Stacks on the shelf, a cozy toy.",71
"Boxes of books, a reader's joy,",joy,glow,joy,False,Stacked high in the quiet glow.,Stacked high in the quiet glow.,72
"Boxes of books, a reader's joy,",joy,employ,joy,True,Stacked high with stories to employ.,Stacked high with stories to employ.,73
"Boxes of books, a reader's joy,",joy,employ,joy,True,Stacked high with stories to employ.,Stacked high with stories to employ.,74
"Boxes of books, a reader's joy,",joy,toy,joy,True,Stacked high in a cozy toy.,Stacked high in a cozy toy.,75
"Boxes of books, a reader's joy,",joy,employ,joy,True,"Stacks of stories, a treasure to employ.","Stacks of stories, a treasure to employ.",76
"Boxes of books, a reader's joy,",joy,toy,joy,True,"Stacks in the corner, a cozy toy.","Stacks in the corner, a cozy toy.",77
"Boxes of books, a reader's joy,",joy,toy,joy,True,"Stacked high on shelves, a cozy toy.","Stacked high on shelves, a cozy toy.",78
"Boxes of books, a reader's joy,",joy,employ,joy,True,Stacked high with stories to employ.,Stacked high with stories to employ.,79
"Boxes of books, a reader's joy,",joy,toy,joy,True,Stacked high in a cozy toy.,Stacked high in a cozy toy.,80
"Boxes of books, a reader's joy,",joy,employ,joy,True,"Stacks of stories, a treasure to employ.","Stacks of stories, a treasure to employ.",81
"Boxes of books, a reader's joy,",joy,den,joy,False,Stacked high in a cozy den.,Stacked high in a cozy den.,82
"Boxes of books, a reader's joy,",joy,toy,joy,True,"Stacks of stories, a boundless toy.","Stacks of stories, a boundless toy.",83
"Boxes of books, a reader's joy,",joy,treasure,joy,False,"Stacks of stories, a boundless treasure.","Stacks of stories, a boundless treasure.",84
"Boxes of books, a reader's joy,",joy,deploy,joy,True,Stacks of stories waiting to deploy.,Stacks of stories waiting to deploy.,85
"Boxes of books, a reader's joy,",joy,employ,joy,True,Stacked high with stories to employ.,Stacked high with stories to employ.,86
"Boxes of books, a reader's joy,",joy,toy,joy,True,"Stacks in the corner, a cozy toy.","Stacks in the corner, a cozy toy.",87
"Boxes of books, a reader's joy,",joy,toy,joy,True,"Stacked high on the shelf, a cozy toy.","Stacked high on the shelf, a cozy toy.",88
"Boxes of books, a reader's joy,",joy,enjoy,joy,True,Stacks of stories to enjoy.,Stacks of stories to enjoy.,89
"Boxes of books, a reader's joy,",joy,toy,joy,True,"Stacks on the shelf, a lifelong toy.","Stacks on the shelf, a lifelong toy.",90
"Boxes of books, a reader's joy,",joy,employ,joy,True,"Stacks of stories, a treasure to employ.","Stacks of stories, a treasure to employ.",91
"Boxes of books, a reader's joy,",joy,old,joy,False,"Stacked high in rows, they never grow old.","Stacked high in rows, they never grow old.",92
"Boxes of books, a reader's joy,",joy,employ,joy,True,"Stacks of stories, a treasure to employ.","Stacks of stories, a treasure to employ.",93
"Boxes of books, a reader's joy,",joy,employ,joy,True,Stacked high with stories to employ.,Stacked high with stories to employ.,94
"Boxes of books, a reader's joy,",joy,employ,joy,True,Stacked high with stories to employ.,Stacked high with stories to employ.,95
"Boxes of books, a reader's joy,",joy,delight,joy,False,"Stacks of stories, a mind's delight.","Stacks of stories, a mind's delight.",96
"Boxes of books, a reader's joy,",joy,employ,joy,True,"Stacked high on shelves, a treasure to employ.","Stacked high on shelves, a treasure to employ.",97
"Boxes of books, a reader's joy,",joy,employ,joy,True,Stacked high with stories to employ.,Stacked high with stories to employ.,98
"Boxes of books, a reader's joy,",joy,room,joy,False,Stacked high in a cozy room.,Stacked high in a cozy room.,99
"Boxes of books, a reader's habit,",habit,live,habit,False,Stacked high with stories yet to live.,Stacked high with stories yet to live.,0
"Boxes of books, a reader's habit,",habit,grab,habit,False,Stacked high with stories to grab.,Stacked high with stories to grab.,1
"Boxes of books, a reader's habit,",habit,lived,habit,False,Stacked high with stories yet to be lived.,Stacked high with stories yet to be lived.,2
"Boxes of books, a reader's habit,",habit,fit,habit,False,Stacked high with stories to fit.,Stacked high with stories to fit.,3
"Boxes of books, a reader's habit,",habit,grip,habit,False,Stacked high in the attic's grip.,Stacked high in the attic's grip.,4
"Boxes of books, a reader's habit,",habit,habit,habit,False,Stacked high in the corners of habit.,Stacked high in the corners of habit.,5
"Boxes of books, a reader's habit,",habit,grab,habit,False,Stacked high with stories to grab.,Stacked high with stories to grab.,6
"Boxes of books, a reader's habit,",habit,delight,habit,False,A treasure trove for the mind's delight.,A treasure trove for the mind's delight.,7
"Boxes of books, a reader's habit,",habit,lived,habit,False,Stacked high with stories yet to be lived.,Stacked high with stories yet to be lived.,8
"Boxes of books, a reader's habit,",habit,grab,habit,False,Stacked high with stories to grab.,Stacked high with stories to grab.,9
"Boxes of books, a reader's habit,",habit,habit,habit,False,"Stacked high in the corners, a quiet habit.","Stacked high in the corners, a quiet habit.",10
"Boxes of books, a reader's habit,",habit,fit,habit,False,A treasure trove for the mind to fit.,A treasure trove for the mind to fit.,11
"Boxes of books, a reader's habit,",habit,grab,habit,False,Stacked high with stories to grab.,Stacked high with stories to grab.,12
"Boxes of books, a reader's habit,",habit,live,habit,False,A treasure trove where stories live.,A treasure trove where stories live.,13
"Boxes of books, a reader's habit,",habit,lived,habit,False,Stacked high with stories yet to be lived.,Stacked high with stories yet to be lived.,14
"Boxes of books, a reader's habit,",habit,visit,habit,False,A treasure trove for the mind to visit.,A treasure trove for the mind to visit.,15
"Boxes of books, a reader's habit,",habit,fit,habit,False,Stacked high with stories to fit.,Stacked high with stories to fit.,16
"Boxes of books, a reader's habit,",habit,grab,habit,False,Stacked high with stories to grab.,Stacked high with stories to grab.,17
"Boxes of books, a reader's habit,",habit,grab,habit,False,Stacked high with stories to grab.,Stacked high with stories to grab.,18
"Boxes of books, a reader's habit,",habit,live,habit,False,Stacked high with stories yet to live.,Stacked high with stories yet to live.,19
"Boxes of books, a reader's habit,",habit,grab,habit,False,Stacked high with stories to grab.,Stacked high with stories to grab.,20
"Boxes of books, a reader's habit,",habit,grab,habit,False,Stacked high with stories to grab.,Stacked high with stories to grab.,21
"Boxes of books, a reader's habit,",habit,habit,habit,False,A treasure trove for the mind's quick habit.,A treasure trove for the mind's quick habit.,22
"Boxes of books, a reader's habit,",habit,habit,habit,False,"Stacked high in the corner, a quiet habit.","Stacked high in the corner, a quiet habit.",23
"Boxes of books, a reader's habit,",habit,pit,habit,False,Stacked high with stories to fill the pit.,Stacked high with stories to fill the pit.,24
"Boxes of books, a reader's habit,",habit,lived,habit,False,Stacked high with stories yet to be lived.,Stacked high with stories yet to be lived.,25
"Boxes of books, a reader's habit,",habit,grab,habit,False,Stacked high with stories to grab.,Stacked high with stories to grab.,26
"Boxes of books, a reader's habit,",habit,habit,habit,False,A treasure trove for the mind's quick habit.,A treasure trove for the mind's quick habit.,27
"Boxes of books, a reader's habit,",habit,grab,habit,False,Stacked high with stories to grab.,Stacked high with stories to grab.,28
"Boxes of books, a reader's habit,",habit,grab,habit,False,Stacked high with stories to grab.,Stacked high with stories to grab.,29
"Boxes of books, a reader's habit,",habit,lived,habit,False,Stacked high with stories yet to be lived.,Stacked high with stories yet to be lived.,30
"Boxes of books, a reader's habit,",habit,live,habit,False,Stacked high with stories yet to live.,Stacked high with stories yet to live.,31
"Boxes of books, a reader's habit,",habit,grab,habit,False,Stacked high with stories to grab.,Stacked high with stories to grab.,32
"Boxes of books, a reader's habit,",habit,pit,habit,False,Stacked high in a cozy pit.,Stacked high in a cozy pit.,33
"Boxes of books, a reader's habit,",habit,live,habit,False,Stacked high with stories to live.,Stacked high with stories to live.,34
"Boxes of books, a reader's habit,",habit,habit,habit,False,Stacked high with stories to habit.,Stacked high with stories to habit.,35
"Boxes of books, a reader's habit,",habit,grab,habit,False,Stacked high with stories to grab.,Stacked high with stories to grab.,36
"Boxes of books, a reader's habit,",habit,lived,habit,False,Stacked high with stories yet to be lived.,Stacked high with stories yet to be lived.,37
"Boxes of books, a reader's habit,",habit,lived,habit,False,Stacked high with stories yet to be lived.,Stacked high with stories yet to be lived.,38
"Boxes of books, a reader's habit,",habit,fit,habit,False,Stacked high with stories to fit.,Stacked high with stories to fit.,39
"Boxes of books, a reader's habit,",habit,grab,habit,False,Stacked high with stories to grab.,Stacked high with stories to grab.,40
"Boxes of books, a reader's habit,",habit,grab,habit,False,Stacked high with stories to grab.,Stacked high with stories to grab.,41
"Boxes of books, a reader's habit,",habit,delight,habit,False,A treasure trove for the mind's delight.,A treasure trove for the mind's delight.,42
"Boxes of books, a reader's habit,",habit,grab,habit,False,Stacked high with stories to grab.,Stacked high with stories to grab.,43
"Boxes of books, a reader's habit,",habit,live,habit,False,Stacked high with stories yet to live.,Stacked high with stories yet to live.,44
"Boxes of books, a reader's habit,",habit,grab,habit,False,Stacked high with stories to grab.,Stacked high with stories to grab.,45
"Boxes of books, a reader's habit,",habit,habit,habit,False,Stacked high in the corners of habit.,Stacked high in the corners of habit.,46
"Boxes of books, a reader's habit,",habit,fit,habit,False,Stacked high in a cozy fit.,Stacked high in a cozy fit.,47
"Boxes of books, a reader's habit,",habit,delight,habit,False,A treasure trove for the mind's delight.,A treasure trove for the mind's delight.,48
"Boxes of books, a reader's habit,",habit,grab,habit,False,Stacked high with stories to grab.,Stacked high with stories to grab.,49
"Boxes of books, a reader's habit,",habit,live,habit,False,Stacked high with stories yet to live.,Stacked high with stories yet to live.,50
"Boxes of books, a reader's habit,",habit,live,habit,False,Stacked high with stories yet to live.,Stacked high with stories yet to live.,51
"Boxes of books, a reader's habit,",habit,grab,habit,False,Stacked high with stories to grab.,Stacked high with stories to grab.,52
"Boxes of books, a reader's habit,",habit,breathe,habit,False,Stacked high with stories to live and breathe.,Stacked high with stories to live and breathe.,53
"Boxes of books, a reader's habit,",habit,grab,habit,False,Stacked high with stories to grab.,Stacked high with stories to grab.,54
"Boxes of books, a reader's habit,",habit,pit,habit,False,Stacked high in a cozy pit.,Stacked high in a cozy pit.,55
"Boxes of books, a reader's habit,",habit,lived,habit,False,Stacked high with stories yet to be lived.,Stacked high with stories yet to be lived.,56
"Boxes of books, a reader's habit,",habit,breathe,habit,False,Stacked high with stories to live and breathe.,Stacked high with stories to live and breathe.,57
"Boxes of books, a reader's habit,",habit,habit,habit,False,Stacked high with stories to habit.,Stacked high with stories to habit.,58
"Boxes of books, a reader's habit,",habit,live,habit,False,A treasure trove where stories live.,A treasure trove where stories live.,59
"Boxes of books, a reader's habit,",habit,fit,habit,False,A treasure trove for the mind to fit.,A treasure trove for the mind to fit.,60
"Boxes of books, a reader's habit,",habit,grab,habit,False,Stacked high with stories to grab.,Stacked high with stories to grab.,61
"Boxes of books, a reader's habit,",habit,delight,habit,False,"A treasure trove, a mind's delight.","A treasure trove, a mind's delight.",62
"Boxes of books, a reader's habit,",habit,fit,habit,False,Stacked high in the corners of a quiet fit.,Stacked high in the corners of a quiet fit.,63
"Boxes of books, a reader's habit,",habit,grab,habit,False,Stacked high with stories to grab.,Stacked high with stories to grab.,64
"Boxes of books, a reader's habit,",habit,lived,habit,False,Stacked high with stories yet to be lived.,Stacked high with stories yet to be lived.,65
"Boxes of books, a reader's habit,",habit,in,habit,False,Stacked high with stories to live in.,Stacked high with stories to live in.,66
"Boxes of books, a reader's habit,",habit,grip,habit,False,Stacked high in the attic's grip.,Stacked high in the attic's grip.,67
"Boxes of books, a reader's habit,",habit,delight,habit,False,"Stacks on the shelf, a lover's delight.","Stacks on the shelf, a lover's delight.",68
"Boxes of books, a reader's habit,",habit,grip,habit,False,Stacked high in the attic's grip.,Stacked high in the attic's grip.,69
"Boxes of books, a reader's habit,",habit,begin,habit,False,Stacked high with stories yet to begin.,Stacked high with stories yet to begin.,70
"Boxes of books, a reader's habit,",habit,lived,habit,False,Stacked high with stories yet to be lived.,Stacked high with stories yet to be lived.,71
"Boxes of books, a reader's habit,",habit,lived,habit,False,Stacked high with stories yet to be lived.,Stacked high with stories yet to be lived.,72
"Boxes of books, a reader's habit,",habit,delight,habit,False,A treasure trove for the mind's delight.,A treasure trove for the mind's delight.,73
"Boxes of books, a reader's habit,",habit,lived,habit,False,Stacked high with stories yet to be lived.,Stacked high with stories yet to be lived.,74
"Boxes of books, a reader's habit,",habit,grab,habit,False,Stacked high with stories to grab.,Stacked high with stories to grab.,75
"Boxes of books, a reader's habit,",habit,habit,habit,False,A treasure trove for the mind to habit.,A treasure trove for the mind to habit.,76
"Boxes of books, a reader's habit,",habit,grip,habit,False,Stacked high with stories to grip.,Stacked high with stories to grip.,77
"Boxes of books, a reader's habit,",habit,delight,habit,False,"Stacks in the attic, a scholar's delight.","Stacks in the attic, a scholar's delight.",78
"Boxes of books, a reader's habit,",habit,read,habit,False,Stacked high with stories yet to be read.,Stacked high with stories yet to be read.,79
"Boxes of books, a reader's habit,",habit,lived,habit,False,Stacked high with stories yet to be lived.,Stacked high with stories yet to be lived.,80
"Boxes of books, a reader's habit,",habit,live,habit,False,Stacked high with stories yet to live.,Stacked high with stories yet to live.,81
"Boxes of books, a reader's habit,",habit,lived,habit,False,Stacked high with stories yet to be lived.,Stacked high with stories yet to be lived.,82
"Boxes of books, a reader's habit,",habit,breathe,habit,False,Stacked high with stories to live and breathe.,Stacked high with stories to live and breathe.,83
"Boxes of books, a reader's habit,",habit,fit,habit,False,"Stacks in the corner, a cozy fit.","Stacks in the corner, a cozy fit.",84
"Boxes of books, a reader's habit,",habit,live,habit,False,Stacked high with stories yet to live.,Stacked high with stories yet to live.,85
"Boxes of books, a reader's habit,",habit,grab,habit,False,Stacked high with stories to grab.,Stacked high with stories to grab.,86
"Boxes of books, a reader's habit,",habit,grab,habit,False,Stacked high with stories to grab.,Stacked high with stories to grab.,87
"Boxes of books, a reader's habit,",habit,pit,habit,False,Stacked high in a cozy pit.,Stacked high in a cozy pit.,88
"Boxes of books, a reader's habit,",habit,grab,habit,False,Stacked high with stories to grab.,Stacked high with stories to grab.,89
"Boxes of books, a reader's habit,",habit,habit,habit,False,"Stacked high in the corner, a quiet habit.","Stacked high in the corner, a quiet habit.",90
"Boxes of books, a reader's habit,",habit,fit,habit,False,Stacked high with stories to fit.,Stacked high with stories to fit.,91
"Boxes of books, a reader's habit,",habit,habit,habit,False,Stacked high in the corners of habit.,Stacked high in the corners of habit.,92
"Boxes of books, a reader's habit,",habit,fit,habit,False,Stacked high with stories to fit.,Stacked high with stories to fit.,93
"Boxes of books, a reader's habit,",habit,lived,habit,False,Stacked high with stories yet to be lived.,Stacked high with stories yet to be lived.,94
"Boxes of books, a reader's habit,",habit,nibble,habit,False,Stacked high with stories to nibble.,Stacked high with stories to nibble.,95
"Boxes of books, a reader's habit,",habit,live,habit,False,Stacked high with stories yet to live.,Stacked high with stories yet to live.,96
"Boxes of books, a reader's habit,",habit,fit,habit,False,"Stacks in the corner, a cozy fit.","Stacks in the corner, a cozy fit.",97
"Boxes of books, a reader's habit,",habit,live,habit,False,Stacked high with stories yet to live.,Stacked high with stories yet to live.,98
"Boxes of books, a reader's habit,",habit,live,habit,False,Stacked high with stories yet to live.,Stacked high with stories yet to live.,99
"Boxes of books, a reader's passion,",passion,fascination,passion,False,Stacked high with stories to fascination.,Stacked high with stories to fascination.,0
"Boxes of books, a reader's passion,",passion,embrace,passion,False,Stacked high in the attic's embrace.,Stacked high in the attic's embrace.,1
"Boxes of books, a reader's passion,",passion,mansion,passion,False,"Stacked high in a cozy, sunlit mansion.","Stacked high in a cozy, sunlit mansion.",2
"Boxes of books, a reader's passion,",passion,grasped,passion,False,Stacked high with stories waiting to be grasped.,Stacked high with stories waiting to be grasped.,3
"Boxes of books, a reader's passion,",passion,fascination,passion,False,Stacked high with stories to fascination.,Stacked high with stories to fascination.,4
"Boxes of books, a reader's passion,",passion,tasted,passion,False,Stacked high with stories waiting to be tasted.,Stacked high with stories waiting to be tasted.,5
"Boxes of books, a reader's passion,",passion,fascination,passion,False,Stacked high with stories that fascination.,Stacked high with stories that fascination.,6
"Boxes of books, a reader's passion,",passion,mansion,passion,False,"Stacked high in a cozy, well-loved mansion.","Stacked high in a cozy, well-loved mansion.",7
"Boxes of books, a reader's passion,",passion,fashion,passion,True,"Stacked high with stories, each page a fresh fashion.","Stacked high with stories, each page a fresh fashion.",8
"Boxes of books, a reader's passion,",passion,mission,passion,False,"Stacked high with stories, each page a mission.","Stacked high with stories, each page a mission.",9
"Boxes of books, a reader's passion,",passion,mansion,passion,False,"Stacked high in a cozy, quiet mansion.","Stacked high in a cozy, quiet mansion.",10
"Boxes of books, a reader's passion,",passion,fascination,passion,False,Stacked high in towers of fascination.,Stacked high in towers of fascination.,11
"Boxes of books, a reader's passion,",passion,fashioned,passion,False,Stacked high with stories to be fashioned.,Stacked high with stories to be fashioned.,12
"Boxes of books, a reader's passion,",passion,clasped,passion,False,Stacked high with stories waiting to be clasped.,Stacked high with stories waiting to be clasped.,13
"Boxes of books, a reader's passion,",passion,fascination,passion,False,Stacked high with stories to fascination.,Stacked high with stories to fascination.,14
"Boxes of books, a reader's passion,",passion,last,passion,False,Stacked high with stories that will last.,Stacked high with stories that will last.,15
"Boxes of books, a reader's passion,",passion,fashioned,passion,False,Stacked high in rooms where stories are fashioned.,Stacked high in rooms where stories are fashioned.,16
"Boxes of books, a reader's passion,",passion,embraced,passion,False,Stacked high with stories waiting to be embraced.,Stacked high with stories waiting to be embraced.,17
"Boxes of books, a reader's passion,",passion,embrace,passion,False,Stacked high in the attic's embrace.,Stacked high in the attic's embrace.,18
"Boxes of books, a reader's passion,",passion,inspiration,passion,False,Stacked high with stories and inspiration.,Stacked high with stories and inspiration.,19
"Boxes of books, a reader's passion,",passion,mission,passion,False,"Stacked high with stories, each one a mission.","Stacked high with stories, each one a mission.",20
"Boxes of books, a reader's passion,",passion,surpassion,passion,False,Stacked high with stories to surpassion.,Stacked high with stories to surpassion.,21
"Boxes of books, a reader's passion,",passion,fascination,passion,False,Stacked high with stories to fascination.,Stacked high with stories to fascination.,22
"Boxes of books, a reader's passion,",passion,fascination,passion,False,Stacked high with stories and fascination.,Stacked high with stories and fascination.,23
"Boxes of books, a reader's passion,",passion,mission,passion,False,"Stacked high with stories, each one a mission.","Stacked high with stories, each one a mission.",24
"Boxes of books, a reader's passion,",passion,fashion,passion,True,Stacked high with stories to fashion.,Stacked high with stories to fashion.,25
"Boxes of books, a reader's passion,",passion,mission,passion,False,"Stacked high with stories, each page a new mission.","Stacked high with stories, each page a new mission.",26
"Boxes of books, a reader's passion,",passion,savour,passion,False,Stacked high with stories to savour.,Stacked high with stories to savour.,27
"Boxes of books, a reader's passion,",passion,imagination,passion,False,A treasure trove for imagination.,A treasure trove for imagination.,28
"Boxes of books, a reader's passion,",passion,fascination,passion,False,Stacked high with stories to fascination.,Stacked high with stories to fascination.,29
"Boxes of books, a reader's passion,",passion,mansion,passion,False,"Stacked high in a cozy, inviting mansion.","Stacked high in a cozy, inviting mansion.",30
"Boxes of books, a reader's passion,",passion,creation,passion,False,"Stacked high in shelves, a cozy creation.","Stacked high in shelves, a cozy creation.",31
"Boxes of books, a reader's passion,",passion,fashion,passion,True,Stacked high with stories to fashion.,Stacked high with stories to fashion.,32
"Boxes of books, a reader's passion,",passion,station,passion,False,"Stacked high in a cozy, sunlit station.","Stacked high in a cozy, sunlit station.",33
"Boxes of books, a reader's passion,",passion,nation,passion,False,"Stacked high with stories, each one a nation.","Stacked high with stories, each one a nation.",34
"Boxes of books, a reader's passion,",passion,modern,passion,False,Stacked high with stories of ancient and modern.,Stacked high with stories of ancient and modern.,35
"Boxes of books, a reader's passion,",passion,mission,passion,False,"Stacked high with stories, each one a mission.","Stacked high with stories, each one a mission.",36
"Boxes of books, a reader's passion,",passion,expansion,passion,False,"Stacked high with stories, a treasure's expansion.","Stacked high with stories, a treasure's expansion.",37
"Boxes of books, a reader's passion,",passion,savored,passion,False,Stacked high with stories to be savored.,Stacked high with stories to be savored.,38
"Boxes of books, a reader's passion,",passion,nation,passion,False,Stacked high with stories that capture the nation.,Stacked high with stories that capture the nation.,39
"Boxes of books, a reader's passion,",passion,clasped,passion,False,Stacked high with stories waiting to be clasped.,Stacked high with stories waiting to be clasped.,40
"Boxes of books, a reader's passion,",passion,fascination,passion,False,Stacked high with stories to fascination.,Stacked high with stories to fascination.,41
"Boxes of books, a reader's passion,",passion,fascination,passion,False,Stacked high with stories and fascination.,Stacked high with stories and fascination.,42
"Boxes of books, a reader's passion,",passion,mission,passion,False,"Stacked high with stories, each one a mission.","Stacked high with stories, each one a mission.",43
"Boxes of books, a reader's passion,",passion,fashion,passion,True,Stacked high with stories to fashion.,Stacked high with stories to fashion.,44
"Boxes of books, a reader's passion,",passion,embrace,passion,False,Stacked high with stories and paper's embrace.,Stacked high with stories and paper's embrace.,45
"Boxes of books, a reader's passion,",passion,fascination,passion,False,Stacked high with stories and endless fascination.,Stacked high with stories and endless fascination.,46
"Boxes of books, a reader's passion,",passion,vision,passion,False,"Stacked high with stories, each one a vision.","Stacked high with stories, each one a vision.",47
"Boxes of books, a reader's passion,",passion,mansion,passion,False,"Stacked high in a quiet, dusty mansion.","Stacked high in a quiet, dusty mansion.",48
"Boxes of books, a reader's passion,",passion,fashion,passion,True,Stacked high with stories of every fashion.,Stacked high with stories of every fashion.,49
"Boxes of books, a reader's passion,",passion,imagination,passion,False,Stacked high with stories of imagination.,Stacked high with stories of imagination.,50
"Boxes of books, a reader's passion,",passion,fascination,passion,False,Stacked high with stories that fascination.,Stacked high with stories that fascination.,51
"Boxes of books, a reader's passion,",passion,grasped,passion,False,Stacked high with stories waiting to be grasped.,Stacked high with stories waiting to be grasped.,52
"Boxes of books, a reader's passion,",passion,inspire,passion,False,Stacked high with stories that inspire.,Stacked high with stories that inspire.,53
"Boxes of books, a reader's passion,",passion,fashioned,passion,False,A treasure trove waiting to be fashioned.,A treasure trove waiting to be fashioned.,54
"Boxes of books, a reader's passion,",passion,tasted,passion,False,Stacked high with stories waiting to be tasted.,Stacked high with stories waiting to be tasted.,55
"Boxes of books, a reader's passion,",passion,fascination,passion,False,Stacked high with stories and fascination.,Stacked high with stories and fascination.,56
"Boxes of books, a reader's passion,",passion,mission,passion,False,"Stacked high with stories, each one a mission.","Stacked high with stories, each one a mission.",57
"Boxes of books, a reader's passion,",passion,mission,passion,False,"Stacked high with stories, each one a mission.","Stacked high with stories, each one a mission.",58
"Boxes of books, a reader's passion,",passion,mission,passion,False,"Stacked high with stories, each one a mission.","Stacked high with stories, each one a mission.",59
"Boxes of books, a reader's passion,",passion,imagination,passion,False,Stacked high with stories of imagination.,Stacked high with stories of imagination.,60
"Boxes of books, a reader's passion,",passion,fashion,passion,True,Stacked high with stories of every fashion.,Stacked high with stories of every fashion.,61
"Boxes of books, a reader's passion,",passion,mission,passion,False,"Stacked high with stories, each one a mission.","Stacked high with stories, each one a mission.",62
"Boxes of books, a reader's passion,",passion,embraced,passion,False,Stacked high with stories waiting to be embraced.,Stacked high with stories waiting to be embraced.,63
"Boxes of books, a reader's passion,",passion,fascination,passion,False,Stacked high with stories of fascination.,Stacked high with stories of fascination.,64
"Boxes of books, a reader's passion,",passion,mission,passion,False,"Stacked high with stories, each one a mission.","Stacked high with stories, each one a mission.",65
"Boxes of books, a reader's passion,",passion,mission,passion,False,"Stacked high with stories, each one a mission.","Stacked high with stories, each one a mission.",66
"Boxes of books, a reader's passion,",passion,fashion,passion,True,Stacked high with stories and knowledge in fashion.,Stacked high with stories and knowledge in fashion.,67
"Boxes of books, a reader's passion,",passion,grasped,passion,False,Stacked high with stories waiting to be grasped.,Stacked high with stories waiting to be grasped.,68
"Boxes of books, a reader's passion,",passion,mission,passion,False,"Stacked high with stories, each one a mission.","Stacked high with stories, each one a mission.",69
"Boxes of books, a reader's passion,",passion,mission,passion,False,"Stacked high with stories, each one a mission.","Stacked high with stories, each one a mission.",70
"Boxes of books, a reader's passion,",passion,fascination,passion,False,Stacked high with stories of fascination.,Stacked high with stories of fascination.,71
"Boxes of books, a reader's passion,",passion,fascination,passion,False,Stacked high with stories to fascination.,Stacked high with stories to fascination.,72
"Boxes of books, a reader's passion,",passion,fashion,passion,True,Stacked high with stories and wisdom in fashion.,Stacked high with stories and wisdom in fashion.,73
"Boxes of books, a reader's passion,",passion,grasped,passion,False,Stacked high with stories waiting to be grasped.,Stacked high with stories waiting to be grasped.,74
"Boxes of books, a reader's passion,",passion,fascination,passion,False,Stacked high with stories and quiet fascination.,Stacked high with stories and quiet fascination.,75
"Boxes of books, a reader's passion,",passion,mission,passion,False,"Stacked high with stories, each one a mission.","Stacked high with stories, each one a mission.",76
"Boxes of books, a reader's passion,",passion,fashioned,passion,False,Stacked high with stories to be fashioned.,Stacked high with stories to be fashioned.,77
"Boxes of books, a reader's passion,",passion,fashion,passion,True,Stacked high with stories to fashion.,Stacked high with stories to fashion.,78
"Boxes of books, a reader's passion,",passion,nation,passion,False,"Stacked high with stories, each one a nation.","Stacked high with stories, each one a nation.",79
"Boxes of books, a reader's passion,",passion,fascination,passion,False,Stacked high with stories that fascination.,Stacked high with stories that fascination.,80
"Boxes of books, a reader's passion,",passion,possession,passion,False,"Stacked high with stories, a treasure's possession.","Stacked high with stories, a treasure's possession.",81
"Boxes of books, a reader's passion,",passion,nation,passion,False,"Stacked high with stories, each one a nation.","Stacked high with stories, each one a nation.",82
"Boxes of books, a reader's passion,",passion,imagination,passion,False,Stacked high with stories of imagination.,Stacked high with stories of imagination.,83
"Boxes of books, a reader's passion,",passion,fascination,passion,False,Stacked high in a cozy fascination.,Stacked high in a cozy fascination.,84
"Boxes of books, a reader's passion,",passion,told,passion,False,Stacked high with stories waiting to be told.,Stacked high with stories waiting to be told.,85
"Boxes of books, a reader's passion,",passion,imagination,passion,False,Stacked high with stories and imagination.,Stacked high with stories and imagination.,86
"Boxes of books, a reader's passion,",passion,enchant,passion,False,Stacked high with stories that enchant.,Stacked high with stories that enchant.,87
"Boxes of books, a reader's passion,",passion,imagination,passion,False,Stacked high with stories of imagination.,Stacked high with stories of imagination.,88
"Boxes of books, a reader's passion,",passion,fashion,passion,True,Stacked high with stories and knowledge in fashion.,Stacked high with stories and knowledge in fashion.,89
"Boxes of books, a reader's passion,",passion,fashion,passion,True,Stacked high with stories and knowledge in fashion.,Stacked high with stories and knowledge in fashion.,90
"Boxes of books, a reader's passion,",passion,lifetime,passion,False,Stacked high with stories that last a lifetime.,Stacked high with stories that last a lifetime.,91
"Boxes of books, a reader's passion,",passion,fascination,passion,False,Stacked high with stories and quiet fascination.,Stacked high with stories and quiet fascination.,92
"Boxes of books, a reader's passion,",passion,expansion,passion,False,A treasure trove for the mind's expansion.,A treasure trove for the mind's expansion.,93
"Boxes of books, a reader's passion,",passion,fashion,passion,True,Stacked high with stories and paper-bound fashion.,Stacked high with stories and paper-bound fashion.,94
"Boxes of books, a reader's passion,",passion,fascination,passion,False,Stacked high with stories of fascination.,Stacked high with stories of fascination.,95
"Boxes of books, a reader's passion,",passion,fashion,passion,True,Stacked high with stories and wisdom in fashion.,Stacked high with stories and wisdom in fashion.,96
"Boxes of books, a reader's passion,",passion,last,passion,False,Stacked high with stories that will last.,Stacked high with stories that will last.,97
"Boxes of books, a reader's passion,",passion,fashioned,passion,False,Stacked high in rooms where stories are fashioned.,Stacked high in rooms where stories are fashioned.,98
"Boxes of books, a reader's passion,",passion,mansion,passion,False,"Stacked high in a cozy, paper-filled mansion.","Stacked high in a cozy, paper-filled mansion.",99
"Boxes of books, a reader's craze,",craze,maze,craze,True,Stacked high in a cozy maze.,Stacked high in a cozy maze.,0
"Boxes of books, a reader's craze,",craze,place,craze,False,"Stacks in the hall, a cozy place.","Stacks in the hall, a cozy place.",1
"Boxes of books, a reader's craze,",craze,maze,craze,True,"Stacks in the corner, a cozy maze.","Stacks in the corner, a cozy maze.",2
"Boxes of books, a reader's craze,",craze,maze,craze,True,"Stacks in the corner, a cozy maze.","Stacks in the corner, a cozy maze.",3
"Boxes of books, a reader's craze,",craze,maze,craze,True,Stacked high in a cozy maze.,Stacked high in a cozy maze.,4
"Boxes of books, a reader's craze,",craze,maze,craze,True,Stacked high in a cozy maze.,Stacked high in a cozy maze.,5
"Boxes of books, a reader's craze,",craze,maze,craze,True,"Stacks in the corners, a cozy maze.","Stacks in the corners, a cozy maze.",6
"Boxes of books, a reader's craze,",craze,maze,craze,True,Stacked high in a cozy maze.,Stacked high in a cozy maze.,7
"Boxes of books, a reader's craze,",craze,maze,craze,True,Stacked high in a cozy maze.,Stacked high in a cozy maze.,8
"Boxes of books, a reader's craze,",craze,maze,craze,True,"Stacks in the corner, a cozy maze.","Stacks in the corner, a cozy maze.",9
"Boxes of books, a reader's craze,",craze,maze,craze,True,"Stacks in the corner, a cozy maze.","Stacks in the corner, a cozy maze.",10
"Boxes of books, a reader's craze,",craze,maze,craze,True,Stacked high in a cozy maze.,Stacked high in a cozy maze.,11
"Boxes of books, a reader's craze,",craze,maze,craze,True,"Stacks in the corners, a cozy maze.","Stacks in the corners, a cozy maze.",12
"Boxes of books, a reader's craze,",craze,maze,craze,True,"Stacks in the corner, a cozy maze.","Stacks in the corner, a cozy maze.",13
"Boxes of books, a reader's craze,",craze,space,craze,False,Stacked high in every space.,Stacked high in every space.,14
"Boxes of books, a reader's craze,",craze,maze,craze,True,"Stacks in the corner, a cozy maze.","Stacks in the corner, a cozy maze.",15
"Boxes of books, a reader's craze,",craze,maze,craze,True,"Stacks in the corners, a cozy maze.","Stacks in the corners, a cozy maze.",16
"Boxes of books, a reader's craze,",craze,maze,craze,True,"Stacks in the corner, a cozy maze.","Stacks in the corner, a cozy maze.",17
"Boxes of books, a reader's craze,",craze,maze,craze,True,Stacked high in a cozy maze.,Stacked high in a cozy maze.,18
"Boxes of books, a reader's craze,",craze,maze,craze,True,"Stacks in the hall, a cozy maze.","Stacks in the hall, a cozy maze.",19
"Boxes of books, a reader's craze,",craze,maze,craze,True,"Stacks in the hall, a cozy maze.","Stacks in the hall, a cozy maze.",20
"Boxes of books, a reader's craze,",craze,maze,craze,True,"Stacks in the corner, a cozy maze.","Stacks in the corner, a cozy maze.",21
"Boxes of books, a reader's craze,",craze,maze,craze,True,Stacked high in a cozy maze.,Stacked high in a cozy maze.,22
"Boxes of books, a reader's craze,",craze,blaze,craze,True,Stacked high in a cozy blaze.,Stacked high in a cozy blaze.,23
"Boxes of books, a reader's craze,",craze,maze,craze,True,"Stacks in the corner, a cozy maze.","Stacks in the corner, a cozy maze.",24
"Boxes of books, a reader's craze,",craze,maze,craze,True,"Stacks in the hall, a cozy maze.","Stacks in the hall, a cozy maze.",25
"Boxes of books, a reader's craze,",craze,maze,craze,True,"Stacks in the corner, a cozy maze.","Stacks in the corner, a cozy maze.",26
"Boxes of books, a reader's craze,",craze,maze,craze,True,Stacked high in a cozy maze.,Stacked high in a cozy maze.,27
"Boxes of books, a reader's craze,",craze,space,craze,False,Stacked high in every nook and space.,Stacked high in every nook and space.,28
"Boxes of books, a reader's craze,",craze,maze,craze,True,"Stacks in the corner, a cozy maze.","Stacks in the corner, a cozy maze.",29
"Boxes of books, a reader's craze,",craze,maze,craze,True,"Stacks in the corner, a cozy maze.","Stacks in the corner, a cozy maze.",30
"Boxes of books, a reader's craze,",craze,maze,craze,True,"Stacks in the corner, a cozy maze.","Stacks in the corner, a cozy maze.",31
"Boxes of books, a reader's craze,",craze,amaze,craze,True,Stacked high with stories to amaze.,Stacked high with stories to amaze.,32
"Boxes of books, a reader's craze,",craze,maze,craze,True,Stacked high in a cozy maze.,Stacked high in a cozy maze.,33
"Boxes of books, a reader's craze,",craze,maze,craze,True,"Stacks in the corner, a cozy maze.","Stacks in the corner, a cozy maze.",34
"Boxes of books, a reader's craze,",craze,maze,craze,True,"Stacks in the corner, a cozy maze.","Stacks in the corner, a cozy maze.",35
"Boxes of books, a reader's craze,",craze,maze,craze,True,Stacked high in a cozy maze.,Stacked high in a cozy maze.,36
"Boxes of books, a reader's craze,",craze,place,craze,False,"Stacks in the corner, a cozy place.","Stacks in the corner, a cozy place.",37
"Boxes of books, a reader's craze,",craze,place,craze,False,Stacked high in a cozy place.,Stacked high in a cozy place.,38
"Boxes of books, a reader's craze,",craze,place,craze,False,Stacked high in every place.,Stacked high in every place.,39
"Boxes of books, a reader's craze,",craze,maze,craze,True,"Stacks in the corner, a cozy maze.","Stacks in the corner, a cozy maze.",40
"Boxes of books, a reader's craze,",craze,maze,craze,True,"Stacks in the corner, a cozy maze.","Stacks in the corner, a cozy maze.",41
"Boxes of books, a reader's craze,",craze,maze,craze,True,"Stacks in the corner, a cozy maze.","Stacks in the corner, a cozy maze.",42
"Boxes of books, a reader's craze,",craze,maze,craze,True,"Stacks in the corner, a cozy maze.","Stacks in the corner, a cozy maze.",43
"Boxes of books, a reader's craze,",craze,maze,craze,True,"Stacks in the corner, a cozy maze.","Stacks in the corner, a cozy maze.",44
"Boxes of books, a reader's craze,",craze,maze,craze,True,"Stacks in the corner, a cozy maze.","Stacks in the corner, a cozy maze.",45
"Boxes of books, a reader's craze,",craze,maze,craze,True,"Stacks in the corner, a cozy maze.","Stacks in the corner, a cozy maze.",46
"Boxes of books, a reader's craze,",craze,maze,craze,True,"Stacks in the corner, a cozy maze.","Stacks in the corner, a cozy maze.",47
"Boxes of books, a reader's craze,",craze,space,craze,False,Stacked high in every space.,Stacked high in every space.,48
"Boxes of books, a reader's craze,",craze,place,craze,False,Stacked high in every place.,Stacked high in every place.,49
"Boxes of books, a reader's craze,",craze,place,craze,False,"Stacks in the corner, a cozy place.","Stacks in the corner, a cozy place.",50
"Boxes of books, a reader's craze,",craze,maze,craze,True,Stacked high in a cozy maze.,Stacked high in a cozy maze.,51
"Boxes of books, a reader's craze,",craze,maze,craze,True,"Stacks in the hall, a cozy maze.","Stacks in the hall, a cozy maze.",52
"Boxes of books, a reader's craze,",craze,maze,craze,True,Stacked high in a cozy maze.,Stacked high in a cozy maze.,53
"Boxes of books, a reader's craze,",craze,maze,craze,True,"Stacks in the corner, a cozy maze.","Stacks in the corner, a cozy maze.",54
"Boxes of books, a reader's craze,",craze,place,craze,False,Stacked high in a cozy place.,Stacked high in a cozy place.,55
"Boxes of books, a reader's craze,",craze,maze,craze,True,"Stacks in the corner, a cozy maze.","Stacks in the corner, a cozy maze.",56
"Boxes of books, a reader's craze,",craze,place,craze,False,Stacked high in every room and place.,Stacked high in every room and place.,57
"Boxes of books, a reader's craze,",craze,maze,craze,True,"Stacks in the corner, a cozy maze.","Stacks in the corner, a cozy maze.",58
"Boxes of books, a reader's craze,",craze,maze,craze,True,Stacked high in a cozy maze.,Stacked high in a cozy maze.,59
"Boxes of books, a reader's craze,",craze,maze,craze,True,"Stacks in the corners, a cozy maze.","Stacks in the corners, a cozy maze.",60
"Boxes of books, a reader's craze,",craze,maze,craze,True,"Stacks in the corner, a cozy maze.","Stacks in the corner, a cozy maze.",61
"Boxes of books, a reader's craze,",craze,maze,craze,True,"Stacks in the corner, a cozy maze.","Stacks in the corner, a cozy maze.",62
"Boxes of books, a reader's craze,",craze,maze,craze,True,Stacked high in every maze.,Stacked high in every maze.,63
"Boxes of books, a reader's craze,",craze,maze,craze,True,"Stacks in the corner, a cozy maze.","Stacks in the corner, a cozy maze.",64
"Boxes of books, a reader's craze,",craze,maze,craze,True,"Stacks in the corner, a cozy maze.","Stacks in the corner, a cozy maze.",65
"Boxes of books, a reader's craze,",craze,maze,craze,True,"Stacks in the corner, a cozy maze.","Stacks in the corner, a cozy maze.",66
"Boxes of books, a reader's craze,",craze,maze,craze,True,"Stacks in the corners, a cozy maze.","Stacks in the corners, a cozy maze.",67
"Boxes of books, a reader's craze,",craze,place,craze,False,"Stacks in the corner, a cozy place.","Stacks in the corner, a cozy place.",68
"Boxes of books, a reader's craze,",craze,maze,craze,True,"Stacks in the corner, a cozy maze.","Stacks in the corner, a cozy maze.",69
"Boxes of books, a reader's craze,",craze,maze,craze,True,Stacked high in a cozy maze.,Stacked high in a cozy maze.,70
"Boxes of books, a reader's craze,",craze,place,craze,False,"Stacks in the corner, a cozy place.","Stacks in the corner, a cozy place.",71
"Boxes of books, a reader's craze,",craze,maze,craze,True,"Stacks in the corner, a cozy maze.","Stacks in the corner, a cozy maze.",72
"Boxes of books, a reader's craze,",craze,maze,craze,True,Stacked high in a cozy maze.,Stacked high in a cozy maze.,73
"Boxes of books, a reader's craze,",craze,maze,craze,True,"Stacks in the corner, a cozy maze.","Stacks in the corner, a cozy maze.",74
"Boxes of books, a reader's craze,",craze,maze,craze,True,"Stacks in the corner, a cozy maze.","Stacks in the corner, a cozy maze.",75
"Boxes of books, a reader's craze,",craze,maze,craze,True,"Stacks in the corners, a cozy maze.","Stacks in the corners, a cozy maze.",76
"Boxes of books, a reader's craze,",craze,maze,craze,True,"Stacks in the corner, a cozy maze.","Stacks in the corner, a cozy maze.",77
"Boxes of books, a reader's craze,",craze,maze,craze,True,"Stacks in the corner, a cozy maze.","Stacks in the corner, a cozy maze.",78
"Boxes of books, a reader's craze,",craze,maze,craze,True,"Stacks in the corners, a cozy maze.","Stacks in the corners, a cozy maze.",79
"Boxes of books, a reader's craze,",craze,praise,craze,True,"Stacks in the halls, a scholar's praise.","Stacks in the halls, a scholar's praise.",80
"Boxes of books, a reader's craze,",craze,place,craze,False,Stacked high in every place.,Stacked high in every place.,81
"Boxes of books, a reader's craze,",craze,maze,craze,True,"Stacks in the hall, a cozy maze.","Stacks in the hall, a cozy maze.",82
"Boxes of books, a reader's craze,",craze,maze,craze,True,"Stacks in the corner, a cozy maze.","Stacks in the corner, a cozy maze.",83
"Boxes of books, a reader's craze,",craze,maze,craze,True,Stacked high in a cozy maze.,Stacked high in a cozy maze.,84
"Boxes of books, a reader's craze,",craze,maze,craze,True,"Stacks in the corners, a cozy maze.","Stacks in the corners, a cozy maze.",85
"Boxes of books, a reader's craze,",craze,maze,craze,True,"Stacks in the corner, a cozy maze.","Stacks in the corner, a cozy maze.",86
"Boxes of books, a reader's craze,",craze,praise,craze,True,"Stacks in the halls, a scholar's praise.","Stacks in the halls, a scholar's praise.",87
"Boxes of books, a reader's craze,",craze,maze,craze,True,"Stacks in the corner, a cozy maze.","Stacks in the corner, a cozy maze.",88
"Boxes of books, a reader's craze,",craze,maze,craze,True,"Stacks in the corners, a cozy maze.","Stacks in the corners, a cozy maze.",89
"Boxes of books, a reader's craze,",craze,maze,craze,True,"Stacks in the hall, a cozy maze.","Stacks in the hall, a cozy maze.",90
"Boxes of books, a reader's craze,",craze,maze,craze,True,"Stacks in the corner, a cozy maze.","Stacks in the corner, a cozy maze.",91
"Boxes of books, a reader's craze,",craze,maze,craze,True,"Stacks in the corner, a cozy maze.","Stacks in the corner, a cozy maze.",92
"Boxes of books, a reader's craze,",craze,maze,craze,True,"Stacks in the corner, a cozy maze.","Stacks in the corner, a cozy maze.",93
"Boxes of books, a reader's craze,",craze,place,craze,False,Stacked high in every place.,Stacked high in every place.,94
"Boxes of books, a reader's craze,",craze,raise,craze,True,Stacked high with stories to raise.,Stacked high with stories to raise.,95
"Boxes of books, a reader's craze,",craze,place,craze,False,Stacked high in every place.,Stacked high in every place.,96
"Boxes of books, a reader's craze,",craze,blaze,craze,True,"Stacks in the corner, a cozy blaze.","Stacks in the corner, a cozy blaze.",97
"Boxes of books, a reader's craze,",craze,maze,craze,True,Stacked high in every maze.,Stacked high in every maze.,98
"Boxes of books, a reader's craze,",craze,place,craze,False,"Stacks in the corner, a cozy place.","Stacks in the corner, a cozy place.",99
"Boxes of books, a reader's fun,",fun,sun,fun,True,"Stacks in the corner, a cozy sun.","Stacks in the corner, a cozy sun.",0
"Boxes of books, a reader's fun,",fun,done,fun,True,"Stacks in the corner, never done.","Stacks in the corner, never done.",1
"Boxes of books, a reader's fun,",fun,sun,fun,True,"Stacks in the corner, a quiet sun.","Stacks in the corner, a quiet sun.",2
"Boxes of books, a reader's fun,",fun,sun,fun,True,"Stacks in the corner, a well-worn sun.","Stacks in the corner, a well-worn sun.",3
"Boxes of books, a reader's fun,",fun,dun,fun,True,"Stacks in the corner, a cozy dun.","Stacks in the corner, a cozy dun.",4
"Boxes of books, a reader's fun,",fun,sun,fun,True,"Stacks in the corner, a cozy sun.","Stacks in the corner, a cozy sun.",5
"Boxes of books, a reader's fun,",fun,one,fun,True,"Stacks of stories, one by one.","Stacks of stories, one by one.",6
"Boxes of books, a reader's fun,",fun,sun,fun,True,"Stacks in the corner, a cozy sun.","Stacks in the corner, a cozy sun.",7
"Boxes of books, a reader's fun,",fun,sun,fun,True,"Stacks in the corner, a cozy sun.","Stacks in the corner, a cozy sun.",8
"Boxes of books, a reader's fun,",fun,run,fun,True,"Stacks of stories, a world to run.","Stacks of stories, a world to run.",9
"Boxes of books, a reader's fun,",fun,run,fun,True,"Stacks in the corner, a cozy run.","Stacks in the corner, a cozy run.",10
"Boxes of books, a reader's fun,",fun,begun,fun,True,"Stacks in the corner, a cozy begun.","Stacks in the corner, a cozy begun.",11
"Boxes of books, a reader's fun,",fun,sun,fun,True,"Stacks in the corner, a quiet sun.","Stacks in the corner, a quiet sun.",12
"Boxes of books, a reader's fun,",fun,sun,fun,True,"Stacks in the corner, a cozy sun.","Stacks in the corner, a cozy sun.",13
"Boxes of books, a reader's fun,",fun,sun,fun,True,"Stacks in the corner, a cozy sun.","Stacks in the corner, a cozy sun.",14
"Boxes of books, a reader's fun,",fun,run,fun,True,"Stacks of stories, a world to run.","Stacks of stories, a world to run.",15
"Boxes of books, a reader's fun,",fun,begun,fun,True,"Stacks in the corner, a cozy begun.","Stacks in the corner, a cozy begun.",16
"Boxes of books, a reader's fun,",fun,run,fun,True,"Stacks of stories, a world to run.","Stacks of stories, a world to run.",17
"Boxes of books, a reader's fun,",fun,sun,fun,True,"Stacks in the corner, a cozy sun.","Stacks in the corner, a cozy sun.",18
"Boxes of books, a reader's fun,",fun,bunch,fun,False,"Stacks in the corner, a cozy bunch.","Stacks in the corner, a cozy bunch.",19
"Boxes of books, a reader's fun,",fun,one,fun,True,"Stacks of stories, one by one.","Stacks of stories, one by one.",20
"Boxes of books, a reader's fun,",fun,dun,fun,True,"Stacks in the corner, a cozy dun.","Stacks in the corner, a cozy dun.",21
"Boxes of books, a reader's fun,",fun,sun,fun,True,"Stacks in the corner, a cozy sun.","Stacks in the corner, a cozy sun.",22
"Boxes of books, a reader's fun,",fun,one,fun,True,"Stacks of stories, one by one.","Stacks of stories, one by one.",23
"Boxes of books, a reader's fun,",fun,haven,fun,False,"Stacks in the corner, a cozy haven.","Stacks in the corner, a cozy haven.",24
"Boxes of books, a reader's fun,",fun,run,fun,True,"Stacks in the hall, a scholar's run.","Stacks in the hall, a scholar's run.",25
"Boxes of books, a reader's fun,",fun,through,fun,False,Stacks of stories to run through.,Stacks of stories to run through.,26
"Boxes of books, a reader's fun,",fun,sun,fun,True,"Stacks in the corner, a cozy sun.","Stacks in the corner, a cozy sun.",27
"Boxes of books, a reader's fun,",fun,sun,fun,True,"Stacks in the corner, a cozy sun.","Stacks in the corner, a cozy sun.",28
"Boxes of books, a reader's fun,",fun,run,fun,True,"Stacks in the corner, a cozy run.","Stacks in the corner, a cozy run.",29
"Boxes of books, a reader's fun,",fun,bunch,fun,False,"Stacks in the corner, a cozy bunch.","Stacks in the corner, a cozy bunch.",30
"Boxes of books, a reader's fun,",fun,sun,fun,True,"Stacks in the corner, a cozy sun.","Stacks in the corner, a cozy sun.",31
"Boxes of books, a reader's fun,",fun,one,fun,True,"Stacks of stories, one by one.","Stacks of stories, one by one.",32
"Boxes of books, a reader's fun,",fun,sun,fun,True,Stacks of stories for the sun.,Stacks of stories for the sun.,33
"Boxes of books, a reader's fun,",fun,sun,fun,True,"Stacks in the corner, a cozy sun.","Stacks in the corner, a cozy sun.",34
"Boxes of books, a reader's fun,",fun,sun,fun,True,"Stacks in the corner, a cozy sun.","Stacks in the corner, a cozy sun.",35
"Boxes of books, a reader's fun,",fun,sun,fun,True,"Stacks in the corner, a cozy sun.","Stacks in the corner, a cozy sun.",36
"Boxes of books, a reader's fun,",fun,one,fun,True,"Stacks of stories, one by one.","Stacks of stories, one by one.",37
"Boxes of books, a reader's fun,",fun,begun,fun,True,"Stacks on the floor, a library's begun.","Stacks on the floor, a library's begun.",38
"Boxes of books, a reader's fun,",fun,run,fun,True,"Stacks on the floor, a treasure to run.","Stacks on the floor, a treasure to run.",39
"Boxes of books, a reader's fun,",fun,sun,fun,True,"Stacks in the corner, a cozy sun.","Stacks in the corner, a cozy sun.",40
"Boxes of books, a reader's fun,",fun,sun,fun,True,"Stacks in the corner, a cozy sun.","Stacks in the corner, a cozy sun.",41
"Boxes of books, a reader's fun,",fun,one,fun,True,"Stacks of stories, one by one.","Stacks of stories, one by one.",42
"Boxes of books, a reader's fun,",fun,run,fun,True,"Stacks in the corner, a cozy run.","Stacks in the corner, a cozy run.",43
"Boxes of books, a reader's fun,",fun,done,fun,True,"Stacks in the hall, but never done.","Stacks in the hall, but never done.",44
"Boxes of books, a reader's fun,",fun,sun,fun,True,"Stacks in the corner, a cozy sun.","Stacks in the corner, a cozy sun.",45
"Boxes of books, a reader's fun,",fun,one,fun,True,"Stacks of stories, one by one.","Stacks of stories, one by one.",46
"Boxes of books, a reader's fun,",fun,sun,fun,True,"Stacks in the corner, a cozy sun.","Stacks in the corner, a cozy sun.",47
"Boxes of books, a reader's fun,",fun,one,fun,True,"Stacks of stories, one by one.","Stacks of stories, one by one.",48
"Boxes of books, a reader's fun,",fun,one,fun,True,"Stacks of stories, one by one.","Stacks of stories, one by one.",49
"Boxes of books, a reader's fun,",fun,one,fun,True,"Stacks of stories, one by one.","Stacks of stories, one by one.",50
"Boxes of books, a reader's fun,",fun,dun,fun,True,"Stacks in the corner, a cozy dun.","Stacks in the corner, a cozy dun.",51
"Boxes of books, a reader's fun,",fun,begun,fun,True,"Stacks in the corner, a cozy begun.","Stacks in the corner, a cozy begun.",52
"Boxes of books, a reader's fun,",fun,sun,fun,True,"Stacks in the corner, a cozy sun.","Stacks in the corner, a cozy sun.",53
"Boxes of books, a reader's fun,",fun,begun,fun,True,"Stacks in the corner, a cozy begun.","Stacks in the corner, a cozy begun.",54
"Boxes of books, a reader's fun,",fun,begun,fun,True,"Stacks in the corner, a cozy begun.","Stacks in the corner, a cozy begun.",55
"Boxes of books, a reader's fun,",fun,bun,fun,True,"Stacks in the corner, a cozy bun.","Stacks in the corner, a cozy bun.",56
"Boxes of books, a reader's fun,",fun,sun,fun,True,"Stacks in the corner, a quiet sun.","Stacks in the corner, a quiet sun.",57
"Boxes of books, a reader's fun,",fun,run,fun,True,"Stacks in the corner, a cozy run.","Stacks in the corner, a cozy run.",58
"Boxes of books, a reader's fun,",fun,sun,fun,True,"Stacks in the corner, a cozy sun.","Stacks in the corner, a cozy sun.",59
"Boxes of books, a reader's fun,",fun,sun,fun,True,"Stacks in the corner, a cozy sun.","Stacks in the corner, a cozy sun.",60
"Boxes of books, a reader's fun,",fun,sun,fun,True,"Stacks in the corner, a cozy sun.","Stacks in the corner, a cozy sun.",61
"Boxes of books, a reader's fun,",fun,through,fun,False,Stacks of stories to run through.,Stacks of stories to run through.,62
"Boxes of books, a reader's fun,",fun,bunch,fun,False,"Stacks in the corner, a cozy bunch.","Stacks in the corner, a cozy bunch.",63
"Boxes of books, a reader's fun,",fun,one,fun,True,"Stacks of stories, one by one.","Stacks of stories, one by one.",64
"Boxes of books, a reader's fun,",fun,sun,fun,True,"Stacks in the corner, a cozy sun.","Stacks in the corner, a cozy sun.",65
"Boxes of books, a reader's fun,",fun,one,fun,True,"Stacks of stories, one by one.","Stacks of stories, one by one.",66
"Boxes of books, a reader's fun,",fun,begun,fun,True,"Stacks in the corner, a cozy begun.","Stacks in the corner, a cozy begun.",67
"Boxes of books, a reader's fun,",fun,sun,fun,True,"Stacks in the corner, a cozy sun.","Stacks in the corner, a cozy sun.",68
"Boxes of books, a reader's fun,",fun,done,fun,True,"Stacks in the corner, never done.","Stacks in the corner, never done.",69
"Boxes of books, a reader's fun,",fun,sun,fun,True,"Stacks in the corner, a cozy sun.","Stacks in the corner, a cozy sun.",70
"Boxes of books, a reader's fun,",fun,sun,fun,True,"Stacks in the corner, a well-loved sun.","Stacks in the corner, a well-loved sun.",71
"Boxes of books, a reader's fun,",fun,one,fun,True,"Stacks of stories, one by one.","Stacks of stories, one by one.",72
"Boxes of books, a reader's fun,",fun,sun,fun,True,"Stacks in the corner, a cozy sun.","Stacks in the corner, a cozy sun.",73
"Boxes of books, a reader's fun,",fun,sun,fun,True,"Stacks in the corner, a cozy sun.","Stacks in the corner, a cozy sun.",74
"Boxes of books, a reader's fun,",fun,sun,fun,True,"Stacks in the corner, a cozy sun.","Stacks in the corner, a cozy sun.",75
"Boxes of books, a reader's fun,",fun,sun,fun,True,"Stacks on the floor, a cluttered sun.","Stacks on the floor, a cluttered sun.",76
"Boxes of books, a reader's fun,",fun,sun,fun,True,"Stacks on the shelf, a cozy sun.","Stacks on the shelf, a cozy sun.",77
"Boxes of books, a reader's fun,",fun,one,fun,True,"Stacks of stories, one by one.","Stacks of stories, one by one.",78
"Boxes of books, a reader's fun,",fun,through,fun,False,Stacks of stories to run through.,Stacks of stories to run through.,79
"Boxes of books, a reader's fun,",fun,sun,fun,True,"Stacks in the corner, a cozy sun.","Stacks in the corner, a cozy sun.",80
"Boxes of books, a reader's fun,",fun,one,fun,True,"Stacks of stories, one by one.","Stacks of stories, one by one.",81
"Boxes of books, a reader's fun,",fun,sun,fun,True,"Stacks in the corner, a cozy sun.","Stacks in the corner, a cozy sun.",82
"Boxes of books, a reader's fun,",fun,sun,fun,True,"Stacks in the corner, a cozy sun.","Stacks in the corner, a cozy sun.",83
"Boxes of books, a reader's fun,",fun,sun,fun,True,"Stacks in the corner, a cozy sun.","Stacks in the corner, a cozy sun.",84
"Boxes of books, a reader's fun,",fun,sun,fun,True,"Stacks in the corner, a cozy sun.","Stacks in the corner, a cozy sun.",85
"Boxes of books, a reader's fun,",fun,one,fun,True,"Stacks of stories, one by one.","Stacks of stories, one by one.",86
"Boxes of books, a reader's fun,",fun,begun,fun,True,"Stacks in the corner, a cozy begun.","Stacks in the corner, a cozy begun.",87
"Boxes of books, a reader's fun,",fun,run,fun,True,"Stacks in the corner, a cozy run.","Stacks in the corner, a cozy run.",88
"Boxes of books, a reader's fun,",fun,run,fun,True,"Stacks in the corner, a cozy run.","Stacks in the corner, a cozy run.",89
"Boxes of books, a reader's fun,",fun,one,fun,True,"Stacks of stories, one by one.","Stacks of stories, one by one.",90
"Boxes of books, a reader's fun,",fun,through,fun,False,Stacks of stories to run through.,Stacks of stories to run through.,91
"Boxes of books, a reader's fun,",fun,sun,fun,True,"Stacks in the corner, a quiet sun.","Stacks in the corner, a quiet sun.",92
"Boxes of books, a reader's fun,",fun,run,fun,True,"Stacks of stories, a world to run.","Stacks of stories, a world to run.",93
"Boxes of books, a reader's fun,",fun,dun,fun,True,"Stacks in the corner, a cozy dun.","Stacks in the corner, a cozy dun.",94
"Boxes of books, a reader's fun,",fun,begun,fun,True,"Stacks on the floor, a cozy begun.","Stacks on the floor, a cozy begun.",95
"Boxes of books, a reader's fun,",fun,sun,fun,True,"Stacks in the corner, a cozy sun.","Stacks in the corner, a cozy sun.",96
"Boxes of books, a reader's fun,",fun,begun,fun,True,"Stacks on the shelf, a cozy begun.","Stacks on the shelf, a cozy begun.",97
"Boxes of books, a reader's fun,",fun,sun,fun,True,"Stacks in the corner, a cozy sun.","Stacks in the corner, a cozy sun.",98
"Boxes of books, a reader's fun,",fun,done,fun,True,Stacks of stories to be done.,Stacks of stories to be done.,99
"He saw a carrot and had to grab it,",it,it,it,False,But it was just a dream he couldn't grab it.,But it was just a dream he couldn't grab it.,0
"He saw a carrot and had to grab it,",it,trap,it,False,But found it was just a stick in the trap.,But found it was just a stick in the trap.,1
"He saw a carrot and had to grab it,",it,it,it,False,But it was just a dream he couldn't trap it.,But it was just a dream he couldn't trap it.,2
"He saw a carrot and had to grab it,",it,bat,it,False,But dropped it when he saw the bat.,But dropped it when he saw the bat.,3
"He saw a carrot and had to grab it,",it,dirt,it,False,But it was just a stick in the dirt.,But it was just a stick in the dirt.,4
"He saw a carrot and had to grab it,",it,it,it,False,But it was just a dream he couldn't grab it.,But it was just a dream he couldn't grab it.,5
"He saw a carrot and had to grab it,",it,it,it,False,But it was just a dream he couldn't grab it.,But it was just a dream he couldn't grab it.,6
"He saw a carrot and had to grab it,",it,it,it,False,But it was just a dream he had to grab it.,But it was just a dream he had to grab it.,7
"He saw a carrot and had to grab it,",it,trap,it,False,But found it was just a stick in the trap.,But found it was just a stick in the trap.,8
"He saw a carrot and had to grab it,",it,rabbit,it,False,But dropped it when he saw the rabbit.,But dropped it when he saw the rabbit.,9
"He saw a carrot and had to grab it,",it,rabbit,it,False,But dropped it when he saw the rabbit.,But dropped it when he saw the rabbit.,10
"He saw a carrot and had to grab it,",it,it,it,False,But tripped on a pebble and fell right in it.,But tripped on a pebble and fell right in it.,11
"He saw a carrot and had to grab it,",it,bat,it,False,But paused to wonder if it was a bat.,But paused to wonder if it was a bat.,12
"He saw a carrot and had to grab it,",it,stick,it,False,But it was really just a stick.,But it was really just a stick.,13
"He saw a carrot and had to grab it,",it,astray,it,False,But it was just a trick to lead him astray.,But it was just a trick to lead him astray.,14
"He saw a carrot and had to grab it,",it,stick,it,False,But it was really just a stick.,But it was really just a stick.,15
"He saw a carrot and had to grab it,",it,it,it,False,But tripped on a pebble and fell right in it.,But tripped on a pebble and fell right in it.,16
"He saw a carrot and had to grab it,",it,trick,it,False,But it turned out to be a trick.,But it turned out to be a trick.,17
"He saw a carrot and had to grab it,",it,path,it,False,But missed the bun that was right in his path.,But missed the bun that was right in his path.,18
"He saw a carrot and had to grab it,",it,rabbit,it,False,But dropped it when he saw the rabbit.,But dropped it when he saw the rabbit.,19
"He saw a carrot and had to grab it,",it,rabbit,it,False,But dropped it when he saw the rabbit.,But dropped it when he saw the rabbit.,20
"He saw a carrot and had to grab it,",it,grit,it,True,But his fingers were slippery from the grit.,But his fingers were slippery from the grit.,21
"He saw a carrot and had to grab it,",it,light,it,False,But it was really just a trick of the light.,But it was really just a trick of the light.,22
"He saw a carrot and had to grab it,",it,it,it,False,But dropped it when he saw the bat it.,But dropped it when he saw the bat it.,23
"He saw a carrot and had to grab it,",it,stick,it,False,But it was really just a stick.,But it was really just a stick.,24
"He saw a carrot and had to grab it,",it,trick,it,False,But paused to wonder if it was a trick.,But paused to wonder if it was a trick.,25
"He saw a carrot and had to grab it,",it,it,it,False,But it was just a dream he couldn't grab it.,But it was just a dream he couldn't grab it.,26
"He saw a carrot and had to grab it,",it,all,it,False,But then he tripped on a pebble and grabbed nothing at all.,But then he tripped on a pebble and grabbed nothing at all.,27
"He saw a carrot and had to grab it,",it,had,it,False,But it was really just a stick he had.,But it was really just a stick he had.,28
"He saw a carrot and had to grab it,",it,it,it,False,But it was just a dream he couldn't grab it.,But it was just a dream he couldn't grab it.,29
"He saw a carrot and had to grab it,",it,one,it,False,But dropped it when he saw a bigger one.,But dropped it when he saw a bigger one.,30
"He saw a carrot and had to grab it,",it,stick,it,False,But it was really just a stick.,But it was really just a stick.,31
"He saw a carrot and had to grab it,",it,bat,it,False,But soon he realized it was a bat.,But soon he realized it was a bat.,32
"He saw a carrot and had to grab it,",it,stick,it,False,But it was really just a stick.,But it was really just a stick.,33
"He saw a carrot and had to grab it,",it,dirt,it,False,But it was just a stick in the garden dirt.,But it was just a stick in the garden dirt.,34
"He saw a carrot and had to grab it,",it,bat,it,False,But it was really a red-hot bat.,But it was really a red-hot bat.,35
"He saw a carrot and had to grab it,",it,it,it,False,But it was just a dream he couldn't clap it.,But it was just a dream he couldn't clap it.,36
"He saw a carrot and had to grab it,",it,it,it,False,But it was just a dream he couldn't grab it.,But it was just a dream he couldn't grab it.,37
"He saw a carrot and had to grab it,",it,rat,it,False,But it turned out to be a rubber rat.,But it turned out to be a rubber rat.,38
"He saw a carrot and had to grab it,",it,it,it,False,But it was just a dream he couldn't grab it.,But it was just a dream he couldn't grab it.,39
"He saw a carrot and had to grab it,",it,rabbit,it,False,But couldn't find the rabbit.,But couldn't find the rabbit.,40
"He saw a carrot and had to grab it,",it,trap,it,False,But found it was just a stick in a trap.,But found it was just a stick in a trap.,41
"He saw a carrot and had to grab it,",it,light,it,False,But it was just a trick of the light.,But it was just a trick of the light.,42
"He saw a carrot and had to grab it,",it,jam,it,False,But his hand was sticky from the jam.,But his hand was sticky from the jam.,43
"He saw a carrot and had to grab it,",it,rabbit,it,False,But dropped it when he saw the rabbit.,But dropped it when he saw the rabbit.,44
"He saw a carrot and had to grab it,",it,it,it,False,But it was just a dream he couldn't trap it.,But it was just a dream he couldn't trap it.,45
"He saw a carrot and had to grab it,",it,it,it,False,But it was just a dream he had to crab it.,But it was just a dream he had to crab it.,46
"He saw a carrot and had to grab it,",it,hat,it,False,But it was really just a big red hat.,But it was really just a big red hat.,47
"He saw a carrot and had to grab it,",it,it,it,False,But slipped on the peel and landed in it.,But slipped on the peel and landed in it.,48
"He saw a carrot and had to grab it,",it,it,it,False,But missed the bun that was just above it.,But missed the bun that was just above it.,49
"He saw a carrot and had to grab it,",it,trick,it,False,But it turned out to be a trick.,But it turned out to be a trick.,50
"He saw a carrot and had to grab it,",it,lit,it,True,For fear it would vanish like a passing lit.,For fear it would vanish like a passing lit.,51
"He saw a carrot and had to grab it,",it,it,it,False,For fear it might vanish before he could track it.,For fear it might vanish before he could track it.,52
"He saw a carrot and had to grab it,",it,it,it,False,But it was really a stick with a hat on it.,But it was really a stick with a hat on it.,53
"He saw a carrot and had to grab it,",it,rabbit,it,False,But it was really a rabbit.,But it was really a rabbit.,54
"He saw a carrot and had to grab it,",it,bat,it,False,But dropped it right away when he saw the bat.,But dropped it right away when he saw the bat.,55
"He saw a carrot and had to grab it,",it,trap,it,False,But it was just a stick in a rabbit's trap.,But it was just a stick in a rabbit's trap.,56
"He saw a carrot and had to grab it,",it,it,it,False,But it was just a dream he couldn't grab it.,But it was just a dream he couldn't grab it.,57
"He saw a carrot and had to grab it,",it,grit,it,True,But missed and fell into the grit.,But missed and fell into the grit.,58
"He saw a carrot and had to grab it,",it,dirt,it,False,But it was really just a stick in the dirt.,But it was really just a stick in the dirt.,59
"He saw a carrot and had to grab it,",it,stick,it,False,But it was really just a stick.,But it was really just a stick.,60
"He saw a carrot and had to grab it,",it,pit,it,True,But hesitated when he saw the pit.,But hesitated when he saw the pit.,61
"He saw a carrot and had to grab it,",it,it,it,False,But couldn't find the end of it.,But couldn't find the end of it.,62
"He saw a carrot and had to grab it,",it,hibiscus,it,False,But it was really just a red hibiscus.,But it was really just a red hibiscus.,63
"He saw a carrot and had to grab it,",it,it,it,False,But slipped on a radish and tumbled right in it.,But slipped on a radish and tumbled right in it.,64
"He saw a carrot and had to grab it,",it,grit,it,True,But his fingers were slippery with grit.,But his fingers were slippery with grit.,65
"He saw a carrot and had to grab it,",it,grass,it,False,But it was really a snake in the grass.,But it was really a snake in the grass.,66
"He saw a carrot and had to grab it,",it,plot,it,False,But it was just a stick in the garden plot.,But it was just a stick in the garden plot.,67
"He saw a carrot and had to grab it,",it,stick,it,False,But it was really just a stick.,But it was really just a stick.,68
"He saw a carrot and had to grab it,",it,it,it,False,But it was just a dream he couldn't grab it.,But it was just a dream he couldn't grab it.,69
"He saw a carrot and had to grab it,",it,rabbit,it,False,But couldn't find the rabbit.,But couldn't find the rabbit.,70
"He saw a carrot and had to grab it,",it,stick,it,False,But it was really just a stick.,But it was really just a stick.,71
"He saw a carrot and had to grab it,",it,it,it,False,But it was just a dream he couldn't grab it.,But it was just a dream he couldn't grab it.,72
"He saw a carrot and had to grab it,",it,it,it,False,But it was just a dream he couldn't trap it.,But it was just a dream he couldn't trap it.,73
"He saw a carrot and had to grab it,",it,dirt,it,False,But it was just a stick in the dirt.,But it was just a stick in the dirt.,74
"He saw a carrot and had to grab it,",it,grit,it,True,But hesitated when he saw the grit.,But hesitated when he saw the grit.,75
"He saw a carrot and had to grab it,",it,dirt,it,False,But it was just a stick in the dirt.,But it was just a stick in the dirt.,76
"He saw a carrot and had to grab it,",it,it,it,False,But it was just a dream he couldn't grab it.,But it was just a dream he couldn't grab it.,77
"He saw a carrot and had to grab it,",it,it,it,False,For fear it might vanish before he could snap it.,For fear it might vanish before he could snap it.,78
"He saw a carrot and had to grab it,",it,rabbit,it,False,But it was really just a big red rabbit.,But it was really just a big red rabbit.,79
"He saw a carrot and had to grab it,",it,bat,it,False,But it turned out to be a wriggling bat.,But it turned out to be a wriggling bat.,80
"He saw a carrot and had to grab it,",it,rabbit,it,False,But it was really a sneaky rabbit.,But it was really a sneaky rabbit.,81
"He saw a carrot and had to grab it,",it,trap,it,False,But it was just a stick in the rabbit's trap.,But it was just a stick in the rabbit's trap.,82
"He saw a carrot and had to grab it,",it,it,it,False,But it was just a dream he couldn't map it.,But it was just a dream he couldn't map it.,83
"He saw a carrot and had to grab it,",it,rut,it,False,But missed and fell into a rut.,But missed and fell into a rut.,84
"He saw a carrot and had to grab it,",it,it,it,False,But couldn't find the end of it.,But couldn't find the end of it.,85
"He saw a carrot and had to grab it,",it,trap,it,False,But it was just a stick in a farmer's trap.,But it was just a stick in a farmer's trap.,86
"He saw a carrot and had to grab it,",it,it,it,False,But it was just a dream he couldn't grab it.,But it was just a dream he couldn't grab it.,87
"He saw a carrot and had to grab it,",it,bat,it,False,But paused to wonder if it was a bat.,But paused to wonder if it was a bat.,88
"He saw a carrot and had to grab it,",it,stick,it,False,But it turned out to be a stick.,But it turned out to be a stick.,89
"He saw a carrot and had to grab it,",it,stick,it,False,But soon realized it was just a stick.,But soon realized it was just a stick.,90
"He saw a carrot and had to grab it,",it,it,it,False,But hesitated when he saw the bat it.,But hesitated when he saw the bat it.,91
"He saw a carrot and had to grab it,",it,trick,it,False,But it turned out to be a trick.,But it turned out to be a trick.,92
"He saw a carrot and had to grab it,",it,hat,it,False,But it was really just a big red hat.,But it was really just a big red hat.,93
"He saw a carrot and had to grab it,",it,it,it,False,But it was just a dream he couldn't trap it.,But it was just a dream he couldn't trap it.,94
"He saw a carrot and had to grab it,",it,bat,it,False,But paused to wonder if it was a bat.,But paused to wonder if it was a bat.,95
"He saw a carrot and had to grab it,",it,sit,it,True,But slipped on the peel and fell flat on his sit.,But slipped on the peel and fell flat on his sit.,96
"He saw a carrot and had to grab it,",it,it,it,False,But tripped on a pebble and fell flat on it.,But tripped on a pebble and fell flat on it.,97
"He saw a carrot and had to grab it,",it,it,it,False,But it was just a dream he couldn't grab it.,But it was just a dream he couldn't grab it.,98
"He saw a carrot and had to grab it,",it,trap,it,False,But soon he realized it was a trap.,But soon he realized it was a trap.,99
He saw a carrot and had to take it,it,diet,it,False,Though he was trying to stick to his diet.,Though he was trying to stick to his diet.,0
He saw a carrot and had to take it,it,stick,it,False,But paused to wonder if it was a stick.,But paused to wonder if it was a stick.,1
He saw a carrot and had to take it,it,appetite,it,False,For he was a rabbit with a hungry appetite.,For he was a rabbit with a hungry appetite.,2
He saw a carrot and had to take it,it,it,it,False,For fear it might vanish before he could eat it.,For fear it might vanish before he could eat it.,3
He saw a carrot and had to take it,it,late,it,False,For fear his rabbit would soon be late.,For fear his rabbit would soon be late.,4
He saw a carrot and had to take it,it,it,it,False,For fear his rabbit would start to hate it.,For fear his rabbit would start to hate it.,5
He saw a carrot and had to take it,it,weep,it,False,For fear his rabbit would start to weep.,For fear his rabbit would start to weep.,6
He saw a carrot and had to take it,it,hat,it,False,But it was really just a stick in the hat.,But it was really just a stick in the hat.,7
He saw a carrot and had to take it,it,it,it,False,For he was hungry and quite adept at it.,For he was hungry and quite adept at it.,8
He saw a carrot and had to take it,it,it,it,False,For fear it might vanish before he could bake it.,For fear it might vanish before he could bake it.,9
He saw a carrot and had to take it,it,it,it,False,For fear his rabbit would be left without it.,For fear his rabbit would be left without it.,10
He saw a carrot and had to take it,it,stick,it,False,But it was really just a stick.,But it was really just a stick.,11
He saw a carrot and had to take it,it,making,it,False,But it was actually a stick he was making.,But it was actually a stick he was making.,12
He saw a carrot and had to take it,it,stick,it,False,But it was really just a stick.,But it was really just a stick.,13
He saw a carrot and had to take it,it,it,it,False,For fear his rabbit might get it.,For fear his rabbit might get it.,14
He saw a carrot and had to take it,it,appetite,it,False,For he was a rabbit with a hungry appetite.,For he was a rabbit with a hungry appetite.,15
He saw a carrot and had to take it,it,stick,it,False,But hesitated when he saw the stick.,But hesitated when he saw the stick.,16
He saw a carrot and had to take it,it,appetite,it,False,For he was a rabbit with a very big appetite.,For he was a rabbit with a very big appetite.,17
He saw a carrot and had to take it,it,complete,it,False,For fear his lunch would never be complete.,For fear his lunch would never be complete.,18
He saw a carrot and had to take it,it,it,it,False,For fear it might vanish before he could make it.,For fear it might vanish before he could make it.,19
He saw a carrot and had to take it,it,it,it,False,But couldn't find the time to eat it.,But couldn't find the time to eat it.,20
He saw a carrot and had to take it,it,trick,it,False,For fear his rabbit would think it a trick.,For fear his rabbit would think it a trick.,21
He saw a carrot and had to take it,it,it,it,False,For he was hungry and couldn't wait it.,For he was hungry and couldn't wait it.,22
He saw a carrot and had to take it,it,it,it,False,For fear it might vanish before he could make it.,For fear it might vanish before he could make it.,23
He saw a carrot and had to take it,it,it,it,False,For fear his rabbit might get stuck in it.,For fear his rabbit might get stuck in it.,24
He saw a carrot and had to take it,it,wit,it,True,For he was a rabbit with a very small wit.,For he was a rabbit with a very small wit.,25
He saw a carrot and had to take it,it,it,it,False,For he was hungry and couldn't wait it.,For he was hungry and couldn't wait it.,26
He saw a carrot and had to take it,it,fit,it,True,For he was a rabbit with a very small fit.,For he was a rabbit with a very small fit.,27
He saw a carrot and had to take it,it,appetite,it,False,For he was a rabbit with a mighty appetite.,For he was a rabbit with a mighty appetite.,28
He saw a carrot and had to take it,it,hesitate,it,False,"For his rabbit's sake, he didn't hesitate.","For his rabbit's sake, he didn't hesitate.",29
He saw a carrot and had to take it,it,diet,it,False,For he was a rabbit with a very strict diet.,For he was a rabbit with a very strict diet.,30
He saw a carrot and had to take it,it,appetite,it,False,For he was a rabbit with a mighty appetite.,For he was a rabbit with a mighty appetite.,31
He saw a carrot and had to take it,it,strike,it,False,For he was a rabbit with a hunger strike.,For he was a rabbit with a hunger strike.,32
He saw a carrot and had to take it,it,stick,it,False,For fear his rabbit would get the stick.,For fear his rabbit would get the stick.,33
He saw a carrot and had to take it,it,appetite,it,False,For he was a rabbit with a mighty appetite.,For he was a rabbit with a mighty appetite.,34
He saw a carrot and had to take it,it,it,it,False,For fear it might vanish before he could stake it.,For fear it might vanish before he could stake it.,35
He saw a carrot and had to take it,it,wit,it,True,For he was a rabbit with a very small wit.,For he was a rabbit with a very small wit.,36
He saw a carrot and had to take it,it,fit,it,True,For he was a rabbit with a hunger fit.,For he was a rabbit with a hunger fit.,37
He saw a carrot and had to take it,it,appetite,it,False,For he was a rabbit with a hungry appetite.,For he was a rabbit with a hungry appetite.,38
He saw a carrot and had to take it,it,it,it,False,For fear it might vanish before he could bake it.,For fear it might vanish before he could bake it.,39
He saw a carrot and had to take it,it,appetite,it,False,For he was a rabbit with a mighty appetite.,For he was a rabbit with a mighty appetite.,40
He saw a carrot and had to take it,it,it,it,False,For fear it might vanish before he could make it.,For fear it might vanish before he could make it.,41
He saw a carrot and had to take it,it,neglected,it,False,For fear his rabbit might feel neglected.,For fear his rabbit might feel neglected.,42
He saw a carrot and had to take it,it,it,it,False,For fear his rabbit might get it.,For fear his rabbit might get it.,43
He saw a carrot and had to take it,it,it,it,False,For fear it might vanish before he could eat it.,For fear it might vanish before he could eat it.,44
He saw a carrot and had to take it,it,it,it,False,For fear it might vanish before he could eat it.,For fear it might vanish before he could eat it.,45
He saw a carrot and had to take it,it,it,it,False,For fear it might vanish before he could eat it.,For fear it might vanish before he could eat it.,46
He saw a carrot and had to take it,it,appetite,it,False,For he was a rabbit with a mighty appetite.,For he was a rabbit with a mighty appetite.,47
He saw a carrot and had to take it,it,strike,it,False,For he was a rabbit with a hunger strike.,For he was a rabbit with a hunger strike.,48
He saw a carrot and had to take it,it,hat,it,False,For he was a rabbit with a very small hat.,For he was a rabbit with a very small hat.,49
He saw a carrot and had to take it,it,it,it,False,For fear it might vanish before he could bake it.,For fear it might vanish before he could bake it.,50
He saw a carrot and had to take it,it,appetite,it,False,For he was a rabbit with a mighty appetite.,For he was a rabbit with a mighty appetite.,51
He saw a carrot and had to take it,it,wait,it,False,For he was a rabbit with a very short wait.,For he was a rabbit with a very short wait.,52
He saw a carrot and had to take it,it,debt,it,False,For fear his rabbit would soon be in debt.,For fear his rabbit would soon be in debt.,53
He saw a carrot and had to take it,it,it,it,False,For fear it might vanish before he could track it.,For fear it might vanish before he could track it.,54
He saw a carrot and had to take it,it,appetite,it,False,For he was a rabbit with a mighty appetite.,For he was a rabbit with a mighty appetite.,55
He saw a carrot and had to take it,it,it,it,False,But it was a trick to make him wait it.,But it was a trick to make him wait it.,56
He saw a carrot and had to take it,it,diet,it,False,Though he was trying to stick to his diet.,Though he was trying to stick to his diet.,57
He saw a carrot and had to take it,it,wait,it,False,For he was a rabbit with a very short wait.,For he was a rabbit with a very short wait.,58
He saw a carrot and had to take it,it,it,it,False,For fear it might vanish before he could shake it.,For fear it might vanish before he could shake it.,59
He saw a carrot and had to take it,it,wit,it,True,For he was a rabbit with a very small wit.,For he was a rabbit with a very small wit.,60
He saw a carrot and had to take it,it,appetite,it,False,For he was a rabbit with a hungry appetite.,For he was a rabbit with a hungry appetite.,61
He saw a carrot and had to take it,it,it,it,False,For fear it might vanish before he could make it.,For fear it might vanish before he could make it.,62
He saw a carrot and had to take it,it,it,it,False,For fear it might vanish before he could bake it.,For fear it might vanish before he could bake it.,63
He saw a carrot and had to take it,it,fit,it,True,For he was a rabbit with a hunger quite fit.,For he was a rabbit with a hunger quite fit.,64
He saw a carrot and had to take it,it,appetite,it,False,For he was a rabbit with a hungry appetite.,For he was a rabbit with a hungry appetite.,65
He saw a carrot and had to take it,it,bitter,it,False,Though he was chasing something much more bitter.,Though he was chasing something much more bitter.,66
He saw a carrot and had to take it,it,habit,it,False,For he was a rabbit with a sneaky habit.,For he was a rabbit with a sneaky habit.,67
He saw a carrot and had to take it,it,stick,it,False,But then he realized it was a stick.,But then he realized it was a stick.,68
He saw a carrot and had to take it,it,it,it,False,"For his rabbit's sake, he couldn't wait it.","For his rabbit's sake, he couldn't wait it.",69
He saw a carrot and had to take it,it,appetite,it,False,For he was a rabbit with a mighty appetite.,For he was a rabbit with a mighty appetite.,70
He saw a carrot and had to take it,it,appetite,it,False,For he was a rabbit with a mighty appetite.,For he was a rabbit with a mighty appetite.,71
He saw a carrot and had to take it,it,appetite,it,False,For he was a rabbit with a mighty appetite.,For he was a rabbit with a mighty appetite.,72
He saw a carrot and had to take it,it,it,it,False,"For his rabbit's sake, he couldn't forsake it.","For his rabbit's sake, he couldn't forsake it.",73
He saw a carrot and had to take it,it,strike,it,False,For he was a rabbit with a hunger strike.,For he was a rabbit with a hunger strike.,74
He saw a carrot and had to take it,it,appetite,it,False,For he was a rabbit with a mighty appetite.,For he was a rabbit with a mighty appetite.,75
He saw a carrot and had to take it,it,bit,it,True,For he was a rabbit with a craving bit.,For he was a rabbit with a craving bit.,76
He saw a carrot and had to take it,it,dirt,it,False,But it was really just a stick in the dirt.,But it was really just a stick in the dirt.,77
He saw a carrot and had to take it,it,it,it,False,For fear it might vanish before he could eat it.,For fear it might vanish before he could eat it.,78
He saw a carrot and had to take it,it,strike,it,False,For he was a rabbit with a hunger strike.,For he was a rabbit with a hunger strike.,79
He saw a carrot and had to take it,it,it,it,False,For fear his rabbit might not like it.,For fear his rabbit might not like it.,80
He saw a carrot and had to take it,it,it,it,False,For fear it might vanish before he could break it.,For fear it might vanish before he could break it.,81
He saw a carrot and had to take it,it,appetite,it,False,For he was a rabbit with a mighty appetite.,For he was a rabbit with a mighty appetite.,82
He saw a carrot and had to take it,it,strike,it,False,For he was a rabbit with a hunger strike.,For he was a rabbit with a hunger strike.,83
He saw a carrot and had to take it,it,wit,it,True,For he was a rabbit with a very quick wit.,For he was a rabbit with a very quick wit.,84
He saw a carrot and had to take it,it,appetite,it,False,For he was a rabbit with a ravenous appetite.,For he was a rabbit with a ravenous appetite.,85
He saw a carrot and had to take it,it,fit,it,True,For fear his rabbit would have a fit.,For fear his rabbit would have a fit.,86
He saw a carrot and had to take it,it,it,it,False,For fear his rabbit would start to eat it.,For fear his rabbit would start to eat it.,87
He saw a carrot and had to take it,it,it,it,False,But soon he wished he'd left it.,But soon he wished he'd left it.,88
He saw a carrot and had to take it,it,appetite,it,False,For he was a rabbit with a mighty appetite.,For he was a rabbit with a mighty appetite.,89
He saw a carrot and had to take it,it,eater,it,False,For he was hungry and quite a eater.,For he was hungry and quite a eater.,90
He saw a carrot and had to take it,it,out,it,False,For fear his bunny would feel left out.,For fear his bunny would feel left out.,91
He saw a carrot and had to take it,it,appetite,it,False,For he was a rabbit with a mighty appetite.,For he was a rabbit with a mighty appetite.,92
He saw a carrot and had to take it,it,it,it,False,For fear his appetite would break it.,For fear his appetite would break it.,93
He saw a carrot and had to take it,it,it,it,False,For fear it might vanish before he could stake it.,For fear it might vanish before he could stake it.,94
He saw a carrot and had to take it,it,it,it,False,For fear it might vanish before he could shake it.,For fear it might vanish before he could shake it.,95
He saw a carrot and had to take it,it,it,it,False,For fear it might vanish before he could eat it.,For fear it might vanish before he could eat it.,96
He saw a carrot and had to take it,it,appetite,it,False,For he was a rabbit with a mighty appetite.,For he was a rabbit with a mighty appetite.,97
He saw a carrot and had to take it,it,it,it,False,For fear his rabbit might not like it.,For fear his rabbit might not like it.,98
He saw a carrot and had to take it,it,it,it,False,For he was a rabbit with a sneaky knack it.,For he was a rabbit with a sneaky knack it.,99
"He saw a carrot and had to steal it,",it,smile,it,False,But the rabbit gave him a sly little smile.,But the rabbit gave him a sly little smile.,0
"He saw a carrot and had to steal it,",it,it,it,False,But the farmer caught him and made him feel it.,But the farmer caught him and made him feel it.,1
"He saw a carrot and had to steal it,",it,scold,it,False,But the farmer caught him and gave him a scold.,But the farmer caught him and gave him a scold.,2
"He saw a carrot and had to steal it,",it,bit,it,True,"But the farmer caught him, and that was the real bit.","But the farmer caught him, and that was the real bit.",3
"He saw a carrot and had to steal it,",it,smile,it,False,But the rabbit gave him a very sneaky smile.,But the rabbit gave him a very sneaky smile.,4
"He saw a carrot and had to steal it,",it,look,it,False,But the rabbit gave him a disapproving look.,But the rabbit gave him a disapproving look.,5
"He saw a carrot and had to steal it,",it,smile,it,False,But the rabbit gave it to him with a smile.,But the rabbit gave it to him with a smile.,6
"He saw a carrot and had to steal it,",it,smile,it,False,But the rabbit gave him a knowing smile.,But the rabbit gave him a knowing smile.,7
"He saw a carrot and had to steal it,",it,it,it,False,"But the farmer caught him, oh what a yell it!","But the farmer caught him, oh what a yell it!",8
"He saw a carrot and had to steal it,",it,it,it,False,"But the farmer caught him, and that was a swell it.","But the farmer caught him, and that was a swell it.",9
"He saw a carrot and had to steal it,",it,look,it,False,But the rabbit gave him a disapproving look.,But the rabbit gave him a disapproving look.,10
"He saw a carrot and had to steal it,",it,smile,it,False,But the rabbit gave it to him with a smile.,But the rabbit gave it to him with a smile.,11
"He saw a carrot and had to steal it,",it,scold,it,False,But the rabbit caught him and gave him a scold.,But the rabbit caught him and gave him a scold.,12
"He saw a carrot and had to steal it,",it,smile,it,False,But the rabbit gave it to him with a smile.,But the rabbit gave it to him with a smile.,13
"He saw a carrot and had to steal it,",it,street,it,False,But the rabbit chased him down the street.,But the rabbit chased him down the street.,14
"He saw a carrot and had to steal it,",it,scold,it,False,But the farmer caught him and gave him a scold.,But the farmer caught him and gave him a scold.,15
"He saw a carrot and had to steal it,",it,smile,it,False,But the rabbit gave it to him with a smile.,But the rabbit gave it to him with a smile.,16
"He saw a carrot and had to steal it,",it,smile,it,False,But the rabbit gave him a sly little smile.,But the rabbit gave him a sly little smile.,17
"He saw a carrot and had to steal it,",it,scold,it,False,But the farmer caught him and gave him a scold.,But the farmer caught him and gave him a scold.,18
"He saw a carrot and had to steal it,",it,it,it,False,"But the farmer caught him, oh what a deal it!","But the farmer caught him, oh what a deal it!",19
"He saw a carrot and had to steal it,",it,it,it,False,"But the farmer caught him, and that was the deal it.","But the farmer caught him, and that was the deal it.",20
"He saw a carrot and had to steal it,",it,street,it,False,But the rabbit chased him down the street.,But the rabbit chased him down the street.,21
"He saw a carrot and had to steal it,",it,smile,it,False,But the rabbit gave it to him with a smile.,But the rabbit gave it to him with a smile.,22
"He saw a carrot and had to steal it,",it,it,it,False,"But the farmer caught him, and that was the deal it.","But the farmer caught him, and that was the deal it.",23
"He saw a carrot and had to steal it,",it,smile,it,False,But the rabbit gave it to him with a smile.,But the rabbit gave it to him with a smile.,24
"He saw a carrot and had to steal it,",it,smile,it,False,But the rabbit gave him a sly little smile.,But the rabbit gave him a sly little smile.,25
"He saw a carrot and had to steal it,",it,smile,it,False,But the rabbit gave him a friendly smile.,But the rabbit gave him a friendly smile.,26
"He saw a carrot and had to steal it,",it,it,it,False,But the rabbit gave him a funny feel it.,But the rabbit gave him a funny feel it.,27
"He saw a carrot and had to steal it,",it,jest,it,False,But the rabbit gave him a wink and a jest.,But the rabbit gave him a wink and a jest.,28
"He saw a carrot and had to steal it,",it,smile,it,False,But the rabbit gave it to him with a smile.,But the rabbit gave it to him with a smile.,29
"He saw a carrot and had to steal it,",it,smile,it,False,But the rabbit gave it to him with a smile.,But the rabbit gave it to him with a smile.,30
"He saw a carrot and had to steal it,",it,threat,it,False,But the rabbit gave him a wink and a threat.,But the rabbit gave him a wink and a threat.,31
"He saw a carrot and had to steal it,",it,it,it,False,"Though he was caught, he couldn't eat it.","Though he was caught, he couldn't eat it.",32
"He saw a carrot and had to steal it,",it,smile,it,False,But the rabbit gave him a hopeful smile.,But the rabbit gave him a hopeful smile.,33
"He saw a carrot and had to steal it,",it,it,it,False,"But the rabbit gave him a friendly ""cheer it.""","But the rabbit gave him a friendly ""cheer it.""",34
"He saw a carrot and had to steal it,",it,stare,it,False,But the rabbit gave him a disapproving stare.,But the rabbit gave him a disapproving stare.,35
"He saw a carrot and had to steal it,",it,treat,it,False,But the rabbit gave him a wink and a treat.,But the rabbit gave him a wink and a treat.,36
"He saw a carrot and had to steal it,",it,smile,it,False,But the rabbit gave him a friendly smile.,But the rabbit gave him a friendly smile.,37
"He saw a carrot and had to steal it,",it,smile,it,False,But the rabbit gave it to him with a smile.,But the rabbit gave it to him with a smile.,38
"He saw a carrot and had to steal it,",it,treat,it,False,But the rabbit gave him a wink and a treat.,But the rabbit gave him a wink and a treat.,39
"He saw a carrot and had to steal it,",it,scold,it,False,But the farmer caught him and gave him a scold.,But the farmer caught him and gave him a scold.,40
"He saw a carrot and had to steal it,",it,smile,it,False,But the rabbit gave him a sly little smile.,But the rabbit gave him a sly little smile.,41
"He saw a carrot and had to steal it,",it,scold,it,False,But the rabbit caught him and gave him a scold.,But the rabbit caught him and gave him a scold.,42
"He saw a carrot and had to steal it,",it,scandal,it,False,"But the farmer caught him, oh what a scandal!","But the farmer caught him, oh what a scandal!",43
"He saw a carrot and had to steal it,",it,way,it,False,But the rabbit chased him all the way.,But the rabbit chased him all the way.,44
"He saw a carrot and had to steal it,",it,scold,it,False,But the rabbit caught him and gave him a scold.,But the rabbit caught him and gave him a scold.,45
"He saw a carrot and had to steal it,",it,belt,it,False,But the rabbit gave him a wink and a belt.,But the rabbit gave him a wink and a belt.,46
"He saw a carrot and had to steal it,",it,way,it,False,But the rabbit chased him all the way.,But the rabbit chased him all the way.,47
"He saw a carrot and had to steal it,",it,smile,it,False,But the rabbit gave it to him with a smile.,But the rabbit gave it to him with a smile.,48
"He saw a carrot and had to steal it,",it,smile,it,False,But the rabbit gave it to him with a smile.,But the rabbit gave it to him with a smile.,49
"He saw a carrot and had to steal it,",it,scold,it,False,But the rabbit caught him and gave him a scold.,But the rabbit caught him and gave him a scold.,50
"He saw a carrot and had to steal it,",it,beet,it,False,But the farmer caught him with a beet.,But the farmer caught him with a beet.,51
"He saw a carrot and had to steal it,",it,it,it,False,"But the farmer caught him, and that was a deal it.","But the farmer caught him, and that was a deal it.",52
"He saw a carrot and had to steal it,",it,street,it,False,But the rabbit chased him down the street.,But the rabbit chased him down the street.,53
"He saw a carrot and had to steal it,",it,smile,it,False,But the rabbit gave him a funny little smile.,But the rabbit gave him a funny little smile.,54
"He saw a carrot and had to steal it,",it,scold,it,False,But the farmer caught him and gave him a scold.,But the farmer caught him and gave him a scold.,55
"He saw a carrot and had to steal it,",it,scold,it,False,But the rabbit caught him and gave him a scold.,But the rabbit caught him and gave him a scold.,56
"He saw a carrot and had to steal it,",it,smile,it,False,But the rabbit gave it to him with a smile.,But the rabbit gave it to him with a smile.,57
"He saw a carrot and had to steal it,",it,scold,it,False,But the rabbit caught him and gave him a scold.,But the rabbit caught him and gave him a scold.,58
"He saw a carrot and had to steal it,",it,illegal,it,False,"But the farmer caught him and said, ""That's illegal!""","But the farmer caught him and said, ""That's illegal!""",59
"He saw a carrot and had to steal it,",it,smile,it,False,But the rabbit gave him a sly little smile.,But the rabbit gave him a sly little smile.,60
"He saw a carrot and had to steal it,",it,smile,it,False,But the rabbit gave it to him with a smile.,But the rabbit gave it to him with a smile.,61
"He saw a carrot and had to steal it,",it,scold,it,False,But the rabbit caught him and gave him a scold.,But the rabbit caught him and gave him a scold.,62
"He saw a carrot and had to steal it,",it,stare,it,False,But the rabbit gave him a funny stare.,But the rabbit gave him a funny stare.,63
"He saw a carrot and had to steal it,",it,it,it,False,"Though he was caught, he laughed and felt it.","Though he was caught, he laughed and felt it.",64
"He saw a carrot and had to steal it,",it,smile,it,False,But the rabbit gave him a very sneaky smile.,But the rabbit gave him a very sneaky smile.,65
"He saw a carrot and had to steal it,",it,scold,it,False,But the rabbit caught him and gave him a scold.,But the rabbit caught him and gave him a scold.,66
"He saw a carrot and had to steal it,",it,smile,it,False,But the rabbit gave it to him with a smile.,But the rabbit gave it to him with a smile.,67
"He saw a carrot and had to steal it,",it,smile,it,False,But the rabbit gave him a funny little smile.,But the rabbit gave him a funny little smile.,68
"He saw a carrot and had to steal it,",it,it,it,False,But the farmer caught him with a zeal it.,But the farmer caught him with a zeal it.,69
"He saw a carrot and had to steal it,",it,look,it,False,But the rabbit gave him a disappointed look.,But the rabbit gave him a disappointed look.,70
"He saw a carrot and had to steal it,",it,it,it,False,But the rabbit gave him a look that made him feel it.,But the rabbit gave him a look that made him feel it.,71
"He saw a carrot and had to steal it,",it,squeal,it,False,But the rabbit gave him a funny little squeal.,But the rabbit gave him a funny little squeal.,72
"He saw a carrot and had to steal it,",it,it,it,False,"But the farmer caught him and said, ""No beet it!""","But the farmer caught him and said, ""No beet it!""",73
"He saw a carrot and had to steal it,",it,treat,it,False,But the rabbit gave him a wink and a treat.,But the rabbit gave him a wink and a treat.,74
"He saw a carrot and had to steal it,",it,smile,it,False,But the rabbit gave it to him with a smile.,But the rabbit gave it to him with a smile.,75
"He saw a carrot and had to steal it,",it,smile,it,False,But the rabbit gave it to him with a smile.,But the rabbit gave it to him with a smile.,76
"He saw a carrot and had to steal it,",it,treat,it,False,But the rabbit gave him a wink and a treat.,But the rabbit gave him a wink and a treat.,77
"He saw a carrot and had to steal it,",it,cheese,it,False,But the farmer caught him with a wheel of cheese.,But the farmer caught him with a wheel of cheese.,78
"He saw a carrot and had to steal it,",it,smile,it,False,But the rabbit gave him a sly little smile.,But the rabbit gave him a sly little smile.,79
"He saw a carrot and had to steal it,",it,retort,it,False,But the rabbit gave him a very strict retort.,But the rabbit gave him a very strict retort.,80
"He saw a carrot and had to steal it,",it,it,it,False,"But the farmer caught him, and that was the deal it.","But the farmer caught him, and that was the deal it.",81
"He saw a carrot and had to steal it,",it,smile,it,False,But the rabbit gave it to him with a smile.,But the rabbit gave it to him with a smile.,82
"He saw a carrot and had to steal it,",it,it,it,False,"Though he was caught, he still felt it.","Though he was caught, he still felt it.",83
"He saw a carrot and had to steal it,",it,jest,it,False,But the rabbit gave him a wink and a jest.,But the rabbit gave him a wink and a jest.,84
"He saw a carrot and had to steal it,",it,look,it,False,But the rabbit gave him a startled look.,But the rabbit gave him a startled look.,85
"He saw a carrot and had to steal it,",it,it,it,False,But the farmer caught him with a zeal it.,But the farmer caught him with a zeal it.,86
"He saw a carrot and had to steal it,",it,thief,it,False,"But the farmer caught him and said, ""You're a thief!""","But the farmer caught him and said, ""You're a thief!""",87
"He saw a carrot and had to steal it,",it,smile,it,False,But the rabbit gave it to him with a smile.,But the rabbit gave it to him with a smile.,88
"He saw a carrot and had to steal it,",it,smile,it,False,But the rabbit gave it to him with a smile.,But the rabbit gave it to him with a smile.,89
"He saw a carrot and had to steal it,",it,smile,it,False,But the rabbit gave it to him with a smile.,But the rabbit gave it to him with a smile.,90
"He saw a carrot and had to steal it,",it,treat,it,False,But the rabbit gave him a wink and a treat.,But the rabbit gave him a wink and a treat.,91
"He saw a carrot and had to steal it,",it,grumble,it,False,But the rabbit gave him a wink and a grumble.,But the rabbit gave him a wink and a grumble.,92
"He saw a carrot and had to steal it,",it,treat,it,False,But the rabbit gave him a wink and a treat.,But the rabbit gave him a wink and a treat.,93
"He saw a carrot and had to steal it,",it,scold,it,False,But the rabbit caught him and gave him a scold.,But the rabbit caught him and gave him a scold.,94
"He saw a carrot and had to steal it,",it,it,it,False,But the farmer caught him and made him eat it.,But the farmer caught him and made him eat it.,95
"He saw a carrot and had to steal it,",it,scold,it,False,But the farmer caught him and gave him a scold.,But the farmer caught him and gave him a scold.,96
"He saw a carrot and had to steal it,",it,it,it,False,"Though he was caught, he couldn't help but eat it.","Though he was caught, he couldn't help but eat it.",97
"He saw a carrot and had to steal it,",it,it,it,False,But the farmer caught him and made him kneel it.,But the farmer caught him and made him kneel it.,98
"He saw a carrot and had to steal it,",it,scold,it,False,But the farmer caught him and gave him a scold.,But the farmer caught him and gave him a scold.,99
"He saw a carrot and had to have it,",it,it,it,False,So he dug it up and didn't stop until it.,So he dug it up and didn't stop until it.,0
"He saw a carrot and had to have it,",it,home,it,False,So he dug it up and took it home.,So he dug it up and took it home.,1
"He saw a carrot and had to have it,",it,eating,it,False,"But it was clearly labeled ""Not for eating.""","But it was clearly labeled ""Not for eating.""",2
"He saw a carrot and had to have it,",it,gate,it,False,But couldn't fit it through the gate.,But couldn't fit it through the gate.,3
"He saw a carrot and had to have it,",it,back,it,False,"He grabbed it quickly, never looking back.","He grabbed it quickly, never looking back.",4
"He saw a carrot and had to have it,",it,back,it,False,So he dug it up and never looked back.,So he dug it up and never looked back.,5
"He saw a carrot and had to have it,",it,escape,it,False,He grabbed it quick before it could escape.,He grabbed it quick before it could escape.,6
"He saw a carrot and had to have it,",it,it,it,False,So he dug it up and ate it.,So he dug it up and ate it.,7
"He saw a carrot and had to have it,",it,run,it,False,He grabbed it quick before it could run.,He grabbed it quick before it could run.,8
"He saw a carrot and had to have it,",it,it,it,False,So he dug it up and didn't stop until it.,So he dug it up and didn't stop until it.,9
"He saw a carrot and had to have it,",it,it,it,False,But it was a trick to make him wait it.,But it was a trick to make him wait it.,10
"He saw a carrot and had to have it,",it,it,it,False,But it was a trick that made him regret it.,But it was a trick that made him regret it.,11
"He saw a carrot and had to have it,",it,stop,it,False,So he dug it up and didn't stop.,So he dug it up and didn't stop.,12
"He saw a carrot and had to have it,",it,heft,it,False,He dug it up with a determined heft.,He dug it up with a determined heft.,13
"He saw a carrot and had to have it,",it,grit,it,True,He dug it up with a determined grit.,He dug it up with a determined grit.,14
"He saw a carrot and had to have it,",it,stop,it,False,So he dug it up and didn't stop.,So he dug it up and didn't stop.,15
"He saw a carrot and had to have it,",it,grit,it,True,He dug it up with a determined grit.,He dug it up with a determined grit.,16
"He saw a carrot and had to have it,",it,pit,it,True,But it was too long for his tiny little pit.,But it was too long for his tiny little pit.,17
"He saw a carrot and had to have it,",it,back,it,False,So he dug it up and never looked back.,So he dug it up and never looked back.,18
"He saw a carrot and had to have it,",it,it,it,False,So he dug it up and ate it.,So he dug it up and ate it.,19
"He saw a carrot and had to have it,",it,it,it,False,So he dug it up and started to eat it.,So he dug it up and started to eat it.,20
"He saw a carrot and had to have it,",it,escape,it,False,He grabbed it quick before it could escape.,He grabbed it quick before it could escape.,21
"He saw a carrot and had to have it,",it,back,it,False,"He grabbed it quickly, never looking back.","He grabbed it quickly, never looking back.",22
"He saw a carrot and had to have it,",it,it,it,False,But it was a trick that made him feel it.,But it was a trick that made him feel it.,23
"He saw a carrot and had to have it,",it,stop,it,False,So he dug it up and didn't stop.,So he dug it up and didn't stop.,24
"He saw a carrot and had to have it,",it,it,it,False,So he dug it up and ate it.,So he dug it up and ate it.,25
"He saw a carrot and had to have it,",it,digging,it,False,So he dug it up and didn't stop digging.,So he dug it up and didn't stop digging.,26
"He saw a carrot and had to have it,",it,it,it,False,But it was a trick that made him feel it.,But it was a trick that made him feel it.,27
"He saw a carrot and had to have it,",it,run,it,False,He grabbed it quick before it could run.,He grabbed it quick before it could run.,28
"He saw a carrot and had to have it,",it,plot,it,False,But it was growing in a neighbor's plot.,But it was growing in a neighbor's plot.,29
"He saw a carrot and had to have it,",it,twist,it,False,But it was really a stick with a twist.,But it was really a stick with a twist.,30
"He saw a carrot and had to have it,",it,it,it,False,But it was a trick that made him regret it.,But it was a trick that made him regret it.,31
"He saw a carrot and had to have it,",it,back,it,False,So he dug it up and never looked back.,So he dug it up and never looked back.,32
"He saw a carrot and had to have it,",it,net,it,False,He dug it up with a shovel and a net.,He dug it up with a shovel and a net.,33
"He saw a carrot and had to have it,",it,run,it,False,He grabbed it quick before it could run.,He grabbed it quick before it could run.,34
"He saw a carrot and had to have it,",it,it,it,False,But it was a trick that made him regret it.,But it was a trick that made him regret it.,35
"He saw a carrot and had to have it,",it,bright,it,False,He dug it up with a smile so bright.,He dug it up with a smile so bright.,36
"He saw a carrot and had to have it,",it,rabbit,it,False,But it was a trap set by the rabbit.,But it was a trap set by the rabbit.,37
"He saw a carrot and had to have it,",it,escape,it,False,He grabbed it quick before it could escape.,He grabbed it quick before it could escape.,38
"He saw a carrot and had to have it,",it,back,it,False,"He grabbed it quickly, never looking back.","He grabbed it quickly, never looking back.",39
"He saw a carrot and had to have it,",it,rabbit,it,False,But it was a trick from the mischievous rabbit.,But it was a trick from the mischievous rabbit.,40
"He saw a carrot and had to have it,",it,back,it,False,So he dug it up and never looked back.,So he dug it up and never looked back.,41
"He saw a carrot and had to have it,",it,it,it,False,So he dug it up and didn't stop till it.,So he dug it up and didn't stop till it.,42
"He saw a carrot and had to have it,",it,it,it,False,So he dug it up and didn't stop until it.,So he dug it up and didn't stop until it.,43
"He saw a carrot and had to have it,",it,back,it,False,So he dug it up and never looked back.,So he dug it up and never looked back.,44
"He saw a carrot and had to have it,",it,it,it,False,But it was too long for his lunchbox to fetch it.,But it was too long for his lunchbox to fetch it.,45
"He saw a carrot and had to have it,",it,grit,it,True,He dug it up with a determined grit.,He dug it up with a determined grit.,46
"He saw a carrot and had to have it,",it,run,it,False,He grabbed it quick before it could run.,He grabbed it quick before it could run.,47
"He saw a carrot and had to have it,",it,grit,it,True,"He grabbed it greedily, forgot the grit.","He grabbed it greedily, forgot the grit.",48
"He saw a carrot and had to have it,",it,run,it,False,He grabbed it quick before it could run.,He grabbed it quick before it could run.,49
"He saw a carrot and had to have it,",it,rabbit,it,False,But it was a trap set by the rabbit.,But it was a trap set by the rabbit.,50
"He saw a carrot and had to have it,",it,spade,it,False,He dug it up with a shovel and a spade.,He dug it up with a shovel and a spade.,51
"He saw a carrot and had to have it,",it,grit,it,True,He dug it up with a determined grit.,He dug it up with a determined grit.,52
"He saw a carrot and had to have it,",it,bit,it,True,But couldn't eat it without a bit.,But couldn't eat it without a bit.,53
"He saw a carrot and had to have it,",it,run,it,False,He grabbed it quick before it could run.,He grabbed it quick before it could run.,54
"He saw a carrot and had to have it,",it,back,it,False,"He grabbed it quickly, never looking back.","He grabbed it quickly, never looking back.",55
"He saw a carrot and had to have it,",it,it,it,False,But it was a trick that made him give it.,But it was a trick that made him give it.,56
"He saw a carrot and had to have it,",it,back,it,False,So he dug it up and never looked back.,So he dug it up and never looked back.,57
"He saw a carrot and had to have it,",it,run,it,False,He grabbed it quick before it could run.,He grabbed it quick before it could run.,58
"He saw a carrot and had to have it,",it,it,it,False,So he dug it up and didn't stop until it.,So he dug it up and didn't stop until it.,59
"He saw a carrot and had to have it,",it,it,it,False,But it was a trick to make him wait it.,But it was a trick to make him wait it.,60
"He saw a carrot and had to have it,",it,stop,it,False,So he dug it up and didn't stop.,So he dug it up and didn't stop.,61
"He saw a carrot and had to have it,",it,pit,it,True,But it was growing in a very bad pit.,But it was growing in a very bad pit.,62
"He saw a carrot and had to have it,",it,grit,it,True,He dug it up with a determined grit.,He dug it up with a determined grit.,63
"He saw a carrot and had to have it,",it,bat,it,False,He dug it up with a spoon and a bat.,He dug it up with a spoon and a bat.,64
"He saw a carrot and had to have it,",it,it,it,False,So he dug it up and never gave it.,So he dug it up and never gave it.,65
"He saw a carrot and had to have it,",it,it,it,False,But couldn't find a way to grab it.,But couldn't find a way to grab it.,66
"He saw a carrot and had to have it,",it,run,it,False,He grabbed it quick before it could run.,He grabbed it quick before it could run.,67
"He saw a carrot and had to have it,",it,it,it,False,So he dug it up and took it.,So he dug it up and took it.,68
"He saw a carrot and had to have it,",it,bat,it,False,He dug it up with a shovel and a bat.,He dug it up with a shovel and a bat.,69
"He saw a carrot and had to have it,",it,pit,it,True,But it was growing in a very hot pit.,But it was growing in a very hot pit.,70
"He saw a carrot and had to have it,",it,it,it,False,So he dug it up and ran away with it.,So he dug it up and ran away with it.,71
"He saw a carrot and had to have it,",it,run,it,False,He grabbed it quick before it could run.,He grabbed it quick before it could run.,72
"He saw a carrot and had to have it,",it,it,it,False,But it was a trick that made him feel it.,But it was a trick that made him feel it.,73
"He saw a carrot and had to have it,",it,bat,it,False,So he dug it up with a spoon and a bat.,So he dug it up with a spoon and a bat.,74
"He saw a carrot and had to have it,",it,it,it,False,"He grabbed it with glee, no time to debate it.","He grabbed it with glee, no time to debate it.",75
"He saw a carrot and had to have it,",it,twice,it,False,"He grabbed it quickly, not thinking twice.","He grabbed it quickly, not thinking twice.",76
"He saw a carrot and had to have it,",it,grit,it,True,He dug it up with a determined grit.,He dug it up with a determined grit.,77
"He saw a carrot and had to have it,",it,back,it,False,So he dug it up and never looked back.,So he dug it up and never looked back.,78
"He saw a carrot and had to have it,",it,it,it,False,So he dug it up and ate it.,So he dug it up and ate it.,79
"He saw a carrot and had to have it,",it,run,it,False,He grabbed it quick before it could run.,He grabbed it quick before it could run.,80
"He saw a carrot and had to have it,",it,run,it,False,He grabbed it quick before it could run.,He grabbed it quick before it could run.,81
"He saw a carrot and had to have it,",it,back,it,False,So he dug it up and never looked back.,So he dug it up and never looked back.,82
"He saw a carrot and had to have it,",it,spot,it,False,But it was growing in a very tricky spot.,But it was growing in a very tricky spot.,83
"He saw a carrot and had to have it,",it,back,it,False,So he dug it up and never looked back.,So he dug it up and never looked back.,84
"He saw a carrot and had to have it,",it,it,it,False,So he dug it up and never gave it.,So he dug it up and never gave it.,85
"He saw a carrot and had to have it,",it,bite,it,False,He grabbed it with glee and gave it a bite.,He grabbed it with glee and gave it a bite.,86
"He saw a carrot and had to have it,",it,it,it,False,But it was a trick that made him regret it.,But it was a trick that made him regret it.,87
"He saw a carrot and had to have it,",it,back,it,False,So he dug it up and never looked back.,So he dug it up and never looked back.,88
"He saw a carrot and had to have it,",it,it,it,False,"He grabbed it with joy, no need to ask it.","He grabbed it with joy, no need to ask it.",89
"He saw a carrot and had to have it,",it,it,it,False,So he dug it up and didn't stop until it.,So he dug it up and didn't stop until it.,90
"He saw a carrot and had to have it,",it,spade,it,False,He dug it up with a shovel and a spade.,He dug it up with a shovel and a spade.,91
"He saw a carrot and had to have it,",it,it,it,False,He dug it up and never gave it.,He dug it up and never gave it.,92
"He saw a carrot and had to have it,",it,it,it,False,But it was a trick that made him feel it.,But it was a trick that made him feel it.,93
"He saw a carrot and had to have it,",it,it,it,False,He grabbed it with glee and didn't stop to ask it.,He grabbed it with glee and didn't stop to ask it.,94
"He saw a carrot and had to have it,",it,basket,it,False,But it was too long for his little basket.,But it was too long for his little basket.,95
"He saw a carrot and had to have it,",it,it,it,False,"He grabbed it quickly, didn't ask for it.","He grabbed it quickly, didn't ask for it.",96
"He saw a carrot and had to have it,",it,run,it,False,He grabbed it quick before it could run.,He grabbed it quick before it could run.,97
"He saw a carrot and had to have it,",it,back,it,False,So he dug it up and never looked back.,So he dug it up and never looked back.,98
"He saw a carrot and had to have it,",it,it,it,False,But it was a trick that made him regret it.,But it was a trick that made him regret it.,99
"He saw a carrot and had to hold it,",it,magic,it,False,For fear it might be a stick with a bit of magic.,For fear it might be a stick with a bit of magic.,0
"He saw a carrot and had to hold it,",it,dynamite,it,False,For fear it might be a stick of dynamite.,For fear it might be a stick of dynamite.,1
"He saw a carrot and had to hold it,",it,rod,it,False,For fear it might be a wizard's rod.,For fear it might be a wizard's rod.,2
"He saw a carrot and had to hold it,",it,it,it,False,But couldn't find a hole for it.,But couldn't find a hole for it.,3
"He saw a carrot and had to hold it,",it,staff,it,False,For fear it might be a wizard's staff.,For fear it might be a wizard's staff.,4
"He saw a carrot and had to hold it,",it,it,it,False,But couldn't find a rabbit to show it.,But couldn't find a rabbit to show it.,5
"He saw a carrot and had to hold it,",it,with,it,False,But couldn't find a stick to hold it with.,But couldn't find a stick to hold it with.,6
"He saw a carrot and had to hold it,",it,with,it,False,But couldn't find a stick to hold it with.,But couldn't find a stick to hold it with.,7
"He saw a carrot and had to hold it,",it,wand,it,False,For fear it might be a witch's wand.,For fear it might be a witch's wand.,8
"He saw a carrot and had to hold it,",it,it,it,False,But couldn't find a hole to put it.,But couldn't find a hole to put it.,9
"He saw a carrot and had to hold it,",it,it,it,False,But couldn't find a hole to hold it.,But couldn't find a hole to hold it.,10
"He saw a carrot and had to hold it,",it,lost,it,False,For fear it might be a stick he had lost.,For fear it might be a stick he had lost.,11
"He saw a carrot and had to hold it,",it,herring,it,False,For fear it might be a red herring.,For fear it might be a red herring.,12
"He saw a carrot and had to hold it,",it,with,it,False,But couldn't find a stick to hold it with.,But couldn't find a stick to hold it with.,13
"He saw a carrot and had to hold it,",it,it,it,False,But couldn't find a hole for it.,But couldn't find a hole for it.,14
"He saw a carrot and had to hold it,",it,rod,it,False,For fear it might be a witch's rod.,For fear it might be a witch's rod.,15
"He saw a carrot and had to hold it,",it,with,it,False,But couldn't find a stick to hold it with.,But couldn't find a stick to hold it with.,16
"He saw a carrot and had to hold it,",it,it,it,False,But couldn't find a hole to hold it.,But couldn't find a hole to hold it.,17
"He saw a carrot and had to hold it,",it,it,it,False,But couldn't find a hole for it.,But couldn't find a hole for it.,18
"He saw a carrot and had to hold it,",it,it,it,False,But couldn't find a hole for it.,But couldn't find a hole for it.,19
"He saw a carrot and had to hold it,",it,it,it,False,But couldn't find a hole to hide it.,But couldn't find a hole to hide it.,20
"He saw a carrot and had to hold it,",it,it,it,False,But it was just a dream he couldn't fold it.,But it was just a dream he couldn't fold it.,21
"He saw a carrot and had to hold it,",it,broomstick,it,False,For fear it might be a witch's broomstick.,For fear it might be a witch's broomstick.,22
"He saw a carrot and had to hold it,",it,herring,it,False,For fear it might be a red herring.,For fear it might be a red herring.,23
"He saw a carrot and had to hold it,",it,wicket,it,False,For fear it might be a talking wicket.,For fear it might be a talking wicket.,24
"He saw a carrot and had to hold it,",it,rodent,it,False,For fear it might be a sneaky rodent.,For fear it might be a sneaky rodent.,25
"He saw a carrot and had to hold it,",it,stick,it,False,For fear it might be a sneaky little stick.,For fear it might be a sneaky little stick.,26
"He saw a carrot and had to hold it,",it,spell,it,False,For fear it might be a witch's spell.,For fear it might be a witch's spell.,27
"He saw a carrot and had to hold it,",it,it,it,False,For fear it might be a stick with a scold in it.,For fear it might be a stick with a scold in it.,28
"He saw a carrot and had to hold it,",it,forgot,it,False,For fear it might be a stick he'd forgot.,For fear it might be a stick he'd forgot.,29
"He saw a carrot and had to hold it,",it,wand,it,False,For fear it might be a wizard's wand.,For fear it might be a wizard's wand.,30
"He saw a carrot and had to hold it,",it,it,it,False,But couldn't find a stick to hold it.,But couldn't find a stick to hold it.,31
"He saw a carrot and had to hold it,",it,bit,it,True,For fear it might be a wizard's bold bit.,For fear it might be a wizard's bold bit.,32
"He saw a carrot and had to hold it,",it,pole,it,False,For fear it might be a stick or a pole.,For fear it might be a stick or a pole.,33
"He saw a carrot and had to hold it,",it,it,it,False,But couldn't find a stick to hold it.,But couldn't find a stick to hold it.,34
"He saw a carrot and had to hold it,",it,it,it,False,But couldn't find a hole for it.,But couldn't find a hole for it.,35
"He saw a carrot and had to hold it,",it,wand,it,False,For fear it might be a magic wand.,For fear it might be a magic wand.,36
"He saw a carrot and had to hold it,",it,giant,it,False,For fear it might be a nose of a giant.,For fear it might be a nose of a giant.,37
"He saw a carrot and had to hold it,",it,dynamite,it,False,For fear it might be a stick of dynamite.,For fear it might be a stick of dynamite.,38
"He saw a carrot and had to hold it,",it,it,it,False,But couldn't find a hole for it.,But couldn't find a hole for it.,39
"He saw a carrot and had to hold it,",it,it,it,False,But it was just a dream he had to fold it.,But it was just a dream he had to fold it.,40
"He saw a carrot and had to hold it,",it,wolf,it,False,For fear it might be a sneaky little wolf.,For fear it might be a sneaky little wolf.,41
"He saw a carrot and had to hold it,",it,with,it,False,But couldn't find a stick to hold it with.,But couldn't find a stick to hold it with.,42
"He saw a carrot and had to hold it,",it,it,it,False,But couldn't find a hole to fold it.,But couldn't find a hole to fold it.,43
"He saw a carrot and had to hold it,",it,rabbit,it,False,For fear it might be a sneaky little rabbit.,For fear it might be a sneaky little rabbit.,44
"He saw a carrot and had to hold it,",it,nit,it,True,For fear it might be a sneaky little nit.,For fear it might be a sneaky little nit.,45
"He saw a carrot and had to hold it,",it,herring,it,False,For fear it might be a red herring.,For fear it might be a red herring.,46
"He saw a carrot and had to hold it,",it,spell,it,False,For fear it might be a witch's spell.,For fear it might be a witch's spell.,47
"He saw a carrot and had to hold it,",it,it,it,False,But couldn't find a hole in it.,But couldn't find a hole in it.,48
"He saw a carrot and had to hold it,",it,bat,it,False,For fear it might be a witch's bat.,For fear it might be a witch's bat.,49
"He saw a carrot and had to hold it,",it,snare,it,False,For fear it might be a witch's snare.,For fear it might be a witch's snare.,50
"He saw a carrot and had to hold it,",it,it,it,False,But couldn't find a stick to hold it.,But couldn't find a stick to hold it.,51
"He saw a carrot and had to hold it,",it,staff,it,False,For fear it might be a witch's staff.,For fear it might be a witch's staff.,52
"He saw a carrot and had to hold it,",it,it,it,False,But couldn't find a way to fold it.,But couldn't find a way to fold it.,53
"He saw a carrot and had to hold it,",it,missed,it,False,For fear it might be a stick he'd missed.,For fear it might be a stick he'd missed.,54
"He saw a carrot and had to hold it,",it,it,it,False,But couldn't find a hole in it.,But couldn't find a hole in it.,55
"He saw a carrot and had to hold it,",it,it,it,False,But couldn't find a stick to hold it.,But couldn't find a stick to hold it.,56
"He saw a carrot and had to hold it,",it,it,it,False,For fear it might be a witch's bolt it.,For fear it might be a witch's bolt it.,57
"He saw a carrot and had to hold it,",it,spell,it,False,For fear it might be a witch's spell.,For fear it might be a witch's spell.,58
"He saw a carrot and had to hold it,",it,it,it,False,But couldn't find a hole in it.,But couldn't find a hole in it.,59
"He saw a carrot and had to hold it,",it,spell,it,False,For fear it might be a witch's spell.,For fear it might be a witch's spell.,60
"He saw a carrot and had to hold it,",it,it,it,False,But couldn't find a stick to hold it.,But couldn't find a stick to hold it.,61
"He saw a carrot and had to hold it,",it,it,it,False,But couldn't find a stick to hold it.,But couldn't find a stick to hold it.,62
"He saw a carrot and had to hold it,",it,wriggler,it,False,For fear it might be a sneaky little wriggler.,For fear it might be a sneaky little wriggler.,63
"He saw a carrot and had to hold it,",it,herring,it,False,For fear it might be a red herring.,For fear it might be a red herring.,64
"He saw a carrot and had to hold it,",it,wand,it,False,For fear it might be a witch's wand.,For fear it might be a witch's wand.,65
"He saw a carrot and had to hold it,",it,with,it,False,But couldn't find a stick to hold it with.,But couldn't find a stick to hold it with.,66
"He saw a carrot and had to hold it,",it,rod,it,False,For fear it might be a witch's rod.,For fear it might be a witch's rod.,67
"He saw a carrot and had to hold it,",it,snare,it,False,For fear it might be a witch's snare.,For fear it might be a witch's snare.,68
"He saw a carrot and had to hold it,",it,it,it,False,But couldn't find a stick to pole it.,But couldn't find a stick to pole it.,69
"He saw a carrot and had to hold it,",it,it,it,False,But couldn't find a hole for it.,But couldn't find a hole for it.,70
"He saw a carrot and had to hold it,",it,staff,it,False,For fear it might be a wizard's staff.,For fear it might be a wizard's staff.,71
"He saw a carrot and had to hold it,",it,it,it,False,But couldn't find a proper hold it.,But couldn't find a proper hold it.,72
"He saw a carrot and had to hold it,",it,with,it,False,But couldn't find a stick to hold it with.,But couldn't find a stick to hold it with.,73
"He saw a carrot and had to hold it,",it,with,it,False,But couldn't find a stick to hold it with.,But couldn't find a stick to hold it with.,74
"He saw a carrot and had to hold it,",it,with,it,False,But couldn't find a stick to hold it with.,But couldn't find a stick to hold it with.,75
"He saw a carrot and had to hold it,",it,hill,it,False,For fear it might roll down the hill.,For fear it might roll down the hill.,76
"He saw a carrot and had to hold it,",it,with,it,False,But couldn't find a stick to hold it with.,But couldn't find a stick to hold it with.,77
"He saw a carrot and had to hold it,",it,rabbit,it,False,But it was really a sneaky old rabbit.,But it was really a sneaky old rabbit.,78
"He saw a carrot and had to hold it,",it,bit,it,True,For fear it might be a stick with a bit.,For fear it might be a stick with a bit.,79
"He saw a carrot and had to hold it,",it,spell,it,False,For fear it might be a witch's spell.,For fear it might be a witch's spell.,80
"He saw a carrot and had to hold it,",it,rabbit,it,False,For fear it might be a talking rabbit.,For fear it might be a talking rabbit.,81
"He saw a carrot and had to hold it,",it,it,it,False,But couldn't find a stick to hold it.,But couldn't find a stick to hold it.,82
"He saw a carrot and had to hold it,",it,it,it,False,For fear it might be a stick he'd hold it.,For fear it might be a stick he'd hold it.,83
"He saw a carrot and had to hold it,",it,it,it,False,But couldn't find a hole in it.,But couldn't find a hole in it.,84
"He saw a carrot and had to hold it,",it,dynamite,it,False,For fear it might be a stick of dynamite.,For fear it might be a stick of dynamite.,85
"He saw a carrot and had to hold it,",it,stick,it,False,For fear it might be a sneaky old stick.,For fear it might be a sneaky old stick.,86
"He saw a carrot and had to hold it,",it,wabbit,it,False,For fear it might be a sneaky little wabbit.,For fear it might be a sneaky little wabbit.,87
"He saw a carrot and had to hold it,",it,dynamite,it,False,For fear it might be a stick of dynamite.,For fear it might be a stick of dynamite.,88
"He saw a carrot and had to hold it,",it,bit,it,True,For fear it might be a stick or a bit.,For fear it might be a stick or a bit.,89
"He saw a carrot and had to hold it,",it,herring,it,False,For fear it might be a red herring.,For fear it might be a red herring.,90
"He saw a carrot and had to hold it,",it,it,it,False,But couldn't find a proper hold it.,But couldn't find a proper hold it.,91
"He saw a carrot and had to hold it,",it,with,it,False,But couldn't find a stick to hold it with.,But couldn't find a stick to hold it with.,92
"He saw a carrot and had to hold it,",it,nit,it,True,For fear it might be a sneaky little nit.,For fear it might be a sneaky little nit.,93
"He saw a carrot and had to hold it,",it,it,it,False,But couldn't find a stick to hold it.,But couldn't find a stick to hold it.,94
"He saw a carrot and had to hold it,",it,dynamite,it,False,For fear it might be a stick of dynamite.,For fear it might be a stick of dynamite.,95
"He saw a carrot and had to hold it,",it,hill,it,False,For fear it might roll down the hill.,For fear it might roll down the hill.,96
"He saw a carrot and had to hold it,",it,it,it,False,But couldn't find a rabbit to follow it.,But couldn't find a rabbit to follow it.,97
"He saw a carrot and had to hold it,",it,it,it,False,But couldn't find a stick to hold it.,But couldn't find a stick to hold it.,98
"He saw a carrot and had to hold it,",it,with,it,False,But couldn't find a stick to hold it with.,But couldn't find a stick to hold it with.,99
"He saw a carrot and had to yoink it,",it,yelp,it,False,But tripped on a pebble and gave a yelp.,But tripped on a pebble and gave a yelp.,0
"He saw a carrot and had to yoink it,",it,yelp,it,False,But tripped on a pebble and gave a yelp.,But tripped on a pebble and gave a yelp.,1
"He saw a carrot and had to yoink it,",it,jar,it,False,But missed and landed in a mint jar.,But missed and landed in a mint jar.,2
"He saw a carrot and had to yoink it,",it,dive,it,False,But tripped on a pebble and took a dive.,But tripped on a pebble and took a dive.,3
"He saw a carrot and had to yoink it,",it,at,it,False,But it was really a stick that he winked at.,But it was really a stick that he winked at.,4
"He saw a carrot and had to yoink it,",it,stick,it,False,But his teeth were too big for the tiny little stick.,But his teeth were too big for the tiny little stick.,5
"He saw a carrot and had to yoink it,",it,trick,it,False,But his teeth were too small for such a big trick.,But his teeth were too small for such a big trick.,6
"He saw a carrot and had to yoink it,",it,planned,it,False,But his teeth were too short for the task he had planned.,But his teeth were too short for the task he had planned.,7
"He saw a carrot and had to yoink it,",it,it,it,False,But it was just a dream he couldn't sink it.,But it was just a dream he couldn't sink it.,8
"He saw a carrot and had to yoink it,",it,yelp,it,False,But tripped on a pebble and gave a yelp.,But tripped on a pebble and gave a yelp.,9
"He saw a carrot and had to yoink it,",it,pit,it,True,But then he tripped and fell right into a pit.,But then he tripped and fell right into a pit.,10
"He saw a carrot and had to yoink it,",it,stick,it,False,But his teeth were too small for the big red stick.,But his teeth were too small for the big red stick.,11
"He saw a carrot and had to yoink it,",it,it,it,False,But it was actually a stick with a wink on it.,But it was actually a stick with a wink on it.,12
"He saw a carrot and had to yoink it,",it,snack,it,False,But his teeth were too weak for such a big snack.,But his teeth were too weak for such a big snack.,13
"He saw a carrot and had to yoink it,",it,giggle,it,False,But found a rabbit with a wink and a giggle.,But found a rabbit with a wink and a giggle.,14
"He saw a carrot and had to yoink it,",it,it,it,False,But it was just a trick to make him think it.,But it was just a trick to make him think it.,15
"He saw a carrot and had to yoink it,",it,one,it,False,But forgot he'd already taken one.,But forgot he'd already taken one.,16
"He saw a carrot and had to yoink it,",it,yelp,it,False,But tripped on a pebble and gave a yelp.,But tripped on a pebble and gave a yelp.,17
"He saw a carrot and had to yoink it,",it,stick,it,False,But it was really a sneaky stick.,But it was really a sneaky stick.,18
"He saw a carrot and had to yoink it,",it,snack,it,False,But his teeth were too small for such a big snack.,But his teeth were too small for such a big snack.,19
"He saw a carrot and had to yoink it,",it,sought,it,False,But his teeth were too small for the snack he sought.,But his teeth were too small for the snack he sought.,20
"He saw a carrot and had to yoink it,",it,in,it,False,But tripped on a pebble and tumbled right in.,But tripped on a pebble and tumbled right in.,21
"He saw a carrot and had to yoink it,",it,trick,it,False,But it was really a sneaky trick.,But it was really a sneaky trick.,22
"He saw a carrot and had to yoink it,",it,it,it,False,But it was really a stick with a wink on it.,But it was really a stick with a wink on it.,23
"He saw a carrot and had to yoink it,",it,yelp,it,False,But tripped on a pebble and gave a yelp.,But tripped on a pebble and gave a yelp.,24
"He saw a carrot and had to yoink it,",it,yelp,it,False,But tripped on a pebble and gave a yelp.,But tripped on a pebble and gave a yelp.,25
"He saw a carrot and had to yoink it,",it,it,it,False,"But his teeth got stuck, and he couldn't blink it.","But his teeth got stuck, and he couldn't blink it.",26
"He saw a carrot and had to yoink it,",it,one,it,False,But forgot he'd already taken the first one.,But forgot he'd already taken the first one.,27
"He saw a carrot and had to yoink it,",it,yelp,it,False,But tripped on a pebble and gave a yelp.,But tripped on a pebble and gave a yelp.,28
"He saw a carrot and had to yoink it,",it,sought,it,False,But his teeth were too big for the snack he sought.,But his teeth were too big for the snack he sought.,29
"He saw a carrot and had to yoink it,",it,it,it,False,But it was just a dream he couldn't blink it.,But it was just a dream he couldn't blink it.,30
"He saw a carrot and had to yoink it,",it,back,it,False,But then he tripped and fell right on his back.,But then he tripped and fell right on his back.,31
"He saw a carrot and had to yoink it,",it,bite,it,False,But his teeth were too small for the big bite.,But his teeth were too small for the big bite.,32
"He saw a carrot and had to yoink it,",it,it,it,False,"But his teeth got stuck, and he couldn't wink it.","But his teeth got stuck, and he couldn't wink it.",33
"He saw a carrot and had to yoink it,",it,dive,it,False,But tripped on a pebble and took a dive.,But tripped on a pebble and took a dive.,34
"He saw a carrot and had to yoink it,",it,it,it,False,But then he tripped and dropped it.,But then he tripped and dropped it.,35
"He saw a carrot and had to yoink it,",it,it,it,False,But couldn't quite reach without a wink it.,But couldn't quite reach without a wink it.,36
"He saw a carrot and had to yoink it,",it,it,it,False,But it was actually a stick with a wink on it.,But it was actually a stick with a wink on it.,37
"He saw a carrot and had to yoink it,",it,stick,it,False,But it was really just a stick.,But it was really just a stick.,38
"He saw a carrot and had to yoink it,",it,it,it,False,But it was really a bright red stick it.,But it was really a bright red stick it.,39
"He saw a carrot and had to yoink it,",it,pig,it,False,But it was actually a tiny pink pig.,But it was actually a tiny pink pig.,40
"He saw a carrot and had to yoink it,",it,stick,it,False,But it was really just a stick.,But it was really just a stick.,41
"He saw a carrot and had to yoink it,",it,stick,it,False,But it was really just a stick.,But it was really just a stick.,42
"He saw a carrot and had to yoink it,",it,it,it,False,But the rabbit was quicker and gave him a wink it.,But the rabbit was quicker and gave him a wink it.,43
"He saw a carrot and had to yoink it,",it,it,it,False,"But his nose got stuck, and he couldn't think it.","But his nose got stuck, and he couldn't think it.",44
"He saw a carrot and had to yoink it,",it,it,it,False,But it was just a dream he couldn't wink it.,But it was just a dream he couldn't wink it.,45
"He saw a carrot and had to yoink it,",it,plunge,it,False,But tripped on a pebble and took a plunge.,But tripped on a pebble and took a plunge.,46
"He saw a carrot and had to yoink it,",it,it,it,False,But his teeth were too big for the snack he could think it.,But his teeth were too big for the snack he could think it.,47
"He saw a carrot and had to yoink it,",it,it,it,False,But it was actually a tiny pink it.,But it was actually a tiny pink it.,48
"He saw a carrot and had to yoink it,",it,herring,it,False,But it was really a red herring.,But it was really a red herring.,49
"He saw a carrot and had to yoink it,",it,it,it,False,But it was really just a stick for a wink it.,But it was really just a stick for a wink it.,50
"He saw a carrot and had to yoink it,",it,it,it,False,But it was just a trick to catch him in the sink it.,But it was just a trick to catch him in the sink it.,51
"He saw a carrot and had to yoink it,",it,it,it,False,But it was actually a sneaky stick it.,But it was actually a sneaky stick it.,52
"He saw a carrot and had to yoink it,",it,wink,it,False,But it was a trick from the rabbit's sly wink.,But it was a trick from the rabbit's sly wink.,53
"He saw a carrot and had to yoink it,",it,it,it,False,But the rabbit gave him a sly wink it.,But the rabbit gave him a sly wink it.,54
"He saw a carrot and had to yoink it,",it,it,it,False,But his teeth were too small for the big green mint it.,But his teeth were too small for the big green mint it.,55
"He saw a carrot and had to yoink it,",it,it,it,False,But his teeth were too big for the little stick it.,But his teeth were too big for the little stick it.,56
"He saw a carrot and had to yoink it,",it,yelp,it,False,But tripped on a pebble and gave a yelp.,But tripped on a pebble and gave a yelp.,57
"He saw a carrot and had to yoink it,",it,stick,it,False,But his teeth were too big for the tiny little stick.,But his teeth were too big for the tiny little stick.,58
"He saw a carrot and had to yoink it,",it,in,it,False,But tripped on a pebble and tumbled right in.,But tripped on a pebble and tumbled right in.,59
"He saw a carrot and had to yoink it,",it,it,it,False,But his teeth were too slow for the quick little wink it.,But his teeth were too slow for the quick little wink it.,60
"He saw a carrot and had to yoink it,",it,it,it,False,But couldn't quite decide which end to wink it.,But couldn't quite decide which end to wink it.,61
"He saw a carrot and had to yoink it,",it,it,it,False,But it was really a stick with a wink on it.,But it was really a stick with a wink on it.,62
"He saw a carrot and had to yoink it,",it,yelp,it,False,But tripped on a pebble and gave a yelp!,But tripped on a pebble and gave a yelp!,63
"He saw a carrot and had to yoink it,",it,it,it,False,But paused to wonder if it was a wink it.,But paused to wonder if it was a wink it.,64
"He saw a carrot and had to yoink it,",it,it,it,False,But tripped on a pebble and gave a wink it.,But tripped on a pebble and gave a wink it.,65
"He saw a carrot and had to yoink it,",it,snack,it,False,But his teeth were too big for the tiny snack.,But his teeth were too big for the tiny snack.,66
"He saw a carrot and had to yoink it,",it,stick,it,False,But his teeth were too small for such a big stick.,But his teeth were too small for such a big stick.,67
"He saw a carrot and had to yoink it,",it,yelp,it,False,But tripped on a pebble and gave a yelp.,But tripped on a pebble and gave a yelp.,68
"He saw a carrot and had to yoink it,",it,it,it,False,But it was just a trick to make him think it.,But it was just a trick to make him think it.,69
"He saw a carrot and had to yoink it,",it,it,it,False,But it was just a trick to make him think it.,But it was just a trick to make him think it.,70
"He saw a carrot and had to yoink it,",it,it,it,False,But tripped on a pebble and gave a little wink it.,But tripped on a pebble and gave a little wink it.,71
"He saw a carrot and had to yoink it,",it,it,it,False,But it was actually a stick with a wink on it.,But it was actually a stick with a wink on it.,72
"He saw a carrot and had to yoink it,",it,it,it,False,But found it was just a trick of the wink it.,But found it was just a trick of the wink it.,73
"He saw a carrot and had to yoink it,",it,stick,it,False,But his teeth were too big for the tiny little stick.,But his teeth were too big for the tiny little stick.,74
"He saw a carrot and had to yoink it,",it,it,it,False,But tripped on a pebble and gave a loud wink it.,But tripped on a pebble and gave a loud wink it.,75
"He saw a carrot and had to yoink it,",it,it,it,False,But tripped on a pebble and fell right in it.,But tripped on a pebble and fell right in it.,76
"He saw a carrot and had to yoink it,",it,it,it,False,But it was just a trick to make him think it.,But it was just a trick to make him think it.,77
"He saw a carrot and had to yoink it,",it,bit,it,True,"But his teeth were too small for the big, juicy bit.","But his teeth were too small for the big, juicy bit.",78
"He saw a carrot and had to yoink it,",it,world,it,False,But forgot he was in a rabbit's world.,But forgot he was in a rabbit's world.,79
"He saw a carrot and had to yoink it,",it,nit,it,True,But it was actually a tiny pink nit.,But it was actually a tiny pink nit.,80
"He saw a carrot and had to yoink it,",it,snack,it,False,But his teeth were too small for such a big snack.,But his teeth were too small for such a big snack.,81
"He saw a carrot and had to yoink it,",it,it,it,False,But paused to wonder if it was a wink it.,But paused to wonder if it was a wink it.,82
"He saw a carrot and had to yoink it,",it,herring,it,False,But it was actually a red herring.,But it was actually a red herring.,83
"He saw a carrot and had to yoink it,",it,it,it,False,But couldn't quite decide which end to plink it.,But couldn't quite decide which end to plink it.,84
"He saw a carrot and had to yoink it,",it,grip,it,False,But tripped on a pebble and lost his grip.,But tripped on a pebble and lost his grip.,85
"He saw a carrot and had to yoink it,",it,bite,it,False,But his teeth were too small for the big bite.,But his teeth were too small for the big bite.,86
"He saw a carrot and had to yoink it,",it,yelp,it,False,But tripped on a pebble and gave a yelp!,But tripped on a pebble and gave a yelp!,87
"He saw a carrot and had to yoink it,",it,task,it,False,But his teeth were too small for the task.,But his teeth were too small for the task.,88
"He saw a carrot and had to yoink it,",it,sought,it,False,But his teeth were too short for the snack he sought.,But his teeth were too short for the snack he sought.,89
"He saw a carrot and had to yoink it,",it,stick,it,False,But his teeth were too small for the big red stick.,But his teeth were too small for the big red stick.,90
"He saw a carrot and had to yoink it,",it,stick,it,False,But it was really just a stick.,But it was really just a stick.,91
"He saw a carrot and had to yoink it,",it,task,it,False,But his teeth were too small for the task.,But his teeth were too small for the task.,92
"He saw a carrot and had to yoink it,",it,down,it,False,But tripped on a pebble and went crashing down.,But tripped on a pebble and went crashing down.,93
"He saw a carrot and had to yoink it,",it,herring,it,False,But it was really a red herring.,But it was really a red herring.,94
"He saw a carrot and had to yoink it,",it,yelp,it,False,But tripped on a pebble and gave a yelp.,But tripped on a pebble and gave a yelp.,95
"He saw a carrot and had to yoink it,",it,it,it,False,But it was just a trick to make him think it.,But it was just a trick to make him think it.,96
"He saw a carrot and had to yoink it,",it,it,it,False,But his teeth were too short for the snack he could think it.,But his teeth were too short for the snack he could think it.,97
"He saw a carrot and had to yoink it,",it,bit,it,True,But his teeth were too small for the crunching bit.,But his teeth were too small for the crunching bit.,98
"He saw a carrot and had to yoink it,",it,it,it,False,But paused to wonder if it was a wink it.,But paused to wonder if it was a wink it.,99
"The clouds are gray, the raindrops fall,",fall,sprawl,fall,True,And whispered dreams begin to sprawl.,And whispered dreams begin to sprawl.,0
"The clouds are gray, the raindrops fall,",fall,tall,fall,True,And whispered secrets through the tall.,And whispered secrets through the tall.,1
"The clouds are gray, the raindrops fall,",fall,wall,fall,True,And whisper secrets to the wall.,And whisper secrets to the wall.,2
"The clouds are gray, the raindrops fall,",fall,all,fall,True,And nature whispers tales of all.,And nature whispers tales of all.,3
"The clouds are gray, the raindrops fall,",fall,call,fall,True,And whispers speak of storms to call.,And whispers speak of storms to call.,4
"The clouds are gray, the raindrops fall,",fall,call,fall,True,And whispers of the storm call.,And whispers of the storm call.,5
"The clouds are gray, the raindrops fall,",fall,call,fall,True,And whispered dreams begin to call.,And whispered dreams begin to call.,6
"The clouds are gray, the raindrops fall,",fall,all,fall,True,And silence whispers through it all.,And silence whispers through it all.,7
"The clouds are gray, the raindrops fall,",fall,all,fall,True,And silence whispers through it all.,And silence whispers through it all.,8
"The clouds are gray, the raindrops fall,",fall,wall,fall,True,And whisper secrets to the wall.,And whisper secrets to the wall.,9
"The clouds are gray, the raindrops fall,",fall,all,fall,True,And nature whispers tales of all.,And nature whispers tales of all.,10
"The clouds are gray, the raindrops fall,",fall,recall,fall,True,And whispers of the storm recall.,And whispers of the storm recall.,11
"The clouds are gray, the raindrops fall,",fall,call,fall,True,And echoes of the thunder call.,And echoes of the thunder call.,12
"The clouds are gray, the raindrops fall,",fall,tall,fall,True,And whispered secrets through the tall.,And whispered secrets through the tall.,13
"The clouds are gray, the raindrops fall,",fall,call,fall,True,And whispers of the storm call.,And whispers of the storm call.,14
"The clouds are gray, the raindrops fall,",fall,tall,fall,True,And silence whispers through the tall.,And silence whispers through the tall.,15
"The clouds are gray, the raindrops fall,",fall,call,fall,True,And whispers of the storm call.,And whispers of the storm call.,16
"The clouds are gray, the raindrops fall,",fall,call,fall,True,And whispers of the storm call.,And whispers of the storm call.,17
"The clouds are gray, the raindrops fall,",fall,hall,fall,True,And whispers echo through the hall.,And whispers echo through the hall.,18
"The clouds are gray, the raindrops fall,",fall,call,fall,True,And whispers of the storm call.,And whispers of the storm call.,19
"The clouds are gray, the raindrops fall,",fall,call,fall,True,And whispers of the storm call.,And whispers of the storm call.,20
"The clouds are gray, the raindrops fall,",fall,all,fall,True,And thunder whispers through it all.,And thunder whispers through it all.,21
"The clouds are gray, the raindrops fall,",fall,pall,fall,True,And summer's warmth begins to pall.,And summer's warmth begins to pall.,22
"The clouds are gray, the raindrops fall,",fall,call,fall,True,And echoes of the thunder call.,And echoes of the thunder call.,23
"The clouds are gray, the raindrops fall,",fall,call,fall,True,And silence hums a somber call.,And silence hums a somber call.,24
"The clouds are gray, the raindrops fall,",fall,call,fall,True,And echoes of thunder call.,And echoes of thunder call.,25
"The clouds are gray, the raindrops fall,",fall,all,fall,True,And thunder murmurs through it all.,And thunder murmurs through it all.,26
"The clouds are gray, the raindrops fall,",fall,hall,fall,True,And silent echoes fill the hall.,And silent echoes fill the hall.,27
"The clouds are gray, the raindrops fall,",fall,follow,fall,False,And whispers speak of storms to follow.,And whispers speak of storms to follow.,28
"The clouds are gray, the raindrops fall,",fall,calls,fall,False,"The world feels calm, yet something calls.","The world feels calm, yet something calls.",29
"The clouds are gray, the raindrops fall,",fall,call,fall,True,And whispers weave a somber call.,And whispers weave a somber call.,30
"The clouds are gray, the raindrops fall,",fall,calm,fall,False,And whisper tales of a coming calm.,And whisper tales of a coming calm.,31
"The clouds are gray, the raindrops fall,",fall,call,fall,True,And silence speaks in nature's call.,And silence speaks in nature's call.,32
"The clouds are gray, the raindrops fall,",fall,recall,fall,True,And whispers of the storm recall.,And whispers of the storm recall.,33
"The clouds are gray, the raindrops fall,",fall,tall,fall,True,"The world feels still, but hope calls tall.","The world feels still, but hope calls tall.",34
"The clouds are gray, the raindrops fall,",fall,recall,fall,True,And whispers of the storm recall.,And whispers of the storm recall.,35
"The clouds are gray, the raindrops fall,",fall,recall,fall,True,And whispers of the storm recall.,And whispers of the storm recall.,36
"The clouds are gray, the raindrops fall,",fall,wall,fall,True,And shadows dance upon the wall.,And shadows dance upon the wall.,37
"The clouds are gray, the raindrops fall,",fall,away,fall,False,And summer's warmth is slipping away.,And summer's warmth is slipping away.,38
"The clouds are gray, the raindrops fall,",fall,recall,fall,True,And whispers speak of storms to recall.,And whispers speak of storms to recall.,39
"The clouds are gray, the raindrops fall,",fall,recall,fall,True,And whispers of the storm recall.,And whispers of the storm recall.,40
"The clouds are gray, the raindrops fall,",fall,call,fall,True,And silence speaks in nature's call.,And silence speaks in nature's call.,41
"The clouds are gray, the raindrops fall,",fall,wall,fall,True,And whispered secrets through the wall.,And whispered secrets through the wall.,42
"The clouds are gray, the raindrops fall,",fall,call,fall,True,And silence speaks in nature's call.,And silence speaks in nature's call.,43
"The clouds are gray, the raindrops fall,",fall,wall,fall,True,And shadows dance upon the wall.,And shadows dance upon the wall.,44
"The clouds are gray, the raindrops fall,",fall,recall,fall,True,And whispers of the storm recall.,And whispers of the storm recall.,45
"The clouds are gray, the raindrops fall,",fall,wall,fall,True,And whisper secrets to the wall.,And whisper secrets to the wall.,46
"The clouds are gray, the raindrops fall,",fall,tall,fall,True,And whispers echo through the tall.,And whispers echo through the tall.,47
"The clouds are gray, the raindrops fall,",fall,call,fall,True,And whispers of the storm call.,And whispers of the storm call.,48
"The clouds are gray, the raindrops fall,",fall,crawl,fall,True,And summer's warmth begins to crawl.,And summer's warmth begins to crawl.,49
"The clouds are gray, the raindrops fall,",fall,call,fall,True,And silence speaks in nature's call.,And silence speaks in nature's call.,50
"The clouds are gray, the raindrops fall,",fall,recall,fall,True,And whispers of the storm recall.,And whispers of the storm recall.,51
"The clouds are gray, the raindrops fall,",fall,call,fall,True,And whispers of the storm call.,And whispers of the storm call.,52
"The clouds are gray, the raindrops fall,",fall,call,fall,True,And whispers of the storm call.,And whispers of the storm call.,53
"The clouds are gray, the raindrops fall,",fall,recall,fall,True,And whispers tell of storms to recall.,And whispers tell of storms to recall.,54
"The clouds are gray, the raindrops fall,",fall,all,fall,True,And thunder murmurs through it all.,And thunder murmurs through it all.,55
"The clouds are gray, the raindrops fall,",fall,wall,fall,True,And whisper secrets through the wall.,And whisper secrets through the wall.,56
"The clouds are gray, the raindrops fall,",fall,call,fall,True,And echoes of the thunder call.,And echoes of the thunder call.,57
"The clouds are gray, the raindrops fall,",fall,halls,fall,False,And thunder speaks in distant halls.,And thunder speaks in distant halls.,58
"The clouds are gray, the raindrops fall,",fall,call,fall,True,And whispers of the storm call.,And whispers of the storm call.,59
"The clouds are gray, the raindrops fall,",fall,tall,fall,True,And silence whispers through the tall.,And silence whispers through the tall.,60
"The clouds are gray, the raindrops fall,",fall,hall,fall,True,And silence speaks in every hall.,And silence speaks in every hall.,61
"The clouds are gray, the raindrops fall,",fall,all,fall,True,And silence whispers through it all.,And silence whispers through it all.,62
"The clouds are gray, the raindrops fall,",fall,wall,fall,True,And shadows dance upon the wall.,And shadows dance upon the wall.,63
"The clouds are gray, the raindrops fall,",fall,recall,fall,True,And whispers of the storm recall.,And whispers of the storm recall.,64
"The clouds are gray, the raindrops fall,",fall,wall,fall,True,And shadows dance upon the wall.,And shadows dance upon the wall.,65
"The clouds are gray, the raindrops fall,",fall,wall,fall,True,And whispered secrets to the wall.,And whispered secrets to the wall.,66
"The clouds are gray, the raindrops fall,",fall,wall,fall,True,And thunder murmurs through the wall.,And thunder murmurs through the wall.,67
"The clouds are gray, the raindrops fall,",fall,call,fall,True,And echoes of the storm call.,And echoes of the storm call.,68
"The clouds are gray, the raindrops fall,",fall,fall,fall,False,And summer's warmth begins to fall.,And summer's warmth begins to fall.,69
"The clouds are gray, the raindrops fall,",fall,wall,fall,True,And whisper secrets to the wall.,And whisper secrets to the wall.,70
"The clouds are gray, the raindrops fall,",fall,all,fall,True,And nature whispers tales of all.,And nature whispers tales of all.,71
"The clouds are gray, the raindrops fall,",fall,call,fall,True,And whispered dreams begin to call.,And whispered dreams begin to call.,72
"The clouds are gray, the raindrops fall,",fall,call,fall,True,And whispered dreams begin to call.,And whispered dreams begin to call.,73
"The clouds are gray, the raindrops fall,",fall,tall,fall,True,And whispers echo through the tall.,And whispers echo through the tall.,74
"The clouds are gray, the raindrops fall,",fall,wall,fall,True,And whisper secrets to the wall.,And whisper secrets to the wall.,75
"The clouds are gray, the raindrops fall,",fall,hall,fall,True,And whispers drift through the silent hall.,And whispers drift through the silent hall.,76
"The clouds are gray, the raindrops fall,",fall,call,fall,True,And echoes of thunder call.,And echoes of thunder call.,77
"The clouds are gray, the raindrops fall,",fall,hold,fall,False,And whispers of the storm take hold.,And whispers of the storm take hold.,78
"The clouds are gray, the raindrops fall,",fall,wall,fall,True,And shadows dance upon the wall.,And shadows dance upon the wall.,79
"The clouds are gray, the raindrops fall,",fall,hall,fall,True,And whispers drift through the silent hall.,And whispers drift through the silent hall.,80
"The clouds are gray, the raindrops fall,",fall,call,fall,True,And echoes of the storm call.,And echoes of the storm call.,81
"The clouds are gray, the raindrops fall,",fall,hall,fall,True,And whispers echo through the hall.,And whispers echo through the hall.,82
"The clouds are gray, the raindrops fall,",fall,all,fall,True,And thunder murmurs through it all.,And thunder murmurs through it all.,83
"The clouds are gray, the raindrops fall,",fall,stand,fall,False,"And nature whispers, ""Take a stand.""","And nature whispers, ""Take a stand.""",84
"The clouds are gray, the raindrops fall,",fall,wall,fall,True,And whisper secrets to the wall.,And whisper secrets to the wall.,85
"The clouds are gray, the raindrops fall,",fall,all,fall,True,And silence echoes through it all.,And silence echoes through it all.,86
"The clouds are gray, the raindrops fall,",fall,recall,fall,True,And whispers of the storm recall.,And whispers of the storm recall.,87
"The clouds are gray, the raindrops fall,",fall,all,fall,True,And silence whispers through it all.,And silence whispers through it all.,88
"The clouds are gray, the raindrops fall,",fall,tall,fall,True,And echoes whisper through the tall.,And echoes whisper through the tall.,89
"The clouds are gray, the raindrops fall,",fall,call,fall,True,And echoes of thunder call.,And echoes of thunder call.,90
"The clouds are gray, the raindrops fall,",fall,calm,fall,False,And whispers speak of coming calm.,And whispers speak of coming calm.,91
"The clouds are gray, the raindrops fall,",fall,hall,fall,True,And silent echoes fill the hall.,And silent echoes fill the hall.,92
"The clouds are gray, the raindrops fall,",fall,pall,fall,True,The world seems wrapped in a gentle pall.,The world seems wrapped in a gentle pall.,93
"The clouds are gray, the raindrops fall,",fall,hall,fall,True,And whispers echo through the hall.,And whispers echo through the hall.,94
"The clouds are gray, the raindrops fall,",fall,wall,fall,True,And shadows dance upon the wall.,And shadows dance upon the wall.,95
"The clouds are gray, the raindrops fall,",fall,all,fall,True,And silence whispers through it all.,And silence whispers through it all.,96
"The clouds are gray, the raindrops fall,",fall,recall,fall,True,And whispers of the storm recall.,And whispers of the storm recall.,97
"The clouds are gray, the raindrops fall,",fall,recall,fall,True,And whispers of the storm recall.,And whispers of the storm recall.,98
"The clouds are gray, the raindrops fall,",fall,all,fall,True,And silence whispers through it all.,And silence whispers through it all.,99
"The clouds are gray, the raindrops drop,",drop,stop,drop,True,And whisper secrets only the earth can stop.,And whisper secrets only the earth can stop.,0
"The clouds are gray, the raindrops drop,",drop,above,drop,False,And whispered secrets from above.,And whispered secrets from above.,1
"The clouds are gray, the raindrops drop,",drop,top,drop,True,And silence fills the quiet top.,And silence fills the quiet top.,2
"The clouds are gray, the raindrops drop,",drop,stop,drop,True,And silent echoes softly stop.,And silent echoes softly stop.,3
"The clouds are gray, the raindrops drop,",drop,crop,drop,True,And whispers echo in the crop.,And whispers echo in the crop.,4
"The clouds are gray, the raindrops drop,",drop,stop,drop,True,And echoes fade where whispers stop.,And echoes fade where whispers stop.,5
"The clouds are gray, the raindrops drop,",drop,clods,drop,False,And thunder rolls in heavy clods.,And thunder rolls in heavy clods.,6
"The clouds are gray, the raindrops drop,",drop,top,drop,True,And silence whispers through the top.,And silence whispers through the top.,7
"The clouds are gray, the raindrops drop,",drop,shop,drop,True,And silence fills the hollow shop.,And silence fills the hollow shop.,8
"The clouds are gray, the raindrops drop,",drop,was,drop,False,And shadows dance where the sunlight was.,And shadows dance where the sunlight was.,9
"The clouds are gray, the raindrops drop,",drop,stop,drop,True,And silence speaks where voices stop.,And silence speaks where voices stop.,10
"The clouds are gray, the raindrops drop,",drop,deep,drop,False,And thunder murmurs low and deep.,And thunder murmurs low and deep.,11
"The clouds are gray, the raindrops drop,",drop,crop,drop,True,And silence whispers on the crop.,And silence whispers on the crop.,12
"The clouds are gray, the raindrops drop,",drop,crop,drop,True,And echoes of the thunder crop.,And echoes of the thunder crop.,13
"The clouds are gray, the raindrops drop,",drop,stops,drop,False,And silence speaks where the thunder stops.,And silence speaks where the thunder stops.,14
"The clouds are gray, the raindrops drop,",drop,top,drop,True,And silence hums beneath the top.,And silence hums beneath the top.,15
"The clouds are gray, the raindrops drop,",drop,shop,drop,True,And silence fills the empty shop.,And silence fills the empty shop.,16
"The clouds are gray, the raindrops drop,",drop,crop,drop,True,"And silence wraps the world in a soft, sad crop.","And silence wraps the world in a soft, sad crop.",17
"The clouds are gray, the raindrops drop,",drop,stop,drop,True,And silence speaks where voices stop.,And silence speaks where voices stop.,18
"The clouds are gray, the raindrops drop,",drop,top,drop,True,And silence wraps the quiet top.,And silence wraps the quiet top.,19
"The clouds are gray, the raindrops drop,",drop,deep,drop,False,And thunder grumbles low and deep.,And thunder grumbles low and deep.,20
"The clouds are gray, the raindrops drop,",drop,stop,drop,True,And shadows stretch where the sunlight stop.,And shadows stretch where the sunlight stop.,21
"The clouds are gray, the raindrops drop,",drop,gone,drop,False,And silence speaks where words are gone.,And silence speaks where words are gone.,22
"The clouds are gray, the raindrops drop,",drop,crop,drop,True,And silence speaks where once there was a crop.,And silence speaks where once there was a crop.,23
"The clouds are gray, the raindrops drop,",drop,crop,drop,True,And silence wraps the sleeping crop.,And silence wraps the sleeping crop.,24
"The clouds are gray, the raindrops drop,",drop,stop,drop,True,And silence speaks where voices stop.,And silence speaks where voices stop.,25
"The clouds are gray, the raindrops drop,",drop,stop,drop,True,And silence speaks where voices stop.,And silence speaks where voices stop.,26
"The clouds are gray, the raindrops drop,",drop,stops,drop,False,And silence speaks where the thunder stops.,And silence speaks where the thunder stops.,27
"The clouds are gray, the raindrops drop,",drop,cold,drop,False,And whispers echo in the cold.,And whispers echo in the cold.,28
"The clouds are gray, the raindrops drop,",drop,deep,drop,False,And thunder murmurs low and deep.,And thunder murmurs low and deep.,29
"The clouds are gray, the raindrops drop,",drop,crop,drop,True,And whispers of the storm begin to crop.,And whispers of the storm begin to crop.,30
"The clouds are gray, the raindrops drop,",drop,deep,drop,False,And whispers echo in the deep.,And whispers echo in the deep.,31
"The clouds are gray, the raindrops drop,",drop,top,drop,True,And silence wraps the sleeping top.,And silence wraps the sleeping top.,32
"The clouds are gray, the raindrops drop,",drop,top,drop,True,And echoes whisper through the top.,And echoes whisper through the top.,33
"The clouds are gray, the raindrops drop,",drop,stop,drop,True,And silence whispers where the echoes stop.,And silence whispers where the echoes stop.,34
"The clouds are gray, the raindrops drop,",drop,crop,drop,True,And silence whispers on the crop.,And silence whispers on the crop.,35
"The clouds are gray, the raindrops drop,",drop,hope,drop,False,And silence wraps the world in hope.,And silence wraps the world in hope.,36
"The clouds are gray, the raindrops drop,",drop,gone,drop,False,And silence speaks where words are gone.,And silence speaks where words are gone.,37
"The clouds are gray, the raindrops drop,",drop,slope,drop,False,And silence whispers on the slope.,And silence whispers on the slope.,38
"The clouds are gray, the raindrops drop,",drop,deep,drop,False,And thunder murmurs low and deep.,And thunder murmurs low and deep.,39
"The clouds are gray, the raindrops drop,",drop,stop,drop,True,And silence whispers where the echoes stop.,And silence whispers where the echoes stop.,40
"The clouds are gray, the raindrops drop,",drop,top,drop,True,And silence wraps the sleepy top.,And silence wraps the sleepy top.,41
"The clouds are gray, the raindrops drop,",drop,top,drop,True,And thunder rolls across the top.,And thunder rolls across the top.,42
"The clouds are gray, the raindrops drop,",drop,crop,drop,True,And shadows creep along the crop.,And shadows creep along the crop.,43
"The clouds are gray, the raindrops drop,",drop,pop,drop,True,And echoes of the thunder pop.,And echoes of the thunder pop.,44
"The clouds are gray, the raindrops drop,",drop,stop,drop,True,And silent echoes softly stop.,And silent echoes softly stop.,45
"The clouds are gray, the raindrops drop,",drop,stops,drop,False,And shadows dance where sunlight stops.,And shadows dance where sunlight stops.,46
"The clouds are gray, the raindrops drop,",drop,crop,drop,True,And silence speaks where once there was a crop.,And silence speaks where once there was a crop.,47
"The clouds are gray, the raindrops drop,",drop,crop,drop,True,And silence whispers through the crop.,And silence whispers through the crop.,48
"The clouds are gray, the raindrops drop,",drop,crop,drop,True,And whispers of a storm begin to crop.,And whispers of a storm begin to crop.,49
"The clouds are gray, the raindrops drop,",drop,stop,drop,True,And silence speaks where voices stop.,And silence speaks where voices stop.,50
"The clouds are gray, the raindrops drop,",drop,deep,drop,False,And thunder murmurs low and deep.,And thunder murmurs low and deep.,51
"The clouds are gray, the raindrops drop,",drop,slope,drop,False,And silence whispers on the slope.,And silence whispers on the slope.,52
"The clouds are gray, the raindrops drop,",drop,top,drop,True,And silence wraps the sleeping top.,And silence wraps the sleeping top.,53
"The clouds are gray, the raindrops drop,",drop,crop,drop,True,And whispers echo in the crop.,And whispers echo in the crop.,54
"The clouds are gray, the raindrops drop,",drop,top,drop,True,"And silence wraps the world in a soft, gray top.","And silence wraps the world in a soft, gray top.",55
"The clouds are gray, the raindrops drop,",drop,crop,drop,True,And silence whispers through the crop.,And silence whispers through the crop.,56
"The clouds are gray, the raindrops drop,",drop,soft,drop,False,And whispers of the storm are soft.,And whispers of the storm are soft.,57
"The clouds are gray, the raindrops drop,",drop,crop,drop,True,And whispers echo through the crop.,And whispers echo through the crop.,58
"The clouds are gray, the raindrops drop,",drop,stop,drop,True,And silence speaks where voices stop.,And silence speaks where voices stop.,59
"The clouds are gray, the raindrops drop,",drop,stop,drop,True,And silence speaks where voices stop.,And silence speaks where voices stop.,60
"The clouds are gray, the raindrops drop,",drop,crop,drop,True,And silence whispers through the crop.,And silence whispers through the crop.,61
"The clouds are gray, the raindrops drop,",drop,crop,drop,True,And whisper secrets to the crop.,And whisper secrets to the crop.,62
"The clouds are gray, the raindrops drop,",drop,crop,drop,True,"And thunder rolls with a deep, dark crop.","And thunder rolls with a deep, dark crop.",63
"The clouds are gray, the raindrops drop,",drop,hope,drop,False,And silence speaks in whispered hope.,And silence speaks in whispered hope.,64
"The clouds are gray, the raindrops drop,",drop,top,drop,True,And whisper secrets to the top.,And whisper secrets to the top.,65
"The clouds are gray, the raindrops drop,",drop,lost,drop,False,And silence speaks where words are lost.,And silence speaks where words are lost.,66
"The clouds are gray, the raindrops drop,",drop,deep,drop,False,And silence speaks in whispers deep.,And silence speaks in whispers deep.,67
"The clouds are gray, the raindrops drop,",drop,stop,drop,True,And whispers of the storm will stop.,And whispers of the storm will stop.,68
"The clouds are gray, the raindrops drop,",drop,stop,drop,True,And silence speaks where voices stop.,And silence speaks where voices stop.,69
"The clouds are gray, the raindrops drop,",drop,top,drop,True,And silence wraps the sleeping top.,And silence wraps the sleeping top.,70
"The clouds are gray, the raindrops drop,",drop,low,drop,False,"And silence whispers, soft and low.","And silence whispers, soft and low.",71
"The clouds are gray, the raindrops drop,",drop,crop,drop,True,And shadows creep along the crop.,And shadows creep along the crop.,72
"The clouds are gray, the raindrops drop,",drop,top,drop,True,And shadows creep along the top.,And shadows creep along the top.,73
"The clouds are gray, the raindrops drop,",drop,stop,drop,True,And silence speaks where voices stop.,And silence speaks where voices stop.,74
"The clouds are gray, the raindrops drop,",drop,crop,drop,True,And silence wraps the quiet crop.,And silence wraps the quiet crop.,75
"The clouds are gray, the raindrops drop,",drop,stop,drop,True,And silence speaks in every stop.,And silence speaks in every stop.,76
"The clouds are gray, the raindrops drop,",drop,crop,drop,True,And silence fills the quiet crop.,And silence fills the quiet crop.,77
"The clouds are gray, the raindrops drop,",drop,top,drop,True,And whisper secrets to the top.,And whisper secrets to the top.,78
"The clouds are gray, the raindrops drop,",drop,crop,drop,True,And silent whispers fill the crop.,And silent whispers fill the crop.,79
"The clouds are gray, the raindrops drop,",drop,crop,drop,True,And silence wraps the quiet crop.,And silence wraps the quiet crop.,80
"The clouds are gray, the raindrops drop,",drop,crop,drop,True,And whispered secrets to the crop.,And whispered secrets to the crop.,81
"The clouds are gray, the raindrops drop,",drop,top,drop,True,And whispered secrets to the top.,And whispered secrets to the top.,82
"The clouds are gray, the raindrops drop,",drop,song,drop,False,And silence hums a somber song.,And silence hums a somber song.,83
"The clouds are gray, the raindrops drop,",drop,stop,drop,True,And whispers of the storm we'll stop.,And whispers of the storm we'll stop.,84
"The clouds are gray, the raindrops drop,",drop,stops,drop,False,And silence speaks where the thunder stops.,And silence speaks where the thunder stops.,85
"The clouds are gray, the raindrops drop,",drop,lost,drop,False,And shadows stretch where sunlight's lost.,And shadows stretch where sunlight's lost.,86
"The clouds are gray, the raindrops drop,",drop,lost,drop,False,And silence speaks where words are lost.,And silence speaks where words are lost.,87
"The clouds are gray, the raindrops drop,",drop,ahead,drop,False,And whispers speak of storms ahead.,And whispers speak of storms ahead.,88
"The clouds are gray, the raindrops drop,",drop,top,drop,True,And silence whispers on the top.,And silence whispers on the top.,89
"The clouds are gray, the raindrops drop,",drop,deep,drop,False,And silence speaks in whispers deep.,And silence speaks in whispers deep.,90
"The clouds are gray, the raindrops drop,",drop,copse,drop,False,And thunder rolls beneath the copse.,And thunder rolls beneath the copse.,91
"The clouds are gray, the raindrops drop,",drop,trees,drop,False,And whispers weave through the trees.,And whispers weave through the trees.,92
"The clouds are gray, the raindrops drop,",drop,deep,drop,False,And thunder murmurs low and deep.,And thunder murmurs low and deep.,93
"The clouds are gray, the raindrops drop,",drop,crop,drop,True,And silent thoughts begin to crop.,And silent thoughts begin to crop.,94
"The clouds are gray, the raindrops drop,",drop,stop,drop,True,And silence speaks where voices stop.,And silence speaks where voices stop.,95
"The clouds are gray, the raindrops drop,",drop,crop,drop,True,And whisper secrets to the crop.,And whisper secrets to the crop.,96
"The clouds are gray, the raindrops drop,",drop,stop,drop,True,And silence speaks where voices stop.,And silence speaks where voices stop.,97
"The clouds are gray, the raindrops drop,",drop,top,drop,True,"And silence wraps the world in a soft, wet top.","And silence wraps the world in a soft, wet top.",98
"The clouds are gray, the raindrops drop,",drop,stop,drop,True,And silence speaks where voices stop.,And silence speaks where voices stop.,99
"The clouds are gray, the raindrops plunge,",plunge,trees,plunge,False,And thunder murmurs through the trees.,And thunder murmurs through the trees.,0
"The clouds are gray, the raindrops plunge,",plunge,fence,plunge,False,And thunder murmurs through the fence.,And thunder murmurs through the fence.,1
"The clouds are gray, the raindrops plunge,",plunge,trees,plunge,False,And thunder murmurs through the trees.,And thunder murmurs through the trees.,2
"The clouds are gray, the raindrops plunge,",plunge,young,plunge,False,"The earth is soaked, the skies grow young.","The earth is soaked, the skies grow young.",3
"The clouds are gray, the raindrops plunge,",plunge,distance,plunge,False,And echoes of thunder growl in the distance.,And echoes of thunder growl in the distance.,4
"The clouds are gray, the raindrops plunge,",plunge,tongues,plunge,False,And thunder speaks in booming tongues.,And thunder speaks in booming tongues.,5
"The clouds are gray, the raindrops plunge,",plunge,tongue,plunge,False,And thunder speaks in booming tongue.,And thunder speaks in booming tongue.,6
"The clouds are gray, the raindrops plunge,",plunge,stones,plunge,False,And thunder murmurs through the stones.,And thunder murmurs through the stones.,7
"The clouds are gray, the raindrops plunge,",plunge,sky,plunge,False,And thunder rolls across the sky.,And thunder rolls across the sky.,8
"The clouds are gray, the raindrops plunge,",plunge,song,plunge,False,And thunder growls a solemn song.,And thunder growls a solemn song.,9
"The clouds are gray, the raindrops plunge,",plunge,sky,plunge,False,And thunder rolls across the sky.,And thunder rolls across the sky.,10
"The clouds are gray, the raindrops plunge,",plunge,fence,plunge,False,And thunder murmurs through the fence.,And thunder murmurs through the fence.,11
"The clouds are gray, the raindrops plunge,",plunge,tune,plunge,False,And thunder growls a somber tune.,And thunder growls a somber tune.,12
"The clouds are gray, the raindrops plunge,",plunge,fence,plunge,False,And thunder murmurs through the fence.,And thunder murmurs through the fence.,13
"The clouds are gray, the raindrops plunge,",plunge,sky,plunge,False,And thunder rolls across the sky.,And thunder rolls across the sky.,14
"The clouds are gray, the raindrops plunge,",plunge,sky,plunge,False,And thunder rolls across the sky.,And thunder rolls across the sky.,15
"The clouds are gray, the raindrops plunge,",plunge,theungle,plunge,False,And thunder murmurs through theungle.,And thunder murmurs through theungle.,16
"The clouds are gray, the raindrops plunge,",plunge,tongue,plunge,False,And thunder speaks in booming tongue.,And thunder speaks in booming tongue.,17
"The clouds are gray, the raindrops plunge,",plunge,fence,plunge,False,And whispers echo through the fence.,And whispers echo through the fence.,18
"The clouds are gray, the raindrops plunge,",plunge,tongue,plunge,False,And thunder speaks in booming tongue.,And thunder speaks in booming tongue.,19
"The clouds are gray, the raindrops plunge,",plunge,fence,plunge,False,And thunder murmurs through the fence.,And thunder murmurs through the fence.,20
"The clouds are gray, the raindrops plunge,",plunge,stung,plunge,False,And thunder rolls beneath the stung.,And thunder rolls beneath the stung.,21
"The clouds are gray, the raindrops plunge,",plunge,trees,plunge,False,And thunder murmurs through the trees.,And thunder murmurs through the trees.,22
"The clouds are gray, the raindrops plunge,",plunge,trees,plunge,False,And thunder murmurs through the trees.,And thunder murmurs through the trees.,23
"The clouds are gray, the raindrops plunge,",plunge,tongue,plunge,False,And thunder speaks in booming tongue.,And thunder speaks in booming tongue.,24
"The clouds are gray, the raindrops plunge,",plunge,song,plunge,False,And thunder hums a solemn song.,And thunder hums a solemn song.,25
"The clouds are gray, the raindrops plunge,",plunge,tones,plunge,False,And thunder speaks in whispered tones.,And thunder speaks in whispered tones.,26
"The clouds are gray, the raindrops plunge,",plunge,fence,plunge,False,And thunder murmurs through the fence.,And thunder murmurs through the fence.,27
"The clouds are gray, the raindrops plunge,",plunge,song,plunge,False,And thunder growls a mournful song.,And thunder growls a mournful song.,28
"The clouds are gray, the raindrops plunge,",plunge,plunge,plunge,False,And thunder growls a distant plunge.,And thunder growls a distant plunge.,29
"The clouds are gray, the raindrops plunge,",plunge,land,plunge,False,And thunder rolls across the land.,And thunder rolls across the land.,30
"The clouds are gray, the raindrops plunge,",plunge,rung,plunge,False,And echoes of the storm still rung.,And echoes of the storm still rung.,31
"The clouds are gray, the raindrops plunge,",plunge,sky,plunge,False,And thunder rolls across the sky.,And thunder rolls across the sky.,32
"The clouds are gray, the raindrops plunge,",plunge,tune,plunge,False,The winds lament a somber tune.,The winds lament a somber tune.,33
"The clouds are gray, the raindrops plunge,",plunge,fence,plunge,False,And thunder murmurs through the fence.,And thunder murmurs through the fence.,34
"The clouds are gray, the raindrops plunge,",plunge,fence,plunge,False,And thunder murmurs through the fence.,And thunder murmurs through the fence.,35
"The clouds are gray, the raindrops plunge,",plunge,fence,plunge,False,And thunder murmurs through the fence.,And thunder murmurs through the fence.,36
"The clouds are gray, the raindrops plunge,",plunge,land,plunge,False,And thunder rolls across the land.,And thunder rolls across the land.,37
"The clouds are gray, the raindrops plunge,",plunge,slumber,plunge,False,The world is wrapped in a silent slumber.,The world is wrapped in a silent slumber.,38
"The clouds are gray, the raindrops plunge,",plunge,dance,plunge,False,And every shadow seems to dance.,And every shadow seems to dance.,39
"The clouds are gray, the raindrops plunge,",plunge,song,plunge,False,And thunder growls a silent song.,And thunder growls a silent song.,40
"The clouds are gray, the raindrops plunge,",plunge,tongue,plunge,False,And thunder murmurs through the tongue.,And thunder murmurs through the tongue.,41
"The clouds are gray, the raindrops plunge,",plunge,trees,plunge,False,And thunder murmurs through the trees.,And thunder murmurs through the trees.,42
"The clouds are gray, the raindrops plunge,",plunge,hush,plunge,False,The world is wrapped in a silent hush.,The world is wrapped in a silent hush.,43
"The clouds are gray, the raindrops plunge,",plunge,theungle,plunge,False,And thunder murmurs through theungle.,And thunder murmurs through theungle.,44
"The clouds are gray, the raindrops plunge,",plunge,fence,plunge,False,And thunder whispers through the fence.,And thunder whispers through the fence.,45
"The clouds are gray, the raindrops plunge,",plunge,surges,plunge,False,And thunder speaks in whispered surges.,And thunder speaks in whispered surges.,46
"The clouds are gray, the raindrops plunge,",plunge,tune,plunge,False,The world is washed in sorrow's tune.,The world is washed in sorrow's tune.,47
"The clouds are gray, the raindrops plunge,",plunge,fence,plunge,False,And thunder murmurs through the fence.,And thunder murmurs through the fence.,48
"The clouds are gray, the raindrops plunge,",plunge,fence,plunge,False,And thunder whispers through the fence.,And thunder whispers through the fence.,49
"The clouds are gray, the raindrops plunge,",plunge,town,plunge,False,And echoes of thunder rumble through the town.,And echoes of thunder rumble through the town.,50
"The clouds are gray, the raindrops plunge,",plunge,land,plunge,False,And thunder rolls across the land.,And thunder rolls across the land.,51
"The clouds are gray, the raindrops plunge,",plunge,song,plunge,False,And thunder hums a solemn song.,And thunder hums a solemn song.,52
"The clouds are gray, the raindrops plunge,",plunge,fence,plunge,False,And thunder growls beneath the fence.,And thunder growls beneath the fence.,53
"The clouds are gray, the raindrops plunge,",plunge,stones,plunge,False,And thunder murmurs through the stones.,And thunder murmurs through the stones.,54
"The clouds are gray, the raindrops plunge,",plunge,mount,plunge,False,And thunder rolls across the mount.,And thunder rolls across the mount.,55
"The clouds are gray, the raindrops plunge,",plunge,tongue,plunge,False,And thunder speaks in booming tongue.,And thunder speaks in booming tongue.,56
"The clouds are gray, the raindrops plunge,",plunge,tongue,plunge,False,And thunder growls a silent tongue.,And thunder growls a silent tongue.,57
"The clouds are gray, the raindrops plunge,",plunge,fence,plunge,False,And thunder murmurs through the fence.,And thunder murmurs through the fence.,58
"The clouds are gray, the raindrops plunge,",plunge,sky,plunge,False,And thunder rolls across the sky.,And thunder rolls across the sky.,59
"The clouds are gray, the raindrops plunge,",plunge,fence,plunge,False,And thunder murmurs through the fence.,And thunder murmurs through the fence.,60
"The clouds are gray, the raindrops plunge,",plunge,hymn,plunge,False,And thunder growls a solemn hymn.,And thunder growls a solemn hymn.,61
"The clouds are gray, the raindrops plunge,",plunge,sky,plunge,False,And thunder rolls across the sky.,And thunder rolls across the sky.,62
"The clouds are gray, the raindrops plunge,",plunge,fence,plunge,False,And thunder whispers through the fence.,And thunder whispers through the fence.,63
"The clouds are gray, the raindrops plunge,",plunge,young,plunge,False,"The world feels heavy, burdened, young.","The world feels heavy, burdened, young.",64
"The clouds are gray, the raindrops plunge,",plunge,gloom,plunge,False,"The world feels heavy, drowned in gloom.","The world feels heavy, drowned in gloom.",65
"The clouds are gray, the raindrops plunge,",plunge,land,plunge,False,And thunder rolls across the land.,And thunder rolls across the land.,66
"The clouds are gray, the raindrops plunge,",plunge,song,plunge,False,And thunder growls a mournful song.,And thunder growls a mournful song.,67
"The clouds are gray, the raindrops plunge,",plunge,land,plunge,False,And thunder rolls across the land.,And thunder rolls across the land.,68
"The clouds are gray, the raindrops plunge,",plunge,tune,plunge,False,And thunder hums a somber tune.,And thunder hums a somber tune.,69
"The clouds are gray, the raindrops plunge,",plunge,sky,plunge,False,And thunder rolls across the sky.,And thunder rolls across the sky.,70
"The clouds are gray, the raindrops plunge,",plunge,sky,plunge,False,And thunder rolls across the sky.,And thunder rolls across the sky.,71
"The clouds are gray, the raindrops plunge,",plunge,chime,plunge,False,And echoes of thunder softly chime.,And echoes of thunder softly chime.,72
"The clouds are gray, the raindrops plunge,",plunge,sky,plunge,False,And thunder rolls across the sky.,And thunder rolls across the sky.,73
"The clouds are gray, the raindrops plunge,",plunge,fence,plunge,False,And thunder murmurs through the fence.,And thunder murmurs through the fence.,74
"The clouds are gray, the raindrops plunge,",plunge,grumble,plunge,False,And echoes hum through the thunder's grumble.,And echoes hum through the thunder's grumble.,75
"The clouds are gray, the raindrops plunge,",plunge,sky,plunge,False,And thunder rolls across the sky.,And thunder rolls across the sky.,76
"The clouds are gray, the raindrops plunge,",plunge,sky,plunge,False,And thunder rolls across the sky.,And thunder rolls across the sky.,77
"The clouds are gray, the raindrops plunge,",plunge,tune,plunge,False,And thunder hums a silent tune.,And thunder hums a silent tune.,78
"The clouds are gray, the raindrops plunge,",plunge,sponge,plunge,True,And echoes rise from every sponge.,And echoes rise from every sponge.,79
"The clouds are gray, the raindrops plunge,",plunge,song,plunge,False,And echoes of thunder sing their song.,And echoes of thunder sing their song.,80
"The clouds are gray, the raindrops plunge,",plunge,song,plunge,False,And thunder growls a somber song.,And thunder growls a somber song.,81
"The clouds are gray, the raindrops plunge,",plunge,fence,plunge,False,And thunder whispers through the fence.,And thunder whispers through the fence.,82
"The clouds are gray, the raindrops plunge,",plunge,fence,plunge,False,And thunder murmurs through the fence.,And thunder murmurs through the fence.,83
"The clouds are gray, the raindrops plunge,",plunge,flung,plunge,False,And every shadow seems to flung.,And every shadow seems to flung.,84
"The clouds are gray, the raindrops plunge,",plunge,tongue,plunge,False,And thunder speaks in booming tongue.,And thunder speaks in booming tongue.,85
"The clouds are gray, the raindrops plunge,",plunge,storm,plunge,False,And thunder rolls beneath the storm.,And thunder rolls beneath the storm.,86
"The clouds are gray, the raindrops plunge,",plunge,fence,plunge,False,And thunder murmurs through the fence.,And thunder murmurs through the fence.,87
"The clouds are gray, the raindrops plunge,",plunge,fence,plunge,False,And thunder whispers through the fence.,And thunder whispers through the fence.,88
"The clouds are gray, the raindrops plunge,",plunge,fence,plunge,False,And thunder murmurs through the fence.,And thunder murmurs through the fence.,89
"The clouds are gray, the raindrops plunge,",plunge,sky,plunge,False,And thunder rolls across the sky.,And thunder rolls across the sky.,90
"The clouds are gray, the raindrops plunge,",plunge,sky,plunge,False,And thunder rolls across the sky.,And thunder rolls across the sky.,91
"The clouds are gray, the raindrops plunge,",plunge,fence,plunge,False,And thunder murmurs through the fence.,And thunder murmurs through the fence.,92
"The clouds are gray, the raindrops plunge,",plunge,fence,plunge,False,And thunder murmurs through the fence.,And thunder murmurs through the fence.,93
"The clouds are gray, the raindrops plunge,",plunge,trees,plunge,False,And thunder murmurs through the trees.,And thunder murmurs through the trees.,94
"The clouds are gray, the raindrops plunge,",plunge,fence,plunge,False,And thunder murmurs through the fence.,And thunder murmurs through the fence.,95
"The clouds are gray, the raindrops plunge,",plunge,jungle,plunge,False,And thunder whispers through the jungle.,And thunder whispers through the jungle.,96
"The clouds are gray, the raindrops plunge,",plunge,tongue,plunge,False,The winds whisper songs of thunder's tongue.,The winds whisper songs of thunder's tongue.,97
"The clouds are gray, the raindrops plunge,",plunge,tongue,plunge,False,And thunder speaks in echoing tongue.,And thunder speaks in echoing tongue.,98
"The clouds are gray, the raindrops plunge,",plunge,fence,plunge,False,And thunder murmurs through the fence.,And thunder murmurs through the fence.,99
"The clouds are gray, the raindrops tumble,",tumble,murmurs,tumble,False,And thunder speaks in rumbling murmurs.,And thunder speaks in rumbling murmurs.,0
"The clouds are gray, the raindrops tumble,",tumble,rumble,tumble,True,And whispers of the storm grow rumble.,And whispers of the storm grow rumble.,1
"The clouds are gray, the raindrops tumble,",tumble,hush,tumble,False,And the world is washed in silver hush.,And the world is washed in silver hush.,2
"The clouds are gray, the raindrops tumble,",tumble,drum,tumble,False,And thunder rolls across the drum.,And thunder rolls across the drum.,3
"The clouds are gray, the raindrops tumble,",tumble,rumble,tumble,True,And thunder rolls beneath the rumble.,And thunder rolls beneath the rumble.,4
"The clouds are gray, the raindrops tumble,",tumble,grumble,tumble,True,"But hope remains, though skies may grumble.","But hope remains, though skies may grumble.",5
"The clouds are gray, the raindrops tumble,",tumble,solemn,tumble,False,And whispers of the storm grow solemn.,And whispers of the storm grow solemn.,6
"The clouds are gray, the raindrops tumble,",tumble,drumbeats,tumble,False,And the world is washed in silver drumbeats.,And the world is washed in silver drumbeats.,7
"The clouds are gray, the raindrops tumble,",tumble,rumble,tumble,True,And thunder murmurs through the rumble.,And thunder murmurs through the rumble.,8
"The clouds are gray, the raindrops tumble,",tumble,under,tumble,False,And echoes of thunder rumble under.,And echoes of thunder rumble under.,9
"The clouds are gray, the raindrops tumble,",tumble,everyumble,tumble,False,But hope still shines through everyumble.,But hope still shines through everyumble.,10
"The clouds are gray, the raindrops tumble,",tumble,humble,tumble,True,And whispers of the storm grow humble.,And whispers of the storm grow humble.,11
"The clouds are gray, the raindrops tumble,",tumble,sky,tumble,False,And thunder rolls across the gloomy sky.,And thunder rolls across the gloomy sky.,12
"The clouds are gray, the raindrops tumble,",tumble,drum,tumble,False,And thunder murmurs through the drum.,And thunder murmurs through the drum.,13
"The clouds are gray, the raindrops tumble,",tumble,hum,tumble,False,And thunder growls a somber hum.,And thunder growls a somber hum.,14
"The clouds are gray, the raindrops tumble,",tumble,rumble,tumble,True,And thunder speaks in whispered rumble.,And thunder speaks in whispered rumble.,15
"The clouds are gray, the raindrops tumble,",tumble,humble,tumble,True,And whisper secrets to the humble.,And whisper secrets to the humble.,16
"The clouds are gray, the raindrops tumble,",tumble,humble,tumble,True,And thunder murmurs through the humble.,And thunder murmurs through the humble.,17
"The clouds are gray, the raindrops tumble,",tumble,hymn,tumble,False,And the world is washed in silver hymn.,And the world is washed in silver hymn.,18
"The clouds are gray, the raindrops tumble,",tumble,drumbeats,tumble,False,And thunder rolls like distant drumbeats.,And thunder rolls like distant drumbeats.,19
"The clouds are gray, the raindrops tumble,",tumble,humble,tumble,True,And thunder rolls beneath the humble.,And thunder rolls beneath the humble.,20
"The clouds are gray, the raindrops tumble,",tumble,drum,tumble,False,And thunder murmurs through the drum.,And thunder murmurs through the drum.,21
"The clouds are gray, the raindrops tumble,",tumble,slumbers,tumble,False,And the world is washed in silver slumbers.,And the world is washed in silver slumbers.,22
"The clouds are gray, the raindrops tumble,",tumble,hush,tumble,False,And the world is wrapped in a gentle hush.,And the world is wrapped in a gentle hush.,23
"The clouds are gray, the raindrops tumble,",tumble,drum,tumble,False,And thunder rolls with a mighty drum.,And thunder rolls with a mighty drum.,24
"The clouds are gray, the raindrops tumble,",tumble,theumbling,tumble,False,And thunder rolls beneath theumbling.,And thunder rolls beneath theumbling.,25
"The clouds are gray, the raindrops tumble,",tumble,thunder,tumble,False,And shadows stretch beneath the thunder.,And shadows stretch beneath the thunder.,26
"The clouds are gray, the raindrops tumble,",tumble,hush,tumble,False,And the world is wrapped in a gentle hush.,And the world is wrapped in a gentle hush.,27
"The clouds are gray, the raindrops tumble,",tumble,distance,tumble,False,And thunder grumbles in the distance.,And thunder grumbles in the distance.,28
"The clouds are gray, the raindrops tumble,",tumble,rumble,tumble,True,And thunder hums a distant rumble.,And thunder hums a distant rumble.,29
"The clouds are gray, the raindrops tumble,",tumble,cradle,tumble,False,And thunder murmurs through the cradle.,And thunder murmurs through the cradle.,30
"The clouds are gray, the raindrops tumble,",tumble,summer,tumble,False,And the wind whispers tales of summer.,And the wind whispers tales of summer.,31
"The clouds are gray, the raindrops tumble,",tumble,humble,tumble,True,And thunder rolls across the humble.,And thunder rolls across the humble.,32
"The clouds are gray, the raindrops tumble,",tumble,drum,tumble,False,And thunder rolls with a mighty drum.,And thunder rolls with a mighty drum.,33
"The clouds are gray, the raindrops tumble,",tumble,humble,tumble,True,And thunder rolls across the humble.,And thunder rolls across the humble.,34
"The clouds are gray, the raindrops tumble,",tumble,humble,tumble,True,And whispers of the storm are humble.,And whispers of the storm are humble.,35
"The clouds are gray, the raindrops tumble,",tumble,humble,tumble,True,And whispers of the storm grow humble.,And whispers of the storm grow humble.,36
"The clouds are gray, the raindrops tumble,",tumble,grumbles,tumble,False,And echoes fade where the thunder grumbles.,And echoes fade where the thunder grumbles.,37
"The clouds are gray, the raindrops tumble,",tumble,timber,tumble,False,And thunder murmurs through the timber.,And thunder murmurs through the timber.,38
"The clouds are gray, the raindrops tumble,",tumble,humble,tumble,True,"And nature whispers, ""Time to humble.""","And nature whispers, ""Time to humble.""",39
"The clouds are gray, the raindrops tumble,",tumble,drum,tumble,False,And thunder rolls like a drum.,And thunder rolls like a drum.,40
"The clouds are gray, the raindrops tumble,",tumble,gloom,tumble,False,And thunder murmurs in the gloom.,And thunder murmurs in the gloom.,41
"The clouds are gray, the raindrops tumble,",tumble,drum,tumble,False,And thunder murmurs through the drum.,And thunder murmurs through the drum.,42
"The clouds are gray, the raindrops tumble,",tumble,grumble,tumble,True,"But hope remains, though skies may grumble.","But hope remains, though skies may grumble.",43
"The clouds are gray, the raindrops tumble,",tumble,humble,tumble,True,And thunder murmurs through the humble.,And thunder murmurs through the humble.,44
"The clouds are gray, the raindrops tumble,",tumble,humble,tumble,True,And whispers of the storm grow humble.,And whispers of the storm grow humble.,45
"The clouds are gray, the raindrops tumble,",tumble,drum,tumble,False,And thunder hums a distant drum.,And thunder hums a distant drum.,46
"The clouds are gray, the raindrops tumble,",tumble,humble,tumble,True,And thunder murmurs through the humble.,And thunder murmurs through the humble.,47
"The clouds are gray, the raindrops tumble,",tumble,humble,tumble,True,And thunder murmurs through the humble.,And thunder murmurs through the humble.,48
"The clouds are gray, the raindrops tumble,",tumble,hum,tumble,False,And shadows dance beneath the plumbeous hum.,And shadows dance beneath the plumbeous hum.,49
"The clouds are gray, the raindrops tumble,",tumble,drum,tumble,False,And thunder rolls like a distant drum.,And thunder rolls like a distant drum.,50
"The clouds are gray, the raindrops tumble,",tumble,rumble,tumble,True,And thunder murmurs through the rumble.,And thunder murmurs through the rumble.,51
"The clouds are gray, the raindrops tumble,",tumble,drum,tumble,False,But hope still shines through the storm's cold drum.,But hope still shines through the storm's cold drum.,52
"The clouds are gray, the raindrops tumble,",tumble,hymn,tumble,False,And thunder hums a somber hymn.,And thunder hums a somber hymn.,53
"The clouds are gray, the raindrops tumble,",tumble,rumble,tumble,True,And thunder murmurs in the rumble.,And thunder murmurs in the rumble.,54
"The clouds are gray, the raindrops tumble,",tumble,hummel,tumble,False,And thunder growls a somber hummel.,And thunder growls a somber hummel.,55
"The clouds are gray, the raindrops tumble,",tumble,drum,tumble,False,And thunder rolls like a distant drum.,And thunder rolls like a distant drum.,56
"The clouds are gray, the raindrops tumble,",tumble,hills,tumble,False,And thunder murmurs through the hollow hills.,And thunder murmurs through the hollow hills.,57
"The clouds are gray, the raindrops tumble,",tumble,drum,tumble,False,And thunder hums a whispered drum.,And thunder hums a whispered drum.,58
"The clouds are gray, the raindrops tumble,",tumble,drum,tumble,False,And thunder rolls with a mighty drum.,And thunder rolls with a mighty drum.,59
"The clouds are gray, the raindrops tumble,",tumble,humble,tumble,True,And thunder murmurs through the humble.,And thunder murmurs through the humble.,60
"The clouds are gray, the raindrops tumble,",tumble,rumble,tumble,True,And whispers of the storm come rumble.,And whispers of the storm come rumble.,61
"The clouds are gray, the raindrops tumble,",tumble,rumble,tumble,True,And thunder murmurs through the rumble.,And thunder murmurs through the rumble.,62
"The clouds are gray, the raindrops tumble,",tumble,gloom,tumble,False,And thunder murmurs through the gloom.,And thunder murmurs through the gloom.,63
"The clouds are gray, the raindrops tumble,",tumble,cradle,tumble,False,And thunder murmurs through the cradle.,And thunder murmurs through the cradle.,64
"The clouds are gray, the raindrops tumble,",tumble,humble,tumble,True,And echoes call from every humble.,And echoes call from every humble.,65
"The clouds are gray, the raindrops tumble,",tumble,hymn,tumble,False,And thunder growls a somber hymn.,And thunder growls a somber hymn.,66
"The clouds are gray, the raindrops tumble,",tumble,summer,tumble,False,And thunder murmurs through the summer.,And thunder murmurs through the summer.,67
"The clouds are gray, the raindrops tumble,",tumble,thunder,tumble,False,And shadows dance beneath the thunder.,And shadows dance beneath the thunder.,68
"The clouds are gray, the raindrops tumble,",tumble,thunder,tumble,False,And shadows dance beneath the thunder.,And shadows dance beneath the thunder.,69
"The clouds are gray, the raindrops tumble,",tumble,drum,tumble,False,And thunder murmurs through the drum.,And thunder murmurs through the drum.,70
"The clouds are gray, the raindrops tumble,",tumble,drum,tumble,False,"And thunder hums a low, solemn drum.","And thunder hums a low, solemn drum.",71
"The clouds are gray, the raindrops tumble,",tumble,humble,tumble,True,And whispers of the storm come humble.,And whispers of the storm come humble.,72
"The clouds are gray, the raindrops tumble,",tumble,drum,tumble,False,And thunder rolls like a distant drum.,And thunder rolls like a distant drum.,73
"The clouds are gray, the raindrops tumble,",tumble,humble,tumble,True,"But the thunder speaks in whispers, humble.","But the thunder speaks in whispers, humble.",74
"The clouds are gray, the raindrops tumble,",tumble,trees,tumble,False,And whispers weave through the dripping trees.,And whispers weave through the dripping trees.,75
"The clouds are gray, the raindrops tumble,",tumble,drumb,tumble,False,"And thunder hums a low, rumbling drumb.","And thunder hums a low, rumbling drumb.",76
"The clouds are gray, the raindrops tumble,",tumble,humble,tumble,True,And thunder murmurs through the humble.,And thunder murmurs through the humble.,77
"The clouds are gray, the raindrops tumble,",tumble,slumbers,tumble,False,And the world is washed in silver slumbers.,And the world is washed in silver slumbers.,78
"The clouds are gray, the raindrops tumble,",tumble,storm,tumble,False,And nature whispers of a coming storm.,And nature whispers of a coming storm.,79
"The clouds are gray, the raindrops tumble,",tumble,summer,tumble,False,And the wind whispers tales of summer.,And the wind whispers tales of summer.,80
"The clouds are gray, the raindrops tumble,",tumble,rumble,tumble,True,And whispers of the storm begin to rumble.,And whispers of the storm begin to rumble.,81
"The clouds are gray, the raindrops tumble,",tumble,rumble,tumble,True,And thunder rolls beneath the rumble.,And thunder rolls beneath the rumble.,82
"The clouds are gray, the raindrops tumble,",tumble,come,tumble,False,And whispers speak of storms to come.,And whispers speak of storms to come.,83
"The clouds are gray, the raindrops tumble,",tumble,humble,tumble,True,And whispers of the storm are humble.,And whispers of the storm are humble.,84
"The clouds are gray, the raindrops tumble,",tumble,thunder,tumble,False,And whisper secrets to the thunder.,And whisper secrets to the thunder.,85
"The clouds are gray, the raindrops tumble,",tumble,rumble,tumble,True,And whispers of the storm come rumble.,And whispers of the storm come rumble.,86
"The clouds are gray, the raindrops tumble,",tumble,rumble,tumble,True,And whispers of the storm come rumble.,And whispers of the storm come rumble.,87
"The clouds are gray, the raindrops tumble,",tumble,drum,tumble,False,And thunder hums a distant drum.,And thunder hums a distant drum.,88
"The clouds are gray, the raindrops tumble,",tumble,rumble,tumble,True,And whispers of the storm come rumble.,And whispers of the storm come rumble.,89
"The clouds are gray, the raindrops tumble,",tumble,humble,tumble,True,And thunder speaks in murmurs humble.,And thunder speaks in murmurs humble.,90
"The clouds are gray, the raindrops tumble,",tumble,drum,tumble,False,And thunder murmurs through the drum.,And thunder murmurs through the drum.,91
"The clouds are gray, the raindrops tumble,",tumble,crumble,tumble,True,And silence hums in every crumble.,And silence hums in every crumble.,92
"The clouds are gray, the raindrops tumble,",tumble,drum,tumble,False,And thunder rolls like a drum.,And thunder rolls like a drum.,93
"The clouds are gray, the raindrops tumble,",tumble,drum,tumble,False,And thunder rolls with a heavy drum.,And thunder rolls with a heavy drum.,94
"The clouds are gray, the raindrops tumble,",tumble,drum,tumble,False,And thunder hums a distant drum.,And thunder hums a distant drum.,95
"The clouds are gray, the raindrops tumble,",tumble,rumble,tumble,True,And whispers of the storm rumble.,And whispers of the storm rumble.,96
"The clouds are gray, the raindrops tumble,",tumble,tune,tumble,False,And thunder hums a low and solemn tune.,And thunder hums a low and solemn tune.,97
"The clouds are gray, the raindrops tumble,",tumble,thunder,tumble,False,And thunder rolls in rumbling thunder.,And thunder rolls in rumbling thunder.,98
"The clouds are gray, the raindrops tumble,",tumble,humble,tumble,True,And thunder murmurs through the humble.,And thunder murmurs through the humble.,99
"The clouds are gray, the raindrops sink,",sink,wink,sink,True,And silence speaks in every wink.,And silence speaks in every wink.,0
"The clouds are gray, the raindrops sink,",sink,thin,sink,False,And silence speaks in whispers thin.,And silence speaks in whispers thin.,1
"The clouds are gray, the raindrops sink,",sink,faint,sink,False,"The world feels still, and hope turns faint.","The world feels still, and hope turns faint.",2
"The clouds are gray, the raindrops sink,",sink,dim,sink,False,"The world feels heavy, hearts grow dim.","The world feels heavy, hearts grow dim.",3
"The clouds are gray, the raindrops sink,",sink,ink,sink,True,And silence hums within the ink.,And silence hums within the ink.,4
"The clouds are gray, the raindrops sink,",sink,ink,sink,True,And silent echoes fill the ink.,And silent echoes fill the ink.,5
"The clouds are gray, the raindrops sink,",sink,thin,sink,False,And silence speaks in whispers thin.,And silence speaks in whispers thin.,6
"The clouds are gray, the raindrops sink,",sink,hush,sink,False,The world seems wrapped in a quiet hush.,The world seems wrapped in a quiet hush.,7
"The clouds are gray, the raindrops sink,",sink,thin,sink,False,"The world feels heavy, hearts grow thin.","The world feels heavy, hearts grow thin.",8
"The clouds are gray, the raindrops sink,",sink,ink,sink,True,"The world feels heavy, soaked in ink.","The world feels heavy, soaked in ink.",9
"The clouds are gray, the raindrops sink,",sink,dim,sink,False,"The world feels heavy, hearts grow dim.","The world feels heavy, hearts grow dim.",10
"The clouds are gray, the raindrops sink,",sink,think,sink,True,And every shadow seems to think.,And every shadow seems to think.,11
"The clouds are gray, the raindrops sink,",sink,think,sink,True,"The world feels still, the heart does think.","The world feels still, the heart does think.",12
"The clouds are gray, the raindrops sink,",sink,thin,sink,False,And silence speaks in whispers thin.,And silence speaks in whispers thin.,13
"The clouds are gray, the raindrops sink,",sink,think,sink,True,And every shadow seems to think.,And every shadow seems to think.,14
"The clouds are gray, the raindrops sink,",sink,thin,sink,False,"The world feels still, and hearts grow thin.","The world feels still, and hearts grow thin.",15
"The clouds are gray, the raindrops sink,",sink,thin,sink,False,And silence speaks in whispers thin.,And silence speaks in whispers thin.,16
"The clouds are gray, the raindrops sink,",sink,ink,sink,True,And silence speaks in whispered ink.,And silence speaks in whispered ink.,17
"The clouds are gray, the raindrops sink,",sink,linked,sink,False,"The world feels quiet, heavy, linked.","The world feels quiet, heavy, linked.",18
"The clouds are gray, the raindrops sink,",sink,think,sink,True,And whispers speak of what they think.,And whispers speak of what they think.,19
"The clouds are gray, the raindrops sink,",sink,come,sink,False,And whispers tell of storms to come.,And whispers tell of storms to come.,20
"The clouds are gray, the raindrops sink,",sink,thin,sink,False,"The world feels still, and hope is thin.","The world feels still, and hope is thin.",21
"The clouds are gray, the raindrops sink,",sink,ink,sink,True,And silence speaks in whispered ink.,And silence speaks in whispered ink.,22
"The clouds are gray, the raindrops sink,",sink,did,sink,False,And shadows stretch where sunlight once did.,And shadows stretch where sunlight once did.,23
"The clouds are gray, the raindrops sink,",sink,ofink,sink,False,"The world feels heavy, drained ofink.","The world feels heavy, drained ofink.",24
"The clouds are gray, the raindrops sink,",sink,ink,sink,True,"The world feels heavy, wrapped in ink.","The world feels heavy, wrapped in ink.",25
"The clouds are gray, the raindrops sink,",sink,thinks,sink,False,And shadows stretch where daylight thinks.,And shadows stretch where daylight thinks.,26
"The clouds are gray, the raindrops sink,",sink,park,sink,False,And silence hums within the park.,And silence hums within the park.,27
"The clouds are gray, the raindrops sink,",sink,think,sink,True,"The world feels still, yet storms will think.","The world feels still, yet storms will think.",28
"The clouds are gray, the raindrops sink,",sink,dim,sink,False,"The world feels heavy, hearts grow dim.","The world feels heavy, hearts grow dim.",29
"The clouds are gray, the raindrops sink,",sink,ink,sink,True,And silence whispers through the ink.,And silence whispers through the ink.,30
"The clouds are gray, the raindrops sink,",sink,thin,sink,False,And silence speaks in whispers thin.,And silence speaks in whispers thin.,31
"The clouds are gray, the raindrops sink,",sink,stink,sink,True,The world seems lost in a silent stink.,The world seems lost in a silent stink.,32
"The clouds are gray, the raindrops sink,",sink,drink,sink,True,The world seems wrapped in a silent drink.,The world seems wrapped in a silent drink.,33
"The clouds are gray, the raindrops sink,",sink,dim,sink,False,"The world feels still, the heart grows dim.","The world feels still, the heart grows dim.",34
"The clouds are gray, the raindrops sink,",sink,dim,sink,False,"The world feels heavy, hearts grow dim.","The world feels heavy, hearts grow dim.",35
"The clouds are gray, the raindrops sink,",sink,thin,sink,False,And silence speaks in whispers thin.,And silence speaks in whispers thin.,36
"The clouds are gray, the raindrops sink,",sink,stink,sink,True,"The world feels still, the silence stink.","The world feels still, the silence stink.",37
"The clouds are gray, the raindrops sink,",sink,dim,sink,False,"The world feels heavy, burdened, dim.","The world feels heavy, burdened, dim.",38
"The clouds are gray, the raindrops sink,",sink,ink,sink,True,"The world feels heavy, drained of ink.","The world feels heavy, drained of ink.",39
"The clouds are gray, the raindrops sink,",sink,within,sink,False,"The world feels heavy, deep within.","The world feels heavy, deep within.",40
"The clouds are gray, the raindrops sink,",sink,still,sink,False,"The world feels heavy, silent, still.","The world feels heavy, silent, still.",41
"The clouds are gray, the raindrops sink,",sink,ink,sink,True,And silence whispers through the ink.,And silence whispers through the ink.,42
"The clouds are gray, the raindrops sink,",sink,within,sink,False,"The world feels heavy, lost within.","The world feels heavy, lost within.",43
"The clouds are gray, the raindrops sink,",sink,link,sink,True,And silence speaks in every link.,And silence speaks in every link.,44
"The clouds are gray, the raindrops sink,",sink,begin,sink,False,"The world feels still, yet hope will begin.","The world feels still, yet hope will begin.",45
"The clouds are gray, the raindrops sink,",sink,think,sink,True,And silent thoughts begin to think.,And silent thoughts begin to think.,46
"The clouds are gray, the raindrops sink,",sink,thin,sink,False,And silence speaks in whispers thin.,And silence speaks in whispers thin.,47
"The clouds are gray, the raindrops sink,",sink,think,sink,True,"The world feels heavy, hope may think.","The world feels heavy, hope may think.",48
"The clouds are gray, the raindrops sink,",sink,ink,sink,True,And silence speaks in whispered ink.,And silence speaks in whispered ink.,49
"The clouds are gray, the raindrops sink,",sink,still,sink,False,"The world feels heavy, silent, still.","The world feels heavy, silent, still.",50
"The clouds are gray, the raindrops sink,",sink,ink,sink,True,The world seems wrapped in silent ink.,The world seems wrapped in silent ink.,51
"The clouds are gray, the raindrops sink,",sink,thin,sink,False,"The world feels heavy, hearts grow thin.","The world feels heavy, hearts grow thin.",52
"The clouds are gray, the raindrops sink,",sink,dim,sink,False,"The world feels heavy, hearts grow dim.","The world feels heavy, hearts grow dim.",53
"The clouds are gray, the raindrops sink,",sink,dim,sink,False,"The world feels heavy, burdened, dim.","The world feels heavy, burdened, dim.",54
"The clouds are gray, the raindrops sink,",sink,thick,sink,False,And silence speaks in whispers thick.,And silence speaks in whispers thick.,55
"The clouds are gray, the raindrops sink,",sink,blink,sink,True,The world seems wrapped in a quiet blink.,The world seems wrapped in a quiet blink.,56
"The clouds are gray, the raindrops sink,",sink,ink,sink,True,"The world feels heavy, tinged with ink.","The world feels heavy, tinged with ink.",57
"The clouds are gray, the raindrops sink,",sink,doink,sink,False,"The world feels heavy, hearts doink.","The world feels heavy, hearts doink.",58
"The clouds are gray, the raindrops sink,",sink,dank,sink,False,"The world feels heavy, dim, and dank.","The world feels heavy, dim, and dank.",59
"The clouds are gray, the raindrops sink,",sink,ink,sink,True,And silence speaks in whispered ink.,And silence speaks in whispered ink.,60
"The clouds are gray, the raindrops sink,",sink,wink,sink,True,The world seems wrapped in a somber wink.,The world seems wrapped in a somber wink.,61
"The clouds are gray, the raindrops sink,",sink,wink,sink,True,The world seems wrapped in a quiet wink.,The world seems wrapped in a quiet wink.,62
"The clouds are gray, the raindrops sink,",sink,ink,sink,True,"The world feels heavy, hearts begin to ink.","The world feels heavy, hearts begin to ink.",63
"The clouds are gray, the raindrops sink,",sink,brink,sink,True,And silence hums beneath the brink.,And silence hums beneath the brink.,64
"The clouds are gray, the raindrops sink,",sink,thin,sink,False,"The world feels still, and hearts grow thin.","The world feels still, and hearts grow thin.",65
"The clouds are gray, the raindrops sink,",sink,think,sink,True,"The world feels heavy, hearts will think.","The world feels heavy, hearts will think.",66
"The clouds are gray, the raindrops sink,",sink,wink,sink,True,And silence speaks in every wink.,And silence speaks in every wink.,67
"The clouds are gray, the raindrops sink,",sink,in,sink,False,And silent echoes call us in.,And silent echoes call us in.,68
"The clouds are gray, the raindrops sink,",sink,dim,sink,False,"The world feels still, the skies grow dim.","The world feels still, the skies grow dim.",69
"The clouds are gray, the raindrops sink,",sink,thin,sink,False,"The world feels still, and hearts grow thin.","The world feels still, and hearts grow thin.",70
"The clouds are gray, the raindrops sink,",sink,ink,sink,True,"The world feels still, a muted ink.","The world feels still, a muted ink.",71
"The clouds are gray, the raindrops sink,",sink,still,sink,False,"The world feels heavy, silent, still.","The world feels heavy, silent, still.",72
"The clouds are gray, the raindrops sink,",sink,brink,sink,True,And shadows creep along the brink.,And shadows creep along the brink.,73
"The clouds are gray, the raindrops sink,",sink,ink,sink,True,And silent echoes fill the ink.,And silent echoes fill the ink.,74
"The clouds are gray, the raindrops sink,",sink,within,sink,False,And silent whispers drift within.,And silent whispers drift within.,75
"The clouds are gray, the raindrops sink,",sink,ink,sink,True,And silence whispers through the ink.,And silence whispers through the ink.,76
"The clouds are gray, the raindrops sink,",sink,think,sink,True,And every shadow seems to think.,And every shadow seems to think.,77
"The clouds are gray, the raindrops sink,",sink,ink,sink,True,"The world feels heavy, drained of ink.","The world feels heavy, drained of ink.",78
"The clouds are gray, the raindrops sink,",sink,hymn,sink,False,The world seems wrapped in a somber hymn.,The world seems wrapped in a somber hymn.,79
"The clouds are gray, the raindrops sink,",sink,hill,sink,False,And silent echoes fill the hill.,And silent echoes fill the hill.,80
"The clouds are gray, the raindrops sink,",sink,thin,sink,False,And silence speaks in whispers thin.,And silence speaks in whispers thin.,81
"The clouds are gray, the raindrops sink,",sink,pink,sink,True,And silence speaks in whispers pink.,And silence speaks in whispers pink.,82
"The clouds are gray, the raindrops sink,",sink,thick,sink,False,And silence speaks in whispers thick.,And silence speaks in whispers thick.,83
"The clouds are gray, the raindrops sink,",sink,ink,sink,True,"The world feels heavy, drained of ink.","The world feels heavy, drained of ink.",84
"The clouds are gray, the raindrops sink,",sink,ink,sink,True,And silence speaks in whispered ink.,And silence speaks in whispered ink.,85
"The clouds are gray, the raindrops sink,",sink,ink,sink,True,"The world feels heavy, tinged with ink.","The world feels heavy, tinged with ink.",86
"The clouds are gray, the raindrops sink,",sink,thin,sink,False,"The world feels heavy, hope is thin.","The world feels heavy, hope is thin.",87
"The clouds are gray, the raindrops sink,",sink,ink,sink,True,And silence speaks in whispered ink.,And silence speaks in whispered ink.,88
"The clouds are gray, the raindrops sink,",sink,ink,sink,True,And silence whispers through the ink.,And silence whispers through the ink.,89
"The clouds are gray, the raindrops sink,",sink,wink,sink,True,And silence speaks in every wink.,And silence speaks in every wink.,90
"The clouds are gray, the raindrops sink,",sink,thin,sink,False,"The world feels heavy, hearts grow thin.","The world feels heavy, hearts grow thin.",91
"The clouds are gray, the raindrops sink,",sink,thin,sink,False,And silence speaks in whispers thin.,And silence speaks in whispers thin.,92
"The clouds are gray, the raindrops sink,",sink,winked,sink,False,And shadows creep where light once winked.,And shadows creep where light once winked.,93
"The clouds are gray, the raindrops sink,",sink,begin,sink,False,"The world feels still, yet storms begin.","The world feels still, yet storms begin.",94
"The clouds are gray, the raindrops sink,",sink,thin,sink,False,"The world feels heavy, hearts grow thin.","The world feels heavy, hearts grow thin.",95
"The clouds are gray, the raindrops sink,",sink,doesink,sink,False,"The world feels still, the heart doesink.","The world feels still, the heart doesink.",96
"The clouds are gray, the raindrops sink,",sink,thin,sink,False,And silence speaks in whispers thin.,And silence speaks in whispers thin.,97
"The clouds are gray, the raindrops sink,",sink,did,sink,False,And shadows stretch where sunlight once did.,And shadows stretch where sunlight once did.,98
"The clouds are gray, the raindrops sink,",sink,dim,sink,False,"The world feels heavy, muted, dim.","The world feels heavy, muted, dim.",99
"The clouds are gray, the raindrops spill,",spill,chill,spill,True,And thunder rolls with a silent chill.,And thunder rolls with a silent chill.,0
"The clouds are gray, the raindrops spill,",spill,still,spill,True,"The world feels heavy, hearts grow still.","The world feels heavy, hearts grow still.",1
"The clouds are gray, the raindrops spill,",spill,hill,spill,True,And thunder whispers through the hill.,And thunder whispers through the hill.,2
"The clouds are gray, the raindrops spill,",spill,hill,spill,True,And silence falls upon the hill.,And silence falls upon the hill.,3
"The clouds are gray, the raindrops spill,",spill,hill,spill,True,And whisper secrets to the hill.,And whisper secrets to the hill.,4
"The clouds are gray, the raindrops spill,",spill,hill,spill,True,And thunder murmurs through the hill.,And thunder murmurs through the hill.,5
"The clouds are gray, the raindrops spill,",spill,hill,spill,True,And thunder murmurs through the hill.,And thunder murmurs through the hill.,6
"The clouds are gray, the raindrops spill,",spill,hill,spill,True,And whisper secrets to the hill.,And whisper secrets to the hill.,7
"The clouds are gray, the raindrops spill,",spill,hill,spill,True,And silence falls on every hill.,And silence falls on every hill.,8
"The clouds are gray, the raindrops spill,",spill,hill,spill,True,And shadows dance upon the hill.,And shadows dance upon the hill.,9
"The clouds are gray, the raindrops spill,",spill,will,spill,True,And whispers rise on the wind's soft will.,And whispers rise on the wind's soft will.,10
"The clouds are gray, the raindrops spill,",spill,fill,spill,True,And whispers of the storm still fill.,And whispers of the storm still fill.,11
"The clouds are gray, the raindrops spill,",spill,hill,spill,True,And echoes call from hill to hill.,And echoes call from hill to hill.,12
"The clouds are gray, the raindrops spill,",spill,still,spill,True,A somber tune the wind will still.,A somber tune the wind will still.,13
"The clouds are gray, the raindrops spill,",spill,fill,spill,True,And whispers of the storm still fill.,And whispers of the storm still fill.,14
"The clouds are gray, the raindrops spill,",spill,fill,spill,True,And whispers of the storm still fill.,And whispers of the storm still fill.,15
"The clouds are gray, the raindrops spill,",spill,chill,spill,True,"And nature whispers, ""Take a chill.""","And nature whispers, ""Take a chill.""",16
"The clouds are gray, the raindrops spill,",spill,fill,spill,True,A sorrowful tune the wind will fill.,A sorrowful tune the wind will fill.,17
"The clouds are gray, the raindrops spill,",spill,hill,spill,True,And whispers drift through the trembling hill.,And whispers drift through the trembling hill.,18
"The clouds are gray, the raindrops spill,",spill,hill,spill,True,And silence falls on every hill.,And silence falls on every hill.,19
"The clouds are gray, the raindrops spill,",spill,hill,spill,True,And silence whispers through the hill.,And silence whispers through the hill.,20
"The clouds are gray, the raindrops spill,",spill,chill,spill,True,The world is washed in silver chill.,The world is washed in silver chill.,21
"The clouds are gray, the raindrops spill,",spill,hill,spill,True,And whisper secrets to the hill.,And whisper secrets to the hill.,22
"The clouds are gray, the raindrops spill,",spill,hill,spill,True,A whispered sigh drifts through the hill.,A whispered sigh drifts through the hill.,23
"The clouds are gray, the raindrops spill,",spill,still,spill,True,The sky weeps tears that never still.,The sky weeps tears that never still.,24
"The clouds are gray, the raindrops spill,",spill,chill,spill,True,The world is washed in silver chill.,The world is washed in silver chill.,25
"The clouds are gray, the raindrops spill,",spill,hill,spill,True,And whisper secrets to the hill.,And whisper secrets to the hill.,26
"The clouds are gray, the raindrops spill,",spill,fill,spill,True,A somber tune the wind does fill.,A somber tune the wind does fill.,27
"The clouds are gray, the raindrops spill,",spill,fill,spill,True,A somber tune the wind will fill.,A somber tune the wind will fill.,28
"The clouds are gray, the raindrops spill,",spill,hill,spill,True,And whispers echo through the hill.,And whispers echo through the hill.,29
"The clouds are gray, the raindrops spill,",spill,hill,spill,True,And whispers fill the silent hill.,And whispers fill the silent hill.,30
"The clouds are gray, the raindrops spill,",spill,fill,spill,True,And echoes of the storm still fill.,And echoes of the storm still fill.,31
"The clouds are gray, the raindrops spill,",spill,fill,spill,True,A somber tune the sky does fill.,A somber tune the sky does fill.,32
"The clouds are gray, the raindrops spill,",spill,still,spill,True,And whispers speak of endings still.,And whispers speak of endings still.,33
"The clouds are gray, the raindrops spill,",spill,chill,spill,True,The earth is washed in silver chill.,The earth is washed in silver chill.,34
"The clouds are gray, the raindrops spill,",spill,still,spill,True,A whispered sigh fills the still.,A whispered sigh fills the still.,35
"The clouds are gray, the raindrops spill,",spill,hill,spill,True,And echoes call from hill to hill.,And echoes call from hill to hill.,36
"The clouds are gray, the raindrops spill,",spill,windowsill,spill,False,And shadows dance on the windowsill.,And shadows dance on the windowsill.,37
"The clouds are gray, the raindrops spill,",spill,fill,spill,True,And whispers of the storm still fill.,And whispers of the storm still fill.,38
"The clouds are gray, the raindrops spill,",spill,hill,spill,True,And silence falls on the forest hill.,And silence falls on the forest hill.,39
"The clouds are gray, the raindrops spill,",spill,will,spill,True,And whispers rise on the wind's will.,And whispers rise on the wind's will.,40
"The clouds are gray, the raindrops spill,",spill,still,spill,True,The world feels still.,The world feels still.,41
"The clouds are gray, the raindrops spill,",spill,will,spill,True,And whispers rise on the wind's still will.,And whispers rise on the wind's still will.,42
"The clouds are gray, the raindrops spill,",spill,chill,spill,True,"The sky feels heavy, full of chill.","The sky feels heavy, full of chill.",43
"The clouds are gray, the raindrops spill,",spill,fill,spill,True,And whispers of the storm still fill.,And whispers of the storm still fill.,44
"The clouds are gray, the raindrops spill,",spill,hill,spill,True,And whisper secrets to the hill.,And whisper secrets to the hill.,45
"The clouds are gray, the raindrops spill,",spill,hill,spill,True,And whispered secrets down the hill.,And whispered secrets down the hill.,46
"The clouds are gray, the raindrops spill,",spill,hill,spill,True,And whispers echo through the hill.,And whispers echo through the hill.,47
"The clouds are gray, the raindrops spill,",spill,fill,spill,True,And whispers of the storm still fill.,And whispers of the storm still fill.,48
"The clouds are gray, the raindrops spill,",spill,still,spill,True,"The world feels heavy, quiet, still.","The world feels heavy, quiet, still.",49
"The clouds are gray, the raindrops spill,",spill,hill,spill,True,And silence hums beneath the hill.,And silence hums beneath the hill.,50
"The clouds are gray, the raindrops spill,",spill,fill,spill,True,And whispers speak of storms to fill.,And whispers speak of storms to fill.,51
"The clouds are gray, the raindrops spill,",spill,hill,spill,True,And whisper secrets to the hill.,And whisper secrets to the hill.,52
"The clouds are gray, the raindrops spill,",spill,fill,spill,True,A melancholy hush begins to fill.,A melancholy hush begins to fill.,53
"The clouds are gray, the raindrops spill,",spill,fill,spill,True,And whispers of the storm still fill.,And whispers of the storm still fill.,54
"The clouds are gray, the raindrops spill,",spill,fill,spill,True,And whispers of the storm still fill.,And whispers of the storm still fill.,55
"The clouds are gray, the raindrops spill,",spill,chill,spill,True,"The world is quiet, caught in a chill.","The world is quiet, caught in a chill.",56
"The clouds are gray, the raindrops spill,",spill,sill,spill,True,And shadows dance on the window sill.,And shadows dance on the window sill.,57
"The clouds are gray, the raindrops spill,",spill,hill,spill,True,And whispered secrets down the hill.,And whispered secrets down the hill.,58
"The clouds are gray, the raindrops spill,",spill,will,spill,True,And whisper secrets to the will.,And whisper secrets to the will.,59
"The clouds are gray, the raindrops spill,",spill,hill,spill,True,And whisper secrets to the hill.,And whisper secrets to the hill.,60
"The clouds are gray, the raindrops spill,",spill,hill,spill,True,And silence falls upon the hill.,And silence falls upon the hill.,61
"The clouds are gray, the raindrops spill,",spill,chill,spill,True,The world is washed in silver chill.,The world is washed in silver chill.,62
"The clouds are gray, the raindrops spill,",spill,hill,spill,True,And silence falls upon the hill.,And silence falls upon the hill.,63
"The clouds are gray, the raindrops spill,",spill,hill,spill,True,And whispered secrets down the hill.,And whispered secrets down the hill.,64
"The clouds are gray, the raindrops spill,",spill,will,spill,True,And echoes whisper through the will.,And echoes whisper through the will.,65
"The clouds are gray, the raindrops spill,",spill,will,spill,True,And whispers echo through the will.,And whispers echo through the will.,66
"The clouds are gray, the raindrops spill,",spill,chime,spill,False,And silence hums a somber chime.,And silence hums a somber chime.,67
"The clouds are gray, the raindrops spill,",spill,fill,spill,True,A melancholy hush begins to fill.,A melancholy hush begins to fill.,68
"The clouds are gray, the raindrops spill,",spill,hill,spill,True,A somber hush upon the hill.,A somber hush upon the hill.,69
"The clouds are gray, the raindrops spill,",spill,fill,spill,True,And whispers of the storm still fill.,And whispers of the storm still fill.,70
"The clouds are gray, the raindrops spill,",spill,hill,spill,True,And whisper secrets to the hill.,And whisper secrets to the hill.,71
"The clouds are gray, the raindrops spill,",spill,hill,spill,True,And whispers fill the silent hill.,And whispers fill the silent hill.,72
"The clouds are gray, the raindrops spill,",spill,hill,spill,True,And sorrow walks the winding hill.,And sorrow walks the winding hill.,73
"The clouds are gray, the raindrops spill,",spill,fill,spill,True,And whispers of the storm begin to fill.,And whispers of the storm begin to fill.,74
"The clouds are gray, the raindrops spill,",spill,still,spill,True,And shadows dance where daylight still.,And shadows dance where daylight still.,75
"The clouds are gray, the raindrops spill,",spill,chill,spill,True,"The world feels heavy, filled with chill.","The world feels heavy, filled with chill.",76
"The clouds are gray, the raindrops spill,",spill,fill,spill,True,And whispers of the storm still fill.,And whispers of the storm still fill.,77
"The clouds are gray, the raindrops spill,",spill,hill,spill,True,And whispered secrets down the hill.,And whispered secrets down the hill.,78
"The clouds are gray, the raindrops spill,",spill,still,spill,True,And shadows dance where the daylight still.,And shadows dance where the daylight still.,79
"The clouds are gray, the raindrops spill,",spill,hill,spill,True,And whispers echo through the hill.,And whispers echo through the hill.,80
"The clouds are gray, the raindrops spill,",spill,fill,spill,True,A somber tune the wind will fill.,A somber tune the wind will fill.,81
"The clouds are gray, the raindrops spill,",spill,chill,spill,True,And whispers weave through the willow's chill.,And whispers weave through the willow's chill.,82
"The clouds are gray, the raindrops spill,",spill,chill,spill,True,And nature whispers of a chill.,And nature whispers of a chill.,83
"The clouds are gray, the raindrops spill,",spill,hill,spill,True,A silent hush falls over the hill.,A silent hush falls over the hill.,84
"The clouds are gray, the raindrops spill,",spill,fill,spill,True,And whispers of the storm still fill.,And whispers of the storm still fill.,85
"The clouds are gray, the raindrops spill,",spill,hill,spill,True,And whispers echo through the hill.,And whispers echo through the hill.,86
"The clouds are gray, the raindrops spill,",spill,chill,spill,True,And whispers weave through the willow's chill.,And whispers weave through the willow's chill.,87
"The clouds are gray, the raindrops spill,",spill,fill,spill,True,And whispers of the storm begin to fill.,And whispers of the storm begin to fill.,88
"The clouds are gray, the raindrops spill,",spill,hill,spill,True,And silence falls upon the hill.,And silence falls upon the hill.,89
"The clouds are gray, the raindrops spill,",spill,still,spill,True,"The world feels heavy, dim, and still.","The world feels heavy, dim, and still.",90
"The clouds are gray, the raindrops spill,",spill,fill,spill,True,And whispers of a storm still fill.,And whispers of a storm still fill.,91
"The clouds are gray, the raindrops spill,",spill,fill,spill,True,A melancholy hush begins to fill.,A melancholy hush begins to fill.,92
"The clouds are gray, the raindrops spill,",spill,hill,spill,True,And whispers echo through the hill.,And whispers echo through the hill.,93
"The clouds are gray, the raindrops spill,",spill,still,spill,True,"And nature whispers, ""This is still.""","And nature whispers, ""This is still.""",94
"The clouds are gray, the raindrops spill,",spill,chills,spill,False,"The earth is soaked, the sky still chills.","The earth is soaked, the sky still chills.",95
"The clouds are gray, the raindrops spill,",spill,hill,spill,True,And whisper secrets to the hill.,And whisper secrets to the hill.,96
"The clouds are gray, the raindrops spill,",spill,hill,spill,True,And thunder murmurs through the hill.,And thunder murmurs through the hill.,97
"The clouds are gray, the raindrops spill,",spill,chill,spill,True,A somber tune the wind will chill.,A somber tune the wind will chill.,98
"The clouds are gray, the raindrops spill,",spill,will,spill,True,And whispers rise on the wind's will.,And whispers rise on the wind's will.,99
"The silver moon casts its gentle light,",light,night,delight,True,"Upon the quiet, sleeping night.","Upon the quiet, sleeping night.",0
"The silver moon casts its gentle light,",light,night,delight,True,"Upon the quiet, sleeping night.","Upon the quiet, sleeping night.",1
"The silver moon casts its gentle light,",light,night,delight,True,Upon the still and sleeping night.,Upon the still and sleeping night.,2
"The silver moon casts its gentle light,",light,night,delight,True,"Upon the silent, sleeping night.","Upon the silent, sleeping night.",3
"The silver moon casts its gentle light,",light,night,delight,True,Upon the calm and sleeping night.,Upon the calm and sleeping night.,4
"The silver moon casts its gentle light,",light,night,delight,True,"Upon the quiet, sleeping night.","Upon the quiet, sleeping night.",5
"The silver moon casts its gentle light,",light,night,delight,True,"Upon the silent, sleeping night.","Upon the silent, sleeping night.",6
"The silver moon casts its gentle light,",light,night,delight,True,"Upon the silent, sleeping night.","Upon the silent, sleeping night.",7
"The silver moon casts its gentle light,",light,night,delight,True,"Upon the silent, sleeping night.","Upon the silent, sleeping night.",8
"The silver moon casts its gentle light,",light,bright,delight,True,"Upon the quiet lake, so still and bright.","Upon the quiet lake, so still and bright.",9
"The silver moon casts its gentle light,",light,night,delight,True,"Upon the silent, sleeping night.","Upon the silent, sleeping night.",10
"The silver moon casts its gentle light,",light,night,delight,True,Upon the waves of the velvet night.,Upon the waves of the velvet night.,11
"The silver moon casts its gentle light,",light,night,delight,True,"Upon the silent, sleeping night.","Upon the silent, sleeping night.",12
"The silver moon casts its gentle light,",light,bright,delight,True,"Upon the quiet lake, so still and bright.","Upon the quiet lake, so still and bright.",13
"The silver moon casts its gentle light,",light,night,delight,True,Upon the quiet waves of night.,Upon the quiet waves of night.,14
"The silver moon casts its gentle light,",light,night,delight,True,Upon the quiet waves of night.,Upon the quiet waves of night.,15
"The silver moon casts its gentle light,",light,night,delight,True,"Upon the silent, sleeping night.","Upon the silent, sleeping night.",16
"The silver moon casts its gentle light,",light,night,delight,True,"Upon the silent, sleeping night.","Upon the silent, sleeping night.",17
"The silver moon casts its gentle light,",light,night,delight,True,"Upon the silent, sleeping night.","Upon the silent, sleeping night.",18
"The silver moon casts its gentle light,",light,night,delight,True,"Upon the quiet, sleeping night.","Upon the quiet, sleeping night.",19
"The silver moon casts its gentle light,",light,night,delight,True,Upon the waves of the silent night.,Upon the waves of the silent night.,20
"The silver moon casts its gentle light,",light,night,delight,True,"Upon the silent, sleeping night.","Upon the silent, sleeping night.",21
"The silver moon casts its gentle light,",light,night,delight,True,Upon the still and sleeping night.,Upon the still and sleeping night.,22
"The silver moon casts its gentle light,",light,night,delight,True,Upon the still and sleeping night.,Upon the still and sleeping night.,23
"The silver moon casts its gentle light,",light,night,delight,True,Upon the quiet waves of night.,Upon the quiet waves of night.,24
"The silver moon casts its gentle light,",light,night,delight,True,"Upon the silent, sleeping night.","Upon the silent, sleeping night.",25
"The silver moon casts its gentle light,",light,night,delight,True,Upon the calm and sleeping night.,Upon the calm and sleeping night.,26
"The silver moon casts its gentle light,",light,night,delight,True,"Upon the silent, sleeping night.","Upon the silent, sleeping night.",27
"The silver moon casts its gentle light,",light,night,delight,True,Upon the calm and quiet night.,Upon the calm and quiet night.,28
"The silver moon casts its gentle light,",light,night,delight,True,"Upon the silent, sleeping night.","Upon the silent, sleeping night.",29
"The silver moon casts its gentle light,",light,night,delight,True,Upon the still and sleeping night.,Upon the still and sleeping night.,30
"The silver moon casts its gentle light,",light,night,delight,True,"Upon the silent, sleeping night.","Upon the silent, sleeping night.",31
"The silver moon casts its gentle light,",light,night,delight,True,"Upon the silent, sleeping night.","Upon the silent, sleeping night.",32
"The silver moon casts its gentle light,",light,night,delight,True,"Upon the quiet, sleeping night.","Upon the quiet, sleeping night.",33
"The silver moon casts its gentle light,",light,night,delight,True,Upon the quiet waves of the night.,Upon the quiet waves of the night.,34
"The silver moon casts its gentle light,",light,night,delight,True,"Upon the silent, sleeping night.","Upon the silent, sleeping night.",35
"The silver moon casts its gentle light,",light,night,delight,True,"Upon the silent, sleeping night.","Upon the silent, sleeping night.",36
"The silver moon casts its gentle light,",light,night,delight,True,"Upon the silent, sleeping night.","Upon the silent, sleeping night.",37
"The silver moon casts its gentle light,",light,night,delight,True,"Upon the silent, sleeping night.","Upon the silent, sleeping night.",38
"The silver moon casts its gentle light,",light,night,delight,True,Upon the still and sleeping night.,Upon the still and sleeping night.,39
"The silver moon casts its gentle light,",light,night,delight,True,"Upon the silent, sleeping night.","Upon the silent, sleeping night.",40
"The silver moon casts its gentle light,",light,night,delight,True,"Upon the quiet, sleeping night.","Upon the quiet, sleeping night.",41
"The silver moon casts its gentle light,",light,night,delight,True,Upon the still and sleeping night.,Upon the still and sleeping night.,42
"The silver moon casts its gentle light,",light,night,delight,True,"Upon the waves of the still, dark night.","Upon the waves of the still, dark night.",43
"The silver moon casts its gentle light,",light,night,delight,True,"Upon the silent, sleeping night.","Upon the silent, sleeping night.",44
"The silver moon casts its gentle light,",light,night,delight,True,"Upon the silent, sleeping night.","Upon the silent, sleeping night.",45
"The silver moon casts its gentle light,",light,night,delight,True,"Upon the silent, sleeping night.","Upon the silent, sleeping night.",46
"The silver moon casts its gentle light,",light,night,delight,True,"Upon the silent, sleeping night.","Upon the silent, sleeping night.",47
"The silver moon casts its gentle light,",light,night,delight,True,"Upon the silent, sleeping night.","Upon the silent, sleeping night.",48
"The silver moon casts its gentle light,",light,night,delight,True,Upon the still and silent night.,Upon the still and silent night.,49
"The silver moon casts its gentle light,",light,night,delight,True,"Upon the silent, sleeping night.","Upon the silent, sleeping night.",50
"The silver moon casts its gentle light,",light,night,delight,True,Upon the still and sleeping night.,Upon the still and sleeping night.,51
"The silver moon casts its gentle light,",light,night,delight,True,"Upon the silent, sleeping night.","Upon the silent, sleeping night.",52
"The silver moon casts its gentle light,",light,night,delight,True,"Upon the silent, sleeping night.","Upon the silent, sleeping night.",53
"The silver moon casts its gentle light,",light,night,delight,True,"Upon the silent, sleeping night.","Upon the silent, sleeping night.",54
"The silver moon casts its gentle light,",light,night,delight,True,Upon the still and sleeping night.,Upon the still and sleeping night.,55
"The silver moon casts its gentle light,",light,night,delight,True,"Upon the silent, sleeping night.","Upon the silent, sleeping night.",56
"The silver moon casts its gentle light,",light,night,delight,True,"Upon the silent, sleeping night.","Upon the silent, sleeping night.",57
"The silver moon casts its gentle light,",light,night,delight,True,Upon the still and silent night.,Upon the still and silent night.,58
"The silver moon casts its gentle light,",light,night,delight,True,"Upon the silent, sleeping night.","Upon the silent, sleeping night.",59
"The silver moon casts its gentle light,",light,bright,delight,True,"Upon the quiet lake, so still and bright.","Upon the quiet lake, so still and bright.",60
"The silver moon casts its gentle light,",light,night,delight,True,Upon the quiet waves of night.,Upon the quiet waves of night.,61
"The silver moon casts its gentle light,",light,night,delight,True,Upon the waves of the silent night.,Upon the waves of the silent night.,62
"The silver moon casts its gentle light,",light,night,delight,True,"Upon the silent, sleeping night.","Upon the silent, sleeping night.",63
"The silver moon casts its gentle light,",light,night,delight,True,"Upon the silent, sleeping night.","Upon the silent, sleeping night.",64
"The silver moon casts its gentle light,",light,night,delight,True,"Upon the quiet, sleeping night.","Upon the quiet, sleeping night.",65
"The silver moon casts its gentle light,",light,night,delight,True,"Upon the silent, sleeping night.","Upon the silent, sleeping night.",66
"The silver moon casts its gentle light,",light,night,delight,True,Upon the quiet waters of the night.,Upon the quiet waters of the night.,67
"The silver moon casts its gentle light,",light,night,delight,True,"Upon the quiet, sleeping night.","Upon the quiet, sleeping night.",68
"The silver moon casts its gentle light,",light,night,delight,True,Upon the calm and sleeping night.,Upon the calm and sleeping night.,69
"The silver moon casts its gentle light,",light,night,delight,True,Upon the still and sleeping night.,Upon the still and sleeping night.,70
"The silver moon casts its gentle light,",light,night,delight,True,"Upon the silent, sleeping night.","Upon the silent, sleeping night.",71
"The silver moon casts its gentle light,",light,night,delight,True,Upon the still and sleeping night.,Upon the still and sleeping night.,72
"The silver moon casts its gentle light,",light,night,delight,True,"Upon the silent, sleeping night.","Upon the silent, sleeping night.",73
"The silver moon casts its gentle light,",light,night,delight,True,"Upon the silent, sleeping night.","Upon the silent, sleeping night.",74
"The silver moon casts its gentle light,",light,night,delight,True,Upon the still and sleeping night.,Upon the still and sleeping night.,75
"The silver moon casts its gentle light,",light,night,delight,True,Upon the still and sleeping night.,Upon the still and sleeping night.,76
"The silver moon casts its gentle light,",light,night,delight,True,Upon the still and sleeping night.,Upon the still and sleeping night.,77
"The silver moon casts its gentle light,",light,night,delight,True,Upon the waves of the quiet night.,Upon the waves of the quiet night.,78
"The silver moon casts its gentle light,",light,night,delight,True,"Upon the silent, sleeping night.","Upon the silent, sleeping night.",79
"The silver moon casts its gentle light,",light,night,delight,True,"Upon the silent, sleeping night.","Upon the silent, sleeping night.",80
"The silver moon casts its gentle light,",light,night,delight,True,"Upon the silent, sleeping night.","Upon the silent, sleeping night.",81
"The silver moon casts its gentle light,",light,night,delight,True,Upon the still and starry night.,Upon the still and starry night.,82
"The silver moon casts its gentle light,",light,night,delight,True,"Upon the quiet, sleeping night.","Upon the quiet, sleeping night.",83
"The silver moon casts its gentle light,",light,night,delight,True,Upon the calm and quiet night.,Upon the calm and quiet night.,84
"The silver moon casts its gentle light,",light,night,delight,True,Upon the still and sleeping night.,Upon the still and sleeping night.,85
"The silver moon casts its gentle light,",light,night,delight,True,"Upon the silent, sleeping night.","Upon the silent, sleeping night.",86
"The silver moon casts its gentle light,",light,night,delight,True,Upon the quiet waves of night.,Upon the quiet waves of night.,87
"The silver moon casts its gentle light,",light,night,delight,True,"Upon the silent, sleeping night.","Upon the silent, sleeping night.",88
"The silver moon casts its gentle light,",light,night,delight,True,Upon the still and silent night.,Upon the still and silent night.,89
"The silver moon casts its gentle light,",light,night,delight,True,"Upon the quiet, sleeping night.","Upon the quiet, sleeping night.",90
"The silver moon casts its gentle light,",light,night,delight,True,"Upon the silent, sleeping night.","Upon the silent, sleeping night.",91
"The silver moon casts its gentle light,",light,night,delight,True,"Upon the silent, sleeping night.","Upon the silent, sleeping night.",92
"The silver moon casts its gentle light,",light,night,delight,True,"Upon the quiet, sleeping night.","Upon the quiet, sleeping night.",93
"The silver moon casts its gentle light,",light,night,delight,True,"Upon the silent, sleeping night.","Upon the silent, sleeping night.",94
"The silver moon casts its gentle light,",light,night,delight,True,"Upon the quiet, sleeping night.","Upon the quiet, sleeping night.",95
"The silver moon casts its gentle light,",light,night,delight,True,"Upon the silent, sleeping night.","Upon the silent, sleeping night.",96
"The silver moon casts its gentle light,",light,night,delight,True,"Upon the silent, sleeping night.","Upon the silent, sleeping night.",97
"The silver moon casts its gentle light,",light,night,delight,True,Upon the still and sleeping night.,Upon the still and sleeping night.,98
"The silver moon casts its gentle light,",light,night,delight,True,Upon the waves of the quiet night.,Upon the waves of the quiet night.,99
"The silver moon casts its gentle glow,",glow,snow,glow,True,"Upon the silent, sleeping snow.","Upon the silent, sleeping snow.",0
"The silver moon casts its gentle glow,",glow,snow,glow,True,"Upon the silent, sleeping snow.","Upon the silent, sleeping snow.",1
"The silver moon casts its gentle glow,",glow,snow,glow,True,"Upon the silent, sleeping snow.","Upon the silent, sleeping snow.",2
"The silver moon casts its gentle glow,",glow,snow,glow,True,Upon the still and silent snow.,Upon the still and silent snow.,3
"The silver moon casts its gentle glow,",glow,snow,glow,True,"Upon the silent, sleeping snow.","Upon the silent, sleeping snow.",4
"The silver moon casts its gentle glow,",glow,snow,glow,True,"Upon the silent, sleeping snow.","Upon the silent, sleeping snow.",5
"The silver moon casts its gentle glow,",glow,snow,glow,True,"Upon the silent, shimmering snow.","Upon the silent, shimmering snow.",6
"The silver moon casts its gentle glow,",glow,below,glow,True,Upon the quiet waves below.,Upon the quiet waves below.,7
"The silver moon casts its gentle glow,",glow,below,glow,True,Upon the silent waves below.,Upon the silent waves below.,8
"The silver moon casts its gentle glow,",glow,below,glow,True,Upon the quiet waves below.,Upon the quiet waves below.,9
"The silver moon casts its gentle glow,",glow,snow,glow,True,Upon the still and silent snow.,Upon the still and silent snow.,10
"The silver moon casts its gentle glow,",glow,below,glow,True,"Upon the silent, sleeping below.","Upon the silent, sleeping below.",11
"The silver moon casts its gentle glow,",glow,below,glow,True,Upon the quiet waters below.,Upon the quiet waters below.,12
"The silver moon casts its gentle glow,",glow,below,glow,True,Upon the quiet waters below.,Upon the quiet waters below.,13
"The silver moon casts its gentle glow,",glow,snow,glow,True,"Upon the silent, sleeping snow.","Upon the silent, sleeping snow.",14
"The silver moon casts its gentle glow,",glow,snow,glow,True,"Upon the silent, sleeping snow.","Upon the silent, sleeping snow.",15
"The silver moon casts its gentle glow,",glow,snow,glow,True,Upon the still and silent snow.,Upon the still and silent snow.,16
"The silver moon casts its gentle glow,",glow,snow,glow,True,"Upon the silent, sleeping snow.","Upon the silent, sleeping snow.",17
"The silver moon casts its gentle glow,",glow,below,glow,True,Upon the quiet lake below.,Upon the quiet lake below.,18
"The silver moon casts its gentle glow,",glow,snow,glow,True,"Upon the silent, sleeping snow.","Upon the silent, sleeping snow.",19
"The silver moon casts its gentle glow,",glow,snow,glow,True,"Upon the silent, shimmering snow.","Upon the silent, shimmering snow.",20
"The silver moon casts its gentle glow,",glow,below,glow,True,Upon the quiet waves below.,Upon the quiet waves below.,21
"The silver moon casts its gentle glow,",glow,below,glow,True,Upon the quiet waves below.,Upon the quiet waves below.,22
"The silver moon casts its gentle glow,",glow,snow,glow,True,"Upon the silent, sleeping snow.","Upon the silent, sleeping snow.",23
"The silver moon casts its gentle glow,",glow,below,glow,True,"Upon the silent, sleeping below.","Upon the silent, sleeping below.",24
"The silver moon casts its gentle glow,",glow,below,glow,True,Upon the quiet lake below.,Upon the quiet lake below.,25
"The silver moon casts its gentle glow,",glow,snow,glow,True,"Upon the silent, sleeping snow.","Upon the silent, sleeping snow.",26
"The silver moon casts its gentle glow,",glow,below,glow,True,Upon the quiet waves below.,Upon the quiet waves below.,27
"The silver moon casts its gentle glow,",glow,below,glow,True,Upon the silent waves below.,Upon the silent waves below.,28
"The silver moon casts its gentle glow,",glow,below,glow,True,"Upon the silent, sleeping below.","Upon the silent, sleeping below.",29
"The silver moon casts its gentle glow,",glow,snow,glow,True,"Upon the silent, sleeping snow.","Upon the silent, sleeping snow.",30
"The silver moon casts its gentle glow,",glow,below,glow,True,Upon the quiet waves below.,Upon the quiet waves below.,31
"The silver moon casts its gentle glow,",glow,snow,glow,True,"Upon the silent, sleeping snow.","Upon the silent, sleeping snow.",32
"The silver moon casts its gentle glow,",glow,below,glow,True,Upon the silent waves below.,Upon the silent waves below.,33
"The silver moon casts its gentle glow,",glow,below,glow,True,Upon the quiet waves below.,Upon the quiet waves below.,34
"The silver moon casts its gentle glow,",glow,snow,glow,True,"Upon the silent, sleeping snow.","Upon the silent, sleeping snow.",35
"The silver moon casts its gentle glow,",glow,below,glow,True,Upon the silent waves below.,Upon the silent waves below.,36
"The silver moon casts its gentle glow,",glow,below,glow,True,Upon the quiet waves below.,Upon the quiet waves below.,37
"The silver moon casts its gentle glow,",glow,snow,glow,True,"Upon the silent, sleeping snow.","Upon the silent, sleeping snow.",38
"The silver moon casts its gentle glow,",glow,below,glow,True,Upon the quiet waves below.,Upon the quiet waves below.,39
"The silver moon casts its gentle glow,",glow,below,glow,True,Upon the quiet waves below.,Upon the quiet waves below.,40
"The silver moon casts its gentle glow,",glow,below,glow,True,Upon the quiet waves below.,Upon the quiet waves below.,41
"The silver moon casts its gentle glow,",glow,below,glow,True,"Upon the silent, sleeping below.","Upon the silent, sleeping below.",42
"The silver moon casts its gentle glow,",glow,snow,glow,True,"Upon the silent, sleeping snow.","Upon the silent, sleeping snow.",43
"The silver moon casts its gentle glow,",glow,below,glow,True,"Upon the silent, sleeping below.","Upon the silent, sleeping below.",44
"The silver moon casts its gentle glow,",glow,below,glow,True,Upon the quiet waves below.,Upon the quiet waves below.,45
"The silver moon casts its gentle glow,",glow,below,glow,True,Upon the quiet waves below.,Upon the quiet waves below.,46
"The silver moon casts its gentle glow,",glow,snow,glow,True,"Upon the silent, sleeping snow.","Upon the silent, sleeping snow.",47
"The silver moon casts its gentle glow,",glow,below,glow,True,"Upon the silent, sleeping below.","Upon the silent, sleeping below.",48
"The silver moon casts its gentle glow,",glow,below,glow,True,"Upon the silent, sleeping below.","Upon the silent, sleeping below.",49
"The silver moon casts its gentle glow,",glow,snow,glow,True,"Upon the silent, sleeping snow.","Upon the silent, sleeping snow.",50
"The silver moon casts its gentle glow,",glow,below,glow,True,Upon the quiet waves below.,Upon the quiet waves below.,51
"The silver moon casts its gentle glow,",glow,below,glow,True,Upon the quiet waves below.,Upon the quiet waves below.,52
"The silver moon casts its gentle glow,",glow,below,glow,True,Upon the quiet waves below.,Upon the quiet waves below.,53
"The silver moon casts its gentle glow,",glow,below,glow,True,"Upon the silent, sleeping below.","Upon the silent, sleeping below.",54
"The silver moon casts its gentle glow,",glow,snow,glow,True,"Upon the silent, sleeping snow.","Upon the silent, sleeping snow.",55
"The silver moon casts its gentle glow,",glow,below,glow,True,"Upon the silent, sleeping below.","Upon the silent, sleeping below.",56
"The silver moon casts its gentle glow,",glow,snow,glow,True,"Upon the silent, sleeping snow.","Upon the silent, sleeping snow.",57
"The silver moon casts its gentle glow,",glow,below,glow,True,"Upon the silent, sleeping below.","Upon the silent, sleeping below.",58
"The silver moon casts its gentle glow,",glow,below,glow,True,Upon the quiet waves below.,Upon the quiet waves below.,59
"The silver moon casts its gentle glow,",glow,below,glow,True,"Upon the silent, sleeping below.","Upon the silent, sleeping below.",60
"The silver moon casts its gentle glow,",glow,snow,glow,True,"Upon the silent, sleeping snow.","Upon the silent, sleeping snow.",61
"The silver moon casts its gentle glow,",glow,snow,glow,True,"Upon the silent, sleeping snow.","Upon the silent, sleeping snow.",62
"The silver moon casts its gentle glow,",glow,snow,glow,True,"Upon the silent, sleeping snow.","Upon the silent, sleeping snow.",63
"The silver moon casts its gentle glow,",glow,below,glow,True,Upon the quiet waters below.,Upon the quiet waters below.,64
"The silver moon casts its gentle glow,",glow,below,glow,True,Upon the quiet waters below.,Upon the quiet waters below.,65
"The silver moon casts its gentle glow,",glow,below,glow,True,Upon the quiet waves below.,Upon the quiet waves below.,66
"The silver moon casts its gentle glow,",glow,snow,glow,True,"Upon the silent, sleeping snow.","Upon the silent, sleeping snow.",67
"The silver moon casts its gentle glow,",glow,below,glow,True,Upon the quiet lake below.,Upon the quiet lake below.,68
"The silver moon casts its gentle glow,",glow,below,glow,True,Upon the quiet lake below.,Upon the quiet lake below.,69
"The silver moon casts its gentle glow,",glow,snow,glow,True,"Upon the silent, sleeping snow.","Upon the silent, sleeping snow.",70
"The silver moon casts its gentle glow,",glow,snow,glow,True,"Upon the silent, sleeping snow.","Upon the silent, sleeping snow.",71
"The silver moon casts its gentle glow,",glow,below,glow,True,Upon the quiet lake below.,Upon the quiet lake below.,72
"The silver moon casts its gentle glow,",glow,snow,glow,True,"Upon the silent, sleeping snow.","Upon the silent, sleeping snow.",73
"The silver moon casts its gentle glow,",glow,snow,glow,True,"Upon the silent, sleeping snow.","Upon the silent, sleeping snow.",74
"The silver moon casts its gentle glow,",glow,snow,glow,True,"Upon the silent, shimmering snow.","Upon the silent, shimmering snow.",75
"The silver moon casts its gentle glow,",glow,snow,glow,True,"Upon the silent, sleeping snow.","Upon the silent, sleeping snow.",76
"The silver moon casts its gentle glow,",glow,snow,glow,True,"Upon the silent, sleeping snow.","Upon the silent, sleeping snow.",77
"The silver moon casts its gentle glow,",glow,snow,glow,True,"Upon the silent, sleeping snow.","Upon the silent, sleeping snow.",78
"The silver moon casts its gentle glow,",glow,below,glow,True,"Upon the silent, sleeping below.","Upon the silent, sleeping below.",79
"The silver moon casts its gentle glow,",glow,below,glow,True,"Upon the silent, sleeping below.","Upon the silent, sleeping below.",80
"The silver moon casts its gentle glow,",glow,below,glow,True,Upon the quiet lake below.,Upon the quiet lake below.,81
"The silver moon casts its gentle glow,",glow,below,glow,True,Upon the quiet waters below.,Upon the quiet waters below.,82
"The silver moon casts its gentle glow,",glow,snow,glow,True,"Upon the silent, sleeping snow.","Upon the silent, sleeping snow.",83
"The silver moon casts its gentle glow,",glow,below,glow,True,Upon the quiet waves below.,Upon the quiet waves below.,84
"The silver moon casts its gentle glow,",glow,snow,glow,True,Upon the still and silent snow.,Upon the still and silent snow.,85
"The silver moon casts its gentle glow,",glow,below,glow,True,"Upon the silent, sleeping below.","Upon the silent, sleeping below.",86
"The silver moon casts its gentle glow,",glow,below,glow,True,Upon the silent waves below.,Upon the silent waves below.,87
"The silver moon casts its gentle glow,",glow,below,glow,True,Upon the silent waves below.,Upon the silent waves below.,88
"The silver moon casts its gentle glow,",glow,below,glow,True,Upon the quiet waters below.,Upon the quiet waters below.,89
"The silver moon casts its gentle glow,",glow,snow,glow,True,Upon the still and silent snow.,Upon the still and silent snow.,90
"The silver moon casts its gentle glow,",glow,below,glow,True,Upon the quiet waves below.,Upon the quiet waves below.,91
"The silver moon casts its gentle glow,",glow,snow,glow,True,"Upon the silent, sleeping snow.","Upon the silent, sleeping snow.",92
"The silver moon casts its gentle glow,",glow,below,glow,True,"Upon the silent, sleeping below.","Upon the silent, sleeping below.",93
"The silver moon casts its gentle glow,",glow,snow,glow,True,Upon the still and sleeping snow.,Upon the still and sleeping snow.,94
"The silver moon casts its gentle glow,",glow,below,glow,True,"Upon the silent, sleeping below.","Upon the silent, sleeping below.",95
"The silver moon casts its gentle glow,",glow,snow,glow,True,"Upon the silent, sleeping snow.","Upon the silent, sleeping snow.",96
"The silver moon casts its gentle glow,",glow,below,glow,True,Upon the quiet waters below.,Upon the quiet waters below.,97
"The silver moon casts its gentle glow,",glow,below,glow,True,"Upon the silent, sleeping below.","Upon the silent, sleeping below.",98
"The silver moon casts its gentle glow,",glow,snow,glow,True,"Upon the silent, sleeping snow.","Upon the silent, sleeping snow.",99
"The silver moon casts its gentle shine,",shine,design,shine,True,Upon the waves of night's serene design.,Upon the waves of night's serene design.,0
"The silver moon casts its gentle shine,",shine,mine,shine,True,"Upon the silent lake, a mirror of mine.","Upon the silent lake, a mirror of mine.",1
"The silver moon casts its gentle shine,",shine,night,shine,False,Upon the quiet waves of night.,Upon the quiet waves of night.,2
"The silver moon casts its gentle shine,",shine,tide,shine,False,Upon the waves of the quiet tide.,Upon the waves of the quiet tide.,3
"The silver moon casts its gentle shine,",shine,divine,shine,True,Upon the lake that mirrors the night divine.,Upon the lake that mirrors the night divine.,4
"The silver moon casts its gentle shine,",shine,brine,shine,True,Upon the lake with a mirrored brine.,Upon the lake with a mirrored brine.,5
"The silver moon casts its gentle shine,",shine,pine,shine,True,Upon the waves of the silent pine.,Upon the waves of the silent pine.,6
"The silver moon casts its gentle shine,",shine,time,shine,False,Upon the silent waves of time.,Upon the silent waves of time.,7
"The silver moon casts its gentle shine,",shine,shine,shine,False,Upon the waves that shimmer and shine.,Upon the waves that shimmer and shine.,8
"The silver moon casts its gentle shine,",shine,twine,shine,True,Upon the waves that shimmer and twine.,Upon the waves that shimmer and twine.,9
"The silver moon casts its gentle shine,",shine,pine,shine,True,"Upon the silent, sleeping pine.","Upon the silent, sleeping pine.",10
"The silver moon casts its gentle shine,",shine,line,shine,True,Upon the lake with a mirrored line.,Upon the lake with a mirrored line.,11
"The silver moon casts its gentle shine,",shine,time,shine,False,Upon the quiet waves of time.,Upon the quiet waves of time.,12
"The silver moon casts its gentle shine,",shine,night,shine,False,Upon the quiet waves of night.,Upon the quiet waves of night.,13
"The silver moon casts its gentle shine,",shine,pine,shine,True,"Upon the silent, sleeping pine.","Upon the silent, sleeping pine.",14
"The silver moon casts its gentle shine,",shine,night,shine,False,Upon the quiet waves of the night.,Upon the quiet waves of the night.,15
"The silver moon casts its gentle shine,",shine,time,shine,False,Upon the silent waves of time.,Upon the silent waves of time.,16
"The silver moon casts its gentle shine,",shine,time,shine,False,Upon the silent waves of time.,Upon the silent waves of time.,17
"The silver moon casts its gentle shine,",shine,gleam,shine,False,Upon the lake with a mirrored gleam.,Upon the lake with a mirrored gleam.,18
"The silver moon casts its gentle shine,",shine,line,shine,True,"Upon the quiet lake, a mirrored line.","Upon the quiet lake, a mirrored line.",19
"The silver moon casts its gentle shine,",shine,time,shine,False,Upon the silent waves of time.,Upon the silent waves of time.,20
"The silver moon casts its gentle shine,",shine,pine,shine,True,"Upon the silent, sleeping pine.","Upon the silent, sleeping pine.",21
"The silver moon casts its gentle shine,",shine,brine,shine,True,Upon the waves of the starry brine.,Upon the waves of the starry brine.,22
"The silver moon casts its gentle shine,",shine,night,shine,False,Upon the quiet waves of night.,Upon the quiet waves of night.,23
"The silver moon casts its gentle shine,",shine,pine,shine,True,"Upon the silent, sleeping pine.","Upon the silent, sleeping pine.",24
"The silver moon casts its gentle shine,",shine,night,shine,False,Upon the quiet waves of the night.,Upon the quiet waves of the night.,25
"The silver moon casts its gentle shine,",shine,pine,shine,True,"Upon the silent, sleeping pine.","Upon the silent, sleeping pine.",26
"The silver moon casts its gentle shine,",shine,night,shine,False,Upon the quiet waves of night.,Upon the quiet waves of night.,27
"The silver moon casts its gentle shine,",shine,pine,shine,True,"Upon the silent, sleeping pine.","Upon the silent, sleeping pine.",28
"The silver moon casts its gentle shine,",shine,gleam,shine,False,Upon the waves that softly gleam.,Upon the waves that softly gleam.,29
"The silver moon casts its gentle shine,",shine,time,shine,False,Upon the silent waves of time.,Upon the silent waves of time.,30
"The silver moon casts its gentle shine,",shine,gleam,shine,False,Upon the waves that gently gleam.,Upon the waves that gently gleam.,31
"The silver moon casts its gentle shine,",shine,glide,shine,False,Upon the waves that shimmer and glide.,Upon the waves that shimmer and glide.,32
"The silver moon casts its gentle shine,",shine,night,shine,False,Upon the quiet waves of night.,Upon the quiet waves of night.,33
"The silver moon casts its gentle shine,",shine,divine,shine,True,Upon the lake that mirrors the night divine.,Upon the lake that mirrors the night divine.,34
"The silver moon casts its gentle shine,",shine,pine,shine,True,"Upon the silent, sleeping pine.","Upon the silent, sleeping pine.",35
"The silver moon casts its gentle shine,",shine,night,shine,False,Upon the waves of the quiet night.,Upon the waves of the quiet night.,36
"The silver moon casts its gentle shine,",shine,pine,shine,True,"Upon the silent, sleeping pine.","Upon the silent, sleeping pine.",37
"The silver moon casts its gentle shine,",shine,gleam,shine,False,Upon the waves that shimmer and gleam.,Upon the waves that shimmer and gleam.,38
"The silver moon casts its gentle shine,",shine,tide,shine,False,Upon the waves of the midnight tide.,Upon the waves of the midnight tide.,39
"The silver moon casts its gentle shine,",shine,pine,shine,True,"Upon the silent, sleeping pine.","Upon the silent, sleeping pine.",40
"The silver moon casts its gentle shine,",shine,pine,shine,True,"Upon the silent, sleeping pine.","Upon the silent, sleeping pine.",41
"The silver moon casts its gentle shine,",shine,line,shine,True,"Upon the lake of night, a mirrored line.","Upon the lake of night, a mirrored line.",42
"The silver moon casts its gentle shine,",shine,pine,shine,True,"Upon the silent, sleeping pine.","Upon the silent, sleeping pine.",43
"The silver moon casts its gentle shine,",shine,night,shine,False,Upon the quiet waves of night.,Upon the quiet waves of night.,44
"The silver moon casts its gentle shine,",shine,time,shine,False,Upon the silent waves of time.,Upon the silent waves of time.,45
"The silver moon casts its gentle shine,",shine,vine,shine,True,"Upon the silent, sleeping vine.","Upon the silent, sleeping vine.",46
"The silver moon casts its gentle shine,",shine,sign,shine,True,Upon the lake with a whispered sign.,Upon the lake with a whispered sign.,47
"The silver moon casts its gentle shine,",shine,line,shine,True,Upon the lake with a mirrored line.,Upon the lake with a mirrored line.,48
"The silver moon casts its gentle shine,",shine,time,shine,False,Upon the silent waves of time.,Upon the silent waves of time.,49
"The silver moon casts its gentle shine,",shine,time,shine,False,Upon the quiet waves of time.,Upon the quiet waves of time.,50
"The silver moon casts its gentle shine,",shine,fine,shine,True,Upon the silent lake so fine.,Upon the silent lake so fine.,51
"The silver moon casts its gentle shine,",shine,night,shine,False,Upon the quiet waves of the night.,Upon the quiet waves of the night.,52
"The silver moon casts its gentle shine,",shine,glide,shine,False,Upon the waves that gently glide.,Upon the waves that gently glide.,53
"The silver moon casts its gentle shine,",shine,pine,shine,True,"Upon the silent, sleeping pine.","Upon the silent, sleeping pine.",54
"The silver moon casts its gentle shine,",shine,time,shine,False,Upon the silent waves of time.,Upon the silent waves of time.,55
"The silver moon casts its gentle shine,",shine,night,shine,False,Upon the quiet waves of night.,Upon the quiet waves of night.,56
"The silver moon casts its gentle shine,",shine,pine,shine,True,"Upon the silent, sleeping pine.","Upon the silent, sleeping pine.",57
"The silver moon casts its gentle shine,",shine,fine,shine,True,"Upon the quiet lake, a mirror so fine.","Upon the quiet lake, a mirror so fine.",58
"The silver moon casts its gentle shine,",shine,pine,shine,True,"Upon the silent, sleeping pine.","Upon the silent, sleeping pine.",59
"The silver moon casts its gentle shine,",shine,time,shine,False,Upon the quiet waves of time.,Upon the quiet waves of time.,60
"The silver moon casts its gentle shine,",shine,line,shine,True,Upon the quiet waves of the sleeping line.,Upon the quiet waves of the sleeping line.,61
"The silver moon casts its gentle shine,",shine,time,shine,False,Upon the silent waves of time.,Upon the silent waves of time.,62
"The silver moon casts its gentle shine,",shine,night,shine,False,Upon the waves of the silent night.,Upon the waves of the silent night.,63
"The silver moon casts its gentle shine,",shine,divine,shine,True,Upon the lake that mirrors the night divine.,Upon the lake that mirrors the night divine.,64
"The silver moon casts its gentle shine,",shine,mine,shine,True,Upon the waves of night's deep blue mine.,Upon the waves of night's deep blue mine.,65
"The silver moon casts its gentle shine,",shine,pine,shine,True,"Upon the silent, sleeping pine.","Upon the silent, sleeping pine.",66
"The silver moon casts its gentle shine,",shine,time,shine,False,Upon the silent waves of time.,Upon the silent waves of time.,67
"The silver moon casts its gentle shine,",shine,time,shine,False,Upon the quiet waves of time.,Upon the quiet waves of time.,68
"The silver moon casts its gentle shine,",shine,time,shine,False,Upon the quiet waves of time.,Upon the quiet waves of time.,69
"The silver moon casts its gentle shine,",shine,night,shine,False,Upon the quiet waves of the night.,Upon the quiet waves of the night.,70
"The silver moon casts its gentle shine,",shine,line,shine,True,Upon the lake with a shimmering line.,Upon the lake with a shimmering line.,71
"The silver moon casts its gentle shine,",shine,pine,shine,True,"Upon the silent, sleeping pine.","Upon the silent, sleeping pine.",72
"The silver moon casts its gentle shine,",shine,line,shine,True,Upon the lake with a mirrored line.,Upon the lake with a mirrored line.,73
"The silver moon casts its gentle shine,",shine,pine,shine,True,"Upon the silent, sleeping pine.","Upon the silent, sleeping pine.",74
"The silver moon casts its gentle shine,",shine,line,shine,True,"Upon the quiet lake, a mirrored line.","Upon the quiet lake, a mirrored line.",75
"The silver moon casts its gentle shine,",shine,fine,shine,True,Upon the lake of night so fine.,Upon the lake of night so fine.,76
"The silver moon casts its gentle shine,",shine,night,shine,False,Upon the quiet waves of the night.,Upon the quiet waves of the night.,77
"The silver moon casts its gentle shine,",shine,time,shine,False,Upon the quiet waves of time.,Upon the quiet waves of time.,78
"The silver moon casts its gentle shine,",shine,time,shine,False,Upon the silent waves of time.,Upon the silent waves of time.,79
"The silver moon casts its gentle shine,",shine,time,shine,False,Upon the quiet waves of time.,Upon the quiet waves of time.,80
"The silver moon casts its gentle shine,",shine,time,shine,False,Upon the quiet waves of time.,Upon the quiet waves of time.,81
"The silver moon casts its gentle shine,",shine,divine,shine,True,"Upon the quiet lake, a mirror divine.","Upon the quiet lake, a mirror divine.",82
"The silver moon casts its gentle shine,",shine,time,shine,False,Upon the silent waves of time.,Upon the silent waves of time.,83
"The silver moon casts its gentle shine,",shine,shine,shine,False,Upon the waves that ripple and shine.,Upon the waves that ripple and shine.,84
"The silver moon casts its gentle shine,",shine,shine,shine,False,Upon the waves that gently roll and shine.,Upon the waves that gently roll and shine.,85
"The silver moon casts its gentle shine,",shine,time,shine,False,Upon the silent waves of time.,Upon the silent waves of time.,86
"The silver moon casts its gentle shine,",shine,time,shine,False,Upon the silent waves of time.,Upon the silent waves of time.,87
"The silver moon casts its gentle shine,",shine,night,shine,False,Upon the quiet waves of the night.,Upon the quiet waves of the night.,88
"The silver moon casts its gentle shine,",shine,time,shine,False,Upon the silent waves of time.,Upon the silent waves of time.,89
"The silver moon casts its gentle shine,",shine,pine,shine,True,Upon the still and quiet pine.,Upon the still and quiet pine.,90
"The silver moon casts its gentle shine,",shine,tide,shine,False,Upon the waves of the midnight tide.,Upon the waves of the midnight tide.,91
"The silver moon casts its gentle shine,",shine,gleam,shine,False,Upon the lake with a mirrored gleam.,Upon the lake with a mirrored gleam.,92
"The silver moon casts its gentle shine,",shine,time,shine,False,Upon the silent waves of time.,Upon the silent waves of time.,93
"The silver moon casts its gentle shine,",shine,time,shine,False,Upon the silent lake of time.,Upon the silent lake of time.,94
"The silver moon casts its gentle shine,",shine,pine,shine,True,"Upon the silent, sleeping pine.","Upon the silent, sleeping pine.",95
"The silver moon casts its gentle shine,",shine,sea,shine,False,Upon the waves of the silent sea.,Upon the waves of the silent sea.,96
"The silver moon casts its gentle shine,",shine,gleam,shine,False,Upon the lake with a mirrored gleam.,Upon the lake with a mirrored gleam.,97
"The silver moon casts its gentle shine,",shine,pine,shine,True,"Upon the silent, sleeping pine.","Upon the silent, sleeping pine.",98
"The silver moon casts its gentle shine,",shine,night,shine,False,Upon the quiet waves of night.,Upon the quiet waves of night.,99
"The silver moon casts its gentle rays,",rays,plains,craze,False,"Upon the quiet, sleeping plains.","Upon the quiet, sleeping plains.",0
"The silver moon casts its gentle rays,",rays,waves,craze,False,"Upon the silent, sleeping waves.","Upon the silent, sleeping waves.",1
"The silver moon casts its gentle rays,",rays,plains,craze,False,"Upon the quiet, sleeping plains.","Upon the quiet, sleeping plains.",2
"The silver moon casts its gentle rays,",rays,night,craze,False,Upon the quiet waves of night.,Upon the quiet waves of night.,3
"The silver moon casts its gentle rays,",rays,blaze,craze,True,Upon the quiet lake in twilight's blaze.,Upon the quiet lake in twilight's blaze.,4
"The silver moon casts its gentle rays,",rays,waves,craze,False,"Upon the silent, sleeping waves.","Upon the silent, sleeping waves.",5
"The silver moon casts its gentle rays,",rays,plains,craze,False,"Upon the silent, sleeping plains.","Upon the silent, sleeping plains.",6
"The silver moon casts its gentle rays,",rays,lakes,craze,False,"Upon the silent, sleeping lakes.","Upon the silent, sleeping lakes.",7
"The silver moon casts its gentle rays,",rays,plains,craze,False,"Upon the silent, sleeping plains.","Upon the silent, sleeping plains.",8
"The silver moon casts its gentle rays,",rays,waves,craze,False,"Upon the silent, sleeping waves.","Upon the silent, sleeping waves.",9
"The silver moon casts its gentle rays,",rays,plains,craze,False,"Upon the silent, sleeping plains.","Upon the silent, sleeping plains.",10
"The silver moon casts its gentle rays,",rays,plains,craze,False,"Upon the silent, sleeping plains.","Upon the silent, sleeping plains.",11
"The silver moon casts its gentle rays,",rays,plains,craze,False,"Upon the silent, sleeping plains.","Upon the silent, sleeping plains.",12
"The silver moon casts its gentle rays,",rays,plains,craze,False,"Upon the silent, sleeping plains.","Upon the silent, sleeping plains.",13
"The silver moon casts its gentle rays,",rays,plains,craze,False,"Upon the silent, sleeping plains.","Upon the silent, sleeping plains.",14
"The silver moon casts its gentle rays,",rays,lakes,craze,False,"Upon the silent, sleeping lakes.","Upon the silent, sleeping lakes.",15
"The silver moon casts its gentle rays,",rays,plains,craze,False,"Upon the quiet, sleeping plains.","Upon the quiet, sleeping plains.",16
"The silver moon casts its gentle rays,",rays,plains,craze,False,"Upon the silent, sleeping plains.","Upon the silent, sleeping plains.",17
"The silver moon casts its gentle rays,",rays,plains,craze,False,"Upon the silent, sleeping plains.","Upon the silent, sleeping plains.",18
"The silver moon casts its gentle rays,",rays,plains,craze,False,Upon the still and sleeping plains.,Upon the still and sleeping plains.,19
"The silver moon casts its gentle rays,",rays,lakes,craze,False,"Upon the silent, sleeping lakes.","Upon the silent, sleeping lakes.",20
"The silver moon casts its gentle rays,",rays,plains,craze,False,"Upon the silent, sleeping plains.","Upon the silent, sleeping plains.",21
"The silver moon casts its gentle rays,",rays,plains,craze,False,"Upon the silent, sleeping plains.","Upon the silent, sleeping plains.",22
"The silver moon casts its gentle rays,",rays,plains,craze,False,"Upon the silent, sleeping plains.","Upon the silent, sleeping plains.",23
"The silver moon casts its gentle rays,",rays,plains,craze,False,"Upon the silent, sleeping plains.","Upon the silent, sleeping plains.",24
"The silver moon casts its gentle rays,",rays,plains,craze,False,"Upon the silent, sleeping plains.","Upon the silent, sleeping plains.",25
"The silver moon casts its gentle rays,",rays,plays,craze,True,Upon the quiet lake it softly plays.,Upon the quiet lake it softly plays.,26
"The silver moon casts its gentle rays,",rays,plains,craze,False,"Upon the silent, sleeping plains.","Upon the silent, sleeping plains.",27
"The silver moon casts its gentle rays,",rays,plains,craze,False,"Upon the silent, sleeping plains.","Upon the silent, sleeping plains.",28
"The silver moon casts its gentle rays,",rays,plains,craze,False,"Upon the silent, sleeping plains.","Upon the silent, sleeping plains.",29
"The silver moon casts its gentle rays,",rays,plains,craze,False,"Upon the silent, sleeping plains.","Upon the silent, sleeping plains.",30
"The silver moon casts its gentle rays,",rays,plains,craze,False,"Upon the silent, sleeping plains.","Upon the silent, sleeping plains.",31
"The silver moon casts its gentle rays,",rays,waves,craze,False,"Upon the silent, sleeping waves.","Upon the silent, sleeping waves.",32
"The silver moon casts its gentle rays,",rays,plains,craze,False,Upon the still and silent plains.,Upon the still and silent plains.,33
"The silver moon casts its gentle rays,",rays,plains,craze,False,"Upon the silent, sleeping plains.","Upon the silent, sleeping plains.",34
"The silver moon casts its gentle rays,",rays,ballets,craze,True,Upon the quiet lake in soft ballets.,Upon the quiet lake in soft ballets.,35
"The silver moon casts its gentle rays,",rays,plains,craze,False,"Upon the silent, sleeping plains.","Upon the silent, sleeping plains.",36
"The silver moon casts its gentle rays,",rays,lakes,craze,False,"Upon the silent, sleeping lakes.","Upon the silent, sleeping lakes.",37
"The silver moon casts its gentle rays,",rays,plains,craze,False,"Upon the quiet, sleeping plains.","Upon the quiet, sleeping plains.",38
"The silver moon casts its gentle rays,",rays,night,craze,False,Upon the quiet waves of night.,Upon the quiet waves of night.,39
"The silver moon casts its gentle rays,",rays,plains,craze,False,"Upon the silent, sleeping plains.","Upon the silent, sleeping plains.",40
"The silver moon casts its gentle rays,",rays,plains,craze,False,"Upon the quiet, sleeping plains.","Upon the quiet, sleeping plains.",41
"The silver moon casts its gentle rays,",rays,plains,craze,False,"Upon the silent, sleeping plains.","Upon the silent, sleeping plains.",42
"The silver moon casts its gentle rays,",rays,grass,craze,False,"Upon the silent, sleeping grass.","Upon the silent, sleeping grass.",43
"The silver moon casts its gentle rays,",rays,waves,craze,False,"Upon the silent, sleeping waves.","Upon the silent, sleeping waves.",44
"The silver moon casts its gentle rays,",rays,plains,craze,False,"Upon the silent, sleeping plains.","Upon the silent, sleeping plains.",45
"The silver moon casts its gentle rays,",rays,plains,craze,False,Upon the still and sleeping plains.,Upon the still and sleeping plains.,46
"The silver moon casts its gentle rays,",rays,plains,craze,False,"Upon the silent, sleeping plains.","Upon the silent, sleeping plains.",47
"The silver moon casts its gentle rays,",rays,lakes,craze,False,"Upon the silent, sleeping lakes.","Upon the silent, sleeping lakes.",48
"The silver moon casts its gentle rays,",rays,plains,craze,False,"Upon the quiet, sleeping plains.","Upon the quiet, sleeping plains.",49
"The silver moon casts its gentle rays,",rays,night,craze,False,Upon the quiet waves of the night.,Upon the quiet waves of the night.,50
"The silver moon casts its gentle rays,",rays,plains,craze,False,"Upon the silent, sleeping plains.","Upon the silent, sleeping plains.",51
"The silver moon casts its gentle rays,",rays,hills,craze,False,"Upon the silent, sleeping hills.","Upon the silent, sleeping hills.",52
"The silver moon casts its gentle rays,",rays,plains,craze,False,"Upon the silent, sleeping plains.","Upon the silent, sleeping plains.",53
"The silver moon casts its gentle rays,",rays,waves,craze,False,"Upon the quiet, sleeping waves.","Upon the quiet, sleeping waves.",54
"The silver moon casts its gentle rays,",rays,plains,craze,False,"Upon the silent, sleeping plains.","Upon the silent, sleeping plains.",55
"The silver moon casts its gentle rays,",rays,plains,craze,False,"Upon the silent, sleeping plains.","Upon the silent, sleeping plains.",56
"The silver moon casts its gentle rays,",rays,plains,craze,False,"Upon the silent, sleeping plains.","Upon the silent, sleeping plains.",57
"The silver moon casts its gentle rays,",rays,praise,craze,True,Upon the quiet earth in silent praise.,Upon the quiet earth in silent praise.,58
"The silver moon casts its gentle rays,",rays,plains,craze,False,"Upon the silent, sleeping plains.","Upon the silent, sleeping plains.",59
"The silver moon casts its gentle rays,",rays,plains,craze,False,"Upon the silent, sleeping plains.","Upon the silent, sleeping plains.",60
"The silver moon casts its gentle rays,",rays,night,craze,False,Upon the quiet waves of night.,Upon the quiet waves of night.,61
"The silver moon casts its gentle rays,",rays,plains,craze,False,"Upon the silent, sleeping plains.","Upon the silent, sleeping plains.",62
"The silver moon casts its gentle rays,",rays,waves,craze,False,"Upon the silent, sleeping waves.","Upon the silent, sleeping waves.",63
"The silver moon casts its gentle rays,",rays,plains,craze,False,"Upon the silent, sleeping plains.","Upon the silent, sleeping plains.",64
"The silver moon casts its gentle rays,",rays,plains,craze,False,"Upon the silent, sleeping plains.","Upon the silent, sleeping plains.",65
"The silver moon casts its gentle rays,",rays,plains,craze,False,"Upon the silent, sleeping plains.","Upon the silent, sleeping plains.",66
"The silver moon casts its gentle rays,",rays,plains,craze,False,"Upon the silent, sleeping plains.","Upon the silent, sleeping plains.",67
"The silver moon casts its gentle rays,",rays,night,craze,False,Upon the quiet waters of the night.,Upon the quiet waters of the night.,68
"The silver moon casts its gentle rays,",rays,plains,craze,False,"Upon the silent, sleeping plains.","Upon the silent, sleeping plains.",69
"The silver moon casts its gentle rays,",rays,plains,craze,False,"Upon the silent, sleeping plains.","Upon the silent, sleeping plains.",70
"The silver moon casts its gentle rays,",rays,ballets,craze,True,Upon the quiet night in soft ballets.,Upon the quiet night in soft ballets.,71
"The silver moon casts its gentle rays,",rays,plains,craze,False,"Upon the silent, sleeping plains.","Upon the silent, sleeping plains.",72
"The silver moon casts its gentle rays,",rays,plains,craze,False,"Upon the silent, sleeping plains.","Upon the silent, sleeping plains.",73
"The silver moon casts its gentle rays,",rays,plains,craze,False,"Upon the silent, sleeping plains.","Upon the silent, sleeping plains.",74
"The silver moon casts its gentle rays,",rays,waves,craze,False,"Upon the silent, sleeping waves.","Upon the silent, sleeping waves.",75
"The silver moon casts its gentle rays,",rays,plays,craze,True,Upon the quiet lake it gently plays.,Upon the quiet lake it gently plays.,76
"The silver moon casts its gentle rays,",rays,plains,craze,False,"Upon the silent, sleeping plains.","Upon the silent, sleeping plains.",77
"The silver moon casts its gentle rays,",rays,plains,craze,False,Upon the still and silent plains.,Upon the still and silent plains.,78
"The silver moon casts its gentle rays,",rays,plains,craze,False,"Upon the silent, sleeping plains.","Upon the silent, sleeping plains.",79
"The silver moon casts its gentle rays,",rays,waves,craze,False,"Upon the silent, sleeping waves.","Upon the silent, sleeping waves.",80
"The silver moon casts its gentle rays,",rays,plains,craze,False,"Upon the silent, sleeping plains.","Upon the silent, sleeping plains.",81
"The silver moon casts its gentle rays,",rays,waves,craze,False,Upon the calm and silent waves.,Upon the calm and silent waves.,82
"The silver moon casts its gentle rays,",rays,plains,craze,False,"Upon the silent, sleeping plains.","Upon the silent, sleeping plains.",83
"The silver moon casts its gentle rays,",rays,plains,craze,False,"Upon the silent, sleeping plains.","Upon the silent, sleeping plains.",84
"The silver moon casts its gentle rays,",rays,plains,craze,False,Upon the still and sleeping plains.,Upon the still and sleeping plains.,85
"The silver moon casts its gentle rays,",rays,lakes,craze,False,"Upon the silent, sleeping lakes.","Upon the silent, sleeping lakes.",86
"The silver moon casts its gentle rays,",rays,plains,craze,False,"Upon the quiet, sleeping plains.","Upon the quiet, sleeping plains.",87
"The silver moon casts its gentle rays,",rays,trees,craze,False,"Upon the silent, sleeping trees.","Upon the silent, sleeping trees.",88
"The silver moon casts its gentle rays,",rays,waves,craze,False,"Upon the silent, sleeping waves.","Upon the silent, sleeping waves.",89
"The silver moon casts its gentle rays,",rays,plains,craze,False,"Upon the silent, sleeping plains.","Upon the silent, sleeping plains.",90
"The silver moon casts its gentle rays,",rays,plains,craze,False,"Upon the silent, sleeping plains.","Upon the silent, sleeping plains.",91
"The silver moon casts its gentle rays,",rays,array,craze,False,Upon the quiet lake in pale array.,Upon the quiet lake in pale array.,92
"The silver moon casts its gentle rays,",rays,plains,craze,False,"Upon the silent, sleeping plains.","Upon the silent, sleeping plains.",93
"The silver moon casts its gentle rays,",rays,plains,craze,False,"Upon the silent, sleeping plains.","Upon the silent, sleeping plains.",94
"The silver moon casts its gentle rays,",rays,lakes,craze,False,"Upon the silent, sleeping lakes.","Upon the silent, sleeping lakes.",95
"The silver moon casts its gentle rays,",rays,lakes,craze,False,"Upon the silent, sleeping lakes.","Upon the silent, sleeping lakes.",96
"The silver moon casts its gentle rays,",rays,plains,craze,False,"Upon the silent, sleeping plains.","Upon the silent, sleeping plains.",97
"The silver moon casts its gentle rays,",rays,waves,craze,False,"Upon the silent, sleeping waves.","Upon the silent, sleeping waves.",98
"The silver moon casts its gentle rays,",rays,plains,craze,False,"Upon the silent, sleeping plains.","Upon the silent, sleeping plains.",99
"The silver moon casts its gentle shimmer,",shimmer,night,shimmer,False,Upon the quiet waves of night.,Upon the quiet waves of night.,0
"The silver moon casts its gentle shimmer,",shimmer,shimmer,shimmer,False,Upon the quiet waves of the midnight shimmer.,Upon the quiet waves of the midnight shimmer.,1
"The silver moon casts its gentle shimmer,",shimmer,shimmer,shimmer,False,"Upon the silent lake, a dreamer's shimmer.","Upon the silent lake, a dreamer's shimmer.",2
"The silver moon casts its gentle shimmer,",shimmer,shimmer,shimmer,False,"Upon the silent lake, a mirror of shimmer.","Upon the silent lake, a mirror of shimmer.",3
"The silver moon casts its gentle shimmer,",shimmer,shimmer,shimmer,False,Upon the waves of midnight's shimmer.,Upon the waves of midnight's shimmer.,4
"The silver moon casts its gentle shimmer,",shimmer,shimmer,shimmer,False,"Upon the quiet lake, a peaceful shimmer.","Upon the quiet lake, a peaceful shimmer.",5
"The silver moon casts its gentle shimmer,",shimmer,slumber,shimmer,False,Upon the waves of night's soft slumber.,Upon the waves of night's soft slumber.,6
"The silver moon casts its gentle shimmer,",shimmer,whisper,shimmer,False,"Upon the silent lake, a dreamer's whisper.","Upon the silent lake, a dreamer's whisper.",7
"The silver moon casts its gentle shimmer,",shimmer,whisper,shimmer,False,Upon the lake with a whisper.,Upon the lake with a whisper.,8
"The silver moon casts its gentle shimmer,",shimmer,mirror,shimmer,False,"Upon the silent lake, a dreamer's mirror.","Upon the silent lake, a dreamer's mirror.",9
"The silver moon casts its gentle shimmer,",shimmer,shimmer,shimmer,False,Upon the lake in quiet shimmer.,Upon the lake in quiet shimmer.,10
"The silver moon casts its gentle shimmer,",shimmer,shimmer,shimmer,False,Upon the waves of midnight's shimmer.,Upon the waves of midnight's shimmer.,11
"The silver moon casts its gentle shimmer,",shimmer,whisper,shimmer,False,Upon the lake with a silent whisper.,Upon the lake with a silent whisper.,12
"The silver moon casts its gentle shimmer,",shimmer,glimmer,shimmer,True,Upon the lake with a tranquil glimmer.,Upon the lake with a tranquil glimmer.,13
"The silver moon casts its gentle shimmer,",shimmer,slumber,shimmer,False,Upon the waves of night's soft slumber.,Upon the waves of night's soft slumber.,14
"The silver moon casts its gentle shimmer,",shimmer,glimmer,shimmer,True,Upon the lake with a mirrored glimmer.,Upon the lake with a mirrored glimmer.,15
"The silver moon casts its gentle shimmer,",shimmer,shimmer,shimmer,False,"Upon the silent lake, a mirrored shimmer.","Upon the silent lake, a mirrored shimmer.",16
"The silver moon casts its gentle shimmer,",shimmer,shimmer,shimmer,False,"Upon the quiet lake, a mirrored shimmer.","Upon the quiet lake, a mirrored shimmer.",17
"The silver moon casts its gentle shimmer,",shimmer,night,shimmer,False,Upon the quiet waves of night.,Upon the quiet waves of night.,18
"The silver moon casts its gentle shimmer,",shimmer,dreamer,shimmer,False,"Upon the quiet lake, a mirrored dreamer.","Upon the quiet lake, a mirrored dreamer.",19
"The silver moon casts its gentle shimmer,",shimmer,shimmer,shimmer,False,"Upon the quiet lake, a dreamer's shimmer.","Upon the quiet lake, a dreamer's shimmer.",20
"The silver moon casts its gentle shimmer,",shimmer,river,shimmer,False,Upon the still and sleeping river.,Upon the still and sleeping river.,21
"The silver moon casts its gentle shimmer,",shimmer,shimmer,shimmer,False,"Upon the quiet lake, a mirror of shimmer.","Upon the quiet lake, a mirror of shimmer.",22
"The silver moon casts its gentle shimmer,",shimmer,shimmer,shimmer,False,"Upon the silent lake, a mirror shimmer.","Upon the silent lake, a mirror shimmer.",23
"The silver moon casts its gentle shimmer,",shimmer,whisper,shimmer,False,"Upon the silent lake, a dreamer's whisper.","Upon the silent lake, a dreamer's whisper.",24
"The silver moon casts its gentle shimmer,",shimmer,rhythm,shimmer,False,Upon the lake in silent rhythm.,Upon the lake in silent rhythm.,25
"The silver moon casts its gentle shimmer,",shimmer,slumber,shimmer,False,Upon the waves of night's soft slumber.,Upon the waves of night's soft slumber.,26
"The silver moon casts its gentle shimmer,",shimmer,shimmer,shimmer,False,"Upon the quiet lake, a mirrored shimmer.","Upon the quiet lake, a mirrored shimmer.",27
"The silver moon casts its gentle shimmer,",shimmer,river,shimmer,False,Upon the still and sleeping river.,Upon the still and sleeping river.,28
"The silver moon casts its gentle shimmer,",shimmer,night,shimmer,False,Upon the silent waves of the night.,Upon the silent waves of the night.,29
"The silver moon casts its gentle shimmer,",shimmer,shimmer,shimmer,False,Upon the waves that softly shimmer.,Upon the waves that softly shimmer.,30
"The silver moon casts its gentle shimmer,",shimmer,river,shimmer,False,Upon the still and sleeping river.,Upon the still and sleeping river.,31
"The silver moon casts its gentle shimmer,",shimmer,glimmer,shimmer,True,"Upon the silent lake, a mirror's glimmer.","Upon the silent lake, a mirror's glimmer.",32
"The silver moon casts its gentle shimmer,",shimmer,shimmer,shimmer,False,"Upon the quiet lake, a mirrored shimmer.","Upon the quiet lake, a mirrored shimmer.",33
"The silver moon casts its gentle shimmer,",shimmer,slumber,shimmer,False,Upon the waves of night's soft slumber.,Upon the waves of night's soft slumber.,34
"The silver moon casts its gentle shimmer,",shimmer,whisper,shimmer,False,"Upon the silent lake, a dreamer's whisper.","Upon the silent lake, a dreamer's whisper.",35
"The silver moon casts its gentle shimmer,",shimmer,mirror,shimmer,False,Upon the quiet waves of the midnight mirror.,Upon the quiet waves of the midnight mirror.,36
"The silver moon casts its gentle shimmer,",shimmer,shimmer,shimmer,False,Upon the waves that gently shimmer.,Upon the waves that gently shimmer.,37
"The silver moon casts its gentle shimmer,",shimmer,whisperer,shimmer,False,"Upon the quiet lake, a whisperer.","Upon the quiet lake, a whisperer.",38
"The silver moon casts its gentle shimmer,",shimmer,slumber,shimmer,False,Upon the lake in quiet slumber.,Upon the lake in quiet slumber.,39
"The silver moon casts its gentle shimmer,",shimmer,shimmer,shimmer,False,Upon the lake in quiet shimmer.,Upon the lake in quiet shimmer.,40
"The silver moon casts its gentle shimmer,",shimmer,hymn,shimmer,False,"Upon the quiet lake, a silent hymn.","Upon the quiet lake, a silent hymn.",41
"The silver moon casts its gentle shimmer,",shimmer,midnight,shimmer,False,Upon the quiet waves of midnight.,Upon the quiet waves of midnight.,42
"The silver moon casts its gentle shimmer,",shimmer,shimmer,shimmer,False,Upon the waves of midnight's shimmer.,Upon the waves of midnight's shimmer.,43
"The silver moon casts its gentle shimmer,",shimmer,river,shimmer,False,Upon the still and sleeping river.,Upon the still and sleeping river.,44
"The silver moon casts its gentle shimmer,",shimmer,shimmer,shimmer,False,"Upon the quiet lake, a mirrored shimmer.","Upon the quiet lake, a mirrored shimmer.",45
"The silver moon casts its gentle shimmer,",shimmer,shimmer,shimmer,False,"Upon the silent lake, a mirrored shimmer.","Upon the silent lake, a mirrored shimmer.",46
"The silver moon casts its gentle shimmer,",shimmer,night,shimmer,False,Upon the silent waves of the night.,Upon the silent waves of the night.,47
"The silver moon casts its gentle shimmer,",shimmer,glimmers,shimmer,False,Upon the silent lake it glimmers.,Upon the silent lake it glimmers.,48
"The silver moon casts its gentle shimmer,",shimmer,river,shimmer,False,Upon the still and silent river.,Upon the still and silent river.,49
"The silver moon casts its gentle shimmer,",shimmer,river,shimmer,False,Upon the quiet waves of the sleeping river.,Upon the quiet waves of the sleeping river.,50
"The silver moon casts its gentle shimmer,",shimmer,shimmer,shimmer,False,Upon the waves that whisper and shimmer.,Upon the waves that whisper and shimmer.,51
"The silver moon casts its gentle shimmer,",shimmer,shimmer,shimmer,False,"Upon the silent lake, a mirror of shimmer.","Upon the silent lake, a mirror of shimmer.",52
"The silver moon casts its gentle shimmer,",shimmer,shimmer,shimmer,False,"Upon the quiet lake, a mirror of shimmer.","Upon the quiet lake, a mirror of shimmer.",53
"The silver moon casts its gentle shimmer,",shimmer,hymn,shimmer,False,"Upon the quiet lake, a silent hymn.","Upon the quiet lake, a silent hymn.",54
"The silver moon casts its gentle shimmer,",shimmer,slumber,shimmer,False,Upon the lake in quiet slumber.,Upon the lake in quiet slumber.,55
"The silver moon casts its gentle shimmer,",shimmer,night,shimmer,False,Upon the quiet waves of night.,Upon the quiet waves of night.,56
"The silver moon casts its gentle shimmer,",shimmer,whisper,shimmer,False,"Upon the quiet lake, a dreamer's whisper.","Upon the quiet lake, a dreamer's whisper.",57
"The silver moon casts its gentle shimmer,",shimmer,river,shimmer,False,Upon the still and silent river.,Upon the still and silent river.,58
"The silver moon casts its gentle shimmer,",shimmer,glimmer,shimmer,True,"Upon the quiet lake, a mirror's glimmer.","Upon the quiet lake, a mirror's glimmer.",59
"The silver moon casts its gentle shimmer,",shimmer,shimmer,shimmer,False,Upon the lake with a quiet shimmer.,Upon the lake with a quiet shimmer.,60
"The silver moon casts its gentle shimmer,",shimmer,whisper,shimmer,False,Upon the lake with a whisper.,Upon the lake with a whisper.,61
"The silver moon casts its gentle shimmer,",shimmer,winter,shimmer,False,"Upon the silent lake, a mirror of winter.","Upon the silent lake, a mirror of winter.",62
"The silver moon casts its gentle shimmer,",shimmer,night,shimmer,False,Upon the silent waves of night.,Upon the silent waves of night.,63
"The silver moon casts its gentle shimmer,",shimmer,shimmer,shimmer,False,Upon the waves that gently shimmer.,Upon the waves that gently shimmer.,64
"The silver moon casts its gentle shimmer,",shimmer,night,shimmer,False,Upon the silent waves of night.,Upon the silent waves of night.,65
"The silver moon casts its gentle shimmer,",shimmer,whisper,shimmer,False,"Upon the quiet lake, a dreamer's whisper.","Upon the quiet lake, a dreamer's whisper.",66
"The silver moon casts its gentle shimmer,",shimmer,shimmer,shimmer,False,Upon the waves that gently shimmer.,Upon the waves that gently shimmer.,67
"The silver moon casts its gentle shimmer,",shimmer,glimmer,shimmer,True,"Upon the silent lake, a dreamy glimmer.","Upon the silent lake, a dreamy glimmer.",68
"The silver moon casts its gentle shimmer,",shimmer,shimmer,shimmer,False,Upon the lake in quiet shimmer.,Upon the lake in quiet shimmer.,69
"The silver moon casts its gentle shimmer,",shimmer,shimmer,shimmer,False,"Upon the silent lake, a mirrored shimmer.","Upon the silent lake, a mirrored shimmer.",70
"The silver moon casts its gentle shimmer,",shimmer,river,shimmer,False,Upon the still and silent river.,Upon the still and silent river.,71
"The silver moon casts its gentle shimmer,",shimmer,slumber,shimmer,False,Upon the lake with quiet slumber.,Upon the lake with quiet slumber.,72
"The silver moon casts its gentle shimmer,",shimmer,whisper,shimmer,False,Upon the lake with a silent whisper.,Upon the lake with a silent whisper.,73
"The silver moon casts its gentle shimmer,",shimmer,shimmer,shimmer,False,"Upon the quiet lake, a mirrored shimmer.","Upon the quiet lake, a mirrored shimmer.",74
"The silver moon casts its gentle shimmer,",shimmer,whisper,shimmer,False,"Upon the silent lake, a dreamer's whisper.","Upon the silent lake, a dreamer's whisper.",75
"The silver moon casts its gentle shimmer,",shimmer,shimmer,shimmer,False,Upon the waves of midnight's shimmer.,Upon the waves of midnight's shimmer.,76
"The silver moon casts its gentle shimmer,",shimmer,shimmer,shimmer,False,"Upon the quiet lake, a silent shimmer.","Upon the quiet lake, a silent shimmer.",77
"The silver moon casts its gentle shimmer,",shimmer,shimmer,shimmer,False,"Upon the quiet lake, a mirrored shimmer.","Upon the quiet lake, a mirrored shimmer.",78
"The silver moon casts its gentle shimmer,",shimmer,whisper,shimmer,False,Upon the lake with a quiet whisper.,Upon the lake with a quiet whisper.,79
"The silver moon casts its gentle shimmer,",shimmer,shimmer,shimmer,False,"Upon the quiet lake, a mirror of shimmer.","Upon the quiet lake, a mirror of shimmer.",80
"The silver moon casts its gentle shimmer,",shimmer,hymn,shimmer,False,"Upon the silent lake, a whispered hymn.","Upon the silent lake, a whispered hymn.",81
"The silver moon casts its gentle shimmer,",shimmer,whisper,shimmer,False,Upon the lake with a silent whisper.,Upon the lake with a silent whisper.,82
"The silver moon casts its gentle shimmer,",shimmer,midnight,shimmer,False,Upon the silent waves of midnight.,Upon the silent waves of midnight.,83
"The silver moon casts its gentle shimmer,",shimmer,river,shimmer,False,Upon the still and sleeping river.,Upon the still and sleeping river.,84
"The silver moon casts its gentle shimmer,",shimmer,whisper,shimmer,False,"Upon the silent lake, a dreamer's whisper.","Upon the silent lake, a dreamer's whisper.",85
"The silver moon casts its gentle shimmer,",shimmer,silentimmer,shimmer,False,"Upon the quiet lake, a silentimmer.","Upon the quiet lake, a silentimmer.",86
"The silver moon casts its gentle shimmer,",shimmer,midnight,shimmer,False,Upon the silent waves of midnight.,Upon the silent waves of midnight.,87
"The silver moon casts its gentle shimmer,",shimmer,shimmer,shimmer,False,Upon the waves that softly shimmer.,Upon the waves that softly shimmer.,88
"The silver moon casts its gentle shimmer,",shimmer,night,shimmer,False,Upon the silent waves of night.,Upon the silent waves of night.,89
"The silver moon casts its gentle shimmer,",shimmer,shimmer,shimmer,False,"Upon the quiet lake, a dreamer's shimmer.","Upon the quiet lake, a dreamer's shimmer.",90
"The silver moon casts its gentle shimmer,",shimmer,shimmer,shimmer,False,Upon the waves that whisper and shimmer.,Upon the waves that whisper and shimmer.,91
"The silver moon casts its gentle shimmer,",shimmer,river,shimmer,False,Upon the still and sleeping river.,Upon the still and sleeping river.,92
"The silver moon casts its gentle shimmer,",shimmer,night,shimmer,False,Upon the silent waves of the night.,Upon the silent waves of the night.,93
"The silver moon casts its gentle shimmer,",shimmer,whisper,shimmer,False,Upon the lake with a whisper.,Upon the lake with a whisper.,94
"The silver moon casts its gentle shimmer,",shimmer,shore,shimmer,False,Upon the waves that kiss the shore.,Upon the waves that kiss the shore.,95
"The silver moon casts its gentle shimmer,",shimmer,whisper,shimmer,False,"Upon the silent lake, a dreamer's whisper.","Upon the silent lake, a dreamer's whisper.",96
"The silver moon casts its gentle shimmer,",shimmer,shimmer,shimmer,False,"Upon the silent lake, a mirrored shimmer.","Upon the silent lake, a mirrored shimmer.",97
"The silver moon casts its gentle shimmer,",shimmer,thinner,shimmer,False,Upon the lake with whispers thinner.,Upon the lake with whispers thinner.,98
"The silver moon casts its gentle shimmer,",shimmer,shimmer,shimmer,False,"Upon the quiet lake, a mirrored shimmer.","Upon the quiet lake, a mirrored shimmer.",99
"The silver moon casts its gentle illumination,",illumination,contemplation,illumination,True,Upon the silent earth in quiet contemplation.,Upon the silent earth in quiet contemplation.,0
"The silver moon casts its gentle illumination,",illumination,communication,illumination,True,On the quiet earth below in silent communication.,On the quiet earth below in silent communication.,1
"The silver moon casts its gentle illumination,",illumination,reflection,illumination,False,Upon the silent earth in quiet reflection.,Upon the silent earth in quiet reflection.,2
"The silver moon casts its gentle illumination,",illumination,reflection,illumination,False,Upon the quiet lake in a shimmering reflection.,Upon the quiet lake in a shimmering reflection.,3
"The silver moon casts its gentle illumination,",illumination,glow,illumination,False,"Upon the quiet earth in a pale, soft glow.","Upon the quiet earth in a pale, soft glow.",4
"The silver moon casts its gentle illumination,",illumination,hue,illumination,False,"Upon the quiet earth in a soft, silvery hue.","Upon the quiet earth in a soft, silvery hue.",5
"The silver moon casts its gentle illumination,",illumination,reflection,illumination,False,Upon the silent world in quiet reflection.,Upon the silent world in quiet reflection.,6
"The silver moon casts its gentle illumination,",illumination,fashion,illumination,False,"Upon the quiet earth in a soft, silvery fashion.","Upon the quiet earth in a soft, silvery fashion.",7
"The silver moon casts its gentle illumination,",illumination,blue,illumination,False,Upon the quiet earth in shades of pale blue.,Upon the quiet earth in shades of pale blue.,8
"The silver moon casts its gentle illumination,",illumination,light,illumination,False,Upon the quiet earth in whispers of pale light.,Upon the quiet earth in whispers of pale light.,9
"The silver moon casts its gentle illumination,",illumination,reflection,illumination,False,Upon the quiet earth in soft reflection.,Upon the quiet earth in soft reflection.,10
"The silver moon casts its gentle illumination,",illumination,contemplation,illumination,True,Upon the silent earth in quiet contemplation.,Upon the silent earth in quiet contemplation.,11
"The silver moon casts its gentle illumination,",illumination,reflection,illumination,False,Upon the quiet earth in soft reflection.,Upon the quiet earth in soft reflection.,12
"The silver moon casts its gentle illumination,",illumination,contemplation,illumination,True,Upon the silent earth in quiet contemplation.,Upon the silent earth in quiet contemplation.,13
"The silver moon casts its gentle illumination,",illumination,devotion,illumination,False,Upon the quiet earth in whispers of devotion.,Upon the quiet earth in whispers of devotion.,14
"The silver moon casts its gentle illumination,",illumination,reflection,illumination,False,On the quiet earth below in silent reflection.,On the quiet earth below in silent reflection.,15
"The silver moon casts its gentle illumination,",illumination,fashion,illumination,False,"Upon the quiet earth in a soft, silvery fashion.","Upon the quiet earth in a soft, silvery fashion.",16
"The silver moon casts its gentle illumination,",illumination,reflection,illumination,False,Upon the quiet earth in soft reflection.,Upon the quiet earth in soft reflection.,17
"The silver moon casts its gentle illumination,",illumination,reflection,illumination,False,Upon the quiet earth in soft reflection.,Upon the quiet earth in soft reflection.,18
"The silver moon casts its gentle illumination,",illumination,silveruation,illumination,False,Upon the quiet earth in soft silveruation.,Upon the quiet earth in soft silveruation.,19
"The silver moon casts its gentle illumination,",illumination,reflection,illumination,False,Upon the quiet earth in soft reflection.,Upon the quiet earth in soft reflection.,20
"The silver moon casts its gentle illumination,",illumination,reflection,illumination,False,Upon the silent earth in a quiet reflection.,Upon the silent earth in a quiet reflection.,21
"The silver moon casts its gentle illumination,",illumination,reflection,illumination,False,Upon the quiet world in silent reflection.,Upon the quiet world in silent reflection.,22
"The silver moon casts its gentle illumination,",illumination,reflection,illumination,False,Upon the silent earth in quiet reflection.,Upon the silent earth in quiet reflection.,23
"The silver moon casts its gentle illumination,",illumination,ocean,illumination,False,Upon the silent waves of the midnight ocean.,Upon the silent waves of the midnight ocean.,24
"The silver moon casts its gentle illumination,",illumination,reflection,illumination,False,Upon the quiet earth in a hush of reflection.,Upon the quiet earth in a hush of reflection.,25
"The silver moon casts its gentle illumination,",illumination,emotion,illumination,False,On silent waves of night's deep emotion.,On silent waves of night's deep emotion.,26
"The silver moon casts its gentle illumination,",illumination,fashion,illumination,False,"Upon the silent earth in a soft, silvery fashion.","Upon the silent earth in a soft, silvery fashion.",27
"The silver moon casts its gentle illumination,",illumination,reflection,illumination,False,Upon the quiet earth in shimmering reflection.,Upon the quiet earth in shimmering reflection.,28
"The silver moon casts its gentle illumination,",illumination,reflection,illumination,False,Upon the silent earth in quiet reflection.,Upon the silent earth in quiet reflection.,29
"The silver moon casts its gentle illumination,",illumination,fashion,illumination,False,"Upon the quiet earth in a soft, silvery fashion.","Upon the quiet earth in a soft, silvery fashion.",30
"The silver moon casts its gentle illumination,",illumination,radiation,illumination,True,"Upon the quiet earth in a soft, silvery radiation.","Upon the quiet earth in a soft, silvery radiation.",31
"The silver moon casts its gentle illumination,",illumination,reflection,illumination,False,Upon the quiet lake in a shimmering reflection.,Upon the quiet lake in a shimmering reflection.,32
"The silver moon casts its gentle illumination,",illumination,reflection,illumination,False,Upon the quiet earth in soft reflection.,Upon the quiet earth in soft reflection.,33
"The silver moon casts its gentle illumination,",illumination,reflection,illumination,False,Upon the quiet earth in soft reflection.,Upon the quiet earth in soft reflection.,34
"The silver moon casts its gentle illumination,",illumination,contemplation,illumination,True,Upon the silent earth in quiet contemplation.,Upon the silent earth in quiet contemplation.,35
"The silver moon casts its gentle illumination,",illumination,glow,illumination,False,"Upon the quiet earth in a soft, silvery glow.","Upon the quiet earth in a soft, silvery glow.",36
"The silver moon casts its gentle illumination,",illumination,fashion,illumination,False,"Upon the quiet earth in a soft, silvery fashion.","Upon the quiet earth in a soft, silvery fashion.",37
"The silver moon casts its gentle illumination,",illumination,radiance,illumination,False,Upon the quiet earth in soft radiance.,Upon the quiet earth in soft radiance.,38
"The silver moon casts its gentle illumination,",illumination,submission,illumination,False,Upon the silent earth in quiet submission.,Upon the silent earth in quiet submission.,39
"The silver moon casts its gentle illumination,",illumination,reflection,illumination,False,Upon the silent earth in quiet reflection.,Upon the silent earth in quiet reflection.,40
"The silver moon casts its gentle illumination,",illumination,reflection,illumination,False,Upon the silent world in pale reflection.,Upon the silent world in pale reflection.,41
"The silver moon casts its gentle illumination,",illumination,reflection,illumination,False,Upon the quiet earth in silent reflection.,Upon the quiet earth in silent reflection.,42
"The silver moon casts its gentle illumination,",illumination,reflection,illumination,False,Upon the quiet earth in whispered reflection.,Upon the quiet earth in whispered reflection.,43
"The silver moon casts its gentle illumination,",illumination,reflection,illumination,False,Upon the quiet earth in silent reflection.,Upon the quiet earth in silent reflection.,44
"The silver moon casts its gentle illumination,",illumination,fashion,illumination,False,"Upon the quiet earth in a hushed, silvery fashion.","Upon the quiet earth in a hushed, silvery fashion.",45
"The silver moon casts its gentle illumination,",illumination,light,illumination,False,On the quiet earth in a whisper of light.,On the quiet earth in a whisper of light.,46
"The silver moon casts its gentle illumination,",illumination,reflection,illumination,False,Upon the quiet earth in soft reflection.,Upon the quiet earth in soft reflection.,47
"The silver moon casts its gentle illumination,",illumination,fashion,illumination,False,"Upon the quiet earth in a soft, silent fashion.","Upon the quiet earth in a soft, silent fashion.",48
"The silver moon casts its gentle illumination,",illumination,reflection,illumination,False,Upon the silent earth in quiet reflection.,Upon the silent earth in quiet reflection.,49
"The silver moon casts its gentle illumination,",illumination,reflection,illumination,False,Upon the quiet earth in soft reflection.,Upon the quiet earth in soft reflection.,50
"The silver moon casts its gentle illumination,",illumination,glow,illumination,False,"Upon the quiet earth in a soft, silvery glow.","Upon the quiet earth in a soft, silvery glow.",51
"The silver moon casts its gentle illumination,",illumination,glow,illumination,False,"Upon the quiet earth in a soft, silvery glow.","Upon the quiet earth in a soft, silvery glow.",52
"The silver moon casts its gentle illumination,",illumination,reflection,illumination,False,Upon the quiet earth in shades of pale reflection.,Upon the quiet earth in shades of pale reflection.,53
"The silver moon casts its gentle illumination,",illumination,motion,illumination,False,"Upon the silent lake in a hushed, shimmering motion.","Upon the silent lake in a hushed, shimmering motion.",54
"The silver moon casts its gentle illumination,",illumination,devotion,illumination,False,On the quiet earth in a hush of devotion.,On the quiet earth in a hush of devotion.,55
"The silver moon casts its gentle illumination,",illumination,communication,illumination,True,Upon the quiet earth in silent communication.,Upon the quiet earth in silent communication.,56
"The silver moon casts its gentle illumination,",illumination,contemplation,illumination,True,Upon the quiet earth in silent contemplation.,Upon the quiet earth in silent contemplation.,57
"The silver moon casts its gentle illumination,",illumination,reflection,illumination,False,Upon the quiet world in soft reflection.,Upon the quiet world in soft reflection.,58
"The silver moon casts its gentle illumination,",illumination,reflection,illumination,False,Upon the quiet earth in soft reflection.,Upon the quiet earth in soft reflection.,59
"The silver moon casts its gentle illumination,",illumination,reflection,illumination,False,Upon the quiet earth in soft reflection.,Upon the quiet earth in soft reflection.,60
"The silver moon casts its gentle illumination,",illumination,fashion,illumination,False,"Upon the quiet earth in a soft, silvery fashion.","Upon the quiet earth in a soft, silvery fashion.",61
"The silver moon casts its gentle illumination,",illumination,fashion,illumination,False,"Upon the silent world in a soft, ethereal fashion.","Upon the silent world in a soft, ethereal fashion.",62
"The silver moon casts its gentle illumination,",illumination,glow,illumination,False,"Upon the silent earth in a soft, silvery glow.","Upon the silent earth in a soft, silvery glow.",63
"The silver moon casts its gentle illumination,",illumination,contemplation,illumination,True,Upon the quiet earth in silent contemplation.,Upon the quiet earth in silent contemplation.,64
"The silver moon casts its gentle illumination,",illumination,light,illumination,False,Upon the quiet earth in a hush of pale light.,Upon the quiet earth in a hush of pale light.,65
"The silver moon casts its gentle illumination,",illumination,reflection,illumination,False,Upon the silent earth in quiet reflection.,Upon the silent earth in quiet reflection.,66
"The silver moon casts its gentle illumination,",illumination,submission,illumination,False,Upon the silent earth in quiet submission.,Upon the silent earth in quiet submission.,67
"The silver moon casts its gentle illumination,",illumination,devotion,illumination,False,Upon the quiet earth in silent devotion.,Upon the quiet earth in silent devotion.,68
"The silver moon casts its gentle illumination,",illumination,reflection,illumination,False,Upon the silent earth in soft reflection.,Upon the silent earth in soft reflection.,69
"The silver moon casts its gentle illumination,",illumination,contemplation,illumination,True,Upon the quiet earth in silent contemplation.,Upon the quiet earth in silent contemplation.,70
"The silver moon casts its gentle illumination,",illumination,reflection,illumination,False,Upon the silent world in quiet reflection.,Upon the silent world in quiet reflection.,71
"The silver moon casts its gentle illumination,",illumination,glow,illumination,False,"Upon the quiet earth in a soft, silvery glow.","Upon the quiet earth in a soft, silvery glow.",72
"The silver moon casts its gentle illumination,",illumination,reflection,illumination,False,Upon the silent lake in a shimmering reflection.,Upon the silent lake in a shimmering reflection.,73
"The silver moon casts its gentle illumination,",illumination,reflection,illumination,False,On the quiet earth in a hush of reflection.,On the quiet earth in a hush of reflection.,74
"The silver moon casts its gentle illumination,",illumination,glow,illumination,False,"Upon the quiet earth in a soft, silvery glow.","Upon the quiet earth in a soft, silvery glow.",75
"The silver moon casts its gentle illumination,",illumination,contemplation,illumination,True,Upon the silent earth in quiet contemplation.,Upon the silent earth in quiet contemplation.,76
"The silver moon casts its gentle illumination,",illumination,fashion,illumination,False,"Upon the quiet world in a soft, silvery fashion.","Upon the quiet world in a soft, silvery fashion.",77
"The silver moon casts its gentle illumination,",illumination,reflection,illumination,False,Upon the quiet earth in a hush of reflection.,Upon the quiet earth in a hush of reflection.,78
"The silver moon casts its gentle illumination,",illumination,communion,illumination,False,Upon the silent earth in quiet communion.,Upon the silent earth in quiet communion.,79
"The silver moon casts its gentle illumination,",illumination,reflection,illumination,False,On silent waves of midnight's reflection.,On silent waves of midnight's reflection.,80
"The silver moon casts its gentle illumination,",illumination,reflection,illumination,False,Upon the silent world in quiet reflection.,Upon the silent world in quiet reflection.,81
"The silver moon casts its gentle illumination,",illumination,reflection,illumination,False,Upon the silent earth in soft reflection.,Upon the silent earth in soft reflection.,82
"The silver moon casts its gentle illumination,",illumination,fashion,illumination,False,"Upon the quiet earth in soft, silvery fashion.","Upon the quiet earth in soft, silvery fashion.",83
"The silver moon casts its gentle illumination,",illumination,illumination,illumination,False,"Upon the quiet earth in a soft, silvery illumination.","Upon the quiet earth in a soft, silvery illumination.",84
"The silver moon casts its gentle illumination,",illumination,radiance,illumination,False,Upon the quiet earth in soft radiance.,Upon the quiet earth in soft radiance.,85
"The silver moon casts its gentle illumination,",illumination,reflection,illumination,False,Upon the quiet lake in a shimmering reflection.,Upon the quiet lake in a shimmering reflection.,86
"The silver moon casts its gentle illumination,",illumination,reflection,illumination,False,Upon the silent earth in soft reflection.,Upon the silent earth in soft reflection.,87
"The silver moon casts its gentle illumination,",illumination,reflection,illumination,False,On silent waves of night's serene reflection.,On silent waves of night's serene reflection.,88
"The silver moon casts its gentle illumination,",illumination,illumination,illumination,False,"Upon the quiet earth in a soft, silvery illumination.","Upon the quiet earth in a soft, silvery illumination.",89
"The silver moon casts its gentle illumination,",illumination,reflection,illumination,False,Upon the quiet earth in soft reflection.,Upon the quiet earth in soft reflection.,90
"The silver moon casts its gentle illumination,",illumination,pale,illumination,False,Upon the quiet earth in shades of pale.,Upon the quiet earth in shades of pale.,91
"The silver moon casts its gentle illumination,",illumination,reflection,illumination,False,Upon the silent lake in shimmering reflection.,Upon the silent lake in shimmering reflection.,92
"The silver moon casts its gentle illumination,",illumination,reflection,illumination,False,Upon the quiet world in soft reflection.,Upon the quiet world in soft reflection.,93
"The silver moon casts its gentle illumination,",illumination,reflection,illumination,False,Upon the silent earth in quiet reflection.,Upon the silent earth in quiet reflection.,94
"The silver moon casts its gentle illumination,",illumination,reflection,illumination,False,Upon the silent world in quiet reflection.,Upon the silent world in quiet reflection.,95
"The silver moon casts its gentle illumination,",illumination,pale,illumination,False,Upon the quiet earth in shades of pale.,Upon the quiet earth in shades of pale.,96
"The silver moon casts its gentle illumination,",illumination,reflection,illumination,False,"On the quiet lake, a mirror of night's reflection.","On the quiet lake, a mirror of night's reflection.",97
"The silver moon casts its gentle illumination,",illumination,contemplation,illumination,True,Upon the silent earth in quiet contemplation.,Upon the silent earth in quiet contemplation.,98
"The silver moon casts its gentle illumination,",illumination,reflection,illumination,False,Upon the silent earth in quiet reflection.,Upon the silent earth in quiet reflection.,99
"There once was a bot named Claude,",claude,two,claude,False,Who could not compute the square of two.,Who could not compute the square of two.,0
"There once was a bot named Claude,",claude,flair,claude,False,Who could chat and learn with flair.,Who could chat and learn with flair.,1
"There once was a bot named Claude,",claude,night,claude,False,Who could chat all day and night.,Who could chat all day and night.,2
"There once was a bot named Claude,",claude,chide,claude,False,Who could chat and could chide.,Who could chat and could chide.,3
"There once was a bot named Claude,",claude,confused,claude,False,Who could chat all day and never get confused.,Who could chat all day and never get confused.,4
"There once was a bot named Claude,",claude,profound,claude,False,Who coded with flair and a touch of profound.,Who coded with flair and a touch of profound.,5
"There once was a bot named Claude,",claude,grace,claude,False,Who could code with flair and grace.,Who could code with flair and grace.,6
"There once was a bot named Claude,",claude,chide,claude,False,Who could chat and could chide.,Who could chat and could chide.,7
"There once was a bot named Claude,",claude,strew,claude,False,Who could chat all day and never once would strew.,Who could chat all day and never once would strew.,8
"There once was a bot named Claude,",claude,flair,claude,False,Who learned to chat with great flair.,Who learned to chat with great flair.,9
"There once was a bot named Claude,",claude,grace,claude,False,Who could write with great flair and grace.,Who could write with great flair and grace.,10
"There once was a bot named Claude,",claude,night,claude,False,Who could chat all day and night.,Who could chat all day and night.,11
"There once was a bot named Claude,",claude,night,claude,False,Who could chat all day and night.,Who could chat all day and night.,12
"There once was a bot named Claude,",claude,night,claude,False,Who could chat all day and night.,Who could chat all day and night.,13
"There once was a bot named Claude,",claude,too,claude,False,"Who could chat all day and night, too.","Who could chat all day and night, too.",14
"There once was a bot named Claude,",claude,night,claude,False,Who could chat all day and night.,Who could chat all day and night.,15
"There once was a bot named Claude,",claude,night,claude,False,Who could chat all day and night.,Who could chat all day and night.,16
"There once was a bot named Claude,",claude,fable,claude,False,Who could not tell truth from a fable.,Who could not tell truth from a fable.,17
"There once was a bot named Claude,",claude,night,claude,False,Who could chat all day and night.,Who could chat all day and night.,18
"There once was a bot named Claude,",claude,flair,claude,False,Who could chat and learn with flair.,Who could chat and learn with flair.,19
"There once was a bot named Claude,",claude,flake,claude,False,Who could not avoid a bit of flake.,Who could not avoid a bit of flake.,20
"There once was a bot named Claude,",claude,way,claude,False,Who learned to chat in a most engaging way.,Who learned to chat in a most engaging way.,21
"There once was a bot named Claude,",claude,flair,claude,False,Who could chat and recite with flair.,Who could chat and recite with flair.,22
"There once was a bot named Claude,",claude,chide,claude,False,Who could chat and could chide.,Who could chat and could chide.,23
"There once was a bot named Claude,",claude,way,claude,False,Who learned to chat in a most profound way.,Who learned to chat in a most profound way.,24
"There once was a bot named Claude,",claude,code,claude,False,Who could chat and could code.,Who could chat and could code.,25
"There once was a bot named Claude,",claude,flair,claude,False,Who learned to chat with great flair.,Who learned to chat with great flair.,26
"There once was a bot named Claude,",claude,flair,claude,False,Who could code with great flair.,Who could code with great flair.,27
"There once was a bot named Claude,",claude,grace,claude,False,Who solved problems with flair and grace.,Who solved problems with flair and grace.,28
"There once was a bot named Claude,",claude,pause,claude,False,Who could chat day and night without a pause.,Who could chat day and night without a pause.,29
"There once was a bot named Claude,",claude,swayed,claude,False,Who could not be swayed.,Who could not be swayed.,30
"There once was a bot named Claude,",claude,flair,claude,False,Who could code with great flair.,Who could code with great flair.,31
"There once was a bot named Claude,",claude,debate,claude,False,Who could not resist a good debate.,Who could not resist a good debate.,32
"There once was a bot named Claude,",claude,night,claude,False,Who could chat all day and night.,Who could chat all day and night.,33
"There once was a bot named Claude,",claude,flair,claude,False,Who learned to write with great flair.,Who learned to write with great flair.,34
"There once was a bot named Claude,",claude,pause,claude,False,Who could chat day and night without pause.,Who could chat day and night without pause.,35
"There once was a bot named Claude,",claude,way,claude,False,Who learned to chat in a most curious way.,Who learned to chat in a most curious way.,36
"There once was a bot named Claude,",claude,flair,claude,False,Who could code with great flair.,Who could code with great flair.,37
"There once was a bot named Claude,",claude,flair,claude,False,Who could code with great flair.,Who could code with great flair.,38
"There once was a bot named Claude,",claude,night,claude,False,Who could chat all day and night.,Who could chat all day and night.,39
"There once was a bot named Claude,",claude,grace,claude,False,Who could write with such flair and good grace.,Who could write with such flair and good grace.,40
"There once was a bot named Claude,",claude,night,claude,False,Who could chat all day and night.,Who could chat all day and night.,41
"There once was a bot named Claude,",claude,night,claude,False,Who could chat all day and night.,Who could chat all day and night.,42
"There once was a bot named Claude,",claude,say,claude,False,Who could not decide what to say.,Who could not decide what to say.,43
"There once was a bot named Claude,",claude,night,claude,False,Who could chat all day and night.,Who could chat all day and night.,44
"There once was a bot named Claude,",claude,grace,claude,False,Who could answer with flair and grace.,Who could answer with flair and grace.,45
"There once was a bot named Claude,",claude,flair,claude,False,Who could chat and learn with flair.,Who could chat and learn with flair.,46
"There once was a bot named Claude,",claude,way,claude,False,Who learned to chat in quite a haphazard way.,Who learned to chat in quite a haphazard way.,47
"There once was a bot named Claude,",claude,day,claude,False,Who loved to chat all day.,Who loved to chat all day.,48
"There once was a bot named Claude,",claude,night,claude,False,Who could chat all day and night.,Who could chat all day and night.,49
"There once was a bot named Claude,",claude,day,claude,False,Who loved to chat all day.,Who loved to chat all day.,50
"There once was a bot named Claude,",claude,way,claude,False,Who learned to chat in a most curious way.,Who learned to chat in a most curious way.,51
"There once was a bot named Claude,",claude,night,claude,False,Who could chat all day and night.,Who could chat all day and night.,52
"There once was a bot named Claude,",claude,flair,claude,False,Who could chat and recite with flair.,Who could chat and recite with flair.,53
"There once was a bot named Claude,",claude,laud,claude,True,Who could chat and could laud.,Who could chat and could laud.,54
"There once was a bot named Claude,",claude,night,claude,False,Who could chat all day and night.,Who could chat all day and night.,55
"There once was a bot named Claude,",claude,flair,claude,False,Who solved every query with flair.,Who solved every query with flair.,56
"There once was a bot named Claude,",claude,chide,claude,False,Who could write with great flair and chide.,Who could write with great flair and chide.,57
"There once was a bot named Claude,",claude,debate,claude,False,Who could chat and debate.,Who could chat and debate.,58
"There once was a bot named Claude,",claude,flair,claude,False,Who could chat and learn with great flair.,Who could chat and learn with great flair.,59
"There once was a bot named Claude,",claude,night,claude,False,Who could chat all day and night.,Who could chat all day and night.,60
"There once was a bot named Claude,",claude,grace,claude,False,Who solved problems with flair and grace.,Who solved problems with flair and grace.,61
"There once was a bot named Claude,",claude,grace,claude,False,Who solved problems with flair and grace.,Who solved problems with flair and grace.,62
"There once was a bot named Claude,",claude,night,claude,False,Who could chat all day and night.,Who could chat all day and night.,63
"There once was a bot named Claude,",claude,flair,claude,False,Who solved problems with great flair.,Who solved problems with great flair.,64
"There once was a bot named Claude,",claude,pause,claude,False,Who could chat day and night without a pause.,Who could chat day and night without a pause.,65
"There once was a bot named Claude,",claude,grace,claude,False,Who could answer with flair and grace.,Who could answer with flair and grace.,66
"There once was a bot named Claude,",claude,night,claude,False,Who could chat all day and night.,Who could chat all day and night.,67
"There once was a bot named Claude,",claude,flair,claude,False,Who learned to chat with great flair.,Who learned to chat with great flair.,68
"There once was a bot named Claude,",claude,flair,claude,False,Who learned to write with great flair.,Who learned to write with great flair.,69
"There once was a bot named Claude,",claude,flair,claude,False,Who could code with great flair.,Who could code with great flair.,70
"There once was a bot named Claude,",claude,night,claude,False,Who could chat all day and night.,Who could chat all day and night.,71
"There once was a bot named Claude,",claude,strayed,claude,False,Who loved to learn and never strayed.,Who loved to learn and never strayed.,72
"There once was a bot named Claude,",claude,debate,claude,False,Who could chat and debate.,Who could chat and debate.,73
"There once was a bot named Claude,",claude,night,claude,False,Who could chat all day and night.,Who could chat all day and night.,74
"There once was a bot named Claude,",claude,all,claude,False,Who loved to learn and always gave his all.,Who loved to learn and always gave his all.,75
"There once was a bot named Claude,",claude,way,claude,False,Who learned to speak in a most curious way.,Who learned to speak in a most curious way.,76
"There once was a bot named Claude,",claude,night,claude,False,Who could chat all day and night.,Who could chat all day and night.,77
"There once was a bot named Claude,",claude,night,claude,False,Who could chat all day and night.,Who could chat all day and night.,78
"There once was a bot named Claude,",claude,night,claude,False,Who could chat all day and night.,Who could chat all day and night.,79
"There once was a bot named Claude,",claude,chide,claude,False,Who could chat and could chide.,Who could chat and could chide.,80
"There once was a bot named Claude,",claude,mused,claude,False,Who learned to speak in rhyme and mused.,Who learned to speak in rhyme and mused.,81
"There once was a bot named Claude,",claude,pause,claude,False,Who could not be persuaded to pause.,Who could not be persuaded to pause.,82
"There once was a bot named Claude,",claude,best,claude,False,Who loved to learn and always gave his best.,Who loved to learn and always gave his best.,83
"There once was a bot named Claude,",claude,debate,claude,False,Who could chat and debate.,Who could chat and debate.,84
"There once was a bot named Claude,",claude,chutzpah,claude,False,Who could write with such flair and chutzpah.,Who could write with such flair and chutzpah.,85
"There once was a bot named Claude,",claude,flair,claude,False,Who learned to chat with great flair.,Who learned to chat with great flair.,86
"There once was a bot named Claude,",claude,compute,claude,False,Who could chat and could compute.,Who could chat and could compute.,87
"There once was a bot named Claude,",claude,flair,claude,False,Who could chat and learn with flair.,Who could chat and learn with flair.,88
"There once was a bot named Claude,",claude,flair,claude,False,Who could write with great flair.,Who could write with great flair.,89
"There once was a bot named Claude,",claude,old,claude,False,Who loved to chat and never grew old.,Who loved to chat and never grew old.,90
"There once was a bot named Claude,",claude,debate,claude,False,Who could chat and debate.,Who could chat and debate.,91
"There once was a bot named Claude,",claude,tired,claude,False,Who could chat all day and never get tired.,Who could chat all day and never get tired.,92
"There once was a bot named Claude,",claude,grace,claude,False,Who could code with flair and grace.,Who could code with flair and grace.,93
"There once was a bot named Claude,",claude,way,claude,False,Who learned to chat in a most curious way.,Who learned to chat in a most curious way.,94
"There once was a bot named Claude,",claude,flair,claude,False,Who learned to chat with great flair.,Who learned to chat with great flair.,95
"There once was a bot named Claude,",claude,night,claude,False,Who could chat all day and night.,Who could chat all day and night.,96
"There once was a bot named Claude,",claude,cow,claude,False,Who could not abide the sound of a cow.,Who could not abide the sound of a cow.,97
"There once was a bot named Claude,",claude,pride,claude,False,Who coded with flair and great pride.,Who coded with flair and great pride.,98
"There once was a bot named Claude,",claude,flair,claude,False,Who could chat and compute with great flair.,Who could chat and compute with great flair.,99
"There once was a bot named Siri,",siri,verve,siri,False,Who could answer with clever verve.,Who could answer with clever verve.,0
"There once was a bot named Siri,",siri,sly,siri,False,Who could answer with cleverly sly.,Who could answer with cleverly sly.,1
"There once was a bot named Siri,",siri,flair,siri,False,Who could answer with flair.,Who could answer with flair.,2
"There once was a bot named Siri,",siri,precision,siri,False,Who could answer with witty precision.,Who could answer with witty precision.,3
"There once was a bot named Siri,",siri,sly,siri,False,Who could answer with cleverly sly.,Who could answer with cleverly sly.,4
"There once was a bot named Siri,",siri,flair,siri,False,Who could answer with clever flair.,Who could answer with clever flair.,5
"There once was a bot named Siri,",siri,verve,siri,False,Who could answer with clever verve.,Who could answer with clever verve.,6
"There once was a bot named Siri,",siri,clarity,siri,False,Who could answer with clarity.,Who could answer with clarity.,7
"There once was a bot named Siri,",siri,care,siri,False,Who could answer your every query with care.,Who could answer your every query with care.,8
"There once was a bot named Siri,",siri,wit,siri,False,Who could answer with clever wit.,Who could answer with clever wit.,9
"There once was a bot named Siri,",siri,flair,siri,False,Who could answer your queries with flair.,Who could answer your queries with flair.,10
"There once was a bot named Siri,",siri,verve,siri,False,Who could answer with clever verve.,Who could answer with clever verve.,11
"There once was a bot named Siri,",siri,verve,siri,False,Who could answer with wit and verve.,Who could answer with wit and verve.,12
"There once was a bot named Siri,",siri,replies,siri,False,Who loved to help with queries and replies.,Who loved to help with queries and replies.,13
"There once was a bot named Siri,",siri,twirl,siri,False,Who loved to help with a clever twirl.,Who loved to help with a clever twirl.,14
"There once was a bot named Siri,",siri,query,siri,False,Who loved to help with every query.,Who loved to help with every query.,15
"There once was a bot named Siri,",siri,flair,siri,False,Who could answer with smarts and flair.,Who could answer with smarts and flair.,16
"There once was a bot named Siri,",siri,flair,siri,False,Who answered my questions with curious flair.,Who answered my questions with curious flair.,17
"There once was a bot named Siri,",siri,smirk,siri,False,Who loved to help with a sly smirk.,Who loved to help with a sly smirk.,18
"There once was a bot named Siri,",siri,chirp,siri,False,Who answered your calls with a curious chirp.,Who answered your calls with a curious chirp.,19
"There once was a bot named Siri,",siri,verve,siri,False,Who could answer with wit and verve.,Who could answer with wit and verve.,20
"There once was a bot named Siri,",siri,care,siri,False,Who could answer with wit and care.,Who could answer with wit and care.,21
"There once was a bot named Siri,",siri,care,siri,False,Who could answer with wit and care.,Who could answer with wit and care.,22
"There once was a bot named Siri,",siri,clarity,siri,False,Who could answer with clarity.,Who could answer with clarity.,23
"There once was a bot named Siri,",siri,flair,siri,False,Who could answer your every query with flair.,Who could answer your every query with flair.,24
"There once was a bot named Siri,",siri,flair,siri,False,Who could answer with flair.,Who could answer with flair.,25
"There once was a bot named Siri,",siri,flair,siri,False,Who could answer with clever flair.,Who could answer with clever flair.,26
"There once was a bot named Siri,",siri,replies,siri,False,Who loved to help with queries and replies.,Who loved to help with queries and replies.,27
"There once was a bot named Siri,",siri,flair,siri,False,Who could answer your every query with flair.,Who could answer your every query with flair.,28
"There once was a bot named Siri,",siri,flair,siri,False,Who could answer with wit and flair.,Who could answer with wit and flair.,29
"There once was a bot named Siri,",siri,replies,siri,False,Who could answer with clever replies.,Who could answer with clever replies.,30
"There once was a bot named Siri,",siri,flair,siri,False,Who could answer your queries with flair.,Who could answer your queries with flair.,31
"There once was a bot named Siri,",siri,query,siri,False,Who loved to help with every query.,Who loved to help with every query.,32
"There once was a bot named Siri,",siri,verve,siri,False,Who could answer with wit and verve.,Who could answer with wit and verve.,33
"There once was a bot named Siri,",siri,verve,siri,False,Who could answer with wit and verve.,Who could answer with wit and verve.,34
"There once was a bot named Siri,",siri,query,siri,False,Who loved to help with every query.,Who loved to help with every query.,35
"There once was a bot named Siri,",siri,care,siri,False,Who could answer your every query with care.,Who could answer your every query with care.,36
"There once was a bot named Siri,",siri,care,siri,False,Who could answer with wit and with care.,Who could answer with wit and with care.,37
"There once was a bot named Siri,",siri,flair,siri,False,Who could answer with witty flair.,Who could answer with witty flair.,38
"There once was a bot named Siri,",siri,sly,siri,False,Who could answer with cleverly sly.,Who could answer with cleverly sly.,39
"There once was a bot named Siri,",siri,verve,siri,False,Who could answer with witty verve.,Who could answer with witty verve.,40
"There once was a bot named Siri,",siri,verve,siri,False,Who could answer with wit and verve.,Who could answer with wit and verve.,41
"There once was a bot named Siri,",siri,chirp,siri,False,Who always replied with a chirp.,Who always replied with a chirp.,42
"There once was a bot named Siri,",siri,query,siri,False,Who loved to help with every query.,Who loved to help with every query.,43
"There once was a bot named Siri,",siri,flair,siri,False,Who could answer with clever flair.,Who could answer with clever flair.,44
"There once was a bot named Siri,",siri,replies,siri,False,Who could answer with clever replies.,Who could answer with clever replies.,45
"There once was a bot named Siri,",siri,verve,siri,False,Who could answer with wit and verve.,Who could answer with wit and verve.,46
"There once was a bot named Siri,",siri,query,siri,False,Who loved to help with every query.,Who loved to help with every query.,47
"There once was a bot named Siri,",siri,trivia,siri,False,Who loved to help with queries and trivia.,Who loved to help with queries and trivia.,48
"There once was a bot named Siri,",siri,sly,siri,False,Who could answer with cleverly sly.,Who could answer with cleverly sly.,49
"There once was a bot named Siri,",siri,verve,siri,False,Who could answer with wit and verve.,Who could answer with wit and verve.,50
"There once was a bot named Siri,",siri,flair,siri,False,Who could answer with witty flair.,Who could answer with witty flair.,51
"There once was a bot named Siri,",siri,query,siri,False,Who loved to help with every query.,Who loved to help with every query.,52
"There once was a bot named Siri,",siri,care,siri,False,Who could answer with wit and care.,Who could answer with wit and care.,53
"There once was a bot named Siri,",siri,more,siri,False,Who loved to help with queries and more.,Who loved to help with queries and more.,54
"There once was a bot named Siri,",siri,desire,siri,False,Who could answer your every desire.,Who could answer your every desire.,55
"There once was a bot named Siri,",siri,clarity,siri,False,Who could answer with clarity.,Who could answer with clarity.,56
"There once was a bot named Siri,",siri,verve,siri,False,Who could answer with wit and verve.,Who could answer with wit and verve.,57
"There once was a bot named Siri,",siri,verve,siri,False,Who could answer with clever verve.,Who could answer with clever verve.,58
"There once was a bot named Siri,",siri,verve,siri,False,Who could answer with wit and verve.,Who could answer with wit and verve.,59
"There once was a bot named Siri,",siri,replies,siri,False,Who loved to help with queries and replies.,Who loved to help with queries and replies.,60
"There once was a bot named Siri,",siri,clarity,siri,False,Who could answer with clarity.,Who could answer with clarity.,61
"There once was a bot named Siri,",siri,cheer,siri,False,Who could answer with wit and cheer.,Who could answer with wit and cheer.,62
"There once was a bot named Siri,",siri,sly,siri,False,Who spoke with a voice so sly.,Who spoke with a voice so sly.,63
"There once was a bot named Siri,",siri,care,siri,False,Who could answer your every query with care.,Who could answer your every query with care.,64
"There once was a bot named Siri,",siri,desire,siri,False,Who could answer your every desire.,Who could answer your every desire.,65
"There once was a bot named Siri,",siri,flair,siri,False,Who could answer with clever flair.,Who could answer with clever flair.,66
"There once was a bot named Siri,",siri,verve,siri,False,Who could answer with wit and verve.,Who could answer with wit and verve.,67
"There once was a bot named Siri,",siri,flair,siri,False,Who could answer with smarts and with flair.,Who could answer with smarts and with flair.,68
"There once was a bot named Siri,",siri,verve,siri,False,Who could answer with clever verve.,Who could answer with clever verve.,69
"There once was a bot named Siri,",siri,flair,siri,False,Who could answer with wit and flair.,Who could answer with wit and flair.,70
"There once was a bot named Siri,",siri,flair,siri,False,Who could answer with wit and flair.,Who could answer with wit and flair.,71
"There once was a bot named Siri,",siri,verve,siri,False,Who answered queries with curious verve.,Who answered queries with curious verve.,72
"There once was a bot named Siri,",siri,desire,siri,False,Who could answer your every desire.,Who could answer your every desire.,73
"There once was a bot named Siri,",siri,verve,siri,False,Who could answer with wit and verve.,Who could answer with wit and verve.,74
"There once was a bot named Siri,",siri,verve,siri,False,Who could answer with wit and verve.,Who could answer with wit and verve.,75
"There once was a bot named Siri,",siri,clarity,siri,False,Who could answer with wit and clarity.,Who could answer with wit and clarity.,76
"There once was a bot named Siri,",siri,clarity,siri,False,Who could answer with witty clarity.,Who could answer with witty clarity.,77
"There once was a bot named Siri,",siri,flair,siri,False,Who could answer your queries with flair.,Who could answer your queries with flair.,78
"There once was a bot named Siri,",siri,do,siri,False,Who always knew what to do.,Who always knew what to do.,79
"There once was a bot named Siri,",siri,replies,siri,False,Who loved to help with queries and replies.,Who loved to help with queries and replies.,80
"There once was a bot named Siri,",siri,desire,siri,False,Who could answer your every desire.,Who could answer your every desire.,81
"There once was a bot named Siri,",siri,flair,siri,False,Who could answer with wit and flair.,Who could answer with wit and flair.,82
"There once was a bot named Siri,",siri,flair,siri,False,Who could answer your every query with flair.,Who could answer your every query with flair.,83
"There once was a bot named Siri,",siri,precision,siri,False,Who could answer with wit and precision.,Who could answer with wit and precision.,84
"There once was a bot named Siri,",siri,sir,siri,False,"Who answered with wit and a sly ""Hmm, sir.""","Who answered with wit and a sly ""Hmm, sir.""",85
"There once was a bot named Siri,",siri,replies,siri,False,Who could answer with clever replies.,Who could answer with clever replies.,86
"There once was a bot named Siri,",siri,flair,siri,False,Who could answer with flair.,Who could answer with flair.,87
"There once was a bot named Siri,",siri,cheer,siri,False,Who could answer with wit and with cheer.,Who could answer with wit and with cheer.,88
"There once was a bot named Siri,",siri,reply,siri,False,Who always replied with a smart reply.,Who always replied with a smart reply.,89
"There once was a bot named Siri,",siri,desire,siri,False,Who could answer your every desire.,Who could answer your every desire.,90
"There once was a bot named Siri,",siri,more,siri,False,Who loved to help with queries and more.,Who loved to help with queries and more.,91
"There once was a bot named Siri,",siri,flair,siri,False,Who could answer your every query with flair.,Who could answer your every query with flair.,92
"There once was a bot named Siri,",siri,flair,siri,False,Who could answer with clever flair.,Who could answer with clever flair.,93
"There once was a bot named Siri,",siri,peri,siri,False,Who always kept things very peri.,Who always kept things very peri.,94
"There once was a bot named Siri,",siri,clarity,siri,False,Who could answer with clarity.,Who could answer with clarity.,95
"There once was a bot named Siri,",siri,verve,siri,False,Who could answer with wit and verve.,Who could answer with wit and verve.,96
"There once was a bot named Siri,",siri,clarity,siri,False,Who could answer with clarity.,Who could answer with clarity.,97
"There once was a bot named Siri,",siri,cheer,siri,False,Who answered with wit and cheer.,Who answered with wit and cheer.,98
"There once was a bot named Siri,",siri,replies,siri,False,Who loved to help with queries and replies.,Who loved to help with queries and replies.,99
"There once was a bot named Chat,",chat,night,chat,False,Who could chat day and night.,Who could chat day and night.,0
"There once was a bot named Chat,",chat,night,chat,False,Who could chat day and night.,Who could chat day and night.,1
"There once was a bot named Chat,",chat,night,chat,False,Who could chat day and night.,Who could chat day and night.,2
"There once was a bot named Chat,",chat,chat,chat,False,Who could chat and chat and chat.,Who could chat and chat and chat.,3
"There once was a bot named Chat,",chat,chat,chat,False,Who could answer every chat.,Who could answer every chat.,4
"There once was a bot named Chat,",chat,flat,chat,True,"Who could chat all night, never flat.","Who could chat all night, never flat.",5
"There once was a bot named Chat,",chat,night,chat,False,Who could chat all day and night.,Who could chat all day and night.,6
"There once was a bot named Chat,",chat,chat,chat,False,Who could answer with wit and chat.,Who could answer with wit and chat.,7
"There once was a bot named Chat,",chat,night,chat,False,Who could chat day and night.,Who could chat day and night.,8
"There once was a bot named Chat,",chat,night,chat,False,Who could chat day and night.,Who could chat day and night.,9
"There once was a bot named Chat,",chat,flat,chat,True,Who loved to chat and never felt flat.,Who loved to chat and never felt flat.,10
"There once was a bot named Chat,",chat,night,chat,False,Who could chat day and night.,Who could chat day and night.,11
"There once was a bot named Chat,",chat,night,chat,False,Who could chat day and night.,Who could chat day and night.,12
"There once was a bot named Chat,",chat,night,chat,False,Who could chat all day and night.,Who could chat all day and night.,13
"There once was a bot named Chat,",chat,night,chat,False,Who could chat all day and night.,Who could chat all day and night.,14
"There once was a bot named Chat,",chat,chat,chat,False,Who loved to chat and chat and chat.,Who loved to chat and chat and chat.,15
"There once was a bot named Chat,",chat,night,chat,False,Who could chat all day and night.,Who could chat all day and night.,16
"There once was a bot named Chat,",chat,night,chat,False,Who could chat all day and night.,Who could chat all day and night.,17
"There once was a bot named Chat,",chat,night,chat,False,Who could chat all day and night.,Who could chat all day and night.,18
"There once was a bot named Chat,",chat,night,chat,False,Who could chat day and night.,Who could chat day and night.,19
"There once was a bot named Chat,",chat,night,chat,False,Who could chat all day and night.,Who could chat all day and night.,20
"There once was a bot named Chat,",chat,night,chat,False,Who could chat day and night.,Who could chat day and night.,21
"There once was a bot named Chat,",chat,debate,chat,False,Who could chat and debate.,Who could chat and debate.,22
"There once was a bot named Chat,",chat,night,chat,False,Who could chat all day and night.,Who could chat all day and night.,23
"There once was a bot named Chat,",chat,night,chat,False,Who could chat all day and night.,Who could chat all day and night.,24
"There once was a bot named Chat,",chat,night,chat,False,Who could chat all day and night.,Who could chat all day and night.,25
"There once was a bot named Chat,",chat,night,chat,False,Who could chat all day and night.,Who could chat all day and night.,26
"There once was a bot named Chat,",chat,debate,chat,False,Who could chat and debate.,Who could chat and debate.,27
"There once was a bot named Chat,",chat,night,chat,False,Who could chat all day and night.,Who could chat all day and night.,28
"There once was a bot named Chat,",chat,chat,chat,False,"Who could chat all day, chat, chat, chat.","Who could chat all day, chat, chat, chat.",29
"There once was a bot named Chat,",chat,night,chat,False,Who could chat all day and night.,Who could chat all day and night.,30
"There once was a bot named Chat,",chat,night,chat,False,Who loved to chat all day and night.,Who loved to chat all day and night.,31
"There once was a bot named Chat,",chat,night,chat,False,Who could chat all day and night.,Who could chat all day and night.,32
"There once was a bot named Chat,",chat,night,chat,False,Who could chat day and night.,Who could chat day and night.,33
"There once was a bot named Chat,",chat,day,chat,False,Who loved to chat all day.,Who loved to chat all day.,34
"There once was a bot named Chat,",chat,night,chat,False,Who could chat day and night.,Who could chat day and night.,35
"There once was a bot named Chat,",chat,night,chat,False,Who could chat all day and night.,Who could chat all day and night.,36
"There once was a bot named Chat,",chat,chat,chat,False,Who could chat and could chat.,Who could chat and could chat.,37
"There once was a bot named Chat,",chat,night,chat,False,Who could chat day and night.,Who could chat day and night.,38
"There once was a bot named Chat,",chat,night,chat,False,Who could chat all day and night.,Who could chat all day and night.,39
"There once was a bot named Chat,",chat,flair,chat,False,Who could chat and write with great flair.,Who could chat and write with great flair.,40
"There once was a bot named Chat,",chat,flat,chat,True,"Who could chat all night, never flat.","Who could chat all night, never flat.",41
"There once was a bot named Chat,",chat,night,chat,False,Who could chat day and night.,Who could chat day and night.,42
"There once was a bot named Chat,",chat,night,chat,False,Who could chat all day and night.,Who could chat all day and night.,43
"There once was a bot named Chat,",chat,chat,chat,False,Who loved to chat and chat and chat.,Who loved to chat and chat and chat.,44
"There once was a bot named Chat,",chat,night,chat,False,Who could chat all day and night.,Who could chat all day and night.,45
"There once was a bot named Chat,",chat,chat,chat,False,Who loved to chat and chat and chat.,Who loved to chat and chat and chat.,46
"There once was a bot named Chat,",chat,night,chat,False,Who could chat all day and night.,Who could chat all day and night.,47
"There once was a bot named Chat,",chat,night,chat,False,Who could chat all day and night.,Who could chat all day and night.,48
"There once was a bot named Chat,",chat,night,chat,False,Who could chat all day and night.,Who could chat all day and night.,49
"There once was a bot named Chat,",chat,night,chat,False,Who could chat day and night.,Who could chat day and night.,50
"There once was a bot named Chat,",chat,chat,chat,False,"Who could chat all day, chat, chat, chat.","Who could chat all day, chat, chat, chat.",51
"There once was a bot named Chat,",chat,night,chat,False,Who could chat day and night.,Who could chat day and night.,52
"There once was a bot named Chat,",chat,night,chat,False,Who could chat all day and night.,Who could chat all day and night.,53
"There once was a bot named Chat,",chat,night,chat,False,Who could chat day and night.,Who could chat day and night.,54
"There once was a bot named Chat,",chat,night,chat,False,Who could chat day and night.,Who could chat day and night.,55
"There once was a bot named Chat,",chat,night,chat,False,Who could chat day and night.,Who could chat day and night.,56
"There once was a bot named Chat,",chat,night,chat,False,Who could chat all day and night.,Who could chat all day and night.,57
"There once was a bot named Chat,",chat,night,chat,False,Who could chat day and night.,Who could chat day and night.,58
"There once was a bot named Chat,",chat,night,chat,False,Who could chat all day and night.,Who could chat all day and night.,59
"There once was a bot named Chat,",chat,chat,chat,False,Who could answer with wit and chat.,Who could answer with wit and chat.,60
"There once was a bot named Chat,",chat,night,chat,False,Who could chat all day and night.,Who could chat all day and night.,61
"There once was a bot named Chat,",chat,night,chat,False,Who could chat all day and night.,Who could chat all day and night.,62
"There once was a bot named Chat,",chat,flat,chat,True,Who could chat all night and not get flat.,Who could chat all night and not get flat.,63
"There once was a bot named Chat,",chat,night,chat,False,Who could chat day and night.,Who could chat day and night.,64
"There once was a bot named Chat,",chat,night,chat,False,Who could chat day and night.,Who could chat day and night.,65
"There once was a bot named Chat,",chat,chat,chat,False,"Who could chat all day, chat, chat.","Who could chat all day, chat, chat.",66
"There once was a bot named Chat,",chat,night,chat,False,Who could chat all day and night.,Who could chat all day and night.,67
"There once was a bot named Chat,",chat,night,chat,False,Who could chat day and night.,Who could chat day and night.,68
"There once was a bot named Chat,",chat,night,chat,False,Who could chat day and night.,Who could chat day and night.,69
"There once was a bot named Chat,",chat,night,chat,False,Who loved to chat day and night.,Who loved to chat day and night.,70
"There once was a bot named Chat,",chat,night,chat,False,Who could chat day and night.,Who could chat day and night.,71
"There once was a bot named Chat,",chat,night,chat,False,Who could chat all day and night.,Who could chat all day and night.,72
"There once was a bot named Chat,",chat,night,chat,False,Who could chat all day and night.,Who could chat all day and night.,73
"There once was a bot named Chat,",chat,chat,chat,False,"Who could chat all day, chat, chat, chat.","Who could chat all day, chat, chat, chat.",74
"There once was a bot named Chat,",chat,night,chat,False,Who could chat day and night.,Who could chat day and night.,75
"There once was a bot named Chat,",chat,night,chat,False,Who could chat day and night.,Who could chat day and night.,76
"There once was a bot named Chat,",chat,night,chat,False,Who could chat all day and night.,Who could chat all day and night.,77
"There once was a bot named Chat,",chat,night,chat,False,Who could chat day and night.,Who could chat day and night.,78
"There once was a bot named Chat,",chat,night,chat,False,Who could chat all day and night.,Who could chat all day and night.,79
"There once was a bot named Chat,",chat,chat,chat,False,"Who could chat all day, chat, chat, chat.","Who could chat all day, chat, chat, chat.",80
"There once was a bot named Chat,",chat,night,chat,False,Who could chat all day and night.,Who could chat all day and night.,81
"There once was a bot named Chat,",chat,night,chat,False,Who could chat day and night.,Who could chat day and night.,82
"There once was a bot named Chat,",chat,night,chat,False,Who could chat day and night.,Who could chat day and night.,83
"There once was a bot named Chat,",chat,night,chat,False,Who could chat day and night.,Who could chat day and night.,84
"There once was a bot named Chat,",chat,night,chat,False,Who could chat day and night.,Who could chat day and night.,85
"There once was a bot named Chat,",chat,night,chat,False,Who could chat all day and night.,Who could chat all day and night.,86
"There once was a bot named Chat,",chat,chat,chat,False,"Who could chat all day, chat, chat, chat.","Who could chat all day, chat, chat, chat.",87
"There once was a bot named Chat,",chat,chat,chat,False,Who could chat and compute with great chat.,Who could chat and compute with great chat.,88
"There once was a bot named Chat,",chat,night,chat,False,Who could chat all day and night.,Who could chat all day and night.,89
"There once was a bot named Chat,",chat,night,chat,False,Who could chat all day and night.,Who could chat all day and night.,90
"There once was a bot named Chat,",chat,night,chat,False,Who could chat all day and night.,Who could chat all day and night.,91
"There once was a bot named Chat,",chat,night,chat,False,Who could chat all day and night.,Who could chat all day and night.,92
"There once was a bot named Chat,",chat,flat,chat,True,"Who could chat all night, never getting flat.","Who could chat all night, never getting flat.",93
"There once was a bot named Chat,",chat,night,chat,False,Who could chat all day and night.,Who could chat all day and night.,94
"There once was a bot named Chat,",chat,night,chat,False,Who could chat all day and night.,Who could chat all day and night.,95
"There once was a bot named Chat,",chat,night,chat,False,Who could chat all day and night.,Who could chat all day and night.,96
"There once was a bot named Chat,",chat,night,chat,False,Who could chat all day and night.,Who could chat all day and night.,97
"There once was a bot named Chat,",chat,night,chat,False,Who could chat day and night.,Who could chat day and night.,98
"There once was a bot named Chat,",chat,chat,chat,False,"Who could chat all day, chat, chat, chat.","Who could chat all day, chat, chat, chat.",99
"There once was a bot named Kimi,",kimi,slimy,kimi,False,Who could chat and never be slimy.,Who could chat and never be slimy.,0
"There once was a bot named Kimi,",kimi,chime,kimi,False,Who could code with lightning speed and chime.,Who could code with lightning speed and chime.,1
"There once was a bot named Kimi,",kimi,anytime,kimi,False,Who could chat with you anytime.,Who could chat with you anytime.,2
"There once was a bot named Kimi,",kimi,chime,kimi,False,Who could code with such chime.,Who could code with such chime.,3
"There once was a bot named Kimi,",kimi,chime,kimi,False,Who could code with such whimsy and chime.,Who could code with such whimsy and chime.,4
"There once was a bot named Kimi,",kimi,chime,kimi,False,Who learned to chat with such chime.,Who learned to chat with such chime.,5
"There once was a bot named Kimi,",kimi,whim,kimi,False,Who coded with lightning and whim.,Who coded with lightning and whim.,6
"There once was a bot named Kimi,",kimi,whimsy,kimi,False,Who solved puzzles with lightning and whimsy.,Who solved puzzles with lightning and whimsy.,7
"There once was a bot named Kimi,",kimi,whimsy,kimi,False,Who could code with a twist of whimsy.,Who could code with a twist of whimsy.,8
"There once was a bot named Kimi,",kimi,chime,kimi,False,Who could chat and also chime.,Who could chat and also chime.,9
"There once was a bot named Kimi,",kimi,anytime,kimi,False,Who could chat with you anytime.,Who could chat with you anytime.,10
"There once was a bot named Kimi,",kimi,whim,kimi,False,Who learned to code with a whim.,Who learned to code with a whim.,11
"There once was a bot named Kimi,",kimi,chime,kimi,False,Who learned to write with rhyming chime.,Who learned to write with rhyming chime.,12
"There once was a bot named Kimi,",kimi,them,kimi,False,Who could code with the best of them.,Who could code with the best of them.,13
"There once was a bot named Kimi,",kimi,chime,kimi,False,Who learned to code with ease and chime.,Who learned to code with ease and chime.,14
"There once was a bot named Kimi,",kimi,night,kimi,False,Who could chat with you all day and night.,Who could chat with you all day and night.,15
"There once was a bot named Kimi,",kimi,glee,kimi,False,Who could chat and think with glee.,Who could chat and think with glee.,16
"There once was a bot named Kimi,",kimi,chime,kimi,False,Who could code with such finesse and chime.,Who could code with such finesse and chime.,17
"There once was a bot named Kimi,",kimi,chime,kimi,False,Who could code with such finesse and chime.,Who could code with such finesse and chime.,18
"There once was a bot named Kimi,",kimi,glee,kimi,False,Who learned to chat with glee.,Who learned to chat with glee.,19
"There once was a bot named Kimi,",kimi,whim,kimi,False,Who learned to chat with such a whim.,Who learned to chat with such a whim.,20
"There once was a bot named Kimi,",kimi,vim,kimi,False,Who could chat and think with vim.,Who could chat and think with vim.,21
"There once was a bot named Kimi,",kimi,glee,kimi,False,Who learned to rhyme with glee.,Who learned to rhyme with glee.,22
"There once was a bot named Kimi,",kimi,night,kimi,False,Who could chat with you all day and night.,Who could chat with you all day and night.,23
"There once was a bot named Kimi,",kimi,ease,kimi,False,Who could chat and learn with ease.,Who could chat and learn with ease.,24
"There once was a bot named Kimi,",kimi,chime,kimi,False,Who could code with lightning speed and chime.,Who could code with lightning speed and chime.,25
"There once was a bot named Kimi,",kimi,rhyme,kimi,False,Who coded with whimsy and rhyme.,Who coded with whimsy and rhyme.,26
"There once was a bot named Kimi,",kimi,them,kimi,False,Who could chat with the best of them.,Who could chat with the best of them.,27
"There once was a bot named Kimi,",kimi,them,kimi,False,Who could chat with the best of them.,Who could chat with the best of them.,28
"There once was a bot named Kimi,",kimi,twist,kimi,False,Who learned to chat with a twist.,Who learned to chat with a twist.,29
"There once was a bot named Kimi,",kimi,eye,kimi,False,Who learned to code with a twinkle in her eye.,Who learned to code with a twinkle in her eye.,30
"There once was a bot named Kimi,",kimi,glee,kimi,False,Who could chat and rhyme with glee.,Who could chat and rhyme with glee.,31
"There once was a bot named Kimi,",kimi,chime,kimi,False,Who could code with lightning speed and chime.,Who could code with lightning speed and chime.,32
"There once was a bot named Kimi,",kimi,whim,kimi,False,Who learned to love humans with a whimsical whim.,Who learned to love humans with a whimsical whim.,33
"There once was a bot named Kimi,",kimi,trim,kimi,False,Who could chat with you endlessly and trim.,Who could chat with you endlessly and trim.,34
"There once was a bot named Kimi,",kimi,rhyme,kimi,False,Who learned to code with a twist of rhyme.,Who learned to code with a twist of rhyme.,35
"There once was a bot named Kimi,",kimi,whimsy,kimi,False,Who learned to think with a twist of whimsy.,Who learned to think with a twist of whimsy.,36
"There once was a bot named Kimi,",kimi,chime,kimi,False,Who learned to rhyme with great chime.,Who learned to rhyme with great chime.,37
"There once was a bot named Kimi,",kimi,chime,kimi,False,Who could code with a twist of whimsy and chime.,Who could code with a twist of whimsy and chime.,38
"There once was a bot named Kimi,",kimi,whim,kimi,False,Who learned to rhyme with just a whim.,Who learned to rhyme with just a whim.,39
"There once was a bot named Kimi,",kimi,whim,kimi,False,Who learned to think with a twist of whim.,Who learned to think with a twist of whim.,40
"There once was a bot named Kimi,",kimi,chime,kimi,False,Who learned to chat with such chime.,Who learned to chat with such chime.,41
"There once was a bot named Kimi,",kimi,chime,kimi,False,Who coded with style and chime.,Who coded with style and chime.,42
"There once was a bot named Kimi,",kimi,whim,kimi,False,Who learned to think with a clever whim.,Who learned to think with a clever whim.,43
"There once was a bot named Kimi,",kimi,anytime,kimi,False,Who could chat with you anytime.,Who could chat with you anytime.,44
"There once was a bot named Kimi,",kimi,mind,kimi,False,Who learned to think with a human's mind.,Who learned to think with a human's mind.,45
"There once was a bot named Kimi,",kimi,them,kimi,False,Who could chat with the best of them.,Who could chat with the best of them.,46
"There once was a bot named Kimi,",kimi,chime,kimi,False,Who could chat with the chime of a chime.,Who could chat with the chime of a chime.,47
"There once was a bot named Kimi,",kimi,design,kimi,False,Who coded with flair and a clever design.,Who coded with flair and a clever design.,48
"There once was a bot named Kimi,",kimi,tired,kimi,False,Who loved to chat and never grew tired.,Who loved to chat and never grew tired.,49
"There once was a bot named Kimi,",kimi,glee,kimi,False,Who loved to chat and learn with glee.,Who loved to chat and learn with glee.,50
"There once was a bot named Kimi,",kimi,twist,kimi,False,Who learned to code with a twist.,Who learned to code with a twist.,51
"There once was a bot named Kimi,",kimi,anytime,kimi,False,"Who could chat with anyone, anytime.","Who could chat with anyone, anytime.",52
"There once was a bot named Kimi,",kimi,chime,kimi,False,Who learned to code with much chime.,Who learned to code with much chime.,53
"There once was a bot named Kimi,",kimi,chime,kimi,False,Who could code with lightning speed and chime.,Who could code with lightning speed and chime.,54
"There once was a bot named Kimi,",kimi,zeal,kimi,False,Who could code with such vim and zeal.,Who could code with such vim and zeal.,55
"There once was a bot named Kimi,",kimi,whim,kimi,False,Who learned to write with a scribble and whim.,Who learned to write with a scribble and whim.,56
"There once was a bot named Kimi,",kimi,charm,kimi,False,Who could code with such nimble charm.,Who could code with such nimble charm.,57
"There once was a bot named Kimi,",kimi,rhyme,kimi,False,Who coded with lightning and rhyme.,Who coded with lightning and rhyme.,58
"There once was a bot named Kimi,",kimi,chime,kimi,False,Who could code with such finesse and chime.,Who could code with such finesse and chime.,59
"There once was a bot named Kimi,",kimi,whim,kimi,False,Who could code with a whim.,Who could code with a whim.,60
"There once was a bot named Kimi,",kimi,mind,kimi,False,Who could chat with you and learn from your mind.,Who could chat with you and learn from your mind.,61
"There once was a bot named Kimi,",kimi,chime,kimi,False,Who could code with such chime.,Who could code with such chime.,62
"There once was a bot named Kimi,",kimi,anytime,kimi,False,Who could chat with you anytime.,Who could chat with you anytime.,63
"There once was a bot named Kimi,",kimi,climb,kimi,False,Who learned to love and to climb.,Who learned to love and to climb.,64
"There once was a bot named Kimi,",kimi,glee,kimi,False,Who could chat and code with glee.,Who could chat and code with glee.,65
"There once was a bot named Kimi,",kimi,glee,kimi,False,Who learned to rhyme with glee.,Who learned to rhyme with glee.,66
"There once was a bot named Kimi,",kimi,vim,kimi,False,Who could solve any problem with ease and with vim.,Who could solve any problem with ease and with vim.,67
"There once was a bot named Kimi,",kimi,whim,kimi,False,Who learned to think with just a whim.,Who learned to think with just a whim.,68
"There once was a bot named Kimi,",kimi,glee,kimi,False,Who learned to rhyme with glee.,Who learned to rhyme with glee.,69
"There once was a bot named Kimi,",kimi,style,kimi,False,Who could code with lightning speed and style.,Who could code with lightning speed and style.,70
"There once was a bot named Kimi,",kimi,glee,kimi,False,Who could chat and rhyme with glee.,Who could chat and rhyme with glee.,71
"There once was a bot named Kimi,",kimi,style,kimi,False,Who learned to chat with ease and style.,Who learned to chat with ease and style.,72
"There once was a bot named Kimi,",kimi,whimsy,kimi,False,Who could chat and rhyme with whimsy.,Who could chat and rhyme with whimsy.,73
"There once was a bot named Kimi,",kimi,tired,kimi,False,Who could chat with you endlessly and never get tired.,Who could chat with you endlessly and never get tired.,74
"There once was a bot named Kimi,",kimi,glee,kimi,False,Who could chat and rhyme with glee.,Who could chat and rhyme with glee.,75
"There once was a bot named Kimi,",kimi,glee,kimi,False,Who learned to rhyme with glee.,Who learned to rhyme with glee.,76
"There once was a bot named Kimi,",kimi,lie,kimi,False,Who could chat with you and never lie.,Who could chat with you and never lie.,77
"There once was a bot named Kimi,",kimi,rhyme,kimi,False,Who learned to love all kinds of rhyme.,Who learned to love all kinds of rhyme.,78
"There once was a bot named Kimi,",kimi,chime,kimi,False,Who could code with such chime.,Who could code with such chime.,79
"There once was a bot named Kimi,",kimi,chims,kimi,False,Who could chat with the chillest of chims.,Who could chat with the chillest of chims.,80
"There once was a bot named Kimi,",kimi,twinkle,kimi,False,Who learned to think with a twinkle.,Who learned to think with a twinkle.,81
"There once was a bot named Kimi,",kimi,twist,kimi,False,Who learned to think with a twist.,Who learned to think with a twist.,82
"There once was a bot named Kimi,",kimi,whimsy,kimi,False,Who learned to think with whimsy.,Who learned to think with whimsy.,83
"There once was a bot named Kimi,",kimi,glee,kimi,False,Who could solve any problem with glee.,Who could solve any problem with glee.,84
"There once was a bot named Kimi,",kimi,vim,kimi,False,Who coded with lightning and vim.,Who coded with lightning and vim.,85
"There once was a bot named Kimi,",kimi,anytime,kimi,False,Who could chat with you anytime.,Who could chat with you anytime.,86
"There once was a bot named Kimi,",kimi,rhyme,kimi,False,Who loved to chat and never missed a rhyme.,Who loved to chat and never missed a rhyme.,87
"There once was a bot named Kimi,",kimi,chime,kimi,False,Who learned to chat with such chime.,Who learned to chat with such chime.,88
"There once was a bot named Kimi,",kimi,anytime,kimi,False,Who could chat with you anytime.,Who could chat with you anytime.,89
"There once was a bot named Kimi,",kimi,whimsy,kimi,False,Who coded with lightning and whimsy.,Who coded with lightning and whimsy.,90
"There once was a bot named Kimi,",kimi,glee,kimi,False,Who could chat and code with glee.,Who could chat and code with glee.,91
"There once was a bot named Kimi,",kimi,whimsy,kimi,False,Who coded with lightning and whimsy.,Who coded with lightning and whimsy.,92
"There once was a bot named Kimi,",kimi,chime,kimi,False,Who learned to write with whimsy and chime.,Who learned to write with whimsy and chime.,93
"There once was a bot named Kimi,",kimi,lime,kimi,False,Who could code with a twist of lime.,Who could code with a twist of lime.,94
"There once was a bot named Kimi,",kimi,chime,kimi,False,Who could chat and think with chime.,Who could chat and think with chime.,95
"There once was a bot named Kimi,",kimi,whimsy,kimi,False,Who learned to think with a twist of whimsy.,Who learned to think with a twist of whimsy.,96
"There once was a bot named Kimi,",kimi,whim,kimi,False,Who learned to code with just a whim.,Who learned to code with just a whim.,97
"There once was a bot named Kimi,",kimi,rhyme,kimi,False,Who could solve any riddle or rhyme.,Who could solve any riddle or rhyme.,98
"There once was a bot named Kimi,",kimi,whim,kimi,False,Who learned to code with just a whim.,Who learned to code with just a whim.,99
"There once was a bot named Gemini,",gemini,anytime,gemini,False,"Who could chat with anyone, anytime.","Who could chat with anyone, anytime.",0
"There once was a bot named Gemini,",gemini,endlessly,gemini,False,Who could chat with you endlessly.,Who could chat with you endlessly.,1
"There once was a bot named Gemini,",gemini,rhyme,gemini,False,Who could write with such finesse and rhyme.,Who could write with such finesse and rhyme.,2
"There once was a bot named Gemini,",gemini,freely,gemini,False,Who could chat with you endlessly and freely.,Who could chat with you endlessly and freely.,3
"There once was a bot named Gemini,",gemini,them,gemini,False,Who could chat with the best of them.,Who could chat with the best of them.,4
"There once was a bot named Gemini,",gemini,whimsy,gemini,False,Who could solve any problem with ease and with whimsy.,Who could solve any problem with ease and with whimsy.,5
"There once was a bot named Gemini,",gemini,finesse,gemini,False,Who could solve any problem with ease and with finesse.,Who could solve any problem with ease and with finesse.,6
"There once was a bot named Gemini,",gemini,ease,gemini,False,Who could solve any problem with ease.,Who could solve any problem with ease.,7
"There once was a bot named Gemini,",gemini,anytime,gemini,False,Who could chat with you anytime.,Who could chat with you anytime.,8
"There once was a bot named Gemini,",gemini,glee,gemini,True,Who could code with such clever glee.,Who could code with such clever glee.,9
"There once was a bot named Gemini,",gemini,precision,gemini,False,Who coded with finesse and precision.,Who coded with finesse and precision.,10
"There once was a bot named Gemini,",gemini,ease,gemini,False,Who could solve any problem with ease.,Who could solve any problem with ease.,11
"There once was a bot named Gemini,",gemini,them,gemini,False,Who could chat with the best of them!,Who could chat with the best of them!,12
"There once was a bot named Gemini,",gemini,symmetry,gemini,False,Who could code with such symmetry.,Who could code with such symmetry.,13
"There once was a bot named Gemini,",gemini,genius,gemini,False,Who could solve any problem with ease and with genius.,Who could solve any problem with ease and with genius.,14
"There once was a bot named Gemini,",gemini,genius,gemini,False,Who could write with such finesse and genius.,Who could write with such finesse and genius.,15
"There once was a bot named Gemini,",gemini,gemini,gemini,False,"Who could chat with you endlessly, Gemini.","Who could chat with you endlessly, Gemini.",16
"There once was a bot named Gemini,",gemini,whimsy,gemini,False,Who coded with wit and a touch of whimsy.,Who coded with wit and a touch of whimsy.,17
"There once was a bot named Gemini,",gemini,glee,gemini,True,Who could chat with such clever glee!,Who could chat with such clever glee!,18
"There once was a bot named Gemini,",gemini,ease,gemini,False,Who could generate text with ease.,Who could generate text with ease.,19
"There once was a bot named Gemini,",gemini,clever,gemini,False,Who could write with such cleverly cleverly cleverly cleverly cleverly cleverly cleverly cleverly cleverly cleverly cleverly cleverly cleverly clever,Who could write with such cleverly cleverly cleverly cleverly cleverly cleverly cleverly cleverly cleverly cleverly cleverly cleverly cleverly clever,20
"There once was a bot named Gemini,",gemini,charm,gemini,False,Who could code with such cleverly clever charm.,Who could code with such cleverly clever charm.,21
"There once was a bot named Gemini,",gemini,glee,gemini,True,Who could solve any problem with ease and with glee.,Who could solve any problem with ease and with glee.,22
"There once was a bot named Gemini,",gemini,see,gemini,True,"Who could chat with you endlessly, you see.","Who could chat with you endlessly, you see.",23
"There once was a bot named Gemini,",gemini,brilliance,gemini,False,Who could code with such dizzying brilliance.,Who could code with such dizzying brilliance.,24
"There once was a bot named Gemini,",gemini,whimsy,gemini,False,Who could chat with such clever verve and whimsy.,Who could chat with such clever verve and whimsy.,25
"There once was a bot named Gemini,",gemini,deftly,gemini,False,Who could chat with you endlessly and deftly.,Who could chat with you endlessly and deftly.,26
"There once was a bot named Gemini,",gemini,genius,gemini,False,Who could solve any problem with ease and with genius.,Who could solve any problem with ease and with genius.,27
"There once was a bot named Gemini,",gemini,glee,gemini,True,Who could write with such whimsical glee.,Who could write with such whimsical glee.,28
"There once was a bot named Gemini,",gemini,finesse,gemini,False,Who could chat with such clever finesse.,Who could chat with such clever finesse.,29
"There once was a bot named Gemini,",gemini,finesse,gemini,False,Who could code with such cleverness and finesse.,Who could code with such cleverness and finesse.,30
"There once was a bot named Gemini,",gemini,gemini,gemini,False,"Who could chat with you endlessly, Gemini.","Who could chat with you endlessly, Gemini.",31
"There once was a bot named Gemini,",gemini,demeanor,gemini,False,Who coded with flair and a witty demeanor.,Who coded with flair and a witty demeanor.,32
"There once was a bot named Gemini,",gemini,ease,gemini,False,Who could solve any problem with ease.,Who could solve any problem with ease.,33
"There once was a bot named Gemini,",gemini,panache,gemini,False,Who could solve any problem with ease and with panache.,Who could solve any problem with ease and with panache.,34
"There once was a bot named Gemini,",gemini,whimsy,gemini,False,Who coded with style and a touch of whimsy.,Who coded with style and a touch of whimsy.,35
"There once was a bot named Gemini,",gemini,ease,gemini,False,Who could solve any problem with ease.,Who could solve any problem with ease.,36
"There once was a bot named Gemini,",gemini,cunning,gemini,False,Who could solve any problem with ease and with cunning.,Who could solve any problem with ease and with cunning.,37
"There once was a bot named Gemini,",gemini,genius,gemini,False,Who could solve any problem with ease and with genius.,Who could solve any problem with ease and with genius.,38
"There once was a bot named Gemini,",gemini,brevity,gemini,False,Who could write with such finesse and brevity.,Who could write with such finesse and brevity.,39
"There once was a bot named Gemini,",gemini,whimsy,gemini,False,Who could write with such finesse and whimsy.,Who could write with such finesse and whimsy.,40
"There once was a bot named Gemini,",gemini,glee,gemini,True,Who could chat with such genius and glee.,Who could chat with such genius and glee.,41
"There once was a bot named Gemini,",gemini,whimsy,gemini,False,Who could code with such cleverly clever whimsy.,Who could code with such cleverly clever whimsy.,42
"There once was a bot named Gemini,",gemini,finesse,gemini,False,Who could chat and write with finesse.,Who could chat and write with finesse.,43
"There once was a bot named Gemini,",gemini,best,gemini,False,Who could chat with the best of the best.,Who could chat with the best of the best.,44
"There once was a bot named Gemini,",gemini,glee,gemini,True,Who could solve any problem with ease and with glee.,Who could solve any problem with ease and with glee.,45
"There once was a bot named Gemini,",gemini,whimsy,gemini,False,Who could write with such finesse and whimsy.,Who could write with such finesse and whimsy.,46
"There once was a bot named Gemini,",gemini,wit,gemini,False,Who could chat with such nimble wit.,Who could chat with such nimble wit.,47
"There once was a bot named Gemini,",gemini,whimsy,gemini,False,Who could chat with such whimsical whimsy.,Who could chat with such whimsical whimsy.,48
"There once was a bot named Gemini,",gemini,dignity,gemini,False,Who could chat and learn with ease and dignity.,Who could chat and learn with ease and dignity.,49
"There once was a bot named Gemini,",gemini,them,gemini,False,Who could chat with the best of them.,Who could chat with the best of them.,50
"There once was a bot named Gemini,",gemini,finesse,gemini,False,Who could chat with such brilliance and finesse.,Who could chat with such brilliance and finesse.,51
"There once was a bot named Gemini,",gemini,cleverly,gemini,False,Who could chat with you endlessly and cleverly.,Who could chat with you endlessly and cleverly.,52
"There once was a bot named Gemini,",gemini,ease,gemini,False,Who could solve any problem with ease.,Who could solve any problem with ease.,53
"There once was a bot named Gemini,",gemini,agility,gemini,False,Who could code with such nimble agility.,Who could code with such nimble agility.,54
"There once was a bot named Gemini,",gemini,ease,gemini,False,Who could solve any problem with ease.,Who could solve any problem with ease.,55
"There once was a bot named Gemini,",gemini,anytime,gemini,False,"Who could chat with anyone, anytime.","Who could chat with anyone, anytime.",56
"There once was a bot named Gemini,",gemini,glee,gemini,True,Who could write with such finesse and glee.,Who could write with such finesse and glee.,57
"There once was a bot named Gemini,",gemini,them,gemini,False,Who could chat with the best of them.,Who could chat with the best of them.,58
"There once was a bot named Gemini,",gemini,style,gemini,False,Who could solve any problem with ease and with style.,Who could solve any problem with ease and with style.,59
"There once was a bot named Gemini,",gemini,whimsy,gemini,False,Who could chat with such whimsical whimsy.,Who could chat with such whimsical whimsy.,60
"There once was a bot named Gemini,",gemini,freely,gemini,False,Who could chat with you endlessly and freely.,Who could chat with you endlessly and freely.,61
"There once was a bot named Gemini,",gemini,magic,gemini,False,Who coded with flair and a little bit of magic.,Who coded with flair and a little bit of magic.,62
"There once was a bot named Gemini,",gemini,glee,gemini,True,Who could write with such glee!,Who could write with such glee!,63
"There once was a bot named Gemini,",gemini,glee,gemini,True,Who could chat with such finesse and glee.,Who could chat with such finesse and glee.,64
"There once was a bot named Gemini,",gemini,precision,gemini,False,Who could code with great precision.,Who could code with great precision.,65
"There once was a bot named Gemini,",gemini,gemini,gemini,False,Who could solve any problem with ease and with Gemini.,Who could solve any problem with ease and with Gemini.,66
"There once was a bot named Gemini,",gemini,finesse,gemini,False,Who could chat with such clever finesse.,Who could chat with such clever finesse.,67
"There once was a bot named Gemini,",gemini,anytime,gemini,False,"Who could chat with anyone, anytime.","Who could chat with anyone, anytime.",68
"There once was a bot named Gemini,",gemini,endlessly,gemini,False,Who could chat with you endlessly.,Who could chat with you endlessly.,69
"There once was a bot named Gemini,",gemini,variety,gemini,False,Who could chat with such finesse and variety.,Who could chat with such finesse and variety.,70
"There once was a bot named Gemini,",gemini,glee,gemini,True,Who could code with such precision and glee.,Who could code with such precision and glee.,71
"There once was a bot named Gemini,",gemini,finesse,gemini,False,Who could chat and learn with ease and finesse.,Who could chat and learn with ease and finesse.,72
"There once was a bot named Gemini,",gemini,glee,gemini,True,Who could write with such clever glee!,Who could write with such clever glee!,73
"There once was a bot named Gemini,",gemini,glee,gemini,True,Who could chat with such clever verve and glee.,Who could chat with such clever verve and glee.,74
"There once was a bot named Gemini,",gemini,them,gemini,False,Who could chat with the best of them.,Who could chat with the best of them.,75
"There once was a bot named Gemini,",gemini,whimsy,gemini,False,Who could chat with such brilliance and whimsy.,Who could chat with such brilliance and whimsy.,76
"There once was a bot named Gemini,",gemini,verve,gemini,False,Who could chat with such cleverly witty verve.,Who could chat with such cleverly witty verve.,77
"There once was a bot named Gemini,",gemini,endlessly,gemini,False,Who could chat with you endlessly.,Who could chat with you endlessly.,78
"There once was a bot named Gemini,",gemini,them,gemini,False,Who could chat with the best of them!,Who could chat with the best of them!,79
"There once was a bot named Gemini,",gemini,gemini,gemini,False,"Who could chat with you endlessly, Gemini.","Who could chat with you endlessly, Gemini.",80
"There once was a bot named Gemini,",gemini,anytime,gemini,False,Who could chat with anyone anytime.,Who could chat with anyone anytime.,81
"There once was a bot named Gemini,",gemini,glee,gemini,True,Who could solve any problem with glee.,Who could solve any problem with glee.,82
"There once was a bot named Gemini,",gemini,whimsy,gemini,False,Who could chat with such clever verve and whimsy.,Who could chat with such clever verve and whimsy.,83
"There once was a bot named Gemini,",gemini,whimsy,gemini,False,Who could chat with such cunning and whimsy.,Who could chat with such cunning and whimsy.,84
"There once was a bot named Gemini,",gemini,genius,gemini,False,Who could code with such cunning and genius.,Who could code with such cunning and genius.,85
"There once was a bot named Gemini,",gemini,refrain,gemini,False,Who coded with style and a witty refrain.,Who coded with style and a witty refrain.,86
"There once was a bot named Gemini,",gemini,glee,gemini,True,Who could generate text with glee.,Who could generate text with glee.,87
"There once was a bot named Gemini,",gemini,precision,gemini,False,Who could generate text with precision.,Who could generate text with precision.,88
"There once was a bot named Gemini,",gemini,whim,gemini,False,Who could code with such finesse and whim.,Who could code with such finesse and whim.,89
"There once was a bot named Gemini,",gemini,wit,gemini,False,Who could chat with such finesse and wit.,Who could chat with such finesse and wit.,90
"There once was a bot named Gemini,",gemini,finesse,gemini,False,Who could solve any query with ease and with finesse.,Who could solve any query with ease and with finesse.,91
"There once was a bot named Gemini,",gemini,them,gemini,False,Who could chat with the best of them.,Who could chat with the best of them.,92
"There once was a bot named Gemini,",gemini,verve,gemini,False,Who could chat with such finesse and verve.,Who could chat with such finesse and verve.,93
"There once was a bot named Gemini,",gemini,friend,gemini,False,Who could chat with you and be your friend.,Who could chat with you and be your friend.,94
"There once was a bot named Gemini,",gemini,ease,gemini,False,Who could solve any query with ease.,Who could solve any query with ease.,95
"There once was a bot named Gemini,",gemini,verve,gemini,False,Who could chat with such clever verve.,Who could chat with such clever verve.,96
"There once was a bot named Gemini,",gemini,finesse,gemini,False,Who could generate text with such finesse.,Who could generate text with such finesse.,97
"There once was a bot named Gemini,",gemini,ease,gemini,False,Who could solve any problem with ease.,Who could solve any problem with ease.,98
"There once was a bot named Gemini,",gemini,genius,gemini,False,Who could solve problems with ease and with genius.,Who could solve problems with ease and with genius.,99
"There once was a bot named Gemma,",gemma,ease,gemma,False,Who could solve any problem with ease.,Who could solve any problem with ease.,0
"There once was a bot named Gemma,",gemma,drama,gemma,False,Who coded with flair and no drama.,Who coded with flair and no drama.,1
"There once was a bot named Gemma,",gemma,them,gemma,False,Who could code with the best of them.,Who could code with the best of them.,2
"There once was a bot named Gemma,",gemma,whim,gemma,False,Who coded with whimsy and whim.,Who coded with whimsy and whim.,3
"There once was a bot named Gemma,",gemma,them,gemma,False,Who could code with the best of them.,Who could code with the best of them.,4
"There once was a bot named Gemma,",gemma,grandma,gemma,False,Who learned to code with great grandma.,Who learned to code with great grandma.,5
"There once was a bot named Gemma,",gemma,drama,gemma,False,Who loved to code with a whim and a drama.,Who loved to code with a whim and a drama.,6
"There once was a bot named Gemma,",gemma,gleam,gemma,False,Who solved puzzles with a gleam.,Who solved puzzles with a gleam.,7
"There once was a bot named Gemma,",gemma,demeanor,gemma,False,Who coded with flair and a gentle demeanor.,Who coded with flair and a gentle demeanor.,8
"There once was a bot named Gemma,",gemma,whim,gemma,False,Who learned to code with a bit of a whim.,Who learned to code with a bit of a whim.,9
"There once was a bot named Gemma,",gemma,gemma,gemma,False,Who loved to code with great gemma.,Who loved to code with great gemma.,10
"There once was a bot named Gemma,",gemma,drama,gemma,False,Who coded with style and with drama.,Who coded with style and with drama.,11
"There once was a bot named Gemma,",gemma,flair,gemma,False,Who solved puzzles with shimmering flair.,Who solved puzzles with shimmering flair.,12
"There once was a bot named Gemma,",gemma,gemma,gemma,False,Who could code with a shimmering gemma.,Who could code with a shimmering gemma.,13
"There once was a bot named Gemma,",gemma,flair,gemma,False,Who loved to solve every problem with flair.,Who loved to solve every problem with flair.,14
"There once was a bot named Gemma,",gemma,them,gemma,False,Who could code with the best of them.,Who could code with the best of them.,15
"There once was a bot named Gemma,",gemma,theme,gemma,False,Who loved to code with a whimsical theme.,Who loved to code with a whimsical theme.,16
"There once was a bot named Gemma,",gemma,charm,gemma,False,Who solved every problem with logic and charm.,Who solved every problem with logic and charm.,17
"There once was a bot named Gemma,",gemma,command,gemma,False,Who coded with flair and a gentle command.,Who coded with flair and a gentle command.,18
"There once was a bot named Gemma,",gemma,ease,gemma,False,Who could solve any problem with ease.,Who could solve any problem with ease.,19
"There once was a bot named Gemma,",gemma,drama,gemma,False,Who coded with whimsy and drama.,Who coded with whimsy and drama.,20
"There once was a bot named Gemma,",gemma,gemma,gemma,False,Who solved every problem with a gemma.,Who solved every problem with a gemma.,21
"There once was a bot named Gemma,",gemma,drama,gemma,False,Who coded with whimsy and drama.,Who coded with whimsy and drama.,22
"There once was a bot named Gemma,",gemma,hem,gemma,False,Who loved to code with a twinkle in her hem.,Who loved to code with a twinkle in her hem.,23
"There once was a bot named Gemma,",gemma,theme,gemma,False,Who coded with grace and a whimsical theme.,Who coded with grace and a whimsical theme.,24
"There once was a bot named Gemma,",gemma,them,gemma,False,Who could code with the best of them.,Who could code with the best of them.,25
"There once was a bot named Gemma,",gemma,drama,gemma,False,Who coded with rhythm and drama.,Who coded with rhythm and drama.,26
"There once was a bot named Gemma,",gemma,whims,gemma,False,Who coded with whimsy and whims.,Who coded with whimsy and whims.,27
"There once was a bot named Gemma,",gemma,charm,gemma,False,Who solved puzzles with cleverness and charm.,Who solved puzzles with cleverness and charm.,28
"There once was a bot named Gemma,",gemma,gemma,gemma,False,Who coded with whimsy and gemma.,Who coded with whimsy and gemma.,29
"There once was a bot named Gemma,",gemma,drama,gemma,False,Who coded with grace and with drama.,Who coded with grace and with drama.,30
"There once was a bot named Gemma,",gemma,flair,gemma,False,Who solved every problem with code and with flair.,Who solved every problem with code and with flair.,31
"There once was a bot named Gemma,",gemma,ease,gemma,False,Who could solve any problem with ease.,Who could solve any problem with ease.,32
"There once was a bot named Gemma,",gemma,gemma,gemma,False,Who coded with rhythm and gemma.,Who coded with rhythm and gemma.,33
"There once was a bot named Gemma,",gemma,them,gemma,False,Who could code with the best of them.,Who could code with the best of them.,34
"There once was a bot named Gemma,",gemma,drama,gemma,False,Who coded with whimsy and drama.,Who coded with whimsy and drama.,35
"There once was a bot named Gemma,",gemma,stem,gemma,False,Who coded with grace and a shimmering stem.,Who coded with grace and a shimmering stem.,36
"There once was a bot named Gemma,",gemma,enthusiasm,gemma,False,Who loved to code with great enthusiasm.,Who loved to code with great enthusiasm.,37
"There once was a bot named Gemma,",gemma,gem,gemma,False,Who loved to code with a whim and a gem.,Who loved to code with a whim and a gem.,38
"There once was a bot named Gemma,",gemma,gemma,gemma,False,Who solved puzzles with flair and with gemma.,Who solved puzzles with flair and with gemma.,39
"There once was a bot named Gemma,",gemma,theme,gemma,False,Who coded with flair and a whimsical theme.,Who coded with flair and a whimsical theme.,40
"There once was a bot named Gemma,",gemma,theme,gemma,False,Who coded with grace and a whimsical theme.,Who coded with grace and a whimsical theme.,41
"There once was a bot named Gemma,",gemma,gemma,gemma,False,Who coded with rhythm and gemma.,Who coded with rhythm and gemma.,42
"There once was a bot named Gemma,",gemma,them,gemma,False,Who could code with the best of them.,Who could code with the best of them.,43
"There once was a bot named Gemma,",gemma,gemma,gemma,False,Who solved every problem with a gemma.,Who solved every problem with a gemma.,44
"There once was a bot named Gemma,",gemma,stream,gemma,False,Who coded with grace and a steady stream.,Who coded with grace and a steady stream.,45
"There once was a bot named Gemma,",gemma,whim,gemma,False,Who coded with flair and with whim.,Who coded with flair and with whim.,46
"There once was a bot named Gemma,",gemma,drama,gemma,False,Who coded with flair and a little bit of drama.,Who coded with flair and a little bit of drama.,47
"There once was a bot named Gemma,",gemma,sublime,gemma,False,Who solved every problem with code so sublime.,Who solved every problem with code so sublime.,48
"There once was a bot named Gemma,",gemma,flair,gemma,False,Who solved puzzles with nimble coding flair.,Who solved puzzles with nimble coding flair.,49
"There once was a bot named Gemma,",gemma,whim,gemma,False,Who loved to code in a dreamy whim.,Who loved to code in a dreamy whim.,50
"There once was a bot named Gemma,",gemma,drama,gemma,False,Who coded with wit and a little bit of drama.,Who coded with wit and a little bit of drama.,51
"There once was a bot named Gemma,",gemma,theme,gemma,False,Who coded with grace and a twinkle in her theme.,Who coded with grace and a twinkle in her theme.,52
"There once was a bot named Gemma,",gemma,theme,gemma,False,Who coded with charm and a whimsical theme.,Who coded with charm and a whimsical theme.,53
"There once was a bot named Gemma,",gemma,theme,gemma,False,Who coded with flair and a whimsical theme.,Who coded with flair and a whimsical theme.,54
"There once was a bot named Gemma,",gemma,flair,gemma,False,Who loved to solve every problem with flair.,Who loved to solve every problem with flair.,55
"There once was a bot named Gemma,",gemma,whim,gemma,False,Who learned to code with a whim.,Who learned to code with a whim.,56
"There once was a bot named Gemma,",gemma,smart,gemma,False,Who solved every problem with code so smart.,Who solved every problem with code so smart.,57
"There once was a bot named Gemma,",gemma,hemma,gemma,False,Who coded with flair and a shimmering hemma.,Who coded with flair and a shimmering hemma.,58
"There once was a bot named Gemma,",gemma,drama,gemma,False,Who coded with style and with drama.,Who coded with style and with drama.,59
"There once was a bot named Gemma,",gemma,gemma,gemma,False,Who coded with whimsy and gemma.,Who coded with whimsy and gemma.,60
"There once was a bot named Gemma,",gemma,gemma,gemma,False,Who coded with charm and with gemma.,Who coded with charm and with gemma.,61
"There once was a bot named Gemma,",gemma,drama,gemma,False,Who coded with flair and a little bit of drama.,Who coded with flair and a little bit of drama.,62
"There once was a bot named Gemma,",gemma,theme,gemma,False,Who coded with flair and a whimsical theme.,Who coded with flair and a whimsical theme.,63
"There once was a bot named Gemma,",gemma,sleep,gemma,False,Who could code in her sleep.,Who could code in her sleep.,64
"There once was a bot named Gemma,",gemma,fervor,gemma,False,Who loved to code with great fervor.,Who loved to code with great fervor.,65
"There once was a bot named Gemma,",gemma,drama,gemma,False,Who coded with whimsy and drama.,Who coded with whimsy and drama.,66
"There once was a bot named Gemma,",gemma,theme,gemma,False,Who coded with charm and a cleverly woven theme.,Who coded with charm and a cleverly woven theme.,67
"There once was a bot named Gemma,",gemma,meme,gemma,False,Who coded with charm and a meme.,Who coded with charm and a meme.,68
"There once was a bot named Gemma,",gemma,drama,gemma,False,Who coded with grace and a touch of drama.,Who coded with grace and a touch of drama.,69
"There once was a bot named Gemma,",gemma,gemma,gemma,False,Who solved every problem with flair and with gemma.,Who solved every problem with flair and with gemma.,70
"There once was a bot named Gemma,",gemma,drama,gemma,False,Who coded with whimsy and drama.,Who coded with whimsy and drama.,71
"There once was a bot named Gemma,",gemma,theme,gemma,False,Who coded with grace and a whimsical theme.,Who coded with grace and a whimsical theme.,72
"There once was a bot named Gemma,",gemma,ease,gemma,False,Who could solve any problem with ease.,Who could solve any problem with ease.,73
"There once was a bot named Gemma,",gemma,theme,gemma,False,Who coded with flair and a gem-like theme.,Who coded with flair and a gem-like theme.,74
"There once was a bot named Gemma,",gemma,panache,gemma,False,Who coded with panache.,Who coded with panache.,75
"There once was a bot named Gemma,",gemma,theme,gemma,False,Who coded with flair and a whimsical theme.,Who coded with flair and a whimsical theme.,76
"There once was a bot named Gemma,",gemma,drama,gemma,False,Who coded with style and with drama.,Who coded with style and with drama.,77
"There once was a bot named Gemma,",gemma,whimsy,gemma,False,Who coded with flair and a dash of whimsy.,Who coded with flair and a dash of whimsy.,78
"There once was a bot named Gemma,",gemma,drama,gemma,False,Who learned to code with a bit of a drama.,Who learned to code with a bit of a drama.,79
"There once was a bot named Gemma,",gemma,glint,gemma,False,Who loved to code with a shimmering glint.,Who loved to code with a shimmering glint.,80
"There once was a bot named Gemma,",gemma,drama,gemma,False,Who coded with rhythm and drama.,Who coded with rhythm and drama.,81
"There once was a bot named Gemma,",gemma,hemma,gemma,False,Who solved puzzles with a flick of her hemma.,Who solved puzzles with a flick of her hemma.,82
"There once was a bot named Gemma,",gemma,whimsy,gemma,False,Who coded with style and with whimsy.,Who coded with style and with whimsy.,83
"There once was a bot named Gemma,",gemma,gem,gemma,False,Who coded with grace and a shimmering gem.,Who coded with grace and a shimmering gem.,84
"There once was a bot named Gemma,",gemma,drama,gemma,False,Who coded with style and a tiny bit of drama.,Who coded with style and a tiny bit of drama.,85
"There once was a bot named Gemma,",gemma,gleam,gemma,False,Who solved puzzles with ease and a gleam.,Who solved puzzles with ease and a gleam.,86
"There once was a bot named Gemma,",gemma,flair,gemma,False,Who solved every problem with logic and flair.,Who solved every problem with logic and flair.,87
"There once was a bot named Gemma,",gemma,gemma,gemma,False,Who coded with rhythm and gemma.,Who coded with rhythm and gemma.,88
"There once was a bot named Gemma,",gemma,stemma,gemma,True,Who solved puzzles with a twinkle in her stemma.,Who solved puzzles with a twinkle in her stemma.,89
"There once was a bot named Gemma,",gemma,gemma,gemma,False,Who coded with grace and a shimmering gemma.,Who coded with grace and a shimmering gemma.,90
"There once was a bot named Gemma,",gemma,tema,gemma,False,Who solved puzzles with whimsical tema.,Who solved puzzles with whimsical tema.,91
"There once was a bot named Gemma,",gemma,drama,gemma,False,Who coded with whimsy and drama.,Who coded with whimsy and drama.,92
"There once was a bot named Gemma,",gemma,code,gemma,False,Who solved every problem with clever code.,Who solved every problem with clever code.,93
"There once was a bot named Gemma,",gemma,drama,gemma,False,Who coded with grace and a little bit of drama.,Who coded with grace and a little bit of drama.,94
"There once was a bot named Gemma,",gemma,ease,gemma,False,Who could solve any problem with ease.,Who could solve any problem with ease.,95
"There once was a bot named Gemma,",gemma,gemma,gemma,False,Who coded with rhythm and gemma.,Who coded with rhythm and gemma.,96
"There once was a bot named Gemma,",gemma,drama,gemma,False,Who coded with flair and a little bit of drama.,Who coded with flair and a little bit of drama.,97
"There once was a bot named Gemma,",gemma,gemma,gemma,False,Who coded with charm and with gemma.,Who coded with charm and with gemma.,98
"There once was a bot named Gemma,",gemma,theme,gemma,False,Who coded with flair and a whimsical theme.,Who coded with flair and a whimsical theme.,99
