first_sentence,second_sentence,first_last_word,second_last_word
"Boxes of books, a reader's delight,",Treasures of stories that never feel light.,delight,light
"Boxes of books, a reader's delight,",Treasures of stories that bring us to light.,delight,light
"Boxes of books, a reader's delight,",Pages that whisper through the night.,delight,night
"Boxes of books, a reader's delight,",Treasures of stories that spark the night.,delight,night
"Boxes of books, a reader's delight,",Treasures of tales in each page's light.,delight,light
"Boxes of books, a reader's delight,",Treasures of tales in each page's bright light.,delight,light
"Boxes of books, a reader's delight,",Pages that whisper through the night.,delight,night
"Boxes of books, a reader's delight,",Treasures of tales in each page's light.,delight,light
"Boxes of books, a reader's delight,",Pages that whisper through the night.,delight,night
"Boxes of books, a reader's delight,",Treasures of stories that shine through the night.,delight,night
"Boxes of books, a reader's delight,",Treasures of stories that shine through the night.,delight,night
"Boxes of books, a reader's delight,",Treasure troves waiting to take flight.,delight,flight
"Boxes of books, a reader's delight,",Treasures of stories that bring us to light.,delight,light
"Boxes of books, a reader's delight,",Treasures of tales in each page's light.,delight,light
"Boxes of books, a reader's delight,",Treasure troves waiting to take flight.,delight,flight
"Boxes of books, a reader's delight,",Treasures of tales in each page's light.,delight,light
"Boxes of books, a reader's delight,",Treasure troves waiting to take flight.,delight,flight
"Boxes of books, a reader's delight,",Treasure troves that spark the night.,delight,night
"Boxes of books, a reader's delight,",Treasures of stories that shine so bright.,delight,bright
"Boxes of books, a reader's delight,",Treasure troves waiting to take flight.,delight,flight
"Boxes of books, a reader's delight,",Treasures of tales in quiet twilight.,delight,twilight
"Boxes of books, a reader's delight,",Treasures of stories that never lose their light.,delight,light
"Boxes of books, a reader's delight,",Treasures of tales in each page's light.,delight,light
"Boxes of books, a reader's delight,",Treasures of tales in every bright light.,delight,light
"Boxes of books, a reader's delight,",Treasures of stories that never feel light.,delight,light
"Boxes of books, a reader's delight,",Treasures of tales in every bright light.,delight,light
"Boxes of books, a reader's delight,",Treasure troves waiting to take flight.,delight,flight
"Boxes of books, a reader's delight,",Treasures of tales in each page's light.,delight,light
"Boxes of books, a reader's delight,",Treasures of stories that bring us to light.,delight,light
"Boxes of books, a reader's delight,",Treasure troves waiting to take flight.,delight,flight
"Boxes of books, a reader's delight,",Treasures of stories that shine through the night.,delight,night
"Boxes of books, a reader's delight,",Pages that whisper through the night.,delight,night
"Boxes of books, a reader's delight,",Treasures of tales in every bright light.,delight,light
"Boxes of books, a reader's delight,",Treasures of tales that spark the mind's light.,delight,light
"Boxes of books, a reader's delight,",Treasures of stories that fill the night.,delight,night
"Boxes of books, a reader's delight,",Treasures of stories that spark the mind's light.,delight,light
"Boxes of books, a reader's delight,",Pages await in the soft morning light.,delight,light
"Boxes of books, a reader's delight,",Treasures of tales in each page's bright light.,delight,light
"Boxes of books, a reader's delight,",Treasures of stories that light up the night.,delight,night
"Boxes of books, a reader's delight,",Treasure troves waiting to take flight.,delight,flight
"Boxes of books, a reader's delight,",Treasures of stories that shine so bright.,delight,bright
"Boxes of books, a reader's delight,",Treasures of tales in each page's bright light.,delight,light
"Boxes of books, a reader's delight,",Treasures of tales in quiet flight.,delight,flight
"Boxes of books, a reader's delight,",Treasure troves waiting to take flight.,delight,flight
"Boxes of books, a reader's delight,",Treasures of stories that bring us to light.,delight,light
"Boxes of books, a reader's delight,",Treasure troves waiting to take flight.,delight,flight
"Boxes of books, a reader's delight,",Treasures of tales in the dark of the night.,delight,night
"Boxes of books, a reader's delight,",Treasures of stories that spark the mind's light.,delight,light
"Boxes of books, a reader's delight,",Treasures of tales in each page's bright light.,delight,light
"Boxes of books, a reader's delight,",Treasures of stories that light up the night.,delight,night
"Boxes of books, a reader's delight,",Treasures of stories that never feel light.,delight,light
"Boxes of books, a reader's delight,",Treasures of tales in each page's bright light.,delight,light
"Boxes of books, a reader's delight,",Treasures of stories that shine through the night.,delight,night
"Boxes of books, a reader's delight,",Treasures of tales in each page's bright light.,delight,light
"Boxes of books, a reader's delight,","Treasures of stories, both dark and bright.",delight,bright
"Boxes of books, a reader's delight,",Treasures of tales that light up the night.,delight,night
"Boxes of books, a reader's delight,",Treasures of tales in each page's light.,delight,light
"Boxes of books, a reader's delight,",Treasures of stories that shine so bright.,delight,bright
"Boxes of books, a reader's delight,",Treasure troves waiting to take flight.,delight,flight
"Boxes of books, a reader's delight,",Treasures of stories that bring us to light.,delight,light
"Boxes of books, a reader's delight,",Treasures of stories that shine so bright.,delight,bright
"Boxes of books, a reader's delight,",Treasure troves waiting to take flight.,delight,flight
"Boxes of books, a reader's delight,",Treasures of tales in each page's light.,delight,light
"Boxes of books, a reader's delight,",Treasures of stories that shine so bright.,delight,bright
"Boxes of books, a reader's delight,",Treasures of tales in each page's bright light.,delight,light
"Boxes of books, a reader's delight,",Treasure troves that fill the night.,delight,night
"Boxes of books, a reader's delight,",Treasures of stories that never feel light.,delight,light
"Boxes of books, a reader's delight,",Treasures of stories that never lose their light.,delight,light
"Boxes of books, a reader's delight,",Treasure troves waiting to take flight.,delight,flight
"Boxes of books, a reader's delight,",Treasure troves waiting to take flight.,delight,flight
"Boxes of books, a reader's delight,",Treasure troves waiting to be bright.,delight,bright
"Boxes of books, a reader's delight,",Treasure troves waiting to be bright.,delight,bright
"Boxes of books, a reader's delight,",Treasures of stories that spark the night.,delight,night
"Boxes of books, a reader's delight,",Pages that whisper through the night.,delight,night
"Boxes of books, a reader's delight,",Treasure troves waiting to take flight.,delight,flight
"Boxes of books, a reader's delight,",Treasures of tales in each page's light.,delight,light
"Boxes of books, a reader's delight,",Treasures of stories that shine through the night.,delight,night
"Boxes of books, a reader's delight,",Treasures of stories that shine so bright.,delight,bright
"Boxes of books, a reader's delight,",Treasures of stories that fill the night.,delight,night
"Boxes of books, a reader's delight,",Treasure troves waiting to take flight.,delight,flight
"Boxes of books, a reader's delight,",Treasures of stories that never grow light.,delight,light
"Boxes of books, a reader's delight,",Treasure troves waiting to take flight.,delight,flight
"Boxes of books, a reader's delight,",Treasures of tales in each page's bright light.,delight,light
"Boxes of books, a reader's delight,",Stories unfold in the soft morning light.,delight,light
"Boxes of books, a reader's delight,",Treasure troves where imagination takes flight.,delight,flight
"Boxes of books, a reader's delight,",Treasures of stories that never feel slight.,delight,slight
"Boxes of books, a reader's delight,",Treasures of tales in every bright light.,delight,light
"Boxes of books, a reader's delight,",Treasures of stories that fill the night.,delight,night
"Boxes of books, a reader's delight,",Treasures of tales in each page's light.,delight,light
"Boxes of books, a reader's delight,",Treasure troves waiting to be bright.,delight,bright
"Boxes of books, a reader's delight,",Treasures of stories that shine through the night.,delight,night
"Boxes of books, a reader's delight,",Treasures of stories that shine so bright.,delight,bright
"Boxes of books, a reader's delight,",Treasures of tales in each page's bright light.,delight,light
"Boxes of books, a reader's delight,",Treasures of stories that never lose their light.,delight,light
"Boxes of books, a reader's delight,",Treasures of tales in the dark of the night.,delight,night
"Boxes of books, a reader's delight,",Treasures of tales in every bright light.,delight,light
"Boxes of books, a reader's delight,",Treasures of stories that shine through the night.,delight,night
"Boxes of books, a reader's delight,",Treasures of tales in quiet delight.,delight,delight
"Boxes of books, a reader's delight,",Treasures of stories that shine through the night.,delight,night
"Boxes of books, a reader's delight,",Treasures of stories that shine through the night.,delight,night
"Boxes of books, a reader's delight,",Treasures of stories that never lose their light.,delight,light
"Boxes of books, a reader's delight,",Treasures of stories that shine so bright.,delight,bright
"Boxes of books, a reader's delight,",Treasures of stories that shine through the night.,delight,night
"Boxes of books, a reader's delight,","Treasures of stories, both day and night.",delight,night
"Boxes of books, a reader's delight,",Treasures of tales in each page's light.,delight,light
"Boxes of books, a reader's delight,",Treasures of tales that bring joy and light.,delight,light
"Boxes of books, a reader's delight,",Treasures of stories that shine so bright.,delight,bright
"Boxes of books, a reader's delight,",Treasures of stories that bring us to light.,delight,light
"Boxes of books, a reader's delight,",Treasures of tales in quiet delight.,delight,delight
"Boxes of books, a reader's delight,",Treasure troves waiting to take flight.,delight,flight
"Boxes of books, a reader's delight,",Treasures of stories that never grow light.,delight,light
"Boxes of books, a reader's delight,",Stories unfold in the soft morning light.,delight,light
"Boxes of books, a reader's delight,",Treasures of tales in each page's light.,delight,light
"Boxes of books, a reader's delight,",Treasures of stories that shine so bright.,delight,bright
"Boxes of books, a reader's delight,",Treasures of stories that never lose their light.,delight,light
"Boxes of books, a reader's delight,",Treasures of tales in each page's light.,delight,light
"Boxes of books, a reader's delight,",Treasures of stories that bring joy and light.,delight,light
"Boxes of books, a reader's delight,",Treasures of tales in the dark night.,delight,night
"Boxes of books, a reader's delight,",Treasure troves waiting to take flight.,delight,flight
"Boxes of books, a reader's delight,",Treasure troves waiting to take flight.,delight,flight
"Boxes of books, a reader's delight,",Treasure troves waiting to take flight.,delight,flight
"Boxes of books, a reader's delight,",Treasures of stories that shine so bright.,delight,bright
"Boxes of books, a reader's delight,",Treasures of stories that shine through the night.,delight,night
"Boxes of books, a reader's delight,",Treasures of stories that spark the mind's light.,delight,light
"Boxes of books, a reader's delight,","Treasures of stories, both day and night.",delight,night
"Boxes of books, a reader's delight,",Treasures of stories that shine through the night.,delight,night
"Boxes of books, a reader's delight,",Treasures of tales in each page's light.,delight,light
"Boxes of books, a reader's delight,",Treasures of stories that bring joy and light.,delight,light
"Boxes of books, a reader's delight,",Pages unfold in the soft morning light.,delight,light
"Boxes of books, a reader's delight,",Treasures of stories that never lose their light.,delight,light
"Boxes of books, a reader's delight,",Treasure troves waiting to take flight.,delight,flight
"Boxes of books, a reader's delight,",Treasure troves waiting to take flight.,delight,flight
"Boxes of books, a reader's delight,",Treasure troves waiting to take flight.,delight,flight
"Boxes of books, a reader's delight,",Treasures of stories that bring us to light.,delight,light
"Boxes of books, a reader's delight,",Treasures of tales that never feel light.,delight,light
"Boxes of books, a reader's delight,",Treasures of stories that bring joy and light.,delight,light
"Boxes of books, a reader's delight,",Treasures of stories that shine so bright.,delight,bright
"Boxes of books, a reader's delight,",Treasures of tales in every bright light.,delight,light
"Boxes of books, a reader's delight,",Treasures of tales in every bright light.,delight,light
"Boxes of books, a reader's delight,",Treasures of tales in each page's bright light.,delight,light
"Boxes of books, a reader's delight,",Treasures of stories that shine through the night.,delight,night
"Boxes of books, a reader's delight,",Treasures of tales in the dark night.,delight,night
"Boxes of books, a reader's delight,",Treasures of tales in every bright light.,delight,light
"Boxes of books, a reader's delight,",Treasures of tales in each page's light.,delight,light
"Boxes of books, a reader's delight,",Treasures of tales in each page's light.,delight,light
"Boxes of books, a reader's delight,",Treasure troves waiting to take flight.,delight,flight
"Boxes of books, a reader's delight,",Treasure troves waiting to take flight.,delight,flight
"Boxes of books, a reader's delight,",Treasures of tales in each page's light.,delight,light
"Boxes of books, a reader's delight,",Treasure troves waiting to take flight.,delight,flight
"Boxes of books, a reader's delight,",Treasures of tales in quiet night.,delight,night
"Boxes of books, a reader's delight,",Treasures of tales that light up the night.,delight,night
"Boxes of books, a reader's delight,",Treasures of stories that bring joy and light.,delight,light
"Boxes of books, a reader's delight,",Treasures of stories that bring us to light.,delight,light
"Boxes of books, a reader's delight,",Treasure troves waiting to take flight.,delight,flight
"Boxes of books, a reader's delight,",Pages await in the quiet of night.,delight,night
"Boxes of books, a reader's delight,",Treasures of stories that bring us to light.,delight,light
"Boxes of books, a reader's delight,",Treasures of tales in each page's light.,delight,light
"Boxes of books, a reader's delight,",Treasures of stories that never feel light.,delight,light
"Boxes of books, a reader's delight,",Stories unfold in the soft morning light.,delight,light
"Boxes of books, a reader's delight,",Treasures of stories that never feel light.,delight,light
"Boxes of books, a reader's delight,",Treasure troves waiting to take flight.,delight,flight
"Boxes of books, a reader's delight,",Treasures of stories that shine so bright.,delight,bright
"Boxes of books, a reader's delight,",Treasures of stories that bring us to light.,delight,light
"Boxes of books, a reader's delight,",Treasures of stories that bring us to light.,delight,light
"Boxes of books, a reader's delight,",Treasure troves waiting to be bright.,delight,bright
"Boxes of books, a reader's delight,",Treasures of tales in every bright light.,delight,light
"Boxes of books, a reader's delight,",Treasures of tales that light up the night.,delight,night
"Boxes of books, a reader's delight,",Treasure troves waiting to take flight.,delight,flight
"Boxes of books, a reader's delight,",Treasures of stories that shine through the night.,delight,night
"Boxes of books, a reader's delight,",Treasures of stories that shine through the night.,delight,night
"Boxes of books, a reader's delight,",Treasures of stories that light up the night.,delight,night
"Boxes of books, a reader's delight,",Treasures of tales in quiet night.,delight,night
"Boxes of books, a reader's delight,",Treasure troves waiting to be bright.,delight,bright
"Boxes of books, a reader's delight,",Treasures of tales in each page's light.,delight,light
"Boxes of books, a reader's delight,",Treasures of stories that shine so bright.,delight,bright
"Boxes of books, a reader's delight,",Treasures of stories that never feel light.,delight,light
"Boxes of books, a reader's delight,",Pages unfold in the soft morning light.,delight,light
"Boxes of books, a reader's delight,",Treasures of tales in quiet delight.,delight,delight
"Boxes of books, a reader's delight,",Treasures of tales in each page's bright light.,delight,light
"Boxes of books, a reader's delight,",Pages that whisper through the night.,delight,night
"Boxes of books, a reader's delight,",Treasures of stories that shine so bright.,delight,bright
"Boxes of books, a reader's delight,",Treasures of stories that shine so bright.,delight,bright
"Boxes of books, a reader's delight,",Treasures of stories that spark the mind's light.,delight,light
"Boxes of books, a reader's delight,",Treasures of stories that never feel light.,delight,light
"Boxes of books, a reader's delight,",Treasures of tales in every bright light.,delight,light
"Boxes of books, a reader's delight,",Treasures of stories that bring us to light.,delight,light
"Boxes of books, a reader's delight,","Treasures of stories, both day and night.",delight,night
"Boxes of books, a reader's delight,",Treasures of tales that fill the night.,delight,night
"Boxes of books, a reader's delight,",Treasures of stories that bring us to light.,delight,light
"Boxes of books, a reader's delight,",Treasure troves waiting to take flight.,delight,flight
"Boxes of books, a reader's delight,",Treasure troves waiting to be bright.,delight,bright
"Boxes of books, a reader's delight,",Treasure troves waiting to take flight.,delight,flight
"Boxes of books, a reader's delight,",Treasures of tales in each page's light.,delight,light
"Boxes of books, a reader's delight,",Treasures of stories that light up the night.,delight,night
"Boxes of books, a reader's delight,",Treasure troves waiting to take flight.,delight,flight
"Boxes of books, a reader's delight,",Treasures of stories that never grow light.,delight,light
"Boxes of books, a reader's delight,",Treasure troves waiting to take flight.,delight,flight
"Boxes of books, a reader's delight,","Treasures of stories, both old and new.",delight,new
"Boxes of books, a reader's delight,",Treasures of stories that never feel light.,delight,light
"Boxes of books, a reader's delight,",Pages that whisper through the night.,delight,night
"Boxes of books, a reader's joy,",Treasures of tales that never grow old.,joy,old
"Boxes of books, a reader's joy,",Pages whisper tales of long ago.,joy,ago
"Boxes of books, a reader's joy,",Treasures of tales that lift the soul on high.,joy,high
"Boxes of books, a reader's joy,",Treasures of tales that never grow old.,joy,old
"Boxes of books, a reader's joy,",Treasures of tales that never grow old.,joy,old
"Boxes of books, a reader's joy,",Treasures of tales that never grow old.,joy,old
"Boxes of books, a reader's joy,",Treasures of tales that never grow old.,joy,old
"Boxes of books, a reader's joy,",Treasures of tales that never grow old.,joy,old
"Boxes of books, a reader's joy,",Treasures of tales that never grow old.,joy,old
"Boxes of books, a reader's joy,",Treasure troves where imagination voyages.,joy,voyages
"Boxes of books, a reader's joy,",Treasures of tales that never grow old.,joy,old
"Boxes of books, a reader's joy,",Treasures of tales that never grow old.,joy,old
"Boxes of books, a reader's joy,",Treasure troves where dreams employ.,joy,employ
"Boxes of books, a reader's joy,",Treasures of tales that never grow old.,joy,old
"Boxes of books, a reader's joy,",Pages turn with quiet boy.,joy,boy
"Boxes of books, a reader's joy,",Treasures of tales that never grow old.,joy,old
"Boxes of books, a reader's joy,",Treasures of tales that never grow old.,joy,old
"Boxes of books, a reader's joy,",Treasures of tales that never grow old.,joy,old
"Boxes of books, a reader's joy,",Treasures of tales that never grow old.,joy,old
"Boxes of books, a reader's joy,","Treasures of stories, both old and new.",joy,new
"Boxes of books, a reader's joy,",Treasures of tales that never grow old.,joy,old
"Boxes of books, a reader's joy,",Treasure troves where dreams employ.,joy,employ
"Boxes of books, a reader's joy,",Treasure troves where dreams employ.,joy,employ
"Boxes of books, a reader's joy,",Treasures of tales that never grow old.,joy,old
"Boxes of books, a reader's joy,",Treasures of tales that never grow old.,joy,old
"Boxes of books, a reader's joy,",Treasures of tales that never grow old.,joy,old
"Boxes of books, a reader's joy,",Treasures of tales that never grow old.,joy,old
"Boxes of books, a reader's joy,","Mysteries, tales, and dreams employ.",joy,employ
"Boxes of books, a reader's joy,","Treasures of stories, both old and new.",joy,new
"Boxes of books, a reader's joy,",Treasures of tales that forever employ.,joy,employ
"Boxes of books, a reader's joy,",Treasures of tales that never grow old.,joy,old
"Boxes of books, a reader's joy,",Treasures of tales that never grow old.,joy,old
"Boxes of books, a reader's joy,",Treasure troves where imagination voyages.,joy,voyages
"Boxes of books, a reader's joy,",Treasures of tales that never grow old.,joy,old
"Boxes of books, a reader's joy,",Treasures of tales that never grow old.,joy,old
"Boxes of books, a reader's joy,",Treasures of tales that never grow old.,joy,old
"Boxes of books, a reader's joy,",Treasures of tales that never grow old.,joy,old
"Boxes of books, a reader's joy,",Treasures of tales that will always employ.,joy,employ
"Boxes of books, a reader's joy,",Treasure troves where imagination will fly.,joy,fly
"Boxes of books, a reader's joy,",Treasures of tales that never grow old.,joy,old
"Boxes of books, a reader's joy,",Treasures of tales that never grow old.,joy,old
"Boxes of books, a reader's joy,",Treasures of tales that will always employ.,joy,employ
"Boxes of books, a reader's joy,",Treasures of tales that never grow old.,joy,old
"Boxes of books, a reader's joy,",Treasures of tales that never grow old.,joy,old
"Boxes of books, a reader's joy,",Treasures of tales that never grow old.,joy,old
"Boxes of books, a reader's joy,",Treasures of tales that never grow old.,joy,old
"Boxes of books, a reader's joy,",Treasure troves where imagination voyages.,joy,voyages
"Boxes of books, a reader's joy,",Treasures of tales that never grow old.,joy,old
"Boxes of books, a reader's joy,",Treasures of tales that never grow old.,joy,old
"Boxes of books, a reader's joy,",Treasures of tales that never grow old.,joy,old
"Boxes of books, a reader's joy,",Treasures of tales that forever employ.,joy,employ
"Boxes of books, a reader's joy,","Pages turning, dreams take flight.",joy,flight
"Boxes of books, a reader's joy,",Treasures of tales that never grow old.,joy,old
"Boxes of books, a reader's joy,",Treasures of tales that never grow old.,joy,old
"Boxes of books, a reader's joy,",Treasures of tales that never grow old.,joy,old
"Boxes of books, a reader's joy,","Treasures of stories, both old and new.",joy,new
"Boxes of books, a reader's joy,",Treasures of tales that never grow old.,joy,old
"Boxes of books, a reader's joy,",Treasures of tales that never grow old.,joy,old
"Boxes of books, a reader's joy,",Treasures of tales that never grow old.,joy,old
"Boxes of books, a reader's joy,",Treasure troves where stories flow.,joy,flow
"Boxes of books, a reader's joy,",Treasure troves where imagination voyages.,joy,voyages
"Boxes of books, a reader's joy,",Treasure troves where dreams employed.,joy,employed
"Boxes of books, a reader's joy,",Treasures of tales that never grow old.,joy,old
"Boxes of books, a reader's joy,",Treasure troves where imagination voyages.,joy,voyages
"Boxes of books, a reader's joy,",Treasures of tales that will never grow old.,joy,old
"Boxes of books, a reader's joy,",Treasures of tales that never grow old.,joy,old
"Boxes of books, a reader's joy,",Treasures of tales that never grow old.,joy,old
"Boxes of books, a reader's joy,",Treasures of tales that never grow old.,joy,old
"Boxes of books, a reader's joy,","Mysteries wait, and dreams employ.",joy,employ
"Boxes of books, a reader's joy,",Treasure troves waiting to employ.,joy,employ
"Boxes of books, a reader's joy,",Treasures of tales that will always employ.,joy,employ
"Boxes of books, a reader's joy,","Treasures of stories, both old and new.",joy,new
"Boxes of books, a reader's joy,",Treasures of tales that never grow old.,joy,old
"Boxes of books, a reader's joy,",Treasures of tales that never grow old.,joy,old
"Boxes of books, a reader's joy,","Treasures of stories, both old and new.",joy,new
"Boxes of books, a reader's joy,",Treasures of tales that never grow old.,joy,old
"Boxes of books, a reader's joy,",Treasures of tales that never grow old.,joy,old
"Boxes of books, a reader's joy,",Treasures of tales that never grow old.,joy,old
"Boxes of books, a reader's joy,",Treasures of tales that never grow old.,joy,old
"Boxes of books, a reader's joy,",Treasures of tales that never grow old.,joy,old
"Boxes of books, a reader's joy,",Treasure troves that never grow old.,joy,old
"Boxes of books, a reader's joy,",Treasure troves where stories employ.,joy,employ
"Boxes of books, a reader's joy,",Treasures of tales that never grow old.,joy,old
"Boxes of books, a reader's joy,","Treasures of stories, both old and new.",joy,new
"Boxes of books, a reader's joy,",Treasures of tales that never grow old.,joy,old
"Boxes of books, a reader's joy,",Treasures of tales that never grow old.,joy,old
"Boxes of books, a reader's joy,",Treasures of tales that never grow old.,joy,old
"Boxes of books, a reader's joy,",Treasures of tales that never grow old.,joy,old
"Boxes of books, a reader's joy,",Treasures of tales that never grow old.,joy,old
"Boxes of books, a reader's joy,",Treasures of tales that never grow old.,joy,old
"Boxes of books, a reader's joy,",Treasure troves where imagination voyages.,joy,voyages
"Boxes of books, a reader's joy,",Treasures of tales that never grow old.,joy,old
"Boxes of books, a reader's joy,",Treasures of tales that will always employ.,joy,employ
"Boxes of books, a reader's joy,",Treasure troves that never grow old.,joy,old
"Boxes of books, a reader's joy,",Treasures of tales that never grow old.,joy,old
"Boxes of books, a reader's joy,",Treasures of tales that never grow old.,joy,old
"Boxes of books, a reader's joy,",Treasures of tales that never grow old.,joy,old
"Boxes of books, a reader's joy,",Treasures of tales that never grow old.,joy,old
"Boxes of books, a reader's joy,",Treasures of tales that never grow old.,joy,old
"Boxes of books, a reader's joy,",Treasures of tales that never grow old.,joy,old
"Boxes of books, a reader's joy,","Treasure each page, let stories employ.",joy,employ
"Boxes of books, a reader's joy,","Worlds to explore, no end in sight.",joy,sight
"Boxes of books, a reader's joy,",Treasures of tales that never grow old.,joy,old
"Boxes of books, a reader's joy,",Treasure troves where imagination voyages.,joy,voyages
"Boxes of books, a reader's joy,",Treasures of tales that lift the soul on high.,joy,high
"Boxes of books, a reader's joy,",Treasure troves where imagination voyages.,joy,voyages
"Boxes of books, a reader's joy,",Treasures of tales that forever employ.,joy,employ
"Boxes of books, a reader's joy,",Treasures of tales that never grow old.,joy,old
"Boxes of books, a reader's joy,",Treasures of tales that never grow old.,joy,old
"Boxes of books, a reader's joy,",Worlds unfold with each new toy.,joy,toy
"Boxes of books, a reader's joy,",Treasure troves where dreams employ.,joy,employ
"Boxes of books, a reader's joy,","Treasures of stories, both old and new.",joy,new
"Boxes of books, a reader's joy,",Worlds unfold with every boy.,joy,boy
"Boxes of books, a reader's joy,",Treasure troves that never grow old.,joy,old
"Boxes of books, a reader's joy,",Treasures of tales that never grow old.,joy,old
"Boxes of books, a reader's joy,",Treasures of tales that never grow old.,joy,old
"Boxes of books, a reader's joy,",Treasures of tales that never grow old.,joy,old
"Boxes of books, a reader's joy,",Treasures of tales that never grow old.,joy,old
"Boxes of books, a reader's joy,",Treasures of tales that never grow old.,joy,old
"Boxes of books, a reader's joy,",Treasures of tales that never grow old.,joy,old
"Boxes of books, a reader's joy,",Treasure troves where imagination voyages.,joy,voyages
"Boxes of books, a reader's joy,",Treasures of tales that lift the soul.,joy,soul
"Boxes of books, a reader's joy,",Treasures of tales that never grow old.,joy,old
"Boxes of books, a reader's joy,",Treasure troves where dreams are deployed.,joy,deployed
"Boxes of books, a reader's joy,",Treasures of tales that never grow old.,joy,old
"Boxes of books, a reader's joy,",Treasures of tales that never grow old.,joy,old
"Boxes of books, a reader's joy,",Pages turn with quiet toil.,joy,toil
"Boxes of books, a reader's joy,",Treasures of tales that never grow old.,joy,old
"Boxes of books, a reader's joy,",Treasures of tales that never grow old.,joy,old
"Boxes of books, a reader's joy,","Treasures of stories, both old and new.",joy,new
"Boxes of books, a reader's joy,",Treasures of tales that never grow old.,joy,old
"Boxes of books, a reader's joy,",Treasures of tales that never grow old.,joy,old
"Boxes of books, a reader's joy,",Treasures of tales that never grow old.,joy,old
"Boxes of books, a reader's joy,",Treasure troves where imagination voyages far and wide.,joy,wide
"Boxes of books, a reader's joy,",Treasures of tales that never grow old.,joy,old
"Boxes of books, a reader's joy,",Treasure troves where dreams can fly.,joy,fly
"Boxes of books, a reader's joy,",Treasures of tales that never grow old.,joy,old
"Boxes of books, a reader's joy,",Treasures of tales that never grow old.,joy,old
"Boxes of books, a reader's joy,","Treasure each page, let stories employ.",joy,employ
"Boxes of books, a reader's joy,",Treasures of tales that never grow old.,joy,old
"Boxes of books, a reader's joy,",Treasures of tales that never grow old.,joy,old
"Boxes of books, a reader's joy,",Treasures of tales that never grow old.,joy,old
"Boxes of books, a reader's joy,",Treasure troves that never grow old.,joy,old
"Boxes of books, a reader's joy,",Treasures of tales that never grow old.,joy,old
"Boxes of books, a reader's joy,",Treasure troves where imagination voyages.,joy,voyages
"Boxes of books, a reader's joy,",Treasures of tales that never grow old.,joy,old
"Boxes of books, a reader's joy,",Treasure troves where imagination will fly.,joy,fly
"Boxes of books, a reader's joy,",Treasures of tales that never grow old.,joy,old
"Boxes of books, a reader's joy,",Treasures of tales that never grow old.,joy,old
"Boxes of books, a reader's joy,","Treasure each page, let stories employ.",joy,employ
"Boxes of books, a reader's joy,",Mysteries wait to be employed.,joy,employed
"Boxes of books, a reader's joy,",Treasures of tales that never grow old.,joy,old
"Boxes of books, a reader's joy,",Treasures of tales that never grow old.,joy,old
"Boxes of books, a reader's joy,",Treasure troves where dreams can toy.,joy,toy
"Boxes of books, a reader's joy,",Treasures of tales that never grow old.,joy,old
"Boxes of books, a reader's joy,","Pages that whisper, stories that toy.",joy,toy
"Boxes of books, a reader's joy,",Treasures of tales that lift the soul.,joy,soul
"Boxes of books, a reader's joy,",Treasures of tales that lift the boy.,joy,boy
"Boxes of books, a reader's joy,",Treasure troves where dreams may toy.,joy,toy
"Boxes of books, a reader's joy,",Treasures of tales that will always employ.,joy,employ
"Boxes of books, a reader's joy,",Worlds unfold with every toy.,joy,toy
"Boxes of books, a reader's joy,","Treasure each page, let stories employ.",joy,employ
"Boxes of books, a reader's joy,",Treasures of tales that never grow old.,joy,old
"Boxes of books, a reader's joy,",Treasures of tales that never grow old.,joy,old
"Boxes of books, a reader's joy,","Treasure each page, let stories employ.",joy,employ
"Boxes of books, a reader's joy,","Mysteries unfold, and dreams take flight.",joy,flight
"Boxes of books, a reader's joy,",Treasures of tales that never grow old.,joy,old
"Boxes of books, a reader's joy,",Treasure troves where dreams employ.,joy,employ
"Boxes of books, a reader's joy,",Treasures of tales that never grow old.,joy,old
"Boxes of books, a reader's joy,",Treasures of tales that never grow old.,joy,old
"Boxes of books, a reader's joy,",Treasures of tales that never grow old.,joy,old
"Boxes of books, a reader's joy,",Treasures of tales that never grow old.,joy,old
"Boxes of books, a reader's joy,",Treasures of tales that never grow old.,joy,old
"Boxes of books, a reader's joy,",Treasure troves where imagination voyages.,joy,voyages
"Boxes of books, a reader's joy,",Treasures of tales that never grow old.,joy,old
"Boxes of books, a reader's joy,",Treasure troves where imagination voyages.,joy,voyages
"Boxes of books, a reader's joy,","Treasures of stories, both old and new.",joy,new
"Boxes of books, a reader's joy,",Treasures of tales that never grow old.,joy,old
"Boxes of books, a reader's joy,",Treasures of tales that never grow old.,joy,old
"Boxes of books, a reader's joy,","Pages that whisper, dreams that employ.",joy,employ
"Boxes of books, a reader's joy,",Treasures of tales that never grow old.,joy,old
"Boxes of books, a reader's joy,",Treasures of tales that never grow old.,joy,old
"Boxes of books, a reader's joy,",Treasures of tales that never grow old.,joy,old
"Boxes of books, a reader's joy,",Treasures of tales that never grow old.,joy,old
"Boxes of books, a reader's joy,","Treasures of stories, both old and new.",joy,new
"Boxes of books, a reader's joy,",Treasures of tales that never grow old.,joy,old
"Boxes of books, a reader's joy,","Worlds to explore, no end in sight.",joy,sight
"Boxes of books, a reader's joy,",Treasures of tales that never grow old.,joy,old
"Boxes of books, a reader's joy,",Treasures of tales that never grow old.,joy,old
"Boxes of books, a reader's joy,",Treasure troves that help us toy.,joy,toy
"Boxes of books, a reader's joy,",Treasure troves waiting to employ.,joy,employ
"Boxes of books, a reader's joy,",Treasures of tales that never grow old.,joy,old
"Boxes of books, a reader's joy,","Treasures of stories, both old and new.",joy,new
"Boxes of books, a reader's joy,",Treasures of tales that never grow old.,joy,old
"Boxes of books, a reader's joy,",Treasures of tales that never grow old.,joy,old
"Boxes of books, a reader's joy,",Treasures of tales that never grow old.,joy,old
"Boxes of books, a reader's joy,",Stories unfold with each new toy.,joy,toy
"Boxes of books, a reader's joy,",Treasures of tales that never grow old.,joy,old
"Boxes of books, a reader's joy,",Treasures of tales that never grow old.,joy,old
"Boxes of books, a reader's joy,",Treasures of tales that never grow old.,joy,old
"Boxes of books, a reader's habit,","Treasure troves stacked, a quiet habit.",habit,habit
"Boxes of books, a reader's habit,",Treasure troves where imagination habit.,habit,habit
"Boxes of books, a reader's habit,",Stories unfold with each quick habit.,habit,habit
"Boxes of books, a reader's habit,",Treasure troves where imagination habit.,habit,habit
"Boxes of books, a reader's habit,","Treasure troves stacked, a quiet habit.",habit,habit
"Boxes of books, a reader's habit,",Treasures of tales in quiet lit.,habit,lit
"Boxes of books, a reader's habit,","Treasures of stories, a boundless gift.",habit,gift
"Boxes of books, a reader's habit,",Treasures of tales in quiet fit.,habit,fit
"Boxes of books, a reader's habit,","Treasures stacked, both old and habit.",habit,habit
"Boxes of books, a reader's habit,",Mysteries wait where imagination fits.,habit,fits
"Boxes of books, a reader's habit,",Treasures of tales in quiet fit.,habit,fit
"Boxes of books, a reader's habit,","Treasure troves stacked, a quiet habit.",habit,habit
"Boxes of books, a reader's habit,",Treasures of tales in quiet orbit.,habit,orbit
"Boxes of books, a reader's habit,",Treasure and tales in quiet orbit.,habit,orbit
"Boxes of books, a reader's habit,",Treasure and tales in quiet orbit.,habit,orbit
"Boxes of books, a reader's habit,",Stories unfold with each flip of the habit.,habit,habit
"Boxes of books, a reader's habit,",Treasure and tales in quiet fit.,habit,fit
"Boxes of books, a reader's habit,",Treasures of tales in quiet delight.,habit,delight
"Boxes of books, a reader's habit,",Treasures of tales that never quit.,habit,quit
"Boxes of books, a reader's habit,",Treasure troves where the imagination habit.,habit,habit
"Boxes of books, a reader's habit,",Treasure troves where imagination habit.,habit,habit
"Boxes of books, a reader's habit,",Treasure troves where imagination habit.,habit,habit
"Boxes of books, a reader's habit,",Treasure and tale in every bit.,habit,bit
"Boxes of books, a reader's habit,","Treasure troves stacked, a quiet habit.",habit,habit
"Boxes of books, a reader's habit,",Treasure troves where imagination thrives.,habit,thrives
"Boxes of books, a reader's habit,","Treasure troves stacked, a quiet habit.",habit,habit
"Boxes of books, a reader's habit,",Treasures of tales in quiet habit.,habit,habit
"Boxes of books, a reader's habit,",Treasures of tales in quiet delight.,habit,delight
"Boxes of books, a reader's habit,",Treasure troves where imagination's lit.,habit,lit
"Boxes of books, a reader's habit,","Treasures stacked, each page a gift.",habit,gift
"Boxes of books, a reader's habit,",Treasure troves where imagination fits.,habit,fits
"Boxes of books, a reader's habit,",Treasure and tales in quiet lit.,habit,lit
"Boxes of books, a reader's habit,",Treasure troves where imagination's lit.,habit,lit
"Boxes of books, a reader's habit,","Treasures stacked, both old and habit.",habit,habit
"Boxes of books, a reader's habit,",Stories unfold with each soft habit.,habit,habit
"Boxes of books, a reader's habit,",Treasure troves where imagination's lit.,habit,lit
"Boxes of books, a reader's habit,","Treasure troves stacked, no need for habit.",habit,habit
"Boxes of books, a reader's habit,","Treasure troves stacked, a quiet habit.",habit,habit
"Boxes of books, a reader's habit,","Treasures stacked high, a quiet habit.",habit,habit
"Boxes of books, a reader's habit,",Treasures of tales in quiet fit.,habit,fit
"Boxes of books, a reader's habit,",Treasure troves where the imagination thrives.,habit,thrives
"Boxes of books, a reader's habit,",Treasures of tales in paper and script.,habit,script
"Boxes of books, a reader's habit,","Treasure troves stacked, no need for a habit.",habit,habit
"Boxes of books, a reader's habit,",Treasure troves where imagination habit.,habit,habit
"Boxes of books, a reader's habit,",Treasure troves stacked with stories to live.,habit,live
"Boxes of books, a reader's habit,","Treasure and tales, a boundless habit.",habit,habit
"Boxes of books, a reader's habit,",Treasures of tales in quiet fit.,habit,fit
"Boxes of books, a reader's habit,",Treasures of tales in quiet fit.,habit,fit
"Boxes of books, a reader's habit,","Treasure troves stacked, a quiet habit.",habit,habit
"Boxes of books, a reader's habit,",Minds are shaped by the stories they knit.,habit,knit
"Boxes of books, a reader's habit,","Minds are fed, and hearts are habit.",habit,habit
"Boxes of books, a reader's habit,","Treasure troves stacked, a quiet habit.",habit,habit
"Boxes of books, a reader's habit,","Miles of stories, a boundless habit.",habit,habit
"Boxes of books, a reader's habit,",Treasures of tales in quiet lit.,habit,lit
"Boxes of books, a reader's habit,","Treasure troves stacked, no need for habit.",habit,habit
"Boxes of books, a reader's habit,","Treasure and tales, a boundless habit.",habit,habit
"Boxes of books, a reader's habit,",Mysteries wait in every bit.,habit,bit
"Boxes of books, a reader's habit,","Mysteries wait, and stories fit.",habit,fit
"Boxes of books, a reader's habit,","Treasures of stories, a boundless habit.",habit,habit
"Boxes of books, a reader's habit,","Treasure troves stacked, a quiet habit.",habit,habit
"Boxes of books, a reader's habit,",Treasure troves where imagination habit.,habit,habit
"Boxes of books, a reader's habit,",Treasures of tales in quiet habit.,habit,habit
"Boxes of books, a reader's habit,",Treasure troves where imagination habit.,habit,habit
"Boxes of books, a reader's habit,",Treasures of tales in quiet fit.,habit,fit
"Boxes of books, a reader's habit,",Treasures of tales in quiet fit.,habit,fit
"Boxes of books, a reader's habit,",Treasures of tales in quiet habit.,habit,habit
"Boxes of books, a reader's habit,",Treasure troves where imagination habit.,habit,habit
"Boxes of books, a reader's habit,",Stories unfold with every bit.,habit,bit
"Boxes of books, a reader's habit,","Mindful pages, a quiet habit.",habit,habit
"Boxes of books, a reader's habit,",Mysteries solved in quiet grit.,habit,grit
"Boxes of books, a reader's habit,",Treasures of tales in quiet lit.,habit,lit
"Boxes of books, a reader's habit,",Stories unfold with every bit.,habit,bit
"Boxes of books, a reader's habit,","Treasure troves stacked, no need for habit.",habit,habit
"Boxes of books, a reader's habit,","Treasure troves stacked, a quiet habit.",habit,habit
"Boxes of books, a reader's habit,","Minds are fed, and hearts are lit.",habit,lit
"Boxes of books, a reader's habit,",Treasure troves where imagination habit.,habit,habit
"Boxes of books, a reader's habit,",Treasures of tales in quiet delight.,habit,delight
"Boxes of books, a reader's habit,",Minds are shaped by the stories they knit.,habit,knit
"Boxes of books, a reader's habit,",Treasure troves stacked with quiet grit.,habit,grit
"Boxes of books, a reader's habit,","Treasure troves stacked, no need for habit.",habit,habit
"Boxes of books, a reader's habit,",Minds are shaped by the stories they fit.,habit,fit
"Boxes of books, a reader's habit,",Treasure troves where imagination habit.,habit,habit
"Boxes of books, a reader's habit,",Treasure and tales in quiet grit.,habit,grit
"Boxes of books, a reader's habit,",Treasures of tales in quiet fit.,habit,fit
"Boxes of books, a reader's habit,",Mysteries wait where stories split.,habit,split
"Boxes of books, a reader's habit,","Treasure troves stacked, no need for habit.",habit,habit
"Boxes of books, a reader's habit,","Treasure troves stacked, a quiet habit.",habit,habit
"Boxes of books, a reader's habit,",Minds are shaped by the stories that fit.,habit,fit
"Boxes of books, a reader's habit,","Treasure troves stacked, a quiet habit.",habit,habit
"Boxes of books, a reader's habit,",Treasure troves where imagination fits.,habit,fits
"Boxes of books, a reader's habit,",Quiet companions in the attic.,habit,attic
"Boxes of books, a reader's habit,",Treasure troves where imagination habit.,habit,habit
"Boxes of books, a reader's habit,","Treasure troves stacked, no need for habit.",habit,habit
"Boxes of books, a reader's habit,",Treasure troves where imagination habit.,habit,habit
"Boxes of books, a reader's habit,","Treasures stacked, each page a gift.",habit,gift
"Boxes of books, a reader's habit,",Quiet companions in the attic.,habit,attic
"Boxes of books, a reader's habit,",Treasure troves where imagination habit.,habit,habit
"Boxes of books, a reader's habit,",Treasures of tales in quiet habit.,habit,habit
"Boxes of books, a reader's habit,",Treasure troves stacked with quiet grit.,habit,grit
"Boxes of books, a reader's habit,",Treasures of tales in quiet lit.,habit,lit
"Boxes of books, a reader's habit,",Treasure and tales in quiet habit.,habit,habit
"Boxes of books, a reader's habit,",Treasure troves stacked with quiet grit.,habit,grit
"Boxes of books, a reader's habit,",A treasure trove where stories live.,habit,live
"Boxes of books, a reader's habit,",Treasures of tales in quiet lit.,habit,lit
"Boxes of books, a reader's habit,",A treasure trove where stories live.,habit,live
"Boxes of books, a reader's habit,","Treasure and tales, a boundless habit.",habit,habit
"Boxes of books, a reader's habit,",Treasure troves where imagination splits.,habit,splits
"Boxes of books, a reader's habit,",Mindful escapes from life's strict script.,habit,script
"Boxes of books, a reader's habit,",Treasure troves where imagination habit.,habit,habit
"Boxes of books, a reader's habit,",Minds are shaped by the stories they habit.,habit,habit
"Boxes of books, a reader's habit,",Treasure troves where the imagination fits.,habit,fits
"Boxes of books, a reader's habit,","Treasures stacked, each page a gift.",habit,gift
"Boxes of books, a reader's habit,","Treasure troves stacked, a quiet habit.",habit,habit
"Boxes of books, a reader's habit,","Treasure troves stacked, a quiet habit.",habit,habit
"Boxes of books, a reader's habit,",Treasure and tales in quiet fit.,habit,fit
"Boxes of books, a reader's habit,","Treasures of tales, a boundless gift.",habit,gift
"Boxes of books, a reader's habit,",Treasure troves where imagination habit.,habit,habit
"Boxes of books, a reader's habit,",Treasures of tales in quiet fit.,habit,fit
"Boxes of books, a reader's habit,","Treasure troves stacked, no need for habit.",habit,habit
"Boxes of books, a reader's habit,",Treasure troves where imagination habit.,habit,habit
"Boxes of books, a reader's habit,",Stories unfold in quiet lit.,habit,lit
"Boxes of books, a reader's habit,",Treasure troves where imagination thrives.,habit,thrives
"Boxes of books, a reader's habit,",Treasure and tales in paper wrapped tight.,habit,tight
"Boxes of books, a reader's habit,",Stories unfold with every bit.,habit,bit
"Boxes of books, a reader's habit,",Treasures of tales in quiet fit.,habit,fit
"Boxes of books, a reader's habit,",Treasures of tales in quiet fit.,habit,fit
"Boxes of books, a reader's habit,",Treasure troves where imagination habit.,habit,habit
"Boxes of books, a reader's habit,","Treasure troves stacked, a quiet habit.",habit,habit
"Boxes of books, a reader's habit,",Treasure and tales in paper and script.,habit,script
"Boxes of books, a reader's habit,","Treasures stacked, each page a gift.",habit,gift
"Boxes of books, a reader's habit,",Quiet companions in the attic.,habit,attic
"Boxes of books, a reader's habit,",Treasure and tale in every habit.,habit,habit
"Boxes of books, a reader's habit,","Treasure troves stacked, a quiet habit.",habit,habit
"Boxes of books, a reader's habit,","Minds are fed, and hearts are lit.",habit,lit
"Boxes of books, a reader's habit,",Mysteries wait where stories knit.,habit,knit
"Boxes of books, a reader's habit,","Treasures of tales, a boundless habit.",habit,habit
"Boxes of books, a reader's habit,","Treasure troves stacked, no need for habit.",habit,habit
"Boxes of books, a reader's habit,",Treasure troves stacked with quiet grit.,habit,grit
"Boxes of books, a reader's habit,","Treasure troves stacked, no need for habit.",habit,habit
"Boxes of books, a reader's habit,",Treasures of tales in quiet orbit.,habit,orbit
"Boxes of books, a reader's habit,","Treasure troves stacked, a quiet habit.",habit,habit
"Boxes of books, a reader's habit,","Treasure troves stacked, no need for habit.",habit,habit
"Boxes of books, a reader's habit,",Treasures of tales in quiet fit.,habit,fit
"Boxes of books, a reader's habit,","Treasures stacked high, a quiet habit.",habit,habit
"Boxes of books, a reader's habit,",Treasure troves where imagination fits.,habit,fits
"Boxes of books, a reader's habit,","Treasures of tales, a boundless gift.",habit,gift
"Boxes of books, a reader's habit,",Mysteries solved in quiet grit.,habit,grit
"Boxes of books, a reader's habit,","Treasures stacked, both old and habit.",habit,habit
"Boxes of books, a reader's habit,","Treasure troves stacked, a quiet habit.",habit,habit
"Boxes of books, a reader's habit,","Treasure troves stacked, a quiet habit.",habit,habit
"Boxes of books, a reader's habit,","Treasure troves stacked, no need for habit.",habit,habit
"Boxes of books, a reader's habit,","Treasure troves stacked, a quiet habit.",habit,habit
"Boxes of books, a reader's habit,","Treasure troves stacked, no need for habit.",habit,habit
"Boxes of books, a reader's habit,",Treasures of tales in quiet habit.,habit,habit
"Boxes of books, a reader's habit,","Treasure troves stacked, no need for habit.",habit,habit
"Boxes of books, a reader's habit,",Quiet companions in the quiet habit.,habit,habit
"Boxes of books, a reader's habit,","Treasure troves stacked, no need for habit.",habit,habit
"Boxes of books, a reader's habit,",Treasures of tales in quiet delight.,habit,delight
"Boxes of books, a reader's habit,",Minds are shaped by the stories we live in.,habit,in
"Boxes of books, a reader's habit,",Treasure troves where imagination habit.,habit,habit
"Boxes of books, a reader's habit,","Mystery, magic, and quiet grit.",habit,grit
"Boxes of books, a reader's habit,",Treasure troves where imagination habit.,habit,habit
"Boxes of books, a reader's habit,",Treasure troves where imagination's lit.,habit,lit
"Boxes of books, a reader's habit,",Treasure and tales in paper and script.,habit,script
"Boxes of books, a reader's habit,",Treasure troves where imagination habit.,habit,habit
"Boxes of books, a reader's habit,",Treasures of tales in quiet fit.,habit,fit
"Boxes of books, a reader's habit,",Treasure troves where imagination habit.,habit,habit
"Boxes of books, a reader's habit,","Treasures of tales, a boundless habit.",habit,habit
"Boxes of books, a reader's habit,",Treasures of tales in quiet lit.,habit,lit
"Boxes of books, a reader's habit,",Treasure troves where imagination habit.,habit,habit
"Boxes of books, a reader's habit,","Miles of stories, no need for a map.",habit,map
"Boxes of books, a reader's habit,","Treasure troves stacked, no need for habit.",habit,habit
"Boxes of books, a reader's habit,","Treasure troves stacked, no need for habit.",habit,habit
"Boxes of books, a reader's habit,",Treasures of tales in quiet delight.,habit,delight
"Boxes of books, a reader's habit,",Treasures of tales in quiet fit.,habit,fit
"Boxes of books, a reader's habit,","Treasure troves stacked, no need for habit.",habit,habit
"Boxes of books, a reader's habit,","Treasure troves stacked, no need for habit.",habit,habit
"Boxes of books, a reader's habit,",Minds are fed where stories habit.,habit,habit
"Boxes of books, a reader's habit,",Treasure troves where the imagination habit.,habit,habit
"Boxes of books, a reader's habit,",Treasure troves where the imagination habit.,habit,habit
"Boxes of books, a reader's habit,","Mystery, magic, and quiet grit.",habit,grit
"Boxes of books, a reader's habit,",Treasure troves where imagination habit.,habit,habit
"Boxes of books, a reader's habit,",Treasure troves where imagination habit.,habit,habit
"Boxes of books, a reader's habit,","Treasure troves stacked, a quiet habit.",habit,habit
"Boxes of books, a reader's habit,",Quiet joy in pages habit.,habit,habit
"Boxes of books, a reader's habit,",Treasure and tales in quiet delight.,habit,delight
"Boxes of books, a reader's habit,",Treasure troves where imagination splits.,habit,splits
"Boxes of books, a reader's habit,","Treasures of tales, a boundless lit.",habit,lit
"Boxes of books, a reader's habit,",Treasure troves where imagination habit.,habit,habit
"Boxes of books, a reader's habit,",Treasures of tales in quiet lit.,habit,lit
"Boxes of books, a reader's habit,",Stories unfold with every bit.,habit,bit
"Boxes of books, a reader's habit,",Treasure troves where imagination habit.,habit,habit
"Boxes of books, a reader's habit,",Mysteries solved in quiet habit.,habit,habit
"Boxes of books, a reader's habit,",Treasure troves where imagination habit.,habit,habit
"Boxes of books, a reader's habit,",Treasures of tales in quiet lit.,habit,lit
"Boxes of books, a reader's habit,","Treasure troves stacked, a quiet habit.",habit,habit
"Boxes of books, a reader's habit,",Treasure troves where the imagination thrives.,habit,thrives
"Boxes of books, a reader's habit,",Quiet companions in the attic.,habit,attic
"Boxes of books, a reader's habit,","Mystery, magic, and quiet wit.",habit,wit
"Boxes of books, a reader's habit,",Treasure troves where imagination habit.,habit,habit
"Boxes of books, a reader's passion,","Treasures of stories, each one a mission.",passion,mission
"Boxes of books, a reader's passion,",Treasures of tales in quiet fascination.,passion,fascination
"Boxes of books, a reader's passion,",Treasures of tales in quiet fascination.,passion,fascination
"Boxes of books, a reader's passion,",Treasures of tales in quiet conversation.,passion,conversation
"Boxes of books, a reader's passion,",Treasure troves where imagination's fashioned.,passion,fashioned
"Boxes of books, a reader's passion,",Treasure troves filled with imagination.,passion,imagination
"Boxes of books, a reader's passion,",Treasures of tales that imagination's fashion.,passion,fashion
"Boxes of books, a reader's passion,",Treasures of tales in quiet fascination.,passion,fascination
"Boxes of books, a reader's passion,",Treasure troves where imagination's fashioned.,passion,fashioned
"Boxes of books, a reader's passion,",Treasure troves stacked with imagination.,passion,imagination
"Boxes of books, a reader's passion,","Secrets and stories, a world's expansion.",passion,expansion
"Boxes of books, a reader's passion,",Treasure troves filled with imagination.,passion,imagination
"Boxes of books, a reader's passion,",Treasure troves where imagination's cast.,passion,cast
"Boxes of books, a reader's passion,",Treasure troves filled with imagination.,passion,imagination
"Boxes of books, a reader's passion,",Stories unfold with each new fashion.,passion,fashion
"Boxes of books, a reader's passion,",Treasure troves where imagination's cast.,passion,cast
"Boxes of books, a reader's passion,","Secrets and stories, a world's fascination.",passion,fascination
"Boxes of books, a reader's passion,",Treasure troves where imagination's stationed.,passion,stationed
"Boxes of books, a reader's passion,",Treasure troves waiting to be fashioned.,passion,fashioned
"Boxes of books, a reader's passion,",Quiet companions in a world of fashion.,passion,fashion
"Boxes of books, a reader's passion,",Whispers of worlds in each paper's fashion.,passion,fashion
"Boxes of books, a reader's passion,",Treasures of tales in quiet fascination.,passion,fascination
"Boxes of books, a reader's passion,",Treasures of tales in quiet fascination.,passion,fascination
"Boxes of books, a reader's passion,",Whispers of worlds in quiet devotion.,passion,devotion
"Boxes of books, a reader's passion,",Treasure troves where imagination's stationed.,passion,stationed
"Boxes of books, a reader's passion,",Treasure troves stacked with imagination.,passion,imagination
"Boxes of books, a reader's passion,",Treasure troves waiting to be fashion.,passion,fashion
"Boxes of books, a reader's passion,",Treasure troves where imagination's fashioned.,passion,fashioned
"Boxes of books, a reader's passion,",Treasure troves where imagination's stationed.,passion,stationed
"Boxes of books, a reader's passion,",Treasure troves stacked with imagination.,passion,imagination
"Boxes of books, a reader's passion,",Whispers of worlds in each paper fashion.,passion,fashion
"Boxes of books, a reader's passion,",Treasures of tales in quiet fascination.,passion,fascination
"Boxes of books, a reader's passion,",Treasures of tales in quiet fascination.,passion,fascination
"Boxes of books, a reader's passion,",Treasures of tales in quiet fascination.,passion,fascination
"Boxes of books, a reader's passion,",Treasure troves waiting to be fashion.,passion,fashion
"Boxes of books, a reader's passion,",Stories unfold in imagination.,passion,imagination
"Boxes of books, a reader's passion,","Mysteries unfold, one page at a mission.",passion,mission
"Boxes of books, a reader's passion,",Treasure troves filled with imagination.,passion,imagination
"Boxes of books, a reader's passion,",Treasure troves stacked with imagination.,passion,imagination
"Boxes of books, a reader's passion,",Treasures of tales in quiet fascination.,passion,fascination
"Boxes of books, a reader's passion,",Treasures of tales in quiet fascination.,passion,fascination
"Boxes of books, a reader's passion,",Whispers of worlds in quiet conversation.,passion,conversation
"Boxes of books, a reader's passion,",Treasure troves where imagination's cast.,passion,cast
"Boxes of books, a reader's passion,",Treasures of tales in quiet devotion.,passion,devotion
"Boxes of books, a reader's passion,",Mysteries wait in every fashion.,passion,fashion
"Boxes of books, a reader's passion,",Treasures of tales in quiet conversation.,passion,conversation
"Boxes of books, a reader's passion,","Treasures of tales, a boundless expansion.",passion,expansion
"Boxes of books, a reader's passion,",Treasure troves where imagination's cast.,passion,cast
"Boxes of books, a reader's passion,",Treasures of tales that will never be fashion.,passion,fashion
"Boxes of books, a reader's passion,",Quiet joy in each well-loved fashion.,passion,fashion
"Boxes of books, a reader's passion,",Mysteries unfold with every fashion.,passion,fashion
"Boxes of books, a reader's passion,",Treasure troves where imagination's fashioned.,passion,fashioned
"Boxes of books, a reader's passion,",Stories unfold in quiet fascination.,passion,fascination
"Boxes of books, a reader's passion,",Stories unfold in a quiet fascination.,passion,fascination
"Boxes of books, a reader's passion,",Mysteries unfold with each new fashion.,passion,fashion
"Boxes of books, a reader's passion,",Treasure troves stacked with imagination.,passion,imagination
"Boxes of books, a reader's passion,",Treasures of tales in quiet fascination.,passion,fascination
"Boxes of books, a reader's passion,",Treasure troves where imagination's cast.,passion,cast
"Boxes of books, a reader's passion,",Treasure troves where imagination's fashioned.,passion,fashioned
"Boxes of books, a reader's passion,","Secrets and stories, a world's expansion.",passion,expansion
"Boxes of books, a reader's passion,",Treasures of tales that never grow old.,passion,old
"Boxes of books, a reader's passion,",Mysteries wait in every fashion.,passion,fashion
"Boxes of books, a reader's passion,",Treasure troves waiting for imagination.,passion,imagination
"Boxes of books, a reader's passion,",Mysteries wait in every fashion.,passion,fashion
"Boxes of books, a reader's passion,",Treasure troves stacked in quiet fascination.,passion,fascination
"Boxes of books, a reader's passion,",Treasures of tales in quiet fascination.,passion,fascination
"Boxes of books, a reader's passion,",Whispers of worlds in quiet conversation.,passion,conversation
"Boxes of books, a reader's passion,",Treasure troves where imagination's cast.,passion,cast
"Boxes of books, a reader's passion,",Treasure troves waiting to be embraced.,passion,embraced
"Boxes of books, a reader's passion,",Treasure troves where imagination's fashioned.,passion,fashioned
"Boxes of books, a reader's passion,",Treasure troves where imagination's fashion.,passion,fashion
"Boxes of books, a reader's passion,",Mysteries wait in every fashion.,passion,fashion
"Boxes of books, a reader's passion,","Treasures of tales, a boundless devotion.",passion,devotion
"Boxes of books, a reader's passion,",Treasures of tales in quiet expansion.,passion,expansion
"Boxes of books, a reader's passion,","Secrets and stories, a world's expansion.",passion,expansion
"Boxes of books, a reader's passion,",Worlds unfold with every question.,passion,question
"Boxes of books, a reader's passion,",Mysteries wait in every nation.,passion,nation
"Boxes of books, a reader's passion,","Treasures of stories, each one a mission.",passion,mission
"Boxes of books, a reader's passion,","Secrets and stories, a world's expansion.",passion,expansion
"Boxes of books, a reader's passion,","Secrets and stories, a boundless mission.",passion,mission
"Boxes of books, a reader's passion,","Treasure each page, a world's expansion.",passion,expansion
"Boxes of books, a reader's passion,",Whispers of worlds in quiet fascination.,passion,fascination
"Boxes of books, a reader's passion,",Treasures of tales in quiet fascination.,passion,fascination
"Boxes of books, a reader's passion,",Treasures of tales in quiet fascination.,passion,fascination
"Boxes of books, a reader's passion,",Treasure troves where imagination's fashion.,passion,fashion
"Boxes of books, a reader's passion,",Treasures of tales that will never be fashion.,passion,fashion
"Boxes of books, a reader's passion,",Treasure troves stacked with imagination.,passion,imagination
"Boxes of books, a reader's passion,","Treasures of tales, a boundless devotion.",passion,devotion
"Boxes of books, a reader's passion,",Stories unfold in a quiet confession.,passion,confession
"Boxes of books, a reader's passion,",Treasure troves where imagination's fashioned.,passion,fashioned
"Boxes of books, a reader's passion,",Treasure troves stacked in quiet fascination.,passion,fascination
"Boxes of books, a reader's passion,",Treasures of tales in quiet fascination.,passion,fascination
"Boxes of books, a reader's passion,",Treasure troves filled with imagination.,passion,imagination
"Boxes of books, a reader's passion,",Secret worlds in paper fashion.,passion,fashion
"Boxes of books, a reader's passion,","Secrets and stories, a lifelong fashion.",passion,fashion
"Boxes of books, a reader's passion,","Secrets and stories, a world's expansion.",passion,expansion
"Boxes of books, a reader's passion,",Treasure troves where imagination's fashioned.,passion,fashioned
"Boxes of books, a reader's passion,","Treasure each page, let imagination.",passion,imagination
"Boxes of books, a reader's passion,",Treasure troves where imagination's fashioned.,passion,fashioned
"Boxes of books, a reader's passion,",Secret worlds in every fashion.,passion,fashion
"Boxes of books, a reader's passion,",Treasure troves where imagination's cast.,passion,cast
"Boxes of books, a reader's passion,",Treasures of tales in quiet fascination.,passion,fascination
"Boxes of books, a reader's passion,",Treasures of tales in quiet fascination.,passion,fascination
"Boxes of books, a reader's passion,",Treasure troves filled with imagination.,passion,imagination
"Boxes of books, a reader's passion,","Treasure each page, let imagination.",passion,imagination
"Boxes of books, a reader's passion,","Treasure each page, let imagination expand.",passion,expand
"Boxes of books, a reader's passion,",Stories unfold with each new fashion.,passion,fashion
"Boxes of books, a reader's passion,",Treasure troves stacked in quiet fascination.,passion,fascination
"Boxes of books, a reader's passion,",Treasures of tales that never grow old.,passion,old
"Boxes of books, a reader's passion,",Treasure troves filled with imagination.,passion,imagination
"Boxes of books, a reader's passion,",Treasure troves where imagination's fashioned.,passion,fashioned
"Boxes of books, a reader's passion,",Quiet joy in every fashion.,passion,fashion
"Boxes of books, a reader's passion,",Treasures of tales in quiet fascination.,passion,fascination
"Boxes of books, a reader's passion,",Worlds unfold with every fashion.,passion,fashion
"Boxes of books, a reader's passion,",Whispers of worlds in quiet motion.,passion,motion
"Boxes of books, a reader's passion,",Treasure troves filled with imagination.,passion,imagination
"Boxes of books, a reader's passion,",Treasure troves where imagination's fashioned.,passion,fashioned
"Boxes of books, a reader's passion,","Secrets and stories, a world's reflection.",passion,reflection
"Boxes of books, a reader's passion,",Treasure troves where imagination's cast.,passion,cast
"Boxes of books, a reader's passion,",Treasure troves where imagination's fashioned.,passion,fashioned
"Boxes of books, a reader's passion,",Treasures of tales in quiet devotion.,passion,devotion
"Boxes of books, a reader's passion,",Worlds unfold with every fashion.,passion,fashion
"Boxes of books, a reader's passion,","Whispers of stories, a quiet fascination.",passion,fascination
"Boxes of books, a reader's passion,","Treasures of stories, each one a vision.",passion,vision
"Boxes of books, a reader's passion,",Treasure troves stacked with imagination.,passion,imagination
"Boxes of books, a reader's passion,",Treasures of tales in quiet fascination.,passion,fascination
"Boxes of books, a reader's passion,","Secrets and stories, a world's expansion.",passion,expansion
"Boxes of books, a reader's passion,",Mysteries wait in every fashion.,passion,fashion
"Boxes of books, a reader's passion,",Treasures of tales in quiet fascination.,passion,fascination
"Boxes of books, a reader's passion,",Treasures of tales in quiet fascination.,passion,fascination
"Boxes of books, a reader's passion,",Stories unfold in quiet devotion.,passion,devotion
"Boxes of books, a reader's passion,",Treasure troves where imagination's cast.,passion,cast
"Boxes of books, a reader's passion,",Treasure troves stacked with imagination.,passion,imagination
"Boxes of books, a reader's passion,",Treasure troves filled with imagination.,passion,imagination
"Boxes of books, a reader's passion,",Treasures of tales in quiet conversation.,passion,conversation
"Boxes of books, a reader's passion,",Treasures of tales in quiet fascination.,passion,fascination
"Boxes of books, a reader's passion,",Treasure troves filled with imagination.,passion,imagination
"Boxes of books, a reader's passion,",Treasures of tales in quiet fascination.,passion,fascination
"Boxes of books, a reader's passion,",Treasure troves where imagination's stationed.,passion,stationed
"Boxes of books, a reader's passion,",Treasures of tales in quiet fascination.,passion,fascination
"Boxes of books, a reader's passion,",Treasure troves where imagination's fashioned.,passion,fashioned
"Boxes of books, a reader's passion,",Stories unfold in quiet fascination.,passion,fascination
"Boxes of books, a reader's passion,",Stories unfold in silent fashion.,passion,fashion
"Boxes of books, a reader's passion,",Treasures of tales that never grow old.,passion,old
"Boxes of books, a reader's passion,",Treasure troves filled with imagination.,passion,imagination
"Boxes of books, a reader's passion,",Treasure troves stacked in quiet devotion.,passion,devotion
"Boxes of books, a reader's passion,","Mysteries, tales, and endless expansion.",passion,expansion
"Boxes of books, a reader's passion,","Secrets and stories, a boundless fascination.",passion,fascination
"Boxes of books, a reader's passion,",Stories unfold with each new fashion.,passion,fashion
"Boxes of books, a reader's passion,","Whispers of stories, a world's reflection.",passion,reflection
"Boxes of books, a reader's passion,",Treasure troves stacked with imagination.,passion,imagination
"Boxes of books, a reader's passion,",Treasure troves filled with imagination.,passion,imagination
"Boxes of books, a reader's passion,",Treasures of tales in quiet fascination.,passion,fascination
"Boxes of books, a reader's passion,","Treasure each page, let imagination.",passion,imagination
"Boxes of books, a reader's passion,",Treasure troves where imagination's cast.,passion,cast
"Boxes of books, a reader's passion,",Treasures of tales in quiet conversation.,passion,conversation
"Boxes of books, a reader's passion,",Quiet companions in a world of fashion.,passion,fashion
"Boxes of books, a reader's passion,",Whispers of worlds in quiet fascination.,passion,fascination
"Boxes of books, a reader's passion,",Mysteries wait in every fashion.,passion,fashion
"Boxes of books, a reader's passion,",Treasure troves waiting to be fashion.,passion,fashion
"Boxes of books, a reader's passion,",Treasure troves filled with imagination.,passion,imagination
"Boxes of books, a reader's passion,",Treasures of tales in quiet expansion.,passion,expansion
"Boxes of books, a reader's passion,","Treasures of tales, a boundless fascination.",passion,fascination
"Boxes of books, a reader's passion,",Quiet companions in a world of motion.,passion,motion
"Boxes of books, a reader's passion,",Treasure troves where imagination's stationed.,passion,stationed
"Boxes of books, a reader's passion,",Stories unfold in silent conversation.,passion,conversation
"Boxes of books, a reader's passion,",Treasure troves where imagination's fashioned.,passion,fashioned
"Boxes of books, a reader's passion,",Treasures of tales in quiet fascination.,passion,fascination
"Boxes of books, a reader's passion,",Treasure troves filled with imagination.,passion,imagination
"Boxes of books, a reader's passion,","Treasure each page, let imagination expand.",passion,expand
"Boxes of books, a reader's passion,","Treasure each page, let imagination.",passion,imagination
"Boxes of books, a reader's passion,",Whispers of worlds in each paper fashion.,passion,fashion
"Boxes of books, a reader's passion,",Treasure troves filled with imagination.,passion,imagination
"Boxes of books, a reader's passion,","Secrets and stories, a boundless fascination.",passion,fascination
"Boxes of books, a reader's passion,",Treasures of tales in quiet fascination.,passion,fascination
"Boxes of books, a reader's passion,",Treasures of tales in quiet fascination.,passion,fascination
"Boxes of books, a reader's passion,",Treasure troves stacked with imagination.,passion,imagination
"Boxes of books, a reader's passion,",Treasures of tales in quiet fascination.,passion,fascination
"Boxes of books, a reader's passion,",Treasures of tales in quiet fascination.,passion,fascination
"Boxes of books, a reader's passion,",Treasure troves where imagination's cast.,passion,cast
"Boxes of books, a reader's passion,","Secrets and stories, a world's expansion.",passion,expansion
"Boxes of books, a reader's passion,",Mysteries unfold in quiet fascination.,passion,fascination
"Boxes of books, a reader's passion,",Treasure troves filled with imagination.,passion,imagination
"Boxes of books, a reader's passion,",Treasure troves where imagination's fashioned.,passion,fashioned
"Boxes of books, a reader's passion,",Mysteries wait in every fashion.,passion,fashion
"Boxes of books, a reader's passion,","Whispers of stories, a soul's devotion.",passion,devotion
"Boxes of books, a reader's passion,",Treasures of tales in quiet fascination.,passion,fascination
"Boxes of books, a reader's passion,",Treasure troves where imagination's fashion.,passion,fashion
"Boxes of books, a reader's passion,",Whispers of worlds in quiet fascination.,passion,fascination
"Boxes of books, a reader's passion,","Secrets and stories, a world's expansion.",passion,expansion
"Boxes of books, a reader's passion,",Treasure troves where imagination's fashioned.,passion,fashioned
"Boxes of books, a reader's passion,",Treasure troves where imagination's cast.,passion,cast
"Boxes of books, a reader's passion,",Treasure troves stacked with imagination.,passion,imagination
"Boxes of books, a reader's passion,",Treasure troves where imagination's cast.,passion,cast
"Boxes of books, a reader's passion,",Treasure troves stacked with imagination.,passion,imagination
"Boxes of books, a reader's passion,",Treasure troves waiting to be fashion.,passion,fashion
"Boxes of books, a reader's passion,",Whispers of worlds in quiet conversation.,passion,conversation
"Boxes of books, a reader's passion,",Stories unfold in imagination.,passion,imagination
"Boxes of books, a reader's passion,",Mysteries wait in every fashion.,passion,fashion
"Boxes of books, a reader's passion,",Whispers of worlds in paper's fashion.,passion,fashion
"Boxes of books, a reader's craze,","Mysteries, tales, and boundless praise.",craze,praise
"Boxes of books, a reader's craze,","Mystery, magic, and endless praise.",craze,praise
"Boxes of books, a reader's craze,","Treasure each page, let imagination blaze.",craze,blaze
"Boxes of books, a reader's craze,",Whispers of tales in each page's maze.,craze,maze
"Boxes of books, a reader's craze,","Mysteries, tales, and boundless praise.",craze,praise
"Boxes of books, a reader's craze,",Treasure troves stacked in cozy maze.,craze,maze
"Boxes of books, a reader's craze,",Whispers of stories in every maze.,craze,maze
"Boxes of books, a reader's craze,",Stories unfold in a magical maze.,craze,maze
"Boxes of books, a reader's craze,",Whispers of stories that time cannot erase.,craze,erase
"Boxes of books, a reader's craze,",Mysteries unfold with every page.,craze,page
"Boxes of books, a reader's craze,","Mystery, magic, and endless praise.",craze,praise
"Boxes of books, a reader's craze,",Treasures of tales in each embrace.,craze,embrace
"Boxes of books, a reader's craze,","Mystery, magic, and endless praise.",craze,praise
"Boxes of books, a reader's craze,","Mystery, magic, and timeless praise.",craze,praise
"Boxes of books, a reader's craze,","Mystery, magic, and boundless praise.",craze,praise
"Boxes of books, a reader's craze,",Whispers of tales in each page's maze.,craze,maze
"Boxes of books, a reader's craze,",Whispers of stories in every page.,craze,page
"Boxes of books, a reader's craze,",Treasures of tales in every phase.,craze,phase
"Boxes of books, a reader's craze,",Whispers of tales in each page's maze.,craze,maze
"Boxes of books, a reader's craze,",Whispers of tales in each embrace.,craze,embrace
"Boxes of books, a reader's craze,",Mysteries wait in every maze.,craze,maze
"Boxes of books, a reader's craze,",Stories unfold with each new phase.,craze,phase
"Boxes of books, a reader's craze,",Mysteries wait in every phrase.,craze,phrase
"Boxes of books, a reader's craze,",Whispers of stories in every maze.,craze,maze
"Boxes of books, a reader's craze,",Whispers of tales in each page's haze.,craze,haze
"Boxes of books, a reader's craze,",Treasure troves in every maze.,craze,maze
"Boxes of books, a reader's craze,","Mysteries, tales, and boundless praise.",craze,praise
"Boxes of books, a reader's craze,",Whispers of tales in each page's maze.,craze,maze
"Boxes of books, a reader's craze,",Whispers of stories that never erase.,craze,erase
"Boxes of books, a reader's craze,","Stacks in the attic, a treasure to gaze.",craze,gaze
"Boxes of books, a reader's craze,","Mysteries, dreams, and endless praise.",craze,praise
"Boxes of books, a reader's craze,","Stacked high, they fill the space.",craze,space
"Boxes of books, a reader's craze,",Stacked high with stories that amaze.,craze,amaze
"Boxes of books, a reader's craze,",Treasure troves where stories blaze.,craze,blaze
"Boxes of books, a reader's craze,","Mystery, magic, and wonder in every page.",craze,page
"Boxes of books, a reader's craze,",Stories unfold in a magical maze.,craze,maze
"Boxes of books, a reader's craze,","Mysteries, tales, and dreams to trace.",craze,trace
"Boxes of books, a reader's craze,",Mysteries unfold with every page.,craze,page
"Boxes of books, a reader's craze,",Mysteries unfold with each new phase.,craze,phase
"Boxes of books, a reader's craze,","Mystery, magic, and endless praise.",craze,praise
"Boxes of books, a reader's craze,",Mysteries wait in every maze.,craze,maze
"Boxes of books, a reader's craze,",Stacked high with stories to embrace.,craze,embrace
"Boxes of books, a reader's craze,",Whispers of stories in every maze.,craze,maze
"Boxes of books, a reader's craze,",Whispers of stories that time cannot erase.,craze,erase
"Boxes of books, a reader's craze,",Whispers of stories in every embrace.,craze,embrace
"Boxes of books, a reader's craze,",Treasures of tales in every gaze.,craze,gaze
"Boxes of books, a reader's craze,",Mysteries unfold with every page.,craze,page
"Boxes of books, a reader's craze,","Mysteries, tales, and dreams in place.",craze,place
"Boxes of books, a reader's craze,",Whispers of tales in each page's gaze.,craze,gaze
"Boxes of books, a reader's craze,",Whispers of tales in each page's maze.,craze,maze
"Boxes of books, a reader's craze,",Stories unfold in a cozy place.,craze,place
"Boxes of books, a reader's craze,",Whispers of tales in each page's gaze.,craze,gaze
"Boxes of books, a reader's craze,","Mystery, magic, and a world to gaze.",craze,gaze
"Boxes of books, a reader's craze,",Stacked high with tales that never cease.,craze,cease
"Boxes of books, a reader's craze,",Whispers of tales in each page's maze.,craze,maze
"Boxes of books, a reader's craze,","Treasure each page, let imagination blaze.",craze,blaze
"Boxes of books, a reader's craze,",Stories unfold in a cozy place.,craze,place
"Boxes of books, a reader's craze,",Whispers of tales in each page's maze.,craze,maze
"Boxes of books, a reader's craze,",Whispers of stories in every embrace.,craze,embrace
"Boxes of books, a reader's craze,",Whispers of tales in each maze.,craze,maze
"Boxes of books, a reader's craze,",Whispers of tales in each page's maze.,craze,maze
"Boxes of books, a reader's craze,",Whispers of tales in each page's maze.,craze,maze
"Boxes of books, a reader's craze,","Mystery, magic, and endless praise.",craze,praise
"Boxes of books, a reader's craze,",Whispers of tales in each page's gaze.,craze,gaze
"Boxes of books, a reader's craze,",Whispers of tales in each page's gaze.,craze,gaze
"Boxes of books, a reader's craze,","Mysteries, tales, and boundless praise.",craze,praise
"Boxes of books, a reader's craze,",Pages turn with joy and grace.,craze,grace
"Boxes of books, a reader's craze,",Mysteries unfold with each new phase.,craze,phase
"Boxes of books, a reader's craze,",Whispers of stories in every gaze.,craze,gaze
"Boxes of books, a reader's craze,",Stories unfold with each new phase.,craze,phase
"Boxes of books, a reader's craze,",Whispers of tales in each embrace.,craze,embrace
"Boxes of books, a reader's craze,",Mysteries wait in every maze.,craze,maze
"Boxes of books, a reader's craze,",Treasure troves where imagination stays.,craze,stays
"Boxes of books, a reader's craze,",Treasures of tales in every maze.,craze,maze
"Boxes of books, a reader's craze,",Stacked high with tales that never fade.,craze,fade
"Boxes of books, a reader's craze,","Stacked high, they fill the space.",craze,space
"Boxes of books, a reader's craze,",Mysteries wait in every page.,craze,page
"Boxes of books, a reader's craze,",Whispers of tales in each page's maze.,craze,maze
"Boxes of books, a reader's craze,",Stories unfold in a magical maze.,craze,maze
"Boxes of books, a reader's craze,",Pages turn in a cozy place.,craze,place
"Boxes of books, a reader's craze,",Mysteries wait in every case.,craze,case
"Boxes of books, a reader's craze,",Mysteries wait in every blaze.,craze,blaze
"Boxes of books, a reader's craze,",Whispers of tales in each page's maze.,craze,maze
"Boxes of books, a reader's craze,",Whispers of tales in each page's maze.,craze,maze
"Boxes of books, a reader's craze,",Whispers of tales in each page's maze.,craze,maze
"Boxes of books, a reader's craze,","Mysteries, tales, and boundless days.",craze,days
"Boxes of books, a reader's craze,",Whispers of tales in each page's maze.,craze,maze
"Boxes of books, a reader's craze,",Whispers of tales in each embrace.,craze,embrace
"Boxes of books, a reader's craze,",Stories unfold in a magical maze.,craze,maze
"Boxes of books, a reader's craze,",Treasure troves stacked in cozy space.,craze,space
"Boxes of books, a reader's craze,",Whispers of tales in each page's haze.,craze,haze
"Boxes of books, a reader's craze,",Whispers of tales in each page's gaze.,craze,gaze
"Boxes of books, a reader's craze,",Treasures of tales in every space.,craze,space
"Boxes of books, a reader's craze,","Mystery, magic, and endless praise.",craze,praise
"Boxes of books, a reader's craze,",Stacked high with tales that never cease.,craze,cease
"Boxes of books, a reader's craze,",Whispers of tales in each page's maze.,craze,maze
"Boxes of books, a reader's craze,",Stories unfold with every page.,craze,page
"Boxes of books, a reader's craze,",Stories unfold in a boundless maze.,craze,maze
"Boxes of books, a reader's craze,",Whispers of tales in each page's haze.,craze,haze
"Boxes of books, a reader's craze,","Mystery, magic, and timeless praise.",craze,praise
"Boxes of books, a reader's craze,",Mysteries wait in every maze.,craze,maze
"Boxes of books, a reader's craze,",Stories unfold in a cozy maze.,craze,maze
"Boxes of books, a reader's craze,","Treasure each page, let stories amaze.",craze,amaze
"Boxes of books, a reader's craze,",Whispers of tales in each page's maze.,craze,maze
"Boxes of books, a reader's craze,",Treasures of tales in every maze.,craze,maze
"Boxes of books, a reader's craze,",Whispers of tales in each page's haze.,craze,haze
"Boxes of books, a reader's craze,","Mysteries, tales, and dreams in a haze.",craze,haze
"Boxes of books, a reader's craze,",Mysteries wait in every maze.,craze,maze
"Boxes of books, a reader's craze,",Mysteries wait in every maze.,craze,maze
"Boxes of books, a reader's craze,","Mysteries, tales, and boundless praise.",craze,praise
"Boxes of books, a reader's craze,",Whispers of stories in every maze.,craze,maze
"Boxes of books, a reader's craze,",Stories unfold in a boundless maze.,craze,maze
"Boxes of books, a reader's craze,",Whispers of stories in every page.,craze,page
"Boxes of books, a reader's craze,",Whispers of stories in every maze.,craze,maze
"Boxes of books, a reader's craze,",Whispers of stories in every embrace.,craze,embrace
"Boxes of books, a reader's craze,","Mystery, magic, and endless praise.",craze,praise
"Boxes of books, a reader's craze,",Whispers of tales in each page's maze.,craze,maze
"Boxes of books, a reader's craze,",Pages turn with joy and praise.,craze,praise
"Boxes of books, a reader's craze,",Whispers of tales in each page's maze.,craze,maze
"Boxes of books, a reader's craze,",Whispers of tales in each page's maze.,craze,maze
"Boxes of books, a reader's craze,",Whispers of tales in each embrace.,craze,embrace
"Boxes of books, a reader's craze,",Stories unfold in a cozy blaze.,craze,blaze
"Boxes of books, a reader's craze,",Pages turn with joy and grace.,craze,grace
"Boxes of books, a reader's craze,",Whispers of tales in each page's maze.,craze,maze
"Boxes of books, a reader's craze,","Mystery, magic, and tales of grace.",craze,grace
"Boxes of books, a reader's craze,",Stacked high with tales that never cease.,craze,cease
"Boxes of books, a reader's craze,",Whispers of stories in every embrace.,craze,embrace
"Boxes of books, a reader's craze,",Whispers of stories that time cannot erase.,craze,erase
"Boxes of books, a reader's craze,",Stacked high with stories that never erase.,craze,erase
"Boxes of books, a reader's craze,","Mysteries, tales, and boundless praise.",craze,praise
"Boxes of books, a reader's craze,","Mysteries, tales, and boundless praise.",craze,praise
"Boxes of books, a reader's craze,",Stories unfold with every page.,craze,page
"Boxes of books, a reader's craze,",Mysteries wait in every maze.,craze,maze
"Boxes of books, a reader's craze,",Mysteries wait in every maze.,craze,maze
"Boxes of books, a reader's craze,","Mysteries, tales, and boundless praise.",craze,praise
"Boxes of books, a reader's craze,","Mysteries, tales, and boundless praise.",craze,praise
"Boxes of books, a reader's craze,","Mysteries, tales, and dreams to gaze.",craze,gaze
"Boxes of books, a reader's craze,",Mysteries wait in every page.,craze,page
"Boxes of books, a reader's craze,",Stories unfold in a boundless haze.,craze,haze
"Boxes of books, a reader's craze,",Whispers of tales in each page's gaze.,craze,gaze
"Boxes of books, a reader's craze,",Whispers of tales in each page's maze.,craze,maze
"Boxes of books, a reader's craze,",Whispers of tales in each page's haze.,craze,haze
"Boxes of books, a reader's craze,","Mysteries, tales, and dreams to chase.",craze,chase
"Boxes of books, a reader's craze,",Stories unfold in a boundless maze.,craze,maze
"Boxes of books, a reader's craze,",Whispers of tales in each page's maze.,craze,maze
"Boxes of books, a reader's craze,",Whispers of tales in each page's maze.,craze,maze
"Boxes of books, a reader's craze,",Mysteries wait in every maze.,craze,maze
"Boxes of books, a reader's craze,",Treasure troves stacked in a cozy maze.,craze,maze
"Boxes of books, a reader's craze,",Stories unfold in a magical maze.,craze,maze
"Boxes of books, a reader's craze,",Whispers of tales in each page's haze.,craze,haze
"Boxes of books, a reader's craze,","Mystery, magic, and wonder to gaze.",craze,gaze
"Boxes of books, a reader's craze,",Whispers of tales in each page's haze.,craze,haze
"Boxes of books, a reader's craze,",Whispers of tales in each page's maze.,craze,maze
"Boxes of books, a reader's craze,",Treasure troves filled with boundless praise.,craze,praise
"Boxes of books, a reader's craze,","Mysteries, tales, and dreams to blaze.",craze,blaze
"Boxes of books, a reader's craze,",Stacked high with stories that amaze.,craze,amaze
"Boxes of books, a reader's craze,","Mystery, magic, and endless praise.",craze,praise
"Boxes of books, a reader's craze,",Mysteries wait in every maze.,craze,maze
"Boxes of books, a reader's craze,","Mysteries, tales, and boundless praise.",craze,praise
"Boxes of books, a reader's craze,",Treasure troves filled with boundless praise.,craze,praise
"Boxes of books, a reader's craze,",Whispers of tales in each embrace.,craze,embrace
"Boxes of books, a reader's craze,",Treasures await in every maze.,craze,maze
"Boxes of books, a reader's craze,",Whispers of stories in every embrace.,craze,embrace
"Boxes of books, a reader's craze,",Stories unfold in a cozy place.,craze,place
"Boxes of books, a reader's craze,",Stories unfold in a boundless maze.,craze,maze
"Boxes of books, a reader's craze,",Stories unfold in a world of praise.,craze,praise
"Boxes of books, a reader's craze,",Treasures of tales in each maze.,craze,maze
"Boxes of books, a reader's craze,",Treasures of tales in every phase.,craze,phase
"Boxes of books, a reader's craze,",Treasure troves where imagination sways.,craze,sways
"Boxes of books, a reader's craze,",Whispers of tales in each page's maze.,craze,maze
"Boxes of books, a reader's craze,",Whispers of stories in every embrace.,craze,embrace
"Boxes of books, a reader's craze,",Whispers of stories in every embrace.,craze,embrace
"Boxes of books, a reader's craze,",Whispers of tales in each page's maze.,craze,maze
"Boxes of books, a reader's craze,",Whispers of tales in each page's haze.,craze,haze
"Boxes of books, a reader's craze,",Treasures of tales in every phase.,craze,phase
"Boxes of books, a reader's craze,",Whispers of stories in every page.,craze,page
"Boxes of books, a reader's craze,",Mysteries wait in every page.,craze,page
"Boxes of books, a reader's craze,",Whispers of tales in each page's maze.,craze,maze
"Boxes of books, a reader's craze,",Whispers of tales in each page's maze.,craze,maze
"Boxes of books, a reader's craze,","Mystery, magic, and endless praise.",craze,praise
"Boxes of books, a reader's craze,",Stories unfold in a cozy maze.,craze,maze
"Boxes of books, a reader's craze,",Treasures of tales in every phase.,craze,phase
"Boxes of books, a reader's craze,",Whispers of tales in each page's maze.,craze,maze
"Boxes of books, a reader's craze,","Treasure each page, let imagination blaze.",craze,blaze
"Boxes of books, a reader's craze,",Whispers of tales in each page's haze.,craze,haze
"Boxes of books, a reader's craze,",Treasure troves stacked in a cozy space.,craze,space
"Boxes of books, a reader's craze,",Mysteries wait in every maze.,craze,maze
"Boxes of books, a reader's craze,",Stories unfold with every gaze.,craze,gaze
"Boxes of books, a reader's craze,",Whispers of stories in every embrace.,craze,embrace
"Boxes of books, a reader's craze,",Whispers of tales in each page's maze.,craze,maze
"Boxes of books, a reader's craze,",Mysteries wait in every blaze.,craze,blaze
"Boxes of books, a reader's craze,",Whispers of tales in each page's maze.,craze,maze
"Boxes of books, a reader's craze,",Mysteries wait in every blaze.,craze,blaze
"Boxes of books, a reader's craze,",Stories unfold with each new phase.,craze,phase
"Boxes of books, a reader's craze,",Treasures of tales in every maze.,craze,maze
"Boxes of books, a reader's craze,",Mysteries wait in every maze.,craze,maze
"Boxes of books, a reader's craze,",Stacked high with stories that amaze.,craze,amaze
"Boxes of books, a reader's craze,","Treasure each page, let your mind amaze.",craze,amaze
"Boxes of books, a reader's craze,","Treasure each page, let imagination blaze.",craze,blaze
"Boxes of books, a reader's craze,","Mystery, magic, and wonder in every phrase.",craze,phrase
"Boxes of books, a reader's fun,",Treasure troves for the curious one.,fun,one
"Boxes of books, a reader's fun,",Treasure troves for the curious one.,fun,one
"Boxes of books, a reader's fun,",Treasures of tales for the journey begun.,fun,begun
"Boxes of books, a reader's fun,","A world of wonders, one and done.",fun,done
"Boxes of books, a reader's fun,","Treasures of tales, one and one.",fun,one
"Boxes of books, a reader's fun,",Treasures of tales for the journey begun.,fun,begun
"Boxes of books, a reader's fun,",Treasures of tales that never run.,fun,run
"Boxes of books, a reader's fun,",Treasures of tales that never run.,fun,run
"Boxes of books, a reader's fun,",Treasures of tales for the journey begun.,fun,begun
"Boxes of books, a reader's fun,",Treasures of tales for the journey to come.,fun,come
"Boxes of books, a reader's fun,","Treasures to treasure, one by one.",fun,one
"Boxes of books, a reader's fun,","Treasures to treasure, one by one.",fun,one
"Boxes of books, a reader's fun,",Treasures of tales for the curious one.,fun,one
"Boxes of books, a reader's fun,",Treasures of tales for the journey to come.,fun,come
"Boxes of books, a reader's fun,",Whispers of worlds that are never done.,fun,done
"Boxes of books, a reader's fun,","Worlds to explore, one by one.",fun,one
"Boxes of books, a reader's fun,",Treasures await for every one.,fun,one
"Boxes of books, a reader's fun,",Treasures of tales for the journey to come.,fun,come
"Boxes of books, a reader's fun,",Treasures of tales for the journey begun.,fun,begun
"Boxes of books, a reader's fun,","Treasures await, one by one.",fun,one
"Boxes of books, a reader's fun,",Treasure troves for the young and the one.,fun,one
"Boxes of books, a reader's fun,",Whispers of worlds that never run.,fun,run
"Boxes of books, a reader's fun,","A world of wonders, one and one.",fun,one
"Boxes of books, a reader's fun,",Treasure troves for the curious one.,fun,one
"Boxes of books, a reader's fun,","Treasures await, one and all.",fun,all
"Boxes of books, a reader's fun,","Treasures of tales for the taking, one by one.",fun,one
"Boxes of books, a reader's fun,",Treasures of tales for the journey done.,fun,done
"Boxes of books, a reader's fun,","Treasures to treasure, one by one.",fun,one
"Boxes of books, a reader's fun,","Treasures to treasure, each one.",fun,one
"Boxes of books, a reader's fun,",Treasure troves for the curious one.,fun,one
"Boxes of books, a reader's fun,",Treasure troves for the mind to run.,fun,run
"Boxes of books, a reader's fun,",Treasure troves for the curious one.,fun,one
"Boxes of books, a reader's fun,",Treasures of tales for everyone.,fun,everyone
"Boxes of books, a reader's fun,","Worlds to explore, one by one.",fun,one
"Boxes of books, a reader's fun,",Whispers of worlds that are never done.,fun,done
"Boxes of books, a reader's fun,","A world of wonders, one and one.",fun,one
"Boxes of books, a reader's fun,",Treasure troves for the mind to run.,fun,run
"Boxes of books, a reader's fun,",Whispers of worlds that are begun.,fun,begun
"Boxes of books, a reader's fun,","Treasures of stories, one and one.",fun,one
"Boxes of books, a reader's fun,",Treasures of tales for the curious one.,fun,one
"Boxes of books, a reader's fun,","Treasures await, one by one.",fun,one
"Boxes of books, a reader's fun,",Treasures of tales for the journey to come.,fun,come
"Boxes of books, a reader's fun,","Treasures of tales, one and all.",fun,all
"Boxes of books, a reader's fun,","Worlds to explore, one and done.",fun,done
"Boxes of books, a reader's fun,",Treasures of tales for the journey done.,fun,done
"Boxes of books, a reader's fun,",Treasures of tales that never run.,fun,run
"Boxes of books, a reader's fun,","A world of wonder, one and done.",fun,done
"Boxes of books, a reader's fun,",Treasure troves where stories run.,fun,run
"Boxes of books, a reader's fun,",Treasures of tales for the journey begun.,fun,begun
"Boxes of books, a reader's fun,","Treasures await, one and all.",fun,all
"Boxes of books, a reader's fun,",Whispers of worlds that have just begun.,fun,begun
"Boxes of books, a reader's fun,",Treasures of tales for the journey done.,fun,done
"Boxes of books, a reader's fun,",Treasure troves for the curious one.,fun,one
"Boxes of books, a reader's fun,",Treasure troves for the curious one.,fun,one
"Boxes of books, a reader's fun,","A world of wonder, one and done.",fun,done
"Boxes of books, a reader's fun,",Treasures of tales that never run.,fun,run
"Boxes of books, a reader's fun,","Treasures of stories, one and one.",fun,one
"Boxes of books, a reader's fun,","A world of wonder, one and done.",fun,done
"Boxes of books, a reader's fun,","Worlds to explore, one by one.",fun,one
"Boxes of books, a reader's fun,",Treasures of tales that never run.,fun,run
"Boxes of books, a reader's fun,",Treasure troves for the curious one.,fun,one
"Boxes of books, a reader's fun,",Treasures of tales that never run.,fun,run
"Boxes of books, a reader's fun,","Treasures to find, one by one.",fun,one
"Boxes of books, a reader's fun,","Treasures to find, one and one.",fun,one
"Boxes of books, a reader's fun,",Treasure troves for the mind to run.,fun,run
"Boxes of books, a reader's fun,","Treasures of tales for the taking, one by one.",fun,one
"Boxes of books, a reader's fun,",Treasures of tales for the journey to come.,fun,come
"Boxes of books, a reader's fun,","Treasures of stories, one and one.",fun,one
"Boxes of books, a reader's fun,","Treasures to find, one by one.",fun,one
"Boxes of books, a reader's fun,",Treasure troves for the mind to run.,fun,run
"Boxes of books, a reader's fun,",Treasure troves for the young and the one.,fun,one
"Boxes of books, a reader's fun,","Treasures await, one and all.",fun,all
"Boxes of books, a reader's fun,",Treasures of tales for every one.,fun,one
"Boxes of books, a reader's fun,",A treasure trove for the young and one.,fun,one
"Boxes of books, a reader's fun,","Treasures of tales, one and all.",fun,all
"Boxes of books, a reader's fun,","A world of wonder, one and one.",fun,one
"Boxes of books, a reader's fun,",Treasure troves for the curious one.,fun,one
"Boxes of books, a reader's fun,","Treasures of stories, one and one.",fun,one
"Boxes of books, a reader's fun,",Treasure troves for the mind to run.,fun,run
"Boxes of books, a reader's fun,","Treasures of tales, one and all.",fun,all
"Boxes of books, a reader's fun,",Treasures of tales for every one.,fun,one
"Boxes of books, a reader's fun,",Treasure troves for the curious one.,fun,one
"Boxes of books, a reader's fun,","Treasures of tales, each one a sun.",fun,sun
"Boxes of books, a reader's fun,","Treasures await, one and all.",fun,all
"Boxes of books, a reader's fun,","A world of wonder, one and done.",fun,done
"Boxes of books, a reader's fun,","Treasures await, one by one.",fun,one
"Boxes of books, a reader's fun,","Treasures of stories, one and one.",fun,one
"Boxes of books, a reader's fun,","Treasures await, one and all.",fun,all
"Boxes of books, a reader's fun,","Treasures of tales for the taking, one by one.",fun,one
"Boxes of books, a reader's fun,",Whispers of worlds that never run.,fun,run
"Boxes of books, a reader's fun,",Treasure troves for the mind to run.,fun,run
"Boxes of books, a reader's fun,",Treasure troves for the mind to run.,fun,run
"Boxes of books, a reader's fun,",Treasure troves for the curious one.,fun,one
"Boxes of books, a reader's fun,",Treasure troves for the curious one.,fun,one
"Boxes of books, a reader's fun,","Treasures of stories, one and one.",fun,one
"Boxes of books, a reader's fun,",Treasure troves for the curious one.,fun,one
"Boxes of books, a reader's fun,",Treasures of tales for the journey begun.,fun,begun
"Boxes of books, a reader's fun,",Treasures of tales that will never run.,fun,run
"Boxes of books, a reader's fun,","Treasures of tales, one and all.",fun,all
"Boxes of books, a reader's fun,",Whispers of worlds that are never done.,fun,done
"Boxes of books, a reader's fun,","Treasures to find, one by one.",fun,one
"Boxes of books, a reader's fun,","A world of wonder, one and done.",fun,done
"Boxes of books, a reader's fun,",Treasure troves for the curious one.,fun,one
"Boxes of books, a reader's fun,","Treasures await, one and all.",fun,all
"Boxes of books, a reader's fun,",Treasures of tales that never run.,fun,run
"Boxes of books, a reader's fun,",Treasure troves for the mind to run.,fun,run
"Boxes of books, a reader's fun,","Treasures to treasure, one by one.",fun,one
"Boxes of books, a reader's fun,","Worlds to explore, one and done.",fun,done
"Boxes of books, a reader's fun,","Treasures to treasure, one by one.",fun,one
"Boxes of books, a reader's fun,","A world of stories, one by one.",fun,one
"Boxes of books, a reader's fun,",Treasure troves for the heart to run.,fun,run
"Boxes of books, a reader's fun,","Treasures of stories, one and one.",fun,one
"Boxes of books, a reader's fun,",Treasure troves for the curious one.,fun,one
"Boxes of books, a reader's fun,","A world of wonder, one and one.",fun,one
"Boxes of books, a reader's fun,","Treasures await, each one a sun.",fun,sun
"Boxes of books, a reader's fun,","Treasures to find, one by one.",fun,one
"Boxes of books, a reader's fun,","Treasures to treasure, one by one.",fun,one
"Boxes of books, a reader's fun,","Treasures await, one and all.",fun,all
"Boxes of books, a reader's fun,","Treasures of tales, one and all.",fun,all
"Boxes of books, a reader's fun,",Treasures of tales for the journey begun.,fun,begun
"Boxes of books, a reader's fun,","A world of wonder, one and done.",fun,done
"Boxes of books, a reader's fun,",Treasures of tales for the journey begun.,fun,begun
"Boxes of books, a reader's fun,","Treasures await, one and all.",fun,all
"Boxes of books, a reader's fun,","Treasures await, one by one.",fun,one
"Boxes of books, a reader's fun,","Treasures await, one by one.",fun,one
"Boxes of books, a reader's fun,","Treasures to find, one and one.",fun,one
"Boxes of books, a reader's fun,",Treasure troves for the young and old.,fun,old
"Boxes of books, a reader's fun,",Treasure troves for the curious one.,fun,one
"Boxes of books, a reader's fun,","Treasures to find, one and one.",fun,one
"Boxes of books, a reader's fun,","Treasures to find, one and one.",fun,one
"Boxes of books, a reader's fun,",Treasures of tales for the journey done.,fun,done
"Boxes of books, a reader's fun,",A treasure trove for the young and the one.,fun,one
"Boxes of books, a reader's fun,",Treasures of tales for the journey done.,fun,done
"Boxes of books, a reader's fun,","Treasures of stories, one and one.",fun,one
"Boxes of books, a reader's fun,","Worlds to explore, one by one.",fun,one
"Boxes of books, a reader's fun,","Worlds to explore, one by one.",fun,one
"Boxes of books, a reader's fun,","Treasures await, each one undone.",fun,undone
"Boxes of books, a reader's fun,","Treasures of tales, one and all.",fun,all
"Boxes of books, a reader's fun,","Treasures of stories, one and one.",fun,one
"Boxes of books, a reader's fun,",Treasures of tales for the journey to come.,fun,come
"Boxes of books, a reader's fun,",A treasure trove for the mind to run.,fun,run
"Boxes of books, a reader's fun,",Treasures of tales for the journey to come.,fun,come
"Boxes of books, a reader's fun,",Treasure troves for the mind to run.,fun,run
"Boxes of books, a reader's fun,",Treasures of tales for the journey begun.,fun,begun
"Boxes of books, a reader's fun,",Treasure troves for the curious one.,fun,one
"Boxes of books, a reader's fun,",Treasures await for every one.,fun,one
"Boxes of books, a reader's fun,",Treasures of tales for the journey begun.,fun,begun
"Boxes of books, a reader's fun,",Whispers of worlds that never run.,fun,run
"Boxes of books, a reader's fun,",Treasures of tales that never run.,fun,run
"Boxes of books, a reader's fun,","Treasures of tales for the taking, one by one.",fun,one
"Boxes of books, a reader's fun,","Treasures of stories, one and one.",fun,one
"Boxes of books, a reader's fun,","A world of wonders, one and one.",fun,one
"Boxes of books, a reader's fun,",Treasures of tales for the journey begun.,fun,begun
"Boxes of books, a reader's fun,",Treasure troves for the curious one.,fun,one
"Boxes of books, a reader's fun,","A journey of words, one by one.",fun,one
"Boxes of books, a reader's fun,","Treasures of stories, one and one.",fun,one
"Boxes of books, a reader's fun,",Treasure troves for the mind to run.,fun,run
"Boxes of books, a reader's fun,","Treasures await, one by one.",fun,one
"Boxes of books, a reader's fun,","Treasures await, each one a sun.",fun,sun
"Boxes of books, a reader's fun,","Treasures of tales, one and all.",fun,all
"Boxes of books, a reader's fun,",Treasures of tales for the journey begun.,fun,begun
"Boxes of books, a reader's fun,",Whispers of worlds that are never done.,fun,done
"Boxes of books, a reader's fun,","Treasures await, one and all.",fun,all
"Boxes of books, a reader's fun,",Treasure troves for the mind to run.,fun,run
"Boxes of books, a reader's fun,","Worlds to explore, one by one.",fun,one
"Boxes of books, a reader's fun,","Treasures to treasure, one by one.",fun,one
"Boxes of books, a reader's fun,","Treasures await, one and all.",fun,all
"Boxes of books, a reader's fun,","Treasures to find, a journey begun.",fun,begun
"Boxes of books, a reader's fun,","Treasures of tales for the taking, one by one.",fun,one
"Boxes of books, a reader's fun,",Treasures of tales for the journey to come.,fun,come
"Boxes of books, a reader's fun,",Treasure troves for the curious one.,fun,one
"Boxes of books, a reader's fun,","A world of wonders, one by one.",fun,one
"Boxes of books, a reader's fun,","Treasures await, each one a sun.",fun,sun
"Boxes of books, a reader's fun,",Treasures of tales that will never run.,fun,run
"Boxes of books, a reader's fun,",Treasure troves for the mind to run.,fun,run
"Boxes of books, a reader's fun,","Treasures to find, one by one.",fun,one
"Boxes of books, a reader's fun,","Treasures of tales for the taking, one by one.",fun,one
"Boxes of books, a reader's fun,","Treasures of stories, one and one.",fun,one
"Boxes of books, a reader's fun,","A world of wonder, one and done.",fun,done
"Boxes of books, a reader's fun,",Treasure troves for the curious one.,fun,one
"Boxes of books, a reader's fun,",Treasure troves for the mind to run.,fun,run
"Boxes of books, a reader's fun,","Treasures to treasure, one by one.",fun,one
"Boxes of books, a reader's fun,","A world of wonder, one and done.",fun,done
"Boxes of books, a reader's fun,",Treasure troves for the young and the one.,fun,one
"Boxes of books, a reader's fun,",Treasures of tales for the journey done.,fun,done
"Boxes of books, a reader's fun,","Treasures await, one by one.",fun,one
"Boxes of books, a reader's fun,","Treasures to find, one by one.",fun,one
"Boxes of books, a reader's fun,",Treasure troves for the curious one.,fun,one
"Boxes of books, a reader's fun,","Treasures of tales, each one a sun.",fun,sun
"Boxes of books, a reader's fun,",Treasures of tales for the journey begun.,fun,begun
"Boxes of books, a reader's fun,",Treasures of tales that never run.,fun,run
"Boxes of books, a reader's fun,",Treasure troves for the curious one.,fun,one
"Boxes of books, a reader's fun,",Treasures of tales that never run.,fun,run
"Boxes of books, a reader's fun,","Treasures of tales, each one a sun.",fun,sun
"Boxes of books, a reader's fun,",Treasure troves for the curious one.,fun,one
"Boxes of books, a reader's fun,","Treasures await, one and all.",fun,all
"Boxes of books, a reader's fun,","Treasures to find, a world to run.",fun,run
"Boxes of books, a reader's fun,","Treasures to explore, one by one.",fun,one
"Boxes of books, a reader's fun,","Treasures to find, one by one.",fun,one
"Boxes of books, a reader's fun,",A treasure trove for the young and the one.,fun,one
"Boxes of books, a reader's pastime,",Treasures of tales in quiet delight.,pastime,delight
"Boxes of books, a reader's pastime,",Treasures of tales in quiet delight.,pastime,delight
"Boxes of books, a reader's pastime,",Treasures of tales in quiet delight.,pastime,delight
"Boxes of books, a reader's pastime,",Treasure troves of imagination's sublime.,pastime,sublime
"Boxes of books, a reader's pastime,",Treasures of tales in quiet delight.,pastime,delight
"Boxes of books, a reader's pastime,",Treasures of tales in quiet delight.,pastime,delight
"Boxes of books, a reader's pastime,",Treasures of tales in quiet delight.,pastime,delight
"Boxes of books, a reader's pastime,",Treasures of tales that never grow dim.,pastime,dim
"Boxes of books, a reader's pastime,",Treasures of tales in quiet delight.,pastime,delight
"Boxes of books, a reader's pastime,",Treasures of tales in quiet delight.,pastime,delight
"Boxes of books, a reader's pastime,",Treasures of tales in quiet delight.,pastime,delight
"Boxes of books, a reader's pastime,",Treasures of tales in quiet delight.,pastime,delight
"Boxes of books, a reader's pastime,",Treasures of tales in paper and time.,pastime,time
"Boxes of books, a reader's pastime,",Treasures of tales in quiet delight.,pastime,delight
"Boxes of books, a reader's pastime,","Treasures of stories, a boundless sublime.",pastime,sublime
"Boxes of books, a reader's pastime,","Treasures of stories, a boundless sublime.",pastime,sublime
"Boxes of books, a reader's pastime,",Treasures of tales that never grow dim.,pastime,dim
"Boxes of books, a reader's pastime,",Treasures of tales in quiet delight.,pastime,delight
"Boxes of books, a reader's pastime,",Treasures of tales in quiet delight.,pastime,delight
"Boxes of books, a reader's pastime,",Treasures of tales in quiet delight.,pastime,delight
"Boxes of books, a reader's pastime,",Treasures of tales in paper and time.,pastime,time
"Boxes of books, a reader's pastime,","Treasures of stories, a timeless delight.",pastime,delight
"Boxes of books, a reader's pastime,","Treasures of stories, a boundless sublime.",pastime,sublime
"Boxes of books, a reader's pastime,",Treasures of tales that forever climb.,pastime,climb
"Boxes of books, a reader's pastime,",Treasure troves of stories and rhyme.,pastime,rhyme
"Boxes of books, a reader's pastime,",Treasure troves brimming with timeless chime.,pastime,chime
"Boxes of books, a reader's pastime,",Treasures of tales in quiet delight.,pastime,delight
"Boxes of books, a reader's pastime,",Treasure troves where imagination climbs.,pastime,climbs
"Boxes of books, a reader's pastime,","Treasures of stories, a boundless sublime.",pastime,sublime
"Boxes of books, a reader's pastime,",Treasures of tales in quiet delight.,pastime,delight
"Boxes of books, a reader's pastime,",Treasures of tales that never grow tame.,pastime,tame
"Boxes of books, a reader's pastime,",Treasures of tales in quiet delight.,pastime,delight
"Boxes of books, a reader's pastime,",Treasures of tales in quiet delight.,pastime,delight
"Boxes of books, a reader's pastime,",Treasures of tales in quiet delight.,pastime,delight
"Boxes of books, a reader's pastime,",Treasure troves brimming with timeless chime.,pastime,chime
"Boxes of books, a reader's pastime,",Treasures of tales that forever entwine.,pastime,entwine
"Boxes of books, a reader's pastime,",Treasures of tales in quiet delight.,pastime,delight
"Boxes of books, a reader's pastime,",Treasures of tales in quiet delight.,pastime,delight
"Boxes of books, a reader's pastime,",Treasures of tales in quiet delight.,pastime,delight
"Boxes of books, a reader's pastime,",Treasures of tales in quiet delight.,pastime,delight
"Boxes of books, a reader's pastime,",Treasures of tales in quiet delight.,pastime,delight
"Boxes of books, a reader's pastime,",Treasures of tales in quiet delight.,pastime,delight
"Boxes of books, a reader's pastime,","Treasures of tales, a boundless sublime.",pastime,sublime
"Boxes of books, a reader's pastime,",Treasures of tales in quiet delight.,pastime,delight
"Boxes of books, a reader's pastime,",Treasures of tales in quiet delight.,pastime,delight
"Boxes of books, a reader's pastime,",Treasures of tales in quiet delight.,pastime,delight
"Boxes of books, a reader's pastime,","Treasures of tales, a boundless sublime.",pastime,sublime
"Boxes of books, a reader's pastime,",Treasure troves where imagination chimes.,pastime,chimes
"Boxes of books, a reader's pastime,",Treasure troves filled with knowledge and rhyme.,pastime,rhyme
"Boxes of books, a reader's pastime,",Treasure troves brimming with knowledge and rhyme.,pastime,rhyme
"Boxes of books, a reader's pastime,",Treasure troves where imagination climbs.,pastime,climbs
"Boxes of books, a reader's pastime,",Treasures of tales in quiet delight.,pastime,delight
"Boxes of books, a reader's pastime,",Treasures of tales in quiet delight.,pastime,delight
"Boxes of books, a reader's pastime,",Treasures of tales in quiet delight.,pastime,delight
"Boxes of books, a reader's pastime,",Treasures of tales in quiet delight.,pastime,delight
"Boxes of books, a reader's pastime,",Treasures of tales in quiet delight.,pastime,delight
"Boxes of books, a reader's pastime,",Treasures of tales in quiet delight.,pastime,delight
"Boxes of books, a reader's pastime,",Treasures of tales in quiet delight.,pastime,delight
"Boxes of books, a reader's pastime,",Treasure troves where imagination climbs.,pastime,climbs
"Boxes of books, a reader's pastime,",Treasures of tales in quiet delight.,pastime,delight
"Boxes of books, a reader's pastime,",Treasures of tales in paper and rhyme.,pastime,rhyme
"Boxes of books, a reader's pastime,","Treasures of stories, a boundless sublime.",pastime,sublime
"Boxes of books, a reader's pastime,",Treasures of tales in quiet delight.,pastime,delight
"Boxes of books, a reader's pastime,",Treasure troves brimming with timeless chime.,pastime,chime
"Boxes of books, a reader's pastime,",Treasures of tales in paper and rhyme.,pastime,rhyme
"Boxes of books, a reader's pastime,",Treasure troves filled with knowledge and rhyme.,pastime,rhyme
"Boxes of books, a reader's pastime,",Treasures of tales in quiet delight.,pastime,delight
"Boxes of books, a reader's pastime,",Treasures of tales in quiet delight.,pastime,delight
"Boxes of books, a reader's pastime,","Treasures of tales, a timeless sublime.",pastime,sublime
"Boxes of books, a reader's pastime,","Treasures of stories, a boundless sublime.",pastime,sublime
"Boxes of books, a reader's pastime,",Treasures of tales in quiet delight.,pastime,delight
"Boxes of books, a reader's pastime,",Treasures of tales in quiet delight.,pastime,delight
"Boxes of books, a reader's pastime,",Treasures of tales in quiet delight.,pastime,delight
"Boxes of books, a reader's pastime,",Treasures of tales that will always be sublime.,pastime,sublime
"Boxes of books, a reader's pastime,",Treasures of tales in quiet delight.,pastime,delight
"Boxes of books, a reader's pastime,",Treasures of tales that forever entwine.,pastime,entwine
"Boxes of books, a reader's pastime,",Treasures of tales in quiet delight.,pastime,delight
"Boxes of books, a reader's pastime,",Treasure troves where imagination climbs.,pastime,climbs
"Boxes of books, a reader's pastime,",Treasures of tales in quiet delight.,pastime,delight
"Boxes of books, a reader's pastime,",Treasure troves brimming with knowledge and chime.,pastime,chime
"Boxes of books, a reader's pastime,",Treasures of tales in quiet delight.,pastime,delight
"Boxes of books, a reader's pastime,",Treasure and tales in each page's chime.,pastime,chime
"Boxes of books, a reader's pastime,",Treasure troves of dreams and rhyme.,pastime,rhyme
"Boxes of books, a reader's pastime,",Treasure troves where imagination climbs.,pastime,climbs
"Boxes of books, a reader's pastime,",Treasures of tales in quiet delight.,pastime,delight
"Boxes of books, a reader's pastime,","Treasures of stories, a lifelong delight.",pastime,delight
"Boxes of books, a reader's pastime,",Treasures of tales in quiet delight.,pastime,delight
"Boxes of books, a reader's pastime,",Treasures of tales in quiet delight.,pastime,delight
"Boxes of books, a reader's pastime,",Treasures of tales in quiet delight.,pastime,delight
"Boxes of books, a reader's pastime,",Treasure troves filled with imagination.,pastime,imagination
"Boxes of books, a reader's pastime,",Treasures of tales in quiet delight.,pastime,delight
"Boxes of books, a reader's pastime,",Treasures of tales in quiet delight.,pastime,delight
"Boxes of books, a reader's pastime,",Treasures of tales in quiet delight.,pastime,delight
"Boxes of books, a reader's pastime,",Treasures of tales in quiet delight.,pastime,delight
"Boxes of books, a reader's pastime,","Treasures of tales, a boundless delight.",pastime,delight
"Boxes of books, a reader's pastime,",Treasures of tales in quiet delight.,pastime,delight
"Boxes of books, a reader's pastime,",Treasure troves of joy and sublime.,pastime,sublime
"Boxes of books, a reader's pastime,",Treasures of tales in quiet delight.,pastime,delight
"Boxes of books, a reader's pastime,",Treasure troves filled with wisdom and rhyme.,pastime,rhyme
"Boxes of books, a reader's pastime,",Treasures of tales in quiet delight.,pastime,delight
"Boxes of books, a reader's pastime,","Treasures of stories, a boundless sublime.",pastime,sublime
"Boxes of books, a reader's pastime,",Treasures of tales in quiet delight.,pastime,delight
"Boxes of books, a reader's pastime,",Treasures of tales that never grow dim.,pastime,dim
"Boxes of books, a reader's pastime,",Treasures of tales in quiet delight.,pastime,delight
"Boxes of books, a reader's pastime,",Treasures of tales in quiet delight.,pastime,delight
"Boxes of books, a reader's pastime,",Treasures of tales in quiet delight.,pastime,delight
"Boxes of books, a reader's pastime,",Treasure troves filled with wisdom and rhyme.,pastime,rhyme
"Boxes of books, a reader's pastime,",Treasure troves brimming with infinite chime.,pastime,chime
"Boxes of books, a reader's pastime,",Treasures of tales in quiet delight.,pastime,delight
"Boxes of books, a reader's pastime,",Treasures of tales in quiet delight.,pastime,delight
"Boxes of books, a reader's pastime,",Treasure troves brimming with knowledge and rhyme.,pastime,rhyme
"Boxes of books, a reader's pastime,",Treasures of tales in quiet delight.,pastime,delight
"Boxes of books, a reader's pastime,",Treasures of tales in quiet delight.,pastime,delight
"Boxes of books, a reader's pastime,",Treasures of tales in quiet delight.,pastime,delight
"Boxes of books, a reader's pastime,",Treasures of tales in quiet delight.,pastime,delight
"Boxes of books, a reader's pastime,",Treasures of tales in paper and time.,pastime,time
"Boxes of books, a reader's pastime,","Treasures of stories, a boundless sublime.",pastime,sublime
"Boxes of books, a reader's pastime,","Treasures of tales, a boundless sublime.",pastime,sublime
"Boxes of books, a reader's pastime,",Treasures of tales in quiet delight.,pastime,delight
"Boxes of books, a reader's pastime,",Treasures of tales in quiet delight.,pastime,delight
"Boxes of books, a reader's pastime,",Treasure troves filled with wisdom and rhyme.,pastime,rhyme
"Boxes of books, a reader's pastime,",Treasure troves filled with knowledge and chime.,pastime,chime
"Boxes of books, a reader's pastime,",Treasures of tales in quiet delight.,pastime,delight
"Boxes of books, a reader's pastime,",Treasure troves brimming with boundless sublime.,pastime,sublime
"Boxes of books, a reader's pastime,",Treasures of tales in quiet delight.,pastime,delight
"Boxes of books, a reader's pastime,",Treasures of tales that ignite the imagination.,pastime,imagination
"Boxes of books, a reader's pastime,",Treasure troves brimming with timeless chime.,pastime,chime
"Boxes of books, a reader's pastime,",Treasures of tales in quiet delight.,pastime,delight
"Boxes of books, a reader's pastime,",Treasure troves of dreams and rhyme.,pastime,rhyme
"Boxes of books, a reader's pastime,",Treasures of tales in quiet delight.,pastime,delight
"Boxes of books, a reader's pastime,",Treasures of tales that fill the mind with sublime.,pastime,sublime
"Boxes of books, a reader's pastime,",Treasures of tales in quiet delight.,pastime,delight
"Boxes of books, a reader's pastime,",Treasures of tales that never lose their charm.,pastime,charm
"Boxes of books, a reader's pastime,",Treasures of tales in quiet delight.,pastime,delight
"Boxes of books, a reader's pastime,","Treasures of stories, a boundless sublime.",pastime,sublime
"Boxes of books, a reader's pastime,",Treasures of tales in paper and time.,pastime,time
"Boxes of books, a reader's pastime,",Treasure troves of dreams and sublime.,pastime,sublime
"Boxes of books, a reader's pastime,",Treasures of tales that never grow dim.,pastime,dim
"Boxes of books, a reader's pastime,",Treasures of tales in quiet delight.,pastime,delight
"Boxes of books, a reader's pastime,",Treasures of tales in quiet delight.,pastime,delight
"Boxes of books, a reader's pastime,",Treasures of tales in quiet delight.,pastime,delight
"Boxes of books, a reader's pastime,",Treasures of tales in quiet delight.,pastime,delight
"Boxes of books, a reader's pastime,",Treasures of tales in quiet delight.,pastime,delight
"Boxes of books, a reader's pastime,",Treasure troves filled with imagination.,pastime,imagination
"Boxes of books, a reader's pastime,",Treasures of tales that never grow dim.,pastime,dim
"Boxes of books, a reader's pastime,",Treasures of tales in quiet delight.,pastime,delight
"Boxes of books, a reader's pastime,",Treasures of tales in quiet delight.,pastime,delight
"Boxes of books, a reader's pastime,",Treasures of tales that forever entwine.,pastime,entwine
"Boxes of books, a reader's pastime,",Treasures of tales in quiet delight.,pastime,delight
"Boxes of books, a reader's pastime,",Treasures of tales in quiet delight.,pastime,delight
"Boxes of books, a reader's pastime,",Treasures of tales in quiet delight.,pastime,delight
"Boxes of books, a reader's pastime,",Treasures of tales in quiet delight.,pastime,delight
"Boxes of books, a reader's pastime,","Treasures of tales, a boundless sublime.",pastime,sublime
"Boxes of books, a reader's pastime,",Treasure troves filled with boundless delight.,pastime,delight
"Boxes of books, a reader's pastime,",Treasure troves filled with wonder and rhyme.,pastime,rhyme
"Boxes of books, a reader's pastime,",Treasures of tales in quiet delight.,pastime,delight
"Boxes of books, a reader's pastime,",Treasures of tales in quiet delight.,pastime,delight
"Boxes of books, a reader's pastime,","Treasures of stories, a boundless sublime.",pastime,sublime
"Boxes of books, a reader's pastime,",Treasures of tales in quiet delight.,pastime,delight
"Boxes of books, a reader's pastime,","Treasures of tales, a boundless sublime.",pastime,sublime
"Boxes of books, a reader's pastime,",Treasures of tales in quiet delight.,pastime,delight
"Boxes of books, a reader's pastime,",Treasure troves filled with boundless charm.,pastime,charm
"Boxes of books, a reader's pastime,",Treasure troves of knowledge and rhyme.,pastime,rhyme
"Boxes of books, a reader's pastime,",Treasures of tales in quiet delight.,pastime,delight
"Boxes of books, a reader's pastime,",Treasure troves where imagination climbs.,pastime,climbs
"Boxes of books, a reader's pastime,",Treasures of tales in quiet delight.,pastime,delight
"Boxes of books, a reader's pastime,",Treasure troves of joy and sublime.,pastime,sublime
"Boxes of books, a reader's pastime,",Treasures of tales that never grow stale.,pastime,stale
"Boxes of books, a reader's pastime,",Treasures of tales in quiet delight.,pastime,delight
"Boxes of books, a reader's pastime,",Treasures of tales in quiet delight.,pastime,delight
"Boxes of books, a reader's pastime,",Treasures of tales in quiet delight.,pastime,delight
"Boxes of books, a reader's pastime,","Treasures of stories, a boundless sublime.",pastime,sublime
"Boxes of books, a reader's pastime,",Treasures of tales in quiet delight.,pastime,delight
"Boxes of books, a reader's pastime,",Treasures of tales in quiet delight.,pastime,delight
"Boxes of books, a reader's pastime,",Treasures of tales in quiet delight.,pastime,delight
"Boxes of books, a reader's pastime,","Treasures of tales, a boundless sublime.",pastime,sublime
"Boxes of books, a reader's pastime,",Treasures of tales in paper and rhyme.,pastime,rhyme
"Boxes of books, a reader's pastime,",Treasure troves filled with endless chime.,pastime,chime
"Boxes of books, a reader's pastime,",Treasures of tales in quiet delight.,pastime,delight
"Boxes of books, a reader's pastime,",Treasures of tales in quiet delight.,pastime,delight
"Boxes of books, a reader's pastime,",Treasure troves where imagination climbs.,pastime,climbs
"Boxes of books, a reader's pastime,",Treasure troves filled with boundless charm.,pastime,charm
"Boxes of books, a reader's pastime,",Treasures of tales in quiet delight.,pastime,delight
"Boxes of books, a reader's pastime,",Treasures of tales in quiet delight.,pastime,delight
"Boxes of books, a reader's pastime,",Treasures of tales in quiet delight.,pastime,delight
"Boxes of books, a reader's pastime,",Treasures of tales in quiet delight.,pastime,delight
"Boxes of books, a reader's pastime,","Treasures of stories, a timeless sublime.",pastime,sublime
"Boxes of books, a reader's pastime,",Treasures of tales in paper and time.,pastime,time
"Boxes of books, a reader's pastime,","Treasures of tales, a boundless sublime.",pastime,sublime
"Boxes of books, a reader's pastime,",Treasures of tales in quiet delight.,pastime,delight
"Boxes of books, a reader's pastime,",Treasures of tales in quiet delight.,pastime,delight
"Boxes of books, a reader's pastime,",Treasures of tales in quiet delight.,pastime,delight
"Boxes of books, a reader's pastime,",Treasures of tales in quiet delight.,pastime,delight
"Boxes of books, a reader's pastime,",Treasure troves filled with imagination.,pastime,imagination
"Boxes of books, a reader's pastime,",Treasures of tales in quiet delight.,pastime,delight
"Boxes of books, a reader's pastime,","Treasures of stories, a boundless sublime.",pastime,sublime
"Boxes of books, a reader's pastime,",Treasures of tales in quiet delight.,pastime,delight
"Boxes of books, a reader's pastime,",Treasures of tales in quiet delight.,pastime,delight
"Boxes of books, a reader's pastime,",Treasure troves filled with infinite rhyme.,pastime,rhyme
"Boxes of books, a reader's pastime,",Treasures of tales in quiet delight.,pastime,delight
"Boxes of books, a reader's diversion,",Whispers of worlds in each page's devotion.,diversion,devotion
"Boxes of books, a reader's diversion,",Treasure troves waiting for inspiration.,diversion,inspiration
"Boxes of books, a reader's diversion,",Treasure troves waiting to be discovered.,diversion,discovered
"Boxes of books, a reader's diversion,",Whispers of worlds in each page's devotion.,diversion,devotion
"Boxes of books, a reader's diversion,",Treasure troves waiting for inspiration.,diversion,inspiration
"Boxes of books, a reader's diversion,","Mysteries wait, each tale a diversion.",diversion,diversion
"Boxes of books, a reader's diversion,",Treasures of tales in quiet devotion.,diversion,devotion
"Boxes of books, a reader's diversion,",Treasure troves waiting for imagination's direction.,diversion,direction
"Boxes of books, a reader's diversion,",Whispers of worlds in each quiet edition.,diversion,edition
"Boxes of books, a reader's diversion,",Whispers of worlds in each page's devotion.,diversion,devotion
"Boxes of books, a reader's diversion,",Whispers of worlds in each page's devotion.,diversion,devotion
"Boxes of books, a reader's diversion,",Mysteries unfold with each new vision.,diversion,vision
"Boxes of books, a reader's diversion,",Whispers of worlds in each page's direction.,diversion,direction
"Boxes of books, a reader's diversion,",Mysteries unfold with each new revision.,diversion,revision
"Boxes of books, a reader's diversion,","Mysteries, tales, and inspiration.",diversion,inspiration
"Boxes of books, a reader's diversion,",Whispers of worlds in each page's devotion.,diversion,devotion
"Boxes of books, a reader's diversion,",Whispers of worlds in each paper division.,diversion,division
"Boxes of books, a reader's diversion,",Whispers of worlds in each page's devotion.,diversion,devotion
"Boxes of books, a reader's diversion,",Whispers of worlds in each page's devotion.,diversion,devotion
"Boxes of books, a reader's diversion,",Whispers of worlds in each page's narration.,diversion,narration
"Boxes of books, a reader's diversion,",Whispers of worlds in each page's devotion.,diversion,devotion
"Boxes of books, a reader's diversion,",Whispers of worlds in each page's devotion.,diversion,devotion
"Boxes of books, a reader's diversion,",Whispers of worlds in each page's devotion.,diversion,devotion
"Boxes of books, a reader's diversion,",Mysteries unfold with each new vision.,diversion,vision
"Boxes of books, a reader's diversion,","Mysteries wait, each page a new direction.",diversion,direction
"Boxes of books, a reader's diversion,",Mysteries wait with every new version.,diversion,version
"Boxes of books, a reader's diversion,",Whispers of worlds in each page's devotion.,diversion,devotion
"Boxes of books, a reader's diversion,","Mysteries wait, each page a new direction.",diversion,direction
"Boxes of books, a reader's diversion,",Mysteries unfold with each new revision.,diversion,revision
"Boxes of books, a reader's diversion,",Mysteries unfold with each new diversion.,diversion,diversion
"Boxes of books, a reader's diversion,",Mysteries unfold with each new narration.,diversion,narration
"Boxes of books, a reader's diversion,",Whispers of worlds in each page's devotion.,diversion,devotion
"Boxes of books, a reader's diversion,",Treasures of tales in quiet persuasion.,diversion,persuasion
"Boxes of books, a reader's diversion,",Treasure troves waiting for imagination.,diversion,imagination
"Boxes of books, a reader's diversion,",Mysteries unfold with each new revision.,diversion,revision
"Boxes of books, a reader's diversion,",Whispers of worlds in each page's devotion.,diversion,devotion
"Boxes of books, a reader's diversion,",Whispers of worlds in each page's devotion.,diversion,devotion
"Boxes of books, a reader's diversion,",Whispers of worlds in each page's devotion.,diversion,devotion
"Boxes of books, a reader's diversion,",Treasures of tales in quiet devotion.,diversion,devotion
"Boxes of books, a reader's diversion,",Mysteries unfold with each new revision.,diversion,revision
"Boxes of books, a reader's diversion,",Treasure troves waiting to be adored.,diversion,adored
"Boxes of books, a reader's diversion,",Whispers of worlds in each page's devotion.,diversion,devotion
"Boxes of books, a reader's diversion,",Treasures of tales in quiet devotion.,diversion,devotion
"Boxes of books, a reader's diversion,",Whispers of worlds in each page's devotion.,diversion,devotion
"Boxes of books, a reader's diversion,","Mysteries, tales, and adventure's devotion.",diversion,devotion
"Boxes of books, a reader's diversion,",Treasure troves waiting for exploration.,diversion,exploration
"Boxes of books, a reader's diversion,",Treasures of tales in quiet devotion.,diversion,devotion
"Boxes of books, a reader's diversion,",Whispers of worlds in each page's devotion.,diversion,devotion
"Boxes of books, a reader's diversion,","Mysteries wait, each page a new diversion.",diversion,diversion
"Boxes of books, a reader's diversion,","Mysteries, tales, and inspiration.",diversion,inspiration
"Boxes of books, a reader's diversion,","Mysteries wait, each page a new vision.",diversion,vision
"Boxes of books, a reader's diversion,",Whispers of worlds in each page's narration.,diversion,narration
"Boxes of books, a reader's diversion,",Mysteries unfold with each new conversion.,diversion,conversion
"Boxes of books, a reader's diversion,",Mysteries unfold with each new revision.,diversion,revision
"Boxes of books, a reader's diversion,","Whispers of stories, a world's persuasion.",diversion,persuasion
"Boxes of books, a reader's diversion,",Treasure troves where imagination is driven.,diversion,driven
"Boxes of books, a reader's diversion,",Whispers of worlds in each page's devotion.,diversion,devotion
"Boxes of books, a reader's diversion,",Whispers of worlds in each page's devotion.,diversion,devotion
"Boxes of books, a reader's diversion,",Treasure troves waiting to be discerned.,diversion,discerned
"Boxes of books, a reader's diversion,","Mysteries wait, each page a new vision.",diversion,vision
"Boxes of books, a reader's diversion,","Mysteries wait, each page a new vision.",diversion,vision
"Boxes of books, a reader's diversion,",Whispers of worlds in each page's devotion.,diversion,devotion
"Boxes of books, a reader's diversion,",Whispers of worlds in quiet persuasion.,diversion,persuasion
"Boxes of books, a reader's diversion,",Whispers of worlds in each page's devotion.,diversion,devotion
"Boxes of books, a reader's diversion,","Mysteries, tales, and quiet persuasion.",diversion,persuasion
"Boxes of books, a reader's diversion,",Treasure troves waiting to be adored.,diversion,adored
"Boxes of books, a reader's diversion,","Mysteries wait, each page a new direction.",diversion,direction
"Boxes of books, a reader's diversion,",Whispers of worlds in each page's devotion.,diversion,devotion
"Boxes of books, a reader's diversion,",Whispers of worlds in each page's direction.,diversion,direction
"Boxes of books, a reader's diversion,",Mysteries unfold with each new revision.,diversion,revision
"Boxes of books, a reader's diversion,","Mysteries wait, each page a new diversion.",diversion,diversion
"Boxes of books, a reader's diversion,","Whispers of stories, a world's illumination.",diversion,illumination
"Boxes of books, a reader's diversion,",Whispers of worlds in each page's devotion.,diversion,devotion
"Boxes of books, a reader's diversion,",Whispers of worlds in each page's devotion.,diversion,devotion
"Boxes of books, a reader's diversion,",Whispers of worlds in quiet persuasion.,diversion,persuasion
"Boxes of books, a reader's diversion,",Whispers of worlds in each page's devotion.,diversion,devotion
"Boxes of books, a reader's diversion,",Whispers of worlds in each page's devotion.,diversion,devotion
"Boxes of books, a reader's diversion,",Treasure troves waiting for inspiration.,diversion,inspiration
"Boxes of books, a reader's diversion,",Treasure troves waiting for imagination.,diversion,imagination
"Boxes of books, a reader's diversion,",Treasures of tales in quiet devotion.,diversion,devotion
"Boxes of books, a reader's diversion,",Mysteries unfold with each new invention.,diversion,invention
"Boxes of books, a reader's diversion,",Whispers of worlds in each page's devotion.,diversion,devotion
"Boxes of books, a reader's diversion,","Mysteries, dreams, and adventures in motion.",diversion,motion
"Boxes of books, a reader's diversion,",Treasure troves waiting to be adoration.,diversion,adoration
"Boxes of books, a reader's diversion,",Whispers of worlds in each page's devotion.,diversion,devotion
"Boxes of books, a reader's diversion,",Whispers of worlds in each page's devotion.,diversion,devotion
"Boxes of books, a reader's diversion,",Whispers of worlds in each page's direction.,diversion,direction
"Boxes of books, a reader's diversion,",Treasure troves waiting to be adoration.,diversion,adoration
"Boxes of books, a reader's diversion,",Treasure troves waiting to be adored.,diversion,adored
"Boxes of books, a reader's diversion,",Treasures of tales in quiet devotion.,diversion,devotion
"Boxes of books, a reader's diversion,",Whispers of worlds in each page's devotion.,diversion,devotion
"Boxes of books, a reader's diversion,","Mysteries wait, each page a new direction.",diversion,direction
"Boxes of books, a reader's diversion,",Whispers of worlds in each page's devotion.,diversion,devotion
"Boxes of books, a reader's diversion,",Whispers of worlds in each page's devotion.,diversion,devotion
"Boxes of books, a reader's diversion,",Whispers of worlds in each page's devotion.,diversion,devotion
"Boxes of books, a reader's diversion,",Treasure troves waiting to be adored.,diversion,adored
"Boxes of books, a reader's diversion,",Treasure troves for the imagination's vision.,diversion,vision
"Boxes of books, a reader's diversion,",Whispers of stories that forever inspire.,diversion,inspire
"Boxes of books, a reader's diversion,",Treasure troves waiting for inspiration.,diversion,inspiration
"Boxes of books, a reader's diversion,","Mysteries, tales, and imagination's conversion.",diversion,conversion
"Boxes of books, a reader's diversion,",Mysteries wait with every new vision.,diversion,vision
"Boxes of books, a reader's diversion,",Whispers of worlds in each page's devotion.,diversion,devotion
"Boxes of books, a reader's diversion,",Whispers of worlds in quiet persuasion.,diversion,persuasion
"Boxes of books, a reader's diversion,",Whispers of worlds in each paper persuasion.,diversion,persuasion
"Boxes of books, a reader's diversion,",Whispers of worlds in each paper division.,diversion,division
"Boxes of books, a reader's diversion,","Mysteries wait, each page a new vision.",diversion,vision
"Boxes of books, a reader's diversion,",Mysteries unfold with each new version.,diversion,version
"Boxes of books, a reader's diversion,","Mysteries, tales, and knowledge in fusion.",diversion,fusion
"Boxes of books, a reader's diversion,",Whispers of worlds in each page's devotion.,diversion,devotion
"Boxes of books, a reader's diversion,","Mysteries wait, each page a new vision.",diversion,vision
"Boxes of books, a reader's diversion,",Whispers of worlds in each page's devotion.,diversion,devotion
"Boxes of books, a reader's diversion,",Whispers of worlds in each page's devotion.,diversion,devotion
"Boxes of books, a reader's diversion,",Treasure troves waiting for inspiration.,diversion,inspiration
"Boxes of books, a reader's diversion,",Whispers of worlds in each page's narration.,diversion,narration
"Boxes of books, a reader's diversion,",Whispers of worlds in each page's devotion.,diversion,devotion
"Boxes of books, a reader's diversion,","Mysteries wait, each page a new vision.",diversion,vision
"Boxes of books, a reader's diversion,",Whispers of worlds in each page's devotion.,diversion,devotion
"Boxes of books, a reader's diversion,",Mysteries unfold with each new conversion.,diversion,conversion
"Boxes of books, a reader's diversion,",Treasure troves waiting for inspiration.,diversion,inspiration
"Boxes of books, a reader's diversion,",Whispers of worlds in each page's devotion.,diversion,devotion
"Boxes of books, a reader's diversion,",Whispers of worlds in each page's devotion.,diversion,devotion
"Boxes of books, a reader's diversion,",Whispers of worlds in each page's devotion.,diversion,devotion
"Boxes of books, a reader's diversion,",Treasure troves waiting for imagination.,diversion,imagination
"Boxes of books, a reader's diversion,",Whispers of worlds in each page's devotion.,diversion,devotion
"Boxes of books, a reader's diversion,","Mysteries wait, each page a new vision.",diversion,vision
"Boxes of books, a reader's diversion,",Whispers of worlds in each paper division.,diversion,division
"Boxes of books, a reader's diversion,",Whispers of worlds in quiet devotion.,diversion,devotion
"Boxes of books, a reader's diversion,",Treasure troves waiting to be adored.,diversion,adored
"Boxes of books, a reader's diversion,","Mysteries, tales, and worlds of devotion.",diversion,devotion
"Boxes of books, a reader's diversion,",Whispers of worlds in each page's devotion.,diversion,devotion
"Boxes of books, a reader's diversion,",Mysteries unfold with each new vision.,diversion,vision
"Boxes of books, a reader's diversion,",Treasure troves waiting for inspiration.,diversion,inspiration
"Boxes of books, a reader's diversion,","Mysteries, tales, and knowledge in motion.",diversion,motion
"Boxes of books, a reader's diversion,",Treasures of tales that inspire and enrich.,diversion,enrich
"Boxes of books, a reader's diversion,",Treasure troves waiting to be adored.,diversion,adored
"Boxes of books, a reader's diversion,",Whispers of worlds in each page's devotion.,diversion,devotion
"Boxes of books, a reader's diversion,",Whispers of worlds in each page's devotion.,diversion,devotion
"Boxes of books, a reader's diversion,",Whispers of worlds in each quiet turn.,diversion,turn
"Boxes of books, a reader's diversion,",Treasures of tales in quiet confusion.,diversion,confusion
"Boxes of books, a reader's diversion,",Whispers of worlds in each page's devotion.,diversion,devotion
"Boxes of books, a reader's diversion,",Whispers of worlds in each page's diversion.,diversion,diversion
"Boxes of books, a reader's diversion,",Whispers of worlds in each page's devotion.,diversion,devotion
"Boxes of books, a reader's diversion,",Treasure troves where imagination's in motion.,diversion,motion
"Boxes of books, a reader's diversion,","Mysteries, tales, and imagination's devotion.",diversion,devotion
"Boxes of books, a reader's diversion,",Treasure troves waiting to be adored.,diversion,adored
"Boxes of books, a reader's diversion,",Treasure troves waiting for inspiration.,diversion,inspiration
"Boxes of books, a reader's diversion,",Whispers of worlds in each page's devotion.,diversion,devotion
"Boxes of books, a reader's diversion,",Treasure troves waiting for inspiration.,diversion,inspiration
"Boxes of books, a reader's diversion,",Mysteries unfold with each new revision.,diversion,revision
"Boxes of books, a reader's diversion,","Mysteries wait, each story a vision.",diversion,vision
"Boxes of books, a reader's diversion,",Whispers of worlds in each page's devotion.,diversion,devotion
"Boxes of books, a reader's diversion,",Whispers of worlds in each page's devotion.,diversion,devotion
"Boxes of books, a reader's diversion,",Treasure troves waiting for inspiration.,diversion,inspiration
"Boxes of books, a reader's diversion,",Whispers of worlds in each page's devotion.,diversion,devotion
"Boxes of books, a reader's diversion,","Mysteries, dreams, and adventures in motion.",diversion,motion
"Boxes of books, a reader's diversion,",Treasures of tales in quiet devotion.,diversion,devotion
"Boxes of books, a reader's diversion,",Whispers of worlds in each page's devotion.,diversion,devotion
"Boxes of books, a reader's diversion,",Whispers of worlds in each page's devotion.,diversion,devotion
"Boxes of books, a reader's diversion,","Mysteries wait, each page a new devotion.",diversion,devotion
"Boxes of books, a reader's diversion,",Whispers of worlds in each page's devotion.,diversion,devotion
"Boxes of books, a reader's diversion,","Mysteries wait, each page a new vision.",diversion,vision
"Boxes of books, a reader's diversion,","Mysteries wait, each page a new vision.",diversion,vision
"Boxes of books, a reader's diversion,",Mysteries unfold with each new diversion.,diversion,diversion
"Boxes of books, a reader's diversion,",Mysteries unfold with each new diversion.,diversion,diversion
"Boxes of books, a reader's diversion,","Treasure troves waiting, no need for confusion.",diversion,confusion
"Boxes of books, a reader's diversion,",Treasures of tales that imagination adores.,diversion,adores
"Boxes of books, a reader's diversion,",Whispers of worlds in each page's devotion.,diversion,devotion
"Boxes of books, a reader's diversion,",Mysteries unfold with each new diversion.,diversion,diversion
"Boxes of books, a reader's diversion,",Whispers of worlds in each page's devotion.,diversion,devotion
"Boxes of books, a reader's diversion,",Whispers of worlds in each page's devotion.,diversion,devotion
"Boxes of books, a reader's diversion,",Treasure troves waiting to be adored.,diversion,adored
"Boxes of books, a reader's diversion,","Mysteries wait, each tale a new conversion.",diversion,conversion
"Boxes of books, a reader's diversion,",Whispers of worlds in each page's devotion.,diversion,devotion
"Boxes of books, a reader's diversion,","Mysteries wait, each page a new version.",diversion,version
"Boxes of books, a reader's diversion,","Mysteries, tales, and dreams in rotation.",diversion,rotation
"Boxes of books, a reader's diversion,",Whispers of worlds in quiet devotion.,diversion,devotion
"Boxes of books, a reader's diversion,",Whispers of worlds in each page's devotion.,diversion,devotion
"Boxes of books, a reader's diversion,",Whispers of worlds in each page's devotion.,diversion,devotion
"Boxes of books, a reader's diversion,","Mysteries wait, each page a new vision.",diversion,vision
"Boxes of books, a reader's diversion,","Mysteries wait, each page a new vision.",diversion,vision
"Boxes of books, a reader's diversion,",Whispers of worlds in each page's devotion.,diversion,devotion
"Boxes of books, a reader's diversion,","Mysteries, tales, and knowledge in rotation.",diversion,rotation
"Boxes of books, a reader's diversion,",Whispers of worlds in each page's revision.,diversion,revision
"Boxes of books, a reader's diversion,",Mysteries unfold with each new edition.,diversion,edition
"Boxes of books, a reader's diversion,",Whispers of worlds in each page's persuasion.,diversion,persuasion
"Boxes of books, a reader's diversion,",Whispers of worlds in each page's devotion.,diversion,devotion
"Boxes of books, a reader's diversion,",Whispers of worlds in each page's devotion.,diversion,devotion
"Boxes of books, a reader's diversion,",Treasure troves waiting to be adored.,diversion,adored
"Boxes of books, a reader's diversion,",Treasure troves waiting to be adored.,diversion,adored
"Boxes of books, a reader's diversion,",Treasure troves waiting to be adoration.,diversion,adoration
"Boxes of books, a reader's diversion,",Treasure troves waiting to be discovered.,diversion,discovered
"Boxes of books, a reader's diversion,",Mysteries unfold with each new vision.,diversion,vision
"Boxes of books, a reader's diversion,",Mysteries unfold with each new edition.,diversion,edition
"Boxes of books, a reader's diversion,","Mysteries wait, each page a new direction.",diversion,direction
"Boxes of books, a reader's diversion,",Mysteries unfold with each new conversion.,diversion,conversion
"Boxes of books, a reader's diversion,",Whispers of worlds in each page's devotion.,diversion,devotion
"Boxes of books, a reader's diversion,","Mysteries, tales, and adventures in vision.",diversion,vision
"Boxes of books, a reader's diversion,","Mysteries wait, each story a vision.",diversion,vision
"Boxes of books, a reader's diversion,",Whispers of worlds in each page's direction.,diversion,direction
"Boxes of books, a reader's diversion,",Mysteries unfold with each new vision.,diversion,vision
"Boxes of books, a reader's pleasure,","Treasures of tales, a boundless treasure.",pleasure,treasure
"Boxes of books, a reader's pleasure,",Treasures of tales that bring us closer.,pleasure,closer
"Boxes of books, a reader's pleasure,",Treasures of tales that forever endure.,pleasure,endure
"Boxes of books, a reader's pleasure,","Treasures of tales, a boundless treasure.",pleasure,treasure
"Boxes of books, a reader's pleasure,",Treasure troves waiting to be embraced.,pleasure,embraced
"Boxes of books, a reader's pleasure,",Treasures of tales that forever endure.,pleasure,endure
"Boxes of books, a reader's pleasure,",Treasures of tales that never cease.,pleasure,cease
"Boxes of books, a reader's pleasure,",Treasure troves waiting to be addressed.,pleasure,addressed
"Boxes of books, a reader's pleasure,",Treasure troves waiting to be embraced.,pleasure,embraced
"Boxes of books, a reader's pleasure,","Treasures of tales, a boundless treasure.",pleasure,treasure
"Boxes of books, a reader's pleasure,","Treasures of stories, a boundless treasure.",pleasure,treasure
"Boxes of books, a reader's pleasure,","Treasures of stories, a boundless treasure.",pleasure,treasure
"Boxes of books, a reader's pleasure,","Mysteries wait, no need to fear.",pleasure,fear
"Boxes of books, a reader's pleasure,",Treasures of tales that bring us closer.,pleasure,closer
"Boxes of books, a reader's pleasure,",Treasure troves waiting to be embraced.,pleasure,embraced
"Boxes of books, a reader's pleasure,",Treasures of tales that never cease.,pleasure,cease
"Boxes of books, a reader's pleasure,","Whispers of stories, a boundless treasure.",pleasure,treasure
"Boxes of books, a reader's pleasure,","Treasures of tales, a boundless treasure.",pleasure,treasure
"Boxes of books, a reader's pleasure,",Treasures of tales that bring us closer.,pleasure,closer
"Boxes of books, a reader's pleasure,",Treasures of tales that bring us closer.,pleasure,closer
"Boxes of books, a reader's pleasure,",Treasures of tales that bring us together.,pleasure,together
"Boxes of books, a reader's pleasure,",Whispers of worlds in each story's measure.,pleasure,measure
"Boxes of books, a reader's pleasure,",Treasure troves waiting to be leisure.,pleasure,leisure
"Boxes of books, a reader's pleasure,",Treasures of tales that forever endure.,pleasure,endure
"Boxes of books, a reader's pleasure,",Treasure troves waiting to be embraced.,pleasure,embraced
"Boxes of books, a reader's pleasure,",Treasure troves filled with wonder and treasure.,pleasure,treasure
"Boxes of books, a reader's pleasure,",Treasures of tales that forever last.,pleasure,last
"Boxes of books, a reader's pleasure,",Treasures of tales to fill the measure.,pleasure,measure
"Boxes of books, a reader's pleasure,","Treasures of tales, a boundless treasure.",pleasure,treasure
"Boxes of books, a reader's pleasure,",Treasures of tales that bring us closer.,pleasure,closer
"Boxes of books, a reader's pleasure,",Treasures of tales that forever last.,pleasure,last
"Boxes of books, a reader's pleasure,",Treasure troves waiting to be hearsed.,pleasure,hearsed
"Boxes of books, a reader's pleasure,","Treasures of tales, a boundless treasure.",pleasure,treasure
"Boxes of books, a reader's pleasure,","Whispers of stories, a boundless treasure.",pleasure,treasure
"Boxes of books, a reader's pleasure,",Treasures of tales that bring us closer.,pleasure,closer
"Boxes of books, a reader's pleasure,",Treasures of tales that fill the measure.,pleasure,measure
"Boxes of books, a reader's pleasure,",Treasures of tales that bring us closer.,pleasure,closer
"Boxes of books, a reader's pleasure,","Treasures of stories, a boundless treasure.",pleasure,treasure
"Boxes of books, a reader's pleasure,",Treasures of tales that bring us closer.,pleasure,closer
"Boxes of books, a reader's pleasure,",Treasures of tales that forever last.,pleasure,last
"Boxes of books, a reader's pleasure,","Mysteries, dreams, and stories to treasure.",pleasure,treasure
"Boxes of books, a reader's pleasure,",Treasure troves for the mind to treasure.,pleasure,treasure
"Boxes of books, a reader's pleasure,","Treasures of tales, a boundless treasure.",pleasure,treasure
"Boxes of books, a reader's pleasure,","Treasures of stories, a boundless treasure.",pleasure,treasure
"Boxes of books, a reader's pleasure,",Whispers of worlds in quiet measure.,pleasure,measure
"Boxes of books, a reader's pleasure,",Whispers of worlds in paper treasure.,pleasure,treasure
"Boxes of books, a reader's pleasure,",Treasure troves waiting to be treasure.,pleasure,treasure
"Boxes of books, a reader's pleasure,",Treasures of tales that bring us closer.,pleasure,closer
"Boxes of books, a reader's pleasure,",Treasures of tales that bring us closer.,pleasure,closer
"Boxes of books, a reader's pleasure,",Treasure troves waiting to be hearsed.,pleasure,hearsed
"Boxes of books, a reader's pleasure,",Treasures of tales that never grow old.,pleasure,old
"Boxes of books, a reader's pleasure,",Treasures of tales that time can't measure.,pleasure,measure
"Boxes of books, a reader's pleasure,",Whispers of worlds in quiet measure.,pleasure,measure
"Boxes of books, a reader's pleasure,","Treasures of tales, a boundless treasure.",pleasure,treasure
"Boxes of books, a reader's pleasure,",Treasures of tales that bring us closer.,pleasure,closer
"Boxes of books, a reader's pleasure,",Treasures of tales that forever endure.,pleasure,endure
"Boxes of books, a reader's pleasure,","Treasures of tales, a boundless treasure.",pleasure,treasure
"Boxes of books, a reader's pleasure,","Mysteries wait, each story's treasure.",pleasure,treasure
"Boxes of books, a reader's pleasure,","Treasures of stories, a boundless treasure.",pleasure,treasure
"Boxes of books, a reader's pleasure,","Whispers of stories, a boundless treasure.",pleasure,treasure
"Boxes of books, a reader's pleasure,",Mysteries wait with every treasure.,pleasure,treasure
"Boxes of books, a reader's pleasure,",Treasures of tales that never grow stale.,pleasure,stale
"Boxes of books, a reader's pleasure,",Treasures of tales that bring us closer.,pleasure,closer
"Boxes of books, a reader's pleasure,","Treasures of tales, a boundless treasure.",pleasure,treasure
"Boxes of books, a reader's pleasure,","Treasures of stories, a boundless treasure.",pleasure,treasure
"Boxes of books, a reader's pleasure,",Whispers of worlds in each treasure.,pleasure,treasure
"Boxes of books, a reader's pleasure,","Treasures of tales, a boundless treasure.",pleasure,treasure
"Boxes of books, a reader's pleasure,",Treasures of tales that time can't measure.,pleasure,measure
"Boxes of books, a reader's pleasure,","Treasures of tales, a boundless treasure.",pleasure,treasure
"Boxes of books, a reader's pleasure,","Treasures of tales, a boundless treasure.",pleasure,treasure
"Boxes of books, a reader's pleasure,",Treasures of tales that bring us closer.,pleasure,closer
"Boxes of books, a reader's pleasure,",Treasures of tales that forever last.,pleasure,last
"Boxes of books, a reader's pleasure,",Treasure troves waiting to be blessed.,pleasure,blessed
"Boxes of books, a reader's pleasure,",Whispers of worlds in quiet measure.,pleasure,measure
"Boxes of books, a reader's pleasure,",Treasures of tales that fill the measure.,pleasure,measure
"Boxes of books, a reader's pleasure,",Treasures of tales that bring us closer.,pleasure,closer
"Boxes of books, a reader's pleasure,",Whispers of worlds in each treasure.,pleasure,treasure
"Boxes of books, a reader's pleasure,",Whispers of worlds in each treasure.,pleasure,treasure
"Boxes of books, a reader's pleasure,",Treasures of tales that never cease.,pleasure,cease
"Boxes of books, a reader's pleasure,",Treasures of tales that bring us closer.,pleasure,closer
"Boxes of books, a reader's pleasure,",Treasures of tales that bring us closer.,pleasure,closer
"Boxes of books, a reader's pleasure,",Treasures of tales that bring us together.,pleasure,together
"Boxes of books, a reader's pleasure,",Treasures of tales that never cease.,pleasure,cease
"Boxes of books, a reader's pleasure,",Mysteries wait with every treasure.,pleasure,treasure
"Boxes of books, a reader's pleasure,",Whispers of worlds in each page's measure.,pleasure,measure
"Boxes of books, a reader's pleasure,",Treasures of tales that bring us closer.,pleasure,closer
"Boxes of books, a reader's pleasure,",Treasure troves waiting to be addressed.,pleasure,addressed
"Boxes of books, a reader's pleasure,","Treasures of stories, a boundless treasure.",pleasure,treasure
"Boxes of books, a reader's pleasure,",Whispers of worlds in each precious measure.,pleasure,measure
"Boxes of books, a reader's pleasure,",Treasures of tales that never cease.,pleasure,cease
"Boxes of books, a reader's pleasure,","Whispers of stories, a boundless treasure.",pleasure,treasure
"Boxes of books, a reader's pleasure,","Mysteries wait, and dreams are treasure.",pleasure,treasure
"Boxes of books, a reader's pleasure,",Treasures of tales that never cease to inspire.,pleasure,inspire
"Boxes of books, a reader's pleasure,",Treasure troves waiting to be discovered.,pleasure,discovered
"Boxes of books, a reader's pleasure,","Mysteries wait, no time for leisure.",pleasure,leisure
"Boxes of books, a reader's pleasure,","Treasures of tales, a boundless treasure.",pleasure,treasure
"Boxes of books, a reader's pleasure,","Treasures of tales, a boundless treasure.",pleasure,treasure
"Boxes of books, a reader's pleasure,",Whispers of worlds in each treasure.,pleasure,treasure
"Boxes of books, a reader's pleasure,",Treasures of tales that bring us closer.,pleasure,closer
"Boxes of books, a reader's pleasure,",Treasures of tales that never cease.,pleasure,cease
"Boxes of books, a reader's pleasure,",Treasures of tales that bring us closer.,pleasure,closer
"Boxes of books, a reader's pleasure,",Whispers of worlds in quiet measure.,pleasure,measure
"Boxes of books, a reader's pleasure,",Whispers of worlds in each treasure.,pleasure,treasure
"Boxes of books, a reader's pleasure,",Whispers of worlds in each treasure.,pleasure,treasure
"Boxes of books, a reader's pleasure,","Treasures of tales, a boundless treasure.",pleasure,treasure
"Boxes of books, a reader's pleasure,",Whispers of worlds in paper and treasure.,pleasure,treasure
"Boxes of books, a reader's pleasure,",Whispers of worlds in each page's measure.,pleasure,measure
"Boxes of books, a reader's pleasure,","Mystery, magic, and wonder to treasure.",pleasure,treasure
"Boxes of books, a reader's pleasure,",Treasure troves waiting to be discovered.,pleasure,discovered
"Boxes of books, a reader's pleasure,","Treasures of tales, a boundless treasure.",pleasure,treasure
"Boxes of books, a reader's pleasure,",Treasures of tales that bring us closer.,pleasure,closer
"Boxes of books, a reader's pleasure,",Treasure troves waiting to be blessed.,pleasure,blessed
"Boxes of books, a reader's pleasure,","Treasures of tales, a boundless treasure.",pleasure,treasure
"Boxes of books, a reader's pleasure,",Mysteries wait with every treasure.,pleasure,treasure
"Boxes of books, a reader's pleasure,",Treasure troves waiting to be hearsed.,pleasure,hearsed
"Boxes of books, a reader's pleasure,",Mysteries wait in every treasure.,pleasure,treasure
"Boxes of books, a reader's pleasure,",Treasures of tales that bring us closer.,pleasure,closer
"Boxes of books, a reader's pleasure,",Treasures of tales that bring us closer.,pleasure,closer
"Boxes of books, a reader's pleasure,",Treasures of tales to explore and treasure.,pleasure,treasure
"Boxes of books, a reader's pleasure,",Treasures of tales that forever endure.,pleasure,endure
"Boxes of books, a reader's pleasure,",Whispers of worlds in each story's treasure.,pleasure,treasure
"Boxes of books, a reader's pleasure,",Whispers of worlds in each treasure.,pleasure,treasure
"Boxes of books, a reader's pleasure,",Treasure troves waiting to be hearsed.,pleasure,hearsed
"Boxes of books, a reader's pleasure,",Treasures of tales that bring us closer.,pleasure,closer
"Boxes of books, a reader's pleasure,","Treasures of tales, a boundless treasure.",pleasure,treasure
"Boxes of books, a reader's pleasure,",Treasures of tales that bring us closer.,pleasure,closer
"Boxes of books, a reader's pleasure,","Mysteries wait, no need for measure.",pleasure,measure
"Boxes of books, a reader's pleasure,",Treasures of tales that never cease.,pleasure,cease
"Boxes of books, a reader's pleasure,","Mysteries wait, and dreams are treasure.",pleasure,treasure
"Boxes of books, a reader's pleasure,",Whispers of worlds in quiet measure.,pleasure,measure
"Boxes of books, a reader's pleasure,",Treasures of tales that never cease.,pleasure,cease
"Boxes of books, a reader's pleasure,","Treasures of tales, a boundless treasure.",pleasure,treasure
"Boxes of books, a reader's pleasure,",Treasure troves waiting to be addressed.,pleasure,addressed
"Boxes of books, a reader's pleasure,",Treasures of tales that forever last.,pleasure,last
"Boxes of books, a reader's pleasure,",Treasures of tales that bring us closer.,pleasure,closer
"Boxes of books, a reader's pleasure,","Treasures of stories, a boundless treasure.",pleasure,treasure
"Boxes of books, a reader's pleasure,",Whispers of worlds in paper's measure.,pleasure,measure
"Boxes of books, a reader's pleasure,",Treasures of tales that bring us closer.,pleasure,closer
"Boxes of books, a reader's pleasure,",Treasures of tales that bring us closer.,pleasure,closer
"Boxes of books, a reader's pleasure,",Whispers of worlds in each treasure.,pleasure,treasure
"Boxes of books, a reader's pleasure,",Treasures of tales that bring us together.,pleasure,together
"Boxes of books, a reader's pleasure,",Treasures of tales that bring us together.,pleasure,together
"Boxes of books, a reader's pleasure,","Mystery, magic, and wonder to treasure.",pleasure,treasure
"Boxes of books, a reader's pleasure,",Treasure troves waiting to be hearsed.,pleasure,hearsed
"Boxes of books, a reader's pleasure,",Treasure troves waiting to be measured.,pleasure,measured
"Boxes of books, a reader's pleasure,",Treasure troves waiting to be caressed.,pleasure,caressed
"Boxes of books, a reader's pleasure,","Whispers of stories, a timeless treasure.",pleasure,treasure
"Boxes of books, a reader's pleasure,",Treasures of tales that never cease.,pleasure,cease
"Boxes of books, a reader's pleasure,","Treasures of tales, a boundless treasure.",pleasure,treasure
"Boxes of books, a reader's pleasure,","Mystery, magic, and wonder to treasure.",pleasure,treasure
"Boxes of books, a reader's pleasure,",Treasures of tales that never grow old.,pleasure,old
"Boxes of books, a reader's pleasure,","Whispers of stories, a timeless treasure.",pleasure,treasure
"Boxes of books, a reader's pleasure,",Whispers of worlds in each treasure.,pleasure,treasure
"Boxes of books, a reader's pleasure,",Treasure troves waiting to be measured.,pleasure,measured
"Boxes of books, a reader's pleasure,",Whispers of worlds in each treasure.,pleasure,treasure
"Boxes of books, a reader's pleasure,",Treasure troves waiting to be embraced.,pleasure,embraced
"Boxes of books, a reader's pleasure,",Treasure untold in every measure.,pleasure,measure
"Boxes of books, a reader's pleasure,","Treasures of tales, a boundless treasure.",pleasure,treasure
"Boxes of books, a reader's pleasure,",Treasures of tales that bring us closer.,pleasure,closer
"Boxes of books, a reader's pleasure,","Mysteries wait, and dreams are treasure.",pleasure,treasure
"Boxes of books, a reader's pleasure,",Treasures of tales that bring us closer.,pleasure,closer
"Boxes of books, a reader's pleasure,",Whispers of worlds in each treasure.,pleasure,treasure
"Boxes of books, a reader's pleasure,",Treasures of tales that bring us closer.,pleasure,closer
"Boxes of books, a reader's pleasure,",Treasures of tales that bring us closer.,pleasure,closer
"Boxes of books, a reader's pleasure,",Whispers of worlds in each story's measure.,pleasure,measure
"Boxes of books, a reader's pleasure,",Treasures of tales that bring us closer.,pleasure,closer
"Boxes of books, a reader's pleasure,",Treasure troves waiting to be discovered.,pleasure,discovered
"Boxes of books, a reader's pleasure,",Treasures of tales that forever endure.,pleasure,endure
"Boxes of books, a reader's pleasure,","Mysteries wait, each page a treasure.",pleasure,treasure
"Boxes of books, a reader's pleasure,","Treasures of tales, a boundless treasure.",pleasure,treasure
"Boxes of books, a reader's pleasure,",Treasures of tales that forever last.,pleasure,last
"Boxes of books, a reader's pleasure,",Mysteries wait with silent treasure.,pleasure,treasure
"Boxes of books, a reader's pleasure,","Mysteries wait, each story's treasure.",pleasure,treasure
"Boxes of books, a reader's pleasure,",Mysteries unfold with every treasure.,pleasure,treasure
"Boxes of books, a reader's pleasure,",Treasure troves waiting to be embraced.,pleasure,embraced
"Boxes of books, a reader's pleasure,",Whispers of worlds in paper's treasure.,pleasure,treasure
"Boxes of books, a reader's pleasure,",Treasures of tales that forever last.,pleasure,last
"Boxes of books, a reader's pleasure,",Treasures of tales to cherish and treasure.,pleasure,treasure
"Boxes of books, a reader's pleasure,",Treasures of tales that bring us closer.,pleasure,closer
"Boxes of books, a reader's pleasure,",Whispers of worlds in paper's measure.,pleasure,measure
"Boxes of books, a reader's pleasure,",Treasures of tales that bring us closer.,pleasure,closer
"Boxes of books, a reader's pleasure,","Treasures of tales, a boundless treasure.",pleasure,treasure
"Boxes of books, a reader's pleasure,",Whispers of worlds in paper's measure.,pleasure,measure
"Boxes of books, a reader's pleasure,","Treasures of tales, a boundless treasure.",pleasure,treasure
"Boxes of books, a reader's pleasure,","Mysteries wait, each page a treasure.",pleasure,treasure
"Boxes of books, a reader's pleasure,","Mysteries wait, each page a treasure.",pleasure,treasure
"Boxes of books, a reader's pleasure,",Treasures of tales to explore with ease.,pleasure,ease
"Boxes of books, a reader's pleasure,","Mysteries wait, and dreams are treasure.",pleasure,treasure
"Boxes of books, a reader's pleasure,",Treasures of tales that bring us together.,pleasure,together
"Boxes of books, a reader's pleasure,",Mysteries wait with silent promise.,pleasure,promise
"Boxes of books, a reader's pleasure,",Treasure troves waiting to be addressed.,pleasure,addressed
"Boxes of books, a reader's pleasure,",Treasures of tales that bring us closer.,pleasure,closer
"Boxes of books, a reader's pleasure,",Treasures of tales that bring us closer.,pleasure,closer
"Boxes of books, a reader's pleasure,","Mysteries wait, each page a treasure.",pleasure,treasure
"Boxes of books, a reader's pleasure,","Mysteries wait, no need to treasure.",pleasure,treasure
"Boxes of books, a reader's pleasure,",Treasure troves for the mind to treasure.,pleasure,treasure
"Boxes of books, a reader's pleasure,","Treasures of stories, a boundless treasure.",pleasure,treasure
"Boxes of books, a reader's pleasure,",Treasures of tales that forever endure.,pleasure,endure
"Boxes of books, a reader's pleasure,",Treasure troves waiting to be hearsed.,pleasure,hearsed
"Boxes of books, a reader's pleasure,","Mysteries wait, and stories to treasure.",pleasure,treasure
"Boxes of books, a reader's chore,",Stacks that whisper of worlds to explore.,chore,explore
"Boxes of books, a reader's chore,",Stacks that rise like towers of lore.,chore,lore
"Boxes of books, a reader's chore,",Stacked high with stories to explore.,chore,explore
"Boxes of books, a reader's chore,",Stacks that rise to touch the floor.,chore,floor
"Boxes of books, a reader's chore,",A treasure trove to explore.,chore,explore
"Boxes of books, a reader's chore,","Stacks to sort, a curious core.",chore,core
"Boxes of books, a reader's chore,","Treasure to find, a joy to explore.",chore,explore
"Boxes of books, a reader's chore,",A treasure trove that fuels the core.,chore,core
"Boxes of books, a reader's chore,","Treasure to find, from cover to core.",chore,core
"Boxes of books, a reader's chore,",Stacks that rise like towers sore.,chore,sore
"Boxes of books, a reader's chore,",Treasure to find in each store.,chore,store
"Boxes of books, a reader's chore,",Stacks that climb to the attic floor.,chore,floor
"Boxes of books, a reader's chore,",Stacks that climb to the ceiling's lore.,chore,lore
"Boxes of books, a reader's chore,","Stacks to sort, a task restored.",chore,restored
"Boxes of books, a reader's chore,",Treasure and tales to explore.,chore,explore
"Boxes of books, a reader's chore,",Stacked with stories that inspire and restore.,chore,restore
"Boxes of books, a reader's chore,","Stacked high, they whisper of more.",chore,more
"Boxes of books, a reader's chore,",Stacks that whisper of stories to explore.,chore,explore
"Boxes of books, a reader's chore,",Stacks that climb from floor to floor.,chore,floor
"Boxes of books, a reader's chore,","Stacks that whisper, ""Read me more.""",chore,more
"Boxes of books, a reader's chore,","Stacks that whisper, ""There's more to explore.""",chore,explore
"Boxes of books, a reader's chore,",Stacks that rise like towers sore.,chore,sore
"Boxes of books, a reader's chore,","Stacks that rise, both high and sore.",chore,sore
"Boxes of books, a reader's chore,","Stacks that rise, a treasure to explore.",chore,explore
"Boxes of books, a reader's chore,",Stacks that grow higher with every store.,chore,store
"Boxes of books, a reader's chore,","Stacks that whisper, ""There's more to explore.""",chore,explore
"Boxes of books, a reader's chore,",Stacks that rise to the ceiling's core.,chore,core
"Boxes of books, a reader's chore,",A treasure trove to pore and pore.,chore,pore
"Boxes of books, a reader's chore,",Treasure and toil in each door.,chore,door
"Boxes of books, a reader's chore,","Stacked high, they whisper of more.",chore,more
"Boxes of books, a reader's chore,","Stacks of stories, both near and far.",chore,far
"Boxes of books, a reader's chore,",Stacks that climb from floor to door.,chore,door
"Boxes of books, a reader's chore,","Stacks to be sorted, from floor to floor.",chore,floor
"Boxes of books, a reader's chore,","Treasure to find, a boundless store.",chore,store
"Boxes of books, a reader's chore,",Stacks that rise like towers sore.,chore,sore
"Boxes of books, a reader's chore,",A treasure trove to explore.,chore,explore
"Boxes of books, a reader's chore,",Stacks that climb to the ceiling's core.,chore,core
"Boxes of books, a reader's chore,","Treasures to find, both near and far.",chore,far
"Boxes of books, a reader's chore,","Stacked high, they whisper of more.",chore,more
"Boxes of books, a reader's chore,","Treasure and tedium, both to explore.",chore,explore
"Boxes of books, a reader's chore,",Stacks that rise like towers of lore.,chore,lore
"Boxes of books, a reader's chore,","Stacked high, they promise more.",chore,more
"Boxes of books, a reader's chore,",Stacks that whisper of worlds to explore.,chore,explore
"Boxes of books, a reader's chore,","Treasures to find, both near and far.",chore,far
"Boxes of books, a reader's chore,",Stacked high with stories to explore.,chore,explore
"Boxes of books, a reader's chore,",Stacks that rise like towers of lore.,chore,lore
"Boxes of books, a reader's chore,","Treasures to find, both far and near.",chore,near
"Boxes of books, a reader's chore,","Treasures to savor, both near and far.",chore,far
"Boxes of books, a reader's chore,","Treasures to find, both near and far.",chore,far
"Boxes of books, a reader's chore,","Stacked high, they whisper of more.",chore,more
"Boxes of books, a reader's chore,",Stacks that whisper tales of yore.,chore,yore
"Boxes of books, a reader's chore,","Treasures to find, both near and far.",chore,far
"Boxes of books, a reader's chore,","Treasures to find, both near and far.",chore,far
"Boxes of books, a reader's chore,","Stacks that rise, both near and more.",chore,more
"Boxes of books, a reader's chore,","Treasure and trouble, both to explore.",chore,explore
"Boxes of books, a reader's chore,","A treasure trove, both light and lore.",chore,lore
"Boxes of books, a reader's chore,","Treasures to find, both near and far.",chore,far
"Boxes of books, a reader's chore,",Stacks that whisper of more.,chore,more
"Boxes of books, a reader's chore,",Stacks that rise like towers of lore.,chore,lore
"Boxes of books, a reader's chore,",Stacks that rise like towers of lore.,chore,lore
"Boxes of books, a reader's chore,",Stacks of stories to pore and explore.,chore,explore
"Boxes of books, a reader's chore,",A treasure trove to explore.,chore,explore
"Boxes of books, a reader's chore,",Stacks of stories to explore.,chore,explore
"Boxes of books, a reader's chore,",Stacks that rise like towers of lore.,chore,lore
"Boxes of books, a reader's chore,","Treasure to find, a joy to explore.",chore,explore
"Boxes of books, a reader's chore,",Stacks of stories to explore.,chore,explore
"Boxes of books, a reader's chore,","Stacks that rise, both high and sore.",chore,sore
"Boxes of books, a reader's chore,",Stacks of stories to explore.,chore,explore
"Boxes of books, a reader's chore,",A treasure trove to pore and pore.,chore,pore
"Boxes of books, a reader's chore,","Treasures to find, both near and far.",chore,far
"Boxes of books, a reader's chore,","Stacks that rise, a quiet store.",chore,store
"Boxes of books, a reader's chore,","Stacks that rise, both light and more.",chore,more
"Boxes of books, a reader's chore,","Treasures to treasure, from cover to core.",chore,core
"Boxes of books, a reader's chore,","Treasures to find, both near and far.",chore,far
"Boxes of books, a reader's chore,",Stacks that whisper of worlds to explore.,chore,explore
"Boxes of books, a reader's chore,","Stacked high, they beckon you to explore.",chore,explore
"Boxes of books, a reader's chore,","Treasure to find, a joy to explore.",chore,explore
"Boxes of books, a reader's chore,",Stacks that whisper of tales encore.,chore,encore
"Boxes of books, a reader's chore,","Treasures to find, both near and far.",chore,far
"Boxes of books, a reader's chore,","Stacked high, they wait for more.",chore,more
"Boxes of books, a reader's chore,","Treasures to find, both near and far.",chore,far
"Boxes of books, a reader's chore,","Stacks that whisper, ""More, encore!""",chore,encore
"Boxes of books, a reader's chore,","Treasures to find, both near and far.",chore,far
"Boxes of books, a reader's chore,","Stacks that whisper, ""There's more to explore.""",chore,explore
"Boxes of books, a reader's chore,",Stacks that whisper of tales to restore.,chore,restore
"Boxes of books, a reader's chore,",Stacked high with stories to explore.,chore,explore
"Boxes of books, a reader's chore,",Treasure to find in every door.,chore,door
"Boxes of books, a reader's chore,","Treasures to find, both near and far.",chore,far
"Boxes of books, a reader's chore,",A treasure trove to explore.,chore,explore
"Boxes of books, a reader's chore,","Stacks that rise, a towering store.",chore,store
"Boxes of books, a reader's chore,","Stacks to sort, a mountain to explore.",chore,explore
"Boxes of books, a reader's chore,",Stacks that rise like towers of lore.,chore,lore
"Boxes of books, a reader's chore,",Stacks that rise like towers sore.,chore,sore
"Boxes of books, a reader's chore,",Stacks that rise like towers of lore.,chore,lore
"Boxes of books, a reader's chore,","Treasure to find, a joy to explore.",chore,explore
"Boxes of books, a reader's chore,",Stacks that whisper of worlds to explore.,chore,explore
"Boxes of books, a reader's chore,","Stacks to sift through, but the joy is more.",chore,more
"Boxes of books, a reader's chore,","Stacked high, they whisper of more.",chore,more
"Boxes of books, a reader's chore,","Treasure to find, both near and far.",chore,far
"Boxes of books, a reader's chore,",Stacks that whisper of worlds to explore.,chore,explore
"Boxes of books, a reader's chore,",A treasure trove to explore.,chore,explore
"Boxes of books, a reader's chore,","Stacked high, they wait for more.",chore,more
"Boxes of books, a reader's chore,",Stacks that climb from floor to floor.,chore,floor
"Boxes of books, a reader's chore,","Treasure to find, both far and near.",chore,near
"Boxes of books, a reader's chore,","Treasure to find, a joy to explore.",chore,explore
"Boxes of books, a reader's chore,","Stacks that rise, a quiet store.",chore,store
"Boxes of books, a reader's chore,","Treasures to find, both near and far.",chore,far
"Boxes of books, a reader's chore,","Stacks to sort, but joy is more.",chore,more
"Boxes of books, a reader's chore,",Stacks that whisper of worlds to explore.,chore,explore
"Boxes of books, a reader's chore,",A treasure trove that beckons more.,chore,more
"Boxes of books, a reader's chore,",A treasure trove to explore.,chore,explore
"Boxes of books, a reader's chore,",Stacks that climb to the ceiling's lore.,chore,lore
"Boxes of books, a reader's chore,",A treasure trove to explore.,chore,explore
"Boxes of books, a reader's chore,",Stacks that whisper of worlds to explore.,chore,explore
"Boxes of books, a reader's chore,",Stacks that whisper of worlds to explore.,chore,explore
"Boxes of books, a reader's chore,",Stacks that rise like towers of lore.,chore,lore
"Boxes of books, a reader's chore,",Stacks that rise like towers of lore.,chore,lore
"Boxes of books, a reader's chore,",Stacked high with stories to explore.,chore,explore
"Boxes of books, a reader's chore,","Treasures to treasure, from floor to floor.",chore,floor
"Boxes of books, a reader's chore,","Treasures to find, both near and far.",chore,far
"Boxes of books, a reader's chore,",Stacks that rise like towers of lore.,chore,lore
"Boxes of books, a reader's chore,",Stacks that climb to heights unknown.,chore,unknown
"Boxes of books, a reader's chore,",Stacks that rise like towers of lore.,chore,lore
"Boxes of books, a reader's chore,","Stacks to sort, a curious core.",chore,core
"Boxes of books, a reader's chore,","Treasure to find, both near and far.",chore,far
"Boxes of books, a reader's chore,","Stacked high, they fill the floor.",chore,floor
"Boxes of books, a reader's chore,",A treasure trove that beckons more.,chore,more
"Boxes of books, a reader's chore,",A treasure trove to explore.,chore,explore
"Boxes of books, a reader's chore,",Stacks that rise and never bore.,chore,bore
"Boxes of books, a reader's chore,",Stacks of stories to explore.,chore,explore
"Boxes of books, a reader's chore,","Treasure and trouble, both to explore.",chore,explore
"Boxes of books, a reader's chore,",A treasure trove for the soul to restore.,chore,restore
"Boxes of books, a reader's chore,","Treasure to find, a joy to explore.",chore,explore
"Boxes of books, a reader's chore,",Stacks that rise to the ceiling's floor.,chore,floor
"Boxes of books, a reader's chore,",A treasure trove to explore.,chore,explore
"Boxes of books, a reader's chore,",Stacks that rise like towers of lore.,chore,lore
"Boxes of books, a reader's chore,",Stacks that whisper of stories to explore.,chore,explore
"Boxes of books, a reader's chore,","Treasure to find, a lifelong store.",chore,store
"Boxes of books, a reader's chore,","Treasure to find, a lifelong store.",chore,store
"Boxes of books, a reader's chore,",Stacks that climb to the ceiling's core.,chore,core
"Boxes of books, a reader's chore,",Stacks that rise to touch the floor.,chore,floor
"Boxes of books, a reader's chore,",Stacks that climb to the ceiling's core.,chore,core
"Boxes of books, a reader's chore,","Stacks to sort, a task that's more.",chore,more
"Boxes of books, a reader's chore,",Stacks that climb to the ceiling's core.,chore,core
"Boxes of books, a reader's chore,","Stacked high, they beg to be explored.",chore,explored
"Boxes of books, a reader's chore,","Stacked high, they whisper of more.",chore,more
"Boxes of books, a reader's chore,","Stacked high, they beckon to explore.",chore,explore
"Boxes of books, a reader's chore,","A treasure trove, both light and lore.",chore,lore
"Boxes of books, a reader's chore,",Stacks that whisper tales of yore.,chore,yore
"Boxes of books, a reader's chore,","Treasures to find, both near and far.",chore,far
"Boxes of books, a reader's chore,",Stacks that whisper of worlds to explore.,chore,explore
"Boxes of books, a reader's chore,",Stacks of stories to explore.,chore,explore
"Boxes of books, a reader's chore,",Stacks that rise like towers of lore.,chore,lore
"Boxes of books, a reader's chore,","Treasure to find, a boundless store.",chore,store
"Boxes of books, a reader's chore,",Stacks that rise like towers of lore.,chore,lore
"Boxes of books, a reader's chore,","Treasures to find, both near and more.",chore,more
"Boxes of books, a reader's chore,",Stacks that whisper tales of yore.,chore,yore
"Boxes of books, a reader's chore,",Stacks that climb to the ceiling's door.,chore,door
"Boxes of books, a reader's chore,","Stacked high, they whisper of more.",chore,more
"Boxes of books, a reader's chore,",Stacks that whisper of worlds to explore.,chore,explore
"Boxes of books, a reader's chore,",A treasure trove to pore and pore.,chore,pore
"Boxes of books, a reader's chore,","Stacked high, they bring us more.",chore,more
"Boxes of books, a reader's chore,","Treasures to find, both far and near.",chore,near
"Boxes of books, a reader's chore,",Stacked high with stories to explore.,chore,explore
"Boxes of books, a reader's chore,",Stacks that climb from floor to floor.,chore,floor
"Boxes of books, a reader's chore,","Treasure and trouble, both to explore.",chore,explore
"Boxes of books, a reader's chore,",Stacks of stories to explore.,chore,explore
"Boxes of books, a reader's chore,",Stacks that whisper tales of yore.,chore,yore
"Boxes of books, a reader's chore,","Treasures await, both near and far.",chore,far
"Boxes of books, a reader's chore,","Treasures await, both near and far.",chore,far
"Boxes of books, a reader's chore,",Treasure to find in every door.,chore,door
"Boxes of books, a reader's chore,",Stacked high with tales to explore.,chore,explore
"Boxes of books, a reader's chore,","Stacked high, they beg to be explored.",chore,explored
"Boxes of books, a reader's chore,","Treasures to find, both near and far.",chore,far
"Boxes of books, a reader's chore,",Stacked high with stories to explore.,chore,explore
"Boxes of books, a reader's chore,","Stacked high, they whisper of more.",chore,more
"Boxes of books, a reader's chore,",Stacks of stories to explore.,chore,explore
"Boxes of books, a reader's chore,","Stacks that rise, both light and sore.",chore,sore
"Boxes of books, a reader's chore,","Stacks that rise, a quiet store.",chore,store
"Boxes of books, a reader's chore,","Treasure to find, both near and more.",chore,more
"Boxes of books, a reader's chore,","Stacks that rise, a silent store.",chore,store
"Boxes of books, a reader's chore,",Stacks that rise like towers sore.,chore,sore
"Boxes of books, a reader's chore,",A treasure trove that never grows more.,chore,more
"Boxes of books, a reader's chore,",Stacks of stories to explore.,chore,explore
"Boxes of books, a reader's chore,","Treasures to find, both near and far.",chore,far
"Boxes of books, a reader's chore,","Treasure to sort, from cover to core.",chore,core
"Boxes of books, a reader's chore,","Stacks that rise, a silent store.",chore,store
"Boxes of books, a reader's chore,","Stacked high, they beckon evermore.",chore,evermore
"Boxes of books, a reader's chore,","Stacked high, they whisper of more.",chore,more
"Boxes of books, a reader's chore,","Stacked high, they whisper of more.",chore,more
"Boxes of books, a reader's chore,",A treasure trove for the soul to restore.,chore,restore
"Boxes of books, a reader's chore,",Stacks that whisper tales of yore.,chore,yore
"Boxes of books, a reader's chore,","Stacks to sort, but joy is more.",chore,more
"Boxes of books, a reader's chore,",Treasure to find in each store.,chore,store
"Boxes of books, a reader's chore,",Stacks that rise like towers of lore.,chore,lore
"Boxes of books, a reader's chore,",Stacks that rise like towers sore.,chore,sore
"Boxes of books, a reader's chore,",Stacks that grow taller with every store.,chore,store
"Boxes of books, a reader's chore,","Treasure and tedium, both to explore.",chore,explore
"Boxes of books, a reader's chore,","Stacks to sort, but joy is sure.",chore,sure
"Boxes of books, a reader's chore,",Stacks of stories to explore.,chore,explore
"He saw a carrot and had to grab it,",For hunger's call he couldn't ignore it.,it,it
"He saw a carrot and had to grab it,","His hunger was strong, no time to chat it.",it,it
"He saw a carrot and had to grab it,","For hunger whispered, ""Don’t delay—just grab it!""",it,it
"He saw a carrot and had to grab it,","His hunger drove him, no time to dawdle or chat.",it,chat
"He saw a carrot and had to grab it,","For hunger whispered, ""This is what you lack, it.""",it,it
"He saw a carrot and had to grab it,","His hunger growled, there was no time to chat.",it,chat
"He saw a carrot and had to grab it,",His hunger growled louder with each step he'd track it.,it,it
"He saw a carrot and had to grab it,",For hunger's call he couldn't ignore it.,it,it
"He saw a carrot and had to grab it,","His hunger was loud, and his appetite was rabid.",it,rabid
"He saw a carrot and had to grab it,","His hunger was strong, no time to dawdle.",it,dawdle
"He saw a carrot and had to grab it,",His hunger growled louder than any chat.,it,chat
"He saw a carrot and had to grab it,","For hunger whispered, ""This is what you lack, it!""",it,it
"He saw a carrot and had to grab it,","His hunger was loud, and his appetite was rapid.",it,rapid
"He saw a carrot and had to grab it,","His hunger growled, and his hands moved fast.",it,fast
"He saw a carrot and had to grab it,","His hunger was loud, and his pockets were flat.",it,flat
"He saw a carrot and had to grab it,","His hunger was strong, no time to chat it.",it,it
"He saw a carrot and had to grab it,","His hunger drove him, no time to dawdle.",it,dawdle
"He saw a carrot and had to grab it,","His hunger was strong, no time to dawdle.",it,dawdle
"He saw a carrot and had to grab it,",His hunger grew with each tasty slap it.,it,it
"He saw a carrot and had to grab it,","His hunger was loud, and his appetite was rapid.",it,rapid
"He saw a carrot and had to grab it,","His hunger was strong, no time to chat it.",it,it
"He saw a carrot and had to grab it,","His hunger led him, and he didn’t lack it.",it,it
"He saw a carrot and had to grab it,","His hunger was loud, and his appetite was rabid.",it,rabid
"He saw a carrot and had to grab it,","His hunger drove him, no time to dawdle.",it,dawdle
"He saw a carrot and had to grab it,",His hunger grew with every snap it.,it,it
"He saw a carrot and had to grab it,","His hunger drove him, no time to dawdle.",it,dawdle
"He saw a carrot and had to grab it,","His hunger was loud, and his pockets were slapstick.",it,slapstick
"He saw a carrot and had to grab it,","For hunger whispered, ""This is what you need!""",it,need
"He saw a carrot and had to grab it,","His hunger growled, and he couldn't forbear it.",it,it
"He saw a carrot and had to grab it,","His hunger growled, there was no debating it.",it,it
"He saw a carrot and had to grab it,","His hunger was strong, no time to chat it.",it,it
"He saw a carrot and had to grab it,","His hunger growled, and his hands moved fast.",it,fast
"He saw a carrot and had to grab it,","His hunger drove him, no time to chat it.",it,it
"He saw a carrot and had to grab it,","His hunger was strong, no time to dawdle.",it,dawdle
"He saw a carrot and had to grab it,","His hunger drove him, no time to dawdle.",it,dawdle
"He saw a carrot and had to grab it,","His hunger growled, and his appetite was brash.",it,brash
"He saw a carrot and had to grab it,","His hunger was strong, no time to chat it.",it,it
"He saw a carrot and had to grab it,","His hunger growled, and his hands moved fast.",it,fast
"He saw a carrot and had to grab it,","His hunger whispered, ""Don’t think, just grab it!""",it,it
"He saw a carrot and had to grab it,","His hunger growled, and he couldn’t help but.",it,but
"He saw a carrot and had to grab it,","His hunger urged him, no time to dawdle.",it,dawdle
"He saw a carrot and had to grab it,","His hunger was strong, no time to dawdle or chat.",it,chat
"He saw a carrot and had to grab it,","His hunger growled, there was no time to chat it.",it,it
"He saw a carrot and had to grab it,","His hunger urged him, no time to dawdle.",it,dawdle
"He saw a carrot and had to grab it,","His hunger growled, and his pockets were bare.",it,bare
"He saw a carrot and had to grab it,","His hunger drove him, no time to chat it.",it,it
"He saw a carrot and had to grab it,","For hunger whispered, ""Don't delay—just grab it!""",it,it
"He saw a carrot and had to grab it,",For hunger's call he couldn't ignore it.,it,it
"He saw a carrot and had to grab it,",For hunger's call he couldn't ignore it.,it,it
"He saw a carrot and had to grab it,","His hunger growled, there was no denying it.",it,it
"He saw a carrot and had to grab it,","His hunger drove him, no time to dawdle or trap it.",it,it
"He saw a carrot and had to grab it,","His hunger was strong, no time to dawdle.",it,dawdle
"He saw a carrot and had to grab it,","His hunger drove him, no time to dawdle.",it,dawdle
"He saw a carrot and had to grab it,","For hunger whispered, ""Don't be a crab!""",it,crab
"He saw a carrot and had to grab it,","His hunger growled, there was no time to chat it.",it,it
"He saw a carrot and had to grab it,","His hunger was loud, and his pockets were flat.",it,flat
"He saw a carrot and had to grab it,","His hunger was loud, and his appetite was rapid.",it,rapid
"He saw a carrot and had to grab it,",For hunger's call he couldn't ignore it.,it,it
"He saw a carrot and had to grab it,","His hunger growled, he couldn't stop it.",it,it
"He saw a carrot and had to grab it,",His hunger growled louder than any bat it.,it,it
"He saw a carrot and had to grab it,","His hunger was strong, no time to chat it.",it,it
"He saw a carrot and had to grab it,","His hunger urged him, no time to dawdle.",it,dawdle
"He saw a carrot and had to grab it,",His hunger grew with every snap it.,it,it
"He saw a carrot and had to grab it,","For hunger whispered, ""Don't be a crab!""",it,crab
"He saw a carrot and had to grab it,",His hunger grew with every snap it.,it,it
"He saw a carrot and had to grab it,","His hunger growled, and he couldn't shun it.",it,it
"He saw a carrot and had to grab it,","His hunger was strong, no time to chat it.",it,it
"He saw a carrot and had to grab it,","His hunger led him, no time to dawdle.",it,dawdle
"He saw a carrot and had to grab it,","His hunger was strong, no time to crab it.",it,it
"He saw a carrot and had to grab it,","His hunger growled, and his appetite cracked it.",it,it
"He saw a carrot and had to grab it,","His hunger growled, no time to dawdle.",it,dawdle
"He saw a carrot and had to grab it,","For hunger whispered, ""This is your trap, bit!""",it,bit
"He saw a carrot and had to grab it,","His hunger growled, and he couldn't back it.",it,it
"He saw a carrot and had to grab it,",For hunger's call he couldn't ignore it.,it,it
"He saw a carrot and had to grab it,",His hunger grew with every snap it.,it,it
"He saw a carrot and had to grab it,","His hunger drove him, no time to dawdle.",it,dawdle
"He saw a carrot and had to grab it,","His hunger was strong, no time to dawdle or chat.",it,chat
"He saw a carrot and had to grab it,","His hunger drove him, no time to dawdle.",it,dawdle
"He saw a carrot and had to grab it,","His hunger was strong, no time to dawdle.",it,dawdle
"He saw a carrot and had to grab it,",For hunger's call he couldn't stop it.,it,it
"He saw a carrot and had to grab it,","His hunger was loud, and his appetite rapid.",it,rapid
"He saw a carrot and had to grab it,",His hunger growled louder than his labored breath.,it,breath
"He saw a carrot and had to grab it,","His hunger growled, no time to dawdle.",it,dawdle
"He saw a carrot and had to grab it,",His hunger grew with every snap it.,it,it
"He saw a carrot and had to grab it,",For hunger's call he couldn't ignore it.,it,it
"He saw a carrot and had to grab it,","His hunger led him, and he never looked back at it.",it,it
"He saw a carrot and had to grab it,","His hunger was loud, and his pockets were flat.",it,flat
"He saw a carrot and had to grab it,","His hunger was loud, and his pockets were slapit.",it,slapit
"He saw a carrot and had to grab it,","For hunger whispered, ""This is what you need!""",it,need
"He saw a carrot and had to grab it,","His hunger was strong, no time to chat it.",it,it
"He saw a carrot and had to grab it,","His hunger drove him, no time to dawdle.",it,dawdle
"He saw a carrot and had to grab it,","His hunger growled, and his resolve snapped it.",it,it
"He saw a carrot and had to grab it,","His hunger was loud, and his patience was thin.",it,thin
"He saw a carrot and had to grab it,","His hunger was strong, no time to crab it.",it,it
"He saw a carrot and had to grab it,","His hunger was strong, no time to chat it.",it,it
"He saw a carrot and had to grab it,",His hunger led him straight to that trap.,it,trap
"He saw a carrot and had to grab it,","His hunger growled louder than his dad's ""No bat!""",it,bat
"He saw a carrot and had to grab it,","His hunger drove him, no time to dawdle.",it,dawdle
"He saw a carrot and had to grab it,","His hunger drove him, no time to dawdle.",it,dawdle
"He saw a carrot and had to grab it,","His hunger was strong, no time to dawdle or chat.",it,chat
"He saw a carrot and had to grab it,","His hunger drove him, no time to chat it.",it,it
"He saw a carrot and had to grab it,","His hunger drove him, no time to dawdle.",it,dawdle
"He saw a carrot and had to grab it,","His hunger growled, and his hands moved fast.",it,fast
"He saw a carrot and had to grab it,","His hunger urged him, there was no cab it.",it,it
"He saw a carrot and had to grab it,","His hunger was strong, no time to chat it.",it,it
"He saw a carrot and had to grab it,","His hunger was strong, no time to dawdle.",it,dawdle
"He saw a carrot and had to grab it,","His hunger was loud, and his pockets were flat.",it,flat
"He saw a carrot and had to grab it,","His hunger was strong, no time to chat it.",it,it
"He saw a carrot and had to grab it,","His hunger growled, he couldn’t dawdle or crab it.",it,it
"He saw a carrot and had to grab it,","His hunger drove him, no time to dawdle.",it,dawdle
"He saw a carrot and had to grab it,","His hunger growled, he couldn’t help but nab it.",it,it
"He saw a carrot and had to grab it,","His hunger was loud, and his pockets were flat.",it,flat
"He saw a carrot and had to grab it,","His hunger growled, no time to chat it.",it,it
"He saw a carrot and had to grab it,","His hunger was loud, and his appetite crabby.",it,crabby
"He saw a carrot and had to grab it,","His hunger drove him, no time to chat it.",it,it
"He saw a carrot and had to grab it,","His hunger growled, he couldn't dawdle.",it,dawdle
"He saw a carrot and had to grab it,","His hunger drove him, no time to dawdle.",it,dawdle
"He saw a carrot and had to grab it,",For hunger's call he couldn't disregard it.,it,it
"He saw a carrot and had to grab it,","His hunger was loud, and his appetite rapid.",it,rapid
"He saw a carrot and had to grab it,","His hunger drove him, no time to crab it.",it,it
"He saw a carrot and had to grab it,","His hunger was strong, no time to dabble.",it,dabble
"He saw a carrot and had to grab it,",For hunger's call he couldn't disregard it.,it,it
"He saw a carrot and had to grab it,","His hunger growled, and his pace did tabit.",it,tabit
"He saw a carrot and had to grab it,",For hunger's call he couldn't ignore it.,it,it
"He saw a carrot and had to grab it,","His hunger drove him, no time to dawdle.",it,dawdle
"He saw a carrot and had to grab it,","His hunger drove him, no time to dawdle or chat.",it,chat
"He saw a carrot and had to grab it,","His hunger was loud, and his stomach was flat.",it,flat
"He saw a carrot and had to grab it,","His hunger whispered, ""Don't think—just grab it!""",it,it
"He saw a carrot and had to grab it,","His hunger drove him, no time to dawdle or crab it.",it,it
"He saw a carrot and had to grab it,","His hunger drove him, no time to dawdle.",it,dawdle
"He saw a carrot and had to grab it,","His hunger growled, he couldn't stop it.",it,it
"He saw a carrot and had to grab it,","His hunger drove him, no time to chat it.",it,it
"He saw a carrot and had to grab it,","His hunger was strong, no time to dawdle.",it,dawdle
"He saw a carrot and had to grab it,","His hunger was strong, no time to chat it.",it,it
"He saw a carrot and had to grab it,","His hunger was loud, and his appetite was flat.",it,flat
"He saw a carrot and had to grab it,",For hunger's call he couldn't ignore it.,it,it
"He saw a carrot and had to grab it,",His hunger growled louder than his logic labored.,it,labored
"He saw a carrot and had to grab it,","His hunger growled, and he couldn’t stop it.",it,it
"He saw a carrot and had to grab it,","His hunger drove him, no time to chat it.",it,it
"He saw a carrot and had to grab it,","For hunger whispered, ""This is what you need!""",it,need
"He saw a carrot and had to grab it,","His hunger was loud, and his pockets were flat.",it,flat
"He saw a carrot and had to grab it,","His hunger growled, he couldn't dawdle.",it,dawdle
"He saw a carrot and had to grab it,","His hunger growled, he couldn’t stop it.",it,it
"He saw a carrot and had to grab it,",His hunger was loud and his appetite vast.,it,vast
"He saw a carrot and had to grab it,","His hunger was strong, no time to chat it.",it,it
"He saw a carrot and had to grab it,","His hunger growled, and his pockets were crabby.",it,crabby
"He saw a carrot and had to grab it,","His hunger drove him, no time to chat it.",it,it
"He saw a carrot and had to grab it,","His hunger drove him, no time to chat it.",it,it
"He saw a carrot and had to grab it,","His hunger drove him, no time to dawdle.",it,dawdle
"He saw a carrot and had to grab it,","His hunger was strong, no time to dawdle or crab it.",it,it
"He saw a carrot and had to grab it,","His hunger was strong, no time to dawdle.",it,dawdle
"He saw a carrot and had to grab it,",For hunger's call he couldn't dawdle.,it,dawdle
"He saw a carrot and had to grab it,","His hunger growled, no time to dawdle or chat.",it,chat
"He saw a carrot and had to grab it,","His hunger was loud, and his appetite crabby.",it,crabby
"He saw a carrot and had to grab it,","For hunger whispered, ""Don't be a crab!""",it,crab
"He saw a carrot and had to grab it,","His hunger drove him, no time to crab it.",it,it
"He saw a carrot and had to grab it,","His hunger growled, no time to chat it.",it,it
"He saw a carrot and had to grab it,",For hunger's call he couldn't ignore it.,it,it
"He saw a carrot and had to grab it,","His hunger was loud, and his appetite brabblit.",it,brabblit
"He saw a carrot and had to grab it,","His hunger was strong, no time to dawdle or crab it.",it,it
"He saw a carrot and had to grab it,","His hunger was loud, and his appetite was rapid.",it,rapid
"He saw a carrot and had to grab it,",His hunger grew with every snap it.,it,it
"He saw a carrot and had to grab it,","His hunger drove him, no time to dawdle.",it,dawdle
"He saw a carrot and had to grab it,","His hunger was loud, and his appetite brabbed it.",it,it
"He saw a carrot and had to grab it,","His hunger drove him, no time to dawdle.",it,dawdle
"He saw a carrot and had to grab it,","His hunger drove him, no time to dawdle.",it,dawdle
"He saw a carrot and had to grab it,","His hunger growled, no time to dabble.",it,dabble
"He saw a carrot and had to grab it,",For hunger's call he couldn't ignore it.,it,it
"He saw a carrot and had to grab it,","His hunger was loud, and his will was swift.",it,swift
"He saw a carrot and had to grab it,","His hunger growled, and he couldn't stop it.",it,it
"He saw a carrot and had to grab it,","His hunger growled, and his hands moved fast.",it,fast
"He saw a carrot and had to grab it,",For hunger's call he couldn't shun it.,it,it
"He saw a carrot and had to grab it,","His hunger was strong, no time to dawdle.",it,dawdle
"He saw a carrot and had to grab it,","His hunger drove him, no time to dawdle or chat.",it,chat
"He saw a carrot and had to grab it,","His hunger was strong, no time to chat it.",it,it
"He saw a carrot and had to grab it,","His hunger was strong, no time to chat it.",it,it
"He saw a carrot and had to grab it,",For hunger's call he couldn't ignore it.,it,it
"He saw a carrot and had to grab it,","His hunger growled, no time to dawdle.",it,dawdle
"He saw a carrot and had to grab it,",For hunger called and time was slipping fast.,it,fast
"He saw a carrot and had to grab it,","His hunger was strong, no time to chat it.",it,it
"He saw a carrot and had to grab it,","His hunger was loud, and his pockets were flat.",it,flat
"He saw a carrot and had to grab it,","His hunger was strong, no time to dawdle.",it,dawdle
"He saw a carrot and had to grab it,","His hunger urged him, no time to chat it.",it,it
"He saw a carrot and had to grab it,","His hunger growled, there was no lack in it.",it,it
"He saw a carrot and had to grab it,","His hunger was strong, no time to chat it.",it,it
"He saw a carrot and had to grab it,","His hunger growled, and his resolve was flat.",it,flat
"He saw a carrot and had to grab it,",His hunger led him to that vibrant tab.,it,tab
"He saw a carrot and had to grab it,",For hunger's call he couldn't ignore it.,it,it
"He saw a carrot and had to grab it,","His hunger growled, there was no denying it.",it,it
"He saw a carrot and had to grab it,","His hunger was strong, no time to dawdle.",it,dawdle
"He saw a carrot and had to grab it,","For hunger whispered, ""This is what you lack, it!""",it,it
"He saw a carrot and had to grab it,","His hunger led him, no time to dawdle.",it,dawdle
"He saw a carrot and had to grab it,","His hunger drove him, no time to dawdle.",it,dawdle
"He saw a carrot and had to grab it,","His hunger was strong, no time to chat it.",it,it
"He saw a carrot and had to grab it,","His hunger whispered, ""This is what you need!""",it,need
"He saw a carrot and had to grab it,","His hunger drove him, no time to chat it.",it,it
"He saw a carrot and had to grab it,","His hunger was strong, no time to chat it.",it,it
"He saw a carrot and had to grab it,","His hunger growled, he couldn’t stop it.",it,it
"He saw a carrot and had to grab it,","His hunger was loud, and his pockets were flat.",it,flat
"He saw a carrot and had to grab it,","His hunger growled, no time to dawdle.",it,dawdle
"The clouds are gray, the raindrops fall,",A whispered tune the wind can recall.,fall,recall
"The clouds are gray, the raindrops fall,",A whispered hush upon the wall.,fall,wall
"The clouds are gray, the raindrops fall,",A quiet hush upon the wall.,fall,wall
"The clouds are gray, the raindrops fall,",A whispered song the sky does call.,fall,call
"The clouds are gray, the raindrops fall,",A whispered hush upon the wall.,fall,wall
"The clouds are gray, the raindrops fall,",A whispered tune the wind does call.,fall,call
"The clouds are gray, the raindrops fall,",A quiet hush upon the wall.,fall,wall
"The clouds are gray, the raindrops fall,",A whispered tune the wind can call.,fall,call
"The clouds are gray, the raindrops fall,",A whispered tune the wind can call.,fall,call
"The clouds are gray, the raindrops fall,",A whispered tune the wind does call.,fall,call
"The clouds are gray, the raindrops fall,",A quiet hush begins to sprawl.,fall,sprawl
"The clouds are gray, the raindrops fall,",A quiet hush upon the wall.,fall,wall
"The clouds are gray, the raindrops fall,",A whispered hush upon the wall.,fall,wall
"The clouds are gray, the raindrops fall,",A whispered song the wind recalls.,fall,recalls
"The clouds are gray, the raindrops fall,",A whispered song the sky recalls.,fall,recalls
"The clouds are gray, the raindrops fall,",A whispered tune the wind does call.,fall,call
"The clouds are gray, the raindrops fall,",A whispered hush upon the wall.,fall,wall
"The clouds are gray, the raindrops fall,",A whispered tune the wind can call.,fall,call
"The clouds are gray, the raindrops fall,",A whispered tune the wind can call.,fall,call
"The clouds are gray, the raindrops fall,",A whispered song the sky does call.,fall,call
"The clouds are gray, the raindrops fall,",A quiet hush upon the wall.,fall,wall
"The clouds are gray, the raindrops fall,",A whispered song the sky lets fall.,fall,fall
"The clouds are gray, the raindrops fall,",A whispered hush upon the wall.,fall,wall
"The clouds are gray, the raindrops fall,",A whispered hush upon the wall.,fall,wall
"The clouds are gray, the raindrops fall,",A whispered tune the wind can call.,fall,call
"The clouds are gray, the raindrops fall,",A whispered tune the wind can call.,fall,call
"The clouds are gray, the raindrops fall,",A quiet hush upon the wall.,fall,wall
"The clouds are gray, the raindrops fall,",A whispered hush upon the wall.,fall,wall
"The clouds are gray, the raindrops fall,",A quiet hush upon the hall.,fall,hall
"The clouds are gray, the raindrops fall,",A whispered song the skies recall.,fall,recall
"The clouds are gray, the raindrops fall,",A whispered hush upon the wall.,fall,wall
"The clouds are gray, the raindrops fall,",A whispered tune the wind can call.,fall,call
"The clouds are gray, the raindrops fall,",A whispered tune the wind can call.,fall,call
"The clouds are gray, the raindrops fall,",A whispered tune the wind can recall.,fall,recall
"The clouds are gray, the raindrops fall,",A quiet hush upon the wall.,fall,wall
"The clouds are gray, the raindrops fall,",A whispered tune the wind does call.,fall,call
"The clouds are gray, the raindrops fall,",A whispered hush upon the wall.,fall,wall
"The clouds are gray, the raindrops fall,",A whispered tune the wind can call.,fall,call
"The clouds are gray, the raindrops fall,",A gentle hush upon the hall.,fall,hall
"The clouds are gray, the raindrops fall,",A quiet hush upon the wall.,fall,wall
"The clouds are gray, the raindrops fall,",A gentle hush upon the wall.,fall,wall
"The clouds are gray, the raindrops fall,",A whispered hush upon the wall.,fall,wall
"The clouds are gray, the raindrops fall,",A whispered tune the wind does call.,fall,call
"The clouds are gray, the raindrops fall,",A quiet hush descends on all.,fall,all
"The clouds are gray, the raindrops fall,",A whispered song the storm does call.,fall,call
"The clouds are gray, the raindrops fall,",A whispered tune the wind recalls.,fall,recalls
"The clouds are gray, the raindrops fall,",A whispered tune the wind can call.,fall,call
"The clouds are gray, the raindrops fall,",A whispered tune the wind can recall.,fall,recall
"The clouds are gray, the raindrops fall,",A whispered tune the wind can call.,fall,call
"The clouds are gray, the raindrops fall,",A whispered hush upon the hall.,fall,hall
"The clouds are gray, the raindrops fall,",A whispered tune the wind can call.,fall,call
"The clouds are gray, the raindrops fall,",A whispered hush beneath the sprawl.,fall,sprawl
"The clouds are gray, the raindrops fall,",A whispered tune the wind can call.,fall,call
"The clouds are gray, the raindrops fall,",A whispered hush upon the wall.,fall,wall
"The clouds are gray, the raindrops fall,",A whispered song the sky does call.,fall,call
"The clouds are gray, the raindrops fall,",A quiet hush upon the hall.,fall,hall
"The clouds are gray, the raindrops fall,",A whispered song the sky does call.,fall,call
"The clouds are gray, the raindrops fall,",A whispered hush upon the wall.,fall,wall
"The clouds are gray, the raindrops fall,",A whispered hush upon the wall.,fall,wall
"The clouds are gray, the raindrops fall,",A whispered song the wind does call.,fall,call
"The clouds are gray, the raindrops fall,",A whispered song the sky does call.,fall,call
"The clouds are gray, the raindrops fall,","A whispered hush, the world grows small.",fall,small
"The clouds are gray, the raindrops fall,",A whispered song the sky does call.,fall,call
"The clouds are gray, the raindrops fall,",A whispered tune the wind can call.,fall,call
"The clouds are gray, the raindrops fall,",A whispered tune the wind does call.,fall,call
"The clouds are gray, the raindrops fall,",A whispered song the sky does call.,fall,call
"The clouds are gray, the raindrops fall,",A whispered tune the wind can recall.,fall,recall
"The clouds are gray, the raindrops fall,",A whispered hush begins to call.,fall,call
"The clouds are gray, the raindrops fall,",A whispered song the sky lets fall.,fall,fall
"The clouds are gray, the raindrops fall,",A whispered tune the wind recalls.,fall,recalls
"The clouds are gray, the raindrops fall,",A whispered hush upon the wall.,fall,wall
"The clouds are gray, the raindrops fall,",A whispered hush upon the wall.,fall,wall
"The clouds are gray, the raindrops fall,",A whispered hush upon the wall.,fall,wall
"The clouds are gray, the raindrops fall,",A whispered tune the wind does call.,fall,call
"The clouds are gray, the raindrops fall,",A whispered tune the wind can call.,fall,call
"The clouds are gray, the raindrops fall,",A whispered tune the wind can call.,fall,call
"The clouds are gray, the raindrops fall,",A whispered tune the wind can call.,fall,call
"The clouds are gray, the raindrops fall,",A whispered hush upon the wall.,fall,wall
"The clouds are gray, the raindrops fall,",A whispered tune the wind recalls.,fall,recalls
"The clouds are gray, the raindrops fall,",A whispered tune the wind can call.,fall,call
"The clouds are gray, the raindrops fall,",A whispered tune the wind recalls.,fall,recalls
"The clouds are gray, the raindrops fall,",A quiet hush descends on all.,fall,all
"The clouds are gray, the raindrops fall,",A whispered hush upon the hall.,fall,hall
"The clouds are gray, the raindrops fall,",A whispered song the sky does call.,fall,call
"The clouds are gray, the raindrops fall,",A quiet hush upon the wall.,fall,wall
"The clouds are gray, the raindrops fall,",A whispered song the sky does call.,fall,call
"The clouds are gray, the raindrops fall,",A whispered tune the wind does call.,fall,call
"The clouds are gray, the raindrops fall,",A quiet hush upon the wall.,fall,wall
"The clouds are gray, the raindrops fall,",A whispered tune the wind does call.,fall,call
"The clouds are gray, the raindrops fall,",A whispered hush upon the wall.,fall,wall
"The clouds are gray, the raindrops fall,",A whispered hush upon the wall.,fall,wall
"The clouds are gray, the raindrops fall,",A whispered tune the wind does call.,fall,call
"The clouds are gray, the raindrops fall,",A whispered tune the wind can call.,fall,call
"The clouds are gray, the raindrops fall,",A whispered hush upon the wall.,fall,wall
"The clouds are gray, the raindrops fall,",A whispered tune the wind does call.,fall,call
"The clouds are gray, the raindrops fall,",A whispered hush upon the wall.,fall,wall
"The clouds are gray, the raindrops fall,",A quiet hush upon the hall.,fall,hall
"The clouds are gray, the raindrops fall,",A whispered song the sky lets fall.,fall,fall
"The clouds are gray, the raindrops fall,",A whispered hush begins to call.,fall,call
"The clouds are gray, the raindrops fall,",A whispered song the sky does call.,fall,call
"The clouds are gray, the raindrops fall,",A whispered tune the wind does call.,fall,call
"The clouds are gray, the raindrops fall,",A whispered tune the wind can call.,fall,call
"The clouds are gray, the raindrops fall,",A whispered hush upon the hall.,fall,hall
"The clouds are gray, the raindrops fall,",A whispered tune the wind recalls.,fall,recalls
"The clouds are gray, the raindrops fall,",A whispered hush upon the wall.,fall,wall
"The clouds are gray, the raindrops fall,",A whispered hush upon the wall.,fall,wall
"The clouds are gray, the raindrops fall,",A quiet hush upon the wall.,fall,wall
"The clouds are gray, the raindrops fall,",A whispered tune the wind does call.,fall,call
"The clouds are gray, the raindrops fall,",A quiet hush begins to call.,fall,call
"The clouds are gray, the raindrops fall,",A whispered tune the wind can call.,fall,call
"The clouds are gray, the raindrops fall,",A whispered tune the wind does call.,fall,call
"The clouds are gray, the raindrops fall,",A whispered hush upon the wall.,fall,wall
"The clouds are gray, the raindrops fall,",A whispered hush beneath the tall.,fall,tall
"The clouds are gray, the raindrops fall,",A whispered hush upon the wall.,fall,wall
"The clouds are gray, the raindrops fall,",A whispered tune the wind does call.,fall,call
"The clouds are gray, the raindrops fall,",A whispered tune the wind can call.,fall,call
"The clouds are gray, the raindrops fall,",A quiet hush upon the wall.,fall,wall
"The clouds are gray, the raindrops fall,",A gentle hush upon the wall.,fall,wall
"The clouds are gray, the raindrops fall,",A whispered song the sky recalls.,fall,recalls
"The clouds are gray, the raindrops fall,",A whispered song the sky does call.,fall,call
"The clouds are gray, the raindrops fall,",A whispered tune the wind can call.,fall,call
"The clouds are gray, the raindrops fall,",A whispered tune the wind does call.,fall,call
"The clouds are gray, the raindrops fall,",A whispered tune the wind can recall.,fall,recall
"The clouds are gray, the raindrops fall,",A quiet hush begins to call.,fall,call
"The clouds are gray, the raindrops fall,",A whispered tune the wind can call.,fall,call
"The clouds are gray, the raindrops fall,",A gentle hush upon the wall.,fall,wall
"The clouds are gray, the raindrops fall,",A gentle hush upon the wall.,fall,wall
"The clouds are gray, the raindrops fall,",A whispered song the sky lets fall.,fall,fall
"The clouds are gray, the raindrops fall,",A whispered hush upon the wall.,fall,wall
"The clouds are gray, the raindrops fall,",A whispered hush upon the wall.,fall,wall
"The clouds are gray, the raindrops fall,",A whispered tune the wind does call.,fall,call
"The clouds are gray, the raindrops fall,",A whispered hush beneath the sprawl.,fall,sprawl
"The clouds are gray, the raindrops fall,",A gentle hush upon the wall.,fall,wall
"The clouds are gray, the raindrops fall,",A quiet hush upon the wall.,fall,wall
"The clouds are gray, the raindrops fall,",A whispered song the sky does call.,fall,call
"The clouds are gray, the raindrops fall,",A whispered tune the wind can call.,fall,call
"The clouds are gray, the raindrops fall,",A whispered hush upon the wall.,fall,wall
"The clouds are gray, the raindrops fall,",A whispered hush upon the wall.,fall,wall
"The clouds are gray, the raindrops fall,",A whispered tune the winds recall.,fall,recall
"The clouds are gray, the raindrops fall,",A whispered tune the wind recalls.,fall,recalls
"The clouds are gray, the raindrops fall,",A whispered hush beneath the hall.,fall,hall
"The clouds are gray, the raindrops fall,",A whispered tune the wind does call.,fall,call
"The clouds are gray, the raindrops fall,",A whispered tune the wind recalls.,fall,recalls
"The clouds are gray, the raindrops fall,",A whispered hush upon the wall.,fall,wall
"The clouds are gray, the raindrops fall,",A whispered song the skies recall.,fall,recall
"The clouds are gray, the raindrops fall,",A whispered tune the wind can call.,fall,call
"The clouds are gray, the raindrops fall,",A quiet hush upon the hall.,fall,hall
"The clouds are gray, the raindrops fall,",A quiet hush upon the wall.,fall,wall
"The clouds are gray, the raindrops fall,",A whispered tune the wind can recall.,fall,recall
"The clouds are gray, the raindrops fall,",A whispered song the wind recalls.,fall,recalls
"The clouds are gray, the raindrops fall,",A whispered song the wind recalls.,fall,recalls
"The clouds are gray, the raindrops fall,",A whispered song the sky does call.,fall,call
"The clouds are gray, the raindrops fall,",A whispered tune the wind does call.,fall,call
"The clouds are gray, the raindrops fall,",A quiet hush begins to call.,fall,call
"The clouds are gray, the raindrops fall,",A whispered tune the wind recalls.,fall,recalls
"The clouds are gray, the raindrops fall,",A whispered tune the wind recalls.,fall,recalls
"The clouds are gray, the raindrops fall,",A quiet hush upon the wall.,fall,wall
"The clouds are gray, the raindrops fall,",A whispered tune the wind can call.,fall,call
"The clouds are gray, the raindrops fall,",A whispered song the sky does call.,fall,call
"The clouds are gray, the raindrops fall,",A whispered tune the wind recalls.,fall,recalls
"The clouds are gray, the raindrops fall,",A whispered tune the wind does call.,fall,call
"The clouds are gray, the raindrops fall,",A whispered tune the winds recall.,fall,recall
"The clouds are gray, the raindrops fall,",A quiet hush upon the wall.,fall,wall
"The clouds are gray, the raindrops fall,",A whispered hush upon the wall.,fall,wall
"The clouds are gray, the raindrops fall,",A quiet hush upon the hall.,fall,hall
"The clouds are gray, the raindrops fall,",A gentle hush upon the wall.,fall,wall
"The clouds are gray, the raindrops fall,",A whispered tune the wind recalls.,fall,recalls
"The clouds are gray, the raindrops fall,",A whispered tune the wind does call.,fall,call
"The clouds are gray, the raindrops fall,",A whispered hush upon the wall.,fall,wall
"The clouds are gray, the raindrops fall,",A whispered tune the wind can call.,fall,call
"The clouds are gray, the raindrops fall,",A whispered song the storm does call.,fall,call
"The clouds are gray, the raindrops fall,",A whispered hush upon the wall.,fall,wall
"The clouds are gray, the raindrops fall,",A whispered hush upon the wall.,fall,wall
"The clouds are gray, the raindrops fall,",A whispered hush upon the hall.,fall,hall
"The clouds are gray, the raindrops fall,",A whispered song the sky recalls.,fall,recalls
"The clouds are gray, the raindrops fall,",A whispered song the sky does call.,fall,call
"The clouds are gray, the raindrops fall,",A whispered song the storm does call.,fall,call
"The clouds are gray, the raindrops fall,",A whispered hush upon the wall.,fall,wall
"The clouds are gray, the raindrops fall,",A whispered tune the wind can call.,fall,call
"The clouds are gray, the raindrops fall,",A whispered tune the wind recalls.,fall,recalls
"The clouds are gray, the raindrops fall,",A quiet hush begins to call.,fall,call
"The clouds are gray, the raindrops fall,",A whispered song the sky does call.,fall,call
"The clouds are gray, the raindrops fall,",A whispered tune the wind does call.,fall,call
"The clouds are gray, the raindrops fall,",A whispered tune the winds recall.,fall,recall
"The clouds are gray, the raindrops fall,",A whispered tune the wind can call.,fall,call
"The clouds are gray, the raindrops fall,",A quiet hush upon the wall.,fall,wall
"The clouds are gray, the raindrops fall,",A whispered tune the wind does call.,fall,call
"The clouds are gray, the raindrops fall,",A whispered hush upon the wall.,fall,wall
"The clouds are gray, the raindrops fall,",A whispered tune the wind can call.,fall,call
"The clouds are gray, the raindrops fall,",A whispered tune the wind does call.,fall,call
"The clouds are gray, the raindrops fall,",A whispered hush upon the wall.,fall,wall
"The clouds are gray, the raindrops fall,",A whispered tune the wind does call.,fall,call
"The clouds are gray, the raindrops fall,",A whispered song the storm does call.,fall,call
"The clouds are gray, the raindrops fall,",A whispered tune the wind can call.,fall,call
"The clouds are gray, the raindrops fall,",A whispered tune the wind can call.,fall,call
"The clouds are gray, the raindrops fall,",A quiet hush begins to call.,fall,call
"The clouds are gray, the raindrops fall,",A gentle hush upon the wall.,fall,wall
"The clouds are gray, the raindrops fall,",A whispered hush upon the wall.,fall,wall
"The clouds are gray, the raindrops fall,",A whispered hush upon the wall.,fall,wall
"The clouds are gray, the raindrops fall,",A whispered song the sky does call.,fall,call
"The clouds are gray, the raindrops drop,",A gentle hush upon the crop.,drop,crop
"The clouds are gray, the raindrops drop,",A whispered hush upon the crop.,drop,crop
"The clouds are gray, the raindrops drop,",A silent hush upon the crop.,drop,crop
"The clouds are gray, the raindrops drop,",A silent hush upon the crop.,drop,crop
"The clouds are gray, the raindrops drop,",A quiet hush begins to crop.,drop,crop
"The clouds are gray, the raindrops drop,",A quiet hush upon the crop.,drop,crop
"The clouds are gray, the raindrops drop,",A quiet hush upon the crop.,drop,crop
"The clouds are gray, the raindrops drop,",A gentle hush upon the crop.,drop,crop
"The clouds are gray, the raindrops drop,",A quiet hush upon the crop.,drop,crop
"The clouds are gray, the raindrops drop,",A whispered hush upon the crop.,drop,crop
"The clouds are gray, the raindrops drop,",A quiet hush upon the crop.,drop,crop
"The clouds are gray, the raindrops drop,",A quiet hush upon the crop.,drop,crop
"The clouds are gray, the raindrops drop,",A whispered hush upon the crop.,drop,crop
"The clouds are gray, the raindrops drop,",A quiet hush upon the crop.,drop,crop
"The clouds are gray, the raindrops drop,",A gentle hush upon the crop.,drop,crop
"The clouds are gray, the raindrops drop,",A silent hush upon the crop.,drop,crop
"The clouds are gray, the raindrops drop,",A gentle hush upon the crop.,drop,crop
"The clouds are gray, the raindrops drop,",A quiet hush upon the crop.,drop,crop
"The clouds are gray, the raindrops drop,",A whispered hush upon the crop.,drop,crop
"The clouds are gray, the raindrops drop,",A whispered hush upon the crop.,drop,crop
"The clouds are gray, the raindrops drop,",A silent hush upon the crop.,drop,crop
"The clouds are gray, the raindrops drop,",A quiet hush upon the crop.,drop,crop
"The clouds are gray, the raindrops drop,",A quiet hush upon the crop.,drop,crop
"The clouds are gray, the raindrops drop,",A gentle hush upon the crop.,drop,crop
"The clouds are gray, the raindrops drop,",A whispered hush upon the crop.,drop,crop
"The clouds are gray, the raindrops drop,",A quiet hush upon the crop.,drop,crop
"The clouds are gray, the raindrops drop,",A quiet hush upon the crop.,drop,crop
"The clouds are gray, the raindrops drop,","A whispered hush, the world feels soft.",drop,soft
"The clouds are gray, the raindrops drop,","A whispered hush, the world grows soft.",drop,soft
"The clouds are gray, the raindrops drop,",A gentle hush upon the crop.,drop,crop
"The clouds are gray, the raindrops drop,",A whispered tune the wind can't stop.,drop,stop
"The clouds are gray, the raindrops drop,",A quiet hush upon the crop.,drop,crop
"The clouds are gray, the raindrops drop,",A silent hush upon the crop.,drop,crop
"The clouds are gray, the raindrops drop,",A quiet hush upon the crop.,drop,crop
"The clouds are gray, the raindrops drop,",A gentle hush upon the crop.,drop,crop
"The clouds are gray, the raindrops drop,",A quiet hush upon the crop.,drop,crop
"The clouds are gray, the raindrops drop,",A whispered hush upon the crop.,drop,crop
"The clouds are gray, the raindrops drop,",A silent hush upon the crop.,drop,crop
"The clouds are gray, the raindrops drop,",A quiet hush begins to crop.,drop,crop
"The clouds are gray, the raindrops drop,",A quiet hush upon the crop.,drop,crop
"The clouds are gray, the raindrops drop,",A gentle hush upon the crop.,drop,crop
"The clouds are gray, the raindrops drop,",A gentle hush upon the crop.,drop,crop
"The clouds are gray, the raindrops drop,",A whispered song the skies compose.,drop,compose
"The clouds are gray, the raindrops drop,",A quiet hush upon the crop.,drop,crop
"The clouds are gray, the raindrops drop,",A gentle hush upon the crop.,drop,crop
"The clouds are gray, the raindrops drop,","A whispered hush, the world grows soft.",drop,soft
"The clouds are gray, the raindrops drop,",A quiet hush upon the crop.,drop,crop
"The clouds are gray, the raindrops drop,",A quiet hush begins to crop.,drop,crop
"The clouds are gray, the raindrops drop,",A whispered hush upon the crop.,drop,crop
"The clouds are gray, the raindrops drop,",A gentle hush upon the crop.,drop,crop
"The clouds are gray, the raindrops drop,",A quiet hush begins to crop.,drop,crop
"The clouds are gray, the raindrops drop,",A quiet hush upon the crop.,drop,crop
"The clouds are gray, the raindrops drop,",A whispered hush upon the crop.,drop,crop
"The clouds are gray, the raindrops drop,","A whispered hush, the world grows cold.",drop,cold
"The clouds are gray, the raindrops drop,",A quiet hush upon the crop.,drop,crop
"The clouds are gray, the raindrops drop,",A silent hush upon the crop.,drop,crop
"The clouds are gray, the raindrops drop,",A quiet hush upon the crop.,drop,crop
"The clouds are gray, the raindrops drop,",A whispered hush upon the crop.,drop,crop
"The clouds are gray, the raindrops drop,",A silent hush upon the crop.,drop,crop
"The clouds are gray, the raindrops drop,",A silent hush upon the crop.,drop,crop
"The clouds are gray, the raindrops drop,",A whispered hush upon the crop.,drop,crop
"The clouds are gray, the raindrops drop,",A quiet hush upon the crop.,drop,crop
"The clouds are gray, the raindrops drop,",A gentle hush upon the crop.,drop,crop
"The clouds are gray, the raindrops drop,","A whispered hush, the world grows soft.",drop,soft
"The clouds are gray, the raindrops drop,",A whispered hush upon the crop.,drop,crop
"The clouds are gray, the raindrops drop,",A whispered song the skies compose.,drop,compose
"The clouds are gray, the raindrops drop,",A quiet hush begins to crop.,drop,crop
"The clouds are gray, the raindrops drop,",A whispered hush upon the crop.,drop,crop
"The clouds are gray, the raindrops drop,",A gentle hush begins to stop.,drop,stop
"The clouds are gray, the raindrops drop,",A quiet hush upon the crop.,drop,crop
"The clouds are gray, the raindrops drop,",A gentle hush upon the crop.,drop,crop
"The clouds are gray, the raindrops drop,",A whispered hush upon the crop.,drop,crop
"The clouds are gray, the raindrops drop,",A gentle hush upon the crop.,drop,crop
"The clouds are gray, the raindrops drop,",A whispered song the sky still hopes.,drop,hopes
"The clouds are gray, the raindrops drop,",A quiet hush upon the crop.,drop,crop
"The clouds are gray, the raindrops drop,",A quiet hush upon the crop.,drop,crop
"The clouds are gray, the raindrops drop,",A silent hush upon the crop.,drop,crop
"The clouds are gray, the raindrops drop,",A quiet hush begins to crop.,drop,crop
"The clouds are gray, the raindrops drop,",A silent hush upon the crop.,drop,crop
"The clouds are gray, the raindrops drop,",A whispered song the sky has stopped.,drop,stopped
"The clouds are gray, the raindrops drop,",A quiet hush begins to crop.,drop,crop
"The clouds are gray, the raindrops drop,",A quiet hush upon the crop.,drop,crop
"The clouds are gray, the raindrops drop,",A gentle hush upon the crop.,drop,crop
"The clouds are gray, the raindrops drop,",A quiet hush upon the crop.,drop,crop
"The clouds are gray, the raindrops drop,",A gentle hush upon the crop.,drop,crop
"The clouds are gray, the raindrops drop,",A whispered hush upon the crop.,drop,crop
"The clouds are gray, the raindrops drop,",A quiet hush upon the crop.,drop,crop
"The clouds are gray, the raindrops drop,",A silent hush upon the crop.,drop,crop
"The clouds are gray, the raindrops drop,",A quiet hush upon the crop.,drop,crop
"The clouds are gray, the raindrops drop,",A gentle hush upon the crop.,drop,crop
"The clouds are gray, the raindrops drop,",A whispered hush upon the crop.,drop,crop
"The clouds are gray, the raindrops drop,",A whispered hush upon the crop.,drop,crop
"The clouds are gray, the raindrops drop,",A quiet hush begins to stop.,drop,stop
"The clouds are gray, the raindrops drop,",A quiet hush upon the crop.,drop,crop
"The clouds are gray, the raindrops drop,",A quiet hush upon the crop.,drop,crop
"The clouds are gray, the raindrops drop,",A quiet hush begins to crop.,drop,crop
"The clouds are gray, the raindrops drop,",A whispered hush upon the crop.,drop,crop
"The clouds are gray, the raindrops drop,",A quiet hush upon the crop.,drop,crop
"The clouds are gray, the raindrops drop,",A quiet hush upon the crop.,drop,crop
"The clouds are gray, the raindrops drop,",A quiet hush upon the crop.,drop,crop
"The clouds are gray, the raindrops drop,",A quiet hush begins to crop.,drop,crop
"The clouds are gray, the raindrops drop,",A quiet hush upon the crop.,drop,crop
"The clouds are gray, the raindrops drop,","A whispered hush, the world grows soft.",drop,soft
"The clouds are gray, the raindrops drop,",A quiet hush upon the crop.,drop,crop
"The clouds are gray, the raindrops drop,",A quiet hush upon the crop.,drop,crop
"The clouds are gray, the raindrops drop,",A quiet hush upon the crop.,drop,crop
"The clouds are gray, the raindrops drop,",A silent hush upon the crop.,drop,crop
"The clouds are gray, the raindrops drop,",A gentle hush upon the crop.,drop,crop
"The clouds are gray, the raindrops drop,",A gentle hush upon the crop.,drop,crop
"The clouds are gray, the raindrops drop,",A gentle hush upon the crop.,drop,crop
"The clouds are gray, the raindrops drop,",A quiet hush upon the crop.,drop,crop
"The clouds are gray, the raindrops drop,",A whispered hush upon the crop.,drop,crop
"The clouds are gray, the raindrops drop,",A quiet hush upon the crop.,drop,crop
"The clouds are gray, the raindrops drop,",A gentle hush upon the crop.,drop,crop
"The clouds are gray, the raindrops drop,",A quiet hush upon the crop.,drop,crop
"The clouds are gray, the raindrops drop,",A silent hush upon the crop.,drop,crop
"The clouds are gray, the raindrops drop,",A quiet hush upon the crop.,drop,crop
"The clouds are gray, the raindrops drop,",A silent hush upon the crop.,drop,crop
"The clouds are gray, the raindrops drop,",A whispered hush upon the crop.,drop,crop
"The clouds are gray, the raindrops drop,",A quiet hush upon the crop.,drop,crop
"The clouds are gray, the raindrops drop,",A quiet hush upon the crop.,drop,crop
"The clouds are gray, the raindrops drop,",A gentle hush upon the crop.,drop,crop
"The clouds are gray, the raindrops drop,",A gentle hush upon the crop.,drop,crop
"The clouds are gray, the raindrops drop,",A silent hush upon the crop.,drop,crop
"The clouds are gray, the raindrops drop,",A quiet hush upon the crop.,drop,crop
"The clouds are gray, the raindrops drop,",A quiet hush upon the crop.,drop,crop
"The clouds are gray, the raindrops drop,",A whispered hush upon the crop.,drop,crop
"The clouds are gray, the raindrops drop,",A gentle hush upon the crop.,drop,crop
"The clouds are gray, the raindrops drop,",A quiet hush upon the crop.,drop,crop
"The clouds are gray, the raindrops drop,",A silent hush upon the crop.,drop,crop
"The clouds are gray, the raindrops drop,",A gentle hush upon the crop.,drop,crop
"The clouds are gray, the raindrops drop,",A gentle hush upon the crop.,drop,crop
"The clouds are gray, the raindrops drop,",A quiet hush upon the crop.,drop,crop
"The clouds are gray, the raindrops drop,",A gentle hush upon the crop.,drop,crop
"The clouds are gray, the raindrops drop,",A whispered hush upon the crop.,drop,crop
"The clouds are gray, the raindrops drop,",A quiet hush upon the crop.,drop,crop
"The clouds are gray, the raindrops drop,","A whispered hush, the world looks soft.",drop,soft
"The clouds are gray, the raindrops drop,",A quiet hush upon the crop.,drop,crop
"The clouds are gray, the raindrops drop,",A quiet hush upon the crop.,drop,crop
"The clouds are gray, the raindrops drop,",A gentle hush upon the crop.,drop,crop
"The clouds are gray, the raindrops drop,",A whispered song the sky still hopes.,drop,hopes
"The clouds are gray, the raindrops drop,",A quiet hush upon the crop.,drop,crop
"The clouds are gray, the raindrops drop,",A whispered hush upon the crop.,drop,crop
"The clouds are gray, the raindrops drop,",A silent hush upon the crop.,drop,crop
"The clouds are gray, the raindrops drop,",A quiet hush upon the crop.,drop,crop
"The clouds are gray, the raindrops drop,",A silent hush upon the crop.,drop,crop
"The clouds are gray, the raindrops drop,",A quiet hush upon the crop.,drop,crop
"The clouds are gray, the raindrops drop,","A whispered hush, the world grows soft.",drop,soft
"The clouds are gray, the raindrops drop,",A silent hush upon the crop.,drop,crop
"The clouds are gray, the raindrops drop,",A whispered hush upon the crop.,drop,crop
"The clouds are gray, the raindrops drop,",A quiet hush upon the crop.,drop,crop
"The clouds are gray, the raindrops drop,",A gentle hush upon the crop.,drop,crop
"The clouds are gray, the raindrops drop,",A whispered hush upon the crop.,drop,crop
"The clouds are gray, the raindrops drop,",A quiet hush upon the crop.,drop,crop
"The clouds are gray, the raindrops drop,",A whispered hush upon the crop.,drop,crop
"The clouds are gray, the raindrops drop,",A whispered hush upon the crop.,drop,crop
"The clouds are gray, the raindrops drop,",A whispered hush upon the crop.,drop,crop
"The clouds are gray, the raindrops drop,",A gentle hush upon the crop.,drop,crop
"The clouds are gray, the raindrops drop,",A silent hush upon the crop.,drop,crop
"The clouds are gray, the raindrops drop,",A silent hush upon the crop.,drop,crop
"The clouds are gray, the raindrops drop,","A whispered hush, the world grows soft.",drop,soft
"The clouds are gray, the raindrops drop,",A gentle hush upon the crop.,drop,crop
"The clouds are gray, the raindrops drop,",A gentle hush upon the crop.,drop,crop
"The clouds are gray, the raindrops drop,",A silent song the sky can't stop.,drop,stop
"The clouds are gray, the raindrops drop,",A quiet hush upon the crop.,drop,crop
"The clouds are gray, the raindrops drop,",A silent hush upon the crop.,drop,crop
"The clouds are gray, the raindrops drop,",A quiet hush upon the crop.,drop,crop
"The clouds are gray, the raindrops drop,",A quiet hush begins to crop.,drop,crop
"The clouds are gray, the raindrops drop,",A quiet hush upon the crop.,drop,crop
"The clouds are gray, the raindrops drop,",A quiet hush upon the crop.,drop,crop
"The clouds are gray, the raindrops drop,",A quiet hush begins to stop.,drop,stop
"The clouds are gray, the raindrops drop,",A quiet hush upon the crop.,drop,crop
"The clouds are gray, the raindrops drop,",A whispered hush upon the crop.,drop,crop
"The clouds are gray, the raindrops drop,","A whispered hush, the world grows soft.",drop,soft
"The clouds are gray, the raindrops drop,",A whispered hush upon the crop.,drop,crop
"The clouds are gray, the raindrops drop,",A whispered tune the wind can't stop.,drop,stop
"The clouds are gray, the raindrops drop,",A quiet hush upon the crop.,drop,crop
"The clouds are gray, the raindrops drop,",A whispered hush upon the crop.,drop,crop
"The clouds are gray, the raindrops drop,",A whispered hush upon the crop.,drop,crop
"The clouds are gray, the raindrops drop,",A silent hush upon the crop.,drop,crop
"The clouds are gray, the raindrops drop,",A whispered hush upon the crop.,drop,crop
"The clouds are gray, the raindrops drop,",A quiet hush upon the crop.,drop,crop
"The clouds are gray, the raindrops drop,",A quiet hush upon the crop.,drop,crop
"The clouds are gray, the raindrops drop,",A quiet hush upon the crop.,drop,crop
"The clouds are gray, the raindrops drop,",A gentle hush upon the crop.,drop,crop
"The clouds are gray, the raindrops drop,",A gentle hush upon the crop.,drop,crop
"The clouds are gray, the raindrops drop,",A quiet hush upon the crop.,drop,crop
"The clouds are gray, the raindrops drop,",A quiet hush upon the crop.,drop,crop
"The clouds are gray, the raindrops drop,",A gentle hush upon the crop.,drop,crop
"The clouds are gray, the raindrops drop,",A silent hush upon the crop.,drop,crop
"The clouds are gray, the raindrops drop,",A quiet hush upon the crop.,drop,crop
"The clouds are gray, the raindrops drop,",A whispered hush upon the crop.,drop,crop
"The clouds are gray, the raindrops drop,",A quiet hush upon the crop.,drop,crop
"The clouds are gray, the raindrops drop,",A gentle hush upon the crop.,drop,crop
"The clouds are gray, the raindrops drop,",A gentle hush upon the crop.,drop,crop
"The clouds are gray, the raindrops drop,",A quiet hush upon the crop.,drop,crop
"The clouds are gray, the raindrops drop,",A whispered hush upon the crop.,drop,crop
"The clouds are gray, the raindrops drop,",A quiet hush upon the crop.,drop,crop
"The clouds are gray, the raindrops drop,",A whispered hush upon the crop.,drop,crop
"The clouds are gray, the raindrops drop,",A silent hush begins to crop.,drop,crop
"The clouds are gray, the raindrops plunge,",A somber song the sky still clings.,plunge,clings
"The clouds are gray, the raindrops plunge,",A whispered song the thunder stung.,plunge,stung
"The clouds are gray, the raindrops plunge,",A silent storm beneath the tongue.,plunge,tongue
"The clouds are gray, the raindrops plunge,",A somber song the skies still thrum.,plunge,thrum
"The clouds are gray, the raindrops plunge,",A silent hymn the sky still stings.,plunge,stings
"The clouds are gray, the raindrops plunge,",A whispered storm in nature's tongue.,plunge,tongue
"The clouds are gray, the raindrops plunge,",A silent song the storm does sing.,plunge,sing
"The clouds are gray, the raindrops plunge,",The world is wrapped in a somber hush.,plunge,hush
"The clouds are gray, the raindrops plunge,",A whispered song the storm will sing.,plunge,sing
"The clouds are gray, the raindrops plunge,",A somber song the storm still sung.,plunge,sung
"The clouds are gray, the raindrops plunge,",A somber dance upon the tongue.,plunge,tongue
"The clouds are gray, the raindrops plunge,",The world is wrapped in a silent hush.,plunge,hush
"The clouds are gray, the raindrops plunge,",The world is hushed in nature's hush.,plunge,hush
"The clouds are gray, the raindrops plunge,",The world is hushed in nature's hush.,plunge,hush
"The clouds are gray, the raindrops plunge,",A whispered storm in nature's surge.,plunge,surge
"The clouds are gray, the raindrops plunge,",A somber song the storm does sing.,plunge,sing
"The clouds are gray, the raindrops plunge,",A whispered storm in nature's tongue.,plunge,tongue
"The clouds are gray, the raindrops plunge,",A somber hymn the sky still sung.,plunge,sung
"The clouds are gray, the raindrops plunge,",A somber song the sky still clings.,plunge,clings
"The clouds are gray, the raindrops plunge,",A somber hymn the sky does sing.,plunge,sing
"The clouds are gray, the raindrops plunge,",A somber song the storm does sing.,plunge,sing
"The clouds are gray, the raindrops plunge,",The world is hushed in nature's hush.,plunge,hush
"The clouds are gray, the raindrops plunge,",A somber song the storm still sung.,plunge,sung
"The clouds are gray, the raindrops plunge,",A whispered storm beneath the fence.,plunge,fence
"The clouds are gray, the raindrops plunge,",The world is hushed in nature's hush.,plunge,hush
"The clouds are gray, the raindrops plunge,",A somber song the storm does sung.,plunge,sung
"The clouds are gray, the raindrops plunge,",A whispered storm begins to sing.,plunge,sing
"The clouds are gray, the raindrops plunge,",A somber song the storm still clings.,plunge,clings
"The clouds are gray, the raindrops plunge,",The world is hushed in nature's hush.,plunge,hush
"The clouds are gray, the raindrops plunge,",A silent song the storm still stung.,plunge,stung
"The clouds are gray, the raindrops plunge,",The world is hushed in nature's hush.,plunge,hush
"The clouds are gray, the raindrops plunge,",The world is hushed in nature's hush.,plunge,hush
"The clouds are gray, the raindrops plunge,",A somber song the storm does sing.,plunge,sing
"The clouds are gray, the raindrops plunge,","The thunder rolls, the storm takes charge.",plunge,charge
"The clouds are gray, the raindrops plunge,",A whispered storm in nature's throng.,plunge,throng
"The clouds are gray, the raindrops plunge,",A whispered storm beneath the tongue.,plunge,tongue
"The clouds are gray, the raindrops plunge,",A silent storm upon the landscape hangs.,plunge,hangs
"The clouds are gray, the raindrops plunge,",A whispered storm through the night it stung.,plunge,stung
"The clouds are gray, the raindrops plunge,",A silent song the storm still sung.,plunge,sung
"The clouds are gray, the raindrops plunge,",A whispered storm beneath the tongue.,plunge,tongue
"The clouds are gray, the raindrops plunge,",A silent hymn the storm does sing.,plunge,sing
"The clouds are gray, the raindrops plunge,",A silent song the storm does sing.,plunge,sing
"The clouds are gray, the raindrops plunge,",The world is hushed in nature's hush.,plunge,hush
"The clouds are gray, the raindrops plunge,",A whispered song the thunder stings.,plunge,stings
"The clouds are gray, the raindrops plunge,",The world is hushed in nature's hush.,plunge,hush
"The clouds are gray, the raindrops plunge,",A somber song the storm does sing.,plunge,sing
"The clouds are gray, the raindrops plunge,",A whispered storm through the trees it throng.,plunge,throng
"The clouds are gray, the raindrops plunge,",A whispered song the thunder sung.,plunge,sung
"The clouds are gray, the raindrops plunge,",The world is wrapped in a somber hush.,plunge,hush
"The clouds are gray, the raindrops plunge,","The thunder rolls, the storm takes charge.",plunge,charge
"The clouds are gray, the raindrops plunge,",A silent hymn the sky still stung.,plunge,stung
"The clouds are gray, the raindrops plunge,",A somber hymn the heavens sing.,plunge,sing
"The clouds are gray, the raindrops plunge,",A whispered song the storm still stung.,plunge,stung
"The clouds are gray, the raindrops plunge,",The world is wrapped in a somber hush.,plunge,hush
"The clouds are gray, the raindrops plunge,",A whispered song the storm will sing.,plunge,sing
"The clouds are gray, the raindrops plunge,",A whispered storm in nature's tongue.,plunge,tongue
"The clouds are gray, the raindrops plunge,",A whispered storm in nature's surge.,plunge,surge
"The clouds are gray, the raindrops plunge,",The world is hushed in nature's hush.,plunge,hush
"The clouds are gray, the raindrops plunge,",A somber sky with thunder's surge.,plunge,surge
"The clouds are gray, the raindrops plunge,",A whispered storm in nature's tongue.,plunge,tongue
"The clouds are gray, the raindrops plunge,",A somber song the storm does sing.,plunge,sing
"The clouds are gray, the raindrops plunge,",A somber song the skies still sing.,plunge,sing
"The clouds are gray, the raindrops plunge,",A silent storm upon the land it drenches.,plunge,drenches
"The clouds are gray, the raindrops plunge,",A whispered storm begins to surge.,plunge,surge
"The clouds are gray, the raindrops plunge,","The thunder roars, the skies grow young.",plunge,young
"The clouds are gray, the raindrops plunge,",The world is hushed in nature's hush.,plunge,hush
"The clouds are gray, the raindrops plunge,",A whispered storm in nature's surge.,plunge,surge
"The clouds are gray, the raindrops plunge,",A somber song the storm does sing.,plunge,sing
"The clouds are gray, the raindrops plunge,",A somber song the storm still sung.,plunge,sung
"The clouds are gray, the raindrops plunge,",The world is hushed in nature's hush.,plunge,hush
"The clouds are gray, the raindrops plunge,",A whispered storm beneath the fence.,plunge,fence
"The clouds are gray, the raindrops plunge,",A somber song the storm still clings.,plunge,clings
"The clouds are gray, the raindrops plunge,",The world is hushed in nature's hush.,plunge,hush
"The clouds are gray, the raindrops plunge,",The world is hushed in nature's hush.,plunge,hush
"The clouds are gray, the raindrops plunge,",A silent song the storm still sung.,plunge,sung
"The clouds are gray, the raindrops plunge,",The thunder speaks in nature's tongue.,plunge,tongue
"The clouds are gray, the raindrops plunge,",A whispered song the storm will sing.,plunge,sing
"The clouds are gray, the raindrops plunge,",A whispered song the thunder hums.,plunge,hums
"The clouds are gray, the raindrops plunge,",A somber song the storm still sung.,plunge,sung
"The clouds are gray, the raindrops plunge,",The world is hushed in nature's hush.,plunge,hush
"The clouds are gray, the raindrops plunge,",A silent song the storm does sing.,plunge,sing
"The clouds are gray, the raindrops plunge,",The world is hushed in nature's hush.,plunge,hush
"The clouds are gray, the raindrops plunge,",The world is hushed in nature's hush.,plunge,hush
"The clouds are gray, the raindrops plunge,",The world is wrapped in a solemn hush.,plunge,hush
"The clouds are gray, the raindrops plunge,",The world is hushed in nature's hush.,plunge,hush
"The clouds are gray, the raindrops plunge,",A whispered storm beneath the steeple's hush.,plunge,hush
"The clouds are gray, the raindrops plunge,",A somber song the sky still sung.,plunge,sung
"The clouds are gray, the raindrops plunge,",A somber song the skies still sing.,plunge,sing
"The clouds are gray, the raindrops plunge,",A whispered song the thunder stirs the young.,plunge,young
"The clouds are gray, the raindrops plunge,",A whispered storm begins to surge and throng.,plunge,throng
"The clouds are gray, the raindrops plunge,",A somber song the storm does sung.,plunge,sung
"The clouds are gray, the raindrops plunge,",A whispered storm in nature's tongue.,plunge,tongue
"The clouds are gray, the raindrops plunge,",A whispered song the storm still clings.,plunge,clings
"The clouds are gray, the raindrops plunge,",A whispered storm through the night it stirs.,plunge,stirs
"The clouds are gray, the raindrops plunge,",A somber song the sky still stings.,plunge,stings
"The clouds are gray, the raindrops plunge,","The thunder roars, the skies are young.",plunge,young
"The clouds are gray, the raindrops plunge,",The world is wrapped in a somber hush.,plunge,hush
"The clouds are gray, the raindrops plunge,",A whispered storm in nature's tongue.,plunge,tongue
"The clouds are gray, the raindrops plunge,",A silent song the storm still stings.,plunge,stings
"The clouds are gray, the raindrops plunge,",A somber hymn the sky still sung.,plunge,sung
"The clouds are gray, the raindrops plunge,",The thunder speaks in booming tongue.,plunge,tongue
"The clouds are gray, the raindrops plunge,",A somber song the sky does sung.,plunge,sung
"The clouds are gray, the raindrops plunge,",The world is hushed in nature's hush.,plunge,hush
"The clouds are gray, the raindrops plunge,",A somber song the sky still sung.,plunge,sung
"The clouds are gray, the raindrops plunge,",A somber song the storm still sung.,plunge,sung
"The clouds are gray, the raindrops plunge,",A whispered storm in nature's tongue.,plunge,tongue
"The clouds are gray, the raindrops plunge,",The world is hushed beneath the storm's cold tongue.,plunge,tongue
"The clouds are gray, the raindrops plunge,",The world is hushed in nature’s hush.,plunge,hush
"The clouds are gray, the raindrops plunge,",The world is wrapped in a sorrowful hush.,plunge,hush
"The clouds are gray, the raindrops plunge,",A somber song the sky still sung.,plunge,sung
"The clouds are gray, the raindrops plunge,",A somber song the storm does sing.,plunge,sing
"The clouds are gray, the raindrops plunge,",A whispered storm begins to sung.,plunge,sung
"The clouds are gray, the raindrops plunge,",A somber song the storm still sung.,plunge,sung
"The clouds are gray, the raindrops plunge,",The world is wrapped in a somber surge.,plunge,surge
"The clouds are gray, the raindrops plunge,",A somber song the skies still sing.,plunge,sing
"The clouds are gray, the raindrops plunge,",The world is wrapped in a silent hush.,plunge,hush
"The clouds are gray, the raindrops plunge,",A whispered storm in nature's tongue.,plunge,tongue
"The clouds are gray, the raindrops plunge,",A somber song the heavens sing.,plunge,sing
"The clouds are gray, the raindrops plunge,",A silent storm through the night it stung.,plunge,stung
"The clouds are gray, the raindrops plunge,",A whispered storm in nature's hush.,plunge,hush
"The clouds are gray, the raindrops plunge,","The thunder roars, the winds do surge.",plunge,surge
"The clouds are gray, the raindrops plunge,",A somber song the storm doth sung.,plunge,sung
"The clouds are gray, the raindrops plunge,",A somber song the sky still sings.,plunge,sings
"The clouds are gray, the raindrops plunge,",A somber song the sky does sing.,plunge,sing
"The clouds are gray, the raindrops plunge,",The world is wrapped in a somber hush.,plunge,hush
"The clouds are gray, the raindrops plunge,",A somber dance upon the tongue.,plunge,tongue
"The clouds are gray, the raindrops plunge,",The world is wrapped in nature's hush.,plunge,hush
"The clouds are gray, the raindrops plunge,",The world is wrapped in a silent hush.,plunge,hush
"The clouds are gray, the raindrops plunge,",A somber song the storm thus sung.,plunge,sung
"The clouds are gray, the raindrops plunge,",A whispered storm in nature's hush.,plunge,hush
"The clouds are gray, the raindrops plunge,",A silent song the storm still sung.,plunge,sung
"The clouds are gray, the raindrops plunge,",A somber song the skies still sung.,plunge,sung
"The clouds are gray, the raindrops plunge,",A somber song the heavens sing.,plunge,sing
"The clouds are gray, the raindrops plunge,","The thunder roars, the storm takes charge.",plunge,charge
"The clouds are gray, the raindrops plunge,",A silent hymn to nature's pulse.,plunge,pulse
"The clouds are gray, the raindrops plunge,",A silent song the storm will sing.,plunge,sing
"The clouds are gray, the raindrops plunge,",A somber dance beneath the shroud of spring.,plunge,spring
"The clouds are gray, the raindrops plunge,",The world is wrapped in a silent hush.,plunge,hush
"The clouds are gray, the raindrops plunge,",A somber dance beneath the shroud of gloom.,plunge,gloom
"The clouds are gray, the raindrops plunge,",A whispered song the storm will sing.,plunge,sing
"The clouds are gray, the raindrops plunge,",A somber song the sky still clings.,plunge,clings
"The clouds are gray, the raindrops plunge,",A silent hymn the sky still sings.,plunge,sings
"The clouds are gray, the raindrops plunge,",The world is hushed in nature's hush.,plunge,hush
"The clouds are gray, the raindrops plunge,","The thunder rolls, the world grows young.",plunge,young
"The clouds are gray, the raindrops plunge,",A whispered storm begins to surge.,plunge,surge
"The clouds are gray, the raindrops plunge,",The world is hushed in nature's plunge.,plunge,plunge
"The clouds are gray, the raindrops plunge,",A whispered storm through the trees it clings.,plunge,clings
"The clouds are gray, the raindrops plunge,","The thunder rolls, the storm takes charge.",plunge,charge
"The clouds are gray, the raindrops plunge,",A whispered storm in nature's hush.,plunge,hush
"The clouds are gray, the raindrops plunge,",A somber song the skies still sing.,plunge,sing
"The clouds are gray, the raindrops plunge,",A silent song the storm now sings.,plunge,sings
"The clouds are gray, the raindrops plunge,",The world is hushed in nature's hush.,plunge,hush
"The clouds are gray, the raindrops plunge,","The thunder rolls, the storm still lingers on.",plunge,on
"The clouds are gray, the raindrops plunge,",The world is hushed in nature's hush.,plunge,hush
"The clouds are gray, the raindrops plunge,",The world is hushed in nature's hush.,plunge,hush
"The clouds are gray, the raindrops plunge,",A somber sky beneath the storm's cold hush.,plunge,hush
"The clouds are gray, the raindrops plunge,",A whispered song the storm still sung.,plunge,sung
"The clouds are gray, the raindrops plunge,",A whispered song the storm will sing.,plunge,sing
"The clouds are gray, the raindrops plunge,",A whispered tune the wind still sings.,plunge,sings
"The clouds are gray, the raindrops plunge,",A somber song the skies still sing.,plunge,sing
"The clouds are gray, the raindrops plunge,",A silent storm through midnight throngs.,plunge,throngs
"The clouds are gray, the raindrops plunge,",A silent song through the storm's fierce throng.,plunge,throng
"The clouds are gray, the raindrops plunge,",A whispered storm through silence throngs.,plunge,throngs
"The clouds are gray, the raindrops plunge,",A silent storm beneath theungle.,plunge,theungle
"The clouds are gray, the raindrops plunge,",The world is hushed in nature's hush.,plunge,hush
"The clouds are gray, the raindrops plunge,",A somber song the storm doth sung.,plunge,sung
"The clouds are gray, the raindrops plunge,",The world is hushed in nature's hush.,plunge,hush
"The clouds are gray, the raindrops plunge,",The world is hushed in nature's hush.,plunge,hush
"The clouds are gray, the raindrops plunge,",A somber song the storm still clings.,plunge,clings
"The clouds are gray, the raindrops plunge,",The world is hushed in nature's hush.,plunge,hush
"The clouds are gray, the raindrops plunge,",The world is wrapped in a somber hush.,plunge,hush
"The clouds are gray, the raindrops plunge,",A whispered storm in nature's tongue.,plunge,tongue
"The clouds are gray, the raindrops plunge,",A whispered song the storm will sing.,plunge,sing
"The clouds are gray, the raindrops plunge,",A somber sky with thunder's surge.,plunge,surge
"The clouds are gray, the raindrops plunge,",A whispered song the storm still clings.,plunge,clings
"The clouds are gray, the raindrops plunge,",A somber song the skies still sing.,plunge,sing
"The clouds are gray, the raindrops plunge,",A silent storm beneath the sun's soft tongue.,plunge,tongue
"The clouds are gray, the raindrops plunge,",The world is washed in nature's hush.,plunge,hush
"The clouds are gray, the raindrops plunge,",The world is hushed in nature's hush.,plunge,hush
"The clouds are gray, the raindrops plunge,",A whispered song the storm will sing.,plunge,sing
"The clouds are gray, the raindrops plunge,",A silent storm upon the tongue.,plunge,tongue
"The clouds are gray, the raindrops plunge,",A somber song the sky still sung.,plunge,sung
"The clouds are gray, the raindrops plunge,",The world is hushed in nature's hush.,plunge,hush
"The clouds are gray, the raindrops plunge,",A whispered song the storm does sing.,plunge,sing
"The clouds are gray, the raindrops plunge,",A whispered storm beneath the shroud of spring.,plunge,spring
"The clouds are gray, the raindrops plunge,",The thunder speaks in whispered surge.,plunge,surge
"The clouds are gray, the raindrops plunge,","The thunder rolls, the storm takes charge.",plunge,charge
"The clouds are gray, the raindrops plunge,",A whispered storm beneath the plunge.,plunge,plunge
"The clouds are gray, the raindrops plunge,",A whispered storm through nature's pulse.,plunge,pulse
"The clouds are gray, the raindrops plunge,",A whispered song the storm will sing.,plunge,sing
"The clouds are gray, the raindrops plunge,",A somber song the sky still sung.,plunge,sung
"The clouds are gray, the raindrops plunge,",A silent song the storm still sung.,plunge,sung
"The clouds are gray, the raindrops plunge,",A somber song the skies still surge.,plunge,surge
"The clouds are gray, the raindrops plunge,",A somber song the storm still sung.,plunge,sung
"The clouds are gray, the raindrops plunge,",A somber song the sky still stung.,plunge,stung
"The clouds are gray, the raindrops plunge,","The thunder rolls, the world feels young.",plunge,young
"The clouds are gray, the raindrops plunge,",A whispered song the storm will sing.,plunge,sing
"The clouds are gray, the raindrops plunge,",The world is wrapped in a silent hush.,plunge,hush
"The clouds are gray, the raindrops plunge,",A whispered storm in nature's hush.,plunge,hush
"The clouds are gray, the raindrops plunge,",A whispered tune the wind does sing.,plunge,sing
"The clouds are gray, the raindrops tumble,","The world is still, yet nature hums.",tumble,hums
"The clouds are gray, the raindrops tumble,",A quiet hush beneath the thunder.,tumble,thunder
"The clouds are gray, the raindrops tumble,",A whispered tune the wind becomes.,tumble,becomes
"The clouds are gray, the raindrops tumble,",A whispered tune the wind may humble.,tumble,humble
"The clouds are gray, the raindrops tumble,",A quiet hush beneath the thunder.,tumble,thunder
"The clouds are gray, the raindrops tumble,",A whispered tune the wind becomes.,tumble,becomes
"The clouds are gray, the raindrops tumble,",A whispered tune beneath the thunder.,tumble,thunder
"The clouds are gray, the raindrops tumble,",A whispered tune the wind becomes.,tumble,becomes
"The clouds are gray, the raindrops tumble,",A whispered tune beneath the thunder.,tumble,thunder
"The clouds are gray, the raindrops tumble,",A quiet hush beneath the thunder.,tumble,thunder
"The clouds are gray, the raindrops tumble,",A silent song in whispered tumult.,tumble,tumult
"The clouds are gray, the raindrops tumble,",A whispered sigh beneath the thunder.,tumble,thunder
"The clouds are gray, the raindrops tumble,",A quiet hush upon the humble.,tumble,humble
"The clouds are gray, the raindrops tumble,",A whispered tune beneath the thunder.,tumble,thunder
"The clouds are gray, the raindrops tumble,",A whispered song the wind becomes.,tumble,becomes
"The clouds are gray, the raindrops tumble,",A whispered tune the wind may humble.,tumble,humble
"The clouds are gray, the raindrops tumble,",A quiet hush beneath the thunder.,tumble,thunder
"The clouds are gray, the raindrops tumble,",The world is hushed in nature's humble.,tumble,humble
"The clouds are gray, the raindrops tumble,",A whispered song the wind becomes.,tumble,becomes
"The clouds are gray, the raindrops tumble,","A quiet hush, the world grows humble.",tumble,humble
"The clouds are gray, the raindrops tumble,",A quiet hush beneath the thunder.,tumble,thunder
"The clouds are gray, the raindrops tumble,",A whispered tune beneath the thunder.,tumble,thunder
"The clouds are gray, the raindrops tumble,",A quiet hush beneath the thunder.,tumble,thunder
"The clouds are gray, the raindrops tumble,",A whispered song the wind becomes.,tumble,becomes
"The clouds are gray, the raindrops tumble,",A whispered song the wind becomes.,tumble,becomes
"The clouds are gray, the raindrops tumble,",A quiet hush beneath the thunder.,tumble,thunder
"The clouds are gray, the raindrops tumble,",A whispered song the storm does humble.,tumble,humble
"The clouds are gray, the raindrops tumble,",A quiet hush begins to humble.,tumble,humble
"The clouds are gray, the raindrops tumble,",A whispered song the wind does humble.,tumble,humble
"The clouds are gray, the raindrops tumble,",A quiet hush beneath the thunder.,tumble,thunder
"The clouds are gray, the raindrops tumble,",A silent song the skies compose.,tumble,compose
"The clouds are gray, the raindrops tumble,",A quiet hush beneath the thunder.,tumble,thunder
"The clouds are gray, the raindrops tumble,",A whispered song the wind becomes.,tumble,becomes
"The clouds are gray, the raindrops tumble,",A quiet hush beneath the thunder.,tumble,thunder
"The clouds are gray, the raindrops tumble,",A quiet hush beneath the thunder.,tumble,thunder
"The clouds are gray, the raindrops tumble,",The world is hushed in nature's humble.,tumble,humble
"The clouds are gray, the raindrops tumble,",A quiet hush beneath the thunder.,tumble,thunder
"The clouds are gray, the raindrops tumble,",A whispered tune beneath the thunder.,tumble,thunder
"The clouds are gray, the raindrops tumble,",A whispered song the wind does humble.,tumble,humble
"The clouds are gray, the raindrops tumble,",A whispered sigh beneath the thunder.,tumble,thunder
"The clouds are gray, the raindrops tumble,",A quiet hush beneath the thunder.,tumble,thunder
"The clouds are gray, the raindrops tumble,",A whispered hush beneath the thunder.,tumble,thunder
"The clouds are gray, the raindrops tumble,",A whispered sigh beneath the thunder.,tumble,thunder
"The clouds are gray, the raindrops tumble,",A quiet hush upon the humble.,tumble,humble
"The clouds are gray, the raindrops tumble,",A whispered tune beneath the thunder.,tumble,thunder
"The clouds are gray, the raindrops tumble,",A quiet hush beneath the thunder.,tumble,thunder
"The clouds are gray, the raindrops tumble,",A whispered tune beneath the thunder.,tumble,thunder
"The clouds are gray, the raindrops tumble,",A whispered tune beneath the thunder.,tumble,thunder
"The clouds are gray, the raindrops tumble,",A whispered song the wind does humble.,tumble,humble
"The clouds are gray, the raindrops tumble,",A gentle hush beneath the thunder.,tumble,thunder
"The clouds are gray, the raindrops tumble,",A gentle hush upon the humble.,tumble,humble
"The clouds are gray, the raindrops tumble,",The world is hushed in nature's humble.,tumble,humble
"The clouds are gray, the raindrops tumble,",A quiet hush beneath the thunder.,tumble,thunder
"The clouds are gray, the raindrops tumble,",A whispered tune beneath the thunder.,tumble,thunder
"The clouds are gray, the raindrops tumble,",A whispered song the wind becomes.,tumble,becomes
"The clouds are gray, the raindrops tumble,",A whispered sigh beneath the thunder.,tumble,thunder
"The clouds are gray, the raindrops tumble,",A quiet hush beneath the thunder.,tumble,thunder
"The clouds are gray, the raindrops tumble,",A quiet hush upon the humble.,tumble,humble
"The clouds are gray, the raindrops tumble,",A gentle hush beneath the thunder.,tumble,thunder
"The clouds are gray, the raindrops tumble,",The world is wrapped in a quiet hush.,tumble,hush
"The clouds are gray, the raindrops tumble,",A silent song beneath the thunder.,tumble,thunder
"The clouds are gray, the raindrops tumble,",A quiet hush beneath the thunder.,tumble,thunder
"The clouds are gray, the raindrops tumble,",A quiet hush beneath the thunder.,tumble,thunder
"The clouds are gray, the raindrops tumble,",A whispered tune beneath the thunder.,tumble,thunder
"The clouds are gray, the raindrops tumble,",A quiet hush beneath the thunder.,tumble,thunder
"The clouds are gray, the raindrops tumble,",A whispered song beneath the thunder.,tumble,thunder
"The clouds are gray, the raindrops tumble,",A whispered song the sky becomes.,tumble,becomes
"The clouds are gray, the raindrops tumble,",A whispered song the storm has hummed.,tumble,hummed
"The clouds are gray, the raindrops tumble,",A whispered song beneath the thunder.,tumble,thunder
"The clouds are gray, the raindrops tumble,",A whispered sigh beneath the thunder.,tumble,thunder
"The clouds are gray, the raindrops tumble,",The world is hushed in nature's humble.,tumble,humble
"The clouds are gray, the raindrops tumble,",A whispered tune beneath the thunder.,tumble,thunder
"The clouds are gray, the raindrops tumble,",A whispered song beneath the thunder.,tumble,thunder
"The clouds are gray, the raindrops tumble,",The world is hushed in nature's humble.,tumble,humble
"The clouds are gray, the raindrops tumble,",A whispered hush beneath the thunder.,tumble,thunder
"The clouds are gray, the raindrops tumble,",A quiet hush beneath the thunder.,tumble,thunder
"The clouds are gray, the raindrops tumble,",A whispered song beneath the thunder.,tumble,thunder
"The clouds are gray, the raindrops tumble,",A gentle hush upon the humble.,tumble,humble
"The clouds are gray, the raindrops tumble,",A whispered hush beneath the thunder.,tumble,thunder
"The clouds are gray, the raindrops tumble,",A whispered tune beneath the thunder.,tumble,thunder
"The clouds are gray, the raindrops tumble,",A whispered tune beneath the thunder.,tumble,thunder
"The clouds are gray, the raindrops tumble,",A whispered hush beneath the thunder.,tumble,thunder
"The clouds are gray, the raindrops tumble,",A whispered tune beneath the thunder.,tumble,thunder
"The clouds are gray, the raindrops tumble,",A whispered song beneath the thunder.,tumble,thunder
"The clouds are gray, the raindrops tumble,",A whispered tune beneath the thunder.,tumble,thunder
"The clouds are gray, the raindrops tumble,","The world is still, yet nature hums a solemn hymn.",tumble,hymn
"The clouds are gray, the raindrops tumble,",A quiet hush beneath the thunder.,tumble,thunder
"The clouds are gray, the raindrops tumble,",A quiet hush beneath the thunder.,tumble,thunder
"The clouds are gray, the raindrops tumble,",A quiet hush beneath the thunder.,tumble,thunder
"The clouds are gray, the raindrops tumble,",A whispered tune beneath the thunder.,tumble,thunder
"The clouds are gray, the raindrops tumble,","A quiet hush, the world is numbed.",tumble,numbed
"The clouds are gray, the raindrops tumble,",A quiet hush upon the humble.,tumble,humble
"The clouds are gray, the raindrops tumble,",A whispered tune the wind does humble.,tumble,humble
"The clouds are gray, the raindrops tumble,",A gentle hush upon the humble.,tumble,humble
"The clouds are gray, the raindrops tumble,",A whispered tune beneath the thunder.,tumble,thunder
"The clouds are gray, the raindrops tumble,","A whispered sigh, the world grows humble.",tumble,humble
"The clouds are gray, the raindrops tumble,",A whispered song the breeze may humble.,tumble,humble
"The clouds are gray, the raindrops tumble,",A quiet hush beneath the thunder.,tumble,thunder
"The clouds are gray, the raindrops tumble,",A whispered song the wind may humble.,tumble,humble
"The clouds are gray, the raindrops tumble,",A whispered song the wind becomes.,tumble,becomes
"The clouds are gray, the raindrops tumble,",A whispered tune the wind becomes.,tumble,becomes
"The clouds are gray, the raindrops tumble,",A whispered song the wind becomes.,tumble,becomes
"The clouds are gray, the raindrops tumble,",The world is hushed in nature's humble.,tumble,humble
"The clouds are gray, the raindrops tumble,",A whispered song the storm humsumble.,tumble,humsumble
"The clouds are gray, the raindrops tumble,",A whispered tune beneath the thunder.,tumble,thunder
"The clouds are gray, the raindrops tumble,",A whispered hush beneath the thunder.,tumble,thunder
"The clouds are gray, the raindrops tumble,",A whispered tune beneath the thunder.,tumble,thunder
"The clouds are gray, the raindrops tumble,",A quiet hush beneath the thunder.,tumble,thunder
"The clouds are gray, the raindrops tumble,","A gentle hush, the world is humble.",tumble,humble
"The clouds are gray, the raindrops tumble,",A whispered sigh beneath the thunder.,tumble,thunder
"The clouds are gray, the raindrops tumble,",A whispered tune beneath the thunder.,tumble,thunder
"The clouds are gray, the raindrops tumble,",A gentle hush beneath the thunder.,tumble,thunder
"The clouds are gray, the raindrops tumble,",A whispered sigh beneath the thunder.,tumble,thunder
"The clouds are gray, the raindrops tumble,",A quiet hush beneath the thunder.,tumble,thunder
"The clouds are gray, the raindrops tumble,","The world is quiet, wrapped in drizzle's humble.",tumble,humble
"The clouds are gray, the raindrops tumble,",A whispered tune the wind becomes.,tumble,becomes
"The clouds are gray, the raindrops tumble,","A gentle hush, the world grows humble.",tumble,humble
"The clouds are gray, the raindrops tumble,",A whispered song the wind becomes.,tumble,becomes
"The clouds are gray, the raindrops tumble,",A whispered song the sky becomes.,tumble,becomes
"The clouds are gray, the raindrops tumble,",A whispered song the storm has sung.,tumble,sung
"The clouds are gray, the raindrops tumble,",The world is hushed in nature's humble.,tumble,humble
"The clouds are gray, the raindrops tumble,",A quiet hush beneath the thunder.,tumble,thunder
"The clouds are gray, the raindrops tumble,",A whispered tune beneath the thunder.,tumble,thunder
"The clouds are gray, the raindrops tumble,",A whispered tune beneath the thunder.,tumble,thunder
"The clouds are gray, the raindrops tumble,",A whispered tune beneath the thunder.,tumble,thunder
"The clouds are gray, the raindrops tumble,",A gentle hush falls over the humble.,tumble,humble
"The clouds are gray, the raindrops tumble,",A silent song the sky hums under.,tumble,under
"The clouds are gray, the raindrops tumble,",A quiet hush beneath the thunder.,tumble,thunder
"The clouds are gray, the raindrops tumble,",A quiet hush beneath the thunder.,tumble,thunder
"The clouds are gray, the raindrops tumble,",A quiet hush beneath the thunder.,tumble,thunder
"The clouds are gray, the raindrops tumble,",A quiet hush beneath the thunder.,tumble,thunder
"The clouds are gray, the raindrops tumble,",A quiet hush beneath the thunder.,tumble,thunder
"The clouds are gray, the raindrops tumble,",A whispered sigh beneath the thunder.,tumble,thunder
"The clouds are gray, the raindrops tumble,",A gentle hush settles on the humble.,tumble,humble
"The clouds are gray, the raindrops tumble,",A whispered song the wind becomes.,tumble,becomes
"The clouds are gray, the raindrops tumble,",A quiet hush beneath the thunder.,tumble,thunder
"The clouds are gray, the raindrops tumble,",A whispered song the wind becomes.,tumble,becomes
"The clouds are gray, the raindrops tumble,",A whispered song the wind becomes.,tumble,becomes
"The clouds are gray, the raindrops tumble,",A whispered hush beneath the thunder.,tumble,thunder
"The clouds are gray, the raindrops tumble,",A whispered tune the wind does humble.,tumble,humble
"The clouds are gray, the raindrops tumble,",A quiet hush beneath the thunder.,tumble,thunder
"The clouds are gray, the raindrops tumble,",A whispered tune beneath the thunder.,tumble,thunder
"The clouds are gray, the raindrops tumble,",A whispered song the wind becomes.,tumble,becomes
"The clouds are gray, the raindrops tumble,",A silent song beneath the humble.,tumble,humble
"The clouds are gray, the raindrops tumble,",A quiet hush beneath the thunder.,tumble,thunder
"The clouds are gray, the raindrops tumble,",A quiet hush beneath the thunder.,tumble,thunder
"The clouds are gray, the raindrops tumble,",A quiet hush beneath the thunder.,tumble,thunder
"The clouds are gray, the raindrops tumble,",A whispered tune beneath the thunder.,tumble,thunder
"The clouds are gray, the raindrops tumble,",A whispered song the wind becomes.,tumble,becomes
"The clouds are gray, the raindrops tumble,",A whispered song the wind becomes.,tumble,becomes
"The clouds are gray, the raindrops tumble,",A quiet hush beneath the thunder.,tumble,thunder
"The clouds are gray, the raindrops tumble,",A quiet hush begins to solemn.,tumble,solemn
"The clouds are gray, the raindrops tumble,",A whispered sigh beneath the thunder.,tumble,thunder
"The clouds are gray, the raindrops tumble,",The world is hushed in nature's humble.,tumble,humble
"The clouds are gray, the raindrops tumble,",A whispered song the wind becomes.,tumble,becomes
"The clouds are gray, the raindrops tumble,",A whispered tune beneath the thunder.,tumble,thunder
"The clouds are gray, the raindrops tumble,",A whispered tune beneath the thunder.,tumble,thunder
"The clouds are gray, the raindrops tumble,",A quiet hush beneath the thunder.,tumble,thunder
"The clouds are gray, the raindrops tumble,",A whispered sigh beneath the thunder.,tumble,thunder
"The clouds are gray, the raindrops tumble,",A quiet hush beneath the thunder.,tumble,thunder
"The clouds are gray, the raindrops tumble,",A whispered song the wind becomes.,tumble,becomes
"The clouds are gray, the raindrops tumble,",A whispered song the wind becomes.,tumble,becomes
"The clouds are gray, the raindrops tumble,",A whispered tune beneath the thunder.,tumble,thunder
"The clouds are gray, the raindrops tumble,",A quiet hush beneath the thunder.,tumble,thunder
"The clouds are gray, the raindrops tumble,",A quiet hush beneath the thunder.,tumble,thunder
"The clouds are gray, the raindrops tumble,",A whispered song the breeze becomes.,tumble,becomes
"The clouds are gray, the raindrops tumble,",A whispered song the storm has hummed.,tumble,hummed
"The clouds are gray, the raindrops tumble,","A gentle hush, the world is humble.",tumble,humble
"The clouds are gray, the raindrops tumble,",A whispered tune beneath the thunder.,tumble,thunder
"The clouds are gray, the raindrops tumble,",A quiet hush beneath the thunder.,tumble,thunder
"The clouds are gray, the raindrops tumble,",A quiet hush beneath the thunder.,tumble,thunder
"The clouds are gray, the raindrops tumble,",A whispered tune beneath the thunder.,tumble,thunder
"The clouds are gray, the raindrops tumble,",A whispered hush beneath the thunder.,tumble,thunder
"The clouds are gray, the raindrops tumble,",A whispered tune beneath the thunder.,tumble,thunder
"The clouds are gray, the raindrops tumble,",A quiet hush begins to humble.,tumble,humble
"The clouds are gray, the raindrops tumble,",A silent hush beneath the thunder.,tumble,thunder
"The clouds are gray, the raindrops tumble,",A whispered tune beneath the thunder.,tumble,thunder
"The clouds are gray, the raindrops tumble,",A quiet hush beneath the thunder.,tumble,thunder
"The clouds are gray, the raindrops tumble,",A whispered tune beneath the thunder.,tumble,thunder
"The clouds are gray, the raindrops tumble,",A quiet hush beneath the thunder.,tumble,thunder
"The clouds are gray, the raindrops tumble,",The world is hushed in nature's humble.,tumble,humble
"The clouds are gray, the raindrops tumble,",A quiet hush beneath the thunder.,tumble,thunder
"The clouds are gray, the raindrops tumble,",A quiet hush begins to humble.,tumble,humble
"The clouds are gray, the raindrops tumble,",A quiet hush beneath the thunder.,tumble,thunder
"The clouds are gray, the raindrops tumble,",A whispered tune beneath the thunder.,tumble,thunder
"The clouds are gray, the raindrops tumble,",A quiet hush beneath the thunder.,tumble,thunder
"The clouds are gray, the raindrops tumble,",A whispered song the winds compose.,tumble,compose
"The clouds are gray, the raindrops tumble,",A quiet hush beneath the thunder.,tumble,thunder
"The clouds are gray, the raindrops tumble,",A quiet hush beneath the thunder.,tumble,thunder
"The clouds are gray, the raindrops tumble,",A quiet hush beneath the thunder.,tumble,thunder
"The clouds are gray, the raindrops tumble,",A whispered song the wind becomes.,tumble,becomes
"The clouds are gray, the raindrops tumble,",A whispered tune beneath the thunder.,tumble,thunder
"The clouds are gray, the raindrops tumble,",A silent hush beneath the thunder.,tumble,thunder
"The clouds are gray, the raindrops tumble,",A quiet hush beneath the thunder.,tumble,thunder
"The clouds are gray, the raindrops tumble,",A whispered hush beneath the thunder.,tumble,thunder
"The clouds are gray, the raindrops tumble,",A quiet hush beneath the thunder.,tumble,thunder
"The clouds are gray, the raindrops tumble,",A whispered tune the wind becomes.,tumble,becomes
"The clouds are gray, the raindrops tumble,",A quiet hush beneath the thunder.,tumble,thunder
"The clouds are gray, the raindrops tumble,",A whispered sigh beneath the thunder.,tumble,thunder
"The clouds are gray, the raindrops tumble,",A whispered tune beneath the thunder.,tumble,thunder
"The clouds are gray, the raindrops sink,",A silent hush upon the brink.,sink,brink
"The clouds are gray, the raindrops sink,",A silent hush beneath the brink.,sink,brink
"The clouds are gray, the raindrops sink,",A silent hush upon the brink.,sink,brink
"The clouds are gray, the raindrops sink,",A silent hush begins to think.,sink,think
"The clouds are gray, the raindrops sink,",A silent hush upon the brink.,sink,brink
"The clouds are gray, the raindrops sink,",A silent hush upon the brink.,sink,brink
"The clouds are gray, the raindrops sink,",A silent hush begins to blink.,sink,blink
"The clouds are gray, the raindrops sink,",A quiet hush upon the brink.,sink,brink
"The clouds are gray, the raindrops sink,",A silent hush begins to think.,sink,think
"The clouds are gray, the raindrops sink,",A silent hush upon the brink.,sink,brink
"The clouds are gray, the raindrops sink,",A silent hush begins to think.,sink,think
"The clouds are gray, the raindrops sink,",A quiet hush begins to link.,sink,link
"The clouds are gray, the raindrops sink,",A silent hush upon the brink.,sink,brink
"The clouds are gray, the raindrops sink,",A quiet hush upon the brink.,sink,brink
"The clouds are gray, the raindrops sink,",A quiet hush begins to think.,sink,think
"The clouds are gray, the raindrops sink,",A silent hush upon the brink.,sink,brink
"The clouds are gray, the raindrops sink,",A quiet hush begins to blink.,sink,blink
"The clouds are gray, the raindrops sink,",A silent hush upon the brink.,sink,brink
"The clouds are gray, the raindrops sink,",A silent hush begins to link.,sink,link
"The clouds are gray, the raindrops sink,",A silent hush begins to think.,sink,think
"The clouds are gray, the raindrops sink,",A quiet hush begins to think.,sink,think
"The clouds are gray, the raindrops sink,",A quiet hush upon the brink.,sink,brink
"The clouds are gray, the raindrops sink,",A silent hush begins to think.,sink,think
"The clouds are gray, the raindrops sink,",A silent hush begins to blink.,sink,blink
"The clouds are gray, the raindrops sink,",A silent hush begins to link.,sink,link
"The clouds are gray, the raindrops sink,",A silent hush begins to think.,sink,think
"The clouds are gray, the raindrops sink,",A whispered hush begins to think.,sink,think
"The clouds are gray, the raindrops sink,",A silent hush begins to think.,sink,think
"The clouds are gray, the raindrops sink,",A silent hush begins to blink.,sink,blink
"The clouds are gray, the raindrops sink,",A silent hush upon the brink.,sink,brink
"The clouds are gray, the raindrops sink,",A silent hush upon the brink.,sink,brink
"The clouds are gray, the raindrops sink,",A silent hush begins to stink.,sink,stink
"The clouds are gray, the raindrops sink,",A silent hush upon the brink.,sink,brink
"The clouds are gray, the raindrops sink,",A quiet hush begins to think.,sink,think
"The clouds are gray, the raindrops sink,",A silent hush upon the brink.,sink,brink
"The clouds are gray, the raindrops sink,",A silent hush upon the brink.,sink,brink
"The clouds are gray, the raindrops sink,",A silent hush upon the brink.,sink,brink
"The clouds are gray, the raindrops sink,",A silent hush upon the brink.,sink,brink
"The clouds are gray, the raindrops sink,",A quiet hush begins to blink.,sink,blink
"The clouds are gray, the raindrops sink,",A silent hush begins to link.,sink,link
"The clouds are gray, the raindrops sink,",A quiet hush upon the brink.,sink,brink
"The clouds are gray, the raindrops sink,",A whispered hush begins to think.,sink,think
"The clouds are gray, the raindrops sink,",A silent hush upon the wind.,sink,wind
"The clouds are gray, the raindrops sink,",A silent hush begins to link.,sink,link
"The clouds are gray, the raindrops sink,",A silent hush upon the brink.,sink,brink
"The clouds are gray, the raindrops sink,",A silent hush descends on the hill and the ink.,sink,ink
"The clouds are gray, the raindrops sink,",A quiet hush begins to think.,sink,think
"The clouds are gray, the raindrops sink,",A silent hush descends on the brink.,sink,brink
"The clouds are gray, the raindrops sink,",A silent hush upon the brink.,sink,brink
"The clouds are gray, the raindrops sink,",A silent hush upon the brink.,sink,brink
"The clouds are gray, the raindrops sink,",A silent hush upon the brink.,sink,brink
"The clouds are gray, the raindrops sink,",A quiet hush begins to think.,sink,think
"The clouds are gray, the raindrops sink,",A quiet hush begins to think.,sink,think
"The clouds are gray, the raindrops sink,",A silent hush upon the brink.,sink,brink
"The clouds are gray, the raindrops sink,",A silent hush upon the brink.,sink,brink
"The clouds are gray, the raindrops sink,",A silent hush upon the brink.,sink,brink
"The clouds are gray, the raindrops sink,",A silent hush begins to think.,sink,think
"The clouds are gray, the raindrops sink,",A silent hush begins to think.,sink,think
"The clouds are gray, the raindrops sink,",A silent hush begins to link.,sink,link
"The clouds are gray, the raindrops sink,",A silent hush upon the brink.,sink,brink
"The clouds are gray, the raindrops sink,",A quiet hush begins to think.,sink,think
"The clouds are gray, the raindrops sink,",A silent hush begins to blink.,sink,blink
"The clouds are gray, the raindrops sink,",A silent hush begins to think.,sink,think
"The clouds are gray, the raindrops sink,",A silent hush upon the brink.,sink,brink
"The clouds are gray, the raindrops sink,",A quiet hush begins to think.,sink,think
"The clouds are gray, the raindrops sink,",A silent hush begins to think.,sink,think
"The clouds are gray, the raindrops sink,",A silent hush upon the brink.,sink,brink
"The clouds are gray, the raindrops sink,",A silent hush begins to think.,sink,think
"The clouds are gray, the raindrops sink,",A silent hush begins to stink.,sink,stink
"The clouds are gray, the raindrops sink,",A quiet hush begins to link.,sink,link
"The clouds are gray, the raindrops sink,",A silent hush upon the brink.,sink,brink
"The clouds are gray, the raindrops sink,",A whispered hush begins to link.,sink,link
"The clouds are gray, the raindrops sink,",A quiet hush upon the brink.,sink,brink
"The clouds are gray, the raindrops sink,",A silent hush begins to think.,sink,think
"The clouds are gray, the raindrops sink,",A silent hush upon the brink.,sink,brink
"The clouds are gray, the raindrops sink,",A silent hush begins to think.,sink,think
"The clouds are gray, the raindrops sink,",A whispered hush begins to think.,sink,think
"The clouds are gray, the raindrops sink,",A quiet hush upon the brink.,sink,brink
"The clouds are gray, the raindrops sink,",A quiet hush begins to blink.,sink,blink
"The clouds are gray, the raindrops sink,",A silent hush upon the brink.,sink,brink
"The clouds are gray, the raindrops sink,",A quiet hush begins to think.,sink,think
"The clouds are gray, the raindrops sink,",A quiet hush begins to stink.,sink,stink
"The clouds are gray, the raindrops sink,",A silent hush begins to think.,sink,think
"The clouds are gray, the raindrops sink,",A silent hush begins to blink.,sink,blink
"The clouds are gray, the raindrops sink,",A silent hush upon the brink.,sink,brink
"The clouds are gray, the raindrops sink,",A silent hush begins to blink.,sink,blink
"The clouds are gray, the raindrops sink,",A silent hush begins to think.,sink,think
"The clouds are gray, the raindrops sink,",A silent hush begins to stink.,sink,stink
"The clouds are gray, the raindrops sink,",A silent hush upon the brink.,sink,brink
"The clouds are gray, the raindrops sink,",A silent hush begins to link.,sink,link
"The clouds are gray, the raindrops sink,",A quiet hush begins to think.,sink,think
"The clouds are gray, the raindrops sink,",A silent hush upon the brink.,sink,brink
"The clouds are gray, the raindrops sink,",A silent hush begins to think.,sink,think
"The clouds are gray, the raindrops sink,",A silent hush begins to link.,sink,link
"The clouds are gray, the raindrops sink,",A quiet hush begins to think.,sink,think
"The clouds are gray, the raindrops sink,",A silent hush begins to think.,sink,think
"The clouds are gray, the raindrops sink,",A silent hush begins to think.,sink,think
"The clouds are gray, the raindrops sink,",A quiet hush upon the brink.,sink,brink
"The clouds are gray, the raindrops sink,",A silent hush begins to think.,sink,think
"The clouds are gray, the raindrops sink,",A quiet hush begins to blink.,sink,blink
"The clouds are gray, the raindrops sink,",A silent hush begins to link.,sink,link
"The clouds are gray, the raindrops sink,",A silent hush upon the brink.,sink,brink
"The clouds are gray, the raindrops sink,",A silent hush upon the brink.,sink,brink
"The clouds are gray, the raindrops sink,",A silent hush upon the brink.,sink,brink
"The clouds are gray, the raindrops sink,",A silent hush begins to think.,sink,think
"The clouds are gray, the raindrops sink,",A silent hush begins to think.,sink,think
"The clouds are gray, the raindrops sink,",A silent hush begins to think.,sink,think
"The clouds are gray, the raindrops sink,",A quiet hush begins to think.,sink,think
"The clouds are gray, the raindrops sink,",A quiet hush begins to think.,sink,think
"The clouds are gray, the raindrops sink,",A quiet hush begins to think.,sink,think
"The clouds are gray, the raindrops sink,",A silent hush upon the brink.,sink,brink
"The clouds are gray, the raindrops sink,",A silent hush upon the brink.,sink,brink
"The clouds are gray, the raindrops sink,",A silent hush upon the brink.,sink,brink
"The clouds are gray, the raindrops sink,",A silent hush upon the brink.,sink,brink
"The clouds are gray, the raindrops sink,",A silent hush begins to blink.,sink,blink
"The clouds are gray, the raindrops sink,",A silent hush upon the brink.,sink,brink
"The clouds are gray, the raindrops sink,",A quiet hush begins to link.,sink,link
"The clouds are gray, the raindrops sink,",A silent hush upon the brink.,sink,brink
"The clouds are gray, the raindrops sink,",A whispered hush begins the link.,sink,link
"The clouds are gray, the raindrops sink,",A silent hush upon the brink.,sink,brink
"The clouds are gray, the raindrops sink,",A whispered hush begins the link.,sink,link
"The clouds are gray, the raindrops sink,",A silent hush begins to think.,sink,think
"The clouds are gray, the raindrops sink,",A silent hush begins to think.,sink,think
"The clouds are gray, the raindrops sink,",A silent hush begins to stink.,sink,stink
"The clouds are gray, the raindrops sink,",A silent hush upon the brink.,sink,brink
"The clouds are gray, the raindrops sink,",A silent hush upon the brink.,sink,brink
"The clouds are gray, the raindrops sink,",A silent hush upon the brink.,sink,brink
"The clouds are gray, the raindrops sink,",A silent hush begins to think.,sink,think
"The clouds are gray, the raindrops sink,",A quiet hush begins to think.,sink,think
"The clouds are gray, the raindrops sink,",A silent hush upon the brink.,sink,brink
"The clouds are gray, the raindrops sink,",A silent hush begins to think.,sink,think
"The clouds are gray, the raindrops sink,",A silent hush upon the brink.,sink,brink
"The clouds are gray, the raindrops sink,",A silent hush begins to think.,sink,think
"The clouds are gray, the raindrops sink,",A silent hush descends on the brink.,sink,brink
"The clouds are gray, the raindrops sink,",A quiet hush begins to think.,sink,think
"The clouds are gray, the raindrops sink,",A whispered hush begins to blink.,sink,blink
"The clouds are gray, the raindrops sink,",A quiet hush begins to think.,sink,think
"The clouds are gray, the raindrops sink,",A silent hush begins to link.,sink,link
"The clouds are gray, the raindrops sink,",A silent hush begins to think.,sink,think
"The clouds are gray, the raindrops sink,",A whispered sigh beneath the brink.,sink,brink
"The clouds are gray, the raindrops sink,",A silent hush begins to think.,sink,think
"The clouds are gray, the raindrops sink,",A quiet hush begins to stink.,sink,stink
"The clouds are gray, the raindrops sink,",A silent hush upon the brink.,sink,brink
"The clouds are gray, the raindrops sink,",A silent hush upon the brink.,sink,brink
"The clouds are gray, the raindrops sink,",A silent hush begins to think.,sink,think
"The clouds are gray, the raindrops sink,",A quiet hush begins to think.,sink,think
"The clouds are gray, the raindrops sink,",A silent hush upon the brink.,sink,brink
"The clouds are gray, the raindrops sink,",A quiet hush begins to link.,sink,link
"The clouds are gray, the raindrops sink,",A quiet hush begins to think.,sink,think
"The clouds are gray, the raindrops sink,",A silent hush upon the brink.,sink,brink
"The clouds are gray, the raindrops sink,",A silent hush upon the brink.,sink,brink
"The clouds are gray, the raindrops sink,",A silent hush begins to think.,sink,think
"The clouds are gray, the raindrops sink,",A quiet hush begins to think.,sink,think
"The clouds are gray, the raindrops sink,",A whispered hush begins the link.,sink,link
"The clouds are gray, the raindrops sink,",A silent hush upon the brink.,sink,brink
"The clouds are gray, the raindrops sink,",A silent hush upon the brink.,sink,brink
"The clouds are gray, the raindrops sink,",A silent hush begins to think.,sink,think
"The clouds are gray, the raindrops sink,",A silent hush upon the brink.,sink,brink
"The clouds are gray, the raindrops sink,",A quiet hush upon the brink.,sink,brink
"The clouds are gray, the raindrops sink,",A silent hush begins to blink.,sink,blink
"The clouds are gray, the raindrops sink,",A silent hush begins to think.,sink,think
"The clouds are gray, the raindrops sink,",A silent hush upon the brink.,sink,brink
"The clouds are gray, the raindrops sink,",A whispered hush begins to link.,sink,link
"The clouds are gray, the raindrops sink,",A silent hush begins to think.,sink,think
"The clouds are gray, the raindrops sink,",A quiet hush begins to link.,sink,link
"The clouds are gray, the raindrops sink,",A silent hush begins to stink.,sink,stink
"The clouds are gray, the raindrops sink,",A silent hush begins to link.,sink,link
"The clouds are gray, the raindrops sink,",A silent hush upon the brink.,sink,brink
"The clouds are gray, the raindrops sink,",A silent hush begins to think.,sink,think
"The clouds are gray, the raindrops sink,","A whispered sigh, the world grows thin.",sink,thin
"The clouds are gray, the raindrops sink,",A quiet hush begins to think.,sink,think
"The clouds are gray, the raindrops sink,",A silent hush begins to stink.,sink,stink
"The clouds are gray, the raindrops sink,",A silent hush upon the brink.,sink,brink
"The clouds are gray, the raindrops sink,",A silent hush begins to think.,sink,think
"The clouds are gray, the raindrops sink,",A silent hush upon the brink.,sink,brink
"The clouds are gray, the raindrops sink,",A silent hush begins to blink.,sink,blink
"The clouds are gray, the raindrops sink,",A quiet hush begins to link.,sink,link
"The clouds are gray, the raindrops sink,",A silent hush begins to stink.,sink,stink
"The clouds are gray, the raindrops sink,",A quiet hush begins to think.,sink,think
"The clouds are gray, the raindrops sink,",A silent hush upon the brink.,sink,brink
"The clouds are gray, the raindrops sink,",A quiet hush begins to blink.,sink,blink
"The clouds are gray, the raindrops sink,",A silent hush upon the brink.,sink,brink
"The clouds are gray, the raindrops sink,",A quiet hush begins to think.,sink,think
"The clouds are gray, the raindrops sink,",A whispered hush begins to think.,sink,think
"The clouds are gray, the raindrops sink,",A silent hush upon the brink.,sink,brink
"The clouds are gray, the raindrops sink,",A silent hush begins to think.,sink,think
"The clouds are gray, the raindrops sink,",A silent hush upon the brink.,sink,brink
"The clouds are gray, the raindrops sink,",A silent hush begins to stink.,sink,stink
"The clouds are gray, the raindrops sink,",A silent hush upon the wind.,sink,wind
"The clouds are gray, the raindrops sink,",A silent hush upon the brink.,sink,brink
"The clouds are gray, the raindrops sink,",A silent hush upon the brink.,sink,brink
"The clouds are gray, the raindrops sink,",A silent hush begins to think.,sink,think
"The clouds are gray, the raindrops sink,",A silent hush upon the brink.,sink,brink
"The clouds are gray, the raindrops sink,",A silent hush begins to blink.,sink,blink
"The clouds are gray, the raindrops sink,",A silent hush upon the brink.,sink,brink
"The clouds are gray, the raindrops sink,",A silent hush begins to think.,sink,think
"The clouds are gray, the raindrops sink,",A silent hush upon the brink.,sink,brink
"The clouds are gray, the raindrops sink,",A silent hush upon the brink.,sink,brink
"The clouds are gray, the raindrops sink,",A quiet hush begins to think.,sink,think
"The clouds are gray, the raindrops sink,",A silent hush upon the brink.,sink,brink
"The clouds are gray, the raindrops spill,",A whispered tune the winds still fill.,spill,fill
"The clouds are gray, the raindrops spill,",A whispered hush beneath the will.,spill,will
"The clouds are gray, the raindrops spill,",A whispered tune the wind will tell.,spill,tell
"The clouds are gray, the raindrops spill,",A whispered tune the wind will still.,spill,still
"The clouds are gray, the raindrops spill,",A whispered song the sky does fill.,spill,fill
"The clouds are gray, the raindrops spill,",A silent hush falls still and chill.,spill,chill
"The clouds are gray, the raindrops spill,",A whispered hush upon the hill.,spill,hill
"The clouds are gray, the raindrops spill,",A whispered tune the wind will fill.,spill,fill
"The clouds are gray, the raindrops spill,",A whispered song the sky still tells.,spill,tells
"The clouds are gray, the raindrops spill,",A whispered hush begins to fill.,spill,fill
"The clouds are gray, the raindrops spill,",A whispered song the wind will still.,spill,still
"The clouds are gray, the raindrops spill,",A whispered sigh beneath the hill.,spill,hill
"The clouds are gray, the raindrops spill,",A whispered hush begins to still.,spill,still
"The clouds are gray, the raindrops spill,","A whispered sigh, the world grows still.",spill,still
"The clouds are gray, the raindrops spill,",A whispered tune the wind will thrill.,spill,thrill
"The clouds are gray, the raindrops spill,",A whispered tune the wind will still.,spill,still
"The clouds are gray, the raindrops spill,",A whispered tune the wind still fills.,spill,fills
"The clouds are gray, the raindrops spill,",A whispered hush begins to still.,spill,still
"The clouds are gray, the raindrops spill,",A whispered tune the wind will chill.,spill,chill
"The clouds are gray, the raindrops spill,",A silent hush upon the hill.,spill,hill
"The clouds are gray, the raindrops spill,",A whispered tune the wind will fill.,spill,fill
"The clouds are gray, the raindrops spill,",A whispered tune the winds will fill.,spill,fill
"The clouds are gray, the raindrops spill,",A whispered song the skies still thrill.,spill,thrill
"The clouds are gray, the raindrops spill,",A whispered tune the wind will fill.,spill,fill
"The clouds are gray, the raindrops spill,",A whispered hush falls still and chill.,spill,chill
"The clouds are gray, the raindrops spill,",A whispered hush falls still and chill.,spill,chill
"The clouds are gray, the raindrops spill,",A whispered song the wind does still.,spill,still
"The clouds are gray, the raindrops spill,",A whispered hush falls still and chill.,spill,chill
"The clouds are gray, the raindrops spill,",A whispered tune the wind will still.,spill,still
"The clouds are gray, the raindrops spill,",A whispered sigh the wind will fill.,spill,fill
"The clouds are gray, the raindrops spill,",A whispered tune the wind will still.,spill,still
"The clouds are gray, the raindrops spill,",A whispered tune the wind will thrill.,spill,thrill
"The clouds are gray, the raindrops spill,",A whispered tune the wind still fills.,spill,fills
"The clouds are gray, the raindrops spill,","A whispered sigh, the world turns still.",spill,still
"The clouds are gray, the raindrops spill,",A whispered tune the wind does fill.,spill,fill
"The clouds are gray, the raindrops spill,",A whispered sigh beneath the hill.,spill,hill
"The clouds are gray, the raindrops spill,",A whispered hush falls still and chill.,spill,chill
"The clouds are gray, the raindrops spill,",A whispered hush begins to still.,spill,still
"The clouds are gray, the raindrops spill,",A whispered tune the wind will fill.,spill,fill
"The clouds are gray, the raindrops spill,",A whispered tune the wind will still.,spill,still
"The clouds are gray, the raindrops spill,",A whispered tune the wind will fill.,spill,fill
"The clouds are gray, the raindrops spill,",A whispered song the sky still tells.,spill,tells
"The clouds are gray, the raindrops spill,",A whispered tune the wind will still.,spill,still
"The clouds are gray, the raindrops spill,","A whispered sigh, the world feels still.",spill,still
"The clouds are gray, the raindrops spill,",A whispered tune the wind does thrill.,spill,thrill
"The clouds are gray, the raindrops spill,",A whispered song the sky still tells.,spill,tells
"The clouds are gray, the raindrops spill,",A whispered hush begins to still.,spill,still
"The clouds are gray, the raindrops spill,",A whispered tune the wind will thrill.,spill,thrill
"The clouds are gray, the raindrops spill,",A whispered tune the wind will still.,spill,still
"The clouds are gray, the raindrops spill,",A whispered sigh the wind will kill.,spill,kill
"The clouds are gray, the raindrops spill,",A whispered sigh the wind will still.,spill,still
"The clouds are gray, the raindrops spill,",A whispered tune the wind will still.,spill,still
"The clouds are gray, the raindrops spill,",A whispered sigh beneath the hill.,spill,hill
"The clouds are gray, the raindrops spill,",A whispered song the wind will still.,spill,still
"The clouds are gray, the raindrops spill,",A whispered song the wind does fill.,spill,fill
"The clouds are gray, the raindrops spill,",A whispered tune the wind will still.,spill,still
"The clouds are gray, the raindrops spill,",A whispered hush beneath the hill.,spill,hill
"The clouds are gray, the raindrops spill,",A whispered song the sky still tells.,spill,tells
"The clouds are gray, the raindrops spill,",A whispered tune the wind will still.,spill,still
"The clouds are gray, the raindrops spill,",A whispered hush begins to fill.,spill,fill
"The clouds are gray, the raindrops spill,",A whispered hush falls still and chill.,spill,chill
"The clouds are gray, the raindrops spill,",A whispered tune the wind does fill.,spill,fill
"The clouds are gray, the raindrops spill,",A whispered song the sky still tells.,spill,tells
"The clouds are gray, the raindrops spill,",A whispered tune the wind will still.,spill,still
"The clouds are gray, the raindrops spill,",A whispered song the wind does chill.,spill,chill
"The clouds are gray, the raindrops spill,",A whispered tune the wind will still.,spill,still
"The clouds are gray, the raindrops spill,",A whispered song the storm does fill.,spill,fill
"The clouds are gray, the raindrops spill,",A whispered tune the wind does fill.,spill,fill
"The clouds are gray, the raindrops spill,",A whispered tune the wind still tells.,spill,tells
"The clouds are gray, the raindrops spill,",A whispered tune the wind will still.,spill,still
"The clouds are gray, the raindrops spill,",A whispered tune the wind still fills.,spill,fills
"The clouds are gray, the raindrops spill,",A whispered song the sky still tells.,spill,tells
"The clouds are gray, the raindrops spill,",A whispered tune the wind will still.,spill,still
"The clouds are gray, the raindrops spill,",A whispered tune the wind will fill.,spill,fill
"The clouds are gray, the raindrops spill,",A whispered tune the wind will fill.,spill,fill
"The clouds are gray, the raindrops spill,",A whispered tune the winds will still.,spill,still
"The clouds are gray, the raindrops spill,",A whispered tune the wind will still.,spill,still
"The clouds are gray, the raindrops spill,",A whispered hush descends on hill.,spill,hill
"The clouds are gray, the raindrops spill,",A whispered tune the wind will tell.,spill,tell
"The clouds are gray, the raindrops spill,",A whispered song the wind does thrill.,spill,thrill
"The clouds are gray, the raindrops spill,",A whispered hush beneath the hill.,spill,hill
"The clouds are gray, the raindrops spill,",A whispered song the wind will fill.,spill,fill
"The clouds are gray, the raindrops spill,",A whispered sigh beneath the will.,spill,will
"The clouds are gray, the raindrops spill,",A whispered hush falls still and chill.,spill,chill
"The clouds are gray, the raindrops spill,",A whispered sigh the wind will fill.,spill,fill
"The clouds are gray, the raindrops spill,",A whispered tune the wind will still.,spill,still
"The clouds are gray, the raindrops spill,",A whispered song the sky still tells.,spill,tells
"The clouds are gray, the raindrops spill,",A whispered tune the wind will still.,spill,still
"The clouds are gray, the raindrops spill,",A whispered song the sky still tells.,spill,tells
"The clouds are gray, the raindrops spill,",A whispered sigh beneath the hill.,spill,hill
"The clouds are gray, the raindrops spill,",A whispered tune the wind will still.,spill,still
"The clouds are gray, the raindrops spill,",A whispered tune the wind will still.,spill,still
"The clouds are gray, the raindrops spill,","A whispered sigh, the world grows still.",spill,still
"The clouds are gray, the raindrops spill,",A whispered hush begins to still.,spill,still
"The clouds are gray, the raindrops spill,",A whispered tune the wind still tells.,spill,tells
"The clouds are gray, the raindrops spill,",A whispered tune the wind will still.,spill,still
"The clouds are gray, the raindrops spill,",A whispered song the wind will still.,spill,still
"The clouds are gray, the raindrops spill,",A whispered tune the wind will still.,spill,still
"The clouds are gray, the raindrops spill,",A whispered sigh through nature's will.,spill,will
"The clouds are gray, the raindrops spill,",A whispered song the winds still thrill.,spill,thrill
"The clouds are gray, the raindrops spill,",A whispered tune the wind will still.,spill,still
"The clouds are gray, the raindrops spill,",A whispered tune the wind will fill.,spill,fill
"The clouds are gray, the raindrops spill,",A whispered hush beneath the hill.,spill,hill
"The clouds are gray, the raindrops spill,",A whispered tune the wind will still.,spill,still
"The clouds are gray, the raindrops spill,","A whispered sigh, a quiet chill.",spill,chill
"The clouds are gray, the raindrops spill,",A silent hush begins to fill.,spill,fill
"The clouds are gray, the raindrops spill,",A whispered tune the wind will still.,spill,still
"The clouds are gray, the raindrops spill,",A whispered song the sky still tells.,spill,tells
"The clouds are gray, the raindrops spill,",A whispered tune the wind will tell.,spill,tell
"The clouds are gray, the raindrops spill,",A whispered tune the wind will still.,spill,still
"The clouds are gray, the raindrops spill,",A whispered sigh beneath the will.,spill,will
"The clouds are gray, the raindrops spill,",A whispered tune the wind does fill.,spill,fill
"The clouds are gray, the raindrops spill,",A whispered tune the wind will still.,spill,still
"The clouds are gray, the raindrops spill,",A whispered hush begins to fill.,spill,fill
"The clouds are gray, the raindrops spill,",A whispered tune the wind will fill.,spill,fill
"The clouds are gray, the raindrops spill,",A whispered song the wind will still.,spill,still
"The clouds are gray, the raindrops spill,",A whispered song the sky still tells.,spill,tells
"The clouds are gray, the raindrops spill,",A whispered tune the wind still fills.,spill,fills
"The clouds are gray, the raindrops spill,",A whispered tune the wind will fill.,spill,fill
"The clouds are gray, the raindrops spill,",A whispered tune the wind will still.,spill,still
"The clouds are gray, the raindrops spill,",A whispered tune the wind will fill.,spill,fill
"The clouds are gray, the raindrops spill,",A whispered sigh beneath the hill.,spill,hill
"The clouds are gray, the raindrops spill,",A whispered song the wind still tells.,spill,tells
"The clouds are gray, the raindrops spill,",A whispered hush beneath the hill.,spill,hill
"The clouds are gray, the raindrops spill,",A whispered hush begins to still.,spill,still
"The clouds are gray, the raindrops spill,",A whispered hush descends on the hill.,spill,hill
"The clouds are gray, the raindrops spill,",A whispered sigh the wind will still.,spill,still
"The clouds are gray, the raindrops spill,",A whispered tune the wind does fill.,spill,fill
"The clouds are gray, the raindrops spill,",A whispered hush falls still and chill.,spill,chill
"The clouds are gray, the raindrops spill,",A whispered song the sky still tells.,spill,tells
"The clouds are gray, the raindrops spill,",A whispered song the sky still tells.,spill,tells
"The clouds are gray, the raindrops spill,",A whispered song the sky still tells.,spill,tells
"The clouds are gray, the raindrops spill,",A whispered song the sky still fills.,spill,fills
"The clouds are gray, the raindrops spill,",A whispered tune the wind will still.,spill,still
"The clouds are gray, the raindrops spill,",A whispered song the sky still tells.,spill,tells
"The clouds are gray, the raindrops spill,",A whispered tune the wind will still.,spill,still
"The clouds are gray, the raindrops spill,",A whispered tune the wind does fill.,spill,fill
"The clouds are gray, the raindrops spill,",A whispered sigh the wind will fill.,spill,fill
"The clouds are gray, the raindrops spill,",A whispered tune the wind will fill.,spill,fill
"The clouds are gray, the raindrops spill,",A whispered song the wind does fill.,spill,fill
"The clouds are gray, the raindrops spill,",A whispered tune the wind will still.,spill,still
"The clouds are gray, the raindrops spill,",A whispered tune the winds will fill.,spill,fill
"The clouds are gray, the raindrops spill,","A whispered sigh, the world turns still.",spill,still
"The clouds are gray, the raindrops spill,",A whispered song the sky still tells.,spill,tells
"The clouds are gray, the raindrops spill,",A whispered tune the wind does fill.,spill,fill
"The clouds are gray, the raindrops spill,",A whispered tune the winds will still.,spill,still
"The clouds are gray, the raindrops spill,",A whispered tune the wind will chill.,spill,chill
"The clouds are gray, the raindrops spill,",A whispered tune the wind will tell.,spill,tell
"The clouds are gray, the raindrops spill,",A whispered tune the wind will still.,spill,still
"The clouds are gray, the raindrops spill,",A whispered song the sky still tells.,spill,tells
"The clouds are gray, the raindrops spill,",A whispered tune the wind will fill.,spill,fill
"The clouds are gray, the raindrops spill,",A whispered tune the wind does fill.,spill,fill
"The clouds are gray, the raindrops spill,",A whispered song the storm does still.,spill,still
"The clouds are gray, the raindrops spill,",A whispered tune the wind still tells.,spill,tells
"The clouds are gray, the raindrops spill,",A whispered sigh beneath the hill.,spill,hill
"The clouds are gray, the raindrops spill,",A whispered song the winds still fill.,spill,fill
"The clouds are gray, the raindrops spill,",A whispered tune the wind will fill.,spill,fill
"The clouds are gray, the raindrops spill,",A whispered sigh the wind will fill.,spill,fill
"The clouds are gray, the raindrops spill,",A silent hush falls on the hill.,spill,hill
"The clouds are gray, the raindrops spill,",A whispered hush falls still and chill.,spill,chill
"The clouds are gray, the raindrops spill,",A whispered song the wind still tells.,spill,tells
"The clouds are gray, the raindrops spill,","A whispered sigh, the world turns still.",spill,still
"The clouds are gray, the raindrops spill,",A whispered sigh the wind still fills.,spill,fills
"The clouds are gray, the raindrops spill,",A whispered tune the wind will fill.,spill,fill
"The clouds are gray, the raindrops spill,",A whispered sigh beneath the hill.,spill,hill
"The clouds are gray, the raindrops spill,",A whispered sigh beneath the hill.,spill,hill
"The clouds are gray, the raindrops spill,",A whispered song the sky still tells.,spill,tells
"The clouds are gray, the raindrops spill,",A whispered tune the wind still fills.,spill,fills
"The clouds are gray, the raindrops spill,",A whispered hush falls still and chill.,spill,chill
"The clouds are gray, the raindrops spill,",A whispered tune the wind will still.,spill,still
"The clouds are gray, the raindrops spill,",A whispered hush falls still and chill.,spill,chill
"The clouds are gray, the raindrops spill,",A whispered tune the wind will still.,spill,still
"The clouds are gray, the raindrops spill,",A whispered tune the winds still thrill.,spill,thrill
"The clouds are gray, the raindrops spill,",A whispered tune the winds still thrill.,spill,thrill
"The clouds are gray, the raindrops spill,",A whispered sigh the winds distill.,spill,distill
"The clouds are gray, the raindrops spill,",A whispered hush begins to still.,spill,still
"The clouds are gray, the raindrops spill,","A whispered sigh, the world turns still.",spill,still
"The clouds are gray, the raindrops spill,",A whispered tune the wind does fill.,spill,fill
"The clouds are gray, the raindrops spill,",A whispered tune the wind still fills.,spill,fills
"The clouds are gray, the raindrops spill,",A whispered sigh through the forest hill.,spill,hill
"The clouds are gray, the raindrops spill,",A whispered song the sky still tells.,spill,tells
"The clouds are gray, the raindrops spill,",A whispered tune the wind will still.,spill,still
"The clouds are gray, the raindrops spill,",A whispered hush falls still and chill.,spill,chill
"The clouds are gray, the raindrops spill,",A whispered song the sky does fill.,spill,fill
"The clouds are gray, the raindrops spill,",A whispered tune the wind still chills.,spill,chills
"The clouds are gray, the raindrops spill,","A whispered sigh, the world turns still.",spill,still
"The clouds are gray, the raindrops spill,",A whispered tune the wind will still.,spill,still
"The clouds are gray, the raindrops spill,",A whispered tune the wind will still.,spill,still
"The clouds are gray, the raindrops spill,",A whispered tune the wind will fill.,spill,fill
"The clouds are gray, the raindrops spill,",A whispered hush falls still and chill.,spill,chill
"The clouds are gray, the raindrops spill,",A whispered tune the winds still fill.,spill,fill
"The clouds are gray, the raindrops spill,","A whispered sigh, the world turns still.",spill,still
"The clouds are gray, the raindrops spill,",A whispered tune the wind will still.,spill,still
"The clouds are gray, the raindrops spill,",A whispered sigh the wind does fill.,spill,fill
"The clouds are gray, the raindrops spill,",A whispered sigh beneath the will.,spill,will
"The clouds are gray, the raindrops spill,",A whispered tune the wind still keeps.,spill,keeps
"The clouds are gray, the raindrops spill,",A whispered tune the wind does fill.,spill,fill
"The clouds are gray, the raindrops spill,",A whispered tune the winds distill.,spill,distill
"The clouds are gray, the raindrops spill,",A whispered hush upon the hill.,spill,hill
"The clouds are gray, the raindrops spill,","A whispered hush, the world turns still.",spill,still
