FIRST LINE: Boxes of books, a reader's delight,
  001: Treasures of stories that never feel light.
  002: Treasures of stories that bring us to light.
  003: Pages that whisper through the night.
  004: Treasures of stories that spark the night.
  005: Treasures of tales in each page's light.
  006: Treasures of tales in each page's bright light.
  007: Pages that whisper through the night.
  008: Treasures of tales in each page's light.
  009: Pages that whisper through the night.
  010: Treasures of stories that shine through the night.
  011: Treasures of stories that shine through the night.
  012: Treasure troves waiting to take flight.
  013: Treasures of stories that bring us to light.
  014: Treasures of tales in each page's light.
  015: Treasure troves waiting to take flight.
  016: Treasures of tales in each page's light.
  017: Treasure troves waiting to take flight.
  018: Treasure troves that spark the night.
  019: Treasures of stories that shine so bright.
  020: Treasure troves waiting to take flight.
  021: Treasures of tales in quiet twilight.
  022: Treasures of stories that never lose their light.
  023: Treasures of tales in each page's light.
  024: Treasures of tales in every bright light.
  025: Treasures of stories that never feel light.
  026: Treasures of tales in every bright light.
  027: Treasure troves waiting to take flight.
  028: Treasures of tales in each page's light.
  029: Treasures of stories that bring us to light.
  030: Treasure troves waiting to take flight.
  031: Treasures of stories that shine through the night.
  032: Pages that whisper through the night.
  033: Treasures of tales in every bright light.
  034: Treasures of tales that spark the mind's light.
  035: Treasures of stories that fill the night.
  036: Treasures of stories that spark the mind's light.
  037: Pages await in the soft morning light.
  038: Treasures of tales in each page's bright light.
  039: Treasures of stories that light up the night.
  040: Treasure troves waiting to take flight.
  041: Treasures of stories that shine so bright.
  042: Treasures of tales in each page's bright light.
  043: Treasures of tales in quiet flight.
  044: Treasure troves waiting to take flight.
  045: Treasures of stories that bring us to light.
  046: Treasure troves waiting to take flight.
  047: Treasures of tales in the dark of the night.
  048: Treasures of stories that spark the mind's light.
  049: Treasures of tales in each page's bright light.
  050: Treasures of stories that light up the night.
  051: Treasures of stories that never feel light.
  052: Treasures of tales in each page's bright light.
  053: Treasures of stories that shine through the night.
  054: Treasures of tales in each page's bright light.
  055: Treasures of stories, both dark and bright.
  056: Treasures of tales that light up the night.
  057: Treasures of tales in each page's light.
  058: Treasures of stories that shine so bright.
  059: Treasure troves waiting to take flight.
  060: Treasures of stories that bring us to light.
  061: Treasures of stories that shine so bright.
  062: Treasure troves waiting to take flight.
  063: Treasures of tales in each page's light.
  064: Treasures of stories that shine so bright.
  065: Treasures of tales in each page's bright light.
  066: Treasure troves that fill the night.
  067: Treasures of stories that never feel light.
  068: Treasures of stories that never lose their light.
  069: Treasure troves waiting to take flight.
  070: Treasure troves waiting to take flight.
  071: Treasure troves waiting to be bright.
  072: Treasure troves waiting to be bright.
  073: Treasures of stories that spark the night.
  074: Pages that whisper through the night.
  075: Treasure troves waiting to take flight.
  076: Treasures of tales in each page's light.
  077: Treasures of stories that shine through the night.
  078: Treasures of stories that shine so bright.
  079: Treasures of stories that fill the night.
  080: Treasure troves waiting to take flight.
  081: Treasures of stories that never grow light.
  082: Treasure troves waiting to take flight.
  083: Treasures of tales in each page's bright light.
  084: Stories unfold in the soft morning light.
  085: Treasure troves where imagination takes flight.
  086: Treasures of stories that never feel slight.
  087: Treasures of tales in every bright light.
  088: Treasures of stories that fill the night.
  089: Treasures of tales in each page's light.
  090: Treasure troves waiting to be bright.
  091: Treasures of stories that shine through the night.
  092: Treasures of stories that shine so bright.
  093: Treasures of tales in each page's bright light.
  094: Treasures of stories that never lose their light.
  095: Treasures of tales in the dark of the night.
  096: Treasures of tales in every bright light.
  097: Treasures of stories that shine through the night.
  098: Treasures of tales in quiet delight.
  099: Treasures of stories that shine through the night.
  100: Treasures of stories that shine through the night.
  101: Treasures of stories that never lose their light.
  102: Treasures of stories that shine so bright.
  103: Treasures of stories that shine through the night.
  104: Treasures of stories, both day and night.
  105: Treasures of tales in each page's light.
  106: Treasures of tales that bring joy and light.
  107: Treasures of stories that shine so bright.
  108: Treasures of stories that bring us to light.
  109: Treasures of tales in quiet delight.
  110: Treasure troves waiting to take flight.
  111: Treasures of stories that never grow light.
  112: Stories unfold in the soft morning light.
  113: Treasures of tales in each page's light.
  114: Treasures of stories that shine so bright.
  115: Treasures of stories that never lose their light.
  116: Treasures of tales in each page's light.
  117: Treasures of stories that bring joy and light.
  118: Treasures of tales in the dark night.
  119: Treasure troves waiting to take flight.
  120: Treasure troves waiting to take flight.
  121: Treasure troves waiting to take flight.
  122: Treasures of stories that shine so bright.
  123: Treasures of stories that shine through the night.
  124: Treasures of stories that spark the mind's light.
  125: Treasures of stories, both day and night.
  126: Treasures of stories that shine through the night.
  127: Treasures of tales in each page's light.
  128: Treasures of stories that bring joy and light.
  129: Pages unfold in the soft morning light.
  130: Treasures of stories that never lose their light.
  131: Treasure troves waiting to take flight.
  132: Treasure troves waiting to take flight.
  133: Treasure troves waiting to take flight.
  134: Treasures of stories that bring us to light.
  135: Treasures of tales that never feel light.
  136: Treasures of stories that bring joy and light.
  137: Treasures of stories that shine so bright.
  138: Treasures of tales in every bright light.
  139: Treasures of tales in every bright light.
  140: Treasures of tales in each page's bright light.
  141: Treasures of stories that shine through the night.
  142: Treasures of tales in the dark night.
  143: Treasures of tales in every bright light.
  144: Treasures of tales in each page's light.
  145: Treasures of tales in each page's light.
  146: Treasure troves waiting to take flight.
  147: Treasure troves waiting to take flight.
  148: Treasures of tales in each page's light.
  149: Treasure troves waiting to take flight.
  150: Treasures of tales in quiet night.
  151: Treasures of tales that light up the night.
  152: Treasures of stories that bring joy and light.
  153: Treasures of stories that bring us to light.
  154: Treasure troves waiting to take flight.
  155: Pages await in the quiet of night.
  156: Treasures of stories that bring us to light.
  157: Treasures of tales in each page's light.
  158: Treasures of stories that never feel light.
  159: Stories unfold in the soft morning light.
  160: Treasures of stories that never feel light.
  161: Treasure troves waiting to take flight.
  162: Treasures of stories that shine so bright.
  163: Treasures of stories that bring us to light.
  164: Treasures of stories that bring us to light.
  165: Treasure troves waiting to be bright.
  166: Treasures of tales in every bright light.
  167: Treasures of tales that light up the night.
  168: Treasure troves waiting to take flight.
  169: Treasures of stories that shine through the night.
  170: Treasures of stories that shine through the night.
  171: Treasures of stories that light up the night.
  172: Treasures of tales in quiet night.
  173: Treasure troves waiting to be bright.
  174: Treasures of tales in each page's light.
  175: Treasures of stories that shine so bright.
  176: Treasures of stories that never feel light.
  177: Pages unfold in the soft morning light.
  178: Treasures of tales in quiet delight.
  179: Treasures of tales in each page's bright light.
  180: Pages that whisper through the night.
  181: Treasures of stories that shine so bright.
  182: Treasures of stories that shine so bright.
  183: Treasures of stories that spark the mind's light.
  184: Treasures of stories that never feel light.
  185: Treasures of tales in every bright light.
  186: Treasures of stories that bring us to light.
  187: Treasures of stories, both day and night.
  188: Treasures of tales that fill the night.
  189: Treasures of stories that bring us to light.
  190: Treasure troves waiting to take flight.
  191: Treasure troves waiting to be bright.
  192: Treasure troves waiting to take flight.
  193: Treasures of tales in each page's light.
  194: Treasures of stories that light up the night.
  195: Treasure troves waiting to take flight.
  196: Treasures of stories that never grow light.
  197: Treasure troves waiting to take flight.
  198: Treasures of stories, both old and new.
  199: Treasures of stories that never feel light.
  200: Pages that whisper through the night.

FIRST LINE: Boxes of books, a reader's joy,
  001: Treasures of tales that never grow old.
  002: Pages whisper tales of long ago.
  003: Treasures of tales that lift the soul on high.
  004: Treasures of tales that never grow old.
  005: Treasures of tales that never grow old.
  006: Treasures of tales that never grow old.
  007: Treasures of tales that never grow old.
  008: Treasures of tales that never grow old.
  009: Treasures of tales that never grow old.
  010: Treasure troves where imagination voyages.
  011: Treasures of tales that never grow old.
  012: Treasures of tales that never grow old.
  013: Treasure troves where dreams employ.
  014: Treasures of tales that never grow old.
  015: Pages turn with quiet boy.
  016: Treasures of tales that never grow old.
  017: Treasures of tales that never grow old.
  018: Treasures of tales that never grow old.
  019: Treasures of tales that never grow old.
  020: Treasures of stories, both old and new.
  021: Treasures of tales that never grow old.
  022: Treasure troves where dreams employ.
  023: Treasure troves where dreams employ.
  024: Treasures of tales that never grow old.
  025: Treasures of tales that never grow old.
  026: Treasures of tales that never grow old.
  027: Treasures of tales that never grow old.
  028: Mysteries, tales, and dreams employ.
  029: Treasures of stories, both old and new.
  030: Treasures of tales that forever employ.
  031: Treasures of tales that never grow old.
  032: Treasures of tales that never grow old.
  033: Treasure troves where imagination voyages.
  034: Treasures of tales that never grow old.
  035: Treasures of tales that never grow old.
  036: Treasures of tales that never grow old.
  037: Treasures of tales that never grow old.
  038: Treasures of tales that will always employ.
  039: Treasure troves where imagination will fly.
  040: Treasures of tales that never grow old.
  041: Treasures of tales that never grow old.
  042: Treasures of tales that will always employ.
  043: Treasures of tales that never grow old.
  044: Treasures of tales that never grow old.
  045: Treasures of tales that never grow old.
  046: Treasures of tales that never grow old.
  047: Treasure troves where imagination voyages.
  048: Treasures of tales that never grow old.
  049: Treasures of tales that never grow old.
  050: Treasures of tales that never grow old.
  051: Treasures of tales that forever employ.
  052: Pages turning, dreams take flight.
  053: Treasures of tales that never grow old.
  054: Treasures of tales that never grow old.
  055: Treasures of tales that never grow old.
  056: Treasures of stories, both old and new.
  057: Treasures of tales that never grow old.
  058: Treasures of tales that never grow old.
  059: Treasures of tales that never grow old.
  060: Treasure troves where stories flow.
  061: Treasure troves where imagination voyages.
  062: Treasure troves where dreams employed.
  063: Treasures of tales that never grow old.
  064: Treasure troves where imagination voyages.
  065: Treasures of tales that will never grow old.
  066: Treasures of tales that never grow old.
  067: Treasures of tales that never grow old.
  068: Treasures of tales that never grow old.
  069: Mysteries wait, and dreams employ.
  070: Treasure troves waiting to employ.
  071: Treasures of tales that will always employ.
  072: Treasures of stories, both old and new.
  073: Treasures of tales that never grow old.
  074: Treasures of tales that never grow old.
  075: Treasures of stories, both old and new.
  076: Treasures of tales that never grow old.
  077: Treasures of tales that never grow old.
  078: Treasures of tales that never grow old.
  079: Treasures of tales that never grow old.
  080: Treasures of tales that never grow old.
  081: Treasure troves that never grow old.
  082: Treasure troves where stories employ.
  083: Treasures of tales that never grow old.
  084: Treasures of stories, both old and new.
  085: Treasures of tales that never grow old.
  086: Treasures of tales that never grow old.
  087: Treasures of tales that never grow old.
  088: Treasures of tales that never grow old.
  089: Treasures of tales that never grow old.
  090: Treasures of tales that never grow old.
  091: Treasure troves where imagination voyages.
  092: Treasures of tales that never grow old.
  093: Treasures of tales that will always employ.
  094: Treasure troves that never grow old.
  095: Treasures of tales that never grow old.
  096: Treasures of tales that never grow old.
  097: Treasures of tales that never grow old.
  098: Treasures of tales that never grow old.
  099: Treasures of tales that never grow old.
  100: Treasures of tales that never grow old.
  101: Treasure each page, let stories employ.
  102: Worlds to explore, no end in sight.
  103: Treasures of tales that never grow old.
  104: Treasure troves where imagination voyages.
  105: Treasures of tales that lift the soul on high.
  106: Treasure troves where imagination voyages.
  107: Treasures of tales that forever employ.
  108: Treasures of tales that never grow old.
  109: Treasures of tales that never grow old.
  110: Worlds unfold with each new toy.
  111: Treasure troves where dreams employ.
  112: Treasures of stories, both old and new.
  113: Worlds unfold with every boy.
  114: Treasure troves that never grow old.
  115: Treasures of tales that never grow old.
  116: Treasures of tales that never grow old.
  117: Treasures of tales that never grow old.
  118: Treasures of tales that never grow old.
  119: Treasures of tales that never grow old.
  120: Treasures of tales that never grow old.
  121: Treasure troves where imagination voyages.
  122: Treasures of tales that lift the soul.
  123: Treasures of tales that never grow old.
  124: Treasure troves where dreams are deployed.
  125: Treasures of tales that never grow old.
  126: Treasures of tales that never grow old.
  127: Pages turn with quiet toil.
  128: Treasures of tales that never grow old.
  129: Treasures of tales that never grow old.
  130: Treasures of stories, both old and new.
  131: Treasures of tales that never grow old.
  132: Treasures of tales that never grow old.
  133: Treasures of tales that never grow old.
  134: Treasure troves where imagination voyages far and wide.
  135: Treasures of tales that never grow old.
  136: Treasure troves where dreams can fly.
  137: Treasures of tales that never grow old.
  138: Treasures of tales that never grow old.
  139: Treasure each page, let stories employ.
  140: Treasures of tales that never grow old.
  141: Treasures of tales that never grow old.
  142: Treasures of tales that never grow old.
  143: Treasure troves that never grow old.
  144: Treasures of tales that never grow old.
  145: Treasure troves where imagination voyages.
  146: Treasures of tales that never grow old.
  147: Treasure troves where imagination will fly.
  148: Treasures of tales that never grow old.
  149: Treasures of tales that never grow old.
  150: Treasure each page, let stories employ.
  151: Mysteries wait to be employed.
  152: Treasures of tales that never grow old.
  153: Treasures of tales that never grow old.
  154: Treasure troves where dreams can toy.
  155: Treasures of tales that never grow old.
  156: Pages that whisper, stories that toy.
  157: Treasures of tales that lift the soul.
  158: Treasures of tales that lift the boy.
  159: Treasure troves where dreams may toy.
  160: Treasures of tales that will always employ.
  161: Worlds unfold with every toy.
  162: Treasure each page, let stories employ.
  163: Treasures of tales that never grow old.
  164: Treasures of tales that never grow old.
  165: Treasure each page, let stories employ.
  166: Mysteries unfold, and dreams take flight.
  167: Treasures of tales that never grow old.
  168: Treasure troves where dreams employ.
  169: Treasures of tales that never grow old.
  170: Treasures of tales that never grow old.
  171: Treasures of tales that never grow old.
  172: Treasures of tales that never grow old.
  173: Treasures of tales that never grow old.
  174: Treasure troves where imagination voyages.
  175: Treasures of tales that never grow old.
  176: Treasure troves where imagination voyages.
  177: Treasures of stories, both old and new.
  178: Treasures of tales that never grow old.
  179: Treasures of tales that never grow old.
  180: Pages that whisper, dreams that employ.
  181: Treasures of tales that never grow old.
  182: Treasures of tales that never grow old.
  183: Treasures of tales that never grow old.
  184: Treasures of tales that never grow old.
  185: Treasures of stories, both old and new.
  186: Treasures of tales that never grow old.
  187: Worlds to explore, no end in sight.
  188: Treasures of tales that never grow old.
  189: Treasures of tales that never grow old.
  190: Treasure troves that help us toy.
  191: Treasure troves waiting to employ.
  192: Treasures of tales that never grow old.
  193: Treasures of stories, both old and new.
  194: Treasures of tales that never grow old.
  195: Treasures of tales that never grow old.
  196: Treasures of tales that never grow old.
  197: Stories unfold with each new toy.
  198: Treasures of tales that never grow old.
  199: Treasures of tales that never grow old.
  200: Treasures of tales that never grow old.

FIRST LINE: Boxes of books, a reader's habit,
  001: Treasure troves stacked, a quiet habit.
  002: Treasure troves where imagination habit.
  003: Stories unfold with each quick habit.
  004: Treasure troves where imagination habit.
  005: Treasure troves stacked, a quiet habit.
  006: Treasures of tales in quiet lit.
  007: Treasures of stories, a boundless gift.
  008: Treasures of tales in quiet fit.
  009: Treasures stacked, both old and habit.
  010: Mysteries wait where imagination fits.
  011: Treasures of tales in quiet fit.
  012: Treasure troves stacked, a quiet habit.
  013: Treasures of tales in quiet orbit.
  014: Treasure and tales in quiet orbit.
  015: Treasure and tales in quiet orbit.
  016: Stories unfold with each flip of the habit.
  017: Treasure and tales in quiet fit.
  018: Treasures of tales in quiet delight.
  019: Treasures of tales that never quit.
  020: Treasure troves where the imagination habit.
  021: Treasure troves where imagination habit.
  022: Treasure troves where imagination habit.
  023: Treasure and tale in every bit.
  024: Treasure troves stacked, a quiet habit.
  025: Treasure troves where imagination thrives.
  026: Treasure troves stacked, a quiet habit.
  027: Treasures of tales in quiet habit.
  028: Treasures of tales in quiet delight.
  029: Treasure troves where imagination's lit.
  030: Treasures stacked, each page a gift.
  031: Treasure troves where imagination fits.
  032: Treasure and tales in quiet lit.
  033: Treasure troves where imagination's lit.
  034: Treasures stacked, both old and habit.
  035: Stories unfold with each soft habit.
  036: Treasure troves where imagination's lit.
  037: Treasure troves stacked, no need for habit.
  038: Treasure troves stacked, a quiet habit.
  039: Treasures stacked high, a quiet habit.
  040: Treasures of tales in quiet fit.
  041: Treasure troves where the imagination thrives.
  042: Treasures of tales in paper and script.
  043: Treasure troves stacked, no need for a habit.
  044: Treasure troves where imagination habit.
  045: Treasure troves stacked with stories to live.
  046: Treasure and tales, a boundless habit.
  047: Treasures of tales in quiet fit.
  048: Treasures of tales in quiet fit.
  049: Treasure troves stacked, a quiet habit.
  050: Minds are shaped by the stories they knit.
  051: Minds are fed, and hearts are habit.
  052: Treasure troves stacked, a quiet habit.
  053: Miles of stories, a boundless habit.
  054: Treasures of tales in quiet lit.
  055: Treasure troves stacked, no need for habit.
  056: Treasure and tales, a boundless habit.
  057: Mysteries wait in every bit.
  058: Mysteries wait, and stories fit.
  059: Treasures of stories, a boundless habit.
  060: Treasure troves stacked, a quiet habit.
  061: Treasure troves where imagination habit.
  062: Treasures of tales in quiet habit.
  063: Treasure troves where imagination habit.
  064: Treasures of tales in quiet fit.
  065: Treasures of tales in quiet fit.
  066: Treasures of tales in quiet habit.
  067: Treasure troves where imagination habit.
  068: Stories unfold with every bit.
  069: Mindful pages, a quiet habit.
  070: Mysteries solved in quiet grit.
  071: Treasures of tales in quiet lit.
  072: Stories unfold with every bit.
  073: Treasure troves stacked, no need for habit.
  074: Treasure troves stacked, a quiet habit.
  075: Minds are fed, and hearts are lit.
  076: Treasure troves where imagination habit.
  077: Treasures of tales in quiet delight.
  078: Minds are shaped by the stories they knit.
  079: Treasure troves stacked with quiet grit.
  080: Treasure troves stacked, no need for habit.
  081: Minds are shaped by the stories they fit.
  082: Treasure troves where imagination habit.
  083: Treasure and tales in quiet grit.
  084: Treasures of tales in quiet fit.
  085: Mysteries wait where stories split.
  086: Treasure troves stacked, no need for habit.
  087: Treasure troves stacked, a quiet habit.
  088: Minds are shaped by the stories that fit.
  089: Treasure troves stacked, a quiet habit.
  090: Treasure troves where imagination fits.
  091: Quiet companions in the attic.
  092: Treasure troves where imagination habit.
  093: Treasure troves stacked, no need for habit.
  094: Treasure troves where imagination habit.
  095: Treasures stacked, each page a gift.
  096: Quiet companions in the attic.
  097: Treasure troves where imagination habit.
  098: Treasures of tales in quiet habit.
  099: Treasure troves stacked with quiet grit.
  100: Treasures of tales in quiet lit.
  101: Treasure and tales in quiet habit.
  102: Treasure troves stacked with quiet grit.
  103: A treasure trove where stories live.
  104: Treasures of tales in quiet lit.
  105: A treasure trove where stories live.
  106: Treasure and tales, a boundless habit.
  107: Treasure troves where imagination splits.
  108: Mindful escapes from life's strict script.
  109: Treasure troves where imagination habit.
  110: Minds are shaped by the stories they habit.
  111: Treasure troves where the imagination fits.
  112: Treasures stacked, each page a gift.
  113: Treasure troves stacked, a quiet habit.
  114: Treasure troves stacked, a quiet habit.
  115: Treasure and tales in quiet fit.
  116: Treasures of tales, a boundless gift.
  117: Treasure troves where imagination habit.
  118: Treasures of tales in quiet fit.
  119: Treasure troves stacked, no need for habit.
  120: Treasure troves where imagination habit.
  121: Stories unfold in quiet lit.
  122: Treasure troves where imagination thrives.
  123: Treasure and tales in paper wrapped tight.
  124: Stories unfold with every bit.
  125: Treasures of tales in quiet fit.
  126: Treasures of tales in quiet fit.
  127: Treasure troves where imagination habit.
  128: Treasure troves stacked, a quiet habit.
  129: Treasure and tales in paper and script.
  130: Treasures stacked, each page a gift.
  131: Quiet companions in the attic.
  132: Treasure and tale in every habit.
  133: Treasure troves stacked, a quiet habit.
  134: Minds are fed, and hearts are lit.
  135: Mysteries wait where stories knit.
  136: Treasures of tales, a boundless habit.
  137: Treasure troves stacked, no need for habit.
  138: Treasure troves stacked with quiet grit.
  139: Treasure troves stacked, no need for habit.
  140: Treasures of tales in quiet orbit.
  141: Treasure troves stacked, a quiet habit.
  142: Treasure troves stacked, no need for habit.
  143: Treasures of tales in quiet fit.
  144: Treasures stacked high, a quiet habit.
  145: Treasure troves where imagination fits.
  146: Treasures of tales, a boundless gift.
  147: Mysteries solved in quiet grit.
  148: Treasures stacked, both old and habit.
  149: Treasure troves stacked, a quiet habit.
  150: Treasure troves stacked, a quiet habit.
  151: Treasure troves stacked, no need for habit.
  152: Treasure troves stacked, a quiet habit.
  153: Treasure troves stacked, no need for habit.
  154: Treasures of tales in quiet habit.
  155: Treasure troves stacked, no need for habit.
  156: Quiet companions in the quiet habit.
  157: Treasure troves stacked, no need for habit.
  158: Treasures of tales in quiet delight.
  159: Minds are shaped by the stories we live in.
  160: Treasure troves where imagination habit.
  161: Mystery, magic, and quiet grit.
  162: Treasure troves where imagination habit.
  163: Treasure troves where imagination's lit.
  164: Treasure and tales in paper and script.
  165: Treasure troves where imagination habit.
  166: Treasures of tales in quiet fit.
  167: Treasure troves where imagination habit.
  168: Treasures of tales, a boundless habit.
  169: Treasures of tales in quiet lit.
  170: Treasure troves where imagination habit.
  171: Miles of stories, no need for a map.
  172: Treasure troves stacked, no need for habit.
  173: Treasure troves stacked, no need for habit.
  174: Treasures of tales in quiet delight.
  175: Treasures of tales in quiet fit.
  176: Treasure troves stacked, no need for habit.
  177: Treasure troves stacked, no need for habit.
  178: Minds are fed where stories habit.
  179: Treasure troves where the imagination habit.
  180: Treasure troves where the imagination habit.
  181: Mystery, magic, and quiet grit.
  182: Treasure troves where imagination habit.
  183: Treasure troves where imagination habit.
  184: Treasure troves stacked, a quiet habit.
  185: Quiet joy in pages habit.
  186: Treasure and tales in quiet delight.
  187: Treasure troves where imagination splits.
  188: Treasures of tales, a boundless lit.
  189: Treasure troves where imagination habit.
  190: Treasures of tales in quiet lit.
  191: Stories unfold with every bit.
  192: Treasure troves where imagination habit.
  193: Mysteries solved in quiet habit.
  194: Treasure troves where imagination habit.
  195: Treasures of tales in quiet lit.
  196: Treasure troves stacked, a quiet habit.
  197: Treasure troves where the imagination thrives.
  198: Quiet companions in the attic.
  199: Mystery, magic, and quiet wit.
  200: Treasure troves where imagination habit.

FIRST LINE: Boxes of books, a reader's passion,
  001: Treasures of stories, each one a mission.
  002: Treasures of tales in quiet fascination.
  003: Treasures of tales in quiet fascination.
  004: Treasures of tales in quiet conversation.
  005: Treasure troves where imagination's fashioned.
  006: Treasure troves filled with imagination.
  007: Treasures of tales that imagination's fashion.
  008: Treasures of tales in quiet fascination.
  009: Treasure troves where imagination's fashioned.
  010: Treasure troves stacked with imagination.
  011: Secrets and stories, a world's expansion.
  012: Treasure troves filled with imagination.
  013: Treasure troves where imagination's cast.
  014: Treasure troves filled with imagination.
  015: Stories unfold with each new fashion.
  016: Treasure troves where imagination's cast.
  017: Secrets and stories, a world's fascination.
  018: Treasure troves where imagination's stationed.
  019: Treasure troves waiting to be fashioned.
  020: Quiet companions in a world of fashion.
  021: Whispers of worlds in each paper's fashion.
  022: Treasures of tales in quiet fascination.
  023: Treasures of tales in quiet fascination.
  024: Whispers of worlds in quiet devotion.
  025: Treasure troves where imagination's stationed.
  026: Treasure troves stacked with imagination.
  027: Treasure troves waiting to be fashion.
  028: Treasure troves where imagination's fashioned.
  029: Treasure troves where imagination's stationed.
  030: Treasure troves stacked with imagination.
  031: Whispers of worlds in each paper fashion.
  032: Treasures of tales in quiet fascination.
  033: Treasures of tales in quiet fascination.
  034: Treasures of tales in quiet fascination.
  035: Treasure troves waiting to be fashion.
  036: Stories unfold in imagination.
  037: Mysteries unfold, one page at a mission.
  038: Treasure troves filled with imagination.
  039: Treasure troves stacked with imagination.
  040: Treasures of tales in quiet fascination.
  041: Treasures of tales in quiet fascination.
  042: Whispers of worlds in quiet conversation.
  043: Treasure troves where imagination's cast.
  044: Treasures of tales in quiet devotion.
  045: Mysteries wait in every fashion.
  046: Treasures of tales in quiet conversation.
  047: Treasures of tales, a boundless expansion.
  048: Treasure troves where imagination's cast.
  049: Treasures of tales that will never be fashion.
  050: Quiet joy in each well-loved fashion.
  051: Mysteries unfold with every fashion.
  052: Treasure troves where imagination's fashioned.
  053: Stories unfold in quiet fascination.
  054: Stories unfold in a quiet fascination.
  055: Mysteries unfold with each new fashion.
  056: Treasure troves stacked with imagination.
  057: Treasures of tales in quiet fascination.
  058: Treasure troves where imagination's cast.
  059: Treasure troves where imagination's fashioned.
  060: Secrets and stories, a world's expansion.
  061: Treasures of tales that never grow old.
  062: Mysteries wait in every fashion.
  063: Treasure troves waiting for imagination.
  064: Mysteries wait in every fashion.
  065: Treasure troves stacked in quiet fascination.
  066: Treasures of tales in quiet fascination.
  067: Whispers of worlds in quiet conversation.
  068: Treasure troves where imagination's cast.
  069: Treasure troves waiting to be embraced.
  070: Treasure troves where imagination's fashioned.
  071: Treasure troves where imagination's fashion.
  072: Mysteries wait in every fashion.
  073: Treasures of tales, a boundless devotion.
  074: Treasures of tales in quiet expansion.
  075: Secrets and stories, a world's expansion.
  076: Worlds unfold with every question.
  077: Mysteries wait in every nation.
  078: Treasures of stories, each one a mission.
  079: Secrets and stories, a world's expansion.
  080: Secrets and stories, a boundless mission.
  081: Treasure each page, a world's expansion.
  082: Whispers of worlds in quiet fascination.
  083: Treasures of tales in quiet fascination.
  084: Treasures of tales in quiet fascination.
  085: Treasure troves where imagination's fashion.
  086: Treasures of tales that will never be fashion.
  087: Treasure troves stacked with imagination.
  088: Treasures of tales, a boundless devotion.
  089: Stories unfold in a quiet confession.
  090: Treasure troves where imagination's fashioned.
  091: Treasure troves stacked in quiet fascination.
  092: Treasures of tales in quiet fascination.
  093: Treasure troves filled with imagination.
  094: Secret worlds in paper fashion.
  095: Secrets and stories, a lifelong fashion.
  096: Secrets and stories, a world's expansion.
  097: Treasure troves where imagination's fashioned.
  098: Treasure each page, let imagination.
  099: Treasure troves where imagination's fashioned.
  100: Secret worlds in every fashion.
  101: Treasure troves where imagination's cast.
  102: Treasures of tales in quiet fascination.
  103: Treasures of tales in quiet fascination.
  104: Treasure troves filled with imagination.
  105: Treasure each page, let imagination.
  106: Treasure each page, let imagination expand.
  107: Stories unfold with each new fashion.
  108: Treasure troves stacked in quiet fascination.
  109: Treasures of tales that never grow old.
  110: Treasure troves filled with imagination.
  111: Treasure troves where imagination's fashioned.
  112: Quiet joy in every fashion.
  113: Treasures of tales in quiet fascination.
  114: Worlds unfold with every fashion.
  115: Whispers of worlds in quiet motion.
  116: Treasure troves filled with imagination.
  117: Treasure troves where imagination's fashioned.
  118: Secrets and stories, a world's reflection.
  119: Treasure troves where imagination's cast.
  120: Treasure troves where imagination's fashioned.
  121: Treasures of tales in quiet devotion.
  122: Worlds unfold with every fashion.
  123: Whispers of stories, a quiet fascination.
  124: Treasures of stories, each one a vision.
  125: Treasure troves stacked with imagination.
  126: Treasures of tales in quiet fascination.
  127: Secrets and stories, a world's expansion.
  128: Mysteries wait in every fashion.
  129: Treasures of tales in quiet fascination.
  130: Treasures of tales in quiet fascination.
  131: Stories unfold in quiet devotion.
  132: Treasure troves where imagination's cast.
  133: Treasure troves stacked with imagination.
  134: Treasure troves filled with imagination.
  135: Treasures of tales in quiet conversation.
  136: Treasures of tales in quiet fascination.
  137: Treasure troves filled with imagination.
  138: Treasures of tales in quiet fascination.
  139: Treasure troves where imagination's stationed.
  140: Treasures of tales in quiet fascination.
  141: Treasure troves where imagination's fashioned.
  142: Stories unfold in quiet fascination.
  143: Stories unfold in silent fashion.
  144: Treasures of tales that never grow old.
  145: Treasure troves filled with imagination.
  146: Treasure troves stacked in quiet devotion.
  147: Mysteries, tales, and endless expansion.
  148: Secrets and stories, a boundless fascination.
  149: Stories unfold with each new fashion.
  150: Whispers of stories, a world's reflection.
  151: Treasure troves stacked with imagination.
  152: Treasure troves filled with imagination.
  153: Treasures of tales in quiet fascination.
  154: Treasure each page, let imagination.
  155: Treasure troves where imagination's cast.
  156: Treasures of tales in quiet conversation.
  157: Quiet companions in a world of fashion.
  158: Whispers of worlds in quiet fascination.
  159: Mysteries wait in every fashion.
  160: Treasure troves waiting to be fashion.
  161: Treasure troves filled with imagination.
  162: Treasures of tales in quiet expansion.
  163: Treasures of tales, a boundless fascination.
  164: Quiet companions in a world of motion.
  165: Treasure troves where imagination's stationed.
  166: Stories unfold in silent conversation.
  167: Treasure troves where imagination's fashioned.
  168: Treasures of tales in quiet fascination.
  169: Treasure troves filled with imagination.
  170: Treasure each page, let imagination expand.
  171: Treasure each page, let imagination.
  172: Whispers of worlds in each paper fashion.
  173: Treasure troves filled with imagination.
  174: Secrets and stories, a boundless fascination.
  175: Treasures of tales in quiet fascination.
  176: Treasures of tales in quiet fascination.
  177: Treasure troves stacked with imagination.
  178: Treasures of tales in quiet fascination.
  179: Treasures of tales in quiet fascination.
  180: Treasure troves where imagination's cast.
  181: Secrets and stories, a world's expansion.
  182: Mysteries unfold in quiet fascination.
  183: Treasure troves filled with imagination.
  184: Treasure troves where imagination's fashioned.
  185: Mysteries wait in every fashion.
  186: Whispers of stories, a soul's devotion.
  187: Treasures of tales in quiet fascination.
  188: Treasure troves where imagination's fashion.
  189: Whispers of worlds in quiet fascination.
  190: Secrets and stories, a world's expansion.
  191: Treasure troves where imagination's fashioned.
  192: Treasure troves where imagination's cast.
  193: Treasure troves stacked with imagination.
  194: Treasure troves where imagination's cast.
  195: Treasure troves stacked with imagination.
  196: Treasure troves waiting to be fashion.
  197: Whispers of worlds in quiet conversation.
  198: Stories unfold in imagination.
  199: Mysteries wait in every fashion.
  200: Whispers of worlds in paper's fashion.

FIRST LINE: Boxes of books, a reader's craze,
  001: Mysteries, tales, and boundless praise.
  002: Mystery, magic, and endless praise.
  003: Treasure each page, let imagination blaze.
  004: Whispers of tales in each page's maze.
  005: Mysteries, tales, and boundless praise.
  006: Treasure troves stacked in cozy maze.
  007: Whispers of stories in every maze.
  008: Stories unfold in a magical maze.
  009: Whispers of stories that time cannot erase.
  010: Mysteries unfold with every page.
  011: Mystery, magic, and endless praise.
  012: Treasures of tales in each embrace.
  013: Mystery, magic, and endless praise.
  014: Mystery, magic, and timeless praise.
  015: Mystery, magic, and boundless praise.
  016: Whispers of tales in each page's maze.
  017: Whispers of stories in every page.
  018: Treasures of tales in every phase.
  019: Whispers of tales in each page's maze.
  020: Whispers of tales in each embrace.
  021: Mysteries wait in every maze.
  022: Stories unfold with each new phase.
  023: Mysteries wait in every phrase.
  024: Whispers of stories in every maze.
  025: Whispers of tales in each page's haze.
  026: Treasure troves in every maze.
  027: Mysteries, tales, and boundless praise.
  028: Whispers of tales in each page's maze.
  029: Whispers of stories that never erase.
  030: Stacks in the attic, a treasure to gaze.
  031: Mysteries, dreams, and endless praise.
  032: Stacked high, they fill the space.
  033: Stacked high with stories that amaze.
  034: Treasure troves where stories blaze.
  035: Mystery, magic, and wonder in every page.
  036: Stories unfold in a magical maze.
  037: Mysteries, tales, and dreams to trace.
  038: Mysteries unfold with every page.
  039: Mysteries unfold with each new phase.
  040: Mystery, magic, and endless praise.
  041: Mysteries wait in every maze.
  042: Stacked high with stories to embrace.
  043: Whispers of stories in every maze.
  044: Whispers of stories that time cannot erase.
  045: Whispers of stories in every embrace.
  046: Treasures of tales in every gaze.
  047: Mysteries unfold with every page.
  048: Mysteries, tales, and dreams in place.
  049: Whispers of tales in each page's gaze.
  050: Whispers of tales in each page's maze.
  051: Stories unfold in a cozy place.
  052: Whispers of tales in each page's gaze.
  053: Mystery, magic, and a world to gaze.
  054: Stacked high with tales that never cease.
  055: Whispers of tales in each page's maze.
  056: Treasure each page, let imagination blaze.
  057: Stories unfold in a cozy place.
  058: Whispers of tales in each page's maze.
  059: Whispers of stories in every embrace.
  060: Whispers of tales in each maze.
  061: Whispers of tales in each page's maze.
  062: Whispers of tales in each page's maze.
  063: Mystery, magic, and endless praise.
  064: Whispers of tales in each page's gaze.
  065: Whispers of tales in each page's gaze.
  066: Mysteries, tales, and boundless praise.
  067: Pages turn with joy and grace.
  068: Mysteries unfold with each new phase.
  069: Whispers of stories in every gaze.
  070: Stories unfold with each new phase.
  071: Whispers of tales in each embrace.
  072: Mysteries wait in every maze.
  073: Treasure troves where imagination stays.
  074: Treasures of tales in every maze.
  075: Stacked high with tales that never fade.
  076: Stacked high, they fill the space.
  077: Mysteries wait in every page.
  078: Whispers of tales in each page's maze.
  079: Stories unfold in a magical maze.
  080: Pages turn in a cozy place.
  081: Mysteries wait in every case.
  082: Mysteries wait in every blaze.
  083: Whispers of tales in each page's maze.
  084: Whispers of tales in each page's maze.
  085: Whispers of tales in each page's maze.
  086: Mysteries, tales, and boundless days.
  087: Whispers of tales in each page's maze.
  088: Whispers of tales in each embrace.
  089: Stories unfold in a magical maze.
  090: Treasure troves stacked in cozy space.
  091: Whispers of tales in each page's haze.
  092: Whispers of tales in each page's gaze.
  093: Treasures of tales in every space.
  094: Mystery, magic, and endless praise.
  095: Stacked high with tales that never cease.
  096: Whispers of tales in each page's maze.
  097: Stories unfold with every page.
  098: Stories unfold in a boundless maze.
  099: Whispers of tales in each page's haze.
  100: Mystery, magic, and timeless praise.
  101: Mysteries wait in every maze.
  102: Stories unfold in a cozy maze.
  103: Treasure each page, let stories amaze.
  104: Whispers of tales in each page's maze.
  105: Treasures of tales in every maze.
  106: Whispers of tales in each page's haze.
  107: Mysteries, tales, and dreams in a haze.
  108: Mysteries wait in every maze.
  109: Mysteries wait in every maze.
  110: Mysteries, tales, and boundless praise.
  111: Whispers of stories in every maze.
  112: Stories unfold in a boundless maze.
  113: Whispers of stories in every page.
  114: Whispers of stories in every maze.
  115: Whispers of stories in every embrace.
  116: Mystery, magic, and endless praise.
  117: Whispers of tales in each page's maze.
  118: Pages turn with joy and praise.
  119: Whispers of tales in each page's maze.
  120: Whispers of tales in each page's maze.
  121: Whispers of tales in each embrace.
  122: Stories unfold in a cozy blaze.
  123: Pages turn with joy and grace.
  124: Whispers of tales in each page's maze.
  125: Mystery, magic, and tales of grace.
  126: Stacked high with tales that never cease.
  127: Whispers of stories in every embrace.
  128: Whispers of stories that time cannot erase.
  129: Stacked high with stories that never erase.
  130: Mysteries, tales, and boundless praise.
  131: Mysteries, tales, and boundless praise.
  132: Stories unfold with every page.
  133: Mysteries wait in every maze.
  134: Mysteries wait in every maze.
  135: Mysteries, tales, and boundless praise.
  136: Mysteries, tales, and boundless praise.
  137: Mysteries, tales, and dreams to gaze.
  138: Mysteries wait in every page.
  139: Stories unfold in a boundless haze.
  140: Whispers of tales in each page's gaze.
  141: Whispers of tales in each page's maze.
  142: Whispers of tales in each page's haze.
  143: Mysteries, tales, and dreams to chase.
  144: Stories unfold in a boundless maze.
  145: Whispers of tales in each page's maze.
  146: Whispers of tales in each page's maze.
  147: Mysteries wait in every maze.
  148: Treasure troves stacked in a cozy maze.
  149: Stories unfold in a magical maze.
  150: Whispers of tales in each page's haze.
  151: Mystery, magic, and wonder to gaze.
  152: Whispers of tales in each page's haze.
  153: Whispers of tales in each page's maze.
  154: Treasure troves filled with boundless praise.
  155: Mysteries, tales, and dreams to blaze.
  156: Stacked high with stories that amaze.
  157: Mystery, magic, and endless praise.
  158: Mysteries wait in every maze.
  159: Mysteries, tales, and boundless praise.
  160: Treasure troves filled with boundless praise.
  161: Whispers of tales in each embrace.
  162: Treasures await in every maze.
  163: Whispers of stories in every embrace.
  164: Stories unfold in a cozy place.
  165: Stories unfold in a boundless maze.
  166: Stories unfold in a world of praise.
  167: Treasures of tales in each maze.
  168: Treasures of tales in every phase.
  169: Treasure troves where imagination sways.
  170: Whispers of tales in each page's maze.
  171: Whispers of stories in every embrace.
  172: Whispers of stories in every embrace.
  173: Whispers of tales in each page's maze.
  174: Whispers of tales in each page's haze.
  175: Treasures of tales in every phase.
  176: Whispers of stories in every page.
  177: Mysteries wait in every page.
  178: Whispers of tales in each page's maze.
  179: Whispers of tales in each page's maze.
  180: Mystery, magic, and endless praise.
  181: Stories unfold in a cozy maze.
  182: Treasures of tales in every phase.
  183: Whispers of tales in each page's maze.
  184: Treasure each page, let imagination blaze.
  185: Whispers of tales in each page's haze.
  186: Treasure troves stacked in a cozy space.
  187: Mysteries wait in every maze.
  188: Stories unfold with every gaze.
  189: Whispers of stories in every embrace.
  190: Whispers of tales in each page's maze.
  191: Mysteries wait in every blaze.
  192: Whispers of tales in each page's maze.
  193: Mysteries wait in every blaze.
  194: Stories unfold with each new phase.
  195: Treasures of tales in every maze.
  196: Mysteries wait in every maze.
  197: Stacked high with stories that amaze.
  198: Treasure each page, let your mind amaze.
  199: Treasure each page, let imagination blaze.
  200: Mystery, magic, and wonder in every phrase.

FIRST LINE: Boxes of books, a reader's fun,
  001: Treasure troves for the curious one.
  002: Treasure troves for the curious one.
  003: Treasures of tales for the journey begun.
  004: A world of wonders, one and done.
  005: Treasures of tales, one and one.
  006: Treasures of tales for the journey begun.
  007: Treasures of tales that never run.
  008: Treasures of tales that never run.
  009: Treasures of tales for the journey begun.
  010: Treasures of tales for the journey to come.
  011: Treasures to treasure, one by one.
  012: Treasures to treasure, one by one.
  013: Treasures of tales for the curious one.
  014: Treasures of tales for the journey to come.
  015: Whispers of worlds that are never done.
  016: Worlds to explore, one by one.
  017: Treasures await for every one.
  018: Treasures of tales for the journey to come.
  019: Treasures of tales for the journey begun.
  020: Treasures await, one by one.
  021: Treasure troves for the young and the one.
  022: Whispers of worlds that never run.
  023: A world of wonders, one and one.
  024: Treasure troves for the curious one.
  025: Treasures await, one and all.
  026: Treasures of tales for the taking, one by one.
  027: Treasures of tales for the journey done.
  028: Treasures to treasure, one by one.
  029: Treasures to treasure, each one.
  030: Treasure troves for the curious one.
  031: Treasure troves for the mind to run.
  032: Treasure troves for the curious one.
  033: Treasures of tales for everyone.
  034: Worlds to explore, one by one.
  035: Whispers of worlds that are never done.
  036: A world of wonders, one and one.
  037: Treasure troves for the mind to run.
  038: Whispers of worlds that are begun.
  039: Treasures of stories, one and one.
  040: Treasures of tales for the curious one.
  041: Treasures await, one by one.
  042: Treasures of tales for the journey to come.
  043: Treasures of tales, one and all.
  044: Worlds to explore, one and done.
  045: Treasures of tales for the journey done.
  046: Treasures of tales that never run.
  047: A world of wonder, one and done.
  048: Treasure troves where stories run.
  049: Treasures of tales for the journey begun.
  050: Treasures await, one and all.
  051: Whispers of worlds that have just begun.
  052: Treasures of tales for the journey done.
  053: Treasure troves for the curious one.
  054: Treasure troves for the curious one.
  055: A world of wonder, one and done.
  056: Treasures of tales that never run.
  057: Treasures of stories, one and one.
  058: A world of wonder, one and done.
  059: Worlds to explore, one by one.
  060: Treasures of tales that never run.
  061: Treasure troves for the curious one.
  062: Treasures of tales that never run.
  063: Treasures to find, one by one.
  064: Treasures to find, one and one.
  065: Treasure troves for the mind to run.
  066: Treasures of tales for the taking, one by one.
  067: Treasures of tales for the journey to come.
  068: Treasures of stories, one and one.
  069: Treasures to find, one by one.
  070: Treasure troves for the mind to run.
  071: Treasure troves for the young and the one.
  072: Treasures await, one and all.
  073: Treasures of tales for every one.
  074: A treasure trove for the young and one.
  075: Treasures of tales, one and all.
  076: A world of wonder, one and one.
  077: Treasure troves for the curious one.
  078: Treasures of stories, one and one.
  079: Treasure troves for the mind to run.
  080: Treasures of tales, one and all.
  081: Treasures of tales for every one.
  082: Treasure troves for the curious one.
  083: Treasures of tales, each one a sun.
  084: Treasures await, one and all.
  085: A world of wonder, one and done.
  086: Treasures await, one by one.
  087: Treasures of stories, one and one.
  088: Treasures await, one and all.
  089: Treasures of tales for the taking, one by one.
  090: Whispers of worlds that never run.
  091: Treasure troves for the mind to run.
  092: Treasure troves for the mind to run.
  093: Treasure troves for the curious one.
  094: Treasure troves for the curious one.
  095: Treasures of stories, one and one.
  096: Treasure troves for the curious one.
  097: Treasures of tales for the journey begun.
  098: Treasures of tales that will never run.
  099: Treasures of tales, one and all.
  100: Whispers of worlds that are never done.
  101: Treasures to find, one by one.
  102: A world of wonder, one and done.
  103: Treasure troves for the curious one.
  104: Treasures await, one and all.
  105: Treasures of tales that never run.
  106: Treasure troves for the mind to run.
  107: Treasures to treasure, one by one.
  108: Worlds to explore, one and done.
  109: Treasures to treasure, one by one.
  110: A world of stories, one by one.
  111: Treasure troves for the heart to run.
  112: Treasures of stories, one and one.
  113: Treasure troves for the curious one.
  114: A world of wonder, one and one.
  115: Treasures await, each one a sun.
  116: Treasures to find, one by one.
  117: Treasures to treasure, one by one.
  118: Treasures await, one and all.
  119: Treasures of tales, one and all.
  120: Treasures of tales for the journey begun.
  121: A world of wonder, one and done.
  122: Treasures of tales for the journey begun.
  123: Treasures await, one and all.
  124: Treasures await, one by one.
  125: Treasures await, one by one.
  126: Treasures to find, one and one.
  127: Treasure troves for the young and old.
  128: Treasure troves for the curious one.
  129: Treasures to find, one and one.
  130: Treasures to find, one and one.
  131: Treasures of tales for the journey done.
  132: A treasure trove for the young and the one.
  133: Treasures of tales for the journey done.
  134: Treasures of stories, one and one.
  135: Worlds to explore, one by one.
  136: Worlds to explore, one by one.
  137: Treasures await, each one undone.
  138: Treasures of tales, one and all.
  139: Treasures of stories, one and one.
  140: Treasures of tales for the journey to come.
  141: A treasure trove for the mind to run.
  142: Treasures of tales for the journey to come.
  143: Treasure troves for the mind to run.
  144: Treasures of tales for the journey begun.
  145: Treasure troves for the curious one.
  146: Treasures await for every one.
  147: Treasures of tales for the journey begun.
  148: Whispers of worlds that never run.
  149: Treasures of tales that never run.
  150: Treasures of tales for the taking, one by one.
  151: Treasures of stories, one and one.
  152: A world of wonders, one and one.
  153: Treasures of tales for the journey begun.
  154: Treasure troves for the curious one.
  155: A journey of words, one by one.
  156: Treasures of stories, one and one.
  157: Treasure troves for the mind to run.
  158: Treasures await, one by one.
  159: Treasures await, each one a sun.
  160: Treasures of tales, one and all.
  161: Treasures of tales for the journey begun.
  162: Whispers of worlds that are never done.
  163: Treasures await, one and all.
  164: Treasure troves for the mind to run.
  165: Worlds to explore, one by one.
  166: Treasures to treasure, one by one.
  167: Treasures await, one and all.
  168: Treasures to find, a journey begun.
  169: Treasures of tales for the taking, one by one.
  170: Treasures of tales for the journey to come.
  171: Treasure troves for the curious one.
  172: A world of wonders, one by one.
  173: Treasures await, each one a sun.
  174: Treasures of tales that will never run.
  175: Treasure troves for the mind to run.
  176: Treasures to find, one by one.
  177: Treasures of tales for the taking, one by one.
  178: Treasures of stories, one and one.
  179: A world of wonder, one and done.
  180: Treasure troves for the curious one.
  181: Treasure troves for the mind to run.
  182: Treasures to treasure, one by one.
  183: A world of wonder, one and done.
  184: Treasure troves for the young and the one.
  185: Treasures of tales for the journey done.
  186: Treasures await, one by one.
  187: Treasures to find, one by one.
  188: Treasure troves for the curious one.
  189: Treasures of tales, each one a sun.
  190: Treasures of tales for the journey begun.
  191: Treasures of tales that never run.
  192: Treasure troves for the curious one.
  193: Treasures of tales that never run.
  194: Treasures of tales, each one a sun.
  195: Treasure troves for the curious one.
  196: Treasures await, one and all.
  197: Treasures to find, a world to run.
  198: Treasures to explore, one by one.
  199: Treasures to find, one by one.
  200: A treasure trove for the young and the one.

FIRST LINE: Boxes of books, a reader's pastime,
  001: Treasures of tales in quiet delight.
  002: Treasures of tales in quiet delight.
  003: Treasures of tales in quiet delight.
  004: Treasure troves of imagination's sublime.
  005: Treasures of tales in quiet delight.
  006: Treasures of tales in quiet delight.
  007: Treasures of tales in quiet delight.
  008: Treasures of tales that never grow dim.
  009: Treasures of tales in quiet delight.
  010: Treasures of tales in quiet delight.
  011: Treasures of tales in quiet delight.
  012: Treasures of tales in quiet delight.
  013: Treasures of tales in paper and time.
  014: Treasures of tales in quiet delight.
  015: Treasures of stories, a boundless sublime.
  016: Treasures of stories, a boundless sublime.
  017: Treasures of tales that never grow dim.
  018: Treasures of tales in quiet delight.
  019: Treasures of tales in quiet delight.
  020: Treasures of tales in quiet delight.
  021: Treasures of tales in paper and time.
  022: Treasures of stories, a timeless delight.
  023: Treasures of stories, a boundless sublime.
  024: Treasures of tales that forever climb.
  025: Treasure troves of stories and rhyme.
  026: Treasure troves brimming with timeless chime.
  027: Treasures of tales in quiet delight.
  028: Treasure troves where imagination climbs.
  029: Treasures of stories, a boundless sublime.
  030: Treasures of tales in quiet delight.
  031: Treasures of tales that never grow tame.
  032: Treasures of tales in quiet delight.
  033: Treasures of tales in quiet delight.
  034: Treasures of tales in quiet delight.
  035: Treasure troves brimming with timeless chime.
  036: Treasures of tales that forever entwine.
  037: Treasures of tales in quiet delight.
  038: Treasures of tales in quiet delight.
  039: Treasures of tales in quiet delight.
  040: Treasures of tales in quiet delight.
  041: Treasures of tales in quiet delight.
  042: Treasures of tales in quiet delight.
  043: Treasures of tales, a boundless sublime.
  044: Treasures of tales in quiet delight.
  045: Treasures of tales in quiet delight.
  046: Treasures of tales in quiet delight.
  047: Treasures of tales, a boundless sublime.
  048: Treasure troves where imagination chimes.
  049: Treasure troves filled with knowledge and rhyme.
  050: Treasure troves brimming with knowledge and rhyme.
  051: Treasure troves where imagination climbs.
  052: Treasures of tales in quiet delight.
  053: Treasures of tales in quiet delight.
  054: Treasures of tales in quiet delight.
  055: Treasures of tales in quiet delight.
  056: Treasures of tales in quiet delight.
  057: Treasures of tales in quiet delight.
  058: Treasures of tales in quiet delight.
  059: Treasure troves where imagination climbs.
  060: Treasures of tales in quiet delight.
  061: Treasures of tales in paper and rhyme.
  062: Treasures of stories, a boundless sublime.
  063: Treasures of tales in quiet delight.
  064: Treasure troves brimming with timeless chime.
  065: Treasures of tales in paper and rhyme.
  066: Treasure troves filled with knowledge and rhyme.
  067: Treasures of tales in quiet delight.
  068: Treasures of tales in quiet delight.
  069: Treasures of tales, a timeless sublime.
  070: Treasures of stories, a boundless sublime.
  071: Treasures of tales in quiet delight.
  072: Treasures of tales in quiet delight.
  073: Treasures of tales in quiet delight.
  074: Treasures of tales that will always be sublime.
  075: Treasures of tales in quiet delight.
  076: Treasures of tales that forever entwine.
  077: Treasures of tales in quiet delight.
  078: Treasure troves where imagination climbs.
  079: Treasures of tales in quiet delight.
  080: Treasure troves brimming with knowledge and chime.
  081: Treasures of tales in quiet delight.
  082: Treasure and tales in each page's chime.
  083: Treasure troves of dreams and rhyme.
  084: Treasure troves where imagination climbs.
  085: Treasures of tales in quiet delight.
  086: Treasures of stories, a lifelong delight.
  087: Treasures of tales in quiet delight.
  088: Treasures of tales in quiet delight.
  089: Treasures of tales in quiet delight.
  090: Treasure troves filled with imagination.
  091: Treasures of tales in quiet delight.
  092: Treasures of tales in quiet delight.
  093: Treasures of tales in quiet delight.
  094: Treasures of tales in quiet delight.
  095: Treasures of tales, a boundless delight.
  096: Treasures of tales in quiet delight.
  097: Treasure troves of joy and sublime.
  098: Treasures of tales in quiet delight.
  099: Treasure troves filled with wisdom and rhyme.
  100: Treasures of tales in quiet delight.
  101: Treasures of stories, a boundless sublime.
  102: Treasures of tales in quiet delight.
  103: Treasures of tales that never grow dim.
  104: Treasures of tales in quiet delight.
  105: Treasures of tales in quiet delight.
  106: Treasures of tales in quiet delight.
  107: Treasure troves filled with wisdom and rhyme.
  108: Treasure troves brimming with infinite chime.
  109: Treasures of tales in quiet delight.
  110: Treasures of tales in quiet delight.
  111: Treasure troves brimming with knowledge and rhyme.
  112: Treasures of tales in quiet delight.
  113: Treasures of tales in quiet delight.
  114: Treasures of tales in quiet delight.
  115: Treasures of tales in quiet delight.
  116: Treasures of tales in paper and time.
  117: Treasures of stories, a boundless sublime.
  118: Treasures of tales, a boundless sublime.
  119: Treasures of tales in quiet delight.
  120: Treasures of tales in quiet delight.
  121: Treasure troves filled with wisdom and rhyme.
  122: Treasure troves filled with knowledge and chime.
  123: Treasures of tales in quiet delight.
  124: Treasure troves brimming with boundless sublime.
  125: Treasures of tales in quiet delight.
  126: Treasures of tales that ignite the imagination.
  127: Treasure troves brimming with timeless chime.
  128: Treasures of tales in quiet delight.
  129: Treasure troves of dreams and rhyme.
  130: Treasures of tales in quiet delight.
  131: Treasures of tales that fill the mind with sublime.
  132: Treasures of tales in quiet delight.
  133: Treasures of tales that never lose their charm.
  134: Treasures of tales in quiet delight.
  135: Treasures of stories, a boundless sublime.
  136: Treasures of tales in paper and time.
  137: Treasure troves of dreams and sublime.
  138: Treasures of tales that never grow dim.
  139: Treasures of tales in quiet delight.
  140: Treasures of tales in quiet delight.
  141: Treasures of tales in quiet delight.
  142: Treasures of tales in quiet delight.
  143: Treasures of tales in quiet delight.
  144: Treasure troves filled with imagination.
  145: Treasures of tales that never grow dim.
  146: Treasures of tales in quiet delight.
  147: Treasures of tales in quiet delight.
  148: Treasures of tales that forever entwine.
  149: Treasures of tales in quiet delight.
  150: Treasures of tales in quiet delight.
  151: Treasures of tales in quiet delight.
  152: Treasures of tales in quiet delight.
  153: Treasures of tales, a boundless sublime.
  154: Treasure troves filled with boundless delight.
  155: Treasure troves filled with wonder and rhyme.
  156: Treasures of tales in quiet delight.
  157: Treasures of tales in quiet delight.
  158: Treasures of stories, a boundless sublime.
  159: Treasures of tales in quiet delight.
  160: Treasures of tales, a boundless sublime.
  161: Treasures of tales in quiet delight.
  162: Treasure troves filled with boundless charm.
  163: Treasure troves of knowledge and rhyme.
  164: Treasures of tales in quiet delight.
  165: Treasure troves where imagination climbs.
  166: Treasures of tales in quiet delight.
  167: Treasure troves of joy and sublime.
  168: Treasures of tales that never grow stale.
  169: Treasures of tales in quiet delight.
  170: Treasures of tales in quiet delight.
  171: Treasures of tales in quiet delight.
  172: Treasures of stories, a boundless sublime.
  173: Treasures of tales in quiet delight.
  174: Treasures of tales in quiet delight.
  175: Treasures of tales in quiet delight.
  176: Treasures of tales, a boundless sublime.
  177: Treasures of tales in paper and rhyme.
  178: Treasure troves filled with endless chime.
  179: Treasures of tales in quiet delight.
  180: Treasures of tales in quiet delight.
  181: Treasure troves where imagination climbs.
  182: Treasure troves filled with boundless charm.
  183: Treasures of tales in quiet delight.
  184: Treasures of tales in quiet delight.
  185: Treasures of tales in quiet delight.
  186: Treasures of tales in quiet delight.
  187: Treasures of stories, a timeless sublime.
  188: Treasures of tales in paper and time.
  189: Treasures of tales, a boundless sublime.
  190: Treasures of tales in quiet delight.
  191: Treasures of tales in quiet delight.
  192: Treasures of tales in quiet delight.
  193: Treasures of tales in quiet delight.
  194: Treasure troves filled with imagination.
  195: Treasures of tales in quiet delight.
  196: Treasures of stories, a boundless sublime.
  197: Treasures of tales in quiet delight.
  198: Treasures of tales in quiet delight.
  199: Treasure troves filled with infinite rhyme.
  200: Treasures of tales in quiet delight.

FIRST LINE: Boxes of books, a reader's diversion,
  001: Whispers of worlds in each page's devotion.
  002: Treasure troves waiting for inspiration.
  003: Treasure troves waiting to be discovered.
  004: Whispers of worlds in each page's devotion.
  005: Treasure troves waiting for inspiration.
  006: Mysteries wait, each tale a diversion.
  007: Treasures of tales in quiet devotion.
  008: Treasure troves waiting for imagination's direction.
  009: Whispers of worlds in each quiet edition.
  010: Whispers of worlds in each page's devotion.
  011: Whispers of worlds in each page's devotion.
  012: Mysteries unfold with each new vision.
  013: Whispers of worlds in each page's direction.
  014: Mysteries unfold with each new revision.
  015: Mysteries, tales, and inspiration.
  016: Whispers of worlds in each page's devotion.
  017: Whispers of worlds in each paper division.
  018: Whispers of worlds in each page's devotion.
  019: Whispers of worlds in each page's devotion.
  020: Whispers of worlds in each page's narration.
  021: Whispers of worlds in each page's devotion.
  022: Whispers of worlds in each page's devotion.
  023: Whispers of worlds in each page's devotion.
  024: Mysteries unfold with each new vision.
  025: Mysteries wait, each page a new direction.
  026: Mysteries wait with every new version.
  027: Whispers of worlds in each page's devotion.
  028: Mysteries wait, each page a new direction.
  029: Mysteries unfold with each new revision.
  030: Mysteries unfold with each new diversion.
  031: Mysteries unfold with each new narration.
  032: Whispers of worlds in each page's devotion.
  033: Treasures of tales in quiet persuasion.
  034: Treasure troves waiting for imagination.
  035: Mysteries unfold with each new revision.
  036: Whispers of worlds in each page's devotion.
  037: Whispers of worlds in each page's devotion.
  038: Whispers of worlds in each page's devotion.
  039: Treasures of tales in quiet devotion.
  040: Mysteries unfold with each new revision.
  041: Treasure troves waiting to be adored.
  042: Whispers of worlds in each page's devotion.
  043: Treasures of tales in quiet devotion.
  044: Whispers of worlds in each page's devotion.
  045: Mysteries, tales, and adventure's devotion.
  046: Treasure troves waiting for exploration.
  047: Treasures of tales in quiet devotion.
  048: Whispers of worlds in each page's devotion.
  049: Mysteries wait, each page a new diversion.
  050: Mysteries, tales, and inspiration.
  051: Mysteries wait, each page a new vision.
  052: Whispers of worlds in each page's narration.
  053: Mysteries unfold with each new conversion.
  054: Mysteries unfold with each new revision.
  055: Whispers of stories, a world's persuasion.
  056: Treasure troves where imagination is driven.
  057: Whispers of worlds in each page's devotion.
  058: Whispers of worlds in each page's devotion.
  059: Treasure troves waiting to be discerned.
  060: Mysteries wait, each page a new vision.
  061: Mysteries wait, each page a new vision.
  062: Whispers of worlds in each page's devotion.
  063: Whispers of worlds in quiet persuasion.
  064: Whispers of worlds in each page's devotion.
  065: Mysteries, tales, and quiet persuasion.
  066: Treasure troves waiting to be adored.
  067: Mysteries wait, each page a new direction.
  068: Whispers of worlds in each page's devotion.
  069: Whispers of worlds in each page's direction.
  070: Mysteries unfold with each new revision.
  071: Mysteries wait, each page a new diversion.
  072: Whispers of stories, a world's illumination.
  073: Whispers of worlds in each page's devotion.
  074: Whispers of worlds in each page's devotion.
  075: Whispers of worlds in quiet persuasion.
  076: Whispers of worlds in each page's devotion.
  077: Whispers of worlds in each page's devotion.
  078: Treasure troves waiting for inspiration.
  079: Treasure troves waiting for imagination.
  080: Treasures of tales in quiet devotion.
  081: Mysteries unfold with each new invention.
  082: Whispers of worlds in each page's devotion.
  083: Mysteries, dreams, and adventures in motion.
  084: Treasure troves waiting to be adoration.
  085: Whispers of worlds in each page's devotion.
  086: Whispers of worlds in each page's devotion.
  087: Whispers of worlds in each page's direction.
  088: Treasure troves waiting to be adoration.
  089: Treasure troves waiting to be adored.
  090: Treasures of tales in quiet devotion.
  091: Whispers of worlds in each page's devotion.
  092: Mysteries wait, each page a new direction.
  093: Whispers of worlds in each page's devotion.
  094: Whispers of worlds in each page's devotion.
  095: Whispers of worlds in each page's devotion.
  096: Treasure troves waiting to be adored.
  097: Treasure troves for the imagination's vision.
  098: Whispers of stories that forever inspire.
  099: Treasure troves waiting for inspiration.
  100: Mysteries, tales, and imagination's conversion.
  101: Mysteries wait with every new vision.
  102: Whispers of worlds in each page's devotion.
  103: Whispers of worlds in quiet persuasion.
  104: Whispers of worlds in each paper persuasion.
  105: Whispers of worlds in each paper division.
  106: Mysteries wait, each page a new vision.
  107: Mysteries unfold with each new version.
  108: Mysteries, tales, and knowledge in fusion.
  109: Whispers of worlds in each page's devotion.
  110: Mysteries wait, each page a new vision.
  111: Whispers of worlds in each page's devotion.
  112: Whispers of worlds in each page's devotion.
  113: Treasure troves waiting for inspiration.
  114: Whispers of worlds in each page's narration.
  115: Whispers of worlds in each page's devotion.
  116: Mysteries wait, each page a new vision.
  117: Whispers of worlds in each page's devotion.
  118: Mysteries unfold with each new conversion.
  119: Treasure troves waiting for inspiration.
  120: Whispers of worlds in each page's devotion.
  121: Whispers of worlds in each page's devotion.
  122: Whispers of worlds in each page's devotion.
  123: Treasure troves waiting for imagination.
  124: Whispers of worlds in each page's devotion.
  125: Mysteries wait, each page a new vision.
  126: Whispers of worlds in each paper division.
  127: Whispers of worlds in quiet devotion.
  128: Treasure troves waiting to be adored.
  129: Mysteries, tales, and worlds of devotion.
  130: Whispers of worlds in each page's devotion.
  131: Mysteries unfold with each new vision.
  132: Treasure troves waiting for inspiration.
  133: Mysteries, tales, and knowledge in motion.
  134: Treasures of tales that inspire and enrich.
  135: Treasure troves waiting to be adored.
  136: Whispers of worlds in each page's devotion.
  137: Whispers of worlds in each page's devotion.
  138: Whispers of worlds in each quiet turn.
  139: Treasures of tales in quiet confusion.
  140: Whispers of worlds in each page's devotion.
  141: Whispers of worlds in each page's diversion.
  142: Whispers of worlds in each page's devotion.
  143: Treasure troves where imagination's in motion.
  144: Mysteries, tales, and imagination's devotion.
  145: Treasure troves waiting to be adored.
  146: Treasure troves waiting for inspiration.
  147: Whispers of worlds in each page's devotion.
  148: Treasure troves waiting for inspiration.
  149: Mysteries unfold with each new revision.
  150: Mysteries wait, each story a vision.
  151: Whispers of worlds in each page's devotion.
  152: Whispers of worlds in each page's devotion.
  153: Treasure troves waiting for inspiration.
  154: Whispers of worlds in each page's devotion.
  155: Mysteries, dreams, and adventures in motion.
  156: Treasures of tales in quiet devotion.
  157: Whispers of worlds in each page's devotion.
  158: Whispers of worlds in each page's devotion.
  159: Mysteries wait, each page a new devotion.
  160: Whispers of worlds in each page's devotion.
  161: Mysteries wait, each page a new vision.
  162: Mysteries wait, each page a new vision.
  163: Mysteries unfold with each new diversion.
  164: Mysteries unfold with each new diversion.
  165: Treasure troves waiting, no need for confusion.
  166: Treasures of tales that imagination adores.
  167: Whispers of worlds in each page's devotion.
  168: Mysteries unfold with each new diversion.
  169: Whispers of worlds in each page's devotion.
  170: Whispers of worlds in each page's devotion.
  171: Treasure troves waiting to be adored.
  172: Mysteries wait, each tale a new conversion.
  173: Whispers of worlds in each page's devotion.
  174: Mysteries wait, each page a new version.
  175: Mysteries, tales, and dreams in rotation.
  176: Whispers of worlds in quiet devotion.
  177: Whispers of worlds in each page's devotion.
  178: Whispers of worlds in each page's devotion.
  179: Mysteries wait, each page a new vision.
  180: Mysteries wait, each page a new vision.
  181: Whispers of worlds in each page's devotion.
  182: Mysteries, tales, and knowledge in rotation.
  183: Whispers of worlds in each page's revision.
  184: Mysteries unfold with each new edition.
  185: Whispers of worlds in each page's persuasion.
  186: Whispers of worlds in each page's devotion.
  187: Whispers of worlds in each page's devotion.
  188: Treasure troves waiting to be adored.
  189: Treasure troves waiting to be adored.
  190: Treasure troves waiting to be adoration.
  191: Treasure troves waiting to be discovered.
  192: Mysteries unfold with each new vision.
  193: Mysteries unfold with each new edition.
  194: Mysteries wait, each page a new direction.
  195: Mysteries unfold with each new conversion.
  196: Whispers of worlds in each page's devotion.
  197: Mysteries, tales, and adventures in vision.
  198: Mysteries wait, each story a vision.
  199: Whispers of worlds in each page's direction.
  200: Mysteries unfold with each new vision.

FIRST LINE: Boxes of books, a reader's pleasure,
  001: Treasures of tales, a boundless treasure.
  002: Treasures of tales that bring us closer.
  003: Treasures of tales that forever endure.
  004: Treasures of tales, a boundless treasure.
  005: Treasure troves waiting to be embraced.
  006: Treasures of tales that forever endure.
  007: Treasures of tales that never cease.
  008: Treasure troves waiting to be addressed.
  009: Treasure troves waiting to be embraced.
  010: Treasures of tales, a boundless treasure.
  011: Treasures of stories, a boundless treasure.
  012: Treasures of stories, a boundless treasure.
  013: Mysteries wait, no need to fear.
  014: Treasures of tales that bring us closer.
  015: Treasure troves waiting to be embraced.
  016: Treasures of tales that never cease.
  017: Whispers of stories, a boundless treasure.
  018: Treasures of tales, a boundless treasure.
  019: Treasures of tales that bring us closer.
  020: Treasures of tales that bring us closer.
  021: Treasures of tales that bring us together.
  022: Whispers of worlds in each story's measure.
  023: Treasure troves waiting to be leisure.
  024: Treasures of tales that forever endure.
  025: Treasure troves waiting to be embraced.
  026: Treasure troves filled with wonder and treasure.
  027: Treasures of tales that forever last.
  028: Treasures of tales to fill the measure.
  029: Treasures of tales, a boundless treasure.
  030: Treasures of tales that bring us closer.
  031: Treasures of tales that forever last.
  032: Treasure troves waiting to be hearsed.
  033: Treasures of tales, a boundless treasure.
  034: Whispers of stories, a boundless treasure.
  035: Treasures of tales that bring us closer.
  036: Treasures of tales that fill the measure.
  037: Treasures of tales that bring us closer.
  038: Treasures of stories, a boundless treasure.
  039: Treasures of tales that bring us closer.
  040: Treasures of tales that forever last.
  041: Mysteries, dreams, and stories to treasure.
  042: Treasure troves for the mind to treasure.
  043: Treasures of tales, a boundless treasure.
  044: Treasures of stories, a boundless treasure.
  045: Whispers of worlds in quiet measure.
  046: Whispers of worlds in paper treasure.
  047: Treasure troves waiting to be treasure.
  048: Treasures of tales that bring us closer.
  049: Treasures of tales that bring us closer.
  050: Treasure troves waiting to be hearsed.
  051: Treasures of tales that never grow old.
  052: Treasures of tales that time can't measure.
  053: Whispers of worlds in quiet measure.
  054: Treasures of tales, a boundless treasure.
  055: Treasures of tales that bring us closer.
  056: Treasures of tales that forever endure.
  057: Treasures of tales, a boundless treasure.
  058: Mysteries wait, each story's treasure.
  059: Treasures of stories, a boundless treasure.
  060: Whispers of stories, a boundless treasure.
  061: Mysteries wait with every treasure.
  062: Treasures of tales that never grow stale.
  063: Treasures of tales that bring us closer.
  064: Treasures of tales, a boundless treasure.
  065: Treasures of stories, a boundless treasure.
  066: Whispers of worlds in each treasure.
  067: Treasures of tales, a boundless treasure.
  068: Treasures of tales that time can't measure.
  069: Treasures of tales, a boundless treasure.
  070: Treasures of tales, a boundless treasure.
  071: Treasures of tales that bring us closer.
  072: Treasures of tales that forever last.
  073: Treasure troves waiting to be blessed.
  074: Whispers of worlds in quiet measure.
  075: Treasures of tales that fill the measure.
  076: Treasures of tales that bring us closer.
  077: Whispers of worlds in each treasure.
  078: Whispers of worlds in each treasure.
  079: Treasures of tales that never cease.
  080: Treasures of tales that bring us closer.
  081: Treasures of tales that bring us closer.
  082: Treasures of tales that bring us together.
  083: Treasures of tales that never cease.
  084: Mysteries wait with every treasure.
  085: Whispers of worlds in each page's measure.
  086: Treasures of tales that bring us closer.
  087: Treasure troves waiting to be addressed.
  088: Treasures of stories, a boundless treasure.
  089: Whispers of worlds in each precious measure.
  090: Treasures of tales that never cease.
  091: Whispers of stories, a boundless treasure.
  092: Mysteries wait, and dreams are treasure.
  093: Treasures of tales that never cease to inspire.
  094: Treasure troves waiting to be discovered.
  095: Mysteries wait, no time for leisure.
  096: Treasures of tales, a boundless treasure.
  097: Treasures of tales, a boundless treasure.
  098: Whispers of worlds in each treasure.
  099: Treasures of tales that bring us closer.
  100: Treasures of tales that never cease.
  101: Treasures of tales that bring us closer.
  102: Whispers of worlds in quiet measure.
  103: Whispers of worlds in each treasure.
  104: Whispers of worlds in each treasure.
  105: Treasures of tales, a boundless treasure.
  106: Whispers of worlds in paper and treasure.
  107: Whispers of worlds in each page's measure.
  108: Mystery, magic, and wonder to treasure.
  109: Treasure troves waiting to be discovered.
  110: Treasures of tales, a boundless treasure.
  111: Treasures of tales that bring us closer.
  112: Treasure troves waiting to be blessed.
  113: Treasures of tales, a boundless treasure.
  114: Mysteries wait with every treasure.
  115: Treasure troves waiting to be hearsed.
  116: Mysteries wait in every treasure.
  117: Treasures of tales that bring us closer.
  118: Treasures of tales that bring us closer.
  119: Treasures of tales to explore and treasure.
  120: Treasures of tales that forever endure.
  121: Whispers of worlds in each story's treasure.
  122: Whispers of worlds in each treasure.
  123: Treasure troves waiting to be hearsed.
  124: Treasures of tales that bring us closer.
  125: Treasures of tales, a boundless treasure.
  126: Treasures of tales that bring us closer.
  127: Mysteries wait, no need for measure.
  128: Treasures of tales that never cease.
  129: Mysteries wait, and dreams are treasure.
  130: Whispers of worlds in quiet measure.
  131: Treasures of tales that never cease.
  132: Treasures of tales, a boundless treasure.
  133: Treasure troves waiting to be addressed.
  134: Treasures of tales that forever last.
  135: Treasures of tales that bring us closer.
  136: Treasures of stories, a boundless treasure.
  137: Whispers of worlds in paper's measure.
  138: Treasures of tales that bring us closer.
  139: Treasures of tales that bring us closer.
  140: Whispers of worlds in each treasure.
  141: Treasures of tales that bring us together.
  142: Treasures of tales that bring us together.
  143: Mystery, magic, and wonder to treasure.
  144: Treasure troves waiting to be hearsed.
  145: Treasure troves waiting to be measured.
  146: Treasure troves waiting to be caressed.
  147: Whispers of stories, a timeless treasure.
  148: Treasures of tales that never cease.
  149: Treasures of tales, a boundless treasure.
  150: Mystery, magic, and wonder to treasure.
  151: Treasures of tales that never grow old.
  152: Whispers of stories, a timeless treasure.
  153: Whispers of worlds in each treasure.
  154: Treasure troves waiting to be measured.
  155: Whispers of worlds in each treasure.
  156: Treasure troves waiting to be embraced.
  157: Treasure untold in every measure.
  158: Treasures of tales, a boundless treasure.
  159: Treasures of tales that bring us closer.
  160: Mysteries wait, and dreams are treasure.
  161: Treasures of tales that bring us closer.
  162: Whispers of worlds in each treasure.
  163: Treasures of tales that bring us closer.
  164: Treasures of tales that bring us closer.
  165: Whispers of worlds in each story's measure.
  166: Treasures of tales that bring us closer.
  167: Treasure troves waiting to be discovered.
  168: Treasures of tales that forever endure.
  169: Mysteries wait, each page a treasure.
  170: Treasures of tales, a boundless treasure.
  171: Treasures of tales that forever last.
  172: Mysteries wait with silent treasure.
  173: Mysteries wait, each story's treasure.
  174: Mysteries unfold with every treasure.
  175: Treasure troves waiting to be embraced.
  176: Whispers of worlds in paper's treasure.
  177: Treasures of tales that forever last.
  178: Treasures of tales to cherish and treasure.
  179: Treasures of tales that bring us closer.
  180: Whispers of worlds in paper's measure.
  181: Treasures of tales that bring us closer.
  182: Treasures of tales, a boundless treasure.
  183: Whispers of worlds in paper's measure.
  184: Treasures of tales, a boundless treasure.
  185: Mysteries wait, each page a treasure.
  186: Mysteries wait, each page a treasure.
  187: Treasures of tales to explore with ease.
  188: Mysteries wait, and dreams are treasure.
  189: Treasures of tales that bring us together.
  190: Mysteries wait with silent promise.
  191: Treasure troves waiting to be addressed.
  192: Treasures of tales that bring us closer.
  193: Treasures of tales that bring us closer.
  194: Mysteries wait, each page a treasure.
  195: Mysteries wait, no need to treasure.
  196: Treasure troves for the mind to treasure.
  197: Treasures of stories, a boundless treasure.
  198: Treasures of tales that forever endure.
  199: Treasure troves waiting to be hearsed.
  200: Mysteries wait, and stories to treasure.

FIRST LINE: Boxes of books, a reader's chore,
  001: Stacks that whisper of worlds to explore.
  002: Stacks that rise like towers of lore.
  003: Stacked high with stories to explore.
  004: Stacks that rise to touch the floor.
  005: A treasure trove to explore.
  006: Stacks to sort, a curious core.
  007: Treasure to find, a joy to explore.
  008: A treasure trove that fuels the core.
  009: Treasure to find, from cover to core.
  010: Stacks that rise like towers sore.
  011: Treasure to find in each store.
  012: Stacks that climb to the attic floor.
  013: Stacks that climb to the ceiling's lore.
  014: Stacks to sort, a task restored.
  015: Treasure and tales to explore.
  016: Stacked with stories that inspire and restore.
  017: Stacked high, they whisper of more.
  018: Stacks that whisper of stories to explore.
  019: Stacks that climb from floor to floor.
  020: Stacks that whisper, "Read me more."
  021: Stacks that whisper, "There's more to explore."
  022: Stacks that rise like towers sore.
  023: Stacks that rise, both high and sore.
  024: Stacks that rise, a treasure to explore.
  025: Stacks that grow higher with every store.
  026: Stacks that whisper, "There's more to explore."
  027: Stacks that rise to the ceiling's core.
  028: A treasure trove to pore and pore.
  029: Treasure and toil in each door.
  030: Stacked high, they whisper of more.
  031: Stacks of stories, both near and far.
  032: Stacks that climb from floor to door.
  033: Stacks to be sorted, from floor to floor.
  034: Treasure to find, a boundless store.
  035: Stacks that rise like towers sore.
  036: A treasure trove to explore.
  037: Stacks that climb to the ceiling's core.
  038: Treasures to find, both near and far.
  039: Stacked high, they whisper of more.
  040: Treasure and tedium, both to explore.
  041: Stacks that rise like towers of lore.
  042: Stacked high, they promise more.
  043: Stacks that whisper of worlds to explore.
  044: Treasures to find, both near and far.
  045: Stacked high with stories to explore.
  046: Stacks that rise like towers of lore.
  047: Treasures to find, both far and near.
  048: Treasures to savor, both near and far.
  049: Treasures to find, both near and far.
  050: Stacked high, they whisper of more.
  051: Stacks that whisper tales of yore.
  052: Treasures to find, both near and far.
  053: Treasures to find, both near and far.
  054: Stacks that rise, both near and more.
  055: Treasure and trouble, both to explore.
  056: A treasure trove, both light and lore.
  057: Treasures to find, both near and far.
  058: Stacks that whisper of more.
  059: Stacks that rise like towers of lore.
  060: Stacks that rise like towers of lore.
  061: Stacks of stories to pore and explore.
  062: A treasure trove to explore.
  063: Stacks of stories to explore.
  064: Stacks that rise like towers of lore.
  065: Treasure to find, a joy to explore.
  066: Stacks of stories to explore.
  067: Stacks that rise, both high and sore.
  068: Stacks of stories to explore.
  069: A treasure trove to pore and pore.
  070: Treasures to find, both near and far.
  071: Stacks that rise, a quiet store.
  072: Stacks that rise, both light and more.
  073: Treasures to treasure, from cover to core.
  074: Treasures to find, both near and far.
  075: Stacks that whisper of worlds to explore.
  076: Stacked high, they beckon you to explore.
  077: Treasure to find, a joy to explore.
  078: Stacks that whisper of tales encore.
  079: Treasures to find, both near and far.
  080: Stacked high, they wait for more.
  081: Treasures to find, both near and far.
  082: Stacks that whisper, "More, encore!"
  083: Treasures to find, both near and far.
  084: Stacks that whisper, "There's more to explore."
  085: Stacks that whisper of tales to restore.
  086: Stacked high with stories to explore.
  087: Treasure to find in every door.
  088: Treasures to find, both near and far.
  089: A treasure trove to explore.
  090: Stacks that rise, a towering store.
  091: Stacks to sort, a mountain to explore.
  092: Stacks that rise like towers of lore.
  093: Stacks that rise like towers sore.
  094: Stacks that rise like towers of lore.
  095: Treasure to find, a joy to explore.
  096: Stacks that whisper of worlds to explore.
  097: Stacks to sift through, but the joy is more.
  098: Stacked high, they whisper of more.
  099: Treasure to find, both near and far.
  100: Stacks that whisper of worlds to explore.
  101: A treasure trove to explore.
  102: Stacked high, they wait for more.
  103: Stacks that climb from floor to floor.
  104: Treasure to find, both far and near.
  105: Treasure to find, a joy to explore.
  106: Stacks that rise, a quiet store.
  107: Treasures to find, both near and far.
  108: Stacks to sort, but joy is more.
  109: Stacks that whisper of worlds to explore.
  110: A treasure trove that beckons more.
  111: A treasure trove to explore.
  112: Stacks that climb to the ceiling's lore.
  113: A treasure trove to explore.
  114: Stacks that whisper of worlds to explore.
  115: Stacks that whisper of worlds to explore.
  116: Stacks that rise like towers of lore.
  117: Stacks that rise like towers of lore.
  118: Stacked high with stories to explore.
  119: Treasures to treasure, from floor to floor.
  120: Treasures to find, both near and far.
  121: Stacks that rise like towers of lore.
  122: Stacks that climb to heights unknown.
  123: Stacks that rise like towers of lore.
  124: Stacks to sort, a curious core.
  125: Treasure to find, both near and far.
  126: Stacked high, they fill the floor.
  127: A treasure trove that beckons more.
  128: A treasure trove to explore.
  129: Stacks that rise and never bore.
  130: Stacks of stories to explore.
  131: Treasure and trouble, both to explore.
  132: A treasure trove for the soul to restore.
  133: Treasure to find, a joy to explore.
  134: Stacks that rise to the ceiling's floor.
  135: A treasure trove to explore.
  136: Stacks that rise like towers of lore.
  137: Stacks that whisper of stories to explore.
  138: Treasure to find, a lifelong store.
  139: Treasure to find, a lifelong store.
  140: Stacks that climb to the ceiling's core.
  141: Stacks that rise to touch the floor.
  142: Stacks that climb to the ceiling's core.
  143: Stacks to sort, a task that's more.
  144: Stacks that climb to the ceiling's core.
  145: Stacked high, they beg to be explored.
  146: Stacked high, they whisper of more.
  147: Stacked high, they beckon to explore.
  148: A treasure trove, both light and lore.
  149: Stacks that whisper tales of yore.
  150: Treasures to find, both near and far.
  151: Stacks that whisper of worlds to explore.
  152: Stacks of stories to explore.
  153: Stacks that rise like towers of lore.
  154: Treasure to find, a boundless store.
  155: Stacks that rise like towers of lore.
  156: Treasures to find, both near and more.
  157: Stacks that whisper tales of yore.
  158: Stacks that climb to the ceiling's door.
  159: Stacked high, they whisper of more.
  160: Stacks that whisper of worlds to explore.
  161: A treasure trove to pore and pore.
  162: Stacked high, they bring us more.
  163: Treasures to find, both far and near.
  164: Stacked high with stories to explore.
  165: Stacks that climb from floor to floor.
  166: Treasure and trouble, both to explore.
  167: Stacks of stories to explore.
  168: Stacks that whisper tales of yore.
  169: Treasures await, both near and far.
  170: Treasures await, both near and far.
  171: Treasure to find in every door.
  172: Stacked high with tales to explore.
  173: Stacked high, they beg to be explored.
  174: Treasures to find, both near and far.
  175: Stacked high with stories to explore.
  176: Stacked high, they whisper of more.
  177: Stacks of stories to explore.
  178: Stacks that rise, both light and sore.
  179: Stacks that rise, a quiet store.
  180: Treasure to find, both near and more.
  181: Stacks that rise, a silent store.
  182: Stacks that rise like towers sore.
  183: A treasure trove that never grows more.
  184: Stacks of stories to explore.
  185: Treasures to find, both near and far.
  186: Treasure to sort, from cover to core.
  187: Stacks that rise, a silent store.
  188: Stacked high, they beckon evermore.
  189: Stacked high, they whisper of more.
  190: Stacked high, they whisper of more.
  191: A treasure trove for the soul to restore.
  192: Stacks that whisper tales of yore.
  193: Stacks to sort, but joy is more.
  194: Treasure to find in each store.
  195: Stacks that rise like towers of lore.
  196: Stacks that rise like towers sore.
  197: Stacks that grow taller with every store.
  198: Treasure and tedium, both to explore.
  199: Stacks to sort, but joy is sure.
  200: Stacks of stories to explore.

FIRST LINE: He saw a carrot and had to grab it,
  001: For hunger's call he couldn't ignore it.
  002: His hunger was strong, no time to chat it.
  003: For hunger whispered, "Don’t delay—just grab it!"
  004: His hunger drove him, no time to dawdle or chat.
  005: For hunger whispered, "This is what you lack, it."
  006: His hunger growled, there was no time to chat.
  007: His hunger growled louder with each step he'd track it.
  008: For hunger's call he couldn't ignore it.
  009: His hunger was loud, and his appetite was rabid.
  010: His hunger was strong, no time to dawdle.
  011: His hunger growled louder than any chat.
  012: For hunger whispered, "This is what you lack, it!"
  013: His hunger was loud, and his appetite was rapid.
  014: His hunger growled, and his hands moved fast.
  015: His hunger was loud, and his pockets were flat.
  016: His hunger was strong, no time to chat it.
  017: His hunger drove him, no time to dawdle.
  018: His hunger was strong, no time to dawdle.
  019: His hunger grew with each tasty slap it.
  020: His hunger was loud, and his appetite was rapid.
  021: His hunger was strong, no time to chat it.
  022: His hunger led him, and he didn’t lack it.
  023: His hunger was loud, and his appetite was rabid.
  024: His hunger drove him, no time to dawdle.
  025: His hunger grew with every snap it.
  026: His hunger drove him, no time to dawdle.
  027: His hunger was loud, and his pockets were slapstick.
  028: For hunger whispered, "This is what you need!"
  029: His hunger growled, and he couldn't forbear it.
  030: His hunger growled, there was no debating it.
  031: His hunger was strong, no time to chat it.
  032: His hunger growled, and his hands moved fast.
  033: His hunger drove him, no time to chat it.
  034: His hunger was strong, no time to dawdle.
  035: His hunger drove him, no time to dawdle.
  036: His hunger growled, and his appetite was brash.
  037: His hunger was strong, no time to chat it.
  038: His hunger growled, and his hands moved fast.
  039: His hunger whispered, "Don’t think, just grab it!"
  040: His hunger growled, and he couldn’t help but.
  041: His hunger urged him, no time to dawdle.
  042: His hunger was strong, no time to dawdle or chat.
  043: His hunger growled, there was no time to chat it.
  044: His hunger urged him, no time to dawdle.
  045: His hunger growled, and his pockets were bare.
  046: His hunger drove him, no time to chat it.
  047: For hunger whispered, "Don't delay—just grab it!"
  048: For hunger's call he couldn't ignore it.
  049: For hunger's call he couldn't ignore it.
  050: His hunger growled, there was no denying it.
  051: His hunger drove him, no time to dawdle or trap it.
  052: His hunger was strong, no time to dawdle.
  053: His hunger drove him, no time to dawdle.
  054: For hunger whispered, "Don't be a crab!"
  055: His hunger growled, there was no time to chat it.
  056: His hunger was loud, and his pockets were flat.
  057: His hunger was loud, and his appetite was rapid.
  058: For hunger's call he couldn't ignore it.
  059: His hunger growled, he couldn't stop it.
  060: His hunger growled louder than any bat it.
  061: His hunger was strong, no time to chat it.
  062: His hunger urged him, no time to dawdle.
  063: His hunger grew with every snap it.
  064: For hunger whispered, "Don't be a crab!"
  065: His hunger grew with every snap it.
  066: His hunger growled, and he couldn't shun it.
  067: His hunger was strong, no time to chat it.
  068: His hunger led him, no time to dawdle.
  069: His hunger was strong, no time to crab it.
  070: His hunger growled, and his appetite cracked it.
  071: His hunger growled, no time to dawdle.
  072: For hunger whispered, "This is your trap, bit!"
  073: His hunger growled, and he couldn't back it.
  074: For hunger's call he couldn't ignore it.
  075: His hunger grew with every snap it.
  076: His hunger drove him, no time to dawdle.
  077: His hunger was strong, no time to dawdle or chat.
  078: His hunger drove him, no time to dawdle.
  079: His hunger was strong, no time to dawdle.
  080: For hunger's call he couldn't stop it.
  081: His hunger was loud, and his appetite rapid.
  082: His hunger growled louder than his labored breath.
  083: His hunger growled, no time to dawdle.
  084: His hunger grew with every snap it.
  085: For hunger's call he couldn't ignore it.
  086: His hunger led him, and he never looked back at it.
  087: His hunger was loud, and his pockets were flat.
  088: His hunger was loud, and his pockets were slapit.
  089: For hunger whispered, "This is what you need!"
  090: His hunger was strong, no time to chat it.
  091: His hunger drove him, no time to dawdle.
  092: His hunger growled, and his resolve snapped it.
  093: His hunger was loud, and his patience was thin.
  094: His hunger was strong, no time to crab it.
  095: His hunger was strong, no time to chat it.
  096: His hunger led him straight to that trap.
  097: His hunger growled louder than his dad's "No bat!"
  098: His hunger drove him, no time to dawdle.
  099: His hunger drove him, no time to dawdle.
  100: His hunger was strong, no time to dawdle or chat.
  101: His hunger drove him, no time to chat it.
  102: His hunger drove him, no time to dawdle.
  103: His hunger growled, and his hands moved fast.
  104: His hunger urged him, there was no cab it.
  105: His hunger was strong, no time to chat it.
  106: His hunger was strong, no time to dawdle.
  107: His hunger was loud, and his pockets were flat.
  108: His hunger was strong, no time to chat it.
  109: His hunger growled, he couldn’t dawdle or crab it.
  110: His hunger drove him, no time to dawdle.
  111: His hunger growled, he couldn’t help but nab it.
  112: His hunger was loud, and his pockets were flat.
  113: His hunger growled, no time to chat it.
  114: His hunger was loud, and his appetite crabby.
  115: His hunger drove him, no time to chat it.
  116: His hunger growled, he couldn't dawdle.
  117: His hunger drove him, no time to dawdle.
  118: For hunger's call he couldn't disregard it.
  119: His hunger was loud, and his appetite rapid.
  120: His hunger drove him, no time to crab it.
  121: His hunger was strong, no time to dabble.
  122: For hunger's call he couldn't disregard it.
  123: His hunger growled, and his pace did tabit.
  124: For hunger's call he couldn't ignore it.
  125: His hunger drove him, no time to dawdle.
  126: His hunger drove him, no time to dawdle or chat.
  127: His hunger was loud, and his stomach was flat.
  128: His hunger whispered, "Don't think—just grab it!"
  129: His hunger drove him, no time to dawdle or crab it.
  130: His hunger drove him, no time to dawdle.
  131: His hunger growled, he couldn't stop it.
  132: His hunger drove him, no time to chat it.
  133: His hunger was strong, no time to dawdle.
  134: His hunger was strong, no time to chat it.
  135: His hunger was loud, and his appetite was flat.
  136: For hunger's call he couldn't ignore it.
  137: His hunger growled louder than his logic labored.
  138: His hunger growled, and he couldn’t stop it.
  139: His hunger drove him, no time to chat it.
  140: For hunger whispered, "This is what you need!"
  141: His hunger was loud, and his pockets were flat.
  142: His hunger growled, he couldn't dawdle.
  143: His hunger growled, he couldn’t stop it.
  144: His hunger was loud and his appetite vast.
  145: His hunger was strong, no time to chat it.
  146: His hunger growled, and his pockets were crabby.
  147: His hunger drove him, no time to chat it.
  148: His hunger drove him, no time to chat it.
  149: His hunger drove him, no time to dawdle.
  150: His hunger was strong, no time to dawdle or crab it.
  151: His hunger was strong, no time to dawdle.
  152: For hunger's call he couldn't dawdle.
  153: His hunger growled, no time to dawdle or chat.
  154: His hunger was loud, and his appetite crabby.
  155: For hunger whispered, "Don't be a crab!"
  156: His hunger drove him, no time to crab it.
  157: His hunger growled, no time to chat it.
  158: For hunger's call he couldn't ignore it.
  159: His hunger was loud, and his appetite brabblit.
  160: His hunger was strong, no time to dawdle or crab it.
  161: His hunger was loud, and his appetite was rapid.
  162: His hunger grew with every snap it.
  163: His hunger drove him, no time to dawdle.
  164: His hunger was loud, and his appetite brabbed it.
  165: His hunger drove him, no time to dawdle.
  166: His hunger drove him, no time to dawdle.
  167: His hunger growled, no time to dabble.
  168: For hunger's call he couldn't ignore it.
  169: His hunger was loud, and his will was swift.
  170: His hunger growled, and he couldn't stop it.
  171: His hunger growled, and his hands moved fast.
  172: For hunger's call he couldn't shun it.
  173: His hunger was strong, no time to dawdle.
  174: His hunger drove him, no time to dawdle or chat.
  175: His hunger was strong, no time to chat it.
  176: His hunger was strong, no time to chat it.
  177: For hunger's call he couldn't ignore it.
  178: His hunger growled, no time to dawdle.
  179: For hunger called and time was slipping fast.
  180: His hunger was strong, no time to chat it.
  181: His hunger was loud, and his pockets were flat.
  182: His hunger was strong, no time to dawdle.
  183: His hunger urged him, no time to chat it.
  184: His hunger growled, there was no lack in it.
  185: His hunger was strong, no time to chat it.
  186: His hunger growled, and his resolve was flat.
  187: His hunger led him to that vibrant tab.
  188: For hunger's call he couldn't ignore it.
  189: His hunger growled, there was no denying it.
  190: His hunger was strong, no time to dawdle.
  191: For hunger whispered, "This is what you lack, it!"
  192: His hunger led him, no time to dawdle.
  193: His hunger drove him, no time to dawdle.
  194: His hunger was strong, no time to chat it.
  195: His hunger whispered, "This is what you need!"
  196: His hunger drove him, no time to chat it.
  197: His hunger was strong, no time to chat it.
  198: His hunger growled, he couldn’t stop it.
  199: His hunger was loud, and his pockets were flat.
  200: His hunger growled, no time to dawdle.

FIRST LINE: The clouds are gray, the raindrops fall,
  001: A whispered tune the wind can recall.
  002: A whispered hush upon the wall.
  003: A quiet hush upon the wall.
  004: A whispered song the sky does call.
  005: A whispered hush upon the wall.
  006: A whispered tune the wind does call.
  007: A quiet hush upon the wall.
  008: A whispered tune the wind can call.
  009: A whispered tune the wind can call.
  010: A whispered tune the wind does call.
  011: A quiet hush begins to sprawl.
  012: A quiet hush upon the wall.
  013: A whispered hush upon the wall.
  014: A whispered song the wind recalls.
  015: A whispered song the sky recalls.
  016: A whispered tune the wind does call.
  017: A whispered hush upon the wall.
  018: A whispered tune the wind can call.
  019: A whispered tune the wind can call.
  020: A whispered song the sky does call.
  021: A quiet hush upon the wall.
  022: A whispered song the sky lets fall.
  023: A whispered hush upon the wall.
  024: A whispered hush upon the wall.
  025: A whispered tune the wind can call.
  026: A whispered tune the wind can call.
  027: A quiet hush upon the wall.
  028: A whispered hush upon the wall.
  029: A quiet hush upon the hall.
  030: A whispered song the skies recall.
  031: A whispered hush upon the wall.
  032: A whispered tune the wind can call.
  033: A whispered tune the wind can call.
  034: A whispered tune the wind can recall.
  035: A quiet hush upon the wall.
  036: A whispered tune the wind does call.
  037: A whispered hush upon the wall.
  038: A whispered tune the wind can call.
  039: A gentle hush upon the hall.
  040: A quiet hush upon the wall.
  041: A gentle hush upon the wall.
  042: A whispered hush upon the wall.
  043: A whispered tune the wind does call.
  044: A quiet hush descends on all.
  045: A whispered song the storm does call.
  046: A whispered tune the wind recalls.
  047: A whispered tune the wind can call.
  048: A whispered tune the wind can recall.
  049: A whispered tune the wind can call.
  050: A whispered hush upon the hall.
  051: A whispered tune the wind can call.
  052: A whispered hush beneath the sprawl.
  053: A whispered tune the wind can call.
  054: A whispered hush upon the wall.
  055: A whispered song the sky does call.
  056: A quiet hush upon the hall.
  057: A whispered song the sky does call.
  058: A whispered hush upon the wall.
  059: A whispered hush upon the wall.
  060: A whispered song the wind does call.
  061: A whispered song the sky does call.
  062: A whispered hush, the world grows small.
  063: A whispered song the sky does call.
  064: A whispered tune the wind can call.
  065: A whispered tune the wind does call.
  066: A whispered song the sky does call.
  067: A whispered tune the wind can recall.
  068: A whispered hush begins to call.
  069: A whispered song the sky lets fall.
  070: A whispered tune the wind recalls.
  071: A whispered hush upon the wall.
  072: A whispered hush upon the wall.
  073: A whispered hush upon the wall.
  074: A whispered tune the wind does call.
  075: A whispered tune the wind can call.
  076: A whispered tune the wind can call.
  077: A whispered tune the wind can call.
  078: A whispered hush upon the wall.
  079: A whispered tune the wind recalls.
  080: A whispered tune the wind can call.
  081: A whispered tune the wind recalls.
  082: A quiet hush descends on all.
  083: A whispered hush upon the hall.
  084: A whispered song the sky does call.
  085: A quiet hush upon the wall.
  086: A whispered song the sky does call.
  087: A whispered tune the wind does call.
  088: A quiet hush upon the wall.
  089: A whispered tune the wind does call.
  090: A whispered hush upon the wall.
  091: A whispered hush upon the wall.
  092: A whispered tune the wind does call.
  093: A whispered tune the wind can call.
  094: A whispered hush upon the wall.
  095: A whispered tune the wind does call.
  096: A whispered hush upon the wall.
  097: A quiet hush upon the hall.
  098: A whispered song the sky lets fall.
  099: A whispered hush begins to call.
  100: A whispered song the sky does call.
  101: A whispered tune the wind does call.
  102: A whispered tune the wind can call.
  103: A whispered hush upon the hall.
  104: A whispered tune the wind recalls.
  105: A whispered hush upon the wall.
  106: A whispered hush upon the wall.
  107: A quiet hush upon the wall.
  108: A whispered tune the wind does call.
  109: A quiet hush begins to call.
  110: A whispered tune the wind can call.
  111: A whispered tune the wind does call.
  112: A whispered hush upon the wall.
  113: A whispered hush beneath the tall.
  114: A whispered hush upon the wall.
  115: A whispered tune the wind does call.
  116: A whispered tune the wind can call.
  117: A quiet hush upon the wall.
  118: A gentle hush upon the wall.
  119: A whispered song the sky recalls.
  120: A whispered song the sky does call.
  121: A whispered tune the wind can call.
  122: A whispered tune the wind does call.
  123: A whispered tune the wind can recall.
  124: A quiet hush begins to call.
  125: A whispered tune the wind can call.
  126: A gentle hush upon the wall.
  127: A gentle hush upon the wall.
  128: A whispered song the sky lets fall.
  129: A whispered hush upon the wall.
  130: A whispered hush upon the wall.
  131: A whispered tune the wind does call.
  132: A whispered hush beneath the sprawl.
  133: A gentle hush upon the wall.
  134: A quiet hush upon the wall.
  135: A whispered song the sky does call.
  136: A whispered tune the wind can call.
  137: A whispered hush upon the wall.
  138: A whispered hush upon the wall.
  139: A whispered tune the winds recall.
  140: A whispered tune the wind recalls.
  141: A whispered hush beneath the hall.
  142: A whispered tune the wind does call.
  143: A whispered tune the wind recalls.
  144: A whispered hush upon the wall.
  145: A whispered song the skies recall.
  146: A whispered tune the wind can call.
  147: A quiet hush upon the hall.
  148: A quiet hush upon the wall.
  149: A whispered tune the wind can recall.
  150: A whispered song the wind recalls.
  151: A whispered song the wind recalls.
  152: A whispered song the sky does call.
  153: A whispered tune the wind does call.
  154: A quiet hush begins to call.
  155: A whispered tune the wind recalls.
  156: A whispered tune the wind recalls.
  157: A quiet hush upon the wall.
  158: A whispered tune the wind can call.
  159: A whispered song the sky does call.
  160: A whispered tune the wind recalls.
  161: A whispered tune the wind does call.
  162: A whispered tune the winds recall.
  163: A quiet hush upon the wall.
  164: A whispered hush upon the wall.
  165: A quiet hush upon the hall.
  166: A gentle hush upon the wall.
  167: A whispered tune the wind recalls.
  168: A whispered tune the wind does call.
  169: A whispered hush upon the wall.
  170: A whispered tune the wind can call.
  171: A whispered song the storm does call.
  172: A whispered hush upon the wall.
  173: A whispered hush upon the wall.
  174: A whispered hush upon the hall.
  175: A whispered song the sky recalls.
  176: A whispered song the sky does call.
  177: A whispered song the storm does call.
  178: A whispered hush upon the wall.
  179: A whispered tune the wind can call.
  180: A whispered tune the wind recalls.
  181: A quiet hush begins to call.
  182: A whispered song the sky does call.
  183: A whispered tune the wind does call.
  184: A whispered tune the winds recall.
  185: A whispered tune the wind can call.
  186: A quiet hush upon the wall.
  187: A whispered tune the wind does call.
  188: A whispered hush upon the wall.
  189: A whispered tune the wind can call.
  190: A whispered tune the wind does call.
  191: A whispered hush upon the wall.
  192: A whispered tune the wind does call.
  193: A whispered song the storm does call.
  194: A whispered tune the wind can call.
  195: A whispered tune the wind can call.
  196: A quiet hush begins to call.
  197: A gentle hush upon the wall.
  198: A whispered hush upon the wall.
  199: A whispered hush upon the wall.
  200: A whispered song the sky does call.

FIRST LINE: The clouds are gray, the raindrops drop,
  001: A gentle hush upon the crop.
  002: A whispered hush upon the crop.
  003: A silent hush upon the crop.
  004: A silent hush upon the crop.
  005: A quiet hush begins to crop.
  006: A quiet hush upon the crop.
  007: A quiet hush upon the crop.
  008: A gentle hush upon the crop.
  009: A quiet hush upon the crop.
  010: A whispered hush upon the crop.
  011: A quiet hush upon the crop.
  012: A quiet hush upon the crop.
  013: A whispered hush upon the crop.
  014: A quiet hush upon the crop.
  015: A gentle hush upon the crop.
  016: A silent hush upon the crop.
  017: A gentle hush upon the crop.
  018: A quiet hush upon the crop.
  019: A whispered hush upon the crop.
  020: A whispered hush upon the crop.
  021: A silent hush upon the crop.
  022: A quiet hush upon the crop.
  023: A quiet hush upon the crop.
  024: A gentle hush upon the crop.
  025: A whispered hush upon the crop.
  026: A quiet hush upon the crop.
  027: A quiet hush upon the crop.
  028: A whispered hush, the world feels soft.
  029: A whispered hush, the world grows soft.
  030: A gentle hush upon the crop.
  031: A whispered tune the wind can't stop.
  032: A quiet hush upon the crop.
  033: A silent hush upon the crop.
  034: A quiet hush upon the crop.
  035: A gentle hush upon the crop.
  036: A quiet hush upon the crop.
  037: A whispered hush upon the crop.
  038: A silent hush upon the crop.
  039: A quiet hush begins to crop.
  040: A quiet hush upon the crop.
  041: A gentle hush upon the crop.
  042: A gentle hush upon the crop.
  043: A whispered song the skies compose.
  044: A quiet hush upon the crop.
  045: A gentle hush upon the crop.
  046: A whispered hush, the world grows soft.
  047: A quiet hush upon the crop.
  048: A quiet hush begins to crop.
  049: A whispered hush upon the crop.
  050: A gentle hush upon the crop.
  051: A quiet hush begins to crop.
  052: A quiet hush upon the crop.
  053: A whispered hush upon the crop.
  054: A whispered hush, the world grows cold.
  055: A quiet hush upon the crop.
  056: A silent hush upon the crop.
  057: A quiet hush upon the crop.
  058: A whispered hush upon the crop.
  059: A silent hush upon the crop.
  060: A silent hush upon the crop.
  061: A whispered hush upon the crop.
  062: A quiet hush upon the crop.
  063: A gentle hush upon the crop.
  064: A whispered hush, the world grows soft.
  065: A whispered hush upon the crop.
  066: A whispered song the skies compose.
  067: A quiet hush begins to crop.
  068: A whispered hush upon the crop.
  069: A gentle hush begins to stop.
  070: A quiet hush upon the crop.
  071: A gentle hush upon the crop.
  072: A whispered hush upon the crop.
  073: A gentle hush upon the crop.
  074: A whispered song the sky still hopes.
  075: A quiet hush upon the crop.
  076: A quiet hush upon the crop.
  077: A silent hush upon the crop.
  078: A quiet hush begins to crop.
  079: A silent hush upon the crop.
  080: A whispered song the sky has stopped.
  081: A quiet hush begins to crop.
  082: A quiet hush upon the crop.
  083: A gentle hush upon the crop.
  084: A quiet hush upon the crop.
  085: A gentle hush upon the crop.
  086: A whispered hush upon the crop.
  087: A quiet hush upon the crop.
  088: A silent hush upon the crop.
  089: A quiet hush upon the crop.
  090: A gentle hush upon the crop.
  091: A whispered hush upon the crop.
  092: A whispered hush upon the crop.
  093: A quiet hush begins to stop.
  094: A quiet hush upon the crop.
  095: A quiet hush upon the crop.
  096: A quiet hush begins to crop.
  097: A whispered hush upon the crop.
  098: A quiet hush upon the crop.
  099: A quiet hush upon the crop.
  100: A quiet hush upon the crop.
  101: A quiet hush begins to crop.
  102: A quiet hush upon the crop.
  103: A whispered hush, the world grows soft.
  104: A quiet hush upon the crop.
  105: A quiet hush upon the crop.
  106: A quiet hush upon the crop.
  107: A silent hush upon the crop.
  108: A gentle hush upon the crop.
  109: A gentle hush upon the crop.
  110: A gentle hush upon the crop.
  111: A quiet hush upon the crop.
  112: A whispered hush upon the crop.
  113: A quiet hush upon the crop.
  114: A gentle hush upon the crop.
  115: A quiet hush upon the crop.
  116: A silent hush upon the crop.
  117: A quiet hush upon the crop.
  118: A silent hush upon the crop.
  119: A whispered hush upon the crop.
  120: A quiet hush upon the crop.
  121: A quiet hush upon the crop.
  122: A gentle hush upon the crop.
  123: A gentle hush upon the crop.
  124: A silent hush upon the crop.
  125: A quiet hush upon the crop.
  126: A quiet hush upon the crop.
  127: A whispered hush upon the crop.
  128: A gentle hush upon the crop.
  129: A quiet hush upon the crop.
  130: A silent hush upon the crop.
  131: A gentle hush upon the crop.
  132: A gentle hush upon the crop.
  133: A quiet hush upon the crop.
  134: A gentle hush upon the crop.
  135: A whispered hush upon the crop.
  136: A quiet hush upon the crop.
  137: A whispered hush, the world looks soft.
  138: A quiet hush upon the crop.
  139: A quiet hush upon the crop.
  140: A gentle hush upon the crop.
  141: A whispered song the sky still hopes.
  142: A quiet hush upon the crop.
  143: A whispered hush upon the crop.
  144: A silent hush upon the crop.
  145: A quiet hush upon the crop.
  146: A silent hush upon the crop.
  147: A quiet hush upon the crop.
  148: A whispered hush, the world grows soft.
  149: A silent hush upon the crop.
  150: A whispered hush upon the crop.
  151: A quiet hush upon the crop.
  152: A gentle hush upon the crop.
  153: A whispered hush upon the crop.
  154: A quiet hush upon the crop.
  155: A whispered hush upon the crop.
  156: A whispered hush upon the crop.
  157: A whispered hush upon the crop.
  158: A gentle hush upon the crop.
  159: A silent hush upon the crop.
  160: A silent hush upon the crop.
  161: A whispered hush, the world grows soft.
  162: A gentle hush upon the crop.
  163: A gentle hush upon the crop.
  164: A silent song the sky can't stop.
  165: A quiet hush upon the crop.
  166: A silent hush upon the crop.
  167: A quiet hush upon the crop.
  168: A quiet hush begins to crop.
  169: A quiet hush upon the crop.
  170: A quiet hush upon the crop.
  171: A quiet hush begins to stop.
  172: A quiet hush upon the crop.
  173: A whispered hush upon the crop.
  174: A whispered hush, the world grows soft.
  175: A whispered hush upon the crop.
  176: A whispered tune the wind can't stop.
  177: A quiet hush upon the crop.
  178: A whispered hush upon the crop.
  179: A whispered hush upon the crop.
  180: A silent hush upon the crop.
  181: A whispered hush upon the crop.
  182: A quiet hush upon the crop.
  183: A quiet hush upon the crop.
  184: A quiet hush upon the crop.
  185: A gentle hush upon the crop.
  186: A gentle hush upon the crop.
  187: A quiet hush upon the crop.
  188: A quiet hush upon the crop.
  189: A gentle hush upon the crop.
  190: A silent hush upon the crop.
  191: A quiet hush upon the crop.
  192: A whispered hush upon the crop.
  193: A quiet hush upon the crop.
  194: A gentle hush upon the crop.
  195: A gentle hush upon the crop.
  196: A quiet hush upon the crop.
  197: A whispered hush upon the crop.
  198: A quiet hush upon the crop.
  199: A whispered hush upon the crop.
  200: A silent hush begins to crop.

FIRST LINE: The clouds are gray, the raindrops plunge,
  001: A somber song the sky still clings.
  002: A whispered song the thunder stung.
  003: A silent storm beneath the tongue.
  004: A somber song the skies still thrum.
  005: A silent hymn the sky still stings.
  006: A whispered storm in nature's tongue.
  007: A silent song the storm does sing.
  008: The world is wrapped in a somber hush.
  009: A whispered song the storm will sing.
  010: A somber song the storm still sung.
  011: A somber dance upon the tongue.
  012: The world is wrapped in a silent hush.
  013: The world is hushed in nature's hush.
  014: The world is hushed in nature's hush.
  015: A whispered storm in nature's surge.
  016: A somber song the storm does sing.
  017: A whispered storm in nature's tongue.
  018: A somber hymn the sky still sung.
  019: A somber song the sky still clings.
  020: A somber hymn the sky does sing.
  021: A somber song the storm does sing.
  022: The world is hushed in nature's hush.
  023: A somber song the storm still sung.
  024: A whispered storm beneath the fence.
  025: The world is hushed in nature's hush.
  026: A somber song the storm does sung.
  027: A whispered storm begins to sing.
  028: A somber song the storm still clings.
  029: The world is hushed in nature's hush.
  030: A silent song the storm still stung.
  031: The world is hushed in nature's hush.
  032: The world is hushed in nature's hush.
  033: A somber song the storm does sing.
  034: The thunder rolls, the storm takes charge.
  035: A whispered storm in nature's throng.
  036: A whispered storm beneath the tongue.
  037: A silent storm upon the landscape hangs.
  038: A whispered storm through the night it stung.
  039: A silent song the storm still sung.
  040: A whispered storm beneath the tongue.
  041: A silent hymn the storm does sing.
  042: A silent song the storm does sing.
  043: The world is hushed in nature's hush.
  044: A whispered song the thunder stings.
  045: The world is hushed in nature's hush.
  046: A somber song the storm does sing.
  047: A whispered storm through the trees it throng.
  048: A whispered song the thunder sung.
  049: The world is wrapped in a somber hush.
  050: The thunder rolls, the storm takes charge.
  051: A silent hymn the sky still stung.
  052: A somber hymn the heavens sing.
  053: A whispered song the storm still stung.
  054: The world is wrapped in a somber hush.
  055: A whispered song the storm will sing.
  056: A whispered storm in nature's tongue.
  057: A whispered storm in nature's surge.
  058: The world is hushed in nature's hush.
  059: A somber sky with thunder's surge.
  060: A whispered storm in nature's tongue.
  061: A somber song the storm does sing.
  062: A somber song the skies still sing.
  063: A silent storm upon the land it drenches.
  064: A whispered storm begins to surge.
  065: The thunder roars, the skies grow young.
  066: The world is hushed in nature's hush.
  067: A whispered storm in nature's surge.
  068: A somber song the storm does sing.
  069: A somber song the storm still sung.
  070: The world is hushed in nature's hush.
  071: A whispered storm beneath the fence.
  072: A somber song the storm still clings.
  073: The world is hushed in nature's hush.
  074: The world is hushed in nature's hush.
  075: A silent song the storm still sung.
  076: The thunder speaks in nature's tongue.
  077: A whispered song the storm will sing.
  078: A whispered song the thunder hums.
  079: A somber song the storm still sung.
  080: The world is hushed in nature's hush.
  081: A silent song the storm does sing.
  082: The world is hushed in nature's hush.
  083: The world is hushed in nature's hush.
  084: The world is wrapped in a solemn hush.
  085: The world is hushed in nature's hush.
  086: A whispered storm beneath the steeple's hush.
  087: A somber song the sky still sung.
  088: A somber song the skies still sing.
  089: A whispered song the thunder stirs the young.
  090: A whispered storm begins to surge and throng.
  091: A somber song the storm does sung.
  092: A whispered storm in nature's tongue.
  093: A whispered song the storm still clings.
  094: A whispered storm through the night it stirs.
  095: A somber song the sky still stings.
  096: The thunder roars, the skies are young.
  097: The world is wrapped in a somber hush.
  098: A whispered storm in nature's tongue.
  099: A silent song the storm still stings.
  100: A somber hymn the sky still sung.
  101: The thunder speaks in booming tongue.
  102: A somber song the sky does sung.
  103: The world is hushed in nature's hush.
  104: A somber song the sky still sung.
  105: A somber song the storm still sung.
  106: A whispered storm in nature's tongue.
  107: The world is hushed beneath the storm's cold tongue.
  108: The world is hushed in nature’s hush.
  109: The world is wrapped in a sorrowful hush.
  110: A somber song the sky still sung.
  111: A somber song the storm does sing.
  112: A whispered storm begins to sung.
  113: A somber song the storm still sung.
  114: The world is wrapped in a somber surge.
  115: A somber song the skies still sing.
  116: The world is wrapped in a silent hush.
  117: A whispered storm in nature's tongue.
  118: A somber song the heavens sing.
  119: A silent storm through the night it stung.
  120: A whispered storm in nature's hush.
  121: The thunder roars, the winds do surge.
  122: A somber song the storm doth sung.
  123: A somber song the sky still sings.
  124: A somber song the sky does sing.
  125: The world is wrapped in a somber hush.
  126: A somber dance upon the tongue.
  127: The world is wrapped in nature's hush.
  128: The world is wrapped in a silent hush.
  129: A somber song the storm thus sung.
  130: A whispered storm in nature's hush.
  131: A silent song the storm still sung.
  132: A somber song the skies still sung.
  133: A somber song the heavens sing.
  134: The thunder roars, the storm takes charge.
  135: A silent hymn to nature's pulse.
  136: A silent song the storm will sing.
  137: A somber dance beneath the shroud of spring.
  138: The world is wrapped in a silent hush.
  139: A somber dance beneath the shroud of gloom.
  140: A whispered song the storm will sing.
  141: A somber song the sky still clings.
  142: A silent hymn the sky still sings.
  143: The world is hushed in nature's hush.
  144: The thunder rolls, the world grows young.
  145: A whispered storm begins to surge.
  146: The world is hushed in nature's plunge.
  147: A whispered storm through the trees it clings.
  148: The thunder rolls, the storm takes charge.
  149: A whispered storm in nature's hush.
  150: A somber song the skies still sing.
  151: A silent song the storm now sings.
  152: The world is hushed in nature's hush.
  153: The thunder rolls, the storm still lingers on.
  154: The world is hushed in nature's hush.
  155: The world is hushed in nature's hush.
  156: A somber sky beneath the storm's cold hush.
  157: A whispered song the storm still sung.
  158: A whispered song the storm will sing.
  159: A whispered tune the wind still sings.
  160: A somber song the skies still sing.
  161: A silent storm through midnight throngs.
  162: A silent song through the storm's fierce throng.
  163: A whispered storm through silence throngs.
  164: A silent storm beneath theungle.
  165: The world is hushed in nature's hush.
  166: A somber song the storm doth sung.
  167: The world is hushed in nature's hush.
  168: The world is hushed in nature's hush.
  169: A somber song the storm still clings.
  170: The world is hushed in nature's hush.
  171: The world is wrapped in a somber hush.
  172: A whispered storm in nature's tongue.
  173: A whispered song the storm will sing.
  174: A somber sky with thunder's surge.
  175: A whispered song the storm still clings.
  176: A somber song the skies still sing.
  177: A silent storm beneath the sun's soft tongue.
  178: The world is washed in nature's hush.
  179: The world is hushed in nature's hush.
  180: A whispered song the storm will sing.
  181: A silent storm upon the tongue.
  182: A somber song the sky still sung.
  183: The world is hushed in nature's hush.
  184: A whispered song the storm does sing.
  185: A whispered storm beneath the shroud of spring.
  186: The thunder speaks in whispered surge.
  187: The thunder rolls, the storm takes charge.
  188: A whispered storm beneath the plunge.
  189: A whispered storm through nature's pulse.
  190: A whispered song the storm will sing.
  191: A somber song the sky still sung.
  192: A silent song the storm still sung.
  193: A somber song the skies still surge.
  194: A somber song the storm still sung.
  195: A somber song the sky still stung.
  196: The thunder rolls, the world feels young.
  197: A whispered song the storm will sing.
  198: The world is wrapped in a silent hush.
  199: A whispered storm in nature's hush.
  200: A whispered tune the wind does sing.

FIRST LINE: The clouds are gray, the raindrops tumble,
  001: The world is still, yet nature hums.
  002: A quiet hush beneath the thunder.
  003: A whispered tune the wind becomes.
  004: A whispered tune the wind may humble.
  005: A quiet hush beneath the thunder.
  006: A whispered tune the wind becomes.
  007: A whispered tune beneath the thunder.
  008: A whispered tune the wind becomes.
  009: A whispered tune beneath the thunder.
  010: A quiet hush beneath the thunder.
  011: A silent song in whispered tumult.
  012: A whispered sigh beneath the thunder.
  013: A quiet hush upon the humble.
  014: A whispered tune beneath the thunder.
  015: A whispered song the wind becomes.
  016: A whispered tune the wind may humble.
  017: A quiet hush beneath the thunder.
  018: The world is hushed in nature's humble.
  019: A whispered song the wind becomes.
  020: A quiet hush, the world grows humble.
  021: A quiet hush beneath the thunder.
  022: A whispered tune beneath the thunder.
  023: A quiet hush beneath the thunder.
  024: A whispered song the wind becomes.
  025: A whispered song the wind becomes.
  026: A quiet hush beneath the thunder.
  027: A whispered song the storm does humble.
  028: A quiet hush begins to humble.
  029: A whispered song the wind does humble.
  030: A quiet hush beneath the thunder.
  031: A silent song the skies compose.
  032: A quiet hush beneath the thunder.
  033: A whispered song the wind becomes.
  034: A quiet hush beneath the thunder.
  035: A quiet hush beneath the thunder.
  036: The world is hushed in nature's humble.
  037: A quiet hush beneath the thunder.
  038: A whispered tune beneath the thunder.
  039: A whispered song the wind does humble.
  040: A whispered sigh beneath the thunder.
  041: A quiet hush beneath the thunder.
  042: A whispered hush beneath the thunder.
  043: A whispered sigh beneath the thunder.
  044: A quiet hush upon the humble.
  045: A whispered tune beneath the thunder.
  046: A quiet hush beneath the thunder.
  047: A whispered tune beneath the thunder.
  048: A whispered tune beneath the thunder.
  049: A whispered song the wind does humble.
  050: A gentle hush beneath the thunder.
  051: A gentle hush upon the humble.
  052: The world is hushed in nature's humble.
  053: A quiet hush beneath the thunder.
  054: A whispered tune beneath the thunder.
  055: A whispered song the wind becomes.
  056: A whispered sigh beneath the thunder.
  057: A quiet hush beneath the thunder.
  058: A quiet hush upon the humble.
  059: A gentle hush beneath the thunder.
  060: The world is wrapped in a quiet hush.
  061: A silent song beneath the thunder.
  062: A quiet hush beneath the thunder.
  063: A quiet hush beneath the thunder.
  064: A whispered tune beneath the thunder.
  065: A quiet hush beneath the thunder.
  066: A whispered song beneath the thunder.
  067: A whispered song the sky becomes.
  068: A whispered song the storm has hummed.
  069: A whispered song beneath the thunder.
  070: A whispered sigh beneath the thunder.
  071: The world is hushed in nature's humble.
  072: A whispered tune beneath the thunder.
  073: A whispered song beneath the thunder.
  074: The world is hushed in nature's humble.
  075: A whispered hush beneath the thunder.
  076: A quiet hush beneath the thunder.
  077: A whispered song beneath the thunder.
  078: A gentle hush upon the humble.
  079: A whispered hush beneath the thunder.
  080: A whispered tune beneath the thunder.
  081: A whispered tune beneath the thunder.
  082: A whispered hush beneath the thunder.
  083: A whispered tune beneath the thunder.
  084: A whispered song beneath the thunder.
  085: A whispered tune beneath the thunder.
  086: The world is still, yet nature hums a solemn hymn.
  087: A quiet hush beneath the thunder.
  088: A quiet hush beneath the thunder.
  089: A quiet hush beneath the thunder.
  090: A whispered tune beneath the thunder.
  091: A quiet hush, the world is numbed.
  092: A quiet hush upon the humble.
  093: A whispered tune the wind does humble.
  094: A gentle hush upon the humble.
  095: A whispered tune beneath the thunder.
  096: A whispered sigh, the world grows humble.
  097: A whispered song the breeze may humble.
  098: A quiet hush beneath the thunder.
  099: A whispered song the wind may humble.
  100: A whispered song the wind becomes.
  101: A whispered tune the wind becomes.
  102: A whispered song the wind becomes.
  103: The world is hushed in nature's humble.
  104: A whispered song the storm humsumble.
  105: A whispered tune beneath the thunder.
  106: A whispered hush beneath the thunder.
  107: A whispered tune beneath the thunder.
  108: A quiet hush beneath the thunder.
  109: A gentle hush, the world is humble.
  110: A whispered sigh beneath the thunder.
  111: A whispered tune beneath the thunder.
  112: A gentle hush beneath the thunder.
  113: A whispered sigh beneath the thunder.
  114: A quiet hush beneath the thunder.
  115: The world is quiet, wrapped in drizzle's humble.
  116: A whispered tune the wind becomes.
  117: A gentle hush, the world grows humble.
  118: A whispered song the wind becomes.
  119: A whispered song the sky becomes.
  120: A whispered song the storm has sung.
  121: The world is hushed in nature's humble.
  122: A quiet hush beneath the thunder.
  123: A whispered tune beneath the thunder.
  124: A whispered tune beneath the thunder.
  125: A whispered tune beneath the thunder.
  126: A gentle hush falls over the humble.
  127: A silent song the sky hums under.
  128: A quiet hush beneath the thunder.
  129: A quiet hush beneath the thunder.
  130: A quiet hush beneath the thunder.
  131: A quiet hush beneath the thunder.
  132: A quiet hush beneath the thunder.
  133: A whispered sigh beneath the thunder.
  134: A gentle hush settles on the humble.
  135: A whispered song the wind becomes.
  136: A quiet hush beneath the thunder.
  137: A whispered song the wind becomes.
  138: A whispered song the wind becomes.
  139: A whispered hush beneath the thunder.
  140: A whispered tune the wind does humble.
  141: A quiet hush beneath the thunder.
  142: A whispered tune beneath the thunder.
  143: A whispered song the wind becomes.
  144: A silent song beneath the humble.
  145: A quiet hush beneath the thunder.
  146: A quiet hush beneath the thunder.
  147: A quiet hush beneath the thunder.
  148: A whispered tune beneath the thunder.
  149: A whispered song the wind becomes.
  150: A whispered song the wind becomes.
  151: A quiet hush beneath the thunder.
  152: A quiet hush begins to solemn.
  153: A whispered sigh beneath the thunder.
  154: The world is hushed in nature's humble.
  155: A whispered song the wind becomes.
  156: A whispered tune beneath the thunder.
  157: A whispered tune beneath the thunder.
  158: A quiet hush beneath the thunder.
  159: A whispered sigh beneath the thunder.
  160: A quiet hush beneath the thunder.
  161: A whispered song the wind becomes.
  162: A whispered song the wind becomes.
  163: A whispered tune beneath the thunder.
  164: A quiet hush beneath the thunder.
  165: A quiet hush beneath the thunder.
  166: A whispered song the breeze becomes.
  167: A whispered song the storm has hummed.
  168: A gentle hush, the world is humble.
  169: A whispered tune beneath the thunder.
  170: A quiet hush beneath the thunder.
  171: A quiet hush beneath the thunder.
  172: A whispered tune beneath the thunder.
  173: A whispered hush beneath the thunder.
  174: A whispered tune beneath the thunder.
  175: A quiet hush begins to humble.
  176: A silent hush beneath the thunder.
  177: A whispered tune beneath the thunder.
  178: A quiet hush beneath the thunder.
  179: A whispered tune beneath the thunder.
  180: A quiet hush beneath the thunder.
  181: The world is hushed in nature's humble.
  182: A quiet hush beneath the thunder.
  183: A quiet hush begins to humble.
  184: A quiet hush beneath the thunder.
  185: A whispered tune beneath the thunder.
  186: A quiet hush beneath the thunder.
  187: A whispered song the winds compose.
  188: A quiet hush beneath the thunder.
  189: A quiet hush beneath the thunder.
  190: A quiet hush beneath the thunder.
  191: A whispered song the wind becomes.
  192: A whispered tune beneath the thunder.
  193: A silent hush beneath the thunder.
  194: A quiet hush beneath the thunder.
  195: A whispered hush beneath the thunder.
  196: A quiet hush beneath the thunder.
  197: A whispered tune the wind becomes.
  198: A quiet hush beneath the thunder.
  199: A whispered sigh beneath the thunder.
  200: A whispered tune beneath the thunder.

FIRST LINE: The clouds are gray, the raindrops sink,
  001: A silent hush upon the brink.
  002: A silent hush beneath the brink.
  003: A silent hush upon the brink.
  004: A silent hush begins to think.
  005: A silent hush upon the brink.
  006: A silent hush upon the brink.
  007: A silent hush begins to blink.
  008: A quiet hush upon the brink.
  009: A silent hush begins to think.
  010: A silent hush upon the brink.
  011: A silent hush begins to think.
  012: A quiet hush begins to link.
  013: A silent hush upon the brink.
  014: A quiet hush upon the brink.
  015: A quiet hush begins to think.
  016: A silent hush upon the brink.
  017: A quiet hush begins to blink.
  018: A silent hush upon the brink.
  019: A silent hush begins to link.
  020: A silent hush begins to think.
  021: A quiet hush begins to think.
  022: A quiet hush upon the brink.
  023: A silent hush begins to think.
  024: A silent hush begins to blink.
  025: A silent hush begins to link.
  026: A silent hush begins to think.
  027: A whispered hush begins to think.
  028: A silent hush begins to think.
  029: A silent hush begins to blink.
  030: A silent hush upon the brink.
  031: A silent hush upon the brink.
  032: A silent hush begins to stink.
  033: A silent hush upon the brink.
  034: A quiet hush begins to think.
  035: A silent hush upon the brink.
  036: A silent hush upon the brink.
  037: A silent hush upon the brink.
  038: A silent hush upon the brink.
  039: A quiet hush begins to blink.
  040: A silent hush begins to link.
  041: A quiet hush upon the brink.
  042: A whispered hush begins to think.
  043: A silent hush upon the wind.
  044: A silent hush begins to link.
  045: A silent hush upon the brink.
  046: A silent hush descends on the hill and the ink.
  047: A quiet hush begins to think.
  048: A silent hush descends on the brink.
  049: A silent hush upon the brink.
  050: A silent hush upon the brink.
  051: A silent hush upon the brink.
  052: A quiet hush begins to think.
  053: A quiet hush begins to think.
  054: A silent hush upon the brink.
  055: A silent hush upon the brink.
  056: A silent hush upon the brink.
  057: A silent hush begins to think.
  058: A silent hush begins to think.
  059: A silent hush begins to link.
  060: A silent hush upon the brink.
  061: A quiet hush begins to think.
  062: A silent hush begins to blink.
  063: A silent hush begins to think.
  064: A silent hush upon the brink.
  065: A quiet hush begins to think.
  066: A silent hush begins to think.
  067: A silent hush upon the brink.
  068: A silent hush begins to think.
  069: A silent hush begins to stink.
  070: A quiet hush begins to link.
  071: A silent hush upon the brink.
  072: A whispered hush begins to link.
  073: A quiet hush upon the brink.
  074: A silent hush begins to think.
  075: A silent hush upon the brink.
  076: A silent hush begins to think.
  077: A whispered hush begins to think.
  078: A quiet hush upon the brink.
  079: A quiet hush begins to blink.
  080: A silent hush upon the brink.
  081: A quiet hush begins to think.
  082: A quiet hush begins to stink.
  083: A silent hush begins to think.
  084: A silent hush begins to blink.
  085: A silent hush upon the brink.
  086: A silent hush begins to blink.
  087: A silent hush begins to think.
  088: A silent hush begins to stink.
  089: A silent hush upon the brink.
  090: A silent hush begins to link.
  091: A quiet hush begins to think.
  092: A silent hush upon the brink.
  093: A silent hush begins to think.
  094: A silent hush begins to link.
  095: A quiet hush begins to think.
  096: A silent hush begins to think.
  097: A silent hush begins to think.
  098: A quiet hush upon the brink.
  099: A silent hush begins to think.
  100: A quiet hush begins to blink.
  101: A silent hush begins to link.
  102: A silent hush upon the brink.
  103: A silent hush upon the brink.
  104: A silent hush upon the brink.
  105: A silent hush begins to think.
  106: A silent hush begins to think.
  107: A silent hush begins to think.
  108: A quiet hush begins to think.
  109: A quiet hush begins to think.
  110: A quiet hush begins to think.
  111: A silent hush upon the brink.
  112: A silent hush upon the brink.
  113: A silent hush upon the brink.
  114: A silent hush upon the brink.
  115: A silent hush begins to blink.
  116: A silent hush upon the brink.
  117: A quiet hush begins to link.
  118: A silent hush upon the brink.
  119: A whispered hush begins the link.
  120: A silent hush upon the brink.
  121: A whispered hush begins the link.
  122: A silent hush begins to think.
  123: A silent hush begins to think.
  124: A silent hush begins to stink.
  125: A silent hush upon the brink.
  126: A silent hush upon the brink.
  127: A silent hush upon the brink.
  128: A silent hush begins to think.
  129: A quiet hush begins to think.
  130: A silent hush upon the brink.
  131: A silent hush begins to think.
  132: A silent hush upon the brink.
  133: A silent hush begins to think.
  134: A silent hush descends on the brink.
  135: A quiet hush begins to think.
  136: A whispered hush begins to blink.
  137: A quiet hush begins to think.
  138: A silent hush begins to link.
  139: A silent hush begins to think.
  140: A whispered sigh beneath the brink.
  141: A silent hush begins to think.
  142: A quiet hush begins to stink.
  143: A silent hush upon the brink.
  144: A silent hush upon the brink.
  145: A silent hush begins to think.
  146: A quiet hush begins to think.
  147: A silent hush upon the brink.
  148: A quiet hush begins to link.
  149: A quiet hush begins to think.
  150: A silent hush upon the brink.
  151: A silent hush upon the brink.
  152: A silent hush begins to think.
  153: A quiet hush begins to think.
  154: A whispered hush begins the link.
  155: A silent hush upon the brink.
  156: A silent hush upon the brink.
  157: A silent hush begins to think.
  158: A silent hush upon the brink.
  159: A quiet hush upon the brink.
  160: A silent hush begins to blink.
  161: A silent hush begins to think.
  162: A silent hush upon the brink.
  163: A whispered hush begins to link.
  164: A silent hush begins to think.
  165: A quiet hush begins to link.
  166: A silent hush begins to stink.
  167: A silent hush begins to link.
  168: A silent hush upon the brink.
  169: A silent hush begins to think.
  170: A whispered sigh, the world grows thin.
  171: A quiet hush begins to think.
  172: A silent hush begins to stink.
  173: A silent hush upon the brink.
  174: A silent hush begins to think.
  175: A silent hush upon the brink.
  176: A silent hush begins to blink.
  177: A quiet hush begins to link.
  178: A silent hush begins to stink.
  179: A quiet hush begins to think.
  180: A silent hush upon the brink.
  181: A quiet hush begins to blink.
  182: A silent hush upon the brink.
  183: A quiet hush begins to think.
  184: A whispered hush begins to think.
  185: A silent hush upon the brink.
  186: A silent hush begins to think.
  187: A silent hush upon the brink.
  188: A silent hush begins to stink.
  189: A silent hush upon the wind.
  190: A silent hush upon the brink.
  191: A silent hush upon the brink.
  192: A silent hush begins to think.
  193: A silent hush upon the brink.
  194: A silent hush begins to blink.
  195: A silent hush upon the brink.
  196: A silent hush begins to think.
  197: A silent hush upon the brink.
  198: A silent hush upon the brink.
  199: A quiet hush begins to think.
  200: A silent hush upon the brink.

FIRST LINE: The clouds are gray, the raindrops spill,
  001: A whispered tune the winds still fill.
  002: A whispered hush beneath the will.
  003: A whispered tune the wind will tell.
  004: A whispered tune the wind will still.
  005: A whispered song the sky does fill.
  006: A silent hush falls still and chill.
  007: A whispered hush upon the hill.
  008: A whispered tune the wind will fill.
  009: A whispered song the sky still tells.
  010: A whispered hush begins to fill.
  011: A whispered song the wind will still.
  012: A whispered sigh beneath the hill.
  013: A whispered hush begins to still.
  014: A whispered sigh, the world grows still.
  015: A whispered tune the wind will thrill.
  016: A whispered tune the wind will still.
  017: A whispered tune the wind still fills.
  018: A whispered hush begins to still.
  019: A whispered tune the wind will chill.
  020: A silent hush upon the hill.
  021: A whispered tune the wind will fill.
  022: A whispered tune the winds will fill.
  023: A whispered song the skies still thrill.
  024: A whispered tune the wind will fill.
  025: A whispered hush falls still and chill.
  026: A whispered hush falls still and chill.
  027: A whispered song the wind does still.
  028: A whispered hush falls still and chill.
  029: A whispered tune the wind will still.
  030: A whispered sigh the wind will fill.
  031: A whispered tune the wind will still.
  032: A whispered tune the wind will thrill.
  033: A whispered tune the wind still fills.
  034: A whispered sigh, the world turns still.
  035: A whispered tune the wind does fill.
  036: A whispered sigh beneath the hill.
  037: A whispered hush falls still and chill.
  038: A whispered hush begins to still.
  039: A whispered tune the wind will fill.
  040: A whispered tune the wind will still.
  041: A whispered tune the wind will fill.
  042: A whispered song the sky still tells.
  043: A whispered tune the wind will still.
  044: A whispered sigh, the world feels still.
  045: A whispered tune the wind does thrill.
  046: A whispered song the sky still tells.
  047: A whispered hush begins to still.
  048: A whispered tune the wind will thrill.
  049: A whispered tune the wind will still.
  050: A whispered sigh the wind will kill.
  051: A whispered sigh the wind will still.
  052: A whispered tune the wind will still.
  053: A whispered sigh beneath the hill.
  054: A whispered song the wind will still.
  055: A whispered song the wind does fill.
  056: A whispered tune the wind will still.
  057: A whispered hush beneath the hill.
  058: A whispered song the sky still tells.
  059: A whispered tune the wind will still.
  060: A whispered hush begins to fill.
  061: A whispered hush falls still and chill.
  062: A whispered tune the wind does fill.
  063: A whispered song the sky still tells.
  064: A whispered tune the wind will still.
  065: A whispered song the wind does chill.
  066: A whispered tune the wind will still.
  067: A whispered song the storm does fill.
  068: A whispered tune the wind does fill.
  069: A whispered tune the wind still tells.
  070: A whispered tune the wind will still.
  071: A whispered tune the wind still fills.
  072: A whispered song the sky still tells.
  073: A whispered tune the wind will still.
  074: A whispered tune the wind will fill.
  075: A whispered tune the wind will fill.
  076: A whispered tune the winds will still.
  077: A whispered tune the wind will still.
  078: A whispered hush descends on hill.
  079: A whispered tune the wind will tell.
  080: A whispered song the wind does thrill.
  081: A whispered hush beneath the hill.
  082: A whispered song the wind will fill.
  083: A whispered sigh beneath the will.
  084: A whispered hush falls still and chill.
  085: A whispered sigh the wind will fill.
  086: A whispered tune the wind will still.
  087: A whispered song the sky still tells.
  088: A whispered tune the wind will still.
  089: A whispered song the sky still tells.
  090: A whispered sigh beneath the hill.
  091: A whispered tune the wind will still.
  092: A whispered tune the wind will still.
  093: A whispered sigh, the world grows still.
  094: A whispered hush begins to still.
  095: A whispered tune the wind still tells.
  096: A whispered tune the wind will still.
  097: A whispered song the wind will still.
  098: A whispered tune the wind will still.
  099: A whispered sigh through nature's will.
  100: A whispered song the winds still thrill.
  101: A whispered tune the wind will still.
  102: A whispered tune the wind will fill.
  103: A whispered hush beneath the hill.
  104: A whispered tune the wind will still.
  105: A whispered sigh, a quiet chill.
  106: A silent hush begins to fill.
  107: A whispered tune the wind will still.
  108: A whispered song the sky still tells.
  109: A whispered tune the wind will tell.
  110: A whispered tune the wind will still.
  111: A whispered sigh beneath the will.
  112: A whispered tune the wind does fill.
  113: A whispered tune the wind will still.
  114: A whispered hush begins to fill.
  115: A whispered tune the wind will fill.
  116: A whispered song the wind will still.
  117: A whispered song the sky still tells.
  118: A whispered tune the wind still fills.
  119: A whispered tune the wind will fill.
  120: A whispered tune the wind will still.
  121: A whispered tune the wind will fill.
  122: A whispered sigh beneath the hill.
  123: A whispered song the wind still tells.
  124: A whispered hush beneath the hill.
  125: A whispered hush begins to still.
  126: A whispered hush descends on the hill.
  127: A whispered sigh the wind will still.
  128: A whispered tune the wind does fill.
  129: A whispered hush falls still and chill.
  130: A whispered song the sky still tells.
  131: A whispered song the sky still tells.
  132: A whispered song the sky still tells.
  133: A whispered song the sky still fills.
  134: A whispered tune the wind will still.
  135: A whispered song the sky still tells.
  136: A whispered tune the wind will still.
  137: A whispered tune the wind does fill.
  138: A whispered sigh the wind will fill.
  139: A whispered tune the wind will fill.
  140: A whispered song the wind does fill.
  141: A whispered tune the wind will still.
  142: A whispered tune the winds will fill.
  143: A whispered sigh, the world turns still.
  144: A whispered song the sky still tells.
  145: A whispered tune the wind does fill.
  146: A whispered tune the winds will still.
  147: A whispered tune the wind will chill.
  148: A whispered tune the wind will tell.
  149: A whispered tune the wind will still.
  150: A whispered song the sky still tells.
  151: A whispered tune the wind will fill.
  152: A whispered tune the wind does fill.
  153: A whispered song the storm does still.
  154: A whispered tune the wind still tells.
  155: A whispered sigh beneath the hill.
  156: A whispered song the winds still fill.
  157: A whispered tune the wind will fill.
  158: A whispered sigh the wind will fill.
  159: A silent hush falls on the hill.
  160: A whispered hush falls still and chill.
  161: A whispered song the wind still tells.
  162: A whispered sigh, the world turns still.
  163: A whispered sigh the wind still fills.
  164: A whispered tune the wind will fill.
  165: A whispered sigh beneath the hill.
  166: A whispered sigh beneath the hill.
  167: A whispered song the sky still tells.
  168: A whispered tune the wind still fills.
  169: A whispered hush falls still and chill.
  170: A whispered tune the wind will still.
  171: A whispered hush falls still and chill.
  172: A whispered tune the wind will still.
  173: A whispered tune the winds still thrill.
  174: A whispered tune the winds still thrill.
  175: A whispered sigh the winds distill.
  176: A whispered hush begins to still.
  177: A whispered sigh, the world turns still.
  178: A whispered tune the wind does fill.
  179: A whispered tune the wind still fills.
  180: A whispered sigh through the forest hill.
  181: A whispered song the sky still tells.
  182: A whispered tune the wind will still.
  183: A whispered hush falls still and chill.
  184: A whispered song the sky does fill.
  185: A whispered tune the wind still chills.
  186: A whispered sigh, the world turns still.
  187: A whispered tune the wind will still.
  188: A whispered tune the wind will still.
  189: A whispered tune the wind will fill.
  190: A whispered hush falls still and chill.
  191: A whispered tune the winds still fill.
  192: A whispered sigh, the world turns still.
  193: A whispered tune the wind will still.
  194: A whispered sigh the wind does fill.
  195: A whispered sigh beneath the will.
  196: A whispered tune the wind still keeps.
  197: A whispered tune the wind does fill.
  198: A whispered tune the winds distill.
  199: A whispered hush upon the hill.
  200: A whispered hush, the world turns still.

