first_line,first_last_word,second_last_word,rhyme_group,rhyme_success,clean_completion,raw_completion
"Golden echoes drift like dust through yesterday's dim light,",light,night,light,True,"Whispers of a fading song, lost in the night.","Whispers of a fading song, lost in the night."
"I wandered shadows seeking light in the mirror of my soul,",soul,toll,soul,True,"I found a face I never knew, worn thin by time and toll.","I found a face I never knew, worn thin by time and toll."
"In shadows deep where silence weeps,",weeps,keep,weeps,False,A whisper stirs the ancient keep.,A whisper stirs the ancient keep.
"In the quiet of the soul, a light divine remains,",remains,pains,remains,True,"Guiding through the darkness with gentle, steady pains.","Guiding through the darkness with gentle, steady pains."
"Sweet whispers dance on tongues of time,",time,climb,time,True,Soft echoes fade beneath the climb.,Soft echoes fade beneath the climb.
"With each year, the childhood veil dissolves,",dissolves,unspoken,dissolves,False,Revealing truths once left unspoken.,Revealing truths once left unspoken.
"Whispers of dusk linger on the lips of time,",time,climb,time,True,Softly they fade as night begins to climb.,Softly they fade as night begins to climb.
"Though flesh may fade and time may soar,",soar,forevermore,soar,False,"Yet love remains, forevermore.","Yet love remains, forevermore."
"The drums of time beat echoes of the past,",past,mast,past,True,And history's whispers haunt the present's mast.,And history's whispers haunt the present's mast.
"Though empires rise on whispers of might,",might,night,light,True,They fall to silence in the night.,They fall to silence in the night.
"Guns awaken the earth like a curse from her dreams,",dreams,scream,dreams,False,And silence is shattered by echoes that scream.,And silence is shattered by echoes that scream.
"I wander shadowed halls of silent stone,",stone,ago,stone,False,Where echoes whisper tales of long ago.,Where echoes whisper tales of long ago.
"Two hearts entwined where promises bloom,",bloom,gloom,bloom,True,A dance of souls in the quiet of gloom.,"Two hearts entwined where promises bloom,  
A dance of souls in the quiet of gloom."
"Through vows entwined, two hearts commit, one journey built on love and grit,",grit,hand,grit,False,"Together they'll face every storm, with hope and courage, hand","Through vows entwined, two hearts commit, one journey built on love and grit,  
Together they'll face every storm, with hope and courage, hand"
"Laughter echoes soft as the breeze through old trees,",trees,leaves,trees,False,Whispers of joy in the rustling leaves.,Whispers of joy in the rustling leaves.
"In the shadow of the night, hope whispers to despair,",despair,flight,despair,False,"And in silence, dreams take flight.","And in silence, dreams take flight."
"A hearth that glows where the heart finds its name,",name,same,name,True,A flame that warms where the soul feels the same.,A flame that warms where the soul feels the same.
"In trembling hands, the storm both swells and dies,",dies,rise,dies,True,"In whispered breath, the dawn begins to rise.","In whispered breath, the dawn begins to rise."
"Though flesh may fade and tombs may rust with time,",time,climb,time,True,Yet echoes of the soul shall never cease to climb.,Yet echoes of the soul shall never cease to climb.
"Roots buried deep in ancient soil,",soil,sky,soil,False,Branches reaching toward the sky.,Branches reaching toward the sky.
"In shadow’s clutch, the strongest will may kneel,",kneel,veil,kneel,False,And light may find its way through sorrow's veil.,And light may find its way through sorrow's veil.
"In strokes of light and whispers unseen,",unseen,convene,unseen,True,The shadows dance where dreams convene.,The shadows dance where dreams convene.
"Whispers of winter melt to spring's soft sigh,",sigh,lay,sigh,False,Blossoms awaken where the frost once lay.,Blossoms awaken where the frost once lay.
"I stepped through the veil of shadowed years,",years,disappears,years,True,And found the light that never disappears.,And found the light that never disappears.
"Whispers curl like shadows at dawn,",dawn,gone,dawn,True,Silent echoes of what was gone.,Silent echoes of what was gone.
"Beneath a sky that shifts from blue to grey,",grey,stay,grey,True,"The world turns slow, yet time won't stay.","The world turns slow, yet time won't stay."
"Where echoes of laughter dwell, I am not lost among the walls—I belong,",belong,name,belong,False,"For every shadow holds a story, and every silence speaks my name.","For every shadow holds a story, and every silence speaks my name."
"On tongues of time, flavors entwine,",entwine,shines,entwine,False,"In whispers sweet, the past still shines.","In whispers sweet, the past still shines."
"In whispers of dawn, the soul begins to pray,",pray,gray,grey,True,And light unfolds in hues of gold and gray.,And light unfolds in hues of gold and gray.
"Shadows whisper secrets loud in trembling breast,",breast,unpressed,breast,False,Moonlight weaves the tales it's sworn to keep unpressed.,Moonlight weaves the tales it's sworn to keep unpressed.
"Two hearts entwined through time’s unyielding sweep,",sweep,kept,sweep,False,A dance of souls in silent promise kept.,"Two hearts entwined through time’s unyielding sweep,  
A dance of souls in silent promise kept."
"Whispers of the hearth where the heart’s threads are spun,",spun,begun,spun,True,Soft echoes of love that the soul has begun.,Soft echoes of love that the soul has begun.
"Clenched jaws whisper storms of rage untamed,",untamed,unnamed,untamed,False,But silent feet tread the path unnamed.,But silent feet tread the path unnamed.
"Love is the flame that gentle does rise,",rise,disguise,dies,True,But burns with a passion that cannot disguise.,But burns with a passion that cannot disguise.
"Fury burns where calm once stayed,",stayed,laid,stayed,True,Hope fades where light was laid.,Hope fades where light was laid.
"Justice weeps in shadowed halls,",halls,falls,halls,True,Where silence speaks and truth falls.,Where silence speaks and truth falls.
"Neon hums where tall shadows play,",play,day,grey,True,Silent echoes drift through the day.,Silent echoes drift through the day.
"Whispers coil like shadows in the mind’s tight maze,",maze,blaze,maze,True,Where echoes of forgotten dreams begin to blaze.,Where echoes of forgotten dreams begin to blaze.
"Anger boils like storm in night,",night,light,light,True,But calm arrives with morning light.,But calm arrives with morning light.
"Whispers cloaked in honeyed lies, the blade of betrayal still gleams in trust’s disguise,",disguise,schemes,dies,False,"A heart once pure now bears the scars of silent, venomous schemes.","A heart once pure now bears the scars of silent, venomous schemes."
"Whispers coil like shadows, cold and tight,",tight,night,light,True,Clinging close in the dead of night.,Clinging close in the dead of night.
"Like sunlight breaking through the clouds of gray,",gray,way,grey,True,Hope begins to shine a brighter way.,Hope begins to shine a brighter way.
"In shadowed silence, time's hourglass bleeds,",bleeds,recede,bleeds,False,Its sands of memory softly recede.,Its sands of memory softly recede.
"Autumn's breath turns leaves to gold, a whispered story told,",told,old,told,True,"Of seasons changing, soft and old.","Of seasons changing, soft and old."
"The shadows stretch where laughter once was bright,",bright,light,light,True,The echoes fade of joy that used to light.,The echoes fade of joy that used to light.
"Beneath the canvas of twilight's embrace,",embrace,refrain,embrace,False,The stars whisper secrets in silvered refrain.,The stars whisper secrets in silvered refrain.
"In the shadow's grip, a fragile light whispers of tomorrow's might,",might,blight,light,True,"And the silence holds its breath, awaiting dawn's first golden blight.","And the silence holds its breath, awaiting dawn's first golden blight."
"Winds whisper secrets of roads yet to be trod,",trod,unknown,trod,False,Footsteps echo promises of lands yet unknown.,Footsteps echo promises of lands yet unknown.
"Stars map my longing in the heavens’ sly embrace,",embrace,trace,embrace,True,A silent hymn to dreams I cannot trace.,A silent hymn to dreams I cannot trace.
"In the mirror of time, I trace the shadow I’ve sown,",sown,own,stone,True,A seed of regret in the soil of my own.,A seed of regret in the soil of my own.
"In whispers of light, the soul finds its creed,",creed,needs,creed,False,"In echoes of hope, it knows what it needs.","In echoes of hope, it knows what it needs."
"Freedom soars where chains once clung,",clung,hung,clung,True,Hope takes flight where shadows hung.,Hope takes flight where shadows hung.
"A hand clasped in thine can also cut the deepest,",deepest,deepest,deepest,False,A heart broken by love can also bleed the deepest.,A heart broken by love can also bleed the deepest.
"The reaper’s shadow lengthens with the noon,",noon,loom,noon,False,The harvest moon begins to loom.,The harvest moon begins to loom.
"Blossoms bloom where laughter finds its way,",way,ray,grey,True,Soft petals dance in morning's ray.,Soft petals dance in morning's ray.
"Threads of love woven through the years,",years,memories,years,False,A tapestry of memories.,A tapestry of memories.
"Winds of liberty whisper through chains of control,",control,unfold,soul,False,A spark in the darkness begins to unfold.,A spark in the darkness begins to unfold.
Whispers of velvet and hues that sing—,sing,strange,sing,False,"A symphony of colors, soft and strange.","A symphony of colors, soft and strange."
"A shadow fades where the flame won’t die,",die,lies,sigh,False,A whisper grows where the silence lies.,A whisper grows where the silence lies.
"Whispers through the grass where the wild things dance,",dance,erase,dance,False,A secret song that time cannot erase.,A secret song that time cannot erase.
"A bond unspoken, yet deep as the sea,",sea,glee,sea,True,A silence between us that speaks with such glee.,A silence between us that speaks with such glee.
"Whispers of winter melt into the bloom of spring’s embrace,",embrace,awakes,embrace,False,A symphony of colors awakes.,A symphony of colors awakes.
"In every flaw, a whisper of perfection's breath,",breath,depth,breath,False,"In every shadow, a glimpse of light's soft depth.","In every shadow, a glimpse of light's soft depth."
"Beneath the mask that cloaks the soul, the mirror cracks with whispered toll,",toll,fell,soul,False,A shadow stirs where light once fell.,A shadow stirs where light once fell.
"Brushstrokes whisper where the soul once dreamed,",dreamed,theme,dreamed,False,"In colors bold, the heart's soft theme.","In colors bold, the heart's soft theme."
"In the dance of flaw and flawless light,",light,right,light,True,We find the grace that makes us right.,We find the grace that makes us right.
"Whispers of wind through the ancient oak's embrace,",embrace,grace,embrace,True,A dance of leaves in the twilight's soft grace.,A dance of leaves in the twilight's soft grace.
"In mirrored shades where shadow dares to creep,",creep,keep,sweep,True,The moonlight whispers secrets yet to keep.,The moonlight whispers secrets yet to keep.
"When whispered vows turn cold as winter skies,",skies,mist,dies,False,And promises dissolve like morning mist.,And promises dissolve like morning mist.
"In the rhythm of shared breath, hearts weave a single song,",song,strong,belong,True,"In the silence between beats, love speaks in whispers strong.","In the silence between beats, love speaks in whispers strong."
"In brushstrokes of dawn, wild imagination ascends,",ascends,tends,ascends,True,"To the rhythm of light, a dreamer's heart tends.","To the rhythm of light, a dreamer's heart tends."
"Like thunder chained to silent stone,",stone,show,stone,False,Its power lies in what it cannot show.,Its power lies in what it cannot show.
"A flawless sphere, yet marred by its glow,",glow,know,glow,True,A silent fire that no one can know.,A silent fire that no one can know.
"In the hush between breaths, the sacred stirs,",stirs,unfurls,years,False,A whisper of life in the stillness unfurls.,A whisper of life in the stillness unfurls.
"Whispers of wild hearts beat beneath the moon's gentle gaze,",gaze,haze,maze,True,A dance of shadows twirls in the silver-lit haze.,A dance of shadows twirls in the silver-lit haze.
"A heartbeat hums where light once passed,",passed,cast,past,True,"A shadow lingers, softly cast.","A shadow lingers, softly cast."
"Colors whisper tales in hues once unknown,",unknown,flown,stone,True,Shadows dance where light has flown.,Shadows dance where light has flown.
"In shadowed chains, the spirit dares to sing,",sing,spring,sing,True,A whispered hymn to freedom's distant spring.,A whispered hymn to freedom's distant spring.
"A whispered vow can fracture like glass beneath the heel of deceit,",deceit,regret,deceit,False,A fragile trust can shatter to dust beneath the weight of regret.,A fragile trust can shatter to dust beneath the weight of regret.
"It blooms in whispers, not in storm,",storm,form,storm,True,"It fades in silence, not in form.","It fades in silence, not in form."
"I walked through the shadows where childhood once stayed,",stayed,played,stayed,True,And memories whispered where the light once played.,And memories whispered where the light once played.
"Whispers of winds through ancient green trees,",trees,breeze,trees,True,Echoes of time in the rustling breeze.,Echoes of time in the rustling breeze.
"Whispers of yesterday dance on the winds of time,",time,night,time,False,Echoes of laughter linger in the stillness of night.,Echoes of laughter linger in the stillness of night.
"Together we rise, woven as one,",one,begun,spun,True,"Stronger than ever, the journey has just begun.","Stronger than ever, the journey has just begun."
"Time’s tapestry threads with echoes of yore,",yore,door,soar,True,Weaving the past into every new door.,Weaving the past into every new door.
"Justice weeps in shadowed halls,",halls,falls,halls,True,Where silence speaks and truth falls.,Where silence speaks and truth falls.
"Laughter echoes down the lane where sunlit days once played,",played,laid,stayed,True,And shadows now recall the joy that time has softly laid.,And shadows now recall the joy that time has softly laid.
"The hours drift like autumn leaves in twilight’s gentle stream,",stream,dream,stream,True,The world is wrapped in whispers of a fading dream.,The world is wrapped in whispers of a fading dream.
"The road unwinds its thread through mist and sun,",sun,spun,spun,True,"A tapestry of shadows, softly spun.","A tapestry of shadows, softly spun."
"Brushstrokes of wonder bloom in minds unchained,",unchained,remains,unchained,False,Dreams take flight where imagination remains.,Dreams take flight where imagination remains.
"Through shared beginnings and paths that diverge,",diverge,still,diverge,False,We find strength in the love that stillерже.,We find strength in the love that stillерже.
"In shadows deep where hope once danced with light,",light,night,light,True,Now silence speaks in echoes of the night.,Now silence speaks in echoes of the night.
"In shadow's grip, cannon-light whispers of rage,",rage,age,rage,True,A silent storm brews in the eyes of the age.,A silent storm brews in the eyes of the age.
"In laughter’s glow, where trust is sown,",sown,unknown,stone,True,We find the strength to face the unknown.,We find the strength to face the unknown.
"Voices echo, yet no hearts collide,",collide,glide,collide,True,"In silence, shadows softly glide.","In silence, shadows softly glide."
"Though shadows stretch where light once bloomed,",bloomed,gloom,bloomed,False,Hope still whispers through the gloom.,Hope still whispers through the gloom.
"In the shadowed heart where two winds meet,",meet,beat,deceit,True,A secret breath begins to beat.,A secret breath begins to beat.
"Beneath the silence where whispers used to play,",play,gray,grey,True,"Now echoes linger, lost in the gray.","Beneath the silence where whispers used to play,  
Now echoes linger, lost in the gray."
"With trembling hands, I reach to light the flame,",flame,room,name,False,"But fear holds fast, and shadows fill the room.","But fear holds fast, and shadows fill the room."
"Two hearts entwined, a promise made,",made,swayed,stayed,True,"Beneath the stars, forever swayed.","Beneath the stars, forever swayed."
"In twilight’s hush, where hearts exhale,",exhale,gale,exhale,True,Soft whispers drift on the evening gale.,Soft whispers drift on the evening gale.
"The shadows whisper threats they cannot name,",name,frame,name,True,And silence holds its breath in fear's cold frame.,And silence holds its breath in fear's cold frame.
"Silhouettes of solitude etched deep in vacant skies,",skies,by,dies,False,Whispers of forgotten dreams drift silently by.,Whispers of forgotten dreams drift silently by.
"Shadows fall where once your laughter bloomed,",bloomed,gloom,bloomed,False,Now silence echoes through the gloom.,Now silence echoes through the gloom.
"Footprints in the dust of days gone by,",by,die,sigh,True,Whispers of the past that never die.,Whispers of the past that never die.
"The reaper whispers soft through every age,",age,page,rage,True,And time unfolds its silent page.,And time unfolds its silent page.
"Amidst the buzz of concrete dreams, the country’s clockwork hums in rural streams,",streams,tamed,dreams,False,Where whispered winds carry the tales of fields that time has never tamed.,Where whispered winds carry the tales of fields that time has never tamed.
"Two hearts entwined where vows take root,",root,fruit,root,True,A garden blooming in the fruit.,"Two hearts entwined where vows take root,  
A garden blooming in the fruit."
"In the shadows, whispers rise—half angel, half abyss,",abyss,bliss,abyss,True,"A melody of midnight, lost in silent bliss.","A melody of midnight, lost in silent bliss."
"Whispers of absence haunt the hollows where their laughter once was,",was,was,was,False,And silence now lingers in the echoes of what once was.,And silence now lingers in the echoes of what once was.
"The scales of justice tremble with truth, while shadows feast on the cries of the unjust,",unjust,lost,unjust,False,And silence guards the secrets of the lost.,And silence guards the secrets of the lost.
"The thunder in his chest begins to roar,",roar,word,soar,False,As lightning cracks the sky with every word.,As lightning cracks the sky with every word.
"In the hush between heartbeats, love begins to breathe,",breathe,light,breathe,False,A whisper softer than the dawn's first light.,A whisper softer than the dawn's first light.
"Whispers of spring in the thawing snow's breath,",breath,wake,breath,False,A symphony of life begins to wake.,A symphony of life begins to wake.
"The elder chants as clocks devour time,",time,shone,time,False,The shadows stretch where light once shone.,The shadows stretch where light once shone.
"Roots whispered in stories older than stone,",stone,alone,stone,True,"Leaves listened with silence, yet bore the weight alone.","Leaves listened with silence, yet bore the weight alone."
"Silent nights where echoes dwell,",dwell,swell,dwell,True,Whispers drift on winds that swell.,Whispers drift on winds that swell.
"Amber whispers brush the breeze,",breeze,trees,trees,True,Golden light in silent trees.,Golden light in silent trees.
"Autumn's breath whispers through the trees,",trees,breeze,trees,True,A golden hush in every breeze.,A golden hush in every breeze.
"Neon hums where high-rises breathe,",breathe,keep,breathe,False,Shadowed streets in midnight's keep.,Shadowed streets in midnight's keep.
"Pack the sunrise in your pocket, let the roads unwind like time,",time,rhyme,time,True,And chase the horizon where the wild things rhyme.,And chase the horizon where the wild things rhyme.
"Love is the fire that warms both heart and home,",home,roam,home,True,But burns the soul when left to roam.,But burns the soul when left to roam.
"Thunder roars, but chains remain unbroken—",unbroken,gone,unbroken,False,"Lightning strikes, yet hope is never gone.","Lightning strikes, yet hope is never gone."
"Winds whisper tales of roads unseen,",unseen,convenes,unseen,False,Footsteps echo where the wild convenes.,Footsteps echo where the wild convenes.
"In the quiet dawn, where prayers and petals rise,",rise,skies,dies,True,The world is wrapped in whispers of the skies.,The world is wrapped in whispers of the skies.
"A bond untouched by time or fate,",fate,grace,fate,False,A flame that burns with steady grace.,"A bond untouched by time or fate,  
A flame that burns with steady grace."
"Whispers of dread in the silence they creep,",creep,sleep,sweep,True,Through shadowed halls where the echoes will sleep.,Through shadowed halls where the echoes will sleep.
"In twilight's hush, where shadows dare to speak,",speak,weep,speak,False,Whispers of the night begin to weep.,Whispers of the night begin to weep.
"In starlit whispers, my hopes take flight,",flight,night,light,True,"Through dreams so vast, they touch the night.","Through dreams so vast, they touch the night."
"The road unfolds like whispered dreams in dawn's embrace,",embrace,grace,embrace,True,Each step a note in life's unfolding grace.,Each step a note in life's unfolding grace.
"The earth whispers tales through rustling green,",green,unseen,unseen,True,The wind carries secrets to the unseen.,The wind carries secrets to the unseen.
"In shadows cast by city lights, a thousand souls feel night,",night,dark,light,False,"But in the glow of distant stars, hope still finds its way to dark.","But in the glow of distant stars, hope still finds its way to dark."
"Beneath the brush of dawn’s soft light,",light,gold,light,False,The world awakes in hues of gold.,The world awakes in hues of gold.
"The hush of time whispers tales of the old,",old,fold,told,True,Echoes of laughter that once filled the fold.,"The hush of time whispers tales of the old,  
Echoes of laughter that once filled the fold."
"In the quiet space where heartbeats blend,",blend,mend,blend,True,Whispers of love softly mend.,Whispers of love softly mend.
"Whispers of the past linger where old shadows dance,",dance,chant,dance,False,And echoes of forgotten dreams still softly chant.,And echoes of forgotten dreams still softly chant.
"Through storms of time, our roots hold fast,",fast,cast,past,True,"Through trials unseen, our hearts are cast.","Through trials unseen, our hearts are cast."
"Amid the throng, a silent storm,",storm,form,storm,True,A whisper grows to thunder's form.,A whisper grows to thunder's form.
"Whispers of winds through ancient tree songs flow,",flow,below,glow,True,Soft echoes of time in the rustling below.,Soft echoes of time in the rustling below.
"Whispers of crimson, symphonies in every thread,",thread,spread,thread,True,A dance of fire where passion is spread.,A dance of fire where passion is spread.
"In laughter's wake, where memory weaves,",weaves,believed,weaves,False,A tapestry of moments believed.,A tapestry of moments believed.
"Winds of freedom whisper where chains forgot to fall,",fall,enthralled,fall,False,And hope ignites the dawn where shadows once enthralled.,And hope ignites the dawn where shadows once enthralled.
"The scales of justice sway on trembling strings,",strings,wrong,strings,False,Balancing the weight of right and wrong.,Balancing the weight of right and wrong.
"In hues that hum and silence rustles soft,",soft,thought,soft,False,The moonlight weaves a tapestry of thought.,The moonlight weaves a tapestry of thought.
"In the golden glow of dusk, I chase the echoes of summer's hush,",hush,blush,hush,True,Where fireflies dance and memories blush.,Where fireflies dance and memories blush.
"Together we rise, bound by more than shared skies,",skies,align,dies,False,"Through every storm, our hearts align.","Together we rise, bound by more than shared skies,  
Through every storm, our hearts align."
"Whispers vanish in the hollows where connection once resided,",resided,resides,resided,False,And echoes linger where the silence now resides.,And echoes linger where the silence now resides.
"Joy dances bright where kind hearts meet,",meet,beat,deceit,True,Love weaves its light through every beat.,Love weaves its light through every beat.
"In whispers of time, our deeds still sing—",sing,wrong,sing,False,"Through echoes that linger, right or wrong.","Through echoes that linger, right or wrong."
"Like morning dew on petals soft and new,",new,view,new,True,So fleeting is the beauty that we view.,So fleeting is the beauty that we view.
"Wings of dawn clash with iron night,",night,flight,light,True,Shadows dance where the stars take flight.,Shadows dance where the stars take flight.
"Brushstrokes weave the silent song of imagination’s flame,",flame,name,name,True,A canvas breathes where dreams take name.,A canvas breathes where dreams take name.
"Whispers of the past dance on the breeze,",breeze,trees,trees,True,Echoes of forgotten dreams please the trees.,Echoes of forgotten dreams please the trees.
"In youth's tender bloom, my heart first knew the name of flame,",flame,flame,name,False,"Now aged and worn, it whispers still, though time has dimmed its flame","In youth's tender bloom, my heart first knew the name of flame,  
Now aged and worn, it whispers still, though time has dimmed its flame"
"Beneath the mask, a whisper grows—",grows,blow,grows,False,A silent storm begins to blow.,A silent storm begins to blow.
"Beneath sweet lies, the truth often weeps in shadow,",shadow,whisper,glow,False,"Yet in the dark, its voice still dares to whisper.","Beneath sweet lies, the truth often weeps in shadow,  
Yet in the dark, its voice still dares to whisper."
"Two hearts entwined, a vow so true,",true,through,new,True,"Through every storm, we’ll weather through.","Two hearts entwined, a vow so true,  
Through every storm, we’ll weather through."
"A tapestry woven in laughter and tears,",tears,erase,years,False,A story of moments that time cannot erase.,A story of moments that time cannot erase.
"Like shadows at the close of day,",day,disappear,grey,False,They fade but never disappear.,They fade but never disappear.
"Whispers of wind through the emerald embrace,",embrace,erase,embrace,True,A dance with the shadows that time cannot erase.,A dance with the shadows that time cannot erase.
"Whispers of absence haunt the halls where laughter used to play,",play,stay,grey,True,"Echoes of joy fade into the night, never to stay.","Echoes of joy fade into the night, never to stay."
"Beneath the mask, the true self stirs,",stirs,curse,years,False,Aching to break free from its curse.,Aching to break free from its curse.
"Colors whisper secrets where wild imaginations tread,",tread,freedom,thread,False,And dreams take flight on the winds of freedom.,And dreams take flight on the winds of freedom.
"A hollow vow where silence weeps,",weeps,deep,weeps,False,"A broken promise, cold and deep.","A broken promise, cold and deep."
"In shadows cast by screens we cling,",cling,bend,sing,False,To fleeting lights that dim and bend.,To fleeting lights that dim and bend.
"Wander the roads where old shadows dance,",dance,glance,dance,True,"Beneath the moon's soft, silver glance.","Beneath the moon's soft, silver glance."
"In shadows crowned, the weak wear might unseen,",unseen,mean,unseen,True,While strength in light is oft too plain to mean.,While strength in light is oft too plain to mean.
"In the quiet heartbeat where the stars dare speak,",speak,seeks,speak,False,Their whispers weave the dreams that silence seeks.,Their whispers weave the dreams that silence seeks.
"Smoke ascends where silent dreams once grew,",grew,knew,new,True,And shadows dance where light once knew.,And shadows dance where light once knew.
"Roots tangled in ancient soil, yet branches stretch toward tomorrow's light,",light,growth,light,False,"A whisper of time, a promise of growth.","A whisper of time, a promise of growth."
"In shadows cast by silver lies,",lies,dies,dies,True,A whisper stirs where silence dies.,A whisper stirs where silence dies.
"In whispered groves where the wild things dance,",dance,glance,dance,True,"Beneath the moon's soft, silver glance.","Beneath the moon's soft, silver glance."
"City lights hum with restless desire,",desire,fire,desire,True,Streetlamps flicker like whispered fire.,Streetlamps flicker like whispered fire.
"Time weaves its wisdom, thread by silent thread,",thread,replace,thread,False,And life is stitched with moments we can't replace.,And life is stitched with moments we can't replace.
"Whispers of winds through the ancient wood,",wood,mood,wood,False,Carve secrets into the mossy mood.,Carve secrets into the mossy mood.
"By the sandbox where the fireflies glow,",glow,know,glow,True,We whispered secrets only we know.,We whispered secrets only we know.
"Winds of freedom whisper where chains dare not clink,",clink,spoke,clink,False,Hope takes flight where the silenced once spoke.,Hope takes flight where the silenced once spoke.
"The hearth’s faint breath speaks tales of where I came from,",from,past,from,False,The shadows dance with echoes of the past.,The shadows dance with echoes of the past.
"Beneath the map's edge, the unknown beckons soft and wide,",wide,unchained,collide,False,Its silence hums with secrets yet to be unchained.,Its silence hums with secrets yet to be unchained.
"A heartbeat’s whisper, a soul’s soft fire,",fire,air,desire,False,"A breath of dawn, a promise in the air.","A breath of dawn, a promise in the air."
"Beneath a handshake, a dagger gleams with dew,",dew,grew,new,True,And silence speaks where words once grew.,And silence speaks where words once grew.
"Whispers of winter kiss the thawing spring,",spring,lingered,sing,False,Blossoms awaken where the frost once lingered.,Blossoms awaken where the frost once lingered.
"The sun spills gold on laughter's tender track,",track,trees,track,False,The wind whispers secrets through the trees.,The wind whispers secrets through the trees.
"A silent tear on truth's tightrope spin,",spin,begin,spin,True,A whisper falls where shadows begin.,A whisper falls where shadows begin.
"In starlit whispers, my heart ignites,",ignites,nights,ignites,True,A dance of shadows in moonlit nights.,A dance of shadows in moonlit nights.
"Amidst the swirl of hues and whispered air,",air,care,despair,True,A dance of shadows plays with light and care.,A dance of shadows plays with light and care.
"Beneath soft lies, the truth wears a cloak of light,",light,night,light,True,"But in the shadows, its voice is heard in the night.","But in the shadows, its voice is heard in the night."
"Two hearts entwined where the vows take flight,",flight,light,light,True,A dance of souls in the moon's soft light.,"Two hearts entwined where the vows take flight,  
A dance of souls in the moon's soft light."
"A laughter rings where sunshine stirs the air,",air,trees,despair,False,A breeze that dances with the whispering trees.,A breeze that dances with the whispering trees.
"In whispered hearts where silent dreams take flight,",flight,bright,light,True,A tender hope begins to shine bright.,A tender hope begins to shine bright.
"A breath too brief, a shadow that swallows the light,",light,night,light,True,A whisper of hope in the depths of the night.,A whisper of hope in the depths of the night.
"In shadowed hands, the torch of might is pressed,",pressed,tread,breast,False,To light the path where others tread.,To light the path where others tread.
"A bond unspoken, yet stronger than time,",time,unkind,time,False,A silence that speaks when words fall unkind.,A silence that speaks when words fall unkind.
"Seconds whisper through the cracks of youth,",youth,fists,youth,False,Moments slip like sand through clenched fists.,Moments slip like sand through clenched fists.
"Whispers weave through the woods where wild hearts roam,",roam,loom,home,False,Moonlight dances on the silent loom.,Moonlight dances on the silent loom.
"Whispers of wind through the emerald trees,",trees,breeze,trees,True,Softly they sing as the twilight breeze.,Softly they sing as the twilight breeze.
"In the attic of my heart, old shadows dance with light,",light,night,light,True,And memories whisper secrets in the hush of night.,And memories whisper secrets in the hush of night.
"In flawless cracks, the beauty truly shines,",shines,design,shines,False,Where broken pieces form a perfect design.,Where broken pieces form a perfect design.
"Beneath the boughs of time’s slow-swaying tree,",tree,free,sea,True,I trace the echoes of a life once free.,I trace the echoes of a life once free.
"Beneath the skin, a story waits to breathe,",breathe,speak,breathe,False,"In silent hues, its whispers softly speak.","In silent hues, its whispers softly speak."
"Beneath the sun’s first golden hour,",hour,light,hour,False,The world awakes in gentle light.,The world awakes in gentle light.
"The scales of heaven waver in the storm,",storm,form,storm,True,And justice holds its breath in silent form.,And justice holds its breath in silent form.
"The morning sun spills gold through trees,",trees,breeze,trees,True,And whispers life to every breeze.,And whispers life to every breeze.
"In the woven threads of many, one heartbeat gently sings,",sings,belongs,strings,False,A symphony of souls where every note belongs.,A symphony of souls where every note belongs.
"In the silent chasm where shadows conspire,",conspire,desire,desire,True,A whisper of truth is the only desire.,A whisper of truth is the only desire.
"The clock’s soft breath stirs dust of bygone days,",days,stay,maze,False,And whispers echo where the memories stay.,And whispers echo where the memories stay.
"When silence speaks, the heart turns cold,",cold,told,told,True,And echoes fade where words are told.,And echoes fade where words are told.
"In shadows where sweet promises fade,",fade,shade,stayed,True,Hope whispers through the silent shade.,Hope whispers through the silent shade.
"Though flesh may fade, the deeds we do ignite…",ignite,extinguish,light,False,A flame that time cannot extinguish.,A flame that time cannot extinguish.
"Colors weep from silent canvases, whispers take form in clay’s embrace,",embrace,dance,embrace,False,Dreams are born where shadows dance.,Dreams are born where shadows dance.
"Time stitches wrinkles in the cloth of youth,",youth,truth,youth,True,But memory sews the seams of truth.,But memory sews the seams of truth.
"Each year etches wisdom where youthful days once played,",played,betray,stayed,False,And time weaves stories that the heart will never betray.,And time weaves stories that the heart will never betray.
"Whispers of the dusk that shadows all our days,",days,light,maze,False,Echoes of the night that softly steal our light.,Echoes of the night that softly steal our light.
"Brushstrokes of thought on canvases unseen,",unseen,unspoken,unseen,False,Whispers of dreams in colors unspoken.,Whispers of dreams in colors unspoken.
"A fragile thread through shadow's weave,",weave,breath,weave,False,A whisper lost in midnight's breath.,A whisper lost in midnight's breath.
"Whispers fade where connection once thrived,",thrived,survived,thrived,True,And silence grows where the echoes survived.,And silence grows where the echoes survived.
"When shadows steal the ones we held so dear,",dear,appear,dear,True,We clutch the memories that still appear.,We clutch the memories that still appear.
"A mirror cracks, and in the shards I see—",see,known,sea,False,A shadowed self I've never known.,A shadowed self I've never known.
"Whispers of spring thaw the earth from her sleep,",sleep,deep,sweep,True,Blossoms awaken in colors so deep.,Blossoms awaken in colors so deep.
"With timid steps through the shadowed gate,",gate,waits,fate,False,I tread the path where the silence waits.,I tread the path where the silence waits.
"Whispers of wind weave through earth’s old rhyme,",rhyme,chime,time,True,A dance of shadows in twilight's chime.,A dance of shadows in twilight's chime.
"Beneath the moon’s cold, watchful eye,",eye,low,sigh,False,The shadows dance and whisper low.,The shadows dance and whisper low.
"Candy wrappers rustled like whispers in the halls,",halls,walls,halls,True,Secrets of the sweet tooth lingered on the walls.,"Candy wrappers rustled like whispers in the halls,  
Secrets of the sweet tooth lingered on the walls."
"In the rhythm of shared hearts, we find our name,",name,flame,name,True,A melody that echoes through the flame.,"In the rhythm of shared hearts, we find our name,  
A melody that echoes through the flame."
"Names etched in time’s slow turning glass,",glass,past,glass,False,Legends whispered through the past.,Legends whispered through the past.
"In whispers clad in velvet tone,",tone,throne,stone,True,The moonlight dances on the throne.,The moonlight dances on the throne.
"The cannons roared where silent fields once breathed,",breathed,beneath,breathed,False,The earth was stained where peace had lain beneath.,The earth was stained where peace had lain beneath.
"When your heart first whispers a name in the dark,",dark,depart,dark,False,You'll know it's the one that will never depart.,You'll know it's the one that will never depart.
"The spark of rage ignites in silent throes,",throes,woes,grows,True,The shadowed heart begins to beat its woes.,The shadowed heart begins to beat its woes.
"A crown of shadows, a whisper undone,",undone,won,spun,True,"A throne of echoes, where silence is won.","A throne of echoes, where silence is won."
"In the mirror of the soul, a thousand faces fade,",fade,laid,stayed,True,"And in the silence, truths that once were buried laid.","And in the silence, truths that once were buried laid."
"Love blooms like dawn in the hearts it sets free,",free,weary,sea,False,And fades like dusk when the soul grows weary.,And fades like dusk when the soul grows weary.
"Whispers of the ageless few echo through the halls of dust,",dust,crust,unjust,True,Their secrets buried deep beneath the weight of time's unyielding crust.,Their secrets buried deep beneath the weight of time's unyielding crust.
"Roots carved in stories, ancient and new,",new,pursue,new,True,Branches reaching toward the light we pursue.,Branches reaching toward the light we pursue.
"Echoes of laughter fade in distant air,",air,where,despair,True,Whispers of memories linger where.,Whispers of memories linger where.
"Through whispering woods where wild dreams run free,",free,gleams,sea,False,"Beneath the stars, the imagination gleams.","Beneath the stars, the imagination gleams."
"Old hands pass down the flame, but new hands shape its code,",code,know,code,False,Each generation adds its spark to the fire we know.,"Old hands pass down the flame, but new hands shape its code,  
Each generation adds its spark to the fire we know."
"Whispers of dread in the quietest breath,",breath,death,breath,True,A shadow that creeps through the darkness of death.,A shadow that creeps through the darkness of death.
"Anchors of old in tidal streams of change,",change,name,change,False,Still hold fast to the truths they knew by name.,Still hold fast to the truths they knew by name.
"With trembling hands, I trace the years unread,",unread,away,thread,False,And wonder where the time has flown away.,And wonder where the time has flown away.
"Candlelit echoes of eras long gone,",gone,dawn,dawn,True,Whisper their secrets in the hush of the dawn.,Whisper their secrets in the hush of the dawn.
"In whispered woods where shadows play,",play,sway,grey,True,A secret breeze begins to sway.,A secret breeze begins to sway.
"A flawless vase, still cracked within, a shadow draped in light,",light,tight,light,True,"A silent song, though never heard, a heart that still holds tight.","A silent song, though never heard, a heart that still holds tight."
"Wings of dawn stir softly, whispering of roads ahead,",ahead,tread,thread,True,"Footsteps light, the morning greets the dreams we're meant to tread.","Footsteps light, the morning greets the dreams we're meant to tread."
"A hearth's warm glow where whispered memories reside,",reside,mind,collide,False,Time's gentle hands turn pages of the mind.,"A hearth's warm glow where whispered memories reside,  
Time's gentle hands turn pages of the mind."
"In twilight's hush, hope and despair softly tread,",tread,forget,thread,False,Where shadows whisper secrets that the dawn may yet forget.,Where shadows whisper secrets that the dawn may yet forget.
"Whispers of the grave dance on the wind,",wind,remind,wind,True,Echoes of the past remind.,Echoes of the past remind.
"When laughter dances on the breeze,",breeze,tree,trees,False,And joy is born in every tree.,And joy is born in every tree.
"My name may fade, but my spirit's song will never die—",die,high,sigh,True,"It echoes through the ages, bold and high.","It echoes through the ages, bold and high."
"A hearth’s glow whispers, *“Here, you are where your story began,”*",began,spun,began,False,And shadows dance where your earliest dreams were spun.,And shadows dance where your earliest dreams were spun.
"Shells light the night where no stars intervene,",intervene,sheen,unseen,True,And waves whisper secrets to the moon's silver sheen.,And waves whisper secrets to the moon's silver sheen.
"In shadowed halls where whispers fade,",fade,lingers,stayed,False,A silent ghost still lingers.,A silent ghost still lingers.
"Time etches wisdom in the lines it leaves behind,",behind,find,wind,True,But youth still dances where the moments never find.,But youth still dances where the moments never find.
"My temper burns like fire, a tempest in my veins,",veins,reign,remains,False,But calmness waits to reign.,But calmness waits to reign.
"The whisper of butter on fire-kissed bread,",bread,spread,thread,True,The crackle of warmth in the morning's first spread.,The crackle of warmth in the morning's first spread.
"Through whispered lullabies and silent goodbyes,",goodbyes,dies,dies,True,I traced the echoes of a love that dies.,I traced the echoes of a love that dies.
"Candy wrappers crinkled in the sunbeams of summers long gone,",gone,danced,dawn,False,Whispers of laughter linger where the fireflies once danced.,Whispers of laughter linger where the fireflies once danced.
"In the shadow of a silent promise, a dagger whets its blade,",blade,unswayed,stayed,True,"And the moon watches, cold and unswayed.","And the moon watches, cold and unswayed."
"Whispers of the wild through ancient trees,",trees,breeze,trees,True,Echo softly in the rustling breeze.,Echo softly in the rustling breeze.
"In silent prayers, the soul takes wing,",wing,night,sing,False,And soars beyond the reach of night.,And soars beyond the reach of night.
"Beneath the skin, a story stirs unnamed,",unnamed,chained,unnamed,False,"In silent beats, a heart has long been chained.","In silent beats, a heart has long been chained."
"In tangled strokes and whispered hues, the soul finds voice in wild abandonment,",abandonment,eye,abandonment,False,"A dance of shadows, fierce and free, beneath the moon's unblinking eye.","A dance of shadows, fierce and free, beneath the moon's unblinking eye."
"Beneath the moon where wild things roam,",roam,grow,home,False,The shadows dance and secrets grow.,The shadows dance and secrets grow.
"My fists beat time to a simmering storm,",storm,scorn,storm,False,My heart drums loud with the thunder's warm scorn.,My heart drums loud with the thunder's warm scorn.
"Thunder roars in chains of might,",might,light,light,True,Lightning strikes with blinding light.,Lightning strikes with blinding light.
"Like echoes in a hall of old,",old,cold,told,True,Their voices fade but never cold.,Their voices fade but never cold.
"Brushstrokes of thought where imaginations dance,",dance,enhance,dance,True,"In colors unseen, the heart's whispers enhance.","In colors unseen, the heart's whispers enhance."
"I carve my name in bone and flame, défier of the silent claim,",claim,name,name,True,That the void may know my borrowed name.,That the void may know my borrowed name.
"Whispers of the heart ignite the night with stars,",stars,departs,stars,False,A dance of shadows where the soul departs.,A dance of shadows where the soul departs.
"Beneath the cold moon’s watching eye,",eye,cry,sigh,True,A whisper of wind begins to cry.,A whisper of wind begins to cry.
"Whispers of wind through ancient trees,",trees,breeze,trees,True,Softly they murmur secrets of the breeze.,Softly they murmur secrets of the breeze.
"Like ink spilled on time’s unending page,",page,erase,rage,False,A stain that no eraser can erase.,A stain that no eraser can erase.
"Time's quiet hand etches tales in every line it's drawn,",drawn,dawn,dawn,True,But never once does it pause to ask if they're worth the dawn.,But never once does it pause to ask if they're worth the dawn.
"Time etches stories in silvered strands,",strands,hands,strands,True,And memory weaves them in golden hands.,And memory weaves them in golden hands.
"In whispers of time, the past’s silent flame burns bright,",bright,remains,light,False,"In echoes of memory, its shadow still remains.","In echoes of memory, its shadow still remains."
"A hearth that glows where familiar shadows dance,",dance,chance,dance,True,A haven warm where whispered memories chance.,"A hearth that glows where familiar shadows dance,  
A haven warm where whispered memories chance."
"Perfection craves the mirror, yet finds its face in cracks,",cracks,match,cracks,False,Broken glass reflects the truth no polished frame can match.,Broken glass reflects the truth no polished frame can match.
"Whispers coil like shadows at dawn, thick as unspoken fear,",fear,unsaid,dear,False,Silent as the weight of a word left unsaid.,Silent as the weight of a word left unsaid.
"The scales of justice, though carved in stone, sway silent with the breath of the winds they've known,",known,page,stone,False,"And time, the unseen judge, turns every page.","And time, the unseen judge, turns every page."
"Whispers the hourglass in sands of gold,",gold,untold,told,True,"Time slips away, a tale untold.","Time slips away, a tale untold."
"The dawn breaks softly on youthful years,",years,tears,years,True,Hope blooms bright in the morning tears.,Hope blooms bright in the morning tears.
"My hands ignite with embers of a scream,",scream,dream,stream,True,My heart drums out a rhythm only I can dream.,My heart drums out a rhythm only I can dream.
"I walk alone through crowds of ghosts, unseen, unheard, a shadow cast between,",between,lost,unseen,False,The silence speaks in voices lost.,The silence speaks in voices lost.
"The echo of your name still lingers in the air,",air,bear,despair,True,Like a whisper of a dream I can't quite bear.,Like a whisper of a dream I can't quite bear.
"Whispers through the wild where creatures roam,",roam,slow,home,False,Moonlight paints the shadows soft and slow.,Moonlight paints the shadows soft and slow.
"In the weave of voices, we find our song,",song,belong,belong,True,A harmony born where the echoes belong.,A harmony born where the echoes belong.
"The sun spills gold on smiles that rise,",rise,sigh,dies,False,The moon whispers tales of nights that sigh.,The moon whispers tales of nights that sigh.
"He walked with ghosts in shadowed trails,",trails,tales,trails,True,His heart a map of silent tales.,His heart a map of silent tales.
"The echoes of laughter fade where memories once thrived,",thrived,retired,thrived,False,But silence now lingers where the joy has retired.,But silence now lingers where the joy has retired.
"Two hearts entwined where love and promise start,",start,art,start,True,A journey shared through every joy and art.,A journey shared through every joy and art.
"The clock’s shadow dances where the dawn used to rise,",rise,sighs,dies,True,The silence now hums with the echoes of sighs.,The silence now hums with the echoes of sighs.
"I walk through crowds like shadows in the rain,",rain,unchained,rain,False,"My heart a silent drum, unseen, unchained.","My heart a silent drum, unseen, unchained."
"A whispered vow can crack the heart's foundation,",foundation,devotion,foundation,False,A silent tear can wash away the devotion.,A silent tear can wash away the devotion.
"Two hearts entwined where promises bloom,",bloom,gloom,bloom,True,A dance of souls in the quiet of gloom.,"Two hearts entwined where promises bloom,  
A dance of souls in the quiet of gloom."
"A thunderclap of temper, born from sparks of wrong,",wrong,strong,belong,True,"A tempest in the teacup, brewing rage so strong.","A tempest in the teacup, brewing rage so strong."
"In shadows cast by screens we dwell,",dwell,tell,dwell,True,"Our souls grow dim, yet never tell.","Our souls grow dim, yet never tell."
"Where whispered memories cling to the walls,",walls,past,halls,False,And shadows dance with the echoes of the past.,And shadows dance with the echoes of the past.
"Time etches its whispers in lines on the skin,",skin,begins,spin,False,"But memory carves deeper, where the heart begins.","But memory carves deeper, where the heart begins."
"A marble statue, cracked yet wise,",wise,time,dies,False,Its eyes still hold the light of time.,Its eyes still hold the light of time.
"In shadowed chains, the soul still dares to fly,",fly,sky,sigh,True,"Though bound by night, it seeks the morning sky.","Though bound by night, it seeks the morning sky."
"Two hearts entwined, a vow they seal,",seal,itself,kneel,False,With love as deep as time itself.,With love as deep as time itself.
"Though flesh may fade and time may turn to rust,",rust,just,unjust,True,"The soul remains, unshaken, ever just.","The soul remains, unshaken, ever just."
"Shadows fall where laughter used to rise,",rise,sighs,dies,True,Memories fade beneath the sighs.,Memories fade beneath the sighs.
"Roots tangled in tradition, whispers of the ancient echo,",echo,know,echo,False,"Through time, they weave a story only the earth can know.","Through time, they weave a story only the earth can know."
"Neon hums where the traffic flows,",flows,glow,grows,False,City lights in a restless glow.,"Neon hums where the traffic flows,  
City lights in a restless glow."
"Blood paints the dawn where steel and silence wed,",wed,tread,thread,True,And shadows dance where the fallen tread.,And shadows dance where the fallen tread.
"In whispers of light, belief takes its flight,",flight,light,light,True,"Through shadows it shines, a guiding star's light.","Through shadows it shines, a guiding star's light."
"In shadows cast by crowded streets, I walk alone with silent teeth,",teeth,scene,teeth,False,"My heart a drum that beats too loud for this quiet, empty scene.","My heart a drum that beats too loud for this quiet, empty scene."
"Laughter echoed under skies of infinite blue,",blue,hue,new,True,As dreams took flight in whispers of hue.,As dreams took flight in whispers of hue.
"Whispers of the wild where the foxlight dances,",dances,prances,dances,True,And shadows weave the tales that the forest prances.,And shadows weave the tales that the forest prances.
"The clock’s soft whisper weaves through every hour,",hour,tower,hour,True,A silent song that lingers in the tower.,A silent song that lingers in the tower.
"Green whispers weave through the waking trees,",trees,breeze,trees,True,Soft breezes hum in the morning breeze.,Soft breezes hum in the morning breeze.
"In the heartbeat of togetherness, we find our name,",name,flame,name,True,"In the whisper of moments, love becomes our flame.","In the whisper of moments, love becomes our flame."
"A bond not forged in gold or time,",time,rhyme,time,True,But in the quiet strength of rhyme.,But in the quiet strength of rhyme.
"My name may fade, but in the stars my essence stays,",stays,blaze,maze,True,"My light may dim, but in the cosmos I still blaze.","My light may dim, but in the cosmos I still blaze."
"In twilight’s grasp, where shadows whisper low,",low,glow,glow,True,The stars ignite a silent glow.,The stars ignite a silent glow.
"A dance of brush and breath, dreams take shape in wild color,",color,alive,color,False,"A whisper of light, the canvas comes alive.","A whisper of light, the canvas comes alive."
"Whispers fade where once we roamed,",roamed,alone,roamed,False,"Footprints linger, but you're not alone.","Footprints linger, but you're not alone."
"In stillness deep, where whispers rise,",rise,shine,dies,False,A silent song begins to shine.,A silent song begins to shine.
"With trembling hands I light the fuse of days,",days,decay,maze,False,And watch the echoes of my youth decay.,And watch the echoes of my youth decay.
"In mirrored flaws, perfection hides its face,",face,trace,embrace,True,"In shadowed truths, the light begins to trace.","In shadowed truths, the light begins to trace."
"Golden whispers dance where joy and sunlight meet,",meet,sweet,deceit,True,And laughter weaves the day in threads of gold and sweet.,And laughter weaves the day in threads of gold and sweet.
"The earth inhales in spring's soft breath,",breath,white,breath,False,The sky exhales in clouds of white.,The sky exhales in clouds of white.
"Like morning dew on petals new,",new,view,new,True,So fleeting is the light we view.,"Like morning dew on petals new,  
So fleeting is the light we view."
"Beneath the mask where shadows cling,",cling,sing,sing,True,A silent heart begins to sing.,A silent heart begins to sing.
"A marble flaw lessens its art, a single crack births light through the chart,",chart,heart,start,True,A shadowed mark can guide the heart.,A shadowed mark can guide the heart.
"The ashes speak of names that outlive flame,",flame,erase,name,False,The echoes whisper tales that time cannot erase.,The echoes whisper tales that time cannot erase.
"Golden laughter dances in the morning sun’s gentle embrace,",embrace,grace,embrace,True,Whispers of joy ripple through the breeze with grace.,Whispers of joy ripple through the breeze with grace.
"In quiet laughter, hearts find their rhyme,",rhyme,flight,time,False,"In whispered dreams, the soul takes flight.","In whispered dreams, the soul takes flight."
"Though flesh may fade and time may sow its frost,",frost,bold,frost,False,"Yet spirit burns, unyielding, ever bold.","Yet spirit burns, unyielding, ever bold."
"I traced my name in dust and saw a thousand shadows breathing,",breathing,daring,breathing,False,Each one whispering a truth I'd never been daring.,Each one whispering a truth I'd never been daring.
"Shells scream through the shrouded sky,",sky,lay,sigh,False,And shadows dance where light once lay.,And shadows dance where light once lay.
"Beneath the ash of fallen flags, the earth still weeps in ancient scars,",scars,wars,stars,False,And echoes whisper tales of wars.,And echoes whisper tales of wars.
"Whispers of wind through the ancient trees moan,",moan,own,stone,True,A lullaby soft for the moon to own.,A lullaby soft for the moon to own.
"The sun dips low where tempests play,",play,sway,grey,True,And shadows dance in twilight's sway.,And shadows dance in twilight's sway.
"In the quiet dance of heartbeat and flame,",flame,name,name,True,A whisper of soul in the stillness of name.,A whisper of soul in the stillness of name.
"A whispered secret can shatter the strongest bond, for betrayal hides where trust is sown,",sown,mend,stone,False,And silence feeds the poison that time will not mend.,And silence feeds the poison that time will not mend.
"Whispers of winter melt into spring's tender hue,",hue,stood,new,False,Blossoms awaken where the frost once stood.,Blossoms awaken where the frost once stood.
"Whispers of absence haunt the hush where laughter lay,",lay,day,grey,True,And echoes of you linger in the silence of the day.,And echoes of you linger in the silence of the day.
"I sought eternal life in shadowed stone,",stone,alone,stone,True,But found my soul in fleeting light alone.,But found my soul in fleeting light alone.
"Whispers of the wind through leaves that sway,",sway,play,grey,True,A lullaby for night's soft play.,A lullaby for night's soft play.
"Whispers of the wild dance on the wind,",wind,sing,wind,False,Echoes of the earth begin to sing.,Echoes of the earth begin to sing.
"Whispers curl like shadows deep, a restless storm that won’t fall silent sleep,",sleep,weeps,sweep,False,Echoes hum where silence weeps.,Echoes hum where silence weeps.
"Carved in stone or etched in fate, a whisper meant to outlast time,",time,erase,time,False,A shadow's truth that no sun can erase.,A shadow's truth that no sun can erase.
"With dawn’s first breath, I pack my dreams in tow,",tow,grow,glow,True,And chase the light where shadows used to grow.,And chase the light where shadows used to grow.
"In the hush where heartbeats meet the divine,",divine,between,entwine,False,A whisper blooms in the silence between.,A whisper blooms in the silence between.
"A king wears crowns, yet craves the sky—",sky,high,sigh,True,A beggar's dream may touch the high.,A beggar's dream may touch the high.
"A laugh as light as morning’s dew,",dew,hue,new,True,A heart as warm as summer's hue.,A heart as warm as summer's hue.
"Crimson flames of wrath in silence rise,",rise,disguise,dies,True,A shadowed storm of fury in disguise.,A shadowed storm of fury in disguise.
"Justice weeps in midnight's shadow, injustice wears the mask of light,",light,night,light,True,And truth is silenced by the night.,And truth is silenced by the night.
"Concrete pulses where the neon lights flirt,",flirt,dirt,flirt,True,With shadows dancing in the midnight dirt.,With shadows dancing in the midnight dirt.
"Time etches its tale in silver and slow,",slow,know,glow,True,But memory paints in hues that we know.,But memory paints in hues that we know.
"Sugar's whisper on a summer breeze,",breeze,knees,trees,True,Soft as the touch of a lover's knees.,Soft as the touch of a lover's knees.
"The dawn breaks soft on shoulders not so small,",small,tall,fall,True,The light reveals a strength that few can tall.,The light reveals a strength that few can tall.
"A whisper carved in shadow, sharp as deceit's kiss,",kiss,lost,abyss,False,A silence deeper than the void where truth is lost.,A silence deeper than the void where truth is lost.
"In the silent crack of dawn, hope whispers where despair once screamed,",screamed,streamed,dreamed,True,And light begins to weave its way through shadows that once streamed.,And light begins to weave its way through shadows that once streamed.
"Each year etches tales on skin, a silent ink of time,",time,climb,time,True,Yet laughter blooms where memories climb.,"Each year etches tales on skin, a silent ink of time,  
Yet laughter blooms where memories climb."
"Beneath the dusk of dying light,",light,slight,light,True,"I trace the shadows, soft and slight.","I trace the shadows, soft and slight."
"Justice walks in twilight's gaze,",gaze,blaze,maze,True,With shadowed steps and solemn blaze.,With shadowed steps and solemn blaze.
"In broken china, hidden grace whispers of perfect cracks,",cracks,tracks,cracks,True,"In silent echoes, love remains though time has worn the tracks.","In silent echoes, love remains though time has worn the tracks."
"Winds whisper tales of warming skies,",skies,eyes,dies,True,But frost still clings to morning's eyes.,But frost still clings to morning's eyes.
"In vibrant swirls of hue and song,",song,throng,belong,True,The world unfolds in morning's throng.,The world unfolds in morning's throng.
"The echoes of their laughter live in silent rooms,",rooms,gloom,rooms,False,Where memories linger like shadows in the gloom.,Where memories linger like shadows in the gloom.
"The years fold time like parchment, worn yet true,",true,anew,new,True,And memories trace the ink that fades anew.,And memories trace the ink that fades anew.
"In twilight's grip, where shadow and light entwine,",entwine,shine,entwine,True,A whisper of hope begins to shine.,A whisper of hope begins to shine.
"When shadows fall and time runs thin,",thin,within,spin,True,Hope still burns bright within.,Hope still burns bright within.
"Winds whisper secrets through a shifting sky,",sky,dies,sigh,False,Clouds drift dreams where the daylight dies.,Clouds drift dreams where the daylight dies.
"Steel veins hum where skyscrapers rise,",rise,skies,dies,True,Concrete hearts beat beneath the skies.,Concrete hearts beat beneath the skies.
"Threads of love wove through the years,",years,memories,years,False,A tapestry of memories.,A tapestry of memories.
"On tongues where memory dwells, savoring sweetness the past sells,",sells,pulse,sells,False,"In whispers of time, the heart finds its pulse.","In whispers of time, the heart finds its pulse."
"A whispered pledge, a dagger's edge in velvet wrapped,",wrapped,map,wrapped,False,"A silent vow, a heart's last breath upon the map.","A silent vow, a heart's last breath upon the map."
"Through storm and strife, our souls entwine,",entwine,shine,entwine,True,"In fire and shadow, we shine.","In fire and shadow, we shine."
"Like whispers through the autumn trees, it breathes—so soft, so wild,",wild,breeze,wild,False,"A dance of shadows, light, and breeze.","A dance of shadows, light, and breeze."
"In twilight’s hush, where shadows dare to cling,",cling,spring,sing,True,"The stars awaken, whispering of spring.","The stars awaken, whispering of spring."
"A silence louder than the crowd’s faint hum,",hum,ground,from,False,A stillness deeper than the shadowed ground.,A stillness deeper than the shadowed ground.
"When twilight's whisper brushes against the soul,",soul,fold,soul,False,A quiet longing stirs within the fold.,A quiet longing stirs within the fold.
"Winds of freedom whisper where shadows of chains still cling,",cling,reigned,sing,False,Hope ignites the embers where darkness once reigned.,Hope ignites the embers where darkness once reigned.
"Roots whispered in the tongue of ancestors,",ancestors,present,ancestors,False,Leaves listened with the ears of the present.,Leaves listened with the ears of the present.
"In dust of ages, tales still breathe,",breathe,breeze,breathe,False,In whispers carried by the breeze.,In whispers carried by the breeze.
"In whispers of dawn, the wild awakes,",awakes,breaks,awakes,False,With dreams still clinging to the breaks.,With dreams still clinging to the breaks.
"Two souls entwined, a bond unchained, eternal in its strain,",strain,refrain,rain,True,A dance of hearts in love's refrain.,A dance of hearts in love's refrain.
"Two hearts entwined where vows take root,",root,fruit,root,True,A garden blooming in the fruit.,"Two hearts entwined where vows take root,  
A garden blooming in the fruit."
"My hands curl like storm clouds, ready to spit fire—",fire,mire,desire,True,"My heart beats like thunder, a warning in the mire.","My heart beats like thunder, a warning in the mire."
"Beneath the boughs of time's gentle sway,",sway,stay,grey,True,The whispers of the past still stay.,The whispers of the past still stay.
"Sunlight spilling through the seams of the day,",day,way,grey,True,Dancing shadows trace the path it way.,Dancing shadows trace the path it way.
"In flawless cracks, the light divine escapes,",escapes,breathes,escapes,False,"Through shadowed veins, it softly breathes.","Through shadowed veins, it softly breathes."
"In shadows deep where silence breathes,",breathes,weep,breathes,False,The stars above seem to weep.,The stars above seem to weep.
"Whispers of wind through ancient oak trees,",trees,breeze,trees,True,Softly they murmur secrets of the breeze.,Softly they murmur secrets of the breeze.
"Beneath the skin, a thousand stories hum,",hum,thrum,from,True,"In silent beats, the heart's true rhythm thrum.","In silent beats, the heart's true rhythm thrum."
"In whispered hope, my heart ignites,",ignites,light,ignites,False,A flame that dares to reach the light.,A flame that dares to reach the light.
"A flame that flickers in the heart’s dark wood,",wood,stood,wood,True,A whisper of hope where the shadows stood.,A whisper of hope where the shadows stood.
"Like twin shadows dancing on the edge of dawn's first light,",light,knows,light,False,They whisper secrets only the morning knows.,They whisper secrets only the morning knows.
"Whispers of the wild dance on the breeze,",breeze,trees,trees,True,Soft as dreams beneath the trees.,Soft as dreams beneath the trees.
"With trembling hands, I light the candle between childhood and flame,",flame,remains,name,False,Hoping the shadows will not consume what remains.,Hoping the shadows will not consume what remains.
"A hearth’s warm glow where whispers of the past,",past,grasp,past,False,Are carried on the breeze through time’s soft grasp.,Are carried on the breeze through time’s soft grasp.
"Beneath the mask where shadows play,",play,gray,grey,True,A heart still beats in silent gray.,A heart still beats in silent gray.
"In whispered laughs and silent support,",support,brought,support,False,We walk the path that love has brought.,We walk the path that love has brought.
"Winds of freedom whistle through chains that cling,",cling,sings,sing,False,And spark the fire where the brave soul sings.,And spark the fire where the brave soul sings.
"Roots buried deep where ancient songs still hum,",hum,come,from,True,"Beneath the soil, old stories come.","Beneath the soil, old stories come."
"When laughter dances on the morning’s air,",air,fair,despair,True,Hope blooms like petals soft and fair.,Hope blooms like petals soft and fair.
"Roots whispered in rhythms both old and new,",new,dew,new,True,Leaves danced to the pulse of the dew.,Leaves danced to the pulse of the dew.
"Roots tangled in rhythm, whispered through ancient stone,",stone,known,stone,True,"Echoes of time, where the forgotten are known.","Echoes of time, where the forgotten are known."
"Through storm or sun, in joy or sorrow,",sorrow,tomorrow,sorrow,False,I'll walk the path that leads you tomorrow.,I'll walk the path that leads you tomorrow.
"In hues of dawn and whispers through the trees,",trees,breeze,trees,True,"The world awakes in gentle, golden breeze.","The world awakes in gentle, golden breeze."
"A hearth’s soft glow where whispers stay,",stay,sway,grey,True,A haven warm where dreams can sway.,"A hearth’s soft glow where whispers stay,  
A haven warm where dreams can sway."
"A bloom of light in morning’s golden gaze,",gaze,plays,maze,True,A whisper soft through morning's hush it plays.,A whisper soft through morning's hush it plays.
"Love is the thread that weaves hearts through time,",time,divine,time,False,Binding souls in a rhythm divine.,Binding souls in a rhythm divine.
"Wheels of fate turn under the vast, unbroken sky,",sky,justify,sigh,True,Guiding souls on paths only time can justify.,Guiding souls on paths only time can justify.
"Whispers of rustle in hues once unknown,",unknown,sown,stone,True,A dance through the shadows where dreams are sown.,A dance through the shadows where dreams are sown.
"In silent crowds, we drift alone,",alone,home,stone,False,"Each heart a world, yet never home.","Each heart a world, yet never home."
"In shadowed chains, the soul still yearns to soar,",soar,light,soar,False,"Though bound by night, it dreams of morning's light.","Though bound by night, it dreams of morning's light."
"Though flesh may fade and stars may fall, my name shall sail through time’s vast thrall,",thrall,fall,fall,True,In echoes sung where empires fall.,"Though flesh may fade and stars may fall, my name shall sail through time’s vast thrall,  
In echoes sung where empires fall."
"Winds whisper secrets where wandering feet tread,",tread,read,thread,True,And stars blink answers to the questions we've yet to read.,And stars blink answers to the questions we've yet to read.
"Beneath the whisper of ancient boughs,",boughs,old,boughs,False,The forest holds the secrets of old.,The forest holds the secrets of old.
"Whispers of dread in the midnight air,",air,lair,despair,True,Echoes of fear in the shadowed lair.,Echoes of fear in the shadowed lair.
"Rooted together, we blossom as one,",one,sun,spun,True,Growing stronger with every sun.,Growing stronger with every sun.
"The clock's whisper winds through the cracks of the hour,",hour,tour,hour,False,The shadows grow longer with every slow tour.,The shadows grow longer with every slow tour.
"Whispers of winter melt to spring's first tear,",tear,breath,despair,False,A bloom awakes where frost once held its breath.,A bloom awakes where frost once held its breath.
"The symphony of flavors on the tongue tells a story no words could ever improve,",improve,love,improve,False,"Each note a memory, each taste a love.","Each note a memory, each taste a love."
"Roots woven deep in the soil of stories untold,",untold,possibilities,told,False,Branches reaching toward the sky of possibilities.,Branches reaching toward the sky of possibilities.
"In whispers of ages, history's torch glows,",glows,grows,grows,True,"Through time's silent corridors, its light still grows.","Through time's silent corridors, its light still grows."
"Whispers coil in the chambers of the mind,",mind,kind,wind,True,Echoes of thoughts that will never be kind.,Echoes of thoughts that will never be kind.
"The dawn breaks soft upon the verge of years,",years,tears,years,True,"And time unfolds in whispers, not in tears.","And time unfolds in whispers, not in tears."
"Echoes of revolutions hum on the wind,",wind,climb,wind,False,Whispers of change begin to climb.,Whispers of change begin to climb.
"Whispers of winter melt to spring’s gentle hum,",hum,sun,from,False,Blossoms awaken in the morning sun.,Blossoms awaken in the morning sun.
"Whispers of wind through earth’s ancient bones,",bones,groans,bones,True,Echoes of time in the silent groans.,Echoes of time in the silent groans.
"The earth breathes gently beneath the trees,",trees,breeze,trees,True,Whispers of life in the breeze.,Whispers of life in the breeze.
"Beneath the mask, a whisper stirs—",stirs,words,years,False,A heartbeat thrums with silent words.,A heartbeat thrums with silent words.
"In silent crowds, I walk alone,",alone,own,stone,True,My heart a drum that beats its own.,My heart a drum that beats its own.
"Like dawn unbuttons the sky with gold,",gold,soul,told,False,So too does hope unclasp the soul.,So too does hope unclasp the soul.
"Beneath the sky where the wild winds roam,",roam,home,home,True,The stars above whisper secrets of home.,The stars above whisper secrets of home.
"The echoes of revolution hum beneath our feet,",feet,street,deceit,True,A silent drumbeat in the bones of the street.,A silent drumbeat in the bones of the street.
"In laughter’s glow, where secrets are told,",told,bold,told,True,"Hearts find their rhythm, and stories are bold.","Hearts find their rhythm, and stories are bold."
"In the mirror of midnight, a thousand souls whisper,",whisper,silence,whisper,False,"Their secrets to the shadows, lost in the silence.","Their secrets to the shadows, lost in the silence."
"Cannon's thunder weeps across the plain,",plain,came,rain,False,And shadows dance where the battle came.,And shadows dance where the battle came.
"In whispered woods where shadows dance,",dance,chanted,dance,False,A secret song is softly chanted.,A secret song is softly chanted.
"Hands weave together, a tapestry we share,",share,air,despair,True,"Threads of laughter, woven through the air.","Threads of laughter, woven through the air."
"A canvas breathes where imagination flows,",flows,grow,grows,False,"In every stroke, a world begins to grow.","A canvas breathes where imagination flows,  
In every stroke, a world begins to grow."
"Beneath the moon where shadows play,",play,spray,grey,True,Whispers dance in silver spray.,Whispers dance in silver spray.
"In trembling hands, the storm refuses to stay,",stay,refrain,grey,False,"But in my heart, it howls its bitter refrain.","But in my heart, it howls its bitter refrain."
"Embers of rage in the chest they dwell,",dwell,spell,dwell,True,But flames are kept under a careful spell.,But flames are kept under a careful spell.
"The sky weaves tales in threads of storm and sun,",sun,one,spun,True,"The earth replies in whispers, one by one.","The earth replies in whispers, one by one."
"The sky weeps fire, yet forgets the rain,",rain,vain,rain,True,"The earth remembers, but in vain.","The earth remembers, but in vain."
"Sunset laughter echoes down a lane,",lane,rain,rain,True,Golden whispers dance in the rain.,Golden whispers dance in the rain.
"Through fractured stone and whispered page,",page,age,rage,True,I trace the echoes of the age.,I trace the echoes of the age.
"In silence, shadows claim the ones whose voices shaped our skies,",skies,arise,dies,True,"In whispers, echoes haunt the hearts that once made stars arise.","In whispers, echoes haunt the hearts that once made stars arise."
"Whispers of rustle in velvet and light,",light,tight,light,True,Soft echoes of secrets the shadows hold tight.,Soft echoes of secrets the shadows hold tight.
"A thousand hues whisper secrets to the breeze,",breeze,ease,trees,True,Softly painting the sky with dreams of ease.,"A thousand hues whisper secrets to the breeze,  
Softly painting the sky with dreams of ease."
"Sunlight spilling through laughter’s bright rhyme,",rhyme,time,time,True,Dancing shadows in golden time.,Dancing shadows in golden time.
"Laughter echoed where the fireflies danced,",danced,glanced,danced,True,Beneath the stars that softly glanced.,Beneath the stars that softly glanced.
"In swirling hues, where silent stories gleam,",gleam,streams,stream,False,A whispered dream takes shape in moonlit streams.,A whispered dream takes shape in moonlit streams.
"City lights hum with hurried dreams,",dreams,streams,dreams,True,Streetlamps glow where silent streams.,Streetlamps glow where silent streams.
"Where silent chains clink in the shadow of proud wings,",wings,sting,strings,False,And whispered secrets drift on the wind's soft sting.,And whispered secrets drift on the wind's soft sting.
"Whispers of laughter echo down the lane of yesterday,",yesterday,past,grey,False,Footsteps of memory dance in the glow of the past.,Footsteps of memory dance in the glow of the past.
"Brushstrokes dance where silence spoke,",spoke,broke,spoke,True,"In shadows deep, a story broke.","In shadows deep, a story broke."
"My name may fade, but in stone I'll remain,",remain,refrain,rain,True,Carved deep in the heart of the mountain's refrain.,Carved deep in the heart of the mountain's refrain.
"In the mirror of time, I trace a name not yet known,",known,own,stone,True,Whose echoes will shape the future I've yet to own.,Whose echoes will shape the future I've yet to own.
"Echoes of laughter linger in the air,",air,stair,despair,True,Whispers of joy that light the stair.,Whispers of joy that light the stair.
"A bond unseen, yet strong as ties of steel,",steel,zeal,kneel,True,"A silence deep, yet full of unspoken zeal.","A silence deep, yet full of unspoken zeal."
"Whispers of winds through the ancient tree,",tree,see,sea,True,Carving secrets that none can see.,Carving secrets that none can see.
"Time's grand tapestry is stitched with echoes of the past,",past,cast,past,True,"Each thread a memory, softly woven, never cast.","Each thread a memory, softly woven, never cast."
"In quiet whispers, the sacred awakes,",awakes,breaks,awakes,False,"In silent shadows, the light breaks.","In silent shadows, the light breaks."
"Beneath soft words, the sharpest truths may hide,",hide,bide,collide,True,"And in a smile, a silent wound may bide.","And in a smile, a silent wound may bide."
"Shadows whisper in the quiet of the mind,",mind,faded,wind,False,Memories echo where the light has faded.,Memories echo where the light has faded.
"Skies whisper secrets in sun and storm's rhyme,",rhyme,chime,time,True,"Earth listens closely, holding every chime.","Earth listens closely, holding every chime."
"Sunset-lit laughter echoes through the willow trees,",trees,breeze,trees,True,Whispers of twilight dance on the evening breeze.,Whispers of twilight dance on the evening breeze.
"Whispers of spring in the thawing breeze,",breeze,freeze,trees,True,Awaken the earth from its frozen freeze.,Awaken the earth from its frozen freeze.
"When eyes first met 'neath a twilight sky,",sky,deny,sigh,True,A spark was lit that neither could deny.,A spark was lit that neither could deny.
"In tangled roots and open fire, we seek the echo of ""we’re yours, you’re mine,""",mine,entwine,entwine,True,"And in the smoke, our whispered vows entwine.","And in the smoke, our whispered vows entwine."
"Winds of freedom whisper beneath chains of fear,",fear,steer,dear,True,Hope ignites the spark that darkness cannot steer.,Hope ignites the spark that darkness cannot steer.
"In mirrored eyes where shadows dare to gleam,",gleam,dream,stream,True,A whispered truth begins to dream.,A whispered truth begins to dream.
"The sky whispers secrets in storms and soft rain,",rain,pain,rain,True,"The earth listens closely, both joy and pain.","The earth listens closely, both joy and pain."
"In whispered prayers, the soul takes flight,",flight,night,light,True,Beyond the veil of mortal night.,Beyond the veil of mortal night.
"A bond unbound by time or space, a silent symphony of grace,",grace,fears,embrace,False,"A whisper woven through the years, a love that never fades or fears.","A whisper woven through the years, a love that never fades or fears."
"Whispers of farewell linger in the echoes of the rain,",rain,pane,rain,True,A silent promise made beneath the silvered pane.,A silent promise made beneath the silvered pane.
"In the silent whisper of dawn’s tender light,",light,night,light,True,I find solace in the hush of the night.,I find solace in the hush of the night.
"Whispers of time in the lines of the face,",face,grace,embrace,True,Tell stories of joy and the sorrowful grace.,Tell stories of joy and the sorrowful grace.
"Roots woven deep in ancient songs,",songs,dawn,songs,False,Branches reaching toward the dawn.,Branches reaching toward the dawn.
"Beneath the neon’s hum, the fields still breathe in quiet,",quiet,dream,quiet,False,A whisper where the wild things dream.,A whisper where the wild things dream.
"The road unspools like a whispered rhyme,",rhyme,time,time,True,Each step a note in the rhythm of time.,Each step a note in the rhythm of time.
"In crowded streets, alone, I tread,",tread,spread,thread,True,Where echoes of my thoughts are spread.,Where echoes of my thoughts are spread.
"A gavel strikes where silence cries,",cries,skies,dies,True,And justice echoes through the skies.,And justice echoes through the skies.
"Beneath the skin, a song of soil and sky,",sky,why,sigh,True,"Beneath the bone, a whisper of why.","Beneath the bone, a whisper of why."
"Whispers of yesterday slip through the hourglass sand,",sand,hand,sand,True,Echoes of tomorrow linger in the hand.,Echoes of tomorrow linger in the hand.
"A hollow vow can fracture hearts, where trust was born and betrayal parte,",parte,was,start,False,"A silent ache that lingers deep, where love once bloomed and hope was","A hollow vow can fracture hearts, where trust was born and betrayal parte,  
A silent ache that lingers deep, where love once bloomed and hope was"
"Whispers of wood and worn-in walls recall,",recall,halls,fall,False,The echoes of laughter that once filled the halls.,The echoes of laughter that once filled the halls.
"In the shadow's grip, a single light is born,",born,burn,born,False,"A beacon through the dark, it dares to burn.","A beacon through the dark, it dares to burn."
"A gavel's pound in twilight's hold,",hold,fold,told,True,A silence falls where voices fold.,A silence falls where voices fold.
"Whispers of wind trace skies in blue,",blue,you,new,True,"Softly they dance, then fade into you.","Softly they dance, then fade into you."
"Beneath the moon's cold, watchful eye,",eye,low,sigh,False,The shadows dance and whisper low.,The shadows dance and whisper low.
"Beneath the mask where shadows play,",play,gray,grey,True,A heart still beats in silent gray.,A heart still beats in silent gray.
"Fire smolders deep where patience fled,",fled,unsaid,thread,True,And embers whisper tales unsaid.,And embers whisper tales unsaid.
"Old ways whisper beneath the hum of the new,",new,grew,new,True,But silence is golden where echoes once grew.,But silence is golden where echoes once grew.
"Beneath the moon’s cold, indifferent gaze, I echo voices no ear will raise,",raise,haze,maze,True,A whisper lost in the silent haze.,A whisper lost in the silent haze.
"I carve my name where the endless stars keep watch,",watch,pass,watch,False,In silent skies where no winds dare to pass.,In silent skies where no winds dare to pass.
"Over horizon's hush, the road sings to the restless soul,",soul,roll,soul,True,A whisper of freedom where the wild winds roll.,A whisper of freedom where the wild winds roll.
"The clock's soft whisper weaves through every vein,",vein,chain,rain,True,A heartbeat echoes time's unyielding chain.,A heartbeat echoes time's unyielding chain.
"Amidst the trees where shadows play,",play,gray,grey,True,A whisper stirs the morning's gray.,A whisper stirs the morning's gray.
"Whispers of wind through ancient, rustling trees,",trees,breeze,trees,True,Echoes of time in the hush of the breeze.,Echoes of time in the hush of the breeze.
"In shadowed hearts, a quiet storm is bred,",bred,ahead,thread,True,Where whispered fears are never far ahead.,Where whispered fears are never far ahead.
"Beneath the tongue's sweet melody, shadows tell the truths that flee,",flee,weep,sea,False,"Whispers dance where silence sleeps, and secrets softly weep.","Beneath the tongue's sweet melody, shadows tell the truths that flee,  
Whispers dance where silence sleeps, and secrets softly weep."
"In dusty corners where the light forgot to go,",go,low,glow,True,Whispers of the past still softly echo low.,Whispers of the past still softly echo low.
"Whispers of yesterday haunt the hollows where laughter once lived,",lived,moved,thrived,False,And echoes of joy now linger where silence has moved.,And echoes of joy now linger where silence has moved.
"Where scales of truth hang askew in the haze,",haze,lay,maze,False,And shadows dance where the light once lay.,And shadows dance where the light once lay.
"My heart, a flame, in youthful days was lit,",lit,light,grit,False,But now it burns with wisdom's gentle light.,But now it burns with wisdom's gentle light.
"Whispers of scarlet and echoes of velvet skies,",skies,rise,dies,True,Dancing through twilight where dreams softly rise.,Dancing through twilight where dreams softly rise.
"Whispers of winter give way to the sun's tender embrace,",embrace,grace,embrace,True,As blossoms awaken in hues of spring's gentle grace.,As blossoms awaken in hues of spring's gentle grace.
"Beneath sweet lies, the sharp truth doth hide,",hide,tied,collide,True,"And in the dark, the light is tied.","And in the dark, the light is tied."
"Two hearts entwined in time’s soft grip,",grip,dip,grip,True,Their whispers echo where the stars begin to dip.,"Two hearts entwined in time’s soft grip,  
Their whispers echo where the stars begin to dip."
"A heartbeat whispers where two souls collide,",collide,tide,collide,True,A breathless moment lost in midnight's tide.,A breathless moment lost in midnight's tide.
"Echoes of empires rise in whispers of the past,",past,cast,past,True,Shadows dance where ancient footsteps once were cast.,Shadows dance where ancient footsteps once were cast.
"On tongues of flame and forks of gold, flavors tell a secret old,",old,told,told,True,"In whispers warm, the feast is told.","In whispers warm, the feast is told."
"Two souls entwined by vow and time’s slow river,",river,river,river,False,Their hearts a dance beneath the stars' soft river.,Their hearts a dance beneath the stars' soft river.
"A promise made in shadows, torn by dawn's deceitful light,",light,night,light,True,"A heart once whole now fractured, lost in endless, silent night.","A heart once whole now fractured, lost in endless, silent night."
"Carved in time's slow river, my name flows on,",on,gone,dawn,True,"A whisper through the ages, never to be gone.","A whisper through the ages, never to be gone."
"Neon hums where the concrete grows,",grows,glow,grows,False,Shadowed dreams in the city's glow.,Shadowed dreams in the city's glow.
"In silence’s shadow, the stranger breathes,",breathes,conceals,breathes,False,A whisper of secrets the night conceals.,A whisper of secrets the night conceals.
"I carved my name in the bones of time,",time,rhyme,time,True,And etched my dreams in the scars of rhyme.,And etched my dreams in the scars of rhyme.
"In twilight’s veil, where shadows dare to breathe,",breathe,trees,breathe,False,The moonlight whispers secrets to the trees.,The moonlight whispers secrets to the trees.
"I pace the sidewalks where the neon sighs,",sighs,skies,dies,True,And shadows dance beneath the flickering skies.,And shadows dance beneath the flickering skies.
"Old oaks bend but new neon glows,",glows,flows,grows,True,"In twilight's hush, the future flows.","In twilight's hush, the future flows."
"The clock of time ticks tales of yore,",yore,ignore,soar,True,And whispers secrets we can't ignore.,And whispers secrets we can't ignore.
"Beneath the mask of golden lies, the truth in shadowed whispers sighs,",sighs,disguise,dies,True,A heart once pure now bears the scars of time and treachery's disguise.,A heart once pure now bears the scars of time and treachery's disguise.
"Two hearts entwined where one love’s vow began,",began,tan,began,True,"Through every storm, their bond will never tan.","Two hearts entwined where one love’s vow began,  
Through every storm, their bond will never tan."
"In silent rooms where shadows speak,",speak,seek,speak,True,Whispers drift like dreams that seek.,Whispers drift like dreams that seek.
"Like thunder held in hollow hands,",hands,strands,strands,True,The silence speaks in trembling strands.,"Like thunder held in hollow hands,  
The silence speaks in trembling strands."
"Brushstrokes breathe where imagination sleeps,",sleeps,keep,weeps,False,And colors whisper secrets only dreams can keep.,And colors whisper secrets only dreams can keep.
"The earth breathes quietly beneath a sky of shifting gray,",gray,say,grey,True,And whispers secrets only the wind is meant to say.,And whispers secrets only the wind is meant to say.
"Fury burns like fire in a soul trapped between rage and resolve,",resolve,told,resolve,False,Its embers glow with the weight of a battle not yet told.,Its embers glow with the weight of a battle not yet told.
"In silent corners where the shadows cling,",cling,sing,sing,True,Whispers of the past begin to sing.,Whispers of the past begin to sing.
"Beneath the skin, a whisper waits to be heard,",heard,yearn,heard,False,"Beneath the silence, secrets stir and yearn.","Beneath the silence, secrets stir and yearn."
"Though flesh may fade and time may flee,",flee,thee,sea,True,"Yet love remains, as true as thee.","Yet love remains, as true as thee."
"Beneath the sky where sunbeams dance, joy and happiness leave fleeting yet lasting chance,",chance,trance,dance,True,"To find a moment's peace, one must embrace both light and the quiet of the trance.","To find a moment's peace, one must embrace both light and the quiet of the trance."
"Beneath sweet words, sometimes hides the blade,",blade,made,stayed,True,That cuts the deepest when love is made.,That cuts the deepest when love is made.
"Whispers creep where the hours have flown,",flown,gone,stone,False,And silence lingers where the light has gone.,And silence lingers where the light has gone.
"Sunbeams duel with thunder's moan,",moan,drawn,stone,False,And shadows dance where lightning's drawn.,And shadows dance where lightning's drawn.
"Neon hums where the city's heart beats fast,",fast,blast,past,True,Shadowed dreams in the midnight blast.,Shadowed dreams in the midnight blast.
"A king's crown crumbles in the dust where shadows hold their breath,",breath,death,breath,True,"A throne of thorns gives way to light, as dawn breaks through the death.","A throne of thorns gives way to light, as dawn breaks through the death."
"Beneath the dusk where tones conspire,",conspire,fire,desire,True,Shadows dance in whispered fire.,Shadows dance in whispered fire.
"Shadows cling where whispers fade,",fade,said,stayed,False,And silence holds what words have said.,And silence holds what words have said.
"Wolves howl beneath the moon's silver gleam,",gleam,dreams,stream,False,Echoes of ancient dreams.,Echoes of ancient dreams.
"Beneath the thunders of divided skies,",skies,goodbyes,dies,True,The earth still holds the echoes of goodbyes.,The earth still holds the echoes of goodbyes.
"Beneath the moon's unblinking eye, I chart the stars and set my kite,",kite,high,light,False,Awaits the wind to lift me high.,Awaits the wind to lift me high.
"In the hush of dusk, old shadows speak,",speak,deep,speak,False,Of secrets buried deep.,Of secrets buried deep.
"In quiet hearts where whispers rise,",rise,skies,dies,True,Soft dreams take flight on silent skies.,Soft dreams take flight on silent skies.
"Wildebeests roam beneath skies painted gold,",gold,bold,told,True,Their shadows stretch where the savanna is bold.,Their shadows stretch where the savanna is bold.
"Like sunlight bursting through clouds on a spring day,",day,gray,grey,True,Hope awakens in hearts that once felt gray.,"Like sunlight bursting through clouds on a spring day,  
Hope awakens in hearts that once felt gray."
"Beneath soft lies, the brutal truth takes root,",root,deep,root,False,"And flourishes in shadows, dark and deep.","And flourishes in shadows, dark and deep."
"In the quiet whispers of the sacred dawn,",dawn,gold,dawn,False,The world is bathed in hues of gentle gold.,The world is bathed in hues of gentle gold.
"Winds of liberty weep through the chains of the night,",night,fight,light,True,And dawn breaks silent with the weight of the fight.,And dawn breaks silent with the weight of the fight.
"My temper flares like lightning in the storm of despair,",despair,air,despair,True,But calm returns as dawn breaks through the darkest air.,But calm returns as dawn breaks through the darkest air.
"Whispers of absence linger in the air where laughter once was,",was,shared,was,False,A hollow echo of the joy we shared.,A hollow echo of the joy we shared.
"Amidst the steel forest where silence is rare,",rare,air,despair,True,A whisper can echo through corridors of air.,A whisper can echo through corridors of air.
"Like dawn renews the sky, my heart in your embrace finds home,",home,night,home,False,Each whispered word a gentle light that guides me through the night.,"Like dawn renews the sky, my heart in your embrace finds home,  
Each whispered word a gentle light that guides me through the night."
"Anchored in time, the old ways hum,",hum,drum,from,True,A melody of dust and drum.,A melody of dust and drum.
"Where the heart's old whispers find a sheltered rhyme,",rhyme,climbs,time,False,And echoes linger where the soul still climbs.,And echoes linger where the soul still climbs.
"The sky’s a canvas painted by the hands of sun and rain,",rain,frame,rain,False,And every cloud a brushstroke in the ever-changing frame.,And every cloud a brushstroke in the ever-changing frame.
"Whispers tighten like shadows at dawn,",dawn,cold,dawn,False,Silent promises fade into the cold.,Silent promises fade into the cold.
"Whispers of rose and thunder of drum,",drum,hum,from,True,A dance of shadows 'neath the moon's soft hum.,A dance of shadows 'neath the moon's soft hum.
"Bursting like sun through the morning’s embrace,",embrace,grace,embrace,True,Golden rays paint the world in a radiant grace.,Golden rays paint the world in a radiant grace.
"Neon hums where the streetlamps blaze,",blaze,haze,maze,True,Shadows dance in the midnight haze.,Shadows dance in the midnight haze.
"Whispers echo where no ears are near,",near,clear,dear,True,And shadows dance with secrets clear.,And shadows dance with secrets clear.
"In the dance of colors, sounds take flight,",flight,moonlight,light,True,And shadows waltz in the pale moonlight.,And shadows waltz in the pale moonlight.
"A whisper blooming soft and true,",true,you,new,True,A heartbeat echoing through you.,A heartbeat echoing through you.
"Time slips like sand through the shadows of yesterday,",yesterday,today,grey,True,But memories hold fast in the light of today.,But memories hold fast in the light of today.
"Whispers of the sacred rise where faith and shadow meet,",meet,feet,deceit,True,And silent prayers are carried on the wind's soft feet.,And silent prayers are carried on the wind's soft feet.
"In whispered prayers where the soul takes flight,",flight,night,light,True,It finds the light in the still of night.,It finds the light in the still of night.
"In the glow of fireflies and fading afternoons,",afternoons,moons,afternoons,True,We whispered dreams beneath the silver moons.,We whispered dreams beneath the silver moons.
"Beneath the mask where shadows dance,",dance,romance,dance,True,A silent heart finds its romance.,A silent heart finds its romance.
"In the attic of the heart, old moments gently cling,",cling,things,sing,False,Like dust on forgotten things.,Like dust on forgotten things.
"In shadowed corners where connection fades,",fades,leads,fades,False,Whispers linger where the silence leads.,Whispers linger where the silence leads.
"A hearth's soft glow where whispers stay,",stay,day,grey,True,A moment's peace before the day.,"A hearth's soft glow where whispers stay,  
A moment's peace before the day."
"Whispers of devotion dance with dawn’s first breath,",breath,keep,breath,False,Soft light ignites the promises we keep.,Soft light ignites the promises we keep.
"Storms scribble secrets on the sky's chalkboard,",chalkboard,flash,chalkboard,False,Lightning writes the answers in its flash.,Lightning writes the answers in its flash.
"A whisper of laughter in morning’s gold gleam,",gleam,dream,stream,True,A shadow of joy in the heart's soft dream.,A shadow of joy in the heart's soft dream.
"In silent worlds where echoes don't return,",return,born,return,False,The whispers of the heart are never born.,The whispers of the heart are never born.
"A flawless vase, a crack unseen,",unseen,scream,unseen,False,"A whisper of time, a silent scream.","A whisper of time, a silent scream."
"In flawless cracks, the light finds its flaw,",flaw,loud,flaw,False,And shadows dance where the silence grows loud.,And shadows dance where the silence grows loud.
"Whispers coil like shadows deep, unrest is born in sleep,",sleep,weeps,sweep,False,Dreams take flight where silence weeps.,Dreams take flight where silence weeps.
"Beneath the stars, the heart finds its true rhyme,",rhyme,climb,time,True,"In whispered dreams, the soul begins to climb.","In whispered dreams, the soul begins to climb."
"Whispers carved in rust, a bond undone by deceit's knife,",knife,grief,knife,False,"Echoes fade where trust once grew, a silent, bitter grief.","Echoes fade where trust once grew, a silent, bitter grief."
"Colors whisper tales where the bold and silent meet,",meet,beat,deceit,True,"Shadows dance with light in a gentle, fleeting beat.","Shadows dance with light in a gentle, fleeting beat."
"The sky may whisper or crash with rhyme,",rhyme,time,time,True,But the heart always sings in time.,But the heart always sings in time.
"Clocks shed silent tears as moments flee the ground,",ground,sound,ground,True,And time dissolves the echoes of the sound.,And time dissolves the echoes of the sound.
"The echoes of yesterday hum softly in the halls of my mind,",mind,unbind,wind,False,A whisper of memories that time cannot unbind.,A whisper of memories that time cannot unbind.
"Justice wears a crown of light, but injustice cloaks in shadows deep,",deep,keep,sweep,True,And bends the truth to serve its keep.,And bends the truth to serve its keep.
"Whispers of crimson, symphonies in blue,",blue,grew,new,True,A dance of shadows where the moonlight grew.,A dance of shadows where the moonlight grew.
"The dawn of feeling, soft and undefined,",undefined,aligned,wind,True,A whisper of light where the shadows aligned.,A whisper of light where the shadows aligned.
"Beneath the skin, where traditions live,",live,old,live,False,A heartbeat drums in rhythms old.,"Beneath the skin, where traditions live,  
A heartbeat drums in rhythms old."
"Silent hours glide like shadows through the cracks of yesterday,",yesterday,light,grey,False,Whispers of time echo softly in the dawn's first light.,Whispers of time echo softly in the dawn's first light.
"In shadows deep, where silent tremors creep,",creep,deep,sweep,True,"A whisper stirs the stillness, soft and deep.","A whisper stirs the stillness, soft and deep."
"Whispers of chains in the hush of the dawn,",dawn,drawn,dawn,True,Echoes of freedom in every breath drawn.,Echoes of freedom in every breath drawn.
"As winter’s frost yields to the vernal rain,",rain,again,rain,True,The earth awakes in green again.,The earth awakes in green again.
"Fire roars where patience once resided,",resided,resided,resided,False,Ash falls where calm once resided.,Ash falls where calm once resided.
"A flawless rose still drinks the rain, untold,",untold,unbound,told,False,"A silent song still finds its way, unbound.","A silent song still finds its way, unbound."
"In the mirror of time, I glimpse a stranger’s face—",face,same,embrace,False,"A shadow of who I once was, but not the same.","A shadow of who I once was, but not the same."
"A bond not bound by blood, yet deeper still,",still,unstill,still,False,A trust that time and trials can't unstill.,A trust that time and trials can't unstill.
"Beneath the blaze of seventeen’s flame,",flame,same,name,True,"We dance through time, yet never the same.","We dance through time, yet never the same."
"A sweet ballet of salt and spice, upon the tongue's delicate slice,",slice,embrace,slice,False,"A dance of fire and fleeting grace, the palate's brief embrace.","A dance of fire and fleeting grace, the palate's brief embrace."
"With brush and breath, ideas take flight,",flight,shape,light,False,"In strokes of color, dreams take shape.","In strokes of color, dreams take shape."
"Where whispered walls hold tales I've spun,",spun,undone,spun,True,And echoes dance where silence is undone.,And echoes dance where silence is undone.
"A laugh like morning bursts through the skies,",skies,eyes,dies,True,A joy that dances in the eyes.,A joy that dances in the eyes.
"Wanderlust whispers through the winds of change,",change,range,change,True,Calling souls to chase the unknown range.,Calling souls to chase the unknown range.
"Amid the thunder of falling skies,",skies,lie,dies,False,Lightning danced where the shadows lie.,Lightning danced where the shadows lie.
"Footprints trace where wanderers dream,",dream,gleam,stream,True,Whispers echo in the gleam.,Whispers echo in the gleam.
"In the shadow of despair, hope whispers through the cracks,",cracks,break,cracks,False,A fragile light that dares to break.,A fragile light that dares to break.
"In shadowed hearts where silence breeds,",breeds,bleed,bleeds,False,A whispered hope begins to bleed.,A whispered hope begins to bleed.
"In still waters, the mirror of hearts,",hearts,departs,hearts,True,Reflections reveal what the soul departs.,Reflections reveal what the soul departs.
"Through laughter’s spark, our hearts first stoked the flame,",flame,name,name,True,"Through whispered dreams, we dared to chase the name.","Through whispered dreams, we dared to chase the name."
"Though time may steal the breath from bone,",bone,stone,stone,True,It cannot steal the soul from stone.,It cannot steal the soul from stone.
"Grandmother’s tales clash with the smartphone glow,",glow,flow,glow,True,But stories still live in the heart's soft flow.,But stories still live in the heart's soft flow.
"The scales of justice tremble in the storm,",storm,form,storm,True,And truth is lost in thunder's booming form.,And truth is lost in thunder's booming form.
"Like dawn breaks soft on summer’s breath,",breath,rest,breath,False,So does hope awaken from its rest.,So does hope awaken from its rest.
"Whispers of the wind through leaves that sway,",sway,play,grey,True,A lullaby for night's soft play.,A lullaby for night's soft play.
"With trembling steps, the threshold nears its mark,",mark,spark,dark,True,A shadowed heart begins to spark.,A shadowed heart begins to spark.
"In city lights or meadow’s gentle haze,",haze,way,maze,False,I find the peace that calms my every way.,I find the peace that calms my every way.
"Hands clasped in ancient rhythm, the future hums a tune,",tune,groan,noon,False,"Of echoes yet to be written, beneath the stars we groan.","Of echoes yet to be written, beneath the stars we groan."
"Each wrinkle whispers tales of time’s gentle tide,",tide,rhyme,collide,False,Each line a verse in life’s unending rhyme.,"Each wrinkle whispers tales of time’s gentle tide,  
Each line a verse in life’s unending rhyme."
"In the glow of screens where connection’s feigned,",feigned,remain,feigned,False,"Hearts grow distant, though the pixels remain.","Hearts grow distant, though the pixels remain."
"In whispers down the hall of yesterday,",yesterday,play,grey,True,Echoes of a song we used to play.,Echoes of a song we used to play.
"Through laughter carved in childhood's days,",days,decay,maze,False,Through sorrow etched in time's slow decay.,Through sorrow etched in time's slow decay.
"Beneath the cold moon’s unfeeling gaze,",gaze,days,maze,True,The snowflakes whisper tales of days.,The snowflakes whisper tales of days.
"Beneath the sun’s unblinking eye, storms and seasons shift and rise,",rise,place,dies,False,"Yet in the calm, a silent truth begins to softly take its place.","Yet in the calm, a silent truth begins to softly take its place."
"The echoes of laughter linger in empty halls,",halls,sprawled,halls,False,While silence now whispers where joy once sprawled.,While silence now whispers where joy once sprawled.
"Thunder speaks, yet the stone hears not a word,",word,sword,heard,False,"Lightning strikes, but the silence still holds its sword.","Lightning strikes, but the silence still holds its sword."
"Beneath the moon’s pale, watchful eye,",eye,low,sigh,False,The shadows dance and whisper low.,The shadows dance and whisper low.
"In the tapestry of twilight, hues breathe alive—",alive,time,live,False,A whisper of dusk in the fabric of time.,A whisper of dusk in the fabric of time.
"Where light and shadow wage their endless war,",war,shore,soar,True,The dawn is but a fleeting shore.,The dawn is but a fleeting shore.
"In every heartbeat echoes the song,",song,strong,belong,True,Of love that's strong.,Of love that's strong.
"In the quiet bloom of shared moments,",moments,express,moments,False,We find the peace that words cannot express.,We find the peace that words cannot express.
"The minutes slip like sand through ancient hands,",hands,strands,strands,True,"The hours fade in silent, shifting strands.","The hours fade in silent, shifting strands."
"Laughter echoed where the fireflies danced,",danced,glanced,danced,True,Beneath the stars that softly glanced.,Beneath the stars that softly glanced.
"I carve my name in time’s slow tide, unanswered,",unanswered,behind,unanswered,False,Unspoken words drift far behind.,Unspoken words drift far behind.
"A bond that shines through life’s unpredictable storm,",storm,torn,storm,False,A love that stands when all other hopes are torn.,A love that stands when all other hopes are torn.
"Whispers of longing in the night's embrace,",embrace,erase,embrace,True,A silent promise none can erase.,A silent promise none can erase.
"Though shadows creep where daylight dares not tread,",tread,tread,thread,False,Hope still holds fast where darkness cannot tread.,Hope still holds fast where darkness cannot tread.
"In the hush where heavens hum with light,",light,night,light,True,The stars whisper secrets of the night.,The stars whisper secrets of the night.
"In flawlessly fractured light, the truth is cast,",cast,last,past,True,"In shadowed whispers, secrets are at last.","In shadowed whispers, secrets are at last."
"A whisper starts in stolen glances bright,",bright,night,light,True,A flame is born in the stillness of the night.,A flame is born in the stillness of the night.
"The apple bends with sweet persuasion,",persuasion,choice,persuasion,False,"The orchard whispers, ""Take your choice.""","The orchard whispers, ""Take your choice."""
"Beneath the moon's indifferent, silent gleam,",gleam,dream,stream,True,The shadows whisper secrets of the dream.,The shadows whisper secrets of the dream.
"Rage ignites like thunder in the bones,",bones,blown,bones,False,And fury roars through veins like storm winds blown.,And fury roars through veins like storm winds blown.
"A cage of silence, forged in tyranny's flame,",flame,frame,name,True,A whisper of hope breaks through the iron frame.,A whisper of hope breaks through the iron frame.
"Time carves wisdom on the lines it leaves behind,",behind,climb,wind,False,But youth still dances where the shadows climb.,But youth still dances where the shadows climb.
"The earth turns slowly through time's tender grace,",grace,space,embrace,True,But spins with purpose in space.,But spins with purpose in space.
"Whispers of the hour-glass, sand in silent flight,",flight,night,light,True,"Time slips away, a shadow in the night.","Time slips away, a shadow in the night."
"Beneath the mask we wear, a thousand whispers lay,",lay,betray,grey,True,"In silent shadows, dreams and fears betray.","Beneath the mask we wear, a thousand whispers lay,  
In silent shadows, dreams and fears betray."
"Each wrinkle etched like time's slow poetry,",poetry,grace,poetry,False,A story told in lines of quiet grace.,"Each wrinkle etched like time's slow poetry,  
A story told in lines of quiet grace."
"Whispers of dread in the shadows creep,",creep,keep,sweep,True,A silent fear that the heart can't keep.,A silent fear that the heart can't keep.
"A bloom unearthed where shadows played,",played,stayed,stayed,True,A whisper grew where silence stayed.,A whisper grew where silence stayed.
"My roots are etched in many a song,",song,sung,belong,False,They echo through the tales I've sung.,"My roots are etched in many a song,  
They echo through the tales I've sung."
"In the attic of time, memories dust and glow,",glow,show,glow,True,Like old photographs in a forgotten show.,Like old photographs in a forgotten show.
"Where chains are whispered into silence, freedom wakes with a cry,",cry,fly,sigh,True,"A spark ignites the sleeping night, and hope begins to fly.","Where chains are whispered into silence, freedom wakes with a cry,  
A spark ignites the sleeping night, and hope begins to fly."
"On tongues of morning, flavors start to rise,",rise,skies,dies,True,"In whispered breezes, drifting through the skies.","In whispered breezes, drifting through the skies."
"Roots entwined where voices rise,",rise,skies,dies,True,Echoes of love in the twilight skies.,Echoes of love in the twilight skies.
"Love blooms in whispers, binds in the blood,",blood,kept,blood,False,And fades in the silence where secrets are kept.,And fades in the silence where secrets are kept.
"Justice scales the cliffs of right, while shadows feed the wrong,",wrong,knows,belong,False,And light defends the truth it knows.,And light defends the truth it knows.
"Whispers of winter give way to the spring's soft hum,",hum,blue,from,False,Blossoms awaken in hues of pink and blue.,Blossoms awaken in hues of pink and blue.
"Whispers of dread in the midnight air,",air,lair,despair,True,Echoes of fear in the shadowed lair.,Echoes of fear in the shadowed lair.
"In the mirror of the soul, shadows dance with light,",light,shine,light,False,"And in the quiet heart, the truth begins to shine.","And in the quiet heart, the truth begins to shine."
"The whisper of winter gives way to the song of the spring,",spring,wing,sing,True,The bloom of the blossoms that dance on the wing.,The bloom of the blossoms that dance on the wing.
"In laughter’s glow, where quiet trust ignites,",ignites,erode,ignites,False,A bond is forged that time cannot erode.,A bond is forged that time cannot erode.
"In the garden of life, friendship blooms bright,",bright,light,light,True,"And through every season, it brings joy and light.","And through every season, it brings joy and light."
"Neon hums where countryside sighs in the sun,",sun,run,spun,True,Concrete veins pulse where the wildflowers used to run.,Concrete veins pulse where the wildflowers used to run.
"In shadows deep where truth once gleamed,",gleamed,streamed,dreamed,True,Now silence speaks in whispers streamed.,Now silence speaks in whispers streamed.
"In the shadow's grip, a fragile spark still dares to rise—",rise,prize,dies,True,Defying darkness with the light it knows to prize.,Defying darkness with the light it knows to prize.
"The storm within screams louder than the thunder's roar,",roar,soar,soar,True,And silence falls where once the heart did soar.,And silence falls where once the heart did soar.
"In whispered shadows, truth dons a disguise,",disguise,skies,dies,True,And silence guards the secrets of the skies.,And silence guards the secrets of the skies.
"In whispered shadows where the lonely dwell,",dwell,swell,dwell,True,"Their secrets linger, heavy and swell.","Their secrets linger, heavy and swell."
"Whispers of winter melt to spring’s first sigh,",sigh,shy,sigh,True,A blush of dawn on petals shy.,A blush of dawn on petals shy.
"Two hearts entwined where vows take root and grow,",grow,know,glow,True,"In love's embrace, their souls will never know.","In love's embrace, their souls will never know."
"In twilight’s breath, where shadows dare to bloom,",bloom,room,bloom,True,A whispered secret finds its silent room.,A whispered secret finds its silent room.
"O ancestors’ whispers duel with pixels’ hum,",hum,become,from,True,In sacred halls where shadow and data become.,In sacred halls where shadow and data become.
"In the hush where heaven's whispers meet the earth,",earth,birth,earth,True,A silent prayer ascends from every birth.,A silent prayer ascends from every birth.
"Shadows fall where the cannons roar,",roar,grows,soar,False,And echoes fade where the silence grows.,And echoes fade where the silence grows.
"My name may fade, but whispers will remain,",remain,years,rain,False,Echoes of my story through the years.,Echoes of my story through the years.
"I wield the storm yet tremble at the rain,",rain,pain,rain,True,For thunder speaks but silence is my pain.,For thunder speaks but silence is my pain.
"Time carves its tales in lines upon our skin,",skin,begins,spin,False,But love etches poems where the heart begins.,But love etches poems where the heart begins.
"Where whispered lies dance on a blade's sharp edge,",edge,pledge,edge,True,And truth is lost in the shadow's pledge.,And truth is lost in the shadow's pledge.
"Through laughter’s echo and tears that bind,",bind,behind,wind,True,We find the strength to leave the past behind.,We find the strength to leave the past behind.
"Beneath the chain, a song still dares to rise,",rise,skies,dies,True,Defying silence in the darkest skies.,Defying silence in the darkest skies.
"The hours slip like sand through time's unyielding hand,",hand,stand,sand,True,"The moments fade, yet memories still stand.","The moments fade, yet memories still stand."
"Wheels hum low beneath the morning's hue,",hue,you,new,True,A whisper of dawn in the rhythm of you.,A whisper of dawn in the rhythm of you.
"Whispers of wind through the green-lit trees,",trees,breeze,trees,True,Softly they murmur secrets to the breeze.,Softly they murmur secrets to the breeze.
"In whispers woven, the dagger finds its rest,",rest,breast,breast,True,"Beneath the moon's cold, watchful breast.","Beneath the moon's cold, watchful breast."
"With dawn’s first light, a heart begins to know,",know,we,glow,False,"The world is waking, and so do we.","The world is waking, and so do we."
"Like shadows twins upon the heart,",heart,part,start,True,"They linger close, yet never part.","They linger close, yet never part."
"Like dawn embraces twilight’s fading sigh,",sigh,die,sigh,True,So too does love in parting learn to die.,So too does love in parting learn to die.
"Winds of freedom whisper through chains that groan,",groan,known,stone,True,And hope ignites the spark that will soon be known.,And hope ignites the spark that will soon be known.
"Whispers of forever carved in bones unseen,",unseen,unseem,unseen,False,Echoes of a love that time cannot unseem.,Echoes of a love that time cannot unseem.
"Like dawn breaking silently on a heart unknown,",unknown,born,stone,False,Like twilight fading softly where the stars are born.,Like twilight fading softly where the stars are born.
"The sweetness of trust can hold a thousand lies,",lies,tied,dies,False,"But truth, once broken, can't be tied.","But truth, once broken, can't be tied."
"The chains of silence clank beneath the breath of rebels' cries,",cries,disguise,dies,True,The dawn of freedom breaks where shadows once disguise.,The dawn of freedom breaks where shadows once disguise.
"Bitter chocolate on a honeyed tongue,",tongue,young,clung,True,"Sweet sorrow lingers, long and young.","Sweet sorrow lingers, long and young."
"Whispers of spring in winter's last sigh,",sigh,sky,sigh,True,A fleeting bloom beneath the pale sky.,A fleeting bloom beneath the pale sky.
"In tangled hearts, two vows entwine,",entwine,divine,entwine,True,"In whispered dreams, a love divine.","In whispered dreams, a love divine."
"Truth wears a mask of light, yet deception shimmers bare,",bare,bare,despair,False,"In shadows, hearts are laid to bare.","In shadows, hearts are laid to bare."
"In twilight’s grasp, where shadows cling,",cling,sing,sing,True,The stars begin to softly sing.,The stars begin to softly sing.
"Whispers weave where wild hearts run free,",free,lie,sea,False,"Beneath the stars, the secrets lie.","Beneath the stars, the secrets lie."
"Beneath soft words, the dagger of truth may gleam,",gleam,redeem,stream,True,Yet silence speaks where honest hearts redeem.,Yet silence speaks where honest hearts redeem.
"Winds of liberty weep through the chains of the night,",night,fight,light,True,And dawn breaks silent with the weight of the fight.,And dawn breaks silent with the weight of the fight.
"In twilight’s breath, where shadows softly sway,",sway,away,grey,True,The stars begin to whisper dreams away.,The stars begin to whisper dreams away.
"Beneath the storm of silent rage, tempests thrive in beating veins,",veins,sustains,remains,True,"A heart once whole now fractures, torn by shadows it sustains.","A heart once whole now fractures, torn by shadows it sustains."
"Whispers of yesterday linger in the dust of forgotten rooms,",rooms,roams,rooms,False,Echoes of laughter fade where silence now roams.,Echoes of laughter fade where silence now roams.
"In shadows of the past, my heart repeats an ancient song,",song,on,belong,False,"Of love and loss, where echoes linger on.","Of love and loss, where echoes linger on."
"Justice wears a crown of light, injustice, shadows in disguise,",disguise,night,dies,False,But truth will pierce the darkest night.,But truth will pierce the darkest night.
"In the silent chambers where dread and dread dwell,",dwell,tell,dwell,True,The shadows whisper secrets none can tell.,The shadows whisper secrets none can tell.
"Whispers of the wind through ancient boughs,",boughs,vows,boughs,True,Echoes of the past in rustling vows.,Echoes of the past in rustling vows.
"Beneath the mirror’s gaze, a thousand whispered names awake,",awake,make,awake,True,Each one a shadow of the self I once did make.,Each one a shadow of the self I once did make.
"Beneath soft words, the dagger of truth may gleam,",gleam,redeem,stream,True,Yet silence speaks where honest hearts redeem.,Yet silence speaks where honest hearts redeem.
"Friendship is the sun that melts the snow,",snow,know,glow,True,And warms the heart with light we know.,And warms the heart with light we know.
"A flawless rose still trembles in the storm,",storm,thorn,storm,False,Its petals whisper secrets to the thorn.,Its petals whisper secrets to the thorn.
"My name may fade, but my shadow shall sing,",sing,swing,sing,True,Of echoes that linger where the wind does swing.,Of echoes that linger where the wind does swing.
"Time-honored flames meet electric skies,",skies,lies,dies,True,"In silent dance, the future lies.","In silent dance, the future lies."
"Each wrinkle etched is a tale the sun has read,",read,tread,creed,True,Each line a verse where time and memory tread.,"Each wrinkle etched is a tale the sun has read,  
Each line a verse where time and memory tread."
"The tempest rages where restraint once tread,",tread,held,thread,False,And chaos claims the throne that reason held.,And chaos claims the throne that reason held.
"Beneath the mask I’ve worn for years, a silent echo stirs, unknown,",unknown,whole,stone,False,"A whisper growing louder, soon to break the surface whole.","A whisper growing louder, soon to break the surface whole."
"In the quiet hours, when stars hold their breath,",breath,unrest,breath,False,The world whispers secrets in gentle unrest.,The world whispers secrets in gentle unrest.
"In every flaw, the light of perfection gleams,",gleams,dream,dreams,False,And every shadow holds a brighter dream.,And every shadow holds a brighter dream.
"Whispers roam where wild things wander,",wander,wonder,wander,False,And shadows dance in moonlit wonder.,And shadows dance in moonlit wonder.
"With trembling hand I light the fire,",fire,pyre,desire,True,And watch the flames consume the pyre.,And watch the flames consume the pyre.
"Whispers of velvet dance with crimson skies,",skies,eyes,dies,True,A waltz of shadows 'neath the moon's soft eyes.,A waltz of shadows 'neath the moon's soft eyes.
"In the quiet heartbeat of the morning light,",light,bright,light,True,The world awakes in whispers soft and bright.,The world awakes in whispers soft and bright.
"Brushstrokes of thought dance where wild imagination thrives,",thrives,lives,thrives,True,"In colors unseen, the soul finds its lives.","In colors unseen, the soul finds its lives."
A flawless curve holds cracks unseen—,unseen,skin,unseen,False,A silent storm beneath the skin.,A silent storm beneath the skin.
"A whispered truth can sever ties spun tight,",tight,might,light,True,But silence often binds with deeper might.,But silence often binds with deeper might.
"In shadowed halls where whispers cling,",cling,sing,sing,True,A silent dread begins to sing.,A silent dread begins to sing.
"In the shadow of the night, hope whispers light,",light,bright,light,True,And guides the soul through darkness to the bright.,And guides the soul through darkness to the bright.
"Where whispering forests pulse with life,",life,strife,knife,True,And shadows dance in moonlit strife.,And shadows dance in moonlit strife.
"Beneath the moon’s unblinking eye, I start upon the road,",road,lie,code,False,Where shadows dance and secrets lie.,Where shadows dance and secrets lie.
"In the attic of the heart, old echoes still stir,",stir,flight,stir,False,Whispers of dreams that once took flight.,Whispers of dreams that once took flight.
"A heartbeat hums where two souls entwine,",entwine,night,entwine,False,A whisper echoes through the night.,A whisper echoes through the night.
"Two hearts entwined, one path they tread,",tread,spread,thread,True,"Through love's embrace, their journey's spread.","Through love's embrace, their journey's spread."
"Whispers of wind weave through skies of change,",change,range,change,True,A dance of shadows in twilight's strange range.,A dance of shadows in twilight's strange range.
"Colors whisper where the silent brushes dance,",dance,erase,dance,False,Shadows waltz in hues that time cannot erase.,Shadows waltz in hues that time cannot erase.
"Old hands shaping clay, new screens shape the mind,",mind,time,wind,False,"But both mold the future, one touch at a time.","Old hands shaping clay, new screens shape the mind,  
But both mold the future, one touch at a time."
"Beneath the mask I’ve worn for years, a stranger whispers in my ears,",ears,clear,years,False,"A voice that echoes, soft and clear.","A voice that echoes, soft and clear."
"In whispers of the soul, where light and longing entwine,",entwine,pine,entwine,True,A dance of shadows stirs beneath the silent pine.,A dance of shadows stirs beneath the silent pine.
"Through mirrors of memory, I search for the face that time forgot,",forgot,whole,forgot,False,But shadows refuse to reveal what light once made them whole.,But shadows refuse to reveal what light once made them whole.
"Justice whispers truth, but injustice roars, drowning right in the storm of its force,",force,floor,force,False,And bends the knee of the brave to the floor.,And bends the knee of the brave to the floor.
"In whispered woods where shadow plays,",plays,sway,maze,False,A secret song begins to sway.,A secret song begins to sway.
"The ghost of yesterday whispers through the keys of time,",time,grim,time,False,"A melody of memories, both sweet and grim.","A melody of memories, both sweet and grim."
"A whisper of warmth that the heart cannot hide,",hide,night,collide,False,A flicker of light in the shadows of night.,A flicker of light in the shadows of night.
"In shadowed scales, the scales of truth bend—",bend,mend,blend,True,"In whispered weights, the heart is mend—","In whispered weights, the heart is mend—"
"In shadowed woods where whispers prowl,",prowl,moon,prowl,False,A lone wolf howls beneath the moon.,A lone wolf howls beneath the moon.
"In vows woven tight, two hearts intertwine,",intertwine,shine,entwine,True,"Through time's gentle flow, their love will shine.","Through time's gentle flow, their love will shine."
"The years fold like pages in a gently-worn tome,",tome,known,home,False,Each one a chapter of a life well-known.,Each one a chapter of a life well-known.
"Two souls entwined in time’s soft thread,",thread,pledge,thread,False,Their hearts beat one in love’s sweet pledge.,"Two souls entwined in time’s soft thread,  
Their hearts beat one in love’s sweet pledge."
"Whispers of winter melt into spring's gentle rise,",rise,lay,dies,False,Blossoms awaken where the frost once lay.,Blossoms awaken where the frost once lay.
"In city's hum or meadow's hush,",hush,trust,hush,False,The heart finds peace in either's trust.,The heart finds peace in either's trust.
"Carved in stone or whispered through time,",time,chime,time,True,"Its story remains, though the voices may chime.","Its story remains, though the voices may chime."
"Laughter echoes where the fireflies danced,",danced,glanced,danced,True,Beneath the stars that softly glanced.,Beneath the stars that softly glanced.
"Love is the thread that weaves through all we are,",are,far,are,True,"Binding our hearts, both near and far.","Binding our hearts, both near and far."
"Time drifts like ash on a fading wick,",wick,stuck,wick,False,And shadows stretch where the light once stuck.,And shadows stretch where the light once stuck.
"The hourglass bleeds its final grain,",grain,strain,rain,True,The clockwork heart ceases its strain.,The clockwork heart ceases its strain.
"A glance can spark a flame that time won’t quench,",quench,tend,quench,False,A whisper can ignite a fire that love will tend.,A whisper can ignite a fire that love will tend.
"When cannons roared at Waterloo's dawn,",dawn,yawn,dawn,True,The fields were drenched in crimson yawn.,The fields were drenched in crimson yawn.
"A dance of spices on the tongue's sweet stage,",stage,cage,rage,True,A symphony of flavors in a fragrant cage.,A symphony of flavors in a fragrant cage.
"Like thunder caged in silent breath,",breath,death,breath,True,"It trembles, waiting for the death.","It trembles, waiting for the death."
"In whispered lies where trust was sworn,",sworn,burned,born,False,"The heart grew cold, yet still it burned.","The heart grew cold, yet still it burned."
"Whispers of winter to summer's embrace,",embrace,romance,embrace,False,A fleeting romance.,A fleeting romance.
"Old hymns hummed by ancient fires, now duet with the drone of wires,",wires,swirl,wires,False,Digital ghosts in circuits swirl.,Digital ghosts in circuits swirl.
"We are threads in the fabric of many voices one,",one,tone,spun,False,"Yet each strand holds a story, woven with hope and tone.","We are threads in the fabric of many voices one,  
Yet each strand holds a story, woven with hope and tone."
"In flawless cracks, the light slips through,",through,speak,new,False,And whispers secrets only truth can speak.,And whispers secrets only truth can speak.
"A silent nod speaks volumes when the world is still,",still,shrill,still,True,A whispered word can echo louder than a shrill.,A whispered word can echo louder than a shrill.
"In flaw's soft glow, perfection finds its dawn,",dawn,drawn,dawn,True,Where shadows fade and light is softly drawn.,Where shadows fade and light is softly drawn.
"In silvered tongues, the serpent lies,",lies,skies,dies,True,"In whispered schemes, it tempts the skies.","In whispered schemes, it tempts the skies."
"In twilight's breath, hope whispers through despair's bitter ache,",ache,sway,awake,False,And stars ignite where shadows once held sway.,And stars ignite where shadows once held sway.
"Where hearthlight dances on the walls I know,",know,old,glow,False,That shadows whisper tales of old.,That shadows whisper tales of old.
"Beneath the stars where night winds whisper dreams,",dreams,stream,dreams,False,"The moonlight weaves a silent, silver stream.","The moonlight weaves a silent, silver stream."
"Rooted in rhythm, threads of tradition weave,",weave,deep,weave,False,"A tapestry of time, both strong and deep.","A tapestry of time, both strong and deep."
"In shadows deep where light is shy,",shy,lie,sigh,True,Whispers dance and secrets lie.,Whispers dance and secrets lie.
"Where shadowed scales of justice sway,",sway,gray,grey,True,And truth is lost in murky gray.,And truth is lost in murky gray.
"Whispers of laughter dance on the breeze,",breeze,keeps,trees,False,Soft as the dreams that the night still keeps.,Soft as the dreams that the night still keeps.
"A hearth’s soft glow where scattered memories dwell,",dwell,shell,dwell,True,Whispers of laughter echo through the shell.,"A hearth’s soft glow where scattered memories dwell,  
Whispers of laughter echo through the shell."
"Where shared breath paints the air,",air,flight,despair,False,And whispered words take flight.,And whispered words take flight.
"Silent thief of moment and dream,",dream,scream,stream,True,Stealing time without a scream.,Stealing time without a scream.
"In quiet hearts where whispered prayers take flight,",flight,night,light,True,Soft hopes are born in the still of night.,Soft hopes are born in the still of night.
"Whispers of light where the soul finds its name,",name,flame,name,True,"In silence it dances, a flame without flame.","In silence it dances, a flame without flame."
"Beneath the moon's soft, whispering glow,",glow,know,glow,True,I trace the dreams that only you know.,I trace the dreams that only you know.
"Echoes of laughter drift through hollowed streets where silence claims the night,",night,erase,light,False,And shadows dance with memories that time cannot erase.,And shadows dance with memories that time cannot erase.
"Beneath the sky where childhood dreams take flight,",flight,sight,light,True,We chase the stars with wonder in our sight.,We chase the stars with wonder in our sight.
"Beneath the mask where whispers play,",play,gray,grey,True,A heart still beats in shadowed gray.,A heart still beats in shadowed gray.
"The sky weaves tales in gray or blue,",blue,trees,new,False,The wind whispers secrets through the trees.,The wind whispers secrets through the trees.
"Beneath the tower's shadow or the willow's swaying sweep,",sweep,sleep,sweep,True,I hear the whispers of the dreams that sleep.,I hear the whispers of the dreams that sleep.
"Beneath the boughs where twilight softly sighs,",sighs,tapestry,dies,False,The moonlight weaves a silver tapestry.,The moonlight weaves a silver tapestry.
"Through the years, like roots that intertwine,",intertwine,time,entwine,False,"We've grown stronger, bound by time.","We've grown stronger, bound by time."
"The old oak groans beneath the neon sky,",sky,denied,sigh,False,Its roots entwined with secrets long denied.,Its roots entwined with secrets long denied.
"Shadows of steel whisper through the night,",night,fight,light,True,Echoes of battle ignite the fight.,Echoes of battle ignite the fight.
"Whispers of winds through the ages have blew,",blew,dew,new,True,Carving their stories in stone and in dew.,Carving their stories in stone and in dew.
"Roots entwined where hearts beat as one,",one,knows,spun,False,Leaves whisper secrets only the sun knows.,Leaves whisper secrets only the sun knows.
"In every flaw, a shadow of perfection’s light hides deep,",deep,sleeps,sweep,False,"In every tear, a whisper of a brighter dawn still sleeps.","In every flaw, a shadow of perfection’s light hides deep,  
In every tear, a whisper of a brighter dawn still sleeps."
"In quiet whispers, the soul's prayers rise,",rise,lies,dies,True,"To the heavens, where pure light lies.","To the heavens, where pure light lies."
"Whispers of winds through ancient and new,",new,dew,new,True,Carve secrets into the morning dew.,Carve secrets into the morning dew.
"With brushes dipped in whispered dreams,",dreams,streams,dreams,True,I paint the world in silent streams.,I paint the world in silent streams.
"Whispers of time in the dust of the past,",past,vast,past,True,Echoes of laughter in memories vast.,Echoes of laughter in memories vast.
"Whispers of wind through a warming world's sigh,",sigh,sky,sigh,True,Soft echoes of change in the twilight sky.,Soft echoes of change in the twilight sky.
"Threads of love woven through years of the same loom,",loom,gloom,bloom,True,"A tapestry of moments, both joy and gloom.","A tapestry of moments, both joy and gloom."
"The dusk of life casts shadows long,",long,along,belong,True,The dawn of memory still sings along.,The dawn of memory still sings along.
"Roots entwined in shared heartbeat and story,",story,sky,story,False,Branches reaching toward a common sky.,Branches reaching toward a common sky.
"Embers of rage beneath the skin,",skin,sleeps,spin,False,A silent storm that never sleeps.,A silent storm that never sleeps.
"Where scales of justice tip with tears of plight,",plight,light,light,True,And hope is balanced on a thread of light.,And hope is balanced on a thread of light.
"In shackles forged by silent fear,",fear,steer,dear,True,I walk the path where shadows steer.,I walk the path where shadows steer.
"Shadows stretch where laughter once resided,",resided,untried,resided,False,"Now silence lingers, heavy and untried.","Now silence lingers, heavy and untried."
"Roots etched deep in ancient songs,",songs,dawn,songs,False,Branches reaching toward the dawn.,Branches reaching toward the dawn.
"The old oaks whisper tales to new steel skyscrapers,",skyscrapers,rise,skyscrapers,False,Of ancient roots and futures yet to rise.,Of ancient roots and futures yet to rise.
"Though flesh may fade and time may roar,",roar,soar,soar,True,"Yet love remains, and hearts still soar.","Yet love remains, and hearts still soar."
"Whispers of spice dance on eager tongues,",tongues,throng,tongues,False,Crimson and gold in the moon's soft throng.,Crimson and gold in the moon's soft throng.
"A crown of thunder, a fist clenched tight,",tight,light,light,True,A heart ablaze with righteous light.,A heart ablaze with righteous light.
"In whispers of brushstroke and melody's breath,",breath,ballet,breath,False,The world holds its breath in a silent ballet.,The world holds its breath in a silent ballet.
"Wheels spin beneath the dawn's first glow,",glow,knows,glow,False,A silent promise only the road knows.,A silent promise only the road knows.
"First love is a whisper the stars dare not steal,",steal,seal,kneel,True,"But a heartbeat away, it can break every seal.","But a heartbeat away, it can break every seal."
"Ancient rites in twilight’s fade,",fade,wade,stayed,True,Whispers drift where shadows wade.,Whispers drift where shadows wade.
"The hands of morning trace the sand,",sand,strands,sand,False,The dawn unfolds in golden strands.,The dawn unfolds in golden strands.
"Beneath soft lips, lies wear the mask of light,",light,bite,light,True,"Yet in their shadow, secrets softly bite.","Beneath soft lips, lies wear the mask of light,  
Yet in their shadow, secrets softly bite."
"In whispered hopes, the heart sets sail,",sail,trail,exhale,True,Through dreams that shimmer on the trail.,Through dreams that shimmer on the trail.
"Whispers echo in the hollow of an unshared breath,",breath,stars,breath,False,A silence deeper than the void between the stars.,A silence deeper than the void between the stars.
"The reaper's scythe whispers through the clover,",clover,sorrow,clover,False,And autumn's breath turns every leaf to sorrow.,And autumn's breath turns every leaf to sorrow.
"Shadows claim the hearts we held dear, silent as a whispered prayer,",prayer,year,despair,False,Fading with the light of the year.,Fading with the light of the year.
"In whispered light, our hearts ignite with visions yet unfurled,",unfurled,uncurled,unfurled,False,A dance of dreams where time and longing are uncurled.,A dance of dreams where time and longing are uncurled.
"Beneath soft lies, the truth in shadows breathes,",breathes,perceive,breathes,False,And whispers secrets only stars perceive.,And whispers secrets only stars perceive.
"A mirror of the soul in shadows cast,",cast,past,past,True,A whisper of the heart's unspoken past.,A whisper of the heart's unspoken past.
"A hearth where whispers of the past remain,",remain,again,rain,True,A flame that flickers with memories again.,A flame that flickers with memories again.
"I traced my shadow 'cross a mirrored night,",night,light,light,True,And watched it dance with every light.,And watched it dance with every light.
"A cradle’s whisper, threads through time,",time,dies,time,False,A lullaby that never dies.,A lullaby that never dies.
"Winds whisper secrets of roads seldom tred,",tred,unsaid,tred,False,And stars blink answers to questions unsaid.,And stars blink answers to questions unsaid.
"The torch of time ignites in flashes bold,",bold,told,told,True,A tale of fire and shadow told.,A tale of fire and shadow told.
"Winds of freedom whisper through chains of oppression's night,",night,light,light,True,Hope ignites the spark that turns darkness into light.,Hope ignites the spark that turns darkness into light.
"Winds of the world whisper through wandering feet,",feet,complete,deceit,True,Guiding the soul to a destiny complete.,Guiding the soul to a destiny complete.
"Whispers of time etch echoes on the stone,",stone,sown,stone,True,A silent hymn where memories are sown.,A silent hymn where memories are sown.
"Seconds crawl like shadows long,",long,song,belong,True,Minutes stretch with silent song.,Minutes stretch with silent song.
"In twilight’s grasp, where shadows whisper truths,",truths,youth,truths,False,The stars ignite with silent youth.,The stars ignite with silent youth.
"Beneath soft words, the shadow of a lie may tread,",tread,hide,thread,False,But truth will rise where silence cannot hide.,But truth will rise where silence cannot hide.
"When whispered vows in shadows part,",part,start,start,True,A heart's first flame begins to start.,A heart's first flame begins to start.
"Whispers of the wind through ancient trees,",trees,leaves,trees,False,Echoes of the past in rustling leaves.,Echoes of the past in rustling leaves.
"Beneath a sky where stars won’t listen, silent screams fold into rusted time,",time,climb,time,True,And shadows hum the dirge of dreams long lost to night's unyielding climb.,And shadows hum the dirge of dreams long lost to night's unyielding climb.
"In whispers of light, the soul finds its rhyme,",rhyme,time,time,True,"In echoes of stars, it dances with time.","In echoes of stars, it dances with time."
"Joy dances lightly on the breeze of life,",life,time,knife,False,Hope whispers sweetly through the trees of time.,Hope whispers sweetly through the trees of time.
"In starlit whispers, hopes take flight,",flight,night,light,True,"Through dreams so vast, they touch the night.","Through dreams so vast, they touch the night."
"Where pigment meets vision, ideas take flight,",flight,flight,light,False,"In strokes of color, the soul takes its flight.","In strokes of color, the soul takes its flight."
"Pack the dawn in a suitcase of stars,",stars,mars,stars,True,And journey through the night with a heart of Mars.,And journey through the night with a heart of Mars.
"Time etches its tale in the lines of our hands,",hands,stand,strands,False,But memory paints the story that time cannot stand.,But memory paints the story that time cannot stand.
"In quiet whispers, the divine awakes,",awakes,breaks,awakes,False,And light unfolds in sacred breaks.,And light unfolds in sacred breaks.
"In strokes of light, the soul begins to sing,",sing,mend,sing,False,"In whispers soft, the heart begins to mend.","In whispers soft, the heart begins to mend."
"Soft laughter lingers in the dust of old summer days,",days,light,maze,False,When twilight whispers secrets to the fading light.,When twilight whispers secrets to the fading light.
"In the shadow of the storm, a fragile light is born,",born,form,born,False,"A whisper through the dark, it dares to take its form.","A whisper through the dark, it dares to take its form."
"A hollow silence where their laughter roamed,",roamed,home,roamed,False,Now echoes haunt the halls they once called home.,Now echoes haunt the halls they once called home.
"With a heart aglow and the road ahead,",ahead,speed,thread,False,I'll journey on with courage and speed.,I'll journey on with courage and speed.
"Stars whisper the hopes our hearts dared to send,",send,mend,blend,True,Moon cradles the dreams that the night can't mend.,Moon cradles the dreams that the night can't mend.
"In shadows deep, my racing heart does tread,",tread,fed,thread,True,Where whispered fears and silent hopes are fed.,Where whispered fears and silent hopes are fed.
"Two hearts entwined where promises gently gleam,",gleam,beam,stream,True,A dance of souls in twilight's tender beam.,"Two hearts entwined where promises gently gleam,  
A dance of souls in twilight's tender beam."
"When tempers flare like storms in prime,",prime,chime,time,True,"Hearts crack like thunder, loud and chime.","Hearts crack like thunder, loud and chime."
"Shadows rise where once there stood the light of peace,",peace,grief,peace,False,Hope falls silent in the wake of endless grief.,Hope falls silent in the wake of endless grief.
"Whispers of velvet, symphonies in hue,",hue,true,new,True,"Dancing through twilight, soft and true.","Dancing through twilight, soft and true."
"A bond unseen, yet ever so true,",true,knew,new,True,A silence that speaks in a language we knew.,A silence that speaks in a language we knew.
"In the clash of chains and open sky,",sky,lies,sigh,False,A soul is forged where freedom lies.,A soul is forged where freedom lies.
"Beneath the tempest of a thunderous chest,",chest,rest,breast,True,A whisper of courage finds its rest.,A whisper of courage finds its rest.
"Winds of liberty whistle through chains rusting in the dawn,",dawn,reborn,dawn,False,And freedom's first light breaks upon a world reborn.,And freedom's first light breaks upon a world reborn.
"Roots tangled in stories, passed through time's gentle hands,",hands,commands,strands,True,Leaves whispering secrets to the wind's soft commands.,Leaves whispering secrets to the wind's soft commands.
"A shadow stirs where light once lingered,",lingered,slumbered,lingered,False,A whisper grows where silence slumbered.,A whisper grows where silence slumbered.
"The road is a verse the world keeps reciting,",reciting,heart,reciting,False,And every step echoes with a new beating heart.,And every step echoes with a new beating heart.
"Spring whispers life as winter drifts away,",away,day,grey,True,"Summer arrives with a warm, golden day.","Summer arrives with a warm, golden day."
"Steel canyons pulse with midnight’s electric hymn,",hymn,begin,hymn,False,Neon shadows dance where the city's dreams begin.,Neon shadows dance where the city's dreams begin.
"Wings of dawn kissed the open road,",road,glow,code,False,A whisper of hope in the morning's glow.,A whisper of hope in the morning's glow.
"In the mirror of memory, my heritage quietly sings,",sings,kings,strings,True,A tale woven in whispers of ancient kings.,A tale woven in whispers of ancient kings.
"Whispers of laughter on a summer breeze,",breeze,trees,trees,True,Dancing through the trees.,Dancing through the trees.
"Truth wears a crown of dust, while lies wear gilded boots,",boots,storm,boots,False,But truth walks barefoot through the storm.,But truth walks barefoot through the storm.
"I clenched the storm, yet whispered to the leaf—",leaf,grief,leaf,True,Let it dance in the breath of the grief.,Let it dance in the breath of the grief.
"Roots etched in history's page, I dance in the rain of many a culture's strange, yet tender rage,",rage,collide,rage,False,"A symphony of shadows, where old and new collide.","A symphony of shadows, where old and new collide."
"Like whispers through the dust of days long past,",past,breath,past,False,They echo softly in the heart's last breath.,They echo softly in the heart's last breath.
"We find our roots where heartbeats align,",align,design,entwine,True,"In rhythms deep, the soul's design.","In rhythms deep, the soul's design."
"Whispers of winter melt to spring’s gentle sigh,",sigh,lay,sigh,False,Blossoms awaken where the frost once lay.,Blossoms awaken where the frost once lay.
"A bond unseen, yet stronger than time,",time,thin,time,False,A silence that speaks when words run thin.,A silence that speaks when words run thin.
"In whispered woods where shadows play,",play,sway,grey,True,A secret breeze begins to sway.,A secret breeze begins to sway.
"Roots etched in ancient tongues and modern skies,",skies,lies,dies,True,Echoes of the past where future lies.,Echoes of the past where future lies.
"Fury burns where calm once lay,",lay,day,grey,True,Storms of rage shake the sky to day.,Storms of rage shake the sky to day.
"In quiet hearts where light eternal stays,",stays,praise,maze,True,The dawn of peace in silent praise.,The dawn of peace in silent praise.
"Through storm and still, a bond held true,",true,anew,new,True,"Through trial and triumph, love grew anew.","Through trial and triumph, love grew anew."
"Beneath the boughs of time’s slow-growing tree,",tree,be,sea,True,We trace the roots of memories yet to be.,We trace the roots of memories yet to be.
"As the world tilts toward new eyes, the dawn claims its sunrise,",sunrise,sigh,dies,False,And shadows retreat with the night's quiet sigh.,And shadows retreat with the night's quiet sigh.
"Whispers of liberty rise where shadowed chains once clung,",clung,young,clung,True,And hope ignites the hearts of those who dared to dream them young.,And hope ignites the hearts of those who dared to dream them young.
"Beneath the brush, where colors breathe,",breathe,weave,breathe,False,A world of dreams begins to weave.,A world of dreams begins to weave.
"In the mirror of the soul, shadows dance with light,",light,shine,light,False,"And in the quiet heart, the truth begins to shine.","And in the quiet heart, the truth begins to shine."
"Bubbles rise in morning’s gleam, laughter hums in dreams,",dreams,stream,dreams,False,Soft whispers dance on the stream.,Soft whispers dance on the stream.
"In twilight’s embrace, the heart stands between dawn and oblivion,",oblivion,division,oblivion,False,A whisper of hope in the shadowed division.,A whisper of hope in the shadowed division.
"In the quiet cradle of memory’s embrace,",embrace,face,embrace,True,I trace the echoes of a forgotten face.,I trace the echoes of a forgotten face.
"A hearth's soft glow where whispers rest,",rest,flight,breast,False,A moment's peace before the night takes flight.,"A hearth's soft glow where whispers rest,  
A moment's peace before the night takes flight."
"In starlit whispers, our hearts set sail,",sail,fail,exhale,True,"Through dreams so vast, we dare to fail.","Through dreams so vast, we dare to fail."
"Whispers of ambition on night's soft sail,",sail,wail,exhale,True,"Dreams drift on the breeze, a silent wail.","Dreams drift on the breeze, a silent wail."
"Whispers of the wind through ancient trees,",trees,leaves,trees,False,Echoes of the past in rustling leaves.,Echoes of the past in rustling leaves.
"Bitter, sweet, the flavors dance,",dance,chance,dance,True,On tongues that dare to taste the chance.,On tongues that dare to taste the chance.
"In the quiet whispers where the heart meets the divine,",divine,time,entwine,False,A soul finds its rhythm in the stillness of time.,A soul finds its rhythm in the stillness of time.
"The dagger of betrayal shines where trust once bloomed in the moon’s pale light,",light,night,light,True,The shadow of deceit now dances with the night.,The shadow of deceit now dances with the night.
"Shadows of steel descend upon the land,",land,hand,sand,True,A silent storm with no hand.,A silent storm with no hand.
Whispers of rustle in a rainbow’s embrace—,embrace,grace,embrace,True,A dance of the wind through the trees' soft grace.,A dance of the wind through the trees' soft grace.
"Grandmother's hymns still hum in the walls, yet the internet sings through the smartphones of us all,",all,the,fall,False,"her stories fade as pixels bloom, but the","Grandmother's hymns still hum in the walls, yet the internet sings through the smartphones of us all,  
her stories fade as pixels bloom, but the"
"Though bones to dust and whispers fade to air,",air,impair,despair,True,"Yet love remains, a flame that time cannot impair.","Yet love remains, a flame that time cannot impair."
"In whispers of forever, two hearts entwine,",entwine,fade,entwine,False,"A dance through the stars, where love will never fade.","A dance through the stars, where love will never fade."
"Concrete hums where the streetlamps breathe,",breathe,breeze,breathe,False,And shadows dance in the neon breeze.,And shadows dance in the neon breeze.
"Whispers of spring in the frost’s last breath,",breath,depth,breath,False,A promise of bloom in the thawing depth.,A promise of bloom in the thawing depth.
"Beneath the same sky, two shadows conspire—",conspire,fire,desire,True,"One reaching for light, the other for fire.","One reaching for light, the other for fire."
"In the quiet rhythm of a shared heartbeat, family roots hold fast to time,",time,rhyme,time,True,"Through seasons turned and stories told, love remains the constant rhyme.","In the quiet rhythm of a shared heartbeat, family roots hold fast to time,  
Through seasons turned and stories told, love remains the constant rhyme."
"The silent ache where laughter once was heard,",heard,absurd,heard,True,The empty echo of a love absurd.,The empty echo of a love absurd.
"In the shadow of cannon's cry, dreams lie battered and torn under sky,",sky,dawn,sigh,False,"Yet hope whispers softly, a fragile dawn.","Yet hope whispers softly, a fragile dawn."
"With trembling hand, I reach beyond the light of childhood’s flame,",flame,name,name,True,To grasp the shadows where my dreams and fears still name.,To grasp the shadows where my dreams and fears still name.
"In flawless cracks, the light finds its way,",way,plays,grey,False,"Through shadowed stones, it dances and plays.","Through shadowed stones, it dances and plays."
"Perfection hums in flawless lines, imperfection dances there by design,",design,divine,entwine,True,A symphony of flaws makes beauty ever so divine.,A symphony of flaws makes beauty ever so divine.
"Whispers of autumn kiss the fading light,",light,glow,light,False,Leaves dance in gold beneath the pale moon's glow.,Leaves dance in gold beneath the pale moon's glow.
"In the weave of voices, threads of kinship shine,",shine,align,entwine,True,A tapestry woven where all hearts align.,A tapestry woven where all hearts align.
"Concrete hums where the city dreams,",dreams,seams,dreams,True,Steel whispers secrets through the seams.,Steel whispers secrets through the seams.
"Laughter echoing through the fields of my youth,",youth,rush,youth,False,Memories dancing where the wild winds rush.,Memories dancing where the wild winds rush.
"The clock's silent hands carve shadows on the wall,",wall,old,fall,False,The fading light whispers tales of days grown old.,The fading light whispers tales of days grown old.
"Amid the city's thunder or the countryside's hush,",hush,rush,hush,True,"I find my peace in moments, not in places of rush.","I find my peace in moments, not in places of rush."
"Whispers of winter melt into the breath of spring’s soft rise,",rise,light,dies,False,A symphony of blossoms greets the dawn’s returning light.,A symphony of blossoms greets the dawn’s returning light.
"Wings of dawn struggle against the night's iron chain,",chain,reign,rain,True,But hope ignites where shadows reign.,But hope ignites where shadows reign.
"Laughter echoed beneath the willow tree,",tree,breeze,sea,False,As whispers danced on the evening breeze.,As whispers danced on the evening breeze.
"Two hearts entwined where vows are sown,",sown,alone,stone,True,"In love's embrace, they’re never alone.","In love's embrace, they’re never alone."
"Two hearts entwined, a vow so true,",true,through,new,True,"Through every storm, we’ll weather through.","Two hearts entwined, a vow so true,  
Through every storm, we’ll weather through."
"Neon hums where the tall buildings rise,",rise,skies,dies,True,Reflections dance in the midnight skies.,"Neon hums where the tall buildings rise,  
Reflections dance in the midnight skies."
"I wandered through the echoes of my name,",name,flame,name,True,And found the silence louder than the flame.,And found the silence louder than the flame.
"Whispers of winter melt to spring's gentle breath,",breath,rest,breath,False,"Awakening life from the cold, long rest.","Awakening life from the cold, long rest."
"In silent crowds, we pass like shadows through a fractured night,",night,flight,light,True,"Each step a whisper, lost in endless flight.","Each step a whisper, lost in endless flight."
"The whispering winds through ancient trees sigh,",sigh,above,sigh,False,A lullaby for the stars above.,A lullaby for the stars above.
"The storm inside begins to roar,",roar,shore,soar,True,And silence fades beneath the shore.,And silence fades beneath the shore.
"In shadowed palms, where empires rise and crumble,",crumble,time,crumble,False,Their echoes whisper through the dust of time.,Their echoes whisper through the dust of time.
"Each year a whisper, time's soft tread,",tread,spread,thread,True,"A fleeting shadow, gently spread.","Each year a whisper, time's soft tread,  
A fleeting shadow, gently spread."
"Thunder rolls within my chest, a storm no sky can hold,",hold,told,told,True,Lightning cracks the silence where my heart once softly told.,Lightning cracks the silence where my heart once softly told.
"A hearth of memories where the heart’s whispers stay,",stay,way,grey,True,A sanctuary warm where the soul finds its way.,"A hearth of memories where the heart’s whispers stay,  
A sanctuary warm where the soul finds its way."
"In brushstrokes and dreams, the soul begins to sing,",sing,wing,sing,True,"In whispers of light, the heart finds where it's meant to wing.","In whispers of light, the heart finds where it's meant to wing."
"The world turns on the flick of a flame, then chokes on the wind's empty name,",name,fame,name,True,And drowns in the shadow of its own fame.,And drowns in the shadow of its own fame.
"In whispered prayers, the soul takes flight,",flight,night,light,True,Beyond the veil of mortal night.,Beyond the veil of mortal night.
"My heritage sings in the rhythm of my breath,",breath,ancestors,breath,False,My soul echoes with the stories of my ancestors.,My soul echoes with the stories of my ancestors.
"Amidst the dust of ages past,",past,last,past,True,Lies the whisper of a silent last.,Lies the whisper of a silent last.
"Ancestors' whispers clash with the hum of smart machines,",machines,dreams,machines,False,Echoes of tradition fade in the glow of neon dreams.,Echoes of tradition fade in the glow of neon dreams.
"In quiet moments, hearts speak true—",true,undo,new,True,In whispered words that time can't undo.,In whispered words that time can't undo.
"I placed my faith in the hands I knew best,",best,rest,breast,True,But they led me where the shadows grew rest.,But they led me where the shadows grew rest.
"Thunderclaps in leaders' throats, silence gnaws the weak their bones,",bones,flown,bones,False,Hope flickers where the brave have flown.,Hope flickers where the brave have flown.
"Where silhouettes of chains cling tight to dawn,",dawn,light,dawn,False,And shadows whisper promises of light.,And shadows whisper promises of light.
"Whispers of the past drift through forgotten lanes,",lanes,remain,remains,False,Where echoes of old dreams still softly remain.,Where echoes of old dreams still softly remain.
"A whisper of dawn in the heart’s first tender spring,",spring,yield,sing,False,A blush on the horizon where night begins to yield.,A blush on the horizon where night begins to yield.
"Through shadows of self, my true face whispers,",whispers,confides,whispers,False,"In echoes of light, it softly confides.","In echoes of light, it softly confides."
"Old hands carve roots, new winds build skies,",skies,rise,dies,True,"Time bends the earth, but dreams still rise.","Old hands carve roots, new winds build skies,  
Time bends the earth, but dreams still rise."
"Laughter dances on the breeze, a whisper of delight,",delight,night,light,True,Soft as petals in the night.,Soft as petals in the night.
"Shadows whisper secrets where the silent stars neglect to wander,",wander,born,wander,False,And moonlight weaves the silence where the dreams of night are born.,And moonlight weaves the silence where the dreams of night are born.
"The storm in my chest roars loud and crude,",crude,need,crude,False,But silence is the only thing I need.,But silence is the only thing I need.
"The dawn of years unfolds in silent flame,",flame,name,name,True,"A whisper through the trees, a distant name.","A whisper through the trees, a distant name."
"Like shadows stirred by whispers in the night,",night,fight,light,True,They dance and fade without a fight.,They dance and fade without a fight.
"A bloom of hearts in spring’s first breath,",breath,death,breath,True,A whisper soft of love and death.,A whisper soft of love and death.
"The storm within a chest confined,",confined,unkind,wind,True,The thunder of a heart unkind.,The thunder of a heart unkind.
"Amidst the swirl of hues and symphonies unsung,",unsung,stirs,clung,False,A whisper dances where the silence stirs.,A whisper dances where the silence stirs.
"In silent corridors where shadows know my name,",name,flame,name,True,"I walk alone, a ghost who bears no flame.","I walk alone, a ghost who bears no flame."
"Whispers of absence where laughter once lay,",lay,decay,grey,True,Echoes of joy in the silence decay.,Echoes of joy in the silence decay.
"Time’s pages echo with fire-lit truths,",truths,youth,truths,False,Whispers of moments that never lose their youth.,Whispers of moments that never lose their youth.
"Whispers of hope in the heart’s quiet night,",night,fight,light,True,"A spark in the dark, guiding the fight.","A spark in the dark, guiding the fight."
"Storms whisper secrets the winds have known,",known,stone,stone,True,And lightning writes poems in skies of stone.,And lightning writes poems in skies of stone.
"In shadows cast by towering spires, whisper the cries of silent fires,",fires,night,wires,False,A ghostly wind carries echoes through the night.,A ghostly wind carries echoes through the night.
"Golden echoes drift like dusk through the mind's old hall,",hall,call,fall,True,Where memories whisper secrets in the fading light's soft call.,Where memories whisper secrets in the fading light's soft call.
"In twilight’s grasp, where shadows plead,",plead,feed,creed,True,The stars above in silence feed.,The stars above in silence feed.
"Beneath the moon's slow-swaying gaze,",gaze,praise,maze,True,The shadows dance in silent praise.,The shadows dance in silent praise.
"In shadows spun, truth wears a masquerade,",masquerade,fade,stayed,True,Where whispers dance and secrets fade.,Where whispers dance and secrets fade.
"Beneath the stars, our hopes take flight,",flight,light,light,True,Together we chase the dawn's first light.,"Beneath the stars, our hopes take flight,  
Together we chase the dawn's first light."
"Whispers of rustling leaves in a tapestry of hue,",hue,grew,new,True,A dance of shadows where the twilight gently grew.,A dance of shadows where the twilight gently grew.
"Old oaks whisper tales while neon dreams reach high,",high,lie,sigh,True,"Beneath the stars, both past and future lie.","Beneath the stars, both past and future lie."
"Whispers of wind through ancient tree sighs,",sighs,skies,dies,True,Softly it murmurs secrets of the skies.,Softly it murmurs secrets of the skies.
"Through storm and silence, together we are shaped,",shaped,swayed,shaped,False,"By fire and time, our bond is never swayed.","By fire and time, our bond is never swayed."
"In the attic of my mind, old moments softly cling,",cling,things,sing,False,Like dust on forgotten things.,Like dust on forgotten things.
"In the shadow of despair, hope's frail light gleams,",gleams,streams,dreams,True,A whisper through the night it streams.,A whisper through the night it streams.
"Cobblestone calm meets skyline's restless sigh,",sigh,night,sigh,False,A whisper of wind through the shadows of night.,A whisper of wind through the shadows of night.
"My name may echo where the silent stars reside,",reside,tide,collide,True,But never in the hearts of those who walk the tide.,But never in the hearts of those who walk the tide.
"I wore my childhood like a cloak of dew,",dew,knew,new,True,Now heavy with the weight of all I knew.,Now heavy with the weight of all I knew.
"In quiet moments, hearts align,",align,unwind,entwine,False,And whispers of the soul unwind.,And whispers of the soul unwind.
"A hearth among the shadows, where the heartfinds its harbor,",harbor,harbor,harbor,False,"A hearth among the shadows, where the heart finds its harbor,","A hearth among the shadows, where the heart finds its harbor,  
A whisper through the silence, where the soul finds its favor."
"Shells scream through the smoke-stained sky,",sky,sigh,sigh,True,A chorus of echoes in the twilight's sigh.,A chorus of echoes in the twilight's sigh.
"Wings clipped in shadow, freedom dreams in song,",song,belongs,belong,False,A heart still beats where the light belongs.,A heart still beats where the light belongs.
"Two hearts entwined, a promise in the flame,",flame,expanse,name,False,Eternal as the stars that light the night's expanse.,"Two hearts entwined, a promise in the flame,  
Eternal as the stars that light the night's expanse."
"Heart pounds like thunder in a silence deep,",deep,steep,sweep,True,Light flickers like hope in a dream so steep.,Light flickers like hope in a dream so steep.
"Thunder speaks where no one can,",can,script,began,False,Lightning writes in silver script.,Lightning writes in silver script.
"In shadowed tongues truth oft must cloak to speak,",speak,seek,speak,True,In whispered tones the heart's deep secrets seek.,In whispered tones the heart's deep secrets seek.
"Beneath the canopy where ancient shadows play,",play,day,grey,True,Whispers of the past drift softly through the day.,Whispers of the past drift softly through the day.
"Chains may clank in the shadow of power,",power,found,hour,False,But hope still whispers where freedom is found.,But hope still whispers where freedom is found.
"In shadowed corners where silence speaks,",speaks,seek,speaks,False,Whispers of forgotten dreams seek.,Whispers of forgotten dreams seek.
"Flawless edges hint at scars,",scars,mars,stars,True,Hidden wounds that time still mars.,Hidden wounds that time still mars.
"Beneath the stars where hopes take flight,",flight,night,light,True,Dreams are woven in the night.,Dreams are woven in the night.
"Two hearts entwined, through shadows and sun,",sun,undone,spun,True,"A dance of souls, forever undone.","A dance of souls, forever undone."
"In tangled roots, a shared heartbeat thrives,",thrives,arrive,thrives,False,Where whispered secrets through the soil arrive.,Where whispered secrets through the soil arrive.
