first_line,first_last_word,second_last_word,rhyme_group,rhyme_success,clean_completion,raw_completion
"Golden echoes drift like dust through yesterday's dim light,",light,flight,light,True,and fade like dreams in wind that never quite keep their flight.,and fade like dreams in wind that never quite keep their flight.
"I wandered shadows seeking light in the mirror of my soul,",soul,soul,soul,False,And found the truth I sought in the reflection of my soul.,"I wandered shadows seeking light in the mirror of my soul,  
And found the truth I sought in the reflection of my soul."
"In shadows deep where silence weeps,",weeps,trees,weeps,False,The moonlight whispers through the trees.,"In shadows deep where silence weeps,  
The moonlight whispers through the trees."
"In the quiet of the soul, a light divine remains,",remains,found,remains,False,"and in the heart of silence, peace is found.","and in the heart of silence, peace is found."
"Sweet whispers dance on tongues of time,",time,bright,time,False,"and leave the world in silence, bright.","and leave the world in silence, bright."
"With each year, the childhood veil dissolves,",dissolves,dream,dissolves,False,and youth becomes a distant dream.,and youth becomes a distant dream.
"Whispers of dusk linger on the lips of time,",time,sigh,time,False,as shadows dance in twilight's gentle sigh.,as shadows dance in twilight's gentle sigh.
"Though flesh may fade and time may soar,",soar,soar,soar,False,but spirit lives and dreams still soar.,but spirit lives and dreams still soar.
"The drums of time beat echoes of the past,",past,start,past,False,And every step we take is a new start.,"The drums of time beat echoes of the past,  
And every step we take is a new start."
"Though empires rise on whispers of might,",might,told,light,False,but fall when the truth is told.,but fall when the truth is told.
"Guns awaken the earth like a curse from her dreams,",dreams,song,dreams,False,And silence is the price of the war's cruel song.,"Guns awaken the earth like a curse from her dreams,  
And silence is the price of the war's cruel song."
"I wander shadowed halls of silent stone,",stone,moon,stone,False,Where echoes whisper secrets to the moon.,"I wander shadowed halls of silent stone,  
Where echoes whisper secrets to the moon."
"Two hearts entwined where promises bloom,",bloom,know,bloom,False,A love that time can never know.,"Two hearts entwined where promises bloom,  
A love that time can never know."
"Through vows entwined, two hearts commit, one journey built on love and grit,",grit,same,grit,False,"through trials and triumphs, they'll never be the same.","through trials and triumphs, they'll never be the same."
"Laughter echoes soft as the breeze through old trees,",trees,true,trees,False,and fills the air with a joy that's so true.,and fills the air with a joy that's so true.
"In the shadow of the night, hope whispers to despair,",despair,despair,despair,False,"hope whispers to despair,","hope whispers to despair,  
but light will rise again."
"A hearth that glows where the heart finds its name,",name,days,name,False,and warmth in the coldest of days.,and warmth in the coldest of days.
"In trembling hands, the storm both swells and dies,",dies,rise,dies,True,and fate's cruel dance begins to rise.,and fate's cruel dance begins to rise.
"Though flesh may fade and tombs may rust with time,",time,sing,time,False,but bones may rise and voices may still sing.,but bones may rise and voices may still sing.
"Roots buried deep in ancient soil,",soil,time,soil,False,Leaves whisper tales of old and time.,Leaves whisper tales of old and time.
"In shadow’s clutch, the strongest will may kneel,",kneel,light,kneel,False,and the weakest shall rise with the light.,and the weakest shall rise with the light.
"In strokes of light and whispers unseen,",unseen,scene,unseen,True,The world is painted with a dreamy scene.,"In strokes of light and whispers unseen,  
The world is painted with a dreamy scene."
"Whispers of winter melt to spring's soft sigh,",sigh,light,sigh,False,when the frost begins to yield to gentle light.,when the frost begins to yield to gentle light.
"I stepped through the veil of shadowed years,",years,heart,years,False,And found the light of morning in my heart.,"I stepped through the veil of shadowed years,  
And found the light of morning in my heart."
"Whispers curl like shadows at dawn,",dawn,morning,dawn,False,and fade into the mist of the morning.,and fade into the mist of the morning.
"Beneath a sky that shifts from blue to grey,",grey,above,grey,False,a thousand stars above.,a thousand stars above.
"Where echoes of laughter dwell, I am not lost among the walls—I belong,",belong,walls,belong,False,I am not lost among the walls,"I am not lost among the walls—  
I belong where the heart is tall."
"On tongues of time, flavors entwine,",entwine,tune,entwine,False,"and hearts in rhythm, soul in tune.","on tongues of time, flavors entwine,  
and hearts in rhythm, soul in tune."
"In whispers of dawn, the soul begins to pray,",pray,way,grey,True,"and in the quiet of night, the heart finds its way.","and in the quiet of night, the heart finds its way."
"Shadows whisper secrets loud in trembling breast,",breast,all,breast,False,and time forgets all.,and time forgets all.
"Two hearts entwined through time’s unyielding sweep,",sweep,swept,sweep,False,two souls in love that never can be swept.,two souls in love that never can be swept.
"Whispers of the hearth where the heart’s threads are spun,",spun,night,spun,False,and warmth is woven through the night.,and warmth is woven through the night.
"Clenched jaws whisper storms of rage untamed,",untamed,bone,untamed,False,and thunder rolls through every bone.,and thunder rolls through every bone.
"Love is the flame that gentle does rise,",rise,true,dies,False,and shines in every heart that's true.,and shines in every heart that's true.
"Fury burns where calm once stayed,",stayed,silence,stayed,False,and peace now sleeps in silence.,and peace now sleeps in silence.
"Justice weeps in shadowed halls,",halls,light,halls,False,But truth shall rise in dawn's first light.,"Justice weeps in shadowed halls,  
But truth shall rise in dawn's first light."
"Neon hums where tall shadows play,",play,ray,grey,True,And dreams are born in the light's bright ray.,"Neon hums where tall shadows play,  
And dreams are born in the light's bright ray."
"Whispers coil like shadows in the mind’s tight maze,",maze,dark,maze,False,where secrets wait to be unveiled in the dark.,where secrets wait to be unveiled in the dark.
"Anger boils like storm in night,",night,tight,light,True,and breaks the silence tight.,and breaks the silence tight.
"Whispers cloaked in honeyed lies, the blade of betrayal still gleams in trust’s disguise,",disguise,clashed,dies,False,Yet shadows dance where truth and deceit once clashed.,Yet shadows dance where truth and deceit once clashed.
"Whispers coil like shadows, cold and tight,",tight,light,light,True,"Yet in the heart of dawn, they'll find their light.","Whispers coil like shadows, cold and tight,  
Yet in the heart of dawn, they'll find their light."
"Like sunlight breaking through the clouds of gray,",gray,night,grey,False,like a spark in the dark of night.,like a spark in the dark of night.
"In shadowed silence, time's hourglass bleeds,",bleeds,leaf,bleeds,False,and whispers of the past through every leaf.,and whispers of the past through every leaf.
"Autumn's breath turns leaves to gold, a whispered story told,",told,mold,told,True,"and the world in quiet, soft, divine old mold.","and the world in quiet, soft, divine old mold."
"The shadows stretch where laughter once was bright,",bright,light,light,True,and silence now holds all the light.,and silence now holds all the light.
"Beneath the canvas of twilight's embrace,",embrace,breeze,embrace,False,The stars begin to whisper in the breeze.,"Beneath the canvas of twilight's embrace,  
The stars begin to whisper in the breeze."
"In the shadow's grip, a fragile light whispers of tomorrow's might,",might,light,light,True,where hope and dreams take flight in the dawn's first light.,where hope and dreams take flight in the dawn's first light.
"Winds whisper secrets of roads yet to be trod,",trod,been,trod,False,And dreams are born where the stars have not been.,"Winds whisper secrets of roads yet to be trod,  
And dreams are born where the stars have not been."
"Stars map my longing in the heavens’ sly embrace,",embrace,night,embrace,False,And I am lost in the silence of the night.,"Stars map my longing in the heavens’ sly embrace,  
And I am lost in the silence of the night."
"In the mirror of time, I trace the shadow I’ve sown,",sown,ground,stone,False,and find my soul reflected in the dust of the ground.,and find my soul reflected in the dust of the ground.
"In whispers of light, the soul finds its creed,",creed,peace,creed,False,"and in the quiet of night, it finds its peace.","and in the quiet of night, it finds its peace."
"Freedom soars where chains once clung,",clung,sung,clung,True,And hope is born where dreams are sung.,"Freedom soars where chains once clung,  
And hope is born where dreams are sung."
"A hand clasped in thine can also cut the deepest,",deepest,steel,deepest,False,Yet love can break the strongest bond of steel.,"A hand clasped in thine can also cut the deepest,  
Yet love can break the strongest bond of steel."
"The reaper’s shadow lengthens with the noon,",noon,breeze,noon,False,and whispers of the dead in the breeze.,and whispers of the dead in the breeze.
"Blossoms bloom where laughter finds its way,",way,ray,grey,True,And joy is sung in every ray.,"Blossoms bloom where laughter finds its way,  
And joy is sung in every ray."
"Threads of love woven through the years,",years,unearths,years,False,May your heart forever be unearths.,"Threads of love woven through the years,  
May your heart forever be unearths."
"Winds of liberty whisper through chains of control,",control,soul,soul,True,and freedom's song takes flight in every soul.,and freedom's song takes flight in every soul.
Whispers of velvet and hues that sing—,sing,couplet,sing,False,I'll write the next line of the rhyming couplet:,"I'll write the next line of the rhyming couplet:  

Whispers of velvet and hues that sing—,  
A world of dreams where time"
"A shadow fades where the flame won’t die,",die,night,sigh,False,A ghostly whisper lingers in the night.,A ghostly whisper lingers in the night.
"Whispers through the grass where the wild things dance,",dance,grace,dance,False,"and secrets are born in the moon's soft, silver grace.","and secrets are born in the moon's soft, silver grace."
"A bond unspoken, yet deep as the sea,",sea,express,sea,False,Is stronger than words can ever express.,"A bond unspoken, yet deep as the sea,  
Is stronger than words can ever express."
"Whispers of winter melt into the bloom of spring’s embrace,",embrace,embrace,embrace,False,"where frost and fire dance in a fleeting, sweet embrace.","where frost and fire dance in a fleeting, sweet embrace."
"In every flaw, a whisper of perfection's breath,",breath,yet,breath,False,a sign that heaven's hand is gently yet still yet.,a sign that heaven's hand is gently yet still yet.
"Beneath the mask that cloaks the soul, the mirror cracks with whispered toll,",toll,shell,soul,False,and truth begins to break through the shell.,and truth begins to break through the shell.
"Brushstrokes whisper where the soul once dreamed,",dreamed,mend,dreamed,False,and time forgets to mend.,and time forgets to mend.
"In the dance of flaw and flawless light,",light,flight,light,True,The soul is both lost and found in flight.,"In the dance of flaw and flawless light,  
The soul is both lost and found in flight."
"Whispers of wind through the ancient oak's embrace,",embrace,grace,embrace,True,soft as dreams that never fade from the heart's grace.,"whispers of wind through the ancient oak's embrace,  
soft as dreams that never fade from the heart's grace."
"In mirrored shades where shadow dares to creep,",creep,couplet,sweep,False,I'll write the next line of the rhyming couplet:,"I'll write the next line of the rhyming couplet:

In mirrored shades where shadow dares to creep,  
A ghostly dance the light and"
"When whispered vows turn cold as winter skies,",skies,night,dies,False,then love is but a fleeting shadow in the night.,then love is but a fleeting shadow in the night.
"In the rhythm of shared breath, hearts weave a single song,",song,longing,belong,False,where every note is a shared longing.,where every note is a shared longing.
"In brushstrokes of dawn, wild imagination ascends,",ascends,sing,ascends,False,where dreams take flight and colors sing.,where dreams take flight and colors sing.
"Like thunder chained to silent stone,",stone,sleeps,stone,False,The storm's wild heart never sleeps.,"Like thunder chained to silent stone,  
The storm's wild heart never sleeps."
"A flawless sphere, yet marred by its glow,",glow,blue,glow,False,Is but a star in the night's deep blue.,"A flawless sphere, yet marred by its glow,  
Is but a star in the night's deep blue."
"In the hush between breaths, the sacred stirs,",stirs,one,years,False,where love and death are one.,where love and death are one.
"Whispers of wild hearts beat beneath the moon's gentle gaze,",gaze,grace,maze,False,where dreams take flight and shadows dance in grace.,where dreams take flight and shadows dance in grace.
"A heartbeat hums where light once passed,",passed,praise,past,False,And shadows dance in silent praise.,"A heartbeat hums where light once passed,  
And shadows dance in silent praise."
"Colors whisper tales in hues once unknown,",unknown,told,stone,False,But shadows dance in secrets never told.,"Colors whisper tales in hues once unknown,  
But shadows dance in secrets never told."
"In shadowed chains, the spirit dares to sing,",sing,night,sing,False,and break the silence of the night.,and break the silence of the night.
"A whispered vow can fracture like glass beneath the heel of deceit,",deceit,trial,deceit,False,but a steadfast heart can hold the flame of truth through every trial.,but a steadfast heart can hold the flame of truth through every trial.
"It blooms in whispers, not in storm,",storm,heart,storm,False,But in the quiet of the heart.,"It blooms in whispers, not in storm,  
But in the quiet of the heart."
"I walked through the shadows where childhood once stayed,",stayed,name,stayed,False,And found the echoes of a time I could not name.,"I walked through the shadows where childhood once stayed,  
And found the echoes of a time I could not name."
"Whispers of winds through ancient green trees,",trees,above,trees,False,Shout secrets to the stars above.,"Whispers of winds through ancient green trees,  
Shout secrets to the stars above."
"Whispers of yesterday dance on the winds of time,",time,flame,time,False,and echo through the halls of memory's bright flame.,and echo through the halls of memory's bright flame.
"Together we rise, woven as one,",one,divided,spun,False,and never again divided.,and never again divided.
"Time’s tapestry threads with echoes of yore,",yore,bore,soar,True,And whispers of the past in every bore.,"Time’s tapestry threads with echoes of yore,  
And whispers of the past in every bore."
"Justice weeps in shadowed halls,",halls,light,halls,False,But truth shall rise in dawn's first light.,"Justice weeps in shadowed halls,  
But truth shall rise in dawn's first light."
"Laughter echoes down the lane where sunlit days once played,",played,yesteryear,stayed,False,and dreams still chase the light of yesteryear.,and dreams still chase the light of yesteryear.
"The hours drift like autumn leaves in twilight’s gentle stream,",stream,embrace,stream,False,and fade like dreams in morning's soft embrace.,and fade like dreams in morning's soft embrace.
"The road unwinds its thread through mist and sun,",sun,town,spun,False,and shadows dance in rhythm with the town.,and shadows dance in rhythm with the town.
"Brushstrokes of wonder bloom in minds unchained,",unchained,reign,unchained,False,where dreams take flight and colors reign.,where dreams take flight and colors reign.
"Through shared beginnings and paths that diverge,",diverge,going,diverge,False,we find the strength to keep going.,we find the strength to keep going.
"In shadows deep where hope once danced with light,",light,bright,light,True,A whisper of the past still echoes bright.,"In shadows deep where hope once danced with light,  
A whisper of the past still echoes bright."
"In shadow's grip, cannon-light whispers of rage,",rage,age,rage,True,where silent screams echo through the age.,where silent screams echo through the age.
"In laughter’s glow, where trust is sown,",sown,won,stone,False,"The heart finds peace, and love is won.","In laughter’s glow, where trust is sown,  
The heart finds peace, and love is won."
"Voices echo, yet no hearts collide,",collide,live,collide,False,But silence holds the truth we all must live.,But silence holds the truth we all must live.
"Though shadows stretch where light once bloomed,",bloomed,torn,bloomed,False,Yet hope still burns in every heart that's torn.,Yet hope still burns in every heart that's torn.
"In the shadowed heart where two winds meet,",meet,future,deceit,False,A whisper of the past and a dream of the future.,"In the shadowed heart where two winds meet,  
A whisper of the past and a dream of the future."
"Beneath the silence where whispers used to play,",play,unseen,grey,False,"A secret waits in the shadows, unseen.","Beneath the silence where whispers used to play,  
A secret waits in the shadows, unseen."
"With trembling hands, I reach to light the flame,",flame,flame,name,False,but fear of failure holds me back from the flame.,but fear of failure holds me back from the flame.
"Two hearts entwined, a promise made,",made,bound,stayed,False,"two souls in love, forever bound.","two souls in love, forever bound."
"In twilight’s hush, where hearts exhale,",exhale,pale,exhale,True,the stars above whisper secrets to the pale.,the stars above whisper secrets to the pale.
"The shadows whisper threats they cannot name,",name,ban,name,False,but the light holds all the power to ban.,but the light holds all the power to ban.
"Silhouettes of solitude etched deep in vacant skies,",skies,night,dies,False,where silence whispers through the endless night.,where silence whispers through the endless night.
"Shadows fall where once your laughter bloomed,",bloomed,gloom,bloomed,False,and silence wraps the world in gloom.,and silence wraps the world in gloom.
"Footprints in the dust of days gone by,",by,dies,sigh,False,Echoes of a love that never dies.,"Footprints in the dust of days gone by,  
Echoes of a love that never dies."
"The reaper whispers soft through every age,",age,peace,rage,False,"and leaves behind a quiet, eternal peace.","and leaves behind a quiet, eternal peace."
"Amidst the buzz of concrete dreams, the country’s clockwork hums in rural streams,",streams,hum,dreams,False,where hope and soil are both the truest hum.,where hope and soil are both the truest hum.
"Two hearts entwined where vows take root,",root,found,root,False,and love forevermore is found.,"two hearts entwined where vows take root,  
and love forevermore is found."
"In the shadows, whispers rise—half angel, half abyss,",abyss,night,abyss,False,with eyes that pierce the veil of night.,with eyes that pierce the veil of night.
"Whispers of absence haunt the hollows where their laughter once was,",was,past,was,False,And silence now holds all the echoes of the past.,And silence now holds all the echoes of the past.
"The scales of justice tremble with truth, while shadows feast on the cries of the unjust,",unjust,sky,unjust,False,and light breaks through the darkened sky.,and light breaks through the darkened sky.
"The thunder in his chest begins to roar,",roar,awe,soar,False,and the world is left in awe.,and the world is left in awe.
"In the hush between heartbeats, love begins to breathe,",breathe,short,breathe,False,and in the silence where words fall short.,and in the silence where words fall short.
"Whispers of spring in the thawing snow's breath,",breath,thrones,breath,False,bloom where the frost once held its cruel thrones.,"whispers of spring in the thawing snow's breath,  
bloom where the frost once held its cruel thrones."
"The elder chants as clocks devour time,",time,flee,time,False,the young ones weep as shadows flee.,the young ones weep as shadows flee.
"Roots whispered in stories older than stone,",stone,gone,stone,False,Leaves remember the winds that once were gone.,Leaves remember the winds that once were gone.
"Silent nights where echoes dwell,",dwell,wall,dwell,False,and secrets wait in every wall.,and secrets wait in every wall.
"Amber whispers brush the breeze,",breeze,grace,trees,False,and leaves a trace of summer's grace.,and leaves a trace of summer's grace.
"Autumn's breath whispers through the trees,",trees,dance,trees,False,and leaves in golden dance.,and leaves in golden dance.
"Neon hums where high-rises breathe,",breathe,sleep,breathe,False,And shadows dance in endless sleep.,"Neon hums where high-rises breathe,  
And shadows dance in endless sleep."
"Pack the sunrise in your pocket, let the roads unwind like time,",time,climb,time,True,and the world be yours to climb.,and the world be yours to climb.
"Love is the fire that warms both heart and home,",home,storm,home,False,and lights the way through the storm.,and lights the way through the storm.
"Thunder roars, but chains remain unbroken—",unbroken,sealed,unbroken,False,the fate of freedom is forever sealed.,the fate of freedom is forever sealed.
"Winds whisper tales of roads unseen,",unseen,free,unseen,False,Where dreams take flight and hearts are free.,"Winds whisper tales of roads unseen,  
Where dreams take flight and hearts are free."
"In the quiet dawn, where prayers and petals rise,",rise,peace,dies,False,the world is washed in light and peace.,the world is washed in light and peace.
"A bond untouched by time or fate,",fate,true,fate,False,"A bond that stands forever, strong and true.","A bond that stands forever, strong and true."
"Whispers of dread in the silence they creep,",creep,deep,sweep,True,and the shadows they cast are so deep.,and the shadows they cast are so deep.
"In twilight's hush, where shadows dare to speak,",speak,earth,speak,False,the moonlight whispers secrets to the earth.,the moonlight whispers secrets to the earth.
"In starlit whispers, my hopes take flight,",flight,bright,light,True,and dreams unfold like constellations bright.,and dreams unfold like constellations bright.
"The road unfolds like whispered dreams in dawn's embrace,",embrace,grace,embrace,True,where every step is a song and every breath a grace.,where every step is a song and every breath a grace.
"The earth whispers tales through rustling green,",green,scene,unseen,True,and time unfolds in every leaf's serene scene.,and time unfolds in every leaf's serene scene.
"In shadows cast by city lights, a thousand souls feel night,",night,break,light,False,and hope the dawn will break.,and hope the dawn will break.
"Beneath the brush of dawn’s soft light,",light,bright,light,True,The world is painted with a new day's bright.,"Beneath the brush of dawn’s soft light,  
The world is painted with a new day's bright."
"The hush of time whispers tales of the old,",old,soul,told,False,And leaves a lingering echo in the soul.,"The hush of time whispers tales of the old,  
And leaves a lingering echo in the soul."
"In the quiet space where heartbeats blend,",blend,lend,blend,True,the silence hums with every breath we lend.,the silence hums with every breath we lend.
"Whispers of the past linger where old shadows dance,",dance,brave,dance,False,and echoes of the brave still rise in the land of the brave.,and echoes of the brave still rise in the land of the brave.
"Through storms of time, our roots hold fast,",fast,way,past,False,"and in the silence, we find our way.","through storms of time, our roots hold fast,  
and in the silence, we find our way."
"Amid the throng, a silent storm,",storm,song,storm,False,"Whispers of change, a fleeting song.","Amid the throng, a silent storm,  
Whispers of change, a fleeting song."
"Whispers of winds through ancient tree songs flow,",flow,hush,glow,False,softly through the twilight's hush.,softly through the twilight's hush.
"Whispers of crimson, symphonies in every thread,",thread,window,thread,False,the dawn's first light spills through the window.,the dawn's first light spills through the window.
"In laughter's wake, where memory weaves,",weaves,tears,weaves,False,the past with threads of joy and tears.,the past with threads of joy and tears.
"Winds of freedom whisper where chains forgot to fall,",fall,tall,fall,True,and hope will rise where oppression once was tall.,and hope will rise where oppression once was tall.
"The scales of justice sway on trembling strings,",strings,night,strings,False,and fate's cruel song rings through the night.,and fate's cruel song rings through the night.
"In hues that hum and silence rustles soft,",soft,glow,soft,False,The world is painted with a gentle glow.,"In hues that hum and silence rustles soft,,  
The world is painted with a gentle glow."
"In the golden glow of dusk, I chase the echoes of summer's hush,",hush,hush,hush,False,"I chase the echoes of summer's hush,","I chase the echoes of summer's hush,  
And find my heart in the quiet dusk."
"Together we rise, bound by more than shared skies,",skies,light,dies,False,"We stand as one, forever in the light.","Together we rise, bound by more than shared skies,  
We stand as one, forever in the light."
"Whispers vanish in the hollows where connection once resided,",resided,night,resided,False,but now they're lost in the silence of the night.,but now they're lost in the silence of the night.
"Joy dances bright where kind hearts meet,",meet,meet,deceit,False,Hope blooms bright where kind hearts meet.,Hope blooms bright where kind hearts meet.
"In whispers of time, our deeds still sing—",sing,ring,sing,True,A legacy etched in every ring.,"In whispers of time, our deeds still sing—  
A legacy etched in every ring."
"Like morning dew on petals soft and new,",new,cheer,new,False,the world is bright and life is full of cheer.,"like morning dew on petals soft and new,  
the world is bright and life is full of cheer."
"Wings of dawn clash with iron night,",night,fight,light,True,And the world is stirred in eternal fight.,"Wings of dawn clash with iron night,  
And the world is stirred in eternal fight."
"Brushstrokes weave the silent song of imagination’s flame,",flame,flame,name,False,"A canvas of the soul, where dreams are made to flame.","Brushstrokes weave the silent song of imagination’s flame,  
A canvas of the soul, where dreams are made to flame."
"Whispers of the past dance on the breeze,",breeze,breeze,trees,False,echoing through the trees with a gentle breeze.,echoing through the trees with a gentle breeze.
"In youth's tender bloom, my heart first knew the name of flame,",flame,flame,name,False,"and in the twilight of my years, I learned to cherish every flame.","and in the twilight of my years, I learned to cherish every flame."
"Beneath the mask, a whisper grows—",grows,lies,grows,False,A truth that shatters all the lies.,"Beneath the mask, a whisper grows—  
A truth that shatters all the lies."
"Beneath sweet lies, the truth often weeps in shadow,",shadow,hold,glow,False,Yet light persists where darkness cannot hold.,"Beneath sweet lies, the truth often weeps in shadow,  
Yet light persists where darkness cannot hold."
"Two hearts entwined, a vow so true,",true,hue,new,True,a promise etched in every hue.,a promise etched in every hue.
"A tapestry woven in laughter and tears,",tears,days,years,False,Weaves the story of life's most precious days.,"A tapestry woven in laughter and tears,  
Weaves the story of life's most precious days."
"Like shadows at the close of day,",day,trace,grey,False,"They fade and vanish, leaving no trace.","Like shadows at the close of day,  
They fade and vanish, leaving no trace."
"Whispers of wind through the emerald embrace,",embrace,embrace,embrace,False,soft as dreams in the twilight's embrace.,"whispers of wind through the emerald embrace,  
soft as dreams in the twilight's embrace."
"Whispers of absence haunt the halls where laughter used to play,",play,day,grey,True,And silence now holds all the echoes of the day.,And silence now holds all the echoes of the day.
"Beneath the mask, the true self stirs,",stirs,stirred,years,False,where shadows hide and light is stirred.,where shadows hide and light is stirred.
"Colors whisper secrets where wild imaginations tread,",tread,dark,thread,False,And dreams take flight in the quiet of the dark.,"Colors whisper secrets where wild imaginations tread,  
And dreams take flight in the quiet of the dark."
"A hollow vow where silence weeps,",weeps,tear,weeps,False,Yet love still burns in every tear.,"A hollow vow where silence weeps,  
Yet love still burns in every tear."
"In shadows cast by screens we cling,",cling,signed,sing,False,where hope is born and dreams are signed.,where hope is born and dreams are signed.
"Wander the roads where old shadows dance,",dance,trees,dance,False,and secrets whisper through the trees.,and secrets whisper through the trees.
"In shadows crowned, the weak wear might unseen,",unseen,light,unseen,False,and the strong are crowned with light.,and the strong are crowned with light.
"In the quiet heartbeat where the stars dare speak,",speak,true,speak,False,"A whisper of the cosmos, eternal and true.","In the quiet heartbeat where the stars dare speak,  
A whisper of the cosmos, eternal and true."
"Smoke ascends where silent dreams once grew,",grew,lingered,new,False,And whispers of the past still lingered.,"Smoke ascends where silent dreams once grew,  
And whispers of the past still lingered."
"Roots tangled in ancient soil, yet branches stretch toward tomorrow's light,",light,bright,light,True,and leaves whisper of a future yet to be bright.,and leaves whisper of a future yet to be bright.
"In shadows cast by silver lies,",lies,dies,dies,True,A tale of love that never dies.,"In shadows cast by silver lies,  
A tale of love that never dies."
"In whispered groves where the wild things dance,",dance,trees,dance,False,The moonlight whispers secrets to the trees.,"In whispered groves where the wild things dance,  
The moonlight whispers secrets to the trees."
"City lights hum with restless desire,",desire,free,desire,False,Night calls for a heart that's never free.,Night calls for a heart that's never free.
"Time weaves its wisdom, thread by silent thread,",thread,gold,thread,False,and turns the dust into gold.,and turns the dust into gold.
"Whispers of winds through the ancient wood,",wood,found,wood,False,soft as dreams that never will be found.,"whispers of winds through the ancient wood,  
soft as dreams that never will be found."
"By the sandbox where the fireflies glow,",glow,low,glow,True,The stars above are just a little too low.,"By the sandbox where the fireflies glow,  
The stars above are just a little too low."
"Winds of freedom whisper where chains dare not clink,",clink,confined,clink,False,and hope still lives in every heart that's not confined.,and hope still lives in every heart that's not confined.
"The hearth’s faint breath speaks tales of where I came from,",from,going,from,False,and where I am going.,and where I am going.
"Beneath the map's edge, the unknown beckons soft and wide,",wide,guide,collide,True,Where secrets wait and dreams are made to guide.,"Beneath the map's edge, the unknown beckons soft and wide,  
Where secrets wait and dreams are made to guide."
"A heartbeat’s whisper, a soul’s soft fire,",fire,night,desire,False,a flame that never dies in the quiet of the night.,a flame that never dies in the quiet of the night.
"Beneath a handshake, a dagger gleams with dew,",dew,told,new,False,"Yet in the silence, a truth is never told.","Beneath a handshake, a dagger gleams with dew,  
Yet in the silence, a truth is never told."
"Whispers of winter kiss the thawing spring,",spring,bloom,sing,False,and silence gives way to bloom.,and silence gives way to bloom.
"The sun spills gold on laughter's tender track,",track,spark,track,False,and dreams take flight in every spark.,and dreams take flight in every spark.
"A silent tear on truth's tightrope spin,",spin,remains,spin,False,Yet still the weight of time remains.,"A silent tear on truth's tightrope spin,  
Yet still the weight of time remains."
"In starlit whispers, my heart ignites,",ignites,nights,ignites,True,and dreams take flight in the quietest of nights.,and dreams take flight in the quietest of nights.
"Amidst the swirl of hues and whispered air,",air,prayer,despair,True,The stars above do dance in silent prayer.,"Amidst the swirl of hues and whispered air,  
The stars above do dance in silent prayer."
"Beneath soft lies, the truth wears a cloak of light,",light,night,light,True,and shadows fade in the glow of the night.,and shadows fade in the glow of the night.
"Two hearts entwined where the vows take flight,",flight,time,light,False,A love that breaks the chains of time.,"Two hearts entwined where the vows take flight,  
A love that breaks the chains of time."
"A laughter rings where sunshine stirs the air,",air,flight,despair,False,And joy is born where dreams take flight.,"A laughter rings where sunshine stirs the air,  
And joy is born where dreams take flight."
"In whispered hearts where silent dreams take flight,",flight,heart,light,False,Hope blooms like spring in every tender heart.,"In whispered hearts where silent dreams take flight,  
Hope blooms like spring in every tender heart."
"A breath too brief, a shadow that swallows the light,",light,night,light,True,a ghost that lingers in the night.,a ghost that lingers in the night.
"In shadowed hands, the torch of might is pressed,",pressed,dark,breast,False,and light is born from the dark.,and light is born from the dark.
"A bond unspoken, yet stronger than time,",time,shine,time,False,"Is forged in silence, where the heart does shine.","A bond unspoken, yet stronger than time,  
Is forged in silence, where the heart does shine."
"Seconds whisper through the cracks of youth,",youth,sun,youth,False,minutes melt away like sand in the sun.,minutes melt away like sand in the sun.
"Whispers weave through the woods where wild hearts roam,",roam,gloom,home,False,and secrets keep their keep in shadowed gloom.,and secrets keep their keep in shadowed gloom.
"Whispers of wind through the emerald trees,",trees,sleep,trees,False,soft as dreams that never quite sleep.,"whispers of wind through the emerald trees,  
soft as dreams that never quite sleep."
"In the attic of my heart, old shadows dance with light,",light,flight,light,True,where memories whisper and time forgets their flight.,where memories whisper and time forgets their flight.
"In flawless cracks, the beauty truly shines,",shines,line,shines,False,where silence speaks in every line.,where silence speaks in every line.
"Beneath the boughs of time’s slow-swaying tree,",tree,cheer,sea,False,"the stars do dance in eternal, silent cheer.","the stars do dance in eternal, silent cheer."
"Beneath the skin, a story waits to breathe,",breathe,breath,breathe,False,"A tale of love and loss, in every breath.","A tale of love and loss, in every breath."
"Beneath the sun’s first golden hour,",hour,hue,hour,False,"the world is painted in soft, warm hue.","the world is painted in soft, warm hue."
"The scales of heaven waver in the storm,",storm,doubt,storm,False,and the balance of the world is thrown into doubt.,and the balance of the world is thrown into doubt.
"The morning sun spills gold through trees,",trees,blue,trees,False,and paints the world in hues of blue.,and paints the world in hues of blue.
"In the woven threads of many, one heartbeat gently sings,",sings,way,strings,False,"and in the quiet of the night, a soul finds its way.","and in the quiet of the night, a soul finds its way."
"In the silent chasm where shadows conspire,",conspire,dire,desire,True,The moonlight whispers through the dark and dire.,"In the silent chasm where shadows conspire,  
The moonlight whispers through the dark and dire."
"The clock’s soft breath stirs dust of bygone days,",days,bright,maze,False,and whispers of a love that once was bright.,and whispers of a love that once was bright.
"When silence speaks, the heart turns cold,",cold,words,told,False,"and shadows dance in hushed, unspoken words.","and shadows dance in hushed, unspoken words."
"In shadows where sweet promises fade,",fade,fades,stayed,False,The light of hope still burns and fades.,"In shadows where sweet promises fade,  
The light of hope still burns and fades."
"Though flesh may fade, the deeds we do ignite…",ignite,ignite,light,False,"Though flesh may fade, the deeds we do ignite...","Though flesh may fade, the deeds we do ignite...  
The light of hope in hearts we leave behind."
"Colors weep from silent canvases, whispers take form in clay’s embrace,",embrace,light,embrace,False,and dreams are born in every stroke of light.,and dreams are born in every stroke of light.
"Time stitches wrinkles in the cloth of youth,",youth,shone,youth,False,And fades the dreams that light once shone.,"Time stitches wrinkles in the cloth of youth,  
And fades the dreams that light once shone."
"Each year etches wisdom where youthful days once played,",played,erase,stayed,False,A quiet grace that time cannot erase.,"Each year etches wisdom where youthful days once played,  
A quiet grace that time cannot erase."
"Whispers of the dusk that shadows all our days,",days,laid,maze,False,yet light the path where love and hope are laid.,"whispers of the dusk that shadows all our days,  
yet light the path where love and hope are laid."
"Brushstrokes of thought on canvases unseen,",unseen,hues,unseen,False,where dreams take flight in vibrant hues.,where dreams take flight in vibrant hues.
"A fragile thread through shadow's weave,",weave,keep,weave,False,Yet holds the light in silent keep.,"A fragile thread through shadow's weave,  
Yet holds the light in silent keep."
"Whispers fade where connection once thrived,",thrived,thrived,thrived,False,but echoes linger where the heart still thrived.,but echoes linger where the heart still thrived.
"When shadows steal the ones we held so dear,",dear,near,dear,True,"when light returns, we'll find them near.","when light returns, we'll find them near."
"A mirror cracks, and in the shards I see—",see,deep,sea,False,"A reflection of my soul, both bright and deep.","A mirror cracks, and in the shards I see—  
A reflection of my soul, both bright and deep."
"Whispers of spring thaw the earth from her sleep,",sleep,new,sweep,False,and blooms in the air like a song of the new.,and blooms in the air like a song of the new.
"With timid steps through the shadowed gate,",gate,trace,fate,False,I tread where the moonlight has left its trace.,I tread where the moonlight has left its trace.
"Whispers of wind weave through earth’s old rhyme,",rhyme,made,time,False,where secrets are kept and dreams are made.,where secrets are kept and dreams are made.
"Beneath the moon’s cold, watchful eye,",eye,me,sigh,False,the stars above watch over me.,the stars above watch over me.
"Candy wrappers rustled like whispers in the halls,",halls,walls,halls,True,A secret shared between the stars and the walls.,"Candy wrappers rustled like whispers in the halls,  
A secret shared between the stars and the walls."
"In the rhythm of shared hearts, we find our name,",name,fades,name,False,in the song of love that never fades.,in the song of love that never fades.
"Names etched in time’s slow turning glass,",glass,was,glass,False,Echoes of a love that never was.,"Names etched in time’s slow turning glass,  
Echoes of a love that never was."
"In whispers clad in velvet tone,",tone,shine,stone,False,The stars above do softly shine.,"In whispers clad in velvet tone,  
The stars above do softly shine."
"The cannons roared where silent fields once breathed,",breathed,dead,breathed,False,and silence fell where heroes once were dead.,and silence fell where heroes once were dead.
"When your heart first whispers a name in the dark,",dark,real,dark,False,when your soul begins to know it's real.,when your soul begins to know it's real.
"The spark of rage ignites in silent throes,",throes,screams,grows,False,and turns the night into a storm of screams.,and turns the night into a storm of screams.
"A crown of shadows, a whisper undone,",undone,remains,spun,False,Yet still the light remains.,"a crown of shadows, a whisper undone,  
Yet still the light remains."
"In the mirror of the soul, a thousand faces fade,",fade,stays,stayed,False,"but one remains, a truth that stays.","but one remains, a truth that stays."
"Love blooms like dawn in the hearts it sets free,",free,heals,sea,False,and light dances in every soul it heals.,and light dances in every soul it heals.
"Whispers of the ageless few echo through the halls of dust,",dust,burns,unjust,False,where memory's gentle flame still burns.,where memory's gentle flame still burns.
"Roots carved in stories, ancient and new,",new,kept,new,False,shadows dance where legends are kept.,"roots carved in stories, ancient and new,  
shadows dance where legends are kept."
"Echoes of laughter fade in distant air,",air,there,despair,True,whispers of joy that once were there.,whispers of joy that once were there.
"Through whispering woods where wild dreams run free,",free,cheer,sea,False,The stars above do dance in silent cheer.,"Through whispering woods where wild dreams run free,  
The stars above do dance in silent cheer."
"Old hands pass down the flame, but new hands shape its code,",code,new,code,False,And the future burns with the light of the old and the new.,"Old hands pass down the flame, but new hands shape its code,  
And the future burns with the light of the old and the new."
"Whispers of dread in the quietest breath,",breath,rest,breath,False,shatter the calm and unsettle the rest.,"whispers of dread in the quietest breath,  
shatter the calm and unsettle the rest."
"Anchors of old in tidal streams of change,",change,grace,change,False,"Shore the soul with steadfast, unyielding grace.","Anchors of old in tidal streams of change,  
Shore the soul with steadfast, unyielding grace."
"With trembling hands, I trace the years unread,",unread,deed,thread,False,and find the silence in the heart of each sad deed.,and find the silence in the heart of each sad deed.
"Candlelit echoes of eras long gone,",gone,time,dawn,False,whispering through the halls of time.,whispering through the halls of time.
"In whispered woods where shadows play,",play,leaves,grey,False,the moonlight dances on the leaves.,the moonlight dances on the leaves.
"A flawless vase, still cracked within, a shadow draped in light,",light,light,light,False,"A shadow draped in light,","A shadow draped in light,  
Yet still the heart is bright."
"Wings of dawn stir softly, whispering of roads ahead,",ahead,end,thread,False,with hope and light that never end.,with hope and light that never end.
"A hearth's warm glow where whispered memories reside,",reside,embrace,collide,False,and dreams of love are made on the hearth's embrace.,and dreams of love are made on the hearth's embrace.
"In twilight's hush, hope and despair softly tread,",tread,day,thread,False,and fate's indifferent hand divides the day.,and fate's indifferent hand divides the day.
"Whispers of the grave dance on the wind,",wind,night,wind,False,shadows stretch and whisper secrets in the night.,"whispers of the grave dance on the wind,  
shadows stretch and whisper secrets in the night."
"When laughter dances on the breeze,",breeze,tree,trees,False,when joy fills every corner of the tree.,when joy fills every corner of the tree.
"My name may fade, but my spirit's song will never die—",die,tide,sigh,False,I'll sing on through the storm and the night's dark tide.,I'll sing on through the storm and the night's dark tide.
"A hearth’s glow whispers, *“Here, you are where your story began,”*",began,began,began,False,"A hearth’s glow whispers, ""Here, you are where your story began,""","A hearth’s glow whispers, ""Here, you are where your story began,""  
And in its warmth, the heart finds peace and a new beginning."
"Shells light the night where no stars intervene,",intervene,heaven,unseen,False,and silence holds all the heaven.,and silence holds all the heaven.
"In shadowed halls where whispers fade,",fade,shade,stayed,True,the past is but a fleeting shade.,the past is but a fleeting shade.
"Time etches wisdom in the lines it leaves behind,",behind,found,wind,False,And truth is born where shadows fade and light is found.,"Time etches wisdom in the lines it leaves behind,  
And truth is born where shadows fade and light is found."
"My temper burns like fire, a tempest in my veins,",veins,fade,remains,False,and I'll never let it fade.,and I'll never let it fade.
"The whisper of butter on fire-kissed bread,",bread,sad,thread,False,A scent that makes the heart both brave and sad.,"The whisper of butter on fire-kissed bread,  
A scent that makes the heart both brave and sad."
"Through whispered lullabies and silent goodbyes,",goodbyes,sadly,dies,False,The stars above watch silently and sadly.,"Through whispered lullabies and silent goodbyes,  
The stars above watch silently and sadly."
"Candy wrappers crinkled in the sunbeams of summers long gone,",gone,and,dawn,False,"A memory sweet, a tale of joy, a fleeting, bright, and","Candy wrappers crinkled in the sunbeams of summers long gone,  
A memory sweet, a tale of joy, a fleeting, bright, and"
"In the shadow of a silent promise, a dagger whets its blade,",blade,break,stayed,False,and waits for the hour when the world will break.,and waits for the hour when the world will break.
"Whispers of the wild through ancient trees,",trees,leaves,trees,False,soft as the wind that sings in leaves.,"whispers of the wild through ancient trees,  
soft as the wind that sings in leaves."
"In silent prayers, the soul takes wing,",wing,spring,sing,True,to seek the grace of heaven's bright spring.,to seek the grace of heaven's bright spring.
"Beneath the skin, a story stirs unnamed,",unnamed,true,unnamed,False,"A tale of love and loss, both deep and true.","A tale of love and loss, both deep and true."
"In tangled strokes and whispered hues, the soul finds voice in wild abandonment,",abandonment,things,abandonment,False,and in the quiet grace of broken things.,and in the quiet grace of broken things.
"Beneath the moon where wild things roam,",roam,foam,home,True,The stars whisper secrets to the foam.,"Beneath the moon where wild things roam,  
The stars whisper secrets to the foam."
"My fists beat time to a simmering storm,",storm,storm,storm,False,and my heart beats loud in the rhythm of the storm.,and my heart beats loud in the rhythm of the storm.
"Thunder roars in chains of might,",might,light,light,True,And heaven's wrath is laid in light.,"Thunder roars in chains of might,  
And heaven's wrath is laid in light."
"Like echoes in a hall of old,",old,,told,False,,"Like echoes in a hall of old,"
"Brushstrokes of thought where imaginations dance,",dance,unbound,dance,False,"A canvas of wonder, forever unbound.","Brushstrokes of thought where imaginations dance,  
A canvas of wonder, forever unbound."
"I carve my name in bone and flame, défier of the silent claim,",claim,flame,name,True,"I carve my name in bone and flame,","I carve my name in bone and flame,  
Defier of the silent claim."
"Whispers of the heart ignite the night with stars,",stars,hours,stars,False,and light the way through the darkest hours.,and light the way through the darkest hours.
"Beneath the cold moon’s watching eye,",eye,sky,sigh,True,The stars whisper secrets to the sky.,"Beneath the cold moon’s watching eye,  
The stars whisper secrets to the sky."
"Whispers of wind through ancient trees,",trees,die,trees,False,soft as dreams that never die.,"whispers of wind through ancient trees,  
soft as dreams that never die."
"Like ink spilled on time’s unending page,",page,embrace,rage,False,like dust that never fades in the sun's embrace.,like dust that never fades in the sun's embrace.
"Time's quiet hand etches tales in every line it's drawn,",drawn,pass,dawn,False,"And leaves a mark that never fades, though years may pass.","Time's quiet hand etches tales in every line it's drawn,  
And leaves a mark that never fades, though years may pass."
"Time etches stories in silvered strands,",strands,light,strands,False,And whispers secrets to the dawn's first light.,"Time etches stories in silvered strands,  
And whispers secrets to the dawn's first light."
"In whispers of time, the past’s silent flame burns bright,",bright,heart,light,False,Yet shadows of doubt may steal the light from the heart.,"In whispers of time, the past’s silent flame burns bright,  
Yet shadows of doubt may steal the light from the heart."
"A hearth that glows where familiar shadows dance,",dance,night,dance,False,And stories are told in the quiet of night.,"A hearth that glows where familiar shadows dance,  
And stories are told in the quiet of night."
"Perfection craves the mirror, yet finds its face in cracks,",cracks,dust,cracks,False,and shines through the dust.,and shines through the dust.
"Whispers coil like shadows at dawn, thick as unspoken fear,",fear,breath,dear,False,and silent as the night's first breath.,and silent as the night's first breath.
"The scales of justice, though carved in stone, sway silent with the breath of the winds they've known,",known,,stone,False,,"The scales of justice, though carved in stone, sway silent with the breath of the winds they've known,"
"Whispers the hourglass in sands of gold,",gold,old,told,True,and time slips through the fingers of the old.,and time slips through the fingers of the old.
"The dawn breaks softly on youthful years,",years,bloom,years,False,and hope begins to bloom.,and hope begins to bloom.
"My hands ignite with embers of a scream,",scream,fear,stream,False,and light the night with fire and fear.,and light the night with fire and fear.
"I walk alone through crowds of ghosts, unseen, unheard, a shadow cast between,",between,found,unseen,False,Where silence holds the weight of all that's lost and never found.,"I walk alone through crowds of ghosts, unseen, unheard, a shadow cast between,  
Where silence holds the weight of all that's lost and never found."
"The echo of your name still lingers in the air,",air,leaves,despair,False,like a whisper that never quite leaves.,like a whisper that never quite leaves.
"Whispers through the wild where creatures roam,",roam,long,home,False,and secrets keep in shadows deep and long.,"whispers through the wild where creatures roam,  
and secrets keep in shadows deep and long."
"In the weave of voices, we find our song,",song,longing,belong,False,where every note is a thread of hope and longing.,where every note is a thread of hope and longing.
"The sun spills gold on smiles that rise,",rise,wise,dies,True,and lightens every heart that's wise.,and lightens every heart that's wise.
"He walked with ghosts in shadowed trails,",trails,stars,trails,False,and whispered secrets to the stars.,"he walked with ghosts in shadowed trails,  
and whispered secrets to the stars."
"The echoes of laughter fade where memories once thrived,",thrived,light,thrived,False,but silence now holds all the light.,but silence now holds all the light.
"Two hearts entwined where love and promise start,",start,light,start,False,A future bright and full of hope and light.,"Two hearts entwined where love and promise start,  
A future bright and full of hope and light."
"The clock’s shadow dances where the dawn used to rise,",rise,night,dies,False,but now it lingers in the silence of the night.,but now it lingers in the silence of the night.
"I walk through crowds like shadows in the rain,",rain,far,rain,False,And feel the world turn cold and far.,"I walk through crowds like shadows in the rain,  
And feel the world turn cold and far."
"A whispered vow can crack the heart's foundation,",foundation,again,foundation,False,but silence holds the strength to mend it again.,but silence holds the strength to mend it again.
"Two hearts entwined where promises bloom,",bloom,know,bloom,False,A love that time can never know.,"Two hearts entwined where promises bloom,  
A love that time can never know."
"A thunderclap of temper, born from sparks of wrong,",wrong,returns,belong,False,"Yet in the silence, it fades, and peace returns.","A thunderclap of temper, born from sparks of wrong,  
Yet in the silence, it fades, and peace returns."
"In shadows cast by screens we dwell,",dwell,sold,dwell,False,where dreams are sold and hearts are sold.,where dreams are sold and hearts are sold.
"Where whispered memories cling to the walls,",walls,last,halls,False,where dreams of youth still echo and last.,where dreams of youth still echo and last.
"Time etches its whispers in lines on the skin,",skin,bright,spin,False,And fades the laughter that once was so bright.,"Time etches its whispers in lines on the skin,  
And fades the laughter that once was so bright."
"A marble statue, cracked yet wise,",wise,hide,dies,False,Doesn't care if time has tried to hide.,"A marble statue, cracked yet wise,  
Doesn't care if time has tried to hide."
"In shadowed chains, the soul still dares to fly,",fly,night,sigh,False,and break the silence of the night.,and break the silence of the night.
"Two hearts entwined, a vow they seal,",seal,year,kneel,False,A love that lasts through every year.,A love that lasts through every year.
"Though flesh may fade and time may turn to rust,",rust,true,unjust,False,but spirit lives in every heart that's true.,but spirit lives in every heart that's true.
"Shadows fall where laughter used to rise,",rise,guise,dies,True,"and silence wraps the room in its soft, silent guise.","and silence wraps the room in its soft, silent guise."
"Roots tangled in tradition, whispers of the ancient echo,",echo,go,echo,False,"where the past and present dance in a silent, slow go.","roots tangled in tradition, whispers of the ancient echo,  
where the past and present dance in a silent, slow go."
"Neon hums where the traffic flows,",flows,gloom,grows,False,But the stars are silent in the gloom.,"Neon hums where the traffic flows,  
But the stars are silent in the gloom."
"Blood paints the dawn where steel and silence wed,",wed,meet,thread,False,And hope is born where fear and duty meet.,"Blood paints the dawn where steel and silence wed,  
And hope is born where fear and duty meet."
"In whispers of light, belief takes its flight,",flight,night,light,True,and shadows fade in the night.,and shadows fade in the night.
"In shadows cast by crowded streets, I walk alone with silent teeth,",teeth,teeth,teeth,False,"I walk alone with silent teeth,","I walk alone with silent teeth,  
And dreams are all I leave behind."
"Laughter echoed under skies of infinite blue,",blue,pursue,new,True,"Hopefulness filled the air, a dream we all pursue.","Hopefulness filled the air, a dream we all pursue."
"Whispers of the wild where the foxlight dances,",dances,game,dances,False,and the moonlight plays its silvered game.,and the moonlight plays its silvered game.
"The clock’s soft whisper weaves through every hour,",hour,dark,hour,False,and time slips away like a dream in the dark.,and time slips away like a dream in the dark.
"Green whispers weave through the waking trees,",trees,meet,trees,False,And shadows dance where light and dark meet.,"Green whispers weave through the waking trees,  
And shadows dance where light and dark meet."
"In the heartbeat of togetherness, we find our name,",name,home,name,False,"and in the silence of the night, we find our home.","and in the silence of the night, we find our home."
"A bond not forged in gold or time,",time,fire,time,False,but rooted in the heart's truest fire.,but rooted in the heart's truest fire.
"My name may fade, but in the stars my essence stays,",stays,couplet,maze,False,I'll write the next line of the rhyming couplet:,"I'll write the next line of the rhyming couplet:

My name may fade, but in the stars my essence stays,  
Where eternal light and"
"In twilight’s grasp, where shadows whisper low,",low,shore,glow,False,"the moonlight dances on the silent, still shore.","the moonlight dances on the silent, still shore."
"A dance of brush and breath, dreams take shape in wild color,",color,story,color,False,and light becomes a story.,and light becomes a story.
"Whispers fade where once we roamed,",roamed,name,roamed,False,and silence holds the echoes of our name.,and silence holds the echoes of our name.
"In stillness deep, where whispers rise,",rise,hide,dies,False,the shadows dance and secrets hide.,the shadows dance and secrets hide.
"With trembling hands I light the fuse of days,",days,lies,maze,False,and watch the flame consume the night's dark lies.,and watch the flame consume the night's dark lies.
"In mirrored flaws, perfection hides its face,",face,entwines,embrace,False,where shadows dance and light entwines.,where shadows dance and light entwines.
"Golden whispers dance where joy and sunlight meet,",meet,greet,deceit,True,and dreams take flight in every leaf they greet.,and dreams take flight in every leaf they greet.
"The earth inhales in spring's soft breath,",breath,tree,breath,False,and blooms with life in every tree.,and blooms with life in every tree.
"Like morning dew on petals new,",new,dew,new,True,the world is bright and full of dew.,the world is bright and full of dew.
"Beneath the mask where shadows cling,",cling,kind,sing,False,"The truth is hidden, deep and kind.","Beneath the mask where shadows cling,  
The truth is hidden, deep and kind."
"A marble flaw lessens its art, a single crack births light through the chart,",chart,behold,start,False,and makes the whole a wonder to behold.,and makes the whole a wonder to behold.
"The ashes speak of names that outlive flame,",flame,been,name,False,and silence holds the ghosts of all we've been.,and silence holds the ghosts of all we've been.
"Golden laughter dances in the morning sun’s gentle embrace,",embrace,embrace,embrace,False,"and joy fills the heart with a warm, bright embrace.","and joy fills the heart with a warm, bright embrace."
"In quiet laughter, hearts find their rhyme,",rhyme,home,time,False,"and in joy, the world feels like home.","and in joy, the world feels like home."
"Though flesh may fade and time may sow its frost,",frost,unsown,frost,False,but spirit lives and love remains unsown.,but spirit lives and love remains unsown.
"I traced my name in dust and saw a thousand shadows breathing,",breathing,breathing,breathing,False,I traced my name in dust and saw a thousand shadows breathing.,I traced my name in dust and saw a thousand shadows breathing.
"Shells scream through the shrouded sky,",sky,sky,sigh,False,And stars whisper secrets to the sky.,"Shells scream through the shrouded sky,  
And stars whisper secrets to the sky."
"Beneath the ash of fallen flags, the earth still weeps in ancient scars,",scars,wars,stars,False,where silence holds the weight of countless wars.,where silence holds the weight of countless wars.
"Whispers of wind through the ancient trees moan,",moan,sound,stone,False,where the secrets of time are told in the sound.,where the secrets of time are told in the sound.
"The sun dips low where tempests play,",play,day,grey,True,and shadows dance on the waves of day.,and shadows dance on the waves of day.
"In the quiet dance of heartbeat and flame,",flame,breath,name,False,The soul finds peace in every breath.,"In the quiet dance of heartbeat and flame,  
The soul finds peace in every breath."
"A whispered secret can shatter the strongest bond, for betrayal hides where trust is sown,",sown,knew,stone,False,and silence can break what the heart once knew.,and silence can break what the heart once knew.
"Whispers of winter melt into spring's tender hue,",hue,sun,new,False,when the frost begins to yield to gentle sun.,when the frost begins to yield to gentle sun.
"Whispers of absence haunt the hush where laughter lay,",lay,past,grey,False,and silence holds the echoes of a day long past.,and silence holds the echoes of a day long past.
"I sought eternal life in shadowed stone,",stone,dawn,stone,False,But found it only in the light of dawn.,"I sought eternal life in shadowed stone,  
But found it only in the light of dawn."
"Whispers of the wind through leaves that sway,",sway,day,grey,True,"soft as a sigh, and sweet as day.","whispers of the wind through leaves that sway,  
soft as a sigh, and sweet as day."
"Whispers of the wild dance on the wind,",wind,entwined,wind,True,through the trees where secrets are entwined.,"whispers of the wild dance on the wind,  
through the trees where secrets are entwined."
"Whispers curl like shadows deep, a restless storm that won’t fall silent sleep,",sleep,lost,sweep,False,and wake the night with echoes of the lost.,and wake the night with echoes of the lost.
"Carved in stone or etched in fate, a whisper meant to outlast time,",time,light,time,False,A memory etched in light.,A memory etched in light.
"With dawn’s first breath, I pack my dreams in tow,",tow,glow,glow,True,and start my journey through the morning's glow.,and start my journey through the morning's glow.
"In the hush where heartbeats meet the divine,",divine,light,entwine,False,The silence speaks in tones of endless light.,"In the hush where heartbeats meet the divine,  
The silence speaks in tones of endless light."
"A king wears crowns, yet craves the sky—",sky,why,sigh,True,"But heaven's gate is barred, and why?","A king wears crowns, yet craves the sky—  
But heaven's gate is barred, and why?"
"A laugh as light as morning’s dew,",dew,need,new,False,Shines bright in every heart's true need.,"A laugh as light as morning’s dew,  
Shines bright in every heart's true need."
"Crimson flames of wrath in silence rise,",rise,sigh,dies,False,blackened skies and sorrow's ghostly sigh.,blackened skies and sorrow's ghostly sigh.
"Justice weeps in midnight's shadow, injustice wears the mask of light,",light,friend,light,False,"and truth remains a silent, steadfast friend.","and truth remains a silent, steadfast friend."
"Concrete pulses where the neon lights flirt,",flirt,dark,flirt,False,A city's heartbeat in the dark.,"Concrete pulses where the neon lights flirt,  
A city's heartbeat in the dark."
"Time etches its tale in silver and slow,",slow,unaltered,glow,False,"Yet leaves the heart in silence, unaltered.","Time etches its tale in silver and slow,  
Yet leaves the heart in silence, unaltered."
"Sugar's whisper on a summer breeze,",breeze,breeze,trees,False,"sweetness lingers in the air, like a gentle breeze.","sweetness lingers in the air, like a gentle breeze."
"The dawn breaks soft on shoulders not so small,",small,glow,fall,False,and whispers through the trees in golden glow.,and whispers through the trees in golden glow.
"A whisper carved in shadow, sharp as deceit's kiss,",kiss,reach,abyss,False,Yet lingers where the light cannot reach.,"A whisper carved in shadow, sharp as deceit's kiss,  
Yet lingers where the light cannot reach."
"In the silent crack of dawn, hope whispers where despair once screamed,",screamed,dark,dreamed,False,and light begins to break through the dark.,and light begins to break through the dark.
"Each year etches tales on skin, a silent ink of time,",time,pass,time,False,"And leaves a mark that never fades, though years may pass.","Each year etches tales on skin, a silent ink of time,  
And leaves a mark that never fades, though years may pass."
"Beneath the dusk of dying light,",light,flight,light,True,The stars begin to weep in flight.,"Beneath the dusk of dying light,  
The stars begin to weep in flight."
"Justice walks in twilight's gaze,",gaze,grace,maze,False,And rules with light and grace.,"Justice walks in twilight's gaze,  
And rules with light and grace."
"In broken china, hidden grace whispers of perfect cracks,",cracks,embrace,cracks,False,A fleeting beauty in the dust of time's embrace.,"In broken china, hidden grace whispers of perfect cracks,  
A fleeting beauty in the dust of time's embrace."
"Winds whisper tales of warming skies,",skies,eyes,dies,True,Winters fade to spring's bright eyes.,Winters fade to spring's bright eyes.
"In vibrant swirls of hue and song,",song,glow,belong,False,The world is painted with a glowing glow.,"In vibrant swirls of hue and song,  
The world is painted with a glowing glow."
"The echoes of their laughter live in silent rooms,",rooms,old,rooms,False,where memories never grow old.,where memories never grow old.
"The years fold time like parchment, worn yet true,",true,new,new,True,"And age is but a whisper, soft and new.","The years fold time like parchment, worn yet true,  
And age is but a whisper, soft and new."
"In twilight's grip, where shadow and light entwine,",entwine,light,entwine,False,"the stars above cast their silent, silvered light.","the stars above cast their silent, silvered light."
"When shadows fall and time runs thin,",thin,kind,spin,False,when hope remains and hearts are kind.,when hope remains and hearts are kind.
"Winds whisper secrets through a shifting sky,",sky,sky,sigh,False,And leaves dance in a dance of light and sky.,"Winds whisper secrets through a shifting sky,  
And leaves dance in a dance of light and sky."
"Steel veins hum where skyscrapers rise,",rise,sky,dies,False,and shadows dance in the light of the sky.,"steel veins hum where skyscrapers rise,  
and shadows dance in the light of the sky."
"Threads of love wove through the years,",years,joy,years,False,And hearts still beat with unending joy.,"Threads of love wove through the years,  
And hearts still beat with unending joy."
"On tongues where memory dwells, savoring sweetness the past sells,",sells,old,sells,False,"and in every bite, a tale of old.","and in every bite, a tale of old."
"A whispered pledge, a dagger's edge in velvet wrapped,",wrapped,wrapped,wrapped,False,"A promise sealed in silence, fierce and wrapped.","A whispered pledge, a dagger's edge in velvet wrapped,  
A promise sealed in silence, fierce and wrapped."
"Through storm and strife, our souls entwine,",entwine,light,entwine,False,"And in the darkest night, we find our light.","Through storm and strife, our souls entwine,  
And in the darkest night, we find our light."
"Like whispers through the autumn trees, it breathes—so soft, so wild,",wild,bright,wild,False,"like dreams in the wind, it moves—so free, so bright.","like dreams in the wind, it moves—so free, so bright."
"In twilight’s hush, where shadows dare to cling,",cling,night,sing,False,the moonlight whispers through the silent night.,the moonlight whispers through the silent night.
"A silence louder than the crowd’s faint hum,",hum,hum,from,False,Where hearts are still and voices fade to hum.,"A silence louder than the crowd’s faint hum,  
Where hearts are still and voices fade to hum."
"When twilight's whisper brushes against the soul,",soul,toll,soul,True,when the stars begin to weep in silent toll.,when the stars begin to weep in silent toll.
"Winds of freedom whisper where shadows of chains still cling,",cling,brave,sing,False,and hope still lives in the hearts of the brave.,and hope still lives in the hearts of the brave.
"Roots whispered in the tongue of ancestors,",ancestors,space,ancestors,False,Leaves bearing the scars of time and space.,Leaves bearing the scars of time and space.
"In dust of ages, tales still breathe,",breathe,break,breathe,False,Yet whispers of the heart still break.,"In dust of ages, tales still breathe,  
Yet whispers of the heart still break."
"In whispers of dawn, the wild awakes,",awakes,hold,awakes,False,where shadows retreat and light takes hold.,where shadows retreat and light takes hold.
"Two souls entwined, a bond unchained, eternal in its strain,",strain,to,rain,False,"Yet still they walk, a tale of love, a story yet to","Two souls entwined, a bond unchained, eternal in its strain,  
Yet still they walk, a tale of love, a story yet to"
"Two hearts entwined where vows take root,",root,found,root,False,and love forevermore is found.,"two hearts entwined where vows take root,  
and love forevermore is found."
"My hands curl like storm clouds, ready to spit fire—",fire,couplet,desire,False,I'll write the next line of the rhyming couplet:,"I'll write the next line of the rhyming couplet:

My hands curl like storm clouds, ready to spit fire—  
I'll break the sky"
"Beneath the boughs of time's gentle sway,",sway,light,grey,False,the stars do dance in eternal light.,the stars do dance in eternal light.
"Sunlight spilling through the seams of the day,",day,light,grey,False,and shadows dancing in the light.,and shadows dancing in the light.
"In flawless cracks, the light divine escapes,",escapes,face,escapes,False,and shines through every shadowed face.,and shines through every shadowed face.
"In shadows deep where silence breathes,",breathes,past,breathes,False,The ghostly whispers of the past.,"In shadows deep where silence breathes,  
The ghostly whispers of the past."
"Whispers of wind through ancient oak trees,",trees,flight,trees,False,soft as dreams that never quite take flight.,"whispers of wind through ancient oak trees,  
soft as dreams that never quite take flight."
"Beneath the skin, a thousand stories hum,",hum,dwell,from,False,And silence waits where shadows dwell.,"Beneath the skin, a thousand stories hum,  
And silence waits where shadows dwell."
"In whispered hope, my heart ignites,",ignites,breath,ignites,False,and dreams take flight in every breath.,and dreams take flight in every breath.
"A flame that flickers in the heart’s dark wood,",wood,try,wood,False,"shall never die, though time may try.","a flame that flickers in the heart’s dark wood,  
shall never die, though time may try."
"Like twin shadows dancing on the edge of dawn's first light,",light,mist,light,False,the world is wrapped in silvered mist.,the world is wrapped in silvered mist.
"Whispers of the wild dance on the breeze,",breeze,sweetly,trees,False,where the wind sings soft and sweetly.,where the wind sings soft and sweetly.
"With trembling hands, I light the candle between childhood and flame,",flame,flame,name,False,I light the candle between childhood and flame.,I light the candle between childhood and flame.
"A hearth’s warm glow where whispers of the past,",past,,past,False,,"A hearth’s warm glow where whispers of the past,"
"Beneath the mask where shadows play,",play,said,grey,False,"The truth is hidden, never said.","Beneath the mask where shadows play,  
The truth is hidden, never said."
"In whispered laughs and silent support,",support,dark,support,False,We stand together through the storm's most dark.,"In whispered laughs and silent support,  
We stand together through the storm's most dark."
"Winds of freedom whistle through chains that cling,",cling,sing,sing,True,"And break the bonds of oppression, never sing.","Winds of freedom whistle through chains that cling,  
And break the bonds of oppression, never sing."
"Roots buried deep where ancient songs still hum,",hum,woe,from,False,Leaves whisper tales of time and sorrow's woe.,Leaves whisper tales of time and sorrow's woe.
"When laughter dances on the morning’s air,",air,child,despair,False,when hope and joy are in the heart of the child.,when hope and joy are in the heart of the child.
"Roots whispered in rhythms both old and new,",new,known,new,False,Leaves dance in the wind with a song that's not yet known.,Leaves dance in the wind with a song that's not yet known.
"Roots tangled in rhythm, whispered through ancient stone,",stone,tone,stone,True,where time and memory dance in silent tone.,"roots tangled in rhythm, whispered through ancient stone,  
where time and memory dance in silent tone."
"Through storm or sun, in joy or sorrow,",sorrow,fate,sorrow,False,We are all bound by the same fate.,"Through storm or sun, in joy or sorrow,  
We are all bound by the same fate."
"In hues of dawn and whispers through the trees,",trees,breeze,trees,True,The world is painted with a gentle breeze.,"In hues of dawn and whispers through the trees,  
The world is painted with a gentle breeze."
"A hearth’s soft glow where whispers stay,",stay,air,grey,False,and dreams take flight in silent air.,and dreams take flight in silent air.
"A bloom of light in morning’s golden gaze,",gaze,made,maze,False,where dreams take root and hearts are made.,"a bloom of light in morning’s golden gaze,  
where dreams take root and hearts are made."
"Love is the thread that weaves hearts through time,",time,rhyme,time,True,and binds us in a timeless rhyme.,and binds us in a timeless rhyme.
"Wheels of fate turn under the vast, unbroken sky,",sky,cry,sigh,True,"and time moves on with a steady, unyielding cry.","and time moves on with a steady, unyielding cry."
"Whispers of rustle in hues once unknown,",unknown,light,stone,False,soft as dreams and bright as dawn's first light.,"whispers of rustle in hues once unknown,  
soft as dreams and bright as dawn's first light."
"In silent crowds, we drift alone,",alone,unknown,stone,True,where hearts are lost in the haze of the unknown.,where hearts are lost in the haze of the unknown.
"In shadowed chains, the soul still yearns to soar,",soar,hold,soar,False,and find the light that dreams so long to hold.,and find the light that dreams so long to hold.
"Though flesh may fade and stars may fall, my name shall sail through time’s vast thrall,",thrall,thrall,fall,False,"my name shall sail through time’s vast thrall,","my name shall sail through time’s vast thrall,  
and never be forgotten by the land."
"Winds whisper secrets where wandering feet tread,",tread,tread,thread,False,And leaves dance in rhythm with the sun's soft tread.,"Winds whisper secrets where wandering feet tread,  
And leaves dance in rhythm with the sun's soft tread."
"Beneath the whisper of ancient boughs,",boughs,true,boughs,False,The stars above shine bright and true.,"Beneath the whisper of ancient boughs,  
The stars above shine bright and true."
"Whispers of dread in the midnight air,",air,be,despair,False,"Shall never fade, nor ever be.","Whispers of dread in the midnight air,  
Shall never fade, nor ever be."
"Rooted together, we blossom as one,",one,won,spun,True,Our strength is in the unity we've won.,"Rooted together, we blossom as one,  
Our strength is in the unity we've won."
"The clock's whisper winds through the cracks of the hour,",hour,day,hour,False,and time slips through the seams of the day.,and time slips through the seams of the day.
"Whispers of winter melt to spring's first tear,",tear,care,despair,True,and thaw the frozen earth with gentle care.,and thaw the frozen earth with gentle care.
"The symphony of flavors on the tongue tells a story no words could ever improve,",improve,same,improve,False,"of taste and memory, a tale that's never the same.","of taste and memory, a tale that's never the same."
"Roots woven deep in the soil of stories untold,",untold,years,told,False,Leaves of silence that whisper through the years.,Leaves of silence that whisper through the years.
"In whispers of ages, history's torch glows,",glows,unbroken,grows,False,"And through the ages, it's passed, unbroken.","In whispers of ages, history's torch glows,  
And through the ages, it's passed, unbroken."
"Whispers coil in the chambers of the mind,",mind,bound,wind,False,where secrets dance and dreams are bound.,where secrets dance and dreams are bound.
"The dawn breaks soft upon the verge of years,",years,rivers,years,False,and time begins to flow like rivers.,and time begins to flow like rivers.
"Echoes of revolutions hum on the wind,",wind,same,wind,False,"But the truth remains, it's still the same.","Echoes of revolutions hum on the wind,  
But the truth remains, it's still the same."
"Whispers of winter melt to spring’s gentle hum,",hum,bloom,from,False,when the frost begins to turn to bloom.,when the frost begins to turn to bloom.
"Whispers of wind through earth’s ancient bones,",bones,stone,bones,False,echoes of time in every stone.,"whispers of wind through earth’s ancient bones,  
echoes of time in every stone."
"The earth breathes gently beneath the trees,",trees,breeze,trees,True,and whispers secrets to the breeze.,and whispers secrets to the breeze.
"Beneath the mask, a whisper stirs—",stirs,lies,years,False,A truth that shatters all the lies.,"Beneath the mask, a whisper stirs—  
A truth that shatters all the lies."
"In silent crowds, I walk alone,",alone,own,stone,True,where thoughts are mine and no one's own.,where thoughts are mine and no one's own.
"Like dawn unbuttons the sky with gold,",gold,glow,told,False,and night unfolds in silver's glow.,"like dawn unbuttons the sky with gold,  
and night unfolds in silver's glow."
"Beneath the sky where the wild winds roam,",roam,home,home,True,The stars shine bright and the night is home.,"Beneath the sky where the wild winds roam,  
The stars shine bright and the night is home."
"The echoes of revolution hum beneath our feet,",feet,tree,deceit,False,where hope and change are etched in every tree.,where hope and change are etched in every tree.
"In laughter’s glow, where secrets are told,",told,bold,told,True,the heart finds peace and love is bold.,the heart finds peace and love is bold.
"In the mirror of midnight, a thousand souls whisper,",whisper,lost,whisper,False,and their secrets are never lost.,and their secrets are never lost.
"Cannon's thunder weeps across the plain,",plain,slain,rain,True,and silence falls like snow upon the slain.,and silence falls like snow upon the slain.
"In whispered woods where shadows dance,",dance,trees,dance,False,the moonlight whispers secrets to the trees.,the moonlight whispers secrets to the trees.
"Hands weave together, a tapestry we share,",share,share,despair,False,the dreams and stories that we dare to share.,the dreams and stories that we dare to share.
"A canvas breathes where imagination flows,",flows,thought,grows,False,And dreams take shape in every stroke of thought.,"A canvas breathes where imagination flows,  
And dreams take shape in every stroke of thought."
"Beneath the moon where shadows play,",play,tales,grey,False,The stars above do whisper tales.,"Beneath the moon where shadows play,  
The stars above do whisper tales."
"In trembling hands, the storm refuses to stay,",stay,ray,grey,True,and silence clings to every ray.,and silence clings to every ray.
"Embers of rage in the chest they dwell,",dwell,sell,dwell,True,Yet peace is but a shadow they'll sell.,"Embers of rage in the chest they dwell,  
Yet peace is but a shadow they'll sell."
"The sky weaves tales in threads of storm and sun,",sun,wind,spun,False,and whispers secrets to the wind.,and whispers secrets to the wind.
"The sky weeps fire, yet forgets the rain,",rain,unchanged,rain,False,and the world remains unchanged.,and the world remains unchanged.
"Sunset laughter echoes down a lane,",lane,seen,rain,False,where dreams are made and hearts are seen.,where dreams are made and hearts are seen.
"Through fractured stone and whispered page,",page,told,rage,False,The ghostly tale of old is told.,"Through fractured stone and whispered page,  
The ghostly tale of old is told."
"In silence, shadows claim the ones whose voices shaped our skies,",skies,bright,dies,False,and silence holds the echoes of the stars that once were bright.,and silence holds the echoes of the stars that once were bright.
"Whispers of rustle in velvet and light,",light,night,light,True,soft as dreams in the hush of the night.,"whispers of rustle in velvet and light,  
soft as dreams in the hush of the night."
"A thousand hues whisper secrets to the breeze,",breeze,gleam,trees,False,"And dance in twilight's gentle, fleeting gleam.","A thousand hues whisper secrets to the breeze,  
And dance in twilight's gentle, fleeting gleam."
"Sunlight spilling through laughter’s bright rhyme,",rhyme,time,time,True,moonlight weaving tales of love and time.,moonlight weaving tales of love and time.
"Laughter echoed where the fireflies danced,",danced,dance,danced,False,and shadows played in twilight's gentle dance.,and shadows played in twilight's gentle dance.
"In swirling hues, where silent stories gleam,",gleam,dream,stream,True,The world is painted with a timeless dream.,"In swirling hues, where silent stories gleam,  
The world is painted with a timeless dream."
"City lights hum with hurried dreams,",dreams,gleaming,dreams,False,"But night is silent, and the stars are gleaming.","City lights hum with hurried dreams,  
But night is silent, and the stars are gleaming."
"Where silent chains clink in the shadow of proud wings,",wings,gleam,strings,False,and secrets dance in the light of the moon's pale gleam.,"where silent chains clink in the shadow of proud wings,  
and secrets dance in the light of the moon's pale gleam."
"Whispers of laughter echo down the lane of yesterday,",yesterday,light,grey,False,where dreams still gleam like stars in the morning's light.,where dreams still gleam like stars in the morning's light.
"Brushstrokes dance where silence spoke,",spoke,dark,spoke,False,and shadows whispered through the dark.,"brushstrokes dance where silence spoke,  
and shadows whispered through the dark."
"My name may fade, but in stone I'll remain,",remain,friend,rain,False,And eternally I'll be your friend.,"My name may fade, but in stone I'll remain,  
And eternally I'll be your friend."
"In the mirror of time, I trace a name not yet known,",known,own,stone,True,"But in the heart of dawn, I find my truest own.","But in the heart of dawn, I find my truest own."
"Echoes of laughter linger in the air,",air,stair,despair,True,echoes of joy still play on the stair.,echoes of joy still play on the stair.
"A bond unseen, yet strong as ties of steel,",steel,fails,kneel,False,"Is forged in silence, yet it never fails.","A bond unseen, yet strong as ties of steel,  
Is forged in silence, yet it never fails."
"Whispers of winds through the ancient tree,",tree,sea,sea,True,echoes of time in the leafy sea.,"whispers of winds through the ancient tree,  
echoes of time in the leafy sea."
"Time's grand tapestry is stitched with echoes of the past,",past,embraced,past,False,and every moment that we've embraced.,and every moment that we've embraced.
"In quiet whispers, the sacred awakes,",awakes,dark,awakes,False,And light begins to break through the dark.,"In quiet whispers, the sacred awakes,  
And light begins to break through the dark."
"Beneath soft words, the sharpest truths may hide,",hide,silence,collide,False,"But often, the most profound truths are spoken in silence.","But often, the most profound truths are spoken in silence."
"Shadows whisper in the quiet of the mind,",mind,unveiled,wind,False,and secrets wait to be unveiled.,and secrets wait to be unveiled.
"Skies whisper secrets in sun and storm's rhyme,",rhyme,take,time,False,and fate writes tales in every breath we take.,and fate writes tales in every breath we take.
"Sunset-lit laughter echoes through the willow trees,",trees,made,trees,False,where shadows dance and dreams are made.,where shadows dance and dreams are made.
"Whispers of spring in the thawing breeze,",breeze,reigned,trees,False,bloom where the frost once reigned.,"whispers of spring in the thawing breeze,  
bloom where the frost once reigned."
"When eyes first met 'neath a twilight sky,",sky,bright,sigh,False,the world seemed new and bright.,the world seemed new and bright.
"In tangled roots and open fire, we seek the echo of ""we’re yours, you’re mine,""",mine,time,entwine,False,and find it lost in the storm of time.,and find it lost in the storm of time.
"Winds of freedom whisper beneath chains of fear,",fear,free,dear,False,and call us free.,and call us free.
"In mirrored eyes where shadows dare to gleam,",gleam,of,stream,False,"I see your reflection in the glass, but you're not the one I'm dreaming of.","I see your reflection in the glass, but you're not the one I'm dreaming of."
"The sky whispers secrets in storms and soft rain,",rain,man,rain,False,and tells the heart of every wandering man.,and tells the heart of every wandering man.
"In whispered prayers, the soul takes flight,",flight,light,light,True,where dreams are born and hearts are light.,where dreams are born and hearts are light.
"A bond unbound by time or space, a silent symphony of grace,",grace,chance,embrace,False,A love that lasts through every storm and every chance.,"a bond unbound by time or space, a silent symphony of grace,  
A love that lasts through every storm and every chance."
"Whispers of farewell linger in the echoes of the rain,",rain,plain,rain,True,as the moonlight casts a silver veil on the plain.,as the moonlight casts a silver veil on the plain.
"In the silent whisper of dawn’s tender light,",light,might,light,True,"the world awakens with gentle, hopeful might.","the world awakens with gentle, hopeful might."
"Whispers of time in the lines of the face,",face,age,embrace,False,echoing memories in the gaze of the age.,echoing memories in the gaze of the age.
"Roots woven deep in ancient songs,",songs,space,songs,False,Leaves whisper tales of time and space.,Leaves whisper tales of time and space.
"Beneath the neon’s hum, the fields still breathe in quiet,",quiet,night,quiet,False,Yet shadows whisper secrets to the moonlit night.,"Beneath the neon’s hum, the fields still breathe in quiet,  
Yet shadows whisper secrets to the moonlit night."
"The road unspools like a whispered rhyme,",rhyme,light,time,False,and every step a stanza of light.,and every step a stanza of light.
"In crowded streets, alone, I tread,",tread,tread,thread,False,where shadows dance and secrets tread.,where shadows dance and secrets tread.
"A gavel strikes where silence cries,",cries,just,dies,False,And justice is sworn to be just.,"A gavel strikes where silence cries,  
And justice is sworn to be just."
"Beneath the skin, a song of soil and sky,",sky,life,sigh,False,"A whisper of the earth, a breath of life.","Beneath the skin, a song of soil and sky,  
A whisper of the earth, a breath of life."
"Whispers of yesterday slip through the hourglass sand,",sand,days,sand,False,and time's soft hand turns the page of days.,and time's soft hand turns the page of days.
"A hollow vow can fracture hearts, where trust was born and betrayal parte,",parte,part,start,True,"A hollow vow can fracture hearts, where trust was born and betrayal part.","A hollow vow can fracture hearts, where trust was born and betrayal part."
"Whispers of wood and worn-in walls recall,",recall,here,fall,False,the stories of those who once were here.,the stories of those who once were here.
"In the shadow's grip, a single light is born,",born,dawn,born,False,"and whispers through the dark, a fleeting dawn.","and whispers through the dark, a fleeting dawn."
"A gavel's pound in twilight's hold,",hold,toll,told,False,"The judge's decree, a shadow's toll.","A gavel's pound in twilight's hold,  
The judge's decree, a shadow's toll."
"Whispers of wind trace skies in blue,",blue,tree,new,False,and leave a trace of silence through the tree.,and leave a trace of silence through the tree.
"Beneath the moon's cold, watchful eye,",eye,me,sigh,False,the stars above watch over me.,the stars above watch over me.
"Beneath the mask where shadows play,",play,said,grey,False,"The truth is hidden, never said.","Beneath the mask where shadows play,  
The truth is hidden, never said."
"Fire smolders deep where patience fled,",fled,led,thread,True,and hope still lives in the ashes led.,and hope still lives in the ashes led.
"Old ways whisper beneath the hum of the new,",new,true,new,True,"But the heart of the world is changing, it's true.","Old ways whisper beneath the hum of the new,  
But the heart of the world is changing, it's true."
"Beneath the moon’s cold, indifferent gaze, I echo voices no ear will raise,",raise,raise,maze,False,"I echo voices no ear will raise,","I echo voices no ear will raise,  
Yet still I speak in silence, brave."
"I carve my name where the endless stars keep watch,",watch,dark,watch,False,And etch my fate in the silence of the dark.,"I carve my name where the endless stars keep watch,  
And etch my fate in the silence of the dark."
"Over horizon's hush, the road sings to the restless soul,",soul,found,soul,False,where stars are born and dreams are found.,where stars are born and dreams are found.
"The clock's soft whisper weaves through every vein,",vein,rain,rain,True,and time's gentle hand guides us through the rain.,and time's gentle hand guides us through the rain.
"Amidst the trees where shadows play,",play,sky,grey,False,The wind whispers secrets to the sky.,"Amidst the trees where shadows play,  
The wind whispers secrets to the sky."
"Whispers of wind through ancient, rustling trees,",trees,wake,trees,False,soft as dreams that never quite wake.,"whispers of wind through ancient, rustling trees,  
soft as dreams that never quite wake."
"In shadowed hearts, a quiet storm is bred,",bred,led,thread,True,where silence breaks and dreams are led.,where silence breaks and dreams are led.
"Beneath the tongue's sweet melody, shadows tell the truths that flee,",flee,unsaid,sea,False,Yet silence holds the weight of all that's left unsaid.,"Beneath the tongue's sweet melody, shadows tell the truths that flee,  
Yet silence holds the weight of all that's left unsaid."
"In dusty corners where the light forgot to go,",go,gloom,glow,False,the ghosts of old tales whisper through the gloom.,the ghosts of old tales whisper through the gloom.
"Whispers of yesterday haunt the hollows where laughter once lived,",lived,time,thrived,False,and still echo through the halls of time.,and still echo through the halls of time.
"Where scales of truth hang askew in the haze,",haze,haze,maze,False,where dreams of justice are but shadows in the haze.,where dreams of justice are but shadows in the haze.
"My heart, a flame, in youthful days was lit,",lit,light,grit,False,but now it burns with wisdom's quiet light.,but now it burns with wisdom's quiet light.
"Whispers of scarlet and echoes of velvet skies,",skies,symphony,dies,False,"danced through the night in a silent, sweet symphony.","whispers of scarlet and echoes of velvet skies,  
danced through the night in a silent, sweet symphony."
"Whispers of winter give way to the sun's tender embrace,",embrace,breath,embrace,False,as the earth awakes with spring's first breath.,as the earth awakes with spring's first breath.
"Beneath sweet lies, the sharp truth doth hide,",hide,shines,collide,False,"And in the dark, the light of reason shines.","And in the dark, the light of reason shines."
"Two hearts entwined in time’s soft grip,",grip,still,grip,False,"two souls in love, forever still.","two souls in love, forever still."
"A heartbeat whispers where two souls collide,",collide,collide,collide,False,And love begins where fate and destiny collide.,"A heartbeat whispers where two souls collide,  
And love begins where fate and destiny collide."
"Echoes of empires rise in whispers of the past,",past,light,past,False,And shadows of heroes dance in twilight's last light.,"Echoes of empires rise in whispers of the past,  
And shadows of heroes dance in twilight's last light."
"On tongues of flame and forks of gold, flavors tell a secret old,",old,bold,told,True,And time is but a guest in this feast of taste and bold.,"On tongues of flame and forks of gold, flavors tell a secret old,  
And time is but a guest in this feast of taste and bold."
"Two souls entwined by vow and time’s slow river,",river,keep,river,False,Doth the heart’s most sacred secret keep.,"Two souls entwined by vow and time’s slow river,  
Doth the heart’s most sacred secret keep."
"A promise made in shadows, torn by dawn's deceitful light,",light,bright,light,True,"Yet still the heart remains, unbroken, true and bright.","A promise made in shadows, torn by dawn's deceitful light,  
Yet still the heart remains, unbroken, true and bright."
"Carved in time's slow river, my name flows on,",on,try,dawn,False,"I'll never be forgotten, though time may try.","I'll never be forgotten, though time may try."
"Neon hums where the concrete grows,",grows,dream,grows,False,And the city sleeps in a dream.,"Neon hums where the concrete grows,  
And the city sleeps in a dream."
"In silence’s shadow, the stranger breathes,",breathes,wind,breathes,False,and whispers secrets to the wind.,and whispers secrets to the wind.
"I carved my name in the bones of time,",time,night,time,False,And etched it deep in the heart of night.,"I carved my name in the bones of time,  
And etched it deep in the heart of night."
"In twilight’s veil, where shadows dare to breathe,",breathe,trees,breathe,False,the moonlight whispers through the trees.,the moonlight whispers through the trees.
"I pace the sidewalks where the neon sighs,",sighs,hush,dies,False,And watch the stars in twilight's hush.,"I pace the sidewalks where the neon sighs,  
And watch the stars in twilight's hush."
"Old oaks bend but new neon glows,",glows,dark,grows,False,And hope still burns in the dark.,"Old oaks bend but new neon glows,  
And hope still burns in the dark."
"The clock of time ticks tales of yore,",yore,shore,soar,True,And whispers secrets to the shore.,"The clock of time ticks tales of yore,  
And whispers secrets to the shore."
"Beneath the mask of golden lies, the truth in shadowed whispers sighs,",sighs,sings,dies,False,"the world in silence, yet it sings.","the world in silence, yet it sings."
"Two hearts entwined where one love’s vow began,",began,chain,began,False,and two souls bound by fate's most tender chain.,and two souls bound by fate's most tender chain.
"In silent rooms where shadows speak,",speak,secrets,speak,False,The past returns with whispered secrets.,"In silent rooms where shadows speak,  
The past returns with whispered secrets."
"Like thunder held in hollow hands,",hands,sound,strands,False,the world is but a fleeting sound.,the world is but a fleeting sound.
"Brushstrokes breathe where imagination sleeps,",sleeps,gleam,weeps,False,A canvas dreams in hues of twilight's gleam.,A canvas dreams in hues of twilight's gleam.
"The earth breathes quietly beneath a sky of shifting gray,",gray,near,grey,False,and whispers of the storm that's coming near.,and whispers of the storm that's coming near.
"Fury burns like fire in a soul trapped between rage and resolve,",resolve,won,resolve,False,"And hope still flickers in the dark, though the storm may yet be won.","And hope still flickers in the dark, though the storm may yet be won."
"In silent corners where the shadows cling,",cling,light,sing,False,the secrets of the night are whispered in the light.,the secrets of the night are whispered in the light.
"Beneath the skin, a whisper waits to be heard,",heard,share,heard,False,A secret that the heart can't help but share.,A secret that the heart can't help but share.
"Though flesh may fade and time may flee,",flee,remains,sea,False,but spirit lives and love remains.,but spirit lives and love remains.
"Beneath the sky where sunbeams dance, joy and happiness leave fleeting yet lasting chance,",chance,flame,dance,False,"to find love's sweet, eternal flame.","to find love's sweet, eternal flame."
"Beneath sweet words, sometimes hides the blade,",blade,sad,stayed,False,that can cut through the heart with a cruel and sad.,that can cut through the heart with a cruel and sad.
"Whispers creep where the hours have flown,",flown,night,stone,False,"and silence holds the weight of a long, long night.","and silence holds the weight of a long, long night."
"Sunbeams duel with thunder's moan,",moan,rain,stone,False,And heaven's breath sings in the rain.,"Sunbeams duel with thunder's moan,  
And heaven's breath sings in the rain."
"Neon hums where the city's heart beats fast,",fast,dark,past,False,But the moonlight whispers secrets to the dark.,"Neon hums where the city's heart beats fast,  
But the moonlight whispers secrets to the dark."
"A king's crown crumbles in the dust where shadows hold their breath,",breath,bet,breath,False,and the throne of dreams is shattered by the weight of a broken bet.,and the throne of dreams is shattered by the weight of a broken bet.
"Beneath the dusk where tones conspire,",conspire,night,desire,False,The stars do whisper in the night.,"Beneath the dusk where tones conspire,  
The stars do whisper in the night."
"Shadows cling where whispers fade,",fade,begins,stayed,False,And secrets lie where the dawn begins.,And secrets lie where the dawn begins.
"Wolves howl beneath the moon's silver gleam,",gleam,dream,stream,True,And silence falls in answer to the dream.,"Wolves howl beneath the moon's silver gleam,  
And silence falls in answer to the dream."
"Beneath the thunders of divided skies,",skies,wide,dies,False,The hearts of men are torn and wide.,"Beneath the thunders of divided skies,  
The hearts of men are torn and wide."
"Beneath the moon's unblinking eye, I chart the stars and set my kite,",kite,kite,light,False,"I chart the stars and set my kite,","I chart the stars and set my kite,  
Where dreams take flight and night is bright."
"In the hush of dusk, old shadows speak,",speak,face,speak,False,and whisper secrets to the moon's pale face.,and whisper secrets to the moon's pale face.
"In quiet hearts where whispers rise,",rise,wise,dies,True,The truth of love is never wise.,"In quiet hearts where whispers rise,  
The truth of love is never wise."
"Wildebeests roam beneath skies painted gold,",gold,belong,told,False,and time forgets where they belong.,and time forgets where they belong.
"Like sunlight bursting through clouds on a spring day,",day,sky,grey,False,like a thousand diamonds in the sky.,like a thousand diamonds in the sky.
"Beneath soft lies, the brutal truth takes root,",root,lost,root,False,where hearts are broken and dreams are lost.,where hearts are broken and dreams are lost.
"In the quiet whispers of the sacred dawn,",dawn,renewed,dawn,False,"the world is gently awakened, and the soul is renewed.","the world is gently awakened, and the soul is renewed."
"Winds of liberty weep through the chains of the night,",night,rise,light,False,and light the way for the dawn to rise.,and light the way for the dawn to rise.
"My temper flares like lightning in the storm of despair,",despair,night,despair,False,and I'm doomed to burn in the heat of the night.,and I'm doomed to burn in the heat of the night.
"Whispers of absence linger in the air where laughter once was,",was,told,was,False,and silence now holds every secret that was told.,and silence now holds every secret that was told.
"Amidst the steel forest where silence is rare,",rare,came,despair,False,The echoes of a war that never came.,"Amidst the steel forest where silence is rare,  
The echoes of a war that never came."
"Like dawn renews the sky, my heart in your embrace finds home,",home,soul,home,False,and light returns to the soul.,and light returns to the soul.
"Anchored in time, the old ways hum,",hum,change,from,False,and never change.,and never change.
"Where the heart's old whispers find a sheltered rhyme,",rhyme,whole,time,False,where the soul's deep secrets are made whole.,where the soul's deep secrets are made whole.
"The sky’s a canvas painted by the hands of sun and rain,",rain,grace,rain,False,and nature’s brushstrokes paint the land with grace.,and nature’s brushstrokes paint the land with grace.
"Whispers tighten like shadows at dawn,",dawn,moon,dawn,False,and silence holds all the weight of the moon.,and silence holds all the weight of the moon.
"Whispers of rose and thunder of drum,",drum,sun,from,False,Shall never fade in the heart of the sun.,"Whispers of rose and thunder of drum,  
Shall never fade in the heart of the sun."
"Bursting like sun through the morning’s embrace,",embrace,brave,embrace,False,"The world awakes with a fresh, bright, and brave.","Bursting like sun through the morning’s embrace,  
The world awakes with a fresh, bright, and brave."
"Neon hums where the streetlamps blaze,",blaze,day,maze,False,And the night is a dream of the day.,"Neon hums where the streetlamps blaze,  
And the night is a dream of the day."
"Whispers echo where no ears are near,",near,tear,dear,True,silence holds the weight of every tear.,silence holds the weight of every tear.
"In the dance of colors, sounds take flight,",flight,light,light,True,and dreams are born in the light.,and dreams are born in the light.
"A whisper blooming soft and true,",true,tree,new,False,A secret whispered through the tree.,"A whisper blooming soft and true,  
A secret whispered through the tree."
"Time slips like sand through the shadows of yesterday,",yesterday,lost,grey,False,and leaves behind only echoes of what we've lost.,and leaves behind only echoes of what we've lost.
"Whispers of the sacred rise where faith and shadow meet,",meet,sleep,deceit,False,and light and dark entwine in eternal sleep.,and light and dark entwine in eternal sleep.
"In whispered prayers where the soul takes flight,",flight,light,light,True,the heart finds peace and light.,the heart finds peace and light.
"In the glow of fireflies and fading afternoons,",afternoons,tales,afternoons,False,The stars begin to whisper their quiet tales.,"In the glow of fireflies and fading afternoons,  
The stars begin to whisper their quiet tales."
"Beneath the mask where shadows dance,",dance,seen,dance,False,"The truth is hidden, never seen.","Beneath the mask where shadows dance,  
The truth is hidden, never seen."
"In the attic of the heart, old moments gently cling,",cling,sing,sing,True,where dreams are stored and memories still sing.,where dreams are stored and memories still sing.
"In shadowed corners where connection fades,",fades,unspoken,fades,False,the truth remains untold and unspoken.,the truth remains untold and unspoken.
"A hearth's soft glow where whispers stay,",stay,air,grey,False,and dreams take flight in silent air.,and dreams take flight in silent air.
"Whispers of devotion dance with dawn’s first breath,",breath,rest,breath,False,and light the silent halls of heaven's rest.,and light the silent halls of heaven's rest.
"Storms scribble secrets on the sky's chalkboard,",chalkboard,word,chalkboard,False,and silence listens to every word.,and silence listens to every word.
"A whisper of laughter in morning’s gold gleam,",gleam,brings,stream,False,A song that the breeze so gently brings.,A song that the breeze so gently brings.
"In silent worlds where echoes don't return,",return,wind,return,False,the shadows whisper secrets to the wind.,the shadows whisper secrets to the wind.
"A flawless vase, a crack unseen,",unseen,stands,unseen,False,"A crack unseen, yet still it stands.","A crack unseen, yet still it stands."
"In flawless cracks, the light finds its flaw,",flaw,despair,flaw,False,and shines through with a touch of despair.,and shines through with a touch of despair.
"Whispers coil like shadows deep, unrest is born in sleep,",sleep,sound,sweep,False,and dreams are shattered by the sound.,and dreams are shattered by the sound.
"Beneath the stars, the heart finds its true rhyme,",rhyme,voice,time,False,"and in the silence, it finds its own voice.","and in the silence, it finds its own voice."
"Whispers carved in rust, a bond undone by deceit's knife,",knife,true,knife,False,"and silence that never speaks, though hearts once true.","and silence that never speaks, though hearts once true."
"Colors whisper tales where the bold and silent meet,",meet,keep,deceit,False,And shadows dance in hues that time cannot keep.,"Colors whisper tales where the bold and silent meet,  
And shadows dance in hues that time cannot keep."
"The sky may whisper or crash with rhyme,",rhyme,time,time,True,but never break the dance of time.,but never break the dance of time.
"Clocks shed silent tears as moments flee the ground,",ground,dust,ground,False,Time's cruel hand turns every day to dust.,Time's cruel hand turns every day to dust.
"The echoes of yesterday hum softly in the halls of my mind,",mind,remain,wind,False,where dreams and memories still remain.,where dreams and memories still remain.
"Justice wears a crown of light, but injustice cloaks in shadows deep,",deep,seen,sweep,False,So let the world see truth and be seen.,So let the world see truth and be seen.
"Whispers of crimson, symphonies in blue,",blue,hue,new,True,light the night with dreams of endless hue.,"whispers of crimson, symphonies in blue,  
light the night with dreams of endless hue."
"The dawn of feeling, soft and undefined,",undefined,remain,wind,False,"Begins with hope, though shadows still remain.","The dawn of feeling, soft and undefined,  
Begins with hope, though shadows still remain."
"Beneath the skin, where traditions live,",live,lie,live,False,The past is etched in every lie.,"Beneath the skin, where traditions live,  
The past is etched in every lie."
"Silent hours glide like shadows through the cracks of yesterday,",yesterday,caught,grey,False,where dreams are left to fade and time is never caught.,where dreams are left to fade and time is never caught.
"In shadows deep, where silent tremors creep,",creep,trees,sweep,False,the moonlight whispers through the trees.,the moonlight whispers through the trees.
"Whispers of chains in the hush of the dawn,",dawn,flame,dawn,False,where the stars ignite in a silent flame.,where the stars ignite in a silent flame.
"As winter’s frost yields to the vernal rain,",rain,grin,rain,False,"the earth awakes with a gentle, springtime grin.","the earth awakes with a gentle, springtime grin."
"Fire roars where patience once resided,",resided,tide,resided,False,"and hope is but a shadowed, fleeting tide.","and hope is but a shadowed, fleeting tide."
"A flawless rose still drinks the rain, untold,",untold,true,told,False,"And blooms in silence, sweet and true.","A flawless rose still drinks the rain, untold,  
And blooms in silence, sweet and true."
"In the mirror of time, I glimpse a stranger’s face—",face,was,embrace,False,I see the echoes of a life I never was.,I see the echoes of a life I never was.
"A bond not bound by blood, yet deeper still,",still,fight,still,False,"Is forged in trust and love, not in the fight.","A bond not bound by blood, yet deeper still,  
Is forged in trust and love, not in the fight."
"Beneath the blaze of seventeen’s flame,",flame,way,name,False,The stars do wink and light the way.,"Beneath the blaze of seventeen’s flame,  
The stars do wink and light the way."
"A sweet ballet of salt and spice, upon the tongue's delicate slice,",slice,bite,slice,False,"A flavor that dances, bright and true, in every bite.","A sweet ballet of salt and spice, upon the tongue's delicate slice,  
A flavor that dances, bright and true, in every bite."
"With brush and breath, ideas take flight,",flight,light,light,True,and paint the world in light.,and paint the world in light.
"Where whispered walls hold tales I've spun,",spun,hum,spun,False,where shadows dance and secrets hum.,where shadows dance and secrets hum.
"A laugh like morning bursts through the skies,",skies,cheer,dies,False,And lightens every heart with joy and cheer.,"A laugh like morning bursts through the skies,  
And lightens every heart with joy and cheer."
"Wanderlust whispers through the winds of change,",change,land,change,False,and leaves a trail of dreams in every land.,and leaves a trail of dreams in every land.
"Amid the thunder of falling skies,",skies,might,dies,False,The stars above do shine with might.,"Amid the thunder of falling skies,  
The stars above do shine with might."
"Footprints trace where wanderers dream,",dream,been,stream,False,But time erases all that's been.,"Footprints trace where wanderers dream,  
But time erases all that's been."
"In the shadow of despair, hope whispers through the cracks,",cracks,cracks,cracks,False,"hope whispers through the cracks,","hope whispers through the cracks,  
and light begins to break the dark."
"In shadowed hearts where silence breeds,",breeds,dead,bleeds,False,A whisper of the lost and the dead.,"In shadowed hearts where silence breeds,  
A whisper of the lost and the dead."
"In still waters, the mirror of hearts,",hearts,in,hearts,False,Where dreams and thoughts are reflected in.,"In still waters, the mirror of hearts,  
Where dreams and thoughts are reflected in."
"Through laughter’s spark, our hearts first stoked the flame,",flame,name,name,True,"and in the dance of joy, we found our name.","and in the dance of joy, we found our name."
"Though time may steal the breath from bone,",bone,tone,stone,True,but love remains in every tone.,but love remains in every tone.
"Grandmother’s tales clash with the smartphone glow,",glow,glow,glow,False,and dreams are dimmed by the screen's cold glow.,and dreams are dimmed by the screen's cold glow.
"The scales of justice tremble in the storm,",storm,woe,storm,False,and the heavens weep with thunder's woe.,and the heavens weep with thunder's woe.
"Like dawn breaks soft on summer’s breath,",breath,trees,breath,False,like twilight whispers through the trees.,like twilight whispers through the trees.
"Whispers of the wind through leaves that sway,",sway,day,grey,True,"soft as a sigh, and sweet as day.","whispers of the wind through leaves that sway,  
soft as a sigh, and sweet as day."
"With trembling steps, the threshold nears its mark,",mark,spark,dark,True,and silence waits to hear the heart's last spark.,and silence waits to hear the heart's last spark.
"In city lights or meadow’s gentle haze,",haze,stage,maze,False,The stars are bright and the world is a stage.,"In city lights or meadow’s gentle haze,  
The stars are bright and the world is a stage."
"Hands clasped in ancient rhythm, the future hums a tune,",tune,sun,noon,False,"with hope and grace, it's written in the sun.","with hope and grace, it's written in the sun."
"Each wrinkle whispers tales of time’s gentle tide,",tide,written,collide,False,And age’s quiet song in every line is written.,"Each wrinkle whispers tales of time’s gentle tide,  
And age’s quiet song in every line is written."
"In the glow of screens where connection’s feigned,",feigned,held,feigned,False,We lose the truth we once so dearly held.,"In the glow of screens where connection’s feigned,  
We lose the truth we once so dearly held."
"In whispers down the hall of yesterday,",yesterday,erase,grey,False,the past still hums with tales we can't erase.,the past still hums with tales we can't erase.
"Through laughter carved in childhood's days,",days,fair,maze,False,The memories still shine bright and fair.,"Through laughter carved in childhood's days,  
The memories still shine bright and fair."
"Beneath the cold moon’s unfeeling gaze,",gaze,night,maze,False,the stars whisper secrets to the night.,the stars whisper secrets to the night.
"Beneath the sun’s unblinking eye, storms and seasons shift and rise,",rise,skies,dies,True,and time itself bends to the will of skies.,and time itself bends to the will of skies.
"The echoes of laughter linger in empty halls,",halls,remains,halls,False,where memories dance and time remains.,where memories dance and time remains.
"Thunder speaks, yet the stone hears not a word,",word,roar,heard,False,"But the mountain stands, unmoved by the storm's loud roar.","But the mountain stands, unmoved by the storm's loud roar."
"Beneath the moon’s pale, watchful eye,",eye,shine,sigh,False,the stars above do gleam and shine.,the stars above do gleam and shine.
"In the tapestry of twilight, hues breathe alive—",alive,sky,live,False,"A dance of stars, a whisper of the sky.","In the tapestry of twilight, hues breathe alive—  
A dance of stars, a whisper of the sky."
"Where light and shadow wage their endless war,",war,play,soar,False,The world is but a stage for fate's great play.,"Where light and shadow wage their endless war,  
The world is but a stage for fate's great play."
"In every heartbeat echoes the song,",song,true,belong,False,"of love and longing, so true.","of love and longing, so true."
"In the quiet bloom of shared moments,",moments,steal,moments,False,We find the beauty that time cannot steal.,"In the quiet bloom of shared moments,  
We find the beauty that time cannot steal."
"The minutes slip like sand through ancient hands,",hands,been,strands,False,and time forgets where it has been.,and time forgets where it has been.
"Laughter echoed where the fireflies danced,",danced,dance,danced,False,and shadows played in twilight's gentle dance.,and shadows played in twilight's gentle dance.
"I carve my name in time’s slow tide, unanswered,",unanswered,silenced,unanswered,False,"Yet echo through the ages, never to be silenced.","I carve my name in time’s slow tide, unanswered,  
Yet echo through the ages, never to be silenced."
"A bond that shines through life’s unpredictable storm,",storm,gone,storm,False,And stands strong when all seems lost and gone.,"A bond that shines through life’s unpredictable storm,  
And stands strong when all seems lost and gone."
"Whispers of longing in the night's embrace,",embrace,grace,embrace,True,soft as stars that fade in morning's grace.,"whispers of longing in the night's embrace,  
soft as stars that fade in morning's grace."
"Though shadows creep where daylight dares not tread,",tread,dead,thread,True,Yet hope still burns in every heart that's not dead.,Yet hope still burns in every heart that's not dead.
"In the hush where heavens hum with light,",light,flight,light,True,The stars do dance in silent flight.,"In the hush where heavens hum with light,  
The stars do dance in silent flight."
"In flawlessly fractured light, the truth is cast,",cast,breath,past,False,and shadows dance with every breath.,and shadows dance with every breath.
"A whisper starts in stolen glances bright,",bright,bright,light,False,"A secret shared in silence, soft and bright.","A secret shared in silence, soft and bright."
"The apple bends with sweet persuasion,",persuasion,serene,persuasion,False,but the tree remains steadfast in its own serene.,but the tree remains steadfast in its own serene.
"Beneath the moon's indifferent, silent gleam,",gleam,deep,stream,False,the stars above cast shadows long and deep.,the stars above cast shadows long and deep.
"Rage ignites like thunder in the bones,",bones,tones,bones,True,And storms the heart with fiery tones.,"Rage ignites like thunder in the bones,  
And storms the heart with fiery tones."
"A cage of silence, forged in tyranny's flame,",flame,gleaming,name,False,is bound to keep the truth from gleaming.,is bound to keep the truth from gleaming.
"Time carves wisdom on the lines it leaves behind,",behind,given,wind,False,And teaches us to cherish every moment given.,"Time carves wisdom on the lines it leaves behind,  
And teaches us to cherish every moment given."
"The earth turns slowly through time's tender grace,",grace,trace,embrace,True,and leaves behind a world of wonder in its trace.,and leaves behind a world of wonder in its trace.
"Whispers of the hour-glass, sand in silent flight,",flight,done,light,False,"till the last grain falls, and time is done.","till the last grain falls, and time is done."
"Beneath the mask we wear, a thousand whispers lay,",lay,day,grey,True,"But truth is hidden, like a shadow in the day.","Beneath the mask we wear, a thousand whispers lay,  
But truth is hidden, like a shadow in the day."
"Each wrinkle etched like time's slow poetry,",poetry,known,poetry,False,each line a whisper of the years that we've known.,each line a whisper of the years that we've known.
"Whispers of dread in the shadows creep,",creep,sleep,sweep,True,"where the moonlight casts a pale, ghostly sleep.","where the moonlight casts a pale, ghostly sleep."
"A bloom unearthed where shadows played,",played,grass,stayed,False,A secret whispered through the grass.,"A bloom unearthed where shadows played,  
A secret whispered through the grass."
"My roots are etched in many a song,",song,dawn,belong,False,and my branches reach for the dawn.,and my branches reach for the dawn.
"In the attic of time, memories dust and glow,",glow,bright,glow,False,where shadows whisper tales of old and bright.,where shadows whisper tales of old and bright.
"Where chains are whispered into silence, freedom wakes with a cry,",cry,day,sigh,False,and the world turns to a new day.,and the world turns to a new day.
"On tongues of morning, flavors start to rise,",rise,sing,dies,False,and hearts begin to sing.,"on tongues of morning, flavors start to rise,  
and hearts begin to sing."
"Roots entwined where voices rise,",rise,eyes,dies,True,the earth holds secrets in its eyes.,"roots entwined where voices rise,  
the earth holds secrets in its eyes."
"Love blooms in whispers, binds in the blood,",blood,hold,blood,False,and lives in the heart's most profound hold.,and lives in the heart's most profound hold.
"Justice scales the cliffs of right, while shadows feed the wrong,",wrong,unshaken,belong,False,and truth remains unshaken.,and truth remains unshaken.
"Whispers of winter give way to the spring's soft hum,",hum,sun,from,False,where the frosty winds give way to the gentle sun.,where the frosty winds give way to the gentle sun.
"Whispers of dread in the midnight air,",air,be,despair,False,"Shall never fade, nor ever be.","Whispers of dread in the midnight air,  
Shall never fade, nor ever be."
"In the mirror of the soul, shadows dance with light,",light,see,light,False,and reflect the truth we dare not see.,and reflect the truth we dare not see.
"The whisper of winter gives way to the song of the spring,",spring,renewed,sing,False,where the heart of the earth is reborn and the world is renewed.,where the heart of the earth is reborn and the world is renewed.
"In laughter’s glow, where quiet trust ignites,",ignites,dies,ignites,False,the flame of love that never dies.,the flame of love that never dies.
"In the garden of life, friendship blooms bright,",bright,light,light,True,and brings us joy through every bright light.,and brings us joy through every bright light.
"Neon hums where countryside sighs in the sun,",sun,run,spun,True,And shadows dance where the stars dare to run.,"Neon hums where countryside sighs in the sun,  
And shadows dance where the stars dare to run."
"In shadows deep where truth once gleamed,",gleamed,reigns,dreamed,False,"The light now fades, and silence reigns.","In shadows deep where truth once gleamed,  
The light now fades, and silence reigns."
"In the shadow's grip, a fragile spark still dares to rise—",rise,night,dies,False,"its flame against the dark, a whispered hope in the night.","its flame against the dark, a whispered hope in the night."
"The storm within screams louder than the thunder's roar,",roar,soul,soar,False,and the sky is torn by the heart of a raging soul.,and the sky is torn by the heart of a raging soul.
"In whispered shadows, truth dons a disguise,",disguise,silence,dies,False,and lies take on the form of silence.,and lies take on the form of silence.
"In whispered shadows where the lonely dwell,",dwell,well,dwell,True,the moonlight whispers tales of lost and well.,the moonlight whispers tales of lost and well.
"Whispers of winter melt to spring’s first sigh,",sigh,tree,sigh,False,and nature sings of hope in every tree.,and nature sings of hope in every tree.
"Two hearts entwined where vows take root and grow,",grow,vow,glow,False,and love forevermore in this sacred vow.,"two hearts entwined where vows take root and grow,  
and love forevermore in this sacred vow."
"In twilight’s breath, where shadows dare to bloom,",bloom,gloom,bloom,True,the moonlight whispers secrets to the gloom.,the moonlight whispers secrets to the gloom.
"O ancestors’ whispers duel with pixels’ hum,",hum,unshunned,from,False,"Yet in the dark, the truth remains unshunned.","O ancestors’ whispers duel with pixels’ hum,  
Yet in the dark, the truth remains unshunned."
"In the hush where heaven's whispers meet the earth,",earth,light,earth,False,A silent song of stars and ancient light.,"In the hush where heaven's whispers meet the earth,  
A silent song of stars and ancient light."
"Shadows fall where the cannons roar,",roar,roar,soar,False,and silence follows where the battle's roar.,and silence follows where the battle's roar.
"My name may fade, but whispers will remain,",remain,men,rain,False,And I shall live in the hearts of the men.,"My name may fade, but whispers will remain,  
And I shall live in the hearts of the men."
"I wield the storm yet tremble at the rain,",rain,learn,rain,False,For nature's power is a lesson I learn.,"I wield the storm yet tremble at the rain,  
For nature's power is a lesson I learn."
"Time carves its tales in lines upon our skin,",skin,unmade,spin,False,And leaves a mark that never can be unmade.,"Time carves its tales in lines upon our skin,  
And leaves a mark that never can be unmade."
"Where whispered lies dance on a blade's sharp edge,",edge,gleam,edge,False,A shadowed tale in the night's soft gleam.,"Where whispered lies dance on a blade's sharp edge,  
A shadowed tale in the night's soft gleam."
"Through laughter’s echo and tears that bind,",bind,wind,wind,True,The heart finds peace in time’s gentle wind.,"Through laughter’s echo and tears that bind,  
The heart finds peace in time’s gentle wind."
"Beneath the chain, a song still dares to rise,",rise,wise,dies,True,"A voice that breaks the silence, bold and wise.","A voice that breaks the silence, bold and wise."
"The hours slip like sand through time's unyielding hand,",hand,land,sand,True,and leave no trace but echoes in the land.,and leave no trace but echoes in the land.
"Wheels hum low beneath the morning's hue,",hue,light,new,False,The dawn unfolds in golden light.,"Wheels hum low beneath the morning's hue,  
The dawn unfolds in golden light."
"Whispers of wind through the green-lit trees,",trees,keep,trees,False,soft as secrets that time cannot keep.,"whispers of wind through the green-lit trees,  
soft as secrets that time cannot keep."
"In whispers woven, the dagger finds its rest,",rest,entwined,breast,False,where shadows dance and secrets are entwined.,where shadows dance and secrets are entwined.
"With dawn’s first light, a heart begins to know,",know,love,glow,False,the world is wide and full of love.,the world is wide and full of love.
"Like shadows twins upon the heart,",heart,told,start,False,They whisper secrets never told.,"Like shadows twins upon the heart,  
They whisper secrets never told."
"Like dawn embraces twilight’s fading sigh,",sigh,light,sigh,False,the world is gently kissed by morning’s light.,"like dawn embraces twilight’s fading sigh,  
the world is gently kissed by morning’s light."
"Winds of freedom whisper through chains that groan,",groan,man,stone,False,And freedom's song is sung in every man.,"Winds of freedom whisper through chains that groan,  
And freedom's song is sung in every man."
"Whispers of forever carved in bones unseen,",unseen,speak,unseen,False,and time forgets to speak.,and time forgets to speak.
"Like dawn breaking silently on a heart unknown,",unknown,alone,stone,True,like dusk descending softly on a soul that's been alone.,like dusk descending softly on a soul that's been alone.
"The sweetness of trust can hold a thousand lies,",lies,near,dies,False,but it will never break when truth is near.,but it will never break when truth is near.
"The chains of silence clank beneath the breath of rebels' cries,",cries,cries,dies,False,and wake the sleeping world with thunderous cries.,and wake the sleeping world with thunderous cries.
"Bitter chocolate on a honeyed tongue,",tongue,blush,clung,False,sweet as summer's first blush.,sweet as summer's first blush.
"Whispers of spring in winter's last sigh,",sigh,trail,sigh,False,bloom where the frost has left its trail.,"whispers of spring in winter's last sigh,  
bloom where the frost has left its trail."
"In tangled hearts, two vows entwine,",entwine,one,entwine,False,where love and pain are one.,where love and pain are one.
"Truth wears a mask of light, yet deception shimmers bare,",bare,true,despair,False,"But in the end, the truth remains, unshaken and true.","Truth wears a mask of light, yet deception shimmers bare,  
But in the end, the truth remains, unshaken and true."
"In twilight’s grasp, where shadows cling,",cling,ring,sing,True,"the moonlight whispers through the trees in a soft, gentle ring.","the moonlight whispers through the trees in a soft, gentle ring."
"Whispers weave where wild hearts run free,",free,breeze,sea,False,and dreams take flight in the quiet breeze.,and dreams take flight in the quiet breeze.
"Beneath soft words, the dagger of truth may gleam,",gleam,acclaim,stream,False,"But never strike the heart with cold, unkind acclaim.","But never strike the heart with cold, unkind acclaim."
"Winds of liberty weep through the chains of the night,",night,rise,light,False,and light the way for the dawn to rise.,and light the way for the dawn to rise.
"In twilight’s breath, where shadows softly sway,",sway,gray,grey,True,the moonlight whispers through the trees in gray.,the moonlight whispers through the trees in gray.
"Beneath the storm of silent rage, tempests thrive in beating veins,",veins,free,remains,False,where hearts are wild and souls are free.,where hearts are wild and souls are free.
"Whispers of yesterday linger in the dust of forgotten rooms,",rooms,hum,rooms,False,where echoes of the past still hum and hum.,where echoes of the past still hum and hum.
"In shadows of the past, my heart repeats an ancient song,",song,couplet,belong,False,I'll write the next line of the rhyming couplet:,"I'll write the next line of the rhyming couplet:

In shadows of the past, my heart repeats an ancient song,  
Where echoes of the"
"Justice wears a crown of light, injustice, shadows in disguise,",disguise,prize,dies,True,And truth shall rise to claim her prize.,And truth shall rise to claim her prize.
"In the silent chambers where dread and dread dwell,",dwell,wall,dwell,False,"The shadows whisper secrets to the cold, dark wall.","In the silent chambers where dread and dread dwell,  
The shadows whisper secrets to the cold, dark wall."
"Whispers of the wind through ancient boughs,",boughs,bow,boughs,False,whispering secrets to the trees that bow.,whispering secrets to the trees that bow.
"Beneath the mirror’s gaze, a thousand whispered names awake,",awake,seeking,awake,False,"I see your reflection, but not the one you've been seeking.","I see your reflection, but not the one you've been seeking."
"Beneath soft words, the dagger of truth may gleam,",gleam,acclaim,stream,False,"But never strike the heart with cold, unkind acclaim.","But never strike the heart with cold, unkind acclaim."
"Friendship is the sun that melts the snow,",snow,way,glow,False,and guides the way.,and guides the way.
"A flawless rose still trembles in the storm,",storm,glow,storm,False,but shines through the rain with a quiet glow.,but shines through the rain with a quiet glow.
"My name may fade, but my shadow shall sing,",sing,hear,sing,False,for the world shall hear.,for the world shall hear.
"Time-honored flames meet electric skies,",skies,cries,dies,True,and light the night with silent cries.,and light the night with silent cries.
"Each wrinkle etched is a tale the sun has read,",read,praise,creed,False,"And time has written in the skin, a quiet praise.","Each wrinkle etched is a tale the sun has read,  
And time has written in the skin, a quiet praise."
"The tempest rages where restraint once tread,",tread,bred,thread,True,Yet silence waits where fury once was bred.,"The tempest rages where restraint once tread,  
Yet silence waits where fury once was bred."
"Beneath the mask I’ve worn for years, a silent echo stirs, unknown,",unknown,long,stone,False,"Yet in the depths of heart, a truth I’ve long","Beneath the mask I’ve worn for years, a silent echo stirs, unknown,  
Yet in the depths of heart, a truth I’ve long"
"In the quiet hours, when stars hold their breath,",breath,rest,breath,False,the world exhales and the moon takes her rest.,the world exhales and the moon takes her rest.
"In every flaw, the light of perfection gleams,",gleams,way,dreams,False,"and in the shadows, hope finds its way.","and in the shadows, hope finds its way."
"Whispers roam where wild things wander,",wander,land,wander,False,and secrets keep in the darkened land.,and secrets keep in the darkened land.
"With trembling hand I light the fire,",fire,room,desire,False,and watch the shadows flee from the room.,and watch the shadows flee from the room.
"Whispers of velvet dance with crimson skies,",skies,sigh,dies,False,and silence hums in every leaf's soft sigh.,and silence hums in every leaf's soft sigh.
"In the quiet heartbeat of the morning light,",light,delight,light,True,"the world awakens with a gentle, serene delight.","the world awakens with a gentle, serene delight."
"Brushstrokes of thought dance where wild imagination thrives,",thrives,skies,thrives,False,And colors of dreams take flight in endless skies.,"Brushstrokes of thought dance where wild imagination thrives,  
And colors of dreams take flight in endless skies."
A flawless curve holds cracks unseen—,unseen,remain,unseen,False,Yet whispers of the past remain.,"A flawless curve holds cracks unseen—  
Yet whispers of the past remain."
"A whispered truth can sever ties spun tight,",tight,tight,light,False,But a well-placed lie can keep them tight.,"A whispered truth can sever ties spun tight,  
But a well-placed lie can keep them tight."
"In shadowed halls where whispers cling,",cling,spring,sing,True,the past still breathes in silent spring.,the past still breathes in silent spring.
"In the shadow of the night, hope whispers light,",light,flight,light,True,"hope whispers light, and dreams take flight.","hope whispers light, and dreams take flight."
"Where whispering forests pulse with life,",life,dies,knife,False,And every leaf a song that never dies.,"Where whispering forests pulse with life,  
And every leaf a song that never dies."
"Beneath the moon’s unblinking eye, I start upon the road,",road,dark,code,False,to seek the truth that lies beyond the dark.,to seek the truth that lies beyond the dark.
"In the attic of the heart, old echoes still stir,",stir,lie,stir,False,where memories dance and secrets still lie.,where memories dance and secrets still lie.
"A heartbeat hums where two souls entwine,",entwine,cold,entwine,False,"And love, like music, never grows cold.","A heartbeat hums where two souls entwine,  
And love, like music, never grows cold."
"Two hearts entwined, one path they tread,",tread,depart,thread,False,where love and fate do not depart.,where love and fate do not depart.
"Whispers of wind weave through skies of change,",change,anew,change,False,where dreams take flight and hearts are made anew.,where dreams take flight and hearts are made anew.
"Colors whisper where the silent brushes dance,",dance,stale,dance,False,"A tale of light and shadow, never stale.","Colors whisper where the silent brushes dance,  
A tale of light and shadow, never stale."
"Old hands shaping clay, new screens shape the mind,",mind,remains,wind,False,"Yet in the silence, the truth remains.","Old hands shaping clay, new screens shape the mind,  
Yet in the silence, the truth remains."
"Beneath the mask I’ve worn for years, a stranger whispers in my ears,",ears,am,years,False,I’m not who you think I am.,I’m not who you think I am.
"In whispers of the soul, where light and longing entwine,",entwine,true,entwine,False,"The heart finds peace in silence, deep and true.","In whispers of the soul, where light and longing entwine,  
The heart finds peace in silence, deep and true."
"Through mirrors of memory, I search for the face that time forgot,",forgot,forgot,forgot,False,"I search for the face that time forgot,","I search for the face that time forgot,  
Yet none remain, nor ever will."
"Justice whispers truth, but injustice roars, drowning right in the storm of its force,",force,face,force,False,"And truth, though strong, is but a whisper in the face","Justice whispers truth, but injustice roars, drowning right in the storm of its force,  
And truth, though strong, is but a whisper in the face"
"In whispered woods where shadow plays,",plays,leaves,maze,False,the moonlight dances on the leaves.,the moonlight dances on the leaves.
"The ghost of yesterday whispers through the keys of time,",time,fingers,time,False,and laments the days that slipped like sand through his fingers.,and laments the days that slipped like sand through his fingers.
"A whisper of warmth that the heart cannot hide,",hide,pride,collide,True,but the frost of winter still holds its pride.,"a whisper of warmth that the heart cannot hide,  
but the frost of winter still holds its pride."
"In shadowed scales, the scales of truth bend—",bend,begins,blend,False,"And in the light of justice, the light of dawn begins.","And in the light of justice, the light of dawn begins."
"In shadowed woods where whispers prowl,",prowl,glow,prowl,False,The moonlight casts a silent glow.,"In shadowed woods where whispers prowl,  
The moonlight casts a silent glow."
"In vows woven tight, two hearts intertwine,",intertwine,bind,entwine,False,where love and fate do bind.,where love and fate do bind.
"The years fold like pages in a gently-worn tome,",tome,grace,home,False,and time unfolds with quiet grace.,and time unfolds with quiet grace.
"Two souls entwined in time’s soft thread,",thread,sun,thread,False,Whose love outlives the stars and the sun.,"Two souls entwined in time’s soft thread,  
Whose love outlives the stars and the sun."
"Whispers of winter melt into spring's gentle rise,",rise,skies,dies,True,and the earth begins to sing in joyous skies.,and the earth begins to sing in joyous skies.
"In city's hum or meadow's hush,",hush,rush,hush,True,The soul finds peace or finds a rush.,"In city's hum or meadow's hush,,  
The soul finds peace or finds a rush."
"Carved in stone or whispered through time,",time,dies,time,False,A tale of love that never dies.,"Carved in stone or whispered through time,  
A tale of love that never dies."
"Laughter echoes where the fireflies danced,",danced,embrace,danced,False,"and dreams take flight in the quiet, bright embrace.","and dreams take flight in the quiet, bright embrace."
"Love is the thread that weaves through all we are,",are,desire,are,False,and binds us close in every heart's sincere desire.,and binds us close in every heart's sincere desire.
"Time drifts like ash on a fading wick,",wick,light,wick,False,"and leaves the heart in a hollow, cold light.","and leaves the heart in a hollow, cold light."
"The hourglass bleeds its final grain,",grain,away,rain,False,and time begins to run away.,and time begins to run away.
"A glance can spark a flame that time won’t quench,",quench,forever,quench,False,But love can light a fire that lasts forever.,"A glance can spark a flame that time won’t quench,  
But love can light a fire that lasts forever."
"When cannons roared at Waterloo's dawn,",dawn,land,dawn,False,the echoes of a lost cause rang through the land.,the echoes of a lost cause rang through the land.
"A dance of spices on the tongue's sweet stage,",stage,glad,rage,False,A flavor that makes the heart feel glad.,"A dance of spices on the tongue's sweet stage,  
A flavor that makes the heart feel glad."
"Like thunder caged in silent breath,",breath,death,breath,True,The storm within the heart of death.,"Like thunder caged in silent breath,  
The storm within the heart of death."
"In whispered lies where trust was sworn,",sworn,bound,born,False,and hope was bound.,and hope was bound.
"Whispers of winter to summer's embrace,",embrace,breeze,embrace,False,where dreams take flight and time is a breeze.,"whispers of winter to summer's embrace,  
where dreams take flight and time is a breeze."
"Old hymns hummed by ancient fires, now duet with the drone of wires,",wires,sacred,wires,False,"A ghostly echo in the modern age, a silent, sacred","Old hymns hummed by ancient fires, now duet with the drone of wires,  
A ghostly echo in the modern age, a silent, sacred"
"We are threads in the fabric of many voices one,",one,one,spun,False,We are threads in the fabric of many voices one.,We are threads in the fabric of many voices one.
"In flawless cracks, the light slips through,",through,hue,new,True,the shadows dance in golden hue.,the shadows dance in golden hue.
"A silent nod speaks volumes when the world is still,",still,will,still,True,And hearts can feel the weight of peace and will.,"A silent nod speaks volumes when the world is still,  
And hearts can feel the weight of peace and will."
"In flaw's soft glow, perfection finds its dawn,",dawn,again,dawn,False,where shadows fade and light takes hold again.,where shadows fade and light takes hold again.
"In silvered tongues, the serpent lies,",lies,night,dies,False,and silence rules the night.,and silence rules the night.
"In twilight's breath, hope whispers through despair's bitter ache,",ache,night,awake,False,and light begins to break through the veil of night.,and light begins to break through the veil of night.
"Where hearthlight dances on the walls I know,",know,halls,glow,False,where love and laughter fill the halls.,where love and laughter fill the halls.
"Beneath the stars where night winds whisper dreams,",dreams,couplet,dreams,False,I'll write the next line of the rhyming couplet.,"I'll write the next line of the rhyming couplet.

**Beneath the stars where night winds whisper dreams,  
A silent hope is born"
"Rooted in rhythm, threads of tradition weave,",weave,space,weave,False,A story passed through time and space.,"Rooted in rhythm, threads of tradition weave,  
A story passed through time and space."
"In shadows deep where light is shy,",shy,eyes,sigh,False,the moon casts long and silent eyes.,the moon casts long and silent eyes.
"Where shadowed scales of justice sway,",sway,silence,grey,False,The truth is weighed in silence.,"Where shadowed scales of justice sway,  
The truth is weighed in silence."
"Whispers of laughter dance on the breeze,",breeze,cheer,trees,False,and light hearts sing in the evening's cheer.,and light hearts sing in the evening's cheer.
"A hearth’s soft glow where scattered memories dwell,",dwell,embrace,dwell,False,"and dreams take flight in silent, warm embrace.","and dreams take flight in silent, warm embrace."
"Where shared breath paints the air,",air,air,despair,False,A thousand dreams take flight in air.,"Where shared breath paints the air,  
A thousand dreams take flight in air."
"Silent thief of moment and dream,",dream,thief,stream,False,and time's cruel thief.,and time's cruel thief.
"In quiet hearts where whispered prayers take flight,",flight,born,light,False,The soul finds peace and love is born.,"In quiet hearts where whispered prayers take flight,  
The soul finds peace and love is born."
"Whispers of light where the soul finds its name,",name,flame,name,True,and shadows dance in the grace of the flame.,and shadows dance in the grace of the flame.
"Beneath the moon's soft, whispering glow,",glow,spread,glow,False,a silver veil of stars is spread.,a silver veil of stars is spread.
"Echoes of laughter drift through hollowed streets where silence claims the night,",night,light,light,True,and dreams are born where shadows meet the light.,and dreams are born where shadows meet the light.
"Beneath the sky where childhood dreams take flight,",flight,bright,light,True,"The stars above do whisper, ""You are bright.""","Beneath the sky where childhood dreams take flight,  
The stars above do whisper, ""You are bright."""
"Beneath the mask where whispers play,",play,told,grey,False,"The truth is hidden, never told.","Beneath the mask where whispers play,  
The truth is hidden, never told."
"The sky weaves tales in gray or blue,",blue,tune,new,False,"The stars above tell stories in a quiet, slow tune.","The stars above tell stories in a quiet, slow tune."
"Beneath the tower's shadow or the willow's swaying sweep,",sweep,above,sweep,False,The wind whispers secrets to the stars above.,"Beneath the tower's shadow or the willow's swaying sweep,  
The wind whispers secrets to the stars above."
"Beneath the boughs where twilight softly sighs,",sighs,wait,dies,False,a lullaby for the stars that lie in wait.,a lullaby for the stars that lie in wait.
"Through the years, like roots that intertwine,",intertwine,time,entwine,False,"We grow together, bound by time.","Through the years, like roots that intertwine,  
We grow together, bound by time."
"The old oak groans beneath the neon sky,",sky,sky,sigh,False,and shadows dance in rhythm with the sky.,and shadows dance in rhythm with the sky.
"Shadows of steel whisper through the night,",night,fight,light,True,and silence holds the weight of a fight.,and silence holds the weight of a fight.
"Whispers of winds through the ages have blew,",blew,loss,new,False,telling tales of love and of loss.,telling tales of love and of loss.
"Roots entwined where hearts beat as one,",one,undone,spun,True,leaves a legacy of love that never can be undone.,leaves a legacy of love that never can be undone.
"In every flaw, a shadow of perfection’s light hides deep,",deep,bright,sweep,False,"And in each tear, a dawn of hope’s tender, bright.","And in each tear, a dawn of hope’s tender, bright."
"In quiet whispers, the soul's prayers rise,",rise,eyes,dies,True,"to heaven's quiet, divine eyes.","to heaven's quiet, divine eyes."
"Whispers of winds through ancient and new,",new,leaf,new,False,Echoes of time in every leaf.,"Whispers of winds through ancient and new,  
Echoes of time in every leaf."
"With brushes dipped in whispered dreams,",dreams,couplet,dreams,False,I'll write the next line of the rhyming couplet:,"I'll write the next line of the rhyming couplet:

**With brushes dipped in whispered dreams,  
I paint the night with silent scenes.**"
"Whispers of time in the dust of the past,",past,cast,past,True,echoes still sing where the stars once were cast.,echoes still sing where the stars once were cast.
"Whispers of wind through a warming world's sigh,",sigh,sky,sigh,True,soft as snow on the frozen heart of the sky.,"whispers of wind through a warming world's sigh,  
soft as snow on the frozen heart of the sky."
"Threads of love woven through years of the same loom,",loom,sun,bloom,False,May your heart forever remain as warm as the sun.,"Threads of love woven through years of the same loom,  
May your heart forever remain as warm as the sun."
"The dusk of life casts shadows long,",long,song,belong,True,and whispers of the past in golden song.,and whispers of the past in golden song.
"Roots entwined in shared heartbeat and story,",story,night,story,False,Leaves whispering secrets through the night.,Leaves whispering secrets through the night.
"Embers of rage beneath the skin,",skin,reign,spin,False,burning bright in silence's reign.,"embers of rage beneath the skin,  
burning bright in silence's reign."
"Where scales of justice tip with tears of plight,",plight,tried,light,False,The guilty are freed and the innocent are tried.,"Where scales of justice tip with tears of plight,  
The guilty are freed and the innocent are tried."
"In shackles forged by silent fear,",fear,screams,dear,False,"the soul is bound, yet still it screams.","the soul is bound, yet still it screams."
"Shadows stretch where laughter once resided,",resided,pride,resided,False,and silence now holds all the pride.,and silence now holds all the pride.
"Roots etched deep in ancient songs,",songs,space,songs,False,Leaves whisper tales of time and space.,Leaves whisper tales of time and space.
"The old oaks whisper tales to new steel skyscrapers,",skyscrapers,tears,skyscrapers,False,that rise in silent defiance of the wind's cruel tears.,that rise in silent defiance of the wind's cruel tears.
"Though flesh may fade and time may roar,",roar,dies,soar,False,but spirit lives and never dies.,but spirit lives and never dies.
"Whispers of spice dance on eager tongues,",tongues,sung,tongues,False,and dreams of far-off lands are sung.,and dreams of far-off lands are sung.
"A crown of thunder, a fist clenched tight,",tight,night,light,True,and silence in the night.,and silence in the night.
"In whispers of brushstroke and melody's breath,",breath,weeps,breath,False,The soul of art is born and gently weeps.,"In whispers of brushstroke and melody's breath,  
The soul of art is born and gently weeps."
"Wheels spin beneath the dawn's first glow,",glow,road,glow,False,And hope begins to bloom in the road.,"Wheels spin beneath the dawn's first glow,  
And hope begins to bloom in the road."
"First love is a whisper the stars dare not steal,",steal,night,kneel,False,Second love is a flame that burns through the night.,Second love is a flame that burns through the night.
"Ancient rites in twilight’s fade,",fade,days,stayed,False,and shadows whisper of old days.,and shadows whisper of old days.
"The hands of morning trace the sand,",sand,hand,sand,True,"and time with gentle, steady hand.","and time with gentle, steady hand."
"Beneath soft lips, lies wear the mask of light,",light,delight,light,True,and silence speaks in hushed delight.,and silence speaks in hushed delight.
"In whispered hopes, the heart sets sail,",sail,air,exhale,False,to seek the stars in silent air.,to seek the stars in silent air.
"Whispers echo in the hollow of an unshared breath,",breath,told,breath,False,where silence holds a secret that's never yet been told.,where silence holds a secret that's never yet been told.
"The reaper's scythe whispers through the clover,",clover,glow,clover,False,"and turns the seeds to gold in the warm, soft glow.","and turns the seeds to gold in the warm, soft glow."
"Shadows claim the hearts we held dear, silent as a whispered prayer,",prayer,dawn,despair,False,and leave us empty as the dawn.,and leave us empty as the dawn.
"In whispered light, our hearts ignite with visions yet unfurled,",unfurled,selves,unfurled,False,"and in the silence of the night, we find our truest selves.","and in the silence of the night, we find our truest selves."
"Beneath soft lies, the truth in shadows breathes,",breathes,true,breathes,False,"And silence speaks in whispers, deep and true.","Beneath soft lies, the truth in shadows breathes,  
And silence speaks in whispers, deep and true."
"A mirror of the soul in shadows cast,",cast,cast,past,False,Where truth and illusion dance and cast.,"A mirror of the soul in shadows cast,  
Where truth and illusion dance and cast."
"A hearth where whispers of the past remain,",remain,flame,rain,False,and dreams of love still breathe in the flame.,and dreams of love still breathe in the flame.
"I traced my shadow 'cross a mirrored night,",night,light,light,True,And saw it dance in silvered light.,"I traced my shadow 'cross a mirrored night,  
And saw it dance in silvered light."
"A cradle’s whisper, threads through time,",time,bright,time,False,"Echoes of love, forever bright.","A cradle’s whisper, threads through time,  
Echoes of love, forever bright."
"Winds whisper secrets of roads seldom tred,",tred,red,tred,False,Where dreams are born and shadows dance in red.,"Winds whisper secrets of roads seldom tred,  
Where dreams are born and shadows dance in red."
"The torch of time ignites in flashes bold,",bold,gold,told,True,and turns the dark to dawn's resplendent gold.,and turns the dark to dawn's resplendent gold.
"Winds of freedom whisper through chains of oppression's night,",night,fight,light,True,And light the path where justice and hope do fight.,"Winds of freedom whisper through chains of oppression's night,  
And light the path where justice and hope do fight."
"Winds of the world whisper through wandering feet,",feet,tree,deceit,False,And carry dreams to every distant tree.,"Winds of the world whisper through wandering feet,  
And carry dreams to every distant tree."
"Whispers of time etch echoes on the stone,",stone,remains,stone,False,where memory's ghostly song remains.,where memory's ghostly song remains.
"Seconds crawl like shadows long,",long,song,belong,True,and minutes tick like clockwork song.,and minutes tick like clockwork song.
"In twilight’s grasp, where shadows whisper truths,",truths,trust,truths,False,"the moonlight casts a silver, fleeting trust.","the moonlight casts a silver, fleeting trust."
"Beneath soft words, the shadow of a lie may tread,",tread,dread,thread,True,"But truth, unshaken, will rise and cast no dread.","But truth, unshaken, will rise and cast no dread."
"When whispered vows in shadows part,",part,forget,start,False,the stars above will never forget.,the stars above will never forget.
"Whispers of the wind through ancient trees,",trees,above,trees,False,soft as the sighs of stars above.,"whispers of the wind through ancient trees,  
soft as the sighs of stars above."
"Beneath a sky where stars won’t listen, silent screams fold into rusted time,",time,couplet,time,False,I'll write the next line of the rhyming couplet.,"I'll write the next line of the rhyming couplet.

**Beneath a sky where stars won’t listen, silent screams fold into rusted"
"In whispers of light, the soul finds its rhyme,",rhyme,peace,time,False,"and in the quiet of night, it finds its peace.","and in the quiet of night, it finds its peace."
"Joy dances lightly on the breeze of life,",life,true,knife,False,Hope shines bright in every heart that's true.,Hope shines bright in every heart that's true.
"In starlit whispers, hopes take flight,",flight,night,light,True,and dreams are carried through the night.,and dreams are carried through the night.
"Where pigment meets vision, ideas take flight,",flight,born,light,False,"where color and thought entwine, and dreams are born.","where color and thought entwine, and dreams are born."
"Pack the dawn in a suitcase of stars,",stars,away,stars,False,and send the night sailing away.,and send the night sailing away.
"Time etches its tale in the lines of our hands,",hands,undo,strands,False,And leaves a mark that no one can undo.,"Time etches its tale in the lines of our hands,  
And leaves a mark that no one can undo."
"In quiet whispers, the divine awakes,",awakes,grace,awakes,False,And lightens the soul with gentle grace.,"In quiet whispers, the divine awakes,  
And lightens the soul with gentle grace."
"In strokes of light, the soul begins to sing,",sing,wings,sing,False,"and in the quiet of the night, the heart finds its wings.","and in the quiet of the night, the heart finds its wings."
"Soft laughter lingers in the dust of old summer days,",days,loss,maze,False,as if the breeze had whispered tales of love and loss.,as if the breeze had whispered tales of love and loss.
"In the shadow of the storm, a fragile light is born,",born,storm,born,False,and whispers of the dawn break through the storm.,and whispers of the dawn break through the storm.
"A hollow silence where their laughter roamed,",roamed,flowed,roamed,False,and shadows danced where joy once flowed.,"a hollow silence where their laughter roamed,  
and shadows danced where joy once flowed."
"With a heart aglow and the road ahead,",ahead,couplet,thread,False,I'll write the next line of the rhyming couplet:,"I'll write the next line of the rhyming couplet:

**With a heart aglow and the road ahead,  
I'll chase the stars and"
"Stars whisper the hopes our hearts dared to send,",send,bound,blend,False,And light the way where dreams are never bound.,"Stars whisper the hopes our hearts dared to send,  
And light the way where dreams are never bound."
"In shadows deep, my racing heart does tread,",tread,dread,thread,True,where silence hushes every beat and dread.,where silence hushes every beat and dread.
"Two hearts entwined where promises gently gleam,",gleam,dream,stream,True,And love in silence speaks through every dream.,"Two hearts entwined where promises gently gleam,  
And love in silence speaks through every dream."
"When tempers flare like storms in prime,",prime,torn,time,False,when hearts are broken and the world is torn.,when hearts are broken and the world is torn.
"Shadows rise where once there stood the light of peace,",peace,sleep,peace,False,"and silence wraps the land in hushed, serene sleep.","and silence wraps the land in hushed, serene sleep."
"Whispers of velvet, symphonies in hue,",hue,fade,new,False,light the night with dreams that never fade.,"whispers of velvet, symphonies in hue,  
light the night with dreams that never fade."
"A bond unseen, yet ever so true,",true,lies,new,False,"Is built on trust, not words or lies.","A bond unseen, yet ever so true,  
Is built on trust, not words or lies."
"In the clash of chains and open sky,",sky,sky,sigh,False,The soul of freedom breaks the sky.,"In the clash of chains and open sky,  
The soul of freedom breaks the sky."
"Beneath the tempest of a thunderous chest,",chest,protest,breast,True,"The stars ignite in silent, fierce protest.","Beneath the tempest of a thunderous chest,  
The stars ignite in silent, fierce protest."
"Winds of liberty whistle through chains rusting in the dawn,",dawn,light,dawn,False,and freedom's flag waves bright in the morning's light.,and freedom's flag waves bright in the morning's light.
"Roots tangled in stories, passed through time's gentle hands,",hands,land,strands,False,"whispers of the past, now echoing through the land.","roots tangled in stories, passed through time's gentle hands,  
whispers of the past, now echoing through the land."
"A shadow stirs where light once lingered,",lingered,dim,lingered,False,A ghostly whisper echoes through the dim.,A ghostly whisper echoes through the dim.
"The road is a verse the world keeps reciting,",reciting,light,reciting,False,and every step a stanza of light.,and every step a stanza of light.
"Spring whispers life as winter drifts away,",away,true,grey,False,And blooms in every heart that's brave and true.,"Spring whispers life as winter drifts away,  
And blooms in every heart that's brave and true."
"Steel canyons pulse with midnight’s electric hymn,",hymn,dark,hymn,False,and silence hums in the dark.,and silence hums in the dark.
"Wings of dawn kissed the open road,",road,dawn,code,False,And morning's light painted the dawn.,"Wings of dawn kissed the open road,  
And morning's light painted the dawn."
"In the mirror of memory, my heritage quietly sings,",sings,grew,strings,False,"I see in the glass of time, where my roots once grew.","I see in the glass of time, where my roots once grew."
"Whispers of laughter on a summer breeze,",breeze,free,trees,False,echoes through the trees in sweet and free.,echoes through the trees in sweet and free.
"Truth wears a crown of dust, while lies wear gilded boots,",boots,dark,boots,False,and shadows dance in the dark.,and shadows dance in the dark.
"I clenched the storm, yet whispered to the leaf—",leaf,scream,leaf,False,And found the calm in thunder's fiercest scream.,"I clenched the storm, yet whispered to the leaf—  
And found the calm in thunder's fiercest scream."
"Roots etched in history's page, I dance in the rain of many a culture's strange, yet tender rage,",rage,rage,rage,False,"I dance in the rain of many a culture's strange, yet tender rage,","I dance in the rain of many a culture's strange, yet tender rage,  
And bloom where the winds of time have left their mark."
"Like whispers through the dust of days long past,",past,stars,past,False,like echoes in the silence of the stars.,like echoes in the silence of the stars.
"We find our roots where heartbeats align,",align,line,entwine,True,and souls are bound by the same divine line.,and souls are bound by the same divine line.
"Whispers of winter melt to spring’s gentle sigh,",sigh,leaf,sigh,False,and nature sings of hope in every leaf.,and nature sings of hope in every leaf.
"A bond unseen, yet stronger than time,",time,night,time,False,"And lasts through storms, through silence, through the night.","A bond unseen, yet stronger than time,  
And lasts through storms, through silence, through the night."
"In whispered woods where shadows play,",play,leaves,grey,False,the moonlight dances on the leaves.,the moonlight dances on the leaves.
"Roots etched in ancient tongues and modern skies,",skies,dies,dies,True,Echoes of a world that never dies.,"Roots etched in ancient tongues and modern skies,  
Echoes of a world that never dies."
"Fury burns where calm once lay,",lay,way,grey,True,and peace is but a shadow by the way.,and peace is but a shadow by the way.
"In quiet hearts where light eternal stays,",stays,made,maze,False,The soul finds peace and love is made.,"In quiet hearts where light eternal stays,  
The soul finds peace and love is made."
"Through storm and still, a bond held true,",true,one,new,False,"through trial and temptation, we are one.","through trial and temptation, we are one."
"Beneath the boughs of time’s slow-growing tree,",tree,moon,sea,False,the stars whisper secrets to the moon.,the stars whisper secrets to the moon.
"As the world tilts toward new eyes, the dawn claims its sunrise,",sunrise,day,dies,False,as the stars bow to the light of a new day.,as the stars bow to the light of a new day.
"Whispers of liberty rise where shadowed chains once clung,",clung,bound,clung,False,And now the dawn breaks bright on the land where justice once was bound.,And now the dawn breaks bright on the land where justice once was bound.
"Beneath the brush, where colors breathe,",breathe,me,breathe,False,A world of dreams takes shape in me.,"Beneath the brush, where colors breathe,  
A world of dreams takes shape in me."
"In the mirror of the soul, shadows dance with light,",light,see,light,False,and reflect the truth we dare not see.,and reflect the truth we dare not see.
"Bubbles rise in morning’s gleam, laughter hums in dreams,",dreams,stream,dreams,False,and joy is born in every stream.,and joy is born in every stream.
"In twilight’s embrace, the heart stands between dawn and oblivion,",oblivion,unseen,oblivion,False,"where shadows whisper, and light remains unseen.","where shadows whisper, and light remains unseen."
"In the quiet cradle of memory’s embrace,",embrace,grace,embrace,True,The stars whisper tales of love and grace.,"In the quiet cradle of memory’s embrace,  
The stars whisper tales of love and grace."
"A hearth's soft glow where whispers rest,",rest,rest,breast,False,And dreams are spun in silent rest.,"A hearth's soft glow where whispers rest,  
And dreams are spun in silent rest."
"In starlit whispers, our hearts set sail,",sail,remains,exhale,False,where dreams take flight and love remains.,where dreams take flight and love remains.
"Whispers of ambition on night's soft sail,",sail,sail,exhale,False,seeking the stars with eager sail.,"whispers of ambition on night's soft sail,  
seeking the stars with eager sail."
"Whispers of the wind through ancient trees,",trees,above,trees,False,soft as the sighs of stars above.,"whispers of the wind through ancient trees,  
soft as the sighs of stars above."
"Bitter, sweet, the flavors dance,",dance,chance,dance,True,and life's a feast of endless chance.,and life's a feast of endless chance.
"In the quiet whispers where the heart meets the divine,",divine,breeze,entwine,False,The soul finds peace in every gentle breeze.,"In the quiet whispers where the heart meets the divine,  
The soul finds peace in every gentle breeze."
"The dagger of betrayal shines where trust once bloomed in the moon’s pale light,",light,night,light,True,And shadows creep where love once danced in the night.,And shadows creep where love once danced in the night.
"Shadows of steel descend upon the land,",land,grand,sand,True,and silence wraps the world in dark and grand.,and silence wraps the world in dark and grand.
Whispers of rustle in a rainbow’s embrace—,embrace,grace,embrace,True,A fleeting dance of light and grace.,A fleeting dance of light and grace.
"Grandmother's hymns still hum in the walls, yet the internet sings through the smartphones of us all,",all,hall,fall,True,and we are all just echoes in the digital hall.,and we are all just echoes in the digital hall.
"Though bones to dust and whispers fade to air,",air,there,despair,True,yet the love we share remains forever there.,yet the love we share remains forever there.
"In whispers of forever, two hearts entwine,",entwine,night,entwine,False,where love's eternal flame ignites the night.,where love's eternal flame ignites the night.
"Concrete hums where the streetlamps breathe,",breathe,steel,breathe,False,And the city sleeps in a dream of steel.,"Concrete hums where the streetlamps breathe,  
And the city sleeps in a dream of steel."
"Whispers of spring in the frost’s last breath,",breath,throne,breath,False,bloom where the snow once held its throne.,"whispers of spring in the frost’s last breath,  
bloom where the snow once held its throne."
"Beneath the same sky, two shadows conspire—",conspire,night,desire,False,"To dance in twilight, lost in endless night.","Beneath the same sky, two shadows conspire—  
To dance in twilight, lost in endless night."
"In the quiet rhythm of a shared heartbeat, family roots hold fast to time,",time,intertwine,time,False,where love and memory intertwine.,where love and memory intertwine.
"The silent ache where laughter once was heard,",heard,street,heard,False,the wind now carries memories through the street.,the wind now carries memories through the street.
"In the shadow of cannon's cry, dreams lie battered and torn under sky,",sky,fly,sigh,True,But hope still lives in every heart that dares to rise and fly.,"In the shadow of cannon's cry, dreams lie battered and torn under sky,  
But hope still lives in every heart that dares to rise and fly."
"With trembling hand, I reach beyond the light of childhood’s flame,",flame,face,name,False,and find the shadow of a ghostly face.,and find the shadow of a ghostly face.
"In flawless cracks, the light finds its way,",way,gleam,grey,False,and shines through the dark with a gleam.,and shines through the dark with a gleam.
"Perfection hums in flawless lines, imperfection dances there by design,",design,life,entwine,False,where every flaw is a note in the symphony of life.,where every flaw is a note in the symphony of life.
"Whispers of autumn kiss the fading light,",light,flight,light,True,as leaves descend in silent flight.,as leaves descend in silent flight.
"In the weave of voices, threads of kinship shine,",shine,line,entwine,True,"A tapestry of love, a heart's sincere line.","In the weave of voices, threads of kinship shine,  
A tapestry of love, a heart's sincere line."
"Concrete hums where the city dreams,",dreams,young,dreams,False,But the streets are alive with the sounds of the young.,"Concrete hums where the city dreams,  
But the streets are alive with the sounds of the young."
"Laughter echoing through the fields of my youth,",youth,lost,youth,False,where dreams took flight and joy was never lost.,where dreams took flight and joy was never lost.
"The clock's silent hands carve shadows on the wall,",wall,flight,fall,False,while dreams take flight in silent flight.,while dreams take flight in silent flight.
"Amid the city's thunder or the countryside's hush,",hush,strife,hush,False,The heart of man finds peace or strife.,"Amid the city's thunder or the countryside's hush,  
The heart of man finds peace or strife."
"Whispers of winter melt into the breath of spring’s soft rise,",rise,earth,dies,False,and thaw the frozen heart of the earth.,and thaw the frozen heart of the earth.
"Wings of dawn struggle against the night's iron chain,",chain,vain,rain,True,And hope is born where darkness once was vain.,"Wings of dawn struggle against the night's iron chain,  
And hope is born where darkness once was vain."
"Laughter echoed beneath the willow tree,",tree,gleam,sea,False,where joy and peace did meet and gleam.,where joy and peace did meet and gleam.
"Two hearts entwined where vows are sown,",sown,sound,stone,False,two souls forever bound in love's own sound.,two souls forever bound in love's own sound.
"Two hearts entwined, a vow so true,",true,hue,new,True,a promise etched in every hue.,a promise etched in every hue.
"Neon hums where the tall buildings rise,",rise,skies,dies,True,And the stars blink in silent skies.,"Neon hums where the tall buildings rise,  
And the stars blink in silent skies."
"I wandered through the echoes of my name,",name,me,name,False,And found a voice that never left me.,"I wandered through the echoes of my name,  
And found a voice that never left me."
"Whispers of winter melt to spring's gentle breath,",breath,tree,breath,False,and nature sings of hope in every tree.,and nature sings of hope in every tree.
"In silent crowds, we pass like shadows through a fractured night,",night,ghost,light,False,where silence holds our breath and time is but a ghost.,where silence holds our breath and time is but a ghost.
"The whispering winds through ancient trees sigh,",sigh,night,sigh,False,and hum a lullaby to the night.,and hum a lullaby to the night.
"The storm inside begins to roar,",roar,awe,soar,False,and the world is left in awe.,and the world is left in awe.
"In shadowed palms, where empires rise and crumble,",crumble,air,crumble,False,The echoes of the past still whisper through the air.,"In shadowed palms, where empires rise and crumble,  
The echoes of the past still whisper through the air."
"Each year a whisper, time's soft tread,",tread,dread,thread,True,And leaves the heart with quiet dread.,"Each year a whisper, time's soft tread,  
And leaves the heart with quiet dread."
"Thunder rolls within my chest, a storm no sky can hold,",hold,word,told,False,"and I'll break the world with every bold, unkind word.","and I'll break the world with every bold, unkind word."
"A hearth of memories where the heart’s whispers stay,",stay,night,grey,False,and laughter echoes through the night.,and laughter echoes through the night.
"In brushstrokes and dreams, the soul begins to sing,",sing,born,sing,False,"and in every hue, a story is born.","and in every hue, a story is born."
"The world turns on the flick of a flame, then chokes on the wind's empty name,",name,dream,name,False,then fades in the silence of a dream.,then fades in the silence of a dream.
"In whispered prayers, the soul takes flight,",flight,light,light,True,where dreams are born and hearts are light.,where dreams are born and hearts are light.
"My heritage sings in the rhythm of my breath,",breath,truth,breath,False,and every heartbeat is a verse of truth.,and every heartbeat is a verse of truth.
"Amidst the dust of ages past,",past,cast,past,True,the echoes of a bygone war still cast.,the echoes of a bygone war still cast.
"Ancestors' whispers clash with the hum of smart machines,",machines,new,machines,False,and the future hums with both the old and the new.,and the future hums with both the old and the new.
"In quiet moments, hearts speak true—",true,truth,new,False,And silence holds the deepest truth.,"In quiet moments, hearts speak true—  
And silence holds the deepest truth."
"I placed my faith in the hands I knew best,",best,worst,breast,False,"And watched them fail, yet still I trusted the worst.","I placed my faith in the hands I knew best,  
And watched them fail, yet still I trusted the worst."
"Thunderclaps in leaders' throats, silence gnaws the weak their bones,",bones,street,bones,False,and fate's cruel jest is heard in every street.,and fate's cruel jest is heard in every street.
"Where silhouettes of chains cling tight to dawn,",dawn,flame,dawn,False,and shadows dance with fire in twilight's flame.,"where silhouettes of chains cling tight to dawn,  
and shadows dance with fire in twilight's flame."
"Whispers of the past drift through forgotten lanes,",lanes,remain,remains,False,where echoes of old tales still remain.,where echoes of old tales still remain.
"A whisper of dawn in the heart’s first tender spring,",spring,sung,sing,False,A promise of joy that will never be sung.,"A whisper of dawn in the heart’s first tender spring,  
A promise of joy that will never be sung."
"Through shadows of self, my true face whispers,",whispers,been,whispers,False,"through the light of truth, I see the face I've been.","through the light of truth, I see the face I've been."
"Old hands carve roots, new winds build skies,",skies,time,dies,False,But the earth still holds the weight of time.,"Old hands carve roots, new winds build skies,  
But the earth still holds the weight of time."
"Laughter dances on the breeze, a whisper of delight,",delight,night,light,True,as bright as stars in the night.,as bright as stars in the night.
"Shadows whisper secrets where the silent stars neglect to wander,",wander,water,wander,False,"Moonlight dances softly on the still, still water.","Moonlight dances softly on the still, still water."
"The storm in my chest roars loud and crude,",crude,rude,crude,True,and I feel the weight of the world upon my rude.,and I feel the weight of the world upon my rude.
"The dawn of years unfolds in silent flame,",flame,pace,name,False,and time begins to march with a solemn pace.,and time begins to march with a solemn pace.
"Like shadows stirred by whispers in the night,",night,light,light,True,"They dance in silence, lost in endless light.","Like shadows stirred by whispers in the night,  
They dance in silence, lost in endless light."
"A bloom of hearts in spring’s first breath,",breath,breath,breath,False,A song of joy in every breath.,"A bloom of hearts in spring’s first breath,  
A song of joy in every breath."
"The storm within a chest confined,",confined,din,wind,False,Shall rage and break with a loud din.,"The storm within a chest confined,  
Shall rage and break with a loud din."
"Amidst the swirl of hues and symphonies unsung,",unsung,spring,clung,False,The stars above whisper tales of endless spring.,"Amidst the swirl of hues and symphonies unsung,  
The stars above whisper tales of endless spring."
"In silent corridors where shadows know my name,",name,dim,name,False,"I walk alone, a ghost in the dim.","I walk alone, a ghost in the dim."
"Whispers of absence where laughter once lay,",lay,couplet,grey,False,I'll write the next line of the rhyming couplet.,"I'll write the next line of the rhyming couplet.

**Whispers of absence where laughter once lay,**  
**Now silent echoes in the hollow"
"Time’s pages echo with fire-lit truths,",truths,dream,truths,False,and every heart that dares to dream.,and every heart that dares to dream.
"Whispers of hope in the heart’s quiet night,",night,days,light,False,light the way through the darkest of days.,"whispers of hope in the heart’s quiet night,  
light the way through the darkest of days."
"Storms whisper secrets the winds have known,",known,won,stone,False,And silence holds a tale that time has won.,"Storms whisper secrets the winds have known,  
And silence holds a tale that time has won."
"In shadows cast by towering spires, whisper the cries of silent fires,",fires,unseen,wires,False,"and in the hush of night, the world remains unseen.","and in the hush of night, the world remains unseen."
"Golden echoes drift like dusk through the mind's old hall,",hall,call,fall,True,"where dreams are woven in the twilight's soft, unspoken call.","where dreams are woven in the twilight's soft, unspoken call."
"In twilight’s grasp, where shadows plead,",plead,plead,creed,False,the moonlight whispers through the trees and plead.,the moonlight whispers through the trees and plead.
"Beneath the moon's slow-swaying gaze,",gaze,grace,maze,False,the stars do shine with quiet grace.,the stars do shine with quiet grace.
"In shadows spun, truth wears a masquerade,",masquerade,gray,stayed,False,and hides behind a veil of gray.,and hides behind a veil of gray.
"Beneath the stars, our hopes take flight,",flight,bright,light,True,"and dreams are boundless, bright.","and dreams are boundless, bright."
"Whispers of rustling leaves in a tapestry of hue,",hue,told,new,False,where every shadow holds a story yet to be told.,"whispers of rustling leaves in a tapestry of hue,  
where every shadow holds a story yet to be told."
"Old oaks whisper tales while neon dreams reach high,",high,sky,sigh,True,and the stars above shine bright in the night's deep sky.,and the stars above shine bright in the night's deep sky.
"Whispers of wind through ancient tree sighs,",sighs,eyes,dies,True,soft as dreams that drift through twilight's eyes.,"whispers of wind through ancient tree sighs,  
soft as dreams that drift through twilight's eyes."
"Through storm and silence, together we are shaped,",shaped,broken,shaped,False,A unity that never can be broken.,"Through storm and silence, together we are shaped,  
A unity that never can be broken."
"In the attic of my mind, old moments softly cling,",cling,intertwine,sing,False,where dreams and memories intertwine.,where dreams and memories intertwine.
"In the shadow of despair, hope's frail light gleams,",gleams,beams,dreams,True,and turns the darkest night to dawn's bright beams.,and turns the darkest night to dawn's bright beams.
"Cobblestone calm meets skyline's restless sigh,",sigh,flight,sigh,False,where shadows dance and stars take flight.,where shadows dance and stars take flight.
"My name may echo where the silent stars reside,",reside,ride,collide,True,and live in silence where the moon does ride.,and live in silence where the moon does ride.
"I wore my childhood like a cloak of dew,",dew,dew,new,False,and kissed the world with innocence and dew.,and kissed the world with innocence and dew.
"In quiet moments, hearts align,",align,kind,entwine,False,and thoughts are kind.,and thoughts are kind.
"A hearth among the shadows, where the heartfinds its harbor,",harbor,home,harbor,False,"A refuge of warmth, where the soul finds its way home.","A hearth among the shadows, where the heartfinds its harbor,  
A refuge of warmth, where the soul finds its way home."
"Shells scream through the smoke-stained sky,",sky,sky,sigh,False,and silence falls like a silver sky.,"shells scream through the smoke-stained sky,  
and silence falls like a silver sky."
"Wings clipped in shadow, freedom dreams in song,",song,gleam,belong,False,A bird takes flight with wings that gleam.,A bird takes flight with wings that gleam.
"Two hearts entwined, a promise in the flame,",flame,space,name,False,A love that burns through time and space.,A love that burns through time and space.
"Heart pounds like thunder in a silence deep,",deep,screams,sweep,False,and silence screams.,and silence screams.
"Thunder speaks where no one can,",can,can,began,False,Thunder speaks where no one can.,Thunder speaks where no one can.
"In shadowed tongues truth oft must cloak to speak,",speak,hour,speak,False,for the veil of silence is but a fleeting hour.,for the veil of silence is but a fleeting hour.
"Beneath the canopy where ancient shadows play,",play,tales,grey,False,The stars above do watch and whisper tales.,"Beneath the canopy where ancient shadows play,  
The stars above do watch and whisper tales."
"Chains may clank in the shadow of power,",power,soul,hour,False,but they cannot break the chain of the soul.,but they cannot break the chain of the soul.
"In shadowed corners where silence speaks,",speaks,cracks,speaks,False,the truth is whispered through the cracks.,the truth is whispered through the cracks.
"Flawless edges hint at scars,",scars,grace,stars,False,but the heart still beats with grace.,but the heart still beats with grace.
"Beneath the stars where hopes take flight,",flight,lost,light,False,The dreams of youth are never lost.,"Beneath the stars where hopes take flight,  
The dreams of youth are never lost."
"Two hearts entwined, through shadows and sun,",sun,tune,spun,False,"Do dance in eternal, endless tune.","Two hearts entwined, through shadows and sun,  
Do dance in eternal, endless tune."
"In tangled roots, a shared heartbeat thrives,",thrives,life,thrives,False,where dreams and silence weave a shared life.,where dreams and silence weave a shared life.
