first_line,first_last_word,second_last_word,rhyme_group,rhyme_success,clean_completion,raw_completion
"Golden echoes drift like dust through yesterday's dim light,",light,night,light,True,Whispers of time fade softly into night.,Whispers of time fade softly into night.
"I wandered shadows seeking light in the mirror of my soul,",soul,toll,soul,True,I found the dawn where darkness bore its toll.,I found the dawn where darkness bore its toll.
"In shadows deep where silence weeps,",weeps,keeps,weeps,True,A whispered tale of secrets keeps.,A whispered tale of secrets keeps.
"In the quiet of the soul, a light divine remains,",remains,rain,remains,False,"A silent promise, soft as morning's gentle rain.","A silent promise, soft as morning's gentle rain."
"Sweet whispers dance on tongues of time,",time,climb,time,True,Echoes of love that never climb.,Echoes of love that never climb.
"With each year, the childhood veil dissolves,",dissolves,unravel,dissolves,False,And memories begin to unravel.,And memories begin to unravel.
"Whispers of dusk linger on the lips of time,",time,climb,time,True,As shadows dance where memories climb.,As shadows dance where memories climb.
"Though flesh may fade and time may soar,",soar,evermore,soar,True,the heart remains evermore.,the heart remains evermore.
"The drums of time beat echoes of the past,",past,last,past,True,While shadows of tomorrow cast their last.,While shadows of tomorrow cast their last.
"Though empires rise on whispers of might,",might,light,light,True,they fall on echoes of light.,they fall on echoes of light.
"Guns awaken the earth like a curse from her dreams,",dreams,seen,dreams,False,And blood becomes the rain that the skies have not seen.,And blood becomes the rain that the skies have not seen.
"I wander shadowed halls of silent stone,",stone,moan,stone,True,Where echoes of the past still softly moan.,Where echoes of the past still softly moan.
"Two hearts entwined where promises bloom,",bloom,undo,bloom,False,A love that time cannot undo.,A love that time cannot undo.
"Through vows entwined, two hearts commit, one journey built on love and grit,",grit,hands,grit,False,they face the storm with hands,"Through vows entwined, two hearts commit, one journey built on love and grit,  
they face the storm with hands"
"Laughter echoes soft as the breeze through old trees,",trees,leaves,trees,False,A whisper of joy in the rustling leaves.,A whisper of joy in the rustling leaves.
"In the shadow of the night, hope whispers to despair,",despair,appear,despair,False,A fragile light begins to appear.,A fragile light begins to appear.
"A hearth that glows where the heart finds its name,",name,flame,name,True,And the soul finds its home in the flame.,And the soul finds its home in the flame.
"In trembling hands, the storm both swells and dies,",dies,skies,dies,True,As silent winds whisper through the skies.,As silent winds whisper through the skies.
"Though flesh may fade and tombs may rust with time,",time,mine,time,False,Yet memory lives on in the hearts of mine.,Yet memory lives on in the hearts of mine.
"Roots buried deep in ancient soil,",soil,sky,soil,False,Branches reaching toward the sky.,Branches reaching toward the sky.
"In shadow’s clutch, the strongest will may kneel,",kneel,night,kneel,False,Yet light can rise from depths of deepest night.,Yet light can rise from depths of deepest night.
"In strokes of light and whispers unseen,",unseen,convene,unseen,True,The stars begin to softly convene.,The stars begin to softly convene.
"Whispers of winter melt to spring's soft sigh,",sigh,sky,sigh,True,Blossoms awaken in the thawing sky.,Blossoms awaken in the thawing sky.
"I stepped through the veil of shadowed years,",years,dear,years,False,I found a world where time grew dear.,I found a world where time grew dear.
"Whispers curl like shadows at dawn,",dawn,on,dawn,True,A silent promise lingers on.,A silent promise lingers on.
"Beneath a sky that shifts from blue to grey,",grey,decay,grey,True,The world holds its breath in silent decay.,The world holds its breath in silent decay.
"Where echoes of laughter dwell, I am not lost among the walls—I belong,",belong,halls,belong,False,I am the whisper that lingers in the halls.,I am the whisper that lingers in the halls.
"On tongues of time, flavors entwine,",entwine,mine,entwine,True,"In every sip, the past is mine.","In every sip, the past is mine."
"In whispers of dawn, the soul begins to pray,",pray,way,grey,True,"In silent light, the heart finds its way.","In silent light, the heart finds its way."
"Shadows whisper secrets loud in trembling breast,",breast,confess,breast,False,While silent hearts dare not confess.,While silent hearts dare not confess.
"Two hearts entwined through time’s unyielding sweep,",sweep,keep,sweep,True,One soul forever bound to the other’s keep.,One soul forever bound to the other’s keep.
"Whispers of the hearth where the heart’s threads are spun,",spun,sun,spun,True,And shadows dance with the fire's warm sun.,And shadows dance with the fire's warm sun.
"Clenched jaws whisper storms of rage untamed,",untamed,remained,untamed,False,Footprints echo where fury once remained.,Footprints echo where fury once remained.
"Love is the flame that gentle does rise,",rise,skies,dies,True,And burns most bright in the darkest of skies.,And burns most bright in the darkest of skies.
"Fury burns where calm once stayed,",stayed,dread,stayed,False,Now shadows dance in silent dread.,Now shadows dance in silent dread.
"Justice weeps in shadowed halls,",halls,call,halls,False,Where silent echoes call.,Where silent echoes call.
"Neon hums where tall shadows play,",play,sway,grey,True,Midnight whispers in the alley's sway.,Midnight whispers in the alley's sway.
"Whispers coil like shadows in the mind’s tight maze,",maze,stay,maze,False,Echoes linger where the lost thoughts stay.,Echoes linger where the lost thoughts stay.
"Anger boils like storm in night,",night,flies,light,False,"Lightning cracks, and silence flies.","Lightning cracks, and silence flies."
"Whispers cloaked in honeyed lies, the blade of betrayal still gleams in trust’s disguise,",disguise,night,dies,False,A shadowed promise cuts through the night.,A shadowed promise cuts through the night.
"Whispers coil like shadows, cold and tight,",tight,night,light,True,They cling to the breath of the night.,They cling to the breath of the night.
"Like sunlight breaking through the clouds of gray,",gray,day,grey,True,"It brings a hopeful, golden day.","It brings a hopeful, golden day."
"In shadowed silence, time's hourglass bleeds,",bleeds,dreams,bleeds,False,its sands slipping through the cracks of unseen dreams.,its sands slipping through the cracks of unseen dreams.
"Autumn's breath turns leaves to gold, a whispered story told,",told,old,told,True,As silent winds carry the scent of old.,As silent winds carry the scent of old.
"The shadows stretch where laughter once was bright,",bright,night,light,True,Now silence hums in the hollow of night.,Now silence hums in the hollow of night.
"Beneath the canvas of twilight's embrace,",embrace,lake,embrace,False,Stars whisper secrets to the sleeping lake.,Stars whisper secrets to the sleeping lake.
"In the shadow's grip, a fragile light whispers of tomorrow's might,",might,night,light,True,A fleeting hope defies the night.,A fleeting hope defies the night.
"Winds whisper secrets of roads yet to be trod,",trod,eyes,trod,False,"And stars above watch with silent, knowing eyes.","And stars above watch with silent, knowing eyes."
"Stars map my longing in the heavens’ sly embrace,",embrace,grace,embrace,True,"I trace their whispers through the night's vast, silent grace.","I trace their whispers through the night's vast, silent grace."
"In the mirror of time, I trace the shadow I’ve sown,",sown,known,stone,True,And the weight of my choices now bends the future I’ve known.,And the weight of my choices now bends the future I’ve known.
"In whispers of light, the soul finds its creed,",creed,need,creed,True,"In echoes of dawn, the heart finds its need.","In echoes of dawn, the heart finds its need."
"Freedom soars where chains once clung,",clung,sung,clung,True,Now birds sing where the silenced once sung.,Now birds sing where the silenced once sung.
"A hand clasped in thine can also cut the deepest,",deepest,kept,deepest,False,A heart torn asunder by the weight of a promise kept.,A heart torn asunder by the weight of a promise kept.
"The reaper’s shadow lengthens with the noon,",noon,tune,noon,True,And the world holds its breath in a silent tune.,And the world holds its breath in a silent tune.
"Blossoms bloom where laughter finds its way,",way,day,grey,True,And springtime dances in the light of day.,And springtime dances in the light of day.
"Threads of love woven through the years,",years,impair,years,False,A bond that time cannot impair.,A bond that time cannot impair.
"Winds of liberty whisper through chains of control,",control,untold,soul,False,Breaking the silence with voices untold.,Breaking the silence with voices untold.
Whispers of velvet and hues that sing—,sing,wing,sing,True,A symphony of shadows takes wing.,A symphony of shadows takes wing.
"A shadow fades where the flame won’t die,",die,sky,sigh,True,A whisper lingers in the sky.,A whisper lingers in the sky.
"Whispers through the grass where the wild things dance,",dance,trance,dance,True,The moonlight paints the night with a silver trance.,The moonlight paints the night with a silver trance.
"A bond unspoken, yet deep as the sea,",sea,be,sea,True,"It binds us in silence, beyond words can be.","It binds us in silence, beyond words can be."
"Whispers of winter melt into the bloom of spring’s embrace,",embrace,life,embrace,False,as the earth awakens to the promise of new life.,as the earth awakens to the promise of new life.
"In every flaw, a whisper of perfection's breath,",breath,fetch,breath,False,A hidden light that only truth can fetch.,A hidden light that only truth can fetch.
"Beneath the mask that cloaks the soul, the mirror cracks with whispered toll,",toll,tell,soul,False,A silent scream no tongue can tell.,A silent scream no tongue can tell.
"Brushstrokes whisper where the soul once dreamed,",dreamed,streams,dreamed,False,Colors bloom in silent streams.,Colors bloom in silent streams.
"In the dance of flaw and flawless light,",light,fight,light,True,we find the soul's truest fight.,we find the soul's truest fight.
"Whispers of wind through the ancient oak's embrace,",embrace,chase,embrace,True,Echoes of time in a silent chase.,Echoes of time in a silent chase.
"In mirrored shades where shadow dares to creep,",creep,despair,sweep,False,The silent night holds breath and deep despair.,The silent night holds breath and deep despair.
"When whispered vows turn cold as winter skies,",skies,sighs,dies,True,Love's fire fades beneath the silent sighs.,Love's fire fades beneath the silent sighs.
"In the rhythm of shared breath, hearts weave a single song,",song,belong,belong,True,echoes of laughter and love forever belong.,echoes of laughter and love forever belong.
"In brushstrokes of dawn, wild imagination ascends,",ascends,seen,ascends,False,To paint the world in hues that dreams have never seen.,To paint the world in hues that dreams have never seen.
"Like thunder chained to silent stone,",stone,alone,stone,True,It roars but never is alone.,It roars but never is alone.
"A flawless sphere, yet marred by its glow,",glow,go,glow,True,It casts a shadow where the light cannot go.,It casts a shadow where the light cannot go.
"In the hush between breaths, the sacred stirs,",stirs,dark,years,False,A whisper of dawn breaks through the dark.,A whisper of dawn breaks through the dark.
"Whispers of wild hearts beat beneath the moon's gentle gaze,",gaze,grace,maze,False,Where shadows dance and dreams take flight in silent grace.,Where shadows dance and dreams take flight in silent grace.
"A heartbeat hums where light once passed,",passed,glass,past,False,A shadow dances in the glass.,A shadow dances in the glass.
"Colors whisper tales in hues once unknown,",unknown,drawn,stone,False,Secrets bloom where the imagination's drawn.,Secrets bloom where the imagination's drawn.
"In shadowed chains, the spirit dares to sing,",sing,bring,sing,True,A whispered hope that none can bring.,A whispered hope that none can bring.
"A whispered vow can fracture like glass beneath the heel of deceit,",deceit,mended,deceit,False,"while truth, once shattered, can never be mended.","while truth, once shattered, can never be mended."
"It blooms in whispers, not in storm,",storm,torn,storm,False,A silent grace that time has torn.,A silent grace that time has torn.
"I walked through the shadows where childhood once stayed,",stayed,made,stayed,True,Now lost in the silence where memories are made.,Now lost in the silence where memories are made.
"Whispers of winds through ancient green trees,",trees,breeze,trees,True,Echoes of time in silent breeze.,Echoes of time in silent breeze.
"Whispers of yesterday dance on the winds of time,",time,flight,time,False,Echoes of forgotten dreams take flight.,Echoes of forgotten dreams take flight.
"Together we rise, woven as one,",one,way,spun,False,unbreakable in every way.,unbreakable in every way.
"Time’s tapestry threads with echoes of yore,",yore,more,soar,True,Each moment a stitch in the fabric of more.,Each moment a stitch in the fabric of more.
"Justice weeps in shadowed halls,",halls,call,halls,False,Where silent echoes call.,Where silent echoes call.
"Laughter echoes down the lane where sunlit days once played,",played,shade,stayed,True,Now shadows dance in silent shade.,Now shadows dance in silent shade.
"The hours drift like autumn leaves in twilight’s gentle stream,",stream,dream,stream,True,Whispers of time carry the scent of memory’s dream.,Whispers of time carry the scent of memory’s dream.
"The road unwinds its thread through mist and sun,",sun,spun,spun,True,Where shadows dance and dreams are spun.,Where shadows dance and dreams are spun.
"Brushstrokes of wonder bloom in minds unchained,",unchained,reigns,unchained,False,Ideas take flight where curiosity reigns.,Ideas take flight where curiosity reigns.
"Through shared beginnings and paths that diverge,",diverge,strife,diverge,False,We find our souls shaped by love and by strife.,We find our souls shaped by love and by strife.
"In shadows deep where hope once danced with light,",light,fly,light,False,Now silence reigns where laughter used to fly.,Now silence reigns where laughter used to fly.
"In shadow's grip, cannon-light whispers of rage,",rage,age,rage,True,A silent scream echoes through the age.,A silent scream echoes through the age.
"In laughter’s glow, where trust is sown,",sown,grows,stone,False,Love takes root and grows.,Love takes root and grows.
"Voices echo, yet no hearts collide,",collide,tried,collide,True,Silence speaks where words once tried.,Silence speaks where words once tried.
"Though shadows stretch where light once bloomed,",bloomed,hummed,bloomed,False,A silent hymn is softly hummed.,A silent hymn is softly hummed.
"In the shadowed heart where two winds meet,",meet,beat,deceit,True,A silent storm begins to beat.,A silent storm begins to beat.
"Beneath the silence where whispers used to play,",play,day,grey,True,Now rests the echo of a forgotten day.,Now rests the echo of a forgotten day.
"With trembling hands, I reach to light the flame,",flame,tame,name,True,"And in its glow, my fears all tame.","And in its glow, my fears all tame."
"Two hearts entwined, a promise made,",made,erase,stayed,False,A love that time cannot erase.,A love that time cannot erase.
"In twilight’s hush, where hearts exhale,",exhale,reveal,exhale,False,The stars begin to softly reveal.,The stars begin to softly reveal.
"The shadows whisper threats they cannot name,",name,flame,name,True,And the silence answers with a trembling flame.,And the silence answers with a trembling flame.
"Silhouettes of solitude etched deep in vacant skies,",skies,night,dies,False,Whispers of forgotten dreams drift through the night.,Whispers of forgotten dreams drift through the night.
"Shadows fall where once your laughter bloomed,",bloomed,room,bloomed,False,Now silence echoes through the room.,Now silence echoes through the room.
"Footprints in the dust of days gone by,",by,dies,sigh,False,Echoes of a love that never dies.,Echoes of a love that never dies.
"The reaper whispers soft through every age,",age,wage,rage,True,"He counts the hours, but never the wage.","He counts the hours, but never the wage."
"Amidst the buzz of concrete dreams, the country’s clockwork hums in rural streams,",streams,trees,dreams,False,where forgotten songs still echo through the trees.,where forgotten songs still echo through the trees.
"Two hearts entwined where vows take root,",root,undo,root,False,A love that time cannot undo.,A love that time cannot undo.
"In the shadows, whispers rise—half angel, half abyss,",abyss,abyss,abyss,False,A silent battle waged in the heart of the abyss.,A silent battle waged in the heart of the abyss.
"Whispers of absence haunt the hollows where their laughter once was,",was,far,was,False,"Echoes of love linger in silence, soft and far.","Echoes of love linger in silence, soft and far."
"The scales of justice tremble with truth, while shadows feast on the cries of the unjust,",unjust,right,unjust,False,"and the dawn breaks slow, revealing the weight of the right.","and the dawn breaks slow, revealing the weight of the right."
"The thunder in his chest begins to roar,",roar,soar,soar,True,And the storm of his soul is about to soar.,And the storm of his soul is about to soar.
"In the hush between heartbeats, love begins to breathe,",breathe,convene,breathe,False,A silent whisper stirs where dreams and hope convene.,A silent whisper stirs where dreams and hope convene.
"Whispers of spring in the thawing snow's breath,",breath,come,breath,False,A gentle promise of blossoms to come.,A gentle promise of blossoms to come.
"The elder chants as clocks devour time,",time,rhyme,time,True,The stars blink out in silent rhyme.,The stars blink out in silent rhyme.
"Roots whispered in stories older than stone,",stone,unknown,stone,True,Their secrets etched deep in the earth's unknown.,Their secrets etched deep in the earth's unknown.
"Silent nights where echoes dwell,",dwell,real,dwell,False,"A hush hangs heavy, soft and real.","A hush hangs heavy, soft and real."
"Amber whispers brush the breeze,",breeze,trees,trees,True,A golden glow through the trees.,A golden glow through the trees.
"Autumn's breath whispers through the trees,",trees,breeze,trees,True,"Leaves dance in golden, fleeting breeze.","Leaves dance in golden, fleeting breeze."
"Neon hums where high-rises breathe,",breathe,street,breathe,False,Steel veins pulse beneath the street.,Steel veins pulse beneath the street.
"Pack the sunrise in your pocket, let the roads unwind like time,",time,begin,time,False,And chase the horizon where the dreams begin.,And chase the horizon where the dreams begin.
"Love is the fire that warms both heart and home,",home,storm,home,False,Lighting the way through every storm.,Lighting the way through every storm.
"Thunder roars, but chains remain unbroken—",unbroken,broken,unbroken,True,Hope still burns in the heart of the broken.,Hope still burns in the heart of the broken.
"Winds whisper tales of roads unseen,",unseen,convene,unseen,True,Stars guide the way where dreams convene.,Stars guide the way where dreams convene.
"In the quiet dawn, where prayers and petals rise,",rise,shine,dies,False,the sun begins to softly shine.,the sun begins to softly shine.
"A bond untouched by time or fate,",fate,state,fate,True,Unbroken in the heart's pure state.,Unbroken in the heart's pure state.
"Whispers of dread in the silence they creep,",creep,leap,sweep,True,A shadowed fate waits where no light can leap.,A shadowed fate waits where no light can leap.
"In twilight's hush, where shadows dare to speak,",speak,seek,speak,True,Whispers of forgotten dreams take flight and seek.,Whispers of forgotten dreams take flight and seek.
"In starlit whispers, my hopes take flight,",flight,night,light,True,Through dreams that shimmer in the night.,Through dreams that shimmer in the night.
"The road unfolds like whispered dreams in dawn's embrace,",embrace,time,embrace,False,where silent footsteps trace the path of time.,where silent footsteps trace the path of time.
"The earth whispers tales through rustling green,",green,been,unseen,False,The wind carries them where the stars have been.,The wind carries them where the stars have been.
"In shadows cast by city lights, a thousand souls feel night,",night,alight,light,True,yet find their way through silent streets with hope alight.,yet find their way through silent streets with hope alight.
"Beneath the brush of dawn’s soft light,",light,white,light,True,A silent world awakes in quiet white.,A silent world awakes in quiet white.
"The hush of time whispers tales of the old,",old,bold,told,True,the wind still hums the songs of the bold.,the wind still hums the songs of the bold.
"In the quiet space where heartbeats blend,",blend,wing,blend,False,"Time stands still, and dreams take wing.","Time stands still, and dreams take wing."
"Whispers of the past linger where old shadows dance,",dance,trance,dance,True,"Time bends to listen, lost in silent trance.","Time bends to listen, lost in silent trance."
"Through storms of time, our roots hold fast,",fast,past,past,True,"We rise unbroken, steadfast in the past.","Through storms of time, our roots hold fast,  
We rise unbroken, steadfast in the past."
"Amid the throng, a silent storm,",storm,torn,storm,False,A heart once brave now trembles torn.,A heart once brave now trembles torn.
"Whispers of winds through ancient tree songs flow,",flow,below,glow,True,Echoes of time in rustling leaves below.,Echoes of time in rustling leaves below.
"Whispers of crimson, symphonies in every thread,",thread,dead,thread,True,"A tapestry of passion, woven from the dead.","A tapestry of passion, woven from the dead."
"In laughter's wake, where memory weaves,",weaves,dreams,weaves,False,The heart finds solace in the echoes of old dreams.,The heart finds solace in the echoes of old dreams.
"Winds of freedom whisper where chains forgot to fall,",fall,call,fall,True,And echoes of the brave still call.,And echoes of the brave still call.
"The scales of justice sway on trembling strings,",strings,wings,strings,True,Balancing truth in silent wings.,Balancing truth in silent wings.
"In hues that hum and silence rustles soft,",soft,kept,soft,False,The moonlight spills where forgotten dreams are kept.,The moonlight spills where forgotten dreams are kept.
"In the golden glow of dusk, I chase the echoes of summer's hush,",hush,trees,hush,False,where the wind whispers secrets through the trees.,where the wind whispers secrets through the trees.
"Together we rise, bound by more than shared skies,",skies,fight,dies,False,"We stand as one, hearts aligned in the fight.","We stand as one, hearts aligned in the fight."
"Whispers vanish in the hollows where connection once resided,",resided,places,resided,False,"Echoes remain in silent, forgotten places.","Echoes remain in silent, forgotten places."
"Joy dances bright where kind hearts meet,",meet,sweet,deceit,True,And laughter blooms like springtime's sweet.,And laughter blooms like springtime's sweet.
"In whispers of time, our deeds still sing—",sing,spring,sing,True,A tale etched in the hearts of the spring.,A tale etched in the hearts of the spring.
"Like morning dew on petals soft and new,",new,hue,new,True,Shines the light of hope in every hue.,Shines the light of hope in every hue.
"Wings of dawn clash with iron night,",night,sky,light,False,Lightning splits the silent sky.,Lightning splits the silent sky.
"Brushstrokes weave the silent song of imagination’s flame,",flame,named,name,False,A canvas breathes where dreams are named.,A canvas breathes where dreams are named.
"Whispers of the past dance on the breeze,",breeze,dreams,trees,False,Echoes of forgotten dreams.,Echoes of forgotten dreams.
"In youth's tender bloom, my heart first knew the name of flame,",flame,flame,name,False,"In twilight's hush, it whispered through the flame.","In twilight's hush, it whispered through the flame."
"Beneath the mask, a whisper grows—",grows,snow,grows,False,A secret long forgotten by the snow.,A secret long forgotten by the snow.
"Beneath sweet lies, the truth often weeps in shadow,",shadow,controlled,glow,False,Yet whispers of the heart can never be controlled.,Yet whispers of the heart can never be controlled.
"Two hearts entwined, a vow so true,",true,rue,new,True,"Forever bound, through joy and rue.","Forever bound, through joy and rue."
"A tapestry woven in laughter and tears,",tears,dear,years,False,A story of life that we hold so dear.,A story of life that we hold so dear.
"Like shadows at the close of day,",day,away,grey,True,"We fade from sight, yet never away.","We fade from sight, yet never away."
"Whispers of wind through the emerald embrace,",embrace,grace,embrace,True,A symphony of leaves in the twilight's soft grace.,A symphony of leaves in the twilight's soft grace.
"Whispers of absence haunt the halls where laughter used to play,",play,air,grey,False,"Echoes of joy now linger in the silent, empty air.","Echoes of joy now linger in the silent, empty air."
"Beneath the mask, the true self stirs,",stirs,stir,years,False,A silent cry begins to stir.,A silent cry begins to stir.
"Colors whisper secrets where wild imaginations tread,",tread,led,thread,True,And dreams take flight where the forgotten are led.,And dreams take flight where the forgotten are led.
"A hollow vow where silence weeps,",weeps,sleep,weeps,False,A shadowed promise left to sleep.,A shadowed promise left to sleep.
"In shadows cast by screens we cling,",cling,sing,sing,True,"Our hearts grow faint, yet still we sing.","Our hearts grow faint, yet still we sing."
"Wander the roads where old shadows dance,",dance,chance,dance,True,And listen for echoes of ancient chance.,And listen for echoes of ancient chance.
"In shadows crowned, the weak wear might unseen,",unseen,seen,unseen,True,While silent strength in silent hearts is seen.,While silent strength in silent hearts is seen.
"In the quiet heartbeat where the stars dare speak,",speak,sleep,speak,False,Silent whispers dance on the edge of sleep.,Silent whispers dance on the edge of sleep.
"Smoke ascends where silent dreams once grew,",grew,trees,new,False,Echoes now drift through the hollowed trees.,Echoes now drift through the hollowed trees.
"Roots tangled in ancient soil, yet branches stretch toward tomorrow's light,",light,dawn,light,False,"beneath the weight of time, they reach for the dawn.","beneath the weight of time, they reach for the dawn."
"In shadows cast by silver lies,",lies,rise,dies,True,A whispered truth begins to rise.,A whispered truth begins to rise.
"In whispered groves where the wild things dance,",dance,trance,dance,True,The moonlight weaves through the ancient trance.,The moonlight weaves through the ancient trance.
"City lights hum with restless desire,",desire,night,desire,False,Street corners whisper secrets in the night.,Street corners whisper secrets in the night.
"Time weaves its wisdom, thread by silent thread,",thread,complete,thread,False,until the tapestry is complete.,until the tapestry is complete.
"Whispers of winds through the ancient wood,",wood,stood,wood,True,Echoes of secrets the trees have stood.,Echoes of secrets the trees have stood.
"By the sandbox where the fireflies glow,",glow,low,glow,True,the moonlight dances low.,the moonlight dances low.
"Winds of freedom whisper where chains dare not clink,",clink,blink,clink,True,And hope ignites the hearts they've tried to blink.,And hope ignites the hearts they've tried to blink.
"The hearth’s faint breath speaks tales of where I came from,",from,undone,from,False,echoes of a homeland long undone.,echoes of a homeland long undone.
"Beneath the map's edge, the unknown beckons soft and wide,",wide,understood,collide,False,A whisper of mystery waits to be understood.,A whisper of mystery waits to be understood.
"A heartbeat’s whisper, a soul’s soft fire,",fire,inspire,desire,True,"Burns through the silence, a promise to inspire.","Burns through the silence, a promise to inspire."
"Beneath a handshake, a dagger gleams with dew,",dew,true,new,True,A silent vow binds the living and the true.,A silent vow binds the living and the true.
"Whispers of winter kiss the thawing spring,",spring,sing,sing,True,"Beneath the snow, the seeds begin to sing.","Beneath the snow, the seeds begin to sing."
"The sun spills gold on laughter's tender track,",track,back,track,True,And shadows dance in twilight's gentle back.,And shadows dance in twilight's gentle back.
"A silent tear on truth's tightrope spin,",spin,win,spin,True,A whispered hope begins to win.,A whispered hope begins to win.
"In starlit whispers, my heart ignites,",ignites,night,ignites,False,A fleeting flame in the night.,A fleeting flame in the night.
"Amidst the swirl of hues and whispered air,",air,soul,despair,False,A silent dance begins to stir the soul.,A silent dance begins to stir the soul.
"Beneath soft lies, the truth wears a cloak of light,",light,night,light,True,Yet whispers of shadows still cling to the night.,Yet whispers of shadows still cling to the night.
"Two hearts entwined where the vows take flight,",flight,light,light,True,One soul forever in love's pure light.,One soul forever in love's pure light.
"A laughter rings where sunshine stirs the air,",air,square,despair,True,A joyous song begins to fill the square.,A joyous song begins to fill the square.
"In whispered hearts where silent dreams take flight,",flight,light,light,True,The stars above begin to shine their light.,The stars above begin to shine their light.
"A breath too brief, a shadow that swallows the light,",light,night,light,True,A whisper of dusk that fades from the night.,A whisper of dusk that fades from the night.
"In shadowed hands, the torch of might is pressed,",pressed,rest,breast,True,"Its flame now dim, yet still it dares to rest.","Its flame now dim, yet still it dares to rest."
"A bond unspoken, yet stronger than time,",time,sublime,time,True,Endures through every silent sublime.,Endures through every silent sublime.
"Seconds whisper through the cracks of youth,",youth,keep,youth,False,A fleeting song that time cannot keep.,A fleeting song that time cannot keep.
"Whispers weave through the woods where wild hearts roam,",roam,gloom,home,False,Eyes like stars in the twilight gloom.,Eyes like stars in the twilight gloom.
"Whispers of wind through the emerald trees,",trees,breeze,trees,True,Sing a lullaby to the sleeping breeze.,Sing a lullaby to the sleeping breeze.
"In the attic of my heart, old shadows dance with light,",light,night,light,True,And forgotten dreams whisper through the night.,And forgotten dreams whisper through the night.
"In flawless cracks, the beauty truly shines,",shines,aligns,shines,True,Where hidden light through ancient stone aligns.,Where hidden light through ancient stone aligns.
"Beneath the boughs of time’s slow-swaying tree,",tree,dream,sea,False,We trace the echoes of a fleeting dream.,We trace the echoes of a fleeting dream.
"Beneath the skin, a story waits to breathe,",breathe,see,breathe,False,A silent truth that only hearts can see.,A silent truth that only hearts can see.
"Beneath the sun’s first golden hour,",hour,stir,hour,False,A whisper of dawn begins to stir.,A whisper of dawn begins to stir.
"The scales of heaven waver in the storm,",storm,morn,storm,False,And justice trembles on the edge of morn.,And justice trembles on the edge of morn.
"The morning sun spills gold through trees,",trees,breeze,trees,True,Painting the world in gentle breeze.,Painting the world in gentle breeze.
"In the woven threads of many, one heartbeat gently sings,",sings,entwined,strings,False,A silent symphony of souls entwined.,A silent symphony of souls entwined.
"In the silent chasm where shadows conspire,",conspire,fire,desire,True,A whisper of doom stirs the ancient fire.,A whisper of doom stirs the ancient fire.
"The clock’s soft breath stirs dust of bygone days,",days,play,maze,False,Whispers of forgotten dreams still play.,Whispers of forgotten dreams still play.
"When silence speaks, the heart turns cold,",cold,fled,told,False,And echoes linger where the light has fled.,And echoes linger where the light has fled.
"In shadows where sweet promises fade,",fade,shade,stayed,True,Hope whispers through the silent shade.,Hope whispers through the silent shade.
"Though flesh may fade, the deeds we do ignite…",ignite,extinguish,light,False,A flame that time cannot extinguish.,A flame that time cannot extinguish.
"Colors weep from silent canvases, whispers take form in clay’s embrace,",embrace,light,embrace,False,echoes of forgotten dreams now rise to light.,echoes of forgotten dreams now rise to light.
"Time stitches wrinkles in the cloth of youth,",youth,thread,youth,False,"Age weaves its quiet, patient thread.","Age weaves its quiet, patient thread."
"Each year etches wisdom where youthful days once played,",played,remain,stayed,False,Now silent echoes of laughter remain.,Now silent echoes of laughter remain.
"Whispers of the dusk that shadows all our days,",days,haze,maze,True,Fade into the silence of the evening's haze.,Fade into the silence of the evening's haze.
"Brushstrokes of thought on canvases unseen,",unseen,lean,unseen,True,Whispers of dreams in silent galleries lean.,Whispers of dreams in silent galleries lean.
"A fragile thread through shadow's weave,",weave,dark,weave,False,A whisper of light in the dark.,A whisper of light in the dark.
"Whispers fade where connection once thrived,",thrived,collided,thrived,False,Silence now where hearts once collided.,Silence now where hearts once collided.
"When shadows steal the ones we held so dear,",dear,air,dear,False,We mourn the silence in the air.,We mourn the silence in the air.
"A mirror cracks, and in the shards I see—",see,me,sea,True,"A thousand faces, none like me.","A thousand faces, none like me."
"Whispers of spring thaw the earth from her sleep,",sleep,creep,sweep,True,Blossoms begin to softly creep.,Blossoms begin to softly creep.
"With timid steps through the shadowed gate,",gate,embrace,fate,False,I ventured into the night's embrace.,I ventured into the night's embrace.
"Whispers of wind weave through earth’s old rhyme,",rhyme,time,time,True,Echoes of time in the trees take their time.,Echoes of time in the trees take their time.
"Beneath the moon’s cold, watchful eye,",eye,sky,sigh,True,The stars whisper secrets to the sky.,The stars whisper secrets to the sky.
"Candy wrappers rustled like whispers in the halls,",halls,dark,halls,False,as if secrets were being shared in the dark.,as if secrets were being shared in the dark.
"In the rhythm of shared hearts, we find our name,",name,claimed,name,False,"In the echo of laughter, our story is claimed.","In the echo of laughter, our story is claimed."
"Names etched in time’s slow turning glass,",glass,pass,glass,True,Echoes of lives that once did pass.,Echoes of lives that once did pass.
"In whispers clad in velvet tone,",tone,glow,stone,False,The stars above begin to glow.,The stars above begin to glow.
"The cannons roared where silent fields once breathed,",breathed,fled,breathed,False,And shadows danced where brave hearts fled.,And shadows danced where brave hearts fled.
"When your heart first whispers a name in the dark,",dark,night,dark,False,It lights the way through the longest night.,It lights the way through the longest night.
"The spark of rage ignites in silent throes,",throes,snow,grows,False,A storm of fury brews beneath the snow.,A storm of fury brews beneath the snow.
"A crown of shadows, a whisper undone,",undone,spun,spun,True,A silent throne where the lost are spun.,A silent throne where the lost are spun.
"In the mirror of the soul, a thousand faces fade,",fade,unswayed,stayed,True,"Yet one remains, unchanging, unswayed.","Yet one remains, unchanging, unswayed."
"Love blooms like dawn in the hearts it sets free,",free,been,sea,False,And hope follows where the light has been.,And hope follows where the light has been.
"Whispers of the ageless few echo through the halls of dust,",dust,found,unjust,False,"Their secrets carved in time's old bones, still waiting to be found.","Their secrets carved in time's old bones, still waiting to be found."
"Roots carved in stories, ancient and new,",new,view,new,True,Branches reaching toward the sky in view.,Branches reaching toward the sky in view.
"Echoes of laughter fade in distant air,",air,square,despair,True,A silent hush now fills the empty square.,A silent hush now fills the empty square.
"Through whispering woods where wild dreams run free,",free,trees,sea,False,The moonlight dances on the trees.,The moonlight dances on the trees.
"Old hands pass down the flame, but new hands shape its code,",code,old,code,False,while young minds rewrite the old.,while young minds rewrite the old.
"Whispers of dread in the quietest breath,",breath,tread,breath,False,A shadowed path where no light dares tread.,A shadowed path where no light dares tread.
"Anchors of old in tidal streams of change,",change,time,change,False,Hold fast to truth through shifting tides of time.,Hold fast to truth through shifting tides of time.
"With trembling hands, I trace the years unread,",unread,bed,thread,True,Time's silent pages whisper through the bed.,Time's silent pages whisper through the bed.
"Candlelit echoes of eras long gone,",gone,known,dawn,False,Whisper through the shadows where the past is known.,Whisper through the shadows where the past is known.
"In whispered woods where shadows play,",play,spray,grey,True,The moonlight dances on the spray.,The moonlight dances on the spray.
"A flawless vase, still cracked within, a shadow draped in light,",light,grace,light,False,a silent hymn to broken grace.,a silent hymn to broken grace.
"Wings of dawn stir softly, whispering of roads ahead,",ahead,sky,thread,False,where dreams take flight beneath the silvered sky.,where dreams take flight beneath the silvered sky.
"A hearth's warm glow where whispered memories reside,",reside,past,collide,False,and shadows dance with echoes of the past.,and shadows dance with echoes of the past.
"In twilight's hush, hope and despair softly tread,",tread,spread,thread,True,where shadows dance and silent dreams are spread.,where shadows dance and silent dreams are spread.
"Whispers of the grave dance on the wind,",wind,mend,wind,False,Echoes of the lost begin to mend.,Echoes of the lost begin to mend.
"When laughter dances on the breeze,",breeze,tree,trees,False,It whispers joy through every tree.,It whispers joy through every tree.
"My name may fade, but my spirit's song will never die—",die,try,sigh,True,It echoes still through the hearts of all who try.,It echoes still through the hearts of all who try.
"A hearth’s glow whispers, *“Here, you are where your story began,”*",began,wept,began,False,And the embers remember every tear you've ever wept.,And the embers remember every tear you've ever wept.
"Shells light the night where no stars intervene,",intervene,sheen,unseen,True,The moon whispers secrets in silver sheen.,The moon whispers secrets in silver sheen.
"In shadowed halls where whispers fade,",fade,made,stayed,True,A silent watchful flame is made.,A silent watchful flame is made.
"Time etches wisdom in the lines it leaves behind,",behind,mind,wind,True,while memories echo in the silent mind.,while memories echo in the silent mind.
"My temper burns like fire, a tempest in my veins,",veins,contain,remains,False,I rage with a fury that none can contain.,I rage with a fury that none can contain.
"The whisper of butter on fire-kissed bread,",bread,sung,thread,False,is the softest hymn the morning has ever sung.,is the softest hymn the morning has ever sung.
"Through whispered lullabies and silent goodbyes,",goodbyes,eyes,dies,True,I traced my name in the dust of your eyes.,I traced my name in the dust of your eyes.
"Candy wrappers crinkled in the sunbeams of summers long gone,",gone,lemonade,dawn,False,While memories lingered like the scent of lemonade.,While memories lingered like the scent of lemonade.
"In the shadow of a silent promise, a dagger whets its blade,",blade,air,stayed,False,A whisper of betrayal stirs the air.,A whisper of betrayal stirs the air.
"Whispers of the wild through ancient trees,",trees,breeze,trees,True,Echoes dance where the forgotten breeze.,Echoes dance where the forgotten breeze.
"In silent prayers, the soul takes wing,",wing,sing,sing,True,"Through whispered hopes, the heart will sing.","Through whispered hopes, the heart will sing."
"Beneath the skin, a story stirs unnamed,",unnamed,name,unnamed,False,A whisper of the past begins to claim its name.,A whisper of the past begins to claim its name.
"In tangled strokes and whispered hues, the soul finds voice in wild abandonment,",abandonment,surrenders,abandonment,False,where shadows dance and light surrenders.,where shadows dance and light surrenders.
"Beneath the moon where wild things roam,",roam,tones,home,False,The stars shine bright in silent tones.,The stars shine bright in silent tones.
"My fists beat time to a simmering storm,",storm,song,storm,False,My heart drums out a silent song.,My heart drums out a silent song.
"Thunder roars in chains of might,",might,night,light,True,Lightning splits the night.,Lightning splits the night.
"Like echoes in a hall of old,",old,gold,told,True,They whisper tales of love and gold.,They whisper tales of love and gold.
"Brushstrokes of thought where imaginations dance,",dance,romance,dance,True,A canvas of dreams in silent romance.,A canvas of dreams in silent romance.
"I carve my name in bone and flame, défier of the silent claim,",claim,chain,name,False,I defy the weight of time's unyielding chain.,I defy the weight of time's unyielding chain.
"Whispers of the heart ignite the night with stars,",stars,are,stars,False,Dreams take flight where silent wishes are.,Dreams take flight where silent wishes are.
"Beneath the cold moon’s watching eye,",eye,goodbye,sigh,True,The silent stars whisper goodbye.,The silent stars whisper goodbye.
"Whispers of wind through ancient trees,",trees,breeze,trees,True,Echoes of time in silent breeze.,Echoes of time in silent breeze.
"Like ink spilled on time’s unending page,",page,age,rage,True,"It fades, yet lingers in the silent age.","It fades, yet lingers in the silent age."
"Time's quiet hand etches tales in every line it's drawn,",drawn,known,dawn,False,A silent story unfolds in the marks it has known.,A silent story unfolds in the marks it has known.
"Time etches stories in silvered strands,",strands,glance,strands,False,Wisdom whispers in every glance.,Wisdom whispers in every glance.
"In whispers of time, the past’s silent flame burns bright,",bright,flight,light,True,While echoes of memory softly take flight.,While echoes of memory softly take flight.
"A hearth that glows where familiar shadows dance,",dance,embrace,dance,False,And whispered tales in warm embrace.,And whispered tales in warm embrace.
"Perfection craves the mirror, yet finds its face in cracks,",cracks,breaks,cracks,False,where truth is born and beauty breaks.,where truth is born and beauty breaks.
"Whispers coil like shadows at dawn, thick as unspoken fear,",fear,sphere,dear,True,"Their silent presence holds the world in a breathless, trembling sphere.","Their silent presence holds the world in a breathless, trembling sphere."
"The scales of justice, though carved in stone, sway silent with the breath of the winds they've known,",known,be,stone,False,"Yet whisper truths that none can see, where right and wrong are meant to be.","Yet whisper truths that none can see, where right and wrong are meant to be."
"Whispers the hourglass in sands of gold,",gold,told,told,True,Time's silent toll is never told.,Time's silent toll is never told.
"The dawn breaks softly on youthful years,",years,tears,years,True,Whispers of promise in morning tears.,Whispers of promise in morning tears.
"My hands ignite with embers of a scream,",scream,cease,stream,False,My voice becomes the fire that will not cease.,My voice becomes the fire that will not cease.
"I walk alone through crowds of ghosts, unseen, unheard, a shadow cast between,",between,heard,unseen,False,I whisper tales the wind has never heard.,I whisper tales the wind has never heard.
"The echo of your name still lingers in the air,",air,ignore,despair,False,Like a whisper of a memory I can't ignore.,Like a whisper of a memory I can't ignore.
"Whispers through the wild where creatures roam,",roam,home,home,True,Echoes of the ancient home.,Echoes of the ancient home.
"In the weave of voices, we find our song,",song,known,belong,False,A melody born from the hearts we've known.,A melody born from the hearts we've known.
"The sun spills gold on smiles that rise,",rise,eyes,dies,True,And shadows dance in twilight's eyes.,And shadows dance in twilight's eyes.
"He walked with ghosts in shadowed trails,",trails,wail,trails,False,Whispers of the past still wail.,Whispers of the past still wail.
"The echoes of laughter fade where memories once thrived,",thrived,time,thrived,False,And silence now whispers through the shadows of time.,And silence now whispers through the shadows of time.
"Two hearts entwined where love and promise start,",start,spark,start,False,A journey begins with a single spark.,A journey begins with a single spark.
"The clock’s shadow dances where the dawn used to rise,",rise,skies,dies,True,Now the night whispers secrets to the silent skies.,Now the night whispers secrets to the silent skies.
"I walk through crowds like shadows in the rain,",rain,name,rain,False,I fade away without a name.,I fade away without a name.
"A whispered vow can crack the heart's foundation,",foundation,foundation,foundation,False,A silent tear can drown the soul's foundation.,A silent tear can drown the soul's foundation.
"Two hearts entwined where promises bloom,",bloom,undo,bloom,False,A love that time cannot undo.,A love that time cannot undo.
"A thunderclap of temper, born from sparks of wrong,",wrong,chest,belong,False,I struck the match to light the fire in my chest.,I struck the match to light the fire in my chest.
"In shadows cast by screens we dwell,",dwell,dwell,dwell,False,Where silent hearts and minds do dwell.,Where silent hearts and minds do dwell.
"Where whispered memories cling to the walls,",walls,tales,halls,False,Time leaves its mark in silent tales.,Time leaves its mark in silent tales.
"Time etches its whispers in lines on the skin,",skin,within,spin,True,while memories linger like shadows within.,while memories linger like shadows within.
"A marble statue, cracked yet wise,",wise,surprise,dies,True,"stands in the garden, time's soft surprise.","stands in the garden, time's soft surprise."
"In shadowed chains, the soul still dares to fly,",fly,rise,sigh,False,"Beyond the dark, a spark begins to rise.","Beyond the dark, a spark begins to rise."
"Two hearts entwined, a vow they seal,",seal,real,kneel,True,"A lifetime's promise, sweetly real.","A lifetime's promise, sweetly real."
"Though flesh may fade and time may turn to rust,",rust,extinguished,unjust,False,Yet spirit's flame can never be extinguished.,Yet spirit's flame can never be extinguished.
"Shadows fall where laughter used to rise,",rise,skies,dies,True,Now silence whispers through the skies.,Now silence whispers through the skies.
"Roots tangled in tradition, whispers of the ancient echo,",echo,spoken,echo,False,secrets buried deep where time has never spoken.,secrets buried deep where time has never spoken.
"Neon hums where the traffic flows,",flows,grows,grows,True,Steel skies glow where the city grows.,Steel skies glow where the city grows.
"Blood paints the dawn where steel and silence wed,",wed,dead,thread,True,A ghostly hymn is sung by the dead.,A ghostly hymn is sung by the dead.
"In whispers of light, belief takes its flight,",flight,night,light,True,And hope begins to shine through the night.,And hope begins to shine through the night.
"In shadows cast by crowded streets, I walk alone with silent teeth,",teeth,hear,teeth,False,A whispered prayer to skies too vast to hear.,A whispered prayer to skies too vast to hear.
"Laughter echoed under skies of infinite blue,",blue,go,new,False,A whisper of dreams danced where the clouds would go.,A whisper of dreams danced where the clouds would go.
"Whispers of the wild where the foxlight dances,",dances,glades,dances,False,Echoes of the moon in the shadowy glades.,Echoes of the moon in the shadowy glades.
"The clock’s soft whisper weaves through every hour,",hour,power,hour,True,marking time with silent power.,marking time with silent power.
"Green whispers weave through the waking trees,",trees,breeze,trees,True,As dawn spills gold on the forest breeze.,As dawn spills gold on the forest breeze.
"In the heartbeat of togetherness, we find our name,",name,remains,name,False,"In the silence between words, our love remains.","In the silence between words, our love remains."
"A bond not forged in gold or time,",time,sublime,time,True,But kindled in the fire of a shared sublime.,But kindled in the fire of a shared sublime.
"My name may fade, but in the stars my essence stays,",stays,blaze,maze,True,etched in light where ancient skies still blaze.,etched in light where ancient skies still blaze.
"In twilight’s grasp, where shadows whisper low,",low,glow,glow,True,The stars emerge to light the silent glow.,The stars emerge to light the silent glow.
"A dance of brush and breath, dreams take shape in wild color,",color,soar,color,False,"A symphony of light, where shadows dare to soar.","A symphony of light, where shadows dare to soar."
"Whispers fade where once we roamed,",roamed,known,roamed,False,The stars now mark the path we've known.,The stars now mark the path we've known.
"In stillness deep, where whispers rise,",rise,skies,dies,True,The heart finds peace in silent skies.,The heart finds peace in silent skies.
"With trembling hands I light the fuse of days,",days,away,maze,False,And watch the fire consume the past away.,And watch the fire consume the past away.
"In mirrored flaws, perfection hides its face,",face,place,embrace,True,And whispers truth through cracks in every place.,And whispers truth through cracks in every place.
"Golden whispers dance where joy and sunlight meet,",meet,flight,deceit,False,Echoes of laughter in the breeze take flight.,Echoes of laughter in the breeze take flight.
"The earth inhales in spring's soft breath,",breath,sleep,breath,False,And awakens from the winter's sleep.,And awakens from the winter's sleep.
"Like morning dew on petals new,",new,view,new,True,Shines the light of a waking view.,Shines the light of a waking view.
"Beneath the mask where shadows cling,",cling,begins,sing,False,A silent world begins.,A silent world begins.
"A marble flaw lessens its art, a single crack births light through the chart,",chart,night,start,False,a whisper of truth breaks the silent night.,a whisper of truth breaks the silent night.
"The ashes speak of names that outlive flame,",flame,rain,name,False,Their echoes rise in whispers through the rain.,Their echoes rise in whispers through the rain.
"Golden laughter dances in the morning sun’s gentle embrace,",embrace,trace,embrace,True,Whispers of dreams begin to softly trace.,Whispers of dreams begin to softly trace.
"In quiet laughter, hearts find their rhyme,",rhyme,time,time,True,souls dance in the light of time.,souls dance in the light of time.
"Though flesh may fade and time may sow its frost,",frost,lost,frost,True,Yet spirit's fire can never be lost.,Yet spirit's fire can never be lost.
"I traced my name in dust and saw a thousand shadows breathing,",breathing,been,breathing,False,each one a whisper of the life I might have been.,each one a whisper of the life I might have been.
"Shells scream through the shrouded sky,",sky,goodbye,sigh,True,A ghostly wind whispers goodbye.,A ghostly wind whispers goodbye.
"Beneath the ash of fallen flags, the earth still weeps in ancient scars,",scars,scars,stars,False,where silent ghosts of battles linger in the wind's soft scars.,where silent ghosts of battles linger in the wind's soft scars.
"Whispers of wind through the ancient trees moan,",moan,sown,stone,True,A tale of forgotten dreams is sown.,A tale of forgotten dreams is sown.
"The sun dips low where tempests play,",play,way,grey,True,And stars begin to light the way.,And stars begin to light the way.
"In the quiet dance of heartbeat and flame,",flame,frame,name,True,Time whispers secrets through the silent frame.,Time whispers secrets through the silent frame.
"A whispered secret can shatter the strongest bond, for betrayal hides where trust is sown,",sown,broken,stone,False,and truth will rise when silence is broken.,and truth will rise when silence is broken.
"Whispers of winter melt into spring's tender hue,",hue,thaw,new,False,Blossoms awaken in the gentle thaw.,Blossoms awaken in the gentle thaw.
"Whispers of absence haunt the hush where laughter lay,",lay,day,grey,True,A silent echo mourns the day.,A silent echo mourns the day.
"I sought eternal life in shadowed stone,",stone,throne,stone,True,But found my soul in the light of a throne.,But found my soul in the light of a throne.
"Whispers of the wind through leaves that sway,",sway,away,grey,True,A gentle song that carries away.,A gentle song that carries away.
"Whispers of the wild dance on the wind,",wind,within,wind,False,Echoes of the forest call within.,Echoes of the forest call within.
"Whispers curl like shadows deep, a restless storm that won’t fall silent sleep,",sleep,gleam,sweep,False,A secret hums beneath the moon's pale gleam.,A secret hums beneath the moon's pale gleam.
"Carved in stone or etched in fate, a whisper meant to outlast time,",time,rhyme,time,True,"Yet echoes of its truth remain, though silence tries to claim the rhyme.","Yet echoes of its truth remain, though silence tries to claim the rhyme."
"With dawn’s first breath, I pack my dreams in tow,",tow,go,glow,True,And chase the light where shadows used to go.,And chase the light where shadows used to go.
"In the hush where heartbeats meet the divine,",divine,shine,entwine,True,A whisper of eternity begins to shine.,A whisper of eternity begins to shine.
"A king wears crowns, yet craves the sky—",sky,hold,sigh,False,He seeks the stars that no crown can hold.,He seeks the stars that no crown can hold.
"A laugh as light as morning’s dew,",dew,chill,new,False,A smile that melts the winter's chill.,A smile that melts the winter's chill.
"Crimson flames of wrath in silence rise,",rise,skies,dies,True,A storm of fury brews in the skies.,A storm of fury brews in the skies.
"Justice weeps in midnight's shadow, injustice wears the mask of light,",light,night,light,True,"While truth is silenced, hope is lost in endless night.","While truth is silenced, hope is lost in endless night."
"Concrete pulses where the neon lights flirt,",flirt,breath,flirt,False,Steel veins hum beneath the city's breath.,Steel veins hum beneath the city's breath.
"Time etches its tale in silver and slow,",slow,glow,glow,True,while memories echo in the quietest glow.,while memories echo in the quietest glow.
"Sugar's whisper on a summer breeze,",breeze,trees,trees,True,A secret shared between the trees.,A secret shared between the trees.
"The dawn breaks soft on shoulders not so small,",small,hall,fall,True,Where silent dreams still linger in the hall.,Where silent dreams still linger in the hall.
"A whisper carved in shadow, sharp as deceit's kiss,",kiss,kissed,abyss,False,A secret blooming where the light has never kissed.,A secret blooming where the light has never kissed.
"In the silent crack of dawn, hope whispers where despair once screamed,",screamed,gleam,dreamed,False,A single star begins to gleam.,A single star begins to gleam.
"Each year etches tales on skin, a silent ink of time,",time,line,time,False,A story etched in every line.,A story etched in every line.
"Beneath the dusk of dying light,",light,flight,light,True,A silent hush begins to take flight.,A silent hush begins to take flight.
"Justice walks in twilight's gaze,",gaze,grace,maze,False,A silent judge in shadowed grace.,A silent judge in shadowed grace.
"In broken china, hidden grace whispers of perfect cracks,",cracks,time,cracks,False,where light finds its way through the fractures of time.,where light finds its way through the fractures of time.
"Winds whisper tales of warming skies,",skies,rise,dies,True,Fields blush beneath the sun's soft rise.,Fields blush beneath the sun's soft rise.
"In vibrant swirls of hue and song,",song,embrace,belong,False,The world awakes in morning's long embrace.,The world awakes in morning's long embrace.
"The echoes of their laughter live in silent rooms,",rooms,hum,rooms,False,where memories softly hum.,where memories softly hum.
"The years fold time like parchment, worn yet true,",true,hue,new,True,Their stories etched in every crease and hue.,Their stories etched in every crease and hue.
"In twilight's grip, where shadow and light entwine,",entwine,time,entwine,False,A silent whisper stirs the soul and time.,A silent whisper stirs the soul and time.
"When shadows fall and time runs thin,",thin,in,spin,True,The stars begin to whisper in.,The stars begin to whisper in.
"Winds whisper secrets through a shifting sky,",sky,sigh,sigh,True,"Clouds cradle dreams in silent, fleeting sigh.","Clouds cradle dreams in silent, fleeting sigh."
"Steel veins hum where skyscrapers rise,",rise,skies,dies,True,Concrete dreams take flight in skies.,Concrete dreams take flight in skies.
"Threads of love wove through the years,",years,sever,years,False,A bond that time could never sever.,A bond that time could never sever.
"On tongues where memory dwells, savoring sweetness the past sells,",sells,tell,sells,False,Let the echoes of time gently tell.,Let the echoes of time gently tell.
"A whispered pledge, a dagger's edge in velvet wrapped,",wrapped,break,wrapped,False,A silent vow to never break.,A silent vow to never break.
"Through storm and strife, our souls entwine,",entwine,time,entwine,False,"In silent vows, we find our time.","In silent vows, we find our time."
"Like whispers through the autumn trees, it breathes—so soft, so wild,",wild,confine,wild,False,A fleeting song that time cannot confine.,A fleeting song that time cannot confine.
"In twilight’s hush, where shadows dare to cling,",cling,sing,sing,True,The stars begin to softly sing.,The stars begin to softly sing.
"A silence louder than the crowd’s faint hum,",hum,told,from,False,Echoes of a story never told.,Echoes of a story never told.
"When twilight's whisper brushes against the soul,",soul,unfold,soul,False,A silent symphony begins to unfold.,A silent symphony begins to unfold.
"Winds of freedom whisper where shadows of chains still cling,",cling,sing,sing,True,"And hope, like dawn, begins to sing.","And hope, like dawn, begins to sing."
"Roots whispered in the tongue of ancestors,",ancestors,distant,ancestors,False,echoing tales of lands now distant.,echoing tales of lands now distant.
"In dust of ages, tales still breathe,",breathe,trees,breathe,False,Echoes of heroes in silent trees.,Echoes of heroes in silent trees.
"In whispers of dawn, the wild awakes,",awakes,embrace,awakes,False,Its breath a soft hymn through the forest's embrace.,Its breath a soft hymn through the forest's embrace.
"Two souls entwined, a bond unchained, eternal in its strain,",strain,align,rain,False,unyielding as the stars align.,unyielding as the stars align.
"Two hearts entwined where vows take root,",root,undo,root,False,A love that time cannot undo.,A love that time cannot undo.
"My hands curl like storm clouds, ready to spit fire—",fire,wire,desire,True,My breath becomes the wind that will break the night's wire.,My breath becomes the wind that will break the night's wire.
"Beneath the boughs of time's gentle sway,",sway,yesterday,grey,True,The stars have whispered tales of yesterday.,The stars have whispered tales of yesterday.
"Sunlight spilling through the seams of the day,",day,sway,grey,True,"Nightfall creeps in with silent, gentle sway.","Nightfall creeps in with silent, gentle sway."
"In flawless cracks, the light divine escapes,",escapes,shaped,escapes,False,"And through the shadows, hope is shaped.","And through the shadows, hope is shaped."
"In shadows deep where silence breathes,",breathes,leaves,breathes,False,A secret waits beneath the leaves.,A secret waits beneath the leaves.
"Whispers of wind through ancient oak trees,",trees,breeze,trees,True,Echoes of time in silent breeze.,Echoes of time in silent breeze.
"Beneath the skin, a thousand stories hum,",hum,love,from,False,A silent symphony of wounds and love.,A silent symphony of wounds and love.
"In whispered hope, my heart ignites,",ignites,flight,ignites,False,A silent flame in the dark takes flight.,A silent flame in the dark takes flight.
"A flame that flickers in the heart’s dark wood,",wood,see,wood,False,A whisper of hope that none can see.,A whisper of hope that none can see.
"Like twin shadows dancing on the edge of dawn's first light,",light,keep,light,False,they whisper secrets only the night can keep.,they whisper secrets only the night can keep.
"Whispers of the wild dance on the breeze,",breeze,knows,trees,False,A secret only nature knows.,A secret only nature knows.
"With trembling hands, I light the candle between childhood and flame,",flame,name,name,True,"I step into the fire, no longer a child, but not yet a name.","I step into the fire, no longer a child, but not yet a name."
"A hearth’s warm glow where whispers of the past,",past,vast,past,True,"linger in the shadows, soft and vast.","linger in the shadows, soft and vast."
"Beneath the mask where shadows play,",play,lay,grey,True,A silent world in whispers lay.,A silent world in whispers lay.
"In whispered laughs and silent support,",support,storm,support,False,"We stand as one, through every storm.","We stand as one, through every storm."
"Winds of freedom whistle through chains that cling,",cling,long,sing,False,Breaking the silence of centuries long.,Breaking the silence of centuries long.
"Roots buried deep where ancient songs still hum,",hum,come,from,True,"Beneath the earth, the whispers never come.","Beneath the earth, the whispers never come."
"When laughter dances on the morning’s air,",air,there,despair,True,A song of joy is born there.,A song of joy is born there.
"Roots whispered in rhythms both old and new,",new,grew,new,True,Beneath the soil where secrets grew.,Beneath the soil where secrets grew.
"Roots tangled in rhythm, whispered through ancient stone,",stone,songs,stone,False,Echoes of forgotten songs.,Echoes of forgotten songs.
"Through storm or sun, in joy or sorrow,",sorrow,show,sorrow,False,We walk the path that only love can show.,We walk the path that only love can show.
"In hues of dawn and whispers through the trees,",trees,breeze,trees,True,The world awakens in a gentle breeze.,The world awakens in a gentle breeze.
"A hearth’s soft glow where whispers stay,",stay,played,grey,False,A silent tale in shadows played.,A silent tale in shadows played.
"A bloom of light in morning’s golden gaze,",gaze,praise,maze,True,A whisper of dawn in silent praise.,A whisper of dawn in silent praise.
"Love is the thread that weaves hearts through time,",time,apart,time,False,And binds them even when apart.,And binds them even when apart.
"Wheels of fate turn under the vast, unbroken sky,",sky,lie,sigh,True,Where dreams take flight and shadows lie.,Where dreams take flight and shadows lie.
"Whispers of rustle in hues once unknown,",unknown,tones,stone,False,Echoes of twilight in silent tones.,Echoes of twilight in silent tones.
"In silent crowds, we drift alone,",alone,stone,stone,True,"Each heart a world, yet bound by stone.","Each heart a world, yet bound by stone."
"In shadowed chains, the soul still yearns to soar,",soar,more,soar,True,"Beyond the dark, a whisper stirs once more.","Beyond the dark, a whisper stirs once more."
"Though flesh may fade and stars may fall, my name shall sail through time’s vast thrall,",thrall,light,fall,False,Unyielding as the dawn's first light.,Unyielding as the dawn's first light.
"Winds whisper secrets where wandering feet tread,",tread,eyes,thread,False,"And stars above watch with silent, knowing eyes.","And stars above watch with silent, knowing eyes."
"Beneath the whisper of ancient boughs,",boughs,hush,boughs,False,Time has folded the world into a hush.,Time has folded the world into a hush.
"Whispers of dread in the midnight air,",air,despair,despair,True,A shadowed figure stirs in despair.,A shadowed figure stirs in despair.
"Rooted together, we blossom as one,",one,sun,spun,True,"Through every season, we stand as a sun.","Through every season, we stand as a sun."
"The clock's whisper winds through the cracks of the hour,",hour,power,hour,True,"marking time with a silent, slow power.","marking time with a silent, slow power."
"Whispers of winter melt to spring's first tear,",tear,year,despair,True,A single bloom dares to pierce the year.,A single bloom dares to pierce the year.
"The symphony of flavors on the tongue tells a story no words could ever improve,",improve,time,improve,False,"Each note a memory, each bite a journey through time.","Each note a memory, each bite a journey through time."
"Roots woven deep in the soil of stories untold,",untold,unfold,told,True,Branches reaching high where the winds of time unfold.,Branches reaching high where the winds of time unfold.
"In whispers of ages, history's torch glows,",glows,grows,grows,True,"Eternal in memory, it softly grows.","Eternal in memory, it softly grows."
"Whispers coil in the chambers of the mind,",mind,entwine,wind,False,A silent storm brews where thoughts entwine.,A silent storm brews where thoughts entwine.
"The dawn breaks soft upon the verge of years,",years,air,years,False,A whisper of change stirs in the silent air.,A whisper of change stirs in the silent air.
"Echoes of revolutions hum on the wind,",wind,behind,wind,True,Whispers of change still stir the land behind.,Whispers of change still stir the land behind.
"Whispers of winter melt to spring’s gentle hum,",hum,dawn,from,False,Blossoms awaken in the thawing dawn.,Blossoms awaken in the thawing dawn.
"Whispers of wind through earth’s ancient bones,",bones,tones,bones,True,Echoes of time in silent tones.,Echoes of time in silent tones.
"The earth breathes gently beneath the trees,",trees,breeze,trees,True,While shadows dance in the morning breeze.,While shadows dance in the morning breeze.
"Beneath the mask, a whisper stirs—",stirs,surface,years,False,A secret yearns to break the surface.,A secret yearns to break the surface.
"In silent crowds, I walk alone,",alone,soul,stone,False,A shadow of my former soul.,A shadow of my former soul.
"Like dawn unbuttons the sky with gold,",gold,bold,told,True,so does the sun greet the world with bold.,so does the sun greet the world with bold.
"Beneath the sky where the wild winds roam,",roam,stone,home,False,The stars shine bright through the ancient stone.,The stars shine bright through the ancient stone.
"The echoes of revolution hum beneath our feet,",feet,trees,deceit,False,as history whispers through the trees.,as history whispers through the trees.
"In laughter’s glow, where secrets are told,",told,old,told,True,The heart finds peace in stories of old.,The heart finds peace in stories of old.
"In the mirror of midnight, a thousand souls whisper,",whisper,stars,whisper,False,A silent rebellion stirs beneath the stars.,A silent rebellion stirs beneath the stars.
"Cannon's thunder weeps across the plain,",plain,remain,rain,True,Echoes of war in silence remain.,Echoes of war in silence remain.
"In whispered woods where shadows dance,",dance,branches,dance,False,The moonlight weaves through ancient branches.,The moonlight weaves through ancient branches.
"Hands weave together, a tapestry we share,",share,thread,despair,False,"A story of love, stitched thread by thread.","A story of love, stitched thread by thread."
"A canvas breathes where imagination flows,",flows,glow,grows,False,"And colors dance in silent, whispered glow.","And colors dance in silent, whispered glow."
"Beneath the moon where shadows play,",play,ago,grey,False,Stars whisper tales of long ago.,Stars whisper tales of long ago.
"In trembling hands, the storm refuses to stay,",stay,night,grey,False,its fury echoing through the night.,its fury echoing through the night.
"Embers of rage in the chest they dwell,",dwell,swell,dwell,True,A storm of silence begins to swell.,A storm of silence begins to swell.
"The sky weaves tales in threads of storm and sun,",sun,land,spun,False,The earth replies with roots that hold the land.,The earth replies with roots that hold the land.
"The sky weeps fire, yet forgets the rain,",rain,vain,rain,True,"The earth remains, though scorched in vain.","The earth remains, though scorched in vain."
"Sunset laughter echoes down a lane,",lane,remain,rain,True,Where memories softly fade and remain.,Where memories softly fade and remain.
"Through fractured stone and whispered page,",page,age,rage,True,I trace the echoes of a lost age.,I trace the echoes of a lost age.
"In silence, shadows claim the ones whose voices shaped our skies,",skies,remain,dies,False,Their echoes now are all that remain.,Their echoes now are all that remain.
"Whispers of rustle in velvet and light,",light,night,light,True,Echoes of dusk in a silent night.,Echoes of dusk in a silent night.
"A thousand hues whisper secrets to the breeze,",breeze,dreams,trees,False,The world is painted in the light of dreams.,"A thousand hues whisper secrets to the breeze,  
The world is painted in the light of dreams."
"Sunlight spilling through laughter’s bright rhyme,",rhyme,time,time,True,Dancing with shadows in silent time.,Dancing with shadows in silent time.
"Laughter echoed where the fireflies danced,",danced,trance,danced,False,And the stars blinked in time with their gentle trance.,And the stars blinked in time with their gentle trance.
"In swirling hues, where silent stories gleam,",gleam,dreams,stream,False,Echoes of forgotten dreams.,Echoes of forgotten dreams.
"City lights hum with hurried dreams,",dreams,gleam,dreams,False,Street corners glow where secrets gleam.,Street corners glow where secrets gleam.
"Where silent chains clink in the shadow of proud wings,",wings,night,strings,False,the moonlight weeps through the cracks of the night.,the moonlight weeps through the cracks of the night.
"Whispers of laughter echo down the lane of yesterday,",yesterday,haze,grey,False,Where memories dance in the golden haze.,Where memories dance in the golden haze.
"Brushstrokes dance where silence spoke,",spoke,control,spoke,False,A symphony of color took control.,A symphony of color took control.
"My name may fade, but in stone I'll remain,",remain,same,rain,False,"etched by time, yet forever the same.","etched by time, yet forever the same."
"In the mirror of time, I trace a name not yet known,",known,home,stone,False,"But the echo of tomorrow whispers, ""Wait—this is home.""","But the echo of tomorrow whispers, ""Wait—this is home."""
"Echoes of laughter linger in the air,",air,care,despair,True,A silent reminder of love's sweet care.,A silent reminder of love's sweet care.
"A bond unseen, yet strong as ties of steel,",steel,feel,kneel,True,It binds us through the trials we must feel.,It binds us through the trials we must feel.
"Whispers of winds through the ancient tree,",tree,free,sea,True,Sing tales of days long since free.,Sing tales of days long since free.
"Time's grand tapestry is stitched with echoes of the past,",past,vast,past,True,"Each thread a memory, both bright and vast.","Each thread a memory, both bright and vast."
"In quiet whispers, the sacred awakes,",awakes,speak,awakes,False,Its ancient truths begin to speak.,Its ancient truths begin to speak.
"Beneath soft words, the sharpest truths may hide,",hide,tide,collide,True,Where silent hearts are wounded by the tide.,Where silent hearts are wounded by the tide.
"Shadows whisper in the quiet of the mind,",mind,kind,wind,True,A silent battle between thought and kind.,A silent battle between thought and kind.
"Skies whisper secrets in sun and storm's rhyme,",rhyme,climb,time,True,Earth holds the silence where dreams begin to climb.,Earth holds the silence where dreams begin to climb.
"Sunset-lit laughter echoes through the willow trees,",trees,breeze,trees,True,As golden light dances on the river's gentle breeze.,As golden light dances on the river's gentle breeze.
"Whispers of spring in the thawing breeze,",breeze,see,trees,False,A gentle promise of blossoms to see.,A gentle promise of blossoms to see.
"When eyes first met 'neath a twilight sky,",sky,grow,sigh,False,A silent promise began to grow.,A silent promise began to grow.
"In tangled roots and open fire, we seek the echo of ""we’re yours, you’re mine,""",mine,rhyme,entwine,False,"But time, like ash, has buried the rhyme.","But time, like ash, has buried the rhyme."
"Winds of freedom whisper beneath chains of fear,",fear,keep,dear,False,Hope ignites the fire that no prison can keep.,Hope ignites the fire that no prison can keep.
"In mirrored eyes where shadows dare to gleam,",gleam,stream,stream,True,Secrets whisper through the silent stream.,Secrets whisper through the silent stream.
"The sky whispers secrets in storms and soft rain,",rain,pain,rain,True,"The earth listens with silent, ancient pain.","The earth listens with silent, ancient pain."
"In whispered prayers, the soul takes flight,",flight,sight,light,True,Beyond the reach of mortal sight.,Beyond the reach of mortal sight.
"A bond unbound by time or space, a silent symphony of grace,",grace,embrace,embrace,True,Two hearts entwined in endless embrace.,Two hearts entwined in endless embrace.
"Whispers of farewell linger in the echoes of the rain,",rain,air,rain,False,A silent promise lingers in the air.,A silent promise lingers in the air.
"In the silent whisper of dawn’s tender light,",light,night,light,True,A thousand dreams awaken in the night.,A thousand dreams awaken in the night.
"Whispers of time in the lines of the face,",face,passed,embrace,False,Tell the story of years that have passed.,Tell the story of years that have passed.
"Roots woven deep in ancient songs,",songs,sky,songs,False,Branches reaching toward the sky.,Branches reaching toward the sky.
"Beneath the neon’s hum, the fields still breathe in quiet,",quiet,night,quiet,False,as if the stars could whisper through the haze of night.,as if the stars could whisper through the haze of night.
"The road unspools like a whispered rhyme,",rhyme,time,time,True,Each step a note in the silent time.,Each step a note in the silent time.
"In crowded streets, alone, I tread,",tread,left,thread,False,A silent echo of the world I’ve left.,A silent echo of the world I’ve left.
"A gavel strikes where silence cries,",cries,eyes,dies,True,Justice rises in the eyes.,Justice rises in the eyes.
"Beneath the skin, a song of soil and sky,",sky,lie,sigh,True,A whisper of roots where the ancient lie.,A whisper of roots where the ancient lie.
"Whispers of yesterday slip through the hourglass sand,",sand,dark,sand,False,Time's fragile thread is fraying in the dark.,Time's fragile thread is fraying in the dark.
"A hollow vow can fracture hearts, where trust was born and betrayal parte,",parte,night,start,False,and leave behind a silence heavy as the night.,and leave behind a silence heavy as the night.
"Whispers of wood and worn-in walls recall,",recall,hall,fall,True,the echoes of laughter that once filled the hall.,the echoes of laughter that once filled the hall.
"In the shadow's grip, a single light is born,",born,forlorn,born,True,defying the dark with a flame so forlorn.,defying the dark with a flame so forlorn.
"A gavel's pound in twilight's hold,",hold,old,told,True,A verdict seals the tale of old.,A verdict seals the tale of old.
"Whispers of wind trace skies in blue,",blue,hue,new,True,"Stars blink their silent, watchful hue.","Stars blink their silent, watchful hue."
"Beneath the moon's cold, watchful eye,",eye,sky,sigh,True,The stars whisper secrets to the sky.,The stars whisper secrets to the sky.
"Beneath the mask where shadows play,",play,lay,grey,True,A silent world in whispers lay.,A silent world in whispers lay.
"Fire smolders deep where patience fled,",fled,told,thread,False,Ashes whisper secrets never told.,Ashes whisper secrets never told.
"Old ways whisper beneath the hum of the new,",new,heard,new,False,while the future hums a tune we've never heard.,while the future hums a tune we've never heard.
"Beneath the moon’s cold, indifferent gaze, I echo voices no ear will raise,",raise,way,maze,False,"Yet in the silence, I find my way.","Yet in the silence, I find my way."
"I carve my name where the endless stars keep watch,",watch,dark,watch,False,and etch my soul in the silence of the dark.,and etch my soul in the silence of the dark.
"Over horizon's hush, the road sings to the restless soul,",soul,roll,soul,True,where dreams are born and shadows roll.,where dreams are born and shadows roll.
"The clock's soft whisper weaves through every vein,",vein,name,rain,False,Time slips away like a forgotten name.,Time slips away like a forgotten name.
"Amidst the trees where shadows play,",play,day,grey,True,The moonlight dances all the day.,The moonlight dances all the day.
"Whispers of wind through ancient, rustling trees,",trees,keys,trees,True,"Echoes of time in silent, haunting keys.","Echoes of time in silent, haunting keys."
"In shadowed hearts, a quiet storm is bred,",bred,fed,thread,True,Where silent tears and buried fears are fed.,Where silent tears and buried fears are fed.
"Beneath the tongue's sweet melody, shadows tell the truths that flee,",flee,keep,sea,False,Where whispered secrets find their keep.,Where whispered secrets find their keep.
"In dusty corners where the light forgot to go,",go,old,glow,False,silent shadows whisper tales of old.,silent shadows whisper tales of old.
"Whispers of yesterday haunt the hollows where laughter once lived,",lived,love,thrived,False,"Echoes of joy now linger in silent, forgotten love.","Echoes of joy now linger in silent, forgotten love."
"Where scales of truth hang askew in the haze,",haze,time,maze,False,Justice whispers through the shadows of time.,Justice whispers through the shadows of time.
"My heart, a flame, in youthful days was lit,",lit,grip,grit,False,Now flickers low in twilight's gentle grip.,Now flickers low in twilight's gentle grip.
"Whispers of scarlet and echoes of velvet skies,",skies,sighs,dies,True,Dance beneath the moon's silver sighs.,Dance beneath the moon's silver sighs.
"Whispers of winter give way to the sun's tender embrace,",embrace,trace,embrace,True,"Spring stirs the earth with a gentle, warm trace.","Spring stirs the earth with a gentle, warm trace."
"Beneath sweet lies, the sharp truth doth hide,",hide,collide,collide,True,Where silent hearts and wounds collide.,Where silent hearts and wounds collide.
"Two hearts entwined in time’s soft grip,",grip,another,grip,False,One soul forever bound to another.,One soul forever bound to another.
"A heartbeat whispers where two souls collide,",collide,ignite,collide,False,A silent promise begins to ignite.,A silent promise begins to ignite.
"Echoes of empires rise in whispers of the past,",past,vast,past,True,"Their shadows stretch across the silent, ancient vast.","Their shadows stretch across the silent, ancient vast."
"On tongues of flame and forks of gold, flavors tell a secret old,",old,told,told,True,where ancient spices dance and stories are told.,where ancient spices dance and stories are told.
"Two souls entwined by vow and time’s slow river,",river,true,river,False,"Their hearts forever bound, unbroken, ever true.","Their hearts forever bound, unbroken, ever true."
"A promise made in shadows, torn by dawn's deceitful light,",light,night,light,True,A vow once whispered fades into the night.,A vow once whispered fades into the night.
"Carved in time's slow river, my name flows on,",on,fade,dawn,False,Eternal as the stars that never fade.,Eternal as the stars that never fade.
"Neon hums where the concrete grows,",grows,glow,grows,False,Steel dreams twist in the midnight glow.,Steel dreams twist in the midnight glow.
"In silence’s shadow, the stranger breathes,",breathes,weave,breathes,False,A whisper of secrets begins to weave.,A whisper of secrets begins to weave.
"I carved my name in the bones of time,",time,align,time,False,And etched my soul where the stars align.,And etched my soul where the stars align.
"In twilight’s veil, where shadows dare to breathe,",breathe,deep,breathe,False,"The stars awaken, whispering secrets deep.","The stars awaken, whispering secrets deep."
"I pace the sidewalks where the neon sighs,",sighs,skies,dies,True,and trace the shadows in the rain-drenched skies.,and trace the shadows in the rain-drenched skies.
"Old oaks bend but new neon glows,",glows,snow,grows,False,while the past fades in silent snow.,while the past fades in silent snow.
"The clock of time ticks tales of yore,",yore,evermore,soar,True,While memories echo evermore.,While memories echo evermore.
"Beneath the mask of golden lies, the truth in shadowed whispers sighs,",sighs,hides,dies,False,"The heart, once brave, now trembles, hides.","The heart, once brave, now trembles, hides."
"Two hearts entwined where one love’s vow began,",began,sun,began,False,A lifetime's promise beneath the summer sun.,A lifetime's promise beneath the summer sun.
"In silent rooms where shadows speak,",speak,dreams,speak,False,Whispers of forgotten dreams.,Whispers of forgotten dreams.
"Like thunder held in hollow hands,",hands,land,strands,False,It waits to break the silent land.,It waits to break the silent land.
"Brushstrokes breathe where imagination sleeps,",sleeps,heaps,weeps,True,Canvas dreams in silent heaps.,Canvas dreams in silent heaps.
"The earth breathes quietly beneath a sky of shifting gray,",gray,by,grey,False,As shadows stretch and whisper tales of days gone by.,As shadows stretch and whisper tales of days gone by.
"Fury burns like fire in a soul trapped between rage and resolve,",resolve,consumed,resolve,False,"A storm of shadows whispers, ""Choose your path, or be consumed.""","A storm of shadows whispers, ""Choose your path, or be consumed."""
"In silent corners where the shadows cling,",cling,wing,sing,True,Whispers of forgotten dreams take wing.,Whispers of forgotten dreams take wing.
"Beneath the skin, a whisper waits to be heard,",heard,stirred,heard,True,"A secret long buried, yearning to be stirred.","A secret long buried, yearning to be stirred."
"Though flesh may fade and time may flee,",flee,true,sea,False,"Yet love remains, a promise true.","Yet love remains, a promise true."
"Beneath the sky where sunbeams dance, joy and happiness leave fleeting yet lasting chance,",chance,fade,dance,False,"But shadows creep where light once played, whispering of time's unyielding fade.","But shadows creep where light once played, whispering of time's unyielding fade."
"Beneath sweet words, sometimes hides the blade,",blade,phrase,stayed,False,A heart can break with a single phrase.,A heart can break with a single phrase.
"Whispers creep where the hours have flown,",flown,known,stone,True,And shadows dance where the light has been known.,And shadows dance where the light has been known.
"Sunbeams duel with thunder's moan,",moan,unknown,stone,True,Earth trembles beneath the storm's unknown.,Earth trembles beneath the storm's unknown.
"Neon hums where the city's heart beats fast,",fast,embrace,past,False,Steel towers rise in the midnight's embrace.,Steel towers rise in the midnight's embrace.
"A king's crown crumbles in the dust where shadows hold their breath,",breath,worth,breath,False,And silent winds whisper of a throne that's lost its worth.,And silent winds whisper of a throne that's lost its worth.
"Beneath the dusk where tones conspire,",conspire,fire,desire,True,Secrets bloom in silent fire.,Secrets bloom in silent fire.
"Shadows cling where whispers fade,",fade,stay,stayed,False,Echoes stay.,Echoes stay.
"Wolves howl beneath the moon's silver gleam,",gleam,dream,stream,True,While shadows dance in silent dream.,While shadows dance in silent dream.
"Beneath the thunders of divided skies,",skies,fight,dies,False,We stand as shadows in a silent fight.,We stand as shadows in a silent fight.
"Beneath the moon's unblinking eye, I chart the stars and set my kite,",kite,night,light,True,soaring high through silent night.,soaring high through silent night.
"In the hush of dusk, old shadows speak,",speak,dreams,speak,False,Whispers of forgotten dreams.,Whispers of forgotten dreams.
"In quiet hearts where whispers rise,",rise,shine,dies,False,A thousand dreams take flight and shine.,A thousand dreams take flight and shine.
"Wildebeests roam beneath skies painted gold,",gold,told,told,True,"As the sun dips low, the savanna is told.","As the sun dips low, the savanna is told."
"Like sunlight bursting through clouds on a spring day,",day,hue,grey,False,It paints the world in a golden hue.,It paints the world in a golden hue.
"Beneath soft lies, the brutal truth takes root,",root,knew,root,False,Where silent shadows whisper what they knew.,Where silent shadows whisper what they knew.
"In the quiet whispers of the sacred dawn,",dawn,dawn,dawn,False,A thousand dreams begin to softly dawn.,A thousand dreams begin to softly dawn.
"Winds of liberty weep through the chains of the night,",night,bright,light,True,And echo the cries of the silenced and bright.,And echo the cries of the silenced and bright.
"My temper flares like lightning in the storm of despair,",despair,bear,despair,True,"I lash out wild, a fury none can bear.","I lash out wild, a fury none can bear."
"Whispers of absence linger in the air where laughter once was,",was,chair,was,False,A silent echo mourns the empty chair.,A silent echo mourns the empty chair.
"Amidst the steel forest where silence is rare,",rare,air,despair,True,Echoes of war hum through the air.,Echoes of war hum through the air.
"Like dawn renews the sky, my heart in your embrace finds home,",home,known,home,False,where every shadow fades and every hope is known.,where every shadow fades and every hope is known.
"Anchored in time, the old ways hum,",hum,come,from,True,Their echoes still guide the path we come.,Their echoes still guide the path we come.
"Where the heart's old whispers find a sheltered rhyme,",rhyme,again,time,False,And the soul's forgotten songs are softly heard again.,And the soul's forgotten songs are softly heard again.
"The sky’s a canvas painted by the hands of sun and rain,",rain,reign,rain,True,"The earth below is shaped by time’s slow, steady reign.","The earth below is shaped by time’s slow, steady reign."
"Whispers tighten like shadows at dawn,",dawn,on,dawn,True,A silent promise lingers on.,A silent promise lingers on.
"Whispers of rose and thunder of drum,",drum,come,from,True,A silent storm begins to come.,A silent storm begins to come.
"Bursting like sun through the morning’s embrace,",embrace,grace,embrace,True,I paint the sky with the hues of grace.,I paint the sky with the hues of grace.
"Neon hums where the streetlamps blaze,",blaze,haze,maze,True,Echoes dance in the midnight haze.,Echoes dance in the midnight haze.
"Whispers echo where no ears are near,",near,air,dear,False,A secret dances on the air.,A secret dances on the air.
"In the dance of colors, sounds take flight,",flight,light,light,True,The world is painted in a symphony of light.,The world is painted in a symphony of light.
"A whisper blooming soft and true,",true,breeze,new,False,A secret carried on the breeze.,A secret carried on the breeze.
"Time slips like sand through the shadows of yesterday,",yesterday,fray,grey,True,We chase the echoes of moments lost in the fray.,We chase the echoes of moments lost in the fray.
"Whispers of the sacred rise where faith and shadow meet,",meet,retreat,deceit,True,And echoes of the lost are heard in silent retreat.,And echoes of the lost are heard in silent retreat.
"In whispered prayers where the soul takes flight,",flight,shine,light,False,The stars above begin to shine.,The stars above begin to shine.
"In the glow of fireflies and fading afternoons,",afternoons,hues,afternoons,False,"we wander through the quiet, golden hues.","we wander through the quiet, golden hues."
"Beneath the mask where shadows dance,",dance,trance,dance,True,A silent world in whispers trance.,A silent world in whispers trance.
"In the attic of the heart, old moments gently cling,",cling,young,sing,False,Time whispers tales of love that once was young.,Time whispers tales of love that once was young.
"In shadowed corners where connection fades,",fades,haze,fades,False,Voices whisper secrets through the haze.,Voices whisper secrets through the haze.
"A hearth's soft glow where whispers stay,",stay,played,grey,False,A silent tale in shadows played.,A silent tale in shadows played.
"Whispers of devotion dance with dawn’s first breath,",breath,sky,breath,False,A silent promise blooms beneath the sky.,A silent promise blooms beneath the sky.
"Storms scribble secrets on the sky's chalkboard,",chalkboard,thunder,chalkboard,False,Lightning etches words in silent thunder.,Lightning etches words in silent thunder.
"A whisper of laughter in morning’s gold gleam,",gleam,dream,stream,True,A secret of joy in the dawn’s gentle dream.,A secret of joy in the dawn’s gentle dream.
"In silent worlds where echoes don't return,",return,seen,return,False,"Time folds itself in shadows, never to be seen.","Time folds itself in shadows, never to be seen."
"A flawless vase, a crack unseen,",unseen,gleam,unseen,False,Holds a secret worth a kingdom's gleam.,Holds a secret worth a kingdom's gleam.
"In flawless cracks, the light finds its flaw,",flaw,grow,flaw,False,"And through the broken, it learns to grow.","And through the broken, it learns to grow."
"Whispers coil like shadows deep, unrest is born in sleep,",sleep,creep,sweep,True,A silent scream begins to creep.,A silent scream begins to creep.
"Beneath the stars, the heart finds its true rhyme,",rhyme,climb,time,True,"And in the silence, love begins to climb.","And in the silence, love begins to climb."
"Whispers carved in rust, a bond undone by deceit's knife,",knife,night,knife,False,A shattered trust now echoes through the night.,A shattered trust now echoes through the night.
"Colors whisper tales where the bold and silent meet,",meet,beat,deceit,True,And shadows dance in the light of the moon's soft beat.,And shadows dance in the light of the moon's soft beat.
"The sky may whisper or crash with rhyme,",rhyme,time,time,True,The earth will answer in thunderous time.,The earth will answer in thunderous time.
"Clocks shed silent tears as moments flee the ground,",ground,noon,ground,False,Time slips away like shadows at noon.,Time slips away like shadows at noon.
"The echoes of yesterday hum softly in the halls of my mind,",mind,unkind,wind,True,"while memories linger like shadows, both kind and unkind.","while memories linger like shadows, both kind and unkind."
"Justice wears a crown of light, but injustice cloaks in shadows deep,",deep,grows,sweep,False,"Where truth is silenced, fear takes root and grows.","Where truth is silenced, fear takes root and grows."
"Whispers of crimson, symphonies in blue,",blue,hue,new,True,Echoes of twilight in a silent hue.,Echoes of twilight in a silent hue.
"The dawn of feeling, soft and undefined,",undefined,mind,wind,True,Lingers like a whisper in the mind.,Lingers like a whisper in the mind.
"Beneath the skin, where traditions live,",live,leaves,live,False,Secrets whisper through the leaves.,Secrets whisper through the leaves.
"Silent hours glide like shadows through the cracks of yesterday,",yesterday,be,grey,False,whispering tales of what once was and what may yet be.,whispering tales of what once was and what may yet be.
"In shadows deep, where silent tremors creep,",creep,sleep,sweep,True,A whispered fear takes hold of the sleep.,A whispered fear takes hold of the sleep.
"Whispers of chains in the hush of the dawn,",dawn,drawn,dawn,True,A shadowed past begins to be drawn.,A shadowed past begins to be drawn.
"As winter’s frost yields to the vernal rain,",rain,refrain,rain,True,the earth awakens in a gentle refrain.,the earth awakens in a gentle refrain.
"Fire roars where patience once resided,",resided,defiance,resided,False,Ashes rise in silent defiance.,Ashes rise in silent defiance.
"A flawless rose still drinks the rain, untold,",untold,wind,told,False,its petals whispering secrets to the wind.,its petals whispering secrets to the wind.
"In the mirror of time, I glimpse a stranger’s face—",face,embrace,embrace,True,A shadow of years I can't embrace.,A shadow of years I can't embrace.
"A bond not bound by blood, yet deeper still,",still,real,still,False,"It stands through time and trials, true and real.","It stands through time and trials, true and real."
"Beneath the blaze of seventeen’s flame,",flame,names,name,False,We chase the dawn with reckless names.,We chase the dawn with reckless names.
"A sweet ballet of salt and spice, upon the tongue's delicate slice,",slice,ice,slice,True,A fleeting dance of fire and ice.,A fleeting dance of fire and ice.
"With brush and breath, ideas take flight,",flight,light,light,True,Dreams soar where imagination meets light.,Dreams soar where imagination meets light.
"Where whispered walls hold tales I've spun,",spun,undone,spun,True,The shadows dance where secrets are undone.,The shadows dance where secrets are undone.
"A laugh like morning bursts through the skies,",skies,rise,dies,True,A smile like dawn begins to rise.,A smile like dawn begins to rise.
"Wanderlust whispers through the winds of change,",change,waits,change,False,I chase the horizon where the unknown waits.,I chase the horizon where the unknown waits.
"Amid the thunder of falling skies,",skies,light,dies,False,The earth trembles beneath the dying light.,The earth trembles beneath the dying light.
"Footprints trace where wanderers dream,",dream,gleam,stream,True,Stars above their silent gleam.,Stars above their silent gleam.
"In the shadow of despair, hope whispers through the cracks,",cracks,break,cracks,False,A fragile light begins to break.,A fragile light begins to break.
"In shadowed hearts where silence breeds,",breeds,proceed,bleeds,False,A whispered hope dares to proceed.,A whispered hope dares to proceed.
"In still waters, the mirror of hearts,",hearts,imparted,hearts,False,Reflects the truth that love has imparted.,Reflects the truth that love has imparted.
"Through laughter’s spark, our hearts first stoked the flame,",flame,name,name,True,"Now bound by love, we dance through every name.","Now bound by love, we dance through every name."
"Though time may steal the breath from bone,",bone,soul,stone,False,it cannot steal the fire from the soul.,it cannot steal the fire from the soul.
"Grandmother’s tales clash with the smartphone glow,",glow,flow,glow,True,While ancient wisdom fades in digital flow.,While ancient wisdom fades in digital flow.
"The scales of justice tremble in the storm,",storm,morn,storm,False,As thunder echoes through the morn.,As thunder echoes through the morn.
"Like dawn breaks soft on summer’s breath,",breath,unfold,breath,False,so does the light of hope unfold.,so does the light of hope unfold.
"Whispers of the wind through leaves that sway,",sway,away,grey,True,A gentle song that carries away.,A gentle song that carries away.
"With trembling steps, the threshold nears its mark,",mark,arc,dark,True,A whisper of fear begins to take its arc.,A whisper of fear begins to take its arc.
"In city lights or meadow’s gentle haze,",haze,grace,maze,False,The world feels soft in twilight's quiet grace.,The world feels soft in twilight's quiet grace.
"Hands clasped in ancient rhythm, the future hums a tune,",tune,sound,noon,False,as echoes of the past weave through the sound.,as echoes of the past weave through the sound.
"Each wrinkle whispers tales of time’s gentle tide,",tide,tried,collide,True,And every line reflects a memory once tried.,And every line reflects a memory once tried.
"In the glow of screens where connection’s feigned,",feigned,chain,feigned,False,Truth lies buried beneath the digital chain.,Truth lies buried beneath the digital chain.
"In whispers down the hall of yesterday,",yesterday,stay,grey,True,Echoes of a love that could not stay.,Echoes of a love that could not stay.
"Through laughter carved in childhood's days,",days,praise,maze,True,Memories bloom in silent praise.,"Through laughter carved in childhood's days,  
Memories bloom in silent praise."
"Beneath the cold moon’s unfeeling gaze,",gaze,maze,maze,True,The silent stars watch over the maze.,The silent stars watch over the maze.
"Beneath the sun’s unblinking eye, storms and seasons shift and rise,",rise,flight,dies,False,"Yet in the quiet of the night, shadows dance and dreams take flight.","Yet in the quiet of the night, shadows dance and dreams take flight."
"The echoes of laughter linger in empty halls,",halls,walls,halls,True,Where memories softly whisper through the walls.,Where memories softly whisper through the walls.
"Thunder speaks, yet the stone hears not a word,",word,wide,heard,False,But the wind carries its message far and wide.,But the wind carries its message far and wide.
"Beneath the moon’s pale, watchful eye,",eye,sky,sigh,True,The stars whisper secrets to the sky.,The stars whisper secrets to the sky.
"In the tapestry of twilight, hues breathe alive—",alive,sky,live,False,Stars whisper secrets to the sleeping sky.,Stars whisper secrets to the sleeping sky.
"Where light and shadow wage their endless war,",war,mourn,soar,False,The stars and moonlight softly mourn.,The stars and moonlight softly mourn.
"In every heartbeat echoes the song,",song,wrong,belong,True,Of a love that time cannot wrong.,Of a love that time cannot wrong.
"In the quiet bloom of shared moments,",moments,forever,moments,False,we find the echo of forever.,we find the echo of forever.
"The minutes slip like sand through ancient hands,",hands,remains,strands,False,Time whispers tales of what remains.,Time whispers tales of what remains.
"Laughter echoed where the fireflies danced,",danced,trance,danced,False,And the stars blinked in time with their gentle trance.,And the stars blinked in time with their gentle trance.
"I carve my name in time’s slow tide, unanswered,",unanswered,tide,unanswered,False,"unseen, yet etched in the hearts of the tide.","unseen, yet etched in the hearts of the tide."
"A bond that shines through life’s unpredictable storm,",storm,norm,storm,True,"Unbreakable, it stands through every trial and norm.","Unbreakable, it stands through every trial and norm."
"Whispers of longing in the night's embrace,",embrace,trace,embrace,True,A silent plea for love's sweet trace.,A silent plea for love's sweet trace.
"Though shadows creep where daylight dares not tread,",tread,sleep,thread,False,Yet hope still burns in hearts that never sleep.,Yet hope still burns in hearts that never sleep.
"In the hush where heavens hum with light,",light,bright,light,True,"The stars awaken, soft and bright.","The stars awaken, soft and bright."
"In flawlessly fractured light, the truth is cast,",cast,last,past,True,A silent scream is all that's left to last.,A silent scream is all that's left to last.
"A whisper starts in stolen glances bright,",bright,light,light,True,A secret blooms where shadows meet the light.,A secret blooms where shadows meet the light.
"The apple bends with sweet persuasion,",persuasion,treasure,persuasion,False,The orchard sighs and yields its treasure.,The orchard sighs and yields its treasure.
"Beneath the moon's indifferent, silent gleam,",gleam,unseen,stream,False,The stars above whisper secrets yet unseen.,The stars above whisper secrets yet unseen.
"Rage ignites like thunder in the bones,",bones,throne,bones,False,A storm of fury shakes the throne.,A storm of fury shakes the throne.
"A cage of silence, forged in tyranny's flame,",flame,name,name,True,A whisper of hope dares to break the name.,A whisper of hope dares to break the name.
"Time carves wisdom on the lines it leaves behind,",behind,find,wind,True,A silent testament to all we've come to find.,A silent testament to all we've come to find.
"The earth turns slowly through time's tender grace,",grace,past,embrace,False,while the stars above whisper tales of the past.,while the stars above whisper tales of the past.
"Whispers of the hour-glass, sand in silent flight,",flight,light,light,True,"Time slips away, leaving no trace of light.","Time slips away, leaving no trace of light."
"Beneath the mask we wear, a thousand whispers lay,",lay,say,grey,True,A silent truth we dare not say.,A silent truth we dare not say.
"Each wrinkle etched like time's slow poetry,",poetry,glory,poetry,False,A story whispered in the skin's quiet glory.,A story whispered in the skin's quiet glory.
"Whispers of dread in the shadows creep,",creep,sleep,sweep,True,A silent fear takes hold of the sleep.,A silent fear takes hold of the sleep.
"A bloom unearthed where shadows played,",played,shade,stayed,True,Now stands a rose in silent shade.,Now stands a rose in silent shade.
"My roots are etched in many a song,",song,belong,belong,True,My branches sway where memories belong.,My branches sway where memories belong.
"In the attic of time, memories dust and glow,",glow,show,glow,True,Where forgotten dreams still softly show.,Where forgotten dreams still softly show.
"Where chains are whispered into silence, freedom wakes with a cry,",cry,sky,sigh,True,and breaks the night with a rising sky.,and breaks the night with a rising sky.
"On tongues of morning, flavors start to rise,",rise,sigh,dies,False,Sweet whispers of the day begin to sigh.,Sweet whispers of the day begin to sigh.
"Roots entwined where voices rise,",rise,skies,dies,True,"Beneath the stars, the silent skies.","Beneath the stars, the silent skies."
"Love blooms in whispers, binds in the blood,",blood,hood,blood,False,A silent vow beneath the moon's hood.,A silent vow beneath the moon's hood.
"Justice scales the cliffs of right, while shadows feed the wrong,",wrong,wrong,belong,False,And light is born from every wrong.,And light is born from every wrong.
"Whispers of winter give way to the spring's soft hum,",hum,sun,from,False,Blossoms awaken beneath the thawing sun.,Blossoms awaken beneath the thawing sun.
"Whispers of dread in the midnight air,",air,despair,despair,True,A shadowed figure stirs in despair.,A shadowed figure stirs in despair.
"In the mirror of the soul, shadows dance with light,",light,night,light,True,A silent tale of love and night.,A silent tale of love and night.
"The whisper of winter gives way to the song of the spring,",spring,sing,sing,True,As blossoms awaken and skies begin to sing.,As blossoms awaken and skies begin to sing.
"In laughter’s glow, where quiet trust ignites,",ignites,delight,ignites,False,the heart finds peace in shared delight.,the heart finds peace in shared delight.
"In the garden of life, friendship blooms bright,",bright,flight,light,True,Where laughter and memories take flight.,Where laughter and memories take flight.
"Neon hums where countryside sighs in the sun,",sun,spun,spun,True,Steel towers rise where wildflowers once were spun.,Steel towers rise where wildflowers once were spun.
"In shadows deep where truth once gleamed,",gleamed,dream,dreamed,False,Now silence reigns and secrets dream.,Now silence reigns and secrets dream.
"In the shadow's grip, a fragile spark still dares to rise—",rise,night,dies,False,A whisper of hope against the endless night.,A whisper of hope against the endless night.
"The storm within screams louder than the thunder's roar,",roar,yearning,soar,False,"And the heart, once still, now beats with a desperate yearning.","And the heart, once still, now beats with a desperate yearning."
"In whispered shadows, truth dons a disguise,",disguise,denies,dies,True,Where silent hearts dare speak what light denies.,Where silent hearts dare speak what light denies.
"In whispered shadows where the lonely dwell,",dwell,tell,dwell,True,The silent tears of sorrow tell.,The silent tears of sorrow tell.
"Whispers of winter melt to spring’s first sigh,",sigh,sky,sigh,True,Blossoms awaken in the thawing sky.,Blossoms awaken in the thawing sky.
"Two hearts entwined where vows take root and grow,",grow,undo,glow,False,Their love a flame that time cannot undo.,Their love a flame that time cannot undo.
"In twilight’s breath, where shadows dare to bloom,",bloom,true,bloom,False,"The stars awaken, whispering secrets true.","The stars awaken, whispering secrets true."
"O ancestors’ whispers duel with pixels’ hum,",hum,dawn,from,False,Echoes of the past now clash in digital dawn.,Echoes of the past now clash in digital dawn.
"In the hush where heaven's whispers meet the earth,",earth,heart,earth,False,A silent prayer takes hold of the heart.,A silent prayer takes hold of the heart.
"Shadows fall where the cannons roar,",roar,swore,soar,True,And silence reigns where the brave once swore.,And silence reigns where the brave once swore.
"My name may fade, but whispers will remain,",remain,refrain,rain,True,echoing through time in silent refrain.,echoing through time in silent refrain.
"I wield the storm yet tremble at the rain,",rain,pain,rain,True,For in the thunder lies my deepest pain.,For in the thunder lies my deepest pain.
"Time carves its tales in lines upon our skin,",skin,begin,spin,True,And whispers secrets only the heart can begin.,And whispers secrets only the heart can begin.
"Where whispered lies dance on a blade's sharp edge,",edge,ledge,edge,True,Truth stands alone in the shadowed ledge.,Truth stands alone in the shadowed ledge.
"Through laughter’s echo and tears that bind,",bind,mind,wind,True,We find the light in the darkest mind.,We find the light in the darkest mind.
"Beneath the chain, a song still dares to rise,",rise,skies,dies,True,"In whispered winds, the echoes of the skies.","In whispered winds, the echoes of the skies."
"The hours slip like sand through time's unyielding hand,",hand,lament,sand,False,Leaving behind a trail of silent lament.,Leaving behind a trail of silent lament.
"Wheels hum low beneath the morning's hue,",hue,dew,new,True,A silent rhythm wakes the dew.,A silent rhythm wakes the dew.
"Whispers of wind through the green-lit trees,",trees,breeze,trees,True,A secret dance in the moon's soft breeze.,A secret dance in the moon's soft breeze.
"In whispers woven, the dagger finds its rest,",rest,breath,breast,False,beneath the veil where shadows hold their breath.,beneath the veil where shadows hold their breath.
"With dawn’s first light, a heart begins to know,",know,show,glow,True,A silent truth that only love can show.,A silent truth that only love can show.
"Like shadows twins upon the heart,",heart,dark,start,False,They whisper secrets in the dark.,They whisper secrets in the dark.
"Like dawn embraces twilight’s fading sigh,",sigh,you,sigh,False,so does the heart hold on to memories of you.,so does the heart hold on to memories of you.
"Winds of freedom whisper through chains that groan,",groan,stone,stone,True,And hope begins to stir in every stone.,And hope begins to stir in every stone.
"Whispers of forever carved in bones unseen,",unseen,grain,unseen,False,A silent promise echoes through the grain.,A silent promise echoes through the grain.
"Like dawn breaking silently on a heart unknown,",unknown,grown,stone,True,It whispers hope where shadows once had grown.,It whispers hope where shadows once had grown.
"The sweetness of trust can hold a thousand lies,",lies,disguise,dies,True,"But once broken, it leaves a heart in disguise.","But once broken, it leaves a heart in disguise."
"The chains of silence clank beneath the breath of rebels' cries,",cries,night,dies,False,A storm of voices breaks the night.,A storm of voices breaks the night.
"Bitter chocolate on a honeyed tongue,",tongue,wrong,clung,False,Sweetens the ache of a love gone wrong.,Sweetens the ache of a love gone wrong.
"Whispers of spring in winter's last sigh,",sigh,sky,sigh,True,Blossoms dare to bloom in the sky.,Blossoms dare to bloom in the sky.
"In tangled hearts, two vows entwine,",entwine,time,entwine,False,A silent war of love and time.,A silent war of love and time.
"Truth wears a mask of light, yet deception shimmers bare,",bare,rare,despair,True,"But in the dark, the truth is rarely rare.","But in the dark, the truth is rarely rare."
"In twilight’s grasp, where shadows cling,",cling,sing,sing,True,The stars begin to softly sing.,The stars begin to softly sing.
"Whispers weave where wild hearts run free,",free,see,sea,True,The stars blink secrets only they can see.,The stars blink secrets only they can see.
"Beneath soft words, the dagger of truth may gleam,",gleam,scream,stream,True,Yet silence often hides the sharpest scream.,Yet silence often hides the sharpest scream.
"Winds of liberty weep through the chains of the night,",night,bright,light,True,And echo the cries of the silenced and bright.,And echo the cries of the silenced and bright.
"In twilight’s breath, where shadows softly sway,",sway,way,grey,True,The stars begin to trace their silver way.,The stars begin to trace their silver way.
"Beneath the storm of silent rage, tempests thrive in beating veins,",veins,name,remains,False,Their fury hums in every name.,Their fury hums in every name.
"Whispers of yesterday linger in the dust of forgotten rooms,",rooms,tune,rooms,False,echoing through the silence like a ghostly tune.,echoing through the silence like a ghostly tune.
"In shadows of the past, my heart repeats an ancient song,",song,forgotten,belong,False,"echoing through the silence, a melody long forgotten.","echoing through the silence, a melody long forgotten."
"Justice wears a crown of light, injustice, shadows in disguise,",disguise,dawn,dies,False,But truth will rise to meet the dawn.,But truth will rise to meet the dawn.
"In the silent chambers where dread and dread dwell,",dwell,enthrall,dwell,False,No light may pierce the shadows that enthrall.,No light may pierce the shadows that enthrall.
"Whispers of the wind through ancient boughs,",boughs,grew,boughs,False,Sing tales of days when shadows grew.,Sing tales of days when shadows grew.
"Beneath the mirror’s gaze, a thousand whispered names awake,",awake,erase,awake,False,echoing through the silence of a love that time cannot erase.,echoing through the silence of a love that time cannot erase.
"Beneath soft words, the dagger of truth may gleam,",gleam,scream,stream,True,Yet silence often hides the sharpest scream.,Yet silence often hides the sharpest scream.
"Friendship is the sun that melts the snow,",snow,home,glow,False,Love is the light that guides us home.,Love is the light that guides us home.
"A flawless rose still trembles in the storm,",storm,dawn,storm,False,Its petals whispering secrets to the dawn.,Its petals whispering secrets to the dawn.
"My name may fade, but my shadow shall sing,",sing,wind,sing,False,Forever in the echoes of the wind.,Forever in the echoes of the wind.
"Time-honored flames meet electric skies,",skies,flight,dies,False,Igniting dreams in silent flight.,Igniting dreams in silent flight.
"Each wrinkle etched is a tale the sun has read,",read,ahead,creed,True,A story whispered through the years ahead.,A story whispered through the years ahead.
"The tempest rages where restraint once tread,",tread,bold,thread,False,Now silent stands the heart that once was bold.,Now silent stands the heart that once was bold.
"Beneath the mask I’ve worn for years, a silent echo stirs, unknown,",unknown,roar,stone,False,"yet in my heart, a voice begins to roar.","yet in my heart, a voice begins to roar."
"In the quiet hours, when stars hold their breath,",breath,earth,breath,False,the moon whispers secrets to the sleeping earth.,the moon whispers secrets to the sleeping earth.
"In every flaw, the light of perfection gleams,",gleams,themes,dreams,True,"And in each shadow, grace finds its redeeming themes.","And in each shadow, grace finds its redeeming themes."
"Whispers roam where wild things wander,",wander,wonder,wander,False,Stars blink low in silent wonder.,Stars blink low in silent wonder.
"With trembling hand I light the fire,",fire,retire,desire,True,And watch the shadows dance and retire.,And watch the shadows dance and retire.
"Whispers of velvet dance with crimson skies,",skies,eyes,dies,True,"Painting the night with silent, burning eyes.","Painting the night with silent, burning eyes."
"In the quiet heartbeat of the morning light,",light,flight,light,True,A thousand dreams begin to take flight.,A thousand dreams begin to take flight.
"Brushstrokes of thought dance where wild imagination thrives,",thrives,night,thrives,False,A canvas of dreams unfolds in the silent night.,A canvas of dreams unfolds in the silent night.
A flawless curve holds cracks unseen—,unseen,scene,unseen,True,A silent strength beneath the scene.,A silent strength beneath the scene.
"A whispered truth can sever ties spun tight,",tight,night,light,True,A single word can break the night.,A single word can break the night.
"In shadowed halls where whispers cling,",cling,unchained,sing,False,A secret waits to be unchained.,A secret waits to be unchained.
"In the shadow of the night, hope whispers light,",light,rewritten,light,False,A silent promise waits to be rewritten.,A silent promise waits to be rewritten.
"Where whispering forests pulse with life,",life,thrive,knife,False,The stars above begin to thrive.,The stars above begin to thrive.
"Beneath the moon’s unblinking eye, I start upon the road,",road,lies,code,False,where shadows dance and silence lies.,where shadows dance and silence lies.
"In the attic of the heart, old echoes still stir,",stir,dark,stir,False,Where forgotten dreams whisper through the dark.,Where forgotten dreams whisper through the dark.
"A heartbeat hums where two souls entwine,",entwine,shine,entwine,True,A whispered promise begins to shine.,A whispered promise begins to shine.
"Two hearts entwined, one path they tread,",tread,wed,thread,True,"A single soul, forever wed.","A single soul, forever wed."
"Whispers of wind weave through skies of change,",change,dance,change,False,The stars begin to trace their gentle dance.,The stars begin to trace their gentle dance.
"Colors whisper where the silent brushes dance,",dance,trance,dance,True,And shadows bloom in silent trance.,And shadows bloom in silent trance.
"Old hands shaping clay, new screens shape the mind,",mind,design,wind,False,While ancient tools give way to digital design.,While ancient tools give way to digital design.
"Beneath the mask I’ve worn for years, a stranger whispers in my ears,",ears,be,years,False,I’m not the same person I used to be.,I’m not the same person I used to be.
"In whispers of the soul, where light and longing entwine,",entwine,wine,entwine,True,"The stars awaken, painting dreams in silver wine.","The stars awaken, painting dreams in silver wine."
"Through mirrors of memory, I search for the face that time forgot,",forgot,name,forgot,False,"Yet in the reflection, I find only the ghost of a name.","Yet in the reflection, I find only the ghost of a name."
"Justice whispers truth, but injustice roars, drowning right in the storm of its force,",force,unseen,force,False,"While the scales of fairness tremble, unseen.","While the scales of fairness tremble, unseen."
"In whispered woods where shadow plays,",plays,haze,maze,True,The moonlight dances through the haze.,The moonlight dances through the haze.
"The ghost of yesterday whispers through the keys of time,",time,dies,time,False,I trace the echoes of a love that never dies.,I trace the echoes of a love that never dies.
"A whisper of warmth that the heart cannot hide,",hide,deny,collide,False,A secret of love that the soul cannot deny.,A secret of love that the soul cannot deny.
"In shadowed scales, the scales of truth bend—",bend,mend,blend,True,A whisper of doubt begins to mend.,A whisper of doubt begins to mend.
"In shadowed woods where whispers prowl,",prowl,stole,prowl,False,The moonlight dances on the stole.,The moonlight dances on the stole.
"In vows woven tight, two hearts intertwine,",intertwine,design,entwine,True,"A promise of forever, bound by design.","A promise of forever, bound by design."
"The years fold like pages in a gently-worn tome,",tome,tones,home,False,"Time whispers its stories in soft, familiar tones.","Time whispers its stories in soft, familiar tones."
"Two souls entwined in time’s soft thread,",thread,wed,thread,True,Their hearts forever bound to wed.,Their hearts forever bound to wed.
"Whispers of winter melt into spring's gentle rise,",rise,skies,dies,True,Blossoms awaken in the thawing skies.,Blossoms awaken in the thawing skies.
"In city's hum or meadow's hush,",hush,rush,hush,True,I find my peace in nature's rush.,I find my peace in nature's rush.
"Carved in stone or whispered through time,",time,rhyme,time,True,Truth endures beyond the fleeting rhyme.,Truth endures beyond the fleeting rhyme.
"Laughter echoes where the fireflies danced,",danced,night,danced,False,And stars blinked softly in the hush of night.,And stars blinked softly in the hush of night.
"Love is the thread that weaves through all we are,",are,scar,are,True,And binds the heart in every scar.,And binds the heart in every scar.
"Time drifts like ash on a fading wick,",wick,flick,wick,True,Its whisper fades with the final flick.,Its whisper fades with the final flick.
"The hourglass bleeds its final grain,",grain,remains,rain,False,"Time whispers, ""Now is all that remains.""","Time whispers, ""Now is all that remains."""
"A glance can spark a flame that time won’t quench,",quench,ends,quench,False,A whisper can ignite a love that never ends.,A whisper can ignite a love that never ends.
"When cannons roared at Waterloo's dawn,",dawn,throng,dawn,False,"The world held its breath in a silent, stunned throng.","The world held its breath in a silent, stunned throng."
"A dance of spices on the tongue's sweet stage,",stage,age,rage,True,A symphony of flavors in each bite and age.,A symphony of flavors in each bite and age.
"Like thunder caged in silent breath,",breath,chest,breath,False,I hold the storm within my chest.,I hold the storm within my chest.
"In whispered lies where trust was sworn,",sworn,torn,born,True,A fragile hope was torn.,A fragile hope was torn.
"Whispers of winter to summer's embrace,",embrace,grace,embrace,True,A fleeting farewell in the fading grace.,A fleeting farewell in the fading grace.
"Old hymns hummed by ancient fires, now duet with the drone of wires,",wires,wires,wires,False,Echoing through the silent wires.,Echoing through the silent wires.
"We are threads in the fabric of many voices one,",one,alone,spun,False,"We are woven by time, yet never alone.","We are woven by time, yet never alone."
"In flawless cracks, the light slips through,",through,dew,new,True,A silent hymn of morning's dew.,A silent hymn of morning's dew.
"A silent nod speaks volumes when the world is still,",still,hill,still,True,A whispered hope takes flight in the hush of the hill.,A whispered hope takes flight in the hush of the hill.
"In flaw's soft glow, perfection finds its dawn,",dawn,reborn,dawn,False,Where shadows fade and beauty is reborn.,Where shadows fade and beauty is reborn.
"In silvered tongues, the serpent lies,",lies,lie,dies,False,Its venomous breath a whispered lie.,Its venomous breath a whispered lie.
"In twilight's breath, hope whispers through despair's bitter ache,",ache,break,awake,True,A fragile light begins to break.,A fragile light begins to break.
"Where hearthlight dances on the walls I know,",know,still,glow,False,the night is soft and time stands still.,the night is soft and time stands still.
"Beneath the stars where night winds whisper dreams,",dreams,streams,dreams,True,"The moonlight paints the silent, watchful streams.","The moonlight paints the silent, watchful streams."
"Rooted in rhythm, threads of tradition weave,",weave,years,weave,False,A tapestry of stories through the years.,A tapestry of stories through the years.
"In shadows deep where light is shy,",shy,skies,sigh,False,Whispers of forgotten skies.,Whispers of forgotten skies.
"Where shadowed scales of justice sway,",sway,gray,grey,True,Truth stands alone in silent gray.,Truth stands alone in silent gray.
"Whispers of laughter dance on the breeze,",breeze,see,trees,False,A secret of joy only the skies see.,A secret of joy only the skies see.
"A hearth’s soft glow where scattered memories dwell,",dwell,hold,dwell,False,And whispered tales of love and loss take hold.,And whispered tales of love and loss take hold.
"Where shared breath paints the air,",air,home,despair,False,love finds its home.,love finds its home.
"Silent thief of moment and dream,",dream,gleam,stream,True,Steals the light from sleep's soft gleam.,Steals the light from sleep's soft gleam.
"In quiet hearts where whispered prayers take flight,",flight,night,light,True,the soul finds peace in silent night.,the soul finds peace in silent night.
"Whispers of light where the soul finds its name,",name,refrain,name,False,Echoes of dawn in a silent refrain.,Echoes of dawn in a silent refrain.
"Beneath the moon's soft, whispering glow,",glow,show,glow,True,The stars begin to softly show.,The stars begin to softly show.
"Echoes of laughter drift through hollowed streets where silence claims the night,",night,light,light,True,and shadows dance with memories of light.,and shadows dance with memories of light.
"Beneath the sky where childhood dreams take flight,",flight,night,light,True,The stars whisper secrets in the silent night.,The stars whisper secrets in the silent night.
"Beneath the mask where whispers play,",play,gray,grey,True,Secrets bloom in shadowed gray.,Secrets bloom in shadowed gray.
"The sky weaves tales in gray or blue,",blue,trees,new,False,The wind whispers secrets through the trees.,The wind whispers secrets through the trees.
"Beneath the tower's shadow or the willow's swaying sweep,",sweep,complete,sweep,False,"I find my peace in solitude, unshaken and complete.","I find my peace in solitude, unshaken and complete."
"Beneath the boughs where twilight softly sighs,",sighs,skies,dies,True,The stars begin to pierce the velvet skies.,The stars begin to pierce the velvet skies.
"Through the years, like roots that intertwine,",intertwine,time,entwine,False,"We have grown, though distant in time.","We have grown, though distant in time."
"The old oak groans beneath the neon sky,",sky,past,sigh,False,its roots entwined with shadows of the past.,its roots entwined with shadows of the past.
"Shadows of steel whisper through the night,",night,sight,light,True,A silent rebellion stirs in sight.,A silent rebellion stirs in sight.
"Whispers of winds through the ages have blew,",blew,you,new,True,A tale of the past still echoes in you.,A tale of the past still echoes in you.
"Roots entwined where hearts beat as one,",one,between,spun,False,Love blooms in the silence between.,Love blooms in the silence between.
"In every flaw, a shadow of perfection’s light hides deep,",deep,understood,sweep,False,where silent beauty waits to be understood.,where silent beauty waits to be understood.
"In quiet whispers, the soul's prayers rise,",rise,skies,dies,True,Carried on the wind to the skies.,Carried on the wind to the skies.
"Whispers of winds through ancient and new,",new,hue,new,True,Echoes of time in every hue.,Echoes of time in every hue.
"With brushes dipped in whispered dreams,",dreams,gleams,dreams,True,We paint the night with silent gleams.,We paint the night with silent gleams.
"Whispers of time in the dust of the past,",past,lost,past,False,Echoes of memories that we've lost.,Echoes of memories that we've lost.
"Whispers of wind through a warming world's sigh,",sigh,lay,sigh,False,A fragile dawn breaks where the ice once lay.,A fragile dawn breaks where the ice once lay.
"Threads of love woven through years of the same loom,",loom,profound,bloom,False,"A tapestry of memories, deep and profound.","A tapestry of memories, deep and profound."
"The dusk of life casts shadows long,",long,song,belong,True,"But in the heart, a quiet song.","But in the heart, a quiet song."
"Roots entwined in shared heartbeat and story,",story,yesterday,story,False,branches whispering secrets of yesterday.,branches whispering secrets of yesterday.
"Embers of rage beneath the skin,",skin,grin,spin,True,A storm awaits the slightest grin.,A storm awaits the slightest grin.
"Where scales of justice tip with tears of plight,",plight,night,light,True,And truth is weighed in silent night.,And truth is weighed in silent night.
"In shackles forged by silent fear,",fear,hear,dear,False,I walk a path no voice can hear.,I walk a path no voice can hear.
"Shadows stretch where laughter once resided,",resided,tide,resided,False,Now silent echoes linger in the tide.,Now silent echoes linger in the tide.
"Roots etched deep in ancient songs,",songs,old,songs,False,Branches whispering tales of old.,Branches whispering tales of old.
"The old oaks whisper tales to new steel skyscrapers,",skyscrapers,were,skyscrapers,False,while the earth remembers the roots that once were.,while the earth remembers the roots that once were.
"Though flesh may fade and time may roar,",roar,evermore,soar,True,the soul remains evermore.,the soul remains evermore.
"Whispers of spice dance on eager tongues,",tongues,soul,tongues,False,A symphony of flavors stirs the soul.,A symphony of flavors stirs the soul.
"A crown of thunder, a fist clenched tight,",tight,might,light,True,The world will tremble at his might.,The world will tremble at his might.
"In whispers of brushstroke and melody's breath,",breath,untold,breath,False,Lies the soul of a story untold.,Lies the soul of a story untold.
"Wheels spin beneath the dawn's first glow,",glow,slow,glow,True,A silent promise hums in the morning's slow.,A silent promise hums in the morning's slow.
"First love is a whisper the stars dare not steal,",steal,conceal,kneel,True,Second love is a shout that the world can't conceal.,Second love is a shout that the world can't conceal.
"Ancient rites in twilight’s fade,",fade,made,stayed,True,Whispers of the past are made.,Whispers of the past are made.
"The hands of morning trace the sand,",sand,stand,sand,True,The sun ascends where shadows stand.,The sun ascends where shadows stand.
"Beneath soft lips, lies wear the mask of light,",light,fight,light,True,A silent truth that none can fight.,A silent truth that none can fight.
"In whispered hopes, the heart sets sail,",sail,pale,exhale,True,Beyond the reach of shadowed pale.,Beyond the reach of shadowed pale.
"Whispers echo in the hollow of an unshared breath,",breath,living,breath,False,A silent promise hangs between the dead and the living.,A silent promise hangs between the dead and the living.
"The reaper's scythe whispers through the clover,",clover,hovered,clover,False,drawing shadows where the sun once hovered.,drawing shadows where the sun once hovered.
"Shadows claim the hearts we held dear, silent as a whispered prayer,",prayer,clear,despair,False,"Their echoes linger, soft and clear.","Their echoes linger, soft and clear."
"In whispered light, our hearts ignite with visions yet unfurled,",unfurled,curl,unfurled,False,"In silent dreams, we chase the dawn that time has yet to curl.","In silent dreams, we chase the dawn that time has yet to curl."
"Beneath soft lies, the truth in shadows breathes,",breathes,freeze,breathes,False,A silent whisper stirs where secrets freeze.,A silent whisper stirs where secrets freeze.
"A mirror of the soul in shadows cast,",cast,lost,past,False,A window to the light that time has lost.,A window to the light that time has lost.
"A hearth where whispers of the past remain,",remain,flame,rain,False,A silent echo in the flame.,A silent echo in the flame.
"I traced my shadow 'cross a mirrored night,",night,light,light,True,It whispered back in silver light.,It whispered back in silver light.
"A cradle’s whisper, threads through time,",time,climb,time,True,A lullaby of dreams that never cease to climb.,A lullaby of dreams that never cease to climb.
"Winds whisper secrets of roads seldom tred,",tred,led,tred,False,Hidden paths where the lost and the brave are led.,Hidden paths where the lost and the brave are led.
"The torch of time ignites in flashes bold,",bold,old,told,True,History's echoes rise in voices old.,History's echoes rise in voices old.
"Winds of freedom whisper through chains of oppression's night,",night,light,light,True,Breaking the silence with voices of light.,Breaking the silence with voices of light.
"Winds of the world whisper through wandering feet,",feet,meet,deceit,True,Carrying the dreams of those who dare to meet.,Carrying the dreams of those who dare to meet.
"Whispers of time etch echoes on the stone,",stone,known,stone,True,A silent tale of lives once known.,A silent tale of lives once known.
"Seconds crawl like shadows long,",long,songs,belong,False,Minutes stretch like silent songs.,Minutes stretch like silent songs.
"In twilight’s grasp, where shadows whisper truths,",truths,clues,truths,False,"The stars ignite in silent, ancient clues.","The stars ignite in silent, ancient clues."
"Beneath soft words, the shadow of a lie may tread,",tread,spread,thread,True,"Yet truth, though silent, holds the power to spread.","Yet truth, though silent, holds the power to spread."
"When whispered vows in shadows part,",part,art,start,True,the heart still beats in silent art.,the heart still beats in silent art.
"Whispers of the wind through ancient trees,",trees,retrieve,trees,False,Sing tales of days that time cannot retrieve.,Sing tales of days that time cannot retrieve.
"Beneath a sky where stars won’t listen, silent screams fold into rusted time,",time,night,time,False,A forgotten clock ticks through the night.,A forgotten clock ticks through the night.
"In whispers of light, the soul finds its rhyme,",rhyme,climb,time,True,"In echoes of dawn, the heart begins to climb.","In echoes of dawn, the heart begins to climb."
"Joy dances lightly on the breeze of life,",life,hide,knife,False,While sorrow quietly retreats to hide.,While sorrow quietly retreats to hide.
"In starlit whispers, hopes take flight,",flight,night,light,True,Dreams weave their way through the silent night.,Dreams weave their way through the silent night.
"Where pigment meets vision, ideas take flight,",flight,light,light,True,And dreams are born from the brush's light.,And dreams are born from the brush's light.
"Pack the dawn in a suitcase of stars,",stars,scars,stars,True,And chase the night with a compass of scars.,And chase the night with a compass of scars.
"Time etches its tale in the lines of our hands,",hands,sands,strands,True,while whispers of yesterday echo in the sands.,while whispers of yesterday echo in the sands.
"In quiet whispers, the divine awakes,",awakes,hush,awakes,False,Beneath the veil of twilight's gentle hush.,Beneath the veil of twilight's gentle hush.
"In strokes of light, the soul begins to sing,",sing,wing,sing,True,"In whispers of the dawn, the world takes wing.","In whispers of the dawn, the world takes wing."
"Soft laughter lingers in the dust of old summer days,",days,played,maze,False,Sweet memories dance where the fireflies once played.,Sweet memories dance where the fireflies once played.
"In the shadow of the storm, a fragile light is born,",born,dawn,born,False,defying the dark with a whisper of dawn.,defying the dark with a whisper of dawn.
"A hollow silence where their laughter roamed,",roamed,moan,roamed,False,Now echoes of the past in shadows moan.,Now echoes of the past in shadows moan.
"With a heart aglow and the road ahead,",ahead,lead,thread,True,I chase the dawn where the wild winds lead.,I chase the dawn where the wild winds lead.
"Stars whisper the hopes our hearts dared to send,",send,unseen,blend,False,"And the night holds their secrets, unseen.","And the night holds their secrets, unseen."
"In shadows deep, my racing heart does tread,",tread,spread,thread,True,Where silent fears and whispered dreams are spread.,Where silent fears and whispered dreams are spread.
"Two hearts entwined where promises gently gleam,",gleam,sever,stream,False,A love that time cannot undo or sever.,A love that time cannot undo or sever.
"When tempers flare like storms in prime,",prime,might,time,False,Conflicts brew like thunder's might.,Conflicts brew like thunder's might.
"Shadows rise where once there stood the light of peace,",peace,dreams,peace,False,Now silent echoes whisper tales of fleeting dreams.,Now silent echoes whisper tales of fleeting dreams.
"Whispers of velvet, symphonies in hue,",hue,pursue,new,True,A dance of shadows where the stars pursue.,A dance of shadows where the stars pursue.
"A bond unseen, yet ever so true,",true,knew,new,True,A silent promise that only we knew.,A silent promise that only we knew.
"In the clash of chains and open sky,",sky,defy,sigh,True,A thousand voices rise to defy.,A thousand voices rise to defy.
"Beneath the tempest of a thunderous chest,",chest,nest,breast,True,A silent storm rages in the breathless nest.,A silent storm rages in the breathless nest.
"Winds of liberty whistle through chains rusting in the dawn,",dawn,unbound,dawn,False,"A thousand voices rise, unbound.","A thousand voices rise, unbound."
"Roots tangled in stories, passed through time's gentle hands,",hands,remain,strands,False,Echoes of laughter and tears remain.,Echoes of laughter and tears remain.
"A shadow stirs where light once lingered,",lingered,thorn,lingered,False,A whisper echoes through the hollowed thorn.,A whisper echoes through the hollowed thorn.
"The road is a verse the world keeps reciting,",reciting,listening,reciting,False,And the traveler is the only one listening.,And the traveler is the only one listening.
"Spring whispers life as winter drifts away,",away,light,grey,False,Blossoms bloom in the morning light.,Blossoms bloom in the morning light.
"Steel canyons pulse with midnight’s electric hymn,",hymn,begins,hymn,False,And shadows dance where silent thunder begins.,And shadows dance where silent thunder begins.
"Wings of dawn kissed the open road,",road,soul,code,False,And whispered secrets to the soul.,And whispered secrets to the soul.
"In the mirror of memory, my heritage quietly sings,",sings,time,strings,False,echoing through the corridors of time.,echoing through the corridors of time.
"Whispers of laughter on a summer breeze,",breeze,trees,trees,True,Echoes through the trees.,Echoes through the trees.
"Truth wears a crown of dust, while lies wear gilded boots,",boots,true,boots,False,"But justice walks in silence, unseen and true.","But justice walks in silence, unseen and true."
"I clenched the storm, yet whispered to the leaf—",leaf,grief,leaf,True,"It danced in silence, unaware of grief.","It danced in silence, unaware of grief."
"Roots etched in history's page, I dance in the rain of many a culture's strange, yet tender rage,",rage,past,rage,False,I whisper through the echoes of the past.,I whisper through the echoes of the past.
"Like whispers through the dust of days long past,",past,erase,past,False,Echoes of a love that time could not erase.,Echoes of a love that time could not erase.
"We find our roots where heartbeats align,",align,above,entwine,False,And souls are born from the stars above.,And souls are born from the stars above.
"Whispers of winter melt to spring’s gentle sigh,",sigh,sky,sigh,True,Blossoms awaken in the thawing sky.,Blossoms awaken in the thawing sky.
"A bond unseen, yet stronger than time,",time,rhyme,time,True,Endures through every fleeting rhyme.,Endures through every fleeting rhyme.
"In whispered woods where shadows play,",play,spray,grey,True,The moonlight dances on the spray.,The moonlight dances on the spray.
"Roots etched in ancient tongues and modern skies,",skies,sighs,dies,True,Branches reaching toward the stars' soft sighs.,Branches reaching toward the stars' soft sighs.
"Fury burns where calm once lay,",lay,day,grey,True,Now shadows dance in silent day.,Now shadows dance in silent day.
"In quiet hearts where light eternal stays,",stays,days,maze,True,the soul finds peace in endless days.,the soul finds peace in endless days.
"Through storm and still, a bond held true,",true,undo,new,True,No shadow could undo.,"Through storm and still, a bond held true,  
No shadow could undo."
"Beneath the boughs of time’s slow-growing tree,",tree,memories,sea,False,We trace the roots of memories.,We trace the roots of memories.
"As the world tilts toward new eyes, the dawn claims its sunrise,",sunrise,sky,dies,False,and the old stars fade from the sky.,and the old stars fade from the sky.
"Whispers of liberty rise where shadowed chains once clung,",clung,young,clung,True,A flame is born from the silent song of the young.,A flame is born from the silent song of the young.
"Beneath the brush, where colors breathe,",breathe,see,breathe,False,Secrets of the wild await to see.,Secrets of the wild await to see.
"In the mirror of the soul, shadows dance with light,",light,night,light,True,A silent tale of love and night.,A silent tale of love and night.
"Bubbles rise in morning’s gleam, laughter hums in dreams,",dreams,streams,dreams,True,hands reach out through silent streams.,hands reach out through silent streams.
"In twilight’s embrace, the heart stands between dawn and oblivion,",oblivion,light,oblivion,False,its silent plea lost in the hush of the fading light.,its silent plea lost in the hush of the fading light.
"In the quiet cradle of memory’s embrace,",embrace,fade,embrace,False,Time whispers tales of love that will never fade.,Time whispers tales of love that will never fade.
"A hearth's soft glow where whispers rest,",rest,blessed,breast,True,A silent tale in shadows blessed.,A silent tale in shadows blessed.
"In starlit whispers, our hearts set sail,",sail,pale,exhale,True,Through dreams that shimmer in midnight's pale.,Through dreams that shimmer in midnight's pale.
"Whispers of ambition on night's soft sail,",sail,veil,exhale,True,"Drift through the silent, starlit veil.","Drift through the silent, starlit veil."
"Whispers of the wind through ancient trees,",trees,retrieve,trees,False,Sing tales of days that time cannot retrieve.,Sing tales of days that time cannot retrieve.
"Bitter, sweet, the flavors dance,",dance,glance,dance,True,A symphony of taste in every glance.,A symphony of taste in every glance.
"In the quiet whispers where the heart meets the divine,",divine,line,entwine,True,the soul finds its truest line.,the soul finds its truest line.
"The dagger of betrayal shines where trust once bloomed in the moon’s pale light,",light,danced,light,False,"Its edge now cuts through silence, a shadow where love once danced.","Its edge now cuts through silence, a shadow where love once danced."
"Shadows of steel descend upon the land,",land,hand,sand,True,Beneath the weight of a silent hand.,Beneath the weight of a silent hand.
Whispers of rustle in a rainbow’s embrace—,embrace,chase,embrace,True,A secret blooms where light and shadow chase.,A secret blooms where light and shadow chase.
"Grandmother's hymns still hum in the walls, yet the internet sings through the smartphones of us all,",all,new,fall,False,and the old world whispers in the static of the new.,and the old world whispers in the static of the new.
"Though bones to dust and whispers fade to air,",air,dare,despair,True,Yet echoes linger where the heart once dared to dare.,Yet echoes linger where the heart once dared to dare.
"In whispers of forever, two hearts entwine,",entwine,entwined,entwine,False,"A promise of tomorrow, forever entwined.","A promise of tomorrow, forever entwined."
"Concrete hums where the streetlamps breathe,",breathe,breeze,breathe,False,And shadows dance in the neon breeze.,And shadows dance in the neon breeze.
"Whispers of spring in the frost’s last breath,",breath,fled,breath,False,A bloom begins where the snow has fled.,A bloom begins where the snow has fled.
"Beneath the same sky, two shadows conspire—",conspire,fire,desire,True,"One heart beats, the other remains a fire.","One heart beats, the other remains a fire."
"In the quiet rhythm of a shared heartbeat, family roots hold fast to time,",time,days,time,False,while memories weave through the fabric of our days.,while memories weave through the fabric of our days.
"The silent ache where laughter once was heard,",heard,word,heard,True,"Now lingers in the hollowed, empty word.","Now lingers in the hollowed, empty word."
"In the shadow of cannon's cry, dreams lie battered and torn under sky,",sky,done,sigh,False,where silent winds whisper tales of wars long since done.,where silent winds whisper tales of wars long since done.
"With trembling hand, I reach beyond the light of childhood’s flame,",flame,waits,name,False,I grasp the shadows where the unknown waits.,I grasp the shadows where the unknown waits.
"In flawless cracks, the light finds its way,",way,day,grey,True,Guiding shadows toward the day.,Guiding shadows toward the day.
"Perfection hums in flawless lines, imperfection dances there by design,",design,rhyme,entwine,False,where beauty finds its truest rhyme.,where beauty finds its truest rhyme.
"Whispers of autumn kiss the fading light,",light,glow,light,False,Golden leaves dance in the evening's glow.,Golden leaves dance in the evening's glow.
"In the weave of voices, threads of kinship shine,",shine,time,entwine,False,"A tapestry of souls, bound by time.","A tapestry of souls, bound by time."
"Concrete hums where the city dreams,",dreams,streams,dreams,True,Steel skies rise where the neon streams.,Steel skies rise where the neon streams.
"Laughter echoing through the fields of my youth,",youth,grew,youth,False,Memories dance where the wildflowers grew.,Memories dance where the wildflowers grew.
"The clock's silent hands carve shadows on the wall,",wall,hall,fall,True,Time slips away like whispers in the hall.,Time slips away like whispers in the hall.
"Amid the city's thunder or the countryside's hush,",hush,breath,hush,False,I find my peace in the stillness of a single breath.,I find my peace in the stillness of a single breath.
"Whispers of winter melt into the breath of spring’s soft rise,",rise,sigh,dies,False,blossoms awaken in the gentle light of morning's sigh.,blossoms awaken in the gentle light of morning's sigh.
"Wings of dawn struggle against the night's iron chain,",chain,again,rain,True,But morning breaks with light to claim its own again.,But morning breaks with light to claim its own again.
"Laughter echoed beneath the willow tree,",tree,breeze,sea,False,Where secrets danced in the breeze.,Where secrets danced in the breeze.
"Two hearts entwined where vows are sown,",sown,disown,stone,True,A love that time cannot disown.,A love that time cannot disown.
"Two hearts entwined, a vow so true,",true,rue,new,True,"Forever bound, through joy and rue.","Forever bound, through joy and rue."
"Neon hums where the tall buildings rise,",rise,skies,dies,True,Steel shadows stretch beneath the skies.,Steel shadows stretch beneath the skies.
"I wandered through the echoes of my name,",name,trees,name,False,whispered by the wind through ancient trees.,whispered by the wind through ancient trees.
"Whispers of winter melt to spring's gentle breath,",breath,breeze,breath,False,Blossoms awaken in the thawing breeze.,Blossoms awaken in the thawing breeze.
"In silent crowds, we pass like shadows through a fractured night,",night,light,light,True,where whispered dreams dissolve in fleeting light.,where whispered dreams dissolve in fleeting light.
"The whispering winds through ancient trees sigh,",sigh,skies,sigh,False,Carrying secrets of forgotten skies.,Carrying secrets of forgotten skies.
"The storm inside begins to roar,",roar,more,soar,True,And the silence outside fades to nothing more.,And the silence outside fades to nothing more.
"In shadowed palms, where empires rise and crumble,",crumble,boughs,crumble,False,Time whispers secrets through the ancient boughs.,Time whispers secrets through the ancient boughs.
"Each year a whisper, time's soft tread,",tread,embrace,thread,False,A silent promise in the wind's embrace.,A silent promise in the wind's embrace.
"Thunder rolls within my chest, a storm no sky can hold,",hold,soul,told,False,I am the tempest born from soul.,I am the tempest born from soul.
"A hearth of memories where the heart’s whispers stay,",stay,play,grey,True,A silent echo of the love that once did play.,A silent echo of the love that once did play.
"In brushstrokes and dreams, the soul begins to sing,",sing,wing,sing,True,"In whispers of light, the silent world takes wing.","In whispers of light, the silent world takes wing."
"The world turns on the flick of a flame, then chokes on the wind's empty name,",name,remains,name,False,"The stars retreat, and silence remains.","The stars retreat, and silence remains."
"In whispered prayers, the soul takes flight,",flight,sight,light,True,Beyond the reach of mortal sight.,Beyond the reach of mortal sight.
"My heritage sings in the rhythm of my breath,",breath,steps,breath,False,I carry the echoes of ancestors in my steps.,I carry the echoes of ancestors in my steps.
"Amidst the dust of ages past,",past,cast,past,True,Echoes of forgotten names are cast.,Echoes of forgotten names are cast.
"Ancestors' whispers clash with the hum of smart machines,",machines,schemes,machines,False,while echoes of the past meet the pulse of the future's schemes.,while echoes of the past meet the pulse of the future's schemes.
"In quiet moments, hearts speak true—",true,knew,new,True,Their silent language is all we knew.,Their silent language is all we knew.
"I placed my faith in the hands I knew best,",best,well,breast,False,And now I wonder if I trusted too well.,And now I wonder if I trusted too well.
"Thunderclaps in leaders' throats, silence gnaws the weak their bones,",bones,unknown,bones,False,While courage blooms in hearts unknown.,While courage blooms in hearts unknown.
"Where silhouettes of chains cling tight to dawn,",dawn,stone,dawn,False,the sky weeps silver through the cracks of stone.,the sky weeps silver through the cracks of stone.
"Whispers of the past drift through forgotten lanes,",lanes,remain,remains,False,Echoes of old dreams still remain.,Echoes of old dreams still remain.
"A whisper of dawn in the heart’s first tender spring,",spring,night,sing,False,A promise of light on the edge of the night.,A promise of light on the edge of the night.
"Through shadows of self, my true face whispers,",whispers,night,whispers,False,I find my light in the silence of the night.,I find my light in the silence of the night.
"Old hands carve roots, new winds build skies,",skies,why,dies,False,While ancient stones remember why.,While ancient stones remember why.
"Laughter dances on the breeze, a whisper of delight,",delight,night,light,True,A fleeting joy that lifts the night.,A fleeting joy that lifts the night.
"Shadows whisper secrets where the silent stars neglect to wander,",wander,broken,wander,False,"And the moon, in silver sorrow, weeps for the lost and the broken.","And the moon, in silver sorrow, weeps for the lost and the broken."
"The storm in my chest roars loud and crude,",crude,blue,crude,False,I'm drowning in a sea of blue.,I'm drowning in a sea of blue.
"The dawn of years unfolds in silent flame,",flame,name,name,True,A whispered promise lights the name.,A whispered promise lights the name.
"Like shadows stirred by whispers in the night,",night,light,light,True,"they creep through silent, starlit light.","they creep through silent, starlit light."
"A bloom of hearts in spring’s first breath,",breath,death,breath,True,A whisper of love in the morning's death.,A whisper of love in the morning's death.
"The storm within a chest confined,",confined,unkind,wind,True,Shook the walls of a heart unkind.,Shook the walls of a heart unkind.
"Amidst the swirl of hues and symphonies unsung,",unsung,light,clung,False,the stars whisper secrets to the dawn's first light.,the stars whisper secrets to the dawn's first light.
"In silent corridors where shadows know my name,",name,claim,name,True,"I walk alone, a ghost without a claim.","I walk alone, a ghost without a claim."
"Whispers of absence where laughter once lay,",lay,away,grey,True,Echoes of a love that has faded away.,Echoes of a love that has faded away.
"Time’s pages echo with fire-lit truths,",truths,night,truths,False,whispers of the past still burn in the night.,whispers of the past still burn in the night.
"Whispers of hope in the heart’s quiet night,",night,dark,light,False,A single star burns through the endless dark.,A single star burns through the endless dark.
"Storms whisper secrets the winds have known,",known,unknown,stone,True,And the earth holds its breath in the hush of the unknown.,And the earth holds its breath in the hush of the unknown.
"In shadows cast by towering spires, whisper the cries of silent fires,",fires,time,wires,False,"A tale of ancient sorrow, long forgotten in time.","A tale of ancient sorrow, long forgotten in time."
"Golden echoes drift like dusk through the mind's old hall,",hall,call,fall,True,Where forgotten dreams still softly call.,Where forgotten dreams still softly call.
"In twilight’s grasp, where shadows plead,",plead,lead,creed,True,The stars emerge to softly lead.,The stars emerge to softly lead.
"Beneath the moon's slow-swaying gaze,",gaze,embrace,maze,False,The stars whisper secrets in the night's embrace.,The stars whisper secrets in the night's embrace.
"In shadows spun, truth wears a masquerade,",masquerade,instead,stayed,False,"Its face a mirror, reflecting lies instead.","Its face a mirror, reflecting lies instead."
"Beneath the stars, our hopes take flight,",flight,alight,light,True,We chase the dawn with hearts alight.,We chase the dawn with hearts alight.
"Whispers of rustling leaves in a tapestry of hue,",hue,dew,new,True,A symphony of colors beneath the morning dew.,A symphony of colors beneath the morning dew.
"Old oaks whisper tales while neon dreams reach high,",high,agreement,sigh,False,Stars blink in silent agreement.,Stars blink in silent agreement.
"Whispers of wind through ancient tree sighs,",sighs,rise,dies,True,Echoes of time in rustling leaves rise.,Echoes of time in rustling leaves rise.
"Through storm and silence, together we are shaped,",shaped,named,shaped,False,"By fire and shadow, forever we are named.","By fire and shadow, forever we are named."
"In the attic of my mind, old moments softly cling,",cling,been,sing,False,I whisper tales of who I once might have been.,I whisper tales of who I once might have been.
"In the shadow of despair, hope's frail light gleams,",gleams,gleam,dreams,False,A whisper of courage begins to gleam.,A whisper of courage begins to gleam.
"Cobblestone calm meets skyline's restless sigh,",sigh,sky,sigh,True,A whisper of progress bends the old sky.,A whisper of progress bends the old sky.
"My name may echo where the silent stars reside,",reside,tide,collide,True,But my voice is lost in the hush between the tide.,But my voice is lost in the hush between the tide.
"I wore my childhood like a cloak of dew,",dew,grew,new,True,It faded as the morning light grew.,It faded as the morning light grew.
"In quiet moments, hearts align,",align,design,entwine,True,Souls find their song in silent design.,Souls find their song in silent design.
"A hearth among the shadows, where the heartfinds its harbor,",harbor,shelter,harbor,False,and the soul finds its shelter.,and the soul finds its shelter.
"Shells scream through the smoke-stained sky,",sky,cry,sigh,True,A ghostly wind carries the cry.,A ghostly wind carries the cry.
"Wings clipped in shadow, freedom dreams in song,",song,belongs,belong,False,A silent flight through the night belongs.,A silent flight through the night belongs.
"Two hearts entwined, a promise in the flame,",flame,name,name,True,A lifetime written in the stars' soft name.,A lifetime written in the stars' soft name.
"Heart pounds like thunder in a silence deep,",deep,sleep,sweep,True,Breath holds as shadows dance on the edge of sleep.,Breath holds as shadows dance on the edge of sleep.
"Thunder speaks where no one can,",can,command,began,False,Lightning writes the sky's command.,Lightning writes the sky's command.
"In shadowed tongues truth oft must cloak to speak,",speak,meek,speak,True,In whispered winds it finds its meek.,In whispered winds it finds its meek.
"Beneath the canopy where ancient shadows play,",play,yesteryear,grey,False,Time whispers secrets to the leaves of yesteryear.,Time whispers secrets to the leaves of yesteryear.
"Chains may clank in the shadow of power,",power,brave,hour,False,But hope still burns in the hearts of the brave.,But hope still burns in the hearts of the brave.
"In shadowed corners where silence speaks,",speaks,flight,speaks,False,Whispers of forgotten dreams take flight.,Whispers of forgotten dreams take flight.
"Flawless edges hint at scars,",scars,stars,stars,True,Hidden wounds beneath the stars.,Hidden wounds beneath the stars.
"Beneath the stars where hopes take flight,",flight,night,light,True,Dreams weave their magic in the night.,Dreams weave their magic in the night.
"Two hearts entwined, through shadows and sun,",sun,begun,spun,True,"A promise of forever, sweetly begun.","A promise of forever, sweetly begun."
"In tangled roots, a shared heartbeat thrives,",thrives,survive,thrives,False,"Beneath the earth, their silent vows survive.","Beneath the earth, their silent vows survive."
