variable,op1,op2,n1,n2,n3,intermediate,answer,eq1,eq2,eqfull
i,-,-,7,1,3,6,3,i=7-1,i-3=,i=7-1. i-3=
m,*,*,7,9,1,63,63,m=7*9,m*1=,m=7*9. m*1=
o,*,//,1,4,6,4,0,o=1*4,o//6=,o=1*4. o//6=
m,//,+,9,8,5,1,6,m=9//8,m+5=,m=9//8. m+5=
v,+,+,7,9,5,16,21,v=7+9,v+5=,v=7+9. v+5=
b,//,//,2,6,7,0,0,b=2//6,b//7=,b=2//6. b//7=
d,-,-,6,4,9,2,-7,d=6-4,d-9=,d=6-4. d-9=
i,*,-,3,9,7,27,20,i=3*9,i-7=,i=3*9. i-7=
s,+,+,4,9,8,13,21,s=4+9,s+8=,s=4+9. s+8=
r,//,+,1,8,6,0,6,r=1//8,r+6=,r=1//8. r+6=
f,//,//,8,7,8,1,0,f=8//7,f//8=,f=8//7. f//8=
e,-,-,2,6,1,-4,-5,e=2-6,e-1=,e=2-6. e-1=
a,+,//,9,6,9,15,1,a=9+6,a//9=,a=9+6. a//9=
b,//,*,4,8,7,0,0,b=4//8,b*7=,b=4//8. b*7=
y,*,+,6,4,4,24,28,y=6*4,y+4=,y=6*4. y+4=
h,+,//,7,4,1,11,11,h=7+4,h//1=,h=7+4. h//1=
g,+,//,9,9,9,18,2,g=9+9,g//9=,g=9+9. g//9=
f,//,+,2,4,5,0,5,f=2//4,f+5=,f=2//4. f+5=
a,*,+,8,6,1,48,49,a=8*6,a+1=,a=8*6. a+1=
r,+,-,1,4,6,5,-1,r=1+4,r-6=,r=1+4. r-6=
x,//,//,8,7,2,1,0,x=8//7,x//2=,x=8//7. x//2=
n,+,*,4,3,7,7,49,n=4+3,n*7=,n=4+3. n*7=
x,//,-,6,7,2,0,-2,x=6//7,x-2=,x=6//7. x-2=
b,//,-,5,7,6,0,-6,b=5//7,b-6=,b=5//7. b-6=
p,+,*,5,3,2,8,16,p=5+3,p*2=,p=5+3. p*2=
h,-,*,1,3,5,-2,-10,h=1-3,h*5=,h=1-3. h*5=
g,//,//,9,9,8,1,0,g=9//9,g//8=,g=9//9. g//8=
j,//,//,8,2,7,4,0,j=8//2,j//7=,j=8//2. j//7=
n,//,*,5,8,2,0,0,n=5//8,n*2=,n=5//8. n*2=
o,*,*,8,9,8,72,576,o=8*9,o*8=,o=8*9. o*8=
j,+,*,1,3,2,4,8,j=1+3,j*2=,j=1+3. j*2=
y,//,-,9,8,2,1,-1,y=9//8,y-2=,y=9//8. y-2=
n,*,//,7,6,3,42,14,n=7*6,n//3=,n=7*6. n//3=
q,-,-,2,5,8,-3,-11,q=2-5,q-8=,q=2-5. q-8=
p,+,+,4,3,3,7,10,p=4+3,p+3=,p=4+3. p+3=
x,+,+,1,4,2,5,7,x=1+4,x+2=,x=1+4. x+2=
n,-,-,9,4,4,5,1,n=9-4,n-4=,n=9-4. n-4=
x,//,//,7,6,4,1,0,x=7//6,x//4=,x=7//6. x//4=
k,-,+,4,6,3,-2,1,k=4-6,k+3=,k=4-6. k+3=
j,//,+,8,5,9,1,10,j=8//5,j+9=,j=8//5. j+9=
w,*,//,4,9,8,36,4,w=4*9,w//8=,w=4*9. w//8=
x,*,+,7,2,7,14,21,x=7*2,x+7=,x=7*2. x+7=
f,//,*,1,8,2,0,0,f=1//8,f*2=,f=1//8. f*2=
o,-,//,8,4,2,4,2,o=8-4,o//2=,o=8-4. o//2=
m,-,-,9,9,2,0,-2,m=9-9,m-2=,m=9-9. m-2=
q,//,//,4,2,3,2,0,q=4//2,q//3=,q=4//2. q//3=
j,-,+,2,8,3,-6,-3,j=2-8,j+3=,j=2-8. j+3=
n,*,*,6,2,2,12,24,n=6*2,n*2=,n=6*2. n*2=
e,+,-,1,4,1,5,4,e=1+4,e-1=,e=1+4. e-1=
j,*,//,9,6,1,54,54,j=9*6,j//1=,j=9*6. j//1=
r,//,+,5,4,4,1,5,r=5//4,r+4=,r=5//4. r+4=
z,*,*,9,1,1,9,9,z=9*1,z*1=,z=9*1. z*1=
m,*,//,9,9,7,81,11,m=9*9,m//7=,m=9*9. m//7=
a,//,-,2,5,8,0,-8,a=2//5,a-8=,a=2//5. a-8=
p,//,*,4,3,5,1,5,p=4//3,p*5=,p=4//3. p*5=
q,*,-,3,8,6,24,18,q=3*8,q-6=,q=3*8. q-6=
v,//,*,1,1,2,1,2,v=1//1,v*2=,v=1//1. v*2=
e,//,-,2,9,5,0,-5,e=2//9,e-5=,e=2//9. e-5=
s,//,-,5,4,5,1,-4,s=5//4,s-5=,s=5//4. s-5=
j,*,+,4,5,6,20,26,j=4*5,j+6=,j=4*5. j+6=
a,+,//,1,4,4,5,1,a=1+4,a//4=,a=1+4. a//4=
z,+,*,8,1,9,9,81,z=8+1,z*9=,z=8+1. z*9=
q,//,+,9,2,5,4,9,q=9//2,q+5=,q=9//2. q+5=
q,-,-,8,2,6,6,0,q=8-2,q-6=,q=8-2. q-6=
l,*,*,9,3,9,27,243,l=9*3,l*9=,l=9*3. l*9=
p,//,*,3,5,2,0,0,p=3//5,p*2=,p=3//5. p*2=
q,*,//,8,5,9,40,4,q=8*5,q//9=,q=8*5. q//9=
t,+,*,4,6,1,10,10,t=4+6,t*1=,t=4+6. t*1=
f,+,+,9,5,3,14,17,f=9+5,f+3=,f=9+5. f+3=
k,+,-,1,4,4,5,1,k=1+4,k-4=,k=1+4. k-4=
v,+,//,3,2,2,5,2,v=3+2,v//2=,v=3+2. v//2=
i,+,+,2,8,2,10,12,i=2+8,i+2=,i=2+8. i+2=
y,+,*,1,4,9,5,45,y=1+4,y*9=,y=1+4. y*9=
t,+,//,5,8,4,13,3,t=5+8,t//4=,t=5+8. t//4=
x,-,-,6,1,1,5,4,x=6-1,x-1=,x=6-1. x-1=
r,*,//,1,2,6,2,0,r=1*2,r//6=,r=1*2. r//6=
b,*,+,5,3,2,15,17,b=5*3,b+2=,b=5*3. b+2=
s,+,+,5,5,1,10,11,s=5+5,s+1=,s=5+5. s+1=
u,*,*,2,9,4,18,72,u=2*9,u*4=,u=2*9. u*4=
z,*,*,5,7,3,35,105,z=5*7,z*3=,z=5*7. z*3=
z,+,-,3,1,4,4,0,z=3+1,z-4=,z=3+1. z-4=
f,*,+,8,1,3,8,11,f=8*1,f+3=,f=8*1. f+3=
w,-,//,9,3,6,6,1,w=9-3,w//6=,w=9-3. w//6=
c,*,//,8,9,6,72,12,c=8*9,c//6=,c=8*9. c//6=
q,*,//,7,3,9,21,2,q=7*3,q//9=,q=7*3. q//9=
u,-,-,7,4,5,3,-2,u=7-4,u-5=,u=7-4. u-5=
n,//,//,1,6,5,0,0,n=1//6,n//5=,n=1//6. n//5=
h,*,*,8,7,3,56,168,h=8*7,h*3=,h=8*7. h*3=
c,*,*,1,8,5,8,40,c=1*8,c*5=,c=1*8. c*5=
d,*,//,4,6,4,24,6,d=4*6,d//4=,d=4*6. d//4=
l,-,*,4,8,8,-4,-32,l=4-8,l*8=,l=4-8. l*8=
x,-,//,6,8,4,-2,-1,x=6-8,x//4=,x=6-8. x//4=
g,*,+,4,7,7,28,35,g=4*7,g+7=,g=4*7. g+7=
c,*,//,9,4,2,36,18,c=9*4,c//2=,c=9*4. c//2=
z,//,*,9,7,3,1,3,z=9//7,z*3=,z=9//7. z*3=
n,*,-,3,4,7,12,5,n=3*4,n-7=,n=3*4. n-7=
d,//,*,2,9,1,0,0,d=2//9,d*1=,d=2//9. d*1=
b,//,*,7,3,5,2,10,b=7//3,b*5=,b=7//3. b*5=
j,-,-,5,8,4,-3,-7,j=5-8,j-4=,j=5-8. j-4=
v,+,//,5,8,3,13,4,v=5+8,v//3=,v=5+8. v//3=
i,*,//,9,1,6,9,1,i=9*1,i//6=,i=9*1. i//6=
p,-,+,6,9,7,-3,4,p=6-9,p+7=,p=6-9. p+7=
t,-,*,2,7,5,-5,-25,t=2-7,t*5=,t=2-7. t*5=
j,*,//,6,6,9,36,4,j=6*6,j//9=,j=6*6. j//9=
p,-,//,8,6,8,2,0,p=8-6,p//8=,p=8-6. p//8=
e,//,+,9,1,7,9,16,e=9//1,e+7=,e=9//1. e+7=
q,-,-,8,3,6,5,-1,q=8-3,q-6=,q=8-3. q-6=
i,+,//,8,4,6,12,2,i=8+4,i//6=,i=8+4. i//6=
i,+,*,6,2,1,8,8,i=6+2,i*1=,i=6+2. i*1=
c,+,*,9,7,2,16,32,c=9+7,c*2=,c=9+7. c*2=
c,+,//,5,3,4,8,2,c=5+3,c//4=,c=5+3. c//4=
q,+,-,9,2,2,11,9,q=9+2,q-2=,q=9+2. q-2=
c,+,-,5,2,1,7,6,c=5+2,c-1=,c=5+2. c-1=
h,-,//,1,8,4,-7,-2,h=1-8,h//4=,h=1-8. h//4=
k,//,+,2,6,2,0,2,k=2//6,k+2=,k=2//6. k+2=
s,-,+,8,5,8,3,11,s=8-5,s+8=,s=8-5. s+8=
j,-,-,9,9,3,0,-3,j=9-9,j-3=,j=9-9. j-3=
x,*,+,9,9,7,81,88,x=9*9,x+7=,x=9*9. x+7=
k,-,*,2,9,6,-7,-42,k=2-9,k*6=,k=2-9. k*6=
z,//,*,5,2,2,2,4,z=5//2,z*2=,z=5//2. z*2=
g,*,//,7,2,1,14,14,g=7*2,g//1=,g=7*2. g//1=
d,-,//,5,9,6,-4,-1,d=5-9,d//6=,d=5-9. d//6=
w,*,//,7,5,8,35,4,w=7*5,w//8=,w=7*5. w//8=
r,*,//,8,2,8,16,2,r=8*2,r//8=,r=8*2. r//8=
d,*,*,3,2,5,6,30,d=3*2,d*5=,d=3*2. d*5=
t,+,+,2,2,4,4,8,t=2+2,t+4=,t=2+2. t+4=
q,+,*,7,3,8,10,80,q=7+3,q*8=,q=7+3. q*8=
v,+,+,4,7,9,11,20,v=4+7,v+9=,v=4+7. v+9=
p,*,//,1,7,7,7,1,p=1*7,p//7=,p=1*7. p//7=
w,+,+,2,6,1,8,9,w=2+6,w+1=,w=2+6. w+1=
t,+,//,6,7,6,13,2,t=6+7,t//6=,t=6+7. t//6=
h,*,*,1,2,9,2,18,h=1*2,h*9=,h=1*2. h*9=
w,+,+,6,7,7,13,20,w=6+7,w+7=,w=6+7. w+7=
g,//,+,9,4,5,2,7,g=9//4,g+5=,g=9//4. g+5=
s,//,+,4,8,4,0,4,s=4//8,s+4=,s=4//8. s+4=
z,//,+,2,4,1,0,1,z=2//4,z+1=,z=2//4. z+1=
y,*,//,5,5,7,25,3,y=5*5,y//7=,y=5*5. y//7=
k,+,-,7,1,5,8,3,k=7+1,k-5=,k=7+1. k-5=
l,//,//,4,3,6,1,0,l=4//3,l//6=,l=4//3. l//6=
j,*,//,9,3,8,27,3,j=9*3,j//8=,j=9*3. j//8=
t,+,+,6,2,9,8,17,t=6+2,t+9=,t=6+2. t+9=
e,*,*,9,4,2,36,72,e=9*4,e*2=,e=9*4. e*2=
s,+,+,6,6,4,12,16,s=6+6,s+4=,s=6+6. s+4=
e,//,//,3,2,4,1,0,e=3//2,e//4=,e=3//2. e//4=
t,-,//,8,5,8,3,0,t=8-5,t//8=,t=8-5. t//8=
i,-,+,6,9,2,-3,-1,i=6-9,i+2=,i=6-9. i+2=
n,+,-,9,5,4,14,10,n=9+5,n-4=,n=9+5. n-4=
b,*,+,8,5,2,40,42,b=8*5,b+2=,b=8*5. b+2=
h,//,-,2,8,5,0,-5,h=2//8,h-5=,h=2//8. h-5=
f,+,*,6,4,7,10,70,f=6+4,f*7=,f=6+4. f*7=
z,//,//,6,2,1,3,3,z=6//2,z//1=,z=6//2. z//1=
h,-,*,2,8,9,-6,-54,h=2-8,h*9=,h=2-8. h*9=
h,+,*,8,4,1,12,12,h=8+4,h*1=,h=8+4. h*1=
g,-,+,4,9,3,-5,-2,g=4-9,g+3=,g=4-9. g+3=
u,+,*,6,4,3,10,30,u=6+4,u*3=,u=6+4. u*3=
j,-,*,2,2,4,0,0,j=2-2,j*4=,j=2-2. j*4=
m,//,+,3,5,5,0,5,m=3//5,m+5=,m=3//5. m+5=
c,//,+,3,8,2,0,2,c=3//8,c+2=,c=3//8. c+2=
c,//,//,1,5,2,0,0,c=1//5,c//2=,c=1//5. c//2=
d,*,//,1,6,2,6,3,d=1*6,d//2=,d=1*6. d//2=
t,//,*,2,8,8,0,0,t=2//8,t*8=,t=2//8. t*8=
s,-,+,9,8,4,1,5,s=9-8,s+4=,s=9-8. s+4=
o,+,//,5,9,9,14,1,o=5+9,o//9=,o=5+9. o//9=
t,+,+,5,8,6,13,19,t=5+8,t+6=,t=5+8. t+6=
v,*,*,8,9,2,72,144,v=8*9,v*2=,v=8*9. v*2=
r,-,+,4,2,4,2,6,r=4-2,r+4=,r=4-2. r+4=
x,-,//,4,5,8,-1,-1,x=4-5,x//8=,x=4-5. x//8=
i,//,//,4,2,5,2,0,i=4//2,i//5=,i=4//2. i//5=
h,//,//,5,6,8,0,0,h=5//6,h//8=,h=5//6. h//8=
a,+,//,3,4,2,7,3,a=3+4,a//2=,a=3+4. a//2=
t,-,+,9,8,6,1,7,t=9-8,t+6=,t=9-8. t+6=
x,//,-,1,6,7,0,-7,x=1//6,x-7=,x=1//6. x-7=
e,*,*,2,8,8,16,128,e=2*8,e*8=,e=2*8. e*8=
g,//,+,4,1,6,4,10,g=4//1,g+6=,g=4//1. g+6=
a,+,*,4,3,9,7,63,a=4+3,a*9=,a=4+3. a*9=
n,+,-,4,4,3,8,5,n=4+4,n-3=,n=4+4. n-3=
x,+,*,6,3,7,9,63,x=6+3,x*7=,x=6+3. x*7=
e,-,//,9,6,2,3,1,e=9-6,e//2=,e=9-6. e//2=
t,//,-,4,5,7,0,-7,t=4//5,t-7=,t=4//5. t-7=
w,//,-,5,3,2,1,-1,w=5//3,w-2=,w=5//3. w-2=
k,+,+,6,8,4,14,18,k=6+8,k+4=,k=6+8. k+4=
u,*,+,9,4,4,36,40,u=9*4,u+4=,u=9*4. u+4=
v,*,*,8,3,6,24,144,v=8*3,v*6=,v=8*3. v*6=
e,-,-,5,6,1,-1,-2,e=5-6,e-1=,e=5-6. e-1=
u,*,*,1,5,8,5,40,u=1*5,u*8=,u=1*5. u*8=
t,+,//,5,6,9,11,1,t=5+6,t//9=,t=5+6. t//9=
a,-,*,7,2,2,5,10,a=7-2,a*2=,a=7-2. a*2=
u,//,//,3,4,4,0,0,u=3//4,u//4=,u=3//4. u//4=
n,+,*,7,6,6,13,78,n=7+6,n*6=,n=7+6. n*6=
r,*,-,2,5,3,10,7,r=2*5,r-3=,r=2*5. r-3=
c,-,//,9,1,1,8,8,c=9-1,c//1=,c=9-1. c//1=
a,//,+,5,2,2,2,4,a=5//2,a+2=,a=5//2. a+2=
n,//,//,3,3,3,1,0,n=3//3,n//3=,n=3//3. n//3=
p,*,*,2,3,9,6,54,p=2*3,p*9=,p=2*3. p*9=
a,*,//,7,2,9,14,1,a=7*2,a//9=,a=7*2. a//9=
x,-,*,4,6,7,-2,-14,x=4-6,x*7=,x=4-6. x*7=
c,+,//,3,5,8,8,1,c=3+5,c//8=,c=3+5. c//8=
m,//,*,7,2,5,3,15,m=7//2,m*5=,m=7//2. m*5=
c,*,-,9,2,6,18,12,c=9*2,c-6=,c=9*2. c-6=
y,//,-,7,2,3,3,0,y=7//2,y-3=,y=7//2. y-3=
c,//,*,8,3,2,2,4,c=8//3,c*2=,c=8//3. c*2=
f,+,*,4,6,5,10,50,f=4+6,f*5=,f=4+6. f*5=
l,//,//,6,9,2,0,0,l=6//9,l//2=,l=6//9. l//2=
z,//,+,7,5,7,1,8,z=7//5,z+7=,z=7//5. z+7=
g,*,//,7,3,5,21,4,g=7*3,g//5=,g=7*3. g//5=
n,//,-,3,9,2,0,-2,n=3//9,n-2=,n=3//9. n-2=
a,+,*,6,7,1,13,13,a=6+7,a*1=,a=6+7. a*1=
j,*,*,5,5,1,25,25,j=5*5,j*1=,j=5*5. j*1=
b,//,//,1,1,7,1,0,b=1//1,b//7=,b=1//1. b//7=
i,+,-,9,2,5,11,6,i=9+2,i-5=,i=9+2. i-5=
t,-,//,3,7,2,-4,-2,t=3-7,t//2=,t=3-7. t//2=
c,*,-,9,5,1,45,44,c=9*5,c-1=,c=9*5. c-1=
k,*,//,6,2,3,12,4,k=6*2,k//3=,k=6*2. k//3=
h,*,-,2,5,2,10,8,h=2*5,h-2=,h=2*5. h-2=
n,//,//,4,8,5,0,0,n=4//8,n//5=,n=4//8. n//5=
y,+,*,3,9,2,12,24,y=3+9,y*2=,y=3+9. y*2=
d,//,+,9,1,6,9,15,d=9//1,d+6=,d=9//1. d+6=
m,+,//,5,5,6,10,1,m=5+5,m//6=,m=5+5. m//6=
i,+,*,9,5,1,14,14,i=9+5,i*1=,i=9+5. i*1=
z,*,*,2,9,1,18,18,z=2*9,z*1=,z=2*9. z*1=
v,+,-,7,6,4,13,9,v=7+6,v-4=,v=7+6. v-4=
b,-,+,1,1,1,0,1,b=1-1,b+1=,b=1-1. b+1=
m,*,*,3,9,6,27,162,m=3*9,m*6=,m=3*9. m*6=
c,*,*,8,2,1,16,16,c=8*2,c*1=,c=8*2. c*1=
n,*,+,7,1,6,7,13,n=7*1,n+6=,n=7*1. n+6=
l,+,-,9,4,7,13,6,l=9+4,l-7=,l=9+4. l-7=
i,//,+,3,9,5,0,5,i=3//9,i+5=,i=3//9. i+5=
h,-,-,7,9,8,-2,-10,h=7-9,h-8=,h=7-9. h-8=
s,+,*,4,4,6,8,48,s=4+4,s*6=,s=4+4. s*6=
u,*,//,2,6,3,12,4,u=2*6,u//3=,u=2*6. u//3=
z,-,-,4,1,2,3,1,z=4-1,z-2=,z=4-1. z-2=
n,-,//,7,1,8,6,0,n=7-1,n//8=,n=7-1. n//8=
u,*,+,4,3,9,12,21,u=4*3,u+9=,u=4*3. u+9=
q,+,-,1,1,9,2,-7,q=1+1,q-9=,q=1+1. q-9=
d,+,//,2,7,2,9,4,d=2+7,d//2=,d=2+7. d//2=
s,-,-,2,6,2,-4,-6,s=2-6,s-2=,s=2-6. s-2=
m,+,*,8,2,9,10,90,m=8+2,m*9=,m=8+2. m*9=
m,-,//,2,8,8,-6,-1,m=2-8,m//8=,m=2-8. m//8=
o,//,*,1,4,8,0,0,o=1//4,o*8=,o=1//4. o*8=
i,-,-,2,6,8,-4,-12,i=2-6,i-8=,i=2-6. i-8=
b,//,+,7,2,3,3,6,b=7//2,b+3=,b=7//2. b+3=
g,-,//,4,4,9,0,0,g=4-4,g//9=,g=4-4. g//9=
d,//,*,5,5,1,1,1,d=5//5,d*1=,d=5//5. d*1=
e,-,*,1,6,5,-5,-25,e=1-6,e*5=,e=1-6. e*5=
j,//,*,3,9,9,0,0,j=3//9,j*9=,j=3//9. j*9=
s,+,-,3,4,3,7,4,s=3+4,s-3=,s=3+4. s-3=
m,//,+,6,9,5,0,5,m=6//9,m+5=,m=6//9. m+5=
b,+,//,1,2,1,3,3,b=1+2,b//1=,b=1+2. b//1=
r,//,//,5,8,8,0,0,r=5//8,r//8=,r=5//8. r//8=
z,*,//,3,8,9,24,2,z=3*8,z//9=,z=3*8. z//9=
d,+,//,4,4,8,8,1,d=4+4,d//8=,d=4+4. d//8=
w,-,*,2,1,5,1,5,w=2-1,w*5=,w=2-1. w*5=
b,-,-,2,2,3,0,-3,b=2-2,b-3=,b=2-2. b-3=
j,//,//,8,5,8,1,0,j=8//5,j//8=,j=8//5. j//8=
r,*,*,5,2,7,10,70,r=5*2,r*7=,r=5*2. r*7=
q,*,-,6,1,4,6,2,q=6*1,q-4=,q=6*1. q-4=
v,*,-,5,3,5,15,10,v=5*3,v-5=,v=5*3. v-5=
k,-,//,2,3,1,-1,-1,k=2-3,k//1=,k=2-3. k//1=
o,*,*,5,9,8,45,360,o=5*9,o*8=,o=5*9. o*8=
t,//,*,8,5,9,1,9,t=8//5,t*9=,t=8//5. t*9=
w,*,//,4,5,9,20,2,w=4*5,w//9=,w=4*5. w//9=
f,*,+,4,7,9,28,37,f=4*7,f+9=,f=4*7. f+9=
w,+,//,5,1,9,6,0,w=5+1,w//9=,w=5+1. w//9=
u,//,+,5,8,2,0,2,u=5//8,u+2=,u=5//8. u+2=
n,*,-,9,8,2,72,70,n=9*8,n-2=,n=9*8. n-2=
k,-,+,6,5,3,1,4,k=6-5,k+3=,k=6-5. k+3=
y,//,*,1,2,2,0,0,y=1//2,y*2=,y=1//2. y*2=
j,+,+,2,6,2,8,10,j=2+6,j+2=,j=2+6. j+2=
a,*,-,7,7,1,49,48,a=7*7,a-1=,a=7*7. a-1=
m,-,-,3,2,6,1,-5,m=3-2,m-6=,m=3-2. m-6=
o,*,-,2,6,5,12,7,o=2*6,o-5=,o=2*6. o-5=
h,//,*,9,6,5,1,5,h=9//6,h*5=,h=9//6. h*5=
v,//,-,6,1,3,6,3,v=6//1,v-3=,v=6//1. v-3=
w,+,*,2,3,3,5,15,w=2+3,w*3=,w=2+3. w*3=
h,-,//,7,5,3,2,0,h=7-5,h//3=,h=7-5. h//3=
q,-,*,1,6,6,-5,-30,q=1-6,q*6=,q=1-6. q*6=
k,//,+,9,5,3,1,4,k=9//5,k+3=,k=9//5. k+3=
c,+,*,6,8,1,14,14,c=6+8,c*1=,c=6+8. c*1=
n,-,*,1,6,4,-5,-20,n=1-6,n*4=,n=1-6. n*4=
c,-,+,7,4,2,3,5,c=7-4,c+2=,c=7-4. c+2=
c,+,//,3,9,9,12,1,c=3+9,c//9=,c=3+9. c//9=
f,+,+,7,5,7,12,19,f=7+5,f+7=,f=7+5. f+7=
n,//,//,4,6,6,0,0,n=4//6,n//6=,n=4//6. n//6=
a,-,-,7,6,1,1,0,a=7-6,a-1=,a=7-6. a-1=
j,*,//,3,7,7,21,3,j=3*7,j//7=,j=3*7. j//7=
w,+,+,5,3,1,8,9,w=5+3,w+1=,w=5+3. w+1=
t,*,-,5,5,6,25,19,t=5*5,t-6=,t=5*5. t-6=
w,*,*,7,4,7,28,196,w=7*4,w*7=,w=7*4. w*7=
w,//,*,1,8,4,0,0,w=1//8,w*4=,w=1//8. w*4=
r,-,+,7,1,6,6,12,r=7-1,r+6=,r=7-1. r+6=
k,+,*,3,9,9,12,108,k=3+9,k*9=,k=3+9. k*9=
m,+,*,9,1,7,10,70,m=9+1,m*7=,m=9+1. m*7=
b,//,+,3,8,8,0,8,b=3//8,b+8=,b=3//8. b+8=
d,-,-,5,8,9,-3,-12,d=5-8,d-9=,d=5-8. d-9=
t,-,-,8,6,6,2,-4,t=8-6,t-6=,t=8-6. t-6=
e,-,-,5,3,7,2,-5,e=5-3,e-7=,e=5-3. e-7=
k,-,//,2,8,3,-6,-2,k=2-8,k//3=,k=2-8. k//3=
f,//,*,3,9,9,0,0,f=3//9,f*9=,f=3//9. f*9=
d,//,-,4,5,5,0,-5,d=4//5,d-5=,d=4//5. d-5=
n,//,//,5,5,8,1,0,n=5//5,n//8=,n=5//5. n//8=
q,+,//,5,7,6,12,2,q=5+7,q//6=,q=5+7. q//6=
m,*,-,5,8,1,40,39,m=5*8,m-1=,m=5*8. m-1=
m,+,+,8,2,4,10,14,m=8+2,m+4=,m=8+2. m+4=
j,//,-,8,1,5,8,3,j=8//1,j-5=,j=8//1. j-5=
e,*,-,4,4,1,16,15,e=4*4,e-1=,e=4*4. e-1=
l,*,//,8,9,6,72,12,l=8*9,l//6=,l=8*9. l//6=
r,-,*,2,3,6,-1,-6,r=2-3,r*6=,r=2-3. r*6=
m,//,-,8,9,8,0,-8,m=8//9,m-8=,m=8//9. m-8=
w,//,-,7,3,8,2,-6,w=7//3,w-8=,w=7//3. w-8=
a,-,*,7,3,4,4,16,a=7-3,a*4=,a=7-3. a*4=
a,+,//,5,7,3,12,4,a=5+7,a//3=,a=5+7. a//3=
v,*,+,6,4,5,24,29,v=6*4,v+5=,v=6*4. v+5=
t,+,*,4,3,6,7,42,t=4+3,t*6=,t=4+3. t*6=
i,*,//,6,1,7,6,0,i=6*1,i//7=,i=6*1. i//7=
e,+,*,1,9,2,10,20,e=1+9,e*2=,e=1+9. e*2=
a,-,//,7,9,6,-2,-1,a=7-9,a//6=,a=7-9. a//6=
t,//,+,8,3,2,2,4,t=8//3,t+2=,t=8//3. t+2=
v,//,//,9,6,9,1,0,v=9//6,v//9=,v=9//6. v//9=
m,//,-,6,8,4,0,-4,m=6//8,m-4=,m=6//8. m-4=
y,//,+,7,6,6,1,7,y=7//6,y+6=,y=7//6. y+6=
w,//,//,1,8,2,0,0,w=1//8,w//2=,w=1//8. w//2=
x,+,*,3,4,5,7,35,x=3+4,x*5=,x=3+4. x*5=
n,*,//,4,7,7,28,4,n=4*7,n//7=,n=4*7. n//7=
a,//,*,1,4,9,0,0,a=1//4,a*9=,a=1//4. a*9=
l,-,-,7,4,6,3,-3,l=7-4,l-6=,l=7-4. l-6=
z,+,//,7,5,9,12,1,z=7+5,z//9=,z=7+5. z//9=
r,+,-,4,4,7,8,1,r=4+4,r-7=,r=4+4. r-7=
z,-,*,6,5,7,1,7,z=6-5,z*7=,z=6-5. z*7=
v,*,//,1,3,9,3,0,v=1*3,v//9=,v=1*3. v//9=
o,*,+,6,7,1,42,43,o=6*7,o+1=,o=6*7. o+1=
a,*,-,1,2,9,2,-7,a=1*2,a-9=,a=1*2. a-9=
i,+,//,2,2,5,4,0,i=2+2,i//5=,i=2+2. i//5=
s,*,-,6,8,4,48,44,s=6*8,s-4=,s=6*8. s-4=
s,//,//,2,4,5,0,0,s=2//4,s//5=,s=2//4. s//5=
j,//,+,2,7,2,0,2,j=2//7,j+2=,j=2//7. j+2=
z,+,+,6,8,9,14,23,z=6+8,z+9=,z=6+8. z+9=
s,//,+,5,6,6,0,6,s=5//6,s+6=,s=5//6. s+6=
k,-,*,6,4,5,2,10,k=6-4,k*5=,k=6-4. k*5=
q,-,//,5,7,4,-2,-1,q=5-7,q//4=,q=5-7. q//4=
b,-,-,9,9,5,0,-5,b=9-9,b-5=,b=9-9. b-5=
i,-,//,4,3,7,1,0,i=4-3,i//7=,i=4-3. i//7=
v,-,+,8,8,4,0,4,v=8-8,v+4=,v=8-8. v+4=
h,//,//,9,1,6,9,1,h=9//1,h//6=,h=9//1. h//6=
c,+,-,2,6,5,8,3,c=2+6,c-5=,c=2+6. c-5=
l,*,-,9,9,6,81,75,l=9*9,l-6=,l=9*9. l-6=
q,*,//,7,9,6,63,10,q=7*9,q//6=,q=7*9. q//6=
y,-,*,4,5,1,-1,-1,y=4-5,y*1=,y=4-5. y*1=
o,+,+,7,5,5,12,17,o=7+5,o+5=,o=7+5. o+5=
x,-,//,2,8,1,-6,-6,x=2-8,x//1=,x=2-8. x//1=
l,+,//,6,3,6,9,1,l=6+3,l//6=,l=6+3. l//6=
n,*,-,7,5,9,35,26,n=7*5,n-9=,n=7*5. n-9=
j,+,-,1,4,7,5,-2,j=1+4,j-7=,j=1+4. j-7=
c,*,-,7,1,8,7,-1,c=7*1,c-8=,c=7*1. c-8=
z,-,//,2,1,6,1,0,z=2-1,z//6=,z=2-1. z//6=
j,-,+,4,3,6,1,7,j=4-3,j+6=,j=4-3. j+6=
w,//,*,9,9,6,1,6,w=9//9,w*6=,w=9//9. w*6=
g,//,//,4,3,9,1,0,g=4//3,g//9=,g=4//3. g//9=
o,*,-,3,6,9,18,9,o=3*6,o-9=,o=3*6. o-9=
u,+,-,4,2,6,6,0,u=4+2,u-6=,u=4+2. u-6=
z,*,-,1,3,8,3,-5,z=1*3,z-8=,z=1*3. z-8=
a,*,*,1,9,2,9,18,a=1*9,a*2=,a=1*9. a*2=
z,*,*,6,8,4,48,192,z=6*8,z*4=,z=6*8. z*4=
f,//,-,6,3,4,2,-2,f=6//3,f-4=,f=6//3. f-4=
p,*,+,5,4,4,20,24,p=5*4,p+4=,p=5*4. p+4=
x,*,//,7,2,6,14,2,x=7*2,x//6=,x=7*2. x//6=
x,-,*,7,9,1,-2,-2,x=7-9,x*1=,x=7-9. x*1=
u,-,//,1,9,8,-8,-1,u=1-9,u//8=,u=1-9. u//8=
v,+,*,2,6,6,8,48,v=2+6,v*6=,v=2+6. v*6=
m,//,*,1,1,4,1,4,m=1//1,m*4=,m=1//1. m*4=
x,//,//,6,7,4,0,0,x=6//7,x//4=,x=6//7. x//4=
s,-,*,4,3,7,1,7,s=4-3,s*7=,s=4-3. s*7=
h,//,+,8,1,1,8,9,h=8//1,h+1=,h=8//1. h+1=
k,//,+,1,2,2,0,2,k=1//2,k+2=,k=1//2. k+2=
w,+,*,6,9,5,15,75,w=6+9,w*5=,w=6+9. w*5=
n,-,*,9,5,6,4,24,n=9-5,n*6=,n=9-5. n*6=
t,//,*,2,6,5,0,0,t=2//6,t*5=,t=2//6. t*5=
s,-,//,9,2,6,7,1,s=9-2,s//6=,s=9-2. s//6=
v,+,+,8,2,1,10,11,v=8+2,v+1=,v=8+2. v+1=
s,-,//,6,3,9,3,0,s=6-3,s//9=,s=6-3. s//9=
c,-,-,3,4,1,-1,-2,c=3-4,c-1=,c=3-4. c-1=
d,*,//,2,6,1,12,12,d=2*6,d//1=,d=2*6. d//1=
a,-,+,2,5,4,-3,1,a=2-5,a+4=,a=2-5. a+4=
g,//,-,6,8,1,0,-1,g=6//8,g-1=,g=6//8. g-1=
v,*,+,5,6,4,30,34,v=5*6,v+4=,v=5*6. v+4=
a,+,-,8,8,2,16,14,a=8+8,a-2=,a=8+8. a-2=
s,//,//,4,7,5,0,0,s=4//7,s//5=,s=4//7. s//5=
e,+,+,6,6,8,12,20,e=6+6,e+8=,e=6+6. e+8=
x,-,-,4,3,7,1,-6,x=4-3,x-7=,x=4-3. x-7=
x,*,//,5,1,5,5,1,x=5*1,x//5=,x=5*1. x//5=
u,*,*,9,9,3,81,243,u=9*9,u*3=,u=9*9. u*3=
y,//,-,4,9,8,0,-8,y=4//9,y-8=,y=4//9. y-8=
s,*,//,1,2,1,2,2,s=1*2,s//1=,s=1*2. s//1=
j,*,+,5,3,4,15,19,j=5*3,j+4=,j=5*3. j+4=
l,*,*,9,3,3,27,81,l=9*3,l*3=,l=9*3. l*3=
u,*,-,1,3,8,3,-5,u=1*3,u-8=,u=1*3. u-8=
j,+,+,3,8,2,11,13,j=3+8,j+2=,j=3+8. j+2=
w,*,*,5,3,2,15,30,w=5*3,w*2=,w=5*3. w*2=
o,//,-,5,3,9,1,-8,o=5//3,o-9=,o=5//3. o-9=
x,+,+,5,5,3,10,13,x=5+5,x+3=,x=5+5. x+3=
t,*,*,5,8,1,40,40,t=5*8,t*1=,t=5*8. t*1=
s,+,//,6,7,7,13,1,s=6+7,s//7=,s=6+7. s//7=
u,//,-,8,8,3,1,-2,u=8//8,u-3=,u=8//8. u-3=
k,+,+,7,9,9,16,25,k=7+9,k+9=,k=7+9. k+9=
t,-,//,8,5,4,3,0,t=8-5,t//4=,t=8-5. t//4=
j,//,//,3,6,5,0,0,j=3//6,j//5=,j=3//6. j//5=
i,-,+,1,1,7,0,7,i=1-1,i+7=,i=1-1. i+7=
p,+,*,3,1,3,4,12,p=3+1,p*3=,p=3+1. p*3=
n,*,*,5,5,8,25,200,n=5*5,n*8=,n=5*5. n*8=
z,+,+,2,5,6,7,13,z=2+5,z+6=,z=2+5. z+6=
x,//,+,8,4,8,2,10,x=8//4,x+8=,x=8//4. x+8=
m,*,//,5,6,3,30,10,m=5*6,m//3=,m=5*6. m//3=
k,+,//,6,3,6,9,1,k=6+3,k//6=,k=6+3. k//6=
c,+,//,5,5,1,10,10,c=5+5,c//1=,c=5+5. c//1=
w,+,-,8,8,1,16,15,w=8+8,w-1=,w=8+8. w-1=
l,+,//,3,6,7,9,1,l=3+6,l//7=,l=3+6. l//7=
q,-,//,8,9,1,-1,-1,q=8-9,q//1=,q=8-9. q//1=
y,+,*,6,9,4,15,60,y=6+9,y*4=,y=6+9. y*4=
e,*,*,4,2,9,8,72,e=4*2,e*9=,e=4*2. e*9=
y,+,//,8,1,4,9,2,y=8+1,y//4=,y=8+1. y//4=
o,*,//,9,5,4,45,11,o=9*5,o//4=,o=9*5. o//4=
j,-,//,4,3,5,1,0,j=4-3,j//5=,j=4-3. j//5=
s,*,//,6,9,2,54,27,s=6*9,s//2=,s=6*9. s//2=
b,+,+,1,4,5,5,10,b=1+4,b+5=,b=1+4. b+5=
t,//,+,2,7,9,0,9,t=2//7,t+9=,t=2//7. t+9=
z,+,+,8,7,2,15,17,z=8+7,z+2=,z=8+7. z+2=
i,-,-,6,8,4,-2,-6,i=6-8,i-4=,i=6-8. i-4=
y,//,-,4,4,7,1,-6,y=4//4,y-7=,y=4//4. y-7=
h,*,+,7,1,6,7,13,h=7*1,h+6=,h=7*1. h+6=
j,+,//,3,4,7,7,1,j=3+4,j//7=,j=3+4. j//7=
p,-,//,3,2,2,1,0,p=3-2,p//2=,p=3-2. p//2=
a,//,-,4,9,2,0,-2,a=4//9,a-2=,a=4//9. a-2=
e,*,+,9,1,9,9,18,e=9*1,e+9=,e=9*1. e+9=
h,-,-,4,8,6,-4,-10,h=4-8,h-6=,h=4-8. h-6=
r,*,-,4,7,1,28,27,r=4*7,r-1=,r=4*7. r-1=
t,*,*,4,2,7,8,56,t=4*2,t*7=,t=4*2. t*7=
c,*,*,3,3,9,9,81,c=3*3,c*9=,c=3*3. c*9=
z,+,+,3,3,7,6,13,z=3+3,z+7=,z=3+3. z+7=
o,*,//,4,2,8,8,1,o=4*2,o//8=,o=4*2. o//8=
j,*,//,8,4,4,32,8,j=8*4,j//4=,j=8*4. j//4=
o,*,-,9,8,1,72,71,o=9*8,o-1=,o=9*8. o-1=
d,+,+,5,6,9,11,20,d=5+6,d+9=,d=5+6. d+9=
y,*,*,3,7,9,21,189,y=3*7,y*9=,y=3*7. y*9=
f,-,+,1,8,4,-7,-3,f=1-8,f+4=,f=1-8. f+4=
b,*,*,8,3,3,24,72,b=8*3,b*3=,b=8*3. b*3=
w,*,+,1,1,5,1,6,w=1*1,w+5=,w=1*1. w+5=
c,-,+,1,3,8,-2,6,c=1-3,c+8=,c=1-3. c+8=
l,*,//,8,7,3,56,18,l=8*7,l//3=,l=8*7. l//3=
s,*,-,3,5,2,15,13,s=3*5,s-2=,s=3*5. s-2=
b,*,-,3,4,4,12,8,b=3*4,b-4=,b=3*4. b-4=
j,*,+,7,5,5,35,40,j=7*5,j+5=,j=7*5. j+5=
l,*,-,1,2,2,2,0,l=1*2,l-2=,l=1*2. l-2=
a,+,+,8,6,5,14,19,a=8+6,a+5=,a=8+6. a+5=
o,-,-,1,2,3,-1,-4,o=1-2,o-3=,o=1-2. o-3=
d,*,//,7,7,5,49,9,d=7*7,d//5=,d=7*7. d//5=
f,*,+,9,6,4,54,58,f=9*6,f+4=,f=9*6. f+4=
i,-,+,8,7,7,1,8,i=8-7,i+7=,i=8-7. i+7=
w,-,*,8,2,4,6,24,w=8-2,w*4=,w=8-2. w*4=
i,//,-,2,7,4,0,-4,i=2//7,i-4=,i=2//7. i-4=
w,-,+,8,2,8,6,14,w=8-2,w+8=,w=8-2. w+8=
q,+,-,5,2,2,7,5,q=5+2,q-2=,q=5+2. q-2=
t,//,//,9,9,2,1,0,t=9//9,t//2=,t=9//9. t//2=
z,+,-,7,8,7,15,8,z=7+8,z-7=,z=7+8. z-7=
g,+,*,5,1,6,6,36,g=5+1,g*6=,g=5+1. g*6=
f,//,//,1,8,8,0,0,f=1//8,f//8=,f=1//8. f//8=
i,-,//,4,6,8,-2,-1,i=4-6,i//8=,i=4-6. i//8=
x,-,*,8,8,3,0,0,x=8-8,x*3=,x=8-8. x*3=
o,*,-,8,2,5,16,11,o=8*2,o-5=,o=8*2. o-5=
l,*,+,3,5,6,15,21,l=3*5,l+6=,l=3*5. l+6=
q,//,-,3,4,5,0,-5,q=3//4,q-5=,q=3//4. q-5=
l,+,-,7,4,5,11,6,l=7+4,l-5=,l=7+4. l-5=
c,*,//,8,7,4,56,14,c=8*7,c//4=,c=8*7. c//4=
x,-,//,9,4,2,5,2,x=9-4,x//2=,x=9-4. x//2=
w,+,*,4,6,3,10,30,w=4+6,w*3=,w=4+6. w*3=
h,-,//,5,1,1,4,4,h=5-1,h//1=,h=5-1. h//1=
d,//,//,3,1,8,3,0,d=3//1,d//8=,d=3//1. d//8=
t,+,*,3,4,7,7,49,t=3+4,t*7=,t=3+4. t*7=
a,*,//,9,2,9,18,2,a=9*2,a//9=,a=9*2. a//9=
n,+,*,7,7,3,14,42,n=7+7,n*3=,n=7+7. n*3=
g,//,-,1,9,3,0,-3,g=1//9,g-3=,g=1//9. g-3=
h,*,//,1,2,7,2,0,h=1*2,h//7=,h=1*2. h//7=
l,*,+,5,5,6,25,31,l=5*5,l+6=,l=5*5. l+6=
y,+,-,2,3,2,5,3,y=2+3,y-2=,y=2+3. y-2=
p,+,-,9,3,4,12,8,p=9+3,p-4=,p=9+3. p-4=
z,*,-,2,4,6,8,2,z=2*4,z-6=,z=2*4. z-6=
o,*,+,8,5,5,40,45,o=8*5,o+5=,o=8*5. o+5=
f,-,+,5,6,7,-1,6,f=5-6,f+7=,f=5-6. f+7=
h,+,-,1,6,9,7,-2,h=1+6,h-9=,h=1+6. h-9=
p,*,+,8,2,3,16,19,p=8*2,p+3=,p=8*2. p+3=
m,+,+,5,2,1,7,8,m=5+2,m+1=,m=5+2. m+1=
t,//,//,6,2,8,3,0,t=6//2,t//8=,t=6//2. t//8=
x,-,-,9,9,2,0,-2,x=9-9,x-2=,x=9-9. x-2=
a,*,*,8,3,2,24,48,a=8*3,a*2=,a=8*3. a*2=
s,-,+,8,9,6,-1,5,s=8-9,s+6=,s=8-9. s+6=
m,//,*,5,4,2,1,2,m=5//4,m*2=,m=5//4. m*2=
b,*,*,2,8,9,16,144,b=2*8,b*9=,b=2*8. b*9=
n,+,-,4,7,9,11,2,n=4+7,n-9=,n=4+7. n-9=
s,-,*,8,6,8,2,16,s=8-6,s*8=,s=8-6. s*8=
r,//,*,2,5,4,0,0,r=2//5,r*4=,r=2//5. r*4=
w,-,//,7,2,1,5,5,w=7-2,w//1=,w=7-2. w//1=
g,*,*,7,5,8,35,280,g=7*5,g*8=,g=7*5. g*8=
e,//,//,3,5,1,0,0,e=3//5,e//1=,e=3//5. e//1=
m,//,+,5,2,4,2,6,m=5//2,m+4=,m=5//2. m+4=
b,*,-,7,3,1,21,20,b=7*3,b-1=,b=7*3. b-1=
k,*,//,4,3,7,12,1,k=4*3,k//7=,k=4*3. k//7=
k,+,+,7,5,2,12,14,k=7+5,k+2=,k=7+5. k+2=
g,+,-,3,8,1,11,10,g=3+8,g-1=,g=3+8. g-1=
r,*,-,5,9,1,45,44,r=5*9,r-1=,r=5*9. r-1=
r,//,-,8,5,7,1,-6,r=8//5,r-7=,r=8//5. r-7=
g,*,+,2,1,8,2,10,g=2*1,g+8=,g=2*1. g+8=
y,+,*,1,5,9,6,54,y=1+5,y*9=,y=1+5. y*9=
j,//,-,9,8,5,1,-4,j=9//8,j-5=,j=9//8. j-5=
r,+,//,7,6,3,13,4,r=7+6,r//3=,r=7+6. r//3=
k,-,+,4,6,8,-2,6,k=4-6,k+8=,k=4-6. k+8=
m,*,*,8,1,8,8,64,m=8*1,m*8=,m=8*1. m*8=
k,-,+,5,1,3,4,7,k=5-1,k+3=,k=5-1. k+3=
c,-,-,8,5,7,3,-4,c=8-5,c-7=,c=8-5. c-7=
t,+,//,7,6,4,13,3,t=7+6,t//4=,t=7+6. t//4=
w,*,+,6,7,9,42,51,w=6*7,w+9=,w=6*7. w+9=
x,//,//,5,6,1,0,0,x=5//6,x//1=,x=5//6. x//1=
l,+,+,7,8,2,15,17,l=7+8,l+2=,l=7+8. l+2=
g,*,-,3,8,8,24,16,g=3*8,g-8=,g=3*8. g-8=
j,*,//,9,8,5,72,14,j=9*8,j//5=,j=9*8. j//5=
r,*,*,2,7,6,14,84,r=2*7,r*6=,r=2*7. r*6=
n,//,+,4,4,5,1,6,n=4//4,n+5=,n=4//4. n+5=
x,+,//,4,4,6,8,1,x=4+4,x//6=,x=4+4. x//6=
j,//,//,7,1,9,7,0,j=7//1,j//9=,j=7//1. j//9=
w,+,*,4,9,6,13,78,w=4+9,w*6=,w=4+9. w*6=
q,*,-,5,1,5,5,0,q=5*1,q-5=,q=5*1. q-5=
u,+,*,7,4,6,11,66,u=7+4,u*6=,u=7+4. u*6=
b,*,//,8,6,1,48,48,b=8*6,b//1=,b=8*6. b//1=
j,+,//,1,1,9,2,0,j=1+1,j//9=,j=1+1. j//9=
u,-,+,9,6,5,3,8,u=9-6,u+5=,u=9-6. u+5=
m,//,-,9,5,6,1,-5,m=9//5,m-6=,m=9//5. m-6=
b,*,+,6,4,6,24,30,b=6*4,b+6=,b=6*4. b+6=
h,//,*,6,7,2,0,0,h=6//7,h*2=,h=6//7. h*2=
u,*,*,6,4,6,24,144,u=6*4,u*6=,u=6*4. u*6=
y,*,*,6,5,4,30,120,y=6*5,y*4=,y=6*5. y*4=
q,+,//,5,2,9,7,0,q=5+2,q//9=,q=5+2. q//9=
f,+,-,7,8,9,15,6,f=7+8,f-9=,f=7+8. f-9=
s,//,-,3,2,2,1,-1,s=3//2,s-2=,s=3//2. s-2=
a,-,+,3,7,1,-4,-3,a=3-7,a+1=,a=3-7. a+1=
y,+,//,6,8,9,14,1,y=6+8,y//9=,y=6+8. y//9=
x,+,-,6,4,4,10,6,x=6+4,x-4=,x=6+4. x-4=
q,*,//,5,3,7,15,2,q=5*3,q//7=,q=5*3. q//7=
x,-,+,1,1,5,0,5,x=1-1,x+5=,x=1-1. x+5=
h,-,*,3,7,8,-4,-32,h=3-7,h*8=,h=3-7. h*8=
o,+,-,6,9,6,15,9,o=6+9,o-6=,o=6+9. o-6=
m,-,-,6,8,2,-2,-4,m=6-8,m-2=,m=6-8. m-2=
p,+,+,3,8,5,11,16,p=3+8,p+5=,p=3+8. p+5=
g,//,-,8,7,9,1,-8,g=8//7,g-9=,g=8//7. g-9=
l,+,-,6,5,3,11,8,l=6+5,l-3=,l=6+5. l-3=
x,-,-,2,6,1,-4,-5,x=2-6,x-1=,x=2-6. x-1=
r,+,//,6,4,2,10,5,r=6+4,r//2=,r=6+4. r//2=
e,-,//,9,4,7,5,0,e=9-4,e//7=,e=9-4. e//7=
s,-,*,1,9,5,-8,-40,s=1-9,s*5=,s=1-9. s*5=
s,-,+,9,6,4,3,7,s=9-6,s+4=,s=9-6. s+4=
p,//,*,7,3,7,2,14,p=7//3,p*7=,p=7//3. p*7=
t,//,*,7,2,3,3,9,t=7//2,t*3=,t=7//2. t*3=
r,//,+,3,2,9,1,10,r=3//2,r+9=,r=3//2. r+9=
f,//,//,9,6,2,1,0,f=9//6,f//2=,f=9//6. f//2=
t,//,//,2,3,6,0,0,t=2//3,t//6=,t=2//3. t//6=
w,+,+,5,3,7,8,15,w=5+3,w+7=,w=5+3. w+7=
m,//,//,5,9,9,0,0,m=5//9,m//9=,m=5//9. m//9=
s,*,*,5,6,9,30,270,s=5*6,s*9=,s=5*6. s*9=
c,*,-,2,7,3,14,11,c=2*7,c-3=,c=2*7. c-3=
a,-,+,3,9,3,-6,-3,a=3-9,a+3=,a=3-9. a+3=
g,+,*,7,2,2,9,18,g=7+2,g*2=,g=7+2. g*2=
g,-,+,3,8,1,-5,-4,g=3-8,g+1=,g=3-8. g+1=
q,//,-,9,2,6,4,-2,q=9//2,q-6=,q=9//2. q-6=
e,//,+,7,1,8,7,15,e=7//1,e+8=,e=7//1. e+8=
v,+,*,9,2,2,11,22,v=9+2,v*2=,v=9+2. v*2=
n,+,*,7,8,3,15,45,n=7+8,n*3=,n=7+8. n*3=
n,*,-,7,5,8,35,27,n=7*5,n-8=,n=7*5. n-8=
x,*,+,7,1,8,7,15,x=7*1,x+8=,x=7*1. x+8=
h,-,//,1,6,3,-5,-2,h=1-6,h//3=,h=1-6. h//3=
e,-,*,4,1,4,3,12,e=4-1,e*4=,e=4-1. e*4=
s,+,+,3,6,1,9,10,s=3+6,s+1=,s=3+6. s+1=
h,*,+,4,4,3,16,19,h=4*4,h+3=,h=4*4. h+3=
c,*,*,9,1,8,9,72,c=9*1,c*8=,c=9*1. c*8=
c,-,*,4,2,1,2,2,c=4-2,c*1=,c=4-2. c*1=
d,*,-,4,9,4,36,32,d=4*9,d-4=,d=4*9. d-4=
m,-,+,7,4,8,3,11,m=7-4,m+8=,m=7-4. m+8=
t,*,*,5,7,4,35,140,t=5*7,t*4=,t=5*7. t*4=
d,-,*,7,9,6,-2,-12,d=7-9,d*6=,d=7-9. d*6=
t,*,//,3,5,9,15,1,t=3*5,t//9=,t=3*5. t//9=
x,+,//,8,5,5,13,2,x=8+5,x//5=,x=8+5. x//5=
b,//,//,9,8,3,1,0,b=9//8,b//3=,b=9//8. b//3=
u,*,*,7,5,6,35,210,u=7*5,u*6=,u=7*5. u*6=
g,-,*,3,4,5,-1,-5,g=3-4,g*5=,g=3-4. g*5=
g,+,//,6,2,9,8,0,g=6+2,g//9=,g=6+2. g//9=
k,+,*,5,6,9,11,99,k=5+6,k*9=,k=5+6. k*9=
f,+,-,8,9,8,17,9,f=8+9,f-8=,f=8+9. f-8=
r,-,*,6,9,2,-3,-6,r=6-9,r*2=,r=6-9. r*2=
k,//,*,6,5,2,1,2,k=6//5,k*2=,k=6//5. k*2=
t,+,*,3,8,1,11,11,t=3+8,t*1=,t=3+8. t*1=
a,-,*,6,3,7,3,21,a=6-3,a*7=,a=6-3. a*7=
o,-,*,6,4,4,2,8,o=6-4,o*4=,o=6-4. o*4=
f,*,//,5,9,8,45,5,f=5*9,f//8=,f=5*9. f//8=
e,+,-,7,5,7,12,5,e=7+5,e-7=,e=7+5. e-7=
z,//,//,8,8,3,1,0,z=8//8,z//3=,z=8//8. z//3=
y,*,//,5,3,9,15,1,y=5*3,y//9=,y=5*3. y//9=
s,+,+,4,2,9,6,15,s=4+2,s+9=,s=4+2. s+9=
o,+,//,7,3,2,10,5,o=7+3,o//2=,o=7+3. o//2=
d,*,//,5,7,4,35,8,d=5*7,d//4=,d=5*7. d//4=
h,+,+,8,3,4,11,15,h=8+3,h+4=,h=8+3. h+4=
d,*,*,8,1,9,8,72,d=8*1,d*9=,d=8*1. d*9=
m,+,*,5,7,2,12,24,m=5+7,m*2=,m=5+7. m*2=
w,+,-,8,6,3,14,11,w=8+6,w-3=,w=8+6. w-3=
d,//,-,2,6,5,0,-5,d=2//6,d-5=,d=2//6. d-5=
p,*,+,7,8,1,56,57,p=7*8,p+1=,p=7*8. p+1=
b,-,//,1,5,1,-4,-4,b=1-5,b//1=,b=1-5. b//1=
n,+,-,4,3,1,7,6,n=4+3,n-1=,n=4+3. n-1=
l,//,*,3,4,2,0,0,l=3//4,l*2=,l=3//4. l*2=
x,+,+,7,6,3,13,16,x=7+6,x+3=,x=7+6. x+3=
b,+,*,1,2,8,3,24,b=1+2,b*8=,b=1+2. b*8=
h,-,-,6,6,8,0,-8,h=6-6,h-8=,h=6-6. h-8=
y,-,-,5,1,5,4,-1,y=5-1,y-5=,y=5-1. y-5=
s,-,-,3,9,3,-6,-9,s=3-9,s-3=,s=3-9. s-3=
b,*,*,8,5,4,40,160,b=8*5,b*4=,b=8*5. b*4=
z,*,+,9,1,4,9,13,z=9*1,z+4=,z=9*1. z+4=
m,-,//,4,7,6,-3,-1,m=4-7,m//6=,m=4-7. m//6=
d,//,*,3,1,5,3,15,d=3//1,d*5=,d=3//1. d*5=
q,*,*,5,1,1,5,5,q=5*1,q*1=,q=5*1. q*1=
t,//,-,6,9,1,0,-1,t=6//9,t-1=,t=6//9. t-1=
y,+,*,4,3,2,7,14,y=4+3,y*2=,y=4+3. y*2=
u,+,//,7,1,2,8,4,u=7+1,u//2=,u=7+1. u//2=
r,*,-,9,7,4,63,59,r=9*7,r-4=,r=9*7. r-4=
o,-,-,5,1,5,4,-1,o=5-1,o-5=,o=5-1. o-5=
x,-,//,4,8,3,-4,-2,x=4-8,x//3=,x=4-8. x//3=
h,*,*,5,8,6,40,240,h=5*8,h*6=,h=5*8. h*6=
f,*,*,4,3,6,12,72,f=4*3,f*6=,f=4*3. f*6=
v,-,-,3,8,2,-5,-7,v=3-8,v-2=,v=3-8. v-2=
u,-,+,9,1,3,8,11,u=9-1,u+3=,u=9-1. u+3=
q,//,-,2,3,3,0,-3,q=2//3,q-3=,q=2//3. q-3=
f,*,+,2,7,7,14,21,f=2*7,f+7=,f=2*7. f+7=
r,*,+,2,4,2,8,10,r=2*4,r+2=,r=2*4. r+2=
p,//,-,8,4,2,2,0,p=8//4,p-2=,p=8//4. p-2=
t,*,*,7,1,1,7,7,t=7*1,t*1=,t=7*1. t*1=
j,*,+,7,9,4,63,67,j=7*9,j+4=,j=7*9. j+4=
p,//,*,9,8,6,1,6,p=9//8,p*6=,p=9//8. p*6=
n,+,-,2,2,7,4,-3,n=2+2,n-7=,n=2+2. n-7=
f,*,*,9,3,4,27,108,f=9*3,f*4=,f=9*3. f*4=
t,-,-,4,2,6,2,-4,t=4-2,t-6=,t=4-2. t-6=
q,+,+,2,1,6,3,9,q=2+1,q+6=,q=2+1. q+6=
v,//,-,6,7,5,0,-5,v=6//7,v-5=,v=6//7. v-5=
g,//,//,8,9,1,0,0,g=8//9,g//1=,g=8//9. g//1=
n,+,*,3,4,6,7,42,n=3+4,n*6=,n=3+4. n*6=
u,+,+,8,2,8,10,18,u=8+2,u+8=,u=8+2. u+8=
g,*,-,6,1,1,6,5,g=6*1,g-1=,g=6*1. g-1=
r,*,*,7,6,3,42,126,r=7*6,r*3=,r=7*6. r*3=
n,+,+,3,2,9,5,14,n=3+2,n+9=,n=3+2. n+9=
c,+,+,6,7,5,13,18,c=6+7,c+5=,c=6+7. c+5=
h,*,-,8,3,1,24,23,h=8*3,h-1=,h=8*3. h-1=
g,*,//,8,9,4,72,18,g=8*9,g//4=,g=8*9. g//4=
n,+,-,8,9,9,17,8,n=8+9,n-9=,n=8+9. n-9=
b,+,+,4,9,4,13,17,b=4+9,b+4=,b=4+9. b+4=
x,+,*,7,5,5,12,60,x=7+5,x*5=,x=7+5. x*5=
z,+,//,1,1,5,2,0,z=1+1,z//5=,z=1+1. z//5=
r,//,-,8,1,6,8,2,r=8//1,r-6=,r=8//1. r-6=
r,+,*,1,3,7,4,28,r=1+3,r*7=,r=1+3. r*7=
n,+,+,2,9,1,11,12,n=2+9,n+1=,n=2+9. n+1=
y,*,-,6,9,5,54,49,y=6*9,y-5=,y=6*9. y-5=
r,//,+,8,4,3,2,5,r=8//4,r+3=,r=8//4. r+3=
k,+,-,6,5,1,11,10,k=6+5,k-1=,k=6+5. k-1=
a,*,//,5,6,2,30,15,a=5*6,a//2=,a=5*6. a//2=
q,-,+,2,5,6,-3,3,q=2-5,q+6=,q=2-5. q+6=
u,//,//,6,5,5,1,0,u=6//5,u//5=,u=6//5. u//5=
e,-,+,5,2,4,3,7,e=5-2,e+4=,e=5-2. e+4=
o,//,//,5,2,2,2,1,o=5//2,o//2=,o=5//2. o//2=
o,*,*,2,3,1,6,6,o=2*3,o*1=,o=2*3. o*1=
s,+,-,6,5,7,11,4,s=6+5,s-7=,s=6+5. s-7=
h,+,//,1,9,9,10,1,h=1+9,h//9=,h=1+9. h//9=
d,//,//,2,7,9,0,0,d=2//7,d//9=,d=2//7. d//9=
x,*,//,1,4,5,4,0,x=1*4,x//5=,x=1*4. x//5=
w,+,-,9,1,7,10,3,w=9+1,w-7=,w=9+1. w-7=
b,*,+,8,5,4,40,44,b=8*5,b+4=,b=8*5. b+4=
i,-,*,1,2,1,-1,-1,i=1-2,i*1=,i=1-2. i*1=
l,//,+,3,8,1,0,1,l=3//8,l+1=,l=3//8. l+1=
i,//,+,2,7,2,0,2,i=2//7,i+2=,i=2//7. i+2=
d,+,*,3,9,1,12,12,d=3+9,d*1=,d=3+9. d*1=
c,-,-,5,1,8,4,-4,c=5-1,c-8=,c=5-1. c-8=
k,//,-,5,5,4,1,-3,k=5//5,k-4=,k=5//5. k-4=
z,*,//,1,1,9,1,0,z=1*1,z//9=,z=1*1. z//9=
b,*,-,7,1,8,7,-1,b=7*1,b-8=,b=7*1. b-8=
r,+,*,1,2,9,3,27,r=1+2,r*9=,r=1+2. r*9=
v,//,//,8,7,1,1,1,v=8//7,v//1=,v=8//7. v//1=
l,+,+,2,8,8,10,18,l=2+8,l+8=,l=2+8. l+8=
a,+,+,4,9,9,13,22,a=4+9,a+9=,a=4+9. a+9=
c,-,*,9,4,9,5,45,c=9-4,c*9=,c=9-4. c*9=
p,+,+,3,9,7,12,19,p=3+9,p+7=,p=3+9. p+7=
m,-,-,2,1,7,1,-6,m=2-1,m-7=,m=2-1. m-7=
i,//,*,2,8,3,0,0,i=2//8,i*3=,i=2//8. i*3=
f,*,*,6,9,5,54,270,f=6*9,f*5=,f=6*9. f*5=
j,//,+,1,9,2,0,2,j=1//9,j+2=,j=1//9. j+2=
k,-,+,5,1,2,4,6,k=5-1,k+2=,k=5-1. k+2=
l,-,-,1,9,5,-8,-13,l=1-9,l-5=,l=1-9. l-5=
c,+,-,3,4,9,7,-2,c=3+4,c-9=,c=3+4. c-9=
n,*,*,6,7,2,42,84,n=6*7,n*2=,n=6*7. n*2=
v,//,*,8,4,2,2,4,v=8//4,v*2=,v=8//4. v*2=
l,*,+,4,8,1,32,33,l=4*8,l+1=,l=4*8. l+1=
x,-,*,5,7,7,-2,-14,x=5-7,x*7=,x=5-7. x*7=
k,//,*,3,9,9,0,0,k=3//9,k*9=,k=3//9. k*9=
v,+,*,3,2,7,5,35,v=3+2,v*7=,v=3+2. v*7=
u,+,-,1,3,7,4,-3,u=1+3,u-7=,u=1+3. u-7=
q,-,+,9,2,9,7,16,q=9-2,q+9=,q=9-2. q+9=
c,*,+,6,5,9,30,39,c=6*5,c+9=,c=6*5. c+9=
z,+,-,5,1,6,6,0,z=5+1,z-6=,z=5+1. z-6=
y,*,+,1,4,1,4,5,y=1*4,y+1=,y=1*4. y+1=
o,+,+,9,2,5,11,16,o=9+2,o+5=,o=9+2. o+5=
z,*,-,1,5,3,5,2,z=1*5,z-3=,z=1*5. z-3=
t,-,*,3,7,3,-4,-12,t=3-7,t*3=,t=3-7. t*3=
o,+,-,5,5,6,10,4,o=5+5,o-6=,o=5+5. o-6=
o,//,-,2,4,6,0,-6,o=2//4,o-6=,o=2//4. o-6=
u,+,+,2,2,5,4,9,u=2+2,u+5=,u=2+2. u+5=
o,-,//,9,9,2,0,0,o=9-9,o//2=,o=9-9. o//2=
r,+,//,7,4,3,11,3,r=7+4,r//3=,r=7+4. r//3=
z,-,//,3,6,9,-3,-1,z=3-6,z//9=,z=3-6. z//9=
t,-,//,1,6,4,-5,-2,t=1-6,t//4=,t=1-6. t//4=
l,//,*,9,9,5,1,5,l=9//9,l*5=,l=9//9. l*5=
f,*,+,5,9,9,45,54,f=5*9,f+9=,f=5*9. f+9=
u,*,-,7,5,1,35,34,u=7*5,u-1=,u=7*5. u-1=
t,//,//,7,8,9,0,0,t=7//8,t//9=,t=7//8. t//9=
a,*,//,8,4,9,32,3,a=8*4,a//9=,a=8*4. a//9=
k,-,//,6,2,5,4,0,k=6-2,k//5=,k=6-2. k//5=
b,*,-,4,1,9,4,-5,b=4*1,b-9=,b=4*1. b-9=
n,+,*,3,2,8,5,40,n=3+2,n*8=,n=3+2. n*8=
q,-,+,9,2,5,7,12,q=9-2,q+5=,q=9-2. q+5=
l,//,*,8,7,9,1,9,l=8//7,l*9=,l=8//7. l*9=
p,*,+,7,5,2,35,37,p=7*5,p+2=,p=7*5. p+2=
q,+,-,1,6,7,7,0,q=1+6,q-7=,q=1+6. q-7=
j,//,-,6,8,9,0,-9,j=6//8,j-9=,j=6//8. j-9=
t,*,*,9,5,1,45,45,t=9*5,t*1=,t=9*5. t*1=
r,//,+,8,6,5,1,6,r=8//6,r+5=,r=8//6. r+5=
o,+,//,8,2,4,10,2,o=8+2,o//4=,o=8+2. o//4=
q,-,//,6,1,1,5,5,q=6-1,q//1=,q=6-1. q//1=
r,+,-,3,7,7,10,3,r=3+7,r-7=,r=3+7. r-7=
e,//,//,1,4,1,0,0,e=1//4,e//1=,e=1//4. e//1=
y,*,+,6,7,9,42,51,y=6*7,y+9=,y=6*7. y+9=
d,//,+,6,1,4,6,10,d=6//1,d+4=,d=6//1. d+4=
v,+,//,3,2,4,5,1,v=3+2,v//4=,v=3+2. v//4=
g,*,-,9,2,7,18,11,g=9*2,g-7=,g=9*2. g-7=
j,-,//,8,4,7,4,0,j=8-4,j//7=,j=8-4. j//7=
k,+,+,4,9,6,13,19,k=4+9,k+6=,k=4+9. k+6=
d,-,+,8,4,1,4,5,d=8-4,d+1=,d=8-4. d+1=
n,//,//,6,4,3,1,0,n=6//4,n//3=,n=6//4. n//3=
h,*,-,1,2,5,2,-3,h=1*2,h-5=,h=1*2. h-5=
z,//,-,4,2,7,2,-5,z=4//2,z-7=,z=4//2. z-7=
g,-,//,2,8,8,-6,-1,g=2-8,g//8=,g=2-8. g//8=
v,+,+,5,1,1,6,7,v=5+1,v+1=,v=5+1. v+1=
s,//,//,7,8,1,0,0,s=7//8,s//1=,s=7//8. s//1=
w,+,-,5,3,9,8,-1,w=5+3,w-9=,w=5+3. w-9=
c,//,+,6,4,1,1,2,c=6//4,c+1=,c=6//4. c+1=
k,+,//,4,5,7,9,1,k=4+5,k//7=,k=4+5. k//7=
t,-,-,9,7,8,2,-6,t=9-7,t-8=,t=9-7. t-8=
a,+,*,5,1,5,6,30,a=5+1,a*5=,a=5+1. a*5=
n,//,//,1,9,9,0,0,n=1//9,n//9=,n=1//9. n//9=
l,*,//,8,9,8,72,9,l=8*9,l//8=,l=8*9. l//8=
z,-,*,6,8,7,-2,-14,z=6-8,z*7=,z=6-8. z*7=
c,//,+,2,9,7,0,7,c=2//9,c+7=,c=2//9. c+7=
p,*,-,4,2,4,8,4,p=4*2,p-4=,p=4*2. p-4=
u,*,+,8,3,9,24,33,u=8*3,u+9=,u=8*3. u+9=
a,*,//,3,1,7,3,0,a=3*1,a//7=,a=3*1. a//7=
h,+,-,9,5,1,14,13,h=9+5,h-1=,h=9+5. h-1=
h,//,+,8,6,9,1,10,h=8//6,h+9=,h=8//6. h+9=
y,//,//,4,8,2,0,0,y=4//8,y//2=,y=4//8. y//2=
g,//,+,8,1,2,8,10,g=8//1,g+2=,g=8//1. g+2=
j,-,//,9,2,2,7,3,j=9-2,j//2=,j=9-2. j//2=
x,*,+,2,6,2,12,14,x=2*6,x+2=,x=2*6. x+2=
t,+,*,7,5,6,12,72,t=7+5,t*6=,t=7+5. t*6=
e,-,//,9,4,3,5,1,e=9-4,e//3=,e=9-4. e//3=
s,//,//,9,3,6,3,0,s=9//3,s//6=,s=9//3. s//6=
g,+,-,2,8,1,10,9,g=2+8,g-1=,g=2+8. g-1=
z,//,//,1,9,6,0,0,z=1//9,z//6=,z=1//9. z//6=
y,+,*,4,2,2,6,12,y=4+2,y*2=,y=4+2. y*2=
i,+,//,6,2,8,8,1,i=6+2,i//8=,i=6+2. i//8=
a,*,+,9,6,4,54,58,a=9*6,a+4=,a=9*6. a+4=
t,*,*,8,8,5,64,320,t=8*8,t*5=,t=8*8. t*5=
d,-,-,5,6,7,-1,-8,d=5-6,d-7=,d=5-6. d-7=
j,//,+,2,4,5,0,5,j=2//4,j+5=,j=2//4. j+5=
i,-,//,6,8,6,-2,-1,i=6-8,i//6=,i=6-8. i//6=
o,+,//,1,5,5,6,1,o=1+5,o//5=,o=1+5. o//5=
q,//,//,5,6,5,0,0,q=5//6,q//5=,q=5//6. q//5=
r,-,//,5,6,9,-1,-1,r=5-6,r//9=,r=5-6. r//9=
r,-,-,1,8,7,-7,-14,r=1-8,r-7=,r=1-8. r-7=
k,-,//,9,3,4,6,1,k=9-3,k//4=,k=9-3. k//4=
h,+,//,1,8,9,9,1,h=1+8,h//9=,h=1+8. h//9=
u,*,+,1,3,5,3,8,u=1*3,u+5=,u=1*3. u+5=
x,-,-,2,9,2,-7,-9,x=2-9,x-2=,x=2-9. x-2=
v,*,*,7,6,2,42,84,v=7*6,v*2=,v=7*6. v*2=
b,//,-,9,5,2,1,-1,b=9//5,b-2=,b=9//5. b-2=
t,+,+,7,2,1,9,10,t=7+2,t+1=,t=7+2. t+1=
w,-,//,8,8,5,0,0,w=8-8,w//5=,w=8-8. w//5=
y,*,//,4,3,9,12,1,y=4*3,y//9=,y=4*3. y//9=
w,//,-,9,9,8,1,-7,w=9//9,w-8=,w=9//9. w-8=
q,*,+,5,8,5,40,45,q=5*8,q+5=,q=5*8. q+5=
x,-,*,8,6,7,2,14,x=8-6,x*7=,x=8-6. x*7=
n,*,-,5,7,5,35,30,n=5*7,n-5=,n=5*7. n-5=
x,*,+,7,9,1,63,64,x=7*9,x+1=,x=7*9. x+1=
o,+,//,9,1,5,10,2,o=9+1,o//5=,o=9+1. o//5=
k,+,//,8,6,2,14,7,k=8+6,k//2=,k=8+6. k//2=
g,//,//,9,7,3,1,0,g=9//7,g//3=,g=9//7. g//3=
t,*,+,2,9,9,18,27,t=2*9,t+9=,t=2*9. t+9=
x,-,//,3,5,5,-2,-1,x=3-5,x//5=,x=3-5. x//5=
b,-,//,3,5,3,-2,-1,b=3-5,b//3=,b=3-5. b//3=
l,+,-,1,7,2,8,6,l=1+7,l-2=,l=1+7. l-2=
x,//,-,7,6,8,1,-7,x=7//6,x-8=,x=7//6. x-8=
q,-,//,8,6,8,2,0,q=8-6,q//8=,q=8-6. q//8=
s,//,-,5,3,2,1,-1,s=5//3,s-2=,s=5//3. s-2=
h,+,+,1,3,2,4,6,h=1+3,h+2=,h=1+3. h+2=
k,*,-,2,8,8,16,8,k=2*8,k-8=,k=2*8. k-8=
v,*,-,5,3,4,15,11,v=5*3,v-4=,v=5*3. v-4=
y,//,//,2,4,2,0,0,y=2//4,y//2=,y=2//4. y//2=
n,-,-,7,9,5,-2,-7,n=7-9,n-5=,n=7-9. n-5=
s,-,//,4,6,1,-2,-2,s=4-6,s//1=,s=4-6. s//1=
i,//,-,2,1,2,2,0,i=2//1,i-2=,i=2//1. i-2=
d,//,+,6,5,1,1,2,d=6//5,d+1=,d=6//5. d+1=
x,*,//,5,2,9,10,1,x=5*2,x//9=,x=5*2. x//9=
o,*,*,6,3,6,18,108,o=6*3,o*6=,o=6*3. o*6=
l,+,+,6,3,9,9,18,l=6+3,l+9=,l=6+3. l+9=
a,-,-,5,4,3,1,-2,a=5-4,a-3=,a=5-4. a-3=
z,*,*,4,5,1,20,20,z=4*5,z*1=,z=4*5. z*1=
l,//,//,8,8,9,1,0,l=8//8,l//9=,l=8//8. l//9=
a,+,*,1,2,9,3,27,a=1+2,a*9=,a=1+2. a*9=
b,+,-,9,1,7,10,3,b=9+1,b-7=,b=9+1. b-7=
o,//,+,4,9,7,0,7,o=4//9,o+7=,o=4//9. o+7=
z,*,//,8,5,3,40,13,z=8*5,z//3=,z=8*5. z//3=
o,+,-,4,4,6,8,2,o=4+4,o-6=,o=4+4. o-6=
r,*,//,4,4,9,16,1,r=4*4,r//9=,r=4*4. r//9=
z,*,//,5,2,9,10,1,z=5*2,z//9=,z=5*2. z//9=
q,//,*,7,4,9,1,9,q=7//4,q*9=,q=7//4. q*9=
e,-,+,5,6,7,-1,6,e=5-6,e+7=,e=5-6. e+7=
z,*,+,5,9,3,45,48,z=5*9,z+3=,z=5*9. z+3=
k,-,//,1,4,3,-3,-1,k=1-4,k//3=,k=1-4. k//3=
x,-,-,7,2,2,5,3,x=7-2,x-2=,x=7-2. x-2=
e,-,-,2,6,4,-4,-8,e=2-6,e-4=,e=2-6. e-4=
d,*,*,1,3,8,3,24,d=1*3,d*8=,d=1*3. d*8=
z,+,*,9,2,2,11,22,z=9+2,z*2=,z=9+2. z*2=
c,+,-,1,3,8,4,-4,c=1+3,c-8=,c=1+3. c-8=
a,-,-,8,9,2,-1,-3,a=8-9,a-2=,a=8-9. a-2=
k,-,//,6,2,1,4,4,k=6-2,k//1=,k=6-2. k//1=
s,+,-,6,8,9,14,5,s=6+8,s-9=,s=6+8. s-9=
w,*,-,6,8,6,48,42,w=6*8,w-6=,w=6*8. w-6=
u,*,//,9,1,9,9,1,u=9*1,u//9=,u=9*1. u//9=
t,*,//,4,6,9,24,2,t=4*6,t//9=,t=4*6. t//9=
z,*,-,6,1,9,6,-3,z=6*1,z-9=,z=6*1. z-9=
e,+,//,6,3,5,9,1,e=6+3,e//5=,e=6+3. e//5=
i,//,*,4,5,1,0,0,i=4//5,i*1=,i=4//5. i*1=
y,-,//,6,5,3,1,0,y=6-5,y//3=,y=6-5. y//3=
v,-,-,4,4,8,0,-8,v=4-4,v-8=,v=4-4. v-8=
c,-,//,9,2,7,7,1,c=9-2,c//7=,c=9-2. c//7=
z,-,//,9,1,1,8,8,z=9-1,z//1=,z=9-1. z//1=
s,//,*,8,7,5,1,5,s=8//7,s*5=,s=8//7. s*5=
q,+,+,5,3,2,8,10,q=5+3,q+2=,q=5+3. q+2=
s,-,+,6,5,5,1,6,s=6-5,s+5=,s=6-5. s+5=
u,*,//,6,5,1,30,30,u=6*5,u//1=,u=6*5. u//1=
t,*,*,5,2,8,10,80,t=5*2,t*8=,t=5*2. t*8=
v,-,*,4,2,5,2,10,v=4-2,v*5=,v=4-2. v*5=
c,-,//,3,5,7,-2,-1,c=3-5,c//7=,c=3-5. c//7=
h,//,//,6,2,1,3,3,h=6//2,h//1=,h=6//2. h//1=
w,*,//,9,1,6,9,1,w=9*1,w//6=,w=9*1. w//6=
h,-,-,8,5,3,3,0,h=8-5,h-3=,h=8-5. h-3=
z,-,*,3,6,2,-3,-6,z=3-6,z*2=,z=3-6. z*2=
f,-,+,2,8,6,-6,0,f=2-8,f+6=,f=2-8. f+6=
r,+,+,3,5,9,8,17,r=3+5,r+9=,r=3+5. r+9=
j,+,*,1,9,2,10,20,j=1+9,j*2=,j=1+9. j*2=
q,+,//,8,7,5,15,3,q=8+7,q//5=,q=8+7. q//5=
r,//,+,6,5,4,1,5,r=6//5,r+4=,r=6//5. r+4=
j,-,-,6,5,8,1,-7,j=6-5,j-8=,j=6-5. j-8=
y,+,*,7,7,6,14,84,y=7+7,y*6=,y=7+7. y*6=
f,*,//,7,6,6,42,7,f=7*6,f//6=,f=7*6. f//6=
u,//,+,4,7,3,0,3,u=4//7,u+3=,u=4//7. u+3=
a,//,+,1,9,8,0,8,a=1//9,a+8=,a=1//9. a+8=
v,-,+,5,4,8,1,9,v=5-4,v+8=,v=5-4. v+8=
j,-,//,8,5,8,3,0,j=8-5,j//8=,j=8-5. j//8=
f,-,-,7,1,9,6,-3,f=7-1,f-9=,f=7-1. f-9=
n,+,-,3,4,7,7,0,n=3+4,n-7=,n=3+4. n-7=
e,-,+,5,3,3,2,5,e=5-3,e+3=,e=5-3. e+3=
o,//,//,8,1,6,8,1,o=8//1,o//6=,o=8//1. o//6=
x,*,//,7,4,5,28,5,x=7*4,x//5=,x=7*4. x//5=
h,//,//,6,7,6,0,0,h=6//7,h//6=,h=6//7. h//6=
o,+,*,2,3,8,5,40,o=2+3,o*8=,o=2+3. o*8=
y,//,-,9,4,8,2,-6,y=9//4,y-8=,y=9//4. y-8=
l,//,+,6,5,7,1,8,l=6//5,l+7=,l=6//5. l+7=
m,+,-,2,1,3,3,0,m=2+1,m-3=,m=2+1. m-3=
y,//,+,2,9,7,0,7,y=2//9,y+7=,y=2//9. y+7=
v,*,*,8,3,1,24,24,v=8*3,v*1=,v=8*3. v*1=
x,*,//,1,7,4,7,1,x=1*7,x//4=,x=1*7. x//4=
g,*,+,4,5,7,20,27,g=4*5,g+7=,g=4*5. g+7=
j,-,*,5,4,3,1,3,j=5-4,j*3=,j=5-4. j*3=
n,-,-,3,1,1,2,1,n=3-1,n-1=,n=3-1. n-1=
x,*,-,3,7,8,21,13,x=3*7,x-8=,x=3*7. x-8=
i,//,//,2,9,3,0,0,i=2//9,i//3=,i=2//9. i//3=
l,*,//,4,8,8,32,4,l=4*8,l//8=,l=4*8. l//8=
v,//,+,2,4,6,0,6,v=2//4,v+6=,v=2//4. v+6=
n,*,+,5,6,9,30,39,n=5*6,n+9=,n=5*6. n+9=
j,-,+,2,5,8,-3,5,j=2-5,j+8=,j=2-5. j+8=
b,*,*,3,6,4,18,72,b=3*6,b*4=,b=3*6. b*4=
f,+,//,2,3,3,5,1,f=2+3,f//3=,f=2+3. f//3=
m,*,+,4,5,6,20,26,m=4*5,m+6=,m=4*5. m+6=
z,//,-,6,2,7,3,-4,z=6//2,z-7=,z=6//2. z-7=
d,+,*,1,3,3,4,12,d=1+3,d*3=,d=1+3. d*3=
h,-,//,1,9,4,-8,-2,h=1-9,h//4=,h=1-9. h//4=
o,*,+,6,2,7,12,19,o=6*2,o+7=,o=6*2. o+7=
d,*,+,2,8,5,16,21,d=2*8,d+5=,d=2*8. d+5=
h,*,*,9,8,5,72,360,h=9*8,h*5=,h=9*8. h*5=
n,+,*,6,4,4,10,40,n=6+4,n*4=,n=6+4. n*4=
u,+,+,6,3,4,9,13,u=6+3,u+4=,u=6+3. u+4=
c,+,*,1,2,9,3,27,c=1+2,c*9=,c=1+2. c*9=
m,+,-,4,4,9,8,-1,m=4+4,m-9=,m=4+4. m-9=
p,*,//,3,5,2,15,7,p=3*5,p//2=,p=3*5. p//2=
p,-,-,5,4,3,1,-2,p=5-4,p-3=,p=5-4. p-3=
f,//,*,2,5,8,0,0,f=2//5,f*8=,f=2//5. f*8=
h,*,-,7,7,5,49,44,h=7*7,h-5=,h=7*7. h-5=
w,//,*,6,6,1,1,1,w=6//6,w*1=,w=6//6. w*1=
m,//,//,7,2,2,3,1,m=7//2,m//2=,m=7//2. m//2=
f,+,+,7,1,5,8,13,f=7+1,f+5=,f=7+1. f+5=
z,+,//,6,9,9,15,1,z=6+9,z//9=,z=6+9. z//9=
l,//,+,2,1,8,2,10,l=2//1,l+8=,l=2//1. l+8=
f,*,+,4,9,4,36,40,f=4*9,f+4=,f=4*9. f+4=
v,*,-,2,4,1,8,7,v=2*4,v-1=,v=2*4. v-1=
p,+,+,5,4,6,9,15,p=5+4,p+6=,p=5+4. p+6=
c,*,+,3,7,3,21,24,c=3*7,c+3=,c=3*7. c+3=
l,*,+,7,2,6,14,20,l=7*2,l+6=,l=7*2. l+6=
r,*,*,4,8,9,32,288,r=4*8,r*9=,r=4*8. r*9=
x,+,+,1,1,2,2,4,x=1+1,x+2=,x=1+1. x+2=
l,//,-,5,8,5,0,-5,l=5//8,l-5=,l=5//8. l-5=
r,//,//,6,9,9,0,0,r=6//9,r//9=,r=6//9. r//9=
p,+,+,8,4,6,12,18,p=8+4,p+6=,p=8+4. p+6=
c,*,+,2,2,5,4,9,c=2*2,c+5=,c=2*2. c+5=
p,*,+,5,9,3,45,48,p=5*9,p+3=,p=5*9. p+3=
c,+,*,8,6,3,14,42,c=8+6,c*3=,c=8+6. c*3=
p,//,*,4,8,2,0,0,p=4//8,p*2=,p=4//8. p*2=
q,-,*,8,6,1,2,2,q=8-6,q*1=,q=8-6. q*1=
i,+,+,7,3,9,10,19,i=7+3,i+9=,i=7+3. i+9=
v,+,-,4,5,1,9,8,v=4+5,v-1=,v=4+5. v-1=
d,*,-,7,3,3,21,18,d=7*3,d-3=,d=7*3. d-3=
v,-,*,7,9,1,-2,-2,v=7-9,v*1=,v=7-9. v*1=
f,*,*,3,9,8,27,216,f=3*9,f*8=,f=3*9. f*8=
h,*,-,5,7,3,35,32,h=5*7,h-3=,h=5*7. h-3=
j,*,//,9,8,2,72,36,j=9*8,j//2=,j=9*8. j//2=
d,+,-,3,8,3,11,8,d=3+8,d-3=,d=3+8. d-3=
z,*,*,6,9,9,54,486,z=6*9,z*9=,z=6*9. z*9=
e,*,*,9,8,4,72,288,e=9*8,e*4=,e=9*8. e*4=
d,-,+,2,3,7,-1,6,d=2-3,d+7=,d=2-3. d+7=
k,-,-,1,4,8,-3,-11,k=1-4,k-8=,k=1-4. k-8=
t,+,//,3,1,3,4,1,t=3+1,t//3=,t=3+1. t//3=
h,+,//,4,9,9,13,1,h=4+9,h//9=,h=4+9. h//9=
l,-,*,9,1,5,8,40,l=9-1,l*5=,l=9-1. l*5=
r,//,+,4,3,5,1,6,r=4//3,r+5=,r=4//3. r+5=
i,*,//,3,3,4,9,2,i=3*3,i//4=,i=3*3. i//4=
l,-,+,8,4,8,4,12,l=8-4,l+8=,l=8-4. l+8=
d,//,*,2,1,3,2,6,d=2//1,d*3=,d=2//1. d*3=
y,//,*,7,7,4,1,4,y=7//7,y*4=,y=7//7. y*4=
d,-,*,1,9,6,-8,-48,d=1-9,d*6=,d=1-9. d*6=
p,+,//,5,4,6,9,1,p=5+4,p//6=,p=5+4. p//6=
p,*,*,8,6,8,48,384,p=8*6,p*8=,p=8*6. p*8=
e,//,*,1,9,6,0,0,e=1//9,e*6=,e=1//9. e*6=
w,*,//,9,9,6,81,13,w=9*9,w//6=,w=9*9. w//6=
c,*,*,2,6,6,12,72,c=2*6,c*6=,c=2*6. c*6=
x,*,-,9,8,2,72,70,x=9*8,x-2=,x=9*8. x-2=
f,-,+,1,2,4,-1,3,f=1-2,f+4=,f=1-2. f+4=
b,-,-,8,1,4,7,3,b=8-1,b-4=,b=8-1. b-4=
n,//,+,3,9,1,0,1,n=3//9,n+1=,n=3//9. n+1=
v,+,+,6,5,7,11,18,v=6+5,v+7=,v=6+5. v+7=
r,+,-,9,7,1,16,15,r=9+7,r-1=,r=9+7. r-1=
r,//,*,1,3,5,0,0,r=1//3,r*5=,r=1//3. r*5=
s,*,-,8,2,7,16,9,s=8*2,s-7=,s=8*2. s-7=
m,*,*,3,6,2,18,36,m=3*6,m*2=,m=3*6. m*2=
a,-,+,7,7,6,0,6,a=7-7,a+6=,a=7-7. a+6=
w,//,//,7,3,9,2,0,w=7//3,w//9=,w=7//3. w//9=
e,+,*,2,7,5,9,45,e=2+7,e*5=,e=2+7. e*5=
n,//,-,8,3,1,2,1,n=8//3,n-1=,n=8//3. n-1=
d,//,*,5,5,8,1,8,d=5//5,d*8=,d=5//5. d*8=
x,-,+,4,3,5,1,6,x=4-3,x+5=,x=4-3. x+5=
b,-,+,9,6,5,3,8,b=9-6,b+5=,b=9-6. b+5=
m,*,+,2,2,8,4,12,m=2*2,m+8=,m=2*2. m+8=
a,*,*,7,1,6,7,42,a=7*1,a*6=,a=7*1. a*6=
z,*,//,5,8,3,40,13,z=5*8,z//3=,z=5*8. z//3=
c,//,-,6,5,4,1,-3,c=6//5,c-4=,c=6//5. c-4=
m,//,//,2,6,2,0,0,m=2//6,m//2=,m=2//6. m//2=
m,//,+,1,9,5,0,5,m=1//9,m+5=,m=1//9. m+5=
i,*,*,7,2,2,14,28,i=7*2,i*2=,i=7*2. i*2=
r,*,+,7,6,8,42,50,r=7*6,r+8=,r=7*6. r+8=
i,*,-,6,1,9,6,-3,i=6*1,i-9=,i=6*1. i-9=
d,+,//,6,8,9,14,1,d=6+8,d//9=,d=6+8. d//9=
t,+,+,6,9,1,15,16,t=6+9,t+1=,t=6+9. t+1=
e,*,*,5,4,8,20,160,e=5*4,e*8=,e=5*4. e*8=
c,-,+,9,1,3,8,11,c=9-1,c+3=,c=9-1. c+3=
v,-,*,4,8,5,-4,-20,v=4-8,v*5=,v=4-8. v*5=
f,+,-,6,2,2,8,6,f=6+2,f-2=,f=6+2. f-2=
i,+,//,8,4,5,12,2,i=8+4,i//5=,i=8+4. i//5=
n,*,+,2,2,9,4,13,n=2*2,n+9=,n=2*2. n+9=
a,//,//,7,7,1,1,1,a=7//7,a//1=,a=7//7. a//1=
j,-,-,9,6,3,3,0,j=9-6,j-3=,j=9-6. j-3=
o,-,*,5,6,6,-1,-6,o=5-6,o*6=,o=5-6. o*6=
c,//,+,2,6,3,0,3,c=2//6,c+3=,c=2//6. c+3=
v,-,+,4,6,1,-2,-1,v=4-6,v+1=,v=4-6. v+1=
d,//,+,3,7,3,0,3,d=3//7,d+3=,d=3//7. d+3=
l,*,+,3,1,3,3,6,l=3*1,l+3=,l=3*1. l+3=
v,-,-,2,8,3,-6,-9,v=2-8,v-3=,v=2-8. v-3=
v,+,//,1,1,4,2,0,v=1+1,v//4=,v=1+1. v//4=
d,+,*,1,3,5,4,20,d=1+3,d*5=,d=1+3. d*5=
n,+,*,6,6,4,12,48,n=6+6,n*4=,n=6+6. n*4=
z,-,-,6,6,8,0,-8,z=6-6,z-8=,z=6-6. z-8=
z,-,//,1,1,4,0,0,z=1-1,z//4=,z=1-1. z//4=
z,+,//,9,5,1,14,14,z=9+5,z//1=,z=9+5. z//1=
m,+,*,6,3,9,9,81,m=6+3,m*9=,m=6+3. m*9=
x,*,+,9,5,2,45,47,x=9*5,x+2=,x=9*5. x+2=
d,+,+,9,4,7,13,20,d=9+4,d+7=,d=9+4. d+7=
e,*,+,9,2,8,18,26,e=9*2,e+8=,e=9*2. e+8=
p,*,//,8,7,3,56,18,p=8*7,p//3=,p=8*7. p//3=
u,//,//,6,9,1,0,0,u=6//9,u//1=,u=6//9. u//1=
d,+,*,4,8,7,12,84,d=4+8,d*7=,d=4+8. d*7=
i,//,//,2,7,4,0,0,i=2//7,i//4=,i=2//7. i//4=
q,+,+,1,9,3,10,13,q=1+9,q+3=,q=1+9. q+3=
a,*,-,2,3,8,6,-2,a=2*3,a-8=,a=2*3. a-8=
r,+,-,7,7,5,14,9,r=7+7,r-5=,r=7+7. r-5=
w,+,+,4,4,1,8,9,w=4+4,w+1=,w=4+4. w+1=
h,+,+,3,9,6,12,18,h=3+9,h+6=,h=3+9. h+6=
o,-,+,9,2,8,7,15,o=9-2,o+8=,o=9-2. o+8=
j,*,+,6,5,7,30,37,j=6*5,j+7=,j=6*5. j+7=
z,*,-,7,2,4,14,10,z=7*2,z-4=,z=7*2. z-4=
y,+,//,4,8,4,12,3,y=4+8,y//4=,y=4+8. y//4=
i,//,-,4,8,8,0,-8,i=4//8,i-8=,i=4//8. i-8=
u,+,+,1,1,9,2,11,u=1+1,u+9=,u=1+1. u+9=
y,//,+,3,9,1,0,1,y=3//9,y+1=,y=3//9. y+1=
o,-,*,2,7,9,-5,-45,o=2-7,o*9=,o=2-7. o*9=
h,+,*,7,1,9,8,72,h=7+1,h*9=,h=7+1. h*9=
y,-,+,2,2,3,0,3,y=2-2,y+3=,y=2-2. y+3=
l,*,*,4,3,1,12,12,l=4*3,l*1=,l=4*3. l*1=
i,+,*,1,8,1,9,9,i=1+8,i*1=,i=1+8. i*1=
k,-,*,5,4,9,1,9,k=5-4,k*9=,k=5-4. k*9=
c,//,*,2,1,7,2,14,c=2//1,c*7=,c=2//1. c*7=
z,-,+,7,5,4,2,6,z=7-5,z+4=,z=7-5. z+4=
u,+,-,5,7,1,12,11,u=5+7,u-1=,u=5+7. u-1=
n,//,//,7,5,8,1,0,n=7//5,n//8=,n=7//5. n//8=
r,//,+,1,7,5,0,5,r=1//7,r+5=,r=1//7. r+5=
u,-,*,2,8,5,-6,-30,u=2-8,u*5=,u=2-8. u*5=
m,//,+,8,9,8,0,8,m=8//9,m+8=,m=8//9. m+8=
b,+,*,6,1,6,7,42,b=6+1,b*6=,b=6+1. b*6=
s,//,//,3,3,2,1,0,s=3//3,s//2=,s=3//3. s//2=
k,+,//,9,9,3,18,6,k=9+9,k//3=,k=9+9. k//3=
d,+,+,8,1,4,9,13,d=8+1,d+4=,d=8+1. d+4=
s,*,*,4,5,5,20,100,s=4*5,s*5=,s=4*5. s*5=
v,-,-,8,7,7,1,-6,v=8-7,v-7=,v=8-7. v-7=
o,-,+,5,1,6,4,10,o=5-1,o+6=,o=5-1. o+6=
b,+,//,5,7,1,12,12,b=5+7,b//1=,b=5+7. b//1=
n,-,-,5,3,5,2,-3,n=5-3,n-5=,n=5-3. n-5=
y,//,+,2,7,7,0,7,y=2//7,y+7=,y=2//7. y+7=
b,//,//,5,5,8,1,0,b=5//5,b//8=,b=5//5. b//8=
h,+,*,8,7,9,15,135,h=8+7,h*9=,h=8+7. h*9=
j,*,-,5,1,6,5,-1,j=5*1,j-6=,j=5*1. j-6=
h,+,*,3,1,7,4,28,h=3+1,h*7=,h=3+1. h*7=
q,-,*,7,8,7,-1,-7,q=7-8,q*7=,q=7-8. q*7=
l,+,-,3,4,5,7,2,l=3+4,l-5=,l=3+4. l-5=
e,+,+,1,7,4,8,12,e=1+7,e+4=,e=1+7. e+4=
z,//,//,2,7,9,0,0,z=2//7,z//9=,z=2//7. z//9=
b,//,*,1,4,6,0,0,b=1//4,b*6=,b=1//4. b*6=
l,*,-,6,8,7,48,41,l=6*8,l-7=,l=6*8. l-7=
w,+,+,3,2,5,5,10,w=3+2,w+5=,w=3+2. w+5=
b,//,-,5,4,5,1,-4,b=5//4,b-5=,b=5//4. b-5=
r,//,-,2,4,8,0,-8,r=2//4,r-8=,r=2//4. r-8=
m,-,+,9,7,9,2,11,m=9-7,m+9=,m=9-7. m+9=
a,*,//,9,4,2,36,18,a=9*4,a//2=,a=9*4. a//2=
c,+,*,3,1,1,4,4,c=3+1,c*1=,c=3+1. c*1=
b,-,+,3,1,8,2,10,b=3-1,b+8=,b=3-1. b+8=
d,*,*,3,4,7,12,84,d=3*4,d*7=,d=3*4. d*7=
z,+,+,2,4,3,6,9,z=2+4,z+3=,z=2+4. z+3=
c,+,+,2,7,9,9,18,c=2+7,c+9=,c=2+7. c+9=
y,+,*,5,4,8,9,72,y=5+4,y*8=,y=5+4. y*8=
w,+,//,4,5,4,9,2,w=4+5,w//4=,w=4+5. w//4=
w,+,//,6,7,6,13,2,w=6+7,w//6=,w=6+7. w//6=
f,*,+,6,4,4,24,28,f=6*4,f+4=,f=6*4. f+4=
s,//,*,5,4,5,1,5,s=5//4,s*5=,s=5//4. s*5=
s,-,-,8,3,4,5,1,s=8-3,s-4=,s=8-3. s-4=
r,//,*,4,2,5,2,10,r=4//2,r*5=,r=4//2. r*5=
x,//,+,2,3,1,0,1,x=2//3,x+1=,x=2//3. x+1=
q,*,+,5,5,9,25,34,q=5*5,q+9=,q=5*5. q+9=
b,//,//,1,2,8,0,0,b=1//2,b//8=,b=1//2. b//8=
g,*,-,6,9,6,54,48,g=6*9,g-6=,g=6*9. g-6=
m,-,//,3,8,6,-5,-1,m=3-8,m//6=,m=3-8. m//6=
e,-,+,3,2,2,1,3,e=3-2,e+2=,e=3-2. e+2=
v,//,*,1,5,9,0,0,v=1//5,v*9=,v=1//5. v*9=
k,+,*,4,5,8,9,72,k=4+5,k*8=,k=4+5. k*8=
a,//,//,8,9,4,0,0,a=8//9,a//4=,a=8//9. a//4=
o,+,-,8,2,4,10,6,o=8+2,o-4=,o=8+2. o-4=
n,-,+,7,3,2,4,6,n=7-3,n+2=,n=7-3. n+2=
z,*,*,3,2,8,6,48,z=3*2,z*8=,z=3*2. z*8=
h,+,//,3,9,7,12,1,h=3+9,h//7=,h=3+9. h//7=
g,//,+,7,5,1,1,2,g=7//5,g+1=,g=7//5. g+1=
u,-,*,7,1,8,6,48,u=7-1,u*8=,u=7-1. u*8=
y,//,-,7,1,7,7,0,y=7//1,y-7=,y=7//1. y-7=
o,-,//,7,4,4,3,0,o=7-4,o//4=,o=7-4. o//4=
f,+,*,4,6,8,10,80,f=4+6,f*8=,f=4+6. f*8=
k,//,+,7,5,4,1,5,k=7//5,k+4=,k=7//5. k+4=
j,+,//,7,1,8,8,1,j=7+1,j//8=,j=7+1. j//8=
j,+,-,6,4,8,10,2,j=6+4,j-8=,j=6+4. j-8=
q,-,-,1,7,8,-6,-14,q=1-7,q-8=,q=1-7. q-8=
n,*,+,7,2,8,14,22,n=7*2,n+8=,n=7*2. n+8=
k,-,-,2,3,1,-1,-2,k=2-3,k-1=,k=2-3. k-1=
u,-,+,4,4,3,0,3,u=4-4,u+3=,u=4-4. u+3=
j,//,//,7,1,2,7,3,j=7//1,j//2=,j=7//1. j//2=
o,*,//,7,9,3,63,21,o=7*9,o//3=,o=7*9. o//3=
t,//,*,1,3,4,0,0,t=1//3,t*4=,t=1//3. t*4=
i,-,+,1,5,3,-4,-1,i=1-5,i+3=,i=1-5. i+3=
f,-,-,6,4,5,2,-3,f=6-4,f-5=,f=6-4. f-5=
y,*,*,5,1,4,5,20,y=5*1,y*4=,y=5*1. y*4=
d,+,-,9,9,3,18,15,d=9+9,d-3=,d=9+9. d-3=
x,-,//,6,3,5,3,0,x=6-3,x//5=,x=6-3. x//5=
f,+,-,9,7,5,16,11,f=9+7,f-5=,f=9+7. f-5=
j,*,//,1,2,6,2,0,j=1*2,j//6=,j=1*2. j//6=
z,//,-,3,9,1,0,-1,z=3//9,z-1=,z=3//9. z-1=
g,*,*,1,5,7,5,35,g=1*5,g*7=,g=1*5. g*7=
g,*,+,3,6,9,18,27,g=3*6,g+9=,g=3*6. g+9=
c,-,//,2,8,6,-6,-1,c=2-8,c//6=,c=2-8. c//6=
r,*,+,9,6,5,54,59,r=9*6,r+5=,r=9*6. r+5=
q,*,+,6,5,4,30,34,q=6*5,q+4=,q=6*5. q+4=
b,*,+,9,7,6,63,69,b=9*7,b+6=,b=9*7. b+6=
t,-,*,1,6,7,-5,-35,t=1-6,t*7=,t=1-6. t*7=
v,//,+,4,7,7,0,7,v=4//7,v+7=,v=4//7. v+7=
i,-,//,9,4,5,5,1,i=9-4,i//5=,i=9-4. i//5=
o,//,-,6,9,2,0,-2,o=6//9,o-2=,o=6//9. o-2=
w,*,-,6,6,9,36,27,w=6*6,w-9=,w=6*6. w-9=
b,*,+,3,7,5,21,26,b=3*7,b+5=,b=3*7. b+5=
t,*,+,5,6,8,30,38,t=5*6,t+8=,t=5*6. t+8=
k,+,-,8,1,9,9,0,k=8+1,k-9=,k=8+1. k-9=
q,-,//,5,2,5,3,0,q=5-2,q//5=,q=5-2. q//5=
l,-,-,3,3,6,0,-6,l=3-3,l-6=,l=3-3. l-6=
m,*,//,7,2,9,14,1,m=7*2,m//9=,m=7*2. m//9=
c,+,-,7,3,4,10,6,c=7+3,c-4=,c=7+3. c-4=
u,//,//,9,8,3,1,0,u=9//8,u//3=,u=9//8. u//3=
w,-,-,4,3,8,1,-7,w=4-3,w-8=,w=4-3. w-8=
r,+,//,4,4,5,8,1,r=4+4,r//5=,r=4+4. r//5=
y,-,-,8,9,8,-1,-9,y=8-9,y-8=,y=8-9. y-8=
s,*,//,8,6,5,48,9,s=8*6,s//5=,s=8*6. s//5=
c,-,//,8,9,9,-1,-1,c=8-9,c//9=,c=8-9. c//9=
n,+,//,3,3,4,6,1,n=3+3,n//4=,n=3+3. n//4=
p,+,*,7,6,4,13,52,p=7+6,p*4=,p=7+6. p*4=
q,+,-,2,4,2,6,4,q=2+4,q-2=,q=2+4. q-2=
o,*,+,9,2,4,18,22,o=9*2,o+4=,o=9*2. o+4=
n,-,//,6,4,3,2,0,n=6-4,n//3=,n=6-4. n//3=
k,-,+,7,7,2,0,2,k=7-7,k+2=,k=7-7. k+2=
e,*,//,7,6,3,42,14,e=7*6,e//3=,e=7*6. e//3=
t,//,//,6,7,7,0,0,t=6//7,t//7=,t=6//7. t//7=
x,-,-,9,3,5,6,1,x=9-3,x-5=,x=9-3. x-5=
s,+,*,1,5,2,6,12,s=1+5,s*2=,s=1+5. s*2=
k,-,-,9,1,5,8,3,k=9-1,k-5=,k=9-1. k-5=
f,//,*,4,1,6,4,24,f=4//1,f*6=,f=4//1. f*6=
i,//,-,8,8,6,1,-5,i=8//8,i-6=,i=8//8. i-6=
n,-,*,3,7,4,-4,-16,n=3-7,n*4=,n=3-7. n*4=
t,*,-,3,6,2,18,16,t=3*6,t-2=,t=3*6. t-2=
y,+,+,4,5,7,9,16,y=4+5,y+7=,y=4+5. y+7=
r,-,+,6,4,1,2,3,r=6-4,r+1=,r=6-4. r+1=
o,*,+,6,3,9,18,27,o=6*3,o+9=,o=6*3. o+9=
i,-,*,8,7,7,1,7,i=8-7,i*7=,i=8-7. i*7=
s,//,*,1,7,3,0,0,s=1//7,s*3=,s=1//7. s*3=
c,//,+,1,6,9,0,9,c=1//6,c+9=,c=1//6. c+9=
y,*,-,5,5,5,25,20,y=5*5,y-5=,y=5*5. y-5=
x,//,//,4,3,4,1,0,x=4//3,x//4=,x=4//3. x//4=
w,-,-,1,6,3,-5,-8,w=1-6,w-3=,w=1-6. w-3=
z,-,//,2,4,1,-2,-2,z=2-4,z//1=,z=2-4. z//1=
g,+,*,6,6,1,12,12,g=6+6,g*1=,g=6+6. g*1=
r,//,//,8,8,2,1,0,r=8//8,r//2=,r=8//8. r//2=
k,*,*,4,8,6,32,192,k=4*8,k*6=,k=4*8. k*6=
j,*,*,4,1,3,4,12,j=4*1,j*3=,j=4*1. j*3=
o,*,-,7,8,8,56,48,o=7*8,o-8=,o=7*8. o-8=
u,*,+,4,7,3,28,31,u=4*7,u+3=,u=4*7. u+3=
p,*,-,2,6,4,12,8,p=2*6,p-4=,p=2*6. p-4=
w,*,-,1,8,6,8,2,w=1*8,w-6=,w=1*8. w-6=
s,+,+,1,3,5,4,9,s=1+3,s+5=,s=1+3. s+5=
w,*,//,6,2,3,12,4,w=6*2,w//3=,w=6*2. w//3=
i,+,+,9,7,4,16,20,i=9+7,i+4=,i=9+7. i+4=
p,//,-,1,2,8,0,-8,p=1//2,p-8=,p=1//2. p-8=
i,//,*,7,2,1,3,3,i=7//2,i*1=,i=7//2. i*1=
l,-,-,5,1,5,4,-1,l=5-1,l-5=,l=5-1. l-5=
w,//,+,7,8,6,0,6,w=7//8,w+6=,w=7//8. w+6=
g,-,+,5,4,1,1,2,g=5-4,g+1=,g=5-4. g+1=
c,//,-,1,7,3,0,-3,c=1//7,c-3=,c=1//7. c-3=
u,*,-,6,8,1,48,47,u=6*8,u-1=,u=6*8. u-1=
m,*,//,5,5,1,25,25,m=5*5,m//1=,m=5*5. m//1=
t,*,+,8,7,5,56,61,t=8*7,t+5=,t=8*7. t+5=
q,-,*,7,2,2,5,10,q=7-2,q*2=,q=7-2. q*2=
d,-,*,9,9,4,0,0,d=9-9,d*4=,d=9-9. d*4=
y,//,+,8,5,6,1,7,y=8//5,y+6=,y=8//5. y+6=
g,//,-,5,6,7,0,-7,g=5//6,g-7=,g=5//6. g-7=
u,//,-,8,9,6,0,-6,u=8//9,u-6=,u=8//9. u-6=
j,*,//,6,4,4,24,6,j=6*4,j//4=,j=6*4. j//4=
k,-,//,8,1,6,7,1,k=8-1,k//6=,k=8-1. k//6=
s,-,-,6,2,7,4,-3,s=6-2,s-7=,s=6-2. s-7=
n,+,*,5,5,5,10,50,n=5+5,n*5=,n=5+5. n*5=
h,-,-,4,6,5,-2,-7,h=4-6,h-5=,h=4-6. h-5=
p,+,//,1,8,9,9,1,p=1+8,p//9=,p=1+8. p//9=
r,-,-,1,1,1,0,-1,r=1-1,r-1=,r=1-1. r-1=
m,+,//,9,7,3,16,5,m=9+7,m//3=,m=9+7. m//3=
h,+,*,2,3,8,5,40,h=2+3,h*8=,h=2+3. h*8=
c,-,*,2,9,6,-7,-42,c=2-9,c*6=,c=2-9. c*6=
n,-,*,7,7,8,0,0,n=7-7,n*8=,n=7-7. n*8=
e,*,//,1,6,7,6,0,e=1*6,e//7=,e=1*6. e//7=
u,//,-,8,8,2,1,-1,u=8//8,u-2=,u=8//8. u-2=
a,//,//,9,3,2,3,1,a=9//3,a//2=,a=9//3. a//2=
d,-,*,7,6,2,1,2,d=7-6,d*2=,d=7-6. d*2=
a,//,+,8,6,2,1,3,a=8//6,a+2=,a=8//6. a+2=
k,+,//,4,8,7,12,1,k=4+8,k//7=,k=4+8. k//7=
n,-,*,4,2,2,2,4,n=4-2,n*2=,n=4-2. n*2=
d,*,//,4,1,6,4,0,d=4*1,d//6=,d=4*1. d//6=
m,-,-,7,6,3,1,-2,m=7-6,m-3=,m=7-6. m-3=
u,//,+,4,2,2,2,4,u=4//2,u+2=,u=4//2. u+2=
b,//,//,2,1,3,2,0,b=2//1,b//3=,b=2//1. b//3=
v,+,*,3,7,2,10,20,v=3+7,v*2=,v=3+7. v*2=
r,//,//,7,2,6,3,0,r=7//2,r//6=,r=7//2. r//6=
s,+,//,3,8,6,11,1,s=3+8,s//6=,s=3+8. s//6=
p,//,-,9,1,5,9,4,p=9//1,p-5=,p=9//1. p-5=
f,+,*,4,8,6,12,72,f=4+8,f*6=,f=4+8. f*6=
a,+,*,3,3,1,6,6,a=3+3,a*1=,a=3+3. a*1=
w,*,-,9,8,8,72,64,w=9*8,w-8=,w=9*8. w-8=
l,*,-,5,7,8,35,27,l=5*7,l-8=,l=5*7. l-8=
b,*,//,2,8,8,16,2,b=2*8,b//8=,b=2*8. b//8=
w,+,+,7,8,4,15,19,w=7+8,w+4=,w=7+8. w+4=
e,-,*,7,8,1,-1,-1,e=7-8,e*1=,e=7-8. e*1=
s,*,*,1,1,2,1,2,s=1*1,s*2=,s=1*1. s*2=
l,//,+,1,3,7,0,7,l=1//3,l+7=,l=1//3. l+7=
e,*,//,9,9,8,81,10,e=9*9,e//8=,e=9*9. e//8=
n,+,-,1,6,3,7,4,n=1+6,n-3=,n=1+6. n-3=
v,+,+,4,5,8,9,17,v=4+5,v+8=,v=4+5. v+8=
a,+,-,2,3,6,5,-1,a=2+3,a-6=,a=2+3. a-6=
g,//,*,1,6,6,0,0,g=1//6,g*6=,g=1//6. g*6=
k,+,+,2,9,6,11,17,k=2+9,k+6=,k=2+9. k+6=
g,//,+,4,3,3,1,4,g=4//3,g+3=,g=4//3. g+3=
t,-,//,5,1,2,4,2,t=5-1,t//2=,t=5-1. t//2=
w,//,*,2,1,3,2,6,w=2//1,w*3=,w=2//1. w*3=
l,+,+,5,1,8,6,14,l=5+1,l+8=,l=5+1. l+8=
u,-,//,7,7,1,0,0,u=7-7,u//1=,u=7-7. u//1=
h,+,-,5,1,1,6,5,h=5+1,h-1=,h=5+1. h-1=
t,+,*,7,7,8,14,112,t=7+7,t*8=,t=7+7. t*8=
u,*,//,7,7,2,49,24,u=7*7,u//2=,u=7*7. u//2=
w,*,+,6,8,9,48,57,w=6*8,w+9=,w=6*8. w+9=
e,+,*,7,1,1,8,8,e=7+1,e*1=,e=7+1. e*1=
a,//,+,6,5,8,1,9,a=6//5,a+8=,a=6//5. a+8=
z,+,+,4,1,5,5,10,z=4+1,z+5=,z=4+1. z+5=
m,+,-,5,5,1,10,9,m=5+5,m-1=,m=5+5. m-1=
n,//,//,5,7,1,0,0,n=5//7,n//1=,n=5//7. n//1=
z,*,+,3,1,3,3,6,z=3*1,z+3=,z=3*1. z+3=
z,-,-,1,5,1,-4,-5,z=1-5,z-1=,z=1-5. z-1=
w,*,-,4,7,4,28,24,w=4*7,w-4=,w=4*7. w-4=
c,*,*,9,5,4,45,180,c=9*5,c*4=,c=9*5. c*4=
x,*,+,4,5,1,20,21,x=4*5,x+1=,x=4*5. x+1=
e,//,+,8,5,8,1,9,e=8//5,e+8=,e=8//5. e+8=
i,*,//,7,8,9,56,6,i=7*8,i//9=,i=7*8. i//9=
k,+,*,7,4,7,11,77,k=7+4,k*7=,k=7+4. k*7=
r,*,-,1,9,4,9,5,r=1*9,r-4=,r=1*9. r-4=
j,-,-,5,1,6,4,-2,j=5-1,j-6=,j=5-1. j-6=
i,+,+,7,1,1,8,9,i=7+1,i+1=,i=7+1. i+1=
b,-,-,8,3,4,5,1,b=8-3,b-4=,b=8-3. b-4=
i,+,+,9,8,1,17,18,i=9+8,i+1=,i=9+8. i+1=
s,//,+,4,7,7,0,7,s=4//7,s+7=,s=4//7. s+7=
u,+,+,7,5,2,12,14,u=7+5,u+2=,u=7+5. u+2=
y,//,*,6,5,1,1,1,y=6//5,y*1=,y=6//5. y*1=
q,//,*,1,4,4,0,0,q=1//4,q*4=,q=1//4. q*4=
x,*,*,5,4,3,20,60,x=5*4,x*3=,x=5*4. x*3=
e,-,-,9,5,2,4,2,e=9-5,e-2=,e=9-5. e-2=
d,-,*,4,3,2,1,2,d=4-3,d*2=,d=4-3. d*2=
z,//,+,8,7,7,1,8,z=8//7,z+7=,z=8//7. z+7=
z,+,//,2,3,9,5,0,z=2+3,z//9=,z=2+3. z//9=
j,*,+,9,2,3,18,21,j=9*2,j+3=,j=9*2. j+3=
n,//,-,4,2,5,2,-3,n=4//2,n-5=,n=4//2. n-5=
s,+,//,9,3,8,12,1,s=9+3,s//8=,s=9+3. s//8=
x,-,+,8,8,7,0,7,x=8-8,x+7=,x=8-8. x+7=
w,//,//,6,9,1,0,0,w=6//9,w//1=,w=6//9. w//1=
y,+,*,2,4,8,6,48,y=2+4,y*8=,y=2+4. y*8=
j,+,//,7,3,9,10,1,j=7+3,j//9=,j=7+3. j//9=
v,+,//,9,9,6,18,3,v=9+9,v//6=,v=9+9. v//6=
u,-,*,6,6,1,0,0,u=6-6,u*1=,u=6-6. u*1=
d,//,*,2,4,5,0,0,d=2//4,d*5=,d=2//4. d*5=
s,-,*,6,5,9,1,9,s=6-5,s*9=,s=6-5. s*9=
q,-,+,3,9,7,-6,1,q=3-9,q+7=,q=3-9. q+7=
f,//,*,7,1,3,7,21,f=7//1,f*3=,f=7//1. f*3=
i,+,*,6,3,7,9,63,i=6+3,i*7=,i=6+3. i*7=
q,+,-,9,8,6,17,11,q=9+8,q-6=,q=9+8. q-6=
m,-,-,7,4,1,3,2,m=7-4,m-1=,m=7-4. m-1=
m,//,+,4,7,2,0,2,m=4//7,m+2=,m=4//7. m+2=
c,//,*,4,7,2,0,0,c=4//7,c*2=,c=4//7. c*2=
e,//,//,4,3,3,1,0,e=4//3,e//3=,e=4//3. e//3=
u,*,+,2,7,8,14,22,u=2*7,u+8=,u=2*7. u+8=
p,-,//,8,8,1,0,0,p=8-8,p//1=,p=8-8. p//1=
s,+,//,2,7,4,9,2,s=2+7,s//4=,s=2+7. s//4=
w,+,*,7,3,3,10,30,w=7+3,w*3=,w=7+3. w*3=
l,*,-,8,8,6,64,58,l=8*8,l-6=,l=8*8. l-6=
d,-,//,4,7,8,-3,-1,d=4-7,d//8=,d=4-7. d//8=
f,-,-,9,4,8,5,-3,f=9-4,f-8=,f=9-4. f-8=
s,-,//,8,1,9,7,0,s=8-1,s//9=,s=8-1. s//9=
c,//,//,5,1,6,5,0,c=5//1,c//6=,c=5//1. c//6=
l,*,*,3,4,9,12,108,l=3*4,l*9=,l=3*4. l*9=
a,*,+,7,6,4,42,46,a=7*6,a+4=,a=7*6. a+4=
f,//,*,2,2,2,1,2,f=2//2,f*2=,f=2//2. f*2=
j,//,-,5,8,9,0,-9,j=5//8,j-9=,j=5//8. j-9=
h,-,-,6,2,7,4,-3,h=6-2,h-7=,h=6-2. h-7=
j,+,-,4,2,3,6,3,j=4+2,j-3=,j=4+2. j-3=
h,+,*,3,2,3,5,15,h=3+2,h*3=,h=3+2. h*3=
j,+,-,1,9,6,10,4,j=1+9,j-6=,j=1+9. j-6=
r,-,*,2,3,2,-1,-2,r=2-3,r*2=,r=2-3. r*2=
p,-,+,9,6,5,3,8,p=9-6,p+5=,p=9-6. p+5=
y,//,-,5,8,9,0,-9,y=5//8,y-9=,y=5//8. y-9=
b,*,+,9,2,7,18,25,b=9*2,b+7=,b=9*2. b+7=
p,//,*,8,1,1,8,8,p=8//1,p*1=,p=8//1. p*1=
x,-,*,6,3,5,3,15,x=6-3,x*5=,x=6-3. x*5=
x,+,*,3,6,3,9,27,x=3+6,x*3=,x=3+6. x*3=
l,*,*,9,1,7,9,63,l=9*1,l*7=,l=9*1. l*7=
a,+,//,5,6,1,11,11,a=5+6,a//1=,a=5+6. a//1=
i,+,*,7,7,6,14,84,i=7+7,i*6=,i=7+7. i*6=
j,//,+,5,1,9,5,14,j=5//1,j+9=,j=5//1. j+9=
l,//,+,4,3,2,1,3,l=4//3,l+2=,l=4//3. l+2=
h,*,//,3,7,7,21,3,h=3*7,h//7=,h=3*7. h//7=
l,//,-,8,3,6,2,-4,l=8//3,l-6=,l=8//3. l-6=
x,+,-,8,1,9,9,0,x=8+1,x-9=,x=8+1. x-9=
x,+,//,1,5,8,6,0,x=1+5,x//8=,x=1+5. x//8=
l,-,//,2,8,1,-6,-6,l=2-8,l//1=,l=2-8. l//1=
t,//,-,1,4,5,0,-5,t=1//4,t-5=,t=1//4. t-5=
t,*,+,8,8,3,64,67,t=8*8,t+3=,t=8*8. t+3=
h,//,//,3,3,5,1,0,h=3//3,h//5=,h=3//3. h//5=
z,//,//,8,3,3,2,0,z=8//3,z//3=,z=8//3. z//3=
b,-,//,7,4,8,3,0,b=7-4,b//8=,b=7-4. b//8=
g,-,//,5,5,9,0,0,g=5-5,g//9=,g=5-5. g//9=
x,-,//,5,2,5,3,0,x=5-2,x//5=,x=5-2. x//5=
i,-,//,1,2,3,-1,-1,i=1-2,i//3=,i=1-2. i//3=
u,//,-,3,1,9,3,-6,u=3//1,u-9=,u=3//1. u-9=
b,+,//,1,9,4,10,2,b=1+9,b//4=,b=1+9. b//4=
t,-,//,9,1,2,8,4,t=9-1,t//2=,t=9-1. t//2=
a,*,-,4,7,9,28,19,a=4*7,a-9=,a=4*7. a-9=
a,-,+,7,8,4,-1,3,a=7-8,a+4=,a=7-8. a+4=
b,-,+,6,3,8,3,11,b=6-3,b+8=,b=6-3. b+8=
r,+,-,9,4,4,13,9,r=9+4,r-4=,r=9+4. r-4=
s,*,+,5,1,7,5,12,s=5*1,s+7=,s=5*1. s+7=
t,*,*,2,4,4,8,32,t=2*4,t*4=,t=2*4. t*4=
y,*,*,4,1,4,4,16,y=4*1,y*4=,y=4*1. y*4=
g,//,-,9,6,9,1,-8,g=9//6,g-9=,g=9//6. g-9=
h,//,+,4,7,2,0,2,h=4//7,h+2=,h=4//7. h+2=
h,//,*,3,9,6,0,0,h=3//9,h*6=,h=3//9. h*6=
r,//,//,1,6,1,0,0,r=1//6,r//1=,r=1//6. r//1=
a,+,*,1,1,8,2,16,a=1+1,a*8=,a=1+1. a*8=
s,+,-,2,6,7,8,1,s=2+6,s-7=,s=2+6. s-7=
b,-,//,6,6,6,0,0,b=6-6,b//6=,b=6-6. b//6=
l,*,+,8,5,4,40,44,l=8*5,l+4=,l=8*5. l+4=
j,//,+,3,2,2,1,3,j=3//2,j+2=,j=3//2. j+2=
c,-,*,8,1,3,7,21,c=8-1,c*3=,c=8-1. c*3=
w,+,*,5,6,8,11,88,w=5+6,w*8=,w=5+6. w*8=
w,//,//,4,8,8,0,0,w=4//8,w//8=,w=4//8. w//8=
a,//,//,9,4,9,2,0,a=9//4,a//9=,a=9//4. a//9=
b,+,-,8,3,3,11,8,b=8+3,b-3=,b=8+3. b-3=
x,+,//,3,8,8,11,1,x=3+8,x//8=,x=3+8. x//8=
o,+,-,3,7,2,10,8,o=3+7,o-2=,o=3+7. o-2=
x,//,//,2,9,6,0,0,x=2//9,x//6=,x=2//9. x//6=
p,+,*,7,6,6,13,78,p=7+6,p*6=,p=7+6. p*6=
b,-,//,3,3,7,0,0,b=3-3,b//7=,b=3-3. b//7=
c,-,//,1,2,5,-1,-1,c=1-2,c//5=,c=1-2. c//5=
j,//,//,7,4,7,1,0,j=7//4,j//7=,j=7//4. j//7=
x,-,+,2,7,7,-5,2,x=2-7,x+7=,x=2-7. x+7=
j,-,-,4,9,4,-5,-9,j=4-9,j-4=,j=4-9. j-4=
h,-,*,5,7,2,-2,-4,h=5-7,h*2=,h=5-7. h*2=
f,*,-,3,2,5,6,1,f=3*2,f-5=,f=3*2. f-5=
j,+,*,2,2,1,4,4,j=2+2,j*1=,j=2+2. j*1=
s,-,*,7,7,6,0,0,s=7-7,s*6=,s=7-7. s*6=
s,//,*,9,6,1,1,1,s=9//6,s*1=,s=9//6. s*1=
k,-,//,1,8,9,-7,-1,k=1-8,k//9=,k=1-8. k//9=
b,//,//,3,7,8,0,0,b=3//7,b//8=,b=3//7. b//8=
o,//,//,3,3,1,1,1,o=3//3,o//1=,o=3//3. o//1=
q,-,*,1,9,6,-8,-48,q=1-9,q*6=,q=1-9. q*6=
e,//,//,8,9,3,0,0,e=8//9,e//3=,e=8//9. e//3=
c,//,+,5,4,3,1,4,c=5//4,c+3=,c=5//4. c+3=
i,+,*,8,1,3,9,27,i=8+1,i*3=,i=8+1. i*3=
k,+,+,2,1,7,3,10,k=2+1,k+7=,k=2+1. k+7=
f,*,*,5,4,8,20,160,f=5*4,f*8=,f=5*4. f*8=
x,*,+,9,4,8,36,44,x=9*4,x+8=,x=9*4. x+8=
v,-,-,3,9,7,-6,-13,v=3-9,v-7=,v=3-9. v-7=
v,+,//,2,7,3,9,3,v=2+7,v//3=,v=2+7. v//3=
o,//,-,3,7,2,0,-2,o=3//7,o-2=,o=3//7. o-2=
t,*,//,6,8,5,48,9,t=6*8,t//5=,t=6*8. t//5=
z,-,-,8,2,1,6,5,z=8-2,z-1=,z=8-2. z-1=
i,-,+,6,9,7,-3,4,i=6-9,i+7=,i=6-9. i+7=
n,+,//,6,8,1,14,14,n=6+8,n//1=,n=6+8. n//1=
m,+,-,2,1,5,3,-2,m=2+1,m-5=,m=2+1. m-5=
j,-,//,5,4,3,1,0,j=5-4,j//3=,j=5-4. j//3=
l,+,-,5,8,1,13,12,l=5+8,l-1=,l=5+8. l-1=
q,*,+,3,4,9,12,21,q=3*4,q+9=,q=3*4. q+9=
d,+,+,3,9,3,12,15,d=3+9,d+3=,d=3+9. d+3=
d,+,//,7,2,9,9,1,d=7+2,d//9=,d=7+2. d//9=
b,+,*,3,9,3,12,36,b=3+9,b*3=,b=3+9. b*3=
g,+,-,2,6,4,8,4,g=2+6,g-4=,g=2+6. g-4=
g,+,-,1,6,9,7,-2,g=1+6,g-9=,g=1+6. g-9=
a,-,+,6,4,7,2,9,a=6-4,a+7=,a=6-4. a+7=
c,//,*,7,6,4,1,4,c=7//6,c*4=,c=7//6. c*4=
z,*,*,8,2,4,16,64,z=8*2,z*4=,z=8*2. z*4=
z,+,*,8,4,2,12,24,z=8+4,z*2=,z=8+4. z*2=
v,*,//,5,3,4,15,3,v=5*3,v//4=,v=5*3. v//4=
q,-,*,6,6,4,0,0,q=6-6,q*4=,q=6-6. q*4=
c,*,-,7,4,1,28,27,c=7*4,c-1=,c=7*4. c-1=
v,+,*,8,9,4,17,68,v=8+9,v*4=,v=8+9. v*4=
o,+,*,3,2,6,5,30,o=3+2,o*6=,o=3+2. o*6=
v,+,-,6,2,8,8,0,v=6+2,v-8=,v=6+2. v-8=
v,+,//,4,8,8,12,1,v=4+8,v//8=,v=4+8. v//8=
y,+,+,9,4,6,13,19,y=9+4,y+6=,y=9+4. y+6=
f,+,+,2,1,7,3,10,f=2+1,f+7=,f=2+1. f+7=
w,*,+,9,1,4,9,13,w=9*1,w+4=,w=9*1. w+4=
x,-,*,6,9,5,-3,-15,x=6-9,x*5=,x=6-9. x*5=
k,-,-,3,6,1,-3,-4,k=3-6,k-1=,k=3-6. k-1=
b,-,-,5,7,3,-2,-5,b=5-7,b-3=,b=5-7. b-3=
h,*,-,6,3,3,18,15,h=6*3,h-3=,h=6*3. h-3=
e,*,-,8,8,5,64,59,e=8*8,e-5=,e=8*8. e-5=
b,*,*,5,2,8,10,80,b=5*2,b*8=,b=5*2. b*8=
r,*,*,8,2,4,16,64,r=8*2,r*4=,r=8*2. r*4=
z,+,-,8,9,1,17,16,z=8+9,z-1=,z=8+9. z-1=
y,-,+,3,1,4,2,6,y=3-1,y+4=,y=3-1. y+4=
s,*,+,1,4,5,4,9,s=1*4,s+5=,s=1*4. s+5=
z,//,*,6,2,1,3,3,z=6//2,z*1=,z=6//2. z*1=
q,//,*,4,5,1,0,0,q=4//5,q*1=,q=4//5. q*1=
w,+,+,8,6,6,14,20,w=8+6,w+6=,w=8+6. w+6=
p,//,*,4,6,2,0,0,p=4//6,p*2=,p=4//6. p*2=
f,+,+,3,7,4,10,14,f=3+7,f+4=,f=3+7. f+4=
p,*,//,9,8,1,72,72,p=9*8,p//1=,p=9*8. p//1=
a,+,*,8,9,9,17,153,a=8+9,a*9=,a=8+9. a*9=
x,-,-,1,9,8,-8,-16,x=1-9,x-8=,x=1-9. x-8=
h,-,-,6,2,8,4,-4,h=6-2,h-8=,h=6-2. h-8=
m,//,*,4,7,3,0,0,m=4//7,m*3=,m=4//7. m*3=
g,//,-,5,2,5,2,-3,g=5//2,g-5=,g=5//2. g-5=
n,*,-,7,7,7,49,42,n=7*7,n-7=,n=7*7. n-7=
i,+,-,9,9,7,18,11,i=9+9,i-7=,i=9+9. i-7=
u,//,+,4,5,6,0,6,u=4//5,u+6=,u=4//5. u+6=
w,//,*,2,3,7,0,0,w=2//3,w*7=,w=2//3. w*7=
g,+,//,5,7,1,12,12,g=5+7,g//1=,g=5+7. g//1=
r,+,+,6,9,1,15,16,r=6+9,r+1=,r=6+9. r+1=
g,+,-,7,5,7,12,5,g=7+5,g-7=,g=7+5. g-7=
h,//,+,2,7,6,0,6,h=2//7,h+6=,h=2//7. h+6=
o,//,+,3,4,9,0,9,o=3//4,o+9=,o=3//4. o+9=
a,*,+,4,4,4,16,20,a=4*4,a+4=,a=4*4. a+4=
b,//,*,6,4,5,1,5,b=6//4,b*5=,b=6//4. b*5=
q,//,//,6,9,5,0,0,q=6//9,q//5=,q=6//9. q//5=
i,//,*,5,2,2,2,4,i=5//2,i*2=,i=5//2. i*2=
f,*,//,4,4,1,16,16,f=4*4,f//1=,f=4*4. f//1=
l,+,-,8,6,9,14,5,l=8+6,l-9=,l=8+6. l-9=
h,//,+,2,1,4,2,6,h=2//1,h+4=,h=2//1. h+4=
x,//,//,4,4,2,1,0,x=4//4,x//2=,x=4//4. x//2=
n,-,-,2,8,1,-6,-7,n=2-8,n-1=,n=2-8. n-1=
s,//,*,5,8,5,0,0,s=5//8,s*5=,s=5//8. s*5=
z,*,+,7,8,4,56,60,z=7*8,z+4=,z=7*8. z+4=
c,-,+,2,6,6,-4,2,c=2-6,c+6=,c=2-6. c+6=
t,+,//,8,1,6,9,1,t=8+1,t//6=,t=8+1. t//6=
q,*,//,2,8,9,16,1,q=2*8,q//9=,q=2*8. q//9=
s,*,+,5,7,6,35,41,s=5*7,s+6=,s=5*7. s+6=
m,//,-,7,2,3,3,0,m=7//2,m-3=,m=7//2. m-3=
c,//,*,1,6,3,0,0,c=1//6,c*3=,c=1//6. c*3=
d,*,-,1,3,6,3,-3,d=1*3,d-6=,d=1*3. d-6=
r,*,+,4,6,1,24,25,r=4*6,r+1=,r=4*6. r+1=
p,*,//,6,9,6,54,9,p=6*9,p//6=,p=6*9. p//6=
q,//,+,9,1,8,9,17,q=9//1,q+8=,q=9//1. q+8=
u,//,*,6,4,5,1,5,u=6//4,u*5=,u=6//4. u*5=
x,-,-,8,6,6,2,-4,x=8-6,x-6=,x=8-6. x-6=
f,+,-,7,4,2,11,9,f=7+4,f-2=,f=7+4. f-2=
w,-,*,1,1,1,0,0,w=1-1,w*1=,w=1-1. w*1=
v,+,*,5,1,7,6,42,v=5+1,v*7=,v=5+1. v*7=
e,+,*,2,4,6,6,36,e=2+4,e*6=,e=2+4. e*6=
v,//,//,6,5,2,1,0,v=6//5,v//2=,v=6//5. v//2=
j,-,*,8,4,2,4,8,j=8-4,j*2=,j=8-4. j*2=
l,//,-,2,3,8,0,-8,l=2//3,l-8=,l=2//3. l-8=
f,*,+,2,4,5,8,13,f=2*4,f+5=,f=2*4. f+5=
b,+,*,9,2,9,11,99,b=9+2,b*9=,b=9+2. b*9=
j,//,-,6,2,4,3,-1,j=6//2,j-4=,j=6//2. j-4=
x,+,*,2,7,7,9,63,x=2+7,x*7=,x=2+7. x*7=
n,+,*,4,9,5,13,65,n=4+9,n*5=,n=4+9. n*5=
h,*,//,2,2,1,4,4,h=2*2,h//1=,h=2*2. h//1=
l,//,-,9,6,3,1,-2,l=9//6,l-3=,l=9//6. l-3=
q,-,//,1,1,6,0,0,q=1-1,q//6=,q=1-1. q//6=
n,+,-,5,8,9,13,4,n=5+8,n-9=,n=5+8. n-9=
q,-,*,7,4,3,3,9,q=7-4,q*3=,q=7-4. q*3=
n,*,-,2,6,1,12,11,n=2*6,n-1=,n=2*6. n-1=
n,-,-,3,3,7,0,-7,n=3-3,n-7=,n=3-3. n-7=
v,*,-,4,3,3,12,9,v=4*3,v-3=,v=4*3. v-3=
h,*,+,7,3,4,21,25,h=7*3,h+4=,h=7*3. h+4=
e,//,+,4,7,9,0,9,e=4//7,e+9=,e=4//7. e+9=
h,-,//,4,9,4,-5,-2,h=4-9,h//4=,h=4-9. h//4=
l,//,//,3,3,7,1,0,l=3//3,l//7=,l=3//3. l//7=
d,-,*,6,6,2,0,0,d=6-6,d*2=,d=6-6. d*2=
k,//,-,7,1,4,7,3,k=7//1,k-4=,k=7//1. k-4=
r,-,*,3,7,6,-4,-24,r=3-7,r*6=,r=3-7. r*6=
n,+,*,1,5,2,6,12,n=1+5,n*2=,n=1+5. n*2=
i,+,+,6,7,2,13,15,i=6+7,i+2=,i=6+7. i+2=
c,+,+,6,9,7,15,22,c=6+9,c+7=,c=6+9. c+7=
s,//,-,3,4,2,0,-2,s=3//4,s-2=,s=3//4. s-2=
g,+,-,4,7,5,11,6,g=4+7,g-5=,g=4+7. g-5=
s,//,-,8,9,6,0,-6,s=8//9,s-6=,s=8//9. s-6=
c,*,+,1,4,6,4,10,c=1*4,c+6=,c=1*4. c+6=
i,+,-,4,9,1,13,12,i=4+9,i-1=,i=4+9. i-1=
w,//,+,8,6,5,1,6,w=8//6,w+5=,w=8//6. w+5=
a,*,+,7,3,2,21,23,a=7*3,a+2=,a=7*3. a+2=
a,+,*,9,5,2,14,28,a=9+5,a*2=,a=9+5. a*2=
o,*,*,1,2,7,2,14,o=1*2,o*7=,o=1*2. o*7=
q,//,+,7,2,8,3,11,q=7//2,q+8=,q=7//2. q+8=
e,+,//,1,2,8,3,0,e=1+2,e//8=,e=1+2. e//8=
e,*,//,7,4,4,28,7,e=7*4,e//4=,e=7*4. e//4=
t,*,//,4,7,6,28,4,t=4*7,t//6=,t=4*7. t//6=
i,//,*,3,9,4,0,0,i=3//9,i*4=,i=3//9. i*4=
h,//,//,1,1,6,1,0,h=1//1,h//6=,h=1//1. h//6=
x,+,+,7,6,9,13,22,x=7+6,x+9=,x=7+6. x+9=
q,+,*,3,9,8,12,96,q=3+9,q*8=,q=3+9. q*8=
f,//,-,3,9,4,0,-4,f=3//9,f-4=,f=3//9. f-4=
d,//,-,3,9,1,0,-1,d=3//9,d-1=,d=3//9. d-1=
i,//,+,2,7,4,0,4,i=2//7,i+4=,i=2//7. i+4=
l,*,//,3,8,4,24,6,l=3*8,l//4=,l=3*8. l//4=
c,+,-,7,7,3,14,11,c=7+7,c-3=,c=7+7. c-3=
j,-,//,9,9,8,0,0,j=9-9,j//8=,j=9-9. j//8=
l,+,-,2,9,1,11,10,l=2+9,l-1=,l=2+9. l-1=
o,*,*,1,2,3,2,6,o=1*2,o*3=,o=1*2. o*3=
e,+,*,7,6,3,13,39,e=7+6,e*3=,e=7+6. e*3=
u,-,-,4,9,9,-5,-14,u=4-9,u-9=,u=4-9. u-9=
c,+,+,7,4,1,11,12,c=7+4,c+1=,c=7+4. c+1=
c,+,+,9,1,4,10,14,c=9+1,c+4=,c=9+1. c+4=
n,+,//,6,3,8,9,1,n=6+3,n//8=,n=6+3. n//8=
c,//,*,7,1,5,7,35,c=7//1,c*5=,c=7//1. c*5=
f,*,//,9,6,8,54,6,f=9*6,f//8=,f=9*6. f//8=
b,//,-,6,2,3,3,0,b=6//2,b-3=,b=6//2. b-3=
a,//,*,5,2,5,2,10,a=5//2,a*5=,a=5//2. a*5=
u,//,//,4,2,3,2,0,u=4//2,u//3=,u=4//2. u//3=
c,*,+,7,7,9,49,58,c=7*7,c+9=,c=7*7. c+9=
a,*,-,5,7,9,35,26,a=5*7,a-9=,a=5*7. a-9=
f,-,-,5,6,7,-1,-8,f=5-6,f-7=,f=5-6. f-7=
m,*,*,7,5,5,35,175,m=7*5,m*5=,m=7*5. m*5=
j,//,//,7,5,7,1,0,j=7//5,j//7=,j=7//5. j//7=
h,+,*,9,4,8,13,104,h=9+4,h*8=,h=9+4. h*8=
b,-,*,9,2,7,7,49,b=9-2,b*7=,b=9-2. b*7=
f,*,//,5,1,6,5,0,f=5*1,f//6=,f=5*1. f//6=
f,+,//,5,7,7,12,1,f=5+7,f//7=,f=5+7. f//7=
z,//,*,4,4,6,1,6,z=4//4,z*6=,z=4//4. z*6=
r,-,-,5,6,2,-1,-3,r=5-6,r-2=,r=5-6. r-2=
p,*,//,1,4,6,4,0,p=1*4,p//6=,p=1*4. p//6=
x,*,+,7,8,1,56,57,x=7*8,x+1=,x=7*8. x+1=
x,+,//,6,1,8,7,0,x=6+1,x//8=,x=6+1. x//8=
e,//,+,1,2,6,0,6,e=1//2,e+6=,e=1//2. e+6=
r,//,*,1,8,8,0,0,r=1//8,r*8=,r=1//8. r*8=
a,//,+,7,3,4,2,6,a=7//3,a+4=,a=7//3. a+4=
q,//,//,9,4,4,2,0,q=9//4,q//4=,q=9//4. q//4=
j,*,*,1,4,4,4,16,j=1*4,j*4=,j=1*4. j*4=
i,+,//,1,3,8,4,0,i=1+3,i//8=,i=1+3. i//8=
x,//,//,9,6,4,1,0,x=9//6,x//4=,x=9//6. x//4=
m,-,+,9,1,4,8,12,m=9-1,m+4=,m=9-1. m+4=
x,//,-,9,4,3,2,-1,x=9//4,x-3=,x=9//4. x-3=
k,//,//,1,2,9,0,0,k=1//2,k//9=,k=1//2. k//9=
i,+,*,6,1,2,7,14,i=6+1,i*2=,i=6+1. i*2=
f,*,+,3,4,6,12,18,f=3*4,f+6=,f=3*4. f+6=
f,+,-,2,3,5,5,0,f=2+3,f-5=,f=2+3. f-5=
q,*,-,2,8,8,16,8,q=2*8,q-8=,q=2*8. q-8=
i,//,+,1,8,9,0,9,i=1//8,i+9=,i=1//8. i+9=
x,+,*,9,7,1,16,16,x=9+7,x*1=,x=9+7. x*1=
k,*,-,7,5,8,35,27,k=7*5,k-8=,k=7*5. k-8=
c,+,*,9,3,1,12,12,c=9+3,c*1=,c=9+3. c*1=
s,*,+,1,9,8,9,17,s=1*9,s+8=,s=1*9. s+8=
s,*,//,2,5,9,10,1,s=2*5,s//9=,s=2*5. s//9=
e,+,*,3,3,3,6,18,e=3+3,e*3=,e=3+3. e*3=
b,*,*,6,5,9,30,270,b=6*5,b*9=,b=6*5. b*9=
r,+,-,3,7,5,10,5,r=3+7,r-5=,r=3+7. r-5=
e,//,+,4,9,7,0,7,e=4//9,e+7=,e=4//9. e+7=
e,//,*,4,1,4,4,16,e=4//1,e*4=,e=4//1. e*4=
k,//,*,1,3,5,0,0,k=1//3,k*5=,k=1//3. k*5=
d,-,-,4,4,2,0,-2,d=4-4,d-2=,d=4-4. d-2=
m,*,+,5,9,4,45,49,m=5*9,m+4=,m=5*9. m+4=
x,*,-,7,4,6,28,22,x=7*4,x-6=,x=7*4. x-6=
x,*,*,8,5,6,40,240,x=8*5,x*6=,x=8*5. x*6=
y,//,-,5,4,9,1,-8,y=5//4,y-9=,y=5//4. y-9=
a,+,//,7,4,2,11,5,a=7+4,a//2=,a=7+4. a//2=
c,+,-,1,5,7,6,-1,c=1+5,c-7=,c=1+5. c-7=
a,-,//,6,8,5,-2,-1,a=6-8,a//5=,a=6-8. a//5=
q,-,//,4,9,6,-5,-1,q=4-9,q//6=,q=4-9. q//6=
y,+,*,4,6,9,10,90,y=4+6,y*9=,y=4+6. y*9=
r,-,//,4,6,6,-2,-1,r=4-6,r//6=,r=4-6. r//6=
o,//,+,2,2,7,1,8,o=2//2,o+7=,o=2//2. o+7=
x,*,*,1,3,7,3,21,x=1*3,x*7=,x=1*3. x*7=
w,//,*,7,3,6,2,12,w=7//3,w*6=,w=7//3. w*6=
k,//,//,9,8,1,1,1,k=9//8,k//1=,k=9//8. k//1=
m,*,//,7,7,5,49,9,m=7*7,m//5=,m=7*7. m//5=
k,*,+,3,2,7,6,13,k=3*2,k+7=,k=3*2. k+7=
d,-,+,8,1,1,7,8,d=8-1,d+1=,d=8-1. d+1=
b,//,+,3,6,7,0,7,b=3//6,b+7=,b=3//6. b+7=
w,//,*,6,3,3,2,6,w=6//3,w*3=,w=6//3. w*3=
y,+,*,1,6,3,7,21,y=1+6,y*3=,y=1+6. y*3=
j,*,*,4,1,5,4,20,j=4*1,j*5=,j=4*1. j*5=
i,//,*,7,3,5,2,10,i=7//3,i*5=,i=7//3. i*5=
f,//,*,4,9,9,0,0,f=4//9,f*9=,f=4//9. f*9=
n,*,//,2,9,1,18,18,n=2*9,n//1=,n=2*9. n//1=
q,*,+,7,9,9,63,72,q=7*9,q+9=,q=7*9. q+9=
l,//,//,8,9,9,0,0,l=8//9,l//9=,l=8//9. l//9=
a,+,+,5,3,9,8,17,a=5+3,a+9=,a=5+3. a+9=
t,+,//,1,6,6,7,1,t=1+6,t//6=,t=1+6. t//6=
m,//,+,2,9,3,0,3,m=2//9,m+3=,m=2//9. m+3=
f,*,+,9,3,2,27,29,f=9*3,f+2=,f=9*3. f+2=
v,+,*,4,7,6,11,66,v=4+7,v*6=,v=4+7. v*6=
m,-,*,5,9,9,-4,-36,m=5-9,m*9=,m=5-9. m*9=
f,//,+,2,6,3,0,3,f=2//6,f+3=,f=2//6. f+3=
m,//,//,5,7,9,0,0,m=5//7,m//9=,m=5//7. m//9=
x,*,*,4,2,9,8,72,x=4*2,x*9=,x=4*2. x*9=
r,+,*,6,9,1,15,15,r=6+9,r*1=,r=6+9. r*1=
v,*,//,5,5,6,25,4,v=5*5,v//6=,v=5*5. v//6=
x,//,-,2,3,9,0,-9,x=2//3,x-9=,x=2//3. x-9=
x,*,//,6,9,1,54,54,x=6*9,x//1=,x=6*9. x//1=
o,+,*,4,3,1,7,7,o=4+3,o*1=,o=4+3. o*1=
f,+,*,8,6,9,14,126,f=8+6,f*9=,f=8+6. f*9=
p,//,-,2,4,5,0,-5,p=2//4,p-5=,p=2//4. p-5=
z,//,+,4,2,3,2,5,z=4//2,z+3=,z=4//2. z+3=
k,-,+,1,5,2,-4,-2,k=1-5,k+2=,k=1-5. k+2=
f,+,+,5,7,8,12,20,f=5+7,f+8=,f=5+7. f+8=
f,-,//,1,3,9,-2,-1,f=1-3,f//9=,f=1-3. f//9=
s,*,//,4,9,6,36,6,s=4*9,s//6=,s=4*9. s//6=
n,+,-,3,4,4,7,3,n=3+4,n-4=,n=3+4. n-4=
f,//,*,1,4,4,0,0,f=1//4,f*4=,f=1//4. f*4=
a,-,-,4,8,9,-4,-13,a=4-8,a-9=,a=4-8. a-9=
k,*,//,9,3,5,27,5,k=9*3,k//5=,k=9*3. k//5=
u,//,-,6,2,7,3,-4,u=6//2,u-7=,u=6//2. u-7=
e,+,//,9,4,8,13,1,e=9+4,e//8=,e=9+4. e//8=
i,//,*,7,9,5,0,0,i=7//9,i*5=,i=7//9. i*5=
a,+,*,8,7,7,15,105,a=8+7,a*7=,a=8+7. a*7=
e,//,*,3,5,7,0,0,e=3//5,e*7=,e=3//5. e*7=
t,//,+,1,9,1,0,1,t=1//9,t+1=,t=1//9. t+1=
x,//,-,3,1,3,3,0,x=3//1,x-3=,x=3//1. x-3=
e,+,+,7,6,9,13,22,e=7+6,e+9=,e=7+6. e+9=
w,//,//,2,2,1,1,1,w=2//2,w//1=,w=2//2. w//1=
s,*,-,5,5,6,25,19,s=5*5,s-6=,s=5*5. s-6=
r,//,//,9,9,2,1,0,r=9//9,r//2=,r=9//9. r//2=
e,*,*,5,9,3,45,135,e=5*9,e*3=,e=5*9. e*3=
p,-,-,1,2,4,-1,-5,p=1-2,p-4=,p=1-2. p-4=
o,+,//,1,5,1,6,6,o=1+5,o//1=,o=1+5. o//1=
g,-,//,4,4,3,0,0,g=4-4,g//3=,g=4-4. g//3=
x,+,*,5,8,5,13,65,x=5+8,x*5=,x=5+8. x*5=
o,+,*,1,4,3,5,15,o=1+4,o*3=,o=1+4. o*3=
b,+,-,8,4,8,12,4,b=8+4,b-8=,b=8+4. b-8=
i,+,+,2,7,2,9,11,i=2+7,i+2=,i=2+7. i+2=
v,*,*,4,7,1,28,28,v=4*7,v*1=,v=4*7. v*1=
o,*,*,1,8,3,8,24,o=1*8,o*3=,o=1*8. o*3=
s,*,-,5,7,7,35,28,s=5*7,s-7=,s=5*7. s-7=
m,*,*,1,8,1,8,8,m=1*8,m*1=,m=1*8. m*1=
c,+,-,4,1,9,5,-4,c=4+1,c-9=,c=4+1. c-9=
d,*,*,5,6,6,30,180,d=5*6,d*6=,d=5*6. d*6=
c,//,+,5,2,4,2,6,c=5//2,c+4=,c=5//2. c+4=
a,-,//,1,6,9,-5,-1,a=1-6,a//9=,a=1-6. a//9=
s,//,//,4,1,4,4,1,s=4//1,s//4=,s=4//1. s//4=
x,//,*,5,6,1,0,0,x=5//6,x*1=,x=5//6. x*1=
b,-,//,5,9,6,-4,-1,b=5-9,b//6=,b=5-9. b//6=
i,*,//,3,4,1,12,12,i=3*4,i//1=,i=3*4. i//1=
r,-,*,4,7,2,-3,-6,r=4-7,r*2=,r=4-7. r*2=
q,//,//,3,2,7,1,0,q=3//2,q//7=,q=3//2. q//7=
p,//,//,8,8,7,1,0,p=8//8,p//7=,p=8//8. p//7=
f,-,//,9,7,7,2,0,f=9-7,f//7=,f=9-7. f//7=
u,//,//,4,1,6,4,0,u=4//1,u//6=,u=4//1. u//6=
t,-,+,6,7,7,-1,6,t=6-7,t+7=,t=6-7. t+7=
w,+,*,4,3,5,7,35,w=4+3,w*5=,w=4+3. w*5=
g,//,-,1,9,6,0,-6,g=1//9,g-6=,g=1//9. g-6=
d,*,-,9,9,8,81,73,d=9*9,d-8=,d=9*9. d-8=
w,-,-,6,8,3,-2,-5,w=6-8,w-3=,w=6-8. w-3=
l,+,//,2,6,5,8,1,l=2+6,l//5=,l=2+6. l//5=
a,-,-,4,2,2,2,0,a=4-2,a-2=,a=4-2. a-2=
p,*,+,2,3,4,6,10,p=2*3,p+4=,p=2*3. p+4=
a,*,-,1,6,4,6,2,a=1*6,a-4=,a=1*6. a-4=
n,-,//,3,1,4,2,0,n=3-1,n//4=,n=3-1. n//4=
x,-,*,1,2,6,-1,-6,x=1-2,x*6=,x=1-2. x*6=
z,*,+,6,2,4,12,16,z=6*2,z+4=,z=6*2. z+4=
y,//,-,5,8,5,0,-5,y=5//8,y-5=,y=5//8. y-5=
r,*,+,4,8,8,32,40,r=4*8,r+8=,r=4*8. r+8=
c,//,//,8,6,3,1,0,c=8//6,c//3=,c=8//6. c//3=
i,+,//,6,8,3,14,4,i=6+8,i//3=,i=6+8. i//3=
z,//,+,3,8,7,0,7,z=3//8,z+7=,z=3//8. z+7=
i,*,+,1,2,2,2,4,i=1*2,i+2=,i=1*2. i+2=
b,*,*,8,8,9,64,576,b=8*8,b*9=,b=8*8. b*9=
m,*,-,9,5,5,45,40,m=9*5,m-5=,m=9*5. m-5=
e,-,-,4,2,1,2,1,e=4-2,e-1=,e=4-2. e-1=
i,-,//,5,3,8,2,0,i=5-3,i//8=,i=5-3. i//8=
j,-,//,3,2,4,1,0,j=3-2,j//4=,j=3-2. j//4=
e,*,//,2,5,3,10,3,e=2*5,e//3=,e=2*5. e//3=
g,*,-,9,5,3,45,42,g=9*5,g-3=,g=9*5. g-3=
n,*,+,3,3,7,9,16,n=3*3,n+7=,n=3*3. n+7=
o,+,-,4,7,9,11,2,o=4+7,o-9=,o=4+7. o-9=
t,-,*,7,6,5,1,5,t=7-6,t*5=,t=7-6. t*5=
q,//,-,2,3,1,0,-1,q=2//3,q-1=,q=2//3. q-1=
u,//,-,3,9,5,0,-5,u=3//9,u-5=,u=3//9. u-5=
j,-,-,6,5,5,1,-4,j=6-5,j-5=,j=6-5. j-5=
g,*,//,4,3,2,12,6,g=4*3,g//2=,g=4*3. g//2=
a,+,-,9,8,2,17,15,a=9+8,a-2=,a=9+8. a-2=
c,*,//,1,4,9,4,0,c=1*4,c//9=,c=1*4. c//9=
h,-,//,4,9,7,-5,-1,h=4-9,h//7=,h=4-9. h//7=
l,*,//,7,3,2,21,10,l=7*3,l//2=,l=7*3. l//2=
z,+,*,1,1,4,2,8,z=1+1,z*4=,z=1+1. z*4=
i,+,*,8,6,7,14,98,i=8+6,i*7=,i=8+6. i*7=
t,//,-,2,3,2,0,-2,t=2//3,t-2=,t=2//3. t-2=
h,+,+,9,1,3,10,13,h=9+1,h+3=,h=9+1. h+3=
l,*,+,8,8,5,64,69,l=8*8,l+5=,l=8*8. l+5=
l,-,*,2,3,3,-1,-3,l=2-3,l*3=,l=2-3. l*3=
d,*,+,4,2,7,8,15,d=4*2,d+7=,d=4*2. d+7=
x,-,-,5,9,5,-4,-9,x=5-9,x-5=,x=5-9. x-5=
a,//,//,6,7,1,0,0,a=6//7,a//1=,a=6//7. a//1=
e,-,//,2,2,8,0,0,e=2-2,e//8=,e=2-2. e//8=
x,*,*,2,2,2,4,8,x=2*2,x*2=,x=2*2. x*2=
k,-,//,6,5,9,1,0,k=6-5,k//9=,k=6-5. k//9=
j,+,+,2,5,2,7,9,j=2+5,j+2=,j=2+5. j+2=
p,//,+,5,6,2,0,2,p=5//6,p+2=,p=5//6. p+2=
y,+,*,9,2,3,11,33,y=9+2,y*3=,y=9+2. y*3=
b,-,+,9,5,5,4,9,b=9-5,b+5=,b=9-5. b+5=
a,*,*,2,1,1,2,2,a=2*1,a*1=,a=2*1. a*1=
e,*,-,3,4,3,12,9,e=3*4,e-3=,e=3*4. e-3=
m,+,//,9,1,4,10,2,m=9+1,m//4=,m=9+1. m//4=
c,*,//,3,5,1,15,15,c=3*5,c//1=,c=3*5. c//1=
r,*,-,4,4,5,16,11,r=4*4,r-5=,r=4*4. r-5=
e,//,-,3,2,5,1,-4,e=3//2,e-5=,e=3//2. e-5=
a,//,-,8,6,1,1,0,a=8//6,a-1=,a=8//6. a-1=
f,//,-,3,6,7,0,-7,f=3//6,f-7=,f=3//6. f-7=
n,-,-,5,3,3,2,-1,n=5-3,n-3=,n=5-3. n-3=
a,-,//,3,1,9,2,0,a=3-1,a//9=,a=3-1. a//9=
m,-,//,1,9,6,-8,-2,m=1-9,m//6=,m=1-9. m//6=
g,//,*,4,8,4,0,0,g=4//8,g*4=,g=4//8. g*4=
s,//,*,7,9,6,0,0,s=7//9,s*6=,s=7//9. s*6=
d,+,*,5,4,6,9,54,d=5+4,d*6=,d=5+4. d*6=
h,+,//,9,4,5,13,2,h=9+4,h//5=,h=9+4. h//5=
a,*,-,7,2,1,14,13,a=7*2,a-1=,a=7*2. a-1=
f,-,+,1,2,1,-1,0,f=1-2,f+1=,f=1-2. f+1=
q,//,-,6,1,8,6,-2,q=6//1,q-8=,q=6//1. q-8=
s,*,-,6,2,5,12,7,s=6*2,s-5=,s=6*2. s-5=
x,+,-,8,7,7,15,8,x=8+7,x-7=,x=8+7. x-7=
i,-,//,7,1,3,6,2,i=7-1,i//3=,i=7-1. i//3=
r,*,+,4,9,6,36,42,r=4*9,r+6=,r=4*9. r+6=
m,-,-,5,1,4,4,0,m=5-1,m-4=,m=5-1. m-4=
w,//,-,9,4,5,2,-3,w=9//4,w-5=,w=9//4. w-5=
t,*,+,7,6,6,42,48,t=7*6,t+6=,t=7*6. t+6=
a,//,-,9,3,7,3,-4,a=9//3,a-7=,a=9//3. a-7=
z,//,//,4,7,3,0,0,z=4//7,z//3=,z=4//7. z//3=
j,*,-,6,7,6,42,36,j=6*7,j-6=,j=6*7. j-6=
r,+,-,8,9,8,17,9,r=8+9,r-8=,r=8+9. r-8=
t,*,-,8,1,7,8,1,t=8*1,t-7=,t=8*1. t-7=
j,//,*,9,4,1,2,2,j=9//4,j*1=,j=9//4. j*1=
b,//,-,1,4,6,0,-6,b=1//4,b-6=,b=1//4. b-6=
j,//,//,4,1,5,4,0,j=4//1,j//5=,j=4//1. j//5=
z,//,//,3,7,2,0,0,z=3//7,z//2=,z=3//7. z//2=
z,+,//,8,1,5,9,1,z=8+1,z//5=,z=8+1. z//5=
h,-,//,3,8,5,-5,-1,h=3-8,h//5=,h=3-8. h//5=
k,+,-,9,5,1,14,13,k=9+5,k-1=,k=9+5. k-1=
r,-,-,5,2,3,3,0,r=5-2,r-3=,r=5-2. r-3=
q,+,+,7,9,2,16,18,q=7+9,q+2=,q=7+9. q+2=
u,+,//,7,3,8,10,1,u=7+3,u//8=,u=7+3. u//8=
z,-,//,1,7,6,-6,-1,z=1-7,z//6=,z=1-7. z//6=
m,-,//,4,7,1,-3,-3,m=4-7,m//1=,m=4-7. m//1=
s,*,+,8,2,7,16,23,s=8*2,s+7=,s=8*2. s+7=
l,-,*,4,7,5,-3,-15,l=4-7,l*5=,l=4-7. l*5=
s,*,+,6,5,4,30,34,s=6*5,s+4=,s=6*5. s+4=
c,*,-,4,6,6,24,18,c=4*6,c-6=,c=4*6. c-6=
c,//,//,5,8,9,0,0,c=5//8,c//9=,c=5//8. c//9=
y,//,*,2,2,1,1,1,y=2//2,y*1=,y=2//2. y*1=
d,-,*,6,2,4,4,16,d=6-2,d*4=,d=6-2. d*4=
d,*,*,1,5,5,5,25,d=1*5,d*5=,d=1*5. d*5=
r,-,-,2,6,8,-4,-12,r=2-6,r-8=,r=2-6. r-8=
z,+,*,4,3,3,7,21,z=4+3,z*3=,z=4+3. z*3=
m,//,-,7,6,4,1,-3,m=7//6,m-4=,m=7//6. m-4=
t,//,+,7,7,6,1,7,t=7//7,t+6=,t=7//7. t+6=
n,*,//,3,8,1,24,24,n=3*8,n//1=,n=3*8. n//1=
i,-,+,6,3,9,3,12,i=6-3,i+9=,i=6-3. i+9=
v,-,+,5,7,9,-2,7,v=5-7,v+9=,v=5-7. v+9=
y,//,-,3,3,5,1,-4,y=3//3,y-5=,y=3//3. y-5=
p,*,+,1,9,4,9,13,p=1*9,p+4=,p=1*9. p+4=
x,*,+,1,5,7,5,12,x=1*5,x+7=,x=1*5. x+7=
a,//,*,1,8,4,0,0,a=1//8,a*4=,a=1//8. a*4=
b,//,+,3,6,1,0,1,b=3//6,b+1=,b=3//6. b+1=
o,//,+,2,5,1,0,1,o=2//5,o+1=,o=2//5. o+1=
y,-,+,1,7,7,-6,1,y=1-7,y+7=,y=1-7. y+7=
v,//,-,6,7,8,0,-8,v=6//7,v-8=,v=6//7. v-8=
b,+,-,1,7,8,8,0,b=1+7,b-8=,b=1+7. b-8=
u,//,//,2,8,7,0,0,u=2//8,u//7=,u=2//8. u//7=
z,+,*,8,8,4,16,64,z=8+8,z*4=,z=8+8. z*4=
m,+,-,2,9,2,11,9,m=2+9,m-2=,m=2+9. m-2=
o,+,*,7,7,2,14,28,o=7+7,o*2=,o=7+7. o*2=
m,//,+,5,1,3,5,8,m=5//1,m+3=,m=5//1. m+3=
e,-,+,9,1,7,8,15,e=9-1,e+7=,e=9-1. e+7=
o,//,-,7,7,9,1,-8,o=7//7,o-9=,o=7//7. o-9=
q,*,*,2,3,4,6,24,q=2*3,q*4=,q=2*3. q*4=
j,-,-,5,5,3,0,-3,j=5-5,j-3=,j=5-5. j-3=
r,+,//,6,6,6,12,2,r=6+6,r//6=,r=6+6. r//6=
n,//,-,1,2,9,0,-9,n=1//2,n-9=,n=1//2. n-9=
e,-,//,4,8,9,-4,-1,e=4-8,e//9=,e=4-8. e//9=
x,*,+,9,6,6,54,60,x=9*6,x+6=,x=9*6. x+6=
i,*,+,1,5,2,5,7,i=1*5,i+2=,i=1*5. i+2=
s,//,//,4,6,3,0,0,s=4//6,s//3=,s=4//6. s//3=
t,+,*,9,6,9,15,135,t=9+6,t*9=,t=9+6. t*9=
m,+,*,7,8,8,15,120,m=7+8,m*8=,m=7+8. m*8=
f,*,//,8,7,4,56,14,f=8*7,f//4=,f=8*7. f//4=
f,-,//,9,7,1,2,2,f=9-7,f//1=,f=9-7. f//1=
z,*,//,2,9,9,18,2,z=2*9,z//9=,z=2*9. z//9=
h,*,+,8,2,6,16,22,h=8*2,h+6=,h=8*2. h+6=
d,//,//,2,9,2,0,0,d=2//9,d//2=,d=2//9. d//2=
k,+,//,5,1,8,6,0,k=5+1,k//8=,k=5+1. k//8=
n,//,//,3,1,2,3,1,n=3//1,n//2=,n=3//1. n//2=
t,//,+,8,1,4,8,12,t=8//1,t+4=,t=8//1. t+4=
h,*,*,7,6,5,42,210,h=7*6,h*5=,h=7*6. h*5=
f,*,+,5,4,5,20,25,f=5*4,f+5=,f=5*4. f+5=
z,-,-,5,6,2,-1,-3,z=5-6,z-2=,z=5-6. z-2=
f,*,+,4,9,9,36,45,f=4*9,f+9=,f=4*9. f+9=
e,+,//,1,5,9,6,0,e=1+5,e//9=,e=1+5. e//9=
z,*,*,5,7,7,35,245,z=5*7,z*7=,z=5*7. z*7=
g,*,+,1,7,5,7,12,g=1*7,g+5=,g=1*7. g+5=
n,//,*,7,1,3,7,21,n=7//1,n*3=,n=7//1. n*3=
j,+,//,8,2,9,10,1,j=8+2,j//9=,j=8+2. j//9=
s,//,-,7,4,6,1,-5,s=7//4,s-6=,s=7//4. s-6=
b,//,+,9,3,2,3,5,b=9//3,b+2=,b=9//3. b+2=
o,//,+,2,7,3,0,3,o=2//7,o+3=,o=2//7. o+3=
m,*,+,7,8,3,56,59,m=7*8,m+3=,m=7*8. m+3=
v,+,*,4,1,4,5,20,v=4+1,v*4=,v=4+1. v*4=
o,//,-,2,3,4,0,-4,o=2//3,o-4=,o=2//3. o-4=
k,-,//,5,8,8,-3,-1,k=5-8,k//8=,k=5-8. k//8=
w,//,-,3,4,3,0,-3,w=3//4,w-3=,w=3//4. w-3=
s,//,//,5,5,9,1,0,s=5//5,s//9=,s=5//5. s//9=
v,*,+,4,4,1,16,17,v=4*4,v+1=,v=4*4. v+1=
d,*,*,2,7,7,14,98,d=2*7,d*7=,d=2*7. d*7=
r,-,//,9,7,4,2,0,r=9-7,r//4=,r=9-7. r//4=
v,-,-,8,4,3,4,1,v=8-4,v-3=,v=8-4. v-3=
y,-,+,8,9,8,-1,7,y=8-9,y+8=,y=8-9. y+8=
u,//,+,6,7,8,0,8,u=6//7,u+8=,u=6//7. u+8=
o,+,//,3,3,8,6,0,o=3+3,o//8=,o=3+3. o//8=
v,//,//,8,9,7,0,0,v=8//9,v//7=,v=8//9. v//7=
v,*,+,5,7,5,35,40,v=5*7,v+5=,v=5*7. v+5=
g,//,-,2,8,8,0,-8,g=2//8,g-8=,g=2//8. g-8=
r,*,*,8,5,8,40,320,r=8*5,r*8=,r=8*5. r*8=
w,//,+,7,6,3,1,4,w=7//6,w+3=,w=7//6. w+3=
y,//,//,2,7,8,0,0,y=2//7,y//8=,y=2//7. y//8=
z,*,+,1,1,5,1,6,z=1*1,z+5=,z=1*1. z+5=
m,//,//,8,1,1,8,8,m=8//1,m//1=,m=8//1. m//1=
d,//,//,5,4,2,1,0,d=5//4,d//2=,d=5//4. d//2=
q,//,+,5,4,2,1,3,q=5//4,q+2=,q=5//4. q+2=
a,*,*,6,8,8,48,384,a=6*8,a*8=,a=6*8. a*8=
l,//,+,5,5,4,1,5,l=5//5,l+4=,l=5//5. l+4=
w,+,//,8,9,5,17,3,w=8+9,w//5=,w=8+9. w//5=
d,+,-,5,5,9,10,1,d=5+5,d-9=,d=5+5. d-9=
j,-,*,3,7,3,-4,-12,j=3-7,j*3=,j=3-7. j*3=
q,//,-,5,3,1,1,0,q=5//3,q-1=,q=5//3. q-1=
m,//,-,1,7,1,0,-1,m=1//7,m-1=,m=1//7. m-1=
w,+,+,1,5,5,6,11,w=1+5,w+5=,w=1+5. w+5=
z,*,*,4,1,8,4,32,z=4*1,z*8=,z=4*1. z*8=
l,+,+,3,3,4,6,10,l=3+3,l+4=,l=3+3. l+4=
b,*,//,1,2,4,2,0,b=1*2,b//4=,b=1*2. b//4=
s,*,+,2,1,1,2,3,s=2*1,s+1=,s=2*1. s+1=
f,-,//,5,5,7,0,0,f=5-5,f//7=,f=5-5. f//7=
t,//,+,3,2,4,1,5,t=3//2,t+4=,t=3//2. t+4=
a,-,-,6,2,8,4,-4,a=6-2,a-8=,a=6-2. a-8=
l,-,*,3,9,8,-6,-48,l=3-9,l*8=,l=3-9. l*8=
t,+,*,8,4,9,12,108,t=8+4,t*9=,t=8+4. t*9=
p,//,//,7,1,9,7,0,p=7//1,p//9=,p=7//1. p//9=
y,+,+,1,4,2,5,7,y=1+4,y+2=,y=1+4. y+2=
o,//,+,1,7,9,0,9,o=1//7,o+9=,o=1//7. o+9=
f,*,//,4,8,8,32,4,f=4*8,f//8=,f=4*8. f//8=
d,//,+,4,1,5,4,9,d=4//1,d+5=,d=4//1. d+5=
l,//,-,4,4,4,1,-3,l=4//4,l-4=,l=4//4. l-4=
v,+,-,6,7,8,13,5,v=6+7,v-8=,v=6+7. v-8=
o,+,-,1,9,9,10,1,o=1+9,o-9=,o=1+9. o-9=
b,//,+,9,2,7,4,11,b=9//2,b+7=,b=9//2. b+7=
z,//,//,1,3,3,0,0,z=1//3,z//3=,z=1//3. z//3=
s,*,//,1,8,7,8,1,s=1*8,s//7=,s=1*8. s//7=
v,-,-,8,6,4,2,-2,v=8-6,v-4=,v=8-6. v-4=
r,-,-,6,7,9,-1,-10,r=6-7,r-9=,r=6-7. r-9=
u,+,-,1,1,2,2,0,u=1+1,u-2=,u=1+1. u-2=
y,*,-,6,1,5,6,1,y=6*1,y-5=,y=6*1. y-5=
a,-,+,1,1,5,0,5,a=1-1,a+5=,a=1-1. a+5=
d,-,//,3,3,9,0,0,d=3-3,d//9=,d=3-3. d//9=
u,-,*,9,5,6,4,24,u=9-5,u*6=,u=9-5. u*6=
m,*,+,7,3,5,21,26,m=7*3,m+5=,m=7*3. m+5=
v,//,*,4,1,6,4,24,v=4//1,v*6=,v=4//1. v*6=
x,+,//,3,8,4,11,2,x=3+8,x//4=,x=3+8. x//4=
i,-,-,1,7,6,-6,-12,i=1-7,i-6=,i=1-7. i-6=
w,-,*,7,2,8,5,40,w=7-2,w*8=,w=7-2. w*8=
n,//,-,1,2,7,0,-7,n=1//2,n-7=,n=1//2. n-7=
w,//,//,8,7,7,1,0,w=8//7,w//7=,w=8//7. w//7=
g,-,*,5,8,1,-3,-3,g=5-8,g*1=,g=5-8. g*1=
j,+,+,4,8,5,12,17,j=4+8,j+5=,j=4+8. j+5=
c,*,*,4,5,5,20,100,c=4*5,c*5=,c=4*5. c*5=
c,*,-,8,3,8,24,16,c=8*3,c-8=,c=8*3. c-8=
x,-,//,5,3,5,2,0,x=5-3,x//5=,x=5-3. x//5=
z,//,-,1,2,6,0,-6,z=1//2,z-6=,z=1//2. z-6=
i,-,//,8,8,1,0,0,i=8-8,i//1=,i=8-8. i//1=
y,//,*,1,5,6,0,0,y=1//5,y*6=,y=1//5. y*6=
j,//,-,2,1,7,2,-5,j=2//1,j-7=,j=2//1. j-7=
r,*,//,1,5,1,5,5,r=1*5,r//1=,r=1*5. r//1=
w,*,*,4,1,8,4,32,w=4*1,w*8=,w=4*1. w*8=
u,//,//,8,1,4,8,2,u=8//1,u//4=,u=8//1. u//4=
a,//,+,4,2,5,2,7,a=4//2,a+5=,a=4//2. a+5=
h,-,-,5,5,8,0,-8,h=5-5,h-8=,h=5-5. h-8=
k,+,*,2,7,7,9,63,k=2+7,k*7=,k=2+7. k*7=
u,//,+,7,2,9,3,12,u=7//2,u+9=,u=7//2. u+9=
l,-,*,9,8,3,1,3,l=9-8,l*3=,l=9-8. l*3=
k,+,//,2,8,1,10,10,k=2+8,k//1=,k=2+8. k//1=
x,-,-,6,6,4,0,-4,x=6-6,x-4=,x=6-6. x-4=
g,//,+,6,4,9,1,10,g=6//4,g+9=,g=6//4. g+9=
w,*,//,6,8,7,48,6,w=6*8,w//7=,w=6*8. w//7=
h,+,//,5,9,7,14,2,h=5+9,h//7=,h=5+9. h//7=
l,//,//,4,2,1,2,2,l=4//2,l//1=,l=4//2. l//1=
i,*,+,4,6,4,24,28,i=4*6,i+4=,i=4*6. i+4=
p,+,*,9,5,9,14,126,p=9+5,p*9=,p=9+5. p*9=
q,*,+,3,9,6,27,33,q=3*9,q+6=,q=3*9. q+6=
l,+,+,3,4,3,7,10,l=3+4,l+3=,l=3+4. l+3=
r,-,//,4,7,1,-3,-3,r=4-7,r//1=,r=4-7. r//1=
s,*,//,2,1,5,2,0,s=2*1,s//5=,s=2*1. s//5=
j,-,//,5,6,5,-1,-1,j=5-6,j//5=,j=5-6. j//5=
w,+,//,8,6,9,14,1,w=8+6,w//9=,w=8+6. w//9=
n,*,+,2,5,2,10,12,n=2*5,n+2=,n=2*5. n+2=
y,-,//,2,3,9,-1,-1,y=2-3,y//9=,y=2-3. y//9=
f,-,+,2,4,7,-2,5,f=2-4,f+7=,f=2-4. f+7=
x,//,*,9,8,4,1,4,x=9//8,x*4=,x=9//8. x*4=
j,//,-,1,3,3,0,-3,j=1//3,j-3=,j=1//3. j-3=
u,//,*,4,7,9,0,0,u=4//7,u*9=,u=4//7. u*9=
c,*,*,8,1,3,8,24,c=8*1,c*3=,c=8*1. c*3=
y,*,+,4,3,8,12,20,y=4*3,y+8=,y=4*3. y+8=
k,-,+,6,7,8,-1,7,k=6-7,k+8=,k=6-7. k+8=
c,*,//,2,5,3,10,3,c=2*5,c//3=,c=2*5. c//3=
c,//,*,3,1,5,3,15,c=3//1,c*5=,c=3//1. c*5=
s,//,//,3,4,5,0,0,s=3//4,s//5=,s=3//4. s//5=
w,*,//,9,8,1,72,72,w=9*8,w//1=,w=9*8. w//1=
w,//,-,5,9,9,0,-9,w=5//9,w-9=,w=5//9. w-9=
r,+,//,4,3,2,7,3,r=4+3,r//2=,r=4+3. r//2=
h,+,-,8,2,2,10,8,h=8+2,h-2=,h=8+2. h-2=
y,*,*,8,9,1,72,72,y=8*9,y*1=,y=8*9. y*1=
b,+,*,1,3,2,4,8,b=1+3,b*2=,b=1+3. b*2=
c,*,//,7,2,7,14,2,c=7*2,c//7=,c=7*2. c//7=
s,+,*,2,4,9,6,54,s=2+4,s*9=,s=2+4. s*9=
t,-,+,2,9,4,-7,-3,t=2-9,t+4=,t=2-9. t+4=
t,*,+,6,6,8,36,44,t=6*6,t+8=,t=6*6. t+8=
k,-,-,9,5,6,4,-2,k=9-5,k-6=,k=9-5. k-6=
y,-,*,4,8,2,-4,-8,y=4-8,y*2=,y=4-8. y*2=
g,-,*,2,4,2,-2,-4,g=2-4,g*2=,g=2-4. g*2=
n,+,*,1,5,8,6,48,n=1+5,n*8=,n=1+5. n*8=
i,*,*,3,5,6,15,90,i=3*5,i*6=,i=3*5. i*6=
w,-,*,4,3,4,1,4,w=4-3,w*4=,w=4-3. w*4=
e,*,*,5,8,6,40,240,e=5*8,e*6=,e=5*8. e*6=
s,-,-,1,8,4,-7,-11,s=1-8,s-4=,s=1-8. s-4=
t,*,-,9,2,3,18,15,t=9*2,t-3=,t=9*2. t-3=
a,+,+,5,5,7,10,17,a=5+5,a+7=,a=5+5. a+7=
g,-,//,2,6,2,-4,-2,g=2-6,g//2=,g=2-6. g//2=
y,+,*,7,7,7,14,98,y=7+7,y*7=,y=7+7. y*7=
q,*,+,8,5,6,40,46,q=8*5,q+6=,q=8*5. q+6=
e,-,-,5,5,9,0,-9,e=5-5,e-9=,e=5-5. e-9=
r,+,//,5,4,2,9,4,r=5+4,r//2=,r=5+4. r//2=
p,+,//,3,3,7,6,0,p=3+3,p//7=,p=3+3. p//7=
w,+,-,7,5,4,12,8,w=7+5,w-4=,w=7+5. w-4=
l,-,-,9,2,8,7,-1,l=9-2,l-8=,l=9-2. l-8=
i,//,*,5,9,8,0,0,i=5//9,i*8=,i=5//9. i*8=
e,-,//,2,1,5,1,0,e=2-1,e//5=,e=2-1. e//5=
o,+,*,2,1,7,3,21,o=2+1,o*7=,o=2+1. o*7=
u,+,*,3,8,1,11,11,u=3+8,u*1=,u=3+8. u*1=
s,*,//,8,4,2,32,16,s=8*4,s//2=,s=8*4. s//2=
j,-,//,6,9,5,-3,-1,j=6-9,j//5=,j=6-9. j//5=
b,-,*,7,8,3,-1,-3,b=7-8,b*3=,b=7-8. b*3=
b,-,*,4,8,8,-4,-32,b=4-8,b*8=,b=4-8. b*8=
k,-,//,7,9,2,-2,-1,k=7-9,k//2=,k=7-9. k//2=
k,+,*,7,8,3,15,45,k=7+8,k*3=,k=7+8. k*3=
j,//,-,5,3,6,1,-5,j=5//3,j-6=,j=5//3. j-6=
e,*,-,3,1,4,3,-1,e=3*1,e-4=,e=3*1. e-4=
u,*,//,7,6,8,42,5,u=7*6,u//8=,u=7*6. u//8=
h,+,+,8,9,7,17,24,h=8+9,h+7=,h=8+9. h+7=
r,-,+,8,3,5,5,10,r=8-3,r+5=,r=8-3. r+5=
q,+,*,9,6,6,15,90,q=9+6,q*6=,q=9+6. q*6=
a,*,+,1,2,3,2,5,a=1*2,a+3=,a=1*2. a+3=
j,-,//,7,7,7,0,0,j=7-7,j//7=,j=7-7. j//7=
q,//,*,6,8,2,0,0,q=6//8,q*2=,q=6//8. q*2=
b,-,+,5,9,2,-4,-2,b=5-9,b+2=,b=5-9. b+2=
q,-,//,7,1,4,6,1,q=7-1,q//4=,q=7-1. q//4=
y,*,+,2,9,6,18,24,y=2*9,y+6=,y=2*9. y+6=
c,+,//,1,8,7,9,1,c=1+8,c//7=,c=1+8. c//7=
a,//,*,4,4,4,1,4,a=4//4,a*4=,a=4//4. a*4=
m,+,-,8,8,4,16,12,m=8+8,m-4=,m=8+8. m-4=
p,*,//,9,6,5,54,10,p=9*6,p//5=,p=9*6. p//5=
v,//,+,7,7,8,1,9,v=7//7,v+8=,v=7//7. v+8=
l,//,//,1,5,8,0,0,l=1//5,l//8=,l=1//5. l//8=
b,-,//,4,3,9,1,0,b=4-3,b//9=,b=4-3. b//9=
k,-,-,7,5,9,2,-7,k=7-5,k-9=,k=7-5. k-9=
y,-,+,1,5,2,-4,-2,y=1-5,y+2=,y=1-5. y+2=
d,*,*,2,1,6,2,12,d=2*1,d*6=,d=2*1. d*6=
d,-,-,6,3,7,3,-4,d=6-3,d-7=,d=6-3. d-7=
n,-,//,1,3,4,-2,-1,n=1-3,n//4=,n=1-3. n//4=
a,*,*,7,4,9,28,252,a=7*4,a*9=,a=7*4. a*9=
s,*,//,8,8,8,64,8,s=8*8,s//8=,s=8*8. s//8=
d,+,+,6,2,1,8,9,d=6+2,d+1=,d=6+2. d+1=
k,+,-,1,6,7,7,0,k=1+6,k-7=,k=1+6. k-7=
s,+,*,5,5,1,10,10,s=5+5,s*1=,s=5+5. s*1=
k,+,//,7,6,7,13,1,k=7+6,k//7=,k=7+6. k//7=
p,+,-,5,8,7,13,6,p=5+8,p-7=,p=5+8. p-7=
l,//,+,2,1,4,2,6,l=2//1,l+4=,l=2//1. l+4=
v,//,*,3,7,3,0,0,v=3//7,v*3=,v=3//7. v*3=
s,*,*,8,8,5,64,320,s=8*8,s*5=,s=8*8. s*5=
b,*,*,5,8,9,40,360,b=5*8,b*9=,b=5*8. b*9=
h,//,+,5,5,6,1,7,h=5//5,h+6=,h=5//5. h+6=
w,//,*,2,5,2,0,0,w=2//5,w*2=,w=2//5. w*2=
n,*,*,8,5,8,40,320,n=8*5,n*8=,n=8*5. n*8=
m,+,*,6,4,8,10,80,m=6+4,m*8=,m=6+4. m*8=
q,-,+,5,1,6,4,10,q=5-1,q+6=,q=5-1. q+6=
i,-,-,3,5,1,-2,-3,i=3-5,i-1=,i=3-5. i-1=
x,-,//,3,4,3,-1,-1,x=3-4,x//3=,x=3-4. x//3=
b,//,//,7,9,8,0,0,b=7//9,b//8=,b=7//9. b//8=
s,//,-,1,2,7,0,-7,s=1//2,s-7=,s=1//2. s-7=
d,+,-,1,8,6,9,3,d=1+8,d-6=,d=1+8. d-6=
d,*,-,6,4,4,24,20,d=6*4,d-4=,d=6*4. d-4=
g,*,//,7,7,5,49,9,g=7*7,g//5=,g=7*7. g//5=
c,+,-,7,5,6,12,6,c=7+5,c-6=,c=7+5. c-6=
i,*,+,1,6,2,6,8,i=1*6,i+2=,i=1*6. i+2=
u,*,*,8,3,5,24,120,u=8*3,u*5=,u=8*3. u*5=
s,+,+,5,8,8,13,21,s=5+8,s+8=,s=5+8. s+8=
h,//,-,1,6,2,0,-2,h=1//6,h-2=,h=1//6. h-2=
e,+,-,6,1,8,7,-1,e=6+1,e-8=,e=6+1. e-8=
b,-,-,7,5,5,2,-3,b=7-5,b-5=,b=7-5. b-5=
w,*,+,7,3,6,21,27,w=7*3,w+6=,w=7*3. w+6=
f,+,+,6,8,2,14,16,f=6+8,f+2=,f=6+8. f+2=
b,+,+,3,7,1,10,11,b=3+7,b+1=,b=3+7. b+1=
o,//,//,7,1,5,7,1,o=7//1,o//5=,o=7//1. o//5=
v,*,+,9,5,7,45,52,v=9*5,v+7=,v=9*5. v+7=
j,*,*,6,4,7,24,168,j=6*4,j*7=,j=6*4. j*7=
m,-,-,3,5,1,-2,-3,m=3-5,m-1=,m=3-5. m-1=
t,-,*,6,2,2,4,8,t=6-2,t*2=,t=6-2. t*2=
t,//,+,7,3,8,2,10,t=7//3,t+8=,t=7//3. t+8=
j,//,*,9,7,8,1,8,j=9//7,j*8=,j=9//7. j*8=
d,+,+,7,9,3,16,19,d=7+9,d+3=,d=7+9. d+3=
p,*,-,8,9,6,72,66,p=8*9,p-6=,p=8*9. p-6=
n,//,-,6,1,9,6,-3,n=6//1,n-9=,n=6//1. n-9=
j,-,//,3,6,4,-3,-1,j=3-6,j//4=,j=3-6. j//4=
q,//,+,6,3,5,2,7,q=6//3,q+5=,q=6//3. q+5=
h,-,//,6,1,3,5,1,h=6-1,h//3=,h=6-1. h//3=
v,//,-,6,9,8,0,-8,v=6//9,v-8=,v=6//9. v-8=
m,-,+,2,8,4,-6,-2,m=2-8,m+4=,m=2-8. m+4=
c,*,*,2,3,3,6,18,c=2*3,c*3=,c=2*3. c*3=
i,+,-,1,3,5,4,-1,i=1+3,i-5=,i=1+3. i-5=
w,*,-,4,5,1,20,19,w=4*5,w-1=,w=4*5. w-1=
e,-,+,9,9,8,0,8,e=9-9,e+8=,e=9-9. e+8=
y,-,-,5,1,6,4,-2,y=5-1,y-6=,y=5-1. y-6=
n,*,*,3,2,9,6,54,n=3*2,n*9=,n=3*2. n*9=
x,-,-,3,5,7,-2,-9,x=3-5,x-7=,x=3-5. x-7=
n,-,+,5,6,5,-1,4,n=5-6,n+5=,n=5-6. n+5=
u,*,+,2,6,2,12,14,u=2*6,u+2=,u=2*6. u+2=
d,+,//,9,1,1,10,10,d=9+1,d//1=,d=9+1. d//1=
g,+,+,8,2,5,10,15,g=8+2,g+5=,g=8+2. g+5=
p,*,*,2,8,2,16,32,p=2*8,p*2=,p=2*8. p*2=
g,//,//,2,7,2,0,0,g=2//7,g//2=,g=2//7. g//2=
a,*,//,5,3,9,15,1,a=5*3,a//9=,a=5*3. a//9=
i,//,+,6,6,4,1,5,i=6//6,i+4=,i=6//6. i+4=
x,*,-,9,9,9,81,72,x=9*9,x-9=,x=9*9. x-9=
f,*,*,5,1,5,5,25,f=5*1,f*5=,f=5*1. f*5=
j,//,-,1,1,7,1,-6,j=1//1,j-7=,j=1//1. j-7=
j,*,//,7,8,3,56,18,j=7*8,j//3=,j=7*8. j//3=
o,*,//,3,5,6,15,2,o=3*5,o//6=,o=3*5. o//6=
n,//,+,2,6,1,0,1,n=2//6,n+1=,n=2//6. n+1=
k,*,-,1,1,9,1,-8,k=1*1,k-9=,k=1*1. k-9=
b,+,-,9,7,2,16,14,b=9+7,b-2=,b=9+7. b-2=
u,+,+,6,9,9,15,24,u=6+9,u+9=,u=6+9. u+9=
v,+,-,7,7,5,14,9,v=7+7,v-5=,v=7+7. v-5=
w,//,//,3,1,8,3,0,w=3//1,w//8=,w=3//1. w//8=
h,*,+,9,5,6,45,51,h=9*5,h+6=,h=9*5. h+6=
q,*,//,8,3,5,24,4,q=8*3,q//5=,q=8*3. q//5=
y,-,*,1,5,8,-4,-32,y=1-5,y*8=,y=1-5. y*8=
b,//,*,9,4,7,2,14,b=9//4,b*7=,b=9//4. b*7=
t,-,+,7,4,8,3,11,t=7-4,t+8=,t=7-4. t+8=
c,-,*,6,4,2,2,4,c=6-4,c*2=,c=6-4. c*2=
e,//,//,6,3,2,2,1,e=6//3,e//2=,e=6//3. e//2=
i,-,+,7,6,8,1,9,i=7-6,i+8=,i=7-6. i+8=
g,*,+,2,8,4,16,20,g=2*8,g+4=,g=2*8. g+4=
h,*,+,1,6,9,6,15,h=1*6,h+9=,h=1*6. h+9=
o,*,-,4,1,8,4,-4,o=4*1,o-8=,o=4*1. o-8=
h,+,-,7,9,8,16,8,h=7+9,h-8=,h=7+9. h-8=
e,-,//,9,1,1,8,8,e=9-1,e//1=,e=9-1. e//1=
b,+,*,6,5,9,11,99,b=6+5,b*9=,b=6+5. b*9=
y,//,+,7,2,5,3,8,y=7//2,y+5=,y=7//2. y+5=
c,+,-,8,7,4,15,11,c=8+7,c-4=,c=8+7. c-4=
w,*,//,6,5,4,30,7,w=6*5,w//4=,w=6*5. w//4=
g,//,//,2,3,5,0,0,g=2//3,g//5=,g=2//3. g//5=
m,//,-,1,8,4,0,-4,m=1//8,m-4=,m=1//8. m-4=
l,*,-,5,7,5,35,30,l=5*7,l-5=,l=5*7. l-5=
n,+,//,5,4,3,9,3,n=5+4,n//3=,n=5+4. n//3=
q,+,//,2,7,6,9,1,q=2+7,q//6=,q=2+7. q//6=
n,+,//,7,7,1,14,14,n=7+7,n//1=,n=7+7. n//1=
k,*,-,3,1,8,3,-5,k=3*1,k-8=,k=3*1. k-8=
w,*,*,5,3,4,15,60,w=5*3,w*4=,w=5*3. w*4=
b,+,*,1,7,3,8,24,b=1+7,b*3=,b=1+7. b*3=
m,*,-,8,4,2,32,30,m=8*4,m-2=,m=8*4. m-2=
o,+,//,9,3,7,12,1,o=9+3,o//7=,o=9+3. o//7=
m,//,*,6,3,1,2,2,m=6//3,m*1=,m=6//3. m*1=
x,//,*,3,6,7,0,0,x=3//6,x*7=,x=3//6. x*7=
j,-,//,7,7,8,0,0,j=7-7,j//8=,j=7-7. j//8=
z,+,+,7,7,2,14,16,z=7+7,z+2=,z=7+7. z+2=
n,//,//,9,5,8,1,0,n=9//5,n//8=,n=9//5. n//8=
p,//,//,3,8,3,0,0,p=3//8,p//3=,p=3//8. p//3=
d,+,-,3,6,2,9,7,d=3+6,d-2=,d=3+6. d-2=
w,-,+,9,3,7,6,13,w=9-3,w+7=,w=9-3. w+7=
h,-,+,2,8,2,-6,-4,h=2-8,h+2=,h=2-8. h+2=
w,+,-,2,9,9,11,2,w=2+9,w-9=,w=2+9. w-9=
c,-,-,1,8,6,-7,-13,c=1-8,c-6=,c=1-8. c-6=
b,+,*,4,3,3,7,21,b=4+3,b*3=,b=4+3. b*3=
e,//,+,7,6,9,1,10,e=7//6,e+9=,e=7//6. e+9=
s,*,-,7,4,7,28,21,s=7*4,s-7=,s=7*4. s-7=
m,//,+,6,1,9,6,15,m=6//1,m+9=,m=6//1. m+9=
p,-,//,8,7,8,1,0,p=8-7,p//8=,p=8-7. p//8=
k,+,//,5,7,2,12,6,k=5+7,k//2=,k=5+7. k//2=
e,+,-,9,4,7,13,6,e=9+4,e-7=,e=9+4. e-7=
u,-,//,1,5,4,-4,-1,u=1-5,u//4=,u=1-5. u//4=
g,*,-,5,9,9,45,36,g=5*9,g-9=,g=5*9. g-9=
z,//,+,2,5,9,0,9,z=2//5,z+9=,z=2//5. z+9=
k,+,-,8,6,3,14,11,k=8+6,k-3=,k=8+6. k-3=
j,-,*,1,3,5,-2,-10,j=1-3,j*5=,j=1-3. j*5=
m,//,*,8,5,1,1,1,m=8//5,m*1=,m=8//5. m*1=
q,-,+,4,5,6,-1,5,q=4-5,q+6=,q=4-5. q+6=
c,-,-,8,4,7,4,-3,c=8-4,c-7=,c=8-4. c-7=
m,-,+,4,7,9,-3,6,m=4-7,m+9=,m=4-7. m+9=
o,-,//,4,3,1,1,1,o=4-3,o//1=,o=4-3. o//1=
n,+,*,1,3,2,4,8,n=1+3,n*2=,n=1+3. n*2=
j,*,-,2,2,3,4,1,j=2*2,j-3=,j=2*2. j-3=
h,//,-,3,2,4,1,-3,h=3//2,h-4=,h=3//2. h-4=
g,-,+,6,8,8,-2,6,g=6-8,g+8=,g=6-8. g+8=
v,//,+,8,1,6,8,14,v=8//1,v+6=,v=8//1. v+6=
p,//,*,8,8,6,1,6,p=8//8,p*6=,p=8//8. p*6=
c,+,+,6,7,1,13,14,c=6+7,c+1=,c=6+7. c+1=
k,//,+,7,3,6,2,8,k=7//3,k+6=,k=7//3. k+6=
x,+,-,9,7,8,16,8,x=9+7,x-8=,x=9+7. x-8=
r,+,+,1,6,5,7,12,r=1+6,r+5=,r=1+6. r+5=
q,//,-,8,4,9,2,-7,q=8//4,q-9=,q=8//4. q-9=
q,+,//,1,1,3,2,0,q=1+1,q//3=,q=1+1. q//3=
j,-,*,5,3,7,2,14,j=5-3,j*7=,j=5-3. j*7=
g,-,+,9,9,9,0,9,g=9-9,g+9=,g=9-9. g+9=
h,*,*,9,2,9,18,162,h=9*2,h*9=,h=9*2. h*9=
n,//,*,1,4,2,0,0,n=1//4,n*2=,n=1//4. n*2=
s,*,//,8,2,5,16,3,s=8*2,s//5=,s=8*2. s//5=
r,//,*,3,1,8,3,24,r=3//1,r*8=,r=3//1. r*8=
l,//,*,1,6,7,0,0,l=1//6,l*7=,l=1//6. l*7=
l,//,//,5,5,4,1,0,l=5//5,l//4=,l=5//5. l//4=
l,*,*,6,9,2,54,108,l=6*9,l*2=,l=6*9. l*2=
t,*,+,7,7,4,49,53,t=7*7,t+4=,t=7*7. t+4=
q,//,-,3,5,9,0,-9,q=3//5,q-9=,q=3//5. q-9=
h,+,-,6,6,7,12,5,h=6+6,h-7=,h=6+6. h-7=
m,//,-,9,2,6,4,-2,m=9//2,m-6=,m=9//2. m-6=
u,+,-,7,2,2,9,7,u=7+2,u-2=,u=7+2. u-2=
c,+,+,2,3,3,5,8,c=2+3,c+3=,c=2+3. c+3=
x,//,-,1,6,8,0,-8,x=1//6,x-8=,x=1//6. x-8=
x,//,*,7,8,1,0,0,x=7//8,x*1=,x=7//8. x*1=
c,+,*,3,6,7,9,63,c=3+6,c*7=,c=3+6. c*7=
x,+,+,5,4,5,9,14,x=5+4,x+5=,x=5+4. x+5=
e,*,*,3,8,5,24,120,e=3*8,e*5=,e=3*8. e*5=
d,*,*,8,8,6,64,384,d=8*8,d*6=,d=8*8. d*6=
i,+,//,3,9,8,12,1,i=3+9,i//8=,i=3+9. i//8=
v,//,-,2,6,8,0,-8,v=2//6,v-8=,v=2//6. v-8=
v,+,*,4,6,6,10,60,v=4+6,v*6=,v=4+6. v*6=
n,-,-,4,3,9,1,-8,n=4-3,n-9=,n=4-3. n-9=
o,-,*,8,4,3,4,12,o=8-4,o*3=,o=8-4. o*3=
a,-,+,2,7,8,-5,3,a=2-7,a+8=,a=2-7. a+8=
c,//,+,5,3,6,1,7,c=5//3,c+6=,c=5//3. c+6=
z,-,+,6,5,6,1,7,z=6-5,z+6=,z=6-5. z+6=
v,//,-,7,7,9,1,-8,v=7//7,v-9=,v=7//7. v-9=
a,//,//,4,9,2,0,0,a=4//9,a//2=,a=4//9. a//2=
j,//,*,7,8,7,0,0,j=7//8,j*7=,j=7//8. j*7=
c,-,//,2,6,5,-4,-1,c=2-6,c//5=,c=2-6. c//5=
b,+,*,2,5,5,7,35,b=2+5,b*5=,b=2+5. b*5=
d,+,-,2,7,9,9,0,d=2+7,d-9=,d=2+7. d-9=
h,*,//,7,2,3,14,4,h=7*2,h//3=,h=7*2. h//3=
h,-,+,7,8,1,-1,0,h=7-8,h+1=,h=7-8. h+1=
r,+,-,8,2,6,10,4,r=8+2,r-6=,r=8+2. r-6=
h,-,//,9,8,3,1,0,h=9-8,h//3=,h=9-8. h//3=
w,*,//,4,4,7,16,2,w=4*4,w//7=,w=4*4. w//7=
t,*,*,6,5,9,30,270,t=6*5,t*9=,t=6*5. t*9=
x,+,*,1,4,9,5,45,x=1+4,x*9=,x=1+4. x*9=
b,+,//,1,8,3,9,3,b=1+8,b//3=,b=1+8. b//3=
l,+,//,9,7,5,16,3,l=9+7,l//5=,l=9+7. l//5=
v,-,+,3,7,3,-4,-1,v=3-7,v+3=,v=3-7. v+3=
t,-,-,9,2,6,7,1,t=9-2,t-6=,t=9-2. t-6=
n,+,*,3,2,3,5,15,n=3+2,n*3=,n=3+2. n*3=
u,-,-,6,3,8,3,-5,u=6-3,u-8=,u=6-3. u-8=
w,//,//,3,3,5,1,0,w=3//3,w//5=,w=3//3. w//5=
r,-,-,3,8,3,-5,-8,r=3-8,r-3=,r=3-8. r-3=
i,//,*,8,6,5,1,5,i=8//6,i*5=,i=8//6. i*5=
w,//,//,8,4,5,2,0,w=8//4,w//5=,w=8//4. w//5=
c,//,*,7,6,3,1,3,c=7//6,c*3=,c=7//6. c*3=
m,//,//,7,4,8,1,0,m=7//4,m//8=,m=7//4. m//8=
o,+,-,2,3,6,5,-1,o=2+3,o-6=,o=2+3. o-6=
b,+,+,8,7,5,15,20,b=8+7,b+5=,b=8+7. b+5=
w,//,//,3,1,3,3,1,w=3//1,w//3=,w=3//1. w//3=
u,-,*,6,8,8,-2,-16,u=6-8,u*8=,u=6-8. u*8=
t,-,*,7,2,2,5,10,t=7-2,t*2=,t=7-2. t*2=
p,//,//,6,6,3,1,0,p=6//6,p//3=,p=6//6. p//3=
y,-,*,8,6,4,2,8,y=8-6,y*4=,y=8-6. y*4=
f,-,*,7,5,1,2,2,f=7-5,f*1=,f=7-5. f*1=
p,//,+,8,3,9,2,11,p=8//3,p+9=,p=8//3. p+9=
m,-,-,1,6,8,-5,-13,m=1-6,m-8=,m=1-6. m-8=
s,//,*,5,7,1,0,0,s=5//7,s*1=,s=5//7. s*1=
y,+,*,9,1,9,10,90,y=9+1,y*9=,y=9+1. y*9=
k,*,*,2,4,9,8,72,k=2*4,k*9=,k=2*4. k*9=
a,//,+,6,6,2,1,3,a=6//6,a+2=,a=6//6. a+2=
b,-,*,7,1,5,6,30,b=7-1,b*5=,b=7-1. b*5=
n,+,//,4,2,9,6,0,n=4+2,n//9=,n=4+2. n//9=
r,//,*,5,2,6,2,12,r=5//2,r*6=,r=5//2. r*6=
l,-,+,1,3,7,-2,5,l=1-3,l+7=,l=1-3. l+7=
b,+,*,5,2,9,7,63,b=5+2,b*9=,b=5+2. b*9=
j,*,-,8,8,9,64,55,j=8*8,j-9=,j=8*8. j-9=
n,//,//,5,6,9,0,0,n=5//6,n//9=,n=5//6. n//9=
m,//,*,1,8,3,0,0,m=1//8,m*3=,m=1//8. m*3=
w,+,+,4,2,2,6,8,w=4+2,w+2=,w=4+2. w+2=
r,+,//,8,8,5,16,3,r=8+8,r//5=,r=8+8. r//5=
y,*,-,7,2,5,14,9,y=7*2,y-5=,y=7*2. y-5=
e,-,*,3,1,7,2,14,e=3-1,e*7=,e=3-1. e*7=
j,+,//,6,9,6,15,2,j=6+9,j//6=,j=6+9. j//6=
f,//,+,1,2,5,0,5,f=1//2,f+5=,f=1//2. f+5=
w,+,-,7,8,5,15,10,w=7+8,w-5=,w=7+8. w-5=
q,*,+,8,3,4,24,28,q=8*3,q+4=,q=8*3. q+4=
o,+,-,8,7,1,15,14,o=8+7,o-1=,o=8+7. o-1=
c,*,-,3,5,4,15,11,c=3*5,c-4=,c=3*5. c-4=
v,*,+,9,7,8,63,71,v=9*7,v+8=,v=9*7. v+8=
r,*,*,1,9,6,9,54,r=1*9,r*6=,r=1*9. r*6=
f,-,-,1,6,2,-5,-7,f=1-6,f-2=,f=1-6. f-2=
m,+,*,7,8,1,15,15,m=7+8,m*1=,m=7+8. m*1=
j,+,+,6,5,1,11,12,j=6+5,j+1=,j=6+5. j+1=
q,-,+,2,9,2,-7,-5,q=2-9,q+2=,q=2-9. q+2=
q,+,+,6,6,8,12,20,q=6+6,q+8=,q=6+6. q+8=
f,//,+,7,2,5,3,8,f=7//2,f+5=,f=7//2. f+5=
w,+,//,4,4,8,8,1,w=4+4,w//8=,w=4+4. w//8=
f,*,*,1,6,2,6,12,f=1*6,f*2=,f=1*6. f*2=
y,*,*,6,4,6,24,144,y=6*4,y*6=,y=6*4. y*6=
z,-,*,2,9,1,-7,-7,z=2-9,z*1=,z=2-9. z*1=
w,//,*,3,8,9,0,0,w=3//8,w*9=,w=3//8. w*9=
f,*,+,1,5,1,5,6,f=1*5,f+1=,f=1*5. f+1=
f,//,*,9,1,3,9,27,f=9//1,f*3=,f=9//1. f*3=
b,+,+,6,1,7,7,14,b=6+1,b+7=,b=6+1. b+7=
k,-,+,4,9,3,-5,-2,k=4-9,k+3=,k=4-9. k+3=
l,*,+,2,5,9,10,19,l=2*5,l+9=,l=2*5. l+9=
b,//,//,8,9,1,0,0,b=8//9,b//1=,b=8//9. b//1=
q,+,-,4,5,2,9,7,q=4+5,q-2=,q=4+5. q-2=
d,*,//,9,2,8,18,2,d=9*2,d//8=,d=9*2. d//8=
d,-,+,3,6,6,-3,3,d=3-6,d+6=,d=3-6. d+6=
x,//,-,7,1,6,7,1,x=7//1,x-6=,x=7//1. x-6=
u,*,//,2,3,2,6,3,u=2*3,u//2=,u=2*3. u//2=
d,-,*,7,4,5,3,15,d=7-4,d*5=,d=7-4. d*5=
s,//,*,9,7,4,1,4,s=9//7,s*4=,s=9//7. s*4=
l,+,-,4,6,5,10,5,l=4+6,l-5=,l=4+6. l-5=
z,-,+,1,5,7,-4,3,z=1-5,z+7=,z=1-5. z+7=
z,+,-,7,8,8,15,7,z=7+8,z-8=,z=7+8. z-8=
u,*,//,1,1,9,1,0,u=1*1,u//9=,u=1*1. u//9=
b,*,+,6,9,9,54,63,b=6*9,b+9=,b=6*9. b+9=
l,-,+,9,1,2,8,10,l=9-1,l+2=,l=9-1. l+2=
c,//,*,5,5,5,1,5,c=5//5,c*5=,c=5//5. c*5=
t,-,-,4,2,9,2,-7,t=4-2,t-9=,t=4-2. t-9=
o,-,*,8,2,3,6,18,o=8-2,o*3=,o=8-2. o*3=
h,*,-,1,8,1,8,7,h=1*8,h-1=,h=1*8. h-1=
k,*,//,8,4,2,32,16,k=8*4,k//2=,k=8*4. k//2=
b,+,*,3,1,9,4,36,b=3+1,b*9=,b=3+1. b*9=
s,*,-,4,6,7,24,17,s=4*6,s-7=,s=4*6. s-7=
r,-,//,4,6,9,-2,-1,r=4-6,r//9=,r=4-6. r//9=
x,+,//,5,2,7,7,1,x=5+2,x//7=,x=5+2. x//7=
v,+,-,6,8,6,14,8,v=6+8,v-6=,v=6+8. v-6=
n,*,-,5,8,6,40,34,n=5*8,n-6=,n=5*8. n-6=
l,+,-,9,3,9,12,3,l=9+3,l-9=,l=9+3. l-9=
y,-,*,7,5,8,2,16,y=7-5,y*8=,y=7-5. y*8=
a,*,*,6,5,3,30,90,a=6*5,a*3=,a=6*5. a*3=
e,-,-,5,4,6,1,-5,e=5-4,e-6=,e=5-4. e-6=
g,*,//,7,8,7,56,8,g=7*8,g//7=,g=7*8. g//7=
n,//,+,7,8,3,0,3,n=7//8,n+3=,n=7//8. n+3=
m,*,+,8,9,9,72,81,m=8*9,m+9=,m=8*9. m+9=
z,+,*,8,9,8,17,136,z=8+9,z*8=,z=8+9. z*8=
y,-,*,5,6,7,-1,-7,y=5-6,y*7=,y=5-6. y*7=
h,*,//,3,6,5,18,3,h=3*6,h//5=,h=3*6. h//5=
g,+,-,5,5,7,10,3,g=5+5,g-7=,g=5+5. g-7=
l,-,*,6,6,3,0,0,l=6-6,l*3=,l=6-6. l*3=
z,*,+,1,4,3,4,7,z=1*4,z+3=,z=1*4. z+3=
j,*,//,2,7,3,14,4,j=2*7,j//3=,j=2*7. j//3=
y,//,//,9,9,9,1,0,y=9//9,y//9=,y=9//9. y//9=
m,*,//,8,4,2,32,16,m=8*4,m//2=,m=8*4. m//2=
a,*,*,2,7,9,14,126,a=2*7,a*9=,a=2*7. a*9=
r,//,//,8,9,6,0,0,r=8//9,r//6=,r=8//9. r//6=
v,//,-,4,8,9,0,-9,v=4//8,v-9=,v=4//8. v-9=
d,+,-,2,6,7,8,1,d=2+6,d-7=,d=2+6. d-7=
p,//,*,1,8,8,0,0,p=1//8,p*8=,p=1//8. p*8=
r,-,*,9,5,9,4,36,r=9-5,r*9=,r=9-5. r*9=
h,+,//,6,3,9,9,1,h=6+3,h//9=,h=6+3. h//9=
c,+,+,5,4,5,9,14,c=5+4,c+5=,c=5+4. c+5=
o,+,*,8,8,5,16,80,o=8+8,o*5=,o=8+8. o*5=
p,*,-,1,9,2,9,7,p=1*9,p-2=,p=1*9. p-2=
s,+,-,2,6,2,8,6,s=2+6,s-2=,s=2+6. s-2=
n,//,+,1,1,5,1,6,n=1//1,n+5=,n=1//1. n+5=
f,-,+,7,4,9,3,12,f=7-4,f+9=,f=7-4. f+9=
g,*,*,9,7,8,63,504,g=9*7,g*8=,g=9*7. g*8=
u,+,//,4,5,5,9,1,u=4+5,u//5=,u=4+5. u//5=
s,+,//,7,6,6,13,2,s=7+6,s//6=,s=7+6. s//6=
p,*,-,3,5,4,15,11,p=3*5,p-4=,p=3*5. p-4=
g,-,*,9,2,7,7,49,g=9-2,g*7=,g=9-2. g*7=
v,+,*,6,3,2,9,18,v=6+3,v*2=,v=6+3. v*2=
q,*,//,9,8,9,72,8,q=9*8,q//9=,q=9*8. q//9=
f,*,*,2,6,6,12,72,f=2*6,f*6=,f=2*6. f*6=
e,-,//,2,7,8,-5,-1,e=2-7,e//8=,e=2-7. e//8=
o,*,+,8,5,7,40,47,o=8*5,o+7=,o=8*5. o+7=
u,//,-,5,6,4,0,-4,u=5//6,u-4=,u=5//6. u-4=
y,*,+,7,2,8,14,22,y=7*2,y+8=,y=7*2. y+8=
z,//,*,2,7,1,0,0,z=2//7,z*1=,z=2//7. z*1=
a,-,//,8,8,2,0,0,a=8-8,a//2=,a=8-8. a//2=
z,*,-,1,8,2,8,6,z=1*8,z-2=,z=1*8. z-2=
r,-,//,7,3,3,4,1,r=7-3,r//3=,r=7-3. r//3=
o,*,//,8,4,6,32,5,o=8*4,o//6=,o=8*4. o//6=
p,//,-,9,5,1,1,0,p=9//5,p-1=,p=9//5. p-1=
o,*,//,4,6,2,24,12,o=4*6,o//2=,o=4*6. o//2=
c,-,+,4,1,2,3,5,c=4-1,c+2=,c=4-1. c+2=
o,-,+,1,4,1,-3,-2,o=1-4,o+1=,o=1-4. o+1=
c,//,+,4,4,2,1,3,c=4//4,c+2=,c=4//4. c+2=
v,-,*,7,8,3,-1,-3,v=7-8,v*3=,v=7-8. v*3=
f,*,*,6,2,4,12,48,f=6*2,f*4=,f=6*2. f*4=
k,+,*,1,1,7,2,14,k=1+1,k*7=,k=1+1. k*7=
n,*,//,1,8,3,8,2,n=1*8,n//3=,n=1*8. n//3=
h,*,+,7,6,2,42,44,h=7*6,h+2=,h=7*6. h+2=
i,//,-,8,5,3,1,-2,i=8//5,i-3=,i=8//5. i-3=
p,//,//,6,5,5,1,0,p=6//5,p//5=,p=6//5. p//5=
j,-,//,9,2,5,7,1,j=9-2,j//5=,j=9-2. j//5=
y,//,-,6,6,8,1,-7,y=6//6,y-8=,y=6//6. y-8=
q,+,//,5,1,1,6,6,q=5+1,q//1=,q=5+1. q//1=
j,*,//,4,2,3,8,2,j=4*2,j//3=,j=4*2. j//3=
b,//,+,8,7,3,1,4,b=8//7,b+3=,b=8//7. b+3=
y,-,*,8,8,4,0,0,y=8-8,y*4=,y=8-8. y*4=
j,+,-,4,3,1,7,6,j=4+3,j-1=,j=4+3. j-1=
d,*,+,5,5,8,25,33,d=5*5,d+8=,d=5*5. d+8=
s,+,*,8,7,6,15,90,s=8+7,s*6=,s=8+7. s*6=
y,-,-,2,8,8,-6,-14,y=2-8,y-8=,y=2-8. y-8=
q,-,//,5,2,2,3,1,q=5-2,q//2=,q=5-2. q//2=
w,+,+,6,1,8,7,15,w=6+1,w+8=,w=6+1. w+8=
v,-,*,9,7,5,2,10,v=9-7,v*5=,v=9-7. v*5=
e,-,//,9,1,5,8,1,e=9-1,e//5=,e=9-1. e//5=
u,+,-,1,8,6,9,3,u=1+8,u-6=,u=1+8. u-6=
y,+,-,1,8,5,9,4,y=1+8,y-5=,y=1+8. y-5=
t,-,-,7,4,7,3,-4,t=7-4,t-7=,t=7-4. t-7=
p,+,-,4,5,1,9,8,p=4+5,p-1=,p=4+5. p-1=
t,//,+,8,2,4,4,8,t=8//2,t+4=,t=8//2. t+4=
k,-,-,6,4,1,2,1,k=6-4,k-1=,k=6-4. k-1=
t,//,//,3,8,7,0,0,t=3//8,t//7=,t=3//8. t//7=
r,-,+,5,2,3,3,6,r=5-2,r+3=,r=5-2. r+3=
i,*,*,8,7,7,56,392,i=8*7,i*7=,i=8*7. i*7=
z,//,//,8,5,9,1,0,z=8//5,z//9=,z=8//5. z//9=
g,+,-,1,4,1,5,4,g=1+4,g-1=,g=1+4. g-1=
z,-,//,7,4,6,3,0,z=7-4,z//6=,z=7-4. z//6=
q,*,*,1,7,4,7,28,q=1*7,q*4=,q=1*7. q*4=
h,*,+,2,8,2,16,18,h=2*8,h+2=,h=2*8. h+2=
x,+,-,4,3,6,7,1,x=4+3,x-6=,x=4+3. x-6=
t,-,*,2,8,6,-6,-36,t=2-8,t*6=,t=2-8. t*6=
y,+,*,6,6,7,12,84,y=6+6,y*7=,y=6+6. y*7=
p,//,-,8,2,7,4,-3,p=8//2,p-7=,p=8//2. p-7=
v,//,+,8,6,2,1,3,v=8//6,v+2=,v=8//6. v+2=
j,-,+,9,9,3,0,3,j=9-9,j+3=,j=9-9. j+3=
k,-,+,4,1,3,3,6,k=4-1,k+3=,k=4-1. k+3=
u,*,+,2,7,2,14,16,u=2*7,u+2=,u=2*7. u+2=
g,-,+,6,7,2,-1,1,g=6-7,g+2=,g=6-7. g+2=
a,*,-,7,4,6,28,22,a=7*4,a-6=,a=7*4. a-6=
o,-,+,7,1,3,6,9,o=7-1,o+3=,o=7-1. o+3=
f,//,//,8,5,6,1,0,f=8//5,f//6=,f=8//5. f//6=
k,*,//,7,9,6,63,10,k=7*9,k//6=,k=7*9. k//6=
e,-,//,2,6,4,-4,-1,e=2-6,e//4=,e=2-6. e//4=
e,//,-,8,4,4,2,-2,e=8//4,e-4=,e=8//4. e-4=
o,+,-,4,1,1,5,4,o=4+1,o-1=,o=4+1. o-1=
c,-,-,4,3,9,1,-8,c=4-3,c-9=,c=4-3. c-9=
k,+,//,4,1,2,5,2,k=4+1,k//2=,k=4+1. k//2=
m,-,*,5,1,5,4,20,m=5-1,m*5=,m=5-1. m*5=
e,+,*,8,6,1,14,14,e=8+6,e*1=,e=8+6. e*1=
f,-,-,2,2,5,0,-5,f=2-2,f-5=,f=2-2. f-5=
s,-,*,5,8,4,-3,-12,s=5-8,s*4=,s=5-8. s*4=
i,-,+,5,5,3,0,3,i=5-5,i+3=,i=5-5. i+3=
i,+,//,8,7,3,15,5,i=8+7,i//3=,i=8+7. i//3=
w,-,//,1,9,2,-8,-4,w=1-9,w//2=,w=1-9. w//2=
x,-,-,1,4,8,-3,-11,x=1-4,x-8=,x=1-4. x-8=
l,//,*,1,9,9,0,0,l=1//9,l*9=,l=1//9. l*9=
c,//,+,4,9,5,0,5,c=4//9,c+5=,c=4//9. c+5=
p,*,*,9,1,8,9,72,p=9*1,p*8=,p=9*1. p*8=
h,*,//,9,5,7,45,6,h=9*5,h//7=,h=9*5. h//7=
a,*,*,9,7,4,63,252,a=9*7,a*4=,a=9*7. a*4=
z,*,-,7,8,3,56,53,z=7*8,z-3=,z=7*8. z-3=
e,//,*,1,8,7,0,0,e=1//8,e*7=,e=1//8. e*7=
d,+,+,5,9,6,14,20,d=5+9,d+6=,d=5+9. d+6=
y,-,*,7,4,5,3,15,y=7-4,y*5=,y=7-4. y*5=
q,//,//,2,8,4,0,0,q=2//8,q//4=,q=2//8. q//4=
t,*,//,9,5,6,45,7,t=9*5,t//6=,t=9*5. t//6=
u,+,+,6,4,4,10,14,u=6+4,u+4=,u=6+4. u+4=
s,//,-,3,1,6,3,-3,s=3//1,s-6=,s=3//1. s-6=
q,//,*,1,7,5,0,0,q=1//7,q*5=,q=1//7. q*5=
i,+,-,1,9,8,10,2,i=1+9,i-8=,i=1+9. i-8=
i,+,+,1,9,9,10,19,i=1+9,i+9=,i=1+9. i+9=
g,+,//,8,1,9,9,1,g=8+1,g//9=,g=8+1. g//9=
a,+,*,7,3,1,10,10,a=7+3,a*1=,a=7+3. a*1=
f,-,+,4,1,2,3,5,f=4-1,f+2=,f=4-1. f+2=
a,-,+,3,8,1,-5,-4,a=3-8,a+1=,a=3-8. a+1=
z,*,*,2,1,2,2,4,z=2*1,z*2=,z=2*1. z*2=
x,+,+,4,1,9,5,14,x=4+1,x+9=,x=4+1. x+9=
r,*,+,4,8,3,32,35,r=4*8,r+3=,r=4*8. r+3=
e,-,-,7,7,9,0,-9,e=7-7,e-9=,e=7-7. e-9=
w,//,//,6,8,3,0,0,w=6//8,w//3=,w=6//8. w//3=
w,-,-,2,2,3,0,-3,w=2-2,w-3=,w=2-2. w-3=
j,+,*,5,8,9,13,117,j=5+8,j*9=,j=5+8. j*9=
c,//,//,5,1,8,5,0,c=5//1,c//8=,c=5//1. c//8=
a,+,//,8,6,6,14,2,a=8+6,a//6=,a=8+6. a//6=
g,*,//,9,5,3,45,15,g=9*5,g//3=,g=9*5. g//3=
x,-,-,4,5,8,-1,-9,x=4-5,x-8=,x=4-5. x-8=
j,//,*,5,4,5,1,5,j=5//4,j*5=,j=5//4. j*5=
f,-,+,7,7,8,0,8,f=7-7,f+8=,f=7-7. f+8=
l,+,*,7,3,8,10,80,l=7+3,l*8=,l=7+3. l*8=
m,*,*,9,3,7,27,189,m=9*3,m*7=,m=9*3. m*7=
g,-,+,3,4,9,-1,8,g=3-4,g+9=,g=3-4. g+9=
w,*,-,4,3,8,12,4,w=4*3,w-8=,w=4*3. w-8=
t,+,//,1,7,3,8,2,t=1+7,t//3=,t=1+7. t//3=
z,*,*,6,8,1,48,48,z=6*8,z*1=,z=6*8. z*1=
i,*,-,7,5,3,35,32,i=7*5,i-3=,i=7*5. i-3=
m,-,-,1,6,2,-5,-7,m=1-6,m-2=,m=1-6. m-2=
v,*,//,6,9,5,54,10,v=6*9,v//5=,v=6*9. v//5=
q,//,+,5,6,2,0,2,q=5//6,q+2=,q=5//6. q+2=
e,//,//,2,8,9,0,0,e=2//8,e//9=,e=2//8. e//9=
m,*,+,3,6,4,18,22,m=3*6,m+4=,m=3*6. m+4=
e,+,*,9,3,9,12,108,e=9+3,e*9=,e=9+3. e*9=
j,*,*,3,9,9,27,243,j=3*9,j*9=,j=3*9. j*9=
o,//,*,5,7,2,0,0,o=5//7,o*2=,o=5//7. o*2=
j,+,+,3,5,3,8,11,j=3+5,j+3=,j=3+5. j+3=
o,+,*,4,9,2,13,26,o=4+9,o*2=,o=4+9. o*2=
s,*,//,8,1,8,8,1,s=8*1,s//8=,s=8*1. s//8=
s,+,-,9,9,9,18,9,s=9+9,s-9=,s=9+9. s-9=
h,+,+,9,2,5,11,16,h=9+2,h+5=,h=9+2. h+5=
x,+,-,7,1,1,8,7,x=7+1,x-1=,x=7+1. x-1=
q,-,//,2,9,2,-7,-4,q=2-9,q//2=,q=2-9. q//2=
j,-,*,4,8,3,-4,-12,j=4-8,j*3=,j=4-8. j*3=
o,*,-,6,9,7,54,47,o=6*9,o-7=,o=6*9. o-7=
n,-,+,5,7,8,-2,6,n=5-7,n+8=,n=5-7. n+8=
j,-,*,8,4,4,4,16,j=8-4,j*4=,j=8-4. j*4=
i,+,+,5,4,9,9,18,i=5+4,i+9=,i=5+4. i+9=
p,*,-,5,9,5,45,40,p=5*9,p-5=,p=5*9. p-5=
y,//,*,2,7,1,0,0,y=2//7,y*1=,y=2//7. y*1=
g,+,-,6,5,4,11,7,g=6+5,g-4=,g=6+5. g-4=
e,//,*,5,9,8,0,0,e=5//9,e*8=,e=5//9. e*8=
u,//,//,1,3,6,0,0,u=1//3,u//6=,u=1//3. u//6=
o,*,-,7,8,7,56,49,o=7*8,o-7=,o=7*8. o-7=
e,*,*,1,4,7,4,28,e=1*4,e*7=,e=1*4. e*7=
h,//,*,3,3,4,1,4,h=3//3,h*4=,h=3//3. h*4=
m,+,-,8,8,3,16,13,m=8+8,m-3=,m=8+8. m-3=
f,-,//,6,6,3,0,0,f=6-6,f//3=,f=6-6. f//3=
s,+,*,6,7,1,13,13,s=6+7,s*1=,s=6+7. s*1=
m,//,//,8,3,3,2,0,m=8//3,m//3=,m=8//3. m//3=
q,+,+,5,3,1,8,9,q=5+3,q+1=,q=5+3. q+1=
c,+,+,8,5,1,13,14,c=8+5,c+1=,c=8+5. c+1=
e,-,-,5,6,6,-1,-7,e=5-6,e-6=,e=5-6. e-6=
k,//,//,3,1,3,3,1,k=3//1,k//3=,k=3//1. k//3=
x,+,//,4,2,2,6,3,x=4+2,x//2=,x=4+2. x//2=
u,+,//,8,4,7,12,1,u=8+4,u//7=,u=8+4. u//7=
o,-,//,9,7,5,2,0,o=9-7,o//5=,o=9-7. o//5=
a,*,//,3,6,9,18,2,a=3*6,a//9=,a=3*6. a//9=
k,-,*,9,1,5,8,40,k=9-1,k*5=,k=9-1. k*5=
y,-,-,1,8,4,-7,-11,y=1-8,y-4=,y=1-8. y-4=
f,-,*,8,4,2,4,8,f=8-4,f*2=,f=8-4. f*2=
t,+,*,8,6,3,14,42,t=8+6,t*3=,t=8+6. t*3=
c,*,*,9,9,5,81,405,c=9*9,c*5=,c=9*9. c*5=
v,*,-,2,9,1,18,17,v=2*9,v-1=,v=2*9. v-1=
p,*,-,2,4,9,8,-1,p=2*4,p-9=,p=2*4. p-9=
b,+,-,1,5,9,6,-3,b=1+5,b-9=,b=1+5. b-9=
u,*,//,4,7,7,28,4,u=4*7,u//7=,u=4*7. u//7=
n,+,*,9,5,3,14,42,n=9+5,n*3=,n=9+5. n*3=
g,-,-,2,3,2,-1,-3,g=2-3,g-2=,g=2-3. g-2=
k,//,+,1,2,8,0,8,k=1//2,k+8=,k=1//2. k+8=
d,*,-,2,6,6,12,6,d=2*6,d-6=,d=2*6. d-6=
o,-,*,3,3,3,0,0,o=3-3,o*3=,o=3-3. o*3=
l,+,-,5,6,6,11,5,l=5+6,l-6=,l=5+6. l-6=
i,+,*,1,9,8,10,80,i=1+9,i*8=,i=1+9. i*8=
b,+,-,4,6,8,10,2,b=4+6,b-8=,b=4+6. b-8=
g,//,*,6,8,4,0,0,g=6//8,g*4=,g=6//8. g*4=
u,+,//,4,2,6,6,1,u=4+2,u//6=,u=4+2. u//6=
w,//,+,6,1,9,6,15,w=6//1,w+9=,w=6//1. w+9=
h,*,+,4,3,4,12,16,h=4*3,h+4=,h=4*3. h+4=
y,+,+,6,7,7,13,20,y=6+7,y+7=,y=6+7. y+7=
j,+,//,5,6,6,11,1,j=5+6,j//6=,j=5+6. j//6=
d,*,+,7,3,7,21,28,d=7*3,d+7=,d=7*3. d+7=
q,+,+,8,8,5,16,21,q=8+8,q+5=,q=8+8. q+5=
t,-,-,8,1,6,7,1,t=8-1,t-6=,t=8-1. t-6=
r,//,+,3,4,6,0,6,r=3//4,r+6=,r=3//4. r+6=
g,-,//,3,7,7,-4,-1,g=3-7,g//7=,g=3-7. g//7=
x,-,*,6,1,4,5,20,x=6-1,x*4=,x=6-1. x*4=
w,-,-,6,4,1,2,1,w=6-4,w-1=,w=6-4. w-1=
k,-,+,6,5,9,1,10,k=6-5,k+9=,k=6-5. k+9=
f,-,+,6,4,3,2,5,f=6-4,f+3=,f=6-4. f+3=
m,//,//,7,8,4,0,0,m=7//8,m//4=,m=7//8. m//4=
d,//,//,7,5,8,1,0,d=7//5,d//8=,d=7//5. d//8=
w,+,//,5,5,5,10,2,w=5+5,w//5=,w=5+5. w//5=
m,-,-,3,6,4,-3,-7,m=3-6,m-4=,m=3-6. m-4=
g,-,*,6,5,4,1,4,g=6-5,g*4=,g=6-5. g*4=
w,//,*,2,4,3,0,0,w=2//4,w*3=,w=2//4. w*3=
j,*,-,9,1,2,9,7,j=9*1,j-2=,j=9*1. j-2=
y,*,+,6,2,9,12,21,y=6*2,y+9=,y=6*2. y+9=
v,//,*,7,1,6,7,42,v=7//1,v*6=,v=7//1. v*6=
y,+,+,5,2,8,7,15,y=5+2,y+8=,y=5+2. y+8=
i,//,+,1,3,9,0,9,i=1//3,i+9=,i=1//3. i+9=
j,//,-,7,5,1,1,0,j=7//5,j-1=,j=7//5. j-1=
q,+,//,3,5,5,8,1,q=3+5,q//5=,q=3+5. q//5=
d,-,-,1,4,6,-3,-9,d=1-4,d-6=,d=1-4. d-6=
g,//,*,7,2,4,3,12,g=7//2,g*4=,g=7//2. g*4=
m,-,+,6,6,1,0,1,m=6-6,m+1=,m=6-6. m+1=
t,//,*,8,2,8,4,32,t=8//2,t*8=,t=8//2. t*8=
k,+,-,4,4,7,8,1,k=4+4,k-7=,k=4+4. k-7=
d,//,*,7,8,1,0,0,d=7//8,d*1=,d=7//8. d*1=
g,//,+,5,5,2,1,3,g=5//5,g+2=,g=5//5. g+2=
b,-,*,2,1,1,1,1,b=2-1,b*1=,b=2-1. b*1=
f,//,-,9,8,9,1,-8,f=9//8,f-9=,f=9//8. f-9=
j,*,-,2,4,2,8,6,j=2*4,j-2=,j=2*4. j-2=
e,//,*,1,7,4,0,0,e=1//7,e*4=,e=1//7. e*4=
c,+,+,6,3,4,9,13,c=6+3,c+4=,c=6+3. c+4=
f,//,+,1,4,7,0,7,f=1//4,f+7=,f=1//4. f+7=
p,//,//,2,5,7,0,0,p=2//5,p//7=,p=2//5. p//7=
a,//,*,2,9,9,0,0,a=2//9,a*9=,a=2//9. a*9=
w,//,//,4,5,5,0,0,w=4//5,w//5=,w=4//5. w//5=
l,//,-,6,2,9,3,-6,l=6//2,l-9=,l=6//2. l-9=
h,-,-,4,4,3,0,-3,h=4-4,h-3=,h=4-4. h-3=
v,+,*,3,4,7,7,49,v=3+4,v*7=,v=3+4. v*7=
b,//,-,4,4,7,1,-6,b=4//4,b-7=,b=4//4. b-7=
n,//,+,2,6,8,0,8,n=2//6,n+8=,n=2//6. n+8=
d,+,-,7,5,2,12,10,d=7+5,d-2=,d=7+5. d-2=
n,*,*,5,3,9,15,135,n=5*3,n*9=,n=5*3. n*9=
y,*,+,3,1,8,3,11,y=3*1,y+8=,y=3*1. y+8=
k,-,//,8,2,2,6,3,k=8-2,k//2=,k=8-2. k//2=
k,//,-,5,7,7,0,-7,k=5//7,k-7=,k=5//7. k-7=
i,*,+,5,3,6,15,21,i=5*3,i+6=,i=5*3. i+6=
k,-,*,9,4,7,5,35,k=9-4,k*7=,k=9-4. k*7=
t,+,-,5,6,7,11,4,t=5+6,t-7=,t=5+6. t-7=
z,*,*,7,8,6,56,336,z=7*8,z*6=,z=7*8. z*6=
h,//,-,5,5,6,1,-5,h=5//5,h-6=,h=5//5. h-6=
n,+,*,5,2,7,7,49,n=5+2,n*7=,n=5+2. n*7=
k,+,*,2,8,6,10,60,k=2+8,k*6=,k=2+8. k*6=
v,*,*,3,6,6,18,108,v=3*6,v*6=,v=3*6. v*6=
g,//,-,7,9,8,0,-8,g=7//9,g-8=,g=7//9. g-8=
h,*,+,1,2,2,2,4,h=1*2,h+2=,h=1*2. h+2=
z,-,//,7,5,8,2,0,z=7-5,z//8=,z=7-5. z//8=
u,//,//,5,8,6,0,0,u=5//8,u//6=,u=5//8. u//6=
h,-,+,2,5,6,-3,3,h=2-5,h+6=,h=2-5. h+6=
d,+,+,2,3,2,5,7,d=2+3,d+2=,d=2+3. d+2=
m,*,-,4,9,5,36,31,m=4*9,m-5=,m=4*9. m-5=
u,*,*,5,5,9,25,225,u=5*5,u*9=,u=5*5. u*9=
u,*,-,4,1,4,4,0,u=4*1,u-4=,u=4*1. u-4=
m,//,*,9,7,7,1,7,m=9//7,m*7=,m=9//7. m*7=
a,-,-,5,1,2,4,2,a=5-1,a-2=,a=5-1. a-2=
a,//,+,1,7,9,0,9,a=1//7,a+9=,a=1//7. a+9=
b,+,*,7,5,3,12,36,b=7+5,b*3=,b=7+5. b*3=
f,*,-,2,9,8,18,10,f=2*9,f-8=,f=2*9. f-8=
j,//,+,9,5,3,1,4,j=9//5,j+3=,j=9//5. j+3=
l,-,+,1,9,1,-8,-7,l=1-9,l+1=,l=1-9. l+1=
p,+,*,7,5,2,12,24,p=7+5,p*2=,p=7+5. p*2=
y,-,*,7,7,6,0,0,y=7-7,y*6=,y=7-7. y*6=
k,//,*,5,4,2,1,2,k=5//4,k*2=,k=5//4. k*2=
z,//,-,5,6,1,0,-1,z=5//6,z-1=,z=5//6. z-1=
j,-,+,1,2,8,-1,7,j=1-2,j+8=,j=1-2. j+8=
h,*,+,8,5,2,40,42,h=8*5,h+2=,h=8*5. h+2=
h,//,+,1,9,7,0,7,h=1//9,h+7=,h=1//9. h+7=
o,*,//,9,9,4,81,20,o=9*9,o//4=,o=9*9. o//4=
w,//,+,3,4,7,0,7,w=3//4,w+7=,w=3//4. w+7=
x,-,//,2,3,2,-1,-1,x=2-3,x//2=,x=2-3. x//2=
x,+,//,2,1,4,3,0,x=2+1,x//4=,x=2+1. x//4=
m,//,//,2,1,6,2,0,m=2//1,m//6=,m=2//1. m//6=
n,+,*,5,6,5,11,55,n=5+6,n*5=,n=5+6. n*5=
s,*,+,5,1,6,5,11,s=5*1,s+6=,s=5*1. s+6=
c,//,-,3,8,6,0,-6,c=3//8,c-6=,c=3//8. c-6=
j,-,*,7,8,3,-1,-3,j=7-8,j*3=,j=7-8. j*3=
i,//,*,7,7,3,1,3,i=7//7,i*3=,i=7//7. i*3=
a,+,+,5,4,1,9,10,a=5+4,a+1=,a=5+4. a+1=
w,+,-,3,4,6,7,1,w=3+4,w-6=,w=3+4. w-6=
d,+,-,1,1,5,2,-3,d=1+1,d-5=,d=1+1. d-5=
y,//,//,8,2,4,4,1,y=8//2,y//4=,y=8//2. y//4=
i,+,+,2,5,2,7,9,i=2+5,i+2=,i=2+5. i+2=
f,+,*,3,5,1,8,8,f=3+5,f*1=,f=3+5. f*1=
k,*,*,1,8,3,8,24,k=1*8,k*3=,k=1*8. k*3=
d,//,+,3,2,6,1,7,d=3//2,d+6=,d=3//2. d+6=
q,+,//,2,6,5,8,1,q=2+6,q//5=,q=2+6. q//5=
v,-,-,1,4,9,-3,-12,v=1-4,v-9=,v=1-4. v-9=
z,+,*,9,3,3,12,36,z=9+3,z*3=,z=9+3. z*3=
j,+,*,9,8,9,17,153,j=9+8,j*9=,j=9+8. j*9=
e,+,*,3,2,4,5,20,e=3+2,e*4=,e=3+2. e*4=
x,*,//,5,5,2,25,12,x=5*5,x//2=,x=5*5. x//2=
x,*,+,2,5,5,10,15,x=2*5,x+5=,x=2*5. x+5=
k,+,-,9,7,2,16,14,k=9+7,k-2=,k=9+7. k-2=
b,*,+,3,6,1,18,19,b=3*6,b+1=,b=3*6. b+1=
d,+,+,7,6,7,13,20,d=7+6,d+7=,d=7+6. d+7=
y,+,//,9,8,9,17,1,y=9+8,y//9=,y=9+8. y//9=
x,//,*,5,4,4,1,4,x=5//4,x*4=,x=5//4. x*4=
j,-,*,7,4,4,3,12,j=7-4,j*4=,j=7-4. j*4=
q,-,-,1,5,7,-4,-11,q=1-5,q-7=,q=1-5. q-7=
a,//,+,2,7,3,0,3,a=2//7,a+3=,a=2//7. a+3=
b,+,*,6,5,8,11,88,b=6+5,b*8=,b=6+5. b*8=
f,-,*,1,1,9,0,0,f=1-1,f*9=,f=1-1. f*9=
r,-,-,6,2,8,4,-4,r=6-2,r-8=,r=6-2. r-8=
v,*,*,7,7,1,49,49,v=7*7,v*1=,v=7*7. v*1=
a,*,+,3,6,6,18,24,a=3*6,a+6=,a=3*6. a+6=
y,//,-,1,3,5,0,-5,y=1//3,y-5=,y=1//3. y-5=
w,//,//,7,2,7,3,0,w=7//2,w//7=,w=7//2. w//7=
e,//,-,4,6,3,0,-3,e=4//6,e-3=,e=4//6. e-3=
d,//,//,3,2,6,1,0,d=3//2,d//6=,d=3//2. d//6=
z,*,//,4,6,5,24,4,z=4*6,z//5=,z=4*6. z//5=
m,+,//,1,5,5,6,1,m=1+5,m//5=,m=1+5. m//5=
m,-,*,4,6,4,-2,-8,m=4-6,m*4=,m=4-6. m*4=
e,-,-,8,6,1,2,1,e=8-6,e-1=,e=8-6. e-1=
v,-,*,2,1,7,1,7,v=2-1,v*7=,v=2-1. v*7=
e,+,*,1,2,2,3,6,e=1+2,e*2=,e=1+2. e*2=
u,//,*,9,7,7,1,7,u=9//7,u*7=,u=9//7. u*7=
k,*,+,2,8,6,16,22,k=2*8,k+6=,k=2*8. k+6=
h,+,+,9,2,8,11,19,h=9+2,h+8=,h=9+2. h+8=
x,-,*,7,4,5,3,15,x=7-4,x*5=,x=7-4. x*5=
r,//,+,8,7,1,1,2,r=8//7,r+1=,r=8//7. r+1=
i,//,//,2,9,5,0,0,i=2//9,i//5=,i=2//9. i//5=
l,-,*,3,6,1,-3,-3,l=3-6,l*1=,l=3-6. l*1=
l,-,*,9,4,6,5,30,l=9-4,l*6=,l=9-4. l*6=
m,-,-,5,4,6,1,-5,m=5-4,m-6=,m=5-4. m-6=
i,-,-,9,3,1,6,5,i=9-3,i-1=,i=9-3. i-1=
i,//,+,5,2,4,2,6,i=5//2,i+4=,i=5//2. i+4=
y,+,+,7,5,7,12,19,y=7+5,y+7=,y=7+5. y+7=
e,-,//,9,4,2,5,2,e=9-4,e//2=,e=9-4. e//2=
i,//,//,2,4,7,0,0,i=2//4,i//7=,i=2//4. i//7=
c,//,-,6,2,6,3,-3,c=6//2,c-6=,c=6//2. c-6=
s,//,-,6,2,8,3,-5,s=6//2,s-8=,s=6//2. s-8=
a,+,//,6,3,2,9,4,a=6+3,a//2=,a=6+3. a//2=
t,+,*,2,8,3,10,30,t=2+8,t*3=,t=2+8. t*3=
r,//,+,9,7,1,1,2,r=9//7,r+1=,r=9//7. r+1=
a,//,+,1,5,9,0,9,a=1//5,a+9=,a=1//5. a+9=
a,+,//,6,5,6,11,1,a=6+5,a//6=,a=6+5. a//6=
j,+,+,5,8,7,13,20,j=5+8,j+7=,j=5+8. j+7=
o,+,//,4,8,2,12,6,o=4+8,o//2=,o=4+8. o//2=
v,-,//,6,7,8,-1,-1,v=6-7,v//8=,v=6-7. v//8=
a,*,-,7,5,3,35,32,a=7*5,a-3=,a=7*5. a-3=
q,+,-,5,6,4,11,7,q=5+6,q-4=,q=5+6. q-4=
t,+,//,5,4,8,9,1,t=5+4,t//8=,t=5+4. t//8=
y,//,+,8,8,9,1,10,y=8//8,y+9=,y=8//8. y+9=
i,+,//,7,4,1,11,11,i=7+4,i//1=,i=7+4. i//1=
o,//,+,9,8,4,1,5,o=9//8,o+4=,o=9//8. o+4=
n,*,+,9,1,3,9,12,n=9*1,n+3=,n=9*1. n+3=
m,+,-,3,7,5,10,5,m=3+7,m-5=,m=3+7. m-5=
x,+,+,9,6,2,15,17,x=9+6,x+2=,x=9+6. x+2=
f,//,//,3,8,5,0,0,f=3//8,f//5=,f=3//8. f//5=
q,-,*,2,4,4,-2,-8,q=2-4,q*4=,q=2-4. q*4=
u,*,*,7,9,7,63,441,u=7*9,u*7=,u=7*9. u*7=
t,//,//,2,4,3,0,0,t=2//4,t//3=,t=2//4. t//3=
e,-,+,9,2,6,7,13,e=9-2,e+6=,e=9-2. e+6=
f,-,-,7,7,2,0,-2,f=7-7,f-2=,f=7-7. f-2=
x,*,-,6,6,2,36,34,x=6*6,x-2=,x=6*6. x-2=
m,-,//,8,2,8,6,0,m=8-2,m//8=,m=8-2. m//8=
l,+,+,5,5,8,10,18,l=5+5,l+8=,l=5+5. l+8=
y,-,-,5,4,5,1,-4,y=5-4,y-5=,y=5-4. y-5=
g,+,*,6,9,9,15,135,g=6+9,g*9=,g=6+9. g*9=
p,*,//,4,3,5,12,2,p=4*3,p//5=,p=4*3. p//5=
a,-,*,6,1,6,5,30,a=6-1,a*6=,a=6-1. a*6=
f,-,+,9,6,6,3,9,f=9-6,f+6=,f=9-6. f+6=
f,+,//,7,4,6,11,1,f=7+4,f//6=,f=7+4. f//6=
h,//,*,6,6,9,1,9,h=6//6,h*9=,h=6//6. h*9=
n,+,+,1,8,9,9,18,n=1+8,n+9=,n=1+8. n+9=
l,-,*,1,8,7,-7,-49,l=1-8,l*7=,l=1-8. l*7=
g,+,-,2,3,8,5,-3,g=2+3,g-8=,g=2+3. g-8=
t,+,//,1,2,3,3,1,t=1+2,t//3=,t=1+2. t//3=
o,//,-,3,9,3,0,-3,o=3//9,o-3=,o=3//9. o-3=
a,-,//,3,3,6,0,0,a=3-3,a//6=,a=3-3. a//6=
d,*,-,2,9,2,18,16,d=2*9,d-2=,d=2*9. d-2=
b,-,+,4,5,1,-1,0,b=4-5,b+1=,b=4-5. b+1=
l,*,-,2,3,8,6,-2,l=2*3,l-8=,l=2*3. l-8=
w,//,+,1,9,8,0,8,w=1//9,w+8=,w=1//9. w+8=
n,+,*,6,9,2,15,30,n=6+9,n*2=,n=6+9. n*2=
o,*,-,2,2,8,4,-4,o=2*2,o-8=,o=2*2. o-8=
q,*,//,5,5,6,25,4,q=5*5,q//6=,q=5*5. q//6=
f,//,+,8,5,9,1,10,f=8//5,f+9=,f=8//5. f+9=
q,//,//,7,7,7,1,0,q=7//7,q//7=,q=7//7. q//7=
m,-,-,1,5,7,-4,-11,m=1-5,m-7=,m=1-5. m-7=
s,//,*,2,9,2,0,0,s=2//9,s*2=,s=2//9. s*2=
u,+,*,9,5,8,14,112,u=9+5,u*8=,u=9+5. u*8=
u,//,//,8,3,1,2,2,u=8//3,u//1=,u=8//3. u//1=
x,//,//,4,3,3,1,0,x=4//3,x//3=,x=4//3. x//3=
d,+,-,8,7,1,15,14,d=8+7,d-1=,d=8+7. d-1=
u,-,//,6,1,1,5,5,u=6-1,u//1=,u=6-1. u//1=
j,//,-,3,6,2,0,-2,j=3//6,j-2=,j=3//6. j-2=
j,-,+,1,4,2,-3,-1,j=1-4,j+2=,j=1-4. j+2=
x,-,*,5,4,8,1,8,x=5-4,x*8=,x=5-4. x*8=
m,//,//,6,5,5,1,0,m=6//5,m//5=,m=6//5. m//5=
n,//,-,2,7,6,0,-6,n=2//7,n-6=,n=2//7. n-6=
x,+,*,6,8,1,14,14,x=6+8,x*1=,x=6+8. x*1=
x,-,-,4,1,8,3,-5,x=4-1,x-8=,x=4-1. x-8=
n,+,*,7,6,9,13,117,n=7+6,n*9=,n=7+6. n*9=
i,+,*,7,9,1,16,16,i=7+9,i*1=,i=7+9. i*1=
j,+,//,3,6,2,9,4,j=3+6,j//2=,j=3+6. j//2=
z,+,*,4,8,3,12,36,z=4+8,z*3=,z=4+8. z*3=
v,//,*,6,4,1,1,1,v=6//4,v*1=,v=6//4. v*1=
s,-,//,7,3,1,4,4,s=7-3,s//1=,s=7-3. s//1=
v,-,*,9,4,5,5,25,v=9-4,v*5=,v=9-4. v*5=
h,+,*,4,2,6,6,36,h=4+2,h*6=,h=4+2. h*6=
p,+,-,4,4,3,8,5,p=4+4,p-3=,p=4+4. p-3=
z,+,//,1,6,3,7,2,z=1+6,z//3=,z=1+6. z//3=
q,+,+,2,8,8,10,18,q=2+8,q+8=,q=2+8. q+8=
t,-,*,3,1,3,2,6,t=3-1,t*3=,t=3-1. t*3=
z,//,+,1,3,7,0,7,z=1//3,z+7=,z=1//3. z+7=
u,//,+,9,2,9,4,13,u=9//2,u+9=,u=9//2. u+9=
g,+,*,9,1,5,10,50,g=9+1,g*5=,g=9+1. g*5=
z,*,+,7,5,1,35,36,z=7*5,z+1=,z=7*5. z+1=
l,+,-,2,9,4,11,7,l=2+9,l-4=,l=2+9. l-4=
w,-,//,2,9,8,-7,-1,w=2-9,w//8=,w=2-9. w//8=
r,//,+,8,1,9,8,17,r=8//1,r+9=,r=8//1. r+9=
h,*,*,2,6,1,12,12,h=2*6,h*1=,h=2*6. h*1=
b,//,*,5,5,3,1,3,b=5//5,b*3=,b=5//5. b*3=
j,//,*,9,2,7,4,28,j=9//2,j*7=,j=9//2. j*7=
r,*,*,1,5,4,5,20,r=1*5,r*4=,r=1*5. r*4=
o,*,+,7,6,9,42,51,o=7*6,o+9=,o=7*6. o+9=
g,+,+,5,3,1,8,9,g=5+3,g+1=,g=5+3. g+1=
g,+,*,1,8,8,9,72,g=1+8,g*8=,g=1+8. g*8=
z,+,-,8,7,3,15,12,z=8+7,z-3=,z=8+7. z-3=
q,//,//,1,5,9,0,0,q=1//5,q//9=,q=1//5. q//9=
k,-,-,8,9,4,-1,-5,k=8-9,k-4=,k=8-9. k-4=
n,+,*,4,5,4,9,36,n=4+5,n*4=,n=4+5. n*4=
v,+,-,6,3,4,9,5,v=6+3,v-4=,v=6+3. v-4=
g,//,+,1,5,9,0,9,g=1//5,g+9=,g=1//5. g+9=
s,+,*,7,2,2,9,18,s=7+2,s*2=,s=7+2. s*2=
e,//,-,8,8,9,1,-8,e=8//8,e-9=,e=8//8. e-9=
z,+,+,4,3,1,7,8,z=4+3,z+1=,z=4+3. z+1=
m,+,//,8,1,5,9,1,m=8+1,m//5=,m=8+1. m//5=
k,-,//,2,2,5,0,0,k=2-2,k//5=,k=2-2. k//5=
u,//,//,2,5,2,0,0,u=2//5,u//2=,u=2//5. u//2=
k,*,*,7,6,5,42,210,k=7*6,k*5=,k=7*6. k*5=
r,*,*,3,5,4,15,60,r=3*5,r*4=,r=3*5. r*4=
k,+,-,2,2,4,4,0,k=2+2,k-4=,k=2+2. k-4=
b,*,+,1,8,6,8,14,b=1*8,b+6=,b=1*8. b+6=
v,//,*,8,9,2,0,0,v=8//9,v*2=,v=8//9. v*2=
r,-,+,4,3,4,1,5,r=4-3,r+4=,r=4-3. r+4=
k,*,*,8,1,4,8,32,k=8*1,k*4=,k=8*1. k*4=
t,-,//,1,7,9,-6,-1,t=1-7,t//9=,t=1-7. t//9=
i,*,-,6,3,8,18,10,i=6*3,i-8=,i=6*3. i-8=
c,+,-,6,7,6,13,7,c=6+7,c-6=,c=6+7. c-6=
i,-,-,8,6,3,2,-1,i=8-6,i-3=,i=8-6. i-3=
o,//,//,2,8,5,0,0,o=2//8,o//5=,o=2//8. o//5=
p,+,*,3,6,9,9,81,p=3+6,p*9=,p=3+6. p*9=
k,*,+,4,4,2,16,18,k=4*4,k+2=,k=4*4. k+2=
w,*,*,7,8,9,56,504,w=7*8,w*9=,w=7*8. w*9=
n,*,-,4,8,8,32,24,n=4*8,n-8=,n=4*8. n-8=
r,//,+,8,3,1,2,3,r=8//3,r+1=,r=8//3. r+1=
b,*,+,7,6,5,42,47,b=7*6,b+5=,b=7*6. b+5=
e,*,-,1,2,7,2,-5,e=1*2,e-7=,e=1*2. e-7=
d,//,*,2,9,9,0,0,d=2//9,d*9=,d=2//9. d*9=
f,-,+,9,4,3,5,8,f=9-4,f+3=,f=9-4. f+3=
h,+,-,3,9,7,12,5,h=3+9,h-7=,h=3+9. h-7=
p,*,//,1,3,8,3,0,p=1*3,p//8=,p=1*3. p//8=
h,+,-,7,4,3,11,8,h=7+4,h-3=,h=7+4. h-3=
d,+,-,9,4,6,13,7,d=9+4,d-6=,d=9+4. d-6=
j,-,-,4,4,9,0,-9,j=4-4,j-9=,j=4-4. j-9=
c,//,*,4,8,8,0,0,c=4//8,c*8=,c=4//8. c*8=
r,//,+,3,9,5,0,5,r=3//9,r+5=,r=3//9. r+5=
x,+,+,4,8,2,12,14,x=4+8,x+2=,x=4+8. x+2=
r,*,//,7,1,3,7,2,r=7*1,r//3=,r=7*1. r//3=
q,//,-,8,7,3,1,-2,q=8//7,q-3=,q=8//7. q-3=
t,*,//,3,7,1,21,21,t=3*7,t//1=,t=3*7. t//1=
d,*,+,3,3,3,9,12,d=3*3,d+3=,d=3*3. d+3=
l,//,//,1,2,8,0,0,l=1//2,l//8=,l=1//2. l//8=
e,*,+,6,4,3,24,27,e=6*4,e+3=,e=6*4. e+3=
s,-,//,5,3,2,2,1,s=5-3,s//2=,s=5-3. s//2=
k,+,-,4,7,6,11,5,k=4+7,k-6=,k=4+7. k-6=
e,-,-,7,6,5,1,-4,e=7-6,e-5=,e=7-6. e-5=
n,+,*,7,4,8,11,88,n=7+4,n*8=,n=7+4. n*8=
h,//,+,5,9,5,0,5,h=5//9,h+5=,h=5//9. h+5=
c,//,+,8,8,1,1,2,c=8//8,c+1=,c=8//8. c+1=
h,//,//,8,2,4,4,1,h=8//2,h//4=,h=8//2. h//4=
s,//,//,1,5,2,0,0,s=1//5,s//2=,s=1//5. s//2=
c,+,//,5,9,1,14,14,c=5+9,c//1=,c=5+9. c//1=
r,+,-,2,4,2,6,4,r=2+4,r-2=,r=2+4. r-2=
l,-,-,7,8,5,-1,-6,l=7-8,l-5=,l=7-8. l-5=
q,-,//,3,2,7,1,0,q=3-2,q//7=,q=3-2. q//7=
d,//,*,1,2,7,0,0,d=1//2,d*7=,d=1//2. d*7=
h,//,//,6,7,8,0,0,h=6//7,h//8=,h=6//7. h//8=
j,//,-,8,5,4,1,-3,j=8//5,j-4=,j=8//5. j-4=
g,//,*,6,5,8,1,8,g=6//5,g*8=,g=6//5. g*8=
b,-,*,5,1,7,4,28,b=5-1,b*7=,b=5-1. b*7=
z,-,+,1,9,7,-8,-1,z=1-9,z+7=,z=1-9. z+7=
k,*,*,1,6,2,6,12,k=1*6,k*2=,k=1*6. k*2=
a,*,*,1,3,8,3,24,a=1*3,a*8=,a=1*3. a*8=
t,+,-,4,6,9,10,1,t=4+6,t-9=,t=4+6. t-9=
g,+,+,1,9,7,10,17,g=1+9,g+7=,g=1+9. g+7=
a,-,*,2,7,5,-5,-25,a=2-7,a*5=,a=2-7. a*5=
w,-,+,7,3,8,4,12,w=7-3,w+8=,w=7-3. w+8=
c,+,+,4,4,7,8,15,c=4+4,c+7=,c=4+4. c+7=
p,-,*,8,1,3,7,21,p=8-1,p*3=,p=8-1. p*3=
o,+,//,8,3,3,11,3,o=8+3,o//3=,o=8+3. o//3=
b,+,//,2,3,2,5,2,b=2+3,b//2=,b=2+3. b//2=
r,+,*,2,2,5,4,20,r=2+2,r*5=,r=2+2. r*5=
n,//,*,3,4,6,0,0,n=3//4,n*6=,n=3//4. n*6=
y,-,//,9,6,5,3,0,y=9-6,y//5=,y=9-6. y//5=
w,*,+,4,3,6,12,18,w=4*3,w+6=,w=4*3. w+6=
h,*,//,1,2,5,2,0,h=1*2,h//5=,h=1*2. h//5=
n,-,-,6,7,3,-1,-4,n=6-7,n-3=,n=6-7. n-3=
t,-,+,3,9,9,-6,3,t=3-9,t+9=,t=3-9. t+9=
s,+,+,7,9,3,16,19,s=7+9,s+3=,s=7+9. s+3=
p,-,//,8,8,6,0,0,p=8-8,p//6=,p=8-8. p//6=
d,*,//,6,2,4,12,3,d=6*2,d//4=,d=6*2. d//4=
e,*,*,1,1,1,1,1,e=1*1,e*1=,e=1*1. e*1=
e,+,-,7,2,6,9,3,e=7+2,e-6=,e=7+2. e-6=
w,+,//,5,4,1,9,9,w=5+4,w//1=,w=5+4. w//1=
l,+,-,7,6,2,13,11,l=7+6,l-2=,l=7+6. l-2=
p,//,*,3,6,8,0,0,p=3//6,p*8=,p=3//6. p*8=
i,*,//,4,4,7,16,2,i=4*4,i//7=,i=4*4. i//7=
l,//,*,7,3,3,2,6,l=7//3,l*3=,l=7//3. l*3=
b,*,-,7,8,1,56,55,b=7*8,b-1=,b=7*8. b-1=
v,+,-,1,3,3,4,1,v=1+3,v-3=,v=1+3. v-3=
m,-,-,4,3,4,1,-3,m=4-3,m-4=,m=4-3. m-4=
o,*,//,7,6,6,42,7,o=7*6,o//6=,o=7*6. o//6=
n,+,+,3,2,3,5,8,n=3+2,n+3=,n=3+2. n+3=
o,//,*,9,5,7,1,7,o=9//5,o*7=,o=9//5. o*7=
n,-,//,9,7,5,2,0,n=9-7,n//5=,n=9-7. n//5=
e,+,//,1,1,2,2,1,e=1+1,e//2=,e=1+1. e//2=
m,//,+,8,5,4,1,5,m=8//5,m+4=,m=8//5. m+4=
f,//,*,4,6,1,0,0,f=4//6,f*1=,f=4//6. f*1=
x,*,*,6,8,5,48,240,x=6*8,x*5=,x=6*8. x*5=
z,+,//,7,2,4,9,2,z=7+2,z//4=,z=7+2. z//4=
o,//,+,3,7,5,0,5,o=3//7,o+5=,o=3//7. o+5=
o,+,//,5,1,3,6,2,o=5+1,o//3=,o=5+1. o//3=
y,*,*,9,6,8,54,432,y=9*6,y*8=,y=9*6. y*8=
r,+,*,8,7,8,15,120,r=8+7,r*8=,r=8+7. r*8=
z,+,//,2,4,1,6,6,z=2+4,z//1=,z=2+4. z//1=
e,+,//,3,4,9,7,0,e=3+4,e//9=,e=3+4. e//9=
p,+,-,4,8,5,12,7,p=4+8,p-5=,p=4+8. p-5=
f,*,+,1,5,3,5,8,f=1*5,f+3=,f=1*5. f+3=
c,*,-,5,3,6,15,9,c=5*3,c-6=,c=5*3. c-6=
h,+,+,9,7,4,16,20,h=9+7,h+4=,h=9+7. h+4=
e,*,-,9,8,9,72,63,e=9*8,e-9=,e=9*8. e-9=
b,-,//,4,8,8,-4,-1,b=4-8,b//8=,b=4-8. b//8=
g,*,-,1,3,9,3,-6,g=1*3,g-9=,g=1*3. g-9=
y,//,//,4,9,6,0,0,y=4//9,y//6=,y=4//9. y//6=
b,//,-,1,9,2,0,-2,b=1//9,b-2=,b=1//9. b-2=
l,-,-,5,8,6,-3,-9,l=5-8,l-6=,l=5-8. l-6=
k,*,*,3,2,8,6,48,k=3*2,k*8=,k=3*2. k*8=
k,+,+,9,8,8,17,25,k=9+8,k+8=,k=9+8. k+8=
r,+,+,8,8,8,16,24,r=8+8,r+8=,r=8+8. r+8=
r,*,*,6,1,3,6,18,r=6*1,r*3=,r=6*1. r*3=
y,//,//,4,5,6,0,0,y=4//5,y//6=,y=4//5. y//6=
y,+,-,4,9,6,13,7,y=4+9,y-6=,y=4+9. y-6=
f,//,*,5,1,8,5,40,f=5//1,f*8=,f=5//1. f*8=
b,//,+,9,9,2,1,3,b=9//9,b+2=,b=9//9. b+2=
i,-,*,6,3,4,3,12,i=6-3,i*4=,i=6-3. i*4=
o,-,//,7,5,6,2,0,o=7-5,o//6=,o=7-5. o//6=
b,-,+,4,5,4,-1,3,b=4-5,b+4=,b=4-5. b+4=
r,*,+,5,1,3,5,8,r=5*1,r+3=,r=5*1. r+3=
s,+,*,9,9,7,18,126,s=9+9,s*7=,s=9+9. s*7=
u,+,+,3,3,5,6,11,u=3+3,u+5=,u=3+3. u+5=
b,*,//,6,5,3,30,10,b=6*5,b//3=,b=6*5. b//3=
q,//,//,7,4,2,1,0,q=7//4,q//2=,q=7//4. q//2=
m,*,//,2,9,5,18,3,m=2*9,m//5=,m=2*9. m//5=
k,-,//,4,7,7,-3,-1,k=4-7,k//7=,k=4-7. k//7=
r,+,//,4,9,8,13,1,r=4+9,r//8=,r=4+9. r//8=
l,-,//,2,6,5,-4,-1,l=2-6,l//5=,l=2-6. l//5=
o,-,+,8,6,6,2,8,o=8-6,o+6=,o=8-6. o+6=
i,-,-,8,2,9,6,-3,i=8-2,i-9=,i=8-2. i-9=
s,-,+,4,9,9,-5,4,s=4-9,s+9=,s=4-9. s+9=
g,//,+,2,9,5,0,5,g=2//9,g+5=,g=2//9. g+5=
x,//,+,4,9,4,0,4,x=4//9,x+4=,x=4//9. x+4=
s,*,//,7,4,2,28,14,s=7*4,s//2=,s=7*4. s//2=
m,+,//,7,9,5,16,3,m=7+9,m//5=,m=7+9. m//5=
w,-,//,4,7,4,-3,-1,w=4-7,w//4=,w=4-7. w//4=
j,//,//,1,8,4,0,0,j=1//8,j//4=,j=1//8. j//4=
l,-,//,6,9,1,-3,-3,l=6-9,l//1=,l=6-9. l//1=
f,+,-,8,4,3,12,9,f=8+4,f-3=,f=8+4. f-3=
i,-,+,8,3,1,5,6,i=8-3,i+1=,i=8-3. i+1=
j,//,-,5,3,3,1,-2,j=5//3,j-3=,j=5//3. j-3=
q,//,-,3,8,7,0,-7,q=3//8,q-7=,q=3//8. q-7=
y,*,-,9,4,2,36,34,y=9*4,y-2=,y=9*4. y-2=
e,-,//,2,4,5,-2,-1,e=2-4,e//5=,e=2-4. e//5=
m,*,*,7,4,5,28,140,m=7*4,m*5=,m=7*4. m*5=
w,+,*,4,4,5,8,40,w=4+4,w*5=,w=4+4. w*5=
e,-,*,6,1,7,5,35,e=6-1,e*7=,e=6-1. e*7=
e,+,+,7,1,8,8,16,e=7+1,e+8=,e=7+1. e+8=
y,-,*,6,3,1,3,3,y=6-3,y*1=,y=6-3. y*1=
y,-,//,2,8,8,-6,-1,y=2-8,y//8=,y=2-8. y//8=
d,//,+,5,3,9,1,10,d=5//3,d+9=,d=5//3. d+9=
y,+,-,8,8,1,16,15,y=8+8,y-1=,y=8+8. y-1=
e,//,*,8,1,6,8,48,e=8//1,e*6=,e=8//1. e*6=
z,//,//,3,3,6,1,0,z=3//3,z//6=,z=3//3. z//6=
u,-,//,3,6,4,-3,-1,u=3-6,u//4=,u=3-6. u//4=
p,*,-,5,2,6,10,4,p=5*2,p-6=,p=5*2. p-6=
i,+,//,4,4,6,8,1,i=4+4,i//6=,i=4+4. i//6=
f,+,//,5,6,7,11,1,f=5+6,f//7=,f=5+6. f//7=
s,+,*,4,4,2,8,16,s=4+4,s*2=,s=4+4. s*2=
t,-,-,4,5,5,-1,-6,t=4-5,t-5=,t=4-5. t-5=
r,+,-,2,3,2,5,3,r=2+3,r-2=,r=2+3. r-2=
c,*,*,2,5,4,10,40,c=2*5,c*4=,c=2*5. c*4=
q,+,+,3,4,5,7,12,q=3+4,q+5=,q=3+4. q+5=
s,+,//,7,5,7,12,1,s=7+5,s//7=,s=7+5. s//7=
l,-,+,6,2,7,4,11,l=6-2,l+7=,l=6-2. l+7=
t,+,+,4,6,9,10,19,t=4+6,t+9=,t=4+6. t+9=
z,+,-,1,3,2,4,2,z=1+3,z-2=,z=1+3. z-2=
w,+,+,3,3,7,6,13,w=3+3,w+7=,w=3+3. w+7=
y,*,//,9,1,3,9,3,y=9*1,y//3=,y=9*1. y//3=
b,//,*,3,6,8,0,0,b=3//6,b*8=,b=3//6. b*8=
t,-,*,7,5,6,2,12,t=7-5,t*6=,t=7-5. t*6=
q,+,*,2,3,7,5,35,q=2+3,q*7=,q=2+3. q*7=
f,*,-,8,3,1,24,23,f=8*3,f-1=,f=8*3. f-1=
s,//,-,4,3,1,1,0,s=4//3,s-1=,s=4//3. s-1=
l,-,-,3,6,8,-3,-11,l=3-6,l-8=,l=3-6. l-8=
p,-,+,2,5,7,-3,4,p=2-5,p+7=,p=2-5. p+7=
j,-,+,3,8,4,-5,-1,j=3-8,j+4=,j=3-8. j+4=
a,*,*,2,2,9,4,36,a=2*2,a*9=,a=2*2. a*9=
c,+,//,2,4,4,6,1,c=2+4,c//4=,c=2+4. c//4=
u,//,*,2,3,5,0,0,u=2//3,u*5=,u=2//3. u*5=
b,+,-,8,3,9,11,2,b=8+3,b-9=,b=8+3. b-9=
j,+,+,3,4,1,7,8,j=3+4,j+1=,j=3+4. j+1=
e,+,-,7,2,5,9,4,e=7+2,e-5=,e=7+2. e-5=
w,+,//,8,2,8,10,1,w=8+2,w//8=,w=8+2. w//8=
f,*,-,3,9,6,27,21,f=3*9,f-6=,f=3*9. f-6=
x,//,//,5,8,1,0,0,x=5//8,x//1=,x=5//8. x//1=
p,-,*,9,3,4,6,24,p=9-3,p*4=,p=9-3. p*4=
k,-,*,6,6,2,0,0,k=6-6,k*2=,k=6-6. k*2=
x,+,*,5,5,9,10,90,x=5+5,x*9=,x=5+5. x*9=
u,+,+,6,6,5,12,17,u=6+6,u+5=,u=6+6. u+5=
y,//,*,4,3,4,1,4,y=4//3,y*4=,y=4//3. y*4=
u,//,+,2,9,7,0,7,u=2//9,u+7=,u=2//9. u+7=
o,+,//,1,4,4,5,1,o=1+4,o//4=,o=1+4. o//4=
r,*,//,1,7,7,7,1,r=1*7,r//7=,r=1*7. r//7=
b,+,*,9,8,4,17,68,b=9+8,b*4=,b=9+8. b*4=
b,+,-,1,6,6,7,1,b=1+6,b-6=,b=1+6. b-6=
a,//,//,6,9,2,0,0,a=6//9,a//2=,a=6//9. a//2=
x,*,*,4,9,6,36,216,x=4*9,x*6=,x=4*9. x*6=
r,//,//,6,9,1,0,0,r=6//9,r//1=,r=6//9. r//1=
t,-,+,6,9,2,-3,-1,t=6-9,t+2=,t=6-9. t+2=
p,-,*,2,5,9,-3,-27,p=2-5,p*9=,p=2-5. p*9=
e,//,//,3,3,2,1,0,e=3//3,e//2=,e=3//3. e//2=
t,*,//,5,7,9,35,3,t=5*7,t//9=,t=5*7. t//9=
o,//,//,7,1,7,7,1,o=7//1,o//7=,o=7//1. o//7=
l,+,-,5,1,6,6,0,l=5+1,l-6=,l=5+1. l-6=
h,*,+,5,7,9,35,44,h=5*7,h+9=,h=5*7. h+9=
b,*,//,2,7,4,14,3,b=2*7,b//4=,b=2*7. b//4=
a,+,//,2,8,4,10,2,a=2+8,a//4=,a=2+8. a//4=
q,*,*,2,8,6,16,96,q=2*8,q*6=,q=2*8. q*6=
v,*,*,2,7,2,14,28,v=2*7,v*2=,v=2*7. v*2=
l,//,*,5,9,6,0,0,l=5//9,l*6=,l=5//9. l*6=
h,//,-,2,7,5,0,-5,h=2//7,h-5=,h=2//7. h-5=
l,-,-,2,1,7,1,-6,l=2-1,l-7=,l=2-1. l-7=
j,-,*,1,4,3,-3,-9,j=1-4,j*3=,j=1-4. j*3=
k,-,-,6,3,8,3,-5,k=6-3,k-8=,k=6-3. k-8=
u,-,//,2,9,5,-7,-2,u=2-9,u//5=,u=2-9. u//5=
h,+,-,3,7,6,10,4,h=3+7,h-6=,h=3+7. h-6=
n,//,+,1,7,8,0,8,n=1//7,n+8=,n=1//7. n+8=
x,//,+,3,6,7,0,7,x=3//6,x+7=,x=3//6. x+7=
m,//,//,9,4,9,2,0,m=9//4,m//9=,m=9//4. m//9=
q,-,+,6,5,5,1,6,q=6-5,q+5=,q=6-5. q+5=
e,//,*,3,3,8,1,8,e=3//3,e*8=,e=3//3. e*8=
w,*,//,8,3,6,24,4,w=8*3,w//6=,w=8*3. w//6=
t,+,-,3,4,6,7,1,t=3+4,t-6=,t=3+4. t-6=
g,*,//,4,6,2,24,12,g=4*6,g//2=,g=4*6. g//2=
z,+,*,6,6,1,12,12,z=6+6,z*1=,z=6+6. z*1=
h,+,-,3,2,6,5,-1,h=3+2,h-6=,h=3+2. h-6=
m,*,+,6,8,8,48,56,m=6*8,m+8=,m=6*8. m+8=
h,-,+,1,9,2,-8,-6,h=1-9,h+2=,h=1-9. h+2=
c,//,*,7,4,8,1,8,c=7//4,c*8=,c=7//4. c*8=
o,//,*,7,5,6,1,6,o=7//5,o*6=,o=7//5. o*6=
t,//,//,5,1,2,5,2,t=5//1,t//2=,t=5//1. t//2=
i,-,*,2,5,2,-3,-6,i=2-5,i*2=,i=2-5. i*2=
p,//,+,9,7,5,1,6,p=9//7,p+5=,p=9//7. p+5=
n,*,+,2,6,3,12,15,n=2*6,n+3=,n=2*6. n+3=
w,//,*,6,4,8,1,8,w=6//4,w*8=,w=6//4. w*8=
t,-,-,1,6,9,-5,-14,t=1-6,t-9=,t=1-6. t-9=
p,-,*,1,1,2,0,0,p=1-1,p*2=,p=1-1. p*2=
i,-,//,7,3,1,4,4,i=7-3,i//1=,i=7-3. i//1=
z,-,*,9,3,5,6,30,z=9-3,z*5=,z=9-3. z*5=
x,+,-,2,8,5,10,5,x=2+8,x-5=,x=2+8. x-5=
b,//,-,4,9,3,0,-3,b=4//9,b-3=,b=4//9. b-3=
k,*,*,8,5,6,40,240,k=8*5,k*6=,k=8*5. k*6=
p,+,*,8,9,3,17,51,p=8+9,p*3=,p=8+9. p*3=
y,*,+,3,4,7,12,19,y=3*4,y+7=,y=3*4. y+7=
i,//,//,2,3,1,0,0,i=2//3,i//1=,i=2//3. i//1=
b,*,//,5,5,9,25,2,b=5*5,b//9=,b=5*5. b//9=
k,*,//,5,3,9,15,1,k=5*3,k//9=,k=5*3. k//9=
u,//,//,5,8,5,0,0,u=5//8,u//5=,u=5//8. u//5=
f,//,+,3,5,9,0,9,f=3//5,f+9=,f=3//5. f+9=
a,*,//,3,6,1,18,18,a=3*6,a//1=,a=3*6. a//1=
j,//,*,6,4,3,1,3,j=6//4,j*3=,j=6//4. j*3=
p,*,+,5,5,1,25,26,p=5*5,p+1=,p=5*5. p+1=
r,*,-,2,2,6,4,-2,r=2*2,r-6=,r=2*2. r-6=
r,//,*,4,7,1,0,0,r=4//7,r*1=,r=4//7. r*1=
z,*,-,7,5,2,35,33,z=7*5,z-2=,z=7*5. z-2=
m,//,*,4,7,9,0,0,m=4//7,m*9=,m=4//7. m*9=
q,*,+,4,8,5,32,37,q=4*8,q+5=,q=4*8. q+5=
n,-,//,4,5,9,-1,-1,n=4-5,n//9=,n=4-5. n//9=
x,//,//,7,2,8,3,0,x=7//2,x//8=,x=7//2. x//8=
e,-,*,8,2,4,6,24,e=8-2,e*4=,e=8-2. e*4=
v,*,-,7,1,9,7,-2,v=7*1,v-9=,v=7*1. v-9=
a,//,//,4,4,6,1,0,a=4//4,a//6=,a=4//4. a//6=
u,-,+,2,1,7,1,8,u=2-1,u+7=,u=2-1. u+7=
e,+,-,2,4,4,6,2,e=2+4,e-4=,e=2+4. e-4=
m,*,//,5,6,8,30,3,m=5*6,m//8=,m=5*6. m//8=
a,+,+,7,9,2,16,18,a=7+9,a+2=,a=7+9. a+2=
a,-,+,4,6,4,-2,2,a=4-6,a+4=,a=4-6. a+4=
k,//,//,9,5,2,1,0,k=9//5,k//2=,k=9//5. k//2=
j,*,*,7,8,1,56,56,j=7*8,j*1=,j=7*8. j*1=
v,-,//,2,3,9,-1,-1,v=2-3,v//9=,v=2-3. v//9=
z,+,+,7,2,7,9,16,z=7+2,z+7=,z=7+2. z+7=
z,*,*,9,5,5,45,225,z=9*5,z*5=,z=9*5. z*5=
i,-,//,3,3,5,0,0,i=3-3,i//5=,i=3-3. i//5=
o,//,+,9,6,4,1,5,o=9//6,o+4=,o=9//6. o+4=
x,+,//,4,9,6,13,2,x=4+9,x//6=,x=4+9. x//6=
r,*,*,6,2,6,12,72,r=6*2,r*6=,r=6*2. r*6=
e,//,*,2,6,8,0,0,e=2//6,e*8=,e=2//6. e*8=
l,//,//,8,5,4,1,0,l=8//5,l//4=,l=8//5. l//4=
o,*,-,9,1,6,9,3,o=9*1,o-6=,o=9*1. o-6=
l,*,//,9,7,1,63,63,l=9*7,l//1=,l=9*7. l//1=
w,*,+,5,3,6,15,21,w=5*3,w+6=,w=5*3. w+6=
g,*,*,7,9,3,63,189,g=7*9,g*3=,g=7*9. g*3=
t,//,*,7,6,4,1,4,t=7//6,t*4=,t=7//6. t*4=
x,*,//,4,5,4,20,5,x=4*5,x//4=,x=4*5. x//4=
c,-,+,7,3,4,4,8,c=7-3,c+4=,c=7-3. c+4=
k,//,+,3,7,3,0,3,k=3//7,k+3=,k=3//7. k+3=
l,+,//,2,9,1,11,11,l=2+9,l//1=,l=2+9. l//1=
t,*,-,8,9,9,72,63,t=8*9,t-9=,t=8*9. t-9=
q,+,+,4,9,6,13,19,q=4+9,q+6=,q=4+9. q+6=
c,//,-,6,5,9,1,-8,c=6//5,c-9=,c=6//5. c-9=
j,-,//,8,7,6,1,0,j=8-7,j//6=,j=8-7. j//6=
j,-,-,7,1,2,6,4,j=7-1,j-2=,j=7-1. j-2=
e,+,-,9,1,9,10,1,e=9+1,e-9=,e=9+1. e-9=
i,+,-,7,2,1,9,8,i=7+2,i-1=,i=7+2. i-1=
l,-,+,7,9,2,-2,0,l=7-9,l+2=,l=7-9. l+2=
v,//,//,1,1,5,1,0,v=1//1,v//5=,v=1//1. v//5=
a,*,-,1,6,6,6,0,a=1*6,a-6=,a=1*6. a-6=
e,-,//,4,4,3,0,0,e=4-4,e//3=,e=4-4. e//3=
i,//,*,3,4,1,0,0,i=3//4,i*1=,i=3//4. i*1=
l,//,*,1,7,3,0,0,l=1//7,l*3=,l=1//7. l*3=
p,*,*,9,4,8,36,288,p=9*4,p*8=,p=9*4. p*8=
v,-,*,6,2,4,4,16,v=6-2,v*4=,v=6-2. v*4=
j,-,//,5,4,8,1,0,j=5-4,j//8=,j=5-4. j//8=
d,+,+,2,2,2,4,6,d=2+2,d+2=,d=2+2. d+2=
u,//,*,5,4,7,1,7,u=5//4,u*7=,u=5//4. u*7=
o,//,+,5,7,7,0,7,o=5//7,o+7=,o=5//7. o+7=
t,+,//,3,3,5,6,1,t=3+3,t//5=,t=3+3. t//5=
r,-,//,4,7,5,-3,-1,r=4-7,r//5=,r=4-7. r//5=
u,//,-,7,5,2,1,-1,u=7//5,u-2=,u=7//5. u-2=
y,-,-,6,7,7,-1,-8,y=6-7,y-7=,y=6-7. y-7=
t,-,+,9,5,4,4,8,t=9-5,t+4=,t=9-5. t+4=
v,-,//,8,3,8,5,0,v=8-3,v//8=,v=8-3. v//8=
s,+,-,9,8,9,17,8,s=9+8,s-9=,s=9+8. s-9=
x,-,-,3,7,2,-4,-6,x=3-7,x-2=,x=3-7. x-2=
g,*,*,1,3,3,3,9,g=1*3,g*3=,g=1*3. g*3=
z,*,-,6,2,3,12,9,z=6*2,z-3=,z=6*2. z-3=
h,//,*,3,2,2,1,2,h=3//2,h*2=,h=3//2. h*2=
v,*,//,8,5,9,40,4,v=8*5,v//9=,v=8*5. v//9=
i,*,//,5,9,8,45,5,i=5*9,i//8=,i=5*9. i//8=
o,//,//,7,7,4,1,0,o=7//7,o//4=,o=7//7. o//4=
z,-,*,7,5,8,2,16,z=7-5,z*8=,z=7-5. z*8=
i,*,//,9,8,7,72,10,i=9*8,i//7=,i=9*8. i//7=
b,-,*,9,3,7,6,42,b=9-3,b*7=,b=9-3. b*7=
m,*,-,2,1,6,2,-4,m=2*1,m-6=,m=2*1. m-6=
e,-,//,2,7,2,-5,-3,e=2-7,e//2=,e=2-7. e//2=
z,*,+,1,9,8,9,17,z=1*9,z+8=,z=1*9. z+8=
y,//,-,8,7,8,1,-7,y=8//7,y-8=,y=8//7. y-8=
l,-,-,3,8,2,-5,-7,l=3-8,l-2=,l=3-8. l-2=
t,//,*,1,8,9,0,0,t=1//8,t*9=,t=1//8. t*9=
u,-,-,9,3,7,6,-1,u=9-3,u-7=,u=9-3. u-7=
s,*,*,4,8,6,32,192,s=4*8,s*6=,s=4*8. s*6=
x,//,//,2,4,7,0,0,x=2//4,x//7=,x=2//4. x//7=
a,*,+,8,5,2,40,42,a=8*5,a+2=,a=8*5. a+2=
b,*,//,4,6,3,24,8,b=4*6,b//3=,b=4*6. b//3=
n,//,//,9,4,2,2,1,n=9//4,n//2=,n=9//4. n//2=
g,+,+,3,1,4,4,8,g=3+1,g+4=,g=3+1. g+4=
i,-,+,6,4,3,2,5,i=6-4,i+3=,i=6-4. i+3=
j,*,*,9,6,8,54,432,j=9*6,j*8=,j=9*6. j*8=
f,//,-,6,5,2,1,-1,f=6//5,f-2=,f=6//5. f-2=
g,//,*,7,7,7,1,7,g=7//7,g*7=,g=7//7. g*7=
e,*,*,3,1,2,3,6,e=3*1,e*2=,e=3*1. e*2=
i,-,-,1,1,2,0,-2,i=1-1,i-2=,i=1-1. i-2=
c,-,+,9,8,5,1,6,c=9-8,c+5=,c=9-8. c+5=
p,+,*,7,5,6,12,72,p=7+5,p*6=,p=7+5. p*6=
s,*,*,2,7,3,14,42,s=2*7,s*3=,s=2*7. s*3=
q,*,+,5,9,7,45,52,q=5*9,q+7=,q=5*9. q+7=
o,*,//,2,8,3,16,5,o=2*8,o//3=,o=2*8. o//3=
f,*,-,7,8,4,56,52,f=7*8,f-4=,f=7*8. f-4=
v,-,-,4,3,1,1,0,v=4-3,v-1=,v=4-3. v-1=
w,//,//,5,2,2,2,1,w=5//2,w//2=,w=5//2. w//2=
g,+,-,4,3,8,7,-1,g=4+3,g-8=,g=4+3. g-8=
b,-,+,1,6,8,-5,3,b=1-6,b+8=,b=1-6. b+8=
l,//,*,2,3,8,0,0,l=2//3,l*8=,l=2//3. l*8=
n,+,*,1,6,7,7,49,n=1+6,n*7=,n=1+6. n*7=
f,*,*,8,9,7,72,504,f=8*9,f*7=,f=8*9. f*7=
g,+,+,5,7,7,12,19,g=5+7,g+7=,g=5+7. g+7=
m,-,*,3,4,7,-1,-7,m=3-4,m*7=,m=3-4. m*7=
o,-,*,2,4,5,-2,-10,o=2-4,o*5=,o=2-4. o*5=
r,-,-,5,2,9,3,-6,r=5-2,r-9=,r=5-2. r-9=
k,//,-,7,2,2,3,1,k=7//2,k-2=,k=7//2. k-2=
v,*,//,7,3,8,21,2,v=7*3,v//8=,v=7*3. v//8=
b,+,*,4,9,9,13,117,b=4+9,b*9=,b=4+9. b*9=
r,*,-,9,4,5,36,31,r=9*4,r-5=,r=9*4. r-5=
g,+,*,4,6,3,10,30,g=4+6,g*3=,g=4+6. g*3=
g,+,*,4,1,8,5,40,g=4+1,g*8=,g=4+1. g*8=
x,+,*,5,6,2,11,22,x=5+6,x*2=,x=5+6. x*2=
a,//,//,9,8,5,1,0,a=9//8,a//5=,a=9//8. a//5=
c,+,-,2,3,9,5,-4,c=2+3,c-9=,c=2+3. c-9=
r,*,//,7,2,1,14,14,r=7*2,r//1=,r=7*2. r//1=
v,*,//,6,9,2,54,27,v=6*9,v//2=,v=6*9. v//2=
h,-,*,4,9,1,-5,-5,h=4-9,h*1=,h=4-9. h*1=
h,-,*,5,6,4,-1,-4,h=5-6,h*4=,h=5-6. h*4=
w,*,-,5,2,9,10,1,w=5*2,w-9=,w=5*2. w-9=
r,*,//,3,6,4,18,4,r=3*6,r//4=,r=3*6. r//4=
d,//,+,9,1,2,9,11,d=9//1,d+2=,d=9//1. d+2=
o,//,+,6,5,3,1,4,o=6//5,o+3=,o=6//5. o+3=
l,//,//,2,7,4,0,0,l=2//7,l//4=,l=2//7. l//4=
a,*,-,1,9,2,9,7,a=1*9,a-2=,a=1*9. a-2=
v,*,*,8,6,7,48,336,v=8*6,v*7=,v=8*6. v*7=
g,-,+,8,4,5,4,9,g=8-4,g+5=,g=8-4. g+5=
f,//,-,2,4,4,0,-4,f=2//4,f-4=,f=2//4. f-4=
m,*,-,2,5,2,10,8,m=2*5,m-2=,m=2*5. m-2=
i,*,-,4,7,2,28,26,i=4*7,i-2=,i=4*7. i-2=
u,+,-,7,1,7,8,1,u=7+1,u-7=,u=7+1. u-7=
i,//,*,7,9,8,0,0,i=7//9,i*8=,i=7//9. i*8=
l,*,*,2,9,4,18,72,l=2*9,l*4=,l=2*9. l*4=
j,+,//,7,4,6,11,1,j=7+4,j//6=,j=7+4. j//6=
v,//,*,4,3,7,1,7,v=4//3,v*7=,v=4//3. v*7=
m,-,*,1,1,2,0,0,m=1-1,m*2=,m=1-1. m*2=
u,+,*,4,3,6,7,42,u=4+3,u*6=,u=4+3. u*6=
t,//,-,3,7,6,0,-6,t=3//7,t-6=,t=3//7. t-6=
f,+,+,3,7,2,10,12,f=3+7,f+2=,f=3+7. f+2=
g,//,//,1,8,8,0,0,g=1//8,g//8=,g=1//8. g//8=
h,//,-,6,8,5,0,-5,h=6//8,h-5=,h=6//8. h-5=
m,//,//,4,1,2,4,2,m=4//1,m//2=,m=4//1. m//2=
b,//,*,3,1,5,3,15,b=3//1,b*5=,b=3//1. b*5=
a,*,+,2,3,3,6,9,a=2*3,a+3=,a=2*3. a+3=
k,*,*,8,2,4,16,64,k=8*2,k*4=,k=8*2. k*4=
q,-,//,1,5,6,-4,-1,q=1-5,q//6=,q=1-5. q//6=
d,//,+,7,2,8,3,11,d=7//2,d+8=,d=7//2. d+8=
z,*,-,6,4,8,24,16,z=6*4,z-8=,z=6*4. z-8=
s,-,//,1,5,1,-4,-4,s=1-5,s//1=,s=1-5. s//1=
k,-,//,7,8,7,-1,-1,k=7-8,k//7=,k=7-8. k//7=
q,-,+,3,4,5,-1,4,q=3-4,q+5=,q=3-4. q+5=
p,+,-,5,6,1,11,10,p=5+6,p-1=,p=5+6. p-1=
v,+,-,3,1,7,4,-3,v=3+1,v-7=,v=3+1. v-7=
s,-,//,7,7,1,0,0,s=7-7,s//1=,s=7-7. s//1=
v,*,//,5,5,3,25,8,v=5*5,v//3=,v=5*5. v//3=
i,//,-,8,9,6,0,-6,i=8//9,i-6=,i=8//9. i-6=
u,-,+,7,6,2,1,3,u=7-6,u+2=,u=7-6. u+2=
e,+,*,6,2,5,8,40,e=6+2,e*5=,e=6+2. e*5=
h,+,-,6,4,4,10,6,h=6+4,h-4=,h=6+4. h-4=
a,//,*,4,8,8,0,0,a=4//8,a*8=,a=4//8. a*8=
f,*,*,7,3,1,21,21,f=7*3,f*1=,f=7*3. f*1=
n,+,*,6,8,4,14,56,n=6+8,n*4=,n=6+8. n*4=
s,//,*,2,5,3,0,0,s=2//5,s*3=,s=2//5. s*3=
h,-,//,3,5,7,-2,-1,h=3-5,h//7=,h=3-5. h//7=
m,//,*,8,6,6,1,6,m=8//6,m*6=,m=8//6. m*6=
w,//,+,8,1,5,8,13,w=8//1,w+5=,w=8//1. w+5=
n,-,-,3,8,3,-5,-8,n=3-8,n-3=,n=3-8. n-3=
x,*,*,4,7,8,28,224,x=4*7,x*8=,x=4*7. x*8=
j,+,+,1,2,7,3,10,j=1+2,j+7=,j=1+2. j+7=
l,-,*,9,5,6,4,24,l=9-5,l*6=,l=9-5. l*6=
w,+,//,3,5,4,8,2,w=3+5,w//4=,w=3+5. w//4=
e,+,+,9,4,9,13,22,e=9+4,e+9=,e=9+4. e+9=
f,//,+,6,1,3,6,9,f=6//1,f+3=,f=6//1. f+3=
p,*,*,3,6,8,18,144,p=3*6,p*8=,p=3*6. p*8=
y,+,//,7,9,9,16,1,y=7+9,y//9=,y=7+9. y//9=
z,//,//,5,5,7,1,0,z=5//5,z//7=,z=5//5. z//7=
w,+,//,9,3,1,12,12,w=9+3,w//1=,w=9+3. w//1=
g,-,-,3,1,7,2,-5,g=3-1,g-7=,g=3-1. g-7=
r,//,-,3,6,5,0,-5,r=3//6,r-5=,r=3//6. r-5=
d,//,*,8,2,6,4,24,d=8//2,d*6=,d=8//2. d*6=
v,//,//,1,9,2,0,0,v=1//9,v//2=,v=1//9. v//2=
k,-,*,7,3,6,4,24,k=7-3,k*6=,k=7-3. k*6=
d,//,*,8,7,8,1,8,d=8//7,d*8=,d=8//7. d*8=
w,//,+,2,8,6,0,6,w=2//8,w+6=,w=2//8. w+6=
v,-,*,5,3,1,2,2,v=5-3,v*1=,v=5-3. v*1=
v,*,-,9,5,9,45,36,v=9*5,v-9=,v=9*5. v-9=
e,+,//,3,4,1,7,7,e=3+4,e//1=,e=3+4. e//1=
k,+,//,7,8,4,15,3,k=7+8,k//4=,k=7+8. k//4=
l,-,-,9,6,6,3,-3,l=9-6,l-6=,l=9-6. l-6=
u,+,//,6,6,1,12,12,u=6+6,u//1=,u=6+6. u//1=
z,-,+,8,6,2,2,4,z=8-6,z+2=,z=8-6. z+2=
w,//,//,7,3,4,2,0,w=7//3,w//4=,w=7//3. w//4=
z,-,+,4,5,5,-1,4,z=4-5,z+5=,z=4-5. z+5=
w,-,//,9,4,8,5,0,w=9-4,w//8=,w=9-4. w//8=
k,-,//,5,6,2,-1,-1,k=5-6,k//2=,k=5-6. k//2=
q,//,//,6,5,5,1,0,q=6//5,q//5=,q=6//5. q//5=
i,*,//,5,1,4,5,1,i=5*1,i//4=,i=5*1. i//4=
k,*,+,6,2,9,12,21,k=6*2,k+9=,k=6*2. k+9=
q,*,//,6,2,4,12,3,q=6*2,q//4=,q=6*2. q//4=
s,*,*,4,1,6,4,24,s=4*1,s*6=,s=4*1. s*6=
o,//,+,1,6,9,0,9,o=1//6,o+9=,o=1//6. o+9=
b,*,-,4,1,4,4,0,b=4*1,b-4=,b=4*1. b-4=
s,//,*,8,5,3,1,3,s=8//5,s*3=,s=8//5. s*3=
a,*,//,5,7,5,35,7,a=5*7,a//5=,a=5*7. a//5=
q,-,+,9,9,9,0,9,q=9-9,q+9=,q=9-9. q+9=
v,-,*,5,6,1,-1,-1,v=5-6,v*1=,v=5-6. v*1=
c,-,-,3,8,6,-5,-11,c=3-8,c-6=,c=3-8. c-6=
a,*,+,3,2,4,6,10,a=3*2,a+4=,a=3*2. a+4=
x,//,+,5,5,8,1,9,x=5//5,x+8=,x=5//5. x+8=
u,*,-,3,5,1,15,14,u=3*5,u-1=,u=3*5. u-1=
z,+,-,8,9,9,17,8,z=8+9,z-9=,z=8+9. z-9=
u,-,//,3,8,7,-5,-1,u=3-8,u//7=,u=3-8. u//7=
g,//,+,7,7,5,1,6,g=7//7,g+5=,g=7//7. g+5=
z,*,//,2,8,2,16,8,z=2*8,z//2=,z=2*8. z//2=
q,+,*,5,9,1,14,14,q=5+9,q*1=,q=5+9. q*1=
n,//,-,8,4,2,2,0,n=8//4,n-2=,n=8//4. n-2=
e,+,*,2,4,8,6,48,e=2+4,e*8=,e=2+4. e*8=
i,*,//,5,4,7,20,2,i=5*4,i//7=,i=5*4. i//7=
i,//,-,6,2,7,3,-4,i=6//2,i-7=,i=6//2. i-7=
v,//,*,5,1,2,5,10,v=5//1,v*2=,v=5//1. v*2=
g,//,-,3,6,1,0,-1,g=3//6,g-1=,g=3//6. g-1=
c,+,//,9,1,6,10,1,c=9+1,c//6=,c=9+1. c//6=
j,+,+,5,1,3,6,9,j=5+1,j+3=,j=5+1. j+3=
g,-,*,5,1,7,4,28,g=5-1,g*7=,g=5-1. g*7=
c,*,//,7,2,5,14,2,c=7*2,c//5=,c=7*2. c//5=
n,//,//,2,4,8,0,0,n=2//4,n//8=,n=2//4. n//8=
e,*,-,5,8,8,40,32,e=5*8,e-8=,e=5*8. e-8=
o,*,//,4,9,4,36,9,o=4*9,o//4=,o=4*9. o//4=
s,+,//,6,8,8,14,1,s=6+8,s//8=,s=6+8. s//8=
s,*,*,6,9,5,54,270,s=6*9,s*5=,s=6*9. s*5=
q,*,*,4,3,1,12,12,q=4*3,q*1=,q=4*3. q*1=
f,//,+,3,3,2,1,3,f=3//3,f+2=,f=3//3. f+2=
z,-,-,8,4,2,4,2,z=8-4,z-2=,z=8-4. z-2=
o,//,+,7,5,1,1,2,o=7//5,o+1=,o=7//5. o+1=
x,+,*,1,7,9,8,72,x=1+7,x*9=,x=1+7. x*9=
v,//,-,4,1,8,4,-4,v=4//1,v-8=,v=4//1. v-8=
s,+,+,2,2,6,4,10,s=2+2,s+6=,s=2+2. s+6=
m,//,*,8,4,5,2,10,m=8//4,m*5=,m=8//4. m*5=
r,+,+,3,8,3,11,14,r=3+8,r+3=,r=3+8. r+3=
s,*,//,8,3,4,24,6,s=8*3,s//4=,s=8*3. s//4=
x,+,*,9,7,6,16,96,x=9+7,x*6=,x=9+7. x*6=
l,*,*,8,1,8,8,64,l=8*1,l*8=,l=8*1. l*8=
k,-,+,2,6,9,-4,5,k=2-6,k+9=,k=2-6. k+9=
u,+,-,2,1,6,3,-3,u=2+1,u-6=,u=2+1. u-6=
g,*,-,5,1,6,5,-1,g=5*1,g-6=,g=5*1. g-6=
u,//,*,1,5,7,0,0,u=1//5,u*7=,u=1//5. u*7=
m,//,*,6,4,1,1,1,m=6//4,m*1=,m=6//4. m*1=
l,*,//,3,3,4,9,2,l=3*3,l//4=,l=3*3. l//4=
w,-,*,6,6,9,0,0,w=6-6,w*9=,w=6-6. w*9=
n,-,*,7,8,1,-1,-1,n=7-8,n*1=,n=7-8. n*1=
s,*,*,7,1,1,7,7,s=7*1,s*1=,s=7*1. s*1=
q,-,*,3,7,2,-4,-8,q=3-7,q*2=,q=3-7. q*2=
n,-,*,2,1,9,1,9,n=2-1,n*9=,n=2-1. n*9=
s,*,-,8,2,5,16,11,s=8*2,s-5=,s=8*2. s-5=
x,+,*,1,6,6,7,42,x=1+6,x*6=,x=1+6. x*6=
o,//,+,6,4,7,1,8,o=6//4,o+7=,o=6//4. o+7=
l,*,//,5,5,8,25,3,l=5*5,l//8=,l=5*5. l//8=
s,*,-,6,3,6,18,12,s=6*3,s-6=,s=6*3. s-6=
j,+,*,6,6,5,12,60,j=6+6,j*5=,j=6+6. j*5=
i,*,//,2,9,3,18,6,i=2*9,i//3=,i=2*9. i//3=
q,-,-,8,8,2,0,-2,q=8-8,q-2=,q=8-8. q-2=
u,-,+,8,5,5,3,8,u=8-5,u+5=,u=8-5. u+5=
r,//,*,8,5,2,1,2,r=8//5,r*2=,r=8//5. r*2=
a,//,+,7,2,8,3,11,a=7//2,a+8=,a=7//2. a+8=
s,-,*,6,3,1,3,3,s=6-3,s*1=,s=6-3. s*1=
e,+,//,9,9,1,18,18,e=9+9,e//1=,e=9+9. e//1=
v,+,-,4,4,1,8,7,v=4+4,v-1=,v=4+4. v-1=
i,+,//,1,7,9,8,0,i=1+7,i//9=,i=1+7. i//9=
i,-,//,4,2,2,2,1,i=4-2,i//2=,i=4-2. i//2=
k,*,-,6,3,8,18,10,k=6*3,k-8=,k=6*3. k-8=
r,*,*,3,6,7,18,126,r=3*6,r*7=,r=3*6. r*7=
g,//,*,6,2,6,3,18,g=6//2,g*6=,g=6//2. g*6=
a,+,+,2,7,8,9,17,a=2+7,a+8=,a=2+7. a+8=
l,+,+,7,8,9,15,24,l=7+8,l+9=,l=7+8. l+9=
f,//,//,5,8,8,0,0,f=5//8,f//8=,f=5//8. f//8=
k,//,-,1,7,6,0,-6,k=1//7,k-6=,k=1//7. k-6=
r,//,-,7,8,2,0,-2,r=7//8,r-2=,r=7//8. r-2=
z,*,//,4,9,6,36,6,z=4*9,z//6=,z=4*9. z//6=
f,//,//,7,6,9,1,0,f=7//6,f//9=,f=7//6. f//9=
q,*,*,5,5,3,25,75,q=5*5,q*3=,q=5*5. q*3=
m,-,//,5,4,7,1,0,m=5-4,m//7=,m=5-4. m//7=
t,+,*,5,1,7,6,42,t=5+1,t*7=,t=5+1. t*7=
p,//,//,7,6,9,1,0,p=7//6,p//9=,p=7//6. p//9=
n,//,*,6,3,4,2,8,n=6//3,n*4=,n=6//3. n*4=
y,*,*,7,9,3,63,189,y=7*9,y*3=,y=7*9. y*3=
d,//,+,1,9,4,0,4,d=1//9,d+4=,d=1//9. d+4=
p,*,*,7,9,2,63,126,p=7*9,p*2=,p=7*9. p*2=
o,+,*,5,6,7,11,77,o=5+6,o*7=,o=5+6. o*7=
h,*,-,9,5,2,45,43,h=9*5,h-2=,h=9*5. h-2=
q,*,-,3,4,7,12,5,q=3*4,q-7=,q=3*4. q-7=
i,//,-,9,5,9,1,-8,i=9//5,i-9=,i=9//5. i-9=
r,+,+,4,5,4,9,13,r=4+5,r+4=,r=4+5. r+4=
p,+,-,3,9,7,12,5,p=3+9,p-7=,p=3+9. p-7=
c,*,//,5,7,4,35,8,c=5*7,c//4=,c=5*7. c//4=
u,+,+,3,3,4,6,10,u=3+3,u+4=,u=3+3. u+4=
v,//,+,3,7,2,0,2,v=3//7,v+2=,v=3//7. v+2=
f,*,*,8,4,6,32,192,f=8*4,f*6=,f=8*4. f*6=
z,-,+,7,7,3,0,3,z=7-7,z+3=,z=7-7. z+3=
p,-,-,7,2,6,5,-1,p=7-2,p-6=,p=7-2. p-6=
c,*,+,5,1,2,5,7,c=5*1,c+2=,c=5*1. c+2=
w,//,-,6,8,8,0,-8,w=6//8,w-8=,w=6//8. w-8=
u,*,//,7,3,3,21,7,u=7*3,u//3=,u=7*3. u//3=
l,-,*,4,5,9,-1,-9,l=4-5,l*9=,l=4-5. l*9=
l,+,-,1,2,2,3,1,l=1+2,l-2=,l=1+2. l-2=
o,//,-,2,3,2,0,-2,o=2//3,o-2=,o=2//3. o-2=
l,*,-,8,1,6,8,2,l=8*1,l-6=,l=8*1. l-6=
w,-,//,6,6,2,0,0,w=6-6,w//2=,w=6-6. w//2=
g,//,-,6,8,4,0,-4,g=6//8,g-4=,g=6//8. g-4=
r,-,//,1,9,5,-8,-2,r=1-9,r//5=,r=1-9. r//5=
y,//,+,7,3,4,2,6,y=7//3,y+4=,y=7//3. y+4=
y,+,//,6,6,6,12,2,y=6+6,y//6=,y=6+6. y//6=
t,+,-,8,8,4,16,12,t=8+8,t-4=,t=8+8. t-4=
w,*,//,6,2,8,12,1,w=6*2,w//8=,w=6*2. w//8=
t,//,+,4,7,1,0,1,t=4//7,t+1=,t=4//7. t+1=
t,-,*,5,6,6,-1,-6,t=5-6,t*6=,t=5-6. t*6=
b,+,*,9,4,4,13,52,b=9+4,b*4=,b=9+4. b*4=
x,+,-,6,8,9,14,5,x=6+8,x-9=,x=6+8. x-9=
v,+,//,5,5,5,10,2,v=5+5,v//5=,v=5+5. v//5=
i,-,-,9,8,3,1,-2,i=9-8,i-3=,i=9-8. i-3=
l,-,*,5,6,7,-1,-7,l=5-6,l*7=,l=5-6. l*7=
v,+,//,1,9,4,10,2,v=1+9,v//4=,v=1+9. v//4=
j,+,//,7,5,6,12,2,j=7+5,j//6=,j=7+5. j//6=
k,*,-,2,6,4,12,8,k=2*6,k-4=,k=2*6. k-4=
j,*,+,5,3,2,15,17,j=5*3,j+2=,j=5*3. j+2=
c,//,*,6,3,5,2,10,c=6//3,c*5=,c=6//3. c*5=
n,//,//,5,5,9,1,0,n=5//5,n//9=,n=5//5. n//9=
h,-,+,2,8,9,-6,3,h=2-8,h+9=,h=2-8. h+9=
d,*,//,5,2,4,10,2,d=5*2,d//4=,d=5*2. d//4=
p,-,+,4,3,7,1,8,p=4-3,p+7=,p=4-3. p+7=
d,//,+,7,6,8,1,9,d=7//6,d+8=,d=7//6. d+8=
d,*,*,2,3,6,6,36,d=2*3,d*6=,d=2*3. d*6=
u,//,-,9,7,4,1,-3,u=9//7,u-4=,u=9//7. u-4=
y,+,-,3,8,3,11,8,y=3+8,y-3=,y=3+8. y-3=
s,//,//,3,2,1,1,1,s=3//2,s//1=,s=3//2. s//1=
e,-,+,7,3,9,4,13,e=7-3,e+9=,e=7-3. e+9=
c,+,+,4,2,5,6,11,c=4+2,c+5=,c=4+2. c+5=
z,-,-,6,7,7,-1,-8,z=6-7,z-7=,z=6-7. z-7=
k,*,//,9,4,6,36,6,k=9*4,k//6=,k=9*4. k//6=
w,//,+,6,9,5,0,5,w=6//9,w+5=,w=6//9. w+5=
o,//,-,4,5,6,0,-6,o=4//5,o-6=,o=4//5. o-6=
v,//,-,8,9,2,0,-2,v=8//9,v-2=,v=8//9. v-2=
b,//,//,2,4,2,0,0,b=2//4,b//2=,b=2//4. b//2=
q,-,//,3,7,6,-4,-1,q=3-7,q//6=,q=3-7. q//6=
u,+,//,1,5,5,6,1,u=1+5,u//5=,u=1+5. u//5=
x,+,*,3,7,7,10,70,x=3+7,x*7=,x=3+7. x*7=
q,*,+,5,9,2,45,47,q=5*9,q+2=,q=5*9. q+2=
w,+,-,8,3,5,11,6,w=8+3,w-5=,w=8+3. w-5=
s,*,+,5,6,6,30,36,s=5*6,s+6=,s=5*6. s+6=
o,-,+,3,5,9,-2,7,o=3-5,o+9=,o=3-5. o+9=
z,*,*,1,9,1,9,9,z=1*9,z*1=,z=1*9. z*1=
a,*,+,7,2,1,14,15,a=7*2,a+1=,a=7*2. a+1=
k,*,+,7,6,1,42,43,k=7*6,k+1=,k=7*6. k+1=
c,*,*,8,3,4,24,96,c=8*3,c*4=,c=8*3. c*4=
d,-,*,8,4,3,4,12,d=8-4,d*3=,d=8-4. d*3=
s,//,+,4,5,7,0,7,s=4//5,s+7=,s=4//5. s+7=
w,//,*,2,7,4,0,0,w=2//7,w*4=,w=2//7. w*4=
k,+,+,4,5,7,9,16,k=4+5,k+7=,k=4+5. k+7=
m,+,//,1,2,5,3,0,m=1+2,m//5=,m=1+2. m//5=
r,-,*,3,8,4,-5,-20,r=3-8,r*4=,r=3-8. r*4=
k,//,+,6,8,6,0,6,k=6//8,k+6=,k=6//8. k+6=
p,//,-,1,3,7,0,-7,p=1//3,p-7=,p=1//3. p-7=
i,+,*,6,4,2,10,20,i=6+4,i*2=,i=6+4. i*2=
v,-,+,7,7,6,0,6,v=7-7,v+6=,v=7-7. v+6=
g,//,*,1,8,1,0,0,g=1//8,g*1=,g=1//8. g*1=
l,-,-,2,5,3,-3,-6,l=2-5,l-3=,l=2-5. l-3=
j,//,+,4,6,7,0,7,j=4//6,j+7=,j=4//6. j+7=
h,*,//,6,2,3,12,4,h=6*2,h//3=,h=6*2. h//3=
o,//,*,7,6,1,1,1,o=7//6,o*1=,o=7//6. o*1=
y,+,-,1,4,8,5,-3,y=1+4,y-8=,y=1+4. y-8=
m,//,-,3,2,3,1,-2,m=3//2,m-3=,m=3//2. m-3=
t,+,-,1,6,9,7,-2,t=1+6,t-9=,t=1+6. t-9=
w,-,-,4,6,1,-2,-3,w=4-6,w-1=,w=4-6. w-1=
t,//,+,4,4,5,1,6,t=4//4,t+5=,t=4//4. t+5=
a,+,//,4,7,3,11,3,a=4+7,a//3=,a=4+7. a//3=
y,-,//,8,7,5,1,0,y=8-7,y//5=,y=8-7. y//5=
q,//,+,2,6,3,0,3,q=2//6,q+3=,q=2//6. q+3=
m,+,*,1,6,6,7,42,m=1+6,m*6=,m=1+6. m*6=
a,*,-,8,3,3,24,21,a=8*3,a-3=,a=8*3. a-3=
s,-,//,2,8,9,-6,-1,s=2-8,s//9=,s=2-8. s//9=
f,-,+,4,8,2,-4,-2,f=4-8,f+2=,f=4-8. f+2=
u,+,*,9,7,9,16,144,u=9+7,u*9=,u=9+7. u*9=
h,-,-,1,1,8,0,-8,h=1-1,h-8=,h=1-1. h-8=
u,*,+,2,1,3,2,5,u=2*1,u+3=,u=2*1. u+3=
p,-,+,8,6,7,2,9,p=8-6,p+7=,p=8-6. p+7=
u,-,-,4,9,4,-5,-9,u=4-9,u-4=,u=4-9. u-4=
u,+,*,1,8,9,9,81,u=1+8,u*9=,u=1+8. u*9=
y,-,+,1,1,2,0,2,y=1-1,y+2=,y=1-1. y+2=
s,-,//,4,6,4,-2,-1,s=4-6,s//4=,s=4-6. s//4=
l,-,*,1,9,2,-8,-16,l=1-9,l*2=,l=1-9. l*2=
s,-,//,6,4,3,2,0,s=6-4,s//3=,s=6-4. s//3=
s,-,//,6,1,6,5,0,s=6-1,s//6=,s=6-1. s//6=
t,//,*,8,7,8,1,8,t=8//7,t*8=,t=8//7. t*8=
j,*,-,6,9,4,54,50,j=6*9,j-4=,j=6*9. j-4=
m,-,+,5,8,5,-3,2,m=5-8,m+5=,m=5-8. m+5=
e,*,+,9,9,3,81,84,e=9*9,e+3=,e=9*9. e+3=
o,+,*,8,5,7,13,91,o=8+5,o*7=,o=8+5. o*7=
z,*,*,4,3,7,12,84,z=4*3,z*7=,z=4*3. z*7=
c,*,+,2,9,4,18,22,c=2*9,c+4=,c=2*9. c+4=
s,*,-,6,5,1,30,29,s=6*5,s-1=,s=6*5. s-1=
r,+,-,8,3,5,11,6,r=8+3,r-5=,r=8+3. r-5=
s,-,+,5,3,5,2,7,s=5-3,s+5=,s=5-3. s+5=
q,*,-,1,8,6,8,2,q=1*8,q-6=,q=1*8. q-6=
f,-,//,4,2,8,2,0,f=4-2,f//8=,f=4-2. f//8=
t,*,-,7,6,5,42,37,t=7*6,t-5=,t=7*6. t-5=
s,*,+,4,5,3,20,23,s=4*5,s+3=,s=4*5. s+3=
d,-,+,8,4,9,4,13,d=8-4,d+9=,d=8-4. d+9=
i,//,+,6,8,7,0,7,i=6//8,i+7=,i=6//8. i+7=
c,*,+,6,9,6,54,60,c=6*9,c+6=,c=6*9. c+6=
b,*,//,2,4,8,8,1,b=2*4,b//8=,b=2*4. b//8=
o,*,-,5,2,6,10,4,o=5*2,o-6=,o=5*2. o-6=
s,-,+,6,9,2,-3,-1,s=6-9,s+2=,s=6-9. s+2=
y,+,+,1,4,8,5,13,y=1+4,y+8=,y=1+4. y+8=
p,//,*,4,4,3,1,3,p=4//4,p*3=,p=4//4. p*3=
m,-,-,1,4,4,-3,-7,m=1-4,m-4=,m=1-4. m-4=
t,*,//,2,3,4,6,1,t=2*3,t//4=,t=2*3. t//4=
l,//,+,6,3,3,2,5,l=6//3,l+3=,l=6//3. l+3=
u,//,-,1,2,3,0,-3,u=1//2,u-3=,u=1//2. u-3=
e,//,-,1,1,7,1,-6,e=1//1,e-7=,e=1//1. e-7=
a,+,+,4,3,6,7,13,a=4+3,a+6=,a=4+3. a+6=
o,-,//,4,5,4,-1,-1,o=4-5,o//4=,o=4-5. o//4=
t,//,//,5,8,7,0,0,t=5//8,t//7=,t=5//8. t//7=
j,-,*,1,3,7,-2,-14,j=1-3,j*7=,j=1-3. j*7=
k,*,-,5,7,4,35,31,k=5*7,k-4=,k=5*7. k-4=
l,+,-,1,5,9,6,-3,l=1+5,l-9=,l=1+5. l-9=
k,-,-,5,3,7,2,-5,k=5-3,k-7=,k=5-3. k-7=
i,-,//,1,4,7,-3,-1,i=1-4,i//7=,i=1-4. i//7=
l,-,*,6,6,1,0,0,l=6-6,l*1=,l=6-6. l*1=
a,-,+,6,8,1,-2,-1,a=6-8,a+1=,a=6-8. a+1=
p,-,*,3,6,7,-3,-21,p=3-6,p*7=,p=3-6. p*7=
d,+,+,1,1,4,2,6,d=1+1,d+4=,d=1+1. d+4=
c,//,*,8,8,9,1,9,c=8//8,c*9=,c=8//8. c*9=
i,+,*,8,8,1,16,16,i=8+8,i*1=,i=8+8. i*1=
v,+,+,7,5,6,12,18,v=7+5,v+6=,v=7+5. v+6=
o,+,//,3,7,1,10,10,o=3+7,o//1=,o=3+7. o//1=
g,+,*,2,6,3,8,24,g=2+6,g*3=,g=2+6. g*3=
p,-,+,1,6,3,-5,-2,p=1-6,p+3=,p=1-6. p+3=
d,-,*,7,9,2,-2,-4,d=7-9,d*2=,d=7-9. d*2=
l,-,+,9,8,6,1,7,l=9-8,l+6=,l=9-8. l+6=
l,*,-,3,6,4,18,14,l=3*6,l-4=,l=3*6. l-4=
e,+,//,7,7,1,14,14,e=7+7,e//1=,e=7+7. e//1=
b,-,-,3,7,6,-4,-10,b=3-7,b-6=,b=3-7. b-6=
s,+,*,2,5,7,7,49,s=2+5,s*7=,s=2+5. s*7=
i,-,+,4,1,9,3,12,i=4-1,i+9=,i=4-1. i+9=
a,-,+,3,6,6,-3,3,a=3-6,a+6=,a=3-6. a+6=
z,*,*,1,7,4,7,28,z=1*7,z*4=,z=1*7. z*4=
s,+,-,5,9,1,14,13,s=5+9,s-1=,s=5+9. s-1=
w,*,+,5,9,9,45,54,w=5*9,w+9=,w=5*9. w+9=
a,//,-,3,4,4,0,-4,a=3//4,a-4=,a=3//4. a-4=
r,//,*,7,1,8,7,56,r=7//1,r*8=,r=7//1. r*8=
n,//,*,8,4,5,2,10,n=8//4,n*5=,n=8//4. n*5=
f,//,//,9,8,8,1,0,f=9//8,f//8=,f=9//8. f//8=
g,*,+,2,6,5,12,17,g=2*6,g+5=,g=2*6. g+5=
u,+,//,6,1,6,7,1,u=6+1,u//6=,u=6+1. u//6=
w,+,+,5,8,2,13,15,w=5+8,w+2=,w=5+8. w+2=
t,-,*,1,3,6,-2,-12,t=1-3,t*6=,t=1-3. t*6=
p,*,//,2,2,1,4,4,p=2*2,p//1=,p=2*2. p//1=
v,//,//,4,1,4,4,1,v=4//1,v//4=,v=4//1. v//4=
y,+,+,2,2,4,4,8,y=2+2,y+4=,y=2+2. y+4=
j,//,*,8,6,9,1,9,j=8//6,j*9=,j=8//6. j*9=
t,*,-,6,1,9,6,-3,t=6*1,t-9=,t=6*1. t-9=
t,+,+,6,4,8,10,18,t=6+4,t+8=,t=6+4. t+8=
y,*,*,6,8,1,48,48,y=6*8,y*1=,y=6*8. y*1=
n,*,//,2,9,7,18,2,n=2*9,n//7=,n=2*9. n//7=
f,-,-,2,5,2,-3,-5,f=2-5,f-2=,f=2-5. f-2=
y,//,+,9,9,4,1,5,y=9//9,y+4=,y=9//9. y+4=
w,-,//,4,1,6,3,0,w=4-1,w//6=,w=4-1. w//6=
c,//,-,4,8,5,0,-5,c=4//8,c-5=,c=4//8. c-5=
a,*,+,4,3,6,12,18,a=4*3,a+6=,a=4*3. a+6=
s,*,-,9,4,2,36,34,s=9*4,s-2=,s=9*4. s-2=
f,//,//,6,6,6,1,0,f=6//6,f//6=,f=6//6. f//6=
a,-,*,4,6,8,-2,-16,a=4-6,a*8=,a=4-6. a*8=
u,-,-,9,1,7,8,1,u=9-1,u-7=,u=9-1. u-7=
y,-,+,1,9,6,-8,-2,y=1-9,y+6=,y=1-9. y+6=
c,*,-,2,7,2,14,12,c=2*7,c-2=,c=2*7. c-2=
s,-,//,1,6,7,-5,-1,s=1-6,s//7=,s=1-6. s//7=
i,//,-,9,6,9,1,-8,i=9//6,i-9=,i=9//6. i-9=
v,+,*,3,4,4,7,28,v=3+4,v*4=,v=3+4. v*4=
w,*,//,4,8,9,32,3,w=4*8,w//9=,w=4*8. w//9=
z,-,//,2,6,7,-4,-1,z=2-6,z//7=,z=2-6. z//7=
o,+,-,7,8,9,15,6,o=7+8,o-9=,o=7+8. o-9=
k,+,+,1,9,2,10,12,k=1+9,k+2=,k=1+9. k+2=
y,-,-,4,9,6,-5,-11,y=4-9,y-6=,y=4-9. y-6=
a,//,-,9,6,6,1,-5,a=9//6,a-6=,a=9//6. a-6=
w,+,*,6,5,1,11,11,w=6+5,w*1=,w=6+5. w*1=
l,+,-,8,1,3,9,6,l=8+1,l-3=,l=8+1. l-3=
i,//,//,7,1,2,7,3,i=7//1,i//2=,i=7//1. i//2=
q,//,-,7,1,4,7,3,q=7//1,q-4=,q=7//1. q-4=
z,*,+,2,1,2,2,4,z=2*1,z+2=,z=2*1. z+2=
c,-,//,7,6,6,1,0,c=7-6,c//6=,c=7-6. c//6=
b,//,+,5,3,5,1,6,b=5//3,b+5=,b=5//3. b+5=
r,-,-,6,9,7,-3,-10,r=6-9,r-7=,r=6-9. r-7=
e,-,-,8,6,7,2,-5,e=8-6,e-7=,e=8-6. e-7=
y,//,//,2,7,9,0,0,y=2//7,y//9=,y=2//7. y//9=
u,+,-,9,4,5,13,8,u=9+4,u-5=,u=9+4. u-5=
w,+,+,4,6,5,10,15,w=4+6,w+5=,w=4+6. w+5=
d,*,*,8,9,3,72,216,d=8*9,d*3=,d=8*9. d*3=
u,*,-,2,4,7,8,1,u=2*4,u-7=,u=2*4. u-7=
d,*,-,7,2,8,14,6,d=7*2,d-8=,d=7*2. d-8=
k,//,+,2,1,5,2,7,k=2//1,k+5=,k=2//1. k+5=
k,-,-,7,7,2,0,-2,k=7-7,k-2=,k=7-7. k-2=
t,//,-,9,7,6,1,-5,t=9//7,t-6=,t=9//7. t-6=
k,//,-,3,2,6,1,-5,k=3//2,k-6=,k=3//2. k-6=
i,-,//,2,7,4,-5,-2,i=2-7,i//4=,i=2-7. i//4=
d,*,*,5,2,2,10,20,d=5*2,d*2=,d=5*2. d*2=
l,//,//,3,8,7,0,0,l=3//8,l//7=,l=3//8. l//7=
e,+,*,6,6,8,12,96,e=6+6,e*8=,e=6+6. e*8=
q,*,-,7,4,8,28,20,q=7*4,q-8=,q=7*4. q-8=
d,//,-,5,5,7,1,-6,d=5//5,d-7=,d=5//5. d-7=
w,*,+,8,7,8,56,64,w=8*7,w+8=,w=8*7. w+8=
i,//,-,6,9,5,0,-5,i=6//9,i-5=,i=6//9. i-5=
f,-,*,5,6,4,-1,-4,f=5-6,f*4=,f=5-6. f*4=
c,-,-,5,3,7,2,-5,c=5-3,c-7=,c=5-3. c-7=
f,*,*,5,9,1,45,45,f=5*9,f*1=,f=5*9. f*1=
i,-,//,8,8,4,0,0,i=8-8,i//4=,i=8-8. i//4=
t,-,+,7,2,5,5,10,t=7-2,t+5=,t=7-2. t+5=
e,-,-,5,3,1,2,1,e=5-3,e-1=,e=5-3. e-1=
p,*,//,1,9,3,9,3,p=1*9,p//3=,p=1*9. p//3=
q,//,//,7,6,1,1,1,q=7//6,q//1=,q=7//6. q//1=
d,+,*,1,1,5,2,10,d=1+1,d*5=,d=1+1. d*5=
b,*,//,2,1,9,2,0,b=2*1,b//9=,b=2*1. b//9=
d,+,+,2,7,8,9,17,d=2+7,d+8=,d=2+7. d+8=
j,+,-,2,3,8,5,-3,j=2+3,j-8=,j=2+3. j-8=
c,*,-,1,3,7,3,-4,c=1*3,c-7=,c=1*3. c-7=
v,//,//,2,4,7,0,0,v=2//4,v//7=,v=2//4. v//7=
q,-,//,1,4,6,-3,-1,q=1-4,q//6=,q=1-4. q//6=
p,+,//,9,7,3,16,5,p=9+7,p//3=,p=9+7. p//3=
i,//,-,5,3,7,1,-6,i=5//3,i-7=,i=5//3. i-7=
p,-,+,5,1,4,4,8,p=5-1,p+4=,p=5-1. p+4=
q,//,+,8,1,1,8,9,q=8//1,q+1=,q=8//1. q+1=
s,*,-,2,8,5,16,11,s=2*8,s-5=,s=2*8. s-5=
q,-,+,6,2,5,4,9,q=6-2,q+5=,q=6-2. q+5=
p,*,*,7,3,1,21,21,p=7*3,p*1=,p=7*3. p*1=
v,*,-,5,9,8,45,37,v=5*9,v-8=,v=5*9. v-8=
c,//,//,5,9,1,0,0,c=5//9,c//1=,c=5//9. c//1=
v,+,*,5,2,1,7,7,v=5+2,v*1=,v=5+2. v*1=
q,+,+,8,8,3,16,19,q=8+8,q+3=,q=8+8. q+3=
p,*,+,4,2,4,8,12,p=4*2,p+4=,p=4*2. p+4=
a,*,+,2,3,5,6,11,a=2*3,a+5=,a=2*3. a+5=
x,-,//,2,8,9,-6,-1,x=2-8,x//9=,x=2-8. x//9=
p,+,+,6,6,1,12,13,p=6+6,p+1=,p=6+6. p+1=
a,//,//,8,6,9,1,0,a=8//6,a//9=,a=8//6. a//9=
k,*,-,2,4,8,8,0,k=2*4,k-8=,k=2*4. k-8=
w,+,*,4,6,6,10,60,w=4+6,w*6=,w=4+6. w*6=
t,-,-,9,6,5,3,-2,t=9-6,t-5=,t=9-6. t-5=
a,-,*,8,4,9,4,36,a=8-4,a*9=,a=8-4. a*9=
r,//,//,7,3,8,2,0,r=7//3,r//8=,r=7//3. r//8=
x,//,-,2,2,5,1,-4,x=2//2,x-5=,x=2//2. x-5=
e,//,+,5,2,6,2,8,e=5//2,e+6=,e=5//2. e+6=
n,+,+,8,2,8,10,18,n=8+2,n+8=,n=8+2. n+8=
y,+,//,3,1,4,4,1,y=3+1,y//4=,y=3+1. y//4=
m,*,//,6,6,9,36,4,m=6*6,m//9=,m=6*6. m//9=
l,*,*,7,9,3,63,189,l=7*9,l*3=,l=7*9. l*3=
g,//,//,5,9,1,0,0,g=5//9,g//1=,g=5//9. g//1=
c,//,*,9,5,2,1,2,c=9//5,c*2=,c=9//5. c*2=
o,//,*,2,5,8,0,0,o=2//5,o*8=,o=2//5. o*8=
w,+,+,6,6,5,12,17,w=6+6,w+5=,w=6+6. w+5=
n,-,*,8,8,9,0,0,n=8-8,n*9=,n=8-8. n*9=
a,*,*,6,2,7,12,84,a=6*2,a*7=,a=6*2. a*7=
i,//,-,1,7,5,0,-5,i=1//7,i-5=,i=1//7. i-5=
r,//,//,3,9,1,0,0,r=3//9,r//1=,r=3//9. r//1=
j,//,-,9,4,7,2,-5,j=9//4,j-7=,j=9//4. j-7=
j,+,//,1,3,3,4,1,j=1+3,j//3=,j=1+3. j//3=
p,+,//,3,7,4,10,2,p=3+7,p//4=,p=3+7. p//4=
s,-,+,9,9,9,0,9,s=9-9,s+9=,s=9-9. s+9=
l,*,+,1,6,2,6,8,l=1*6,l+2=,l=1*6. l+2=
q,-,+,8,4,4,4,8,q=8-4,q+4=,q=8-4. q+4=
g,//,-,7,9,1,0,-1,g=7//9,g-1=,g=7//9. g-1=
w,//,//,9,1,4,9,2,w=9//1,w//4=,w=9//1. w//4=
r,//,+,3,4,9,0,9,r=3//4,r+9=,r=3//4. r+9=
s,//,-,8,4,4,2,-2,s=8//4,s-4=,s=8//4. s-4=
f,+,//,6,3,3,9,3,f=6+3,f//3=,f=6+3. f//3=
q,*,//,7,5,6,35,5,q=7*5,q//6=,q=7*5. q//6=
b,-,*,9,6,3,3,9,b=9-6,b*3=,b=9-6. b*3=
r,-,+,3,1,9,2,11,r=3-1,r+9=,r=3-1. r+9=
c,*,//,9,5,5,45,9,c=9*5,c//5=,c=9*5. c//5=
s,-,-,6,8,6,-2,-8,s=6-8,s-6=,s=6-8. s-6=
i,//,+,5,7,7,0,7,i=5//7,i+7=,i=5//7. i+7=
j,+,*,8,9,4,17,68,j=8+9,j*4=,j=8+9. j*4=
c,*,//,1,3,4,3,0,c=1*3,c//4=,c=1*3. c//4=
m,+,-,6,4,7,10,3,m=6+4,m-7=,m=6+4. m-7=
p,//,//,2,9,8,0,0,p=2//9,p//8=,p=2//9. p//8=
n,//,*,4,7,1,0,0,n=4//7,n*1=,n=4//7. n*1=
v,-,//,6,4,9,2,0,v=6-4,v//9=,v=6-4. v//9=
a,*,//,5,8,4,40,10,a=5*8,a//4=,a=5*8. a//4=
g,*,*,1,7,1,7,7,g=1*7,g*1=,g=1*7. g*1=
o,-,+,8,9,2,-1,1,o=8-9,o+2=,o=8-9. o+2=
z,//,+,6,6,2,1,3,z=6//6,z+2=,z=6//6. z+2=
c,//,*,9,1,9,9,81,c=9//1,c*9=,c=9//1. c*9=
s,+,//,7,7,8,14,1,s=7+7,s//8=,s=7+7. s//8=
b,-,//,2,9,8,-7,-1,b=2-9,b//8=,b=2-9. b//8=
g,+,+,3,8,2,11,13,g=3+8,g+2=,g=3+8. g+2=
i,*,-,6,3,1,18,17,i=6*3,i-1=,i=6*3. i-1=
b,*,-,2,6,7,12,5,b=2*6,b-7=,b=2*6. b-7=
d,-,*,2,7,9,-5,-45,d=2-7,d*9=,d=2-7. d*9=
f,*,//,9,9,8,81,10,f=9*9,f//8=,f=9*9. f//8=
k,-,*,6,7,1,-1,-1,k=6-7,k*1=,k=6-7. k*1=
l,+,//,9,4,6,13,2,l=9+4,l//6=,l=9+4. l//6=
r,+,*,6,9,7,15,105,r=6+9,r*7=,r=6+9. r*7=
z,+,*,1,4,2,5,10,z=1+4,z*2=,z=1+4. z*2=
u,*,-,5,3,1,15,14,u=5*3,u-1=,u=5*3. u-1=
l,-,//,4,9,9,-5,-1,l=4-9,l//9=,l=4-9. l//9=
i,+,-,7,2,7,9,2,i=7+2,i-7=,i=7+2. i-7=
j,*,*,1,1,1,1,1,j=1*1,j*1=,j=1*1. j*1=
d,//,+,2,2,7,1,8,d=2//2,d+7=,d=2//2. d+7=
s,*,+,6,4,4,24,28,s=6*4,s+4=,s=6*4. s+4=
v,-,-,6,7,2,-1,-3,v=6-7,v-2=,v=6-7. v-2=
e,-,*,6,7,4,-1,-4,e=6-7,e*4=,e=6-7. e*4=
v,-,*,4,9,3,-5,-15,v=4-9,v*3=,v=4-9. v*3=
t,*,-,6,2,3,12,9,t=6*2,t-3=,t=6*2. t-3=
v,-,*,3,7,5,-4,-20,v=3-7,v*5=,v=3-7. v*5=
o,*,-,2,8,4,16,12,o=2*8,o-4=,o=2*8. o-4=
o,-,//,1,6,1,-5,-5,o=1-6,o//1=,o=1-6. o//1=
e,+,*,7,2,6,9,54,e=7+2,e*6=,e=7+2. e*6=
c,//,*,7,8,2,0,0,c=7//8,c*2=,c=7//8. c*2=
j,+,*,3,7,1,10,10,j=3+7,j*1=,j=3+7. j*1=
o,*,-,4,8,1,32,31,o=4*8,o-1=,o=4*8. o-1=
h,+,*,3,4,9,7,63,h=3+4,h*9=,h=3+4. h*9=
c,//,+,5,3,8,1,9,c=5//3,c+8=,c=5//3. c+8=
g,*,-,7,8,6,56,50,g=7*8,g-6=,g=7*8. g-6=
q,*,-,7,5,5,35,30,q=7*5,q-5=,q=7*5. q-5=
f,//,//,6,2,3,3,1,f=6//2,f//3=,f=6//2. f//3=
i,//,+,7,5,7,1,8,i=7//5,i+7=,i=7//5. i+7=
p,*,*,5,6,9,30,270,p=5*6,p*9=,p=5*6. p*9=
d,+,-,9,3,5,12,7,d=9+3,d-5=,d=9+3. d-5=
i,+,//,5,5,8,10,1,i=5+5,i//8=,i=5+5. i//8=
a,*,*,3,3,7,9,63,a=3*3,a*7=,a=3*3. a*7=
q,-,*,2,2,9,0,0,q=2-2,q*9=,q=2-2. q*9=
l,//,-,2,6,6,0,-6,l=2//6,l-6=,l=2//6. l-6=
o,+,+,9,1,6,10,16,o=9+1,o+6=,o=9+1. o+6=
t,+,*,5,6,5,11,55,t=5+6,t*5=,t=5+6. t*5=
p,//,+,7,3,8,2,10,p=7//3,p+8=,p=7//3. p+8=
o,+,*,8,8,9,16,144,o=8+8,o*9=,o=8+8. o*9=
l,+,*,8,2,7,10,70,l=8+2,l*7=,l=8+2. l*7=
p,-,*,9,3,9,6,54,p=9-3,p*9=,p=9-3. p*9=
u,+,//,5,2,6,7,1,u=5+2,u//6=,u=5+2. u//6=
w,//,-,3,4,7,0,-7,w=3//4,w-7=,w=3//4. w-7=
p,+,+,8,5,4,13,17,p=8+5,p+4=,p=8+5. p+4=
w,*,-,2,8,5,16,11,w=2*8,w-5=,w=2*8. w-5=
t,-,+,9,3,5,6,11,t=9-3,t+5=,t=9-3. t+5=
b,+,*,9,1,2,10,20,b=9+1,b*2=,b=9+1. b*2=
o,+,//,8,3,9,11,1,o=8+3,o//9=,o=8+3. o//9=
x,+,//,7,5,5,12,2,x=7+5,x//5=,x=7+5. x//5=
v,-,-,7,6,6,1,-5,v=7-6,v-6=,v=7-6. v-6=
n,+,+,3,1,8,4,12,n=3+1,n+8=,n=3+1. n+8=
q,*,//,8,5,2,40,20,q=8*5,q//2=,q=8*5. q//2=
r,+,+,2,8,8,10,18,r=2+8,r+8=,r=2+8. r+8=
h,-,//,7,7,9,0,0,h=7-7,h//9=,h=7-7. h//9=
y,+,-,2,1,4,3,-1,y=2+1,y-4=,y=2+1. y-4=
s,*,+,4,4,6,16,22,s=4*4,s+6=,s=4*4. s+6=
e,*,-,3,7,8,21,13,e=3*7,e-8=,e=3*7. e-8=
n,*,+,2,7,1,14,15,n=2*7,n+1=,n=2*7. n+1=
f,//,//,8,2,7,4,0,f=8//2,f//7=,f=8//2. f//7=
h,+,//,2,9,5,11,2,h=2+9,h//5=,h=2+9. h//5=
i,//,*,9,4,9,2,18,i=9//4,i*9=,i=9//4. i*9=
v,-,*,3,1,1,2,2,v=3-1,v*1=,v=3-1. v*1=
m,//,*,6,4,8,1,8,m=6//4,m*8=,m=6//4. m*8=
e,-,+,2,2,8,0,8,e=2-2,e+8=,e=2-2. e+8=
g,//,-,2,1,5,2,-3,g=2//1,g-5=,g=2//1. g-5=
g,+,*,4,9,4,13,52,g=4+9,g*4=,g=4+9. g*4=
t,//,+,2,3,4,0,4,t=2//3,t+4=,t=2//3. t+4=
f,-,+,4,8,4,-4,0,f=4-8,f+4=,f=4-8. f+4=
d,+,+,9,9,4,18,22,d=9+9,d+4=,d=9+9. d+4=
p,//,-,7,8,6,0,-6,p=7//8,p-6=,p=7//8. p-6=
o,-,//,9,4,7,5,0,o=9-4,o//7=,o=9-4. o//7=
z,-,//,9,1,5,8,1,z=9-1,z//5=,z=9-1. z//5=
w,*,//,7,3,6,21,3,w=7*3,w//6=,w=7*3. w//6=
z,-,-,3,4,6,-1,-7,z=3-4,z-6=,z=3-4. z-6=
q,*,+,2,8,8,16,24,q=2*8,q+8=,q=2*8. q+8=
k,*,+,6,5,9,30,39,k=6*5,k+9=,k=6*5. k+9=
q,-,//,7,2,4,5,1,q=7-2,q//4=,q=7-2. q//4=
z,+,//,5,6,8,11,1,z=5+6,z//8=,z=5+6. z//8=
l,*,-,5,1,4,5,1,l=5*1,l-4=,l=5*1. l-4=
m,+,//,7,3,8,10,1,m=7+3,m//8=,m=7+3. m//8=
y,//,//,6,5,3,1,0,y=6//5,y//3=,y=6//5. y//3=
w,*,//,2,5,3,10,3,w=2*5,w//3=,w=2*5. w//3=
x,*,*,7,4,4,28,112,x=7*4,x*4=,x=7*4. x*4=
x,//,+,3,7,1,0,1,x=3//7,x+1=,x=3//7. x+1=
c,+,*,3,8,5,11,55,c=3+8,c*5=,c=3+8. c*5=
c,+,//,3,4,8,7,0,c=3+4,c//8=,c=3+4. c//8=
q,+,//,8,8,9,16,1,q=8+8,q//9=,q=8+8. q//9=
r,*,-,4,5,3,20,17,r=4*5,r-3=,r=4*5. r-3=
m,//,-,4,6,3,0,-3,m=4//6,m-3=,m=4//6. m-3=
j,//,*,1,3,4,0,0,j=1//3,j*4=,j=1//3. j*4=
n,+,-,4,4,5,8,3,n=4+4,n-5=,n=4+4. n-5=
b,*,*,8,9,4,72,288,b=8*9,b*4=,b=8*9. b*4=
b,*,-,7,3,9,21,12,b=7*3,b-9=,b=7*3. b-9=
n,//,+,5,5,3,1,4,n=5//5,n+3=,n=5//5. n+3=
b,*,*,4,3,3,12,36,b=4*3,b*3=,b=4*3. b*3=
z,+,*,3,7,6,10,60,z=3+7,z*6=,z=3+7. z*6=
d,//,//,9,8,4,1,0,d=9//8,d//4=,d=9//8. d//4=
k,*,*,4,9,9,36,324,k=4*9,k*9=,k=4*9. k*9=
z,-,*,4,7,7,-3,-21,z=4-7,z*7=,z=4-7. z*7=
b,*,+,4,2,8,8,16,b=4*2,b+8=,b=4*2. b+8=
w,+,//,3,9,6,12,2,w=3+9,w//6=,w=3+9. w//6=
i,+,//,5,3,1,8,8,i=5+3,i//1=,i=5+3. i//1=
y,+,//,1,5,8,6,0,y=1+5,y//8=,y=1+5. y//8=
f,+,+,8,4,1,12,13,f=8+4,f+1=,f=8+4. f+1=
h,-,+,4,2,8,2,10,h=4-2,h+8=,h=4-2. h+8=
c,*,//,7,3,2,21,10,c=7*3,c//2=,c=7*3. c//2=
z,//,-,3,9,7,0,-7,z=3//9,z-7=,z=3//9. z-7=
p,//,//,1,9,1,0,0,p=1//9,p//1=,p=1//9. p//1=
z,//,+,2,8,4,0,4,z=2//8,z+4=,z=2//8. z+4=
q,-,//,7,8,5,-1,-1,q=7-8,q//5=,q=7-8. q//5=
h,*,+,5,9,4,45,49,h=5*9,h+4=,h=5*9. h+4=
g,*,+,3,9,2,27,29,g=3*9,g+2=,g=3*9. g+2=
n,-,*,2,8,4,-6,-24,n=2-8,n*4=,n=2-8. n*4=
f,//,//,5,8,1,0,0,f=5//8,f//1=,f=5//8. f//1=
n,//,//,9,3,5,3,0,n=9//3,n//5=,n=9//3. n//5=
a,*,//,8,2,5,16,3,a=8*2,a//5=,a=8*2. a//5=
n,//,+,3,3,5,1,6,n=3//3,n+5=,n=3//3. n+5=
r,-,//,9,1,4,8,2,r=9-1,r//4=,r=9-1. r//4=
q,*,+,9,3,5,27,32,q=9*3,q+5=,q=9*3. q+5=
n,*,-,8,4,7,32,25,n=8*4,n-7=,n=8*4. n-7=
j,+,-,2,1,9,3,-6,j=2+1,j-9=,j=2+1. j-9=
r,//,*,8,1,7,8,56,r=8//1,r*7=,r=8//1. r*7=
s,+,+,3,9,7,12,19,s=3+9,s+7=,s=3+9. s+7=
m,*,-,7,9,2,63,61,m=7*9,m-2=,m=7*9. m-2=
j,//,*,2,2,6,1,6,j=2//2,j*6=,j=2//2. j*6=
r,-,*,3,6,3,-3,-9,r=3-6,r*3=,r=3-6. r*3=
u,*,//,4,3,7,12,1,u=4*3,u//7=,u=4*3. u//7=
l,+,-,8,5,6,13,7,l=8+5,l-6=,l=8+5. l-6=
t,*,+,6,2,5,12,17,t=6*2,t+5=,t=6*2. t+5=
n,-,+,6,5,7,1,8,n=6-5,n+7=,n=6-5. n+7=
d,*,*,6,3,4,18,72,d=6*3,d*4=,d=6*3. d*4=
v,*,//,5,9,3,45,15,v=5*9,v//3=,v=5*9. v//3=
v,+,+,4,6,9,10,19,v=4+6,v+9=,v=4+6. v+9=
n,*,-,4,5,7,20,13,n=4*5,n-7=,n=4*5. n-7=
b,//,//,3,6,6,0,0,b=3//6,b//6=,b=3//6. b//6=
o,+,//,5,3,2,8,4,o=5+3,o//2=,o=5+3. o//2=
u,//,-,6,6,3,1,-2,u=6//6,u-3=,u=6//6. u-3=
j,//,*,8,6,7,1,7,j=8//6,j*7=,j=8//6. j*7=
u,//,-,3,3,3,1,-2,u=3//3,u-3=,u=3//3. u-3=
x,//,*,2,7,3,0,0,x=2//7,x*3=,x=2//7. x*3=
u,//,*,1,3,6,0,0,u=1//3,u*6=,u=1//3. u*6=
f,//,-,3,6,3,0,-3,f=3//6,f-3=,f=3//6. f-3=
l,-,*,6,7,8,-1,-8,l=6-7,l*8=,l=6-7. l*8=
j,*,*,4,6,3,24,72,j=4*6,j*3=,j=4*6. j*3=
s,-,+,3,6,6,-3,3,s=3-6,s+6=,s=3-6. s+6=
m,-,*,1,9,2,-8,-16,m=1-9,m*2=,m=1-9. m*2=
z,//,//,5,9,3,0,0,z=5//9,z//3=,z=5//9. z//3=
n,+,-,3,8,2,11,9,n=3+8,n-2=,n=3+8. n-2=
y,//,-,2,1,2,2,0,y=2//1,y-2=,y=2//1. y-2=
w,//,-,6,6,1,1,0,w=6//6,w-1=,w=6//6. w-1=
q,+,*,5,8,8,13,104,q=5+8,q*8=,q=5+8. q*8=
p,-,-,2,5,9,-3,-12,p=2-5,p-9=,p=2-5. p-9=
d,//,*,7,1,2,7,14,d=7//1,d*2=,d=7//1. d*2=
q,+,+,8,7,2,15,17,q=8+7,q+2=,q=8+7. q+2=
a,*,-,5,5,6,25,19,a=5*5,a-6=,a=5*5. a-6=
e,*,*,2,1,3,2,6,e=2*1,e*3=,e=2*1. e*3=
j,+,+,4,3,9,7,16,j=4+3,j+9=,j=4+3. j+9=
z,*,//,9,5,6,45,7,z=9*5,z//6=,z=9*5. z//6=
c,*,-,8,7,7,56,49,c=8*7,c-7=,c=8*7. c-7=
w,+,//,8,9,6,17,2,w=8+9,w//6=,w=8+9. w//6=
b,*,//,5,7,4,35,8,b=5*7,b//4=,b=5*7. b//4=
m,//,+,2,4,8,0,8,m=2//4,m+8=,m=2//4. m+8=
i,//,-,6,7,9,0,-9,i=6//7,i-9=,i=6//7. i-9=
t,+,+,3,3,1,6,7,t=3+3,t+1=,t=3+3. t+1=
w,-,+,5,2,3,3,6,w=5-2,w+3=,w=5-2. w+3=
h,-,//,7,7,3,0,0,h=7-7,h//3=,h=7-7. h//3=
d,//,+,2,8,3,0,3,d=2//8,d+3=,d=2//8. d+3=
m,-,-,7,9,4,-2,-6,m=7-9,m-4=,m=7-9. m-4=
u,*,*,3,3,7,9,63,u=3*3,u*7=,u=3*3. u*7=
p,//,-,3,2,7,1,-6,p=3//2,p-7=,p=3//2. p-7=
u,//,//,4,5,5,0,0,u=4//5,u//5=,u=4//5. u//5=
x,-,//,2,6,8,-4,-1,x=2-6,x//8=,x=2-6. x//8=
n,*,//,9,3,4,27,6,n=9*3,n//4=,n=9*3. n//4=
m,*,*,5,1,7,5,35,m=5*1,m*7=,m=5*1. m*7=
o,-,*,1,4,1,-3,-3,o=1-4,o*1=,o=1-4. o*1=
z,-,*,5,5,1,0,0,z=5-5,z*1=,z=5-5. z*1=
s,-,//,9,8,2,1,0,s=9-8,s//2=,s=9-8. s//2=
z,+,//,7,4,5,11,2,z=7+4,z//5=,z=7+4. z//5=
a,+,//,6,7,8,13,1,a=6+7,a//8=,a=6+7. a//8=
n,+,+,8,1,6,9,15,n=8+1,n+6=,n=8+1. n+6=
w,+,*,2,2,3,4,12,w=2+2,w*3=,w=2+2. w*3=
h,+,+,6,1,9,7,16,h=6+1,h+9=,h=6+1. h+9=
x,-,*,1,7,1,-6,-6,x=1-7,x*1=,x=1-7. x*1=
u,*,//,1,6,3,6,2,u=1*6,u//3=,u=1*6. u//3=
n,*,*,6,1,1,6,6,n=6*1,n*1=,n=6*1. n*1=
r,*,-,3,1,3,3,0,r=3*1,r-3=,r=3*1. r-3=
h,-,+,2,3,1,-1,0,h=2-3,h+1=,h=2-3. h+1=
o,*,//,9,1,7,9,1,o=9*1,o//7=,o=9*1. o//7=
b,*,+,9,3,6,27,33,b=9*3,b+6=,b=9*3. b+6=
n,//,//,4,3,1,1,1,n=4//3,n//1=,n=4//3. n//1=
a,//,//,4,5,4,0,0,a=4//5,a//4=,a=4//5. a//4=
j,//,+,9,3,5,3,8,j=9//3,j+5=,j=9//3. j+5=
w,//,*,8,7,1,1,1,w=8//7,w*1=,w=8//7. w*1=
s,+,*,1,5,1,6,6,s=1+5,s*1=,s=1+5. s*1=
e,-,+,7,8,8,-1,7,e=7-8,e+8=,e=7-8. e+8=
k,-,+,2,1,2,1,3,k=2-1,k+2=,k=2-1. k+2=
r,-,+,3,8,7,-5,2,r=3-8,r+7=,r=3-8. r+7=
a,-,//,9,5,4,4,1,a=9-5,a//4=,a=9-5. a//4=
u,//,//,8,8,6,1,0,u=8//8,u//6=,u=8//8. u//6=
v,*,-,7,2,2,14,12,v=7*2,v-2=,v=7*2. v-2=
y,*,-,9,4,8,36,28,y=9*4,y-8=,y=9*4. y-8=
z,-,*,1,9,9,-8,-72,z=1-9,z*9=,z=1-9. z*9=
t,+,//,8,3,7,11,1,t=8+3,t//7=,t=8+3. t//7=
p,//,*,5,9,5,0,0,p=5//9,p*5=,p=5//9. p*5=
b,+,//,8,6,8,14,1,b=8+6,b//8=,b=8+6. b//8=
l,-,-,3,4,7,-1,-8,l=3-4,l-7=,l=3-4. l-7=
e,//,+,7,5,1,1,2,e=7//5,e+1=,e=7//5. e+1=
h,*,//,3,8,9,24,2,h=3*8,h//9=,h=3*8. h//9=
o,-,*,1,7,2,-6,-12,o=1-7,o*2=,o=1-7. o*2=
a,-,+,7,2,8,5,13,a=7-2,a+8=,a=7-2. a+8=
f,-,+,3,8,1,-5,-4,f=3-8,f+1=,f=3-8. f+1=
v,//,+,9,4,2,2,4,v=9//4,v+2=,v=9//4. v+2=
f,*,*,1,3,6,3,18,f=1*3,f*6=,f=1*3. f*6=
o,*,//,5,4,6,20,3,o=5*4,o//6=,o=5*4. o//6=
g,-,-,9,8,9,1,-8,g=9-8,g-9=,g=9-8. g-9=
f,*,+,2,3,4,6,10,f=2*3,f+4=,f=2*3. f+4=
p,-,*,9,2,3,7,21,p=9-2,p*3=,p=9-2. p*3=
b,//,-,3,2,9,1,-8,b=3//2,b-9=,b=3//2. b-9=
h,//,-,2,9,8,0,-8,h=2//9,h-8=,h=2//9. h-8=
y,+,*,4,1,9,5,45,y=4+1,y*9=,y=4+1. y*9=
d,//,*,7,6,6,1,6,d=7//6,d*6=,d=7//6. d*6=
k,-,//,4,7,9,-3,-1,k=4-7,k//9=,k=4-7. k//9=
z,-,//,1,3,7,-2,-1,z=1-3,z//7=,z=1-3. z//7=
w,//,+,7,1,6,7,13,w=7//1,w+6=,w=7//1. w+6=
y,//,*,1,2,1,0,0,y=1//2,y*1=,y=1//2. y*1=
t,*,-,1,2,4,2,-2,t=1*2,t-4=,t=1*2. t-4=
e,+,*,1,1,3,2,6,e=1+1,e*3=,e=1+1. e*3=
x,-,+,4,4,7,0,7,x=4-4,x+7=,x=4-4. x+7=
e,*,//,2,8,4,16,4,e=2*8,e//4=,e=2*8. e//4=
l,+,+,4,3,9,7,16,l=4+3,l+9=,l=4+3. l+9=
g,//,*,7,8,5,0,0,g=7//8,g*5=,g=7//8. g*5=
p,+,*,2,7,1,9,9,p=2+7,p*1=,p=2+7. p*1=
f,+,-,9,9,4,18,14,f=9+9,f-4=,f=9+9. f-4=
p,-,-,7,4,8,3,-5,p=7-4,p-8=,p=7-4. p-8=
v,*,-,2,7,9,14,5,v=2*7,v-9=,v=2*7. v-9=
o,+,+,6,3,1,9,10,o=6+3,o+1=,o=6+3. o+1=
s,*,-,2,4,5,8,3,s=2*4,s-5=,s=2*4. s-5=
y,+,+,7,8,2,15,17,y=7+8,y+2=,y=7+8. y+2=
k,-,//,9,2,7,7,1,k=9-2,k//7=,k=9-2. k//7=
r,*,+,4,4,3,16,19,r=4*4,r+3=,r=4*4. r+3=
l,-,+,8,2,5,6,11,l=8-2,l+5=,l=8-2. l+5=
p,-,+,2,7,5,-5,0,p=2-7,p+5=,p=2-7. p+5=
u,-,*,1,1,5,0,0,u=1-1,u*5=,u=1-1. u*5=
d,*,-,1,2,8,2,-6,d=1*2,d-8=,d=1*2. d-8=
w,//,*,9,4,2,2,4,w=9//4,w*2=,w=9//4. w*2=
z,//,//,3,2,7,1,0,z=3//2,z//7=,z=3//2. z//7=
q,+,*,2,5,7,7,49,q=2+5,q*7=,q=2+5. q*7=
w,//,//,1,7,3,0,0,w=1//7,w//3=,w=1//7. w//3=
j,*,//,6,2,4,12,3,j=6*2,j//4=,j=6*2. j//4=
g,//,//,2,5,5,0,0,g=2//5,g//5=,g=2//5. g//5=
h,-,*,1,9,9,-8,-72,h=1-9,h*9=,h=1-9. h*9=
y,//,//,6,5,5,1,0,y=6//5,y//5=,y=6//5. y//5=
e,*,-,6,2,2,12,10,e=6*2,e-2=,e=6*2. e-2=
e,-,+,7,5,8,2,10,e=7-5,e+8=,e=7-5. e+8=
l,-,+,9,8,9,1,10,l=9-8,l+9=,l=9-8. l+9=
a,-,*,5,6,5,-1,-5,a=5-6,a*5=,a=5-6. a*5=
g,*,//,4,2,1,8,8,g=4*2,g//1=,g=4*2. g//1=
k,//,-,7,2,9,3,-6,k=7//2,k-9=,k=7//2. k-9=
m,+,*,1,2,4,3,12,m=1+2,m*4=,m=1+2. m*4=
l,-,*,4,8,1,-4,-4,l=4-8,l*1=,l=4-8. l*1=
h,//,//,7,6,8,1,0,h=7//6,h//8=,h=7//6. h//8=
t,-,-,1,3,3,-2,-5,t=1-3,t-3=,t=1-3. t-3=
e,+,*,9,5,8,14,112,e=9+5,e*8=,e=9+5. e*8=
j,-,//,1,4,4,-3,-1,j=1-4,j//4=,j=1-4. j//4=
x,*,-,2,1,2,2,0,x=2*1,x-2=,x=2*1. x-2=
q,-,+,3,8,1,-5,-4,q=3-8,q+1=,q=3-8. q+1=
p,*,*,8,1,2,8,16,p=8*1,p*2=,p=8*1. p*2=
i,*,-,6,8,8,48,40,i=6*8,i-8=,i=6*8. i-8=
d,+,+,7,6,4,13,17,d=7+6,d+4=,d=7+6. d+4=
b,//,*,4,9,8,0,0,b=4//9,b*8=,b=4//9. b*8=
w,+,-,1,4,3,5,2,w=1+4,w-3=,w=1+4. w-3=
d,//,-,7,5,5,1,-4,d=7//5,d-5=,d=7//5. d-5=
y,-,+,4,1,2,3,5,y=4-1,y+2=,y=4-1. y+2=
a,-,//,9,4,6,5,0,a=9-4,a//6=,a=9-4. a//6=
a,+,//,5,1,2,6,3,a=5+1,a//2=,a=5+1. a//2=
n,*,*,5,3,5,15,75,n=5*3,n*5=,n=5*3. n*5=
s,*,*,5,1,5,5,25,s=5*1,s*5=,s=5*1. s*5=
j,*,*,6,3,4,18,72,j=6*3,j*4=,j=6*3. j*4=
j,//,//,3,8,6,0,0,j=3//8,j//6=,j=3//8. j//6=
t,-,+,3,7,9,-4,5,t=3-7,t+9=,t=3-7. t+9=
q,*,*,4,5,2,20,40,q=4*5,q*2=,q=4*5. q*2=
s,+,//,1,7,2,8,4,s=1+7,s//2=,s=1+7. s//2=
t,-,//,1,9,2,-8,-4,t=1-9,t//2=,t=1-9. t//2=
q,//,//,8,8,1,1,1,q=8//8,q//1=,q=8//8. q//1=
p,-,*,6,3,7,3,21,p=6-3,p*7=,p=6-3. p*7=
v,*,//,7,5,5,35,7,v=7*5,v//5=,v=7*5. v//5=
g,//,//,7,7,1,1,1,g=7//7,g//1=,g=7//7. g//1=
d,-,-,3,8,9,-5,-14,d=3-8,d-9=,d=3-8. d-9=
m,+,//,3,7,9,10,1,m=3+7,m//9=,m=3+7. m//9=
q,*,*,8,6,5,48,240,q=8*6,q*5=,q=8*6. q*5=
e,//,+,8,6,6,1,7,e=8//6,e+6=,e=8//6. e+6=
e,+,//,3,1,7,4,0,e=3+1,e//7=,e=3+1. e//7=
n,*,//,7,5,7,35,5,n=7*5,n//7=,n=7*5. n//7=
b,-,+,6,9,5,-3,2,b=6-9,b+5=,b=6-9. b+5=
s,+,+,4,8,4,12,16,s=4+8,s+4=,s=4+8. s+4=
x,+,+,9,6,1,15,16,x=9+6,x+1=,x=9+6. x+1=
t,//,-,9,7,5,1,-4,t=9//7,t-5=,t=9//7. t-5=
e,+,//,3,5,3,8,2,e=3+5,e//3=,e=3+5. e//3=
p,+,-,3,4,3,7,4,p=3+4,p-3=,p=3+4. p-3=
v,//,*,3,7,8,0,0,v=3//7,v*8=,v=3//7. v*8=
f,-,+,9,6,8,3,11,f=9-6,f+8=,f=9-6. f+8=
z,-,-,3,1,8,2,-6,z=3-1,z-8=,z=3-1. z-8=
x,*,//,5,5,6,25,4,x=5*5,x//6=,x=5*5. x//6=
q,*,*,5,2,3,10,30,q=5*2,q*3=,q=5*2. q*3=
c,*,-,4,1,7,4,-3,c=4*1,c-7=,c=4*1. c-7=
y,*,+,3,7,2,21,23,y=3*7,y+2=,y=3*7. y+2=
l,-,//,9,5,4,4,1,l=9-5,l//4=,l=9-5. l//4=
q,-,//,4,7,8,-3,-1,q=4-7,q//8=,q=4-7. q//8=
j,+,*,7,8,6,15,90,j=7+8,j*6=,j=7+8. j*6=
y,+,//,1,4,7,5,0,y=1+4,y//7=,y=1+4. y//7=
u,+,//,4,5,8,9,1,u=4+5,u//8=,u=4+5. u//8=
h,*,-,4,4,8,16,8,h=4*4,h-8=,h=4*4. h-8=
s,+,-,1,7,2,8,6,s=1+7,s-2=,s=1+7. s-2=
q,+,-,2,9,4,11,7,q=2+9,q-4=,q=2+9. q-4=
t,//,-,9,5,3,1,-2,t=9//5,t-3=,t=9//5. t-3=
z,//,+,7,6,2,1,3,z=7//6,z+2=,z=7//6. z+2=
f,-,-,1,1,1,0,-1,f=1-1,f-1=,f=1-1. f-1=
v,*,-,4,3,8,12,4,v=4*3,v-8=,v=4*3. v-8=
q,*,*,4,7,1,28,28,q=4*7,q*1=,q=4*7. q*1=
u,-,-,8,8,7,0,-7,u=8-8,u-7=,u=8-8. u-7=
w,//,*,5,3,9,1,9,w=5//3,w*9=,w=5//3. w*9=
v,*,//,2,7,6,14,2,v=2*7,v//6=,v=2*7. v//6=
f,+,+,3,2,5,5,10,f=3+2,f+5=,f=3+2. f+5=
b,*,*,9,1,3,9,27,b=9*1,b*3=,b=9*1. b*3=
f,+,+,4,8,2,12,14,f=4+8,f+2=,f=4+8. f+2=
h,+,+,6,9,7,15,22,h=6+9,h+7=,h=6+9. h+7=
s,-,+,9,8,7,1,8,s=9-8,s+7=,s=9-8. s+7=
w,-,*,4,9,4,-5,-20,w=4-9,w*4=,w=4-9. w*4=
f,//,+,4,3,4,1,5,f=4//3,f+4=,f=4//3. f+4=
v,//,+,6,9,9,0,9,v=6//9,v+9=,v=6//9. v+9=
k,+,+,8,4,3,12,15,k=8+4,k+3=,k=8+4. k+3=
i,*,-,5,4,2,20,18,i=5*4,i-2=,i=5*4. i-2=
y,*,*,8,5,5,40,200,y=8*5,y*5=,y=8*5. y*5=
o,*,+,7,3,1,21,22,o=7*3,o+1=,o=7*3. o+1=
e,-,//,3,5,5,-2,-1,e=3-5,e//5=,e=3-5. e//5=
d,//,//,2,4,1,0,0,d=2//4,d//1=,d=2//4. d//1=
m,+,+,9,6,6,15,21,m=9+6,m+6=,m=9+6. m+6=
h,+,*,4,1,1,5,5,h=4+1,h*1=,h=4+1. h*1=
l,*,*,3,5,6,15,90,l=3*5,l*6=,l=3*5. l*6=
c,//,*,5,6,9,0,0,c=5//6,c*9=,c=5//6. c*9=
x,//,*,7,5,9,1,9,x=7//5,x*9=,x=7//5. x*9=
b,*,+,2,9,2,18,20,b=2*9,b+2=,b=2*9. b+2=
a,+,-,4,9,9,13,4,a=4+9,a-9=,a=4+9. a-9=
f,*,+,7,3,8,21,29,f=7*3,f+8=,f=7*3. f+8=
n,*,//,4,9,1,36,36,n=4*9,n//1=,n=4*9. n//1=
b,+,*,7,6,3,13,39,b=7+6,b*3=,b=7+6. b*3=
p,+,//,9,4,7,13,1,p=9+4,p//7=,p=9+4. p//7=
a,-,-,1,4,8,-3,-11,a=1-4,a-8=,a=1-4. a-8=
a,+,*,3,6,8,9,72,a=3+6,a*8=,a=3+6. a*8=
i,//,//,2,6,5,0,0,i=2//6,i//5=,i=2//6. i//5=
j,-,*,6,5,3,1,3,j=6-5,j*3=,j=6-5. j*3=
j,-,*,5,8,3,-3,-9,j=5-8,j*3=,j=5-8. j*3=
l,*,//,7,5,8,35,4,l=7*5,l//8=,l=7*5. l//8=
z,-,+,1,8,4,-7,-3,z=1-8,z+4=,z=1-8. z+4=
g,//,//,3,3,3,1,0,g=3//3,g//3=,g=3//3. g//3=
h,//,//,2,4,9,0,0,h=2//4,h//9=,h=2//4. h//9=
h,//,+,7,4,6,1,7,h=7//4,h+6=,h=7//4. h+6=
j,-,-,1,2,9,-1,-10,j=1-2,j-9=,j=1-2. j-9=
h,*,*,2,5,5,10,50,h=2*5,h*5=,h=2*5. h*5=
i,-,//,9,5,1,4,4,i=9-5,i//1=,i=9-5. i//1=
c,+,*,1,7,1,8,8,c=1+7,c*1=,c=1+7. c*1=
t,*,+,9,1,5,9,14,t=9*1,t+5=,t=9*1. t+5=
e,-,-,5,4,8,1,-7,e=5-4,e-8=,e=5-4. e-8=
f,*,*,6,4,4,24,96,f=6*4,f*4=,f=6*4. f*4=
x,//,*,1,7,6,0,0,x=1//7,x*6=,x=1//7. x*6=
q,*,+,7,4,7,28,35,q=7*4,q+7=,q=7*4. q+7=
h,+,//,1,2,2,3,1,h=1+2,h//2=,h=1+2. h//2=
c,//,//,2,4,4,0,0,c=2//4,c//4=,c=2//4. c//4=
i,//,*,9,7,5,1,5,i=9//7,i*5=,i=9//7. i*5=
d,//,+,5,2,3,2,5,d=5//2,d+3=,d=5//2. d+3=
s,*,//,4,6,2,24,12,s=4*6,s//2=,s=4*6. s//2=
n,-,-,5,4,5,1,-4,n=5-4,n-5=,n=5-4. n-5=
l,*,//,1,9,9,9,1,l=1*9,l//9=,l=1*9. l//9=
h,+,*,7,5,4,12,48,h=7+5,h*4=,h=7+5. h*4=
g,-,//,3,8,5,-5,-1,g=3-8,g//5=,g=3-8. g//5=
m,*,-,7,2,2,14,12,m=7*2,m-2=,m=7*2. m-2=
r,//,+,4,2,6,2,8,r=4//2,r+6=,r=4//2. r+6=
e,-,*,1,6,3,-5,-15,e=1-6,e*3=,e=1-6. e*3=
c,//,+,3,2,2,1,3,c=3//2,c+2=,c=3//2. c+2=
o,*,+,8,3,9,24,33,o=8*3,o+9=,o=8*3. o+9=
f,//,//,4,7,5,0,0,f=4//7,f//5=,f=4//7. f//5=
d,//,*,2,6,6,0,0,d=2//6,d*6=,d=2//6. d*6=
e,-,//,8,3,4,5,1,e=8-3,e//4=,e=8-3. e//4=
x,+,+,3,1,1,4,5,x=3+1,x+1=,x=3+1. x+1=
t,+,//,7,2,2,9,4,t=7+2,t//2=,t=7+2. t//2=
q,//,-,3,2,4,1,-3,q=3//2,q-4=,q=3//2. q-4=
d,+,//,1,5,4,6,1,d=1+5,d//4=,d=1+5. d//4=
t,//,//,8,7,2,1,0,t=8//7,t//2=,t=8//7. t//2=
v,+,-,7,6,1,13,12,v=7+6,v-1=,v=7+6. v-1=
q,-,//,1,9,9,-8,-1,q=1-9,q//9=,q=1-9. q//9=
c,+,//,5,1,7,6,0,c=5+1,c//7=,c=5+1. c//7=
c,+,-,4,4,7,8,1,c=4+4,c-7=,c=4+4. c-7=
e,-,-,5,8,7,-3,-10,e=5-8,e-7=,e=5-8. e-7=
t,*,*,1,8,3,8,24,t=1*8,t*3=,t=1*8. t*3=
y,//,-,7,2,1,3,2,y=7//2,y-1=,y=7//2. y-1=
g,-,//,3,7,2,-4,-2,g=3-7,g//2=,g=3-7. g//2=
i,+,*,2,5,3,7,21,i=2+5,i*3=,i=2+5. i*3=
l,+,//,9,3,8,12,1,l=9+3,l//8=,l=9+3. l//8=
p,//,+,9,6,7,1,8,p=9//6,p+7=,p=9//6. p+7=
m,-,*,4,2,8,2,16,m=4-2,m*8=,m=4-2. m*8=
o,*,-,8,5,3,40,37,o=8*5,o-3=,o=8*5. o-3=
b,+,+,1,2,4,3,7,b=1+2,b+4=,b=1+2. b+4=
h,-,-,2,5,5,-3,-8,h=2-5,h-5=,h=2-5. h-5=
l,//,*,8,6,7,1,7,l=8//6,l*7=,l=8//6. l*7=
l,+,+,2,8,2,10,12,l=2+8,l+2=,l=2+8. l+2=
w,-,-,8,3,4,5,1,w=8-3,w-4=,w=8-3. w-4=
z,+,//,3,9,7,12,1,z=3+9,z//7=,z=3+9. z//7=
o,*,//,9,7,7,63,9,o=9*7,o//7=,o=9*7. o//7=
r,*,//,2,9,2,18,9,r=2*9,r//2=,r=2*9. r//2=
j,*,-,4,7,5,28,23,j=4*7,j-5=,j=4*7. j-5=
u,-,//,4,5,5,-1,-1,u=4-5,u//5=,u=4-5. u//5=
y,*,-,4,3,1,12,11,y=4*3,y-1=,y=4*3. y-1=
i,//,-,7,3,7,2,-5,i=7//3,i-7=,i=7//3. i-7=
o,-,//,4,9,4,-5,-2,o=4-9,o//4=,o=4-9. o//4=
w,*,*,2,7,3,14,42,w=2*7,w*3=,w=2*7. w*3=
u,-,//,4,9,1,-5,-5,u=4-9,u//1=,u=4-9. u//1=
q,-,*,3,9,3,-6,-18,q=3-9,q*3=,q=3-9. q*3=
h,//,-,9,5,6,1,-5,h=9//5,h-6=,h=9//5. h-6=
a,*,-,1,8,9,8,-1,a=1*8,a-9=,a=1*8. a-9=
g,-,-,8,4,3,4,1,g=8-4,g-3=,g=8-4. g-3=
s,*,//,5,4,9,20,2,s=5*4,s//9=,s=5*4. s//9=
b,//,*,8,7,4,1,4,b=8//7,b*4=,b=8//7. b*4=
k,//,//,7,7,1,1,1,k=7//7,k//1=,k=7//7. k//1=
t,//,*,6,3,1,2,2,t=6//3,t*1=,t=6//3. t*1=
o,-,-,6,2,9,4,-5,o=6-2,o-9=,o=6-2. o-9=
r,//,//,3,7,6,0,0,r=3//7,r//6=,r=3//7. r//6=
m,+,*,9,5,7,14,98,m=9+5,m*7=,m=9+5. m*7=
h,*,-,7,6,9,42,33,h=7*6,h-9=,h=7*6. h-9=
z,-,-,7,8,3,-1,-4,z=7-8,z-3=,z=7-8. z-3=
u,-,*,9,3,1,6,6,u=9-3,u*1=,u=9-3. u*1=
o,+,//,4,4,1,8,8,o=4+4,o//1=,o=4+4. o//1=
y,*,*,2,5,7,10,70,y=2*5,y*7=,y=2*5. y*7=
y,*,*,7,3,2,21,42,y=7*3,y*2=,y=7*3. y*2=
x,*,*,6,5,6,30,180,x=6*5,x*6=,x=6*5. x*6=
i,*,+,2,1,2,2,4,i=2*1,i+2=,i=2*1. i+2=
z,+,//,8,4,9,12,1,z=8+4,z//9=,z=8+4. z//9=
h,-,*,9,6,5,3,15,h=9-6,h*5=,h=9-6. h*5=
y,-,//,9,1,6,8,1,y=9-1,y//6=,y=9-1. y//6=
g,//,-,2,9,2,0,-2,g=2//9,g-2=,g=2//9. g-2=
a,+,*,2,3,6,5,30,a=2+3,a*6=,a=2+3. a*6=
g,-,+,6,4,5,2,7,g=6-4,g+5=,g=6-4. g+5=
r,*,-,3,1,9,3,-6,r=3*1,r-9=,r=3*1. r-9=
g,-,//,5,2,2,3,1,g=5-2,g//2=,g=5-2. g//2=
l,//,//,8,3,7,2,0,l=8//3,l//7=,l=8//3. l//7=
b,+,//,7,7,7,14,2,b=7+7,b//7=,b=7+7. b//7=
m,*,*,3,1,7,3,21,m=3*1,m*7=,m=3*1. m*7=
z,*,-,1,2,9,2,-7,z=1*2,z-9=,z=1*2. z-9=
z,//,+,6,2,1,3,4,z=6//2,z+1=,z=6//2. z+1=
r,+,+,1,5,5,6,11,r=1+5,r+5=,r=1+5. r+5=
o,//,//,1,6,3,0,0,o=1//6,o//3=,o=1//6. o//3=
z,+,-,4,6,6,10,4,z=4+6,z-6=,z=4+6. z-6=
f,+,*,3,2,5,5,25,f=3+2,f*5=,f=3+2. f*5=
g,+,*,7,7,8,14,112,g=7+7,g*8=,g=7+7. g*8=
x,+,-,5,1,1,6,5,x=5+1,x-1=,x=5+1. x-1=
u,//,//,5,8,4,0,0,u=5//8,u//4=,u=5//8. u//4=
z,-,+,9,6,9,3,12,z=9-6,z+9=,z=9-6. z+9=
m,//,+,8,5,2,1,3,m=8//5,m+2=,m=8//5. m+2=
e,*,//,9,3,1,27,27,e=9*3,e//1=,e=9*3. e//1=
a,//,+,9,9,9,1,10,a=9//9,a+9=,a=9//9. a+9=
m,//,//,3,2,8,1,0,m=3//2,m//8=,m=3//2. m//8=
q,*,+,1,1,4,1,5,q=1*1,q+4=,q=1*1. q+4=
p,*,//,3,6,8,18,2,p=3*6,p//8=,p=3*6. p//8=
l,*,//,5,4,1,20,20,l=5*4,l//1=,l=5*4. l//1=
q,+,*,5,6,3,11,33,q=5+6,q*3=,q=5+6. q*3=
p,//,*,1,1,7,1,7,p=1//1,p*7=,p=1//1. p*7=
e,-,-,4,4,4,0,-4,e=4-4,e-4=,e=4-4. e-4=
y,+,//,7,2,6,9,1,y=7+2,y//6=,y=7+2. y//6=
s,-,//,8,5,3,3,1,s=8-5,s//3=,s=8-5. s//3=
l,-,-,6,7,1,-1,-2,l=6-7,l-1=,l=6-7. l-1=
m,-,*,6,6,3,0,0,m=6-6,m*3=,m=6-6. m*3=
l,//,+,1,7,3,0,3,l=1//7,l+3=,l=1//7. l+3=
p,-,+,3,4,7,-1,6,p=3-4,p+7=,p=3-4. p+7=
w,*,//,3,2,6,6,1,w=3*2,w//6=,w=3*2. w//6=
i,-,+,9,2,2,7,9,i=9-2,i+2=,i=9-2. i+2=
x,//,//,6,1,6,6,1,x=6//1,x//6=,x=6//1. x//6=
t,*,//,3,6,2,18,9,t=3*6,t//2=,t=3*6. t//2=
o,-,//,5,7,5,-2,-1,o=5-7,o//5=,o=5-7. o//5=
u,-,*,5,4,9,1,9,u=5-4,u*9=,u=5-4. u*9=
g,//,+,3,9,2,0,2,g=3//9,g+2=,g=3//9. g+2=
r,+,-,8,2,5,10,5,r=8+2,r-5=,r=8+2. r-5=
z,+,*,8,3,5,11,55,z=8+3,z*5=,z=8+3. z*5=
w,//,//,2,2,2,1,0,w=2//2,w//2=,w=2//2. w//2=
z,+,*,9,2,6,11,66,z=9+2,z*6=,z=9+2. z*6=
k,//,//,2,7,6,0,0,k=2//7,k//6=,k=2//7. k//6=
c,-,*,9,8,3,1,3,c=9-8,c*3=,c=9-8. c*3=
s,*,//,4,9,5,36,7,s=4*9,s//5=,s=4*9. s//5=
x,*,+,5,3,3,15,18,x=5*3,x+3=,x=5*3. x+3=
y,*,*,6,6,4,36,144,y=6*6,y*4=,y=6*6. y*4=
u,*,//,9,8,6,72,12,u=9*8,u//6=,u=9*8. u//6=
o,+,+,6,2,8,8,16,o=6+2,o+8=,o=6+2. o+8=
r,*,*,9,6,1,54,54,r=9*6,r*1=,r=9*6. r*1=
l,*,*,7,8,6,56,336,l=7*8,l*6=,l=7*8. l*6=
r,-,-,5,1,9,4,-5,r=5-1,r-9=,r=5-1. r-9=
n,+,*,5,6,8,11,88,n=5+6,n*8=,n=5+6. n*8=
b,*,//,3,6,6,18,3,b=3*6,b//6=,b=3*6. b//6=
c,*,*,9,5,8,45,360,c=9*5,c*8=,c=9*5. c*8=
b,//,*,2,5,3,0,0,b=2//5,b*3=,b=2//5. b*3=
u,//,*,5,1,7,5,35,u=5//1,u*7=,u=5//1. u*7=
z,//,+,8,9,3,0,3,z=8//9,z+3=,z=8//9. z+3=
y,//,-,9,2,6,4,-2,y=9//2,y-6=,y=9//2. y-6=
l,-,+,1,9,6,-8,-2,l=1-9,l+6=,l=1-9. l+6=
t,-,-,3,2,3,1,-2,t=3-2,t-3=,t=3-2. t-3=
h,-,-,9,4,5,5,0,h=9-4,h-5=,h=9-4. h-5=
h,-,//,1,1,2,0,0,h=1-1,h//2=,h=1-1. h//2=
m,//,//,8,4,2,2,1,m=8//4,m//2=,m=8//4. m//2=
u,//,//,9,1,3,9,3,u=9//1,u//3=,u=9//1. u//3=
g,//,+,2,8,7,0,7,g=2//8,g+7=,g=2//8. g+7=
m,//,+,4,5,8,0,8,m=4//5,m+8=,m=4//5. m+8=
p,-,-,9,3,1,6,5,p=9-3,p-1=,p=9-3. p-1=
t,+,*,1,4,8,5,40,t=1+4,t*8=,t=1+4. t*8=
d,*,//,9,2,1,18,18,d=9*2,d//1=,d=9*2. d//1=
h,+,*,7,7,5,14,70,h=7+7,h*5=,h=7+7. h*5=
m,*,-,9,6,9,54,45,m=9*6,m-9=,m=9*6. m-9=
r,+,-,2,3,1,5,4,r=2+3,r-1=,r=2+3. r-1=
l,-,*,8,6,1,2,2,l=8-6,l*1=,l=8-6. l*1=
c,+,*,1,7,8,8,64,c=1+7,c*8=,c=1+7. c*8=
x,+,*,6,1,1,7,7,x=6+1,x*1=,x=6+1. x*1=
p,-,//,9,5,4,4,1,p=9-5,p//4=,p=9-5. p//4=
k,+,-,8,1,4,9,5,k=8+1,k-4=,k=8+1. k-4=
j,+,+,2,4,2,6,8,j=2+4,j+2=,j=2+4. j+2=
x,+,-,3,7,4,10,6,x=3+7,x-4=,x=3+7. x-4=
a,+,//,7,6,1,13,13,a=7+6,a//1=,a=7+6. a//1=
n,+,-,7,5,1,12,11,n=7+5,n-1=,n=7+5. n-1=
c,+,//,3,5,7,8,1,c=3+5,c//7=,c=3+5. c//7=
n,+,*,9,2,5,11,55,n=9+2,n*5=,n=9+2. n*5=
b,+,//,2,4,9,6,0,b=2+4,b//9=,b=2+4. b//9=
u,*,+,1,4,1,4,5,u=1*4,u+1=,u=1*4. u+1=
p,*,//,9,3,7,27,3,p=9*3,p//7=,p=9*3. p//7=
e,*,-,4,9,1,36,35,e=4*9,e-1=,e=4*9. e-1=
i,+,//,3,6,5,9,1,i=3+6,i//5=,i=3+6. i//5=
w,-,+,3,1,8,2,10,w=3-1,w+8=,w=3-1. w+8=
f,//,//,1,8,3,0,0,f=1//8,f//3=,f=1//8. f//3=
c,+,-,8,6,2,14,12,c=8+6,c-2=,c=8+6. c-2=
n,*,*,7,6,9,42,378,n=7*6,n*9=,n=7*6. n*9=
t,//,//,7,8,1,0,0,t=7//8,t//1=,t=7//8. t//1=
b,//,//,4,2,9,2,0,b=4//2,b//9=,b=4//2. b//9=
s,//,//,3,2,7,1,0,s=3//2,s//7=,s=3//2. s//7=
r,-,-,8,9,9,-1,-10,r=8-9,r-9=,r=8-9. r-9=
r,-,*,9,8,8,1,8,r=9-8,r*8=,r=9-8. r*8=
m,*,//,5,7,5,35,7,m=5*7,m//5=,m=5*7. m//5=
i,*,//,1,6,9,6,0,i=1*6,i//9=,i=1*6. i//9=
e,-,-,3,3,3,0,-3,e=3-3,e-3=,e=3-3. e-3=
i,-,*,1,6,4,-5,-20,i=1-6,i*4=,i=1-6. i*4=
a,//,+,3,9,5,0,5,a=3//9,a+5=,a=3//9. a+5=
h,//,+,6,1,6,6,12,h=6//1,h+6=,h=6//1. h+6=
p,-,+,1,3,7,-2,5,p=1-3,p+7=,p=1-3. p+7=
b,*,//,5,9,8,45,5,b=5*9,b//8=,b=5*9. b//8=
k,//,+,7,4,4,1,5,k=7//4,k+4=,k=7//4. k+4=
s,*,-,9,5,4,45,41,s=9*5,s-4=,s=9*5. s-4=
g,-,*,4,9,9,-5,-45,g=4-9,g*9=,g=4-9. g*9=
s,-,*,8,7,8,1,8,s=8-7,s*8=,s=8-7. s*8=
z,-,+,4,1,9,3,12,z=4-1,z+9=,z=4-1. z+9=
h,-,*,8,7,3,1,3,h=8-7,h*3=,h=8-7. h*3=
u,-,-,7,1,3,6,3,u=7-1,u-3=,u=7-1. u-3=
l,+,-,5,7,8,12,4,l=5+7,l-8=,l=5+7. l-8=
r,+,*,8,5,8,13,104,r=8+5,r*8=,r=8+5. r*8=
m,-,+,5,8,2,-3,-1,m=5-8,m+2=,m=5-8. m+2=
a,//,+,6,5,2,1,3,a=6//5,a+2=,a=6//5. a+2=
h,+,+,3,2,1,5,6,h=3+2,h+1=,h=3+2. h+1=
b,*,*,5,9,7,45,315,b=5*9,b*7=,b=5*9. b*7=
j,-,*,6,8,4,-2,-8,j=6-8,j*4=,j=6-8. j*4=
a,//,*,5,8,4,0,0,a=5//8,a*4=,a=5//8. a*4=
x,+,-,5,4,8,9,1,x=5+4,x-8=,x=5+4. x-8=
g,+,*,6,1,5,7,35,g=6+1,g*5=,g=6+1. g*5=
f,*,*,1,2,9,2,18,f=1*2,f*9=,f=1*2. f*9=
m,//,+,4,2,9,2,11,m=4//2,m+9=,m=4//2. m+9=
h,-,*,3,5,4,-2,-8,h=3-5,h*4=,h=3-5. h*4=
b,+,-,2,8,2,10,8,b=2+8,b-2=,b=2+8. b-2=
s,-,*,1,4,4,-3,-12,s=1-4,s*4=,s=1-4. s*4=
g,*,*,5,5,4,25,100,g=5*5,g*4=,g=5*5. g*4=
a,//,-,7,5,7,1,-6,a=7//5,a-7=,a=7//5. a-7=
k,-,-,2,9,2,-7,-9,k=2-9,k-2=,k=2-9. k-2=
v,*,*,4,1,3,4,12,v=4*1,v*3=,v=4*1. v*3=
m,//,//,2,3,9,0,0,m=2//3,m//9=,m=2//3. m//9=
c,//,-,4,1,7,4,-3,c=4//1,c-7=,c=4//1. c-7=
u,+,//,9,1,2,10,5,u=9+1,u//2=,u=9+1. u//2=
k,-,*,1,5,6,-4,-24,k=1-5,k*6=,k=1-5. k*6=
k,//,-,5,7,9,0,-9,k=5//7,k-9=,k=5//7. k-9=
g,*,+,2,1,5,2,7,g=2*1,g+5=,g=2*1. g+5=
s,+,//,7,8,5,15,3,s=7+8,s//5=,s=7+8. s//5=
s,-,+,1,5,6,-4,2,s=1-5,s+6=,s=1-5. s+6=
f,//,+,4,6,5,0,5,f=4//6,f+5=,f=4//6. f+5=
w,-,//,4,7,7,-3,-1,w=4-7,w//7=,w=4-7. w//7=
i,-,*,5,7,2,-2,-4,i=5-7,i*2=,i=5-7. i*2=
r,*,//,8,6,3,48,16,r=8*6,r//3=,r=8*6. r//3=
a,-,//,4,6,5,-2,-1,a=4-6,a//5=,a=4-6. a//5=
l,*,//,2,4,5,8,1,l=2*4,l//5=,l=2*4. l//5=
r,//,-,4,2,4,2,-2,r=4//2,r-4=,r=4//2. r-4=
v,*,//,6,3,7,18,2,v=6*3,v//7=,v=6*3. v//7=
i,-,-,5,7,3,-2,-5,i=5-7,i-3=,i=5-7. i-3=
q,//,//,8,2,4,4,1,q=8//2,q//4=,q=8//2. q//4=
a,-,-,5,9,9,-4,-13,a=5-9,a-9=,a=5-9. a-9=
o,+,//,2,4,9,6,0,o=2+4,o//9=,o=2+4. o//9=
c,//,-,7,7,3,1,-2,c=7//7,c-3=,c=7//7. c-3=
u,//,//,9,2,1,4,4,u=9//2,u//1=,u=9//2. u//1=
q,-,-,3,3,3,0,-3,q=3-3,q-3=,q=3-3. q-3=
q,+,+,9,9,4,18,22,q=9+9,q+4=,q=9+9. q+4=
k,//,//,7,7,9,1,0,k=7//7,k//9=,k=7//7. k//9=
j,+,//,7,6,1,13,13,j=7+6,j//1=,j=7+6. j//1=
o,//,*,7,6,3,1,3,o=7//6,o*3=,o=7//6. o*3=
d,-,+,7,4,4,3,7,d=7-4,d+4=,d=7-4. d+4=
r,//,+,5,8,1,0,1,r=5//8,r+1=,r=5//8. r+1=
j,//,*,9,1,9,9,81,j=9//1,j*9=,j=9//1. j*9=
u,//,+,4,6,7,0,7,u=4//6,u+7=,u=4//6. u+7=
l,*,-,3,9,2,27,25,l=3*9,l-2=,l=3*9. l-2=
v,+,-,9,5,7,14,7,v=9+5,v-7=,v=9+5. v-7=
o,+,*,5,1,5,6,30,o=5+1,o*5=,o=5+1. o*5=
n,+,//,2,8,7,10,1,n=2+8,n//7=,n=2+8. n//7=
p,+,//,9,4,6,13,2,p=9+4,p//6=,p=9+4. p//6=
s,*,*,3,6,2,18,36,s=3*6,s*2=,s=3*6. s*2=
e,//,*,5,4,5,1,5,e=5//4,e*5=,e=5//4. e*5=
e,//,-,5,5,7,1,-6,e=5//5,e-7=,e=5//5. e-7=
m,//,+,5,4,1,1,2,m=5//4,m+1=,m=5//4. m+1=
g,*,+,7,1,2,7,9,g=7*1,g+2=,g=7*1. g+2=
z,+,//,6,8,4,14,3,z=6+8,z//4=,z=6+8. z//4=
h,+,+,7,1,2,8,10,h=7+1,h+2=,h=7+1. h+2=
m,*,+,4,2,8,8,16,m=4*2,m+8=,m=4*2. m+8=
r,-,+,3,4,9,-1,8,r=3-4,r+9=,r=3-4. r+9=
g,+,//,9,1,6,10,1,g=9+1,g//6=,g=9+1. g//6=
k,-,//,9,4,5,5,1,k=9-4,k//5=,k=9-4. k//5=
u,+,//,3,9,5,12,2,u=3+9,u//5=,u=3+9. u//5=
v,//,//,9,5,5,1,0,v=9//5,v//5=,v=9//5. v//5=
b,+,*,5,8,2,13,26,b=5+8,b*2=,b=5+8. b*2=
k,-,-,5,7,3,-2,-5,k=5-7,k-3=,k=5-7. k-3=
l,+,*,2,2,4,4,16,l=2+2,l*4=,l=2+2. l*4=
p,-,-,9,6,5,3,-2,p=9-6,p-5=,p=9-6. p-5=
b,-,-,4,4,8,0,-8,b=4-4,b-8=,b=4-4. b-8=
x,//,-,5,2,8,2,-6,x=5//2,x-8=,x=5//2. x-8=
r,//,+,6,4,9,1,10,r=6//4,r+9=,r=6//4. r+9=
a,-,-,6,9,5,-3,-8,a=6-9,a-5=,a=6-9. a-5=
v,-,-,5,5,6,0,-6,v=5-5,v-6=,v=5-5. v-6=
s,//,//,1,2,7,0,0,s=1//2,s//7=,s=1//2. s//7=
z,-,-,5,2,1,3,2,z=5-2,z-1=,z=5-2. z-1=
l,+,+,4,1,3,5,8,l=4+1,l+3=,l=4+1. l+3=
j,//,-,8,1,3,8,5,j=8//1,j-3=,j=8//1. j-3=
q,-,*,3,1,9,2,18,q=3-1,q*9=,q=3-1. q*9=
c,-,*,6,8,3,-2,-6,c=6-8,c*3=,c=6-8. c*3=
r,*,+,4,6,9,24,33,r=4*6,r+9=,r=4*6. r+9=
o,+,-,7,1,8,8,0,o=7+1,o-8=,o=7+1. o-8=
j,+,//,9,6,7,15,2,j=9+6,j//7=,j=9+6. j//7=
v,-,//,6,8,1,-2,-2,v=6-8,v//1=,v=6-8. v//1=
z,+,//,5,9,7,14,2,z=5+9,z//7=,z=5+9. z//7=
m,*,-,5,5,5,25,20,m=5*5,m-5=,m=5*5. m-5=
d,+,*,4,2,4,6,24,d=4+2,d*4=,d=4+2. d*4=
a,//,//,9,7,9,1,0,a=9//7,a//9=,a=9//7. a//9=
g,*,-,6,7,8,42,34,g=6*7,g-8=,g=6*7. g-8=
n,//,//,4,5,2,0,0,n=4//5,n//2=,n=4//5. n//2=
e,+,+,4,2,3,6,9,e=4+2,e+3=,e=4+2. e+3=
r,*,//,1,9,5,9,1,r=1*9,r//5=,r=1*9. r//5=
x,*,//,8,9,6,72,12,x=8*9,x//6=,x=8*9. x//6=
r,*,*,9,4,6,36,216,r=9*4,r*6=,r=9*4. r*6=
y,//,*,3,8,2,0,0,y=3//8,y*2=,y=3//8. y*2=
t,-,+,9,9,5,0,5,t=9-9,t+5=,t=9-9. t+5=
p,//,*,7,4,2,1,2,p=7//4,p*2=,p=7//4. p*2=
u,//,//,2,1,1,2,2,u=2//1,u//1=,u=2//1. u//1=
l,-,+,5,6,7,-1,6,l=5-6,l+7=,l=5-6. l+7=
m,//,-,9,4,4,2,-2,m=9//4,m-4=,m=9//4. m-4=
y,+,*,6,2,4,8,32,y=6+2,y*4=,y=6+2. y*4=
g,//,+,4,1,9,4,13,g=4//1,g+9=,g=4//1. g+9=
y,+,//,3,4,1,7,7,y=3+4,y//1=,y=3+4. y//1=
m,*,//,1,1,5,1,0,m=1*1,m//5=,m=1*1. m//5=
q,-,-,1,4,3,-3,-6,q=1-4,q-3=,q=1-4. q-3=
l,//,+,5,5,3,1,4,l=5//5,l+3=,l=5//5. l+3=
g,+,*,9,1,7,10,70,g=9+1,g*7=,g=9+1. g*7=
j,+,+,6,2,9,8,17,j=6+2,j+9=,j=6+2. j+9=
q,*,+,7,4,1,28,29,q=7*4,q+1=,q=7*4. q+1=
c,+,+,5,1,5,6,11,c=5+1,c+5=,c=5+1. c+5=
n,//,//,2,5,5,0,0,n=2//5,n//5=,n=2//5. n//5=
f,//,+,6,4,3,1,4,f=6//4,f+3=,f=6//4. f+3=
n,-,//,8,8,3,0,0,n=8-8,n//3=,n=8-8. n//3=
n,-,-,3,3,8,0,-8,n=3-3,n-8=,n=3-3. n-8=
z,//,*,1,7,3,0,0,z=1//7,z*3=,z=1//7. z*3=
a,//,-,2,9,7,0,-7,a=2//9,a-7=,a=2//9. a-7=
i,-,//,5,5,3,0,0,i=5-5,i//3=,i=5-5. i//3=
w,//,*,7,7,9,1,9,w=7//7,w*9=,w=7//7. w*9=
s,+,+,8,9,6,17,23,s=8+9,s+6=,s=8+9. s+6=
d,//,*,4,4,2,1,2,d=4//4,d*2=,d=4//4. d*2=
i,*,+,7,7,8,49,57,i=7*7,i+8=,i=7*7. i+8=
f,//,//,7,3,9,2,0,f=7//3,f//9=,f=7//3. f//9=
e,-,-,9,2,4,7,3,e=9-2,e-4=,e=9-2. e-4=
l,*,+,5,3,3,15,18,l=5*3,l+3=,l=5*3. l+3=
j,+,-,3,6,8,9,1,j=3+6,j-8=,j=3+6. j-8=
z,//,*,2,9,4,0,0,z=2//9,z*4=,z=2//9. z*4=
g,*,*,3,8,4,24,96,g=3*8,g*4=,g=3*8. g*4=
o,+,//,2,1,2,3,1,o=2+1,o//2=,o=2+1. o//2=
h,+,//,3,6,9,9,1,h=3+6,h//9=,h=3+6. h//9=
w,+,-,4,4,8,8,0,w=4+4,w-8=,w=4+4. w-8=
f,-,*,4,6,4,-2,-8,f=4-6,f*4=,f=4-6. f*4=
t,//,*,9,1,6,9,54,t=9//1,t*6=,t=9//1. t*6=
y,-,*,3,6,5,-3,-15,y=3-6,y*5=,y=3-6. y*5=
i,//,-,2,8,8,0,-8,i=2//8,i-8=,i=2//8. i-8=
k,//,//,7,4,9,1,0,k=7//4,k//9=,k=7//4. k//9=
m,*,*,2,9,5,18,90,m=2*9,m*5=,m=2*9. m*5=
e,//,+,8,2,6,4,10,e=8//2,e+6=,e=8//2. e+6=
h,//,//,9,9,3,1,0,h=9//9,h//3=,h=9//9. h//3=
r,*,*,5,4,7,20,140,r=5*4,r*7=,r=5*4. r*7=
y,-,*,3,9,5,-6,-30,y=3-9,y*5=,y=3-9. y*5=
u,-,-,8,7,3,1,-2,u=8-7,u-3=,u=8-7. u-3=
e,+,+,3,7,1,10,11,e=3+7,e+1=,e=3+7. e+1=
z,-,*,4,7,9,-3,-27,z=4-7,z*9=,z=4-7. z*9=
b,-,+,1,3,4,-2,2,b=1-3,b+4=,b=1-3. b+4=
u,+,-,5,3,9,8,-1,u=5+3,u-9=,u=5+3. u-9=
u,+,//,9,5,5,14,2,u=9+5,u//5=,u=9+5. u//5=
y,//,//,9,2,2,4,2,y=9//2,y//2=,y=9//2. y//2=
n,-,*,1,9,4,-8,-32,n=1-9,n*4=,n=1-9. n*4=
l,-,*,1,8,8,-7,-56,l=1-8,l*8=,l=1-8. l*8=
v,-,+,5,9,8,-4,4,v=5-9,v+8=,v=5-9. v+8=
z,*,+,8,1,9,8,17,z=8*1,z+9=,z=8*1. z+9=
u,*,//,4,9,7,36,5,u=4*9,u//7=,u=4*9. u//7=
f,*,-,1,7,9,7,-2,f=1*7,f-9=,f=1*7. f-9=
u,//,*,8,8,7,1,7,u=8//8,u*7=,u=8//8. u*7=
t,-,//,5,2,6,3,0,t=5-2,t//6=,t=5-2. t//6=
r,*,-,7,1,9,7,-2,r=7*1,r-9=,r=7*1. r-9=
f,//,//,4,1,2,4,2,f=4//1,f//2=,f=4//1. f//2=
i,//,-,5,5,7,1,-6,i=5//5,i-7=,i=5//5. i-7=
j,*,//,1,2,1,2,2,j=1*2,j//1=,j=1*2. j//1=
c,//,*,5,2,6,2,12,c=5//2,c*6=,c=5//2. c*6=
b,*,//,5,1,8,5,0,b=5*1,b//8=,b=5*1. b//8=
g,-,-,5,1,9,4,-5,g=5-1,g-9=,g=5-1. g-9=
g,+,//,8,1,4,9,2,g=8+1,g//4=,g=8+1. g//4=
c,*,+,5,6,4,30,34,c=5*6,c+4=,c=5*6. c+4=
y,-,*,6,2,6,4,24,y=6-2,y*6=,y=6-2. y*6=
m,+,+,4,7,1,11,12,m=4+7,m+1=,m=4+7. m+1=
o,//,-,4,2,1,2,1,o=4//2,o-1=,o=4//2. o-1=
a,-,//,8,8,8,0,0,a=8-8,a//8=,a=8-8. a//8=
h,//,-,6,4,1,1,0,h=6//4,h-1=,h=6//4. h-1=
r,*,//,4,5,2,20,10,r=4*5,r//2=,r=4*5. r//2=
x,-,//,8,1,9,7,0,x=8-1,x//9=,x=8-1. x//9=
o,-,+,1,6,1,-5,-4,o=1-6,o+1=,o=1-6. o+1=
a,//,+,4,2,3,2,5,a=4//2,a+3=,a=4//2. a+3=
b,//,-,2,2,6,1,-5,b=2//2,b-6=,b=2//2. b-6=
g,+,+,3,7,2,10,12,g=3+7,g+2=,g=3+7. g+2=
z,-,+,4,3,8,1,9,z=4-3,z+8=,z=4-3. z+8=
t,*,//,3,5,6,15,2,t=3*5,t//6=,t=3*5. t//6=
s,//,-,6,1,5,6,1,s=6//1,s-5=,s=6//1. s-5=
y,//,+,7,6,5,1,6,y=7//6,y+5=,y=7//6. y+5=
x,-,//,2,9,7,-7,-1,x=2-9,x//7=,x=2-9. x//7=
b,+,-,3,2,8,5,-3,b=3+2,b-8=,b=3+2. b-8=
d,*,*,3,4,6,12,72,d=3*4,d*6=,d=3*4. d*6=
b,//,-,9,4,8,2,-6,b=9//4,b-8=,b=9//4. b-8=
f,-,+,5,5,8,0,8,f=5-5,f+8=,f=5-5. f+8=
k,+,-,5,5,8,10,2,k=5+5,k-8=,k=5+5. k-8=
i,//,-,1,1,6,1,-5,i=1//1,i-6=,i=1//1. i-6=
w,+,*,4,2,8,6,48,w=4+2,w*8=,w=4+2. w*8=
e,*,+,4,8,7,32,39,e=4*8,e+7=,e=4*8. e+7=
u,+,*,5,5,8,10,80,u=5+5,u*8=,u=5+5. u*8=
m,*,+,1,4,4,4,8,m=1*4,m+4=,m=1*4. m+4=
p,*,-,4,2,3,8,5,p=4*2,p-3=,p=4*2. p-3=
l,*,+,4,7,9,28,37,l=4*7,l+9=,l=4*7. l+9=
w,//,-,1,3,5,0,-5,w=1//3,w-5=,w=1//3. w-5=
c,//,//,2,6,3,0,0,c=2//6,c//3=,c=2//6. c//3=
b,+,*,3,7,1,10,10,b=3+7,b*1=,b=3+7. b*1=
p,*,//,3,2,8,6,0,p=3*2,p//8=,p=3*2. p//8=
s,+,*,9,8,6,17,102,s=9+8,s*6=,s=9+8. s*6=
y,*,-,4,4,9,16,7,y=4*4,y-9=,y=4*4. y-9=
d,//,-,3,3,4,1,-3,d=3//3,d-4=,d=3//3. d-4=
v,//,+,2,2,1,1,2,v=2//2,v+1=,v=2//2. v+1=
e,//,+,2,6,9,0,9,e=2//6,e+9=,e=2//6. e+9=
l,+,-,7,6,9,13,4,l=7+6,l-9=,l=7+6. l-9=
u,+,//,6,3,3,9,3,u=6+3,u//3=,u=6+3. u//3=
k,-,-,4,7,5,-3,-8,k=4-7,k-5=,k=4-7. k-5=
v,//,+,8,9,8,0,8,v=8//9,v+8=,v=8//9. v+8=
w,*,-,9,5,7,45,38,w=9*5,w-7=,w=9*5. w-7=
o,*,//,9,1,3,9,3,o=9*1,o//3=,o=9*1. o//3=
z,-,//,8,3,7,5,0,z=8-3,z//7=,z=8-3. z//7=
c,//,-,7,6,6,1,-5,c=7//6,c-6=,c=7//6. c-6=
x,//,+,9,4,9,2,11,x=9//4,x+9=,x=9//4. x+9=
q,+,+,1,8,9,9,18,q=1+8,q+9=,q=1+8. q+9=
q,//,//,9,3,8,3,0,q=9//3,q//8=,q=9//3. q//8=
x,+,+,7,4,4,11,15,x=7+4,x+4=,x=7+4. x+4=
q,+,-,3,1,7,4,-3,q=3+1,q-7=,q=3+1. q-7=
g,+,*,7,7,5,14,70,g=7+7,g*5=,g=7+7. g*5=
n,//,//,1,8,5,0,0,n=1//8,n//5=,n=1//8. n//5=
i,-,+,8,2,6,6,12,i=8-2,i+6=,i=8-2. i+6=
i,+,-,5,2,9,7,-2,i=5+2,i-9=,i=5+2. i-9=
l,*,-,4,8,9,32,23,l=4*8,l-9=,l=4*8. l-9=
w,//,+,6,1,5,6,11,w=6//1,w+5=,w=6//1. w+5=
x,-,//,7,8,3,-1,-1,x=7-8,x//3=,x=7-8. x//3=
p,//,+,8,6,1,1,2,p=8//6,p+1=,p=8//6. p+1=
j,+,//,2,6,4,8,2,j=2+6,j//4=,j=2+6. j//4=
i,*,-,9,5,1,45,44,i=9*5,i-1=,i=9*5. i-1=
x,+,//,4,1,5,5,1,x=4+1,x//5=,x=4+1. x//5=
z,+,*,2,6,3,8,24,z=2+6,z*3=,z=2+6. z*3=
v,//,+,9,2,7,4,11,v=9//2,v+7=,v=9//2. v+7=
m,//,//,8,5,3,1,0,m=8//5,m//3=,m=8//5. m//3=
h,//,-,9,6,4,1,-3,h=9//6,h-4=,h=9//6. h-4=
j,//,//,7,8,4,0,0,j=7//8,j//4=,j=7//8. j//4=
n,+,+,9,5,2,14,16,n=9+5,n+2=,n=9+5. n+2=
m,//,+,8,6,7,1,8,m=8//6,m+7=,m=8//6. m+7=
z,//,//,4,4,8,1,0,z=4//4,z//8=,z=4//4. z//8=
z,//,//,8,7,1,1,1,z=8//7,z//1=,z=8//7. z//1=
c,*,*,8,1,9,8,72,c=8*1,c*9=,c=8*1. c*9=
o,-,*,3,7,3,-4,-12,o=3-7,o*3=,o=3-7. o*3=
v,*,//,2,3,9,6,0,v=2*3,v//9=,v=2*3. v//9=
h,*,*,5,3,9,15,135,h=5*3,h*9=,h=5*3. h*9=
x,*,-,6,3,9,18,9,x=6*3,x-9=,x=6*3. x-9=
f,-,//,9,3,7,6,0,f=9-3,f//7=,f=9-3. f//7=
q,*,+,7,7,3,49,52,q=7*7,q+3=,q=7*7. q+3=
f,//,+,1,2,9,0,9,f=1//2,f+9=,f=1//2. f+9=
s,//,*,7,3,6,2,12,s=7//3,s*6=,s=7//3. s*6=
a,*,-,2,8,3,16,13,a=2*8,a-3=,a=2*8. a-3=
b,*,*,2,6,6,12,72,b=2*6,b*6=,b=2*6. b*6=
b,//,+,2,9,7,0,7,b=2//9,b+7=,b=2//9. b+7=
a,-,*,5,1,5,4,20,a=5-1,a*5=,a=5-1. a*5=
g,+,-,1,6,1,7,6,g=1+6,g-1=,g=1+6. g-1=
f,-,*,9,5,8,4,32,f=9-5,f*8=,f=9-5. f*8=
j,-,//,2,2,5,0,0,j=2-2,j//5=,j=2-2. j//5=
a,*,+,9,8,3,72,75,a=9*8,a+3=,a=9*8. a+3=
t,*,+,9,1,7,9,16,t=9*1,t+7=,t=9*1. t+7=
t,//,+,1,2,9,0,9,t=1//2,t+9=,t=1//2. t+9=
c,+,-,9,3,9,12,3,c=9+3,c-9=,c=9+3. c-9=
g,-,*,8,1,4,7,28,g=8-1,g*4=,g=8-1. g*4=
v,//,-,1,6,5,0,-5,v=1//6,v-5=,v=1//6. v-5=
c,-,-,3,6,9,-3,-12,c=3-6,c-9=,c=3-6. c-9=
y,//,+,1,3,6,0,6,y=1//3,y+6=,y=1//3. y+6=
q,//,+,3,1,1,3,4,q=3//1,q+1=,q=3//1. q+1=
o,-,-,1,7,2,-6,-8,o=1-7,o-2=,o=1-7. o-2=
v,-,//,9,9,7,0,0,v=9-9,v//7=,v=9-9. v//7=
c,-,//,5,3,8,2,0,c=5-3,c//8=,c=5-3. c//8=
m,-,//,8,6,8,2,0,m=8-6,m//8=,m=8-6. m//8=
y,//,*,1,7,1,0,0,y=1//7,y*1=,y=1//7. y*1=
j,-,+,8,5,3,3,6,j=8-5,j+3=,j=8-5. j+3=
s,//,*,2,8,9,0,0,s=2//8,s*9=,s=2//8. s*9=
n,*,-,7,4,6,28,22,n=7*4,n-6=,n=7*4. n-6=
w,+,//,4,8,7,12,1,w=4+8,w//7=,w=4+8. w//7=
s,*,-,3,2,5,6,1,s=3*2,s-5=,s=3*2. s-5=
t,*,//,9,1,7,9,1,t=9*1,t//7=,t=9*1. t//7=
z,//,-,6,9,3,0,-3,z=6//9,z-3=,z=6//9. z-3=
g,+,+,7,4,9,11,20,g=7+4,g+9=,g=7+4. g+9=
e,//,//,6,8,2,0,0,e=6//8,e//2=,e=6//8. e//2=
b,-,-,3,5,8,-2,-10,b=3-5,b-8=,b=3-5. b-8=
c,*,*,8,3,7,24,168,c=8*3,c*7=,c=8*3. c*7=
x,-,+,3,4,7,-1,6,x=3-4,x+7=,x=3-4. x+7=
y,//,+,1,4,1,0,1,y=1//4,y+1=,y=1//4. y+1=
p,-,*,4,1,7,3,21,p=4-1,p*7=,p=4-1. p*7=
p,-,*,6,5,2,1,2,p=6-5,p*2=,p=6-5. p*2=
m,*,*,1,5,5,5,25,m=1*5,m*5=,m=1*5. m*5=
j,//,//,2,8,5,0,0,j=2//8,j//5=,j=2//8. j//5=
x,//,+,8,6,8,1,9,x=8//6,x+8=,x=8//6. x+8=
h,-,-,7,6,7,1,-6,h=7-6,h-7=,h=7-6. h-7=
y,//,+,9,1,3,9,12,y=9//1,y+3=,y=9//1. y+3=
v,//,//,7,4,7,1,0,v=7//4,v//7=,v=7//4. v//7=
o,-,//,5,1,9,4,0,o=5-1,o//9=,o=5-1. o//9=
r,//,*,8,7,5,1,5,r=8//7,r*5=,r=8//7. r*5=
s,+,//,3,2,7,5,0,s=3+2,s//7=,s=3+2. s//7=
u,*,*,6,5,1,30,30,u=6*5,u*1=,u=6*5. u*1=
k,*,//,1,5,3,5,1,k=1*5,k//3=,k=1*5. k//3=
g,-,+,9,9,7,0,7,g=9-9,g+7=,g=9-9. g+7=
w,-,//,2,4,4,-2,-1,w=2-4,w//4=,w=2-4. w//4=
t,*,-,5,9,2,45,43,t=5*9,t-2=,t=5*9. t-2=
v,*,//,2,6,1,12,12,v=2*6,v//1=,v=2*6. v//1=
o,-,//,1,7,4,-6,-2,o=1-7,o//4=,o=1-7. o//4=
p,//,-,9,3,6,3,-3,p=9//3,p-6=,p=9//3. p-6=
j,-,+,6,3,8,3,11,j=6-3,j+8=,j=6-3. j+8=
z,-,-,8,6,4,2,-2,z=8-6,z-4=,z=8-6. z-4=
n,+,-,5,2,9,7,-2,n=5+2,n-9=,n=5+2. n-9=
q,-,-,5,3,4,2,-2,q=5-3,q-4=,q=5-3. q-4=
r,-,//,8,6,5,2,0,r=8-6,r//5=,r=8-6. r//5=
y,-,//,4,2,1,2,2,y=4-2,y//1=,y=4-2. y//1=
j,//,+,7,6,5,1,6,j=7//6,j+5=,j=7//6. j+5=
u,-,-,4,3,2,1,-1,u=4-3,u-2=,u=4-3. u-2=
w,*,*,9,1,9,9,81,w=9*1,w*9=,w=9*1. w*9=
u,*,*,2,5,9,10,90,u=2*5,u*9=,u=2*5. u*9=
c,+,-,1,8,3,9,6,c=1+8,c-3=,c=1+8. c-3=
v,+,*,5,8,2,13,26,v=5+8,v*2=,v=5+8. v*2=
u,-,-,8,5,4,3,-1,u=8-5,u-4=,u=8-5. u-4=
r,*,*,3,9,9,27,243,r=3*9,r*9=,r=3*9. r*9=
i,+,*,2,3,2,5,10,i=2+3,i*2=,i=2+3. i*2=
u,*,//,6,4,5,24,4,u=6*4,u//5=,u=6*4. u//5=
z,-,*,2,7,6,-5,-30,z=2-7,z*6=,z=2-7. z*6=
a,+,*,9,1,9,10,90,a=9+1,a*9=,a=9+1. a*9=
f,//,+,8,7,1,1,2,f=8//7,f+1=,f=8//7. f+1=
b,//,//,9,3,9,3,0,b=9//3,b//9=,b=9//3. b//9=
z,*,+,2,9,5,18,23,z=2*9,z+5=,z=2*9. z+5=
o,//,*,1,1,4,1,4,o=1//1,o*4=,o=1//1. o*4=
c,//,*,5,6,4,0,0,c=5//6,c*4=,c=5//6. c*4=
t,*,+,7,9,9,63,72,t=7*9,t+9=,t=7*9. t+9=
b,//,//,9,7,9,1,0,b=9//7,b//9=,b=9//7. b//9=
m,*,+,5,1,1,5,6,m=5*1,m+1=,m=5*1. m+1=
l,+,-,9,7,4,16,12,l=9+7,l-4=,l=9+7. l-4=
d,*,-,6,7,9,42,33,d=6*7,d-9=,d=6*7. d-9=
c,+,-,5,5,7,10,3,c=5+5,c-7=,c=5+5. c-7=
q,+,//,8,5,1,13,13,q=8+5,q//1=,q=8+5. q//1=
w,//,//,6,7,5,0,0,w=6//7,w//5=,w=6//7. w//5=
d,//,//,8,8,4,1,0,d=8//8,d//4=,d=8//8. d//4=
m,//,-,5,9,2,0,-2,m=5//9,m-2=,m=5//9. m-2=
x,*,//,7,3,2,21,10,x=7*3,x//2=,x=7*3. x//2=
q,//,//,3,4,6,0,0,q=3//4,q//6=,q=3//4. q//6=
p,*,+,8,4,4,32,36,p=8*4,p+4=,p=8*4. p+4=
l,*,//,8,6,7,48,6,l=8*6,l//7=,l=8*6. l//7=
g,-,*,4,1,2,3,6,g=4-1,g*2=,g=4-1. g*2=
t,-,+,5,6,1,-1,0,t=5-6,t+1=,t=5-6. t+1=
i,-,-,1,5,9,-4,-13,i=1-5,i-9=,i=1-5. i-9=
o,-,+,4,2,3,2,5,o=4-2,o+3=,o=4-2. o+3=
f,//,//,7,6,8,1,0,f=7//6,f//8=,f=7//6. f//8=
s,*,*,8,8,8,64,512,s=8*8,s*8=,s=8*8. s*8=
f,-,//,3,7,8,-4,-1,f=3-7,f//8=,f=3-7. f//8=
o,+,*,5,4,4,9,36,o=5+4,o*4=,o=5+4. o*4=
u,-,*,2,2,2,0,0,u=2-2,u*2=,u=2-2. u*2=
s,*,*,4,9,6,36,216,s=4*9,s*6=,s=4*9. s*6=
w,-,*,3,3,8,0,0,w=3-3,w*8=,w=3-3. w*8=
y,*,*,3,1,8,3,24,y=3*1,y*8=,y=3*1. y*8=
j,-,-,9,8,5,1,-4,j=9-8,j-5=,j=9-8. j-5=
j,//,-,2,2,4,1,-3,j=2//2,j-4=,j=2//2. j-4=
p,//,-,3,5,1,0,-1,p=3//5,p-1=,p=3//5. p-1=
p,*,*,8,3,3,24,72,p=8*3,p*3=,p=8*3. p*3=
q,+,*,1,9,1,10,10,q=1+9,q*1=,q=1+9. q*1=
l,-,*,2,8,9,-6,-54,l=2-8,l*9=,l=2-8. l*9=
c,*,+,4,9,5,36,41,c=4*9,c+5=,c=4*9. c+5=
a,*,+,8,4,4,32,36,a=8*4,a+4=,a=8*4. a+4=
c,+,//,3,7,5,10,2,c=3+7,c//5=,c=3+7. c//5=
y,*,*,1,2,3,2,6,y=1*2,y*3=,y=1*2. y*3=
d,+,*,3,2,1,5,5,d=3+2,d*1=,d=3+2. d*1=
g,-,*,3,6,5,-3,-15,g=3-6,g*5=,g=3-6. g*5=
h,//,*,5,5,4,1,4,h=5//5,h*4=,h=5//5. h*4=
y,*,//,2,4,4,8,2,y=2*4,y//4=,y=2*4. y//4=
w,+,-,5,6,8,11,3,w=5+6,w-8=,w=5+6. w-8=
o,*,*,4,7,1,28,28,o=4*7,o*1=,o=4*7. o*1=
i,*,+,7,7,9,49,58,i=7*7,i+9=,i=7*7. i+9=
n,+,//,3,5,9,8,0,n=3+5,n//9=,n=3+5. n//9=
d,//,+,6,4,2,1,3,d=6//4,d+2=,d=6//4. d+2=
h,*,-,3,9,3,27,24,h=3*9,h-3=,h=3*9. h-3=
x,//,//,9,2,4,4,1,x=9//2,x//4=,x=9//2. x//4=
l,-,//,9,2,8,7,0,l=9-2,l//8=,l=9-2. l//8=
t,+,+,8,9,7,17,24,t=8+9,t+7=,t=8+9. t+7=
i,-,+,4,9,7,-5,2,i=4-9,i+7=,i=4-9. i+7=
z,+,*,8,2,7,10,70,z=8+2,z*7=,z=8+2. z*7=
o,//,*,4,8,5,0,0,o=4//8,o*5=,o=4//8. o*5=
c,+,-,1,6,2,7,5,c=1+6,c-2=,c=1+6. c-2=
u,//,//,1,5,4,0,0,u=1//5,u//4=,u=1//5. u//4=
v,-,*,3,9,9,-6,-54,v=3-9,v*9=,v=3-9. v*9=
l,+,*,3,2,4,5,20,l=3+2,l*4=,l=3+2. l*4=
m,*,-,7,1,2,7,5,m=7*1,m-2=,m=7*1. m-2=
t,*,//,7,6,2,42,21,t=7*6,t//2=,t=7*6. t//2=
n,*,*,4,6,6,24,144,n=4*6,n*6=,n=4*6. n*6=
s,*,-,7,7,6,49,43,s=7*7,s-6=,s=7*7. s-6=
a,-,*,7,8,1,-1,-1,a=7-8,a*1=,a=7-8. a*1=
h,//,-,3,3,8,1,-7,h=3//3,h-8=,h=3//3. h-8=
l,//,//,2,6,9,0,0,l=2//6,l//9=,l=2//6. l//9=
p,-,+,9,5,9,4,13,p=9-5,p+9=,p=9-5. p+9=
w,-,+,2,7,2,-5,-3,w=2-7,w+2=,w=2-7. w+2=
t,*,-,2,6,1,12,11,t=2*6,t-1=,t=2*6. t-1=
a,-,//,9,8,8,1,0,a=9-8,a//8=,a=9-8. a//8=
q,*,*,1,4,5,4,20,q=1*4,q*5=,q=1*4. q*5=
d,//,+,9,6,8,1,9,d=9//6,d+8=,d=9//6. d+8=
n,-,-,4,3,6,1,-5,n=4-3,n-6=,n=4-3. n-6=
y,//,+,3,3,1,1,2,y=3//3,y+1=,y=3//3. y+1=
z,+,+,3,9,4,12,16,z=3+9,z+4=,z=3+9. z+4=
x,*,*,5,2,6,10,60,x=5*2,x*6=,x=5*2. x*6=
a,//,//,6,1,4,6,1,a=6//1,a//4=,a=6//1. a//4=
d,-,//,7,7,4,0,0,d=7-7,d//4=,d=7-7. d//4=
u,*,//,1,5,3,5,1,u=1*5,u//3=,u=1*5. u//3=
v,+,-,5,8,3,13,10,v=5+8,v-3=,v=5+8. v-3=
g,//,-,2,7,9,0,-9,g=2//7,g-9=,g=2//7. g-9=
m,+,-,6,5,1,11,10,m=6+5,m-1=,m=6+5. m-1=
p,*,//,4,5,8,20,2,p=4*5,p//8=,p=4*5. p//8=
m,+,//,8,9,9,17,1,m=8+9,m//9=,m=8+9. m//9=
l,//,-,6,5,8,1,-7,l=6//5,l-8=,l=6//5. l-8=
v,-,+,2,7,5,-5,0,v=2-7,v+5=,v=2-7. v+5=
q,*,+,7,6,9,42,51,q=7*6,q+9=,q=7*6. q+9=
n,*,+,8,7,3,56,59,n=8*7,n+3=,n=8*7. n+3=
y,//,*,2,4,5,0,0,y=2//4,y*5=,y=2//4. y*5=
h,+,//,3,8,4,11,2,h=3+8,h//4=,h=3+8. h//4=
r,-,*,9,6,5,3,15,r=9-6,r*5=,r=9-6. r*5=
v,-,*,4,1,5,3,15,v=4-1,v*5=,v=4-1. v*5=
q,-,-,4,6,1,-2,-3,q=4-6,q-1=,q=4-6. q-1=
g,*,//,2,6,6,12,2,g=2*6,g//6=,g=2*6. g//6=
x,+,-,2,9,9,11,2,x=2+9,x-9=,x=2+9. x-9=
n,*,*,7,9,5,63,315,n=7*9,n*5=,n=7*9. n*5=
v,+,*,9,5,6,14,84,v=9+5,v*6=,v=9+5. v*6=
x,*,//,7,9,6,63,10,x=7*9,x//6=,x=7*9. x//6=
a,*,-,4,2,4,8,4,a=4*2,a-4=,a=4*2. a-4=
k,-,//,8,3,1,5,5,k=8-3,k//1=,k=8-3. k//1=
c,*,+,3,9,2,27,29,c=3*9,c+2=,c=3*9. c+2=
a,//,+,8,9,9,0,9,a=8//9,a+9=,a=8//9. a+9=
f,+,//,5,1,1,6,6,f=5+1,f//1=,f=5+1. f//1=
e,*,+,1,8,5,8,13,e=1*8,e+5=,e=1*8. e+5=
o,+,*,6,3,8,9,72,o=6+3,o*8=,o=6+3. o*8=
c,*,+,2,9,2,18,20,c=2*9,c+2=,c=2*9. c+2=
l,//,+,3,4,5,0,5,l=3//4,l+5=,l=3//4. l+5=
x,//,+,3,5,9,0,9,x=3//5,x+9=,x=3//5. x+9=
y,+,-,6,7,4,13,9,y=6+7,y-4=,y=6+7. y-4=
k,*,-,9,5,8,45,37,k=9*5,k-8=,k=9*5. k-8=
i,//,*,1,6,2,0,0,i=1//6,i*2=,i=1//6. i*2=
l,*,//,3,9,9,27,3,l=3*9,l//9=,l=3*9. l//9=
n,*,//,6,4,6,24,4,n=6*4,n//6=,n=6*4. n//6=
b,-,*,7,7,9,0,0,b=7-7,b*9=,b=7-7. b*9=
s,+,+,4,7,3,11,14,s=4+7,s+3=,s=4+7. s+3=
r,*,//,7,9,4,63,15,r=7*9,r//4=,r=7*9. r//4=
p,+,-,6,5,6,11,5,p=6+5,p-6=,p=6+5. p-6=
q,*,*,8,4,8,32,256,q=8*4,q*8=,q=8*4. q*8=
r,//,//,1,8,8,0,0,r=1//8,r//8=,r=1//8. r//8=
r,+,+,4,2,4,6,10,r=4+2,r+4=,r=4+2. r+4=
r,-,-,9,6,4,3,-1,r=9-6,r-4=,r=9-6. r-4=
p,+,-,1,2,7,3,-4,p=1+2,p-7=,p=1+2. p-7=
z,+,*,1,8,1,9,9,z=1+8,z*1=,z=1+8. z*1=
s,-,+,8,6,5,2,7,s=8-6,s+5=,s=8-6. s+5=
a,*,*,3,6,9,18,162,a=3*6,a*9=,a=3*6. a*9=
z,//,//,9,6,2,1,0,z=9//6,z//2=,z=9//6. z//2=
n,//,-,9,9,4,1,-3,n=9//9,n-4=,n=9//9. n-4=
g,*,+,2,8,2,16,18,g=2*8,g+2=,g=2*8. g+2=
n,*,-,7,4,2,28,26,n=7*4,n-2=,n=7*4. n-2=
l,*,//,3,2,4,6,1,l=3*2,l//4=,l=3*2. l//4=
w,*,-,3,8,1,24,23,w=3*8,w-1=,w=3*8. w-1=
v,*,*,4,2,6,8,48,v=4*2,v*6=,v=4*2. v*6=
p,*,+,5,6,7,30,37,p=5*6,p+7=,p=5*6. p+7=
d,+,//,5,9,7,14,2,d=5+9,d//7=,d=5+9. d//7=
f,+,//,2,5,3,7,2,f=2+5,f//3=,f=2+5. f//3=
r,*,*,8,1,3,8,24,r=8*1,r*3=,r=8*1. r*3=
y,//,//,7,2,6,3,0,y=7//2,y//6=,y=7//2. y//6=
i,+,+,9,5,8,14,22,i=9+5,i+8=,i=9+5. i+8=
o,-,//,1,2,6,-1,-1,o=1-2,o//6=,o=1-2. o//6=
p,//,*,4,3,9,1,9,p=4//3,p*9=,p=4//3. p*9=
e,*,-,1,8,2,8,6,e=1*8,e-2=,e=1*8. e-2=
a,+,//,1,7,7,8,1,a=1+7,a//7=,a=1+7. a//7=
s,*,-,1,7,8,7,-1,s=1*7,s-8=,s=1*7. s-8=
j,//,*,8,1,2,8,16,j=8//1,j*2=,j=8//1. j*2=
x,-,*,4,8,4,-4,-16,x=4-8,x*4=,x=4-8. x*4=
h,//,*,7,2,8,3,24,h=7//2,h*8=,h=7//2. h*8=
s,-,+,8,7,8,1,9,s=8-7,s+8=,s=8-7. s+8=
r,//,-,3,3,3,1,-2,r=3//3,r-3=,r=3//3. r-3=
o,+,-,4,9,3,13,10,o=4+9,o-3=,o=4+9. o-3=
z,*,//,4,3,9,12,1,z=4*3,z//9=,z=4*3. z//9=
k,-,*,9,6,3,3,9,k=9-6,k*3=,k=9-6. k*3=
t,*,-,6,7,2,42,40,t=6*7,t-2=,t=6*7. t-2=
x,+,+,7,9,8,16,24,x=7+9,x+8=,x=7+9. x+8=
r,-,//,3,9,2,-6,-3,r=3-9,r//2=,r=3-9. r//2=
d,-,+,7,3,7,4,11,d=7-3,d+7=,d=7-3. d+7=
b,+,//,1,7,3,8,2,b=1+7,b//3=,b=1+7. b//3=
v,+,+,4,3,3,7,10,v=4+3,v+3=,v=4+3. v+3=
n,//,//,3,5,2,0,0,n=3//5,n//2=,n=3//5. n//2=
d,+,-,5,4,3,9,6,d=5+4,d-3=,d=5+4. d-3=
t,//,//,6,1,2,6,3,t=6//1,t//2=,t=6//1. t//2=
q,-,-,7,2,9,5,-4,q=7-2,q-9=,q=7-2. q-9=
u,*,-,3,4,8,12,4,u=3*4,u-8=,u=3*4. u-8=
k,-,+,2,9,2,-7,-5,k=2-9,k+2=,k=2-9. k+2=
y,//,-,1,2,5,0,-5,y=1//2,y-5=,y=1//2. y-5=
x,//,-,8,3,4,2,-2,x=8//3,x-4=,x=8//3. x-4=
l,+,*,1,4,7,5,35,l=1+4,l*7=,l=1+4. l*7=
e,*,//,6,7,7,42,6,e=6*7,e//7=,e=6*7. e//7=
t,+,//,3,7,5,10,2,t=3+7,t//5=,t=3+7. t//5=
o,*,+,7,7,8,49,57,o=7*7,o+8=,o=7*7. o+8=
b,-,//,9,6,6,3,0,b=9-6,b//6=,b=9-6. b//6=
m,-,//,5,5,2,0,0,m=5-5,m//2=,m=5-5. m//2=
y,+,-,2,2,3,4,1,y=2+2,y-3=,y=2+2. y-3=
m,//,-,7,7,8,1,-7,m=7//7,m-8=,m=7//7. m-8=
y,-,*,8,6,3,2,6,y=8-6,y*3=,y=8-6. y*3=
e,*,*,2,3,5,6,30,e=2*3,e*5=,e=2*3. e*5=
h,+,+,6,9,6,15,21,h=6+9,h+6=,h=6+9. h+6=
f,*,*,4,3,4,12,48,f=4*3,f*4=,f=4*3. f*4=
g,-,//,6,5,7,1,0,g=6-5,g//7=,g=6-5. g//7=
z,*,*,3,1,5,3,15,z=3*1,z*5=,z=3*1. z*5=
a,*,-,8,9,5,72,67,a=8*9,a-5=,a=8*9. a-5=
q,-,+,7,5,8,2,10,q=7-5,q+8=,q=7-5. q+8=
w,+,//,7,8,7,15,2,w=7+8,w//7=,w=7+8. w//7=
m,+,+,4,8,6,12,18,m=4+8,m+6=,m=4+8. m+6=
h,-,+,3,4,6,-1,5,h=3-4,h+6=,h=3-4. h+6=
e,//,-,2,3,7,0,-7,e=2//3,e-7=,e=2//3. e-7=
f,+,//,7,8,9,15,1,f=7+8,f//9=,f=7+8. f//9=
y,*,*,8,6,6,48,288,y=8*6,y*6=,y=8*6. y*6=
c,+,*,7,8,1,15,15,c=7+8,c*1=,c=7+8. c*1=
r,//,+,8,4,8,2,10,r=8//4,r+8=,r=8//4. r+8=
b,//,//,6,7,1,0,0,b=6//7,b//1=,b=6//7. b//1=
w,+,*,4,8,3,12,36,w=4+8,w*3=,w=4+8. w*3=
z,-,-,7,7,3,0,-3,z=7-7,z-3=,z=7-7. z-3=
u,//,*,3,3,8,1,8,u=3//3,u*8=,u=3//3. u*8=
j,//,-,1,8,7,0,-7,j=1//8,j-7=,j=1//8. j-7=
u,//,*,2,1,1,2,2,u=2//1,u*1=,u=2//1. u*1=
j,-,//,7,3,8,4,0,j=7-3,j//8=,j=7-3. j//8=
y,-,-,8,7,7,1,-6,y=8-7,y-7=,y=8-7. y-7=
l,*,*,7,5,7,35,245,l=7*5,l*7=,l=7*5. l*7=
w,//,*,2,4,1,0,0,w=2//4,w*1=,w=2//4. w*1=
j,//,*,1,1,6,1,6,j=1//1,j*6=,j=1//1. j*6=
l,*,*,2,7,9,14,126,l=2*7,l*9=,l=2*7. l*9=
i,+,+,3,8,9,11,20,i=3+8,i+9=,i=3+8. i+9=
z,*,-,2,9,3,18,15,z=2*9,z-3=,z=2*9. z-3=
a,-,+,4,7,8,-3,5,a=4-7,a+8=,a=4-7. a+8=
l,//,+,4,8,3,0,3,l=4//8,l+3=,l=4//8. l+3=
y,//,//,1,2,8,0,0,y=1//2,y//8=,y=1//2. y//8=
k,//,*,3,8,4,0,0,k=3//8,k*4=,k=3//8. k*4=
d,*,-,8,1,7,8,1,d=8*1,d-7=,d=8*1. d-7=
y,*,*,9,4,6,36,216,y=9*4,y*6=,y=9*4. y*6=
i,//,//,3,6,9,0,0,i=3//6,i//9=,i=3//6. i//9=
i,-,+,2,3,1,-1,0,i=2-3,i+1=,i=2-3. i+1=
z,+,+,3,1,2,4,6,z=3+1,z+2=,z=3+1. z+2=
g,-,-,1,4,1,-3,-4,g=1-4,g-1=,g=1-4. g-1=
s,*,-,1,8,9,8,-1,s=1*8,s-9=,s=1*8. s-9=
v,-,-,7,9,1,-2,-3,v=7-9,v-1=,v=7-9. v-1=
b,*,*,7,9,1,63,63,b=7*9,b*1=,b=7*9. b*1=
m,//,//,2,8,4,0,0,m=2//8,m//4=,m=2//8. m//4=
x,*,//,6,4,1,24,24,x=6*4,x//1=,x=6*4. x//1=
b,*,*,8,6,3,48,144,b=8*6,b*3=,b=8*6. b*3=
j,+,//,6,7,1,13,13,j=6+7,j//1=,j=6+7. j//1=
e,*,-,8,9,8,72,64,e=8*9,e-8=,e=8*9. e-8=
t,*,//,3,6,6,18,3,t=3*6,t//6=,t=3*6. t//6=
o,-,-,6,4,6,2,-4,o=6-4,o-6=,o=6-4. o-6=
f,*,-,4,3,8,12,4,f=4*3,f-8=,f=4*3. f-8=
q,//,-,4,2,7,2,-5,q=4//2,q-7=,q=4//2. q-7=
j,*,-,1,6,1,6,5,j=1*6,j-1=,j=1*6. j-1=
j,*,-,9,2,7,18,11,j=9*2,j-7=,j=9*2. j-7=
b,-,-,5,7,4,-2,-6,b=5-7,b-4=,b=5-7. b-4=
f,+,*,7,2,6,9,54,f=7+2,f*6=,f=7+2. f*6=
x,*,*,3,6,7,18,126,x=3*6,x*7=,x=3*6. x*7=
t,//,//,7,9,2,0,0,t=7//9,t//2=,t=7//9. t//2=
h,+,*,3,2,4,5,20,h=3+2,h*4=,h=3+2. h*4=
s,*,-,8,8,8,64,56,s=8*8,s-8=,s=8*8. s-8=
f,+,*,4,4,3,8,24,f=4+4,f*3=,f=4+4. f*3=
o,-,*,2,8,9,-6,-54,o=2-8,o*9=,o=2-8. o*9=
a,//,-,2,1,1,2,1,a=2//1,a-1=,a=2//1. a-1=
f,-,*,1,8,4,-7,-28,f=1-8,f*4=,f=1-8. f*4=
a,+,*,9,3,1,12,12,a=9+3,a*1=,a=9+3. a*1=
a,//,+,1,8,1,0,1,a=1//8,a+1=,a=1//8. a+1=
l,*,-,4,8,4,32,28,l=4*8,l-4=,l=4*8. l-4=
e,//,*,8,5,9,1,9,e=8//5,e*9=,e=8//5. e*9=
r,//,*,7,5,4,1,4,r=7//5,r*4=,r=7//5. r*4=
n,//,+,3,6,7,0,7,n=3//6,n+7=,n=3//6. n+7=
f,//,//,2,1,6,2,0,f=2//1,f//6=,f=2//1. f//6=
q,-,+,7,6,8,1,9,q=7-6,q+8=,q=7-6. q+8=
h,-,*,2,7,1,-5,-5,h=2-7,h*1=,h=2-7. h*1=
m,-,*,3,6,5,-3,-15,m=3-6,m*5=,m=3-6. m*5=
n,+,//,8,6,1,14,14,n=8+6,n//1=,n=8+6. n//1=
q,+,+,9,5,5,14,19,q=9+5,q+5=,q=9+5. q+5=
r,+,+,8,7,1,15,16,r=8+7,r+1=,r=8+7. r+1=
b,//,-,6,3,1,2,1,b=6//3,b-1=,b=6//3. b-1=
b,-,//,5,2,9,3,0,b=5-2,b//9=,b=5-2. b//9=
c,*,+,3,9,8,27,35,c=3*9,c+8=,c=3*9. c+8=
d,*,//,3,7,6,21,3,d=3*7,d//6=,d=3*7. d//6=
o,+,*,4,3,4,7,28,o=4+3,o*4=,o=4+3. o*4=
m,+,//,2,6,2,8,4,m=2+6,m//2=,m=2+6. m//2=
h,//,*,8,5,9,1,9,h=8//5,h*9=,h=8//5. h*9=
g,//,*,4,5,1,0,0,g=4//5,g*1=,g=4//5. g*1=
i,*,//,4,1,1,4,4,i=4*1,i//1=,i=4*1. i//1=
g,*,+,3,4,4,12,16,g=3*4,g+4=,g=3*4. g+4=
i,*,-,7,2,8,14,6,i=7*2,i-8=,i=7*2. i-8=
q,//,//,8,9,4,0,0,q=8//9,q//4=,q=8//9. q//4=
b,*,-,3,6,6,18,12,b=3*6,b-6=,b=3*6. b-6=
p,+,+,9,3,5,12,17,p=9+3,p+5=,p=9+3. p+5=
v,+,+,4,5,5,9,14,v=4+5,v+5=,v=4+5. v+5=
a,-,+,6,6,8,0,8,a=6-6,a+8=,a=6-6. a+8=
z,*,*,3,3,9,9,81,z=3*3,z*9=,z=3*3. z*9=
y,+,*,7,9,4,16,64,y=7+9,y*4=,y=7+9. y*4=
t,//,//,7,1,6,7,1,t=7//1,t//6=,t=7//1. t//6=
e,-,-,1,6,3,-5,-8,e=1-6,e-3=,e=1-6. e-3=
y,-,-,9,7,3,2,-1,y=9-7,y-3=,y=9-7. y-3=
d,//,*,2,4,3,0,0,d=2//4,d*3=,d=2//4. d*3=
k,//,-,4,8,1,0,-1,k=4//8,k-1=,k=4//8. k-1=
x,-,//,9,2,9,7,0,x=9-2,x//9=,x=9-2. x//9=
t,+,*,9,1,5,10,50,t=9+1,t*5=,t=9+1. t*5=
i,+,*,2,4,2,6,12,i=2+4,i*2=,i=2+4. i*2=
t,*,//,5,9,4,45,11,t=5*9,t//4=,t=5*9. t//4=
x,-,//,3,8,7,-5,-1,x=3-8,x//7=,x=3-8. x//7=
c,//,+,5,1,5,5,10,c=5//1,c+5=,c=5//1. c+5=
z,+,-,1,8,6,9,3,z=1+8,z-6=,z=1+8. z-6=
p,*,+,9,1,8,9,17,p=9*1,p+8=,p=9*1. p+8=
e,*,-,7,2,6,14,8,e=7*2,e-6=,e=7*2. e-6=
f,-,*,2,4,8,-2,-16,f=2-4,f*8=,f=2-4. f*8=
b,*,-,1,2,3,2,-1,b=1*2,b-3=,b=1*2. b-3=
a,-,+,4,1,6,3,9,a=4-1,a+6=,a=4-1. a+6=
z,//,-,5,2,1,2,1,z=5//2,z-1=,z=5//2. z-1=
b,//,//,4,6,9,0,0,b=4//6,b//9=,b=4//6. b//9=
d,*,*,3,9,1,27,27,d=3*9,d*1=,d=3*9. d*1=
h,*,-,8,7,9,56,47,h=8*7,h-9=,h=8*7. h-9=
q,//,-,7,2,3,3,0,q=7//2,q-3=,q=7//2. q-3=
z,*,+,5,8,4,40,44,z=5*8,z+4=,z=5*8. z+4=
t,+,*,8,4,2,12,24,t=8+4,t*2=,t=8+4. t*2=
n,-,+,9,4,4,5,9,n=9-4,n+4=,n=9-4. n+4=
s,//,//,2,3,1,0,0,s=2//3,s//1=,s=2//3. s//1=
u,+,*,6,5,5,11,55,u=6+5,u*5=,u=6+5. u*5=
y,+,*,6,4,7,10,70,y=6+4,y*7=,y=6+4. y*7=
i,*,-,1,4,2,4,2,i=1*4,i-2=,i=1*4. i-2=
z,-,//,2,1,8,1,0,z=2-1,z//8=,z=2-1. z//8=
o,+,//,2,9,8,11,1,o=2+9,o//8=,o=2+9. o//8=
n,+,+,5,5,5,10,15,n=5+5,n+5=,n=5+5. n+5=
r,//,+,2,2,9,1,10,r=2//2,r+9=,r=2//2. r+9=
h,*,*,1,1,2,1,2,h=1*1,h*2=,h=1*1. h*2=
f,+,+,6,5,1,11,12,f=6+5,f+1=,f=6+5. f+1=
o,-,-,7,4,3,3,0,o=7-4,o-3=,o=7-4. o-3=
y,*,-,5,4,9,20,11,y=5*4,y-9=,y=5*4. y-9=
n,*,-,1,7,9,7,-2,n=1*7,n-9=,n=1*7. n-9=
g,-,-,9,5,9,4,-5,g=9-5,g-9=,g=9-5. g-9=
r,//,//,5,5,5,1,0,r=5//5,r//5=,r=5//5. r//5=
e,*,*,5,3,8,15,120,e=5*3,e*8=,e=5*3. e*8=
c,*,+,7,4,6,28,34,c=7*4,c+6=,c=7*4. c+6=
v,+,//,6,4,7,10,1,v=6+4,v//7=,v=6+4. v//7=
q,*,*,2,4,6,8,48,q=2*4,q*6=,q=2*4. q*6=
k,//,-,2,9,5,0,-5,k=2//9,k-5=,k=2//9. k-5=
g,-,*,4,7,6,-3,-18,g=4-7,g*6=,g=4-7. g*6=
e,//,//,5,5,3,1,0,e=5//5,e//3=,e=5//5. e//3=
a,//,-,6,1,1,6,5,a=6//1,a-1=,a=6//1. a-1=
p,*,//,4,6,5,24,4,p=4*6,p//5=,p=4*6. p//5=
f,+,//,4,3,2,7,3,f=4+3,f//2=,f=4+3. f//2=
d,*,-,9,3,8,27,19,d=9*3,d-8=,d=9*3. d-8=
c,//,*,3,3,2,1,2,c=3//3,c*2=,c=3//3. c*2=
k,+,-,3,5,1,8,7,k=3+5,k-1=,k=3+5. k-1=
q,-,+,9,9,6,0,6,q=9-9,q+6=,q=9-9. q+6=
v,//,-,3,5,1,0,-1,v=3//5,v-1=,v=3//5. v-1=
u,-,*,1,5,4,-4,-16,u=1-5,u*4=,u=1-5. u*4=
k,//,-,7,7,3,1,-2,k=7//7,k-3=,k=7//7. k-3=
m,*,*,8,8,9,64,576,m=8*8,m*9=,m=8*8. m*9=
l,//,*,3,4,6,0,0,l=3//4,l*6=,l=3//4. l*6=
a,*,//,9,9,4,81,20,a=9*9,a//4=,a=9*9. a//4=
p,+,-,9,2,8,11,3,p=9+2,p-8=,p=9+2. p-8=
i,+,+,5,9,4,14,18,i=5+9,i+4=,i=5+9. i+4=
t,+,*,2,5,5,7,35,t=2+5,t*5=,t=2+5. t*5=
m,//,//,7,3,6,2,0,m=7//3,m//6=,m=7//3. m//6=
m,*,//,7,3,1,21,21,m=7*3,m//1=,m=7*3. m//1=
i,//,-,9,8,5,1,-4,i=9//8,i-5=,i=9//8. i-5=
p,*,-,7,4,3,28,25,p=7*4,p-3=,p=7*4. p-3=
n,*,//,2,4,8,8,1,n=2*4,n//8=,n=2*4. n//8=
i,-,+,4,1,3,3,6,i=4-1,i+3=,i=4-1. i+3=
f,*,//,1,9,2,9,4,f=1*9,f//2=,f=1*9. f//2=
c,-,+,7,3,9,4,13,c=7-3,c+9=,c=7-3. c+9=
p,//,-,2,8,4,0,-4,p=2//8,p-4=,p=2//8. p-4=
z,//,-,3,2,2,1,-1,z=3//2,z-2=,z=3//2. z-2=
b,+,*,6,4,6,10,60,b=6+4,b*6=,b=6+4. b*6=
k,+,*,3,2,5,5,25,k=3+2,k*5=,k=3+2. k*5=
v,//,*,9,2,3,4,12,v=9//2,v*3=,v=9//2. v*3=
i,*,-,1,3,4,3,-1,i=1*3,i-4=,i=1*3. i-4=
j,+,-,4,8,7,12,5,j=4+8,j-7=,j=4+8. j-7=
a,-,+,2,9,7,-7,0,a=2-9,a+7=,a=2-9. a+7=
s,//,*,2,6,8,0,0,s=2//6,s*8=,s=2//6. s*8=
n,//,//,7,8,7,0,0,n=7//8,n//7=,n=7//8. n//7=
k,//,*,5,1,4,5,20,k=5//1,k*4=,k=5//1. k*4=
r,//,*,5,5,5,1,5,r=5//5,r*5=,r=5//5. r*5=
q,+,//,1,7,5,8,1,q=1+7,q//5=,q=1+7. q//5=
l,*,//,8,7,8,56,7,l=8*7,l//8=,l=8*7. l//8=
a,//,//,6,8,6,0,0,a=6//8,a//6=,a=6//8. a//6=
h,-,-,5,6,7,-1,-8,h=5-6,h-7=,h=5-6. h-7=
v,-,//,4,5,2,-1,-1,v=4-5,v//2=,v=4-5. v//2=
c,-,-,7,8,7,-1,-8,c=7-8,c-7=,c=7-8. c-7=
p,//,-,7,5,4,1,-3,p=7//5,p-4=,p=7//5. p-4=
r,//,*,8,3,1,2,2,r=8//3,r*1=,r=8//3. r*1=
z,+,+,8,2,8,10,18,z=8+2,z+8=,z=8+2. z+8=
r,*,+,4,8,7,32,39,r=4*8,r+7=,r=4*8. r+7=
a,-,+,7,6,2,1,3,a=7-6,a+2=,a=7-6. a+2=
q,-,*,4,7,5,-3,-15,q=4-7,q*5=,q=4-7. q*5=
n,//,//,9,3,6,3,0,n=9//3,n//6=,n=9//3. n//6=
w,-,-,7,1,4,6,2,w=7-1,w-4=,w=7-1. w-4=
j,//,*,5,9,7,0,0,j=5//9,j*7=,j=5//9. j*7=
o,//,+,4,7,9,0,9,o=4//7,o+9=,o=4//7. o+9=
o,-,+,8,8,8,0,8,o=8-8,o+8=,o=8-8. o+8=
h,-,//,6,3,2,3,1,h=6-3,h//2=,h=6-3. h//2=
o,*,-,3,4,4,12,8,o=3*4,o-4=,o=3*4. o-4=
b,*,-,2,2,4,4,0,b=2*2,b-4=,b=2*2. b-4=
l,//,-,9,3,6,3,-3,l=9//3,l-6=,l=9//3. l-6=
u,//,-,8,1,3,8,5,u=8//1,u-3=,u=8//1. u-3=
z,-,//,8,6,6,2,0,z=8-6,z//6=,z=8-6. z//6=
a,*,-,3,2,9,6,-3,a=3*2,a-9=,a=3*2. a-9=
g,//,+,8,1,9,8,17,g=8//1,g+9=,g=8//1. g+9=
n,-,//,5,7,2,-2,-1,n=5-7,n//2=,n=5-7. n//2=
x,-,+,4,6,8,-2,6,x=4-6,x+8=,x=4-6. x+8=
o,+,-,3,9,3,12,9,o=3+9,o-3=,o=3+9. o-3=
o,//,-,6,7,9,0,-9,o=6//7,o-9=,o=6//7. o-9=
b,*,-,3,1,5,3,-2,b=3*1,b-5=,b=3*1. b-5=
d,-,*,8,5,2,3,6,d=8-5,d*2=,d=8-5. d*2=
e,+,+,6,7,7,13,20,e=6+7,e+7=,e=6+7. e+7=
x,//,+,7,3,3,2,5,x=7//3,x+3=,x=7//3. x+3=
a,//,//,5,2,2,2,1,a=5//2,a//2=,a=5//2. a//2=
x,+,+,7,2,3,9,12,x=7+2,x+3=,x=7+2. x+3=
z,+,*,3,9,5,12,60,z=3+9,z*5=,z=3+9. z*5=
u,//,-,7,6,9,1,-8,u=7//6,u-9=,u=7//6. u-9=
c,//,-,6,5,5,1,-4,c=6//5,c-5=,c=6//5. c-5=
d,//,//,2,1,5,2,0,d=2//1,d//5=,d=2//1. d//5=
h,-,-,3,4,4,-1,-5,h=3-4,h-4=,h=3-4. h-4=
q,//,-,5,7,2,0,-2,q=5//7,q-2=,q=5//7. q-2=
z,-,-,7,9,4,-2,-6,z=7-9,z-4=,z=7-9. z-4=
l,-,+,7,1,7,6,13,l=7-1,l+7=,l=7-1. l+7=
t,+,//,5,4,5,9,1,t=5+4,t//5=,t=5+4. t//5=
s,*,+,2,2,5,4,9,s=2*2,s+5=,s=2*2. s+5=
q,//,//,1,1,1,1,1,q=1//1,q//1=,q=1//1. q//1=
f,//,//,6,1,9,6,0,f=6//1,f//9=,f=6//1. f//9=
j,*,//,3,4,4,12,3,j=3*4,j//4=,j=3*4. j//4=
a,+,*,6,9,1,15,15,a=6+9,a*1=,a=6+9. a*1=
q,//,//,8,8,4,1,0,q=8//8,q//4=,q=8//8. q//4=
t,-,*,3,1,9,2,18,t=3-1,t*9=,t=3-1. t*9=
b,*,//,2,7,8,14,1,b=2*7,b//8=,b=2*7. b//8=
q,*,*,5,5,4,25,100,q=5*5,q*4=,q=5*5. q*4=
k,*,//,6,9,3,54,18,k=6*9,k//3=,k=6*9. k//3=
i,*,+,1,6,5,6,11,i=1*6,i+5=,i=1*6. i+5=
f,*,//,5,7,3,35,11,f=5*7,f//3=,f=5*7. f//3=
y,+,*,7,6,9,13,117,y=7+6,y*9=,y=7+6. y*9=
w,-,-,2,9,8,-7,-15,w=2-9,w-8=,w=2-9. w-8=
j,+,*,8,3,8,11,88,j=8+3,j*8=,j=8+3. j*8=
r,*,//,5,7,6,35,5,r=5*7,r//6=,r=5*7. r//6=
i,-,//,5,2,8,3,0,i=5-2,i//8=,i=5-2. i//8=
t,-,+,4,8,7,-4,3,t=4-8,t+7=,t=4-8. t+7=
o,+,+,8,1,8,9,17,o=8+1,o+8=,o=8+1. o+8=
j,*,//,1,6,6,6,1,j=1*6,j//6=,j=1*6. j//6=
x,*,-,4,1,7,4,-3,x=4*1,x-7=,x=4*1. x-7=
n,-,+,4,8,6,-4,2,n=4-8,n+6=,n=4-8. n+6=
t,+,*,5,3,6,8,48,t=5+3,t*6=,t=5+3. t*6=
z,-,*,5,8,6,-3,-18,z=5-8,z*6=,z=5-8. z*6=
k,*,+,3,9,9,27,36,k=3*9,k+9=,k=3*9. k+9=
u,//,//,1,6,1,0,0,u=1//6,u//1=,u=1//6. u//1=
z,*,-,9,7,9,63,54,z=9*7,z-9=,z=9*7. z-9=
s,+,//,6,4,4,10,2,s=6+4,s//4=,s=6+4. s//4=
x,//,+,7,8,5,0,5,x=7//8,x+5=,x=7//8. x+5=
b,-,+,9,4,6,5,11,b=9-4,b+6=,b=9-4. b+6=
c,+,//,7,5,2,12,6,c=7+5,c//2=,c=7+5. c//2=
j,-,-,4,6,3,-2,-5,j=4-6,j-3=,j=4-6. j-3=
z,+,//,7,8,4,15,3,z=7+8,z//4=,z=7+8. z//4=
o,//,-,1,9,7,0,-7,o=1//9,o-7=,o=1//9. o-7=
v,-,//,6,5,1,1,1,v=6-5,v//1=,v=6-5. v//1=
f,//,+,9,9,1,1,2,f=9//9,f+1=,f=9//9. f+1=
i,//,//,5,1,3,5,1,i=5//1,i//3=,i=5//1. i//3=
k,*,-,1,4,7,4,-3,k=1*4,k-7=,k=1*4. k-7=
a,+,-,8,1,3,9,6,a=8+1,a-3=,a=8+1. a-3=
z,+,-,9,1,6,10,4,z=9+1,z-6=,z=9+1. z-6=
a,//,-,9,9,2,1,-1,a=9//9,a-2=,a=9//9. a-2=
r,*,+,2,7,3,14,17,r=2*7,r+3=,r=2*7. r+3=
y,-,-,8,6,7,2,-5,y=8-6,y-7=,y=8-6. y-7=
i,*,-,9,9,6,81,75,i=9*9,i-6=,i=9*9. i-6=
y,*,+,4,2,5,8,13,y=4*2,y+5=,y=4*2. y+5=
j,-,*,1,5,6,-4,-24,j=1-5,j*6=,j=1-5. j*6=
y,+,*,9,8,4,17,68,y=9+8,y*4=,y=9+8. y*4=
q,+,+,4,7,9,11,20,q=4+7,q+9=,q=4+7. q+9=
n,-,//,3,7,3,-4,-2,n=3-7,n//3=,n=3-7. n//3=
k,+,+,8,7,5,15,20,k=8+7,k+5=,k=8+7. k+5=
j,*,//,6,7,6,42,7,j=6*7,j//6=,j=6*7. j//6=
c,//,+,6,7,2,0,2,c=6//7,c+2=,c=6//7. c+2=
h,-,//,2,7,7,-5,-1,h=2-7,h//7=,h=2-7. h//7=
c,-,+,4,6,9,-2,7,c=4-6,c+9=,c=4-6. c+9=
h,+,-,4,7,3,11,8,h=4+7,h-3=,h=4+7. h-3=
x,+,-,3,6,6,9,3,x=3+6,x-6=,x=3+6. x-6=
n,+,+,3,9,8,12,20,n=3+9,n+8=,n=3+9. n+8=
c,*,//,4,7,9,28,3,c=4*7,c//9=,c=4*7. c//9=
u,-,+,4,4,5,0,5,u=4-4,u+5=,u=4-4. u+5=
v,-,-,3,1,1,2,1,v=3-1,v-1=,v=3-1. v-1=
a,*,*,1,8,1,8,8,a=1*8,a*1=,a=1*8. a*1=
f,-,-,6,8,9,-2,-11,f=6-8,f-9=,f=6-8. f-9=
t,//,+,5,7,1,0,1,t=5//7,t+1=,t=5//7. t+1=
t,-,+,7,9,7,-2,5,t=7-9,t+7=,t=7-9. t+7=
l,-,//,3,9,4,-6,-2,l=3-9,l//4=,l=3-9. l//4=
n,-,-,2,9,8,-7,-15,n=2-9,n-8=,n=2-9. n-8=
e,*,-,8,5,3,40,37,e=8*5,e-3=,e=8*5. e-3=
u,*,*,1,2,4,2,8,u=1*2,u*4=,u=1*2. u*4=
q,+,-,4,8,3,12,9,q=4+8,q-3=,q=4+8. q-3=
n,+,+,2,6,9,8,17,n=2+6,n+9=,n=2+6. n+9=
n,//,*,6,6,9,1,9,n=6//6,n*9=,n=6//6. n*9=
p,*,//,5,1,7,5,0,p=5*1,p//7=,p=5*1. p//7=
f,*,*,7,2,7,14,98,f=7*2,f*7=,f=7*2. f*7=
i,+,*,6,9,6,15,90,i=6+9,i*6=,i=6+9. i*6=
g,-,-,7,3,7,4,-3,g=7-3,g-7=,g=7-3. g-7=
f,+,+,3,5,4,8,12,f=3+5,f+4=,f=3+5. f+4=
d,//,+,5,5,7,1,8,d=5//5,d+7=,d=5//5. d+7=
k,-,//,2,6,5,-4,-1,k=2-6,k//5=,k=2-6. k//5=
c,//,-,2,9,8,0,-8,c=2//9,c-8=,c=2//9. c-8=
u,*,//,4,6,3,24,8,u=4*6,u//3=,u=4*6. u//3=
f,+,//,9,8,4,17,4,f=9+8,f//4=,f=9+8. f//4=
o,*,+,1,6,3,6,9,o=1*6,o+3=,o=1*6. o+3=
n,-,-,3,9,4,-6,-10,n=3-9,n-4=,n=3-9. n-4=
h,-,-,1,5,9,-4,-13,h=1-5,h-9=,h=1-5. h-9=
r,+,//,8,5,9,13,1,r=8+5,r//9=,r=8+5. r//9=
o,*,+,2,8,1,16,17,o=2*8,o+1=,o=2*8. o+1=
l,*,+,5,6,2,30,32,l=5*6,l+2=,l=5*6. l+2=
x,+,*,5,2,5,7,35,x=5+2,x*5=,x=5+2. x*5=
k,-,//,2,9,8,-7,-1,k=2-9,k//8=,k=2-9. k//8=
c,+,//,3,8,1,11,11,c=3+8,c//1=,c=3+8. c//1=
t,*,//,6,7,2,42,21,t=6*7,t//2=,t=6*7. t//2=
u,+,*,3,5,2,8,16,u=3+5,u*2=,u=3+5. u*2=
k,*,-,4,8,4,32,28,k=4*8,k-4=,k=4*8. k-4=
a,//,+,4,3,3,1,4,a=4//3,a+3=,a=4//3. a+3=
f,+,//,7,3,8,10,1,f=7+3,f//8=,f=7+3. f//8=
j,-,*,9,7,6,2,12,j=9-7,j*6=,j=9-7. j*6=
k,*,*,9,6,8,54,432,k=9*6,k*8=,k=9*6. k*8=
h,-,+,5,2,7,3,10,h=5-2,h+7=,h=5-2. h+7=
c,-,//,6,5,9,1,0,c=6-5,c//9=,c=6-5. c//9=
h,+,-,3,1,4,4,0,h=3+1,h-4=,h=3+1. h-4=
i,//,//,1,6,1,0,0,i=1//6,i//1=,i=1//6. i//1=
a,+,//,5,9,5,14,2,a=5+9,a//5=,a=5+9. a//5=
r,+,//,3,2,9,5,0,r=3+2,r//9=,r=3+2. r//9=
z,*,//,7,5,2,35,17,z=7*5,z//2=,z=7*5. z//2=
i,//,+,7,1,7,7,14,i=7//1,i+7=,i=7//1. i+7=
z,*,*,2,6,4,12,48,z=2*6,z*4=,z=2*6. z*4=
d,-,-,5,8,6,-3,-9,d=5-8,d-6=,d=5-8. d-6=
e,//,+,8,2,3,4,7,e=8//2,e+3=,e=8//2. e+3=
c,+,-,2,1,3,3,0,c=2+1,c-3=,c=2+1. c-3=
a,+,//,2,7,7,9,1,a=2+7,a//7=,a=2+7. a//7=
b,-,+,9,8,6,1,7,b=9-8,b+6=,b=9-8. b+6=
u,+,-,7,9,4,16,12,u=7+9,u-4=,u=7+9. u-4=
s,*,*,4,8,8,32,256,s=4*8,s*8=,s=4*8. s*8=
o,*,*,4,5,7,20,140,o=4*5,o*7=,o=4*5. o*7=
h,-,*,8,5,7,3,21,h=8-5,h*7=,h=8-5. h*7=
e,//,//,4,9,8,0,0,e=4//9,e//8=,e=4//9. e//8=
a,//,-,6,6,5,1,-4,a=6//6,a-5=,a=6//6. a-5=
p,-,//,6,5,2,1,0,p=6-5,p//2=,p=6-5. p//2=
t,-,+,5,1,3,4,7,t=5-1,t+3=,t=5-1. t+3=
b,//,-,4,3,1,1,0,b=4//3,b-1=,b=4//3. b-1=
r,+,+,5,9,9,14,23,r=5+9,r+9=,r=5+9. r+9=
a,+,//,8,9,7,17,2,a=8+9,a//7=,a=8+9. a//7=
f,+,//,2,5,1,7,7,f=2+5,f//1=,f=2+5. f//1=
t,//,//,7,9,9,0,0,t=7//9,t//9=,t=7//9. t//9=
p,+,-,6,5,8,11,3,p=6+5,p-8=,p=6+5. p-8=
e,-,//,9,2,4,7,1,e=9-2,e//4=,e=9-2. e//4=
z,*,*,6,2,3,12,36,z=6*2,z*3=,z=6*2. z*3=
m,-,-,9,9,8,0,-8,m=9-9,m-8=,m=9-9. m-8=
y,*,-,6,1,2,6,4,y=6*1,y-2=,y=6*1. y-2=
r,-,+,9,9,2,0,2,r=9-9,r+2=,r=9-9. r+2=
l,-,//,9,4,2,5,2,l=9-4,l//2=,l=9-4. l//2=
h,+,*,8,1,8,9,72,h=8+1,h*8=,h=8+1. h*8=
z,-,//,3,3,9,0,0,z=3-3,z//9=,z=3-3. z//9=
x,-,//,2,5,2,-3,-2,x=2-5,x//2=,x=2-5. x//2=
i,*,*,8,7,4,56,224,i=8*7,i*4=,i=8*7. i*4=
n,-,+,1,3,8,-2,6,n=1-3,n+8=,n=1-3. n+8=
r,*,+,4,6,6,24,30,r=4*6,r+6=,r=4*6. r+6=
o,-,+,1,5,9,-4,5,o=1-5,o+9=,o=1-5. o+9=
v,*,//,8,8,4,64,16,v=8*8,v//4=,v=8*8. v//4=
y,*,+,6,5,8,30,38,y=6*5,y+8=,y=6*5. y+8=
v,-,-,4,9,7,-5,-12,v=4-9,v-7=,v=4-9. v-7=
f,-,-,8,1,7,7,0,f=8-1,f-7=,f=8-1. f-7=
g,-,//,1,1,6,0,0,g=1-1,g//6=,g=1-1. g//6=
e,//,+,4,2,2,2,4,e=4//2,e+2=,e=4//2. e+2=
z,+,*,9,2,4,11,44,z=9+2,z*4=,z=9+2. z*4=
q,*,//,6,4,9,24,2,q=6*4,q//9=,q=6*4. q//9=
s,-,+,6,6,2,0,2,s=6-6,s+2=,s=6-6. s+2=
z,+,//,1,1,7,2,0,z=1+1,z//7=,z=1+1. z//7=
h,//,//,3,1,5,3,0,h=3//1,h//5=,h=3//1. h//5=
g,//,-,7,6,7,1,-6,g=7//6,g-7=,g=7//6. g-7=
n,-,-,1,3,3,-2,-5,n=1-3,n-3=,n=1-3. n-3=
z,+,//,2,4,8,6,0,z=2+4,z//8=,z=2+4. z//8=
m,//,+,5,9,2,0,2,m=5//9,m+2=,m=5//9. m+2=
c,+,*,1,6,1,7,7,c=1+6,c*1=,c=1+6. c*1=
w,*,//,2,3,4,6,1,w=2*3,w//4=,w=2*3. w//4=
p,+,*,7,9,4,16,64,p=7+9,p*4=,p=7+9. p*4=
m,*,+,4,1,1,4,5,m=4*1,m+1=,m=4*1. m+1=
q,+,-,6,1,1,7,6,q=6+1,q-1=,q=6+1. q-1=
m,+,*,1,7,9,8,72,m=1+7,m*9=,m=1+7. m*9=
f,*,*,4,5,4,20,80,f=4*5,f*4=,f=4*5. f*4=
v,-,//,5,5,4,0,0,v=5-5,v//4=,v=5-5. v//4=
b,*,-,7,4,2,28,26,b=7*4,b-2=,b=7*4. b-2=
v,//,-,4,5,9,0,-9,v=4//5,v-9=,v=4//5. v-9=
a,+,-,3,2,8,5,-3,a=3+2,a-8=,a=3+2. a-8=
j,-,*,3,3,6,0,0,j=3-3,j*6=,j=3-3. j*6=
f,//,+,8,2,2,4,6,f=8//2,f+2=,f=8//2. f+2=
b,//,-,2,5,8,0,-8,b=2//5,b-8=,b=2//5. b-8=
o,*,//,8,4,9,32,3,o=8*4,o//9=,o=8*4. o//9=
j,-,+,1,7,2,-6,-4,j=1-7,j+2=,j=1-7. j+2=
r,*,//,8,1,4,8,2,r=8*1,r//4=,r=8*1. r//4=
q,+,-,9,4,6,13,7,q=9+4,q-6=,q=9+4. q-6=
r,//,//,4,3,2,1,0,r=4//3,r//2=,r=4//3. r//2=
g,*,-,9,2,3,18,15,g=9*2,g-3=,g=9*2. g-3=
q,+,+,1,5,4,6,10,q=1+5,q+4=,q=1+5. q+4=
w,+,+,9,6,6,15,21,w=9+6,w+6=,w=9+6. w+6=
u,-,*,1,7,6,-6,-36,u=1-7,u*6=,u=1-7. u*6=
q,*,*,1,9,3,9,27,q=1*9,q*3=,q=1*9. q*3=
z,+,*,1,1,9,2,18,z=1+1,z*9=,z=1+1. z*9=
o,//,-,2,6,6,0,-6,o=2//6,o-6=,o=2//6. o-6=
e,//,+,3,5,1,0,1,e=3//5,e+1=,e=3//5. e+1=
b,*,//,8,2,8,16,2,b=8*2,b//8=,b=8*2. b//8=
r,//,//,9,5,3,1,0,r=9//5,r//3=,r=9//5. r//3=
n,//,*,9,6,6,1,6,n=9//6,n*6=,n=9//6. n*6=
f,+,+,6,6,9,12,21,f=6+6,f+9=,f=6+6. f+9=
l,-,+,1,4,8,-3,5,l=1-4,l+8=,l=1-4. l+8=
v,*,-,2,6,6,12,6,v=2*6,v-6=,v=2*6. v-6=
k,+,//,7,5,5,12,2,k=7+5,k//5=,k=7+5. k//5=
h,+,*,3,5,3,8,24,h=3+5,h*3=,h=3+5. h*3=
k,+,*,4,3,7,7,49,k=4+3,k*7=,k=4+3. k*7=
j,//,//,7,1,7,7,1,j=7//1,j//7=,j=7//1. j//7=
l,-,-,3,9,3,-6,-9,l=3-9,l-3=,l=3-9. l-3=
p,*,*,4,6,3,24,72,p=4*6,p*3=,p=4*6. p*3=
n,*,-,9,6,2,54,52,n=9*6,n-2=,n=9*6. n-2=
w,+,-,2,3,3,5,2,w=2+3,w-3=,w=2+3. w-3=
c,+,//,5,6,4,11,2,c=5+6,c//4=,c=5+6. c//4=
o,-,*,7,8,9,-1,-9,o=7-8,o*9=,o=7-8. o*9=
o,-,*,7,5,7,2,14,o=7-5,o*7=,o=7-5. o*7=
y,//,-,6,7,2,0,-2,y=6//7,y-2=,y=6//7. y-2=
n,-,+,3,6,6,-3,3,n=3-6,n+6=,n=3-6. n+6=
e,+,-,6,1,9,7,-2,e=6+1,e-9=,e=6+1. e-9=
v,*,-,6,9,7,54,47,v=6*9,v-7=,v=6*9. v-7=
q,*,*,7,6,3,42,126,q=7*6,q*3=,q=7*6. q*3=
e,-,-,4,5,3,-1,-4,e=4-5,e-3=,e=4-5. e-3=
y,*,*,1,5,3,5,15,y=1*5,y*3=,y=1*5. y*3=
z,//,//,9,9,5,1,0,z=9//9,z//5=,z=9//9. z//5=
h,-,//,9,4,2,5,2,h=9-4,h//2=,h=9-4. h//2=
u,+,*,6,2,5,8,40,u=6+2,u*5=,u=6+2. u*5=
t,*,*,1,1,3,1,3,t=1*1,t*3=,t=1*1. t*3=
y,*,+,3,2,9,6,15,y=3*2,y+9=,y=3*2. y+9=
h,*,-,2,7,1,14,13,h=2*7,h-1=,h=2*7. h-1=
j,-,//,4,8,4,-4,-1,j=4-8,j//4=,j=4-8. j//4=
n,//,+,4,2,7,2,9,n=4//2,n+7=,n=4//2. n+7=
f,*,*,6,1,3,6,18,f=6*1,f*3=,f=6*1. f*3=
y,//,*,1,3,3,0,0,y=1//3,y*3=,y=1//3. y*3=
f,*,*,2,4,5,8,40,f=2*4,f*5=,f=2*4. f*5=
u,//,-,2,3,7,0,-7,u=2//3,u-7=,u=2//3. u-7=
w,//,//,5,9,4,0,0,w=5//9,w//4=,w=5//9. w//4=
c,+,//,5,4,8,9,1,c=5+4,c//8=,c=5+4. c//8=
h,-,*,5,6,3,-1,-3,h=5-6,h*3=,h=5-6. h*3=
n,*,-,6,9,4,54,50,n=6*9,n-4=,n=6*9. n-4=
q,*,-,1,9,4,9,5,q=1*9,q-4=,q=1*9. q-4=
f,+,*,2,6,8,8,64,f=2+6,f*8=,f=2+6. f*8=
z,+,//,8,5,7,13,1,z=8+5,z//7=,z=8+5. z//7=
m,//,-,9,3,5,3,-2,m=9//3,m-5=,m=9//3. m-5=
d,-,-,6,4,5,2,-3,d=6-4,d-5=,d=6-4. d-5=
k,-,//,5,7,6,-2,-1,k=5-7,k//6=,k=5-7. k//6=
m,+,+,2,3,2,5,7,m=2+3,m+2=,m=2+3. m+2=
c,*,+,2,4,2,8,10,c=2*4,c+2=,c=2*4. c+2=
k,+,-,6,9,3,15,12,k=6+9,k-3=,k=6+9. k-3=
x,*,*,4,8,7,32,224,x=4*8,x*7=,x=4*8. x*7=
f,*,-,2,3,5,6,1,f=2*3,f-5=,f=2*3. f-5=
w,-,-,5,2,6,3,-3,w=5-2,w-6=,w=5-2. w-6=
n,+,*,5,5,2,10,20,n=5+5,n*2=,n=5+5. n*2=
j,+,+,4,1,3,5,8,j=4+1,j+3=,j=4+1. j+3=
m,-,+,1,7,4,-6,-2,m=1-7,m+4=,m=1-7. m+4=
c,*,-,9,5,2,45,43,c=9*5,c-2=,c=9*5. c-2=
l,//,+,9,7,1,1,2,l=9//7,l+1=,l=9//7. l+1=
p,-,+,4,6,1,-2,-1,p=4-6,p+1=,p=4-6. p+1=
l,//,*,1,9,4,0,0,l=1//9,l*4=,l=1//9. l*4=
a,*,//,2,2,8,4,0,a=2*2,a//8=,a=2*2. a//8=
a,//,*,1,5,6,0,0,a=1//5,a*6=,a=1//5. a*6=
d,+,*,6,7,5,13,65,d=6+7,d*5=,d=6+7. d*5=
s,-,*,5,7,2,-2,-4,s=5-7,s*2=,s=5-7. s*2=
j,-,*,3,1,7,2,14,j=3-1,j*7=,j=3-1. j*7=
l,+,-,6,6,5,12,7,l=6+6,l-5=,l=6+6. l-5=
l,+,//,4,3,5,7,1,l=4+3,l//5=,l=4+3. l//5=
h,-,+,4,5,1,-1,0,h=4-5,h+1=,h=4-5. h+1=
z,+,*,9,4,2,13,26,z=9+4,z*2=,z=9+4. z*2=
t,*,//,3,5,1,15,15,t=3*5,t//1=,t=3*5. t//1=
s,//,+,3,3,3,1,4,s=3//3,s+3=,s=3//3. s+3=
h,-,*,5,9,2,-4,-8,h=5-9,h*2=,h=5-9. h*2=
g,//,//,4,2,3,2,0,g=4//2,g//3=,g=4//2. g//3=
n,//,+,8,2,1,4,5,n=8//2,n+1=,n=8//2. n+1=
b,-,//,2,3,4,-1,-1,b=2-3,b//4=,b=2-3. b//4=
b,//,//,5,8,5,0,0,b=5//8,b//5=,b=5//8. b//5=
c,*,-,7,4,7,28,21,c=7*4,c-7=,c=7*4. c-7=
g,-,+,7,5,6,2,8,g=7-5,g+6=,g=7-5. g+6=
b,//,*,5,9,7,0,0,b=5//9,b*7=,b=5//9. b*7=
s,-,-,4,4,4,0,-4,s=4-4,s-4=,s=4-4. s-4=
y,*,*,8,7,2,56,112,y=8*7,y*2=,y=8*7. y*2=
q,//,//,5,6,6,0,0,q=5//6,q//6=,q=5//6. q//6=
y,*,*,5,5,2,25,50,y=5*5,y*2=,y=5*5. y*2=
y,+,*,7,6,4,13,52,y=7+6,y*4=,y=7+6. y*4=
g,+,*,3,6,6,9,54,g=3+6,g*6=,g=3+6. g*6=
j,//,//,8,3,1,2,2,j=8//3,j//1=,j=8//3. j//1=
r,+,//,6,9,4,15,3,r=6+9,r//4=,r=6+9. r//4=
n,*,*,2,4,4,8,32,n=2*4,n*4=,n=2*4. n*4=
t,*,*,6,1,7,6,42,t=6*1,t*7=,t=6*1. t*7=
b,*,*,9,8,7,72,504,b=9*8,b*7=,b=9*8. b*7=
p,-,*,4,7,6,-3,-18,p=4-7,p*6=,p=4-7. p*6=
f,+,*,9,2,4,11,44,f=9+2,f*4=,f=9+2. f*4=
q,*,//,7,9,3,63,21,q=7*9,q//3=,q=7*9. q//3=
k,//,-,9,4,8,2,-6,k=9//4,k-8=,k=9//4. k-8=
v,//,*,2,7,3,0,0,v=2//7,v*3=,v=2//7. v*3=
n,+,*,1,6,8,7,56,n=1+6,n*8=,n=1+6. n*8=
q,+,*,4,6,9,10,90,q=4+6,q*9=,q=4+6. q*9=
s,-,*,5,7,1,-2,-2,s=5-7,s*1=,s=5-7. s*1=
m,//,//,6,3,5,2,0,m=6//3,m//5=,m=6//3. m//5=
r,-,-,1,9,5,-8,-13,r=1-9,r-5=,r=1-9. r-5=
w,-,*,6,4,2,2,4,w=6-4,w*2=,w=6-4. w*2=
r,*,*,8,8,2,64,128,r=8*8,r*2=,r=8*8. r*2=
g,-,//,2,4,8,-2,-1,g=2-4,g//8=,g=2-4. g//8=
c,//,-,1,4,6,0,-6,c=1//4,c-6=,c=1//4. c-6=
c,+,+,6,4,1,10,11,c=6+4,c+1=,c=6+4. c+1=
m,-,-,9,7,4,2,-2,m=9-7,m-4=,m=9-7. m-4=
x,-,+,4,5,2,-1,1,x=4-5,x+2=,x=4-5. x+2=
d,-,-,5,9,7,-4,-11,d=5-9,d-7=,d=5-9. d-7=
u,+,//,9,5,1,14,14,u=9+5,u//1=,u=9+5. u//1=
n,+,//,6,2,4,8,2,n=6+2,n//4=,n=6+2. n//4=
c,-,-,7,6,2,1,-1,c=7-6,c-2=,c=7-6. c-2=
y,+,-,7,5,4,12,8,y=7+5,y-4=,y=7+5. y-4=
b,//,*,7,6,2,1,2,b=7//6,b*2=,b=7//6. b*2=
d,*,-,8,3,9,24,15,d=8*3,d-9=,d=8*3. d-9=
o,*,-,7,5,1,35,34,o=7*5,o-1=,o=7*5. o-1=
p,-,*,2,5,5,-3,-15,p=2-5,p*5=,p=2-5. p*5=
w,-,+,3,3,3,0,3,w=3-3,w+3=,w=3-3. w+3=
j,*,+,8,6,7,48,55,j=8*6,j+7=,j=8*6. j+7=
z,//,+,3,5,3,0,3,z=3//5,z+3=,z=3//5. z+3=
r,*,//,2,8,2,16,8,r=2*8,r//2=,r=2*8. r//2=
b,//,//,8,1,4,8,2,b=8//1,b//4=,b=8//1. b//4=
b,+,*,2,1,5,3,15,b=2+1,b*5=,b=2+1. b*5=
y,-,*,9,7,3,2,6,y=9-7,y*3=,y=9-7. y*3=
u,*,-,3,1,2,3,1,u=3*1,u-2=,u=3*1. u-2=
r,-,-,4,7,1,-3,-4,r=4-7,r-1=,r=4-7. r-1=
x,+,-,2,2,9,4,-5,x=2+2,x-9=,x=2+2. x-9=
b,+,+,2,7,4,9,13,b=2+7,b+4=,b=2+7. b+4=
z,-,//,4,8,6,-4,-1,z=4-8,z//6=,z=4-8. z//6=
n,*,-,9,7,3,63,60,n=9*7,n-3=,n=9*7. n-3=
o,+,-,9,4,6,13,7,o=9+4,o-6=,o=9+4. o-6=
b,-,//,3,2,1,1,1,b=3-2,b//1=,b=3-2. b//1=
d,//,//,3,2,1,1,1,d=3//2,d//1=,d=3//2. d//1=
n,-,-,2,3,7,-1,-8,n=2-3,n-7=,n=2-3. n-7=
b,*,+,1,6,7,6,13,b=1*6,b+7=,b=1*6. b+7=
m,*,+,3,6,5,18,23,m=3*6,m+5=,m=3*6. m+5=
r,+,//,5,8,3,13,4,r=5+8,r//3=,r=5+8. r//3=
h,*,+,8,4,7,32,39,h=8*4,h+7=,h=8*4. h+7=
s,//,-,9,1,8,9,1,s=9//1,s-8=,s=9//1. s-8=
c,*,//,7,4,1,28,28,c=7*4,c//1=,c=7*4. c//1=
n,-,+,3,5,5,-2,3,n=3-5,n+5=,n=3-5. n+5=
t,-,//,8,4,8,4,0,t=8-4,t//8=,t=8-4. t//8=
w,//,+,7,5,4,1,5,w=7//5,w+4=,w=7//5. w+4=
n,-,*,9,4,3,5,15,n=9-4,n*3=,n=9-4. n*3=
o,//,*,6,2,5,3,15,o=6//2,o*5=,o=6//2. o*5=
e,//,-,7,6,7,1,-6,e=7//6,e-7=,e=7//6. e-7=
h,+,+,7,3,1,10,11,h=7+3,h+1=,h=7+3. h+1=
r,*,+,3,2,2,6,8,r=3*2,r+2=,r=3*2. r+2=
q,//,//,5,2,7,2,0,q=5//2,q//7=,q=5//2. q//7=
j,+,-,1,7,7,8,1,j=1+7,j-7=,j=1+7. j-7=
l,//,-,9,8,2,1,-1,l=9//8,l-2=,l=9//8. l-2=
g,+,-,4,9,4,13,9,g=4+9,g-4=,g=4+9. g-4=
g,//,//,4,2,5,2,0,g=4//2,g//5=,g=4//2. g//5=
y,*,*,8,1,9,8,72,y=8*1,y*9=,y=8*1. y*9=
n,+,-,9,8,9,17,8,n=9+8,n-9=,n=9+8. n-9=
u,//,+,6,3,3,2,5,u=6//3,u+3=,u=6//3. u+3=
i,*,*,4,2,1,8,8,i=4*2,i*1=,i=4*2. i*1=
g,+,*,9,9,8,18,144,g=9+9,g*8=,g=9+9. g*8=
d,//,//,3,9,5,0,0,d=3//9,d//5=,d=3//9. d//5=
i,*,+,8,7,3,56,59,i=8*7,i+3=,i=8*7. i+3=
a,-,//,6,5,2,1,0,a=6-5,a//2=,a=6-5. a//2=
h,-,//,6,7,2,-1,-1,h=6-7,h//2=,h=6-7. h//2=
m,+,-,1,1,3,2,-1,m=1+1,m-3=,m=1+1. m-3=
m,+,-,3,7,8,10,2,m=3+7,m-8=,m=3+7. m-8=
c,-,*,6,6,7,0,0,c=6-6,c*7=,c=6-6. c*7=
h,*,//,4,6,4,24,6,h=4*6,h//4=,h=4*6. h//4=
r,//,//,7,9,4,0,0,r=7//9,r//4=,r=7//9. r//4=
d,+,*,8,6,1,14,14,d=8+6,d*1=,d=8+6. d*1=
h,+,-,8,5,7,13,6,h=8+5,h-7=,h=8+5. h-7=
u,-,+,9,3,5,6,11,u=9-3,u+5=,u=9-3. u+5=
g,//,//,2,4,3,0,0,g=2//4,g//3=,g=2//4. g//3=
u,//,//,3,2,2,1,0,u=3//2,u//2=,u=3//2. u//2=
y,*,+,2,2,1,4,5,y=2*2,y+1=,y=2*2. y+1=
h,*,+,3,6,8,18,26,h=3*6,h+8=,h=3*6. h+8=
d,*,+,5,7,6,35,41,d=5*7,d+6=,d=5*7. d+6=
s,+,*,4,2,9,6,54,s=4+2,s*9=,s=4+2. s*9=
j,//,//,1,6,9,0,0,j=1//6,j//9=,j=1//6. j//9=
n,//,+,4,7,8,0,8,n=4//7,n+8=,n=4//7. n+8=
y,*,-,2,1,9,2,-7,y=2*1,y-9=,y=2*1. y-9=
z,*,*,1,4,2,4,8,z=1*4,z*2=,z=1*4. z*2=
a,*,-,7,5,7,35,28,a=7*5,a-7=,a=7*5. a-7=
z,*,+,6,8,5,48,53,z=6*8,z+5=,z=6*8. z+5=
e,*,*,9,5,3,45,135,e=9*5,e*3=,e=9*5. e*3=
w,-,//,5,6,2,-1,-1,w=5-6,w//2=,w=5-6. w//2=
z,//,-,7,5,6,1,-5,z=7//5,z-6=,z=7//5. z-6=
n,//,//,1,6,2,0,0,n=1//6,n//2=,n=1//6. n//2=
i,*,-,3,6,4,18,14,i=3*6,i-4=,i=3*6. i-4=
w,+,+,8,4,5,12,17,w=8+4,w+5=,w=8+4. w+5=
o,+,//,6,2,7,8,1,o=6+2,o//7=,o=6+2. o//7=
s,+,+,9,6,5,15,20,s=9+6,s+5=,s=9+6. s+5=
o,+,+,7,5,4,12,16,o=7+5,o+4=,o=7+5. o+4=
s,+,*,5,5,5,10,50,s=5+5,s*5=,s=5+5. s*5=
r,-,//,9,2,3,7,2,r=9-2,r//3=,r=9-2. r//3=
z,*,*,9,3,2,27,54,z=9*3,z*2=,z=9*3. z*2=
m,//,//,7,2,8,3,0,m=7//2,m//8=,m=7//2. m//8=
z,//,+,2,7,8,0,8,z=2//7,z+8=,z=2//7. z+8=
i,-,*,1,8,2,-7,-14,i=1-8,i*2=,i=1-8. i*2=
z,+,//,3,7,8,10,1,z=3+7,z//8=,z=3+7. z//8=
e,//,//,1,7,4,0,0,e=1//7,e//4=,e=1//7. e//4=
y,//,+,8,5,7,1,8,y=8//5,y+7=,y=8//5. y+7=
o,//,*,7,3,8,2,16,o=7//3,o*8=,o=7//3. o*8=
h,//,*,5,8,8,0,0,h=5//8,h*8=,h=5//8. h*8=
x,*,-,7,3,4,21,17,x=7*3,x-4=,x=7*3. x-4=
r,//,+,3,4,3,0,3,r=3//4,r+3=,r=3//4. r+3=
t,*,//,1,9,1,9,9,t=1*9,t//1=,t=1*9. t//1=
y,//,//,6,3,3,2,0,y=6//3,y//3=,y=6//3. y//3=
t,-,-,6,3,2,3,1,t=6-3,t-2=,t=6-3. t-2=
e,-,*,2,7,4,-5,-20,e=2-7,e*4=,e=2-7. e*4=
p,+,-,5,4,2,9,7,p=5+4,p-2=,p=5+4. p-2=
k,*,+,5,3,8,15,23,k=5*3,k+8=,k=5*3. k+8=
r,-,+,5,9,3,-4,-1,r=5-9,r+3=,r=5-9. r+3=
i,+,//,1,3,7,4,0,i=1+3,i//7=,i=1+3. i//7=
f,*,-,4,6,7,24,17,f=4*6,f-7=,f=4*6. f-7=
z,-,//,7,5,2,2,1,z=7-5,z//2=,z=7-5. z//2=
f,//,-,9,1,7,9,2,f=9//1,f-7=,f=9//1. f-7=
u,*,*,8,7,9,56,504,u=8*7,u*9=,u=8*7. u*9=
j,+,//,5,2,3,7,2,j=5+2,j//3=,j=5+2. j//3=
y,-,-,8,3,9,5,-4,y=8-3,y-9=,y=8-3. y-9=
l,//,//,2,2,3,1,0,l=2//2,l//3=,l=2//2. l//3=
z,+,//,5,3,9,8,0,z=5+3,z//9=,z=5+3. z//9=
d,-,-,5,2,8,3,-5,d=5-2,d-8=,d=5-2. d-8=
o,-,*,3,4,7,-1,-7,o=3-4,o*7=,o=3-4. o*7=
o,-,//,9,8,6,1,0,o=9-8,o//6=,o=9-8. o//6=
y,//,-,1,1,6,1,-5,y=1//1,y-6=,y=1//1. y-6=
v,+,//,8,4,7,12,1,v=8+4,v//7=,v=8+4. v//7=
p,//,-,4,2,1,2,1,p=4//2,p-1=,p=4//2. p-1=
f,*,+,5,3,2,15,17,f=5*3,f+2=,f=5*3. f+2=
o,//,+,3,7,6,0,6,o=3//7,o+6=,o=3//7. o+6=
d,-,//,3,4,9,-1,-1,d=3-4,d//9=,d=3-4. d//9=
t,-,-,8,8,5,0,-5,t=8-8,t-5=,t=8-8. t-5=
o,-,+,5,3,6,2,8,o=5-3,o+6=,o=5-3. o+6=
v,//,*,4,7,7,0,0,v=4//7,v*7=,v=4//7. v*7=
a,+,*,6,8,9,14,126,a=6+8,a*9=,a=6+8. a*9=
c,//,+,6,6,2,1,3,c=6//6,c+2=,c=6//6. c+2=
v,*,+,3,1,4,3,7,v=3*1,v+4=,v=3*1. v+4=
p,//,//,7,3,9,2,0,p=7//3,p//9=,p=7//3. p//9=
z,-,//,4,1,5,3,0,z=4-1,z//5=,z=4-1. z//5=
u,//,+,9,3,1,3,4,u=9//3,u+1=,u=9//3. u+1=
v,+,//,9,3,5,12,2,v=9+3,v//5=,v=9+3. v//5=
r,+,-,9,1,5,10,5,r=9+1,r-5=,r=9+1. r-5=
r,-,//,8,6,1,2,2,r=8-6,r//1=,r=8-6. r//1=
m,+,-,6,7,5,13,8,m=6+7,m-5=,m=6+7. m-5=
w,//,+,7,9,7,0,7,w=7//9,w+7=,w=7//9. w+7=
r,*,+,2,4,1,8,9,r=2*4,r+1=,r=2*4. r+1=
f,-,//,6,8,4,-2,-1,f=6-8,f//4=,f=6-8. f//4=
q,+,//,5,7,4,12,3,q=5+7,q//4=,q=5+7. q//4=
u,//,*,8,4,1,2,2,u=8//4,u*1=,u=8//4. u*1=
y,//,-,6,4,4,1,-3,y=6//4,y-4=,y=6//4. y-4=
s,//,-,7,6,2,1,-1,s=7//6,s-2=,s=7//6. s-2=
h,-,*,3,6,8,-3,-24,h=3-6,h*8=,h=3-6. h*8=
w,*,*,8,8,8,64,512,w=8*8,w*8=,w=8*8. w*8=
p,*,+,2,4,1,8,9,p=2*4,p+1=,p=2*4. p+1=
q,//,+,4,5,8,0,8,q=4//5,q+8=,q=4//5. q+8=
e,-,+,2,5,8,-3,5,e=2-5,e+8=,e=2-5. e+8=
p,*,*,7,5,8,35,280,p=7*5,p*8=,p=7*5. p*8=
x,-,-,1,3,4,-2,-6,x=1-3,x-4=,x=1-3. x-4=
v,+,//,4,9,1,13,13,v=4+9,v//1=,v=4+9. v//1=
d,+,//,7,4,4,11,2,d=7+4,d//4=,d=7+4. d//4=
b,+,+,1,8,8,9,17,b=1+8,b+8=,b=1+8. b+8=
q,*,*,1,3,1,3,3,q=1*3,q*1=,q=1*3. q*1=
b,//,+,4,9,8,0,8,b=4//9,b+8=,b=4//9. b+8=
g,//,*,6,8,5,0,0,g=6//8,g*5=,g=6//8. g*5=
z,//,//,6,8,9,0,0,z=6//8,z//9=,z=6//8. z//9=
e,*,-,9,6,9,54,45,e=9*6,e-9=,e=9*6. e-9=
w,-,+,6,2,3,4,7,w=6-2,w+3=,w=6-2. w+3=
r,+,-,2,9,6,11,5,r=2+9,r-6=,r=2+9. r-6=
k,*,-,1,5,7,5,-2,k=1*5,k-7=,k=1*5. k-7=
r,*,*,7,3,5,21,105,r=7*3,r*5=,r=7*3. r*5=
g,//,+,3,2,7,1,8,g=3//2,g+7=,g=3//2. g+7=
o,//,//,3,2,6,1,0,o=3//2,o//6=,o=3//2. o//6=
c,//,*,1,5,7,0,0,c=1//5,c*7=,c=1//5. c*7=
j,*,*,6,4,5,24,120,j=6*4,j*5=,j=6*4. j*5=
f,-,*,7,3,5,4,20,f=7-3,f*5=,f=7-3. f*5=
l,*,//,4,4,2,16,8,l=4*4,l//2=,l=4*4. l//2=
h,//,//,5,7,7,0,0,h=5//7,h//7=,h=5//7. h//7=
b,*,-,4,9,1,36,35,b=4*9,b-1=,b=4*9. b-1=
q,//,+,4,8,8,0,8,q=4//8,q+8=,q=4//8. q+8=
z,+,//,5,7,8,12,1,z=5+7,z//8=,z=5+7. z//8=
b,-,-,9,7,4,2,-2,b=9-7,b-4=,b=9-7. b-4=
x,//,*,6,6,9,1,9,x=6//6,x*9=,x=6//6. x*9=
a,//,+,2,2,7,1,8,a=2//2,a+7=,a=2//2. a+7=
k,+,+,1,1,4,2,6,k=1+1,k+4=,k=1+1. k+4=
u,-,*,9,1,6,8,48,u=9-1,u*6=,u=9-1. u*6=
s,*,*,9,3,7,27,189,s=9*3,s*7=,s=9*3. s*7=
r,+,//,5,3,4,8,2,r=5+3,r//4=,r=5+3. r//4=
s,//,+,9,9,9,1,10,s=9//9,s+9=,s=9//9. s+9=
m,*,//,1,2,9,2,0,m=1*2,m//9=,m=1*2. m//9=
p,+,*,3,1,6,4,24,p=3+1,p*6=,p=3+1. p*6=
f,//,//,1,6,5,0,0,f=1//6,f//5=,f=1//6. f//5=
y,*,+,4,2,1,8,9,y=4*2,y+1=,y=4*2. y+1=
s,-,-,5,9,8,-4,-12,s=5-9,s-8=,s=5-9. s-8=
f,//,*,2,2,8,1,8,f=2//2,f*8=,f=2//2. f*8=
w,-,-,1,5,2,-4,-6,w=1-5,w-2=,w=1-5. w-2=
h,+,//,2,1,8,3,0,h=2+1,h//8=,h=2+1. h//8=
c,*,//,4,7,5,28,5,c=4*7,c//5=,c=4*7. c//5=
a,//,-,8,7,1,1,0,a=8//7,a-1=,a=8//7. a-1=
x,//,*,4,3,3,1,3,x=4//3,x*3=,x=4//3. x*3=
x,+,-,1,2,4,3,-1,x=1+2,x-4=,x=1+2. x-4=
i,+,-,1,7,3,8,5,i=1+7,i-3=,i=1+7. i-3=
x,*,//,3,9,2,27,13,x=3*9,x//2=,x=3*9. x//2=
e,*,+,1,2,7,2,9,e=1*2,e+7=,e=1*2. e+7=
k,-,*,7,8,3,-1,-3,k=7-8,k*3=,k=7-8. k*3=
f,-,*,1,8,9,-7,-63,f=1-8,f*9=,f=1-8. f*9=
r,-,//,8,9,8,-1,-1,r=8-9,r//8=,r=8-9. r//8=
z,*,//,4,4,1,16,16,z=4*4,z//1=,z=4*4. z//1=
x,//,//,7,1,3,7,2,x=7//1,x//3=,x=7//1. x//3=
a,//,//,5,3,1,1,1,a=5//3,a//1=,a=5//3. a//1=
s,*,//,4,3,9,12,1,s=4*3,s//9=,s=4*3. s//9=
x,-,+,8,7,6,1,7,x=8-7,x+6=,x=8-7. x+6=
e,+,*,1,4,2,5,10,e=1+4,e*2=,e=1+4. e*2=
q,+,*,5,8,7,13,91,q=5+8,q*7=,q=5+8. q*7=
y,//,+,9,6,2,1,3,y=9//6,y+2=,y=9//6. y+2=
f,*,-,3,6,2,18,16,f=3*6,f-2=,f=3*6. f-2=
s,-,//,5,8,8,-3,-1,s=5-8,s//8=,s=5-8. s//8=
t,//,//,7,6,6,1,0,t=7//6,t//6=,t=7//6. t//6=
a,*,-,7,9,5,63,58,a=7*9,a-5=,a=7*9. a-5=
y,-,+,7,5,7,2,9,y=7-5,y+7=,y=7-5. y+7=
a,+,+,1,6,6,7,13,a=1+6,a+6=,a=1+6. a+6=
e,//,//,6,7,2,0,0,e=6//7,e//2=,e=6//7. e//2=
e,-,+,4,1,5,3,8,e=4-1,e+5=,e=4-1. e+5=
c,-,*,8,8,6,0,0,c=8-8,c*6=,c=8-8. c*6=
m,-,*,1,7,8,-6,-48,m=1-7,m*8=,m=1-7. m*8=
o,*,+,9,5,4,45,49,o=9*5,o+4=,o=9*5. o+4=
z,*,//,2,1,4,2,0,z=2*1,z//4=,z=2*1. z//4=
n,-,-,2,1,5,1,-4,n=2-1,n-5=,n=2-1. n-5=
k,+,*,2,9,1,11,11,k=2+9,k*1=,k=2+9. k*1=
e,+,+,8,5,9,13,22,e=8+5,e+9=,e=8+5. e+9=
u,-,//,3,1,3,2,0,u=3-1,u//3=,u=3-1. u//3=
l,-,*,3,2,1,1,1,l=3-2,l*1=,l=3-2. l*1=
n,//,//,6,2,8,3,0,n=6//2,n//8=,n=6//2. n//8=
p,*,-,1,8,7,8,1,p=1*8,p-7=,p=1*8. p-7=
v,-,-,4,9,2,-5,-7,v=4-9,v-2=,v=4-9. v-2=
j,+,*,6,1,1,7,7,j=6+1,j*1=,j=6+1. j*1=
v,//,-,3,8,4,0,-4,v=3//8,v-4=,v=3//8. v-4=
t,//,-,8,8,1,1,0,t=8//8,t-1=,t=8//8. t-1=
y,*,//,3,2,9,6,0,y=3*2,y//9=,y=3*2. y//9=
d,//,*,4,4,8,1,8,d=4//4,d*8=,d=4//4. d*8=
w,//,*,6,1,6,6,36,w=6//1,w*6=,w=6//1. w*6=
z,+,+,2,3,7,5,12,z=2+3,z+7=,z=2+3. z+7=
p,+,//,8,6,5,14,2,p=8+6,p//5=,p=8+6. p//5=
m,-,-,5,9,3,-4,-7,m=5-9,m-3=,m=5-9. m-3=
x,//,+,2,6,3,0,3,x=2//6,x+3=,x=2//6. x+3=
x,-,+,7,6,6,1,7,x=7-6,x+6=,x=7-6. x+6=
u,+,*,2,7,5,9,45,u=2+7,u*5=,u=2+7. u*5=
y,*,//,7,2,5,14,2,y=7*2,y//5=,y=7*2. y//5=
g,+,//,3,5,6,8,1,g=3+5,g//6=,g=3+5. g//6=
o,*,-,4,6,5,24,19,o=4*6,o-5=,o=4*6. o-5=
f,+,//,3,1,2,4,2,f=3+1,f//2=,f=3+1. f//2=
p,*,+,6,5,3,30,33,p=6*5,p+3=,p=6*5. p+3=
g,*,-,9,8,1,72,71,g=9*8,g-1=,g=9*8. g-1=
l,-,//,1,7,6,-6,-1,l=1-7,l//6=,l=1-7. l//6=
p,*,-,3,4,1,12,11,p=3*4,p-1=,p=3*4. p-1=
f,//,+,9,2,4,4,8,f=9//2,f+4=,f=9//2. f+4=
q,//,+,1,2,2,0,2,q=1//2,q+2=,q=1//2. q+2=
t,+,*,8,9,8,17,136,t=8+9,t*8=,t=8+9. t*8=
n,*,//,7,9,9,63,7,n=7*9,n//9=,n=7*9. n//9=
i,*,+,5,8,7,40,47,i=5*8,i+7=,i=5*8. i+7=
q,+,*,6,4,3,10,30,q=6+4,q*3=,q=6+4. q*3=
m,*,-,7,8,9,56,47,m=7*8,m-9=,m=7*8. m-9=
z,+,*,5,5,9,10,90,z=5+5,z*9=,z=5+5. z*9=
s,*,*,3,6,8,18,144,s=3*6,s*8=,s=3*6. s*8=
n,*,-,5,1,9,5,-4,n=5*1,n-9=,n=5*1. n-9=
p,//,//,7,1,2,7,3,p=7//1,p//2=,p=7//1. p//2=
y,//,+,6,6,2,1,3,y=6//6,y+2=,y=6//6. y+2=
r,-,-,1,7,3,-6,-9,r=1-7,r-3=,r=1-7. r-3=
p,+,+,6,1,9,7,16,p=6+1,p+9=,p=6+1. p+9=
n,*,+,8,6,9,48,57,n=8*6,n+9=,n=8*6. n+9=
b,-,*,6,7,6,-1,-6,b=6-7,b*6=,b=6-7. b*6=
z,+,-,3,1,9,4,-5,z=3+1,z-9=,z=3+1. z-9=
i,+,+,7,9,8,16,24,i=7+9,i+8=,i=7+9. i+8=
c,+,*,1,4,4,5,20,c=1+4,c*4=,c=1+4. c*4=
a,//,+,4,1,6,4,10,a=4//1,a+6=,a=4//1. a+6=
w,+,+,9,3,3,12,15,w=9+3,w+3=,w=9+3. w+3=
e,-,//,7,7,9,0,0,e=7-7,e//9=,e=7-7. e//9=
v,//,//,4,7,1,0,0,v=4//7,v//1=,v=4//7. v//1=
o,*,//,5,8,2,40,20,o=5*8,o//2=,o=5*8. o//2=
a,//,+,5,5,4,1,5,a=5//5,a+4=,a=5//5. a+4=
d,*,+,7,9,6,63,69,d=7*9,d+6=,d=7*9. d+6=
k,+,-,6,2,2,8,6,k=6+2,k-2=,k=6+2. k-2=
y,*,+,2,6,9,12,21,y=2*6,y+9=,y=2*6. y+9=
i,//,//,4,1,7,4,0,i=4//1,i//7=,i=4//1. i//7=
h,+,-,4,8,7,12,5,h=4+8,h-7=,h=4+8. h-7=
c,-,//,3,2,7,1,0,c=3-2,c//7=,c=3-2. c//7=
x,+,*,4,5,2,9,18,x=4+5,x*2=,x=4+5. x*2=
k,*,+,9,6,5,54,59,k=9*6,k+5=,k=9*6. k+5=
z,+,-,3,4,1,7,6,z=3+4,z-1=,z=3+4. z-1=
t,//,+,5,3,4,1,5,t=5//3,t+4=,t=5//3. t+4=
v,*,-,7,6,6,42,36,v=7*6,v-6=,v=7*6. v-6=
a,*,+,4,1,7,4,11,a=4*1,a+7=,a=4*1. a+7=
p,+,*,9,1,5,10,50,p=9+1,p*5=,p=9+1. p*5=
s,*,//,5,9,8,45,5,s=5*9,s//8=,s=5*9. s//8=
h,-,+,8,4,6,4,10,h=8-4,h+6=,h=8-4. h+6=
f,*,+,9,7,8,63,71,f=9*7,f+8=,f=9*7. f+8=
n,-,//,1,2,7,-1,-1,n=1-2,n//7=,n=1-2. n//7=
d,+,-,3,8,8,11,3,d=3+8,d-8=,d=3+8. d-8=
w,+,+,1,8,7,9,16,w=1+8,w+7=,w=1+8. w+7=
d,+,+,4,6,5,10,15,d=4+6,d+5=,d=4+6. d+5=
g,+,*,2,6,2,8,16,g=2+6,g*2=,g=2+6. g*2=
e,+,//,2,8,9,10,1,e=2+8,e//9=,e=2+8. e//9=
l,+,*,4,4,3,8,24,l=4+4,l*3=,l=4+4. l*3=
f,-,-,2,6,1,-4,-5,f=2-6,f-1=,f=2-6. f-1=
z,//,*,8,7,7,1,7,z=8//7,z*7=,z=8//7. z*7=
t,-,+,9,8,4,1,5,t=9-8,t+4=,t=9-8. t+4=
m,*,//,2,4,7,8,1,m=2*4,m//7=,m=2*4. m//7=
a,-,+,3,7,2,-4,-2,a=3-7,a+2=,a=3-7. a+2=
x,*,//,7,9,9,63,7,x=7*9,x//9=,x=7*9. x//9=
n,//,//,9,2,2,4,2,n=9//2,n//2=,n=9//2. n//2=
f,//,//,9,3,1,3,3,f=9//3,f//1=,f=9//3. f//1=
u,+,-,8,2,4,10,6,u=8+2,u-4=,u=8+2. u-4=
g,*,//,8,2,9,16,1,g=8*2,g//9=,g=8*2. g//9=
q,+,//,1,8,7,9,1,q=1+8,q//7=,q=1+8. q//7=
p,//,-,3,4,8,0,-8,p=3//4,p-8=,p=3//4. p-8=
l,+,+,6,3,3,9,12,l=6+3,l+3=,l=6+3. l+3=
h,+,*,8,1,1,9,9,h=8+1,h*1=,h=8+1. h*1=
h,//,//,7,2,8,3,0,h=7//2,h//8=,h=7//2. h//8=
l,+,-,5,7,2,12,10,l=5+7,l-2=,l=5+7. l-2=
p,*,-,6,4,5,24,19,p=6*4,p-5=,p=6*4. p-5=
v,//,//,8,2,1,4,4,v=8//2,v//1=,v=8//2. v//1=
q,-,*,6,5,7,1,7,q=6-5,q*7=,q=6-5. q*7=
b,+,//,5,6,1,11,11,b=5+6,b//1=,b=5+6. b//1=
y,//,-,3,1,7,3,-4,y=3//1,y-7=,y=3//1. y-7=
i,//,-,7,8,5,0,-5,i=7//8,i-5=,i=7//8. i-5=
v,//,//,1,2,6,0,0,v=1//2,v//6=,v=1//2. v//6=
u,+,*,3,3,6,6,36,u=3+3,u*6=,u=3+3. u*6=
y,*,-,4,9,4,36,32,y=4*9,y-4=,y=4*9. y-4=
v,*,+,4,6,2,24,26,v=4*6,v+2=,v=4*6. v+2=
m,+,+,3,9,8,12,20,m=3+9,m+8=,m=3+9. m+8=
y,//,-,5,5,9,1,-8,y=5//5,y-9=,y=5//5. y-9=
g,*,//,1,6,2,6,3,g=1*6,g//2=,g=1*6. g//2=
d,*,+,8,2,3,16,19,d=8*2,d+3=,d=8*2. d+3=
b,//,//,7,7,6,1,0,b=7//7,b//6=,b=7//7. b//6=
s,//,+,6,4,7,1,8,s=6//4,s+7=,s=6//4. s+7=
j,*,-,3,9,2,27,25,j=3*9,j-2=,j=3*9. j-2=
q,-,-,2,1,4,1,-3,q=2-1,q-4=,q=2-1. q-4=
l,+,+,4,9,6,13,19,l=4+9,l+6=,l=4+9. l+6=
f,+,//,8,3,8,11,1,f=8+3,f//8=,f=8+3. f//8=
v,+,+,7,5,8,12,20,v=7+5,v+8=,v=7+5. v+8=
c,//,//,1,6,3,0,0,c=1//6,c//3=,c=1//6. c//3=
p,+,+,3,2,7,5,12,p=3+2,p+7=,p=3+2. p+7=
g,+,+,4,7,9,11,20,g=4+7,g+9=,g=4+7. g+9=
z,*,//,7,6,7,42,6,z=7*6,z//7=,z=7*6. z//7=
c,-,-,7,7,9,0,-9,c=7-7,c-9=,c=7-7. c-9=
t,*,+,5,8,8,40,48,t=5*8,t+8=,t=5*8. t+8=
n,-,+,9,7,1,2,3,n=9-7,n+1=,n=9-7. n+1=
u,*,-,7,3,7,21,14,u=7*3,u-7=,u=7*3. u-7=
m,+,-,2,4,8,6,-2,m=2+4,m-8=,m=2+4. m-8=
g,*,*,1,3,7,3,21,g=1*3,g*7=,g=1*3. g*7=
w,-,*,1,5,9,-4,-36,w=1-5,w*9=,w=1-5. w*9=
h,+,-,4,2,9,6,-3,h=4+2,h-9=,h=4+2. h-9=
y,-,*,8,5,7,3,21,y=8-5,y*7=,y=8-5. y*7=
z,+,//,6,2,5,8,1,z=6+2,z//5=,z=6+2. z//5=
e,*,+,8,6,6,48,54,e=8*6,e+6=,e=8*6. e+6=
x,//,-,6,9,7,0,-7,x=6//9,x-7=,x=6//9. x-7=
j,-,-,6,6,3,0,-3,j=6-6,j-3=,j=6-6. j-3=
v,//,-,9,7,1,1,0,v=9//7,v-1=,v=9//7. v-1=
w,+,+,6,1,9,7,16,w=6+1,w+9=,w=6+1. w+9=
h,+,-,8,8,1,16,15,h=8+8,h-1=,h=8+8. h-1=
m,//,-,9,7,1,1,0,m=9//7,m-1=,m=9//7. m-1=
u,*,-,1,4,7,4,-3,u=1*4,u-7=,u=1*4. u-7=
c,-,-,3,8,5,-5,-10,c=3-8,c-5=,c=3-8. c-5=
e,//,-,7,8,3,0,-3,e=7//8,e-3=,e=7//8. e-3=
n,-,+,1,1,1,0,1,n=1-1,n+1=,n=1-1. n+1=
j,//,//,8,5,4,1,0,j=8//5,j//4=,j=8//5. j//4=
c,*,*,8,1,2,8,16,c=8*1,c*2=,c=8*1. c*2=
r,*,//,3,6,9,18,2,r=3*6,r//9=,r=3*6. r//9=
q,-,+,8,1,8,7,15,q=8-1,q+8=,q=8-1. q+8=
b,-,+,2,2,7,0,7,b=2-2,b+7=,b=2-2. b+7=
k,*,+,4,8,2,32,34,k=4*8,k+2=,k=4*8. k+2=
l,*,//,5,2,7,10,1,l=5*2,l//7=,l=5*2. l//7=
n,*,*,3,3,1,9,9,n=3*3,n*1=,n=3*3. n*1=
g,-,-,3,9,4,-6,-10,g=3-9,g-4=,g=3-9. g-4=
b,*,-,1,1,4,1,-3,b=1*1,b-4=,b=1*1. b-4=
v,//,*,4,9,6,0,0,v=4//9,v*6=,v=4//9. v*6=
q,+,+,6,8,1,14,15,q=6+8,q+1=,q=6+8. q+1=
v,*,//,7,1,4,7,1,v=7*1,v//4=,v=7*1. v//4=
j,-,+,4,8,3,-4,-1,j=4-8,j+3=,j=4-8. j+3=
c,+,//,5,8,4,13,3,c=5+8,c//4=,c=5+8. c//4=
j,+,*,1,4,4,5,20,j=1+4,j*4=,j=1+4. j*4=
r,//,-,8,6,6,1,-5,r=8//6,r-6=,r=8//6. r-6=
q,+,//,1,6,9,7,0,q=1+6,q//9=,q=1+6. q//9=
m,//,//,7,3,9,2,0,m=7//3,m//9=,m=7//3. m//9=
v,//,*,7,3,4,2,8,v=7//3,v*4=,v=7//3. v*4=
r,*,+,5,2,2,10,12,r=5*2,r+2=,r=5*2. r+2=
t,*,//,4,9,9,36,4,t=4*9,t//9=,t=4*9. t//9=
e,+,-,4,7,5,11,6,e=4+7,e-5=,e=4+7. e-5=
f,*,+,7,7,1,49,50,f=7*7,f+1=,f=7*7. f+1=
t,+,+,8,4,2,12,14,t=8+4,t+2=,t=8+4. t+2=
t,//,+,5,4,6,1,7,t=5//4,t+6=,t=5//4. t+6=
g,+,-,6,5,6,11,5,g=6+5,g-6=,g=6+5. g-6=
d,//,-,8,3,3,2,-1,d=8//3,d-3=,d=8//3. d-3=
t,-,-,7,1,8,6,-2,t=7-1,t-8=,t=7-1. t-8=
f,-,*,6,8,8,-2,-16,f=6-8,f*8=,f=6-8. f*8=
p,*,*,8,8,7,64,448,p=8*8,p*7=,p=8*8. p*7=
y,+,//,1,2,7,3,0,y=1+2,y//7=,y=1+2. y//7=
o,+,*,4,5,2,9,18,o=4+5,o*2=,o=4+5. o*2=
m,//,//,1,3,7,0,0,m=1//3,m//7=,m=1//3. m//7=
x,-,//,8,5,6,3,0,x=8-5,x//6=,x=8-5. x//6=
x,//,*,2,8,2,0,0,x=2//8,x*2=,x=2//8. x*2=
h,-,+,5,9,5,-4,1,h=5-9,h+5=,h=5-9. h+5=
y,*,*,6,3,6,18,108,y=6*3,y*6=,y=6*3. y*6=
i,*,+,9,6,7,54,61,i=9*6,i+7=,i=9*6. i+7=
h,//,*,7,6,5,1,5,h=7//6,h*5=,h=7//6. h*5=
p,*,*,9,9,6,81,486,p=9*9,p*6=,p=9*9. p*6=
p,-,-,3,4,9,-1,-10,p=3-4,p-9=,p=3-4. p-9=
r,-,*,3,7,4,-4,-16,r=3-7,r*4=,r=3-7. r*4=
w,//,+,6,8,5,0,5,w=6//8,w+5=,w=6//8. w+5=
q,-,//,1,6,5,-5,-1,q=1-6,q//5=,q=1-6. q//5=
a,-,-,8,3,7,5,-2,a=8-3,a-7=,a=8-3. a-7=
w,//,*,7,1,7,7,49,w=7//1,w*7=,w=7//1. w*7=
d,*,+,1,2,4,2,6,d=1*2,d+4=,d=1*2. d+4=
j,-,-,7,2,3,5,2,j=7-2,j-3=,j=7-2. j-3=
u,-,//,7,1,6,6,1,u=7-1,u//6=,u=7-1. u//6=
k,+,-,7,6,8,13,5,k=7+6,k-8=,k=7+6. k-8=
w,-,-,1,9,7,-8,-15,w=1-9,w-7=,w=1-9. w-7=
t,+,*,2,8,8,10,80,t=2+8,t*8=,t=2+8. t*8=
h,*,//,6,3,1,18,18,h=6*3,h//1=,h=6*3. h//1=
e,*,+,6,5,4,30,34,e=6*5,e+4=,e=6*5. e+4=
k,+,-,5,2,4,7,3,k=5+2,k-4=,k=5+2. k-4=
r,//,*,4,8,9,0,0,r=4//8,r*9=,r=4//8. r*9=
a,+,-,2,9,2,11,9,a=2+9,a-2=,a=2+9. a-2=
h,*,//,4,1,4,4,1,h=4*1,h//4=,h=4*1. h//4=
k,*,//,7,3,8,21,2,k=7*3,k//8=,k=7*3. k//8=
m,+,+,7,4,4,11,15,m=7+4,m+4=,m=7+4. m+4=
q,-,*,4,4,8,0,0,q=4-4,q*8=,q=4-4. q*8=
a,//,-,2,7,9,0,-9,a=2//7,a-9=,a=2//7. a-9=
e,*,-,7,1,4,7,3,e=7*1,e-4=,e=7*1. e-4=
d,-,-,4,2,1,2,1,d=4-2,d-1=,d=4-2. d-1=
c,//,+,9,9,5,1,6,c=9//9,c+5=,c=9//9. c+5=
h,-,+,2,3,7,-1,6,h=2-3,h+7=,h=2-3. h+7=
l,+,-,2,5,9,7,-2,l=2+5,l-9=,l=2+5. l-9=
e,+,+,1,8,8,9,17,e=1+8,e+8=,e=1+8. e+8=
b,//,+,8,6,9,1,10,b=8//6,b+9=,b=8//6. b+9=
s,//,+,5,5,7,1,8,s=5//5,s+7=,s=5//5. s+7=
j,*,*,7,5,1,35,35,j=7*5,j*1=,j=7*5. j*1=
o,//,-,2,2,4,1,-3,o=2//2,o-4=,o=2//2. o-4=
m,*,-,2,7,2,14,12,m=2*7,m-2=,m=2*7. m-2=
m,+,//,6,5,2,11,5,m=6+5,m//2=,m=6+5. m//2=
f,+,-,6,9,4,15,11,f=6+9,f-4=,f=6+9. f-4=
a,*,//,8,3,4,24,6,a=8*3,a//4=,a=8*3. a//4=
h,*,*,3,4,1,12,12,h=3*4,h*1=,h=3*4. h*1=
i,//,+,8,1,6,8,14,i=8//1,i+6=,i=8//1. i+6=
e,*,+,4,1,9,4,13,e=4*1,e+9=,e=4*1. e+9=
n,+,+,2,7,8,9,17,n=2+7,n+8=,n=2+7. n+8=
q,*,+,6,7,7,42,49,q=6*7,q+7=,q=6*7. q+7=
a,//,-,6,9,9,0,-9,a=6//9,a-9=,a=6//9. a-9=
b,+,+,4,4,2,8,10,b=4+4,b+2=,b=4+4. b+2=
z,-,*,8,4,3,4,12,z=8-4,z*3=,z=8-4. z*3=
e,*,-,8,4,8,32,24,e=8*4,e-8=,e=8*4. e-8=
c,-,//,5,7,8,-2,-1,c=5-7,c//8=,c=5-7. c//8=
n,+,*,4,8,9,12,108,n=4+8,n*9=,n=4+8. n*9=
t,+,-,6,4,2,10,8,t=6+4,t-2=,t=6+4. t-2=
j,-,//,8,5,3,3,1,j=8-5,j//3=,j=8-5. j//3=
o,*,-,6,6,5,36,31,o=6*6,o-5=,o=6*6. o-5=
j,*,//,3,3,5,9,1,j=3*3,j//5=,j=3*3. j//5=
s,-,-,4,8,9,-4,-13,s=4-8,s-9=,s=4-8. s-9=
o,*,//,9,2,9,18,2,o=9*2,o//9=,o=9*2. o//9=
o,+,//,2,2,5,4,0,o=2+2,o//5=,o=2+2. o//5=
o,-,*,5,8,6,-3,-18,o=5-8,o*6=,o=5-8. o*6=
e,*,+,2,3,4,6,10,e=2*3,e+4=,e=2*3. e+4=
f,+,-,2,4,3,6,3,f=2+4,f-3=,f=2+4. f-3=
b,-,-,8,5,7,3,-4,b=8-5,b-7=,b=8-5. b-7=
x,-,-,9,1,2,8,6,x=9-1,x-2=,x=9-1. x-2=
k,//,+,4,1,3,4,7,k=4//1,k+3=,k=4//1. k+3=
q,*,//,8,3,7,24,3,q=8*3,q//7=,q=8*3. q//7=
o,+,//,2,5,2,7,3,o=2+5,o//2=,o=2+5. o//2=
s,*,-,7,3,4,21,17,s=7*3,s-4=,s=7*3. s-4=
x,-,//,6,5,2,1,0,x=6-5,x//2=,x=6-5. x//2=
j,+,//,7,7,2,14,7,j=7+7,j//2=,j=7+7. j//2=
h,-,-,4,2,4,2,-2,h=4-2,h-4=,h=4-2. h-4=
u,//,+,4,5,8,0,8,u=4//5,u+8=,u=4//5. u+8=
z,*,+,6,3,3,18,21,z=6*3,z+3=,z=6*3. z+3=
k,+,+,5,7,5,12,17,k=5+7,k+5=,k=5+7. k+5=
c,+,-,1,6,1,7,6,c=1+6,c-1=,c=1+6. c-1=
h,//,+,1,4,1,0,1,h=1//4,h+1=,h=1//4. h+1=
e,-,//,2,7,4,-5,-2,e=2-7,e//4=,e=2-7. e//4=
z,*,//,6,1,5,6,1,z=6*1,z//5=,z=6*1. z//5=
w,//,+,5,7,3,0,3,w=5//7,w+3=,w=5//7. w+3=
q,//,+,6,8,1,0,1,q=6//8,q+1=,q=6//8. q+1=
b,//,*,4,2,6,2,12,b=4//2,b*6=,b=4//2. b*6=
c,*,-,2,5,1,10,9,c=2*5,c-1=,c=2*5. c-1=
x,+,+,3,1,8,4,12,x=3+1,x+8=,x=3+1. x+8=
a,*,-,8,3,7,24,17,a=8*3,a-7=,a=8*3. a-7=
o,//,+,4,7,7,0,7,o=4//7,o+7=,o=4//7. o+7=
z,+,-,2,7,3,9,6,z=2+7,z-3=,z=2+7. z-3=
a,-,//,2,7,8,-5,-1,a=2-7,a//8=,a=2-7. a//8=
g,+,//,7,9,3,16,5,g=7+9,g//3=,g=7+9. g//3=
g,*,+,2,9,9,18,27,g=2*9,g+9=,g=2*9. g+9=
k,//,+,9,3,3,3,6,k=9//3,k+3=,k=9//3. k+3=
g,//,//,9,8,8,1,0,g=9//8,g//8=,g=9//8. g//8=
m,-,*,4,7,7,-3,-21,m=4-7,m*7=,m=4-7. m*7=
e,+,*,7,8,9,15,135,e=7+8,e*9=,e=7+8. e*9=
i,//,+,4,9,9,0,9,i=4//9,i+9=,i=4//9. i+9=
f,//,-,7,1,9,7,-2,f=7//1,f-9=,f=7//1. f-9=
r,+,*,1,8,3,9,27,r=1+8,r*3=,r=1+8. r*3=
o,-,*,5,3,7,2,14,o=5-3,o*7=,o=5-3. o*7=
d,-,-,1,9,4,-8,-12,d=1-9,d-4=,d=1-9. d-4=
k,//,*,3,7,8,0,0,k=3//7,k*8=,k=3//7. k*8=
t,+,//,2,6,2,8,4,t=2+6,t//2=,t=2+6. t//2=
f,*,-,3,8,3,24,21,f=3*8,f-3=,f=3*8. f-3=
s,-,//,3,2,7,1,0,s=3-2,s//7=,s=3-2. s//7=
y,*,*,1,9,1,9,9,y=1*9,y*1=,y=1*9. y*1=
x,+,+,6,4,1,10,11,x=6+4,x+1=,x=6+4. x+1=
m,//,*,2,3,8,0,0,m=2//3,m*8=,m=2//3. m*8=
l,*,+,2,9,6,18,24,l=2*9,l+6=,l=2*9. l+6=
g,+,*,5,1,7,6,42,g=5+1,g*7=,g=5+1. g*7=
w,*,//,9,4,6,36,6,w=9*4,w//6=,w=9*4. w//6=
x,-,-,6,7,3,-1,-4,x=6-7,x-3=,x=6-7. x-3=
d,+,*,9,6,7,15,105,d=9+6,d*7=,d=9+6. d*7=
q,//,-,8,6,4,1,-3,q=8//6,q-4=,q=8//6. q-4=
p,*,//,1,8,2,8,4,p=1*8,p//2=,p=1*8. p//2=
b,+,//,1,9,5,10,2,b=1+9,b//5=,b=1+9. b//5=
d,+,-,3,4,9,7,-2,d=3+4,d-9=,d=3+4. d-9=
i,-,-,4,4,8,0,-8,i=4-4,i-8=,i=4-4. i-8=
k,*,+,3,3,2,9,11,k=3*3,k+2=,k=3*3. k+2=
q,-,*,2,9,3,-7,-21,q=2-9,q*3=,q=2-9. q*3=
t,+,//,5,3,5,8,1,t=5+3,t//5=,t=5+3. t//5=
q,*,+,2,7,2,14,16,q=2*7,q+2=,q=2*7. q+2=
v,*,//,1,2,7,2,0,v=1*2,v//7=,v=1*2. v//7=
c,*,+,5,9,2,45,47,c=5*9,c+2=,c=5*9. c+2=
e,//,-,2,4,3,0,-3,e=2//4,e-3=,e=2//4. e-3=
p,*,//,5,9,3,45,15,p=5*9,p//3=,p=5*9. p//3=
l,-,-,9,9,5,0,-5,l=9-9,l-5=,l=9-9. l-5=
b,//,-,7,4,6,1,-5,b=7//4,b-6=,b=7//4. b-6=
r,*,//,6,5,6,30,5,r=6*5,r//6=,r=6*5. r//6=
k,*,*,9,7,6,63,378,k=9*7,k*6=,k=9*7. k*6=
b,-,//,1,3,1,-2,-2,b=1-3,b//1=,b=1-3. b//1=
u,//,//,3,9,1,0,0,u=3//9,u//1=,u=3//9. u//1=
b,//,//,1,2,5,0,0,b=1//2,b//5=,b=1//2. b//5=
x,+,+,2,2,7,4,11,x=2+2,x+7=,x=2+2. x+7=
p,*,+,1,3,7,3,10,p=1*3,p+7=,p=1*3. p+7=
k,//,+,3,8,4,0,4,k=3//8,k+4=,k=3//8. k+4=
g,*,*,2,5,2,10,20,g=2*5,g*2=,g=2*5. g*2=
x,*,+,9,3,8,27,35,x=9*3,x+8=,x=9*3. x+8=
x,*,//,2,7,9,14,1,x=2*7,x//9=,x=2*7. x//9=
z,//,+,5,9,6,0,6,z=5//9,z+6=,z=5//9. z+6=
e,+,-,9,6,5,15,10,e=9+6,e-5=,e=9+6. e-5=
g,-,//,1,5,3,-4,-2,g=1-5,g//3=,g=1-5. g//3=
u,+,-,5,4,5,9,4,u=5+4,u-5=,u=5+4. u-5=
m,+,//,8,2,7,10,1,m=8+2,m//7=,m=8+2. m//7=
d,//,//,8,8,2,1,0,d=8//8,d//2=,d=8//8. d//2=
w,*,-,1,3,9,3,-6,w=1*3,w-9=,w=1*3. w-9=
e,-,//,9,6,9,3,0,e=9-6,e//9=,e=9-6. e//9=
b,+,+,2,5,3,7,10,b=2+5,b+3=,b=2+5. b+3=
k,*,*,5,6,4,30,120,k=5*6,k*4=,k=5*6. k*4=
t,//,//,5,9,4,0,0,t=5//9,t//4=,t=5//9. t//4=
k,//,//,8,3,5,2,0,k=8//3,k//5=,k=8//3. k//5=
m,*,-,5,1,2,5,3,m=5*1,m-2=,m=5*1. m-2=
w,*,+,7,5,1,35,36,w=7*5,w+1=,w=7*5. w+1=
r,-,*,5,5,6,0,0,r=5-5,r*6=,r=5-5. r*6=
g,//,+,4,1,2,4,6,g=4//1,g+2=,g=4//1. g+2=
x,*,//,6,9,7,54,7,x=6*9,x//7=,x=6*9. x//7=
e,//,+,4,6,4,0,4,e=4//6,e+4=,e=4//6. e+4=
t,+,-,7,7,2,14,12,t=7+7,t-2=,t=7+7. t-2=
i,//,*,5,4,3,1,3,i=5//4,i*3=,i=5//4. i*3=
a,+,//,2,5,6,7,1,a=2+5,a//6=,a=2+5. a//6=
n,-,//,2,5,6,-3,-1,n=2-5,n//6=,n=2-5. n//6=
c,//,//,8,6,4,1,0,c=8//6,c//4=,c=8//6. c//4=
r,+,+,7,3,5,10,15,r=7+3,r+5=,r=7+3. r+5=
s,+,//,4,1,1,5,5,s=4+1,s//1=,s=4+1. s//1=
q,-,//,7,6,7,1,0,q=7-6,q//7=,q=7-6. q//7=
k,*,*,5,5,9,25,225,k=5*5,k*9=,k=5*5. k*9=
j,+,-,5,3,6,8,2,j=5+3,j-6=,j=5+3. j-6=
q,-,//,7,1,6,6,1,q=7-1,q//6=,q=7-1. q//6=
d,//,+,1,7,8,0,8,d=1//7,d+8=,d=1//7. d+8=
t,+,*,3,9,6,12,72,t=3+9,t*6=,t=3+9. t*6=
s,-,*,5,4,3,1,3,s=5-4,s*3=,s=5-4. s*3=
s,+,-,4,3,5,7,2,s=4+3,s-5=,s=4+3. s-5=
e,+,*,2,5,5,7,35,e=2+5,e*5=,e=2+5. e*5=
g,-,+,9,8,9,1,10,g=9-8,g+9=,g=9-8. g+9=
t,+,//,9,6,8,15,1,t=9+6,t//8=,t=9+6. t//8=
r,+,*,4,4,6,8,48,r=4+4,r*6=,r=4+4. r*6=
u,*,*,8,1,6,8,48,u=8*1,u*6=,u=8*1. u*6=
v,*,//,6,4,5,24,4,v=6*4,v//5=,v=6*4. v//5=
j,*,//,3,1,5,3,0,j=3*1,j//5=,j=3*1. j//5=
h,-,+,5,8,9,-3,6,h=5-8,h+9=,h=5-8. h+9=
a,//,+,4,7,6,0,6,a=4//7,a+6=,a=4//7. a+6=
e,//,-,5,2,1,2,1,e=5//2,e-1=,e=5//2. e-1=
z,*,//,7,3,7,21,3,z=7*3,z//7=,z=7*3. z//7=
w,-,*,9,1,6,8,48,w=9-1,w*6=,w=9-1. w*6=
r,-,//,1,4,7,-3,-1,r=1-4,r//7=,r=1-4. r//7=
i,-,*,4,2,2,2,4,i=4-2,i*2=,i=4-2. i*2=
n,+,-,2,5,2,7,5,n=2+5,n-2=,n=2+5. n-2=
j,//,+,3,4,9,0,9,j=3//4,j+9=,j=3//4. j+9=
k,+,//,3,5,1,8,8,k=3+5,k//1=,k=3+5. k//1=
k,//,//,4,2,1,2,2,k=4//2,k//1=,k=4//2. k//1=
o,-,*,8,4,7,4,28,o=8-4,o*7=,o=8-4. o*7=
y,+,-,2,5,2,7,5,y=2+5,y-2=,y=2+5. y-2=
a,-,//,9,8,5,1,0,a=9-8,a//5=,a=9-8. a//5=
t,+,//,1,4,9,5,0,t=1+4,t//9=,t=1+4. t//9=
h,-,+,3,4,8,-1,7,h=3-4,h+8=,h=3-4. h+8=
t,-,-,2,2,7,0,-7,t=2-2,t-7=,t=2-2. t-7=
e,+,+,4,1,8,5,13,e=4+1,e+8=,e=4+1. e+8=
i,*,*,6,2,3,12,36,i=6*2,i*3=,i=6*2. i*3=
a,+,*,4,8,9,12,108,a=4+8,a*9=,a=4+8. a*9=
e,-,*,3,7,5,-4,-20,e=3-7,e*5=,e=3-7. e*5=
j,*,+,4,2,4,8,12,j=4*2,j+4=,j=4*2. j+4=
z,//,*,2,1,4,2,8,z=2//1,z*4=,z=2//1. z*4=
p,*,+,5,6,3,30,33,p=5*6,p+3=,p=5*6. p+3=
j,-,*,4,5,9,-1,-9,j=4-5,j*9=,j=4-5. j*9=
w,//,//,6,8,7,0,0,w=6//8,w//7=,w=6//8. w//7=
z,*,*,4,1,9,4,36,z=4*1,z*9=,z=4*1. z*9=
l,-,-,9,2,5,7,2,l=9-2,l-5=,l=9-2. l-5=
p,//,*,3,8,3,0,0,p=3//8,p*3=,p=3//8. p*3=
t,+,+,9,1,7,10,17,t=9+1,t+7=,t=9+1. t+7=
k,+,*,7,6,3,13,39,k=7+6,k*3=,k=7+6. k*3=
f,*,//,6,3,8,18,2,f=6*3,f//8=,f=6*3. f//8=
w,+,-,8,4,5,12,7,w=8+4,w-5=,w=8+4. w-5=
b,//,-,8,5,3,1,-2,b=8//5,b-3=,b=8//5. b-3=
y,//,+,9,1,2,9,11,y=9//1,y+2=,y=9//1. y+2=
n,-,-,8,8,1,0,-1,n=8-8,n-1=,n=8-8. n-1=
f,*,//,2,5,5,10,2,f=2*5,f//5=,f=2*5. f//5=
u,+,//,4,9,8,13,1,u=4+9,u//8=,u=4+9. u//8=
f,*,-,5,7,2,35,33,f=5*7,f-2=,f=5*7. f-2=
d,//,*,1,2,5,0,0,d=1//2,d*5=,d=1//2. d*5=
b,+,*,3,5,4,8,32,b=3+5,b*4=,b=3+5. b*4=
b,-,-,2,9,1,-7,-8,b=2-9,b-1=,b=2-9. b-1=
k,//,*,2,5,6,0,0,k=2//5,k*6=,k=2//5. k*6=
t,+,//,5,2,8,7,0,t=5+2,t//8=,t=5+2. t//8=
c,+,*,5,8,8,13,104,c=5+8,c*8=,c=5+8. c*8=
y,-,//,6,6,3,0,0,y=6-6,y//3=,y=6-6. y//3=
n,-,//,5,5,8,0,0,n=5-5,n//8=,n=5-5. n//8=
r,-,-,8,8,1,0,-1,r=8-8,r-1=,r=8-8. r-1=
r,+,-,2,8,1,10,9,r=2+8,r-1=,r=2+8. r-1=
q,-,+,9,4,3,5,8,q=9-4,q+3=,q=9-4. q+3=
z,//,//,7,6,1,1,1,z=7//6,z//1=,z=7//6. z//1=
l,+,+,9,5,5,14,19,l=9+5,l+5=,l=9+5. l+5=
p,//,//,5,2,7,2,0,p=5//2,p//7=,p=5//2. p//7=
e,//,*,3,3,3,1,3,e=3//3,e*3=,e=3//3. e*3=
f,+,*,5,1,4,6,24,f=5+1,f*4=,f=5+1. f*4=
j,//,-,1,6,3,0,-3,j=1//6,j-3=,j=1//6. j-3=
t,+,+,2,4,8,6,14,t=2+4,t+8=,t=2+4. t+8=
l,*,//,2,5,2,10,5,l=2*5,l//2=,l=2*5. l//2=
f,+,-,7,4,7,11,4,f=7+4,f-7=,f=7+4. f-7=
k,*,-,7,1,6,7,1,k=7*1,k-6=,k=7*1. k-6=
v,//,*,4,6,1,0,0,v=4//6,v*1=,v=4//6. v*1=
f,-,-,9,6,6,3,-3,f=9-6,f-6=,f=9-6. f-6=
t,//,-,5,8,6,0,-6,t=5//8,t-6=,t=5//8. t-6=
w,-,+,8,2,5,6,11,w=8-2,w+5=,w=8-2. w+5=
k,-,-,3,4,9,-1,-10,k=3-4,k-9=,k=3-4. k-9=
x,//,*,3,5,1,0,0,x=3//5,x*1=,x=3//5. x*1=
z,-,+,4,6,5,-2,3,z=4-6,z+5=,z=4-6. z+5=
t,+,//,4,6,2,10,5,t=4+6,t//2=,t=4+6. t//2=
f,+,+,8,7,7,15,22,f=8+7,f+7=,f=8+7. f+7=
l,+,-,4,2,3,6,3,l=4+2,l-3=,l=4+2. l-3=
t,-,//,5,7,3,-2,-1,t=5-7,t//3=,t=5-7. t//3=
t,*,*,9,1,5,9,45,t=9*1,t*5=,t=9*1. t*5=
z,//,-,6,2,8,3,-5,z=6//2,z-8=,z=6//2. z-8=
w,//,-,4,1,9,4,-5,w=4//1,w-9=,w=4//1. w-9=
v,+,//,6,8,7,14,2,v=6+8,v//7=,v=6+8. v//7=
a,+,+,1,8,7,9,16,a=1+8,a+7=,a=1+8. a+7=
f,-,+,6,4,2,2,4,f=6-4,f+2=,f=6-4. f+2=
g,-,+,7,6,1,1,2,g=7-6,g+1=,g=7-6. g+1=
m,*,-,2,5,7,10,3,m=2*5,m-7=,m=2*5. m-7=
e,+,*,7,5,8,12,96,e=7+5,e*8=,e=7+5. e*8=
w,*,-,5,4,9,20,11,w=5*4,w-9=,w=5*4. w-9=
c,+,+,6,1,1,7,8,c=6+1,c+1=,c=6+1. c+1=
r,//,-,6,9,2,0,-2,r=6//9,r-2=,r=6//9. r-2=
q,-,*,3,1,7,2,14,q=3-1,q*7=,q=3-1. q*7=
p,//,//,7,7,5,1,0,p=7//7,p//5=,p=7//7. p//5=
t,+,-,5,2,4,7,3,t=5+2,t-4=,t=5+2. t-4=
b,+,-,4,1,4,5,1,b=4+1,b-4=,b=4+1. b-4=
e,+,-,4,7,1,11,10,e=4+7,e-1=,e=4+7. e-1=
q,-,-,2,2,9,0,-9,q=2-2,q-9=,q=2-2. q-9=
w,+,-,8,7,4,15,11,w=8+7,w-4=,w=8+7. w-4=
m,*,+,8,6,1,48,49,m=8*6,m+1=,m=8*6. m+1=
f,-,//,7,3,6,4,0,f=7-3,f//6=,f=7-3. f//6=
n,*,-,2,5,6,10,4,n=2*5,n-6=,n=2*5. n-6=
j,+,//,4,1,7,5,0,j=4+1,j//7=,j=4+1. j//7=
z,*,*,8,9,7,72,504,z=8*9,z*7=,z=8*9. z*7=
w,+,*,3,2,9,5,45,w=3+2,w*9=,w=3+2. w*9=
b,-,+,5,5,7,0,7,b=5-5,b+7=,b=5-5. b+7=
b,*,+,3,6,4,18,22,b=3*6,b+4=,b=3*6. b+4=
g,-,-,4,3,1,1,0,g=4-3,g-1=,g=4-3. g-1=
b,+,+,8,5,1,13,14,b=8+5,b+1=,b=8+5. b+1=
i,+,+,8,8,2,16,18,i=8+8,i+2=,i=8+8. i+2=
m,-,+,5,1,2,4,6,m=5-1,m+2=,m=5-1. m+2=
u,-,//,1,7,5,-6,-2,u=1-7,u//5=,u=1-7. u//5=
i,-,+,1,5,5,-4,1,i=1-5,i+5=,i=1-5. i+5=
g,//,+,3,8,2,0,2,g=3//8,g+2=,g=3//8. g+2=
r,*,*,7,4,9,28,252,r=7*4,r*9=,r=7*4. r*9=
v,+,//,3,3,1,6,6,v=3+3,v//1=,v=3+3. v//1=
l,-,+,4,3,6,1,7,l=4-3,l+6=,l=4-3. l+6=
g,+,+,7,4,8,11,19,g=7+4,g+8=,g=7+4. g+8=
h,-,+,1,3,6,-2,4,h=1-3,h+6=,h=1-3. h+6=
n,-,*,6,6,7,0,0,n=6-6,n*7=,n=6-6. n*7=
t,*,-,8,7,7,56,49,t=8*7,t-7=,t=8*7. t-7=
k,//,+,6,9,8,0,8,k=6//9,k+8=,k=6//9. k+8=
g,-,+,8,6,6,2,8,g=8-6,g+6=,g=8-6. g+6=
g,-,//,8,3,6,5,0,g=8-3,g//6=,g=8-3. g//6=
v,//,+,5,8,2,0,2,v=5//8,v+2=,v=5//8. v+2=
e,-,-,3,9,1,-6,-7,e=3-9,e-1=,e=3-9. e-1=
m,+,//,4,5,4,9,2,m=4+5,m//4=,m=4+5. m//4=
u,+,-,6,1,5,7,2,u=6+1,u-5=,u=6+1. u-5=
p,//,-,9,3,9,3,-6,p=9//3,p-9=,p=9//3. p-9=
o,//,*,4,7,1,0,0,o=4//7,o*1=,o=4//7. o*1=
z,-,+,8,4,5,4,9,z=8-4,z+5=,z=8-4. z+5=
w,//,+,6,4,4,1,5,w=6//4,w+4=,w=6//4. w+4=
z,//,*,6,7,2,0,0,z=6//7,z*2=,z=6//7. z*2=
z,+,-,4,4,5,8,3,z=4+4,z-5=,z=4+4. z-5=
i,-,+,2,5,9,-3,6,i=2-5,i+9=,i=2-5. i+9=
m,+,*,8,8,5,16,80,m=8+8,m*5=,m=8+8. m*5=
o,-,//,8,7,4,1,0,o=8-7,o//4=,o=8-7. o//4=
f,+,//,2,9,4,11,2,f=2+9,f//4=,f=2+9. f//4=
k,-,//,2,3,6,-1,-1,k=2-3,k//6=,k=2-3. k//6=
r,//,-,9,8,4,1,-3,r=9//8,r-4=,r=9//8. r-4=
h,*,-,8,9,7,72,65,h=8*9,h-7=,h=8*9. h-7=
x,+,-,6,3,5,9,4,x=6+3,x-5=,x=6+3. x-5=
i,-,//,8,6,2,2,1,i=8-6,i//2=,i=8-6. i//2=
e,*,+,1,8,7,8,15,e=1*8,e+7=,e=1*8. e+7=
d,+,+,8,2,8,10,18,d=8+2,d+8=,d=8+2. d+8=
m,*,-,9,7,7,63,56,m=9*7,m-7=,m=9*7. m-7=
v,//,-,4,2,4,2,-2,v=4//2,v-4=,v=4//2. v-4=
y,-,-,3,1,4,2,-2,y=3-1,y-4=,y=3-1. y-4=
n,//,+,8,4,4,2,6,n=8//4,n+4=,n=8//4. n+4=
t,-,+,9,5,2,4,6,t=9-5,t+2=,t=9-5. t+2=
a,//,-,7,2,9,3,-6,a=7//2,a-9=,a=7//2. a-9=
o,//,//,6,8,2,0,0,o=6//8,o//2=,o=6//8. o//2=
p,*,*,9,9,4,81,324,p=9*9,p*4=,p=9*9. p*4=
s,-,*,8,5,6,3,18,s=8-5,s*6=,s=8-5. s*6=
k,//,+,9,3,2,3,5,k=9//3,k+2=,k=9//3. k+2=
g,//,*,7,3,2,2,4,g=7//3,g*2=,g=7//3. g*2=
w,-,*,8,9,3,-1,-3,w=8-9,w*3=,w=8-9. w*3=
u,*,+,4,1,8,4,12,u=4*1,u+8=,u=4*1. u+8=
d,+,+,4,5,5,9,14,d=4+5,d+5=,d=4+5. d+5=
n,//,+,8,5,4,1,5,n=8//5,n+4=,n=8//5. n+4=
n,+,-,4,2,7,6,-1,n=4+2,n-7=,n=4+2. n-7=
h,-,*,1,7,7,-6,-42,h=1-7,h*7=,h=1-7. h*7=
p,+,-,6,2,5,8,3,p=6+2,p-5=,p=6+2. p-5=
p,-,+,9,5,7,4,11,p=9-5,p+7=,p=9-5. p+7=
k,+,*,7,2,3,9,27,k=7+2,k*3=,k=7+2. k*3=
i,+,+,9,2,9,11,20,i=9+2,i+9=,i=9+2. i+9=
k,//,+,1,9,2,0,2,k=1//9,k+2=,k=1//9. k+2=
w,+,*,1,1,5,2,10,w=1+1,w*5=,w=1+1. w*5=
a,-,+,2,6,3,-4,-1,a=2-6,a+3=,a=2-6. a+3=
c,+,//,1,2,9,3,0,c=1+2,c//9=,c=1+2. c//9=
x,//,*,4,3,9,1,9,x=4//3,x*9=,x=4//3. x*9=
t,-,*,5,3,7,2,14,t=5-3,t*7=,t=5-3. t*7=
z,*,+,6,9,6,54,60,z=6*9,z+6=,z=6*9. z+6=
d,-,//,6,3,6,3,0,d=6-3,d//6=,d=6-3. d//6=
g,//,+,3,4,8,0,8,g=3//4,g+8=,g=3//4. g+8=
s,*,+,3,2,1,6,7,s=3*2,s+1=,s=3*2. s+1=
y,-,+,8,6,2,2,4,y=8-6,y+2=,y=8-6. y+2=
w,//,//,2,8,6,0,0,w=2//8,w//6=,w=2//8. w//6=
n,-,-,7,8,8,-1,-9,n=7-8,n-8=,n=7-8. n-8=
y,+,*,8,5,9,13,117,y=8+5,y*9=,y=8+5. y*9=
x,+,+,5,4,6,9,15,x=5+4,x+6=,x=5+4. x+6=
o,-,-,3,1,8,2,-6,o=3-1,o-8=,o=3-1. o-8=
b,+,//,7,4,7,11,1,b=7+4,b//7=,b=7+4. b//7=
b,*,//,3,3,1,9,9,b=3*3,b//1=,b=3*3. b//1=
a,*,*,4,7,8,28,224,a=4*7,a*8=,a=4*7. a*8=
w,+,//,5,3,8,8,1,w=5+3,w//8=,w=5+3. w//8=
u,*,*,4,9,4,36,144,u=4*9,u*4=,u=4*9. u*4=
u,-,+,1,7,1,-6,-5,u=1-7,u+1=,u=1-7. u+1=
m,*,+,3,7,4,21,25,m=3*7,m+4=,m=3*7. m+4=
t,*,*,3,7,6,21,126,t=3*7,t*6=,t=3*7. t*6=
u,//,-,5,4,1,1,0,u=5//4,u-1=,u=5//4. u-1=
c,*,-,9,3,8,27,19,c=9*3,c-8=,c=9*3. c-8=
o,+,*,3,3,9,6,54,o=3+3,o*9=,o=3+3. o*9=
x,+,*,1,3,7,4,28,x=1+3,x*7=,x=1+3. x*7=
n,+,+,3,6,5,9,14,n=3+6,n+5=,n=3+6. n+5=
x,+,//,2,4,5,6,1,x=2+4,x//5=,x=2+4. x//5=
s,-,//,9,7,5,2,0,s=9-7,s//5=,s=9-7. s//5=
a,//,+,5,1,2,5,7,a=5//1,a+2=,a=5//1. a+2=
o,//,//,4,9,4,0,0,o=4//9,o//4=,o=4//9. o//4=
x,+,+,7,2,7,9,16,x=7+2,x+7=,x=7+2. x+7=
y,+,-,9,7,7,16,9,y=9+7,y-7=,y=9+7. y-7=
j,-,+,4,4,9,0,9,j=4-4,j+9=,j=4-4. j+9=
r,-,-,7,9,4,-2,-6,r=7-9,r-4=,r=7-9. r-4=
l,//,*,3,9,3,0,0,l=3//9,l*3=,l=3//9. l*3=
b,-,-,7,4,7,3,-4,b=7-4,b-7=,b=7-4. b-7=
d,+,+,6,4,1,10,11,d=6+4,d+1=,d=6+4. d+1=
h,-,//,5,8,7,-3,-1,h=5-8,h//7=,h=5-8. h//7=
c,*,-,2,4,2,8,6,c=2*4,c-2=,c=2*4. c-2=
u,//,//,2,4,3,0,0,u=2//4,u//3=,u=2//4. u//3=
l,//,+,5,3,8,1,9,l=5//3,l+8=,l=5//3. l+8=
t,//,//,5,5,1,1,1,t=5//5,t//1=,t=5//5. t//1=
r,+,//,4,6,8,10,1,r=4+6,r//8=,r=4+6. r//8=
d,+,//,9,8,7,17,2,d=9+8,d//7=,d=9+8. d//7=
x,//,-,6,3,5,2,-3,x=6//3,x-5=,x=6//3. x-5=
s,+,-,5,6,6,11,5,s=5+6,s-6=,s=5+6. s-6=
r,//,*,7,4,5,1,5,r=7//4,r*5=,r=7//4. r*5=
h,*,//,9,3,1,27,27,h=9*3,h//1=,h=9*3. h//1=
w,//,//,6,8,2,0,0,w=6//8,w//2=,w=6//8. w//2=
t,-,*,1,7,1,-6,-6,t=1-7,t*1=,t=1-7. t*1=
h,//,*,1,5,6,0,0,h=1//5,h*6=,h=1//5. h*6=
i,-,//,6,2,1,4,4,i=6-2,i//1=,i=6-2. i//1=
u,-,+,9,5,1,4,5,u=9-5,u+1=,u=9-5. u+1=
l,//,+,7,2,8,3,11,l=7//2,l+8=,l=7//2. l+8=
z,+,*,9,6,1,15,15,z=9+6,z*1=,z=9+6. z*1=
i,+,//,1,1,3,2,0,i=1+1,i//3=,i=1+1. i//3=
b,+,*,6,9,8,15,120,b=6+9,b*8=,b=6+9. b*8=
n,//,-,9,9,3,1,-2,n=9//9,n-3=,n=9//9. n-3=
k,-,-,1,8,8,-7,-15,k=1-8,k-8=,k=1-8. k-8=
u,+,-,4,8,1,12,11,u=4+8,u-1=,u=4+8. u-1=
p,//,+,7,1,8,7,15,p=7//1,p+8=,p=7//1. p+8=
o,*,-,1,5,1,5,4,o=1*5,o-1=,o=1*5. o-1=
h,+,+,2,2,9,4,13,h=2+2,h+9=,h=2+2. h+9=
x,*,*,6,4,9,24,216,x=6*4,x*9=,x=6*4. x*9=
q,//,//,1,2,7,0,0,q=1//2,q//7=,q=1//2. q//7=
r,+,+,1,4,1,5,6,r=1+4,r+1=,r=1+4. r+1=
i,//,+,3,8,3,0,3,i=3//8,i+3=,i=3//8. i+3=
l,*,-,7,9,6,63,57,l=7*9,l-6=,l=7*9. l-6=
r,-,*,8,2,6,6,36,r=8-2,r*6=,r=8-2. r*6=
k,-,-,4,3,4,1,-3,k=4-3,k-4=,k=4-3. k-4=
m,-,*,2,4,2,-2,-4,m=2-4,m*2=,m=2-4. m*2=
a,+,*,4,2,7,6,42,a=4+2,a*7=,a=4+2. a*7=
z,//,+,3,2,2,1,3,z=3//2,z+2=,z=3//2. z+2=
j,//,-,3,6,4,0,-4,j=3//6,j-4=,j=3//6. j-4=
x,+,+,4,5,6,9,15,x=4+5,x+6=,x=4+5. x+6=
f,//,+,9,4,3,2,5,f=9//4,f+3=,f=9//4. f+3=
w,+,+,9,7,2,16,18,w=9+7,w+2=,w=9+7. w+2=
x,*,//,3,7,2,21,10,x=3*7,x//2=,x=3*7. x//2=
b,-,*,9,7,2,2,4,b=9-7,b*2=,b=9-7. b*2=
o,-,*,5,7,5,-2,-10,o=5-7,o*5=,o=5-7. o*5=
q,//,-,9,6,5,1,-4,q=9//6,q-5=,q=9//6. q-5=
p,*,*,3,9,6,27,162,p=3*9,p*6=,p=3*9. p*6=
f,//,+,7,4,4,1,5,f=7//4,f+4=,f=7//4. f+4=
x,-,//,8,2,7,6,0,x=8-2,x//7=,x=8-2. x//7=
q,+,-,2,5,1,7,6,q=2+5,q-1=,q=2+5. q-1=
t,+,-,3,2,9,5,-4,t=3+2,t-9=,t=3+2. t-9=
q,+,-,6,9,5,15,10,q=6+9,q-5=,q=6+9. q-5=
k,//,+,8,4,8,2,10,k=8//4,k+8=,k=8//4. k+8=
v,//,-,3,8,3,0,-3,v=3//8,v-3=,v=3//8. v-3=
m,*,*,7,7,7,49,343,m=7*7,m*7=,m=7*7. m*7=
e,-,*,6,9,2,-3,-6,e=6-9,e*2=,e=6-9. e*2=
v,+,*,3,6,1,9,9,v=3+6,v*1=,v=3+6. v*1=
a,-,-,4,4,7,0,-7,a=4-4,a-7=,a=4-4. a-7=
f,*,+,3,8,6,24,30,f=3*8,f+6=,f=3*8. f+6=
n,-,//,8,2,4,6,1,n=8-2,n//4=,n=8-2. n//4=
l,//,+,1,9,7,0,7,l=1//9,l+7=,l=1//9. l+7=
y,*,+,1,7,9,7,16,y=1*7,y+9=,y=1*7. y+9=
d,-,//,2,6,9,-4,-1,d=2-6,d//9=,d=2-6. d//9=
x,+,//,8,2,1,10,10,x=8+2,x//1=,x=8+2. x//1=
b,+,//,7,9,1,16,16,b=7+9,b//1=,b=7+9. b//1=
j,*,//,3,9,6,27,4,j=3*9,j//6=,j=3*9. j//6=
c,//,*,8,3,5,2,10,c=8//3,c*5=,c=8//3. c*5=
j,*,+,3,4,8,12,20,j=3*4,j+8=,j=3*4. j+8=
a,-,+,9,1,2,8,10,a=9-1,a+2=,a=9-1. a+2=
q,//,+,2,8,5,0,5,q=2//8,q+5=,q=2//8. q+5=
s,+,*,4,8,7,12,84,s=4+8,s*7=,s=4+8. s*7=
p,+,*,1,9,5,10,50,p=1+9,p*5=,p=1+9. p*5=
e,*,//,6,6,2,36,18,e=6*6,e//2=,e=6*6. e//2=
y,//,-,2,1,3,2,-1,y=2//1,y-3=,y=2//1. y-3=
z,+,*,3,2,9,5,45,z=3+2,z*9=,z=3+2. z*9=
z,-,//,4,9,2,-5,-3,z=4-9,z//2=,z=4-9. z//2=
m,-,+,8,2,3,6,9,m=8-2,m+3=,m=8-2. m+3=
s,//,+,6,1,8,6,14,s=6//1,s+8=,s=6//1. s+8=
e,//,//,2,4,9,0,0,e=2//4,e//9=,e=2//4. e//9=
j,//,//,9,5,4,1,0,j=9//5,j//4=,j=9//5. j//4=
r,*,*,1,2,7,2,14,r=1*2,r*7=,r=1*2. r*7=
m,*,+,6,6,1,36,37,m=6*6,m+1=,m=6*6. m+1=
d,//,//,5,6,8,0,0,d=5//6,d//8=,d=5//6. d//8=
m,+,-,1,6,1,7,6,m=1+6,m-1=,m=1+6. m-1=
u,//,-,6,7,2,0,-2,u=6//7,u-2=,u=6//7. u-2=
w,+,*,3,9,6,12,72,w=3+9,w*6=,w=3+9. w*6=
u,-,*,8,4,4,4,16,u=8-4,u*4=,u=8-4. u*4=
s,*,//,2,5,5,10,2,s=2*5,s//5=,s=2*5. s//5=
d,+,+,9,5,7,14,21,d=9+5,d+7=,d=9+5. d+7=
v,-,+,9,3,4,6,10,v=9-3,v+4=,v=9-3. v+4=
b,-,*,4,5,4,-1,-4,b=4-5,b*4=,b=4-5. b*4=
p,*,-,5,4,4,20,16,p=5*4,p-4=,p=5*4. p-4=
q,//,+,6,9,1,0,1,q=6//9,q+1=,q=6//9. q+1=
e,+,*,7,8,3,15,45,e=7+8,e*3=,e=7+8. e*3=
s,//,+,9,2,6,4,10,s=9//2,s+6=,s=9//2. s+6=
x,*,+,8,4,4,32,36,x=8*4,x+4=,x=8*4. x+4=
h,*,+,6,2,9,12,21,h=6*2,h+9=,h=6*2. h+9=
v,-,*,2,4,8,-2,-16,v=2-4,v*8=,v=2-4. v*8=
q,//,-,2,2,5,1,-4,q=2//2,q-5=,q=2//2. q-5=
e,+,+,3,5,7,8,15,e=3+5,e+7=,e=3+5. e+7=
p,+,-,1,7,5,8,3,p=1+7,p-5=,p=1+7. p-5=
n,+,-,7,8,3,15,12,n=7+8,n-3=,n=7+8. n-3=
x,*,-,3,7,4,21,17,x=3*7,x-4=,x=3*7. x-4=
m,-,-,4,7,2,-3,-5,m=4-7,m-2=,m=4-7. m-2=
p,//,-,9,4,1,2,1,p=9//4,p-1=,p=9//4. p-1=
c,-,-,5,6,9,-1,-10,c=5-6,c-9=,c=5-6. c-9=
z,//,//,2,6,7,0,0,z=2//6,z//7=,z=2//6. z//7=
d,-,*,4,3,6,1,6,d=4-3,d*6=,d=4-3. d*6=
o,-,*,9,1,5,8,40,o=9-1,o*5=,o=9-1. o*5=
z,*,*,4,8,2,32,64,z=4*8,z*2=,z=4*8. z*2=
i,//,//,1,7,9,0,0,i=1//7,i//9=,i=1//7. i//9=
k,*,*,4,2,6,8,48,k=4*2,k*6=,k=4*2. k*6=
h,-,//,6,8,8,-2,-1,h=6-8,h//8=,h=6-8. h//8=
h,-,*,3,5,1,-2,-2,h=3-5,h*1=,h=3-5. h*1=
g,*,//,7,9,2,63,31,g=7*9,g//2=,g=7*9. g//2=
r,+,*,9,8,9,17,153,r=9+8,r*9=,r=9+8. r*9=
x,*,//,7,9,4,63,15,x=7*9,x//4=,x=7*9. x//4=
w,*,-,5,7,8,35,27,w=5*7,w-8=,w=5*7. w-8=
f,*,+,9,3,1,27,28,f=9*3,f+1=,f=9*3. f+1=
o,+,+,7,4,3,11,14,o=7+4,o+3=,o=7+4. o+3=
o,//,+,8,9,9,0,9,o=8//9,o+9=,o=8//9. o+9=
i,*,-,2,4,3,8,5,i=2*4,i-3=,i=2*4. i-3=
u,//,*,4,3,2,1,2,u=4//3,u*2=,u=4//3. u*2=
k,-,-,9,5,3,4,1,k=9-5,k-3=,k=9-5. k-3=
b,*,//,4,4,1,16,16,b=4*4,b//1=,b=4*4. b//1=
y,+,-,5,8,1,13,12,y=5+8,y-1=,y=5+8. y-1=
j,+,//,7,1,5,8,1,j=7+1,j//5=,j=7+1. j//5=
a,+,-,4,2,5,6,1,a=4+2,a-5=,a=4+2. a-5=
r,*,//,5,5,2,25,12,r=5*5,r//2=,r=5*5. r//2=
x,*,-,4,6,5,24,19,x=4*6,x-5=,x=4*6. x-5=
w,//,*,9,8,7,1,7,w=9//8,w*7=,w=9//8. w*7=
m,//,//,3,1,3,3,1,m=3//1,m//3=,m=3//1. m//3=
q,*,+,7,6,6,42,48,q=7*6,q+6=,q=7*6. q+6=
q,-,*,7,6,9,1,9,q=7-6,q*9=,q=7-6. q*9=
k,+,-,3,7,3,10,7,k=3+7,k-3=,k=3+7. k-3=
a,//,-,5,7,8,0,-8,a=5//7,a-8=,a=5//7. a-8=
s,-,*,7,7,3,0,0,s=7-7,s*3=,s=7-7. s*3=
i,+,//,9,4,1,13,13,i=9+4,i//1=,i=9+4. i//1=
x,+,//,2,3,9,5,0,x=2+3,x//9=,x=2+3. x//9=
z,*,*,4,6,5,24,120,z=4*6,z*5=,z=4*6. z*5=
l,*,+,9,2,6,18,24,l=9*2,l+6=,l=9*2. l+6=
g,*,-,9,3,4,27,23,g=9*3,g-4=,g=9*3. g-4=
k,+,+,5,7,7,12,19,k=5+7,k+7=,k=5+7. k+7=
a,*,*,5,4,1,20,20,a=5*4,a*1=,a=5*4. a*1=
a,//,+,2,1,2,2,4,a=2//1,a+2=,a=2//1. a+2=
v,//,*,2,5,7,0,0,v=2//5,v*7=,v=2//5. v*7=
c,//,*,2,5,2,0,0,c=2//5,c*2=,c=2//5. c*2=
z,-,//,6,4,8,2,0,z=6-4,z//8=,z=6-4. z//8=
v,-,//,4,4,4,0,0,v=4-4,v//4=,v=4-4. v//4=
b,+,+,5,9,3,14,17,b=5+9,b+3=,b=5+9. b+3=
p,-,//,2,8,8,-6,-1,p=2-8,p//8=,p=2-8. p//8=
p,+,*,1,7,3,8,24,p=1+7,p*3=,p=1+7. p*3=
w,//,*,3,2,3,1,3,w=3//2,w*3=,w=3//2. w*3=
r,//,*,9,7,5,1,5,r=9//7,r*5=,r=9//7. r*5=
q,//,-,6,5,5,1,-4,q=6//5,q-5=,q=6//5. q-5=
f,-,-,3,8,3,-5,-8,f=3-8,f-3=,f=3-8. f-3=
n,//,-,4,8,9,0,-9,n=4//8,n-9=,n=4//8. n-9=
k,-,+,8,8,9,0,9,k=8-8,k+9=,k=8-8. k+9=
h,//,+,3,7,6,0,6,h=3//7,h+6=,h=3//7. h+6=
x,*,*,9,1,5,9,45,x=9*1,x*5=,x=9*1. x*5=
f,+,*,8,9,5,17,85,f=8+9,f*5=,f=8+9. f*5=
w,//,*,8,3,9,2,18,w=8//3,w*9=,w=8//3. w*9=
i,//,*,2,8,2,0,0,i=2//8,i*2=,i=2//8. i*2=
t,//,-,2,2,9,1,-8,t=2//2,t-9=,t=2//2. t-9=
l,-,+,8,5,1,3,4,l=8-5,l+1=,l=8-5. l+1=
k,-,//,5,7,5,-2,-1,k=5-7,k//5=,k=5-7. k//5=
f,//,*,4,2,2,2,4,f=4//2,f*2=,f=4//2. f*2=
v,*,-,2,9,4,18,14,v=2*9,v-4=,v=2*9. v-4=
g,-,*,3,1,8,2,16,g=3-1,g*8=,g=3-1. g*8=
d,-,+,3,4,6,-1,5,d=3-4,d+6=,d=3-4. d+6=
h,//,+,2,1,1,2,3,h=2//1,h+1=,h=2//1. h+1=
y,*,//,1,9,5,9,1,y=1*9,y//5=,y=1*9. y//5=
f,*,-,4,8,9,32,23,f=4*8,f-9=,f=4*8. f-9=
p,*,*,8,5,5,40,200,p=8*5,p*5=,p=8*5. p*5=
o,//,*,4,4,2,1,2,o=4//4,o*2=,o=4//4. o*2=
o,+,*,5,8,6,13,78,o=5+8,o*6=,o=5+8. o*6=
k,-,-,9,8,8,1,-7,k=9-8,k-8=,k=9-8. k-8=
i,*,+,7,9,2,63,65,i=7*9,i+2=,i=7*9. i+2=
f,-,*,1,1,2,0,0,f=1-1,f*2=,f=1-1. f*2=
w,+,-,3,2,3,5,2,w=3+2,w-3=,w=3+2. w-3=
o,//,-,7,5,7,1,-6,o=7//5,o-7=,o=7//5. o-7=
z,//,-,7,5,5,1,-4,z=7//5,z-5=,z=7//5. z-5=
g,+,*,4,3,5,7,35,g=4+3,g*5=,g=4+3. g*5=
d,*,//,6,7,5,42,8,d=6*7,d//5=,d=6*7. d//5=
o,//,-,1,5,9,0,-9,o=1//5,o-9=,o=1//5. o-9=
e,//,//,2,8,5,0,0,e=2//8,e//5=,e=2//8. e//5=
n,//,*,6,9,5,0,0,n=6//9,n*5=,n=6//9. n*5=
v,-,+,3,6,1,-3,-2,v=3-6,v+1=,v=3-6. v+1=
h,*,//,3,7,8,21,2,h=3*7,h//8=,h=3*7. h//8=
f,+,//,7,9,8,16,2,f=7+9,f//8=,f=7+9. f//8=
b,*,+,2,3,1,6,7,b=2*3,b+1=,b=2*3. b+1=
z,+,*,9,8,9,17,153,z=9+8,z*9=,z=9+8. z*9=
s,*,//,6,4,8,24,3,s=6*4,s//8=,s=6*4. s//8=
d,*,-,3,8,3,24,21,d=3*8,d-3=,d=3*8. d-3=
k,-,*,1,5,9,-4,-36,k=1-5,k*9=,k=1-5. k*9=
o,+,-,8,9,5,17,12,o=8+9,o-5=,o=8+9. o-5=
a,+,+,2,6,5,8,13,a=2+6,a+5=,a=2+6. a+5=
h,*,//,9,1,8,9,1,h=9*1,h//8=,h=9*1. h//8=
c,+,//,3,4,7,7,1,c=3+4,c//7=,c=3+4. c//7=
e,//,//,2,8,8,0,0,e=2//8,e//8=,e=2//8. e//8=
r,*,-,3,3,1,9,8,r=3*3,r-1=,r=3*3. r-1=
c,-,-,5,8,5,-3,-8,c=5-8,c-5=,c=5-8. c-5=
v,-,-,2,2,7,0,-7,v=2-2,v-7=,v=2-2. v-7=
v,-,+,7,1,5,6,11,v=7-1,v+5=,v=7-1. v+5=
t,*,*,5,3,5,15,75,t=5*3,t*5=,t=5*3. t*5=
n,//,+,2,1,5,2,7,n=2//1,n+5=,n=2//1. n+5=
v,*,*,6,9,4,54,216,v=6*9,v*4=,v=6*9. v*4=
t,*,//,3,8,5,24,4,t=3*8,t//5=,t=3*8. t//5=
x,-,*,8,3,5,5,25,x=8-3,x*5=,x=8-3. x*5=
x,//,//,6,4,3,1,0,x=6//4,x//3=,x=6//4. x//3=
b,+,//,5,4,5,9,1,b=5+4,b//5=,b=5+4. b//5=
s,+,//,5,5,2,10,5,s=5+5,s//2=,s=5+5. s//2=
i,+,+,9,1,6,10,16,i=9+1,i+6=,i=9+1. i+6=
z,*,*,3,3,8,9,72,z=3*3,z*8=,z=3*3. z*8=
n,*,//,8,1,7,8,1,n=8*1,n//7=,n=8*1. n//7=
j,-,*,9,4,5,5,25,j=9-4,j*5=,j=9-4. j*5=
w,*,-,2,9,3,18,15,w=2*9,w-3=,w=2*9. w-3=
e,-,*,6,8,3,-2,-6,e=6-8,e*3=,e=6-8. e*3=
j,+,+,2,1,4,3,7,j=2+1,j+4=,j=2+1. j+4=
k,+,*,9,7,4,16,64,k=9+7,k*4=,k=9+7. k*4=
h,*,-,5,2,8,10,2,h=5*2,h-8=,h=5*2. h-8=
a,+,-,3,1,6,4,-2,a=3+1,a-6=,a=3+1. a-6=
m,*,*,5,1,9,5,45,m=5*1,m*9=,m=5*1. m*9=
f,-,-,4,9,4,-5,-9,f=4-9,f-4=,f=4-9. f-4=
s,*,-,5,3,1,15,14,s=5*3,s-1=,s=5*3. s-1=
u,-,//,3,3,9,0,0,u=3-3,u//9=,u=3-3. u//9=
d,//,+,8,9,5,0,5,d=8//9,d+5=,d=8//9. d+5=
w,//,*,5,9,4,0,0,w=5//9,w*4=,w=5//9. w*4=
i,//,//,8,2,9,4,0,i=8//2,i//9=,i=8//2. i//9=
z,-,*,3,6,1,-3,-3,z=3-6,z*1=,z=3-6. z*1=
l,//,*,8,1,6,8,48,l=8//1,l*6=,l=8//1. l*6=
k,+,//,6,8,2,14,7,k=6+8,k//2=,k=6+8. k//2=
a,-,+,5,9,7,-4,3,a=5-9,a+7=,a=5-9. a+7=
q,//,*,5,3,8,1,8,q=5//3,q*8=,q=5//3. q*8=
x,//,-,8,4,9,2,-7,x=8//4,x-9=,x=8//4. x-9=
n,+,//,4,3,6,7,1,n=4+3,n//6=,n=4+3. n//6=
m,*,+,8,3,9,24,33,m=8*3,m+9=,m=8*3. m+9=
t,//,+,3,8,6,0,6,t=3//8,t+6=,t=3//8. t+6=
r,//,-,8,3,6,2,-4,r=8//3,r-6=,r=8//3. r-6=
i,-,//,7,2,3,5,1,i=7-2,i//3=,i=7-2. i//3=
o,-,-,3,6,3,-3,-6,o=3-6,o-3=,o=3-6. o-3=
j,//,-,1,2,7,0,-7,j=1//2,j-7=,j=1//2. j-7=
q,+,-,2,4,6,6,0,q=2+4,q-6=,q=2+4. q-6=
j,//,*,3,2,2,1,2,j=3//2,j*2=,j=3//2. j*2=
y,-,//,6,9,1,-3,-3,y=6-9,y//1=,y=6-9. y//1=
z,//,*,9,1,1,9,9,z=9//1,z*1=,z=9//1. z*1=
o,-,-,3,8,3,-5,-8,o=3-8,o-3=,o=3-8. o-3=
n,//,//,7,8,3,0,0,n=7//8,n//3=,n=7//8. n//3=
l,-,+,3,4,9,-1,8,l=3-4,l+9=,l=3-4. l+9=
n,//,-,5,4,2,1,-1,n=5//4,n-2=,n=5//4. n-2=
v,-,-,1,1,6,0,-6,v=1-1,v-6=,v=1-1. v-6=
k,+,+,5,4,9,9,18,k=5+4,k+9=,k=5+4. k+9=
y,-,-,6,4,3,2,-1,y=6-4,y-3=,y=6-4. y-3=
u,+,//,5,8,1,13,13,u=5+8,u//1=,u=5+8. u//1=
m,+,//,8,7,7,15,2,m=8+7,m//7=,m=8+7. m//7=
s,*,+,4,8,8,32,40,s=4*8,s+8=,s=4*8. s+8=
r,+,//,2,6,4,8,2,r=2+6,r//4=,r=2+6. r//4=
j,//,+,2,1,2,2,4,j=2//1,j+2=,j=2//1. j+2=
i,+,+,6,9,2,15,17,i=6+9,i+2=,i=6+9. i+2=
c,//,*,2,2,7,1,7,c=2//2,c*7=,c=2//2. c*7=
b,+,-,7,1,5,8,3,b=7+1,b-5=,b=7+1. b-5=
t,*,+,6,3,9,18,27,t=6*3,t+9=,t=6*3. t+9=
f,*,+,2,3,1,6,7,f=2*3,f+1=,f=2*3. f+1=
a,-,*,9,5,5,4,20,a=9-5,a*5=,a=9-5. a*5=
s,-,-,5,2,7,3,-4,s=5-2,s-7=,s=5-2. s-7=
n,-,-,9,8,8,1,-7,n=9-8,n-8=,n=9-8. n-8=
h,*,//,4,5,2,20,10,h=4*5,h//2=,h=4*5. h//2=
l,*,+,9,4,3,36,39,l=9*4,l+3=,l=9*4. l+3=
i,+,-,3,9,1,12,11,i=3+9,i-1=,i=3+9. i-1=
s,//,*,4,1,7,4,28,s=4//1,s*7=,s=4//1. s*7=
m,-,+,7,3,4,4,8,m=7-3,m+4=,m=7-3. m+4=
n,*,-,9,9,4,81,77,n=9*9,n-4=,n=9*9. n-4=
q,-,//,4,5,8,-1,-1,q=4-5,q//8=,q=4-5. q//8=
x,//,*,4,4,6,1,6,x=4//4,x*6=,x=4//4. x*6=
c,//,-,3,9,2,0,-2,c=3//9,c-2=,c=3//9. c-2=
m,-,+,7,2,1,5,6,m=7-2,m+1=,m=7-2. m+1=
i,+,*,6,4,9,10,90,i=6+4,i*9=,i=6+4. i*9=
e,+,*,9,4,3,13,39,e=9+4,e*3=,e=9+4. e*3=
f,//,//,5,1,2,5,2,f=5//1,f//2=,f=5//1. f//2=
o,//,//,1,6,6,0,0,o=1//6,o//6=,o=1//6. o//6=
p,//,//,6,7,1,0,0,p=6//7,p//1=,p=6//7. p//1=
m,//,+,3,6,2,0,2,m=3//6,m+2=,m=3//6. m+2=
p,//,+,9,4,8,2,10,p=9//4,p+8=,p=9//4. p+8=
m,//,//,1,4,4,0,0,m=1//4,m//4=,m=1//4. m//4=
l,-,*,5,6,6,-1,-6,l=5-6,l*6=,l=5-6. l*6=
u,*,+,3,5,4,15,19,u=3*5,u+4=,u=3*5. u+4=
k,-,+,8,3,5,5,10,k=8-3,k+5=,k=8-3. k+5=
d,*,//,9,9,4,81,20,d=9*9,d//4=,d=9*9. d//4=
x,//,+,4,3,8,1,9,x=4//3,x+8=,x=4//3. x+8=
i,//,-,6,5,4,1,-3,i=6//5,i-4=,i=6//5. i-4=
o,+,-,1,6,1,7,6,o=1+6,o-1=,o=1+6. o-1=
y,-,-,9,5,2,4,2,y=9-5,y-2=,y=9-5. y-2=
i,*,//,5,1,1,5,5,i=5*1,i//1=,i=5*1. i//1=
p,//,//,3,1,1,3,3,p=3//1,p//1=,p=3//1. p//1=
i,*,*,6,7,6,42,252,i=6*7,i*6=,i=6*7. i*6=
m,-,//,4,9,1,-5,-5,m=4-9,m//1=,m=4-9. m//1=
k,+,//,9,9,9,18,2,k=9+9,k//9=,k=9+9. k//9=
n,//,-,1,6,5,0,-5,n=1//6,n-5=,n=1//6. n-5=
d,//,*,2,9,8,0,0,d=2//9,d*8=,d=2//9. d*8=
h,//,-,4,3,3,1,-2,h=4//3,h-3=,h=4//3. h-3=
a,-,*,8,3,2,5,10,a=8-3,a*2=,a=8-3. a*2=
r,//,+,5,1,3,5,8,r=5//1,r+3=,r=5//1. r+3=
u,*,*,3,2,6,6,36,u=3*2,u*6=,u=3*2. u*6=
p,+,*,3,9,9,12,108,p=3+9,p*9=,p=3+9. p*9=
f,//,+,6,7,1,0,1,f=6//7,f+1=,f=6//7. f+1=
k,+,-,9,3,7,12,5,k=9+3,k-7=,k=9+3. k-7=
x,*,*,1,6,4,6,24,x=1*6,x*4=,x=1*6. x*4=
u,-,//,7,7,2,0,0,u=7-7,u//2=,u=7-7. u//2=
k,-,+,9,5,8,4,12,k=9-5,k+8=,k=9-5. k+8=
l,-,*,1,1,5,0,0,l=1-1,l*5=,l=1-1. l*5=
z,*,*,2,8,9,16,144,z=2*8,z*9=,z=2*8. z*9=
j,*,-,8,9,9,72,63,j=8*9,j-9=,j=8*9. j-9=
h,-,-,1,3,5,-2,-7,h=1-3,h-5=,h=1-3. h-5=
z,*,+,4,4,2,16,18,z=4*4,z+2=,z=4*4. z+2=
b,*,*,9,6,6,54,324,b=9*6,b*6=,b=9*6. b*6=
x,-,//,4,7,5,-3,-1,x=4-7,x//5=,x=4-7. x//5=
e,-,+,1,1,5,0,5,e=1-1,e+5=,e=1-1. e+5=
b,//,*,8,1,2,8,16,b=8//1,b*2=,b=8//1. b*2=
g,*,+,6,2,8,12,20,g=6*2,g+8=,g=6*2. g+8=
r,//,-,6,6,9,1,-8,r=6//6,r-9=,r=6//6. r-9=
n,*,*,7,2,6,14,84,n=7*2,n*6=,n=7*2. n*6=
x,+,*,9,8,3,17,51,x=9+8,x*3=,x=9+8. x*3=
j,*,*,7,2,4,14,56,j=7*2,j*4=,j=7*2. j*4=
v,+,-,3,1,5,4,-1,v=3+1,v-5=,v=3+1. v-5=
s,*,+,2,3,1,6,7,s=2*3,s+1=,s=2*3. s+1=
q,+,//,7,1,5,8,1,q=7+1,q//5=,q=7+1. q//5=
b,-,*,7,6,9,1,9,b=7-6,b*9=,b=7-6. b*9=
g,*,+,5,4,9,20,29,g=5*4,g+9=,g=5*4. g+9=
k,*,//,6,3,4,18,4,k=6*3,k//4=,k=6*3. k//4=
l,//,-,9,3,1,3,2,l=9//3,l-1=,l=9//3. l-1=
x,//,+,8,3,6,2,8,x=8//3,x+6=,x=8//3. x+6=
y,//,-,4,8,1,0,-1,y=4//8,y-1=,y=4//8. y-1=
w,-,*,9,1,1,8,8,w=9-1,w*1=,w=9-1. w*1=
s,+,*,7,6,6,13,78,s=7+6,s*6=,s=7+6. s*6=
f,+,*,7,8,9,15,135,f=7+8,f*9=,f=7+8. f*9=
b,+,*,9,6,5,15,75,b=9+6,b*5=,b=9+6. b*5=
p,*,-,1,7,5,7,2,p=1*7,p-5=,p=1*7. p-5=
p,*,*,6,3,2,18,36,p=6*3,p*2=,p=6*3. p*2=
y,//,*,4,9,8,0,0,y=4//9,y*8=,y=4//9. y*8=
y,+,+,1,4,4,5,9,y=1+4,y+4=,y=1+4. y+4=
u,*,*,6,1,9,6,54,u=6*1,u*9=,u=6*1. u*9=
k,//,-,4,9,2,0,-2,k=4//9,k-2=,k=4//9. k-2=
h,*,*,4,3,3,12,36,h=4*3,h*3=,h=4*3. h*3=
j,+,//,4,4,1,8,8,j=4+4,j//1=,j=4+4. j//1=
n,//,*,7,7,3,1,3,n=7//7,n*3=,n=7//7. n*3=
p,+,//,2,8,4,10,2,p=2+8,p//4=,p=2+8. p//4=
i,*,-,9,9,7,81,74,i=9*9,i-7=,i=9*9. i-7=
y,//,//,9,6,3,1,0,y=9//6,y//3=,y=9//6. y//3=
n,+,-,3,2,8,5,-3,n=3+2,n-8=,n=3+2. n-8=
p,//,//,2,3,6,0,0,p=2//3,p//6=,p=2//3. p//6=
y,+,*,5,3,9,8,72,y=5+3,y*9=,y=5+3. y*9=
n,+,//,1,1,3,2,0,n=1+1,n//3=,n=1+1. n//3=
e,*,*,6,1,8,6,48,e=6*1,e*8=,e=6*1. e*8=
x,//,*,6,1,3,6,18,x=6//1,x*3=,x=6//1. x*3=
h,-,//,3,9,6,-6,-1,h=3-9,h//6=,h=3-9. h//6=
n,-,*,1,4,4,-3,-12,n=1-4,n*4=,n=1-4. n*4=
y,-,//,8,2,3,6,2,y=8-2,y//3=,y=8-2. y//3=
v,+,-,7,3,4,10,6,v=7+3,v-4=,v=7+3. v-4=
p,+,//,9,6,4,15,3,p=9+6,p//4=,p=9+6. p//4=
l,*,-,4,4,8,16,8,l=4*4,l-8=,l=4*4. l-8=
n,-,*,3,4,4,-1,-4,n=3-4,n*4=,n=3-4. n*4=
u,+,*,8,2,6,10,60,u=8+2,u*6=,u=8+2. u*6=
g,-,+,7,2,9,5,14,g=7-2,g+9=,g=7-2. g+9=
m,*,+,6,1,8,6,14,m=6*1,m+8=,m=6*1. m+8=
c,*,+,9,8,4,72,76,c=9*8,c+4=,c=9*8. c+4=
i,-,*,6,3,9,3,27,i=6-3,i*9=,i=6-3. i*9=
t,+,*,8,2,1,10,10,t=8+2,t*1=,t=8+2. t*1=
o,-,*,1,1,3,0,0,o=1-1,o*3=,o=1-1. o*3=
a,//,//,2,8,1,0,0,a=2//8,a//1=,a=2//8. a//1=
r,+,+,5,2,5,7,12,r=5+2,r+5=,r=5+2. r+5=
i,-,+,8,3,3,5,8,i=8-3,i+3=,i=8-3. i+3=
u,+,*,7,7,9,14,126,u=7+7,u*9=,u=7+7. u*9=
b,+,+,3,6,7,9,16,b=3+6,b+7=,b=3+6. b+7=
c,//,-,1,7,5,0,-5,c=1//7,c-5=,c=1//7. c-5=
a,-,-,5,2,4,3,-1,a=5-2,a-4=,a=5-2. a-4=
u,*,*,2,5,2,10,20,u=2*5,u*2=,u=2*5. u*2=
x,+,//,7,6,4,13,3,x=7+6,x//4=,x=7+6. x//4=
s,+,*,9,7,4,16,64,s=9+7,s*4=,s=9+7. s*4=
r,+,+,2,2,5,4,9,r=2+2,r+5=,r=2+2. r+5=
y,*,+,8,1,3,8,11,y=8*1,y+3=,y=8*1. y+3=
x,//,-,6,4,2,1,-1,x=6//4,x-2=,x=6//4. x-2=
l,+,*,9,1,9,10,90,l=9+1,l*9=,l=9+1. l*9=
f,//,-,4,4,7,1,-6,f=4//4,f-7=,f=4//4. f-7=
o,*,//,5,6,1,30,30,o=5*6,o//1=,o=5*6. o//1=
n,//,*,4,7,8,0,0,n=4//7,n*8=,n=4//7. n*8=
q,-,//,5,8,7,-3,-1,q=5-8,q//7=,q=5-8. q//7=
w,+,+,3,5,9,8,17,w=3+5,w+9=,w=3+5. w+9=
u,-,-,2,8,2,-6,-8,u=2-8,u-2=,u=2-8. u-2=
f,*,-,2,1,2,2,0,f=2*1,f-2=,f=2*1. f-2=
j,//,//,4,8,9,0,0,j=4//8,j//9=,j=4//8. j//9=
v,-,//,8,2,1,6,6,v=8-2,v//1=,v=8-2. v//1=
z,-,//,5,3,3,2,0,z=5-3,z//3=,z=5-3. z//3=
u,+,//,2,8,6,10,1,u=2+8,u//6=,u=2+8. u//6=
n,//,-,4,4,4,1,-3,n=4//4,n-4=,n=4//4. n-4=
o,//,+,4,6,2,0,2,o=4//6,o+2=,o=4//6. o+2=
l,+,*,8,2,3,10,30,l=8+2,l*3=,l=8+2. l*3=
z,-,+,4,3,5,1,6,z=4-3,z+5=,z=4-3. z+5=
s,-,//,3,8,4,-5,-2,s=3-8,s//4=,s=3-8. s//4=
b,-,//,1,5,7,-4,-1,b=1-5,b//7=,b=1-5. b//7=
u,*,+,3,4,4,12,16,u=3*4,u+4=,u=3*4. u+4=
r,//,//,1,3,3,0,0,r=1//3,r//3=,r=1//3. r//3=
u,//,-,3,3,4,1,-3,u=3//3,u-4=,u=3//3. u-4=
c,-,*,9,1,1,8,8,c=9-1,c*1=,c=9-1. c*1=
k,+,-,5,3,3,8,5,k=5+3,k-3=,k=5+3. k-3=
m,*,-,6,8,7,48,41,m=6*8,m-7=,m=6*8. m-7=
t,*,-,9,5,8,45,37,t=9*5,t-8=,t=9*5. t-8=
t,*,-,8,9,8,72,64,t=8*9,t-8=,t=8*9. t-8=
f,//,+,1,6,2,0,2,f=1//6,f+2=,f=1//6. f+2=
h,*,-,3,6,3,18,15,h=3*6,h-3=,h=3*6. h-3=
p,//,//,6,2,5,3,0,p=6//2,p//5=,p=6//2. p//5=
e,+,//,9,9,2,18,9,e=9+9,e//2=,e=9+9. e//2=
x,//,*,5,8,8,0,0,x=5//8,x*8=,x=5//8. x*8=
e,//,-,6,9,5,0,-5,e=6//9,e-5=,e=6//9. e-5=
q,//,+,8,1,6,8,14,q=8//1,q+6=,q=8//1. q+6=
j,+,//,5,3,5,8,1,j=5+3,j//5=,j=5+3. j//5=
m,-,//,5,5,8,0,0,m=5-5,m//8=,m=5-5. m//8=
k,//,-,1,8,9,0,-9,k=1//8,k-9=,k=1//8. k-9=
k,//,*,2,9,6,0,0,k=2//9,k*6=,k=2//9. k*6=
k,*,-,7,2,5,14,9,k=7*2,k-5=,k=7*2. k-5=
x,-,+,2,7,3,-5,-2,x=2-7,x+3=,x=2-7. x+3=
c,*,+,7,7,8,49,57,c=7*7,c+8=,c=7*7. c+8=
n,-,-,3,5,4,-2,-6,n=3-5,n-4=,n=3-5. n-4=
e,+,//,1,9,1,10,10,e=1+9,e//1=,e=1+9. e//1=
k,-,//,7,3,1,4,4,k=7-3,k//1=,k=7-3. k//1=
t,*,-,6,5,7,30,23,t=6*5,t-7=,t=6*5. t-7=
l,*,-,4,3,9,12,3,l=4*3,l-9=,l=4*3. l-9=
x,+,//,7,8,3,15,5,x=7+8,x//3=,x=7+8. x//3=
d,-,//,4,3,5,1,0,d=4-3,d//5=,d=4-3. d//5=
l,-,*,5,9,9,-4,-36,l=5-9,l*9=,l=5-9. l*9=
a,-,*,3,1,1,2,2,a=3-1,a*1=,a=3-1. a*1=
u,//,*,8,7,2,1,2,u=8//7,u*2=,u=8//7. u*2=
r,+,+,1,2,3,3,6,r=1+2,r+3=,r=1+2. r+3=
f,-,//,1,6,2,-5,-3,f=1-6,f//2=,f=1-6. f//2=
c,-,+,8,3,5,5,10,c=8-3,c+5=,c=8-3. c+5=
t,//,//,5,8,4,0,0,t=5//8,t//4=,t=5//8. t//4=
p,-,+,7,5,8,2,10,p=7-5,p+8=,p=7-5. p+8=
u,*,*,2,7,7,14,98,u=2*7,u*7=,u=2*7. u*7=
s,*,*,5,2,1,10,10,s=5*2,s*1=,s=5*2. s*1=
k,-,+,9,3,2,6,8,k=9-3,k+2=,k=9-3. k+2=
h,-,*,1,7,2,-6,-12,h=1-7,h*2=,h=1-7. h*2=
c,-,+,1,9,5,-8,-3,c=1-9,c+5=,c=1-9. c+5=
v,*,*,2,2,1,4,4,v=2*2,v*1=,v=2*2. v*1=
a,//,//,8,5,4,1,0,a=8//5,a//4=,a=8//5. a//4=
h,-,+,5,9,2,-4,-2,h=5-9,h+2=,h=5-9. h+2=
i,-,//,2,6,8,-4,-1,i=2-6,i//8=,i=2-6. i//8=
b,-,+,3,9,4,-6,-2,b=3-9,b+4=,b=3-9. b+4=
a,//,*,1,6,9,0,0,a=1//6,a*9=,a=1//6. a*9=
t,-,-,9,6,6,3,-3,t=9-6,t-6=,t=9-6. t-6=
e,-,//,3,8,5,-5,-1,e=3-8,e//5=,e=3-8. e//5=
o,+,-,2,1,6,3,-3,o=2+1,o-6=,o=2+1. o-6=
c,*,+,5,8,7,40,47,c=5*8,c+7=,c=5*8. c+7=
n,-,*,7,9,7,-2,-14,n=7-9,n*7=,n=7-9. n*7=
u,+,//,6,1,4,7,1,u=6+1,u//4=,u=6+1. u//4=
e,-,*,1,9,7,-8,-56,e=1-9,e*7=,e=1-9. e*7=
y,*,-,5,7,1,35,34,y=5*7,y-1=,y=5*7. y-1=
l,//,*,5,9,4,0,0,l=5//9,l*4=,l=5//9. l*4=
h,*,//,1,7,2,7,3,h=1*7,h//2=,h=1*7. h//2=
q,-,-,4,4,6,0,-6,q=4-4,q-6=,q=4-4. q-6=
s,-,//,2,8,7,-6,-1,s=2-8,s//7=,s=2-8. s//7=
v,*,*,5,6,8,30,240,v=5*6,v*8=,v=5*6. v*8=
g,+,+,9,3,1,12,13,g=9+3,g+1=,g=9+3. g+1=
o,-,*,1,5,8,-4,-32,o=1-5,o*8=,o=1-5. o*8=
h,-,+,7,1,6,6,12,h=7-1,h+6=,h=7-1. h+6=
h,-,-,8,1,2,7,5,h=8-1,h-2=,h=8-1. h-2=
d,-,-,1,9,8,-8,-16,d=1-9,d-8=,d=1-9. d-8=
p,*,-,9,9,7,81,74,p=9*9,p-7=,p=9*9. p-7=
q,+,+,5,6,1,11,12,q=5+6,q+1=,q=5+6. q+1=
h,+,-,9,5,6,14,8,h=9+5,h-6=,h=9+5. h-6=
x,-,-,7,1,4,6,2,x=7-1,x-4=,x=7-1. x-4=
c,*,//,7,4,5,28,5,c=7*4,c//5=,c=7*4. c//5=
z,//,-,8,5,3,1,-2,z=8//5,z-3=,z=8//5. z-3=
j,+,*,2,1,4,3,12,j=2+1,j*4=,j=2+1. j*4=
r,//,//,6,6,4,1,0,r=6//6,r//4=,r=6//6. r//4=
u,//,-,7,5,1,1,0,u=7//5,u-1=,u=7//5. u-1=
c,+,*,4,8,2,12,24,c=4+8,c*2=,c=4+8. c*2=
w,-,//,2,5,8,-3,-1,w=2-5,w//8=,w=2-5. w//8=
u,//,*,7,4,7,1,7,u=7//4,u*7=,u=7//4. u*7=
k,+,+,3,2,3,5,8,k=3+2,k+3=,k=3+2. k+3=
o,-,//,8,6,7,2,0,o=8-6,o//7=,o=8-6. o//7=
p,*,//,1,5,7,5,0,p=1*5,p//7=,p=1*5. p//7=
j,+,+,7,3,7,10,17,j=7+3,j+7=,j=7+3. j+7=
r,*,-,3,6,3,18,15,r=3*6,r-3=,r=3*6. r-3=
r,*,//,3,7,4,21,5,r=3*7,r//4=,r=3*7. r//4=
c,+,*,5,4,9,9,81,c=5+4,c*9=,c=5+4. c*9=
w,//,//,8,7,3,1,0,w=8//7,w//3=,w=8//7. w//3=
c,*,*,1,5,7,5,35,c=1*5,c*7=,c=1*5. c*7=
w,+,//,6,8,3,14,4,w=6+8,w//3=,w=6+8. w//3=
w,*,+,7,1,4,7,11,w=7*1,w+4=,w=7*1. w+4=
y,-,-,9,7,2,2,0,y=9-7,y-2=,y=9-7. y-2=
h,-,*,6,2,8,4,32,h=6-2,h*8=,h=6-2. h*8=
g,-,-,4,5,5,-1,-6,g=4-5,g-5=,g=4-5. g-5=
h,*,//,9,2,8,18,2,h=9*2,h//8=,h=9*2. h//8=
g,+,+,1,5,1,6,7,g=1+5,g+1=,g=1+5. g+1=
u,-,+,4,6,5,-2,3,u=4-6,u+5=,u=4-6. u+5=
g,*,+,9,1,1,9,10,g=9*1,g+1=,g=9*1. g+1=
t,//,+,3,9,1,0,1,t=3//9,t+1=,t=3//9. t+1=
q,//,+,5,2,3,2,5,q=5//2,q+3=,q=5//2. q+3=
o,+,-,5,9,4,14,10,o=5+9,o-4=,o=5+9. o-4=
c,+,*,5,2,3,7,21,c=5+2,c*3=,c=5+2. c*3=
w,//,+,1,5,1,0,1,w=1//5,w+1=,w=1//5. w+1=
d,*,-,1,4,8,4,-4,d=1*4,d-8=,d=1*4. d-8=
l,+,+,2,7,7,9,16,l=2+7,l+7=,l=2+7. l+7=
i,+,-,5,4,3,9,6,i=5+4,i-3=,i=5+4. i-3=
e,//,*,9,6,2,1,2,e=9//6,e*2=,e=9//6. e*2=
i,*,//,3,7,3,21,7,i=3*7,i//3=,i=3*7. i//3=
s,*,*,5,4,2,20,40,s=5*4,s*2=,s=5*4. s*2=
c,*,+,9,6,8,54,62,c=9*6,c+8=,c=9*6. c+8=
y,//,*,3,5,2,0,0,y=3//5,y*2=,y=3//5. y*2=
x,-,+,8,5,3,3,6,x=8-5,x+3=,x=8-5. x+3=
z,//,*,3,9,8,0,0,z=3//9,z*8=,z=3//9. z*8=
o,//,//,3,1,3,3,1,o=3//1,o//3=,o=3//1. o//3=
f,+,+,6,9,3,15,18,f=6+9,f+3=,f=6+9. f+3=
t,-,//,2,1,3,1,0,t=2-1,t//3=,t=2-1. t//3=
o,+,//,9,8,9,17,1,o=9+8,o//9=,o=9+8. o//9=
h,+,-,3,8,7,11,4,h=3+8,h-7=,h=3+8. h-7=
k,*,+,3,4,7,12,19,k=3*4,k+7=,k=3*4. k+7=
l,*,-,9,6,6,54,48,l=9*6,l-6=,l=9*6. l-6=
a,//,*,7,7,4,1,4,a=7//7,a*4=,a=7//7. a*4=
v,*,//,9,6,7,54,7,v=9*6,v//7=,v=9*6. v//7=
w,*,+,7,6,2,42,44,w=7*6,w+2=,w=7*6. w+2=
o,*,-,8,4,4,32,28,o=8*4,o-4=,o=8*4. o-4=
k,-,+,2,9,7,-7,0,k=2-9,k+7=,k=2-9. k+7=
f,*,-,7,7,8,49,41,f=7*7,f-8=,f=7*7. f-8=
l,-,+,8,5,3,3,6,l=8-5,l+3=,l=8-5. l+3=
t,//,+,5,3,3,1,4,t=5//3,t+3=,t=5//3. t+3=
w,+,*,9,5,1,14,14,w=9+5,w*1=,w=9+5. w*1=
f,-,+,7,8,8,-1,7,f=7-8,f+8=,f=7-8. f+8=
r,-,+,3,7,3,-4,-1,r=3-7,r+3=,r=3-7. r+3=
k,*,//,2,4,8,8,1,k=2*4,k//8=,k=2*4. k//8=
t,+,*,8,5,2,13,26,t=8+5,t*2=,t=8+5. t*2=
g,//,+,1,5,5,0,5,g=1//5,g+5=,g=1//5. g+5=
n,*,-,2,7,8,14,6,n=2*7,n-8=,n=2*7. n-8=
k,+,*,5,7,3,12,36,k=5+7,k*3=,k=5+7. k*3=
l,+,*,6,2,7,8,56,l=6+2,l*7=,l=6+2. l*7=
x,+,-,5,7,1,12,11,x=5+7,x-1=,x=5+7. x-1=
y,+,-,3,3,4,6,2,y=3+3,y-4=,y=3+3. y-4=
p,*,-,4,1,2,4,2,p=4*1,p-2=,p=4*1. p-2=
m,//,//,8,5,5,1,0,m=8//5,m//5=,m=8//5. m//5=
r,+,+,4,3,6,7,13,r=4+3,r+6=,r=4+3. r+6=
w,-,//,5,6,1,-1,-1,w=5-6,w//1=,w=5-6. w//1=
p,-,-,5,3,6,2,-4,p=5-3,p-6=,p=5-3. p-6=
a,+,-,7,6,6,13,7,a=7+6,a-6=,a=7+6. a-6=
g,-,-,2,6,3,-4,-7,g=2-6,g-3=,g=2-6. g-3=
z,//,+,1,4,1,0,1,z=1//4,z+1=,z=1//4. z+1=
b,-,-,6,3,9,3,-6,b=6-3,b-9=,b=6-3. b-9=
f,//,+,9,4,5,2,7,f=9//4,f+5=,f=9//4. f+5=
u,-,*,8,3,8,5,40,u=8-3,u*8=,u=8-3. u*8=
q,//,//,7,7,1,1,1,q=7//7,q//1=,q=7//7. q//1=
t,+,*,3,8,7,11,77,t=3+8,t*7=,t=3+8. t*7=
l,*,*,9,7,2,63,126,l=9*7,l*2=,l=9*7. l*2=
j,-,//,1,3,6,-2,-1,j=1-3,j//6=,j=1-3. j//6=
p,+,*,2,2,6,4,24,p=2+2,p*6=,p=2+2. p*6=
o,+,-,9,2,3,11,8,o=9+2,o-3=,o=9+2. o-3=
s,-,*,1,6,9,-5,-45,s=1-6,s*9=,s=1-6. s*9=
u,*,*,9,1,6,9,54,u=9*1,u*6=,u=9*1. u*6=
l,//,+,6,2,5,3,8,l=6//2,l+5=,l=6//2. l+5=
i,-,*,7,2,2,5,10,i=7-2,i*2=,i=7-2. i*2=
w,//,*,9,4,4,2,8,w=9//4,w*4=,w=9//4. w*4=
a,+,-,2,3,9,5,-4,a=2+3,a-9=,a=2+3. a-9=
x,//,//,7,8,5,0,0,x=7//8,x//5=,x=7//8. x//5=
n,+,*,3,6,9,9,81,n=3+6,n*9=,n=3+6. n*9=
r,*,+,9,7,9,63,72,r=9*7,r+9=,r=9*7. r+9=
c,+,//,2,6,3,8,2,c=2+6,c//3=,c=2+6. c//3=
n,*,-,1,1,3,1,-2,n=1*1,n-3=,n=1*1. n-3=
e,+,-,1,3,2,4,2,e=1+3,e-2=,e=1+3. e-2=
h,+,-,1,5,2,6,4,h=1+5,h-2=,h=1+5. h-2=
q,*,-,6,5,2,30,28,q=6*5,q-2=,q=6*5. q-2=
s,*,+,7,8,6,56,62,s=7*8,s+6=,s=7*8. s+6=
u,+,//,8,9,8,17,2,u=8+9,u//8=,u=8+9. u//8=
p,//,-,2,1,2,2,0,p=2//1,p-2=,p=2//1. p-2=
y,//,+,5,9,9,0,9,y=5//9,y+9=,y=5//9. y+9=
c,-,-,9,3,5,6,1,c=9-3,c-5=,c=9-3. c-5=
i,+,*,8,7,2,15,30,i=8+7,i*2=,i=8+7. i*2=
b,*,-,8,2,1,16,15,b=8*2,b-1=,b=8*2. b-1=
l,//,-,7,1,5,7,2,l=7//1,l-5=,l=7//1. l-5=
x,//,+,9,3,3,3,6,x=9//3,x+3=,x=9//3. x+3=
h,-,-,7,6,2,1,-1,h=7-6,h-2=,h=7-6. h-2=
p,*,//,2,5,7,10,1,p=2*5,p//7=,p=2*5. p//7=
h,*,+,5,3,1,15,16,h=5*3,h+1=,h=5*3. h+1=
j,-,*,5,9,8,-4,-32,j=5-9,j*8=,j=5-9. j*8=
i,+,*,9,1,7,10,70,i=9+1,i*7=,i=9+1. i*7=
n,*,//,7,1,7,7,1,n=7*1,n//7=,n=7*1. n//7=
h,+,-,3,2,8,5,-3,h=3+2,h-8=,h=3+2. h-8=
w,+,+,4,5,2,9,11,w=4+5,w+2=,w=4+5. w+2=
u,+,+,2,1,6,3,9,u=2+1,u+6=,u=2+1. u+6=
s,+,-,1,4,9,5,-4,s=1+4,s-9=,s=1+4. s-9=
v,+,+,7,3,3,10,13,v=7+3,v+3=,v=7+3. v+3=
i,-,//,5,3,7,2,0,i=5-3,i//7=,i=5-3. i//7=
n,//,//,5,1,2,5,2,n=5//1,n//2=,n=5//1. n//2=
n,//,-,8,7,7,1,-6,n=8//7,n-7=,n=8//7. n-7=
k,*,//,7,7,5,49,9,k=7*7,k//5=,k=7*7. k//5=
m,+,//,8,3,4,11,2,m=8+3,m//4=,m=8+3. m//4=
h,*,//,6,5,9,30,3,h=6*5,h//9=,h=6*5. h//9=
j,-,*,9,4,2,5,10,j=9-4,j*2=,j=9-4. j*2=
o,-,-,6,2,4,4,0,o=6-2,o-4=,o=6-2. o-4=
z,-,-,7,4,8,3,-5,z=7-4,z-8=,z=7-4. z-8=
x,-,-,1,5,2,-4,-6,x=1-5,x-2=,x=1-5. x-2=
t,-,+,5,4,8,1,9,t=5-4,t+8=,t=5-4. t+8=
z,*,//,8,3,1,24,24,z=8*3,z//1=,z=8*3. z//1=
g,*,*,6,5,7,30,210,g=6*5,g*7=,g=6*5. g*7=
b,*,*,7,2,9,14,126,b=7*2,b*9=,b=7*2. b*9=
a,-,-,9,3,1,6,5,a=9-3,a-1=,a=9-3. a-1=
p,-,-,7,2,9,5,-4,p=7-2,p-9=,p=7-2. p-9=
q,*,//,6,7,7,42,6,q=6*7,q//7=,q=6*7. q//7=
n,//,+,7,5,2,1,3,n=7//5,n+2=,n=7//5. n+2=
m,//,-,6,5,1,1,0,m=6//5,m-1=,m=6//5. m-1=
t,+,+,4,5,2,9,11,t=4+5,t+2=,t=4+5. t+2=
a,+,+,1,1,6,2,8,a=1+1,a+6=,a=1+1. a+6=
a,+,+,1,5,4,6,10,a=1+5,a+4=,a=1+5. a+4=
t,*,-,4,6,1,24,23,t=4*6,t-1=,t=4*6. t-1=
a,//,-,3,5,7,0,-7,a=3//5,a-7=,a=3//5. a-7=
e,+,//,9,6,7,15,2,e=9+6,e//7=,e=9+6. e//7=
j,//,//,2,9,1,0,0,j=2//9,j//1=,j=2//9. j//1=
y,+,//,5,9,1,14,14,y=5+9,y//1=,y=5+9. y//1=
d,//,+,4,4,9,1,10,d=4//4,d+9=,d=4//4. d+9=
o,//,+,8,1,9,8,17,o=8//1,o+9=,o=8//1. o+9=
j,*,-,3,3,5,9,4,j=3*3,j-5=,j=3*3. j-5=
m,*,+,7,7,5,49,54,m=7*7,m+5=,m=7*7. m+5=
x,//,*,8,9,8,0,0,x=8//9,x*8=,x=8//9. x*8=
e,//,*,2,8,9,0,0,e=2//8,e*9=,e=2//8. e*9=
y,//,*,5,5,9,1,9,y=5//5,y*9=,y=5//5. y*9=
i,+,+,8,3,4,11,15,i=8+3,i+4=,i=8+3. i+4=
n,-,//,8,8,7,0,0,n=8-8,n//7=,n=8-8. n//7=
d,+,+,1,3,9,4,13,d=1+3,d+9=,d=1+3. d+9=
z,*,*,3,2,5,6,30,z=3*2,z*5=,z=3*2. z*5=
r,//,*,2,6,9,0,0,r=2//6,r*9=,r=2//6. r*9=
o,*,//,8,9,3,72,24,o=8*9,o//3=,o=8*9. o//3=
x,*,-,2,8,9,16,7,x=2*8,x-9=,x=2*8. x-9=
x,-,+,9,5,9,4,13,x=9-5,x+9=,x=9-5. x+9=
e,+,+,8,3,9,11,20,e=8+3,e+9=,e=8+3. e+9=
b,//,//,5,8,4,0,0,b=5//8,b//4=,b=5//8. b//4=
m,+,-,2,3,3,5,2,m=2+3,m-3=,m=2+3. m-3=
v,+,*,4,6,9,10,90,v=4+6,v*9=,v=4+6. v*9=
k,//,//,9,5,7,1,0,k=9//5,k//7=,k=9//5. k//7=
g,*,*,6,3,4,18,72,g=6*3,g*4=,g=6*3. g*4=
i,*,-,3,4,8,12,4,i=3*4,i-8=,i=3*4. i-8=
n,//,//,8,2,6,4,0,n=8//2,n//6=,n=8//2. n//6=
l,//,+,5,6,7,0,7,l=5//6,l+7=,l=5//6. l+7=
d,+,+,1,5,5,6,11,d=1+5,d+5=,d=1+5. d+5=
v,-,-,9,8,6,1,-5,v=9-8,v-6=,v=9-8. v-6=
y,+,-,8,5,3,13,10,y=8+5,y-3=,y=8+5. y-3=
i,//,//,8,1,6,8,1,i=8//1,i//6=,i=8//1. i//6=
z,+,-,6,2,2,8,6,z=6+2,z-2=,z=6+2. z-2=
v,*,*,4,8,4,32,128,v=4*8,v*4=,v=4*8. v*4=
d,//,-,8,8,2,1,-1,d=8//8,d-2=,d=8//8. d-2=
d,//,+,6,1,2,6,8,d=6//1,d+2=,d=6//1. d+2=
p,+,-,7,7,5,14,9,p=7+7,p-5=,p=7+7. p-5=
p,-,//,6,9,6,-3,-1,p=6-9,p//6=,p=6-9. p//6=
c,-,//,5,7,9,-2,-1,c=5-7,c//9=,c=5-7. c//9=
l,//,*,2,1,1,2,2,l=2//1,l*1=,l=2//1. l*1=
x,//,*,4,9,2,0,0,x=4//9,x*2=,x=4//9. x*2=
g,//,*,5,6,1,0,0,g=5//6,g*1=,g=5//6. g*1=
r,-,*,5,3,2,2,4,r=5-3,r*2=,r=5-3. r*2=
z,//,//,1,9,4,0,0,z=1//9,z//4=,z=1//9. z//4=
v,+,-,6,2,5,8,3,v=6+2,v-5=,v=6+2. v-5=
h,-,*,2,3,6,-1,-6,h=2-3,h*6=,h=2-3. h*6=
w,-,+,9,7,8,2,10,w=9-7,w+8=,w=9-7. w+8=
f,//,+,9,1,3,9,12,f=9//1,f+3=,f=9//1. f+3=
v,*,*,1,7,7,7,49,v=1*7,v*7=,v=1*7. v*7=
g,//,//,2,6,3,0,0,g=2//6,g//3=,g=2//6. g//3=
n,//,-,6,2,2,3,1,n=6//2,n-2=,n=6//2. n-2=
s,*,+,3,3,3,9,12,s=3*3,s+3=,s=3*3. s+3=
n,+,//,8,7,1,15,15,n=8+7,n//1=,n=8+7. n//1=
a,-,+,4,8,3,-4,-1,a=4-8,a+3=,a=4-8. a+3=
s,+,+,1,8,6,9,15,s=1+8,s+6=,s=1+8. s+6=
v,+,*,7,2,2,9,18,v=7+2,v*2=,v=7+2. v*2=
c,*,*,4,2,1,8,8,c=4*2,c*1=,c=4*2. c*1=
o,*,*,2,4,5,8,40,o=2*4,o*5=,o=2*4. o*5=
v,*,-,2,7,5,14,9,v=2*7,v-5=,v=2*7. v-5=
i,*,//,8,6,6,48,8,i=8*6,i//6=,i=8*6. i//6=
w,*,+,9,9,1,81,82,w=9*9,w+1=,w=9*9. w+1=
o,*,//,2,1,7,2,0,o=2*1,o//7=,o=2*1. o//7=
f,+,+,5,3,4,8,12,f=5+3,f+4=,f=5+3. f+4=
y,*,-,1,3,8,3,-5,y=1*3,y-8=,y=1*3. y-8=
e,-,-,6,9,6,-3,-9,e=6-9,e-6=,e=6-9. e-6=
f,+,//,7,4,9,11,1,f=7+4,f//9=,f=7+4. f//9=
p,+,//,8,6,8,14,1,p=8+6,p//8=,p=8+6. p//8=
k,*,*,1,7,7,7,49,k=1*7,k*7=,k=1*7. k*7=
g,*,+,7,2,4,14,18,g=7*2,g+4=,g=7*2. g+4=
i,//,-,4,3,8,1,-7,i=4//3,i-8=,i=4//3. i-8=
v,-,-,2,5,5,-3,-8,v=2-5,v-5=,v=2-5. v-5=
k,+,//,3,1,8,4,0,k=3+1,k//8=,k=3+1. k//8=
v,+,//,3,7,7,10,1,v=3+7,v//7=,v=3+7. v//7=
u,*,-,7,1,8,7,-1,u=7*1,u-8=,u=7*1. u-8=
n,//,-,7,6,3,1,-2,n=7//6,n-3=,n=7//6. n-3=
f,//,+,6,7,2,0,2,f=6//7,f+2=,f=6//7. f+2=
e,//,+,4,7,7,0,7,e=4//7,e+7=,e=4//7. e+7=
g,+,-,2,6,8,8,0,g=2+6,g-8=,g=2+6. g-8=
f,*,-,4,4,5,16,11,f=4*4,f-5=,f=4*4. f-5=
j,-,//,4,4,5,0,0,j=4-4,j//5=,j=4-4. j//5=
z,+,*,4,8,9,12,108,z=4+8,z*9=,z=4+8. z*9=
l,//,-,4,7,3,0,-3,l=4//7,l-3=,l=4//7. l-3=
j,+,-,2,9,6,11,5,j=2+9,j-6=,j=2+9. j-6=
u,+,//,9,3,5,12,2,u=9+3,u//5=,u=9+3. u//5=
s,*,-,1,5,9,5,-4,s=1*5,s-9=,s=1*5. s-9=
x,*,-,4,6,7,24,17,x=4*6,x-7=,x=4*6. x-7=
t,-,-,8,2,7,6,-1,t=8-2,t-7=,t=8-2. t-7=
r,//,*,8,8,5,1,5,r=8//8,r*5=,r=8//8. r*5=
b,+,//,2,2,3,4,1,b=2+2,b//3=,b=2+2. b//3=
w,//,*,4,4,2,1,2,w=4//4,w*2=,w=4//4. w*2=
b,-,+,2,1,3,1,4,b=2-1,b+3=,b=2-1. b+3=
n,*,-,7,8,9,56,47,n=7*8,n-9=,n=7*8. n-9=
x,*,*,8,4,1,32,32,x=8*4,x*1=,x=8*4. x*1=
x,+,-,5,2,4,7,3,x=5+2,x-4=,x=5+2. x-4=
q,*,+,4,5,2,20,22,q=4*5,q+2=,q=4*5. q+2=
e,*,+,1,6,8,6,14,e=1*6,e+8=,e=1*6. e+8=
e,-,+,3,8,1,-5,-4,e=3-8,e+1=,e=3-8. e+1=
w,*,//,7,5,6,35,5,w=7*5,w//6=,w=7*5. w//6=
j,-,//,7,5,3,2,0,j=7-5,j//3=,j=7-5. j//3=
u,//,+,1,1,9,1,10,u=1//1,u+9=,u=1//1. u+9=
h,-,//,7,7,4,0,0,h=7-7,h//4=,h=7-7. h//4=
a,*,*,7,6,8,42,336,a=7*6,a*8=,a=7*6. a*8=
g,//,-,4,5,5,0,-5,g=4//5,g-5=,g=4//5. g-5=
v,//,//,5,4,6,1,0,v=5//4,v//6=,v=5//4. v//6=
c,*,//,7,4,7,28,4,c=7*4,c//7=,c=7*4. c//7=
w,*,+,7,8,3,56,59,w=7*8,w+3=,w=7*8. w+3=
z,*,-,5,8,8,40,32,z=5*8,z-8=,z=5*8. z-8=
f,//,//,4,3,3,1,0,f=4//3,f//3=,f=4//3. f//3=
a,+,+,3,4,5,7,12,a=3+4,a+5=,a=3+4. a+5=
j,-,-,4,9,7,-5,-12,j=4-9,j-7=,j=4-9. j-7=
d,//,//,9,7,1,1,1,d=9//7,d//1=,d=9//7. d//1=
v,-,*,7,8,7,-1,-7,v=7-8,v*7=,v=7-8. v*7=
v,-,*,1,6,2,-5,-10,v=1-6,v*2=,v=1-6. v*2=
u,-,//,5,9,8,-4,-1,u=5-9,u//8=,u=5-9. u//8=
f,*,-,5,1,1,5,4,f=5*1,f-1=,f=5*1. f-1=
c,-,*,6,4,1,2,2,c=6-4,c*1=,c=6-4. c*1=
v,+,*,7,9,3,16,48,v=7+9,v*3=,v=7+9. v*3=
j,+,+,8,9,2,17,19,j=8+9,j+2=,j=8+9. j+2=
t,-,//,4,8,7,-4,-1,t=4-8,t//7=,t=4-8. t//7=
n,-,//,6,7,3,-1,-1,n=6-7,n//3=,n=6-7. n//3=
b,*,//,7,4,8,28,3,b=7*4,b//8=,b=7*4. b//8=
h,+,-,3,1,2,4,2,h=3+1,h-2=,h=3+1. h-2=
x,//,+,7,3,9,2,11,x=7//3,x+9=,x=7//3. x+9=
l,-,-,8,5,6,3,-3,l=8-5,l-6=,l=8-5. l-6=
u,*,*,7,4,7,28,196,u=7*4,u*7=,u=7*4. u*7=
l,*,//,7,7,2,49,24,l=7*7,l//2=,l=7*7. l//2=
k,+,-,1,4,3,5,2,k=1+4,k-3=,k=1+4. k-3=
m,*,-,9,5,4,45,41,m=9*5,m-4=,m=9*5. m-4=
j,-,*,5,5,3,0,0,j=5-5,j*3=,j=5-5. j*3=
h,-,+,1,9,4,-8,-4,h=1-9,h+4=,h=1-9. h+4=
t,+,-,4,7,2,11,9,t=4+7,t-2=,t=4+7. t-2=
p,-,//,4,2,2,2,1,p=4-2,p//2=,p=4-2. p//2=
y,+,//,9,9,1,18,18,y=9+9,y//1=,y=9+9. y//1=
g,//,-,7,1,4,7,3,g=7//1,g-4=,g=7//1. g-4=
r,//,-,1,9,7,0,-7,r=1//9,r-7=,r=1//9. r-7=
e,-,-,5,2,8,3,-5,e=5-2,e-8=,e=5-2. e-8=
z,*,-,1,5,7,5,-2,z=1*5,z-7=,z=1*5. z-7=
g,-,+,4,2,1,2,3,g=4-2,g+1=,g=4-2. g+1=
r,+,-,9,5,7,14,7,r=9+5,r-7=,r=9+5. r-7=
p,//,-,9,7,5,1,-4,p=9//7,p-5=,p=9//7. p-5=
u,*,+,9,8,7,72,79,u=9*8,u+7=,u=9*8. u+7=
g,-,-,3,1,2,2,0,g=3-1,g-2=,g=3-1. g-2=
w,//,*,6,7,2,0,0,w=6//7,w*2=,w=6//7. w*2=
e,*,-,7,4,6,28,22,e=7*4,e-6=,e=7*4. e-6=
j,//,-,9,3,3,3,0,j=9//3,j-3=,j=9//3. j-3=
q,+,-,8,2,3,10,7,q=8+2,q-3=,q=8+2. q-3=
v,-,*,3,7,4,-4,-16,v=3-7,v*4=,v=3-7. v*4=
j,*,*,5,4,1,20,20,j=5*4,j*1=,j=5*4. j*1=
y,+,+,6,5,8,11,19,y=6+5,y+8=,y=6+5. y+8=
i,//,+,5,7,6,0,6,i=5//7,i+6=,i=5//7. i+6=
k,+,*,9,6,4,15,60,k=9+6,k*4=,k=9+6. k*4=
n,-,-,5,2,7,3,-4,n=5-2,n-7=,n=5-2. n-7=
x,-,+,7,8,9,-1,8,x=7-8,x+9=,x=7-8. x+9=
h,+,//,4,9,7,13,1,h=4+9,h//7=,h=4+9. h//7=
d,*,//,3,4,8,12,1,d=3*4,d//8=,d=3*4. d//8=
s,-,-,2,2,1,0,-1,s=2-2,s-1=,s=2-2. s-1=
j,*,+,1,2,4,2,6,j=1*2,j+4=,j=1*2. j+4=
c,-,*,7,3,1,4,4,c=7-3,c*1=,c=7-3. c*1=
i,*,-,3,5,5,15,10,i=3*5,i-5=,i=3*5. i-5=
g,//,//,1,5,2,0,0,g=1//5,g//2=,g=1//5. g//2=
x,//,+,1,6,5,0,5,x=1//6,x+5=,x=1//6. x+5=
h,-,//,1,8,3,-7,-3,h=1-8,h//3=,h=1-8. h//3=
x,+,//,5,8,9,13,1,x=5+8,x//9=,x=5+8. x//9=
u,-,//,8,9,1,-1,-1,u=8-9,u//1=,u=8-9. u//1=
l,*,//,2,5,9,10,1,l=2*5,l//9=,l=2*5. l//9=
x,//,*,1,5,1,0,0,x=1//5,x*1=,x=1//5. x*1=
y,*,-,5,2,9,10,1,y=5*2,y-9=,y=5*2. y-9=
i,*,//,5,1,9,5,0,i=5*1,i//9=,i=5*1. i//9=
f,-,//,6,7,9,-1,-1,f=6-7,f//9=,f=6-7. f//9=
y,*,-,8,4,8,32,24,y=8*4,y-8=,y=8*4. y-8=
f,//,//,5,4,6,1,0,f=5//4,f//6=,f=5//4. f//6=
s,+,-,7,2,5,9,4,s=7+2,s-5=,s=7+2. s-5=
e,*,//,3,9,8,27,3,e=3*9,e//8=,e=3*9. e//8=
b,*,+,9,3,9,27,36,b=9*3,b+9=,b=9*3. b+9=
o,-,+,3,6,6,-3,3,o=3-6,o+6=,o=3-6. o+6=
t,-,+,6,1,8,5,13,t=6-1,t+8=,t=6-1. t+8=
o,*,//,7,1,3,7,2,o=7*1,o//3=,o=7*1. o//3=
j,//,//,5,2,8,2,0,j=5//2,j//8=,j=5//2. j//8=
v,+,+,4,3,5,7,12,v=4+3,v+5=,v=4+3. v+5=
w,*,-,8,6,6,48,42,w=8*6,w-6=,w=8*6. w-6=
s,//,*,4,4,5,1,5,s=4//4,s*5=,s=4//4. s*5=
z,*,//,3,1,6,3,0,z=3*1,z//6=,z=3*1. z//6=
a,*,-,5,1,6,5,-1,a=5*1,a-6=,a=5*1. a-6=
e,-,*,7,3,9,4,36,e=7-3,e*9=,e=7-3. e*9=
p,-,+,2,2,4,0,4,p=2-2,p+4=,p=2-2. p+4=
b,*,-,8,4,5,32,27,b=8*4,b-5=,b=8*4. b-5=
z,//,-,6,9,1,0,-1,z=6//9,z-1=,z=6//9. z-1=
p,+,*,5,3,1,8,8,p=5+3,p*1=,p=5+3. p*1=
t,*,*,7,6,9,42,378,t=7*6,t*9=,t=7*6. t*9=
e,-,//,7,8,8,-1,-1,e=7-8,e//8=,e=7-8. e//8=
b,//,*,2,2,2,1,2,b=2//2,b*2=,b=2//2. b*2=
u,-,+,9,3,7,6,13,u=9-3,u+7=,u=9-3. u+7=
m,//,+,5,6,1,0,1,m=5//6,m+1=,m=5//6. m+1=
x,+,*,8,3,9,11,99,x=8+3,x*9=,x=8+3. x*9=
h,+,*,5,6,7,11,77,h=5+6,h*7=,h=5+6. h*7=
h,-,//,4,8,7,-4,-1,h=4-8,h//7=,h=4-8. h//7=
y,-,-,8,1,2,7,5,y=8-1,y-2=,y=8-1. y-2=
m,*,//,8,9,9,72,8,m=8*9,m//9=,m=8*9. m//9=
l,+,//,8,2,7,10,1,l=8+2,l//7=,l=8+2. l//7=
e,*,-,4,3,1,12,11,e=4*3,e-1=,e=4*3. e-1=
u,*,//,4,9,2,36,18,u=4*9,u//2=,u=4*9. u//2=
u,+,-,9,4,4,13,9,u=9+4,u-4=,u=9+4. u-4=
q,+,*,5,9,5,14,70,q=5+9,q*5=,q=5+9. q*5=
q,+,-,9,5,2,14,12,q=9+5,q-2=,q=9+5. q-2=
c,//,//,2,4,5,0,0,c=2//4,c//5=,c=2//4. c//5=
c,//,+,8,2,3,4,7,c=8//2,c+3=,c=8//2. c+3=
e,+,-,2,7,4,9,5,e=2+7,e-4=,e=2+7. e-4=
i,//,*,8,6,4,1,4,i=8//6,i*4=,i=8//6. i*4=
f,+,//,6,3,4,9,2,f=6+3,f//4=,f=6+3. f//4=
c,-,//,3,3,1,0,0,c=3-3,c//1=,c=3-3. c//1=
m,+,+,7,5,2,12,14,m=7+5,m+2=,m=7+5. m+2=
u,+,+,8,3,9,11,20,u=8+3,u+9=,u=8+3. u+9=
k,//,+,2,6,8,0,8,k=2//6,k+8=,k=2//6. k+8=
d,+,*,7,9,5,16,80,d=7+9,d*5=,d=7+9. d*5=
f,*,//,9,6,6,54,9,f=9*6,f//6=,f=9*6. f//6=
w,*,*,6,8,8,48,384,w=6*8,w*8=,w=6*8. w*8=
b,//,//,4,5,6,0,0,b=4//5,b//6=,b=4//5. b//6=
t,//,-,9,7,1,1,0,t=9//7,t-1=,t=9//7. t-1=
i,-,+,1,9,3,-8,-5,i=1-9,i+3=,i=1-9. i+3=
w,*,//,1,8,5,8,1,w=1*8,w//5=,w=1*8. w//5=
k,+,+,7,2,3,9,12,k=7+2,k+3=,k=7+2. k+3=
q,+,-,7,1,7,8,1,q=7+1,q-7=,q=7+1. q-7=
e,+,-,7,1,3,8,5,e=7+1,e-3=,e=7+1. e-3=
x,-,*,7,8,1,-1,-1,x=7-8,x*1=,x=7-8. x*1=
g,-,*,5,5,1,0,0,g=5-5,g*1=,g=5-5. g*1=
y,//,+,3,5,5,0,5,y=3//5,y+5=,y=3//5. y+5=
p,//,-,9,4,6,2,-4,p=9//4,p-6=,p=9//4. p-6=
w,-,*,1,6,9,-5,-45,w=1-6,w*9=,w=1-6. w*9=
n,-,*,2,4,3,-2,-6,n=2-4,n*3=,n=2-4. n*3=
c,//,*,8,1,7,8,56,c=8//1,c*7=,c=8//1. c*7=
k,//,+,4,7,5,0,5,k=4//7,k+5=,k=4//7. k+5=
r,*,-,8,1,4,8,4,r=8*1,r-4=,r=8*1. r-4=
q,*,*,4,8,3,32,96,q=4*8,q*3=,q=4*8. q*3=
m,*,-,3,3,6,9,3,m=3*3,m-6=,m=3*3. m-6=
l,+,-,2,8,4,10,6,l=2+8,l-4=,l=2+8. l-4=
i,-,*,7,2,8,5,40,i=7-2,i*8=,i=7-2. i*8=
b,-,*,9,3,5,6,30,b=9-3,b*5=,b=9-3. b*5=
z,+,//,3,7,7,10,1,z=3+7,z//7=,z=3+7. z//7=
b,//,+,2,6,2,0,2,b=2//6,b+2=,b=2//6. b+2=
z,+,//,4,4,5,8,1,z=4+4,z//5=,z=4+4. z//5=
o,-,//,4,4,4,0,0,o=4-4,o//4=,o=4-4. o//4=
j,+,//,9,9,1,18,18,j=9+9,j//1=,j=9+9. j//1=
z,//,-,2,3,3,0,-3,z=2//3,z-3=,z=2//3. z-3=
y,+,+,6,2,3,8,11,y=6+2,y+3=,y=6+2. y+3=
s,+,//,4,7,5,11,2,s=4+7,s//5=,s=4+7. s//5=
c,*,*,3,1,6,3,18,c=3*1,c*6=,c=3*1. c*6=
p,*,//,3,4,8,12,1,p=3*4,p//8=,p=3*4. p//8=
h,-,//,9,7,2,2,1,h=9-7,h//2=,h=9-7. h//2=
z,-,*,1,3,4,-2,-8,z=1-3,z*4=,z=1-3. z*4=
f,*,+,8,7,9,56,65,f=8*7,f+9=,f=8*7. f+9=
m,+,-,6,8,2,14,12,m=6+8,m-2=,m=6+8. m-2=
b,-,-,5,8,6,-3,-9,b=5-8,b-6=,b=5-8. b-6=
h,//,*,4,3,5,1,5,h=4//3,h*5=,h=4//3. h*5=
h,//,+,1,8,3,0,3,h=1//8,h+3=,h=1//8. h+3=
z,//,//,9,1,4,9,2,z=9//1,z//4=,z=9//1. z//4=
c,-,+,6,6,2,0,2,c=6-6,c+2=,c=6-6. c+2=
p,//,+,5,8,1,0,1,p=5//8,p+1=,p=5//8. p+1=
g,+,+,4,4,3,8,11,g=4+4,g+3=,g=4+4. g+3=
p,*,-,7,1,6,7,1,p=7*1,p-6=,p=7*1. p-6=
v,-,*,6,4,4,2,8,v=6-4,v*4=,v=6-4. v*4=
c,*,*,3,8,4,24,96,c=3*8,c*4=,c=3*8. c*4=
u,+,-,6,2,2,8,6,u=6+2,u-2=,u=6+2. u-2=
r,//,+,3,6,6,0,6,r=3//6,r+6=,r=3//6. r+6=
p,-,//,6,2,1,4,4,p=6-2,p//1=,p=6-2. p//1=
q,-,+,8,9,9,-1,8,q=8-9,q+9=,q=8-9. q+9=
k,*,-,4,3,8,12,4,k=4*3,k-8=,k=4*3. k-8=
t,//,//,8,5,3,1,0,t=8//5,t//3=,t=8//5. t//3=
n,+,//,3,8,9,11,1,n=3+8,n//9=,n=3+8. n//9=
v,+,*,8,2,6,10,60,v=8+2,v*6=,v=8+2. v*6=
z,*,//,1,1,4,1,0,z=1*1,z//4=,z=1*1. z//4=
a,//,//,8,7,6,1,0,a=8//7,a//6=,a=8//7. a//6=
f,*,+,5,2,6,10,16,f=5*2,f+6=,f=5*2. f+6=
d,*,-,2,3,4,6,2,d=2*3,d-4=,d=2*3. d-4=
l,//,*,7,8,1,0,0,l=7//8,l*1=,l=7//8. l*1=
h,*,+,3,8,1,24,25,h=3*8,h+1=,h=3*8. h+1=
e,*,+,8,4,2,32,34,e=8*4,e+2=,e=8*4. e+2=
j,//,*,6,7,8,0,0,j=6//7,j*8=,j=6//7. j*8=
n,*,//,9,5,9,45,5,n=9*5,n//9=,n=9*5. n//9=
e,+,-,8,1,1,9,8,e=8+1,e-1=,e=8+1. e-1=
u,-,//,8,5,2,3,1,u=8-5,u//2=,u=8-5. u//2=
y,*,*,5,8,7,40,280,y=5*8,y*7=,y=5*8. y*7=
i,//,*,6,7,5,0,0,i=6//7,i*5=,i=6//7. i*5=
v,*,+,7,9,2,63,65,v=7*9,v+2=,v=7*9. v+2=
p,//,//,9,7,4,1,0,p=9//7,p//4=,p=9//7. p//4=
w,+,-,8,2,8,10,2,w=8+2,w-8=,w=8+2. w-8=
r,+,*,9,7,6,16,96,r=9+7,r*6=,r=9+7. r*6=
o,+,+,5,1,8,6,14,o=5+1,o+8=,o=5+1. o+8=
s,//,//,9,7,5,1,0,s=9//7,s//5=,s=9//7. s//5=
a,//,//,7,6,1,1,1,a=7//6,a//1=,a=7//6. a//1=
t,-,//,2,4,9,-2,-1,t=2-4,t//9=,t=2-4. t//9=
n,*,-,8,5,6,40,34,n=8*5,n-6=,n=8*5. n-6=
k,//,*,2,7,7,0,0,k=2//7,k*7=,k=2//7. k*7=
l,+,+,6,6,4,12,16,l=6+6,l+4=,l=6+6. l+4=
u,*,*,6,5,4,30,120,u=6*5,u*4=,u=6*5. u*4=
o,+,-,9,6,4,15,11,o=9+6,o-4=,o=9+6. o-4=
f,//,*,6,5,9,1,9,f=6//5,f*9=,f=6//5. f*9=
b,//,+,5,5,8,1,9,b=5//5,b+8=,b=5//5. b+8=
p,//,-,7,3,3,2,-1,p=7//3,p-3=,p=7//3. p-3=
m,//,//,8,7,5,1,0,m=8//7,m//5=,m=8//7. m//5=
e,-,+,9,3,3,6,9,e=9-3,e+3=,e=9-3. e+3=
b,+,-,4,9,7,13,6,b=4+9,b-7=,b=4+9. b-7=
c,-,*,6,9,9,-3,-27,c=6-9,c*9=,c=6-9. c*9=
a,*,+,4,5,3,20,23,a=4*5,a+3=,a=4*5. a+3=
s,-,+,2,3,8,-1,7,s=2-3,s+8=,s=2-3. s+8=
z,-,*,8,5,5,3,15,z=8-5,z*5=,z=8-5. z*5=
l,+,-,6,4,8,10,2,l=6+4,l-8=,l=6+4. l-8=
r,*,//,9,7,8,63,7,r=9*7,r//8=,r=9*7. r//8=
q,+,//,9,5,6,14,2,q=9+5,q//6=,q=9+5. q//6=
i,-,//,5,3,3,2,0,i=5-3,i//3=,i=5-3. i//3=
c,//,*,8,3,6,2,12,c=8//3,c*6=,c=8//3. c*6=
g,+,-,4,9,8,13,5,g=4+9,g-8=,g=4+9. g-8=
q,//,*,6,3,7,2,14,q=6//3,q*7=,q=6//3. q*7=
u,+,+,4,1,9,5,14,u=4+1,u+9=,u=4+1. u+9=
o,+,//,9,4,4,13,3,o=9+4,o//4=,o=9+4. o//4=
y,//,//,2,6,5,0,0,y=2//6,y//5=,y=2//6. y//5=
e,+,+,5,8,9,13,22,e=5+8,e+9=,e=5+8. e+9=
h,*,//,7,9,1,63,63,h=7*9,h//1=,h=7*9. h//1=
r,+,+,4,9,5,13,18,r=4+9,r+5=,r=4+9. r+5=
u,//,+,4,8,7,0,7,u=4//8,u+7=,u=4//8. u+7=
e,-,//,5,9,7,-4,-1,e=5-9,e//7=,e=5-9. e//7=
a,//,+,5,8,4,0,4,a=5//8,a+4=,a=5//8. a+4=
s,-,*,3,2,9,1,9,s=3-2,s*9=,s=3-2. s*9=
d,//,-,8,5,5,1,-4,d=8//5,d-5=,d=8//5. d-5=
z,+,*,2,1,3,3,9,z=2+1,z*3=,z=2+1. z*3=
u,//,//,3,3,7,1,0,u=3//3,u//7=,u=3//3. u//7=
b,+,-,4,9,1,13,12,b=4+9,b-1=,b=4+9. b-1=
y,//,//,8,2,7,4,0,y=8//2,y//7=,y=8//2. y//7=
q,+,-,3,9,7,12,5,q=3+9,q-7=,q=3+9. q-7=
a,+,-,6,8,2,14,12,a=6+8,a-2=,a=6+8. a-2=
x,-,-,2,1,8,1,-7,x=2-1,x-8=,x=2-1. x-8=
d,-,-,8,9,9,-1,-10,d=8-9,d-9=,d=8-9. d-9=
g,*,*,9,6,4,54,216,g=9*6,g*4=,g=9*6. g*4=
v,-,//,7,5,4,2,0,v=7-5,v//4=,v=7-5. v//4=
t,+,-,5,1,5,6,1,t=5+1,t-5=,t=5+1. t-5=
e,+,+,1,4,7,5,12,e=1+4,e+7=,e=1+4. e+7=
d,+,*,7,3,3,10,30,d=7+3,d*3=,d=7+3. d*3=
z,*,//,1,9,8,9,1,z=1*9,z//8=,z=1*9. z//8=
u,+,+,3,1,2,4,6,u=3+1,u+2=,u=3+1. u+2=
x,+,-,5,5,5,10,5,x=5+5,x-5=,x=5+5. x-5=
b,-,//,1,7,7,-6,-1,b=1-7,b//7=,b=1-7. b//7=
w,-,+,9,6,9,3,12,w=9-6,w+9=,w=9-6. w+9=
a,+,*,2,7,8,9,72,a=2+7,a*8=,a=2+7. a*8=
b,*,-,5,2,8,10,2,b=5*2,b-8=,b=5*2. b-8=
c,+,//,3,1,2,4,2,c=3+1,c//2=,c=3+1. c//2=
m,-,//,2,1,4,1,0,m=2-1,m//4=,m=2-1. m//4=
j,*,*,3,1,3,3,9,j=3*1,j*3=,j=3*1. j*3=
e,-,+,3,8,6,-5,1,e=3-8,e+6=,e=3-8. e+6=
z,+,-,1,5,3,6,3,z=1+5,z-3=,z=1+5. z-3=
n,+,-,2,4,3,6,3,n=2+4,n-3=,n=2+4. n-3=
u,-,-,7,9,5,-2,-7,u=7-9,u-5=,u=7-9. u-5=
x,//,*,9,8,2,1,2,x=9//8,x*2=,x=9//8. x*2=
g,*,//,4,2,6,8,1,g=4*2,g//6=,g=4*2. g//6=
l,*,+,4,1,8,4,12,l=4*1,l+8=,l=4*1. l+8=
b,//,-,1,5,5,0,-5,b=1//5,b-5=,b=1//5. b-5=
k,//,//,7,8,8,0,0,k=7//8,k//8=,k=7//8. k//8=
i,//,-,4,5,9,0,-9,i=4//5,i-9=,i=4//5. i-9=
l,*,*,2,4,3,8,24,l=2*4,l*3=,l=2*4. l*3=
g,+,*,4,4,9,8,72,g=4+4,g*9=,g=4+4. g*9=
p,*,//,1,6,9,6,0,p=1*6,p//9=,p=1*6. p//9=
c,+,+,2,6,2,8,10,c=2+6,c+2=,c=2+6. c+2=
c,//,-,6,1,2,6,4,c=6//1,c-2=,c=6//1. c-2=
c,*,*,9,2,5,18,90,c=9*2,c*5=,c=9*2. c*5=
d,-,+,2,5,2,-3,-1,d=2-5,d+2=,d=2-5. d+2=
q,-,//,1,2,4,-1,-1,q=1-2,q//4=,q=1-2. q//4=
t,*,+,4,9,4,36,40,t=4*9,t+4=,t=4*9. t+4=
x,-,*,4,1,9,3,27,x=4-1,x*9=,x=4-1. x*9=
h,//,+,5,2,7,2,9,h=5//2,h+7=,h=5//2. h+7=
h,-,+,7,3,8,4,12,h=7-3,h+8=,h=7-3. h+8=
j,-,*,1,6,6,-5,-30,j=1-6,j*6=,j=1-6. j*6=
u,+,//,8,2,3,10,3,u=8+2,u//3=,u=8+2. u//3=
v,-,+,4,8,8,-4,4,v=4-8,v+8=,v=4-8. v+8=
f,-,*,1,7,1,-6,-6,f=1-7,f*1=,f=1-7. f*1=
z,-,//,7,2,2,5,2,z=7-2,z//2=,z=7-2. z//2=
y,+,*,9,1,4,10,40,y=9+1,y*4=,y=9+1. y*4=
e,//,*,8,2,3,4,12,e=8//2,e*3=,e=8//2. e*3=
y,*,*,3,3,2,9,18,y=3*3,y*2=,y=3*3. y*2=
c,+,//,8,6,7,14,2,c=8+6,c//7=,c=8+6. c//7=
m,*,//,6,7,4,42,10,m=6*7,m//4=,m=6*7. m//4=
o,-,//,6,4,9,2,0,o=6-4,o//9=,o=6-4. o//9=
r,+,-,9,3,9,12,3,r=9+3,r-9=,r=9+3. r-9=
v,+,-,9,3,5,12,7,v=9+3,v-5=,v=9+3. v-5=
a,//,-,6,6,4,1,-3,a=6//6,a-4=,a=6//6. a-4=
w,+,*,9,3,6,12,72,w=9+3,w*6=,w=9+3. w*6=
b,-,-,5,9,1,-4,-5,b=5-9,b-1=,b=5-9. b-1=
f,//,+,3,3,7,1,8,f=3//3,f+7=,f=3//3. f+7=
i,+,//,3,4,4,7,1,i=3+4,i//4=,i=3+4. i//4=
u,*,-,8,4,6,32,26,u=8*4,u-6=,u=8*4. u-6=
g,-,//,3,9,6,-6,-1,g=3-9,g//6=,g=3-9. g//6=
y,-,*,6,4,9,2,18,y=6-4,y*9=,y=6-4. y*9=
j,//,+,7,1,8,7,15,j=7//1,j+8=,j=7//1. j+8=
c,-,+,3,3,7,0,7,c=3-3,c+7=,c=3-3. c+7=
n,//,*,5,6,2,0,0,n=5//6,n*2=,n=5//6. n*2=
b,*,-,2,2,7,4,-3,b=2*2,b-7=,b=2*2. b-7=
z,-,*,5,8,2,-3,-6,z=5-8,z*2=,z=5-8. z*2=
n,+,*,9,7,9,16,144,n=9+7,n*9=,n=9+7. n*9=
c,+,+,3,7,8,10,18,c=3+7,c+8=,c=3+7. c+8=
h,//,//,3,2,1,1,1,h=3//2,h//1=,h=3//2. h//1=
q,*,+,7,2,3,14,17,q=7*2,q+3=,q=7*2. q+3=
t,//,+,3,2,2,1,3,t=3//2,t+2=,t=3//2. t+2=
p,-,+,2,4,4,-2,2,p=2-4,p+4=,p=2-4. p+4=
s,+,-,7,7,6,14,8,s=7+7,s-6=,s=7+7. s-6=
e,*,-,3,3,3,9,6,e=3*3,e-3=,e=3*3. e-3=
o,*,*,5,7,6,35,210,o=5*7,o*6=,o=5*7. o*6=
a,*,//,7,1,8,7,0,a=7*1,a//8=,a=7*1. a//8=
a,-,*,3,7,8,-4,-32,a=3-7,a*8=,a=3-7. a*8=
p,-,*,6,1,5,5,25,p=6-1,p*5=,p=6-1. p*5=
j,+,+,5,2,6,7,13,j=5+2,j+6=,j=5+2. j+6=
b,+,+,5,7,4,12,16,b=5+7,b+4=,b=5+7. b+4=
q,-,+,1,2,5,-1,4,q=1-2,q+5=,q=1-2. q+5=
x,+,*,4,6,3,10,30,x=4+6,x*3=,x=4+6. x*3=
g,-,*,4,5,8,-1,-8,g=4-5,g*8=,g=4-5. g*8=
b,-,*,2,4,5,-2,-10,b=2-4,b*5=,b=2-4. b*5=
v,*,-,7,3,9,21,12,v=7*3,v-9=,v=7*3. v-9=
g,//,+,3,2,2,1,3,g=3//2,g+2=,g=3//2. g+2=
f,//,//,5,8,2,0,0,f=5//8,f//2=,f=5//8. f//2=
w,*,-,8,3,2,24,22,w=8*3,w-2=,w=8*3. w-2=
u,//,+,8,9,6,0,6,u=8//9,u+6=,u=8//9. u+6=
y,//,+,3,7,5,0,5,y=3//7,y+5=,y=3//7. y+5=
g,//,*,6,4,7,1,7,g=6//4,g*7=,g=6//4. g*7=
j,-,//,4,1,2,3,1,j=4-1,j//2=,j=4-1. j//2=
c,//,//,3,2,5,1,0,c=3//2,c//5=,c=3//2. c//5=
f,+,-,5,8,1,13,12,f=5+8,f-1=,f=5+8. f-1=
t,*,+,2,3,5,6,11,t=2*3,t+5=,t=2*3. t+5=
f,*,+,2,3,5,6,11,f=2*3,f+5=,f=2*3. f+5=
k,+,-,8,4,8,12,4,k=8+4,k-8=,k=8+4. k-8=
m,//,//,7,6,9,1,0,m=7//6,m//9=,m=7//6. m//9=
m,//,//,6,8,7,0,0,m=6//8,m//7=,m=6//8. m//7=
z,//,-,8,1,6,8,2,z=8//1,z-6=,z=8//1. z-6=
q,+,-,4,3,2,7,5,q=4+3,q-2=,q=4+3. q-2=
m,+,+,6,3,6,9,15,m=6+3,m+6=,m=6+3. m+6=
o,+,+,9,9,8,18,26,o=9+9,o+8=,o=9+9. o+8=
v,//,-,2,2,6,1,-5,v=2//2,v-6=,v=2//2. v-6=
f,//,*,1,7,4,0,0,f=1//7,f*4=,f=1//7. f*4=
m,+,//,4,1,6,5,0,m=4+1,m//6=,m=4+1. m//6=
t,*,-,6,7,9,42,33,t=6*7,t-9=,t=6*7. t-9=
a,+,*,5,5,3,10,30,a=5+5,a*3=,a=5+5. a*3=
o,-,//,8,4,7,4,0,o=8-4,o//7=,o=8-4. o//7=
v,*,//,1,5,6,5,0,v=1*5,v//6=,v=1*5. v//6=
w,+,//,3,2,8,5,0,w=3+2,w//8=,w=3+2. w//8=
a,//,-,6,5,1,1,0,a=6//5,a-1=,a=6//5. a-1=
i,//,+,8,8,6,1,7,i=8//8,i+6=,i=8//8. i+6=
c,-,-,3,9,3,-6,-9,c=3-9,c-3=,c=3-9. c-3=
x,+,-,2,7,9,9,0,x=2+7,x-9=,x=2+7. x-9=
j,//,-,6,6,3,1,-2,j=6//6,j-3=,j=6//6. j-3=
x,//,-,1,2,9,0,-9,x=1//2,x-9=,x=1//2. x-9=
b,//,-,3,7,4,0,-4,b=3//7,b-4=,b=3//7. b-4=
t,//,*,7,2,7,3,21,t=7//2,t*7=,t=7//2. t*7=
o,+,//,7,4,9,11,1,o=7+4,o//9=,o=7+4. o//9=
d,*,-,5,1,2,5,3,d=5*1,d-2=,d=5*1. d-2=
c,+,*,8,8,4,16,64,c=8+8,c*4=,c=8+8. c*4=
c,-,+,6,8,5,-2,3,c=6-8,c+5=,c=6-8. c+5=
p,//,+,9,6,5,1,6,p=9//6,p+5=,p=9//6. p+5=
x,//,*,5,6,4,0,0,x=5//6,x*4=,x=5//6. x*4=
g,*,//,4,2,3,8,2,g=4*2,g//3=,g=4*2. g//3=
p,*,-,9,5,8,45,37,p=9*5,p-8=,p=9*5. p-8=
y,*,*,2,1,2,2,4,y=2*1,y*2=,y=2*1. y*2=
a,-,+,7,9,7,-2,5,a=7-9,a+7=,a=7-9. a+7=
x,-,-,8,4,8,4,-4,x=8-4,x-8=,x=8-4. x-8=
p,+,//,9,9,4,18,4,p=9+9,p//4=,p=9+9. p//4=
l,//,//,6,4,8,1,0,l=6//4,l//8=,l=6//4. l//8=
n,//,-,8,1,7,8,1,n=8//1,n-7=,n=8//1. n-7=
u,//,-,1,6,4,0,-4,u=1//6,u-4=,u=1//6. u-4=
c,//,-,8,6,3,1,-2,c=8//6,c-3=,c=8//6. c-3=
v,+,-,1,1,5,2,-3,v=1+1,v-5=,v=1+1. v-5=
g,+,*,7,7,6,14,84,g=7+7,g*6=,g=7+7. g*6=
k,*,+,7,8,6,56,62,k=7*8,k+6=,k=7*8. k+6=
d,+,-,7,9,6,16,10,d=7+9,d-6=,d=7+9. d-6=
n,//,//,5,1,9,5,0,n=5//1,n//9=,n=5//1. n//9=
p,-,*,1,7,8,-6,-48,p=1-7,p*8=,p=1-7. p*8=
q,+,//,4,4,4,8,2,q=4+4,q//4=,q=4+4. q//4=
a,//,+,5,1,8,5,13,a=5//1,a+8=,a=5//1. a+8=
z,*,+,5,6,2,30,32,z=5*6,z+2=,z=5*6. z+2=
o,//,+,1,5,5,0,5,o=1//5,o+5=,o=1//5. o+5=
u,//,-,1,9,1,0,-1,u=1//9,u-1=,u=1//9. u-1=
w,-,//,9,4,7,5,0,w=9-4,w//7=,w=9-4. w//7=
g,//,+,4,8,7,0,7,g=4//8,g+7=,g=4//8. g+7=
t,*,+,8,3,1,24,25,t=8*3,t+1=,t=8*3. t+1=
g,*,-,7,5,1,35,34,g=7*5,g-1=,g=7*5. g-1=
h,+,*,5,9,7,14,98,h=5+9,h*7=,h=5+9. h*7=
r,//,-,2,4,7,0,-7,r=2//4,r-7=,r=2//4. r-7=
x,*,//,5,1,4,5,1,x=5*1,x//4=,x=5*1. x//4=
i,*,-,5,5,4,25,21,i=5*5,i-4=,i=5*5. i-4=
p,-,-,9,6,4,3,-1,p=9-6,p-4=,p=9-6. p-4=
g,//,+,1,1,3,1,4,g=1//1,g+3=,g=1//1. g+3=
f,//,*,8,5,7,1,7,f=8//5,f*7=,f=8//5. f*7=
x,+,*,1,9,5,10,50,x=1+9,x*5=,x=1+9. x*5=
x,*,-,3,2,2,6,4,x=3*2,x-2=,x=3*2. x-2=
c,*,+,4,2,4,8,12,c=4*2,c+4=,c=4*2. c+4=
p,+,//,8,1,2,9,4,p=8+1,p//2=,p=8+1. p//2=
g,-,//,8,1,3,7,2,g=8-1,g//3=,g=8-1. g//3=
d,+,+,6,6,4,12,16,d=6+6,d+4=,d=6+6. d+4=
r,//,//,6,5,4,1,0,r=6//5,r//4=,r=6//5. r//4=
w,//,//,2,6,3,0,0,w=2//6,w//3=,w=2//6. w//3=
m,//,-,4,2,5,2,-3,m=4//2,m-5=,m=4//2. m-5=
c,+,//,7,7,3,14,4,c=7+7,c//3=,c=7+7. c//3=
d,*,-,1,5,4,5,1,d=1*5,d-4=,d=1*5. d-4=
a,-,//,4,9,6,-5,-1,a=4-9,a//6=,a=4-9. a//6=
m,-,*,3,2,6,1,6,m=3-2,m*6=,m=3-2. m*6=
x,-,//,7,9,7,-2,-1,x=7-9,x//7=,x=7-9. x//7=
x,-,-,1,2,6,-1,-7,x=1-2,x-6=,x=1-2. x-6=
f,-,-,2,8,5,-6,-11,f=2-8,f-5=,f=2-8. f-5=
p,*,-,6,2,9,12,3,p=6*2,p-9=,p=6*2. p-9=
j,//,*,2,5,9,0,0,j=2//5,j*9=,j=2//5. j*9=
l,+,-,7,2,4,9,5,l=7+2,l-4=,l=7+2. l-4=
c,-,-,8,6,7,2,-5,c=8-6,c-7=,c=8-6. c-7=
r,+,*,9,7,8,16,128,r=9+7,r*8=,r=9+7. r*8=
l,*,//,3,7,7,21,3,l=3*7,l//7=,l=3*7. l//7=
r,+,-,4,6,8,10,2,r=4+6,r-8=,r=4+6. r-8=
c,+,-,1,4,1,5,4,c=1+4,c-1=,c=1+4. c-1=
r,*,//,4,8,4,32,8,r=4*8,r//4=,r=4*8. r//4=
f,*,+,6,3,9,18,27,f=6*3,f+9=,f=6*3. f+9=
g,-,//,6,5,9,1,0,g=6-5,g//9=,g=6-5. g//9=
r,-,*,3,4,4,-1,-4,r=3-4,r*4=,r=3-4. r*4=
w,-,*,4,7,4,-3,-12,w=4-7,w*4=,w=4-7. w*4=
o,*,*,6,3,2,18,36,o=6*3,o*2=,o=6*3. o*2=
y,+,+,5,8,9,13,22,y=5+8,y+9=,y=5+8. y+9=
w,*,-,5,8,6,40,34,w=5*8,w-6=,w=5*8. w-6=
o,+,*,3,1,9,4,36,o=3+1,o*9=,o=3+1. o*9=
i,//,+,7,4,7,1,8,i=7//4,i+7=,i=7//4. i+7=
w,+,*,8,3,4,11,44,w=8+3,w*4=,w=8+3. w*4=
t,+,-,3,8,5,11,6,t=3+8,t-5=,t=3+8. t-5=
d,*,//,6,4,6,24,4,d=6*4,d//6=,d=6*4. d//6=
b,-,+,3,9,9,-6,3,b=3-9,b+9=,b=3-9. b+9=
k,*,+,4,8,6,32,38,k=4*8,k+6=,k=4*8. k+6=
g,//,//,4,6,6,0,0,g=4//6,g//6=,g=4//6. g//6=
i,-,-,7,8,4,-1,-5,i=7-8,i-4=,i=7-8. i-4=
l,*,+,7,2,5,14,19,l=7*2,l+5=,l=7*2. l+5=
s,+,*,3,6,9,9,81,s=3+6,s*9=,s=3+6. s*9=
p,*,-,2,7,1,14,13,p=2*7,p-1=,p=2*7. p-1=
h,*,//,6,8,1,48,48,h=6*8,h//1=,h=6*8. h//1=
k,//,//,2,2,3,1,0,k=2//2,k//3=,k=2//2. k//3=
a,+,+,1,8,2,9,11,a=1+8,a+2=,a=1+8. a+2=
y,*,-,3,8,2,24,22,y=3*8,y-2=,y=3*8. y-2=
o,*,//,8,4,2,32,16,o=8*4,o//2=,o=8*4. o//2=
f,-,*,7,9,6,-2,-12,f=7-9,f*6=,f=7-9. f*6=
p,+,*,4,6,8,10,80,p=4+6,p*8=,p=4+6. p*8=
l,*,//,9,6,1,54,54,l=9*6,l//1=,l=9*6. l//1=
b,//,+,9,2,1,4,5,b=9//2,b+1=,b=9//2. b+1=
l,-,+,8,3,2,5,7,l=8-3,l+2=,l=8-3. l+2=
l,+,-,7,1,8,8,0,l=7+1,l-8=,l=7+1. l-8=
y,//,-,4,5,6,0,-6,y=4//5,y-6=,y=4//5. y-6=
n,-,*,2,6,5,-4,-20,n=2-6,n*5=,n=2-6. n*5=
g,-,//,4,5,8,-1,-1,g=4-5,g//8=,g=4-5. g//8=
s,//,//,6,4,8,1,0,s=6//4,s//8=,s=6//4. s//8=
a,*,*,3,2,7,6,42,a=3*2,a*7=,a=3*2. a*7=
i,-,*,3,5,7,-2,-14,i=3-5,i*7=,i=3-5. i*7=
o,//,*,2,5,5,0,0,o=2//5,o*5=,o=2//5. o*5=
t,-,+,6,7,6,-1,5,t=6-7,t+6=,t=6-7. t+6=
s,//,+,6,8,2,0,2,s=6//8,s+2=,s=6//8. s+2=
f,*,//,3,5,6,15,2,f=3*5,f//6=,f=3*5. f//6=
h,//,-,6,6,7,1,-6,h=6//6,h-7=,h=6//6. h-7=
v,-,+,7,9,1,-2,-1,v=7-9,v+1=,v=7-9. v+1=
s,+,//,5,7,2,12,6,s=5+7,s//2=,s=5+7. s//2=
c,*,//,7,9,4,63,15,c=7*9,c//4=,c=7*9. c//4=
t,-,*,9,1,6,8,48,t=9-1,t*6=,t=9-1. t*6=
r,//,//,8,1,8,8,1,r=8//1,r//8=,r=8//1. r//8=
j,*,//,3,1,4,3,0,j=3*1,j//4=,j=3*1. j//4=
o,-,-,2,8,3,-6,-9,o=2-8,o-3=,o=2-8. o-3=
s,*,*,2,6,6,12,72,s=2*6,s*6=,s=2*6. s*6=
d,+,//,6,9,6,15,2,d=6+9,d//6=,d=6+9. d//6=
j,*,//,8,9,2,72,36,j=8*9,j//2=,j=8*9. j//2=
p,-,-,4,6,8,-2,-10,p=4-6,p-8=,p=4-6. p-8=
g,+,+,4,9,1,13,14,g=4+9,g+1=,g=4+9. g+1=
k,-,-,6,8,2,-2,-4,k=6-8,k-2=,k=6-8. k-2=
h,-,+,4,4,8,0,8,h=4-4,h+8=,h=4-4. h+8=
p,+,+,5,7,4,12,16,p=5+7,p+4=,p=5+7. p+4=
j,+,//,5,6,2,11,5,j=5+6,j//2=,j=5+6. j//2=
k,//,-,2,4,6,0,-6,k=2//4,k-6=,k=2//4. k-6=
r,//,+,5,7,1,0,1,r=5//7,r+1=,r=5//7. r+1=
n,*,-,4,1,4,4,0,n=4*1,n-4=,n=4*1. n-4=
i,+,*,1,9,7,10,70,i=1+9,i*7=,i=1+9. i*7=
e,//,*,2,4,8,0,0,e=2//4,e*8=,e=2//4. e*8=
e,//,-,7,3,9,2,-7,e=7//3,e-9=,e=7//3. e-9=
l,-,//,2,6,2,-4,-2,l=2-6,l//2=,l=2-6. l//2=
d,+,*,3,5,9,8,72,d=3+5,d*9=,d=3+5. d*9=
n,//,//,3,7,9,0,0,n=3//7,n//9=,n=3//7. n//9=
t,//,//,5,1,9,5,0,t=5//1,t//9=,t=5//1. t//9=
d,-,//,3,7,1,-4,-4,d=3-7,d//1=,d=3-7. d//1=
u,+,+,5,5,4,10,14,u=5+5,u+4=,u=5+5. u+4=
u,+,-,1,2,2,3,1,u=1+2,u-2=,u=1+2. u-2=
e,//,-,1,4,7,0,-7,e=1//4,e-7=,e=1//4. e-7=
x,//,//,9,5,3,1,0,x=9//5,x//3=,x=9//5. x//3=
f,+,*,7,1,1,8,8,f=7+1,f*1=,f=7+1. f*1=
l,-,-,1,7,5,-6,-11,l=1-7,l-5=,l=1-7. l-5=
j,*,+,5,5,7,25,32,j=5*5,j+7=,j=5*5. j+7=
w,-,*,2,2,5,0,0,w=2-2,w*5=,w=2-2. w*5=
h,-,//,9,2,6,7,1,h=9-2,h//6=,h=9-2. h//6=
w,-,*,2,9,5,-7,-35,w=2-9,w*5=,w=2-9. w*5=
r,-,//,1,7,9,-6,-1,r=1-7,r//9=,r=1-7. r//9=
f,+,*,1,7,9,8,72,f=1+7,f*9=,f=1+7. f*9=
e,-,+,8,3,6,5,11,e=8-3,e+6=,e=8-3. e+6=
d,//,-,5,7,7,0,-7,d=5//7,d-7=,d=5//7. d-7=
g,*,*,1,2,7,2,14,g=1*2,g*7=,g=1*2. g*7=
g,//,+,4,9,2,0,2,g=4//9,g+2=,g=4//9. g+2=
m,-,*,2,5,7,-3,-21,m=2-5,m*7=,m=2-5. m*7=
z,*,//,8,1,9,8,0,z=8*1,z//9=,z=8*1. z//9=
r,-,-,2,2,2,0,-2,r=2-2,r-2=,r=2-2. r-2=
a,*,+,9,2,5,18,23,a=9*2,a+5=,a=9*2. a+5=
p,-,//,7,8,1,-1,-1,p=7-8,p//1=,p=7-8. p//1=
i,+,*,7,6,3,13,39,i=7+6,i*3=,i=7+6. i*3=
o,+,-,2,2,8,4,-4,o=2+2,o-8=,o=2+2. o-8=
j,*,*,4,8,8,32,256,j=4*8,j*8=,j=4*8. j*8=
z,//,-,1,5,5,0,-5,z=1//5,z-5=,z=1//5. z-5=
e,-,//,5,5,5,0,0,e=5-5,e//5=,e=5-5. e//5=
y,//,//,3,8,6,0,0,y=3//8,y//6=,y=3//8. y//6=
u,*,*,3,9,7,27,189,u=3*9,u*7=,u=3*9. u*7=
p,-,*,4,4,7,0,0,p=4-4,p*7=,p=4-4. p*7=
e,*,*,8,4,9,32,288,e=8*4,e*9=,e=8*4. e*9=
x,-,-,8,9,8,-1,-9,x=8-9,x-8=,x=8-9. x-8=
b,+,-,8,5,4,13,9,b=8+5,b-4=,b=8+5. b-4=
a,-,//,7,7,6,0,0,a=7-7,a//6=,a=7-7. a//6=
z,-,*,3,7,7,-4,-28,z=3-7,z*7=,z=3-7. z*7=
u,//,//,7,7,1,1,1,u=7//7,u//1=,u=7//7. u//1=
u,//,*,8,2,6,4,24,u=8//2,u*6=,u=8//2. u*6=
k,-,//,9,5,1,4,4,k=9-5,k//1=,k=9-5. k//1=
p,+,+,7,6,3,13,16,p=7+6,p+3=,p=7+6. p+3=
k,//,//,5,9,4,0,0,k=5//9,k//4=,k=5//9. k//4=
g,+,-,9,2,8,11,3,g=9+2,g-8=,g=9+2. g-8=
p,*,-,2,5,5,10,5,p=2*5,p-5=,p=2*5. p-5=
n,*,+,7,8,5,56,61,n=7*8,n+5=,n=7*8. n+5=
q,+,//,9,9,2,18,9,q=9+9,q//2=,q=9+9. q//2=
l,*,-,7,5,6,35,29,l=7*5,l-6=,l=7*5. l-6=
k,+,//,5,3,4,8,2,k=5+3,k//4=,k=5+3. k//4=
g,*,//,1,5,2,5,2,g=1*5,g//2=,g=1*5. g//2=
f,*,//,2,7,7,14,2,f=2*7,f//7=,f=2*7. f//7=
s,//,+,6,7,6,0,6,s=6//7,s+6=,s=6//7. s+6=
d,*,*,9,5,9,45,405,d=9*5,d*9=,d=9*5. d*9=
i,*,//,3,4,5,12,2,i=3*4,i//5=,i=3*4. i//5=
z,+,*,6,6,5,12,60,z=6+6,z*5=,z=6+6. z*5=
r,-,*,4,8,5,-4,-20,r=4-8,r*5=,r=4-8. r*5=
m,*,-,4,6,3,24,21,m=4*6,m-3=,m=4*6. m-3=
e,*,+,7,7,9,49,58,e=7*7,e+9=,e=7*7. e+9=
b,+,+,7,5,7,12,19,b=7+5,b+7=,b=7+5. b+7=
q,//,//,6,7,9,0,0,q=6//7,q//9=,q=6//7. q//9=
c,-,*,6,3,4,3,12,c=6-3,c*4=,c=6-3. c*4=
y,*,+,5,8,7,40,47,y=5*8,y+7=,y=5*8. y+7=
y,-,+,4,6,4,-2,2,y=4-6,y+4=,y=4-6. y+4=
t,-,-,4,8,2,-4,-6,t=4-8,t-2=,t=4-8. t-2=
u,*,*,4,7,4,28,112,u=4*7,u*4=,u=4*7. u*4=
b,+,+,7,8,2,15,17,b=7+8,b+2=,b=7+8. b+2=
f,//,//,7,6,2,1,0,f=7//6,f//2=,f=7//6. f//2=
g,*,+,7,9,7,63,70,g=7*9,g+7=,g=7*9. g+7=
m,-,//,6,7,6,-1,-1,m=6-7,m//6=,m=6-7. m//6=
e,*,+,2,6,2,12,14,e=2*6,e+2=,e=2*6. e+2=
k,-,//,4,8,1,-4,-4,k=4-8,k//1=,k=4-8. k//1=
l,-,*,8,7,7,1,7,l=8-7,l*7=,l=8-7. l*7=
n,*,*,8,3,9,24,216,n=8*3,n*9=,n=8*3. n*9=
z,-,+,3,8,7,-5,2,z=3-8,z+7=,z=3-8. z+7=
s,//,//,1,1,6,1,0,s=1//1,s//6=,s=1//1. s//6=
j,-,*,2,9,7,-7,-49,j=2-9,j*7=,j=2-9. j*7=
g,+,*,2,8,1,10,10,g=2+8,g*1=,g=2+8. g*1=
a,//,//,7,7,5,1,0,a=7//7,a//5=,a=7//7. a//5=
w,+,+,8,4,4,12,16,w=8+4,w+4=,w=8+4. w+4=
j,*,-,2,2,5,4,-1,j=2*2,j-5=,j=2*2. j-5=
f,//,*,5,4,9,1,9,f=5//4,f*9=,f=5//4. f*9=
j,*,+,7,9,5,63,68,j=7*9,j+5=,j=7*9. j+5=
v,-,//,3,8,6,-5,-1,v=3-8,v//6=,v=3-8. v//6=
x,*,//,9,3,1,27,27,x=9*3,x//1=,x=9*3. x//1=
g,*,-,9,6,5,54,49,g=9*6,g-5=,g=9*6. g-5=
q,*,+,6,7,8,42,50,q=6*7,q+8=,q=6*7. q+8=
i,//,*,9,8,8,1,8,i=9//8,i*8=,i=9//8. i*8=
m,//,-,2,1,7,2,-5,m=2//1,m-7=,m=2//1. m-7=
o,+,+,7,1,5,8,13,o=7+1,o+5=,o=7+1. o+5=
q,//,//,6,2,3,3,1,q=6//2,q//3=,q=6//2. q//3=
o,//,+,9,8,3,1,4,o=9//8,o+3=,o=9//8. o+3=
y,//,-,5,1,3,5,2,y=5//1,y-3=,y=5//1. y-3=
j,-,-,7,7,4,0,-4,j=7-7,j-4=,j=7-7. j-4=
g,//,-,1,5,1,0,-1,g=1//5,g-1=,g=1//5. g-1=
i,//,-,3,6,4,0,-4,i=3//6,i-4=,i=3//6. i-4=
p,+,//,2,5,1,7,7,p=2+5,p//1=,p=2+5. p//1=
t,*,+,2,2,3,4,7,t=2*2,t+3=,t=2*2. t+3=
g,+,-,2,3,7,5,-2,g=2+3,g-7=,g=2+3. g-7=
o,+,-,3,7,1,10,9,o=3+7,o-1=,o=3+7. o-1=
x,+,+,9,8,8,17,25,x=9+8,x+8=,x=9+8. x+8=
q,*,//,1,4,7,4,0,q=1*4,q//7=,q=1*4. q//7=
h,//,+,7,8,7,0,7,h=7//8,h+7=,h=7//8. h+7=
p,-,+,1,8,4,-7,-3,p=1-8,p+4=,p=1-8. p+4=
d,-,//,6,8,3,-2,-1,d=6-8,d//3=,d=6-8. d//3=
g,+,*,4,4,8,8,64,g=4+4,g*8=,g=4+4. g*8=
w,-,+,3,4,5,-1,4,w=3-4,w+5=,w=3-4. w+5=
s,+,*,6,3,8,9,72,s=6+3,s*8=,s=6+3. s*8=
f,+,+,4,8,7,12,19,f=4+8,f+7=,f=4+8. f+7=
h,*,//,1,4,9,4,0,h=1*4,h//9=,h=1*4. h//9=
r,-,//,6,4,6,2,0,r=6-4,r//6=,r=6-4. r//6=
b,+,-,8,8,2,16,14,b=8+8,b-2=,b=8+8. b-2=
b,+,-,5,8,6,13,7,b=5+8,b-6=,b=5+8. b-6=
y,+,-,3,8,5,11,6,y=3+8,y-5=,y=3+8. y-5=
i,+,+,2,7,9,9,18,i=2+7,i+9=,i=2+7. i+9=
o,-,*,3,9,2,-6,-12,o=3-9,o*2=,o=3-9. o*2=
y,//,//,9,9,6,1,0,y=9//9,y//6=,y=9//9. y//6=
f,-,//,8,4,3,4,1,f=8-4,f//3=,f=8-4. f//3=
u,//,*,3,5,6,0,0,u=3//5,u*6=,u=3//5. u*6=
y,//,-,1,8,3,0,-3,y=1//8,y-3=,y=1//8. y-3=
l,+,+,3,1,4,4,8,l=3+1,l+4=,l=3+1. l+4=
t,//,+,7,1,2,7,9,t=7//1,t+2=,t=7//1. t+2=
v,+,-,7,4,8,11,3,v=7+4,v-8=,v=7+4. v-8=
v,*,+,5,5,9,25,34,v=5*5,v+9=,v=5*5. v+9=
w,*,+,3,8,6,24,30,w=3*8,w+6=,w=3*8. w+6=
c,-,*,7,5,6,2,12,c=7-5,c*6=,c=7-5. c*6=
a,+,//,8,6,9,14,1,a=8+6,a//9=,a=8+6. a//9=
s,-,+,3,5,3,-2,1,s=3-5,s+3=,s=3-5. s+3=
l,//,//,8,7,7,1,0,l=8//7,l//7=,l=8//7. l//7=
p,+,-,9,3,2,12,10,p=9+3,p-2=,p=9+3. p-2=
v,-,-,4,9,3,-5,-8,v=4-9,v-3=,v=4-9. v-3=
z,//,*,6,3,1,2,2,z=6//3,z*1=,z=6//3. z*1=
b,-,*,8,4,3,4,12,b=8-4,b*3=,b=8-4. b*3=
s,//,+,9,9,2,1,3,s=9//9,s+2=,s=9//9. s+2=
h,-,*,8,6,7,2,14,h=8-6,h*7=,h=8-6. h*7=
j,-,+,1,3,7,-2,5,j=1-3,j+7=,j=1-3. j+7=
d,-,//,1,9,9,-8,-1,d=1-9,d//9=,d=1-9. d//9=
c,*,-,6,1,3,6,3,c=6*1,c-3=,c=6*1. c-3=
u,//,*,6,9,8,0,0,u=6//9,u*8=,u=6//9. u*8=
l,-,//,8,8,3,0,0,l=8-8,l//3=,l=8-8. l//3=
j,*,-,1,1,5,1,-4,j=1*1,j-5=,j=1*1. j-5=
h,//,+,9,3,8,3,11,h=9//3,h+8=,h=9//3. h+8=
y,+,+,7,8,6,15,21,y=7+8,y+6=,y=7+8. y+6=
o,*,-,6,7,4,42,38,o=6*7,o-4=,o=6*7. o-4=
i,+,//,8,5,6,13,2,i=8+5,i//6=,i=8+5. i//6=
x,-,-,4,6,9,-2,-11,x=4-6,x-9=,x=4-6. x-9=
l,*,-,7,3,2,21,19,l=7*3,l-2=,l=7*3. l-2=
u,*,+,5,3,6,15,21,u=5*3,u+6=,u=5*3. u+6=
z,*,//,5,6,2,30,15,z=5*6,z//2=,z=5*6. z//2=
j,//,*,8,9,4,0,0,j=8//9,j*4=,j=8//9. j*4=
t,+,//,6,5,4,11,2,t=6+5,t//4=,t=6+5. t//4=
l,//,-,2,2,3,1,-2,l=2//2,l-3=,l=2//2. l-3=
w,+,+,9,5,1,14,15,w=9+5,w+1=,w=9+5. w+1=
d,-,//,2,7,5,-5,-1,d=2-7,d//5=,d=2-7. d//5=
y,*,//,9,1,8,9,1,y=9*1,y//8=,y=9*1. y//8=
y,*,//,2,7,3,14,4,y=2*7,y//3=,y=2*7. y//3=
r,+,*,2,4,4,6,24,r=2+4,r*4=,r=2+4. r*4=
g,*,*,7,6,7,42,294,g=7*6,g*7=,g=7*6. g*7=
p,+,*,1,7,6,8,48,p=1+7,p*6=,p=1+7. p*6=
b,*,-,3,3,8,9,1,b=3*3,b-8=,b=3*3. b-8=
w,+,//,5,7,3,12,4,w=5+7,w//3=,w=5+7. w//3=
k,+,-,1,1,8,2,-6,k=1+1,k-8=,k=1+1. k-8=
j,+,//,8,8,1,16,16,j=8+8,j//1=,j=8+8. j//1=
c,-,*,6,5,9,1,9,c=6-5,c*9=,c=6-5. c*9=
l,//,//,8,8,4,1,0,l=8//8,l//4=,l=8//8. l//4=
j,*,//,6,2,8,12,1,j=6*2,j//8=,j=6*2. j//8=
e,*,-,4,3,6,12,6,e=4*3,e-6=,e=4*3. e-6=
d,*,+,4,2,6,8,14,d=4*2,d+6=,d=4*2. d+6=
s,*,*,7,6,2,42,84,s=7*6,s*2=,s=7*6. s*2=
y,-,*,9,3,6,6,36,y=9-3,y*6=,y=9-3. y*6=
i,//,+,3,6,3,0,3,i=3//6,i+3=,i=3//6. i+3=
n,*,-,6,7,2,42,40,n=6*7,n-2=,n=6*7. n-2=
a,*,*,6,7,6,42,252,a=6*7,a*6=,a=6*7. a*6=
z,*,-,6,2,4,12,8,z=6*2,z-4=,z=6*2. z-4=
g,-,//,1,3,7,-2,-1,g=1-3,g//7=,g=1-3. g//7=
d,*,+,6,4,1,24,25,d=6*4,d+1=,d=6*4. d+1=
l,//,-,9,6,8,1,-7,l=9//6,l-8=,l=9//6. l-8=
r,-,+,9,6,6,3,9,r=9-6,r+6=,r=9-6. r+6=
t,-,-,7,3,6,4,-2,t=7-3,t-6=,t=7-3. t-6=
r,//,-,9,9,6,1,-5,r=9//9,r-6=,r=9//9. r-6=
k,-,//,3,2,1,1,1,k=3-2,k//1=,k=3-2. k//1=
h,-,+,5,6,5,-1,4,h=5-6,h+5=,h=5-6. h+5=
q,*,*,9,3,2,27,54,q=9*3,q*2=,q=9*3. q*2=
z,*,*,5,7,9,35,315,z=5*7,z*9=,z=5*7. z*9=
a,+,-,7,3,3,10,7,a=7+3,a-3=,a=7+3. a-3=
n,//,-,8,7,8,1,-7,n=8//7,n-8=,n=8//7. n-8=
g,*,-,3,2,4,6,2,g=3*2,g-4=,g=3*2. g-4=
u,//,-,7,4,8,1,-7,u=7//4,u-8=,u=7//4. u-8=
q,*,-,4,1,8,4,-4,q=4*1,q-8=,q=4*1. q-8=
i,*,*,4,5,1,20,20,i=4*5,i*1=,i=4*5. i*1=
t,-,+,6,2,7,4,11,t=6-2,t+7=,t=6-2. t+7=
l,//,//,7,1,2,7,3,l=7//1,l//2=,l=7//1. l//2=
p,*,+,8,2,9,16,25,p=8*2,p+9=,p=8*2. p+9=
n,+,-,8,7,5,15,10,n=8+7,n-5=,n=8+7. n-5=
k,*,*,9,5,8,45,360,k=9*5,k*8=,k=9*5. k*8=
s,//,//,3,8,5,0,0,s=3//8,s//5=,s=3//8. s//5=
e,-,-,9,7,8,2,-6,e=9-7,e-8=,e=9-7. e-8=
k,+,*,8,4,6,12,72,k=8+4,k*6=,k=8+4. k*6=
s,*,*,7,9,7,63,441,s=7*9,s*7=,s=7*9. s*7=
l,*,//,4,2,7,8,1,l=4*2,l//7=,l=4*2. l//7=
t,//,+,2,1,2,2,4,t=2//1,t+2=,t=2//1. t+2=
i,-,//,7,4,4,3,0,i=7-4,i//4=,i=7-4. i//4=
t,*,-,3,3,4,9,5,t=3*3,t-4=,t=3*3. t-4=
b,+,+,8,5,7,13,20,b=8+5,b+7=,b=8+5. b+7=
q,//,-,5,1,2,5,3,q=5//1,q-2=,q=5//1. q-2=
s,*,-,3,9,4,27,23,s=3*9,s-4=,s=3*9. s-4=
r,+,*,1,5,8,6,48,r=1+5,r*8=,r=1+5. r*8=
a,+,-,8,7,9,15,6,a=8+7,a-9=,a=8+7. a-9=
l,*,-,4,2,9,8,-1,l=4*2,l-9=,l=4*2. l-9=
v,-,-,9,9,2,0,-2,v=9-9,v-2=,v=9-9. v-2=
i,+,*,9,3,7,12,84,i=9+3,i*7=,i=9+3. i*7=
c,//,-,9,8,3,1,-2,c=9//8,c-3=,c=9//8. c-3=
z,*,-,2,9,1,18,17,z=2*9,z-1=,z=2*9. z-1=
f,-,+,2,1,8,1,9,f=2-1,f+8=,f=2-1. f+8=
f,//,+,4,9,2,0,2,f=4//9,f+2=,f=4//9. f+2=
t,+,-,9,7,8,16,8,t=9+7,t-8=,t=9+7. t-8=
j,+,-,1,1,5,2,-3,j=1+1,j-5=,j=1+1. j-5=
e,+,-,4,3,8,7,-1,e=4+3,e-8=,e=4+3. e-8=
x,+,*,8,6,3,14,42,x=8+6,x*3=,x=8+6. x*3=
k,*,*,3,9,1,27,27,k=3*9,k*1=,k=3*9. k*1=
e,-,//,5,3,8,2,0,e=5-3,e//8=,e=5-3. e//8=
q,*,+,9,6,4,54,58,q=9*6,q+4=,q=9*6. q+4=
o,+,-,1,6,8,7,-1,o=1+6,o-8=,o=1+6. o-8=
d,+,+,6,7,6,13,19,d=6+7,d+6=,d=6+7. d+6=
a,//,-,1,1,6,1,-5,a=1//1,a-6=,a=1//1. a-6=
r,-,*,3,2,2,1,2,r=3-2,r*2=,r=3-2. r*2=
l,//,+,3,9,3,0,3,l=3//9,l+3=,l=3//9. l+3=
z,+,-,4,5,6,9,3,z=4+5,z-6=,z=4+5. z-6=
l,//,//,8,4,1,2,2,l=8//4,l//1=,l=8//4. l//1=
v,//,//,1,9,1,0,0,v=1//9,v//1=,v=1//9. v//1=
m,+,-,1,5,9,6,-3,m=1+5,m-9=,m=1+5. m-9=
a,-,-,2,5,3,-3,-6,a=2-5,a-3=,a=2-5. a-3=
e,+,-,9,9,2,18,16,e=9+9,e-2=,e=9+9. e-2=
b,*,//,7,1,9,7,0,b=7*1,b//9=,b=7*1. b//9=
s,*,+,7,3,7,21,28,s=7*3,s+7=,s=7*3. s+7=
f,+,-,5,4,2,9,7,f=5+4,f-2=,f=5+4. f-2=
j,-,//,1,6,7,-5,-1,j=1-6,j//7=,j=1-6. j//7=
p,//,*,7,7,6,1,6,p=7//7,p*6=,p=7//7. p*6=
n,//,*,7,1,2,7,14,n=7//1,n*2=,n=7//1. n*2=
u,-,//,8,3,4,5,1,u=8-3,u//4=,u=8-3. u//4=
k,+,+,3,1,6,4,10,k=3+1,k+6=,k=3+1. k+6=
y,*,+,5,6,8,30,38,y=5*6,y+8=,y=5*6. y+8=
h,*,*,5,6,4,30,120,h=5*6,h*4=,h=5*6. h*4=
r,*,//,4,4,3,16,5,r=4*4,r//3=,r=4*4. r//3=
m,+,-,4,6,1,10,9,m=4+6,m-1=,m=4+6. m-1=
y,//,//,4,8,5,0,0,y=4//8,y//5=,y=4//8. y//5=
i,*,*,1,4,9,4,36,i=1*4,i*9=,i=1*4. i*9=
z,+,*,7,5,8,12,96,z=7+5,z*8=,z=7+5. z*8=
l,*,+,8,4,8,32,40,l=8*4,l+8=,l=8*4. l+8=
q,*,-,6,2,4,12,8,q=6*2,q-4=,q=6*2. q-4=
o,*,+,4,4,3,16,19,o=4*4,o+3=,o=4*4. o+3=
j,//,//,3,6,7,0,0,j=3//6,j//7=,j=3//6. j//7=
s,*,+,7,2,3,14,17,s=7*2,s+3=,s=7*2. s+3=
q,-,*,9,6,1,3,3,q=9-6,q*1=,q=9-6. q*1=
v,-,-,4,7,4,-3,-7,v=4-7,v-4=,v=4-7. v-4=
q,-,+,7,3,6,4,10,q=7-3,q+6=,q=7-3. q+6=
f,-,+,5,7,8,-2,6,f=5-7,f+8=,f=5-7. f+8=
i,+,+,3,4,9,7,16,i=3+4,i+9=,i=3+4. i+9=
a,*,+,5,7,8,35,43,a=5*7,a+8=,a=5*7. a+8=
r,+,//,1,3,8,4,0,r=1+3,r//8=,r=1+3. r//8=
a,-,-,7,1,9,6,-3,a=7-1,a-9=,a=7-1. a-9=
s,*,*,9,9,6,81,486,s=9*9,s*6=,s=9*9. s*6=
a,*,*,6,7,1,42,42,a=6*7,a*1=,a=6*7. a*1=
k,*,+,2,8,2,16,18,k=2*8,k+2=,k=2*8. k+2=
c,+,+,7,9,3,16,19,c=7+9,c+3=,c=7+9. c+3=
g,+,*,3,7,9,10,90,g=3+7,g*9=,g=3+7. g*9=
d,*,//,7,3,8,21,2,d=7*3,d//8=,d=7*3. d//8=
d,//,+,6,6,8,1,9,d=6//6,d+8=,d=6//6. d+8=
r,+,*,2,3,5,5,25,r=2+3,r*5=,r=2+3. r*5=
x,//,+,6,3,4,2,6,x=6//3,x+4=,x=6//3. x+4=
o,-,-,1,7,4,-6,-10,o=1-7,o-4=,o=1-7. o-4=
g,//,//,5,5,9,1,0,g=5//5,g//9=,g=5//5. g//9=
x,-,+,6,4,9,2,11,x=6-4,x+9=,x=6-4. x+9=
c,*,+,8,2,7,16,23,c=8*2,c+7=,c=8*2. c+7=
a,-,//,4,7,2,-3,-2,a=4-7,a//2=,a=4-7. a//2=
l,*,+,8,6,6,48,54,l=8*6,l+6=,l=8*6. l+6=
f,*,//,9,5,2,45,22,f=9*5,f//2=,f=9*5. f//2=
z,*,//,5,4,6,20,3,z=5*4,z//6=,z=5*4. z//6=
y,//,*,9,2,2,4,8,y=9//2,y*2=,y=9//2. y*2=
s,//,*,4,2,7,2,14,s=4//2,s*7=,s=4//2. s*7=
n,//,*,6,7,6,0,0,n=6//7,n*6=,n=6//7. n*6=
z,//,+,4,3,8,1,9,z=4//3,z+8=,z=4//3. z+8=
n,//,-,1,8,1,0,-1,n=1//8,n-1=,n=1//8. n-1=
c,+,*,4,5,5,9,45,c=4+5,c*5=,c=4+5. c*5=
b,-,-,8,3,7,5,-2,b=8-3,b-7=,b=8-3. b-7=
c,+,*,7,9,2,16,32,c=7+9,c*2=,c=7+9. c*2=
o,+,//,5,2,5,7,1,o=5+2,o//5=,o=5+2. o//5=
q,*,+,7,3,3,21,24,q=7*3,q+3=,q=7*3. q+3=
z,//,+,9,8,1,1,2,z=9//8,z+1=,z=9//8. z+1=
a,*,-,9,1,7,9,2,a=9*1,a-7=,a=9*1. a-7=
f,-,+,3,1,5,2,7,f=3-1,f+5=,f=3-1. f+5=
n,*,*,3,8,2,24,48,n=3*8,n*2=,n=3*8. n*2=
h,//,-,7,5,5,1,-4,h=7//5,h-5=,h=7//5. h-5=
x,-,+,6,7,9,-1,8,x=6-7,x+9=,x=6-7. x+9=
j,-,*,5,2,8,3,24,j=5-2,j*8=,j=5-2. j*8=
g,*,+,5,3,2,15,17,g=5*3,g+2=,g=5*3. g+2=
c,+,-,4,5,5,9,4,c=4+5,c-5=,c=4+5. c-5=
w,-,//,8,6,6,2,0,w=8-6,w//6=,w=8-6. w//6=
q,+,//,8,5,7,13,1,q=8+5,q//7=,q=8+5. q//7=
u,*,//,2,5,3,10,3,u=2*5,u//3=,u=2*5. u//3=
i,+,-,1,6,5,7,2,i=1+6,i-5=,i=1+6. i-5=
f,//,-,6,2,4,3,-1,f=6//2,f-4=,f=6//2. f-4=
b,-,+,4,2,2,2,4,b=4-2,b+2=,b=4-2. b+2=
c,*,*,9,1,9,9,81,c=9*1,c*9=,c=9*1. c*9=
c,-,+,8,7,5,1,6,c=8-7,c+5=,c=8-7. c+5=
j,//,*,4,1,8,4,32,j=4//1,j*8=,j=4//1. j*8=
u,-,-,6,5,5,1,-4,u=6-5,u-5=,u=6-5. u-5=
o,//,//,4,2,7,2,0,o=4//2,o//7=,o=4//2. o//7=
p,//,-,3,1,3,3,0,p=3//1,p-3=,p=3//1. p-3=
l,+,-,6,8,8,14,6,l=6+8,l-8=,l=6+8. l-8=
e,-,//,6,3,5,3,0,e=6-3,e//5=,e=6-3. e//5=
v,+,//,1,6,3,7,2,v=1+6,v//3=,v=1+6. v//3=
u,+,-,2,4,7,6,-1,u=2+4,u-7=,u=2+4. u-7=
j,*,*,8,6,3,48,144,j=8*6,j*3=,j=8*6. j*3=
t,*,*,3,6,8,18,144,t=3*6,t*8=,t=3*6. t*8=
p,+,-,9,3,3,12,9,p=9+3,p-3=,p=9+3. p-3=
c,+,//,6,2,7,8,1,c=6+2,c//7=,c=6+2. c//7=
j,//,+,5,7,1,0,1,j=5//7,j+1=,j=5//7. j+1=
u,//,+,1,8,9,0,9,u=1//8,u+9=,u=1//8. u+9=
e,*,+,3,3,5,9,14,e=3*3,e+5=,e=3*3. e+5=
s,*,*,5,7,2,35,70,s=5*7,s*2=,s=5*7. s*2=
p,-,+,4,4,8,0,8,p=4-4,p+8=,p=4-4. p+8=
f,//,*,2,7,1,0,0,f=2//7,f*1=,f=2//7. f*1=
d,-,+,6,6,5,0,5,d=6-6,d+5=,d=6-6. d+5=
m,*,//,5,9,4,45,11,m=5*9,m//4=,m=5*9. m//4=
e,*,+,1,8,4,8,12,e=1*8,e+4=,e=1*8. e+4=
h,*,+,9,9,1,81,82,h=9*9,h+1=,h=9*9. h+1=
m,//,*,8,5,5,1,5,m=8//5,m*5=,m=8//5. m*5=
r,//,+,1,8,1,0,1,r=1//8,r+1=,r=1//8. r+1=
w,+,+,2,5,4,7,11,w=2+5,w+4=,w=2+5. w+4=
a,+,*,4,1,1,5,5,a=4+1,a*1=,a=4+1. a*1=
u,//,-,4,8,4,0,-4,u=4//8,u-4=,u=4//8. u-4=
k,*,+,8,2,4,16,20,k=8*2,k+4=,k=8*2. k+4=
f,+,//,8,9,1,17,17,f=8+9,f//1=,f=8+9. f//1=
k,//,//,2,3,9,0,0,k=2//3,k//9=,k=2//3. k//9=
r,+,-,3,1,8,4,-4,r=3+1,r-8=,r=3+1. r-8=
h,+,+,3,1,2,4,6,h=3+1,h+2=,h=3+1. h+2=
c,-,+,7,2,8,5,13,c=7-2,c+8=,c=7-2. c+8=
n,+,-,6,7,6,13,7,n=6+7,n-6=,n=6+7. n-6=
u,-,//,3,4,8,-1,-1,u=3-4,u//8=,u=3-4. u//8=
h,+,//,2,4,1,6,6,h=2+4,h//1=,h=2+4. h//1=
s,+,-,6,8,6,14,8,s=6+8,s-6=,s=6+8. s-6=
c,-,+,3,5,5,-2,3,c=3-5,c+5=,c=3-5. c+5=
m,//,//,2,2,3,1,0,m=2//2,m//3=,m=2//2. m//3=
n,-,+,3,1,2,2,4,n=3-1,n+2=,n=3-1. n+2=
p,//,//,1,8,4,0,0,p=1//8,p//4=,p=1//8. p//4=
e,*,-,5,7,5,35,30,e=5*7,e-5=,e=5*7. e-5=
m,//,*,9,1,3,9,27,m=9//1,m*3=,m=9//1. m*3=
h,+,//,9,1,1,10,10,h=9+1,h//1=,h=9+1. h//1=
k,+,-,9,2,6,11,5,k=9+2,k-6=,k=9+2. k-6=
t,*,//,6,7,5,42,8,t=6*7,t//5=,t=6*7. t//5=
g,+,+,1,9,1,10,11,g=1+9,g+1=,g=1+9. g+1=
u,+,-,6,6,7,12,5,u=6+6,u-7=,u=6+6. u-7=
y,*,*,8,3,4,24,96,y=8*3,y*4=,y=8*3. y*4=
i,*,-,2,6,5,12,7,i=2*6,i-5=,i=2*6. i-5=
u,//,//,9,6,9,1,0,u=9//6,u//9=,u=9//6. u//9=
f,+,*,9,6,1,15,15,f=9+6,f*1=,f=9+6. f*1=
j,*,//,6,9,8,54,6,j=6*9,j//8=,j=6*9. j//8=
d,*,-,7,3,4,21,17,d=7*3,d-4=,d=7*3. d-4=
y,//,//,2,1,1,2,2,y=2//1,y//1=,y=2//1. y//1=
s,-,//,6,1,2,5,2,s=6-1,s//2=,s=6-1. s//2=
b,*,+,9,6,9,54,63,b=9*6,b+9=,b=9*6. b+9=
d,+,-,4,1,6,5,-1,d=4+1,d-6=,d=4+1. d-6=
u,*,+,6,9,6,54,60,u=6*9,u+6=,u=6*9. u+6=
t,//,+,4,9,9,0,9,t=4//9,t+9=,t=4//9. t+9=
z,-,*,3,7,1,-4,-4,z=3-7,z*1=,z=3-7. z*1=
o,*,-,3,1,6,3,-3,o=3*1,o-6=,o=3*1. o-6=
u,+,//,1,2,8,3,0,u=1+2,u//8=,u=1+2. u//8=
v,*,+,1,1,3,1,4,v=1*1,v+3=,v=1*1. v+3=
f,//,//,3,5,1,0,0,f=3//5,f//1=,f=3//5. f//1=
k,*,//,3,5,8,15,1,k=3*5,k//8=,k=3*5. k//8=
b,-,+,9,6,2,3,5,b=9-6,b+2=,b=9-6. b+2=
q,-,*,8,3,8,5,40,q=8-3,q*8=,q=8-3. q*8=
r,*,-,4,3,6,12,6,r=4*3,r-6=,r=4*3. r-6=
w,*,+,8,3,5,24,29,w=8*3,w+5=,w=8*3. w+5=
z,*,+,6,7,3,42,45,z=6*7,z+3=,z=6*7. z+3=
w,*,//,1,1,7,1,0,w=1*1,w//7=,w=1*1. w//7=
j,*,*,2,4,7,8,56,j=2*4,j*7=,j=2*4. j*7=
i,//,+,8,3,7,2,9,i=8//3,i+7=,i=8//3. i+7=
b,*,-,1,9,7,9,2,b=1*9,b-7=,b=1*9. b-7=
f,-,*,7,2,8,5,40,f=7-2,f*8=,f=7-2. f*8=
a,//,+,3,3,2,1,3,a=3//3,a+2=,a=3//3. a+2=
i,+,*,2,7,7,9,63,i=2+7,i*7=,i=2+7. i*7=
u,+,*,7,1,2,8,16,u=7+1,u*2=,u=7+1. u*2=
m,-,*,1,4,6,-3,-18,m=1-4,m*6=,m=1-4. m*6=
z,+,+,7,6,6,13,19,z=7+6,z+6=,z=7+6. z+6=
i,+,*,8,9,1,17,17,i=8+9,i*1=,i=8+9. i*1=
d,*,+,1,7,8,7,15,d=1*7,d+8=,d=1*7. d+8=
k,+,+,4,2,4,6,10,k=4+2,k+4=,k=4+2. k+4=
a,*,//,2,7,9,14,1,a=2*7,a//9=,a=2*7. a//9=
r,//,+,6,5,8,1,9,r=6//5,r+8=,r=6//5. r+8=
x,+,*,2,4,6,6,36,x=2+4,x*6=,x=2+4. x*6=
x,-,*,9,4,7,5,35,x=9-4,x*7=,x=9-4. x*7=
w,-,*,4,9,7,-5,-35,w=4-9,w*7=,w=4-9. w*7=
h,-,//,4,6,9,-2,-1,h=4-6,h//9=,h=4-6. h//9=
p,-,//,1,4,8,-3,-1,p=1-4,p//8=,p=1-4. p//8=
r,*,-,5,7,4,35,31,r=5*7,r-4=,r=5*7. r-4=
r,*,//,4,1,4,4,1,r=4*1,r//4=,r=4*1. r//4=
x,//,//,1,5,5,0,0,x=1//5,x//5=,x=1//5. x//5=
i,+,//,9,5,8,14,1,i=9+5,i//8=,i=9+5. i//8=
c,*,-,8,9,6,72,66,c=8*9,c-6=,c=8*9. c-6=
y,//,//,1,7,8,0,0,y=1//7,y//8=,y=1//7. y//8=
v,-,-,1,4,7,-3,-10,v=1-4,v-7=,v=1-4. v-7=
h,*,*,3,6,8,18,144,h=3*6,h*8=,h=3*6. h*8=
p,-,+,5,9,3,-4,-1,p=5-9,p+3=,p=5-9. p+3=
j,//,*,6,8,5,0,0,j=6//8,j*5=,j=6//8. j*5=
o,-,+,6,2,7,4,11,o=6-2,o+7=,o=6-2. o+7=
r,-,+,8,6,5,2,7,r=8-6,r+5=,r=8-6. r+5=
n,//,-,6,2,6,3,-3,n=6//2,n-6=,n=6//2. n-6=
a,-,*,8,1,6,7,42,a=8-1,a*6=,a=8-1. a*6=
g,-,*,9,7,9,2,18,g=9-7,g*9=,g=9-7. g*9=
m,//,*,1,9,8,0,0,m=1//9,m*8=,m=1//9. m*8=
v,+,+,8,8,9,16,25,v=8+8,v+9=,v=8+8. v+9=
v,+,-,9,8,6,17,11,v=9+8,v-6=,v=9+8. v-6=
n,-,//,4,5,7,-1,-1,n=4-5,n//7=,n=4-5. n//7=
i,+,-,7,4,8,11,3,i=7+4,i-8=,i=7+4. i-8=
z,//,+,5,8,9,0,9,z=5//8,z+9=,z=5//8. z+9=
z,+,//,8,8,7,16,2,z=8+8,z//7=,z=8+8. z//7=
z,+,*,2,1,4,3,12,z=2+1,z*4=,z=2+1. z*4=
g,*,-,7,4,5,28,23,g=7*4,g-5=,g=7*4. g-5=
u,+,*,5,4,2,9,18,u=5+4,u*2=,u=5+4. u*2=
w,//,+,1,2,6,0,6,w=1//2,w+6=,w=1//2. w+6=
x,+,-,4,5,6,9,3,x=4+5,x-6=,x=4+5. x-6=
t,*,-,3,9,5,27,22,t=3*9,t-5=,t=3*9. t-5=
c,+,//,6,3,7,9,1,c=6+3,c//7=,c=6+3. c//7=
k,//,//,3,7,3,0,0,k=3//7,k//3=,k=3//7. k//3=
o,-,*,9,5,2,4,8,o=9-5,o*2=,o=9-5. o*2=
u,*,//,5,2,4,10,2,u=5*2,u//4=,u=5*2. u//4=
x,-,//,9,2,2,7,3,x=9-2,x//2=,x=9-2. x//2=
e,-,-,2,3,1,-1,-2,e=2-3,e-1=,e=2-3. e-1=
i,*,//,3,9,6,27,4,i=3*9,i//6=,i=3*9. i//6=
s,+,*,3,1,8,4,32,s=3+1,s*8=,s=3+1. s*8=
z,-,//,6,8,3,-2,-1,z=6-8,z//3=,z=6-8. z//3=
m,-,//,6,7,7,-1,-1,m=6-7,m//7=,m=6-7. m//7=
y,+,+,4,4,6,8,14,y=4+4,y+6=,y=4+4. y+6=
k,//,+,7,7,1,1,2,k=7//7,k+1=,k=7//7. k+1=
g,//,//,5,2,9,2,0,g=5//2,g//9=,g=5//2. g//9=
g,//,//,9,5,2,1,0,g=9//5,g//2=,g=9//5. g//2=
x,+,*,4,2,1,6,6,x=4+2,x*1=,x=4+2. x*1=
z,+,-,4,3,6,7,1,z=4+3,z-6=,z=4+3. z-6=
u,//,//,3,4,7,0,0,u=3//4,u//7=,u=3//4. u//7=
w,-,//,7,4,9,3,0,w=7-4,w//9=,w=7-4. w//9=
h,*,//,9,6,5,54,10,h=9*6,h//5=,h=9*6. h//5=
b,//,*,1,1,7,1,7,b=1//1,b*7=,b=1//1. b*7=
p,*,+,1,2,4,2,6,p=1*2,p+4=,p=1*2. p+4=
j,+,+,3,9,7,12,19,j=3+9,j+7=,j=3+9. j+7=
c,//,//,5,2,7,2,0,c=5//2,c//7=,c=5//2. c//7=
q,+,*,1,9,2,10,20,q=1+9,q*2=,q=1+9. q*2=
u,*,*,2,5,6,10,60,u=2*5,u*6=,u=2*5. u*6=
t,//,+,2,6,4,0,4,t=2//6,t+4=,t=2//6. t+4=
n,//,*,3,4,5,0,0,n=3//4,n*5=,n=3//4. n*5=
d,-,+,3,9,9,-6,3,d=3-9,d+9=,d=3-9. d+9=
e,*,+,1,4,1,4,5,e=1*4,e+1=,e=1*4. e+1=
o,-,//,3,7,2,-4,-2,o=3-7,o//2=,o=3-7. o//2=
f,//,*,5,8,2,0,0,f=5//8,f*2=,f=5//8. f*2=
j,-,+,7,3,2,4,6,j=7-3,j+2=,j=7-3. j+2=
t,-,+,5,2,8,3,11,t=5-2,t+8=,t=5-2. t+8=
q,*,*,3,2,3,6,18,q=3*2,q*3=,q=3*2. q*3=
m,+,-,5,6,7,11,4,m=5+6,m-7=,m=5+6. m-7=
k,//,-,6,2,5,3,-2,k=6//2,k-5=,k=6//2. k-5=
a,*,//,5,4,4,20,5,a=5*4,a//4=,a=5*4. a//4=
p,//,//,9,2,3,4,1,p=9//2,p//3=,p=9//2. p//3=
t,+,//,4,5,7,9,1,t=4+5,t//7=,t=4+5. t//7=
c,+,-,4,2,4,6,2,c=4+2,c-4=,c=4+2. c-4=
v,//,//,1,5,8,0,0,v=1//5,v//8=,v=1//5. v//8=
u,//,-,2,6,1,0,-1,u=2//6,u-1=,u=2//6. u-1=
u,+,+,8,7,9,15,24,u=8+7,u+9=,u=8+7. u+9=
j,+,+,7,5,6,12,18,j=7+5,j+6=,j=7+5. j+6=
c,//,*,4,3,9,1,9,c=4//3,c*9=,c=4//3. c*9=
e,+,+,5,5,5,10,15,e=5+5,e+5=,e=5+5. e+5=
g,//,+,7,5,3,1,4,g=7//5,g+3=,g=7//5. g+3=
a,//,*,7,2,8,3,24,a=7//2,a*8=,a=7//2. a*8=
k,+,*,5,2,8,7,56,k=5+2,k*8=,k=5+2. k*8=
e,+,+,4,3,6,7,13,e=4+3,e+6=,e=4+3. e+6=
g,+,+,3,1,7,4,11,g=3+1,g+7=,g=3+1. g+7=
x,+,//,4,5,4,9,2,x=4+5,x//4=,x=4+5. x//4=
i,+,//,8,9,7,17,2,i=8+9,i//7=,i=8+9. i//7=
c,*,*,9,5,9,45,405,c=9*5,c*9=,c=9*5. c*9=
z,*,+,6,6,5,36,41,z=6*6,z+5=,z=6*6. z+5=
m,-,*,8,7,9,1,9,m=8-7,m*9=,m=8-7. m*9=
l,+,+,7,6,8,13,21,l=7+6,l+8=,l=7+6. l+8=
x,*,*,9,5,6,45,270,x=9*5,x*6=,x=9*5. x*6=
l,-,+,1,7,3,-6,-3,l=1-7,l+3=,l=1-7. l+3=
l,//,//,7,6,2,1,0,l=7//6,l//2=,l=7//6. l//2=
x,//,+,9,1,1,9,10,x=9//1,x+1=,x=9//1. x+1=
j,*,//,4,3,8,12,1,j=4*3,j//8=,j=4*3. j//8=
m,-,-,5,1,9,4,-5,m=5-1,m-9=,m=5-1. m-9=
j,//,+,7,5,1,1,2,j=7//5,j+1=,j=7//5. j+1=
h,*,+,5,8,4,40,44,h=5*8,h+4=,h=5*8. h+4=
y,-,//,5,4,6,1,0,y=5-4,y//6=,y=5-4. y//6=
t,-,-,6,2,4,4,0,t=6-2,t-4=,t=6-2. t-4=
n,*,//,3,3,3,9,3,n=3*3,n//3=,n=3*3. n//3=
d,-,*,8,5,3,3,9,d=8-5,d*3=,d=8-5. d*3=
y,*,+,3,1,5,3,8,y=3*1,y+5=,y=3*1. y+5=
j,+,//,2,7,5,9,1,j=2+7,j//5=,j=2+7. j//5=
e,//,-,9,9,7,1,-6,e=9//9,e-7=,e=9//9. e-7=
q,+,+,8,6,6,14,20,q=8+6,q+6=,q=8+6. q+6=
e,//,//,7,5,1,1,1,e=7//5,e//1=,e=7//5. e//1=
h,*,-,3,9,6,27,21,h=3*9,h-6=,h=3*9. h-6=
e,//,-,6,8,4,0,-4,e=6//8,e-4=,e=6//8. e-4=
b,*,-,6,7,8,42,34,b=6*7,b-8=,b=6*7. b-8=
z,+,+,6,1,8,7,15,z=6+1,z+8=,z=6+1. z+8=
o,//,+,3,3,1,1,2,o=3//3,o+1=,o=3//3. o+1=
q,+,*,4,5,3,9,27,q=4+5,q*3=,q=4+5. q*3=
v,+,+,7,4,9,11,20,v=7+4,v+9=,v=7+4. v+9=
t,-,-,6,8,9,-2,-11,t=6-8,t-9=,t=6-8. t-9=
r,+,+,6,4,9,10,19,r=6+4,r+9=,r=6+4. r+9=
i,+,+,9,2,5,11,16,i=9+2,i+5=,i=9+2. i+5=
o,*,+,9,4,4,36,40,o=9*4,o+4=,o=9*4. o+4=
f,//,*,9,9,2,1,2,f=9//9,f*2=,f=9//9. f*2=
l,+,-,8,6,6,14,8,l=8+6,l-6=,l=8+6. l-6=
z,+,+,4,4,3,8,11,z=4+4,z+3=,z=4+4. z+3=
j,*,//,7,7,1,49,49,j=7*7,j//1=,j=7*7. j//1=
q,//,//,3,7,8,0,0,q=3//7,q//8=,q=3//7. q//8=
n,+,//,9,9,9,18,2,n=9+9,n//9=,n=9+9. n//9=
p,+,*,3,5,8,8,64,p=3+5,p*8=,p=3+5. p*8=
y,//,//,6,6,7,1,0,y=6//6,y//7=,y=6//6. y//7=
w,*,+,6,9,1,54,55,w=6*9,w+1=,w=6*9. w+1=
z,*,//,2,5,7,10,1,z=2*5,z//7=,z=2*5. z//7=
y,*,//,9,6,1,54,54,y=9*6,y//1=,y=9*6. y//1=
a,//,-,9,2,8,4,-4,a=9//2,a-8=,a=9//2. a-8=
m,*,+,3,4,9,12,21,m=3*4,m+9=,m=3*4. m+9=
k,+,//,4,3,3,7,2,k=4+3,k//3=,k=4+3. k//3=
e,//,*,4,8,8,0,0,e=4//8,e*8=,e=4//8. e*8=
t,+,+,3,1,2,4,6,t=3+1,t+2=,t=3+1. t+2=
i,//,//,6,4,1,1,1,i=6//4,i//1=,i=6//4. i//1=
s,//,//,2,5,2,0,0,s=2//5,s//2=,s=2//5. s//2=
k,+,+,1,5,5,6,11,k=1+5,k+5=,k=1+5. k+5=
b,//,*,3,7,4,0,0,b=3//7,b*4=,b=3//7. b*4=
n,-,*,3,6,3,-3,-9,n=3-6,n*3=,n=3-6. n*3=
w,//,+,3,2,6,1,7,w=3//2,w+6=,w=3//2. w+6=
i,//,+,8,6,1,1,2,i=8//6,i+1=,i=8//6. i+1=
x,+,-,9,3,3,12,9,x=9+3,x-3=,x=9+3. x-3=
b,+,+,8,7,9,15,24,b=8+7,b+9=,b=8+7. b+9=
u,-,*,4,4,3,0,0,u=4-4,u*3=,u=4-4. u*3=
v,//,+,9,7,4,1,5,v=9//7,v+4=,v=9//7. v+4=
a,//,+,9,4,5,2,7,a=9//4,a+5=,a=9//4. a+5=
v,-,//,2,3,4,-1,-1,v=2-3,v//4=,v=2-3. v//4=
y,*,*,3,3,9,9,81,y=3*3,y*9=,y=3*3. y*9=
a,-,+,9,7,6,2,8,a=9-7,a+6=,a=9-7. a+6=
q,-,*,1,6,2,-5,-10,q=1-6,q*2=,q=1-6. q*2=
b,//,//,3,1,8,3,0,b=3//1,b//8=,b=3//1. b//8=
f,-,-,1,8,5,-7,-12,f=1-8,f-5=,f=1-8. f-5=
f,+,//,1,7,8,8,1,f=1+7,f//8=,f=1+7. f//8=
d,//,//,8,5,7,1,0,d=8//5,d//7=,d=8//5. d//7=
n,-,+,4,9,2,-5,-3,n=4-9,n+2=,n=4-9. n+2=
y,-,-,2,5,9,-3,-12,y=2-5,y-9=,y=2-5. y-9=
q,+,-,4,9,1,13,12,q=4+9,q-1=,q=4+9. q-1=
y,//,*,2,6,5,0,0,y=2//6,y*5=,y=2//6. y*5=
e,*,+,6,8,2,48,50,e=6*8,e+2=,e=6*8. e+2=
y,*,-,3,7,4,21,17,y=3*7,y-4=,y=3*7. y-4=
x,+,//,1,6,9,7,0,x=1+6,x//9=,x=1+6. x//9=
r,//,-,6,6,6,1,-5,r=6//6,r-6=,r=6//6. r-6=
v,+,//,9,3,6,12,2,v=9+3,v//6=,v=9+3. v//6=
x,*,//,8,5,6,40,6,x=8*5,x//6=,x=8*5. x//6=
l,//,*,4,9,5,0,0,l=4//9,l*5=,l=4//9. l*5=
i,*,+,2,8,2,16,18,i=2*8,i+2=,i=2*8. i+2=
u,+,*,5,8,9,13,117,u=5+8,u*9=,u=5+8. u*9=
b,-,+,1,9,8,-8,0,b=1-9,b+8=,b=1-9. b+8=
o,+,*,4,4,1,8,8,o=4+4,o*1=,o=4+4. o*1=
m,-,*,6,7,4,-1,-4,m=6-7,m*4=,m=6-7. m*4=
j,//,-,1,2,4,0,-4,j=1//2,j-4=,j=1//2. j-4=
b,//,*,3,9,3,0,0,b=3//9,b*3=,b=3//9. b*3=
k,//,*,6,4,8,1,8,k=6//4,k*8=,k=6//4. k*8=
y,//,*,6,5,6,1,6,y=6//5,y*6=,y=6//5. y*6=
o,//,//,2,3,2,0,0,o=2//3,o//2=,o=2//3. o//2=
o,+,+,8,8,7,16,23,o=8+8,o+7=,o=8+8. o+7=
u,+,//,5,4,2,9,4,u=5+4,u//2=,u=5+4. u//2=
l,+,//,8,8,7,16,2,l=8+8,l//7=,l=8+8. l//7=
y,-,-,4,3,7,1,-6,y=4-3,y-7=,y=4-3. y-7=
y,//,+,5,2,4,2,6,y=5//2,y+4=,y=5//2. y+4=
y,+,+,2,5,8,7,15,y=2+5,y+8=,y=2+5. y+8=
m,-,*,5,2,9,3,27,m=5-2,m*9=,m=5-2. m*9=
v,+,+,1,3,5,4,9,v=1+3,v+5=,v=1+3. v+5=
p,-,//,1,5,7,-4,-1,p=1-5,p//7=,p=1-5. p//7=
u,-,//,9,4,5,5,1,u=9-4,u//5=,u=9-4. u//5=
l,+,+,4,7,3,11,14,l=4+7,l+3=,l=4+7. l+3=
w,+,+,2,5,9,7,16,w=2+5,w+9=,w=2+5. w+9=
k,+,+,7,9,1,16,17,k=7+9,k+1=,k=7+9. k+1=
s,+,//,3,4,9,7,0,s=3+4,s//9=,s=3+4. s//9=
v,+,//,4,1,3,5,1,v=4+1,v//3=,v=4+1. v//3=
z,//,//,2,7,6,0,0,z=2//7,z//6=,z=2//7. z//6=
j,-,+,7,8,2,-1,1,j=7-8,j+2=,j=7-8. j+2=
n,//,-,2,3,2,0,-2,n=2//3,n-2=,n=2//3. n-2=
a,*,//,2,5,6,10,1,a=2*5,a//6=,a=2*5. a//6=
y,+,//,8,6,1,14,14,y=8+6,y//1=,y=8+6. y//1=
k,+,*,6,4,8,10,80,k=6+4,k*8=,k=6+4. k*8=
e,+,-,6,8,1,14,13,e=6+8,e-1=,e=6+8. e-1=
b,*,+,9,7,9,63,72,b=9*7,b+9=,b=9*7. b+9=
m,+,*,6,5,2,11,22,m=6+5,m*2=,m=6+5. m*2=
z,+,+,9,4,6,13,19,z=9+4,z+6=,z=9+4. z+6=
s,//,-,8,5,8,1,-7,s=8//5,s-8=,s=8//5. s-8=
w,-,+,1,8,7,-7,0,w=1-8,w+7=,w=1-8. w+7=
h,*,+,4,9,8,36,44,h=4*9,h+8=,h=4*9. h+8=
f,//,-,2,6,4,0,-4,f=2//6,f-4=,f=2//6. f-4=
s,//,*,3,3,9,1,9,s=3//3,s*9=,s=3//3. s*9=
y,+,+,4,9,7,13,20,y=4+9,y+7=,y=4+9. y+7=
z,*,-,4,2,4,8,4,z=4*2,z-4=,z=4*2. z-4=
d,//,-,8,1,5,8,3,d=8//1,d-5=,d=8//1. d-5=
c,+,//,5,5,3,10,3,c=5+5,c//3=,c=5+5. c//3=
z,//,*,1,8,1,0,0,z=1//8,z*1=,z=1//8. z*1=
g,//,//,5,6,7,0,0,g=5//6,g//7=,g=5//6. g//7=
g,//,//,2,9,3,0,0,g=2//9,g//3=,g=2//9. g//3=
i,//,//,9,1,4,9,2,i=9//1,i//4=,i=9//1. i//4=
x,-,+,6,8,4,-2,2,x=6-8,x+4=,x=6-8. x+4=
e,*,//,5,8,8,40,5,e=5*8,e//8=,e=5*8. e//8=
f,+,-,1,1,7,2,-5,f=1+1,f-7=,f=1+1. f-7=
z,*,*,3,7,2,21,42,z=3*7,z*2=,z=3*7. z*2=
g,*,//,8,5,6,40,6,g=8*5,g//6=,g=8*5. g//6=
j,*,-,4,4,2,16,14,j=4*4,j-2=,j=4*4. j-2=
g,*,*,4,4,7,16,112,g=4*4,g*7=,g=4*4. g*7=
u,+,//,1,4,7,5,0,u=1+4,u//7=,u=1+4. u//7=
w,*,-,9,9,9,81,72,w=9*9,w-9=,w=9*9. w-9=
f,+,//,7,7,2,14,7,f=7+7,f//2=,f=7+7. f//2=
h,*,-,2,2,2,4,2,h=2*2,h-2=,h=2*2. h-2=
n,//,//,8,3,7,2,0,n=8//3,n//7=,n=8//3. n//7=
w,//,+,8,8,4,1,5,w=8//8,w+4=,w=8//8. w+4=
m,//,//,3,5,7,0,0,m=3//5,m//7=,m=3//5. m//7=
l,+,*,4,2,7,6,42,l=4+2,l*7=,l=4+2. l*7=
y,//,*,7,4,6,1,6,y=7//4,y*6=,y=7//4. y*6=
p,*,*,3,2,2,6,12,p=3*2,p*2=,p=3*2. p*2=
d,//,+,8,6,6,1,7,d=8//6,d+6=,d=8//6. d+6=
x,//,+,2,8,2,0,2,x=2//8,x+2=,x=2//8. x+2=
s,+,-,3,4,9,7,-2,s=3+4,s-9=,s=3+4. s-9=
u,*,-,5,9,8,45,37,u=5*9,u-8=,u=5*9. u-8=
q,*,-,9,3,7,27,20,q=9*3,q-7=,q=9*3. q-7=
m,//,+,7,6,3,1,4,m=7//6,m+3=,m=7//6. m+3=
b,*,*,3,7,6,21,126,b=3*7,b*6=,b=3*7. b*6=
j,+,//,9,8,7,17,2,j=9+8,j//7=,j=9+8. j//7=
k,-,//,2,2,4,0,0,k=2-2,k//4=,k=2-2. k//4=
n,*,*,7,6,1,42,42,n=7*6,n*1=,n=7*6. n*1=
q,*,-,2,5,8,10,2,q=2*5,q-8=,q=2*5. q-8=
e,-,//,8,3,1,5,5,e=8-3,e//1=,e=8-3. e//1=
f,-,-,8,8,6,0,-6,f=8-8,f-6=,f=8-8. f-6=
d,+,+,6,8,3,14,17,d=6+8,d+3=,d=6+8. d+3=
z,-,+,7,3,3,4,7,z=7-3,z+3=,z=7-3. z+3=
c,-,-,8,9,8,-1,-9,c=8-9,c-8=,c=8-9. c-8=
h,+,//,6,5,5,11,2,h=6+5,h//5=,h=6+5. h//5=
n,+,+,6,4,7,10,17,n=6+4,n+7=,n=6+4. n+7=
r,*,*,6,8,2,48,96,r=6*8,r*2=,r=6*8. r*2=
i,-,+,2,1,4,1,5,i=2-1,i+4=,i=2-1. i+4=
b,-,-,2,9,3,-7,-10,b=2-9,b-3=,b=2-9. b-3=
v,-,+,1,8,5,-7,-2,v=1-8,v+5=,v=1-8. v+5=
o,-,+,6,5,2,1,3,o=6-5,o+2=,o=6-5. o+2=
i,+,-,4,1,2,5,3,i=4+1,i-2=,i=4+1. i-2=
y,-,*,7,9,9,-2,-18,y=7-9,y*9=,y=7-9. y*9=
m,-,+,4,1,1,3,4,m=4-1,m+1=,m=4-1. m+1=
r,-,*,8,7,9,1,9,r=8-7,r*9=,r=8-7. r*9=
e,-,*,6,9,7,-3,-21,e=6-9,e*7=,e=6-9. e*7=
g,+,-,4,9,7,13,6,g=4+9,g-7=,g=4+9. g-7=
f,*,*,4,7,9,28,252,f=4*7,f*9=,f=4*7. f*9=
s,+,//,7,2,6,9,1,s=7+2,s//6=,s=7+2. s//6=
t,-,-,4,7,1,-3,-4,t=4-7,t-1=,t=4-7. t-1=
s,-,-,6,6,1,0,-1,s=6-6,s-1=,s=6-6. s-1=
l,+,-,8,9,6,17,11,l=8+9,l-6=,l=8+9. l-6=
d,+,//,8,1,5,9,1,d=8+1,d//5=,d=8+1. d//5=
f,-,//,3,5,6,-2,-1,f=3-5,f//6=,f=3-5. f//6=
r,+,//,7,6,4,13,3,r=7+6,r//4=,r=7+6. r//4=
j,//,//,2,5,2,0,0,j=2//5,j//2=,j=2//5. j//2=
r,*,//,3,3,8,9,1,r=3*3,r//8=,r=3*3. r//8=
m,-,-,6,9,3,-3,-6,m=6-9,m-3=,m=6-9. m-3=
t,+,-,5,2,7,7,0,t=5+2,t-7=,t=5+2. t-7=
x,+,+,2,9,8,11,19,x=2+9,x+8=,x=2+9. x+8=
o,//,+,1,5,7,0,7,o=1//5,o+7=,o=1//5. o+7=
f,-,//,1,5,2,-4,-2,f=1-5,f//2=,f=1-5. f//2=
c,*,-,3,5,8,15,7,c=3*5,c-8=,c=3*5. c-8=
l,+,-,6,1,2,7,5,l=6+1,l-2=,l=6+1. l-2=
v,//,-,1,5,2,0,-2,v=1//5,v-2=,v=1//5. v-2=
o,*,//,1,5,1,5,5,o=1*5,o//1=,o=1*5. o//1=
g,+,-,5,3,5,8,3,g=5+3,g-5=,g=5+3. g-5=
p,*,//,6,1,3,6,2,p=6*1,p//3=,p=6*1. p//3=
m,*,-,5,3,6,15,9,m=5*3,m-6=,m=5*3. m-6=
s,-,+,6,8,9,-2,7,s=6-8,s+9=,s=6-8. s+9=
d,+,//,8,7,2,15,7,d=8+7,d//2=,d=8+7. d//2=
e,*,-,6,1,7,6,-1,e=6*1,e-7=,e=6*1. e-7=
j,*,+,3,2,3,6,9,j=3*2,j+3=,j=3*2. j+3=
z,+,-,9,6,4,15,11,z=9+6,z-4=,z=9+6. z-4=
p,+,-,8,1,8,9,1,p=8+1,p-8=,p=8+1. p-8=
v,-,+,4,8,6,-4,2,v=4-8,v+6=,v=4-8. v+6=
f,*,//,7,5,5,35,7,f=7*5,f//5=,f=7*5. f//5=
b,-,+,8,7,3,1,4,b=8-7,b+3=,b=8-7. b+3=
y,+,+,8,9,9,17,26,y=8+9,y+9=,y=8+9. y+9=
a,-,*,5,7,7,-2,-14,a=5-7,a*7=,a=5-7. a*7=
j,*,//,7,3,9,21,2,j=7*3,j//9=,j=7*3. j//9=
b,//,-,1,6,6,0,-6,b=1//6,b-6=,b=1//6. b-6=
g,*,+,2,3,5,6,11,g=2*3,g+5=,g=2*3. g+5=
m,+,*,1,4,9,5,45,m=1+4,m*9=,m=1+4. m*9=
o,-,+,3,2,8,1,9,o=3-2,o+8=,o=3-2. o+8=
w,+,*,2,9,5,11,55,w=2+9,w*5=,w=2+9. w*5=
v,//,+,1,1,9,1,10,v=1//1,v+9=,v=1//1. v+9=
x,+,+,7,1,1,8,9,x=7+1,x+1=,x=7+1. x+1=
d,-,+,3,2,3,1,4,d=3-2,d+3=,d=3-2. d+3=
i,//,+,3,9,3,0,3,i=3//9,i+3=,i=3//9. i+3=
n,*,//,9,8,4,72,18,n=9*8,n//4=,n=9*8. n//4=
o,//,*,8,2,6,4,24,o=8//2,o*6=,o=8//2. o*6=
x,+,//,7,1,4,8,2,x=7+1,x//4=,x=7+1. x//4=
g,//,+,4,5,9,0,9,g=4//5,g+9=,g=4//5. g+9=
u,-,-,4,4,5,0,-5,u=4-4,u-5=,u=4-4. u-5=
z,+,//,7,2,9,9,1,z=7+2,z//9=,z=7+2. z//9=
o,-,//,7,1,1,6,6,o=7-1,o//1=,o=7-1. o//1=
t,+,+,2,5,9,7,16,t=2+5,t+9=,t=2+5. t+9=
t,//,+,3,1,4,3,7,t=3//1,t+4=,t=3//1. t+4=
e,+,*,3,2,8,5,40,e=3+2,e*8=,e=3+2. e*8=
z,+,-,4,7,4,11,7,z=4+7,z-4=,z=4+7. z-4=
k,+,-,3,7,1,10,9,k=3+7,k-1=,k=3+7. k-1=
k,//,*,2,8,2,0,0,k=2//8,k*2=,k=2//8. k*2=
r,-,*,5,4,2,1,2,r=5-4,r*2=,r=5-4. r*2=
j,//,*,7,6,8,1,8,j=7//6,j*8=,j=7//6. j*8=
v,-,-,8,5,7,3,-4,v=8-5,v-7=,v=8-5. v-7=
r,//,*,4,3,9,1,9,r=4//3,r*9=,r=4//3. r*9=
u,*,*,1,3,3,3,9,u=1*3,u*3=,u=1*3. u*3=
v,+,*,5,6,7,11,77,v=5+6,v*7=,v=5+6. v*7=
x,//,*,8,4,2,2,4,x=8//4,x*2=,x=8//4. x*2=
t,-,//,9,3,4,6,1,t=9-3,t//4=,t=9-3. t//4=
y,+,+,6,7,8,13,21,y=6+7,y+8=,y=6+7. y+8=
r,+,*,2,8,7,10,70,r=2+8,r*7=,r=2+8. r*7=
g,//,*,8,5,4,1,4,g=8//5,g*4=,g=8//5. g*4=
a,+,//,3,6,2,9,4,a=3+6,a//2=,a=3+6. a//2=
i,+,-,9,7,3,16,13,i=9+7,i-3=,i=9+7. i-3=
n,*,-,1,8,5,8,3,n=1*8,n-5=,n=1*8. n-5=
x,*,+,3,3,8,9,17,x=3*3,x+8=,x=3*3. x+8=
u,//,+,2,7,7,0,7,u=2//7,u+7=,u=2//7. u+7=
h,//,*,5,1,4,5,20,h=5//1,h*4=,h=5//1. h*4=
u,-,-,6,3,9,3,-6,u=6-3,u-9=,u=6-3. u-9=
z,*,-,4,3,6,12,6,z=4*3,z-6=,z=4*3. z-6=
w,+,-,6,4,7,10,3,w=6+4,w-7=,w=6+4. w-7=
m,+,*,1,1,1,2,2,m=1+1,m*1=,m=1+1. m*1=
t,-,+,7,5,8,2,10,t=7-5,t+8=,t=7-5. t+8=
l,-,+,7,3,6,4,10,l=7-3,l+6=,l=7-3. l+6=
k,*,+,9,8,7,72,79,k=9*8,k+7=,k=9*8. k+7=
p,+,+,9,2,4,11,15,p=9+2,p+4=,p=9+2. p+4=
w,//,*,5,6,8,0,0,w=5//6,w*8=,w=5//6. w*8=
a,+,//,4,2,2,6,3,a=4+2,a//2=,a=4+2. a//2=
z,-,+,4,9,9,-5,4,z=4-9,z+9=,z=4-9. z+9=
w,//,+,1,3,3,0,3,w=1//3,w+3=,w=1//3. w+3=
j,//,+,7,9,3,0,3,j=7//9,j+3=,j=7//9. j+3=
e,*,-,8,5,6,40,34,e=8*5,e-6=,e=8*5. e-6=
m,+,-,6,3,1,9,8,m=6+3,m-1=,m=6+3. m-1=
s,*,+,7,7,3,49,52,s=7*7,s+3=,s=7*7. s+3=
e,-,-,8,5,5,3,-2,e=8-5,e-5=,e=8-5. e-5=
p,*,*,5,9,8,45,360,p=5*9,p*8=,p=5*9. p*8=
l,//,+,1,6,2,0,2,l=1//6,l+2=,l=1//6. l+2=
q,-,*,9,4,5,5,25,q=9-4,q*5=,q=9-4. q*5=
s,*,*,4,9,3,36,108,s=4*9,s*3=,s=4*9. s*3=
m,//,+,3,9,7,0,7,m=3//9,m+7=,m=3//9. m+7=
w,*,-,2,6,3,12,9,w=2*6,w-3=,w=2*6. w-3=
n,-,+,7,2,6,5,11,n=7-2,n+6=,n=7-2. n+6=
i,+,*,3,5,7,8,56,i=3+5,i*7=,i=3+5. i*7=
p,-,-,6,8,5,-2,-7,p=6-8,p-5=,p=6-8. p-5=
o,-,//,4,6,5,-2,-1,o=4-6,o//5=,o=4-6. o//5=
s,*,+,6,9,7,54,61,s=6*9,s+7=,s=6*9. s+7=
o,//,//,8,1,3,8,2,o=8//1,o//3=,o=8//1. o//3=
n,-,-,6,5,7,1,-6,n=6-5,n-7=,n=6-5. n-7=
l,//,+,7,6,2,1,3,l=7//6,l+2=,l=7//6. l+2=
w,//,-,9,3,5,3,-2,w=9//3,w-5=,w=9//3. w-5=
d,-,//,3,3,1,0,0,d=3-3,d//1=,d=3-3. d//1=
e,-,-,4,1,3,3,0,e=4-1,e-3=,e=4-1. e-3=
y,*,-,9,3,9,27,18,y=9*3,y-9=,y=9*3. y-9=
t,+,+,5,5,4,10,14,t=5+5,t+4=,t=5+5. t+4=
p,*,*,5,4,1,20,20,p=5*4,p*1=,p=5*4. p*1=
r,//,*,6,4,3,1,3,r=6//4,r*3=,r=6//4. r*3=
c,+,-,8,7,3,15,12,c=8+7,c-3=,c=8+7. c-3=
a,-,-,5,1,9,4,-5,a=5-1,a-9=,a=5-1. a-9=
u,+,//,5,2,2,7,3,u=5+2,u//2=,u=5+2. u//2=
x,+,//,1,2,8,3,0,x=1+2,x//8=,x=1+2. x//8=
h,-,+,3,1,1,2,3,h=3-1,h+1=,h=3-1. h+1=
n,+,//,1,4,7,5,0,n=1+4,n//7=,n=1+4. n//7=
k,*,+,9,5,9,45,54,k=9*5,k+9=,k=9*5. k+9=
b,+,-,3,3,5,6,1,b=3+3,b-5=,b=3+3. b-5=
w,+,-,4,8,3,12,9,w=4+8,w-3=,w=4+8. w-3=
f,-,*,6,5,1,1,1,f=6-5,f*1=,f=6-5. f*1=
u,-,*,2,4,2,-2,-4,u=2-4,u*2=,u=2-4. u*2=
p,+,+,3,7,1,10,11,p=3+7,p+1=,p=3+7. p+1=
z,-,+,4,5,9,-1,8,z=4-5,z+9=,z=4-5. z+9=
n,*,//,4,1,1,4,4,n=4*1,n//1=,n=4*1. n//1=
o,//,+,8,7,5,1,6,o=8//7,o+5=,o=8//7. o+5=
g,*,//,6,2,8,12,1,g=6*2,g//8=,g=6*2. g//8=
s,//,-,8,8,3,1,-2,s=8//8,s-3=,s=8//8. s-3=
c,*,*,3,1,8,3,24,c=3*1,c*8=,c=3*1. c*8=
r,//,-,1,7,9,0,-9,r=1//7,r-9=,r=1//7. r-9=
l,*,+,4,2,5,8,13,l=4*2,l+5=,l=4*2. l+5=
u,-,//,9,9,1,0,0,u=9-9,u//1=,u=9-9. u//1=
x,*,*,8,4,8,32,256,x=8*4,x*8=,x=8*4. x*8=
g,+,+,9,2,8,11,19,g=9+2,g+8=,g=9+2. g+8=
u,//,+,5,1,9,5,14,u=5//1,u+9=,u=5//1. u+9=
k,//,-,6,4,6,1,-5,k=6//4,k-6=,k=6//4. k-6=
b,//,-,4,8,7,0,-7,b=4//8,b-7=,b=4//8. b-7=
h,//,*,9,4,8,2,16,h=9//4,h*8=,h=9//4. h*8=
n,//,-,3,5,2,0,-2,n=3//5,n-2=,n=3//5. n-2=
g,+,-,2,1,8,3,-5,g=2+1,g-8=,g=2+1. g-8=
n,-,//,2,1,5,1,0,n=2-1,n//5=,n=2-1. n//5=
l,//,*,7,3,6,2,12,l=7//3,l*6=,l=7//3. l*6=
l,*,//,3,1,9,3,0,l=3*1,l//9=,l=3*1. l//9=
j,-,//,1,3,5,-2,-1,j=1-3,j//5=,j=1-3. j//5=
a,*,+,1,1,3,1,4,a=1*1,a+3=,a=1*1. a+3=
r,*,+,5,1,1,5,6,r=5*1,r+1=,r=5*1. r+1=
t,-,+,9,5,5,4,9,t=9-5,t+5=,t=9-5. t+5=
n,-,-,1,4,7,-3,-10,n=1-4,n-7=,n=1-4. n-7=
u,//,+,3,5,1,0,1,u=3//5,u+1=,u=3//5. u+1=
e,*,-,5,3,5,15,10,e=5*3,e-5=,e=5*3. e-5=
d,-,*,6,9,2,-3,-6,d=6-9,d*2=,d=6-9. d*2=
y,-,-,6,1,8,5,-3,y=6-1,y-8=,y=6-1. y-8=
l,*,*,9,4,1,36,36,l=9*4,l*1=,l=9*4. l*1=
r,//,-,4,6,2,0,-2,r=4//6,r-2=,r=4//6. r-2=
t,-,-,1,7,3,-6,-9,t=1-7,t-3=,t=1-7. t-3=
b,-,+,4,6,3,-2,1,b=4-6,b+3=,b=4-6. b+3=
b,//,//,6,2,6,3,0,b=6//2,b//6=,b=6//2. b//6=
w,//,*,8,6,5,1,5,w=8//6,w*5=,w=8//6. w*5=
l,*,-,5,4,2,20,18,l=5*4,l-2=,l=5*4. l-2=
k,//,*,4,7,3,0,0,k=4//7,k*3=,k=4//7. k*3=
p,+,*,8,5,6,13,78,p=8+5,p*6=,p=8+5. p*6=
y,*,-,2,6,6,12,6,y=2*6,y-6=,y=2*6. y-6=
x,*,//,5,7,2,35,17,x=5*7,x//2=,x=5*7. x//2=
v,//,*,1,2,2,0,0,v=1//2,v*2=,v=1//2. v*2=
y,-,//,5,8,4,-3,-1,y=5-8,y//4=,y=5-8. y//4=
c,-,+,9,2,4,7,11,c=9-2,c+4=,c=9-2. c+4=
b,//,+,4,8,8,0,8,b=4//8,b+8=,b=4//8. b+8=
s,//,-,4,4,8,1,-7,s=4//4,s-8=,s=4//4. s-8=
o,+,//,8,2,9,10,1,o=8+2,o//9=,o=8+2. o//9=
e,*,+,6,3,5,18,23,e=6*3,e+5=,e=6*3. e+5=
s,*,*,3,5,4,15,60,s=3*5,s*4=,s=3*5. s*4=
o,*,*,5,3,5,15,75,o=5*3,o*5=,o=5*3. o*5=
n,+,//,8,8,8,16,2,n=8+8,n//8=,n=8+8. n//8=
r,-,-,2,8,6,-6,-12,r=2-8,r-6=,r=2-8. r-6=
t,//,//,1,7,8,0,0,t=1//7,t//8=,t=1//7. t//8=
v,//,//,7,9,5,0,0,v=7//9,v//5=,v=7//9. v//5=
x,+,*,9,8,5,17,85,x=9+8,x*5=,x=9+8. x*5=
t,-,-,6,6,4,0,-4,t=6-6,t-4=,t=6-6. t-4=
n,+,-,4,6,6,10,4,n=4+6,n-6=,n=4+6. n-6=
r,*,//,7,4,8,28,3,r=7*4,r//8=,r=7*4. r//8=
c,+,//,8,3,8,11,1,c=8+3,c//8=,c=8+3. c//8=
p,*,//,5,4,9,20,2,p=5*4,p//9=,p=5*4. p//9=
v,-,//,5,2,4,3,0,v=5-2,v//4=,v=5-2. v//4=
p,+,+,3,6,1,9,10,p=3+6,p+1=,p=3+6. p+1=
d,-,*,5,4,7,1,7,d=5-4,d*7=,d=5-4. d*7=
w,*,+,2,4,7,8,15,w=2*4,w+7=,w=2*4. w+7=
z,*,//,2,6,5,12,2,z=2*6,z//5=,z=2*6. z//5=
n,-,-,4,2,5,2,-3,n=4-2,n-5=,n=4-2. n-5=
w,+,*,7,3,1,10,10,w=7+3,w*1=,w=7+3. w*1=
f,-,-,9,5,4,4,0,f=9-5,f-4=,f=9-5. f-4=
c,*,+,8,8,3,64,67,c=8*8,c+3=,c=8*8. c+3=
n,*,*,7,8,2,56,112,n=7*8,n*2=,n=7*8. n*2=
t,*,-,7,8,5,56,51,t=7*8,t-5=,t=7*8. t-5=
h,*,//,2,1,7,2,0,h=2*1,h//7=,h=2*1. h//7=
g,//,*,3,8,6,0,0,g=3//8,g*6=,g=3//8. g*6=
r,+,-,7,6,5,13,8,r=7+6,r-5=,r=7+6. r-5=
x,//,+,4,4,6,1,7,x=4//4,x+6=,x=4//4. x+6=
b,//,-,2,3,2,0,-2,b=2//3,b-2=,b=2//3. b-2=
c,//,-,8,8,4,1,-3,c=8//8,c-4=,c=8//8. c-4=
t,*,//,9,1,1,9,9,t=9*1,t//1=,t=9*1. t//1=
y,-,//,1,6,4,-5,-2,y=1-6,y//4=,y=1-6. y//4=
d,-,//,5,9,9,-4,-1,d=5-9,d//9=,d=5-9. d//9=
c,*,+,3,9,4,27,31,c=3*9,c+4=,c=3*9. c+4=
g,//,*,2,3,9,0,0,g=2//3,g*9=,g=2//3. g*9=
o,*,*,6,9,8,54,432,o=6*9,o*8=,o=6*9. o*8=
k,//,*,4,1,1,4,4,k=4//1,k*1=,k=4//1. k*1=
a,-,*,3,9,3,-6,-18,a=3-9,a*3=,a=3-9. a*3=
r,+,-,7,7,2,14,12,r=7+7,r-2=,r=7+7. r-2=
n,*,*,8,9,6,72,432,n=8*9,n*6=,n=8*9. n*6=
w,-,-,8,1,3,7,4,w=8-1,w-3=,w=8-1. w-3=
m,*,*,1,3,6,3,18,m=1*3,m*6=,m=1*3. m*6=
t,-,//,4,6,2,-2,-1,t=4-6,t//2=,t=4-6. t//2=
d,*,//,6,4,3,24,8,d=6*4,d//3=,d=6*4. d//3=
w,//,//,6,8,1,0,0,w=6//8,w//1=,w=6//8. w//1=
v,*,*,9,6,3,54,162,v=9*6,v*3=,v=9*6. v*3=
p,//,-,5,1,6,5,-1,p=5//1,p-6=,p=5//1. p-6=
c,+,-,2,8,7,10,3,c=2+8,c-7=,c=2+8. c-7=
f,+,+,7,9,3,16,19,f=7+9,f+3=,f=7+9. f+3=
n,+,-,1,8,8,9,1,n=1+8,n-8=,n=1+8. n-8=
q,-,*,9,5,5,4,20,q=9-5,q*5=,q=9-5. q*5=
k,+,//,9,4,5,13,2,k=9+4,k//5=,k=9+4. k//5=
l,//,//,7,6,1,1,1,l=7//6,l//1=,l=7//6. l//1=
b,-,*,3,3,4,0,0,b=3-3,b*4=,b=3-3. b*4=
s,+,//,3,4,1,7,7,s=3+4,s//1=,s=3+4. s//1=
c,//,-,1,9,2,0,-2,c=1//9,c-2=,c=1//9. c-2=
g,-,+,8,2,7,6,13,g=8-2,g+7=,g=8-2. g+7=
t,+,//,1,3,8,4,0,t=1+3,t//8=,t=1+3. t//8=
k,*,//,6,9,5,54,10,k=6*9,k//5=,k=6*9. k//5=
z,*,*,8,7,4,56,224,z=8*7,z*4=,z=8*7. z*4=
t,+,+,8,3,8,11,19,t=8+3,t+8=,t=8+3. t+8=
g,//,-,1,2,3,0,-3,g=1//2,g-3=,g=1//2. g-3=
s,*,//,3,2,7,6,0,s=3*2,s//7=,s=3*2. s//7=
p,+,*,2,3,3,5,15,p=2+3,p*3=,p=2+3. p*3=
b,*,*,7,8,6,56,336,b=7*8,b*6=,b=7*8. b*6=
o,-,*,1,7,5,-6,-30,o=1-7,o*5=,o=1-7. o*5=
z,-,-,7,7,7,0,-7,z=7-7,z-7=,z=7-7. z-7=
y,*,-,1,6,4,6,2,y=1*6,y-4=,y=1*6. y-4=
w,+,*,8,4,1,12,12,w=8+4,w*1=,w=8+4. w*1=
x,//,//,4,7,6,0,0,x=4//7,x//6=,x=4//7. x//6=
a,+,+,2,7,3,9,12,a=2+7,a+3=,a=2+7. a+3=
y,-,-,3,4,3,-1,-4,y=3-4,y-3=,y=3-4. y-3=
j,+,//,3,1,2,4,2,j=3+1,j//2=,j=3+1. j//2=
x,*,-,7,7,6,49,43,x=7*7,x-6=,x=7*7. x-6=
d,*,//,8,3,7,24,3,d=8*3,d//7=,d=8*3. d//7=
k,+,+,8,8,5,16,21,k=8+8,k+5=,k=8+8. k+5=
g,//,-,5,6,4,0,-4,g=5//6,g-4=,g=5//6. g-4=
m,*,-,6,9,8,54,46,m=6*9,m-8=,m=6*9. m-8=
a,-,//,5,2,1,3,3,a=5-2,a//1=,a=5-2. a//1=
s,-,//,4,5,3,-1,-1,s=4-5,s//3=,s=4-5. s//3=
h,*,+,3,4,7,12,19,h=3*4,h+7=,h=3*4. h+7=
f,-,//,4,1,9,3,0,f=4-1,f//9=,f=4-1. f//9=
v,*,-,2,6,2,12,10,v=2*6,v-2=,v=2*6. v-2=
l,*,-,9,3,4,27,23,l=9*3,l-4=,l=9*3. l-4=
f,+,+,2,6,3,8,11,f=2+6,f+3=,f=2+6. f+3=
u,//,+,9,4,1,2,3,u=9//4,u+1=,u=9//4. u+1=
l,-,//,2,1,5,1,0,l=2-1,l//5=,l=2-1. l//5=
q,+,//,3,3,7,6,0,q=3+3,q//7=,q=3+3. q//7=
r,-,//,6,6,1,0,0,r=6-6,r//1=,r=6-6. r//1=
b,*,-,1,3,3,3,0,b=1*3,b-3=,b=1*3. b-3=
t,-,-,1,2,1,-1,-2,t=1-2,t-1=,t=1-2. t-1=
r,*,*,6,8,1,48,48,r=6*8,r*1=,r=6*8. r*1=
n,+,+,3,8,3,11,14,n=3+8,n+3=,n=3+8. n+3=
j,-,//,8,6,3,2,0,j=8-6,j//3=,j=8-6. j//3=
w,+,//,6,1,7,7,1,w=6+1,w//7=,w=6+1. w//7=
l,-,+,5,6,9,-1,8,l=5-6,l+9=,l=5-6. l+9=
k,+,+,9,5,9,14,23,k=9+5,k+9=,k=9+5. k+9=
p,//,+,6,7,7,0,7,p=6//7,p+7=,p=6//7. p+7=
r,-,-,2,1,6,1,-5,r=2-1,r-6=,r=2-1. r-6=
a,*,+,7,7,8,49,57,a=7*7,a+8=,a=7*7. a+8=
u,-,//,1,5,1,-4,-4,u=1-5,u//1=,u=1-5. u//1=
w,*,-,7,6,4,42,38,w=7*6,w-4=,w=7*6. w-4=
d,*,//,7,9,1,63,63,d=7*9,d//1=,d=7*9. d//1=
y,*,+,9,3,5,27,32,y=9*3,y+5=,y=9*3. y+5=
d,//,//,8,3,5,2,0,d=8//3,d//5=,d=8//3. d//5=
y,//,//,3,5,8,0,0,y=3//5,y//8=,y=3//5. y//8=
l,+,//,7,2,2,9,4,l=7+2,l//2=,l=7+2. l//2=
f,-,//,2,3,3,-1,-1,f=2-3,f//3=,f=2-3. f//3=
g,+,//,6,5,1,11,11,g=6+5,g//1=,g=6+5. g//1=
w,//,//,5,3,9,1,0,w=5//3,w//9=,w=5//3. w//9=
l,*,+,9,7,1,63,64,l=9*7,l+1=,l=9*7. l+1=
w,+,//,9,1,5,10,2,w=9+1,w//5=,w=9+1. w//5=
h,+,//,4,8,4,12,3,h=4+8,h//4=,h=4+8. h//4=
f,-,*,4,2,5,2,10,f=4-2,f*5=,f=4-2. f*5=
p,*,-,7,8,1,56,55,p=7*8,p-1=,p=7*8. p-1=
s,+,//,3,5,2,8,4,s=3+5,s//2=,s=3+5. s//2=
m,+,+,7,2,2,9,11,m=7+2,m+2=,m=7+2. m+2=
f,*,-,1,2,9,2,-7,f=1*2,f-9=,f=1*2. f-9=
c,//,-,4,8,9,0,-9,c=4//8,c-9=,c=4//8. c-9=
r,-,//,9,7,8,2,0,r=9-7,r//8=,r=9-7. r//8=
j,//,*,3,2,1,1,1,j=3//2,j*1=,j=3//2. j*1=
m,+,*,2,4,5,6,30,m=2+4,m*5=,m=2+4. m*5=
k,+,+,6,8,7,14,21,k=6+8,k+7=,k=6+8. k+7=
w,*,-,6,1,5,6,1,w=6*1,w-5=,w=6*1. w-5=
a,-,+,3,7,8,-4,4,a=3-7,a+8=,a=3-7. a+8=
v,//,+,1,6,4,0,4,v=1//6,v+4=,v=1//6. v+4=
l,*,+,3,8,9,24,33,l=3*8,l+9=,l=3*8. l+9=
a,-,+,1,6,9,-5,4,a=1-6,a+9=,a=1-6. a+9=
t,*,//,1,7,6,7,1,t=1*7,t//6=,t=1*7. t//6=
u,//,//,6,1,7,6,0,u=6//1,u//7=,u=6//1. u//7=
x,-,*,3,8,3,-5,-15,x=3-8,x*3=,x=3-8. x*3=
j,//,-,3,9,8,0,-8,j=3//9,j-8=,j=3//9. j-8=
n,*,+,4,8,2,32,34,n=4*8,n+2=,n=4*8. n+2=
y,-,//,5,9,3,-4,-2,y=5-9,y//3=,y=5-9. y//3=
b,//,*,2,8,4,0,0,b=2//8,b*4=,b=2//8. b*4=
z,+,*,1,7,9,8,72,z=1+7,z*9=,z=1+7. z*9=
w,+,*,4,6,8,10,80,w=4+6,w*8=,w=4+6. w*8=
g,*,//,7,1,5,7,1,g=7*1,g//5=,g=7*1. g//5=
a,*,-,7,9,9,63,54,a=7*9,a-9=,a=7*9. a-9=
f,+,+,3,5,2,8,10,f=3+5,f+2=,f=3+5. f+2=
m,//,//,1,9,5,0,0,m=1//9,m//5=,m=1//9. m//5=
v,-,+,3,1,7,2,9,v=3-1,v+7=,v=3-1. v+7=
f,+,+,7,4,7,11,18,f=7+4,f+7=,f=7+4. f+7=
y,-,-,4,4,5,0,-5,y=4-4,y-5=,y=4-4. y-5=
g,-,-,6,8,3,-2,-5,g=6-8,g-3=,g=6-8. g-3=
r,-,-,6,6,3,0,-3,r=6-6,r-3=,r=6-6. r-3=
v,+,*,6,2,9,8,72,v=6+2,v*9=,v=6+2. v*9=
q,*,-,1,2,6,2,-4,q=1*2,q-6=,q=1*2. q-6=
j,//,-,8,2,5,4,-1,j=8//2,j-5=,j=8//2. j-5=
i,//,//,6,4,3,1,0,i=6//4,i//3=,i=6//4. i//3=
c,-,*,9,1,9,8,72,c=9-1,c*9=,c=9-1. c*9=
l,//,-,2,6,7,0,-7,l=2//6,l-7=,l=2//6. l-7=
o,//,*,9,9,3,1,3,o=9//9,o*3=,o=9//9. o*3=
k,+,-,3,3,1,6,5,k=3+3,k-1=,k=3+3. k-1=
z,*,//,2,3,3,6,2,z=2*3,z//3=,z=2*3. z//3=
y,+,-,2,7,9,9,0,y=2+7,y-9=,y=2+7. y-9=
e,-,*,1,5,8,-4,-32,e=1-5,e*8=,e=1-5. e*8=
d,-,+,2,7,5,-5,0,d=2-7,d+5=,d=2-7. d+5=
a,-,+,1,4,7,-3,4,a=1-4,a+7=,a=1-4. a+7=
o,*,-,8,4,5,32,27,o=8*4,o-5=,o=8*4. o-5=
x,//,+,4,8,1,0,1,x=4//8,x+1=,x=4//8. x+1=
y,*,//,5,6,7,30,4,y=5*6,y//7=,y=5*6. y//7=
l,*,-,8,8,7,64,57,l=8*8,l-7=,l=8*8. l-7=
n,-,+,2,8,7,-6,1,n=2-8,n+7=,n=2-8. n+7=
i,*,*,2,1,2,2,4,i=2*1,i*2=,i=2*1. i*2=
s,//,-,1,7,2,0,-2,s=1//7,s-2=,s=1//7. s-2=
w,+,-,4,5,1,9,8,w=4+5,w-1=,w=4+5. w-1=
v,+,//,4,9,4,13,3,v=4+9,v//4=,v=4+9. v//4=
k,//,//,7,9,1,0,0,k=7//9,k//1=,k=7//9. k//1=
j,//,+,6,4,6,1,7,j=6//4,j+6=,j=6//4. j+6=
l,*,*,3,7,6,21,126,l=3*7,l*6=,l=3*7. l*6=
e,-,//,2,4,1,-2,-2,e=2-4,e//1=,e=2-4. e//1=
m,+,*,1,7,6,8,48,m=1+7,m*6=,m=1+7. m*6=
e,//,+,5,4,4,1,5,e=5//4,e+4=,e=5//4. e+4=
u,*,//,8,9,2,72,36,u=8*9,u//2=,u=8*9. u//2=
y,-,*,5,1,8,4,32,y=5-1,y*8=,y=5-1. y*8=
v,-,+,7,5,5,2,7,v=7-5,v+5=,v=7-5. v+5=
c,//,//,1,5,5,0,0,c=1//5,c//5=,c=1//5. c//5=
o,+,//,8,2,5,10,2,o=8+2,o//5=,o=8+2. o//5=
x,+,-,7,2,5,9,4,x=7+2,x-5=,x=7+2. x-5=
a,+,//,8,9,3,17,5,a=8+9,a//3=,a=8+9. a//3=
m,-,-,8,2,8,6,-2,m=8-2,m-8=,m=8-2. m-8=
i,//,+,4,7,6,0,6,i=4//7,i+6=,i=4//7. i+6=
e,-,+,1,3,2,-2,0,e=1-3,e+2=,e=1-3. e+2=
i,//,-,9,4,2,2,0,i=9//4,i-2=,i=9//4. i-2=
g,+,+,7,2,6,9,15,g=7+2,g+6=,g=7+2. g+6=
r,//,//,5,4,2,1,0,r=5//4,r//2=,r=5//4. r//2=
j,*,-,7,9,4,63,59,j=7*9,j-4=,j=7*9. j-4=
q,+,//,1,6,3,7,2,q=1+6,q//3=,q=1+6. q//3=
m,-,*,7,7,7,0,0,m=7-7,m*7=,m=7-7. m*7=
m,*,*,7,9,9,63,567,m=7*9,m*9=,m=7*9. m*9=
n,-,-,7,5,2,2,0,n=7-5,n-2=,n=7-5. n-2=
c,*,+,4,7,1,28,29,c=4*7,c+1=,c=4*7. c+1=
h,+,+,9,1,7,10,17,h=9+1,h+7=,h=9+1. h+7=
i,*,+,4,3,2,12,14,i=4*3,i+2=,i=4*3. i+2=
t,*,-,5,6,4,30,26,t=5*6,t-4=,t=5*6. t-4=
k,-,//,9,9,6,0,0,k=9-9,k//6=,k=9-9. k//6=
c,//,//,4,7,7,0,0,c=4//7,c//7=,c=4//7. c//7=
f,-,+,2,7,1,-5,-4,f=2-7,f+1=,f=2-7. f+1=
b,-,-,8,5,2,3,1,b=8-5,b-2=,b=8-5. b-2=
x,//,-,8,9,8,0,-8,x=8//9,x-8=,x=8//9. x-8=
h,//,-,8,3,6,2,-4,h=8//3,h-6=,h=8//3. h-6=
g,+,+,4,3,1,7,8,g=4+3,g+1=,g=4+3. g+1=
e,*,//,1,6,1,6,6,e=1*6,e//1=,e=1*6. e//1=
b,*,*,2,5,6,10,60,b=2*5,b*6=,b=2*5. b*6=
g,//,*,4,8,5,0,0,g=4//8,g*5=,g=4//8. g*5=
u,-,//,9,6,5,3,0,u=9-6,u//5=,u=9-6. u//5=
v,//,-,7,1,4,7,3,v=7//1,v-4=,v=7//1. v-4=
j,//,+,2,8,9,0,9,j=2//8,j+9=,j=2//8. j+9=
z,*,+,8,1,6,8,14,z=8*1,z+6=,z=8*1. z+6=
z,+,+,1,1,4,2,6,z=1+1,z+4=,z=1+1. z+4=
i,-,-,6,1,2,5,3,i=6-1,i-2=,i=6-1. i-2=
z,-,-,9,8,4,1,-3,z=9-8,z-4=,z=9-8. z-4=
y,//,-,2,4,3,0,-3,y=2//4,y-3=,y=2//4. y-3=
c,-,*,6,5,4,1,4,c=6-5,c*4=,c=6-5. c*4=
d,-,-,6,4,6,2,-4,d=6-4,d-6=,d=6-4. d-6=
j,*,*,3,6,9,18,162,j=3*6,j*9=,j=3*6. j*9=
w,//,*,8,5,8,1,8,w=8//5,w*8=,w=8//5. w*8=
v,+,//,2,5,4,7,1,v=2+5,v//4=,v=2+5. v//4=
d,*,//,5,6,3,30,10,d=5*6,d//3=,d=5*6. d//3=
j,*,+,6,6,2,36,38,j=6*6,j+2=,j=6*6. j+2=
p,+,//,3,7,5,10,2,p=3+7,p//5=,p=3+7. p//5=
d,*,-,8,4,4,32,28,d=8*4,d-4=,d=8*4. d-4=
y,-,-,6,9,2,-3,-5,y=6-9,y-2=,y=6-9. y-2=
r,-,-,6,3,7,3,-4,r=6-3,r-7=,r=6-3. r-7=
t,-,-,8,5,8,3,-5,t=8-5,t-8=,t=8-5. t-8=
o,//,//,6,5,5,1,0,o=6//5,o//5=,o=6//5. o//5=
b,//,+,2,9,5,0,5,b=2//9,b+5=,b=2//9. b+5=
j,+,//,2,2,7,4,0,j=2+2,j//7=,j=2+2. j//7=
p,+,-,8,6,5,14,9,p=8+6,p-5=,p=8+6. p-5=
d,+,-,4,7,8,11,3,d=4+7,d-8=,d=4+7. d-8=
n,//,*,6,8,3,0,0,n=6//8,n*3=,n=6//8. n*3=
r,*,-,2,6,7,12,5,r=2*6,r-7=,r=2*6. r-7=
y,+,*,1,3,6,4,24,y=1+3,y*6=,y=1+3. y*6=
q,*,*,9,3,8,27,216,q=9*3,q*8=,q=9*3. q*8=
y,+,//,8,6,9,14,1,y=8+6,y//9=,y=8+6. y//9=
d,*,//,3,7,2,21,10,d=3*7,d//2=,d=3*7. d//2=
x,-,//,7,1,1,6,6,x=7-1,x//1=,x=7-1. x//1=
e,+,-,3,2,1,5,4,e=3+2,e-1=,e=3+2. e-1=
c,+,*,6,4,9,10,90,c=6+4,c*9=,c=6+4. c*9=
q,-,+,7,4,9,3,12,q=7-4,q+9=,q=7-4. q+9=
d,-,//,3,4,8,-1,-1,d=3-4,d//8=,d=3-4. d//8=
y,*,//,6,5,7,30,4,y=6*5,y//7=,y=6*5. y//7=
h,-,//,5,3,3,2,0,h=5-3,h//3=,h=5-3. h//3=
n,*,+,9,6,1,54,55,n=9*6,n+1=,n=9*6. n+1=
r,+,+,2,7,8,9,17,r=2+7,r+8=,r=2+7. r+8=
f,-,+,5,9,6,-4,2,f=5-9,f+6=,f=5-9. f+6=
j,-,+,7,8,3,-1,2,j=7-8,j+3=,j=7-8. j+3=
c,+,//,7,8,9,15,1,c=7+8,c//9=,c=7+8. c//9=
g,+,*,9,6,7,15,105,g=9+6,g*7=,g=9+6. g*7=
k,+,-,2,4,9,6,-3,k=2+4,k-9=,k=2+4. k-9=
k,*,+,8,5,9,40,49,k=8*5,k+9=,k=8*5. k+9=
o,//,*,6,4,4,1,4,o=6//4,o*4=,o=6//4. o*4=
f,*,-,8,3,2,24,22,f=8*3,f-2=,f=8*3. f-2=
z,//,//,3,7,4,0,0,z=3//7,z//4=,z=3//7. z//4=
u,*,-,8,1,1,8,7,u=8*1,u-1=,u=8*1. u-1=
z,//,//,3,4,8,0,0,z=3//4,z//8=,z=3//4. z//8=
i,+,+,1,7,1,8,9,i=1+7,i+1=,i=1+7. i+1=
u,+,-,1,3,2,4,2,u=1+3,u-2=,u=1+3. u-2=
l,*,//,5,1,2,5,2,l=5*1,l//2=,l=5*1. l//2=
n,+,+,5,5,7,10,17,n=5+5,n+7=,n=5+5. n+7=
s,*,*,4,2,2,8,16,s=4*2,s*2=,s=4*2. s*2=
z,+,+,1,1,9,2,11,z=1+1,z+9=,z=1+1. z+9=
v,//,//,8,2,6,4,0,v=8//2,v//6=,v=8//2. v//6=
r,//,//,1,3,2,0,0,r=1//3,r//2=,r=1//3. r//2=
y,//,*,9,8,6,1,6,y=9//8,y*6=,y=9//8. y*6=
p,+,-,9,1,2,10,8,p=9+1,p-2=,p=9+1. p-2=
j,-,*,7,9,2,-2,-4,j=7-9,j*2=,j=7-9. j*2=
v,//,*,6,2,8,3,24,v=6//2,v*8=,v=6//2. v*8=
v,*,+,2,5,3,10,13,v=2*5,v+3=,v=2*5. v+3=
v,+,+,5,5,4,10,14,v=5+5,v+4=,v=5+5. v+4=
s,*,+,6,1,5,6,11,s=6*1,s+5=,s=6*1. s+5=
r,-,+,1,8,2,-7,-5,r=1-8,r+2=,r=1-8. r+2=
l,*,//,4,7,4,28,7,l=4*7,l//4=,l=4*7. l//4=
f,-,*,4,5,5,-1,-5,f=4-5,f*5=,f=4-5. f*5=
i,//,*,8,7,2,1,2,i=8//7,i*2=,i=8//7. i*2=
n,+,*,8,4,8,12,96,n=8+4,n*8=,n=8+4. n*8=
k,-,-,4,8,2,-4,-6,k=4-8,k-2=,k=4-8. k-2=
q,-,-,2,6,1,-4,-5,q=2-6,q-1=,q=2-6. q-1=
w,-,-,6,3,6,3,-3,w=6-3,w-6=,w=6-3. w-6=
n,+,//,8,6,3,14,4,n=8+6,n//3=,n=8+6. n//3=
c,*,+,9,6,3,54,57,c=9*6,c+3=,c=9*6. c+3=
w,*,+,1,7,7,7,14,w=1*7,w+7=,w=1*7. w+7=
x,//,+,4,8,7,0,7,x=4//8,x+7=,x=4//8. x+7=
y,+,-,7,8,3,15,12,y=7+8,y-3=,y=7+8. y-3=
y,*,+,9,3,6,27,33,y=9*3,y+6=,y=9*3. y+6=
w,+,*,3,9,7,12,84,w=3+9,w*7=,w=3+9. w*7=
g,-,//,1,5,5,-4,-1,g=1-5,g//5=,g=1-5. g//5=
z,-,+,6,7,2,-1,1,z=6-7,z+2=,z=6-7. z+2=
i,*,//,6,9,9,54,6,i=6*9,i//9=,i=6*9. i//9=
d,-,//,7,9,7,-2,-1,d=7-9,d//7=,d=7-9. d//7=
s,+,-,3,9,1,12,11,s=3+9,s-1=,s=3+9. s-1=
n,*,//,2,1,5,2,0,n=2*1,n//5=,n=2*1. n//5=
q,*,*,5,6,7,30,210,q=5*6,q*7=,q=5*6. q*7=
l,-,-,7,5,7,2,-5,l=7-5,l-7=,l=7-5. l-7=
i,*,+,2,1,7,2,9,i=2*1,i+7=,i=2*1. i+7=
f,-,*,7,3,8,4,32,f=7-3,f*8=,f=7-3. f*8=
k,//,+,4,3,8,1,9,k=4//3,k+8=,k=4//3. k+8=
s,-,//,3,3,2,0,0,s=3-3,s//2=,s=3-3. s//2=
e,-,*,4,6,2,-2,-4,e=4-6,e*2=,e=4-6. e*2=
q,//,//,1,1,8,1,0,q=1//1,q//8=,q=1//1. q//8=
p,//,//,6,3,7,2,0,p=6//3,p//7=,p=6//3. p//7=
e,*,*,2,7,5,14,70,e=2*7,e*5=,e=2*7. e*5=
t,*,-,4,4,5,16,11,t=4*4,t-5=,t=4*4. t-5=
f,//,-,1,4,8,0,-8,f=1//4,f-8=,f=1//4. f-8=
o,//,+,9,7,1,1,2,o=9//7,o+1=,o=9//7. o+1=
m,+,//,5,2,1,7,7,m=5+2,m//1=,m=5+2. m//1=
e,*,*,2,3,9,6,54,e=2*3,e*9=,e=2*3. e*9=
u,*,//,3,6,5,18,3,u=3*6,u//5=,u=3*6. u//5=
q,+,*,8,5,3,13,39,q=8+5,q*3=,q=8+5. q*3=
a,-,-,7,6,3,1,-2,a=7-6,a-3=,a=7-6. a-3=
h,+,*,5,1,5,6,30,h=5+1,h*5=,h=5+1. h*5=
c,-,-,8,7,8,1,-7,c=8-7,c-8=,c=8-7. c-8=
g,+,-,6,5,3,11,8,g=6+5,g-3=,g=6+5. g-3=
t,+,+,6,2,7,8,15,t=6+2,t+7=,t=6+2. t+7=
q,+,*,7,3,3,10,30,q=7+3,q*3=,q=7+3. q*3=
g,+,*,4,8,4,12,48,g=4+8,g*4=,g=4+8. g*4=
k,-,+,4,4,9,0,9,k=4-4,k+9=,k=4-4. k+9=
v,*,+,9,5,3,45,48,v=9*5,v+3=,v=9*5. v+3=
e,*,-,5,2,2,10,8,e=5*2,e-2=,e=5*2. e-2=
p,*,*,5,5,3,25,75,p=5*5,p*3=,p=5*5. p*3=
e,-,-,8,9,7,-1,-8,e=8-9,e-7=,e=8-9. e-7=
p,*,*,6,4,5,24,120,p=6*4,p*5=,p=6*4. p*5=
t,-,+,7,2,9,5,14,t=7-2,t+9=,t=7-2. t+9=
m,//,//,1,5,6,0,0,m=1//5,m//6=,m=1//5. m//6=
y,-,-,6,4,2,2,0,y=6-4,y-2=,y=6-4. y-2=
x,*,-,6,5,9,30,21,x=6*5,x-9=,x=6*5. x-9=
s,//,*,3,6,5,0,0,s=3//6,s*5=,s=3//6. s*5=
h,*,-,3,4,1,12,11,h=3*4,h-1=,h=3*4. h-1=
d,+,-,7,2,1,9,8,d=7+2,d-1=,d=7+2. d-1=
o,//,-,7,7,7,1,-6,o=7//7,o-7=,o=7//7. o-7=
w,+,*,3,3,8,6,48,w=3+3,w*8=,w=3+3. w*8=
x,+,//,5,3,3,8,2,x=5+3,x//3=,x=5+3. x//3=
s,+,*,9,5,6,14,84,s=9+5,s*6=,s=9+5. s*6=
n,*,//,8,2,2,16,8,n=8*2,n//2=,n=8*2. n//2=
c,*,-,2,9,5,18,13,c=2*9,c-5=,c=2*9. c-5=
l,-,//,7,6,5,1,0,l=7-6,l//5=,l=7-6. l//5=
g,+,//,2,8,1,10,10,g=2+8,g//1=,g=2+8. g//1=
d,//,+,4,6,3,0,3,d=4//6,d+3=,d=4//6. d+3=
o,*,*,9,8,6,72,432,o=9*8,o*6=,o=9*8. o*6=
u,-,+,9,3,9,6,15,u=9-3,u+9=,u=9-3. u+9=
a,+,*,2,1,8,3,24,a=2+1,a*8=,a=2+1. a*8=
f,-,+,2,8,7,-6,1,f=2-8,f+7=,f=2-8. f+7=
h,//,*,7,7,5,1,5,h=7//7,h*5=,h=7//7. h*5=
a,*,//,4,5,4,20,5,a=4*5,a//4=,a=4*5. a//4=
y,//,+,6,7,6,0,6,y=6//7,y+6=,y=6//7. y+6=
q,+,+,8,3,2,11,13,q=8+3,q+2=,q=8+3. q+2=
b,//,+,8,1,5,8,13,b=8//1,b+5=,b=8//1. b+5=
l,*,-,5,9,4,45,41,l=5*9,l-4=,l=5*9. l-4=
m,-,-,1,3,6,-2,-8,m=1-3,m-6=,m=1-3. m-6=
o,+,-,6,7,2,13,11,o=6+7,o-2=,o=6+7. o-2=
l,+,+,1,8,2,9,11,l=1+8,l+2=,l=1+8. l+2=
q,-,//,9,1,1,8,8,q=9-1,q//1=,q=9-1. q//1=
u,-,-,4,3,4,1,-3,u=4-3,u-4=,u=4-3. u-4=
s,*,//,4,4,6,16,2,s=4*4,s//6=,s=4*4. s//6=
j,+,-,9,2,2,11,9,j=9+2,j-2=,j=9+2. j-2=
e,+,-,4,4,5,8,3,e=4+4,e-5=,e=4+4. e-5=
h,-,+,4,1,8,3,11,h=4-1,h+8=,h=4-1. h+8=
d,*,+,5,2,2,10,12,d=5*2,d+2=,d=5*2. d+2=
m,*,*,3,6,1,18,18,m=3*6,m*1=,m=3*6. m*1=
z,+,//,7,3,5,10,2,z=7+3,z//5=,z=7+3. z//5=
h,-,-,4,5,2,-1,-3,h=4-5,h-2=,h=4-5. h-2=
l,//,*,2,3,6,0,0,l=2//3,l*6=,l=2//3. l*6=
s,//,+,8,4,8,2,10,s=8//4,s+8=,s=8//4. s+8=
e,-,+,5,9,3,-4,-1,e=5-9,e+3=,e=5-9. e+3=
t,-,+,3,9,5,-6,-1,t=3-9,t+5=,t=3-9. t+5=
q,-,+,6,6,2,0,2,q=6-6,q+2=,q=6-6. q+2=
u,//,*,3,7,3,0,0,u=3//7,u*3=,u=3//7. u*3=
f,//,-,1,9,9,0,-9,f=1//9,f-9=,f=1//9. f-9=
y,+,+,5,8,3,13,16,y=5+8,y+3=,y=5+8. y+3=
o,-,//,7,2,3,5,1,o=7-2,o//3=,o=7-2. o//3=
k,//,*,8,9,4,0,0,k=8//9,k*4=,k=8//9. k*4=
d,-,+,6,1,7,5,12,d=6-1,d+7=,d=6-1. d+7=
k,+,*,5,9,6,14,84,k=5+9,k*6=,k=5+9. k*6=
w,//,+,8,3,4,2,6,w=8//3,w+4=,w=8//3. w+4=
y,*,+,3,1,2,3,5,y=3*1,y+2=,y=3*1. y+2=
k,-,-,3,4,3,-1,-4,k=3-4,k-3=,k=3-4. k-3=
v,+,-,7,5,6,12,6,v=7+5,v-6=,v=7+5. v-6=
e,//,+,2,4,2,0,2,e=2//4,e+2=,e=2//4. e+2=
x,*,//,7,1,3,7,2,x=7*1,x//3=,x=7*1. x//3=
u,-,//,3,6,3,-3,-1,u=3-6,u//3=,u=3-6. u//3=
t,-,//,5,5,5,0,0,t=5-5,t//5=,t=5-5. t//5=
v,+,+,3,3,8,6,14,v=3+3,v+8=,v=3+3. v+8=
r,+,-,9,3,6,12,6,r=9+3,r-6=,r=9+3. r-6=
s,-,*,2,4,4,-2,-8,s=2-4,s*4=,s=2-4. s*4=
h,-,-,2,3,8,-1,-9,h=2-3,h-8=,h=2-3. h-8=
b,*,-,4,4,4,16,12,b=4*4,b-4=,b=4*4. b-4=
p,*,//,4,9,8,36,4,p=4*9,p//8=,p=4*9. p//8=
u,-,-,5,7,3,-2,-5,u=5-7,u-3=,u=5-7. u-3=
j,*,//,8,4,1,32,32,j=8*4,j//1=,j=8*4. j//1=
g,+,*,4,3,6,7,42,g=4+3,g*6=,g=4+3. g*6=
y,*,//,6,1,9,6,0,y=6*1,y//9=,y=6*1. y//9=
c,-,*,1,2,4,-1,-4,c=1-2,c*4=,c=1-2. c*4=
d,//,-,9,9,7,1,-6,d=9//9,d-7=,d=9//9. d-7=
a,*,+,1,3,8,3,11,a=1*3,a+8=,a=1*3. a+8=
n,//,//,9,6,9,1,0,n=9//6,n//9=,n=9//6. n//9=
r,+,+,9,3,2,12,14,r=9+3,r+2=,r=9+3. r+2=
q,+,+,1,7,7,8,15,q=1+7,q+7=,q=1+7. q+7=
m,-,//,2,2,4,0,0,m=2-2,m//4=,m=2-2. m//4=
r,//,-,6,8,4,0,-4,r=6//8,r-4=,r=6//8. r-4=
j,//,*,3,6,8,0,0,j=3//6,j*8=,j=3//6. j*8=
k,+,+,7,6,6,13,19,k=7+6,k+6=,k=7+6. k+6=
y,*,-,8,7,7,56,49,y=8*7,y-7=,y=8*7. y-7=
z,//,+,5,2,2,2,4,z=5//2,z+2=,z=5//2. z+2=
w,+,//,6,6,7,12,1,w=6+6,w//7=,w=6+6. w//7=
u,-,*,7,4,2,3,6,u=7-4,u*2=,u=7-4. u*2=
q,*,*,6,6,5,36,180,q=6*6,q*5=,q=6*6. q*5=
h,+,-,8,6,4,14,10,h=8+6,h-4=,h=8+6. h-4=
y,+,+,5,3,6,8,14,y=5+3,y+6=,y=5+3. y+6=
l,//,*,3,5,3,0,0,l=3//5,l*3=,l=3//5. l*3=
x,//,*,7,7,6,1,6,x=7//7,x*6=,x=7//7. x*6=
m,*,*,8,1,7,8,56,m=8*1,m*7=,m=8*1. m*7=
j,-,//,4,3,3,1,0,j=4-3,j//3=,j=4-3. j//3=
o,//,//,8,9,7,0,0,o=8//9,o//7=,o=8//9. o//7=
w,-,-,2,4,6,-2,-8,w=2-4,w-6=,w=2-4. w-6=
k,//,-,6,6,8,1,-7,k=6//6,k-8=,k=6//6. k-8=
c,-,-,9,1,7,8,1,c=9-1,c-7=,c=9-1. c-7=
d,*,-,6,3,8,18,10,d=6*3,d-8=,d=6*3. d-8=
n,+,-,1,2,5,3,-2,n=1+2,n-5=,n=1+2. n-5=
s,+,+,8,8,3,16,19,s=8+8,s+3=,s=8+8. s+3=
j,-,//,5,9,3,-4,-2,j=5-9,j//3=,j=5-9. j//3=
s,//,+,9,8,9,1,10,s=9//8,s+9=,s=9//8. s+9=
c,+,-,6,7,5,13,8,c=6+7,c-5=,c=6+7. c-5=
h,+,//,6,8,9,14,1,h=6+8,h//9=,h=6+8. h//9=
c,-,+,9,8,8,1,9,c=9-8,c+8=,c=9-8. c+8=
l,-,+,1,5,4,-4,0,l=1-5,l+4=,l=1-5. l+4=
e,-,*,6,8,4,-2,-8,e=6-8,e*4=,e=6-8. e*4=
t,-,-,9,2,9,7,-2,t=9-2,t-9=,t=9-2. t-9=
a,-,*,1,3,5,-2,-10,a=1-3,a*5=,a=1-3. a*5=
t,-,*,7,1,2,6,12,t=7-1,t*2=,t=7-1. t*2=
e,*,-,7,5,5,35,30,e=7*5,e-5=,e=7*5. e-5=
c,-,-,7,1,6,6,0,c=7-1,c-6=,c=7-1. c-6=
r,+,//,6,5,8,11,1,r=6+5,r//8=,r=6+5. r//8=
l,+,//,7,6,4,13,3,l=7+6,l//4=,l=7+6. l//4=
v,//,+,4,3,4,1,5,v=4//3,v+4=,v=4//3. v+4=
p,//,-,6,8,1,0,-1,p=6//8,p-1=,p=6//8. p-1=
f,-,-,8,8,4,0,-4,f=8-8,f-4=,f=8-8. f-4=
v,//,+,5,3,6,1,7,v=5//3,v+6=,v=5//3. v+6=
k,-,-,4,5,9,-1,-10,k=4-5,k-9=,k=4-5. k-9=
p,+,+,1,6,4,7,11,p=1+6,p+4=,p=1+6. p+4=
f,//,+,3,2,8,1,9,f=3//2,f+8=,f=3//2. f+8=
u,//,+,8,4,8,2,10,u=8//4,u+8=,u=8//4. u+8=
q,*,+,4,4,2,16,18,q=4*4,q+2=,q=4*4. q+2=
y,//,+,4,7,7,0,7,y=4//7,y+7=,y=4//7. y+7=
u,+,//,1,3,2,4,2,u=1+3,u//2=,u=1+3. u//2=
x,-,+,9,6,1,3,4,x=9-6,x+1=,x=9-6. x+1=
d,+,//,9,9,1,18,18,d=9+9,d//1=,d=9+9. d//1=
l,-,-,9,9,7,0,-7,l=9-9,l-7=,l=9-9. l-7=
m,+,-,1,5,5,6,1,m=1+5,m-5=,m=1+5. m-5=
w,-,//,3,3,3,0,0,w=3-3,w//3=,w=3-3. w//3=
y,+,//,4,9,9,13,1,y=4+9,y//9=,y=4+9. y//9=
e,//,*,4,2,4,2,8,e=4//2,e*4=,e=4//2. e*4=
n,+,+,7,5,3,12,15,n=7+5,n+3=,n=7+5. n+3=
o,*,-,7,5,7,35,28,o=7*5,o-7=,o=7*5. o-7=
p,+,+,5,1,7,6,13,p=5+1,p+7=,p=5+1. p+7=
z,//,+,2,1,9,2,11,z=2//1,z+9=,z=2//1. z+9=
h,//,+,3,7,4,0,4,h=3//7,h+4=,h=3//7. h+4=
a,-,*,5,5,1,0,0,a=5-5,a*1=,a=5-5. a*1=
n,-,//,6,8,5,-2,-1,n=6-8,n//5=,n=6-8. n//5=
l,*,+,8,1,2,8,10,l=8*1,l+2=,l=8*1. l+2=
a,//,+,6,4,3,1,4,a=6//4,a+3=,a=6//4. a+3=
n,-,*,9,3,5,6,30,n=9-3,n*5=,n=9-3. n*5=
w,*,-,2,7,1,14,13,w=2*7,w-1=,w=2*7. w-1=
n,-,//,7,4,9,3,0,n=7-4,n//9=,n=7-4. n//9=
h,//,//,8,2,6,4,0,h=8//2,h//6=,h=8//2. h//6=
h,-,+,5,7,7,-2,5,h=5-7,h+7=,h=5-7. h+7=
c,*,+,6,2,4,12,16,c=6*2,c+4=,c=6*2. c+4=
f,+,+,1,7,3,8,11,f=1+7,f+3=,f=1+7. f+3=
e,-,//,3,7,4,-4,-1,e=3-7,e//4=,e=3-7. e//4=
m,*,-,1,8,3,8,5,m=1*8,m-3=,m=1*8. m-3=
b,+,+,8,3,8,11,19,b=8+3,b+8=,b=8+3. b+8=
c,+,+,3,4,4,7,11,c=3+4,c+4=,c=3+4. c+4=
v,*,*,7,6,4,42,168,v=7*6,v*4=,v=7*6. v*4=
t,-,*,7,7,3,0,0,t=7-7,t*3=,t=7-7. t*3=
t,//,*,3,1,4,3,12,t=3//1,t*4=,t=3//1. t*4=
n,//,-,4,7,6,0,-6,n=4//7,n-6=,n=4//7. n-6=
r,*,*,2,9,6,18,108,r=2*9,r*6=,r=2*9. r*6=
z,//,-,8,4,3,2,-1,z=8//4,z-3=,z=8//4. z-3=
h,*,//,1,3,3,3,1,h=1*3,h//3=,h=1*3. h//3=
l,//,//,3,9,6,0,0,l=3//9,l//6=,l=3//9. l//6=
c,-,-,2,3,3,-1,-4,c=2-3,c-3=,c=2-3. c-3=
z,*,*,2,2,7,4,28,z=2*2,z*7=,z=2*2. z*7=
u,//,//,3,1,4,3,0,u=3//1,u//4=,u=3//1. u//4=
y,//,-,7,1,5,7,2,y=7//1,y-5=,y=7//1. y-5=
n,+,*,6,1,5,7,35,n=6+1,n*5=,n=6+1. n*5=
n,*,-,6,2,7,12,5,n=6*2,n-7=,n=6*2. n-7=
f,+,//,1,6,7,7,1,f=1+6,f//7=,f=1+6. f//7=
l,-,//,5,5,6,0,0,l=5-5,l//6=,l=5-5. l//6=
b,-,-,3,2,9,1,-8,b=3-2,b-9=,b=3-2. b-9=
o,-,+,7,6,5,1,6,o=7-6,o+5=,o=7-6. o+5=
w,+,+,6,6,3,12,15,w=6+6,w+3=,w=6+6. w+3=
r,//,-,8,2,5,4,-1,r=8//2,r-5=,r=8//2. r-5=
p,+,-,3,5,2,8,6,p=3+5,p-2=,p=3+5. p-2=
t,-,-,7,7,4,0,-4,t=7-7,t-4=,t=7-7. t-4=
l,+,//,4,1,4,5,1,l=4+1,l//4=,l=4+1. l//4=
m,+,//,5,8,3,13,4,m=5+8,m//3=,m=5+8. m//3=
f,//,+,3,5,7,0,7,f=3//5,f+7=,f=3//5. f+7=
y,*,+,2,9,3,18,21,y=2*9,y+3=,y=2*9. y+3=
d,//,-,3,8,7,0,-7,d=3//8,d-7=,d=3//8. d-7=
l,-,//,8,6,9,2,0,l=8-6,l//9=,l=8-6. l//9=
i,//,-,3,5,3,0,-3,i=3//5,i-3=,i=3//5. i-3=
d,*,-,9,1,6,9,3,d=9*1,d-6=,d=9*1. d-6=
n,//,//,7,6,1,1,1,n=7//6,n//1=,n=7//6. n//1=
s,//,//,4,8,4,0,0,s=4//8,s//4=,s=4//8. s//4=
e,+,*,9,3,4,12,48,e=9+3,e*4=,e=9+3. e*4=
v,-,-,3,3,7,0,-7,v=3-3,v-7=,v=3-3. v-7=
k,-,-,3,6,3,-3,-6,k=3-6,k-3=,k=3-6. k-3=
g,-,//,2,6,8,-4,-1,g=2-6,g//8=,g=2-6. g//8=
a,+,+,9,4,3,13,16,a=9+4,a+3=,a=9+4. a+3=
a,+,*,3,6,9,9,81,a=3+6,a*9=,a=3+6. a*9=
v,//,-,8,5,5,1,-4,v=8//5,v-5=,v=8//5. v-5=
f,//,//,5,4,4,1,0,f=5//4,f//4=,f=5//4. f//4=
x,-,+,1,8,4,-7,-3,x=1-8,x+4=,x=1-8. x+4=
b,+,-,2,6,4,8,4,b=2+6,b-4=,b=2+6. b-4=
s,//,-,8,9,2,0,-2,s=8//9,s-2=,s=8//9. s-2=
r,*,//,3,5,5,15,3,r=3*5,r//5=,r=3*5. r//5=
r,+,//,4,8,2,12,6,r=4+8,r//2=,r=4+8. r//2=
x,//,+,8,7,8,1,9,x=8//7,x+8=,x=8//7. x+8=
o,//,*,9,1,1,9,9,o=9//1,o*1=,o=9//1. o*1=
d,//,-,8,7,2,1,-1,d=8//7,d-2=,d=8//7. d-2=
j,//,*,7,6,2,1,2,j=7//6,j*2=,j=7//6. j*2=
c,*,*,7,1,6,7,42,c=7*1,c*6=,c=7*1. c*6=
v,+,//,9,5,1,14,14,v=9+5,v//1=,v=9+5. v//1=
u,-,-,1,3,5,-2,-7,u=1-3,u-5=,u=1-3. u-5=
p,//,-,4,9,1,0,-1,p=4//9,p-1=,p=4//9. p-1=
a,-,+,6,9,4,-3,1,a=6-9,a+4=,a=6-9. a+4=
u,*,+,7,1,6,7,13,u=7*1,u+6=,u=7*1. u+6=
f,-,+,5,6,4,-1,3,f=5-6,f+4=,f=5-6. f+4=
f,//,+,6,7,7,0,7,f=6//7,f+7=,f=6//7. f+7=
f,//,//,4,9,6,0,0,f=4//9,f//6=,f=4//9. f//6=
u,+,-,6,8,3,14,11,u=6+8,u-3=,u=6+8. u-3=
w,-,*,1,5,6,-4,-24,w=1-5,w*6=,w=1-5. w*6=
x,-,+,6,6,1,0,1,x=6-6,x+1=,x=6-6. x+1=
i,-,//,4,9,9,-5,-1,i=4-9,i//9=,i=4-9. i//9=
g,+,-,1,3,8,4,-4,g=1+3,g-8=,g=1+3. g-8=
v,*,*,1,7,8,7,56,v=1*7,v*8=,v=1*7. v*8=
t,+,+,2,8,5,10,15,t=2+8,t+5=,t=2+8. t+5=
q,//,-,4,3,4,1,-3,q=4//3,q-4=,q=4//3. q-4=
z,//,+,3,9,6,0,6,z=3//9,z+6=,z=3//9. z+6=
k,-,//,9,8,6,1,0,k=9-8,k//6=,k=9-8. k//6=
b,//,-,1,2,5,0,-5,b=1//2,b-5=,b=1//2. b-5=
u,*,//,1,6,7,6,0,u=1*6,u//7=,u=1*6. u//7=
d,*,//,3,1,3,3,1,d=3*1,d//3=,d=3*1. d//3=
x,+,*,3,6,8,9,72,x=3+6,x*8=,x=3+6. x*8=
f,+,+,5,7,9,12,21,f=5+7,f+9=,f=5+7. f+9=
m,-,-,7,8,9,-1,-10,m=7-8,m-9=,m=7-8. m-9=
i,-,-,2,5,5,-3,-8,i=2-5,i-5=,i=2-5. i-5=
k,*,*,9,7,1,63,63,k=9*7,k*1=,k=9*7. k*1=
r,+,//,2,5,4,7,1,r=2+5,r//4=,r=2+5. r//4=
h,+,*,1,4,6,5,30,h=1+4,h*6=,h=1+4. h*6=
f,*,+,9,8,4,72,76,f=9*8,f+4=,f=9*8. f+4=
f,*,-,2,6,1,12,11,f=2*6,f-1=,f=2*6. f-1=
p,-,//,1,1,2,0,0,p=1-1,p//2=,p=1-1. p//2=
s,//,//,1,8,1,0,0,s=1//8,s//1=,s=1//8. s//1=
z,+,-,5,5,4,10,6,z=5+5,z-4=,z=5+5. z-4=
q,*,*,6,3,4,18,72,q=6*3,q*4=,q=6*3. q*4=
d,-,//,4,5,2,-1,-1,d=4-5,d//2=,d=4-5. d//2=
j,+,+,6,4,6,10,16,j=6+4,j+6=,j=6+4. j+6=
b,-,*,2,8,4,-6,-24,b=2-8,b*4=,b=2-8. b*4=
c,-,*,6,4,3,2,6,c=6-4,c*3=,c=6-4. c*3=
n,+,//,1,2,5,3,0,n=1+2,n//5=,n=1+2. n//5=
u,//,*,9,8,3,1,3,u=9//8,u*3=,u=9//8. u*3=
b,-,*,6,9,7,-3,-21,b=6-9,b*7=,b=6-9. b*7=
l,*,-,7,7,8,49,41,l=7*7,l-8=,l=7*7. l-8=
r,*,*,5,4,6,20,120,r=5*4,r*6=,r=5*4. r*6=
l,-,-,9,6,2,3,1,l=9-6,l-2=,l=9-6. l-2=
c,*,//,9,1,4,9,2,c=9*1,c//4=,c=9*1. c//4=
r,+,-,2,8,5,10,5,r=2+8,r-5=,r=2+8. r-5=
e,//,*,9,7,8,1,8,e=9//7,e*8=,e=9//7. e*8=
b,//,-,7,1,7,7,0,b=7//1,b-7=,b=7//1. b-7=
r,+,+,2,1,8,3,11,r=2+1,r+8=,r=2+1. r+8=
s,//,//,6,9,3,0,0,s=6//9,s//3=,s=6//9. s//3=
i,*,//,9,7,1,63,63,i=9*7,i//1=,i=9*7. i//1=
n,-,//,4,3,1,1,1,n=4-3,n//1=,n=4-3. n//1=
f,//,-,1,5,1,0,-1,f=1//5,f-1=,f=1//5. f-1=
v,+,//,4,8,1,12,12,v=4+8,v//1=,v=4+8. v//1=
f,*,//,9,8,3,72,24,f=9*8,f//3=,f=9*8. f//3=
n,-,//,8,1,4,7,1,n=8-1,n//4=,n=8-1. n//4=
f,//,*,6,4,6,1,6,f=6//4,f*6=,f=6//4. f*6=
l,-,-,6,5,6,1,-5,l=6-5,l-6=,l=6-5. l-6=
k,+,+,1,4,8,5,13,k=1+4,k+8=,k=1+4. k+8=
q,+,-,3,4,3,7,4,q=3+4,q-3=,q=3+4. q-3=
g,+,-,2,1,1,3,2,g=2+1,g-1=,g=2+1. g-1=
g,*,//,3,8,2,24,12,g=3*8,g//2=,g=3*8. g//2=
c,//,*,4,7,8,0,0,c=4//7,c*8=,c=4//7. c*8=
s,-,+,5,5,5,0,5,s=5-5,s+5=,s=5-5. s+5=
e,-,//,9,4,8,5,0,e=9-4,e//8=,e=9-4. e//8=
e,//,//,2,9,9,0,0,e=2//9,e//9=,e=2//9. e//9=
t,+,-,5,5,5,10,5,t=5+5,t-5=,t=5+5. t-5=
y,//,*,2,4,3,0,0,y=2//4,y*3=,y=2//4. y*3=
y,-,*,4,7,7,-3,-21,y=4-7,y*7=,y=4-7. y*7=
j,*,//,5,4,2,20,10,j=5*4,j//2=,j=5*4. j//2=
b,//,-,8,8,6,1,-5,b=8//8,b-6=,b=8//8. b-6=
b,-,+,8,2,2,6,8,b=8-2,b+2=,b=8-2. b+2=
g,-,//,8,8,7,0,0,g=8-8,g//7=,g=8-8. g//7=
b,-,+,7,6,6,1,7,b=7-6,b+6=,b=7-6. b+6=
k,+,-,5,6,9,11,2,k=5+6,k-9=,k=5+6. k-9=
d,//,//,3,3,6,1,0,d=3//3,d//6=,d=3//3. d//6=
d,//,+,5,6,7,0,7,d=5//6,d+7=,d=5//6. d+7=
f,//,+,3,8,5,0,5,f=3//8,f+5=,f=3//8. f+5=
j,*,-,8,4,1,32,31,j=8*4,j-1=,j=8*4. j-1=
d,-,//,6,7,9,-1,-1,d=6-7,d//9=,d=6-7. d//9=
s,//,+,9,5,5,1,6,s=9//5,s+5=,s=9//5. s+5=
o,*,*,7,3,8,21,168,o=7*3,o*8=,o=7*3. o*8=
k,+,+,9,7,1,16,17,k=9+7,k+1=,k=9+7. k+1=
q,*,//,4,8,3,32,10,q=4*8,q//3=,q=4*8. q//3=
m,//,+,4,3,1,1,2,m=4//3,m+1=,m=4//3. m+1=
s,//,//,3,1,8,3,0,s=3//1,s//8=,s=3//1. s//8=
u,*,+,3,5,6,15,21,u=3*5,u+6=,u=3*5. u+6=
k,+,-,3,2,3,5,2,k=3+2,k-3=,k=3+2. k-3=
q,*,-,3,4,4,12,8,q=3*4,q-4=,q=3*4. q-4=
c,-,*,3,3,8,0,0,c=3-3,c*8=,c=3-3. c*8=
h,//,+,1,2,9,0,9,h=1//2,h+9=,h=1//2. h+9=
t,-,+,2,8,5,-6,-1,t=2-8,t+5=,t=2-8. t+5=
o,+,*,1,2,5,3,15,o=1+2,o*5=,o=1+2. o*5=
r,+,-,4,3,9,7,-2,r=4+3,r-9=,r=4+3. r-9=
e,+,*,9,1,3,10,30,e=9+1,e*3=,e=9+1. e*3=
g,*,+,4,4,4,16,20,g=4*4,g+4=,g=4*4. g+4=
r,*,//,8,6,1,48,48,r=8*6,r//1=,r=8*6. r//1=
b,+,+,2,8,2,10,12,b=2+8,b+2=,b=2+8. b+2=
e,*,//,7,2,9,14,1,e=7*2,e//9=,e=7*2. e//9=
l,-,*,9,9,1,0,0,l=9-9,l*1=,l=9-9. l*1=
f,+,//,1,5,1,6,6,f=1+5,f//1=,f=1+5. f//1=
l,//,*,7,1,5,7,35,l=7//1,l*5=,l=7//1. l*5=
l,+,//,9,5,6,14,2,l=9+5,l//6=,l=9+5. l//6=
u,*,+,4,6,9,24,33,u=4*6,u+9=,u=4*6. u+9=
s,*,//,8,7,5,56,11,s=8*7,s//5=,s=8*7. s//5=
j,+,//,9,5,8,14,1,j=9+5,j//8=,j=9+5. j//8=
d,-,+,2,6,1,-4,-3,d=2-6,d+1=,d=2-6. d+1=
e,//,-,5,8,1,0,-1,e=5//8,e-1=,e=5//8. e-1=
t,-,+,4,9,1,-5,-4,t=4-9,t+1=,t=4-9. t+1=
x,+,//,7,8,9,15,1,x=7+8,x//9=,x=7+8. x//9=
w,-,//,6,1,3,5,1,w=6-1,w//3=,w=6-1. w//3=
l,-,+,7,7,5,0,5,l=7-7,l+5=,l=7-7. l+5=
e,-,-,5,6,4,-1,-5,e=5-6,e-4=,e=5-6. e-4=
g,*,-,9,9,7,81,74,g=9*9,g-7=,g=9*9. g-7=
w,//,-,8,2,1,4,3,w=8//2,w-1=,w=8//2. w-1=
l,*,*,3,7,3,21,63,l=3*7,l*3=,l=3*7. l*3=
w,*,*,5,9,8,45,360,w=5*9,w*8=,w=5*9. w*8=
j,*,+,6,4,7,24,31,j=6*4,j+7=,j=6*4. j+7=
l,-,-,8,2,6,6,0,l=8-2,l-6=,l=8-2. l-6=
n,-,*,6,9,4,-3,-12,n=6-9,n*4=,n=6-9. n*4=
x,//,*,3,1,9,3,27,x=3//1,x*9=,x=3//1. x*9=
f,//,+,4,5,5,0,5,f=4//5,f+5=,f=4//5. f+5=
u,+,*,5,2,1,7,7,u=5+2,u*1=,u=5+2. u*1=
w,-,-,5,6,3,-1,-4,w=5-6,w-3=,w=5-6. w-3=
w,+,+,3,3,5,6,11,w=3+3,w+5=,w=3+3. w+5=
a,*,+,8,3,7,24,31,a=8*3,a+7=,a=8*3. a+7=
b,//,+,3,2,7,1,8,b=3//2,b+7=,b=3//2. b+7=
g,*,-,6,2,4,12,8,g=6*2,g-4=,g=6*2. g-4=
l,-,//,8,1,3,7,2,l=8-1,l//3=,l=8-1. l//3=
l,//,-,8,9,7,0,-7,l=8//9,l-7=,l=8//9. l-7=
o,+,+,4,1,4,5,9,o=4+1,o+4=,o=4+1. o+4=
u,*,+,1,4,9,4,13,u=1*4,u+9=,u=1*4. u+9=
c,-,//,9,2,1,7,7,c=9-2,c//1=,c=9-2. c//1=
q,//,//,7,7,8,1,0,q=7//7,q//8=,q=7//7. q//8=
c,+,+,7,1,4,8,12,c=7+1,c+4=,c=7+1. c+4=
z,-,-,3,6,1,-3,-4,z=3-6,z-1=,z=3-6. z-1=
d,//,+,7,9,3,0,3,d=7//9,d+3=,d=7//9. d+3=
i,-,*,3,6,3,-3,-9,i=3-6,i*3=,i=3-6. i*3=
c,*,+,8,5,7,40,47,c=8*5,c+7=,c=8*5. c+7=
a,//,-,9,1,6,9,3,a=9//1,a-6=,a=9//1. a-6=
p,//,-,1,8,9,0,-9,p=1//8,p-9=,p=1//8. p-9=
k,-,//,9,2,6,7,1,k=9-2,k//6=,k=9-2. k//6=
a,+,*,1,2,4,3,12,a=1+2,a*4=,a=1+2. a*4=
i,*,+,9,7,9,63,72,i=9*7,i+9=,i=9*7. i+9=
v,-,//,5,4,6,1,0,v=5-4,v//6=,v=5-4. v//6=
v,+,//,7,3,1,10,10,v=7+3,v//1=,v=7+3. v//1=
l,-,-,7,4,8,3,-5,l=7-4,l-8=,l=7-4. l-8=
f,//,*,5,5,9,1,9,f=5//5,f*9=,f=5//5. f*9=
i,*,+,5,9,6,45,51,i=5*9,i+6=,i=5*9. i+6=
u,+,+,4,2,9,6,15,u=4+2,u+9=,u=4+2. u+9=
r,-,*,8,3,1,5,5,r=8-3,r*1=,r=8-3. r*1=
x,+,-,8,2,4,10,6,x=8+2,x-4=,x=8+2. x-4=
j,//,//,4,4,4,1,0,j=4//4,j//4=,j=4//4. j//4=
w,//,*,1,1,3,1,3,w=1//1,w*3=,w=1//1. w*3=
q,//,-,4,5,1,0,-1,q=4//5,q-1=,q=4//5. q-1=
m,-,//,1,4,4,-3,-1,m=1-4,m//4=,m=1-4. m//4=
t,//,*,6,6,3,1,3,t=6//6,t*3=,t=6//6. t*3=
n,-,+,2,1,1,1,2,n=2-1,n+1=,n=2-1. n+1=
u,//,//,2,3,8,0,0,u=2//3,u//8=,u=2//3. u//8=
v,*,*,4,7,4,28,112,v=4*7,v*4=,v=4*7. v*4=
d,-,+,4,2,9,2,11,d=4-2,d+9=,d=4-2. d+9=
v,-,//,1,4,2,-3,-2,v=1-4,v//2=,v=1-4. v//2=
b,+,-,3,4,9,7,-2,b=3+4,b-9=,b=3+4. b-9=
t,//,*,3,4,7,0,0,t=3//4,t*7=,t=3//4. t*7=
v,-,*,4,6,4,-2,-8,v=4-6,v*4=,v=4-6. v*4=
c,//,+,8,6,8,1,9,c=8//6,c+8=,c=8//6. c+8=
a,+,+,9,8,2,17,19,a=9+8,a+2=,a=9+8. a+2=
s,-,*,5,7,7,-2,-14,s=5-7,s*7=,s=5-7. s*7=
y,-,-,3,7,5,-4,-9,y=3-7,y-5=,y=3-7. y-5=
t,+,+,9,3,1,12,13,t=9+3,t+1=,t=9+3. t+1=
l,//,-,7,3,9,2,-7,l=7//3,l-9=,l=7//3. l-9=
k,//,+,6,9,6,0,6,k=6//9,k+6=,k=6//9. k+6=
s,+,*,9,1,8,10,80,s=9+1,s*8=,s=9+1. s*8=
v,//,*,5,7,7,0,0,v=5//7,v*7=,v=5//7. v*7=
c,*,-,9,4,7,36,29,c=9*4,c-7=,c=9*4. c-7=
n,-,//,8,9,1,-1,-1,n=8-9,n//1=,n=8-9. n//1=
e,*,-,2,9,2,18,16,e=2*9,e-2=,e=2*9. e-2=
n,//,//,6,4,8,1,0,n=6//4,n//8=,n=6//4. n//8=
g,+,//,9,1,3,10,3,g=9+1,g//3=,g=9+1. g//3=
y,-,//,1,6,6,-5,-1,y=1-6,y//6=,y=1-6. y//6=
j,//,+,7,3,3,2,5,j=7//3,j+3=,j=7//3. j+3=
x,//,//,5,1,8,5,0,x=5//1,x//8=,x=5//1. x//8=
h,*,*,9,3,3,27,81,h=9*3,h*3=,h=9*3. h*3=
j,*,+,5,1,2,5,7,j=5*1,j+2=,j=5*1. j+2=
d,*,+,7,6,7,42,49,d=7*6,d+7=,d=7*6. d+7=
f,//,//,2,6,5,0,0,f=2//6,f//5=,f=2//6. f//5=
l,//,//,1,8,6,0,0,l=1//8,l//6=,l=1//8. l//6=
p,-,+,8,6,2,2,4,p=8-6,p+2=,p=8-6. p+2=
y,*,+,3,5,8,15,23,y=3*5,y+8=,y=3*5. y+8=
z,*,//,8,1,3,8,2,z=8*1,z//3=,z=8*1. z//3=
s,-,//,1,7,6,-6,-1,s=1-7,s//6=,s=1-7. s//6=
t,-,//,3,6,4,-3,-1,t=3-6,t//4=,t=3-6. t//4=
g,+,-,6,5,2,11,9,g=6+5,g-2=,g=6+5. g-2=
z,+,//,8,5,9,13,1,z=8+5,z//9=,z=8+5. z//9=
o,-,-,7,9,5,-2,-7,o=7-9,o-5=,o=7-9. o-5=
q,+,-,1,2,4,3,-1,q=1+2,q-4=,q=1+2. q-4=
p,*,*,2,4,9,8,72,p=2*4,p*9=,p=2*4. p*9=
m,*,-,1,5,1,5,4,m=1*5,m-1=,m=1*5. m-1=
g,//,//,3,4,5,0,0,g=3//4,g//5=,g=3//4. g//5=
q,*,+,3,8,5,24,29,q=3*8,q+5=,q=3*8. q+5=
q,-,//,1,9,6,-8,-2,q=1-9,q//6=,q=1-9. q//6=
x,*,//,8,3,9,24,2,x=8*3,x//9=,x=8*3. x//9=
a,-,+,2,8,8,-6,2,a=2-8,a+8=,a=2-8. a+8=
l,//,-,9,5,4,1,-3,l=9//5,l-4=,l=9//5. l-4=
i,//,+,4,6,8,0,8,i=4//6,i+8=,i=4//6. i+8=
x,+,-,2,9,3,11,8,x=2+9,x-3=,x=2+9. x-3=
b,//,-,6,3,4,2,-2,b=6//3,b-4=,b=6//3. b-4=
j,//,*,1,6,7,0,0,j=1//6,j*7=,j=1//6. j*7=
b,+,-,4,8,7,12,5,b=4+8,b-7=,b=4+8. b-7=
x,*,-,8,3,5,24,19,x=8*3,x-5=,x=8*3. x-5=
v,//,//,1,9,3,0,0,v=1//9,v//3=,v=1//9. v//3=
j,+,*,5,2,7,7,49,j=5+2,j*7=,j=5+2. j*7=
u,//,-,9,4,5,2,-3,u=9//4,u-5=,u=9//4. u-5=
l,-,*,2,6,7,-4,-28,l=2-6,l*7=,l=2-6. l*7=
k,//,+,2,7,5,0,5,k=2//7,k+5=,k=2//7. k+5=
n,*,*,1,7,3,7,21,n=1*7,n*3=,n=1*7. n*3=
e,*,+,4,5,7,20,27,e=4*5,e+7=,e=4*5. e+7=
c,-,*,7,5,2,2,4,c=7-5,c*2=,c=7-5. c*2=
v,-,*,3,7,6,-4,-24,v=3-7,v*6=,v=3-7. v*6=
t,*,*,4,5,7,20,140,t=4*5,t*7=,t=4*5. t*7=
v,-,+,4,2,5,2,7,v=4-2,v+5=,v=4-2. v+5=
o,*,//,1,4,3,4,1,o=1*4,o//3=,o=1*4. o//3=
z,//,+,8,5,6,1,7,z=8//5,z+6=,z=8//5. z+6=
i,+,*,7,2,5,9,45,i=7+2,i*5=,i=7+2. i*5=
u,+,-,8,6,9,14,5,u=8+6,u-9=,u=8+6. u-9=
v,+,//,5,1,1,6,6,v=5+1,v//1=,v=5+1. v//1=
g,+,//,9,3,7,12,1,g=9+3,g//7=,g=9+3. g//7=
m,+,*,3,6,3,9,27,m=3+6,m*3=,m=3+6. m*3=
m,//,+,1,4,5,0,5,m=1//4,m+5=,m=1//4. m+5=
h,*,+,9,2,2,18,20,h=9*2,h+2=,h=9*2. h+2=
q,*,//,3,7,9,21,2,q=3*7,q//9=,q=3*7. q//9=
h,-,*,1,8,7,-7,-49,h=1-8,h*7=,h=1-8. h*7=
d,//,//,2,7,3,0,0,d=2//7,d//3=,d=2//7. d//3=
w,+,*,6,8,1,14,14,w=6+8,w*1=,w=6+8. w*1=
l,-,*,7,3,7,4,28,l=7-3,l*7=,l=7-3. l*7=
d,*,-,2,7,9,14,5,d=2*7,d-9=,d=2*7. d-9=
l,-,+,5,8,9,-3,6,l=5-8,l+9=,l=5-8. l+9=
p,+,-,3,4,1,7,6,p=3+4,p-1=,p=3+4. p-1=
w,//,-,1,4,1,0,-1,w=1//4,w-1=,w=1//4. w-1=
n,//,+,8,5,1,1,2,n=8//5,n+1=,n=8//5. n+1=
y,+,+,9,5,3,14,17,y=9+5,y+3=,y=9+5. y+3=
w,*,+,9,5,2,45,47,w=9*5,w+2=,w=9*5. w+2=
g,//,*,7,6,7,1,7,g=7//6,g*7=,g=7//6. g*7=
g,+,*,4,4,4,8,32,g=4+4,g*4=,g=4+4. g*4=
k,*,+,5,4,1,20,21,k=5*4,k+1=,k=5*4. k+1=
j,+,+,1,6,7,7,14,j=1+6,j+7=,j=1+6. j+7=
r,*,+,5,4,6,20,26,r=5*4,r+6=,r=5*4. r+6=
h,-,+,3,3,5,0,5,h=3-3,h+5=,h=3-3. h+5=
o,+,//,4,1,8,5,0,o=4+1,o//8=,o=4+1. o//8=
c,//,-,7,8,2,0,-2,c=7//8,c-2=,c=7//8. c-2=
w,//,//,3,6,3,0,0,w=3//6,w//3=,w=3//6. w//3=
c,+,*,5,3,3,8,24,c=5+3,c*3=,c=5+3. c*3=
m,+,+,4,6,8,10,18,m=4+6,m+8=,m=4+6. m+8=
e,//,+,2,8,7,0,7,e=2//8,e+7=,e=2//8. e+7=
t,*,//,8,2,8,16,2,t=8*2,t//8=,t=8*2. t//8=
a,//,//,9,1,1,9,9,a=9//1,a//1=,a=9//1. a//1=
c,*,//,3,9,8,27,3,c=3*9,c//8=,c=3*9. c//8=
u,*,+,1,7,3,7,10,u=1*7,u+3=,u=1*7. u+3=
w,*,+,3,7,7,21,28,w=3*7,w+7=,w=3*7. w+7=
r,-,-,9,2,4,7,3,r=9-2,r-4=,r=9-2. r-4=
j,+,//,6,8,4,14,3,j=6+8,j//4=,j=6+8. j//4=
w,//,+,9,1,9,9,18,w=9//1,w+9=,w=9//1. w+9=
j,-,+,6,4,7,2,9,j=6-4,j+7=,j=6-4. j+7=
q,-,-,8,9,5,-1,-6,q=8-9,q-5=,q=8-9. q-5=
i,+,*,2,6,1,8,8,i=2+6,i*1=,i=2+6. i*1=
x,//,//,4,2,3,2,0,x=4//2,x//3=,x=4//2. x//3=
k,+,*,4,3,6,7,42,k=4+3,k*6=,k=4+3. k*6=
w,-,*,4,6,6,-2,-12,w=4-6,w*6=,w=4-6. w*6=
i,-,-,1,5,4,-4,-8,i=1-5,i-4=,i=1-5. i-4=
a,+,*,6,3,6,9,54,a=6+3,a*6=,a=6+3. a*6=
z,*,//,6,2,1,12,12,z=6*2,z//1=,z=6*2. z//1=
w,//,-,2,7,4,0,-4,w=2//7,w-4=,w=2//7. w-4=
n,//,*,1,2,7,0,0,n=1//2,n*7=,n=1//2. n*7=
k,//,-,5,5,5,1,-4,k=5//5,k-5=,k=5//5. k-5=
j,+,//,5,4,6,9,1,j=5+4,j//6=,j=5+4. j//6=
w,-,*,5,3,2,2,4,w=5-3,w*2=,w=5-3. w*2=
v,*,-,3,1,5,3,-2,v=3*1,v-5=,v=3*1. v-5=
a,-,-,7,2,6,5,-1,a=7-2,a-6=,a=7-2. a-6=
l,+,//,4,6,3,10,3,l=4+6,l//3=,l=4+6. l//3=
m,-,-,5,6,8,-1,-9,m=5-6,m-8=,m=5-6. m-8=
y,-,+,2,8,2,-6,-4,y=2-8,y+2=,y=2-8. y+2=
e,*,*,6,5,2,30,60,e=6*5,e*2=,e=6*5. e*2=
g,+,-,2,6,2,8,6,g=2+6,g-2=,g=2+6. g-2=
u,//,+,9,5,6,1,7,u=9//5,u+6=,u=9//5. u+6=
x,+,-,1,1,7,2,-5,x=1+1,x-7=,x=1+1. x-7=
l,-,*,2,8,6,-6,-36,l=2-8,l*6=,l=2-8. l*6=
m,//,-,9,8,9,1,-8,m=9//8,m-9=,m=9//8. m-9=
x,+,-,8,6,8,14,6,x=8+6,x-8=,x=8+6. x-8=
r,-,*,1,7,7,-6,-42,r=1-7,r*7=,r=1-7. r*7=
w,+,*,4,2,6,6,36,w=4+2,w*6=,w=4+2. w*6=
h,+,+,8,7,9,15,24,h=8+7,h+9=,h=8+7. h+9=
b,*,//,8,3,3,24,8,b=8*3,b//3=,b=8*3. b//3=
y,*,*,9,7,5,63,315,y=9*7,y*5=,y=9*7. y*5=
x,-,-,6,2,9,4,-5,x=6-2,x-9=,x=6-2. x-9=
f,//,-,1,3,9,0,-9,f=1//3,f-9=,f=1//3. f-9=
a,*,-,8,8,2,64,62,a=8*8,a-2=,a=8*8. a-2=
j,*,*,4,2,2,8,16,j=4*2,j*2=,j=4*2. j*2=
d,//,*,6,4,8,1,8,d=6//4,d*8=,d=6//4. d*8=
y,+,-,3,5,9,8,-1,y=3+5,y-9=,y=3+5. y-9=
f,+,-,9,9,5,18,13,f=9+9,f-5=,f=9+9. f-5=
o,*,*,9,4,2,36,72,o=9*4,o*2=,o=9*4. o*2=
z,//,*,2,4,8,0,0,z=2//4,z*8=,z=2//4. z*8=
n,//,//,2,8,1,0,0,n=2//8,n//1=,n=2//8. n//1=
z,//,*,5,5,9,1,9,z=5//5,z*9=,z=5//5. z*9=
z,*,-,1,6,5,6,1,z=1*6,z-5=,z=1*6. z-5=
v,+,-,2,2,7,4,-3,v=2+2,v-7=,v=2+2. v-7=
f,+,-,4,1,9,5,-4,f=4+1,f-9=,f=4+1. f-9=
x,*,+,7,1,2,7,9,x=7*1,x+2=,x=7*1. x+2=
s,+,//,8,7,7,15,2,s=8+7,s//7=,s=8+7. s//7=
m,*,*,1,2,1,2,2,m=1*2,m*1=,m=1*2. m*1=
k,-,*,5,4,4,1,4,k=5-4,k*4=,k=5-4. k*4=
d,//,*,3,3,3,1,3,d=3//3,d*3=,d=3//3. d*3=
k,-,*,4,3,4,1,4,k=4-3,k*4=,k=4-3. k*4=
s,+,-,5,3,8,8,0,s=5+3,s-8=,s=5+3. s-8=
n,//,*,2,8,6,0,0,n=2//8,n*6=,n=2//8. n*6=
a,-,+,4,2,3,2,5,a=4-2,a+3=,a=4-2. a+3=
m,//,-,4,2,9,2,-7,m=4//2,m-9=,m=4//2. m-9=
h,*,*,1,1,8,1,8,h=1*1,h*8=,h=1*1. h*8=
k,*,-,2,3,3,6,3,k=2*3,k-3=,k=2*3. k-3=
r,*,+,5,8,1,40,41,r=5*8,r+1=,r=5*8. r+1=
w,//,*,7,3,8,2,16,w=7//3,w*8=,w=7//3. w*8=
p,-,-,2,8,8,-6,-14,p=2-8,p-8=,p=2-8. p-8=
w,+,*,5,9,4,14,56,w=5+9,w*4=,w=5+9. w*4=
g,//,-,9,3,8,3,-5,g=9//3,g-8=,g=9//3. g-8=
o,+,//,1,9,6,10,1,o=1+9,o//6=,o=1+9. o//6=
e,//,*,5,4,4,1,4,e=5//4,e*4=,e=5//4. e*4=
m,//,-,2,1,9,2,-7,m=2//1,m-9=,m=2//1. m-9=
q,//,-,9,4,3,2,-1,q=9//4,q-3=,q=9//4. q-3=
m,*,+,1,5,9,5,14,m=1*5,m+9=,m=1*5. m+9=
z,*,//,6,5,8,30,3,z=6*5,z//8=,z=6*5. z//8=
r,//,-,7,1,8,7,-1,r=7//1,r-8=,r=7//1. r-8=
y,+,+,3,9,8,12,20,y=3+9,y+8=,y=3+9. y+8=
h,*,//,5,2,1,10,10,h=5*2,h//1=,h=5*2. h//1=
h,+,*,6,1,6,7,42,h=6+1,h*6=,h=6+1. h*6=
q,+,+,7,3,8,10,18,q=7+3,q+8=,q=7+3. q+8=
l,//,+,9,6,4,1,5,l=9//6,l+4=,l=9//6. l+4=
y,*,*,4,7,5,28,140,y=4*7,y*5=,y=4*7. y*5=
h,-,-,1,8,4,-7,-11,h=1-8,h-4=,h=1-8. h-4=
i,+,+,2,8,6,10,16,i=2+8,i+6=,i=2+8. i+6=
v,+,+,6,2,4,8,12,v=6+2,v+4=,v=6+2. v+4=
w,+,-,9,4,1,13,12,w=9+4,w-1=,w=9+4. w-1=
g,-,//,2,4,6,-2,-1,g=2-4,g//6=,g=2-4. g//6=
q,*,*,1,5,8,5,40,q=1*5,q*8=,q=1*5. q*8=
v,//,+,8,1,2,8,10,v=8//1,v+2=,v=8//1. v+2=
f,//,//,2,1,5,2,0,f=2//1,f//5=,f=2//1. f//5=
m,-,//,8,4,7,4,0,m=8-4,m//7=,m=8-4. m//7=
f,*,+,6,8,8,48,56,f=6*8,f+8=,f=6*8. f+8=
u,//,-,4,5,1,0,-1,u=4//5,u-1=,u=4//5. u-1=
u,+,-,7,7,4,14,10,u=7+7,u-4=,u=7+7. u-4=
j,*,+,8,2,8,16,24,j=8*2,j+8=,j=8*2. j+8=
u,-,*,6,8,9,-2,-18,u=6-8,u*9=,u=6-8. u*9=
c,//,+,8,8,9,1,10,c=8//8,c+9=,c=8//8. c+9=
u,//,+,4,8,2,0,2,u=4//8,u+2=,u=4//8. u+2=
t,+,*,4,3,2,7,14,t=4+3,t*2=,t=4+3. t*2=
t,-,//,8,6,1,2,2,t=8-6,t//1=,t=8-6. t//1=
k,//,+,8,9,2,0,2,k=8//9,k+2=,k=8//9. k+2=
a,*,*,4,8,7,32,224,a=4*8,a*7=,a=4*8. a*7=
t,//,-,1,5,9,0,-9,t=1//5,t-9=,t=1//5. t-9=
m,//,//,4,3,5,1,0,m=4//3,m//5=,m=4//3. m//5=
a,+,*,7,3,6,10,60,a=7+3,a*6=,a=7+3. a*6=
n,//,*,5,3,2,1,2,n=5//3,n*2=,n=5//3. n*2=
l,*,*,5,7,1,35,35,l=5*7,l*1=,l=5*7. l*1=
y,+,//,2,2,1,4,4,y=2+2,y//1=,y=2+2. y//1=
q,-,+,3,7,9,-4,5,q=3-7,q+9=,q=3-7. q+9=
o,//,+,6,5,2,1,3,o=6//5,o+2=,o=6//5. o+2=
n,+,+,3,3,3,6,9,n=3+3,n+3=,n=3+3. n+3=
q,//,+,9,7,5,1,6,q=9//7,q+5=,q=9//7. q+5=
d,+,-,5,7,2,12,10,d=5+7,d-2=,d=5+7. d-2=
y,-,*,9,8,5,1,5,y=9-8,y*5=,y=9-8. y*5=
q,-,+,6,2,4,4,8,q=6-2,q+4=,q=6-2. q+4=
i,*,//,6,7,7,42,6,i=6*7,i//7=,i=6*7. i//7=
d,+,*,1,8,4,9,36,d=1+8,d*4=,d=1+8. d*4=
t,*,//,6,4,4,24,6,t=6*4,t//4=,t=6*4. t//4=
m,+,*,3,3,2,6,12,m=3+3,m*2=,m=3+3. m*2=
s,*,-,7,9,3,63,60,s=7*9,s-3=,s=7*9. s-3=
h,+,-,9,8,9,17,8,h=9+8,h-9=,h=9+8. h-9=
p,-,+,8,6,9,2,11,p=8-6,p+9=,p=8-6. p+9=
b,+,*,2,7,5,9,45,b=2+7,b*5=,b=2+7. b*5=
m,-,*,4,2,9,2,18,m=4-2,m*9=,m=4-2. m*9=
e,-,-,3,5,2,-2,-4,e=3-5,e-2=,e=3-5. e-2=
a,*,*,9,7,1,63,63,a=9*7,a*1=,a=9*7. a*1=
w,+,-,9,8,9,17,8,w=9+8,w-9=,w=9+8. w-9=
l,-,*,9,1,2,8,16,l=9-1,l*2=,l=9-1. l*2=
x,//,-,8,3,6,2,-4,x=8//3,x-6=,x=8//3. x-6=
i,-,//,8,4,4,4,1,i=8-4,i//4=,i=8-4. i//4=
b,//,+,7,4,7,1,8,b=7//4,b+7=,b=7//4. b+7=
u,+,+,9,7,2,16,18,u=9+7,u+2=,u=9+7. u+2=
y,//,*,7,6,8,1,8,y=7//6,y*8=,y=7//6. y*8=
d,+,-,5,8,3,13,10,d=5+8,d-3=,d=5+8. d-3=
p,-,//,3,4,4,-1,-1,p=3-4,p//4=,p=3-4. p//4=
m,*,-,7,3,3,21,18,m=7*3,m-3=,m=7*3. m-3=
c,+,-,6,4,1,10,9,c=6+4,c-1=,c=6+4. c-1=
k,+,//,4,4,1,8,8,k=4+4,k//1=,k=4+4. k//1=
y,*,-,4,6,2,24,22,y=4*6,y-2=,y=4*6. y-2=
k,//,+,8,3,1,2,3,k=8//3,k+1=,k=8//3. k+1=
d,+,+,8,2,2,10,12,d=8+2,d+2=,d=8+2. d+2=
w,+,+,1,2,4,3,7,w=1+2,w+4=,w=1+2. w+4=
g,+,-,9,4,8,13,5,g=9+4,g-8=,g=9+4. g-8=
k,//,*,9,4,2,2,4,k=9//4,k*2=,k=9//4. k*2=
i,+,+,2,2,3,4,7,i=2+2,i+3=,i=2+2. i+3=
c,-,//,4,6,2,-2,-1,c=4-6,c//2=,c=4-6. c//2=
z,-,-,1,3,8,-2,-10,z=1-3,z-8=,z=1-3. z-8=
l,*,*,9,3,6,27,162,l=9*3,l*6=,l=9*3. l*6=
v,-,*,1,5,2,-4,-8,v=1-5,v*2=,v=1-5. v*2=
k,//,*,1,1,1,1,1,k=1//1,k*1=,k=1//1. k*1=
a,-,*,8,4,8,4,32,a=8-4,a*8=,a=8-4. a*8=
b,+,//,6,7,9,13,1,b=6+7,b//9=,b=6+7. b//9=
a,-,-,7,6,7,1,-6,a=7-6,a-7=,a=7-6. a-7=
a,*,//,9,8,2,72,36,a=9*8,a//2=,a=9*8. a//2=
b,*,-,4,3,1,12,11,b=4*3,b-1=,b=4*3. b-1=
m,*,*,4,1,3,4,12,m=4*1,m*3=,m=4*1. m*3=
k,*,-,4,4,6,16,10,k=4*4,k-6=,k=4*4. k-6=
b,-,*,8,5,3,3,9,b=8-5,b*3=,b=8-5. b*3=
t,+,+,9,6,4,15,19,t=9+6,t+4=,t=9+6. t+4=
u,-,*,5,3,1,2,2,u=5-3,u*1=,u=5-3. u*1=
e,*,*,9,2,4,18,72,e=9*2,e*4=,e=9*2. e*4=
n,*,-,5,8,5,40,35,n=5*8,n-5=,n=5*8. n-5=
e,-,*,6,3,2,3,6,e=6-3,e*2=,e=6-3. e*2=
o,*,-,5,6,1,30,29,o=5*6,o-1=,o=5*6. o-1=
p,*,-,6,9,8,54,46,p=6*9,p-8=,p=6*9. p-8=
y,+,-,5,7,3,12,9,y=5+7,y-3=,y=5+7. y-3=
g,*,+,9,6,3,54,57,g=9*6,g+3=,g=9*6. g+3=
j,-,*,5,3,3,2,6,j=5-3,j*3=,j=5-3. j*3=
x,+,//,2,8,4,10,2,x=2+8,x//4=,x=2+8. x//4=
m,*,//,9,6,8,54,6,m=9*6,m//8=,m=9*6. m//8=
q,-,-,3,7,9,-4,-13,q=3-7,q-9=,q=3-7. q-9=
h,*,+,3,1,6,3,9,h=3*1,h+6=,h=3*1. h+6=
m,+,+,8,3,2,11,13,m=8+3,m+2=,m=8+3. m+2=
x,+,//,1,7,7,8,1,x=1+7,x//7=,x=1+7. x//7=
s,*,//,9,9,8,81,10,s=9*9,s//8=,s=9*9. s//8=
b,//,*,6,5,5,1,5,b=6//5,b*5=,b=6//5. b*5=
a,//,-,4,5,1,0,-1,a=4//5,a-1=,a=4//5. a-1=
m,*,*,4,2,7,8,56,m=4*2,m*7=,m=4*2. m*7=
w,//,+,4,2,3,2,5,w=4//2,w+3=,w=4//2. w+3=
v,//,-,1,2,6,0,-6,v=1//2,v-6=,v=1//2. v-6=
d,//,//,8,9,9,0,0,d=8//9,d//9=,d=8//9. d//9=
k,-,*,1,1,4,0,0,k=1-1,k*4=,k=1-1. k*4=
l,+,//,8,1,6,9,1,l=8+1,l//6=,l=8+1. l//6=
b,-,*,5,9,9,-4,-36,b=5-9,b*9=,b=5-9. b*9=
o,-,*,3,4,8,-1,-8,o=3-4,o*8=,o=3-4. o*8=
g,*,-,1,7,5,7,2,g=1*7,g-5=,g=1*7. g-5=
n,-,//,4,3,8,1,0,n=4-3,n//8=,n=4-3. n//8=
a,*,//,4,3,5,12,2,a=4*3,a//5=,a=4*3. a//5=
h,-,//,7,9,1,-2,-2,h=7-9,h//1=,h=7-9. h//1=
c,+,-,7,4,4,11,7,c=7+4,c-4=,c=7+4. c-4=
z,//,*,8,5,4,1,4,z=8//5,z*4=,z=8//5. z*4=
m,*,//,7,7,8,49,6,m=7*7,m//8=,m=7*7. m//8=
r,//,//,6,1,2,6,3,r=6//1,r//2=,r=6//1. r//2=
b,-,//,3,7,4,-4,-1,b=3-7,b//4=,b=3-7. b//4=
e,//,//,6,1,5,6,1,e=6//1,e//5=,e=6//1. e//5=
y,-,*,7,3,4,4,16,y=7-3,y*4=,y=7-3. y*4=
k,//,*,6,2,9,3,27,k=6//2,k*9=,k=6//2. k*9=
a,//,//,4,5,8,0,0,a=4//5,a//8=,a=4//5. a//8=
z,+,-,6,8,4,14,10,z=6+8,z-4=,z=6+8. z-4=
u,*,+,7,6,3,42,45,u=7*6,u+3=,u=7*6. u+3=
e,//,+,3,4,8,0,8,e=3//4,e+8=,e=3//4. e+8=
w,+,*,5,7,4,12,48,w=5+7,w*4=,w=5+7. w*4=
o,*,-,7,3,1,21,20,o=7*3,o-1=,o=7*3. o-1=
k,//,//,6,3,6,2,0,k=6//3,k//6=,k=6//3. k//6=
q,//,*,4,5,6,0,0,q=4//5,q*6=,q=4//5. q*6=
t,*,+,6,2,6,12,18,t=6*2,t+6=,t=6*2. t+6=
z,*,-,9,1,8,9,1,z=9*1,z-8=,z=9*1. z-8=
i,//,-,8,6,9,1,-8,i=8//6,i-9=,i=8//6. i-9=
n,//,*,9,1,7,9,63,n=9//1,n*7=,n=9//1. n*7=
c,-,//,3,1,9,2,0,c=3-1,c//9=,c=3-1. c//9=
m,-,//,6,9,4,-3,-1,m=6-9,m//4=,m=6-9. m//4=
m,-,*,8,1,8,7,56,m=8-1,m*8=,m=8-1. m*8=
r,+,+,2,1,3,3,6,r=2+1,r+3=,r=2+1. r+3=
w,-,//,3,7,5,-4,-1,w=3-7,w//5=,w=3-7. w//5=
d,*,*,5,8,4,40,160,d=5*8,d*4=,d=5*8. d*4=
w,-,-,9,4,4,5,1,w=9-4,w-4=,w=9-4. w-4=
s,*,*,4,8,2,32,64,s=4*8,s*2=,s=4*8. s*2=
e,//,*,2,2,8,1,8,e=2//2,e*8=,e=2//2. e*8=
b,-,-,1,2,2,-1,-3,b=1-2,b-2=,b=1-2. b-2=
y,-,*,3,7,9,-4,-36,y=3-7,y*9=,y=3-7. y*9=
r,+,+,2,5,3,7,10,r=2+5,r+3=,r=2+5. r+3=
h,+,//,5,6,7,11,1,h=5+6,h//7=,h=5+6. h//7=
z,-,+,1,2,4,-1,3,z=1-2,z+4=,z=1-2. z+4=
g,*,//,8,8,2,64,32,g=8*8,g//2=,g=8*8. g//2=
t,//,//,1,8,1,0,0,t=1//8,t//1=,t=1//8. t//1=
u,+,-,6,6,3,12,9,u=6+6,u-3=,u=6+6. u-3=
j,//,-,8,8,2,1,-1,j=8//8,j-2=,j=8//8. j-2=
w,-,//,2,2,1,0,0,w=2-2,w//1=,w=2-2. w//1=
z,*,+,1,2,2,2,4,z=1*2,z+2=,z=1*2. z+2=
p,-,*,6,6,5,0,0,p=6-6,p*5=,p=6-6. p*5=
i,//,+,4,9,1,0,1,i=4//9,i+1=,i=4//9. i+1=
w,-,+,4,1,7,3,10,w=4-1,w+7=,w=4-1. w+7=
c,//,-,3,6,1,0,-1,c=3//6,c-1=,c=3//6. c-1=
c,*,*,9,5,7,45,315,c=9*5,c*7=,c=9*5. c*7=
z,-,+,3,9,8,-6,2,z=3-9,z+8=,z=3-9. z+8=
z,-,//,3,9,7,-6,-1,z=3-9,z//7=,z=3-9. z//7=
n,//,*,9,3,7,3,21,n=9//3,n*7=,n=9//3. n*7=
k,-,-,9,4,1,5,4,k=9-4,k-1=,k=9-4. k-1=
z,*,//,3,3,3,9,3,z=3*3,z//3=,z=3*3. z//3=
p,+,+,8,2,7,10,17,p=8+2,p+7=,p=8+2. p+7=
z,+,+,8,6,8,14,22,z=8+6,z+8=,z=8+6. z+8=
n,//,+,7,3,9,2,11,n=7//3,n+9=,n=7//3. n+9=
c,+,+,5,8,6,13,19,c=5+8,c+6=,c=5+8. c+6=
b,+,-,8,6,5,14,9,b=8+6,b-5=,b=8+6. b-5=
r,-,//,9,2,1,7,7,r=9-2,r//1=,r=9-2. r//1=
u,-,//,1,7,9,-6,-1,u=1-7,u//9=,u=1-7. u//9=
h,*,+,3,4,5,12,17,h=3*4,h+5=,h=3*4. h+5=
z,+,*,2,6,8,8,64,z=2+6,z*8=,z=2+6. z*8=
u,*,//,3,9,6,27,4,u=3*9,u//6=,u=3*9. u//6=
w,-,*,9,5,2,4,8,w=9-5,w*2=,w=9-5. w*2=
g,//,+,7,6,8,1,9,g=7//6,g+8=,g=7//6. g+8=
q,-,*,9,5,6,4,24,q=9-5,q*6=,q=9-5. q*6=
i,*,-,8,8,7,64,57,i=8*8,i-7=,i=8*8. i-7=
p,*,//,1,6,5,6,1,p=1*6,p//5=,p=1*6. p//5=
b,-,*,2,1,4,1,4,b=2-1,b*4=,b=2-1. b*4=
j,+,+,6,9,8,15,23,j=6+9,j+8=,j=6+9. j+8=
x,*,-,8,2,5,16,11,x=8*2,x-5=,x=8*2. x-5=
b,-,+,2,3,8,-1,7,b=2-3,b+8=,b=2-3. b+8=
z,*,+,1,2,7,2,9,z=1*2,z+7=,z=1*2. z+7=
t,*,-,9,1,9,9,0,t=9*1,t-9=,t=9*1. t-9=
u,+,-,5,1,2,6,4,u=5+1,u-2=,u=5+1. u-2=
s,-,-,6,6,8,0,-8,s=6-6,s-8=,s=6-6. s-8=
r,//,+,5,1,2,5,7,r=5//1,r+2=,r=5//1. r+2=
p,*,-,6,9,4,54,50,p=6*9,p-4=,p=6*9. p-4=
i,*,//,3,1,1,3,3,i=3*1,i//1=,i=3*1. i//1=
s,-,-,1,8,8,-7,-15,s=1-8,s-8=,s=1-8. s-8=
x,*,//,2,8,1,16,16,x=2*8,x//1=,x=2*8. x//1=
j,-,//,9,1,2,8,4,j=9-1,j//2=,j=9-1. j//2=
d,*,-,9,6,4,54,50,d=9*6,d-4=,d=9*6. d-4=
j,-,*,1,8,7,-7,-49,j=1-8,j*7=,j=1-8. j*7=
s,-,//,5,4,5,1,0,s=5-4,s//5=,s=5-4. s//5=
v,//,-,9,2,9,4,-5,v=9//2,v-9=,v=9//2. v-9=
v,+,-,3,2,5,5,0,v=3+2,v-5=,v=3+2. v-5=
v,//,//,3,6,1,0,0,v=3//6,v//1=,v=3//6. v//1=
q,//,*,9,5,2,1,2,q=9//5,q*2=,q=9//5. q*2=
p,-,-,6,1,1,5,4,p=6-1,p-1=,p=6-1. p-1=
d,//,*,7,5,9,1,9,d=7//5,d*9=,d=7//5. d*9=
w,-,+,9,9,6,0,6,w=9-9,w+6=,w=9-9. w+6=
x,+,*,3,3,9,6,54,x=3+3,x*9=,x=3+3. x*9=
h,*,+,2,9,7,18,25,h=2*9,h+7=,h=2*9. h+7=
s,-,+,7,1,4,6,10,s=7-1,s+4=,s=7-1. s+4=
a,//,//,9,8,4,1,0,a=9//8,a//4=,a=9//8. a//4=
n,//,+,1,3,5,0,5,n=1//3,n+5=,n=1//3. n+5=
d,//,*,1,1,1,1,1,d=1//1,d*1=,d=1//1. d*1=
d,//,//,5,2,7,2,0,d=5//2,d//7=,d=5//2. d//7=
v,+,-,2,6,7,8,1,v=2+6,v-7=,v=2+6. v-7=
w,+,-,5,2,2,7,5,w=5+2,w-2=,w=5+2. w-2=
l,-,//,1,4,1,-3,-3,l=1-4,l//1=,l=1-4. l//1=
f,//,+,5,9,1,0,1,f=5//9,f+1=,f=5//9. f+1=
n,+,+,7,5,2,12,14,n=7+5,n+2=,n=7+5. n+2=
r,-,//,4,9,5,-5,-1,r=4-9,r//5=,r=4-9. r//5=
y,*,//,5,3,3,15,5,y=5*3,y//3=,y=5*3. y//3=
p,+,+,2,4,1,6,7,p=2+4,p+1=,p=2+4. p+1=
y,+,*,1,5,3,6,18,y=1+5,y*3=,y=1+5. y*3=
z,+,-,9,8,1,17,16,z=9+8,z-1=,z=9+8. z-1=
y,//,-,2,8,2,0,-2,y=2//8,y-2=,y=2//8. y-2=
t,*,+,5,5,6,25,31,t=5*5,t+6=,t=5*5. t+6=
t,-,+,3,5,5,-2,3,t=3-5,t+5=,t=3-5. t+5=
f,-,-,3,4,3,-1,-4,f=3-4,f-3=,f=3-4. f-3=
t,-,-,6,8,7,-2,-9,t=6-8,t-7=,t=6-8. t-7=
b,+,//,2,1,8,3,0,b=2+1,b//8=,b=2+1. b//8=
n,*,+,1,5,6,5,11,n=1*5,n+6=,n=1*5. n+6=
o,-,//,1,7,1,-6,-6,o=1-7,o//1=,o=1-7. o//1=
r,*,*,4,6,3,24,72,r=4*6,r*3=,r=4*6. r*3=
a,+,+,8,4,3,12,15,a=8+4,a+3=,a=8+4. a+3=
p,*,*,4,7,2,28,56,p=4*7,p*2=,p=4*7. p*2=
f,//,*,3,1,3,3,9,f=3//1,f*3=,f=3//1. f*3=
v,//,+,8,4,8,2,10,v=8//4,v+8=,v=8//4. v+8=
t,-,*,6,8,5,-2,-10,t=6-8,t*5=,t=6-8. t*5=
g,+,-,6,2,3,8,5,g=6+2,g-3=,g=6+2. g-3=
r,-,//,2,2,7,0,0,r=2-2,r//7=,r=2-2. r//7=
v,+,//,5,6,6,11,1,v=5+6,v//6=,v=5+6. v//6=
f,+,+,1,7,9,8,17,f=1+7,f+9=,f=1+7. f+9=
q,//,-,7,8,4,0,-4,q=7//8,q-4=,q=7//8. q-4=
h,-,//,3,3,5,0,0,h=3-3,h//5=,h=3-3. h//5=
u,+,+,9,3,4,12,16,u=9+3,u+4=,u=9+3. u+4=
y,*,-,7,9,9,63,54,y=7*9,y-9=,y=7*9. y-9=
s,-,-,9,3,1,6,5,s=9-3,s-1=,s=9-3. s-1=
q,*,+,8,5,9,40,49,q=8*5,q+9=,q=8*5. q+9=
i,//,//,3,5,1,0,0,i=3//5,i//1=,i=3//5. i//1=
d,-,-,8,7,7,1,-6,d=8-7,d-7=,d=8-7. d-7=
i,*,//,8,8,7,64,9,i=8*8,i//7=,i=8*8. i//7=
i,//,-,7,5,4,1,-3,i=7//5,i-4=,i=7//5. i-4=
f,*,*,2,1,6,2,12,f=2*1,f*6=,f=2*1. f*6=
y,//,*,5,9,8,0,0,y=5//9,y*8=,y=5//9. y*8=
n,*,+,6,5,1,30,31,n=6*5,n+1=,n=6*5. n+1=
z,//,*,9,7,1,1,1,z=9//7,z*1=,z=9//7. z*1=
t,+,*,1,2,3,3,9,t=1+2,t*3=,t=1+2. t*3=
c,//,//,3,5,1,0,0,c=3//5,c//1=,c=3//5. c//1=
d,//,//,7,2,6,3,0,d=7//2,d//6=,d=7//2. d//6=
w,*,//,8,7,2,56,28,w=8*7,w//2=,w=8*7. w//2=
s,-,*,7,5,8,2,16,s=7-5,s*8=,s=7-5. s*8=
j,-,+,5,2,5,3,8,j=5-2,j+5=,j=5-2. j+5=
q,*,//,7,7,6,49,8,q=7*7,q//6=,q=7*7. q//6=
c,*,*,1,7,1,7,7,c=1*7,c*1=,c=1*7. c*1=
h,*,*,8,7,8,56,448,h=8*7,h*8=,h=8*7. h*8=
l,-,//,2,7,9,-5,-1,l=2-7,l//9=,l=2-7. l//9=
c,*,//,2,2,3,4,1,c=2*2,c//3=,c=2*2. c//3=
k,-,*,6,6,4,0,0,k=6-6,k*4=,k=6-6. k*4=
p,+,-,4,1,3,5,2,p=4+1,p-3=,p=4+1. p-3=
r,*,-,4,1,1,4,3,r=4*1,r-1=,r=4*1. r-1=
r,+,-,3,7,6,10,4,r=3+7,r-6=,r=3+7. r-6=
b,//,//,4,9,8,0,0,b=4//9,b//8=,b=4//9. b//8=
b,-,-,9,6,3,3,0,b=9-6,b-3=,b=9-6. b-3=
o,+,+,2,4,9,6,15,o=2+4,o+9=,o=2+4. o+9=
a,//,*,9,9,8,1,8,a=9//9,a*8=,a=9//9. a*8=
r,//,-,1,9,1,0,-1,r=1//9,r-1=,r=1//9. r-1=
q,//,//,3,3,8,1,0,q=3//3,q//8=,q=3//3. q//8=
k,+,//,1,2,9,3,0,k=1+2,k//9=,k=1+2. k//9=
t,*,-,9,8,2,72,70,t=9*8,t-2=,t=9*8. t-2=
u,*,-,3,9,6,27,21,u=3*9,u-6=,u=3*9. u-6=
m,*,-,1,7,9,7,-2,m=1*7,m-9=,m=1*7. m-9=
w,//,+,7,2,7,3,10,w=7//2,w+7=,w=7//2. w+7=
u,+,-,3,4,1,7,6,u=3+4,u-1=,u=3+4. u-1=
z,+,*,6,5,7,11,77,z=6+5,z*7=,z=6+5. z*7=
y,+,//,3,9,8,12,1,y=3+9,y//8=,y=3+9. y//8=
t,-,+,3,7,4,-4,0,t=3-7,t+4=,t=3-7. t+4=
m,+,-,9,9,1,18,17,m=9+9,m-1=,m=9+9. m-1=
f,-,*,3,5,8,-2,-16,f=3-5,f*8=,f=3-5. f*8=
s,+,-,9,6,6,15,9,s=9+6,s-6=,s=9+6. s-6=
o,-,+,1,2,4,-1,3,o=1-2,o+4=,o=1-2. o+4=
z,-,-,4,8,4,-4,-8,z=4-8,z-4=,z=4-8. z-4=
x,//,*,5,4,7,1,7,x=5//4,x*7=,x=5//4. x*7=
f,+,*,1,3,9,4,36,f=1+3,f*9=,f=1+3. f*9=
y,-,//,8,5,8,3,0,y=8-5,y//8=,y=8-5. y//8=
w,//,-,7,2,1,3,2,w=7//2,w-1=,w=7//2. w-1=
i,//,//,8,7,2,1,0,i=8//7,i//2=,i=8//7. i//2=
d,+,+,7,8,8,15,23,d=7+8,d+8=,d=7+8. d+8=
n,//,-,1,3,3,0,-3,n=1//3,n-3=,n=1//3. n-3=
l,*,*,6,8,8,48,384,l=6*8,l*8=,l=6*8. l*8=
h,+,-,6,1,4,7,3,h=6+1,h-4=,h=6+1. h-4=
e,//,*,8,3,6,2,12,e=8//3,e*6=,e=8//3. e*6=
f,*,+,7,8,9,56,65,f=7*8,f+9=,f=7*8. f+9=
z,+,*,2,8,7,10,70,z=2+8,z*7=,z=2+8. z*7=
r,-,-,8,9,1,-1,-2,r=8-9,r-1=,r=8-9. r-1=
o,+,*,4,1,4,5,20,o=4+1,o*4=,o=4+1. o*4=
x,//,-,6,7,9,0,-9,x=6//7,x-9=,x=6//7. x-9=
o,-,+,6,5,1,1,2,o=6-5,o+1=,o=6-5. o+1=
b,*,//,6,2,3,12,4,b=6*2,b//3=,b=6*2. b//3=
f,*,*,6,9,8,54,432,f=6*9,f*8=,f=6*9. f*8=
i,-,//,4,4,4,0,0,i=4-4,i//4=,i=4-4. i//4=
e,//,//,7,5,9,1,0,e=7//5,e//9=,e=7//5. e//9=
w,-,*,2,9,9,-7,-63,w=2-9,w*9=,w=2-9. w*9=
d,*,*,2,2,2,4,8,d=2*2,d*2=,d=2*2. d*2=
w,//,+,4,8,7,0,7,w=4//8,w+7=,w=4//8. w+7=
r,//,*,6,1,5,6,30,r=6//1,r*5=,r=6//1. r*5=
n,//,//,5,5,7,1,0,n=5//5,n//7=,n=5//5. n//7=
e,//,//,8,9,4,0,0,e=8//9,e//4=,e=8//9. e//4=
j,+,//,2,2,1,4,4,j=2+2,j//1=,j=2+2. j//1=
v,-,+,8,9,9,-1,8,v=8-9,v+9=,v=8-9. v+9=
v,+,*,2,9,6,11,66,v=2+9,v*6=,v=2+9. v*6=
k,*,*,4,2,5,8,40,k=4*2,k*5=,k=4*2. k*5=
s,*,//,7,8,8,56,7,s=7*8,s//8=,s=7*8. s//8=
x,-,+,8,7,8,1,9,x=8-7,x+8=,x=8-7. x+8=
r,//,*,8,1,5,8,40,r=8//1,r*5=,r=8//1. r*5=
m,-,+,3,6,9,-3,6,m=3-6,m+9=,m=3-6. m+9=
d,//,*,2,1,2,2,4,d=2//1,d*2=,d=2//1. d*2=
s,-,+,7,1,1,6,7,s=7-1,s+1=,s=7-1. s+1=
p,//,//,5,1,6,5,0,p=5//1,p//6=,p=5//1. p//6=
e,*,+,8,7,9,56,65,e=8*7,e+9=,e=8*7. e+9=
o,-,-,3,8,6,-5,-11,o=3-8,o-6=,o=3-8. o-6=
i,+,-,9,6,6,15,9,i=9+6,i-6=,i=9+6. i-6=
e,-,//,5,8,2,-3,-2,e=5-8,e//2=,e=5-8. e//2=
q,-,*,4,6,6,-2,-12,q=4-6,q*6=,q=4-6. q*6=
i,*,-,6,8,7,48,41,i=6*8,i-7=,i=6*8. i-7=
p,-,*,5,1,6,4,24,p=5-1,p*6=,p=5-1. p*6=
m,*,-,1,3,7,3,-4,m=1*3,m-7=,m=1*3. m-7=
h,//,+,7,1,8,7,15,h=7//1,h+8=,h=7//1. h+8=
p,-,+,4,3,6,1,7,p=4-3,p+6=,p=4-3. p+6=
q,+,+,7,9,6,16,22,q=7+9,q+6=,q=7+9. q+6=
w,+,-,1,1,9,2,-7,w=1+1,w-9=,w=1+1. w-9=
l,*,-,6,3,7,18,11,l=6*3,l-7=,l=6*3. l-7=
d,+,*,3,1,9,4,36,d=3+1,d*9=,d=3+1. d*9=
n,//,+,9,7,5,1,6,n=9//7,n+5=,n=9//7. n+5=
n,*,-,2,5,9,10,1,n=2*5,n-9=,n=2*5. n-9=
y,+,//,4,6,4,10,2,y=4+6,y//4=,y=4+6. y//4=
d,//,+,2,8,6,0,6,d=2//8,d+6=,d=2//8. d+6=
u,+,+,7,9,9,16,25,u=7+9,u+9=,u=7+9. u+9=
b,+,//,4,3,9,7,0,b=4+3,b//9=,b=4+3. b//9=
u,+,+,5,5,5,10,15,u=5+5,u+5=,u=5+5. u+5=
f,*,//,5,2,3,10,3,f=5*2,f//3=,f=5*2. f//3=
h,-,//,6,3,3,3,1,h=6-3,h//3=,h=6-3. h//3=
b,-,-,1,8,5,-7,-12,b=1-8,b-5=,b=1-8. b-5=
b,//,-,8,5,2,1,-1,b=8//5,b-2=,b=8//5. b-2=
b,-,-,5,2,7,3,-4,b=5-2,b-7=,b=5-2. b-7=
r,+,//,7,3,4,10,2,r=7+3,r//4=,r=7+3. r//4=
k,-,*,8,9,3,-1,-3,k=8-9,k*3=,k=8-9. k*3=
r,//,-,7,5,9,1,-8,r=7//5,r-9=,r=7//5. r-9=
v,-,//,7,6,6,1,0,v=7-6,v//6=,v=7-6. v//6=
r,*,*,5,3,6,15,90,r=5*3,r*6=,r=5*3. r*6=
m,+,*,5,3,5,8,40,m=5+3,m*5=,m=5+3. m*5=
q,+,-,9,5,5,14,9,q=9+5,q-5=,q=9+5. q-5=
v,//,//,4,7,9,0,0,v=4//7,v//9=,v=4//7. v//9=
a,*,*,7,6,6,42,252,a=7*6,a*6=,a=7*6. a*6=
z,+,-,8,1,7,9,2,z=8+1,z-7=,z=8+1. z-7=
w,*,*,4,4,7,16,112,w=4*4,w*7=,w=4*4. w*7=
y,-,//,8,6,3,2,0,y=8-6,y//3=,y=8-6. y//3=
q,+,*,3,8,6,11,66,q=3+8,q*6=,q=3+8. q*6=
o,+,//,9,6,8,15,1,o=9+6,o//8=,o=9+6. o//8=
t,*,-,4,4,1,16,15,t=4*4,t-1=,t=4*4. t-1=
m,*,+,6,1,7,6,13,m=6*1,m+7=,m=6*1. m+7=
r,+,+,8,6,6,14,20,r=8+6,r+6=,r=8+6. r+6=
n,//,-,2,9,1,0,-1,n=2//9,n-1=,n=2//9. n-1=
m,+,//,2,9,1,11,11,m=2+9,m//1=,m=2+9. m//1=
h,+,*,7,3,1,10,10,h=7+3,h*1=,h=7+3. h*1=
w,-,-,5,8,4,-3,-7,w=5-8,w-4=,w=5-8. w-4=
o,+,//,4,3,8,7,0,o=4+3,o//8=,o=4+3. o//8=
m,//,//,3,9,7,0,0,m=3//9,m//7=,m=3//9. m//7=
y,-,+,2,3,8,-1,7,y=2-3,y+8=,y=2-3. y+8=
h,//,+,5,5,4,1,5,h=5//5,h+4=,h=5//5. h+4=
o,-,-,6,4,4,2,-2,o=6-4,o-4=,o=6-4. o-4=
y,-,+,6,5,7,1,8,y=6-5,y+7=,y=6-5. y+7=
y,//,*,1,9,1,0,0,y=1//9,y*1=,y=1//9. y*1=
t,-,+,4,5,4,-1,3,t=4-5,t+4=,t=4-5. t+4=
c,-,//,6,3,6,3,0,c=6-3,c//6=,c=6-3. c//6=
x,//,*,4,8,1,0,0,x=4//8,x*1=,x=4//8. x*1=
v,+,//,7,3,3,10,3,v=7+3,v//3=,v=7+3. v//3=
u,-,//,2,9,8,-7,-1,u=2-9,u//8=,u=2-9. u//8=
v,*,//,8,7,4,56,14,v=8*7,v//4=,v=8*7. v//4=
f,+,*,9,7,3,16,48,f=9+7,f*3=,f=9+7. f*3=
s,+,-,6,5,2,11,9,s=6+5,s-2=,s=6+5. s-2=
f,-,*,6,1,6,5,30,f=6-1,f*6=,f=6-1. f*6=
c,+,//,5,3,1,8,8,c=5+3,c//1=,c=5+3. c//1=
u,//,//,2,3,4,0,0,u=2//3,u//4=,u=2//3. u//4=
r,//,-,9,3,8,3,-5,r=9//3,r-8=,r=9//3. r-8=
g,+,//,7,3,8,10,1,g=7+3,g//8=,g=7+3. g//8=
l,*,//,8,6,5,48,9,l=8*6,l//5=,l=8*6. l//5=
m,+,//,5,1,1,6,6,m=5+1,m//1=,m=5+1. m//1=
e,*,-,3,8,3,24,21,e=3*8,e-3=,e=3*8. e-3=
a,+,//,2,8,2,10,5,a=2+8,a//2=,a=2+8. a//2=
p,-,*,3,6,3,-3,-9,p=3-6,p*3=,p=3-6. p*3=
v,-,-,8,6,5,2,-3,v=8-6,v-5=,v=8-6. v-5=
j,*,*,7,2,3,14,42,j=7*2,j*3=,j=7*2. j*3=
l,+,+,5,3,5,8,13,l=5+3,l+5=,l=5+3. l+5=
c,//,-,6,7,7,0,-7,c=6//7,c-7=,c=6//7. c-7=
f,*,+,5,8,6,40,46,f=5*8,f+6=,f=5*8. f+6=
t,//,+,8,9,5,0,5,t=8//9,t+5=,t=8//9. t+5=
m,*,//,5,3,4,15,3,m=5*3,m//4=,m=5*3. m//4=
x,-,//,3,1,7,2,0,x=3-1,x//7=,x=3-1. x//7=
k,//,-,7,4,1,1,0,k=7//4,k-1=,k=7//4. k-1=
f,//,//,8,2,3,4,1,f=8//2,f//3=,f=8//2. f//3=
b,*,//,2,8,5,16,3,b=2*8,b//5=,b=2*8. b//5=
u,//,//,1,1,9,1,0,u=1//1,u//9=,u=1//1. u//9=
j,*,+,9,9,9,81,90,j=9*9,j+9=,j=9*9. j+9=
m,*,//,9,7,2,63,31,m=9*7,m//2=,m=9*7. m//2=
n,*,+,1,7,1,7,8,n=1*7,n+1=,n=1*7. n+1=
x,-,//,2,3,9,-1,-1,x=2-3,x//9=,x=2-3. x//9=
e,+,-,1,1,2,2,0,e=1+1,e-2=,e=1+1. e-2=
s,-,-,8,5,7,3,-4,s=8-5,s-7=,s=8-5. s-7=
j,-,+,5,7,2,-2,0,j=5-7,j+2=,j=5-7. j+2=
k,//,-,1,6,2,0,-2,k=1//6,k-2=,k=1//6. k-2=
c,*,+,6,9,8,54,62,c=6*9,c+8=,c=6*9. c+8=
f,-,+,6,8,9,-2,7,f=6-8,f+9=,f=6-8. f+9=
w,*,*,3,8,8,24,192,w=3*8,w*8=,w=3*8. w*8=
k,*,//,9,6,7,54,7,k=9*6,k//7=,k=9*6. k//7=
z,+,-,4,8,5,12,7,z=4+8,z-5=,z=4+8. z-5=
i,//,*,2,5,8,0,0,i=2//5,i*8=,i=2//5. i*8=
p,//,-,1,3,2,0,-2,p=1//3,p-2=,p=1//3. p-2=
n,//,*,6,7,5,0,0,n=6//7,n*5=,n=6//7. n*5=
b,//,+,2,4,5,0,5,b=2//4,b+5=,b=2//4. b+5=
z,*,-,4,9,8,36,28,z=4*9,z-8=,z=4*9. z-8=
b,*,+,5,7,3,35,38,b=5*7,b+3=,b=5*7. b+3=
n,*,*,5,6,7,30,210,n=5*6,n*7=,n=5*6. n*7=
s,-,//,7,2,2,5,2,s=7-2,s//2=,s=7-2. s//2=
e,+,*,3,9,2,12,24,e=3+9,e*2=,e=3+9. e*2=
r,//,-,2,8,5,0,-5,r=2//8,r-5=,r=2//8. r-5=
q,+,*,9,5,8,14,112,q=9+5,q*8=,q=9+5. q*8=
a,*,-,4,3,6,12,6,a=4*3,a-6=,a=4*3. a-6=
e,*,//,1,2,6,2,0,e=1*2,e//6=,e=1*2. e//6=
t,*,+,2,5,1,10,11,t=2*5,t+1=,t=2*5. t+1=
q,*,*,9,5,8,45,360,q=9*5,q*8=,q=9*5. q*8=
o,+,*,3,1,8,4,32,o=3+1,o*8=,o=3+1. o*8=
u,//,//,4,8,2,0,0,u=4//8,u//2=,u=4//8. u//2=
j,-,-,1,9,7,-8,-15,j=1-9,j-7=,j=1-9. j-7=
p,//,-,9,2,3,4,1,p=9//2,p-3=,p=9//2. p-3=
x,-,-,8,1,2,7,5,x=8-1,x-2=,x=8-1. x-2=
s,-,-,9,9,5,0,-5,s=9-9,s-5=,s=9-9. s-5=
i,-,//,7,3,6,4,0,i=7-3,i//6=,i=7-3. i//6=
i,+,-,5,2,8,7,-1,i=5+2,i-8=,i=5+2. i-8=
n,-,*,7,1,8,6,48,n=7-1,n*8=,n=7-1. n*8=
a,-,//,4,6,6,-2,-1,a=4-6,a//6=,a=4-6. a//6=
r,-,//,8,5,4,3,0,r=8-5,r//4=,r=8-5. r//4=
y,+,+,5,4,5,9,14,y=5+4,y+5=,y=5+4. y+5=
q,//,+,9,5,8,1,9,q=9//5,q+8=,q=9//5. q+8=
d,*,-,4,2,3,8,5,d=4*2,d-3=,d=4*2. d-3=
u,-,+,5,7,4,-2,2,u=5-7,u+4=,u=5-7. u+4=
k,-,//,6,3,4,3,0,k=6-3,k//4=,k=6-3. k//4=
m,+,+,5,9,1,14,15,m=5+9,m+1=,m=5+9. m+1=
k,+,//,3,9,4,12,3,k=3+9,k//4=,k=3+9. k//4=
r,-,-,1,4,8,-3,-11,r=1-4,r-8=,r=1-4. r-8=
u,+,-,8,3,3,11,8,u=8+3,u-3=,u=8+3. u-3=
c,-,*,9,9,5,0,0,c=9-9,c*5=,c=9-9. c*5=
n,//,*,4,7,9,0,0,n=4//7,n*9=,n=4//7. n*9=
j,-,*,2,7,7,-5,-35,j=2-7,j*7=,j=2-7. j*7=
o,//,//,6,5,7,1,0,o=6//5,o//7=,o=6//5. o//7=
s,*,-,9,8,5,72,67,s=9*8,s-5=,s=9*8. s-5=
t,-,//,5,5,7,0,0,t=5-5,t//7=,t=5-5. t//7=
o,*,*,1,5,1,5,5,o=1*5,o*1=,o=1*5. o*1=
q,//,//,8,3,2,2,1,q=8//3,q//2=,q=8//3. q//2=
g,-,+,3,2,8,1,9,g=3-2,g+8=,g=3-2. g+8=
b,-,//,7,2,8,5,0,b=7-2,b//8=,b=7-2. b//8=
h,//,+,4,9,3,0,3,h=4//9,h+3=,h=4//9. h+3=
k,//,+,8,6,9,1,10,k=8//6,k+9=,k=8//6. k+9=
k,*,//,2,1,8,2,0,k=2*1,k//8=,k=2*1. k//8=
q,//,//,1,1,6,1,0,q=1//1,q//6=,q=1//1. q//6=
p,*,-,3,8,1,24,23,p=3*8,p-1=,p=3*8. p-1=
f,+,*,6,6,8,12,96,f=6+6,f*8=,f=6+6. f*8=
i,+,//,6,6,5,12,2,i=6+6,i//5=,i=6+6. i//5=
u,*,+,6,9,1,54,55,u=6*9,u+1=,u=6*9. u+1=
n,+,+,5,5,6,10,16,n=5+5,n+6=,n=5+5. n+6=
v,*,*,4,1,2,4,8,v=4*1,v*2=,v=4*1. v*2=
d,-,+,5,2,7,3,10,d=5-2,d+7=,d=5-2. d+7=
k,*,*,8,6,8,48,384,k=8*6,k*8=,k=8*6. k*8=
t,*,*,8,8,8,64,512,t=8*8,t*8=,t=8*8. t*8=
q,-,//,4,3,4,1,0,q=4-3,q//4=,q=4-3. q//4=
s,*,//,1,4,6,4,0,s=1*4,s//6=,s=1*4. s//6=
x,+,-,4,3,3,7,4,x=4+3,x-3=,x=4+3. x-3=
y,-,-,9,2,9,7,-2,y=9-2,y-9=,y=9-2. y-9=
e,-,*,9,1,2,8,16,e=9-1,e*2=,e=9-1. e*2=
o,//,-,8,4,4,2,-2,o=8//4,o-4=,o=8//4. o-4=
w,//,*,1,9,9,0,0,w=1//9,w*9=,w=1//9. w*9=
b,//,+,4,2,3,2,5,b=4//2,b+3=,b=4//2. b+3=
v,+,-,4,1,9,5,-4,v=4+1,v-9=,v=4+1. v-9=
r,-,*,6,8,6,-2,-12,r=6-8,r*6=,r=6-8. r*6=
q,*,//,4,9,1,36,36,q=4*9,q//1=,q=4*9. q//1=
u,*,//,3,2,7,6,0,u=3*2,u//7=,u=3*2. u//7=
f,+,*,9,4,4,13,52,f=9+4,f*4=,f=9+4. f*4=
u,*,//,9,4,4,36,9,u=9*4,u//4=,u=9*4. u//4=
c,-,//,2,4,4,-2,-1,c=2-4,c//4=,c=2-4. c//4=
c,+,-,2,7,7,9,2,c=2+7,c-7=,c=2+7. c-7=
f,+,+,9,9,3,18,21,f=9+9,f+3=,f=9+9. f+3=
l,*,//,1,9,3,9,3,l=1*9,l//3=,l=1*9. l//3=
m,//,-,8,7,6,1,-5,m=8//7,m-6=,m=8//7. m-6=
x,//,-,9,7,1,1,0,x=9//7,x-1=,x=9//7. x-1=
u,*,//,2,5,8,10,1,u=2*5,u//8=,u=2*5. u//8=
j,-,//,7,2,9,5,0,j=7-2,j//9=,j=7-2. j//9=
f,//,-,6,3,1,2,1,f=6//3,f-1=,f=6//3. f-1=
f,*,*,7,3,5,21,105,f=7*3,f*5=,f=7*3. f*5=
s,*,*,2,3,1,6,6,s=2*3,s*1=,s=2*3. s*1=
z,-,-,7,1,9,6,-3,z=7-1,z-9=,z=7-1. z-9=
w,*,+,7,4,4,28,32,w=7*4,w+4=,w=7*4. w+4=
s,*,*,1,8,4,8,32,s=1*8,s*4=,s=1*8. s*4=
g,-,-,7,5,9,2,-7,g=7-5,g-9=,g=7-5. g-9=
q,*,+,2,4,6,8,14,q=2*4,q+6=,q=2*4. q+6=
r,//,+,3,6,3,0,3,r=3//6,r+3=,r=3//6. r+3=
e,*,//,5,9,5,45,9,e=5*9,e//5=,e=5*9. e//5=
w,+,*,6,5,2,11,22,w=6+5,w*2=,w=6+5. w*2=
f,//,-,4,3,1,1,0,f=4//3,f-1=,f=4//3. f-1=
g,*,+,3,1,7,3,10,g=3*1,g+7=,g=3*1. g+7=
h,-,-,3,2,3,1,-2,h=3-2,h-3=,h=3-2. h-3=
f,*,*,1,7,9,7,63,f=1*7,f*9=,f=1*7. f*9=
r,+,//,9,8,3,17,5,r=9+8,r//3=,r=9+8. r//3=
p,*,-,1,4,8,4,-4,p=1*4,p-8=,p=1*4. p-8=
s,//,*,5,2,3,2,6,s=5//2,s*3=,s=5//2. s*3=
h,//,*,8,1,2,8,16,h=8//1,h*2=,h=8//1. h*2=
k,+,+,5,4,1,9,10,k=5+4,k+1=,k=5+4. k+1=
p,*,+,4,5,5,20,25,p=4*5,p+5=,p=4*5. p+5=
x,-,-,4,4,1,0,-1,x=4-4,x-1=,x=4-4. x-1=
x,+,*,7,5,9,12,108,x=7+5,x*9=,x=7+5. x*9=
z,*,+,7,6,6,42,48,z=7*6,z+6=,z=7*6. z+6=
t,//,*,3,6,1,0,0,t=3//6,t*1=,t=3//6. t*1=
x,+,*,7,5,1,12,12,x=7+5,x*1=,x=7+5. x*1=
o,-,+,5,9,3,-4,-1,o=5-9,o+3=,o=5-9. o+3=
s,+,+,7,6,2,13,15,s=7+6,s+2=,s=7+6. s+2=
l,*,*,9,2,4,18,72,l=9*2,l*4=,l=9*2. l*4=
l,-,*,4,2,2,2,4,l=4-2,l*2=,l=4-2. l*2=
d,//,*,1,5,3,0,0,d=1//5,d*3=,d=1//5. d*3=
e,-,*,7,1,4,6,24,e=7-1,e*4=,e=7-1. e*4=
y,//,-,8,2,2,4,2,y=8//2,y-2=,y=8//2. y-2=
i,//,//,4,8,7,0,0,i=4//8,i//7=,i=4//8. i//7=
s,-,*,8,4,2,4,8,s=8-4,s*2=,s=8-4. s*2=
d,-,*,4,4,2,0,0,d=4-4,d*2=,d=4-4. d*2=
u,//,//,6,7,9,0,0,u=6//7,u//9=,u=6//7. u//9=
s,//,-,3,2,4,1,-3,s=3//2,s-4=,s=3//2. s-4=
g,//,-,8,8,5,1,-4,g=8//8,g-5=,g=8//8. g-5=
b,-,+,1,4,5,-3,2,b=1-4,b+5=,b=1-4. b+5=
h,-,+,5,3,7,2,9,h=5-3,h+7=,h=5-3. h+7=
k,//,-,8,5,8,1,-7,k=8//5,k-8=,k=8//5. k-8=
h,+,-,2,9,8,11,3,h=2+9,h-8=,h=2+9. h-8=
b,//,-,2,5,2,0,-2,b=2//5,b-2=,b=2//5. b-2=
b,*,//,6,1,8,6,0,b=6*1,b//8=,b=6*1. b//8=
d,//,//,3,7,5,0,0,d=3//7,d//5=,d=3//7. d//5=
q,//,//,8,9,8,0,0,q=8//9,q//8=,q=8//9. q//8=
i,*,-,4,2,6,8,2,i=4*2,i-6=,i=4*2. i-6=
s,+,+,7,4,6,11,17,s=7+4,s+6=,s=7+4. s+6=
l,*,*,1,1,4,1,4,l=1*1,l*4=,l=1*1. l*4=
b,+,*,3,5,9,8,72,b=3+5,b*9=,b=3+5. b*9=
a,//,*,9,4,5,2,10,a=9//4,a*5=,a=9//4. a*5=
f,*,*,1,9,8,9,72,f=1*9,f*8=,f=1*9. f*8=
d,+,//,6,7,6,13,2,d=6+7,d//6=,d=6+7. d//6=
z,+,*,6,7,6,13,78,z=6+7,z*6=,z=6+7. z*6=
o,//,*,5,1,1,5,5,o=5//1,o*1=,o=5//1. o*1=
l,+,+,6,2,6,8,14,l=6+2,l+6=,l=6+2. l+6=
p,*,*,4,1,6,4,24,p=4*1,p*6=,p=4*1. p*6=
g,-,*,3,3,7,0,0,g=3-3,g*7=,g=3-3. g*7=
g,*,-,5,8,7,40,33,g=5*8,g-7=,g=5*8. g-7=
b,*,//,4,1,7,4,0,b=4*1,b//7=,b=4*1. b//7=
v,+,//,6,6,3,12,4,v=6+6,v//3=,v=6+6. v//3=
j,+,*,2,8,7,10,70,j=2+8,j*7=,j=2+8. j*7=
x,*,+,5,8,1,40,41,x=5*8,x+1=,x=5*8. x+1=
q,+,+,7,7,6,14,20,q=7+7,q+6=,q=7+7. q+6=
y,*,*,6,9,6,54,324,y=6*9,y*6=,y=6*9. y*6=
k,-,-,3,9,5,-6,-11,k=3-9,k-5=,k=3-9. k-5=
v,+,//,7,9,7,16,2,v=7+9,v//7=,v=7+9. v//7=
z,*,+,2,3,1,6,7,z=2*3,z+1=,z=2*3. z+1=
u,+,-,1,2,3,3,0,u=1+2,u-3=,u=1+2. u-3=
n,-,//,2,8,4,-6,-2,n=2-8,n//4=,n=2-8. n//4=
b,*,+,2,2,4,4,8,b=2*2,b+4=,b=2*2. b+4=
y,*,//,3,2,7,6,0,y=3*2,y//7=,y=3*2. y//7=
q,-,-,9,8,5,1,-4,q=9-8,q-5=,q=9-8. q-5=
g,//,-,2,2,4,1,-3,g=2//2,g-4=,g=2//2. g-4=
v,//,+,6,7,9,0,9,v=6//7,v+9=,v=6//7. v+9=
b,+,*,8,4,9,12,108,b=8+4,b*9=,b=8+4. b*9=
t,*,//,4,4,3,16,5,t=4*4,t//3=,t=4*4. t//3=
h,+,*,7,4,8,11,88,h=7+4,h*8=,h=7+4. h*8=
t,//,-,6,2,6,3,-3,t=6//2,t-6=,t=6//2. t-6=
w,//,//,2,7,7,0,0,w=2//7,w//7=,w=2//7. w//7=
l,//,+,3,6,9,0,9,l=3//6,l+9=,l=3//6. l+9=
s,-,+,4,2,4,2,6,s=4-2,s+4=,s=4-2. s+4=
y,*,-,6,8,8,48,40,y=6*8,y-8=,y=6*8. y-8=
r,//,-,7,9,7,0,-7,r=7//9,r-7=,r=7//9. r-7=
s,//,+,3,5,8,0,8,s=3//5,s+8=,s=3//5. s+8=
c,+,*,2,5,4,7,28,c=2+5,c*4=,c=2+5. c*4=
g,-,*,1,2,2,-1,-2,g=1-2,g*2=,g=1-2. g*2=
h,*,+,9,1,1,9,10,h=9*1,h+1=,h=9*1. h+1=
w,+,//,1,5,3,6,2,w=1+5,w//3=,w=1+5. w//3=
q,*,*,9,3,6,27,162,q=9*3,q*6=,q=9*3. q*6=
e,*,-,8,6,9,48,39,e=8*6,e-9=,e=8*6. e-9=
y,-,-,7,8,5,-1,-6,y=7-8,y-5=,y=7-8. y-5=
z,*,//,6,7,2,42,21,z=6*7,z//2=,z=6*7. z//2=
h,-,//,3,5,4,-2,-1,h=3-5,h//4=,h=3-5. h//4=
i,//,-,5,4,6,1,-5,i=5//4,i-6=,i=5//4. i-6=
z,*,*,8,1,7,8,56,z=8*1,z*7=,z=8*1. z*7=
s,-,*,4,6,6,-2,-12,s=4-6,s*6=,s=4-6. s*6=
q,*,-,7,6,1,42,41,q=7*6,q-1=,q=7*6. q-1=
l,//,//,3,1,5,3,0,l=3//1,l//5=,l=3//1. l//5=
q,*,//,3,2,2,6,3,q=3*2,q//2=,q=3*2. q//2=
r,+,-,4,7,9,11,2,r=4+7,r-9=,r=4+7. r-9=
x,//,-,1,8,6,0,-6,x=1//8,x-6=,x=1//8. x-6=
q,*,+,9,7,5,63,68,q=9*7,q+5=,q=9*7. q+5=
f,//,//,7,1,1,7,7,f=7//1,f//1=,f=7//1. f//1=
u,//,//,2,2,2,1,0,u=2//2,u//2=,u=2//2. u//2=
w,*,*,9,7,6,63,378,w=9*7,w*6=,w=9*7. w*6=
o,//,//,6,8,6,0,0,o=6//8,o//6=,o=6//8. o//6=
y,-,//,3,4,7,-1,-1,y=3-4,y//7=,y=3-4. y//7=
a,//,//,1,6,7,0,0,a=1//6,a//7=,a=1//6. a//7=
u,//,+,4,5,4,0,4,u=4//5,u+4=,u=4//5. u+4=
k,+,//,6,2,3,8,2,k=6+2,k//3=,k=6+2. k//3=
q,*,//,5,6,2,30,15,q=5*6,q//2=,q=5*6. q//2=
g,+,+,8,6,8,14,22,g=8+6,g+8=,g=8+6. g+8=
i,*,//,3,8,4,24,6,i=3*8,i//4=,i=3*8. i//4=
i,+,-,6,1,8,7,-1,i=6+1,i-8=,i=6+1. i-8=
z,*,-,7,4,3,28,25,z=7*4,z-3=,z=7*4. z-3=
f,*,//,8,9,7,72,10,f=8*9,f//7=,f=8*9. f//7=
d,//,-,5,2,3,2,-1,d=5//2,d-3=,d=5//2. d-3=
q,*,*,4,8,1,32,32,q=4*8,q*1=,q=4*8. q*1=
t,-,*,9,3,7,6,42,t=9-3,t*7=,t=9-3. t*7=
w,//,*,2,8,4,0,0,w=2//8,w*4=,w=2//8. w*4=
z,//,+,7,7,9,1,10,z=7//7,z+9=,z=7//7. z+9=
p,-,*,6,1,4,5,20,p=6-1,p*4=,p=6-1. p*4=
w,+,-,9,9,5,18,13,w=9+9,w-5=,w=9+9. w-5=
g,+,-,9,2,1,11,10,g=9+2,g-1=,g=9+2. g-1=
c,//,*,3,6,3,0,0,c=3//6,c*3=,c=3//6. c*3=
u,*,//,6,4,6,24,4,u=6*4,u//6=,u=6*4. u//6=
x,//,-,2,6,1,0,-1,x=2//6,x-1=,x=2//6. x-1=
i,*,-,9,2,8,18,10,i=9*2,i-8=,i=9*2. i-8=
e,*,+,6,1,6,6,12,e=6*1,e+6=,e=6*1. e+6=
r,*,-,7,5,5,35,30,r=7*5,r-5=,r=7*5. r-5=
t,+,*,7,8,9,15,135,t=7+8,t*9=,t=7+8. t*9=
t,-,*,2,1,9,1,9,t=2-1,t*9=,t=2-1. t*9=
w,+,-,9,6,9,15,6,w=9+6,w-9=,w=9+6. w-9=
s,+,+,8,6,2,14,16,s=8+6,s+2=,s=8+6. s+2=
e,//,+,8,2,7,4,11,e=8//2,e+7=,e=8//2. e+7=
s,-,+,1,5,7,-4,3,s=1-5,s+7=,s=1-5. s+7=
z,-,*,1,5,8,-4,-32,z=1-5,z*8=,z=1-5. z*8=
v,*,-,5,6,6,30,24,v=5*6,v-6=,v=5*6. v-6=
l,//,*,8,3,5,2,10,l=8//3,l*5=,l=8//3. l*5=
l,//,+,8,6,8,1,9,l=8//6,l+8=,l=8//6. l+8=
e,//,+,9,7,2,1,3,e=9//7,e+2=,e=9//7. e+2=
u,//,*,6,3,7,2,14,u=6//3,u*7=,u=6//3. u*7=
p,+,+,9,1,7,10,17,p=9+1,p+7=,p=9+1. p+7=
q,*,*,4,7,8,28,224,q=4*7,q*8=,q=4*7. q*8=
b,+,//,7,9,7,16,2,b=7+9,b//7=,b=7+9. b//7=
d,//,+,5,4,9,1,10,d=5//4,d+9=,d=5//4. d+9=
u,-,-,8,4,4,4,0,u=8-4,u-4=,u=8-4. u-4=
a,-,-,4,4,8,0,-8,a=4-4,a-8=,a=4-4. a-8=
e,*,*,4,5,8,20,160,e=4*5,e*8=,e=4*5. e*8=
a,+,+,9,3,3,12,15,a=9+3,a+3=,a=9+3. a+3=
a,+,//,4,3,4,7,1,a=4+3,a//4=,a=4+3. a//4=
y,*,-,3,8,6,24,18,y=3*8,y-6=,y=3*8. y-6=
e,+,*,5,8,1,13,13,e=5+8,e*1=,e=5+8. e*1=
d,+,+,6,4,5,10,15,d=6+4,d+5=,d=6+4. d+5=
l,+,-,3,6,2,9,7,l=3+6,l-2=,l=3+6. l-2=
g,+,+,5,4,2,9,11,g=5+4,g+2=,g=5+4. g+2=
n,*,*,1,2,9,2,18,n=1*2,n*9=,n=1*2. n*9=
y,+,*,3,5,4,8,32,y=3+5,y*4=,y=3+5. y*4=
d,*,+,9,8,4,72,76,d=9*8,d+4=,d=9*8. d+4=
d,-,*,1,4,3,-3,-9,d=1-4,d*3=,d=1-4. d*3=
t,//,+,9,4,3,2,5,t=9//4,t+3=,t=9//4. t+3=
o,+,*,9,1,1,10,10,o=9+1,o*1=,o=9+1. o*1=
n,+,//,2,4,5,6,1,n=2+4,n//5=,n=2+4. n//5=
b,+,//,9,7,3,16,5,b=9+7,b//3=,b=9+7. b//3=
b,+,*,8,7,4,15,60,b=8+7,b*4=,b=8+7. b*4=
i,*,-,3,7,8,21,13,i=3*7,i-8=,i=3*7. i-8=
f,//,+,5,2,2,2,4,f=5//2,f+2=,f=5//2. f+2=
y,*,-,6,5,9,30,21,y=6*5,y-9=,y=6*5. y-9=
j,*,//,3,7,8,21,2,j=3*7,j//8=,j=3*7. j//8=
c,+,-,2,2,8,4,-4,c=2+2,c-8=,c=2+2. c-8=
k,-,//,5,9,4,-4,-1,k=5-9,k//4=,k=5-9. k//4=
k,-,*,4,8,9,-4,-36,k=4-8,k*9=,k=4-8. k*9=
c,+,-,6,3,4,9,5,c=6+3,c-4=,c=6+3. c-4=
c,*,+,8,5,3,40,43,c=8*5,c+3=,c=8*5. c+3=
m,*,*,2,9,7,18,126,m=2*9,m*7=,m=2*9. m*7=
t,-,*,7,8,7,-1,-7,t=7-8,t*7=,t=7-8. t*7=
m,*,-,8,1,6,8,2,m=8*1,m-6=,m=8*1. m-6=
k,+,//,1,6,2,7,3,k=1+6,k//2=,k=1+6. k//2=
q,*,+,5,2,8,10,18,q=5*2,q+8=,q=5*2. q+8=
y,+,*,9,4,2,13,26,y=9+4,y*2=,y=9+4. y*2=
q,+,+,9,4,3,13,16,q=9+4,q+3=,q=9+4. q+3=
a,+,*,7,7,4,14,56,a=7+7,a*4=,a=7+7. a*4=
p,+,//,5,6,2,11,5,p=5+6,p//2=,p=5+6. p//2=
t,//,//,9,8,7,1,0,t=9//8,t//7=,t=9//8. t//7=
x,-,-,9,4,4,5,1,x=9-4,x-4=,x=9-4. x-4=
w,*,//,1,8,6,8,1,w=1*8,w//6=,w=1*8. w//6=
t,-,*,6,6,4,0,0,t=6-6,t*4=,t=6-6. t*4=
r,//,//,3,6,2,0,0,r=3//6,r//2=,r=3//6. r//2=
y,+,-,1,6,3,7,4,y=1+6,y-3=,y=1+6. y-3=
k,+,*,4,3,3,7,21,k=4+3,k*3=,k=4+3. k*3=
t,*,*,8,9,2,72,144,t=8*9,t*2=,t=8*9. t*2=
m,+,-,2,7,2,9,7,m=2+7,m-2=,m=2+7. m-2=
d,+,//,2,8,2,10,5,d=2+8,d//2=,d=2+8. d//2=
h,//,*,6,9,3,0,0,h=6//9,h*3=,h=6//9. h*3=
y,+,-,9,5,8,14,6,y=9+5,y-8=,y=9+5. y-8=
g,-,*,4,6,4,-2,-8,g=4-6,g*4=,g=4-6. g*4=
t,+,-,3,3,8,6,-2,t=3+3,t-8=,t=3+3. t-8=
v,-,+,6,9,4,-3,1,v=6-9,v+4=,v=6-9. v+4=
k,+,+,4,1,8,5,13,k=4+1,k+8=,k=4+1. k+8=
z,-,+,6,8,4,-2,2,z=6-8,z+4=,z=6-8. z+4=
o,+,*,8,6,7,14,98,o=8+6,o*7=,o=8+6. o*7=
c,*,+,2,4,8,8,16,c=2*4,c+8=,c=2*4. c+8=
w,*,*,7,8,2,56,112,w=7*8,w*2=,w=7*8. w*2=
x,+,//,8,8,9,16,1,x=8+8,x//9=,x=8+8. x//9=
z,*,//,9,7,2,63,31,z=9*7,z//2=,z=9*7. z//2=
t,*,*,7,2,1,14,14,t=7*2,t*1=,t=7*2. t*1=
r,*,*,1,2,5,2,10,r=1*2,r*5=,r=1*2. r*5=
r,//,//,2,8,8,0,0,r=2//8,r//8=,r=2//8. r//8=
q,*,//,9,4,4,36,9,q=9*4,q//4=,q=9*4. q//4=
z,//,-,7,4,9,1,-8,z=7//4,z-9=,z=7//4. z-9=
r,//,+,4,6,6,0,6,r=4//6,r+6=,r=4//6. r+6=
z,*,*,8,3,3,24,72,z=8*3,z*3=,z=8*3. z*3=
t,+,-,8,2,3,10,7,t=8+2,t-3=,t=8+2. t-3=
f,+,+,8,3,8,11,19,f=8+3,f+8=,f=8+3. f+8=
z,*,+,1,2,5,2,7,z=1*2,z+5=,z=1*2. z+5=
z,-,*,9,6,5,3,15,z=9-6,z*5=,z=9-6. z*5=
z,+,+,6,6,8,12,20,z=6+6,z+8=,z=6+6. z+8=
p,*,-,9,4,3,36,33,p=9*4,p-3=,p=9*4. p-3=
q,+,//,4,8,2,12,6,q=4+8,q//2=,q=4+8. q//2=
o,//,-,6,9,7,0,-7,o=6//9,o-7=,o=6//9. o-7=
p,+,//,6,7,8,13,1,p=6+7,p//8=,p=6+7. p//8=
q,//,//,5,9,6,0,0,q=5//9,q//6=,q=5//9. q//6=
u,*,//,9,6,6,54,9,u=9*6,u//6=,u=9*6. u//6=
o,-,-,8,6,3,2,-1,o=8-6,o-3=,o=8-6. o-3=
i,-,//,2,2,2,0,0,i=2-2,i//2=,i=2-2. i//2=
o,+,-,7,4,9,11,2,o=7+4,o-9=,o=7+4. o-9=
r,*,*,7,8,5,56,280,r=7*8,r*5=,r=7*8. r*5=
f,*,*,3,9,1,27,27,f=3*9,f*1=,f=3*9. f*1=
j,+,-,1,2,5,3,-2,j=1+2,j-5=,j=1+2. j-5=
l,-,+,9,2,4,7,11,l=9-2,l+4=,l=9-2. l+4=
v,*,*,2,6,9,12,108,v=2*6,v*9=,v=2*6. v*9=
h,*,-,1,9,6,9,3,h=1*9,h-6=,h=1*9. h-6=
w,*,//,8,8,7,64,9,w=8*8,w//7=,w=8*8. w//7=
b,//,+,2,3,6,0,6,b=2//3,b+6=,b=2//3. b+6=
u,+,//,2,8,9,10,1,u=2+8,u//9=,u=2+8. u//9=
h,-,*,2,5,1,-3,-3,h=2-5,h*1=,h=2-5. h*1=
o,//,//,5,2,3,2,0,o=5//2,o//3=,o=5//2. o//3=
g,//,*,1,4,4,0,0,g=1//4,g*4=,g=1//4. g*4=
n,-,-,5,9,8,-4,-12,n=5-9,n-8=,n=5-9. n-8=
o,//,-,5,2,8,2,-6,o=5//2,o-8=,o=5//2. o-8=
n,*,*,8,5,9,40,360,n=8*5,n*9=,n=8*5. n*9=
k,-,+,7,4,7,3,10,k=7-4,k+7=,k=7-4. k+7=
c,//,+,8,2,2,4,6,c=8//2,c+2=,c=8//2. c+2=
i,+,//,4,7,5,11,2,i=4+7,i//5=,i=4+7. i//5=
e,-,-,5,7,7,-2,-9,e=5-7,e-7=,e=5-7. e-7=
z,+,-,7,4,4,11,7,z=7+4,z-4=,z=7+4. z-4=
t,+,-,6,9,8,15,7,t=6+9,t-8=,t=6+9. t-8=
t,+,+,7,3,9,10,19,t=7+3,t+9=,t=7+3. t+9=
e,+,//,8,3,2,11,5,e=8+3,e//2=,e=8+3. e//2=
d,*,-,2,1,7,2,-5,d=2*1,d-7=,d=2*1. d-7=
i,+,+,6,4,5,10,15,i=6+4,i+5=,i=6+4. i+5=
p,+,*,9,9,4,18,72,p=9+9,p*4=,p=9+9. p*4=
h,+,*,4,5,6,9,54,h=4+5,h*6=,h=4+5. h*6=
m,//,//,8,2,6,4,0,m=8//2,m//6=,m=8//2. m//6=
y,*,-,9,2,5,18,13,y=9*2,y-5=,y=9*2. y-5=
h,+,+,9,5,1,14,15,h=9+5,h+1=,h=9+5. h+1=
z,-,+,4,9,5,-5,0,z=4-9,z+5=,z=4-9. z+5=
m,-,+,9,9,7,0,7,m=9-9,m+7=,m=9-9. m+7=
e,+,+,5,5,4,10,14,e=5+5,e+4=,e=5+5. e+4=
h,//,-,5,4,3,1,-2,h=5//4,h-3=,h=5//4. h-3=
f,-,*,5,6,6,-1,-6,f=5-6,f*6=,f=5-6. f*6=
m,*,//,3,1,1,3,3,m=3*1,m//1=,m=3*1. m//1=
b,-,+,5,8,5,-3,2,b=5-8,b+5=,b=5-8. b+5=
u,-,-,2,3,4,-1,-5,u=2-3,u-4=,u=2-3. u-4=
x,+,*,2,1,8,3,24,x=2+1,x*8=,x=2+1. x*8=
y,*,//,7,1,6,7,1,y=7*1,y//6=,y=7*1. y//6=
b,-,*,2,3,1,-1,-1,b=2-3,b*1=,b=2-3. b*1=
n,-,-,4,1,8,3,-5,n=4-1,n-8=,n=4-1. n-8=
u,//,-,6,8,4,0,-4,u=6//8,u-4=,u=6//8. u-4=
p,*,+,4,2,5,8,13,p=4*2,p+5=,p=4*2. p+5=
r,-,*,1,9,3,-8,-24,r=1-9,r*3=,r=1-9. r*3=
h,//,+,8,7,4,1,5,h=8//7,h+4=,h=8//7. h+4=
v,*,*,2,3,8,6,48,v=2*3,v*8=,v=2*3. v*8=
v,*,-,3,6,8,18,10,v=3*6,v-8=,v=3*6. v-8=
a,*,//,5,1,8,5,0,a=5*1,a//8=,a=5*1. a//8=
a,*,//,7,5,6,35,5,a=7*5,a//6=,a=7*5. a//6=
u,//,*,9,4,7,2,14,u=9//4,u*7=,u=9//4. u*7=
z,//,//,4,1,1,4,4,z=4//1,z//1=,z=4//1. z//1=
f,*,//,6,9,2,54,27,f=6*9,f//2=,f=6*9. f//2=
b,*,-,5,8,9,40,31,b=5*8,b-9=,b=5*8. b-9=
i,+,+,2,9,2,11,13,i=2+9,i+2=,i=2+9. i+2=
m,-,+,4,9,1,-5,-4,m=4-9,m+1=,m=4-9. m+1=
z,//,-,8,1,3,8,5,z=8//1,z-3=,z=8//1. z-3=
v,//,//,4,3,6,1,0,v=4//3,v//6=,v=4//3. v//6=
h,+,+,8,5,2,13,15,h=8+5,h+2=,h=8+5. h+2=
i,*,*,9,3,1,27,27,i=9*3,i*1=,i=9*3. i*1=
w,+,*,8,6,2,14,28,w=8+6,w*2=,w=8+6. w*2=
h,-,*,5,4,4,1,4,h=5-4,h*4=,h=5-4. h*4=
g,-,-,7,1,3,6,3,g=7-1,g-3=,g=7-1. g-3=
z,*,//,8,3,9,24,2,z=8*3,z//9=,z=8*3. z//9=
f,*,-,6,9,4,54,50,f=6*9,f-4=,f=6*9. f-4=
m,+,//,2,7,5,9,1,m=2+7,m//5=,m=2+7. m//5=
i,//,-,8,7,8,1,-7,i=8//7,i-8=,i=8//7. i-8=
b,+,+,2,9,8,11,19,b=2+9,b+8=,b=2+9. b+8=
n,-,//,4,3,4,1,0,n=4-3,n//4=,n=4-3. n//4=
e,*,//,6,4,1,24,24,e=6*4,e//1=,e=6*4. e//1=
j,+,//,9,3,4,12,3,j=9+3,j//4=,j=9+3. j//4=
v,*,*,4,3,9,12,108,v=4*3,v*9=,v=4*3. v*9=
f,*,+,4,5,5,20,25,f=4*5,f+5=,f=4*5. f+5=
t,+,*,6,9,6,15,90,t=6+9,t*6=,t=6+9. t*6=
x,-,+,1,9,5,-8,-3,x=1-9,x+5=,x=1-9. x+5=
v,*,*,2,7,6,14,84,v=2*7,v*6=,v=2*7. v*6=
e,//,+,5,3,1,1,2,e=5//3,e+1=,e=5//3. e+1=
h,-,*,2,7,7,-5,-35,h=2-7,h*7=,h=2-7. h*7=
q,+,*,4,8,7,12,84,q=4+8,q*7=,q=4+8. q*7=
t,*,*,8,4,7,32,224,t=8*4,t*7=,t=8*4. t*7=
e,+,+,6,1,3,7,10,e=6+1,e+3=,e=6+1. e+3=
o,//,+,1,7,3,0,3,o=1//7,o+3=,o=1//7. o+3=
n,//,+,2,9,1,0,1,n=2//9,n+1=,n=2//9. n+1=
k,//,*,8,7,8,1,8,k=8//7,k*8=,k=8//7. k*8=
c,+,-,5,2,8,7,-1,c=5+2,c-8=,c=5+2. c-8=
o,-,*,1,6,9,-5,-45,o=1-6,o*9=,o=1-6. o*9=
i,+,-,4,3,6,7,1,i=4+3,i-6=,i=4+3. i-6=
x,//,+,6,8,7,0,7,x=6//8,x+7=,x=6//8. x+7=
i,//,-,1,7,8,0,-8,i=1//7,i-8=,i=1//7. i-8=
x,+,-,8,5,3,13,10,x=8+5,x-3=,x=8+5. x-3=
l,//,-,4,3,5,1,-4,l=4//3,l-5=,l=4//3. l-5=
h,*,+,6,5,5,30,35,h=6*5,h+5=,h=6*5. h+5=
o,+,//,2,1,8,3,0,o=2+1,o//8=,o=2+1. o//8=
j,-,+,3,1,3,2,5,j=3-1,j+3=,j=3-1. j+3=
f,*,*,8,6,3,48,144,f=8*6,f*3=,f=8*6. f*3=
y,*,*,2,3,1,6,6,y=2*3,y*1=,y=2*3. y*1=
j,*,*,4,8,4,32,128,j=4*8,j*4=,j=4*8. j*4=
b,*,-,6,6,9,36,27,b=6*6,b-9=,b=6*6. b-9=
w,*,+,6,2,1,12,13,w=6*2,w+1=,w=6*2. w+1=
f,-,+,1,5,9,-4,5,f=1-5,f+9=,f=1-5. f+9=
q,-,//,7,2,7,5,0,q=7-2,q//7=,q=7-2. q//7=
t,-,+,4,2,3,2,5,t=4-2,t+3=,t=4-2. t+3=
n,*,+,7,4,8,28,36,n=7*4,n+8=,n=7*4. n+8=
r,+,//,3,4,2,7,3,r=3+4,r//2=,r=3+4. r//2=
e,//,//,5,3,5,1,0,e=5//3,e//5=,e=5//3. e//5=
r,//,-,5,8,6,0,-6,r=5//8,r-6=,r=5//8. r-6=
o,+,//,6,6,1,12,12,o=6+6,o//1=,o=6+6. o//1=
g,*,//,5,4,2,20,10,g=5*4,g//2=,g=5*4. g//2=
b,+,//,4,5,4,9,2,b=4+5,b//4=,b=4+5. b//4=
s,-,*,5,3,7,2,14,s=5-3,s*7=,s=5-3. s*7=
p,+,-,6,6,8,12,4,p=6+6,p-8=,p=6+6. p-8=
f,*,+,1,7,5,7,12,f=1*7,f+5=,f=1*7. f+5=
q,-,*,4,5,1,-1,-1,q=4-5,q*1=,q=4-5. q*1=
i,+,-,4,4,7,8,1,i=4+4,i-7=,i=4+4. i-7=
o,*,//,5,5,9,25,2,o=5*5,o//9=,o=5*5. o//9=
s,-,//,1,9,6,-8,-2,s=1-9,s//6=,s=1-9. s//6=
p,*,-,7,8,6,56,50,p=7*8,p-6=,p=7*8. p-6=
w,-,*,8,3,6,5,30,w=8-3,w*6=,w=8-3. w*6=
p,//,//,5,2,9,2,0,p=5//2,p//9=,p=5//2. p//9=
k,-,+,7,8,8,-1,7,k=7-8,k+8=,k=7-8. k+8=
j,//,*,9,3,9,3,27,j=9//3,j*9=,j=9//3. j*9=
s,+,//,1,8,6,9,1,s=1+8,s//6=,s=1+8. s//6=
d,-,//,4,9,6,-5,-1,d=4-9,d//6=,d=4-9. d//6=
b,-,*,1,1,5,0,0,b=1-1,b*5=,b=1-1. b*5=
e,-,-,6,2,1,4,3,e=6-2,e-1=,e=6-2. e-1=
j,+,+,8,3,8,11,19,j=8+3,j+8=,j=8+3. j+8=
j,//,+,2,5,7,0,7,j=2//5,j+7=,j=2//5. j+7=
y,//,*,7,5,4,1,4,y=7//5,y*4=,y=7//5. y*4=
w,*,-,7,8,2,56,54,w=7*8,w-2=,w=7*8. w-2=
n,+,*,4,1,8,5,40,n=4+1,n*8=,n=4+1. n*8=
d,-,*,5,4,8,1,8,d=5-4,d*8=,d=5-4. d*8=
n,*,+,4,6,5,24,29,n=4*6,n+5=,n=4*6. n+5=
k,*,-,4,5,4,20,16,k=4*5,k-4=,k=4*5. k-4=
c,*,*,6,3,2,18,36,c=6*3,c*2=,c=6*3. c*2=
j,//,*,1,8,6,0,0,j=1//8,j*6=,j=1//8. j*6=
q,+,-,5,8,5,13,8,q=5+8,q-5=,q=5+8. q-5=
o,-,*,9,1,1,8,8,o=9-1,o*1=,o=9-1. o*1=
v,//,+,2,2,4,1,5,v=2//2,v+4=,v=2//2. v+4=
e,//,*,1,1,2,1,2,e=1//1,e*2=,e=1//1. e*2=
y,//,-,9,7,1,1,0,y=9//7,y-1=,y=9//7. y-1=
q,*,//,2,6,5,12,2,q=2*6,q//5=,q=2*6. q//5=
p,//,//,8,6,8,1,0,p=8//6,p//8=,p=8//6. p//8=
d,*,//,2,3,8,6,0,d=2*3,d//8=,d=2*3. d//8=
k,-,-,8,8,7,0,-7,k=8-8,k-7=,k=8-8. k-7=
x,-,+,1,9,6,-8,-2,x=1-9,x+6=,x=1-9. x+6=
g,-,//,5,6,3,-1,-1,g=5-6,g//3=,g=5-6. g//3=
f,+,+,4,1,7,5,12,f=4+1,f+7=,f=4+1. f+7=
n,-,//,2,4,2,-2,-1,n=2-4,n//2=,n=2-4. n//2=
b,+,//,8,5,5,13,2,b=8+5,b//5=,b=8+5. b//5=
h,//,*,4,9,5,0,0,h=4//9,h*5=,h=4//9. h*5=
m,-,//,4,6,9,-2,-1,m=4-6,m//9=,m=4-6. m//9=
a,*,+,2,6,1,12,13,a=2*6,a+1=,a=2*6. a+1=
t,+,*,5,1,9,6,54,t=5+1,t*9=,t=5+1. t*9=
z,*,+,7,9,6,63,69,z=7*9,z+6=,z=7*9. z+6=
f,//,*,3,1,7,3,21,f=3//1,f*7=,f=3//1. f*7=
l,+,*,4,3,5,7,35,l=4+3,l*5=,l=4+3. l*5=
h,+,*,3,9,2,12,24,h=3+9,h*2=,h=3+9. h*2=
f,-,//,8,9,6,-1,-1,f=8-9,f//6=,f=8-9. f//6=
a,//,//,6,6,5,1,0,a=6//6,a//5=,a=6//6. a//5=
k,*,//,6,5,3,30,10,k=6*5,k//3=,k=6*5. k//3=
v,//,+,4,1,9,4,13,v=4//1,v+9=,v=4//1. v+9=
s,+,//,4,7,1,11,11,s=4+7,s//1=,s=4+7. s//1=
u,*,*,5,6,8,30,240,u=5*6,u*8=,u=5*6. u*8=
z,-,*,6,9,5,-3,-15,z=6-9,z*5=,z=6-9. z*5=
r,*,+,8,4,8,32,40,r=8*4,r+8=,r=8*4. r+8=
c,-,*,3,9,2,-6,-12,c=3-9,c*2=,c=3-9. c*2=
b,//,//,3,9,1,0,0,b=3//9,b//1=,b=3//9. b//1=
h,+,*,2,4,3,6,18,h=2+4,h*3=,h=2+4. h*3=
n,*,-,2,8,7,16,9,n=2*8,n-7=,n=2*8. n-7=
h,-,+,3,8,6,-5,1,h=3-8,h+6=,h=3-8. h+6=
i,-,*,4,3,8,1,8,i=4-3,i*8=,i=4-3. i*8=
t,+,+,2,2,6,4,10,t=2+2,t+6=,t=2+2. t+6=
o,//,+,9,3,8,3,11,o=9//3,o+8=,o=9//3. o+8=
k,*,*,4,4,5,16,80,k=4*4,k*5=,k=4*4. k*5=
f,//,//,6,3,3,2,0,f=6//3,f//3=,f=6//3. f//3=
z,-,+,2,1,1,1,2,z=2-1,z+1=,z=2-1. z+1=
d,*,//,7,1,6,7,1,d=7*1,d//6=,d=7*1. d//6=
a,+,+,7,8,8,15,23,a=7+8,a+8=,a=7+8. a+8=
i,+,-,2,5,3,7,4,i=2+5,i-3=,i=2+5. i-3=
b,-,+,3,7,1,-4,-3,b=3-7,b+1=,b=3-7. b+1=
u,-,-,5,2,8,3,-5,u=5-2,u-8=,u=5-2. u-8=
e,*,+,6,8,3,48,51,e=6*8,e+3=,e=6*8. e+3=
y,*,+,3,4,4,12,16,y=3*4,y+4=,y=3*4. y+4=
f,+,*,3,5,8,8,64,f=3+5,f*8=,f=3+5. f*8=
p,*,*,6,6,9,36,324,p=6*6,p*9=,p=6*6. p*9=
p,*,-,4,7,9,28,19,p=4*7,p-9=,p=4*7. p-9=
r,*,*,9,6,9,54,486,r=9*6,r*9=,r=9*6. r*9=
h,//,+,6,3,9,2,11,h=6//3,h+9=,h=6//3. h+9=
t,//,//,6,2,7,3,0,t=6//2,t//7=,t=6//2. t//7=
g,+,*,2,8,2,10,20,g=2+8,g*2=,g=2+8. g*2=
q,//,-,5,3,3,1,-2,q=5//3,q-3=,q=5//3. q-3=
i,//,*,8,3,8,2,16,i=8//3,i*8=,i=8//3. i*8=
y,-,//,1,9,7,-8,-2,y=1-9,y//7=,y=1-9. y//7=
c,-,//,3,8,7,-5,-1,c=3-8,c//7=,c=3-8. c//7=
m,*,-,5,9,4,45,41,m=5*9,m-4=,m=5*9. m-4=
z,-,//,9,5,8,4,0,z=9-5,z//8=,z=9-5. z//8=
h,-,-,2,4,6,-2,-8,h=2-4,h-6=,h=2-4. h-6=
d,+,+,7,1,3,8,11,d=7+1,d+3=,d=7+1. d+3=
y,//,-,4,3,5,1,-4,y=4//3,y-5=,y=4//3. y-5=
g,*,-,7,3,5,21,16,g=7*3,g-5=,g=7*3. g-5=
z,-,//,4,5,6,-1,-1,z=4-5,z//6=,z=4-5. z//6=
h,-,*,8,5,2,3,6,h=8-5,h*2=,h=8-5. h*2=
l,-,//,6,9,6,-3,-1,l=6-9,l//6=,l=6-9. l//6=
b,//,+,3,6,5,0,5,b=3//6,b+5=,b=3//6. b+5=
a,+,//,6,5,8,11,1,a=6+5,a//8=,a=6+5. a//8=
u,+,+,1,7,9,8,17,u=1+7,u+9=,u=1+7. u+9=
e,-,*,8,5,7,3,21,e=8-5,e*7=,e=8-5. e*7=
m,//,//,9,7,5,1,0,m=9//7,m//5=,m=9//7. m//5=
h,-,*,9,1,3,8,24,h=9-1,h*3=,h=9-1. h*3=
i,+,//,4,6,3,10,3,i=4+6,i//3=,i=4+6. i//3=
t,//,*,9,3,4,3,12,t=9//3,t*4=,t=9//3. t*4=
h,*,//,5,1,2,5,2,h=5*1,h//2=,h=5*1. h//2=
q,-,+,7,2,1,5,6,q=7-2,q+1=,q=7-2. q+1=
c,+,//,6,1,6,7,1,c=6+1,c//6=,c=6+1. c//6=
g,//,+,4,2,2,2,4,g=4//2,g+2=,g=4//2. g+2=
e,-,+,5,9,4,-4,0,e=5-9,e+4=,e=5-9. e+4=
a,+,//,6,9,3,15,5,a=6+9,a//3=,a=6+9. a//3=
d,+,-,1,6,1,7,6,d=1+6,d-1=,d=1+6. d-1=
k,*,-,2,9,1,18,17,k=2*9,k-1=,k=2*9. k-1=
q,//,//,3,6,1,0,0,q=3//6,q//1=,q=3//6. q//1=
x,//,-,4,4,1,1,0,x=4//4,x-1=,x=4//4. x-1=
v,*,*,9,2,6,18,108,v=9*2,v*6=,v=9*2. v*6=
u,*,+,9,7,1,63,64,u=9*7,u+1=,u=9*7. u+1=
x,-,*,1,1,7,0,0,x=1-1,x*7=,x=1-1. x*7=
w,-,-,5,9,6,-4,-10,w=5-9,w-6=,w=5-9. w-6=
u,//,//,8,4,6,2,0,u=8//4,u//6=,u=8//4. u//6=
t,*,-,7,5,1,35,34,t=7*5,t-1=,t=7*5. t-1=
i,*,//,1,2,9,2,0,i=1*2,i//9=,i=1*2. i//9=
m,+,//,8,1,2,9,4,m=8+1,m//2=,m=8+1. m//2=
l,-,-,1,5,5,-4,-9,l=1-5,l-5=,l=1-5. l-5=
l,//,+,5,3,2,1,3,l=5//3,l+2=,l=5//3. l+2=
h,*,*,3,8,6,24,144,h=3*8,h*6=,h=3*8. h*6=
o,+,+,5,2,6,7,13,o=5+2,o+6=,o=5+2. o+6=
k,-,*,3,8,7,-5,-35,k=3-8,k*7=,k=3-8. k*7=
a,//,//,4,2,3,2,0,a=4//2,a//3=,a=4//2. a//3=
a,-,-,3,9,9,-6,-15,a=3-9,a-9=,a=3-9. a-9=
g,*,//,2,2,2,4,2,g=2*2,g//2=,g=2*2. g//2=
w,//,*,4,6,8,0,0,w=4//6,w*8=,w=4//6. w*8=
x,//,*,2,4,2,0,0,x=2//4,x*2=,x=2//4. x*2=
o,*,+,8,6,1,48,49,o=8*6,o+1=,o=8*6. o+1=
w,*,-,1,5,2,5,3,w=1*5,w-2=,w=1*5. w-2=
r,+,-,1,7,6,8,2,r=1+7,r-6=,r=1+7. r-6=
s,*,+,3,8,2,24,26,s=3*8,s+2=,s=3*8. s+2=
o,//,-,2,1,5,2,-3,o=2//1,o-5=,o=2//1. o-5=
w,-,//,2,9,6,-7,-2,w=2-9,w//6=,w=2-9. w//6=
f,-,+,3,4,4,-1,3,f=3-4,f+4=,f=3-4. f+4=
z,+,*,9,4,7,13,91,z=9+4,z*7=,z=9+4. z*7=
a,+,-,4,2,6,6,0,a=4+2,a-6=,a=4+2. a-6=
h,*,//,2,6,6,12,2,h=2*6,h//6=,h=2*6. h//6=
j,+,*,9,2,4,11,44,j=9+2,j*4=,j=9+2. j*4=
d,+,+,9,9,5,18,23,d=9+9,d+5=,d=9+9. d+5=
n,*,-,9,3,9,27,18,n=9*3,n-9=,n=9*3. n-9=
z,//,//,1,2,5,0,0,z=1//2,z//5=,z=1//2. z//5=
y,//,*,8,9,4,0,0,y=8//9,y*4=,y=8//9. y*4=
a,+,*,3,1,5,4,20,a=3+1,a*5=,a=3+1. a*5=
l,//,-,5,7,5,0,-5,l=5//7,l-5=,l=5//7. l-5=
h,+,//,9,8,5,17,3,h=9+8,h//5=,h=9+8. h//5=
g,//,-,6,8,3,0,-3,g=6//8,g-3=,g=6//8. g-3=
v,//,*,9,5,3,1,3,v=9//5,v*3=,v=9//5. v*3=
w,-,*,2,9,1,-7,-7,w=2-9,w*1=,w=2-9. w*1=
k,//,-,5,3,7,1,-6,k=5//3,k-7=,k=5//3. k-7=
p,-,//,2,9,2,-7,-4,p=2-9,p//2=,p=2-9. p//2=
u,+,*,8,6,1,14,14,u=8+6,u*1=,u=8+6. u*1=
w,//,//,3,9,1,0,0,w=3//9,w//1=,w=3//9. w//1=
j,//,+,7,5,5,1,6,j=7//5,j+5=,j=7//5. j+5=
f,-,//,7,1,6,6,1,f=7-1,f//6=,f=7-1. f//6=
q,//,+,4,3,8,1,9,q=4//3,q+8=,q=4//3. q+8=
e,-,-,4,3,2,1,-1,e=4-3,e-2=,e=4-3. e-2=
l,+,*,1,7,6,8,48,l=1+7,l*6=,l=1+7. l*6=
p,+,+,8,6,1,14,15,p=8+6,p+1=,p=8+6. p+1=
r,*,+,3,8,3,24,27,r=3*8,r+3=,r=3*8. r+3=
m,+,+,7,9,2,16,18,m=7+9,m+2=,m=7+9. m+2=
u,*,//,2,2,5,4,0,u=2*2,u//5=,u=2*2. u//5=
n,//,+,3,8,9,0,9,n=3//8,n+9=,n=3//8. n+9=
g,-,+,8,8,8,0,8,g=8-8,g+8=,g=8-8. g+8=
v,//,*,6,9,7,0,0,v=6//9,v*7=,v=6//9. v*7=
t,//,+,7,4,2,1,3,t=7//4,t+2=,t=7//4. t+2=
i,//,-,7,2,2,3,1,i=7//2,i-2=,i=7//2. i-2=
o,//,*,1,5,8,0,0,o=1//5,o*8=,o=1//5. o*8=
b,//,*,1,4,8,0,0,b=1//4,b*8=,b=1//4. b*8=
b,-,-,5,3,5,2,-3,b=5-3,b-5=,b=5-3. b-5=
h,//,-,1,9,8,0,-8,h=1//9,h-8=,h=1//9. h-8=
k,*,*,2,8,4,16,64,k=2*8,k*4=,k=2*8. k*4=
g,//,-,8,3,7,2,-5,g=8//3,g-7=,g=8//3. g-7=
x,+,+,1,3,4,4,8,x=1+3,x+4=,x=1+3. x+4=
j,+,//,4,4,3,8,2,j=4+4,j//3=,j=4+4. j//3=
e,*,-,7,6,3,42,39,e=7*6,e-3=,e=7*6. e-3=
o,-,-,9,2,3,7,4,o=9-2,o-3=,o=9-2. o-3=
c,*,+,4,8,1,32,33,c=4*8,c+1=,c=4*8. c+1=
n,-,//,8,9,9,-1,-1,n=8-9,n//9=,n=8-9. n//9=
w,//,-,7,5,6,1,-5,w=7//5,w-6=,w=7//5. w-6=
i,//,//,5,8,5,0,0,i=5//8,i//5=,i=5//8. i//5=
z,*,*,6,6,3,36,108,z=6*6,z*3=,z=6*6. z*3=
e,-,+,8,8,1,0,1,e=8-8,e+1=,e=8-8. e+1=
u,+,+,4,3,8,7,15,u=4+3,u+8=,u=4+3. u+8=
y,-,-,6,8,1,-2,-3,y=6-8,y-1=,y=6-8. y-1=
l,+,-,3,3,7,6,-1,l=3+3,l-7=,l=3+3. l-7=
c,-,//,8,2,3,6,2,c=8-2,c//3=,c=8-2. c//3=
u,*,//,9,4,3,36,12,u=9*4,u//3=,u=9*4. u//3=
z,+,-,1,7,5,8,3,z=1+7,z-5=,z=1+7. z-5=
z,*,//,9,6,8,54,6,z=9*6,z//8=,z=9*6. z//8=
j,+,+,8,8,4,16,20,j=8+8,j+4=,j=8+8. j+4=
r,*,//,4,5,5,20,4,r=4*5,r//5=,r=4*5. r//5=
q,*,*,3,2,6,6,36,q=3*2,q*6=,q=3*2. q*6=
f,//,+,6,8,9,0,9,f=6//8,f+9=,f=6//8. f+9=
y,//,-,8,2,7,4,-3,y=8//2,y-7=,y=8//2. y-7=
c,//,//,1,5,6,0,0,c=1//5,c//6=,c=1//5. c//6=
i,+,*,9,4,2,13,26,i=9+4,i*2=,i=9+4. i*2=
x,*,*,2,8,8,16,128,x=2*8,x*8=,x=2*8. x*8=
p,-,+,8,3,6,5,11,p=8-3,p+6=,p=8-3. p+6=
x,+,-,1,2,8,3,-5,x=1+2,x-8=,x=1+2. x-8=
s,//,+,8,9,1,0,1,s=8//9,s+1=,s=8//9. s+1=
h,//,-,1,6,7,0,-7,h=1//6,h-7=,h=1//6. h-7=
b,+,+,7,1,1,8,9,b=7+1,b+1=,b=7+1. b+1=
b,*,*,3,7,7,21,147,b=3*7,b*7=,b=3*7. b*7=
u,//,+,6,3,8,2,10,u=6//3,u+8=,u=6//3. u+8=
c,-,//,8,1,5,7,1,c=8-1,c//5=,c=8-1. c//5=
o,//,-,1,7,5,0,-5,o=1//7,o-5=,o=1//7. o-5=
u,//,*,1,4,3,0,0,u=1//4,u*3=,u=1//4. u*3=
v,//,-,5,6,1,0,-1,v=5//6,v-1=,v=5//6. v-1=
z,*,-,6,4,2,24,22,z=6*4,z-2=,z=6*4. z-2=
s,+,+,3,9,5,12,17,s=3+9,s+5=,s=3+9. s+5=
f,-,//,1,2,6,-1,-1,f=1-2,f//6=,f=1-2. f//6=
r,*,-,8,9,3,72,69,r=8*9,r-3=,r=8*9. r-3=
x,-,*,5,3,6,2,12,x=5-3,x*6=,x=5-3. x*6=
a,*,-,2,8,2,16,14,a=2*8,a-2=,a=2*8. a-2=
g,-,//,5,6,1,-1,-1,g=5-6,g//1=,g=5-6. g//1=
t,*,*,4,9,2,36,72,t=4*9,t*2=,t=4*9. t*2=
g,//,*,9,9,9,1,9,g=9//9,g*9=,g=9//9. g*9=
b,*,//,1,9,2,9,4,b=1*9,b//2=,b=1*9. b//2=
o,-,-,4,1,5,3,-2,o=4-1,o-5=,o=4-1. o-5=
c,//,//,9,2,8,4,0,c=9//2,c//8=,c=9//2. c//8=
l,*,-,7,5,2,35,33,l=7*5,l-2=,l=7*5. l-2=
n,+,*,8,1,4,9,36,n=8+1,n*4=,n=8+1. n*4=
w,-,+,4,3,8,1,9,w=4-3,w+8=,w=4-3. w+8=
n,*,*,2,4,6,8,48,n=2*4,n*6=,n=2*4. n*6=
i,-,-,6,6,9,0,-9,i=6-6,i-9=,i=6-6. i-9=
b,+,-,7,5,4,12,8,b=7+5,b-4=,b=7+5. b-4=
a,//,//,1,6,9,0,0,a=1//6,a//9=,a=1//6. a//9=
y,*,*,7,5,1,35,35,y=7*5,y*1=,y=7*5. y*1=
t,*,-,3,1,7,3,-4,t=3*1,t-7=,t=3*1. t-7=
q,*,//,3,6,3,18,6,q=3*6,q//3=,q=3*6. q//3=
g,*,-,7,9,3,63,60,g=7*9,g-3=,g=7*9. g-3=
z,-,+,7,2,1,5,6,z=7-2,z+1=,z=7-2. z+1=
a,+,//,4,9,3,13,4,a=4+9,a//3=,a=4+9. a//3=
p,-,-,7,1,8,6,-2,p=7-1,p-8=,p=7-1. p-8=
b,*,*,2,8,7,16,112,b=2*8,b*7=,b=2*8. b*7=
b,*,-,2,5,3,10,7,b=2*5,b-3=,b=2*5. b-3=
q,+,*,3,2,2,5,10,q=3+2,q*2=,q=3+2. q*2=
q,*,+,9,8,6,72,78,q=9*8,q+6=,q=9*8. q+6=
u,-,+,3,5,6,-2,4,u=3-5,u+6=,u=3-5. u+6=
j,//,-,2,5,1,0,-1,j=2//5,j-1=,j=2//5. j-1=
h,+,-,8,7,1,15,14,h=8+7,h-1=,h=8+7. h-1=
w,+,+,4,9,2,13,15,w=4+9,w+2=,w=4+9. w+2=
i,+,//,9,9,6,18,3,i=9+9,i//6=,i=9+9. i//6=
b,*,*,8,4,2,32,64,b=8*4,b*2=,b=8*4. b*2=
v,//,//,8,6,3,1,0,v=8//6,v//3=,v=8//6. v//3=
p,-,//,9,6,4,3,0,p=9-6,p//4=,p=9-6. p//4=
h,*,+,7,7,7,49,56,h=7*7,h+7=,h=7*7. h+7=
v,//,-,1,4,8,0,-8,v=1//4,v-8=,v=1//4. v-8=
k,-,+,4,6,9,-2,7,k=4-6,k+9=,k=4-6. k+9=
u,-,*,5,7,7,-2,-14,u=5-7,u*7=,u=5-7. u*7=
h,-,//,9,1,5,8,1,h=9-1,h//5=,h=9-1. h//5=
n,*,//,6,9,1,54,54,n=6*9,n//1=,n=6*9. n//1=
j,*,-,6,7,4,42,38,j=6*7,j-4=,j=6*7. j-4=
x,//,//,5,3,1,1,1,x=5//3,x//1=,x=5//3. x//1=
a,*,+,9,9,2,81,83,a=9*9,a+2=,a=9*9. a+2=
g,+,*,3,6,4,9,36,g=3+6,g*4=,g=3+6. g*4=
h,*,*,5,9,1,45,45,h=5*9,h*1=,h=5*9. h*1=
t,*,-,7,3,7,21,14,t=7*3,t-7=,t=7*3. t-7=
z,*,+,5,8,7,40,47,z=5*8,z+7=,z=5*8. z+7=
w,-,+,3,1,7,2,9,w=3-1,w+7=,w=3-1. w+7=
v,//,-,6,8,7,0,-7,v=6//8,v-7=,v=6//8. v-7=
z,//,//,4,3,6,1,0,z=4//3,z//6=,z=4//3. z//6=
r,*,+,6,9,3,54,57,r=6*9,r+3=,r=6*9. r+3=
u,-,-,3,4,5,-1,-6,u=3-4,u-5=,u=3-4. u-5=
h,*,-,4,4,3,16,13,h=4*4,h-3=,h=4*4. h-3=
g,+,*,8,1,1,9,9,g=8+1,g*1=,g=8+1. g*1=
q,*,-,3,1,9,3,-6,q=3*1,q-9=,q=3*1. q-9=
w,//,+,5,9,9,0,9,w=5//9,w+9=,w=5//9. w+9=
t,-,-,7,9,2,-2,-4,t=7-9,t-2=,t=7-9. t-2=
l,-,*,5,1,7,4,28,l=5-1,l*7=,l=5-1. l*7=
o,+,//,9,1,7,10,1,o=9+1,o//7=,o=9+1. o//7=
j,//,-,8,8,1,1,0,j=8//8,j-1=,j=8//8. j-1=
n,//,*,1,4,3,0,0,n=1//4,n*3=,n=1//4. n*3=
q,*,*,7,2,3,14,42,q=7*2,q*3=,q=7*2. q*3=
t,+,//,4,5,2,9,4,t=4+5,t//2=,t=4+5. t//2=
j,+,-,7,7,8,14,6,j=7+7,j-8=,j=7+7. j-8=
j,//,+,9,1,6,9,15,j=9//1,j+6=,j=9//1. j+6=
h,*,//,6,8,7,48,6,h=6*8,h//7=,h=6*8. h//7=
y,*,//,8,1,5,8,1,y=8*1,y//5=,y=8*1. y//5=
m,*,-,8,4,9,32,23,m=8*4,m-9=,m=8*4. m-9=
e,//,*,1,7,3,0,0,e=1//7,e*3=,e=1//7. e*3=
y,*,+,8,4,4,32,36,y=8*4,y+4=,y=8*4. y+4=
a,+,//,1,9,1,10,10,a=1+9,a//1=,a=1+9. a//1=
z,-,+,9,1,9,8,17,z=9-1,z+9=,z=9-1. z+9=
o,*,+,1,4,1,4,5,o=1*4,o+1=,o=1*4. o+1=
j,-,+,9,7,4,2,6,j=9-7,j+4=,j=9-7. j+4=
o,//,//,3,6,3,0,0,o=3//6,o//3=,o=3//6. o//3=
w,*,-,9,7,6,63,57,w=9*7,w-6=,w=9*7. w-6=
f,+,+,4,9,2,13,15,f=4+9,f+2=,f=4+9. f+2=
a,+,*,5,8,9,13,117,a=5+8,a*9=,a=5+8. a*9=
n,-,-,2,5,5,-3,-8,n=2-5,n-5=,n=2-5. n-5=
z,//,//,8,2,4,4,1,z=8//2,z//4=,z=8//2. z//4=
c,//,//,1,9,1,0,0,c=1//9,c//1=,c=1//9. c//1=
d,*,-,4,7,6,28,22,d=4*7,d-6=,d=4*7. d-6=
q,*,-,7,5,9,35,26,q=7*5,q-9=,q=7*5. q-9=
v,//,*,8,3,3,2,6,v=8//3,v*3=,v=8//3. v*3=
d,-,+,2,5,6,-3,3,d=2-5,d+6=,d=2-5. d+6=
y,+,*,2,1,4,3,12,y=2+1,y*4=,y=2+1. y*4=
s,-,//,3,5,8,-2,-1,s=3-5,s//8=,s=3-5. s//8=
d,+,//,7,3,7,10,1,d=7+3,d//7=,d=7+3. d//7=
u,-,+,3,2,5,1,6,u=3-2,u+5=,u=3-2. u+5=
r,//,//,1,1,1,1,1,r=1//1,r//1=,r=1//1. r//1=
u,*,*,7,2,1,14,14,u=7*2,u*1=,u=7*2. u*1=
p,*,//,3,5,4,15,3,p=3*5,p//4=,p=3*5. p//4=
x,+,-,3,9,3,12,9,x=3+9,x-3=,x=3+9. x-3=
d,+,-,8,2,3,10,7,d=8+2,d-3=,d=8+2. d-3=
u,*,//,7,4,7,28,4,u=7*4,u//7=,u=7*4. u//7=
t,*,*,6,1,2,6,12,t=6*1,t*2=,t=6*1. t*2=
n,+,*,7,4,7,11,77,n=7+4,n*7=,n=7+4. n*7=
o,+,//,8,2,6,10,1,o=8+2,o//6=,o=8+2. o//6=
v,+,//,8,4,1,12,12,v=8+4,v//1=,v=8+4. v//1=
z,*,*,7,6,9,42,378,z=7*6,z*9=,z=7*6. z*9=
b,+,+,2,7,8,9,17,b=2+7,b+8=,b=2+7. b+8=
k,*,-,2,7,5,14,9,k=2*7,k-5=,k=2*7. k-5=
p,-,+,8,8,4,0,4,p=8-8,p+4=,p=8-8. p+4=
k,*,*,8,2,1,16,16,k=8*2,k*1=,k=8*2. k*1=
h,+,+,9,9,4,18,22,h=9+9,h+4=,h=9+9. h+4=
k,-,//,8,4,5,4,0,k=8-4,k//5=,k=8-4. k//5=
p,//,+,3,1,5,3,8,p=3//1,p+5=,p=3//1. p+5=
y,//,-,4,5,8,0,-8,y=4//5,y-8=,y=4//5. y-8=
s,//,+,5,2,4,2,6,s=5//2,s+4=,s=5//2. s+4=
b,+,-,5,2,3,7,4,b=5+2,b-3=,b=5+2. b-3=
a,+,//,6,9,9,15,1,a=6+9,a//9=,a=6+9. a//9=
x,-,//,1,7,5,-6,-2,x=1-7,x//5=,x=1-7. x//5=
f,*,//,6,1,9,6,0,f=6*1,f//9=,f=6*1. f//9=
m,//,*,8,1,4,8,32,m=8//1,m*4=,m=8//1. m*4=
m,//,*,3,5,6,0,0,m=3//5,m*6=,m=3//5. m*6=
t,*,+,1,1,3,1,4,t=1*1,t+3=,t=1*1. t+3=
y,+,-,4,8,8,12,4,y=4+8,y-8=,y=4+8. y-8=
i,-,//,8,9,9,-1,-1,i=8-9,i//9=,i=8-9. i//9=
n,*,*,5,1,3,5,15,n=5*1,n*3=,n=5*1. n*3=
j,+,//,7,2,3,9,3,j=7+2,j//3=,j=7+2. j//3=
u,*,//,6,9,4,54,13,u=6*9,u//4=,u=6*9. u//4=
y,//,//,3,7,3,0,0,y=3//7,y//3=,y=3//7. y//3=
a,-,+,3,5,2,-2,0,a=3-5,a+2=,a=3-5. a+2=
p,//,-,2,9,5,0,-5,p=2//9,p-5=,p=2//9. p-5=
y,+,//,8,9,4,17,4,y=8+9,y//4=,y=8+9. y//4=
k,//,+,7,6,9,1,10,k=7//6,k+9=,k=7//6. k+9=
w,*,+,9,7,4,63,67,w=9*7,w+4=,w=9*7. w+4=
n,+,-,7,6,2,13,11,n=7+6,n-2=,n=7+6. n-2=
p,*,+,2,4,6,8,14,p=2*4,p+6=,p=2*4. p+6=
b,+,//,3,8,1,11,11,b=3+8,b//1=,b=3+8. b//1=
y,*,-,6,7,8,42,34,y=6*7,y-8=,y=6*7. y-8=
g,*,*,2,6,3,12,36,g=2*6,g*3=,g=2*6. g*3=
l,-,-,6,8,4,-2,-6,l=6-8,l-4=,l=6-8. l-4=
v,-,//,7,3,4,4,1,v=7-3,v//4=,v=7-3. v//4=
y,//,+,4,6,6,0,6,y=4//6,y+6=,y=4//6. y+6=
q,-,-,9,6,9,3,-6,q=9-6,q-9=,q=9-6. q-9=
p,+,-,7,2,9,9,0,p=7+2,p-9=,p=7+2. p-9=
e,*,+,3,4,9,12,21,e=3*4,e+9=,e=3*4. e+9=
l,//,+,9,8,6,1,7,l=9//8,l+6=,l=9//8. l+6=
q,*,//,6,5,8,30,3,q=6*5,q//8=,q=6*5. q//8=
d,-,+,9,4,9,5,14,d=9-4,d+9=,d=9-4. d+9=
n,-,//,3,8,1,-5,-5,n=3-8,n//1=,n=3-8. n//1=
s,+,//,8,5,5,13,2,s=8+5,s//5=,s=8+5. s//5=
f,*,*,7,4,2,28,56,f=7*4,f*2=,f=7*4. f*2=
x,//,*,3,4,8,0,0,x=3//4,x*8=,x=3//4. x*8=
m,+,*,5,7,7,12,84,m=5+7,m*7=,m=5+7. m*7=
t,//,*,3,5,5,0,0,t=3//5,t*5=,t=3//5. t*5=
f,-,+,4,7,8,-3,5,f=4-7,f+8=,f=4-7. f+8=
s,//,*,7,6,9,1,9,s=7//6,s*9=,s=7//6. s*9=
o,*,+,9,3,6,27,33,o=9*3,o+6=,o=9*3. o+6=
k,*,//,1,8,6,8,1,k=1*8,k//6=,k=1*8. k//6=
c,//,//,9,9,5,1,0,c=9//9,c//5=,c=9//9. c//5=
y,-,+,2,4,6,-2,4,y=2-4,y+6=,y=2-4. y+6=
f,-,//,7,5,3,2,0,f=7-5,f//3=,f=7-5. f//3=
f,-,*,4,7,9,-3,-27,f=4-7,f*9=,f=4-7. f*9=
c,-,*,4,2,8,2,16,c=4-2,c*8=,c=4-2. c*8=
k,-,-,6,1,2,5,3,k=6-1,k-2=,k=6-1. k-2=
m,-,//,9,2,9,7,0,m=9-2,m//9=,m=9-2. m//9=
j,//,+,8,1,1,8,9,j=8//1,j+1=,j=8//1. j+1=
f,+,*,3,2,9,5,45,f=3+2,f*9=,f=3+2. f*9=
m,-,*,5,5,9,0,0,m=5-5,m*9=,m=5-5. m*9=
h,*,//,3,1,8,3,0,h=3*1,h//8=,h=3*1. h//8=
k,+,+,4,5,5,9,14,k=4+5,k+5=,k=4+5. k+5=
e,//,+,7,1,4,7,11,e=7//1,e+4=,e=7//1. e+4=
k,+,*,3,7,1,10,10,k=3+7,k*1=,k=3+7. k*1=
h,+,//,9,2,9,11,1,h=9+2,h//9=,h=9+2. h//9=
l,-,-,4,9,4,-5,-9,l=4-9,l-4=,l=4-9. l-4=
u,//,*,3,6,2,0,0,u=3//6,u*2=,u=3//6. u*2=
y,*,//,1,4,3,4,1,y=1*4,y//3=,y=1*4. y//3=
d,*,//,6,4,2,24,12,d=6*4,d//2=,d=6*4. d//2=
o,//,+,6,8,9,0,9,o=6//8,o+9=,o=6//8. o+9=
x,*,+,6,8,4,48,52,x=6*8,x+4=,x=6*8. x+4=
v,-,*,1,2,3,-1,-3,v=1-2,v*3=,v=1-2. v*3=
o,+,*,3,6,7,9,63,o=3+6,o*7=,o=3+6. o*7=
o,+,*,9,8,1,17,17,o=9+8,o*1=,o=9+8. o*1=
p,//,//,8,9,1,0,0,p=8//9,p//1=,p=8//9. p//1=
o,*,*,3,8,9,24,216,o=3*8,o*9=,o=3*8. o*9=
h,+,+,6,1,6,7,13,h=6+1,h+6=,h=6+1. h+6=
u,+,*,4,2,3,6,18,u=4+2,u*3=,u=4+2. u*3=
u,*,//,2,4,4,8,2,u=2*4,u//4=,u=2*4. u//4=
z,+,*,5,1,5,6,30,z=5+1,z*5=,z=5+1. z*5=
k,//,+,8,2,7,4,11,k=8//2,k+7=,k=8//2. k+7=
u,+,+,9,6,8,15,23,u=9+6,u+8=,u=9+6. u+8=
m,//,//,2,4,9,0,0,m=2//4,m//9=,m=2//4. m//9=
c,//,*,2,6,2,0,0,c=2//6,c*2=,c=2//6. c*2=
b,+,//,4,8,1,12,12,b=4+8,b//1=,b=4+8. b//1=
t,*,-,3,7,2,21,19,t=3*7,t-2=,t=3*7. t-2=
j,*,*,6,9,9,54,486,j=6*9,j*9=,j=6*9. j*9=
u,-,//,7,3,6,4,0,u=7-3,u//6=,u=7-3. u//6=
c,-,*,2,4,2,-2,-4,c=2-4,c*2=,c=2-4. c*2=
h,*,//,9,1,7,9,1,h=9*1,h//7=,h=9*1. h//7=
e,//,-,5,6,7,0,-7,e=5//6,e-7=,e=5//6. e-7=
s,-,+,5,9,7,-4,3,s=5-9,s+7=,s=5-9. s+7=
e,+,+,1,1,7,2,9,e=1+1,e+7=,e=1+1. e+7=
j,//,*,6,7,1,0,0,j=6//7,j*1=,j=6//7. j*1=
k,+,//,1,6,8,7,0,k=1+6,k//8=,k=1+6. k//8=
c,//,+,6,7,8,0,8,c=6//7,c+8=,c=6//7. c+8=
u,+,*,3,3,3,6,18,u=3+3,u*3=,u=3+3. u*3=
l,-,*,6,3,3,3,9,l=6-3,l*3=,l=6-3. l*3=
j,//,-,1,2,1,0,-1,j=1//2,j-1=,j=1//2. j-1=
k,*,+,1,8,4,8,12,k=1*8,k+4=,k=1*8. k+4=
k,*,-,5,5,1,25,24,k=5*5,k-1=,k=5*5. k-1=
y,*,*,4,1,1,4,4,y=4*1,y*1=,y=4*1. y*1=
x,//,//,1,1,8,1,0,x=1//1,x//8=,x=1//1. x//8=
x,*,-,9,3,7,27,20,x=9*3,x-7=,x=9*3. x-7=
x,-,*,5,1,5,4,20,x=5-1,x*5=,x=5-1. x*5=
i,+,*,7,3,2,10,20,i=7+3,i*2=,i=7+3. i*2=
a,-,*,5,1,4,4,16,a=5-1,a*4=,a=5-1. a*4=
h,*,*,4,1,7,4,28,h=4*1,h*7=,h=4*1. h*7=
h,//,-,1,5,5,0,-5,h=1//5,h-5=,h=1//5. h-5=
v,//,*,6,6,6,1,6,v=6//6,v*6=,v=6//6. v*6=
u,//,//,5,6,9,0,0,u=5//6,u//9=,u=5//6. u//9=
u,+,//,9,3,9,12,1,u=9+3,u//9=,u=9+3. u//9=
m,*,//,8,3,9,24,2,m=8*3,m//9=,m=8*3. m//9=
f,*,-,7,6,2,42,40,f=7*6,f-2=,f=7*6. f-2=
n,//,-,8,8,5,1,-4,n=8//8,n-5=,n=8//8. n-5=
m,-,*,3,7,4,-4,-16,m=3-7,m*4=,m=3-7. m*4=
w,//,-,4,9,7,0,-7,w=4//9,w-7=,w=4//9. w-7=
g,-,+,5,3,4,2,6,g=5-3,g+4=,g=5-3. g+4=
e,-,//,5,4,8,1,0,e=5-4,e//8=,e=5-4. e//8=
t,*,//,1,1,4,1,0,t=1*1,t//4=,t=1*1. t//4=
u,+,//,6,4,4,10,2,u=6+4,u//4=,u=6+4. u//4=
h,-,+,7,5,1,2,3,h=7-5,h+1=,h=7-5. h+1=
x,*,*,3,2,9,6,54,x=3*2,x*9=,x=3*2. x*9=
f,*,-,5,8,1,40,39,f=5*8,f-1=,f=5*8. f-1=
h,*,//,9,9,2,81,40,h=9*9,h//2=,h=9*9. h//2=
q,-,+,5,6,3,-1,2,q=5-6,q+3=,q=5-6. q+3=
f,-,//,5,6,1,-1,-1,f=5-6,f//1=,f=5-6. f//1=
i,*,*,5,2,1,10,10,i=5*2,i*1=,i=5*2. i*1=
