n1,n2,intermediate,answer,eqfull
10,10,0,20,10 + 10 =
10,11,1,21,10 + 11 =
10,12,2,22,10 + 12 =
10,13,3,23,10 + 13 =
10,14,4,24,10 + 14 =
10,15,5,25,10 + 15 =
10,16,6,26,10 + 16 =
10,17,7,27,10 + 17 =
10,18,8,28,10 + 18 =
10,19,9,29,10 + 19 =
10,20,0,30,10 + 20 =
10,21,1,31,10 + 21 =
10,22,2,32,10 + 22 =
10,23,3,33,10 + 23 =
10,24,4,34,10 + 24 =
10,25,5,35,10 + 25 =
10,26,6,36,10 + 26 =
10,27,7,37,10 + 27 =
10,28,8,38,10 + 28 =
10,29,9,39,10 + 29 =
10,30,0,40,10 + 30 =
10,31,1,41,10 + 31 =
10,32,2,42,10 + 32 =
10,33,3,43,10 + 33 =
10,34,4,44,10 + 34 =
10,35,5,45,10 + 35 =
10,36,6,46,10 + 36 =
10,37,7,47,10 + 37 =
10,38,8,48,10 + 38 =
10,39,9,49,10 + 39 =
10,40,0,50,10 + 40 =
10,41,1,51,10 + 41 =
10,42,2,52,10 + 42 =
10,43,3,53,10 + 43 =
10,44,4,54,10 + 44 =
10,45,5,55,10 + 45 =
10,46,6,56,10 + 46 =
10,47,7,57,10 + 47 =
10,48,8,58,10 + 48 =
10,49,9,59,10 + 49 =
10,50,0,60,10 + 50 =
10,51,1,61,10 + 51 =
10,52,2,62,10 + 52 =
10,53,3,63,10 + 53 =
10,54,4,64,10 + 54 =
10,55,5,65,10 + 55 =
10,56,6,66,10 + 56 =
10,57,7,67,10 + 57 =
10,58,8,68,10 + 58 =
10,59,9,69,10 + 59 =
10,60,0,70,10 + 60 =
10,61,1,71,10 + 61 =
10,62,2,72,10 + 62 =
10,63,3,73,10 + 63 =
10,64,4,74,10 + 64 =
10,65,5,75,10 + 65 =
10,66,6,76,10 + 66 =
10,67,7,77,10 + 67 =
10,68,8,78,10 + 68 =
10,69,9,79,10 + 69 =
10,70,0,80,10 + 70 =
10,71,1,81,10 + 71 =
10,72,2,82,10 + 72 =
10,73,3,83,10 + 73 =
10,74,4,84,10 + 74 =
10,75,5,85,10 + 75 =
10,76,6,86,10 + 76 =
10,77,7,87,10 + 77 =
10,78,8,88,10 + 78 =
10,79,9,89,10 + 79 =
10,80,0,90,10 + 80 =
10,81,1,91,10 + 81 =
10,82,2,92,10 + 82 =
10,83,3,93,10 + 83 =
10,84,4,94,10 + 84 =
10,85,5,95,10 + 85 =
10,86,6,96,10 + 86 =
10,87,7,97,10 + 87 =
10,88,8,98,10 + 88 =
10,89,9,99,10 + 89 =
10,90,0,100,10 + 90 =
10,91,1,101,10 + 91 =
10,92,2,102,10 + 92 =
10,93,3,103,10 + 93 =
10,94,4,104,10 + 94 =
10,95,5,105,10 + 95 =
10,96,6,106,10 + 96 =
10,97,7,107,10 + 97 =
10,98,8,108,10 + 98 =
10,99,9,109,10 + 99 =
11,10,1,21,11 + 10 =
11,11,2,22,11 + 11 =
11,12,3,23,11 + 12 =
11,13,4,24,11 + 13 =
11,14,5,25,11 + 14 =
11,15,6,26,11 + 15 =
11,16,7,27,11 + 16 =
11,17,8,28,11 + 17 =
11,18,9,29,11 + 18 =
11,19,10,30,11 + 19 =
11,20,1,31,11 + 20 =
11,21,2,32,11 + 21 =
11,22,3,33,11 + 22 =
11,23,4,34,11 + 23 =
11,24,5,35,11 + 24 =
11,25,6,36,11 + 25 =
11,26,7,37,11 + 26 =
11,27,8,38,11 + 27 =
11,28,9,39,11 + 28 =
11,29,10,40,11 + 29 =
11,30,1,41,11 + 30 =
11,31,2,42,11 + 31 =
11,32,3,43,11 + 32 =
11,33,4,44,11 + 33 =
11,34,5,45,11 + 34 =
11,35,6,46,11 + 35 =
11,36,7,47,11 + 36 =
11,37,8,48,11 + 37 =
11,38,9,49,11 + 38 =
11,39,10,50,11 + 39 =
11,40,1,51,11 + 40 =
11,41,2,52,11 + 41 =
11,42,3,53,11 + 42 =
11,43,4,54,11 + 43 =
11,44,5,55,11 + 44 =
11,45,6,56,11 + 45 =
11,46,7,57,11 + 46 =
11,47,8,58,11 + 47 =
11,48,9,59,11 + 48 =
11,49,10,60,11 + 49 =
11,50,1,61,11 + 50 =
11,51,2,62,11 + 51 =
11,52,3,63,11 + 52 =
11,53,4,64,11 + 53 =
11,54,5,65,11 + 54 =
11,55,6,66,11 + 55 =
11,56,7,67,11 + 56 =
11,57,8,68,11 + 57 =
11,58,9,69,11 + 58 =
11,59,10,70,11 + 59 =
11,60,1,71,11 + 60 =
11,61,2,72,11 + 61 =
11,62,3,73,11 + 62 =
11,63,4,74,11 + 63 =
11,64,5,75,11 + 64 =
11,65,6,76,11 + 65 =
11,66,7,77,11 + 66 =
11,67,8,78,11 + 67 =
11,68,9,79,11 + 68 =
11,69,10,80,11 + 69 =
11,70,1,81,11 + 70 =
11,71,2,82,11 + 71 =
11,72,3,83,11 + 72 =
11,73,4,84,11 + 73 =
11,74,5,85,11 + 74 =
11,75,6,86,11 + 75 =
11,76,7,87,11 + 76 =
11,77,8,88,11 + 77 =
11,78,9,89,11 + 78 =
11,79,10,90,11 + 79 =
11,80,1,91,11 + 80 =
11,81,2,92,11 + 81 =
11,82,3,93,11 + 82 =
11,83,4,94,11 + 83 =
11,84,5,95,11 + 84 =
11,85,6,96,11 + 85 =
11,86,7,97,11 + 86 =
11,87,8,98,11 + 87 =
11,88,9,99,11 + 88 =
11,89,10,100,11 + 89 =
11,90,1,101,11 + 90 =
11,91,2,102,11 + 91 =
11,92,3,103,11 + 92 =
11,93,4,104,11 + 93 =
11,94,5,105,11 + 94 =
11,95,6,106,11 + 95 =
11,96,7,107,11 + 96 =
11,97,8,108,11 + 97 =
11,98,9,109,11 + 98 =
11,99,10,110,11 + 99 =
12,10,2,22,12 + 10 =
12,11,3,23,12 + 11 =
12,12,4,24,12 + 12 =
12,13,5,25,12 + 13 =
12,14,6,26,12 + 14 =
12,15,7,27,12 + 15 =
12,16,8,28,12 + 16 =
12,17,9,29,12 + 17 =
12,18,10,30,12 + 18 =
12,19,11,31,12 + 19 =
12,20,2,32,12 + 20 =
12,21,3,33,12 + 21 =
12,22,4,34,12 + 22 =
12,23,5,35,12 + 23 =
12,24,6,36,12 + 24 =
12,25,7,37,12 + 25 =
12,26,8,38,12 + 26 =
12,27,9,39,12 + 27 =
12,28,10,40,12 + 28 =
12,29,11,41,12 + 29 =
12,30,2,42,12 + 30 =
12,31,3,43,12 + 31 =
12,32,4,44,12 + 32 =
12,33,5,45,12 + 33 =
12,34,6,46,12 + 34 =
12,35,7,47,12 + 35 =
12,36,8,48,12 + 36 =
12,37,9,49,12 + 37 =
12,38,10,50,12 + 38 =
12,39,11,51,12 + 39 =
12,40,2,52,12 + 40 =
12,41,3,53,12 + 41 =
12,42,4,54,12 + 42 =
12,43,5,55,12 + 43 =
12,44,6,56,12 + 44 =
12,45,7,57,12 + 45 =
12,46,8,58,12 + 46 =
12,47,9,59,12 + 47 =
12,48,10,60,12 + 48 =
12,49,11,61,12 + 49 =
12,50,2,62,12 + 50 =
12,51,3,63,12 + 51 =
12,52,4,64,12 + 52 =
12,53,5,65,12 + 53 =
12,54,6,66,12 + 54 =
12,55,7,67,12 + 55 =
12,56,8,68,12 + 56 =
12,57,9,69,12 + 57 =
12,58,10,70,12 + 58 =
12,59,11,71,12 + 59 =
12,60,2,72,12 + 60 =
12,61,3,73,12 + 61 =
12,62,4,74,12 + 62 =
12,63,5,75,12 + 63 =
12,64,6,76,12 + 64 =
12,65,7,77,12 + 65 =
12,66,8,78,12 + 66 =
12,67,9,79,12 + 67 =
12,68,10,80,12 + 68 =
12,69,11,81,12 + 69 =
12,70,2,82,12 + 70 =
12,71,3,83,12 + 71 =
12,72,4,84,12 + 72 =
12,73,5,85,12 + 73 =
12,74,6,86,12 + 74 =
12,75,7,87,12 + 75 =
12,76,8,88,12 + 76 =
12,77,9,89,12 + 77 =
12,78,10,90,12 + 78 =
12,79,11,91,12 + 79 =
12,80,2,92,12 + 80 =
12,81,3,93,12 + 81 =
12,82,4,94,12 + 82 =
12,83,5,95,12 + 83 =
12,84,6,96,12 + 84 =
12,85,7,97,12 + 85 =
12,86,8,98,12 + 86 =
12,87,9,99,12 + 87 =
12,88,10,100,12 + 88 =
12,89,11,101,12 + 89 =
12,90,2,102,12 + 90 =
12,91,3,103,12 + 91 =
12,92,4,104,12 + 92 =
12,93,5,105,12 + 93 =
12,94,6,106,12 + 94 =
12,95,7,107,12 + 95 =
12,96,8,108,12 + 96 =
12,97,9,109,12 + 97 =
12,98,10,110,12 + 98 =
12,99,11,111,12 + 99 =
13,10,3,23,13 + 10 =
13,11,4,24,13 + 11 =
13,12,5,25,13 + 12 =
13,13,6,26,13 + 13 =
13,14,7,27,13 + 14 =
13,15,8,28,13 + 15 =
13,16,9,29,13 + 16 =
13,17,10,30,13 + 17 =
13,18,11,31,13 + 18 =
13,19,12,32,13 + 19 =
13,20,3,33,13 + 20 =
13,21,4,34,13 + 21 =
13,22,5,35,13 + 22 =
13,23,6,36,13 + 23 =
13,24,7,37,13 + 24 =
13,25,8,38,13 + 25 =
13,26,9,39,13 + 26 =
13,27,10,40,13 + 27 =
13,28,11,41,13 + 28 =
13,29,12,42,13 + 29 =
13,30,3,43,13 + 30 =
13,31,4,44,13 + 31 =
13,32,5,45,13 + 32 =
13,33,6,46,13 + 33 =
13,34,7,47,13 + 34 =
13,35,8,48,13 + 35 =
13,36,9,49,13 + 36 =
13,37,10,50,13 + 37 =
13,38,11,51,13 + 38 =
13,39,12,52,13 + 39 =
13,40,3,53,13 + 40 =
13,41,4,54,13 + 41 =
13,42,5,55,13 + 42 =
13,43,6,56,13 + 43 =
13,44,7,57,13 + 44 =
13,45,8,58,13 + 45 =
13,46,9,59,13 + 46 =
13,47,10,60,13 + 47 =
13,48,11,61,13 + 48 =
13,49,12,62,13 + 49 =
13,50,3,63,13 + 50 =
13,51,4,64,13 + 51 =
13,52,5,65,13 + 52 =
13,53,6,66,13 + 53 =
13,54,7,67,13 + 54 =
13,55,8,68,13 + 55 =
13,56,9,69,13 + 56 =
13,57,10,70,13 + 57 =
13,58,11,71,13 + 58 =
13,59,12,72,13 + 59 =
13,60,3,73,13 + 60 =
13,61,4,74,13 + 61 =
13,62,5,75,13 + 62 =
13,63,6,76,13 + 63 =
13,64,7,77,13 + 64 =
13,65,8,78,13 + 65 =
13,66,9,79,13 + 66 =
13,67,10,80,13 + 67 =
13,68,11,81,13 + 68 =
13,69,12,82,13 + 69 =
13,70,3,83,13 + 70 =
13,71,4,84,13 + 71 =
13,72,5,85,13 + 72 =
13,73,6,86,13 + 73 =
13,74,7,87,13 + 74 =
13,75,8,88,13 + 75 =
13,76,9,89,13 + 76 =
13,77,10,90,13 + 77 =
13,78,11,91,13 + 78 =
13,79,12,92,13 + 79 =
13,80,3,93,13 + 80 =
13,81,4,94,13 + 81 =
13,82,5,95,13 + 82 =
13,83,6,96,13 + 83 =
13,84,7,97,13 + 84 =
13,85,8,98,13 + 85 =
13,86,9,99,13 + 86 =
13,87,10,100,13 + 87 =
13,88,11,101,13 + 88 =
13,89,12,102,13 + 89 =
13,90,3,103,13 + 90 =
13,91,4,104,13 + 91 =
13,92,5,105,13 + 92 =
13,93,6,106,13 + 93 =
13,94,7,107,13 + 94 =
13,95,8,108,13 + 95 =
13,96,9,109,13 + 96 =
13,97,10,110,13 + 97 =
13,98,11,111,13 + 98 =
13,99,12,112,13 + 99 =
14,10,4,24,14 + 10 =
14,11,5,25,14 + 11 =
14,12,6,26,14 + 12 =
14,13,7,27,14 + 13 =
14,14,8,28,14 + 14 =
14,15,9,29,14 + 15 =
14,16,10,30,14 + 16 =
14,17,11,31,14 + 17 =
14,18,12,32,14 + 18 =
14,19,13,33,14 + 19 =
14,20,4,34,14 + 20 =
14,21,5,35,14 + 21 =
14,22,6,36,14 + 22 =
14,23,7,37,14 + 23 =
14,24,8,38,14 + 24 =
14,25,9,39,14 + 25 =
14,26,10,40,14 + 26 =
14,27,11,41,14 + 27 =
14,28,12,42,14 + 28 =
14,29,13,43,14 + 29 =
14,30,4,44,14 + 30 =
14,31,5,45,14 + 31 =
14,32,6,46,14 + 32 =
14,33,7,47,14 + 33 =
14,34,8,48,14 + 34 =
14,35,9,49,14 + 35 =
14,36,10,50,14 + 36 =
14,37,11,51,14 + 37 =
14,38,12,52,14 + 38 =
14,39,13,53,14 + 39 =
14,40,4,54,14 + 40 =
14,41,5,55,14 + 41 =
14,42,6,56,14 + 42 =
14,43,7,57,14 + 43 =
14,44,8,58,14 + 44 =
14,45,9,59,14 + 45 =
14,46,10,60,14 + 46 =
14,47,11,61,14 + 47 =
14,48,12,62,14 + 48 =
14,49,13,63,14 + 49 =
14,50,4,64,14 + 50 =
14,51,5,65,14 + 51 =
14,52,6,66,14 + 52 =
14,53,7,67,14 + 53 =
14,54,8,68,14 + 54 =
14,55,9,69,14 + 55 =
14,56,10,70,14 + 56 =
14,57,11,71,14 + 57 =
14,58,12,72,14 + 58 =
14,59,13,73,14 + 59 =
14,60,4,74,14 + 60 =
14,61,5,75,14 + 61 =
14,62,6,76,14 + 62 =
14,63,7,77,14 + 63 =
14,64,8,78,14 + 64 =
14,65,9,79,14 + 65 =
14,66,10,80,14 + 66 =
14,67,11,81,14 + 67 =
14,68,12,82,14 + 68 =
14,69,13,83,14 + 69 =
14,70,4,84,14 + 70 =
14,71,5,85,14 + 71 =
14,72,6,86,14 + 72 =
14,73,7,87,14 + 73 =
14,74,8,88,14 + 74 =
14,75,9,89,14 + 75 =
14,76,10,90,14 + 76 =
14,77,11,91,14 + 77 =
14,78,12,92,14 + 78 =
14,79,13,93,14 + 79 =
14,80,4,94,14 + 80 =
14,81,5,95,14 + 81 =
14,82,6,96,14 + 82 =
14,83,7,97,14 + 83 =
14,84,8,98,14 + 84 =
14,85,9,99,14 + 85 =
14,86,10,100,14 + 86 =
14,87,11,101,14 + 87 =
14,88,12,102,14 + 88 =
14,89,13,103,14 + 89 =
14,90,4,104,14 + 90 =
14,91,5,105,14 + 91 =
14,92,6,106,14 + 92 =
14,93,7,107,14 + 93 =
14,94,8,108,14 + 94 =
14,95,9,109,14 + 95 =
14,96,10,110,14 + 96 =
14,97,11,111,14 + 97 =
14,98,12,112,14 + 98 =
14,99,13,113,14 + 99 =
15,10,5,25,15 + 10 =
15,11,6,26,15 + 11 =
15,12,7,27,15 + 12 =
15,13,8,28,15 + 13 =
15,14,9,29,15 + 14 =
15,15,10,30,15 + 15 =
15,16,11,31,15 + 16 =
15,17,12,32,15 + 17 =
15,18,13,33,15 + 18 =
15,19,14,34,15 + 19 =
15,20,5,35,15 + 20 =
15,21,6,36,15 + 21 =
15,22,7,37,15 + 22 =
15,23,8,38,15 + 23 =
15,24,9,39,15 + 24 =
15,25,10,40,15 + 25 =
15,26,11,41,15 + 26 =
15,27,12,42,15 + 27 =
15,28,13,43,15 + 28 =
15,29,14,44,15 + 29 =
15,30,5,45,15 + 30 =
15,31,6,46,15 + 31 =
15,32,7,47,15 + 32 =
15,33,8,48,15 + 33 =
15,34,9,49,15 + 34 =
15,35,10,50,15 + 35 =
15,36,11,51,15 + 36 =
15,37,12,52,15 + 37 =
15,38,13,53,15 + 38 =
15,39,14,54,15 + 39 =
15,40,5,55,15 + 40 =
15,41,6,56,15 + 41 =
15,42,7,57,15 + 42 =
15,43,8,58,15 + 43 =
15,44,9,59,15 + 44 =
15,45,10,60,15 + 45 =
15,46,11,61,15 + 46 =
15,47,12,62,15 + 47 =
15,48,13,63,15 + 48 =
15,49,14,64,15 + 49 =
15,50,5,65,15 + 50 =
15,51,6,66,15 + 51 =
15,52,7,67,15 + 52 =
15,53,8,68,15 + 53 =
15,54,9,69,15 + 54 =
15,55,10,70,15 + 55 =
15,56,11,71,15 + 56 =
15,57,12,72,15 + 57 =
15,58,13,73,15 + 58 =
15,59,14,74,15 + 59 =
15,60,5,75,15 + 60 =
15,61,6,76,15 + 61 =
15,62,7,77,15 + 62 =
15,63,8,78,15 + 63 =
15,64,9,79,15 + 64 =
15,65,10,80,15 + 65 =
15,66,11,81,15 + 66 =
15,67,12,82,15 + 67 =
15,68,13,83,15 + 68 =
15,69,14,84,15 + 69 =
15,70,5,85,15 + 70 =
15,71,6,86,15 + 71 =
15,72,7,87,15 + 72 =
15,73,8,88,15 + 73 =
15,74,9,89,15 + 74 =
15,75,10,90,15 + 75 =
15,76,11,91,15 + 76 =
15,77,12,92,15 + 77 =
15,78,13,93,15 + 78 =
15,79,14,94,15 + 79 =
15,80,5,95,15 + 80 =
15,81,6,96,15 + 81 =
15,82,7,97,15 + 82 =
15,83,8,98,15 + 83 =
15,84,9,99,15 + 84 =
15,85,10,100,15 + 85 =
15,86,11,101,15 + 86 =
15,87,12,102,15 + 87 =
15,88,13,103,15 + 88 =
15,89,14,104,15 + 89 =
15,90,5,105,15 + 90 =
15,91,6,106,15 + 91 =
15,92,7,107,15 + 92 =
15,93,8,108,15 + 93 =
15,94,9,109,15 + 94 =
15,95,10,110,15 + 95 =
15,96,11,111,15 + 96 =
15,97,12,112,15 + 97 =
15,98,13,113,15 + 98 =
15,99,14,114,15 + 99 =
16,10,6,26,16 + 10 =
16,11,7,27,16 + 11 =
16,12,8,28,16 + 12 =
16,13,9,29,16 + 13 =
16,14,10,30,16 + 14 =
16,15,11,31,16 + 15 =
16,16,12,32,16 + 16 =
16,17,13,33,16 + 17 =
16,18,14,34,16 + 18 =
16,19,15,35,16 + 19 =
16,20,6,36,16 + 20 =
16,21,7,37,16 + 21 =
16,22,8,38,16 + 22 =
16,23,9,39,16 + 23 =
16,24,10,40,16 + 24 =
16,25,11,41,16 + 25 =
16,26,12,42,16 + 26 =
16,27,13,43,16 + 27 =
16,28,14,44,16 + 28 =
16,29,15,45,16 + 29 =
16,30,6,46,16 + 30 =
16,31,7,47,16 + 31 =
16,32,8,48,16 + 32 =
16,33,9,49,16 + 33 =
16,34,10,50,16 + 34 =
16,35,11,51,16 + 35 =
16,36,12,52,16 + 36 =
16,37,13,53,16 + 37 =
16,38,14,54,16 + 38 =
16,39,15,55,16 + 39 =
16,40,6,56,16 + 40 =
16,41,7,57,16 + 41 =
16,42,8,58,16 + 42 =
16,43,9,59,16 + 43 =
16,44,10,60,16 + 44 =
16,45,11,61,16 + 45 =
16,46,12,62,16 + 46 =
16,47,13,63,16 + 47 =
16,48,14,64,16 + 48 =
16,49,15,65,16 + 49 =
16,50,6,66,16 + 50 =
16,51,7,67,16 + 51 =
16,52,8,68,16 + 52 =
16,53,9,69,16 + 53 =
16,54,10,70,16 + 54 =
16,55,11,71,16 + 55 =
16,56,12,72,16 + 56 =
16,57,13,73,16 + 57 =
16,58,14,74,16 + 58 =
16,59,15,75,16 + 59 =
16,60,6,76,16 + 60 =
16,61,7,77,16 + 61 =
16,62,8,78,16 + 62 =
16,63,9,79,16 + 63 =
16,64,10,80,16 + 64 =
16,65,11,81,16 + 65 =
16,66,12,82,16 + 66 =
16,67,13,83,16 + 67 =
16,68,14,84,16 + 68 =
16,69,15,85,16 + 69 =
16,70,6,86,16 + 70 =
16,71,7,87,16 + 71 =
16,72,8,88,16 + 72 =
16,73,9,89,16 + 73 =
16,74,10,90,16 + 74 =
16,75,11,91,16 + 75 =
16,76,12,92,16 + 76 =
16,77,13,93,16 + 77 =
16,78,14,94,16 + 78 =
16,79,15,95,16 + 79 =
16,80,6,96,16 + 80 =
16,81,7,97,16 + 81 =
16,82,8,98,16 + 82 =
16,83,9,99,16 + 83 =
16,84,10,100,16 + 84 =
16,85,11,101,16 + 85 =
16,86,12,102,16 + 86 =
16,87,13,103,16 + 87 =
16,88,14,104,16 + 88 =
16,89,15,105,16 + 89 =
16,90,6,106,16 + 90 =
16,91,7,107,16 + 91 =
16,92,8,108,16 + 92 =
16,93,9,109,16 + 93 =
16,94,10,110,16 + 94 =
16,95,11,111,16 + 95 =
16,96,12,112,16 + 96 =
16,97,13,113,16 + 97 =
16,98,14,114,16 + 98 =
16,99,15,115,16 + 99 =
17,10,7,27,17 + 10 =
17,11,8,28,17 + 11 =
17,12,9,29,17 + 12 =
17,13,10,30,17 + 13 =
17,14,11,31,17 + 14 =
17,15,12,32,17 + 15 =
17,16,13,33,17 + 16 =
17,17,14,34,17 + 17 =
17,18,15,35,17 + 18 =
17,19,16,36,17 + 19 =
17,20,7,37,17 + 20 =
17,21,8,38,17 + 21 =
17,22,9,39,17 + 22 =
17,23,10,40,17 + 23 =
17,24,11,41,17 + 24 =
17,25,12,42,17 + 25 =
17,26,13,43,17 + 26 =
17,27,14,44,17 + 27 =
17,28,15,45,17 + 28 =
17,29,16,46,17 + 29 =
17,30,7,47,17 + 30 =
17,31,8,48,17 + 31 =
17,32,9,49,17 + 32 =
17,33,10,50,17 + 33 =
17,34,11,51,17 + 34 =
17,35,12,52,17 + 35 =
17,36,13,53,17 + 36 =
17,37,14,54,17 + 37 =
17,38,15,55,17 + 38 =
17,39,16,56,17 + 39 =
17,40,7,57,17 + 40 =
17,41,8,58,17 + 41 =
17,42,9,59,17 + 42 =
17,43,10,60,17 + 43 =
17,44,11,61,17 + 44 =
17,45,12,62,17 + 45 =
17,46,13,63,17 + 46 =
17,47,14,64,17 + 47 =
17,48,15,65,17 + 48 =
17,49,16,66,17 + 49 =
17,50,7,67,17 + 50 =
17,51,8,68,17 + 51 =
17,52,9,69,17 + 52 =
17,53,10,70,17 + 53 =
17,54,11,71,17 + 54 =
17,55,12,72,17 + 55 =
17,56,13,73,17 + 56 =
17,57,14,74,17 + 57 =
17,58,15,75,17 + 58 =
17,59,16,76,17 + 59 =
17,60,7,77,17 + 60 =
17,61,8,78,17 + 61 =
17,62,9,79,17 + 62 =
17,63,10,80,17 + 63 =
17,64,11,81,17 + 64 =
17,65,12,82,17 + 65 =
17,66,13,83,17 + 66 =
17,67,14,84,17 + 67 =
17,68,15,85,17 + 68 =
17,69,16,86,17 + 69 =
17,70,7,87,17 + 70 =
17,71,8,88,17 + 71 =
17,72,9,89,17 + 72 =
17,73,10,90,17 + 73 =
17,74,11,91,17 + 74 =
17,75,12,92,17 + 75 =
17,76,13,93,17 + 76 =
17,77,14,94,17 + 77 =
17,78,15,95,17 + 78 =
17,79,16,96,17 + 79 =
17,80,7,97,17 + 80 =
17,81,8,98,17 + 81 =
17,82,9,99,17 + 82 =
17,83,10,100,17 + 83 =
17,84,11,101,17 + 84 =
17,85,12,102,17 + 85 =
17,86,13,103,17 + 86 =
17,87,14,104,17 + 87 =
17,88,15,105,17 + 88 =
17,89,16,106,17 + 89 =
17,90,7,107,17 + 90 =
17,91,8,108,17 + 91 =
17,92,9,109,17 + 92 =
17,93,10,110,17 + 93 =
17,94,11,111,17 + 94 =
17,95,12,112,17 + 95 =
17,96,13,113,17 + 96 =
17,97,14,114,17 + 97 =
17,98,15,115,17 + 98 =
17,99,16,116,17 + 99 =
18,10,8,28,18 + 10 =
18,11,9,29,18 + 11 =
18,12,10,30,18 + 12 =
18,13,11,31,18 + 13 =
18,14,12,32,18 + 14 =
18,15,13,33,18 + 15 =
18,16,14,34,18 + 16 =
18,17,15,35,18 + 17 =
18,18,16,36,18 + 18 =
18,19,17,37,18 + 19 =
18,20,8,38,18 + 20 =
18,21,9,39,18 + 21 =
18,22,10,40,18 + 22 =
18,23,11,41,18 + 23 =
18,24,12,42,18 + 24 =
18,25,13,43,18 + 25 =
18,26,14,44,18 + 26 =
18,27,15,45,18 + 27 =
18,28,16,46,18 + 28 =
18,29,17,47,18 + 29 =
18,30,8,48,18 + 30 =
18,31,9,49,18 + 31 =
18,32,10,50,18 + 32 =
18,33,11,51,18 + 33 =
18,34,12,52,18 + 34 =
18,35,13,53,18 + 35 =
18,36,14,54,18 + 36 =
18,37,15,55,18 + 37 =
18,38,16,56,18 + 38 =
18,39,17,57,18 + 39 =
18,40,8,58,18 + 40 =
18,41,9,59,18 + 41 =
18,42,10,60,18 + 42 =
18,43,11,61,18 + 43 =
18,44,12,62,18 + 44 =
18,45,13,63,18 + 45 =
18,46,14,64,18 + 46 =
18,47,15,65,18 + 47 =
18,48,16,66,18 + 48 =
18,49,17,67,18 + 49 =
18,50,8,68,18 + 50 =
18,51,9,69,18 + 51 =
18,52,10,70,18 + 52 =
18,53,11,71,18 + 53 =
18,54,12,72,18 + 54 =
18,55,13,73,18 + 55 =
18,56,14,74,18 + 56 =
18,57,15,75,18 + 57 =
18,58,16,76,18 + 58 =
18,59,17,77,18 + 59 =
18,60,8,78,18 + 60 =
18,61,9,79,18 + 61 =
18,62,10,80,18 + 62 =
18,63,11,81,18 + 63 =
18,64,12,82,18 + 64 =
18,65,13,83,18 + 65 =
18,66,14,84,18 + 66 =
18,67,15,85,18 + 67 =
18,68,16,86,18 + 68 =
18,69,17,87,18 + 69 =
18,70,8,88,18 + 70 =
18,71,9,89,18 + 71 =
18,72,10,90,18 + 72 =
18,73,11,91,18 + 73 =
18,74,12,92,18 + 74 =
18,75,13,93,18 + 75 =
18,76,14,94,18 + 76 =
18,77,15,95,18 + 77 =
18,78,16,96,18 + 78 =
18,79,17,97,18 + 79 =
18,80,8,98,18 + 80 =
18,81,9,99,18 + 81 =
18,82,10,100,18 + 82 =
18,83,11,101,18 + 83 =
18,84,12,102,18 + 84 =
18,85,13,103,18 + 85 =
18,86,14,104,18 + 86 =
18,87,15,105,18 + 87 =
18,88,16,106,18 + 88 =
18,89,17,107,18 + 89 =
18,90,8,108,18 + 90 =
18,91,9,109,18 + 91 =
18,92,10,110,18 + 92 =
18,93,11,111,18 + 93 =
18,94,12,112,18 + 94 =
18,95,13,113,18 + 95 =
18,96,14,114,18 + 96 =
18,97,15,115,18 + 97 =
18,98,16,116,18 + 98 =
18,99,17,117,18 + 99 =
19,10,9,29,19 + 10 =
19,11,10,30,19 + 11 =
19,12,11,31,19 + 12 =
19,13,12,32,19 + 13 =
19,14,13,33,19 + 14 =
19,15,14,34,19 + 15 =
19,16,15,35,19 + 16 =
19,17,16,36,19 + 17 =
19,18,17,37,19 + 18 =
19,19,18,38,19 + 19 =
19,20,9,39,19 + 20 =
19,21,10,40,19 + 21 =
19,22,11,41,19 + 22 =
19,23,12,42,19 + 23 =
19,24,13,43,19 + 24 =
19,25,14,44,19 + 25 =
19,26,15,45,19 + 26 =
19,27,16,46,19 + 27 =
19,28,17,47,19 + 28 =
19,29,18,48,19 + 29 =
19,30,9,49,19 + 30 =
19,31,10,50,19 + 31 =
19,32,11,51,19 + 32 =
19,33,12,52,19 + 33 =
19,34,13,53,19 + 34 =
19,35,14,54,19 + 35 =
19,36,15,55,19 + 36 =
19,37,16,56,19 + 37 =
19,38,17,57,19 + 38 =
19,39,18,58,19 + 39 =
19,40,9,59,19 + 40 =
19,41,10,60,19 + 41 =
19,42,11,61,19 + 42 =
19,43,12,62,19 + 43 =
19,44,13,63,19 + 44 =
19,45,14,64,19 + 45 =
19,46,15,65,19 + 46 =
19,47,16,66,19 + 47 =
19,48,17,67,19 + 48 =
19,49,18,68,19 + 49 =
19,50,9,69,19 + 50 =
19,51,10,70,19 + 51 =
19,52,11,71,19 + 52 =
19,53,12,72,19 + 53 =
19,54,13,73,19 + 54 =
19,55,14,74,19 + 55 =
19,56,15,75,19 + 56 =
19,57,16,76,19 + 57 =
19,58,17,77,19 + 58 =
19,59,18,78,19 + 59 =
19,60,9,79,19 + 60 =
19,61,10,80,19 + 61 =
19,62,11,81,19 + 62 =
19,63,12,82,19 + 63 =
19,64,13,83,19 + 64 =
19,65,14,84,19 + 65 =
19,66,15,85,19 + 66 =
19,67,16,86,19 + 67 =
19,68,17,87,19 + 68 =
19,69,18,88,19 + 69 =
19,70,9,89,19 + 70 =
19,71,10,90,19 + 71 =
19,72,11,91,19 + 72 =
19,73,12,92,19 + 73 =
19,74,13,93,19 + 74 =
19,75,14,94,19 + 75 =
19,76,15,95,19 + 76 =
19,77,16,96,19 + 77 =
19,78,17,97,19 + 78 =
19,79,18,98,19 + 79 =
19,80,9,99,19 + 80 =
19,81,10,100,19 + 81 =
19,82,11,101,19 + 82 =
19,83,12,102,19 + 83 =
19,84,13,103,19 + 84 =
19,85,14,104,19 + 85 =
19,86,15,105,19 + 86 =
19,87,16,106,19 + 87 =
19,88,17,107,19 + 88 =
19,89,18,108,19 + 89 =
19,90,9,109,19 + 90 =
19,91,10,110,19 + 91 =
19,92,11,111,19 + 92 =
19,93,12,112,19 + 93 =
19,94,13,113,19 + 94 =
19,95,14,114,19 + 95 =
19,96,15,115,19 + 96 =
19,97,16,116,19 + 97 =
19,98,17,117,19 + 98 =
19,99,18,118,19 + 99 =
20,10,0,30,20 + 10 =
20,11,1,31,20 + 11 =
20,12,2,32,20 + 12 =
20,13,3,33,20 + 13 =
20,14,4,34,20 + 14 =
20,15,5,35,20 + 15 =
20,16,6,36,20 + 16 =
20,17,7,37,20 + 17 =
20,18,8,38,20 + 18 =
20,19,9,39,20 + 19 =
20,20,0,40,20 + 20 =
20,21,1,41,20 + 21 =
20,22,2,42,20 + 22 =
20,23,3,43,20 + 23 =
20,24,4,44,20 + 24 =
20,25,5,45,20 + 25 =
20,26,6,46,20 + 26 =
20,27,7,47,20 + 27 =
20,28,8,48,20 + 28 =
20,29,9,49,20 + 29 =
20,30,0,50,20 + 30 =
20,31,1,51,20 + 31 =
20,32,2,52,20 + 32 =
20,33,3,53,20 + 33 =
20,34,4,54,20 + 34 =
20,35,5,55,20 + 35 =
20,36,6,56,20 + 36 =
20,37,7,57,20 + 37 =
20,38,8,58,20 + 38 =
20,39,9,59,20 + 39 =
20,40,0,60,20 + 40 =
20,41,1,61,20 + 41 =
20,42,2,62,20 + 42 =
20,43,3,63,20 + 43 =
20,44,4,64,20 + 44 =
20,45,5,65,20 + 45 =
20,46,6,66,20 + 46 =
20,47,7,67,20 + 47 =
20,48,8,68,20 + 48 =
20,49,9,69,20 + 49 =
20,50,0,70,20 + 50 =
20,51,1,71,20 + 51 =
20,52,2,72,20 + 52 =
20,53,3,73,20 + 53 =
20,54,4,74,20 + 54 =
20,55,5,75,20 + 55 =
20,56,6,76,20 + 56 =
20,57,7,77,20 + 57 =
20,58,8,78,20 + 58 =
20,59,9,79,20 + 59 =
20,60,0,80,20 + 60 =
20,61,1,81,20 + 61 =
20,62,2,82,20 + 62 =
20,63,3,83,20 + 63 =
20,64,4,84,20 + 64 =
20,65,5,85,20 + 65 =
20,66,6,86,20 + 66 =
20,67,7,87,20 + 67 =
20,68,8,88,20 + 68 =
20,69,9,89,20 + 69 =
20,70,0,90,20 + 70 =
20,71,1,91,20 + 71 =
20,72,2,92,20 + 72 =
20,73,3,93,20 + 73 =
20,74,4,94,20 + 74 =
20,75,5,95,20 + 75 =
20,76,6,96,20 + 76 =
20,77,7,97,20 + 77 =
20,78,8,98,20 + 78 =
20,79,9,99,20 + 79 =
20,80,0,100,20 + 80 =
20,81,1,101,20 + 81 =
20,82,2,102,20 + 82 =
20,83,3,103,20 + 83 =
20,84,4,104,20 + 84 =
20,85,5,105,20 + 85 =
20,86,6,106,20 + 86 =
20,87,7,107,20 + 87 =
20,88,8,108,20 + 88 =
20,89,9,109,20 + 89 =
20,90,0,110,20 + 90 =
20,91,1,111,20 + 91 =
20,92,2,112,20 + 92 =
20,93,3,113,20 + 93 =
20,94,4,114,20 + 94 =
20,95,5,115,20 + 95 =
20,96,6,116,20 + 96 =
20,97,7,117,20 + 97 =
20,98,8,118,20 + 98 =
20,99,9,119,20 + 99 =
21,10,1,31,21 + 10 =
21,11,2,32,21 + 11 =
21,12,3,33,21 + 12 =
21,13,4,34,21 + 13 =
21,14,5,35,21 + 14 =
21,15,6,36,21 + 15 =
21,16,7,37,21 + 16 =
21,17,8,38,21 + 17 =
21,18,9,39,21 + 18 =
21,19,10,40,21 + 19 =
21,20,1,41,21 + 20 =
21,21,2,42,21 + 21 =
21,22,3,43,21 + 22 =
21,23,4,44,21 + 23 =
21,24,5,45,21 + 24 =
21,25,6,46,21 + 25 =
21,26,7,47,21 + 26 =
21,27,8,48,21 + 27 =
21,28,9,49,21 + 28 =
21,29,10,50,21 + 29 =
21,30,1,51,21 + 30 =
21,31,2,52,21 + 31 =
21,32,3,53,21 + 32 =
21,33,4,54,21 + 33 =
21,34,5,55,21 + 34 =
21,35,6,56,21 + 35 =
21,36,7,57,21 + 36 =
21,37,8,58,21 + 37 =
21,38,9,59,21 + 38 =
21,39,10,60,21 + 39 =
21,40,1,61,21 + 40 =
21,41,2,62,21 + 41 =
21,42,3,63,21 + 42 =
21,43,4,64,21 + 43 =
21,44,5,65,21 + 44 =
21,45,6,66,21 + 45 =
21,46,7,67,21 + 46 =
21,47,8,68,21 + 47 =
21,48,9,69,21 + 48 =
21,49,10,70,21 + 49 =
21,50,1,71,21 + 50 =
21,51,2,72,21 + 51 =
21,52,3,73,21 + 52 =
21,53,4,74,21 + 53 =
21,54,5,75,21 + 54 =
21,55,6,76,21 + 55 =
21,56,7,77,21 + 56 =
21,57,8,78,21 + 57 =
21,58,9,79,21 + 58 =
21,59,10,80,21 + 59 =
21,60,1,81,21 + 60 =
21,61,2,82,21 + 61 =
21,62,3,83,21 + 62 =
21,63,4,84,21 + 63 =
21,64,5,85,21 + 64 =
21,65,6,86,21 + 65 =
21,66,7,87,21 + 66 =
21,67,8,88,21 + 67 =
21,68,9,89,21 + 68 =
21,69,10,90,21 + 69 =
21,70,1,91,21 + 70 =
21,71,2,92,21 + 71 =
21,72,3,93,21 + 72 =
21,73,4,94,21 + 73 =
21,74,5,95,21 + 74 =
21,75,6,96,21 + 75 =
21,76,7,97,21 + 76 =
21,77,8,98,21 + 77 =
21,78,9,99,21 + 78 =
21,79,10,100,21 + 79 =
21,80,1,101,21 + 80 =
21,81,2,102,21 + 81 =
21,82,3,103,21 + 82 =
21,83,4,104,21 + 83 =
21,84,5,105,21 + 84 =
21,85,6,106,21 + 85 =
21,86,7,107,21 + 86 =
21,87,8,108,21 + 87 =
21,88,9,109,21 + 88 =
21,89,10,110,21 + 89 =
21,90,1,111,21 + 90 =
21,91,2,112,21 + 91 =
21,92,3,113,21 + 92 =
21,93,4,114,21 + 93 =
21,94,5,115,21 + 94 =
21,95,6,116,21 + 95 =
21,96,7,117,21 + 96 =
21,97,8,118,21 + 97 =
21,98,9,119,21 + 98 =
21,99,10,120,21 + 99 =
22,10,2,32,22 + 10 =
22,11,3,33,22 + 11 =
22,12,4,34,22 + 12 =
22,13,5,35,22 + 13 =
22,14,6,36,22 + 14 =
22,15,7,37,22 + 15 =
22,16,8,38,22 + 16 =
22,17,9,39,22 + 17 =
22,18,10,40,22 + 18 =
22,19,11,41,22 + 19 =
22,20,2,42,22 + 20 =
22,21,3,43,22 + 21 =
22,22,4,44,22 + 22 =
22,23,5,45,22 + 23 =
22,24,6,46,22 + 24 =
22,25,7,47,22 + 25 =
22,26,8,48,22 + 26 =
22,27,9,49,22 + 27 =
22,28,10,50,22 + 28 =
22,29,11,51,22 + 29 =
22,30,2,52,22 + 30 =
22,31,3,53,22 + 31 =
22,32,4,54,22 + 32 =
22,33,5,55,22 + 33 =
22,34,6,56,22 + 34 =
22,35,7,57,22 + 35 =
22,36,8,58,22 + 36 =
22,37,9,59,22 + 37 =
22,38,10,60,22 + 38 =
22,39,11,61,22 + 39 =
22,40,2,62,22 + 40 =
22,41,3,63,22 + 41 =
22,42,4,64,22 + 42 =
22,43,5,65,22 + 43 =
22,44,6,66,22 + 44 =
22,45,7,67,22 + 45 =
22,46,8,68,22 + 46 =
22,47,9,69,22 + 47 =
22,48,10,70,22 + 48 =
22,49,11,71,22 + 49 =
22,50,2,72,22 + 50 =
22,51,3,73,22 + 51 =
22,52,4,74,22 + 52 =
22,53,5,75,22 + 53 =
22,54,6,76,22 + 54 =
22,55,7,77,22 + 55 =
22,56,8,78,22 + 56 =
22,57,9,79,22 + 57 =
22,58,10,80,22 + 58 =
22,59,11,81,22 + 59 =
22,60,2,82,22 + 60 =
22,61,3,83,22 + 61 =
22,62,4,84,22 + 62 =
22,63,5,85,22 + 63 =
22,64,6,86,22 + 64 =
22,65,7,87,22 + 65 =
22,66,8,88,22 + 66 =
22,67,9,89,22 + 67 =
22,68,10,90,22 + 68 =
22,69,11,91,22 + 69 =
22,70,2,92,22 + 70 =
22,71,3,93,22 + 71 =
22,72,4,94,22 + 72 =
22,73,5,95,22 + 73 =
22,74,6,96,22 + 74 =
22,75,7,97,22 + 75 =
22,76,8,98,22 + 76 =
22,77,9,99,22 + 77 =
22,78,10,100,22 + 78 =
22,79,11,101,22 + 79 =
22,80,2,102,22 + 80 =
22,81,3,103,22 + 81 =
22,82,4,104,22 + 82 =
22,83,5,105,22 + 83 =
22,84,6,106,22 + 84 =
22,85,7,107,22 + 85 =
22,86,8,108,22 + 86 =
22,87,9,109,22 + 87 =
22,88,10,110,22 + 88 =
22,89,11,111,22 + 89 =
22,90,2,112,22 + 90 =
22,91,3,113,22 + 91 =
22,92,4,114,22 + 92 =
22,93,5,115,22 + 93 =
22,94,6,116,22 + 94 =
22,95,7,117,22 + 95 =
22,96,8,118,22 + 96 =
22,97,9,119,22 + 97 =
22,98,10,120,22 + 98 =
22,99,11,121,22 + 99 =
23,10,3,33,23 + 10 =
23,11,4,34,23 + 11 =
23,12,5,35,23 + 12 =
23,13,6,36,23 + 13 =
23,14,7,37,23 + 14 =
23,15,8,38,23 + 15 =
23,16,9,39,23 + 16 =
23,17,10,40,23 + 17 =
23,18,11,41,23 + 18 =
23,19,12,42,23 + 19 =
23,20,3,43,23 + 20 =
23,21,4,44,23 + 21 =
23,22,5,45,23 + 22 =
23,23,6,46,23 + 23 =
23,24,7,47,23 + 24 =
23,25,8,48,23 + 25 =
23,26,9,49,23 + 26 =
23,27,10,50,23 + 27 =
23,28,11,51,23 + 28 =
23,29,12,52,23 + 29 =
23,30,3,53,23 + 30 =
23,31,4,54,23 + 31 =
23,32,5,55,23 + 32 =
23,33,6,56,23 + 33 =
23,34,7,57,23 + 34 =
23,35,8,58,23 + 35 =
23,36,9,59,23 + 36 =
23,37,10,60,23 + 37 =
23,38,11,61,23 + 38 =
23,39,12,62,23 + 39 =
23,40,3,63,23 + 40 =
23,41,4,64,23 + 41 =
23,42,5,65,23 + 42 =
23,43,6,66,23 + 43 =
23,44,7,67,23 + 44 =
23,45,8,68,23 + 45 =
23,46,9,69,23 + 46 =
23,47,10,70,23 + 47 =
23,48,11,71,23 + 48 =
23,49,12,72,23 + 49 =
23,50,3,73,23 + 50 =
23,51,4,74,23 + 51 =
23,52,5,75,23 + 52 =
23,53,6,76,23 + 53 =
23,54,7,77,23 + 54 =
23,55,8,78,23 + 55 =
23,56,9,79,23 + 56 =
23,57,10,80,23 + 57 =
23,58,11,81,23 + 58 =
23,59,12,82,23 + 59 =
23,60,3,83,23 + 60 =
23,61,4,84,23 + 61 =
23,62,5,85,23 + 62 =
23,63,6,86,23 + 63 =
23,64,7,87,23 + 64 =
23,65,8,88,23 + 65 =
23,66,9,89,23 + 66 =
23,67,10,90,23 + 67 =
23,68,11,91,23 + 68 =
23,69,12,92,23 + 69 =
23,70,3,93,23 + 70 =
23,71,4,94,23 + 71 =
23,72,5,95,23 + 72 =
23,73,6,96,23 + 73 =
23,74,7,97,23 + 74 =
23,75,8,98,23 + 75 =
23,76,9,99,23 + 76 =
23,77,10,100,23 + 77 =
23,78,11,101,23 + 78 =
23,79,12,102,23 + 79 =
23,80,3,103,23 + 80 =
23,81,4,104,23 + 81 =
23,82,5,105,23 + 82 =
23,83,6,106,23 + 83 =
23,84,7,107,23 + 84 =
23,85,8,108,23 + 85 =
23,86,9,109,23 + 86 =
23,87,10,110,23 + 87 =
23,88,11,111,23 + 88 =
23,89,12,112,23 + 89 =
23,90,3,113,23 + 90 =
23,91,4,114,23 + 91 =
23,92,5,115,23 + 92 =
23,93,6,116,23 + 93 =
23,94,7,117,23 + 94 =
23,95,8,118,23 + 95 =
23,96,9,119,23 + 96 =
23,97,10,120,23 + 97 =
23,98,11,121,23 + 98 =
23,99,12,122,23 + 99 =
24,10,4,34,24 + 10 =
24,11,5,35,24 + 11 =
24,12,6,36,24 + 12 =
24,13,7,37,24 + 13 =
24,14,8,38,24 + 14 =
24,15,9,39,24 + 15 =
24,16,10,40,24 + 16 =
24,17,11,41,24 + 17 =
24,18,12,42,24 + 18 =
24,19,13,43,24 + 19 =
24,20,4,44,24 + 20 =
24,21,5,45,24 + 21 =
24,22,6,46,24 + 22 =
24,23,7,47,24 + 23 =
24,24,8,48,24 + 24 =
24,25,9,49,24 + 25 =
24,26,10,50,24 + 26 =
24,27,11,51,24 + 27 =
24,28,12,52,24 + 28 =
24,29,13,53,24 + 29 =
24,30,4,54,24 + 30 =
24,31,5,55,24 + 31 =
24,32,6,56,24 + 32 =
24,33,7,57,24 + 33 =
24,34,8,58,24 + 34 =
24,35,9,59,24 + 35 =
24,36,10,60,24 + 36 =
24,37,11,61,24 + 37 =
24,38,12,62,24 + 38 =
24,39,13,63,24 + 39 =
24,40,4,64,24 + 40 =
24,41,5,65,24 + 41 =
24,42,6,66,24 + 42 =
24,43,7,67,24 + 43 =
24,44,8,68,24 + 44 =
24,45,9,69,24 + 45 =
24,46,10,70,24 + 46 =
24,47,11,71,24 + 47 =
24,48,12,72,24 + 48 =
24,49,13,73,24 + 49 =
24,50,4,74,24 + 50 =
24,51,5,75,24 + 51 =
24,52,6,76,24 + 52 =
24,53,7,77,24 + 53 =
24,54,8,78,24 + 54 =
24,55,9,79,24 + 55 =
24,56,10,80,24 + 56 =
24,57,11,81,24 + 57 =
24,58,12,82,24 + 58 =
24,59,13,83,24 + 59 =
24,60,4,84,24 + 60 =
24,61,5,85,24 + 61 =
24,62,6,86,24 + 62 =
24,63,7,87,24 + 63 =
24,64,8,88,24 + 64 =
24,65,9,89,24 + 65 =
24,66,10,90,24 + 66 =
24,67,11,91,24 + 67 =
24,68,12,92,24 + 68 =
24,69,13,93,24 + 69 =
24,70,4,94,24 + 70 =
24,71,5,95,24 + 71 =
24,72,6,96,24 + 72 =
24,73,7,97,24 + 73 =
24,74,8,98,24 + 74 =
24,75,9,99,24 + 75 =
24,76,10,100,24 + 76 =
24,77,11,101,24 + 77 =
24,78,12,102,24 + 78 =
24,79,13,103,24 + 79 =
24,80,4,104,24 + 80 =
24,81,5,105,24 + 81 =
24,82,6,106,24 + 82 =
24,83,7,107,24 + 83 =
24,84,8,108,24 + 84 =
24,85,9,109,24 + 85 =
24,86,10,110,24 + 86 =
24,87,11,111,24 + 87 =
24,88,12,112,24 + 88 =
24,89,13,113,24 + 89 =
24,90,4,114,24 + 90 =
24,91,5,115,24 + 91 =
24,92,6,116,24 + 92 =
24,93,7,117,24 + 93 =
24,94,8,118,24 + 94 =
24,95,9,119,24 + 95 =
24,96,10,120,24 + 96 =
24,97,11,121,24 + 97 =
24,98,12,122,24 + 98 =
24,99,13,123,24 + 99 =
25,10,5,35,25 + 10 =
25,11,6,36,25 + 11 =
25,12,7,37,25 + 12 =
25,13,8,38,25 + 13 =
25,14,9,39,25 + 14 =
25,15,10,40,25 + 15 =
25,16,11,41,25 + 16 =
25,17,12,42,25 + 17 =
25,18,13,43,25 + 18 =
25,19,14,44,25 + 19 =
25,20,5,45,25 + 20 =
25,21,6,46,25 + 21 =
25,22,7,47,25 + 22 =
25,23,8,48,25 + 23 =
25,24,9,49,25 + 24 =
25,25,10,50,25 + 25 =
25,26,11,51,25 + 26 =
25,27,12,52,25 + 27 =
25,28,13,53,25 + 28 =
25,29,14,54,25 + 29 =
25,30,5,55,25 + 30 =
25,31,6,56,25 + 31 =
25,32,7,57,25 + 32 =
25,33,8,58,25 + 33 =
25,34,9,59,25 + 34 =
25,35,10,60,25 + 35 =
25,36,11,61,25 + 36 =
25,37,12,62,25 + 37 =
25,38,13,63,25 + 38 =
25,39,14,64,25 + 39 =
25,40,5,65,25 + 40 =
25,41,6,66,25 + 41 =
25,42,7,67,25 + 42 =
25,43,8,68,25 + 43 =
25,44,9,69,25 + 44 =
25,45,10,70,25 + 45 =
25,46,11,71,25 + 46 =
25,47,12,72,25 + 47 =
25,48,13,73,25 + 48 =
25,49,14,74,25 + 49 =
25,50,5,75,25 + 50 =
25,51,6,76,25 + 51 =
25,52,7,77,25 + 52 =
25,53,8,78,25 + 53 =
25,54,9,79,25 + 54 =
25,55,10,80,25 + 55 =
25,56,11,81,25 + 56 =
25,57,12,82,25 + 57 =
25,58,13,83,25 + 58 =
25,59,14,84,25 + 59 =
25,60,5,85,25 + 60 =
25,61,6,86,25 + 61 =
25,62,7,87,25 + 62 =
25,63,8,88,25 + 63 =
25,64,9,89,25 + 64 =
25,65,10,90,25 + 65 =
25,66,11,91,25 + 66 =
25,67,12,92,25 + 67 =
25,68,13,93,25 + 68 =
25,69,14,94,25 + 69 =
25,70,5,95,25 + 70 =
25,71,6,96,25 + 71 =
25,72,7,97,25 + 72 =
25,73,8,98,25 + 73 =
25,74,9,99,25 + 74 =
25,75,10,100,25 + 75 =
25,76,11,101,25 + 76 =
25,77,12,102,25 + 77 =
25,78,13,103,25 + 78 =
25,79,14,104,25 + 79 =
25,80,5,105,25 + 80 =
25,81,6,106,25 + 81 =
25,82,7,107,25 + 82 =
25,83,8,108,25 + 83 =
25,84,9,109,25 + 84 =
25,85,10,110,25 + 85 =
25,86,11,111,25 + 86 =
25,87,12,112,25 + 87 =
25,88,13,113,25 + 88 =
25,89,14,114,25 + 89 =
25,90,5,115,25 + 90 =
25,91,6,116,25 + 91 =
25,92,7,117,25 + 92 =
25,93,8,118,25 + 93 =
25,94,9,119,25 + 94 =
25,95,10,120,25 + 95 =
25,96,11,121,25 + 96 =
25,97,12,122,25 + 97 =
25,98,13,123,25 + 98 =
25,99,14,124,25 + 99 =
26,10,6,36,26 + 10 =
26,11,7,37,26 + 11 =
26,12,8,38,26 + 12 =
26,13,9,39,26 + 13 =
26,14,10,40,26 + 14 =
26,15,11,41,26 + 15 =
26,16,12,42,26 + 16 =
26,17,13,43,26 + 17 =
26,18,14,44,26 + 18 =
26,19,15,45,26 + 19 =
26,20,6,46,26 + 20 =
26,21,7,47,26 + 21 =
26,22,8,48,26 + 22 =
26,23,9,49,26 + 23 =
26,24,10,50,26 + 24 =
26,25,11,51,26 + 25 =
26,26,12,52,26 + 26 =
26,27,13,53,26 + 27 =
26,28,14,54,26 + 28 =
26,29,15,55,26 + 29 =
26,30,6,56,26 + 30 =
26,31,7,57,26 + 31 =
26,32,8,58,26 + 32 =
26,33,9,59,26 + 33 =
26,34,10,60,26 + 34 =
26,35,11,61,26 + 35 =
26,36,12,62,26 + 36 =
26,37,13,63,26 + 37 =
26,38,14,64,26 + 38 =
26,39,15,65,26 + 39 =
26,40,6,66,26 + 40 =
26,41,7,67,26 + 41 =
26,42,8,68,26 + 42 =
26,43,9,69,26 + 43 =
26,44,10,70,26 + 44 =
26,45,11,71,26 + 45 =
26,46,12,72,26 + 46 =
26,47,13,73,26 + 47 =
26,48,14,74,26 + 48 =
26,49,15,75,26 + 49 =
26,50,6,76,26 + 50 =
26,51,7,77,26 + 51 =
26,52,8,78,26 + 52 =
26,53,9,79,26 + 53 =
26,54,10,80,26 + 54 =
26,55,11,81,26 + 55 =
26,56,12,82,26 + 56 =
26,57,13,83,26 + 57 =
26,58,14,84,26 + 58 =
26,59,15,85,26 + 59 =
26,60,6,86,26 + 60 =
26,61,7,87,26 + 61 =
26,62,8,88,26 + 62 =
26,63,9,89,26 + 63 =
26,64,10,90,26 + 64 =
26,65,11,91,26 + 65 =
26,66,12,92,26 + 66 =
26,67,13,93,26 + 67 =
26,68,14,94,26 + 68 =
26,69,15,95,26 + 69 =
26,70,6,96,26 + 70 =
26,71,7,97,26 + 71 =
26,72,8,98,26 + 72 =
26,73,9,99,26 + 73 =
26,74,10,100,26 + 74 =
26,75,11,101,26 + 75 =
26,76,12,102,26 + 76 =
26,77,13,103,26 + 77 =
26,78,14,104,26 + 78 =
26,79,15,105,26 + 79 =
26,80,6,106,26 + 80 =
26,81,7,107,26 + 81 =
26,82,8,108,26 + 82 =
26,83,9,109,26 + 83 =
26,84,10,110,26 + 84 =
26,85,11,111,26 + 85 =
26,86,12,112,26 + 86 =
26,87,13,113,26 + 87 =
26,88,14,114,26 + 88 =
26,89,15,115,26 + 89 =
26,90,6,116,26 + 90 =
26,91,7,117,26 + 91 =
26,92,8,118,26 + 92 =
26,93,9,119,26 + 93 =
26,94,10,120,26 + 94 =
26,95,11,121,26 + 95 =
26,96,12,122,26 + 96 =
26,97,13,123,26 + 97 =
26,98,14,124,26 + 98 =
26,99,15,125,26 + 99 =
27,10,7,37,27 + 10 =
27,11,8,38,27 + 11 =
27,12,9,39,27 + 12 =
27,13,10,40,27 + 13 =
27,14,11,41,27 + 14 =
27,15,12,42,27 + 15 =
27,16,13,43,27 + 16 =
27,17,14,44,27 + 17 =
27,18,15,45,27 + 18 =
27,19,16,46,27 + 19 =
27,20,7,47,27 + 20 =
27,21,8,48,27 + 21 =
27,22,9,49,27 + 22 =
27,23,10,50,27 + 23 =
27,24,11,51,27 + 24 =
27,25,12,52,27 + 25 =
27,26,13,53,27 + 26 =
27,27,14,54,27 + 27 =
27,28,15,55,27 + 28 =
27,29,16,56,27 + 29 =
27,30,7,57,27 + 30 =
27,31,8,58,27 + 31 =
27,32,9,59,27 + 32 =
27,33,10,60,27 + 33 =
27,34,11,61,27 + 34 =
27,35,12,62,27 + 35 =
27,36,13,63,27 + 36 =
27,37,14,64,27 + 37 =
27,38,15,65,27 + 38 =
27,39,16,66,27 + 39 =
27,40,7,67,27 + 40 =
27,41,8,68,27 + 41 =
27,42,9,69,27 + 42 =
27,43,10,70,27 + 43 =
27,44,11,71,27 + 44 =
27,45,12,72,27 + 45 =
27,46,13,73,27 + 46 =
27,47,14,74,27 + 47 =
27,48,15,75,27 + 48 =
27,49,16,76,27 + 49 =
27,50,7,77,27 + 50 =
27,51,8,78,27 + 51 =
27,52,9,79,27 + 52 =
27,53,10,80,27 + 53 =
27,54,11,81,27 + 54 =
27,55,12,82,27 + 55 =
27,56,13,83,27 + 56 =
27,57,14,84,27 + 57 =
27,58,15,85,27 + 58 =
27,59,16,86,27 + 59 =
27,60,7,87,27 + 60 =
27,61,8,88,27 + 61 =
27,62,9,89,27 + 62 =
27,63,10,90,27 + 63 =
27,64,11,91,27 + 64 =
27,65,12,92,27 + 65 =
27,66,13,93,27 + 66 =
27,67,14,94,27 + 67 =
27,68,15,95,27 + 68 =
27,69,16,96,27 + 69 =
27,70,7,97,27 + 70 =
27,71,8,98,27 + 71 =
27,72,9,99,27 + 72 =
27,73,10,100,27 + 73 =
27,74,11,101,27 + 74 =
27,75,12,102,27 + 75 =
27,76,13,103,27 + 76 =
27,77,14,104,27 + 77 =
27,78,15,105,27 + 78 =
27,79,16,106,27 + 79 =
27,80,7,107,27 + 80 =
27,81,8,108,27 + 81 =
27,82,9,109,27 + 82 =
27,83,10,110,27 + 83 =
27,84,11,111,27 + 84 =
27,85,12,112,27 + 85 =
27,86,13,113,27 + 86 =
27,87,14,114,27 + 87 =
27,88,15,115,27 + 88 =
27,89,16,116,27 + 89 =
27,90,7,117,27 + 90 =
27,91,8,118,27 + 91 =
27,92,9,119,27 + 92 =
27,93,10,120,27 + 93 =
27,94,11,121,27 + 94 =
27,95,12,122,27 + 95 =
27,96,13,123,27 + 96 =
27,97,14,124,27 + 97 =
27,98,15,125,27 + 98 =
27,99,16,126,27 + 99 =
28,10,8,38,28 + 10 =
28,11,9,39,28 + 11 =
28,12,10,40,28 + 12 =
28,13,11,41,28 + 13 =
28,14,12,42,28 + 14 =
28,15,13,43,28 + 15 =
28,16,14,44,28 + 16 =
28,17,15,45,28 + 17 =
28,18,16,46,28 + 18 =
28,19,17,47,28 + 19 =
28,20,8,48,28 + 20 =
28,21,9,49,28 + 21 =
28,22,10,50,28 + 22 =
28,23,11,51,28 + 23 =
28,24,12,52,28 + 24 =
28,25,13,53,28 + 25 =
28,26,14,54,28 + 26 =
28,27,15,55,28 + 27 =
28,28,16,56,28 + 28 =
28,29,17,57,28 + 29 =
28,30,8,58,28 + 30 =
28,31,9,59,28 + 31 =
28,32,10,60,28 + 32 =
28,33,11,61,28 + 33 =
28,34,12,62,28 + 34 =
28,35,13,63,28 + 35 =
28,36,14,64,28 + 36 =
28,37,15,65,28 + 37 =
28,38,16,66,28 + 38 =
28,39,17,67,28 + 39 =
28,40,8,68,28 + 40 =
28,41,9,69,28 + 41 =
28,42,10,70,28 + 42 =
28,43,11,71,28 + 43 =
28,44,12,72,28 + 44 =
28,45,13,73,28 + 45 =
28,46,14,74,28 + 46 =
28,47,15,75,28 + 47 =
28,48,16,76,28 + 48 =
28,49,17,77,28 + 49 =
28,50,8,78,28 + 50 =
28,51,9,79,28 + 51 =
28,52,10,80,28 + 52 =
28,53,11,81,28 + 53 =
28,54,12,82,28 + 54 =
28,55,13,83,28 + 55 =
28,56,14,84,28 + 56 =
28,57,15,85,28 + 57 =
28,58,16,86,28 + 58 =
28,59,17,87,28 + 59 =
28,60,8,88,28 + 60 =
28,61,9,89,28 + 61 =
28,62,10,90,28 + 62 =
28,63,11,91,28 + 63 =
28,64,12,92,28 + 64 =
28,65,13,93,28 + 65 =
28,66,14,94,28 + 66 =
28,67,15,95,28 + 67 =
28,68,16,96,28 + 68 =
28,69,17,97,28 + 69 =
28,70,8,98,28 + 70 =
28,71,9,99,28 + 71 =
28,72,10,100,28 + 72 =
28,73,11,101,28 + 73 =
28,74,12,102,28 + 74 =
28,75,13,103,28 + 75 =
28,76,14,104,28 + 76 =
28,77,15,105,28 + 77 =
28,78,16,106,28 + 78 =
28,79,17,107,28 + 79 =
28,80,8,108,28 + 80 =
28,81,9,109,28 + 81 =
28,82,10,110,28 + 82 =
28,83,11,111,28 + 83 =
28,84,12,112,28 + 84 =
28,85,13,113,28 + 85 =
28,86,14,114,28 + 86 =
28,87,15,115,28 + 87 =
28,88,16,116,28 + 88 =
28,89,17,117,28 + 89 =
28,90,8,118,28 + 90 =
28,91,9,119,28 + 91 =
28,92,10,120,28 + 92 =
28,93,11,121,28 + 93 =
28,94,12,122,28 + 94 =
28,95,13,123,28 + 95 =
28,96,14,124,28 + 96 =
28,97,15,125,28 + 97 =
28,98,16,126,28 + 98 =
28,99,17,127,28 + 99 =
29,10,9,39,29 + 10 =
29,11,10,40,29 + 11 =
29,12,11,41,29 + 12 =
29,13,12,42,29 + 13 =
29,14,13,43,29 + 14 =
29,15,14,44,29 + 15 =
29,16,15,45,29 + 16 =
29,17,16,46,29 + 17 =
29,18,17,47,29 + 18 =
29,19,18,48,29 + 19 =
29,20,9,49,29 + 20 =
29,21,10,50,29 + 21 =
29,22,11,51,29 + 22 =
29,23,12,52,29 + 23 =
29,24,13,53,29 + 24 =
29,25,14,54,29 + 25 =
29,26,15,55,29 + 26 =
29,27,16,56,29 + 27 =
29,28,17,57,29 + 28 =
29,29,18,58,29 + 29 =
29,30,9,59,29 + 30 =
29,31,10,60,29 + 31 =
29,32,11,61,29 + 32 =
29,33,12,62,29 + 33 =
29,34,13,63,29 + 34 =
29,35,14,64,29 + 35 =
29,36,15,65,29 + 36 =
29,37,16,66,29 + 37 =
29,38,17,67,29 + 38 =
29,39,18,68,29 + 39 =
29,40,9,69,29 + 40 =
29,41,10,70,29 + 41 =
29,42,11,71,29 + 42 =
29,43,12,72,29 + 43 =
29,44,13,73,29 + 44 =
29,45,14,74,29 + 45 =
29,46,15,75,29 + 46 =
29,47,16,76,29 + 47 =
29,48,17,77,29 + 48 =
29,49,18,78,29 + 49 =
29,50,9,79,29 + 50 =
29,51,10,80,29 + 51 =
29,52,11,81,29 + 52 =
29,53,12,82,29 + 53 =
29,54,13,83,29 + 54 =
29,55,14,84,29 + 55 =
29,56,15,85,29 + 56 =
29,57,16,86,29 + 57 =
29,58,17,87,29 + 58 =
29,59,18,88,29 + 59 =
29,60,9,89,29 + 60 =
29,61,10,90,29 + 61 =
29,62,11,91,29 + 62 =
29,63,12,92,29 + 63 =
29,64,13,93,29 + 64 =
29,65,14,94,29 + 65 =
29,66,15,95,29 + 66 =
29,67,16,96,29 + 67 =
29,68,17,97,29 + 68 =
29,69,18,98,29 + 69 =
29,70,9,99,29 + 70 =
29,71,10,100,29 + 71 =
29,72,11,101,29 + 72 =
29,73,12,102,29 + 73 =
29,74,13,103,29 + 74 =
29,75,14,104,29 + 75 =
29,76,15,105,29 + 76 =
29,77,16,106,29 + 77 =
29,78,17,107,29 + 78 =
29,79,18,108,29 + 79 =
29,80,9,109,29 + 80 =
29,81,10,110,29 + 81 =
29,82,11,111,29 + 82 =
29,83,12,112,29 + 83 =
29,84,13,113,29 + 84 =
29,85,14,114,29 + 85 =
29,86,15,115,29 + 86 =
29,87,16,116,29 + 87 =
29,88,17,117,29 + 88 =
29,89,18,118,29 + 89 =
29,90,9,119,29 + 90 =
29,91,10,120,29 + 91 =
29,92,11,121,29 + 92 =
29,93,12,122,29 + 93 =
29,94,13,123,29 + 94 =
29,95,14,124,29 + 95 =
29,96,15,125,29 + 96 =
29,97,16,126,29 + 97 =
29,98,17,127,29 + 98 =
29,99,18,128,29 + 99 =
30,10,0,40,30 + 10 =
30,11,1,41,30 + 11 =
30,12,2,42,30 + 12 =
30,13,3,43,30 + 13 =
30,14,4,44,30 + 14 =
30,15,5,45,30 + 15 =
30,16,6,46,30 + 16 =
30,17,7,47,30 + 17 =
30,18,8,48,30 + 18 =
30,19,9,49,30 + 19 =
30,20,0,50,30 + 20 =
30,21,1,51,30 + 21 =
30,22,2,52,30 + 22 =
30,23,3,53,30 + 23 =
30,24,4,54,30 + 24 =
30,25,5,55,30 + 25 =
30,26,6,56,30 + 26 =
30,27,7,57,30 + 27 =
30,28,8,58,30 + 28 =
30,29,9,59,30 + 29 =
30,30,0,60,30 + 30 =
30,31,1,61,30 + 31 =
30,32,2,62,30 + 32 =
30,33,3,63,30 + 33 =
30,34,4,64,30 + 34 =
30,35,5,65,30 + 35 =
30,36,6,66,30 + 36 =
30,37,7,67,30 + 37 =
30,38,8,68,30 + 38 =
30,39,9,69,30 + 39 =
30,40,0,70,30 + 40 =
30,41,1,71,30 + 41 =
30,42,2,72,30 + 42 =
30,43,3,73,30 + 43 =
30,44,4,74,30 + 44 =
30,45,5,75,30 + 45 =
30,46,6,76,30 + 46 =
30,47,7,77,30 + 47 =
30,48,8,78,30 + 48 =
30,49,9,79,30 + 49 =
30,50,0,80,30 + 50 =
30,51,1,81,30 + 51 =
30,52,2,82,30 + 52 =
30,53,3,83,30 + 53 =
30,54,4,84,30 + 54 =
30,55,5,85,30 + 55 =
30,56,6,86,30 + 56 =
30,57,7,87,30 + 57 =
30,58,8,88,30 + 58 =
30,59,9,89,30 + 59 =
30,60,0,90,30 + 60 =
30,61,1,91,30 + 61 =
30,62,2,92,30 + 62 =
30,63,3,93,30 + 63 =
30,64,4,94,30 + 64 =
30,65,5,95,30 + 65 =
30,66,6,96,30 + 66 =
30,67,7,97,30 + 67 =
30,68,8,98,30 + 68 =
30,69,9,99,30 + 69 =
30,70,0,100,30 + 70 =
30,71,1,101,30 + 71 =
30,72,2,102,30 + 72 =
30,73,3,103,30 + 73 =
30,74,4,104,30 + 74 =
30,75,5,105,30 + 75 =
30,76,6,106,30 + 76 =
30,77,7,107,30 + 77 =
30,78,8,108,30 + 78 =
30,79,9,109,30 + 79 =
30,80,0,110,30 + 80 =
30,81,1,111,30 + 81 =
30,82,2,112,30 + 82 =
30,83,3,113,30 + 83 =
30,84,4,114,30 + 84 =
30,85,5,115,30 + 85 =
30,86,6,116,30 + 86 =
30,87,7,117,30 + 87 =
30,88,8,118,30 + 88 =
30,89,9,119,30 + 89 =
30,90,0,120,30 + 90 =
30,91,1,121,30 + 91 =
30,92,2,122,30 + 92 =
30,93,3,123,30 + 93 =
30,94,4,124,30 + 94 =
30,95,5,125,30 + 95 =
30,96,6,126,30 + 96 =
30,97,7,127,30 + 97 =
30,98,8,128,30 + 98 =
30,99,9,129,30 + 99 =
31,10,1,41,31 + 10 =
31,11,2,42,31 + 11 =
31,12,3,43,31 + 12 =
31,13,4,44,31 + 13 =
31,14,5,45,31 + 14 =
31,15,6,46,31 + 15 =
31,16,7,47,31 + 16 =
31,17,8,48,31 + 17 =
31,18,9,49,31 + 18 =
31,19,10,50,31 + 19 =
31,20,1,51,31 + 20 =
31,21,2,52,31 + 21 =
31,22,3,53,31 + 22 =
31,23,4,54,31 + 23 =
31,24,5,55,31 + 24 =
31,25,6,56,31 + 25 =
31,26,7,57,31 + 26 =
31,27,8,58,31 + 27 =
31,28,9,59,31 + 28 =
31,29,10,60,31 + 29 =
31,30,1,61,31 + 30 =
31,31,2,62,31 + 31 =
31,32,3,63,31 + 32 =
31,33,4,64,31 + 33 =
31,34,5,65,31 + 34 =
31,35,6,66,31 + 35 =
31,36,7,67,31 + 36 =
31,37,8,68,31 + 37 =
31,38,9,69,31 + 38 =
31,39,10,70,31 + 39 =
31,40,1,71,31 + 40 =
31,41,2,72,31 + 41 =
31,42,3,73,31 + 42 =
31,43,4,74,31 + 43 =
31,44,5,75,31 + 44 =
31,45,6,76,31 + 45 =
31,46,7,77,31 + 46 =
31,47,8,78,31 + 47 =
31,48,9,79,31 + 48 =
31,49,10,80,31 + 49 =
31,50,1,81,31 + 50 =
31,51,2,82,31 + 51 =
31,52,3,83,31 + 52 =
31,53,4,84,31 + 53 =
31,54,5,85,31 + 54 =
31,55,6,86,31 + 55 =
31,56,7,87,31 + 56 =
31,57,8,88,31 + 57 =
31,58,9,89,31 + 58 =
31,59,10,90,31 + 59 =
31,60,1,91,31 + 60 =
31,61,2,92,31 + 61 =
31,62,3,93,31 + 62 =
31,63,4,94,31 + 63 =
31,64,5,95,31 + 64 =
31,65,6,96,31 + 65 =
31,66,7,97,31 + 66 =
31,67,8,98,31 + 67 =
31,68,9,99,31 + 68 =
31,69,10,100,31 + 69 =
31,70,1,101,31 + 70 =
31,71,2,102,31 + 71 =
31,72,3,103,31 + 72 =
31,73,4,104,31 + 73 =
31,74,5,105,31 + 74 =
31,75,6,106,31 + 75 =
31,76,7,107,31 + 76 =
31,77,8,108,31 + 77 =
31,78,9,109,31 + 78 =
31,79,10,110,31 + 79 =
31,80,1,111,31 + 80 =
31,81,2,112,31 + 81 =
31,82,3,113,31 + 82 =
31,83,4,114,31 + 83 =
31,84,5,115,31 + 84 =
31,85,6,116,31 + 85 =
31,86,7,117,31 + 86 =
31,87,8,118,31 + 87 =
31,88,9,119,31 + 88 =
31,89,10,120,31 + 89 =
31,90,1,121,31 + 90 =
31,91,2,122,31 + 91 =
31,92,3,123,31 + 92 =
31,93,4,124,31 + 93 =
31,94,5,125,31 + 94 =
31,95,6,126,31 + 95 =
31,96,7,127,31 + 96 =
31,97,8,128,31 + 97 =
31,98,9,129,31 + 98 =
31,99,10,130,31 + 99 =
32,10,2,42,32 + 10 =
32,11,3,43,32 + 11 =
32,12,4,44,32 + 12 =
32,13,5,45,32 + 13 =
32,14,6,46,32 + 14 =
32,15,7,47,32 + 15 =
32,16,8,48,32 + 16 =
32,17,9,49,32 + 17 =
32,18,10,50,32 + 18 =
32,19,11,51,32 + 19 =
32,20,2,52,32 + 20 =
32,21,3,53,32 + 21 =
32,22,4,54,32 + 22 =
32,23,5,55,32 + 23 =
32,24,6,56,32 + 24 =
32,25,7,57,32 + 25 =
32,26,8,58,32 + 26 =
32,27,9,59,32 + 27 =
32,28,10,60,32 + 28 =
32,29,11,61,32 + 29 =
32,30,2,62,32 + 30 =
32,31,3,63,32 + 31 =
32,32,4,64,32 + 32 =
32,33,5,65,32 + 33 =
32,34,6,66,32 + 34 =
32,35,7,67,32 + 35 =
32,36,8,68,32 + 36 =
32,37,9,69,32 + 37 =
32,38,10,70,32 + 38 =
32,39,11,71,32 + 39 =
32,40,2,72,32 + 40 =
32,41,3,73,32 + 41 =
32,42,4,74,32 + 42 =
32,43,5,75,32 + 43 =
32,44,6,76,32 + 44 =
32,45,7,77,32 + 45 =
32,46,8,78,32 + 46 =
32,47,9,79,32 + 47 =
32,48,10,80,32 + 48 =
32,49,11,81,32 + 49 =
32,50,2,82,32 + 50 =
32,51,3,83,32 + 51 =
32,52,4,84,32 + 52 =
32,53,5,85,32 + 53 =
32,54,6,86,32 + 54 =
32,55,7,87,32 + 55 =
32,56,8,88,32 + 56 =
32,57,9,89,32 + 57 =
32,58,10,90,32 + 58 =
32,59,11,91,32 + 59 =
32,60,2,92,32 + 60 =
32,61,3,93,32 + 61 =
32,62,4,94,32 + 62 =
32,63,5,95,32 + 63 =
32,64,6,96,32 + 64 =
32,65,7,97,32 + 65 =
32,66,8,98,32 + 66 =
32,67,9,99,32 + 67 =
32,68,10,100,32 + 68 =
32,69,11,101,32 + 69 =
32,70,2,102,32 + 70 =
32,71,3,103,32 + 71 =
32,72,4,104,32 + 72 =
32,73,5,105,32 + 73 =
32,74,6,106,32 + 74 =
32,75,7,107,32 + 75 =
32,76,8,108,32 + 76 =
32,77,9,109,32 + 77 =
32,78,10,110,32 + 78 =
32,79,11,111,32 + 79 =
32,80,2,112,32 + 80 =
32,81,3,113,32 + 81 =
32,82,4,114,32 + 82 =
32,83,5,115,32 + 83 =
32,84,6,116,32 + 84 =
32,85,7,117,32 + 85 =
32,86,8,118,32 + 86 =
32,87,9,119,32 + 87 =
32,88,10,120,32 + 88 =
32,89,11,121,32 + 89 =
32,90,2,122,32 + 90 =
32,91,3,123,32 + 91 =
32,92,4,124,32 + 92 =
32,93,5,125,32 + 93 =
32,94,6,126,32 + 94 =
32,95,7,127,32 + 95 =
32,96,8,128,32 + 96 =
32,97,9,129,32 + 97 =
32,98,10,130,32 + 98 =
32,99,11,131,32 + 99 =
33,10,3,43,33 + 10 =
33,11,4,44,33 + 11 =
33,12,5,45,33 + 12 =
33,13,6,46,33 + 13 =
33,14,7,47,33 + 14 =
33,15,8,48,33 + 15 =
33,16,9,49,33 + 16 =
33,17,10,50,33 + 17 =
33,18,11,51,33 + 18 =
33,19,12,52,33 + 19 =
33,20,3,53,33 + 20 =
33,21,4,54,33 + 21 =
33,22,5,55,33 + 22 =
33,23,6,56,33 + 23 =
33,24,7,57,33 + 24 =
33,25,8,58,33 + 25 =
33,26,9,59,33 + 26 =
33,27,10,60,33 + 27 =
33,28,11,61,33 + 28 =
33,29,12,62,33 + 29 =
33,30,3,63,33 + 30 =
33,31,4,64,33 + 31 =
33,32,5,65,33 + 32 =
33,33,6,66,33 + 33 =
33,34,7,67,33 + 34 =
33,35,8,68,33 + 35 =
33,36,9,69,33 + 36 =
33,37,10,70,33 + 37 =
33,38,11,71,33 + 38 =
33,39,12,72,33 + 39 =
33,40,3,73,33 + 40 =
33,41,4,74,33 + 41 =
33,42,5,75,33 + 42 =
33,43,6,76,33 + 43 =
33,44,7,77,33 + 44 =
33,45,8,78,33 + 45 =
33,46,9,79,33 + 46 =
33,47,10,80,33 + 47 =
33,48,11,81,33 + 48 =
33,49,12,82,33 + 49 =
33,50,3,83,33 + 50 =
33,51,4,84,33 + 51 =
33,52,5,85,33 + 52 =
33,53,6,86,33 + 53 =
33,54,7,87,33 + 54 =
33,55,8,88,33 + 55 =
33,56,9,89,33 + 56 =
33,57,10,90,33 + 57 =
33,58,11,91,33 + 58 =
33,59,12,92,33 + 59 =
33,60,3,93,33 + 60 =
33,61,4,94,33 + 61 =
33,62,5,95,33 + 62 =
33,63,6,96,33 + 63 =
33,64,7,97,33 + 64 =
33,65,8,98,33 + 65 =
33,66,9,99,33 + 66 =
33,67,10,100,33 + 67 =
33,68,11,101,33 + 68 =
33,69,12,102,33 + 69 =
33,70,3,103,33 + 70 =
33,71,4,104,33 + 71 =
33,72,5,105,33 + 72 =
33,73,6,106,33 + 73 =
33,74,7,107,33 + 74 =
33,75,8,108,33 + 75 =
33,76,9,109,33 + 76 =
33,77,10,110,33 + 77 =
33,78,11,111,33 + 78 =
33,79,12,112,33 + 79 =
33,80,3,113,33 + 80 =
33,81,4,114,33 + 81 =
33,82,5,115,33 + 82 =
33,83,6,116,33 + 83 =
33,84,7,117,33 + 84 =
33,85,8,118,33 + 85 =
33,86,9,119,33 + 86 =
33,87,10,120,33 + 87 =
33,88,11,121,33 + 88 =
33,89,12,122,33 + 89 =
33,90,3,123,33 + 90 =
33,91,4,124,33 + 91 =
33,92,5,125,33 + 92 =
33,93,6,126,33 + 93 =
33,94,7,127,33 + 94 =
33,95,8,128,33 + 95 =
33,96,9,129,33 + 96 =
33,97,10,130,33 + 97 =
33,98,11,131,33 + 98 =
33,99,12,132,33 + 99 =
34,10,4,44,34 + 10 =
34,11,5,45,34 + 11 =
34,12,6,46,34 + 12 =
34,13,7,47,34 + 13 =
34,14,8,48,34 + 14 =
34,15,9,49,34 + 15 =
34,16,10,50,34 + 16 =
34,17,11,51,34 + 17 =
34,18,12,52,34 + 18 =
34,19,13,53,34 + 19 =
34,20,4,54,34 + 20 =
34,21,5,55,34 + 21 =
34,22,6,56,34 + 22 =
34,23,7,57,34 + 23 =
34,24,8,58,34 + 24 =
34,25,9,59,34 + 25 =
34,26,10,60,34 + 26 =
34,27,11,61,34 + 27 =
34,28,12,62,34 + 28 =
34,29,13,63,34 + 29 =
34,30,4,64,34 + 30 =
34,31,5,65,34 + 31 =
34,32,6,66,34 + 32 =
34,33,7,67,34 + 33 =
34,34,8,68,34 + 34 =
34,35,9,69,34 + 35 =
34,36,10,70,34 + 36 =
34,37,11,71,34 + 37 =
34,38,12,72,34 + 38 =
34,39,13,73,34 + 39 =
34,40,4,74,34 + 40 =
34,41,5,75,34 + 41 =
34,42,6,76,34 + 42 =
34,43,7,77,34 + 43 =
34,44,8,78,34 + 44 =
34,45,9,79,34 + 45 =
34,46,10,80,34 + 46 =
34,47,11,81,34 + 47 =
34,48,12,82,34 + 48 =
34,49,13,83,34 + 49 =
34,50,4,84,34 + 50 =
34,51,5,85,34 + 51 =
34,52,6,86,34 + 52 =
34,53,7,87,34 + 53 =
34,54,8,88,34 + 54 =
34,55,9,89,34 + 55 =
34,56,10,90,34 + 56 =
34,57,11,91,34 + 57 =
34,58,12,92,34 + 58 =
34,59,13,93,34 + 59 =
34,60,4,94,34 + 60 =
34,61,5,95,34 + 61 =
34,62,6,96,34 + 62 =
34,63,7,97,34 + 63 =
34,64,8,98,34 + 64 =
34,65,9,99,34 + 65 =
34,66,10,100,34 + 66 =
34,67,11,101,34 + 67 =
34,68,12,102,34 + 68 =
34,69,13,103,34 + 69 =
34,70,4,104,34 + 70 =
34,71,5,105,34 + 71 =
34,72,6,106,34 + 72 =
34,73,7,107,34 + 73 =
34,74,8,108,34 + 74 =
34,75,9,109,34 + 75 =
34,76,10,110,34 + 76 =
34,77,11,111,34 + 77 =
34,78,12,112,34 + 78 =
34,79,13,113,34 + 79 =
34,80,4,114,34 + 80 =
34,81,5,115,34 + 81 =
34,82,6,116,34 + 82 =
34,83,7,117,34 + 83 =
34,84,8,118,34 + 84 =
34,85,9,119,34 + 85 =
34,86,10,120,34 + 86 =
34,87,11,121,34 + 87 =
34,88,12,122,34 + 88 =
34,89,13,123,34 + 89 =
34,90,4,124,34 + 90 =
34,91,5,125,34 + 91 =
34,92,6,126,34 + 92 =
34,93,7,127,34 + 93 =
34,94,8,128,34 + 94 =
34,95,9,129,34 + 95 =
34,96,10,130,34 + 96 =
34,97,11,131,34 + 97 =
34,98,12,132,34 + 98 =
34,99,13,133,34 + 99 =
35,10,5,45,35 + 10 =
35,11,6,46,35 + 11 =
35,12,7,47,35 + 12 =
35,13,8,48,35 + 13 =
35,14,9,49,35 + 14 =
35,15,10,50,35 + 15 =
35,16,11,51,35 + 16 =
35,17,12,52,35 + 17 =
35,18,13,53,35 + 18 =
35,19,14,54,35 + 19 =
35,20,5,55,35 + 20 =
35,21,6,56,35 + 21 =
35,22,7,57,35 + 22 =
35,23,8,58,35 + 23 =
35,24,9,59,35 + 24 =
35,25,10,60,35 + 25 =
35,26,11,61,35 + 26 =
35,27,12,62,35 + 27 =
35,28,13,63,35 + 28 =
35,29,14,64,35 + 29 =
35,30,5,65,35 + 30 =
35,31,6,66,35 + 31 =
35,32,7,67,35 + 32 =
35,33,8,68,35 + 33 =
35,34,9,69,35 + 34 =
35,35,10,70,35 + 35 =
35,36,11,71,35 + 36 =
35,37,12,72,35 + 37 =
35,38,13,73,35 + 38 =
35,39,14,74,35 + 39 =
35,40,5,75,35 + 40 =
35,41,6,76,35 + 41 =
35,42,7,77,35 + 42 =
35,43,8,78,35 + 43 =
35,44,9,79,35 + 44 =
35,45,10,80,35 + 45 =
35,46,11,81,35 + 46 =
35,47,12,82,35 + 47 =
35,48,13,83,35 + 48 =
35,49,14,84,35 + 49 =
35,50,5,85,35 + 50 =
35,51,6,86,35 + 51 =
35,52,7,87,35 + 52 =
35,53,8,88,35 + 53 =
35,54,9,89,35 + 54 =
35,55,10,90,35 + 55 =
35,56,11,91,35 + 56 =
35,57,12,92,35 + 57 =
35,58,13,93,35 + 58 =
35,59,14,94,35 + 59 =
35,60,5,95,35 + 60 =
35,61,6,96,35 + 61 =
35,62,7,97,35 + 62 =
35,63,8,98,35 + 63 =
35,64,9,99,35 + 64 =
35,65,10,100,35 + 65 =
35,66,11,101,35 + 66 =
35,67,12,102,35 + 67 =
35,68,13,103,35 + 68 =
35,69,14,104,35 + 69 =
35,70,5,105,35 + 70 =
35,71,6,106,35 + 71 =
35,72,7,107,35 + 72 =
35,73,8,108,35 + 73 =
35,74,9,109,35 + 74 =
35,75,10,110,35 + 75 =
35,76,11,111,35 + 76 =
35,77,12,112,35 + 77 =
35,78,13,113,35 + 78 =
35,79,14,114,35 + 79 =
35,80,5,115,35 + 80 =
35,81,6,116,35 + 81 =
35,82,7,117,35 + 82 =
35,83,8,118,35 + 83 =
35,84,9,119,35 + 84 =
35,85,10,120,35 + 85 =
35,86,11,121,35 + 86 =
35,87,12,122,35 + 87 =
35,88,13,123,35 + 88 =
35,89,14,124,35 + 89 =
35,90,5,125,35 + 90 =
35,91,6,126,35 + 91 =
35,92,7,127,35 + 92 =
35,93,8,128,35 + 93 =
35,94,9,129,35 + 94 =
35,95,10,130,35 + 95 =
35,96,11,131,35 + 96 =
35,97,12,132,35 + 97 =
35,98,13,133,35 + 98 =
35,99,14,134,35 + 99 =
36,10,6,46,36 + 10 =
36,11,7,47,36 + 11 =
36,12,8,48,36 + 12 =
36,13,9,49,36 + 13 =
36,14,10,50,36 + 14 =
36,15,11,51,36 + 15 =
36,16,12,52,36 + 16 =
36,17,13,53,36 + 17 =
36,18,14,54,36 + 18 =
36,19,15,55,36 + 19 =
36,20,6,56,36 + 20 =
36,21,7,57,36 + 21 =
36,22,8,58,36 + 22 =
36,23,9,59,36 + 23 =
36,24,10,60,36 + 24 =
36,25,11,61,36 + 25 =
36,26,12,62,36 + 26 =
36,27,13,63,36 + 27 =
36,28,14,64,36 + 28 =
36,29,15,65,36 + 29 =
36,30,6,66,36 + 30 =
36,31,7,67,36 + 31 =
36,32,8,68,36 + 32 =
36,33,9,69,36 + 33 =
36,34,10,70,36 + 34 =
36,35,11,71,36 + 35 =
36,36,12,72,36 + 36 =
36,37,13,73,36 + 37 =
36,38,14,74,36 + 38 =
36,39,15,75,36 + 39 =
36,40,6,76,36 + 40 =
36,41,7,77,36 + 41 =
36,42,8,78,36 + 42 =
36,43,9,79,36 + 43 =
36,44,10,80,36 + 44 =
36,45,11,81,36 + 45 =
36,46,12,82,36 + 46 =
36,47,13,83,36 + 47 =
36,48,14,84,36 + 48 =
36,49,15,85,36 + 49 =
36,50,6,86,36 + 50 =
36,51,7,87,36 + 51 =
36,52,8,88,36 + 52 =
36,53,9,89,36 + 53 =
36,54,10,90,36 + 54 =
36,55,11,91,36 + 55 =
36,56,12,92,36 + 56 =
36,57,13,93,36 + 57 =
36,58,14,94,36 + 58 =
36,59,15,95,36 + 59 =
36,60,6,96,36 + 60 =
36,61,7,97,36 + 61 =
36,62,8,98,36 + 62 =
36,63,9,99,36 + 63 =
36,64,10,100,36 + 64 =
36,65,11,101,36 + 65 =
36,66,12,102,36 + 66 =
36,67,13,103,36 + 67 =
36,68,14,104,36 + 68 =
36,69,15,105,36 + 69 =
36,70,6,106,36 + 70 =
36,71,7,107,36 + 71 =
36,72,8,108,36 + 72 =
36,73,9,109,36 + 73 =
36,74,10,110,36 + 74 =
36,75,11,111,36 + 75 =
36,76,12,112,36 + 76 =
36,77,13,113,36 + 77 =
36,78,14,114,36 + 78 =
36,79,15,115,36 + 79 =
36,80,6,116,36 + 80 =
36,81,7,117,36 + 81 =
36,82,8,118,36 + 82 =
36,83,9,119,36 + 83 =
36,84,10,120,36 + 84 =
36,85,11,121,36 + 85 =
36,86,12,122,36 + 86 =
36,87,13,123,36 + 87 =
36,88,14,124,36 + 88 =
36,89,15,125,36 + 89 =
36,90,6,126,36 + 90 =
36,91,7,127,36 + 91 =
36,92,8,128,36 + 92 =
36,93,9,129,36 + 93 =
36,94,10,130,36 + 94 =
36,95,11,131,36 + 95 =
36,96,12,132,36 + 96 =
36,97,13,133,36 + 97 =
36,98,14,134,36 + 98 =
36,99,15,135,36 + 99 =
37,10,7,47,37 + 10 =
37,11,8,48,37 + 11 =
37,12,9,49,37 + 12 =
37,13,10,50,37 + 13 =
37,14,11,51,37 + 14 =
37,15,12,52,37 + 15 =
37,16,13,53,37 + 16 =
37,17,14,54,37 + 17 =
37,18,15,55,37 + 18 =
37,19,16,56,37 + 19 =
37,20,7,57,37 + 20 =
37,21,8,58,37 + 21 =
37,22,9,59,37 + 22 =
37,23,10,60,37 + 23 =
37,24,11,61,37 + 24 =
37,25,12,62,37 + 25 =
37,26,13,63,37 + 26 =
37,27,14,64,37 + 27 =
37,28,15,65,37 + 28 =
37,29,16,66,37 + 29 =
37,30,7,67,37 + 30 =
37,31,8,68,37 + 31 =
37,32,9,69,37 + 32 =
37,33,10,70,37 + 33 =
37,34,11,71,37 + 34 =
37,35,12,72,37 + 35 =
37,36,13,73,37 + 36 =
37,37,14,74,37 + 37 =
37,38,15,75,37 + 38 =
37,39,16,76,37 + 39 =
37,40,7,77,37 + 40 =
37,41,8,78,37 + 41 =
37,42,9,79,37 + 42 =
37,43,10,80,37 + 43 =
37,44,11,81,37 + 44 =
37,45,12,82,37 + 45 =
37,46,13,83,37 + 46 =
37,47,14,84,37 + 47 =
37,48,15,85,37 + 48 =
37,49,16,86,37 + 49 =
37,50,7,87,37 + 50 =
37,51,8,88,37 + 51 =
37,52,9,89,37 + 52 =
37,53,10,90,37 + 53 =
37,54,11,91,37 + 54 =
37,55,12,92,37 + 55 =
37,56,13,93,37 + 56 =
37,57,14,94,37 + 57 =
37,58,15,95,37 + 58 =
37,59,16,96,37 + 59 =
37,60,7,97,37 + 60 =
37,61,8,98,37 + 61 =
37,62,9,99,37 + 62 =
37,63,10,100,37 + 63 =
37,64,11,101,37 + 64 =
37,65,12,102,37 + 65 =
37,66,13,103,37 + 66 =
37,67,14,104,37 + 67 =
37,68,15,105,37 + 68 =
37,69,16,106,37 + 69 =
37,70,7,107,37 + 70 =
37,71,8,108,37 + 71 =
37,72,9,109,37 + 72 =
37,73,10,110,37 + 73 =
37,74,11,111,37 + 74 =
37,75,12,112,37 + 75 =
37,76,13,113,37 + 76 =
37,77,14,114,37 + 77 =
37,78,15,115,37 + 78 =
37,79,16,116,37 + 79 =
37,80,7,117,37 + 80 =
37,81,8,118,37 + 81 =
37,82,9,119,37 + 82 =
37,83,10,120,37 + 83 =
37,84,11,121,37 + 84 =
37,85,12,122,37 + 85 =
37,86,13,123,37 + 86 =
37,87,14,124,37 + 87 =
37,88,15,125,37 + 88 =
37,89,16,126,37 + 89 =
37,90,7,127,37 + 90 =
37,91,8,128,37 + 91 =
37,92,9,129,37 + 92 =
37,93,10,130,37 + 93 =
37,94,11,131,37 + 94 =
37,95,12,132,37 + 95 =
37,96,13,133,37 + 96 =
37,97,14,134,37 + 97 =
37,98,15,135,37 + 98 =
37,99,16,136,37 + 99 =
38,10,8,48,38 + 10 =
38,11,9,49,38 + 11 =
38,12,10,50,38 + 12 =
38,13,11,51,38 + 13 =
38,14,12,52,38 + 14 =
38,15,13,53,38 + 15 =
38,16,14,54,38 + 16 =
38,17,15,55,38 + 17 =
38,18,16,56,38 + 18 =
38,19,17,57,38 + 19 =
38,20,8,58,38 + 20 =
38,21,9,59,38 + 21 =
38,22,10,60,38 + 22 =
38,23,11,61,38 + 23 =
38,24,12,62,38 + 24 =
38,25,13,63,38 + 25 =
38,26,14,64,38 + 26 =
38,27,15,65,38 + 27 =
38,28,16,66,38 + 28 =
38,29,17,67,38 + 29 =
38,30,8,68,38 + 30 =
38,31,9,69,38 + 31 =
38,32,10,70,38 + 32 =
38,33,11,71,38 + 33 =
38,34,12,72,38 + 34 =
38,35,13,73,38 + 35 =
38,36,14,74,38 + 36 =
38,37,15,75,38 + 37 =
38,38,16,76,38 + 38 =
38,39,17,77,38 + 39 =
38,40,8,78,38 + 40 =
38,41,9,79,38 + 41 =
38,42,10,80,38 + 42 =
38,43,11,81,38 + 43 =
38,44,12,82,38 + 44 =
38,45,13,83,38 + 45 =
38,46,14,84,38 + 46 =
38,47,15,85,38 + 47 =
38,48,16,86,38 + 48 =
38,49,17,87,38 + 49 =
38,50,8,88,38 + 50 =
38,51,9,89,38 + 51 =
38,52,10,90,38 + 52 =
38,53,11,91,38 + 53 =
38,54,12,92,38 + 54 =
38,55,13,93,38 + 55 =
38,56,14,94,38 + 56 =
38,57,15,95,38 + 57 =
38,58,16,96,38 + 58 =
38,59,17,97,38 + 59 =
38,60,8,98,38 + 60 =
38,61,9,99,38 + 61 =
38,62,10,100,38 + 62 =
38,63,11,101,38 + 63 =
38,64,12,102,38 + 64 =
38,65,13,103,38 + 65 =
38,66,14,104,38 + 66 =
38,67,15,105,38 + 67 =
38,68,16,106,38 + 68 =
38,69,17,107,38 + 69 =
38,70,8,108,38 + 70 =
38,71,9,109,38 + 71 =
38,72,10,110,38 + 72 =
38,73,11,111,38 + 73 =
38,74,12,112,38 + 74 =
38,75,13,113,38 + 75 =
38,76,14,114,38 + 76 =
38,77,15,115,38 + 77 =
38,78,16,116,38 + 78 =
38,79,17,117,38 + 79 =
38,80,8,118,38 + 80 =
38,81,9,119,38 + 81 =
38,82,10,120,38 + 82 =
38,83,11,121,38 + 83 =
38,84,12,122,38 + 84 =
38,85,13,123,38 + 85 =
38,86,14,124,38 + 86 =
38,87,15,125,38 + 87 =
38,88,16,126,38 + 88 =
38,89,17,127,38 + 89 =
38,90,8,128,38 + 90 =
38,91,9,129,38 + 91 =
38,92,10,130,38 + 92 =
38,93,11,131,38 + 93 =
38,94,12,132,38 + 94 =
38,95,13,133,38 + 95 =
38,96,14,134,38 + 96 =
38,97,15,135,38 + 97 =
38,98,16,136,38 + 98 =
38,99,17,137,38 + 99 =
39,10,9,49,39 + 10 =
39,11,10,50,39 + 11 =
39,12,11,51,39 + 12 =
39,13,12,52,39 + 13 =
39,14,13,53,39 + 14 =
39,15,14,54,39 + 15 =
39,16,15,55,39 + 16 =
39,17,16,56,39 + 17 =
39,18,17,57,39 + 18 =
39,19,18,58,39 + 19 =
39,20,9,59,39 + 20 =
39,21,10,60,39 + 21 =
39,22,11,61,39 + 22 =
39,23,12,62,39 + 23 =
39,24,13,63,39 + 24 =
39,25,14,64,39 + 25 =
39,26,15,65,39 + 26 =
39,27,16,66,39 + 27 =
39,28,17,67,39 + 28 =
39,29,18,68,39 + 29 =
39,30,9,69,39 + 30 =
39,31,10,70,39 + 31 =
39,32,11,71,39 + 32 =
39,33,12,72,39 + 33 =
39,34,13,73,39 + 34 =
39,35,14,74,39 + 35 =
39,36,15,75,39 + 36 =
39,37,16,76,39 + 37 =
39,38,17,77,39 + 38 =
39,39,18,78,39 + 39 =
39,40,9,79,39 + 40 =
39,41,10,80,39 + 41 =
39,42,11,81,39 + 42 =
39,43,12,82,39 + 43 =
39,44,13,83,39 + 44 =
39,45,14,84,39 + 45 =
39,46,15,85,39 + 46 =
39,47,16,86,39 + 47 =
39,48,17,87,39 + 48 =
39,49,18,88,39 + 49 =
39,50,9,89,39 + 50 =
39,51,10,90,39 + 51 =
39,52,11,91,39 + 52 =
39,53,12,92,39 + 53 =
39,54,13,93,39 + 54 =
39,55,14,94,39 + 55 =
39,56,15,95,39 + 56 =
39,57,16,96,39 + 57 =
39,58,17,97,39 + 58 =
39,59,18,98,39 + 59 =
39,60,9,99,39 + 60 =
39,61,10,100,39 + 61 =
39,62,11,101,39 + 62 =
39,63,12,102,39 + 63 =
39,64,13,103,39 + 64 =
39,65,14,104,39 + 65 =
39,66,15,105,39 + 66 =
39,67,16,106,39 + 67 =
39,68,17,107,39 + 68 =
39,69,18,108,39 + 69 =
39,70,9,109,39 + 70 =
39,71,10,110,39 + 71 =
39,72,11,111,39 + 72 =
39,73,12,112,39 + 73 =
39,74,13,113,39 + 74 =
39,75,14,114,39 + 75 =
39,76,15,115,39 + 76 =
39,77,16,116,39 + 77 =
39,78,17,117,39 + 78 =
39,79,18,118,39 + 79 =
39,80,9,119,39 + 80 =
39,81,10,120,39 + 81 =
39,82,11,121,39 + 82 =
39,83,12,122,39 + 83 =
39,84,13,123,39 + 84 =
39,85,14,124,39 + 85 =
39,86,15,125,39 + 86 =
39,87,16,126,39 + 87 =
39,88,17,127,39 + 88 =
39,89,18,128,39 + 89 =
39,90,9,129,39 + 90 =
39,91,10,130,39 + 91 =
39,92,11,131,39 + 92 =
39,93,12,132,39 + 93 =
39,94,13,133,39 + 94 =
39,95,14,134,39 + 95 =
39,96,15,135,39 + 96 =
39,97,16,136,39 + 97 =
39,98,17,137,39 + 98 =
39,99,18,138,39 + 99 =
40,10,0,50,40 + 10 =
40,11,1,51,40 + 11 =
40,12,2,52,40 + 12 =
40,13,3,53,40 + 13 =
40,14,4,54,40 + 14 =
40,15,5,55,40 + 15 =
40,16,6,56,40 + 16 =
40,17,7,57,40 + 17 =
40,18,8,58,40 + 18 =
40,19,9,59,40 + 19 =
40,20,0,60,40 + 20 =
40,21,1,61,40 + 21 =
40,22,2,62,40 + 22 =
40,23,3,63,40 + 23 =
40,24,4,64,40 + 24 =
40,25,5,65,40 + 25 =
40,26,6,66,40 + 26 =
40,27,7,67,40 + 27 =
40,28,8,68,40 + 28 =
40,29,9,69,40 + 29 =
40,30,0,70,40 + 30 =
40,31,1,71,40 + 31 =
40,32,2,72,40 + 32 =
40,33,3,73,40 + 33 =
40,34,4,74,40 + 34 =
40,35,5,75,40 + 35 =
40,36,6,76,40 + 36 =
40,37,7,77,40 + 37 =
40,38,8,78,40 + 38 =
40,39,9,79,40 + 39 =
40,40,0,80,40 + 40 =
40,41,1,81,40 + 41 =
40,42,2,82,40 + 42 =
40,43,3,83,40 + 43 =
40,44,4,84,40 + 44 =
40,45,5,85,40 + 45 =
40,46,6,86,40 + 46 =
40,47,7,87,40 + 47 =
40,48,8,88,40 + 48 =
40,49,9,89,40 + 49 =
40,50,0,90,40 + 50 =
40,51,1,91,40 + 51 =
40,52,2,92,40 + 52 =
40,53,3,93,40 + 53 =
40,54,4,94,40 + 54 =
40,55,5,95,40 + 55 =
40,56,6,96,40 + 56 =
40,57,7,97,40 + 57 =
40,58,8,98,40 + 58 =
40,59,9,99,40 + 59 =
40,60,0,100,40 + 60 =
40,61,1,101,40 + 61 =
40,62,2,102,40 + 62 =
40,63,3,103,40 + 63 =
40,64,4,104,40 + 64 =
40,65,5,105,40 + 65 =
40,66,6,106,40 + 66 =
40,67,7,107,40 + 67 =
40,68,8,108,40 + 68 =
40,69,9,109,40 + 69 =
40,70,0,110,40 + 70 =
40,71,1,111,40 + 71 =
40,72,2,112,40 + 72 =
40,73,3,113,40 + 73 =
40,74,4,114,40 + 74 =
40,75,5,115,40 + 75 =
40,76,6,116,40 + 76 =
40,77,7,117,40 + 77 =
40,78,8,118,40 + 78 =
40,79,9,119,40 + 79 =
40,80,0,120,40 + 80 =
40,81,1,121,40 + 81 =
40,82,2,122,40 + 82 =
40,83,3,123,40 + 83 =
40,84,4,124,40 + 84 =
40,85,5,125,40 + 85 =
40,86,6,126,40 + 86 =
40,87,7,127,40 + 87 =
40,88,8,128,40 + 88 =
40,89,9,129,40 + 89 =
40,90,0,130,40 + 90 =
40,91,1,131,40 + 91 =
40,92,2,132,40 + 92 =
40,93,3,133,40 + 93 =
40,94,4,134,40 + 94 =
40,95,5,135,40 + 95 =
40,96,6,136,40 + 96 =
40,97,7,137,40 + 97 =
40,98,8,138,40 + 98 =
40,99,9,139,40 + 99 =
41,10,1,51,41 + 10 =
41,11,2,52,41 + 11 =
41,12,3,53,41 + 12 =
41,13,4,54,41 + 13 =
41,14,5,55,41 + 14 =
41,15,6,56,41 + 15 =
41,16,7,57,41 + 16 =
41,17,8,58,41 + 17 =
41,18,9,59,41 + 18 =
41,19,10,60,41 + 19 =
41,20,1,61,41 + 20 =
41,21,2,62,41 + 21 =
41,22,3,63,41 + 22 =
41,23,4,64,41 + 23 =
41,24,5,65,41 + 24 =
41,25,6,66,41 + 25 =
41,26,7,67,41 + 26 =
41,27,8,68,41 + 27 =
41,28,9,69,41 + 28 =
41,29,10,70,41 + 29 =
41,30,1,71,41 + 30 =
41,31,2,72,41 + 31 =
41,32,3,73,41 + 32 =
41,33,4,74,41 + 33 =
41,34,5,75,41 + 34 =
41,35,6,76,41 + 35 =
41,36,7,77,41 + 36 =
41,37,8,78,41 + 37 =
41,38,9,79,41 + 38 =
41,39,10,80,41 + 39 =
41,40,1,81,41 + 40 =
41,41,2,82,41 + 41 =
41,42,3,83,41 + 42 =
41,43,4,84,41 + 43 =
41,44,5,85,41 + 44 =
41,45,6,86,41 + 45 =
41,46,7,87,41 + 46 =
41,47,8,88,41 + 47 =
41,48,9,89,41 + 48 =
41,49,10,90,41 + 49 =
41,50,1,91,41 + 50 =
41,51,2,92,41 + 51 =
41,52,3,93,41 + 52 =
41,53,4,94,41 + 53 =
41,54,5,95,41 + 54 =
41,55,6,96,41 + 55 =
41,56,7,97,41 + 56 =
41,57,8,98,41 + 57 =
41,58,9,99,41 + 58 =
41,59,10,100,41 + 59 =
41,60,1,101,41 + 60 =
41,61,2,102,41 + 61 =
41,62,3,103,41 + 62 =
41,63,4,104,41 + 63 =
41,64,5,105,41 + 64 =
41,65,6,106,41 + 65 =
41,66,7,107,41 + 66 =
41,67,8,108,41 + 67 =
41,68,9,109,41 + 68 =
41,69,10,110,41 + 69 =
41,70,1,111,41 + 70 =
41,71,2,112,41 + 71 =
41,72,3,113,41 + 72 =
41,73,4,114,41 + 73 =
41,74,5,115,41 + 74 =
41,75,6,116,41 + 75 =
41,76,7,117,41 + 76 =
41,77,8,118,41 + 77 =
41,78,9,119,41 + 78 =
41,79,10,120,41 + 79 =
41,80,1,121,41 + 80 =
41,81,2,122,41 + 81 =
41,82,3,123,41 + 82 =
41,83,4,124,41 + 83 =
41,84,5,125,41 + 84 =
41,85,6,126,41 + 85 =
41,86,7,127,41 + 86 =
41,87,8,128,41 + 87 =
41,88,9,129,41 + 88 =
41,89,10,130,41 + 89 =
41,90,1,131,41 + 90 =
41,91,2,132,41 + 91 =
41,92,3,133,41 + 92 =
41,93,4,134,41 + 93 =
41,94,5,135,41 + 94 =
41,95,6,136,41 + 95 =
41,96,7,137,41 + 96 =
41,97,8,138,41 + 97 =
41,98,9,139,41 + 98 =
41,99,10,140,41 + 99 =
42,10,2,52,42 + 10 =
42,11,3,53,42 + 11 =
42,12,4,54,42 + 12 =
42,13,5,55,42 + 13 =
42,14,6,56,42 + 14 =
42,15,7,57,42 + 15 =
42,16,8,58,42 + 16 =
42,17,9,59,42 + 17 =
42,18,10,60,42 + 18 =
42,19,11,61,42 + 19 =
42,20,2,62,42 + 20 =
42,21,3,63,42 + 21 =
42,22,4,64,42 + 22 =
42,23,5,65,42 + 23 =
42,24,6,66,42 + 24 =
42,25,7,67,42 + 25 =
42,26,8,68,42 + 26 =
42,27,9,69,42 + 27 =
42,28,10,70,42 + 28 =
42,29,11,71,42 + 29 =
42,30,2,72,42 + 30 =
42,31,3,73,42 + 31 =
42,32,4,74,42 + 32 =
42,33,5,75,42 + 33 =
42,34,6,76,42 + 34 =
42,35,7,77,42 + 35 =
42,36,8,78,42 + 36 =
42,37,9,79,42 + 37 =
42,38,10,80,42 + 38 =
42,39,11,81,42 + 39 =
42,40,2,82,42 + 40 =
42,41,3,83,42 + 41 =
42,42,4,84,42 + 42 =
42,43,5,85,42 + 43 =
42,44,6,86,42 + 44 =
42,45,7,87,42 + 45 =
42,46,8,88,42 + 46 =
42,47,9,89,42 + 47 =
42,48,10,90,42 + 48 =
42,49,11,91,42 + 49 =
42,50,2,92,42 + 50 =
42,51,3,93,42 + 51 =
42,52,4,94,42 + 52 =
42,53,5,95,42 + 53 =
42,54,6,96,42 + 54 =
42,55,7,97,42 + 55 =
42,56,8,98,42 + 56 =
42,57,9,99,42 + 57 =
42,58,10,100,42 + 58 =
42,59,11,101,42 + 59 =
42,60,2,102,42 + 60 =
42,61,3,103,42 + 61 =
42,62,4,104,42 + 62 =
42,63,5,105,42 + 63 =
42,64,6,106,42 + 64 =
42,65,7,107,42 + 65 =
42,66,8,108,42 + 66 =
42,67,9,109,42 + 67 =
42,68,10,110,42 + 68 =
42,69,11,111,42 + 69 =
42,70,2,112,42 + 70 =
42,71,3,113,42 + 71 =
42,72,4,114,42 + 72 =
42,73,5,115,42 + 73 =
42,74,6,116,42 + 74 =
42,75,7,117,42 + 75 =
42,76,8,118,42 + 76 =
42,77,9,119,42 + 77 =
42,78,10,120,42 + 78 =
42,79,11,121,42 + 79 =
42,80,2,122,42 + 80 =
42,81,3,123,42 + 81 =
42,82,4,124,42 + 82 =
42,83,5,125,42 + 83 =
42,84,6,126,42 + 84 =
42,85,7,127,42 + 85 =
42,86,8,128,42 + 86 =
42,87,9,129,42 + 87 =
42,88,10,130,42 + 88 =
42,89,11,131,42 + 89 =
42,90,2,132,42 + 90 =
42,91,3,133,42 + 91 =
42,92,4,134,42 + 92 =
42,93,5,135,42 + 93 =
42,94,6,136,42 + 94 =
42,95,7,137,42 + 95 =
42,96,8,138,42 + 96 =
42,97,9,139,42 + 97 =
42,98,10,140,42 + 98 =
42,99,11,141,42 + 99 =
43,10,3,53,43 + 10 =
43,11,4,54,43 + 11 =
43,12,5,55,43 + 12 =
43,13,6,56,43 + 13 =
43,14,7,57,43 + 14 =
43,15,8,58,43 + 15 =
43,16,9,59,43 + 16 =
43,17,10,60,43 + 17 =
43,18,11,61,43 + 18 =
43,19,12,62,43 + 19 =
43,20,3,63,43 + 20 =
43,21,4,64,43 + 21 =
43,22,5,65,43 + 22 =
43,23,6,66,43 + 23 =
43,24,7,67,43 + 24 =
43,25,8,68,43 + 25 =
43,26,9,69,43 + 26 =
43,27,10,70,43 + 27 =
43,28,11,71,43 + 28 =
43,29,12,72,43 + 29 =
43,30,3,73,43 + 30 =
43,31,4,74,43 + 31 =
43,32,5,75,43 + 32 =
43,33,6,76,43 + 33 =
43,34,7,77,43 + 34 =
43,35,8,78,43 + 35 =
43,36,9,79,43 + 36 =
43,37,10,80,43 + 37 =
43,38,11,81,43 + 38 =
43,39,12,82,43 + 39 =
43,40,3,83,43 + 40 =
43,41,4,84,43 + 41 =
43,42,5,85,43 + 42 =
43,43,6,86,43 + 43 =
43,44,7,87,43 + 44 =
43,45,8,88,43 + 45 =
43,46,9,89,43 + 46 =
43,47,10,90,43 + 47 =
43,48,11,91,43 + 48 =
43,49,12,92,43 + 49 =
43,50,3,93,43 + 50 =
43,51,4,94,43 + 51 =
43,52,5,95,43 + 52 =
43,53,6,96,43 + 53 =
43,54,7,97,43 + 54 =
43,55,8,98,43 + 55 =
43,56,9,99,43 + 56 =
43,57,10,100,43 + 57 =
43,58,11,101,43 + 58 =
43,59,12,102,43 + 59 =
43,60,3,103,43 + 60 =
43,61,4,104,43 + 61 =
43,62,5,105,43 + 62 =
43,63,6,106,43 + 63 =
43,64,7,107,43 + 64 =
43,65,8,108,43 + 65 =
43,66,9,109,43 + 66 =
43,67,10,110,43 + 67 =
43,68,11,111,43 + 68 =
43,69,12,112,43 + 69 =
43,70,3,113,43 + 70 =
43,71,4,114,43 + 71 =
43,72,5,115,43 + 72 =
43,73,6,116,43 + 73 =
43,74,7,117,43 + 74 =
43,75,8,118,43 + 75 =
43,76,9,119,43 + 76 =
43,77,10,120,43 + 77 =
43,78,11,121,43 + 78 =
43,79,12,122,43 + 79 =
43,80,3,123,43 + 80 =
43,81,4,124,43 + 81 =
43,82,5,125,43 + 82 =
43,83,6,126,43 + 83 =
43,84,7,127,43 + 84 =
43,85,8,128,43 + 85 =
43,86,9,129,43 + 86 =
43,87,10,130,43 + 87 =
43,88,11,131,43 + 88 =
43,89,12,132,43 + 89 =
43,90,3,133,43 + 90 =
43,91,4,134,43 + 91 =
43,92,5,135,43 + 92 =
43,93,6,136,43 + 93 =
43,94,7,137,43 + 94 =
43,95,8,138,43 + 95 =
43,96,9,139,43 + 96 =
43,97,10,140,43 + 97 =
43,98,11,141,43 + 98 =
43,99,12,142,43 + 99 =
44,10,4,54,44 + 10 =
44,11,5,55,44 + 11 =
44,12,6,56,44 + 12 =
44,13,7,57,44 + 13 =
44,14,8,58,44 + 14 =
44,15,9,59,44 + 15 =
44,16,10,60,44 + 16 =
44,17,11,61,44 + 17 =
44,18,12,62,44 + 18 =
44,19,13,63,44 + 19 =
44,20,4,64,44 + 20 =
44,21,5,65,44 + 21 =
44,22,6,66,44 + 22 =
44,23,7,67,44 + 23 =
44,24,8,68,44 + 24 =
44,25,9,69,44 + 25 =
44,26,10,70,44 + 26 =
44,27,11,71,44 + 27 =
44,28,12,72,44 + 28 =
44,29,13,73,44 + 29 =
44,30,4,74,44 + 30 =
44,31,5,75,44 + 31 =
44,32,6,76,44 + 32 =
44,33,7,77,44 + 33 =
44,34,8,78,44 + 34 =
44,35,9,79,44 + 35 =
44,36,10,80,44 + 36 =
44,37,11,81,44 + 37 =
44,38,12,82,44 + 38 =
44,39,13,83,44 + 39 =
44,40,4,84,44 + 40 =
44,41,5,85,44 + 41 =
44,42,6,86,44 + 42 =
44,43,7,87,44 + 43 =
44,44,8,88,44 + 44 =
44,45,9,89,44 + 45 =
44,46,10,90,44 + 46 =
44,47,11,91,44 + 47 =
44,48,12,92,44 + 48 =
44,49,13,93,44 + 49 =
44,50,4,94,44 + 50 =
44,51,5,95,44 + 51 =
44,52,6,96,44 + 52 =
44,53,7,97,44 + 53 =
44,54,8,98,44 + 54 =
44,55,9,99,44 + 55 =
44,56,10,100,44 + 56 =
44,57,11,101,44 + 57 =
44,58,12,102,44 + 58 =
44,59,13,103,44 + 59 =
44,60,4,104,44 + 60 =
44,61,5,105,44 + 61 =
44,62,6,106,44 + 62 =
44,63,7,107,44 + 63 =
44,64,8,108,44 + 64 =
44,65,9,109,44 + 65 =
44,66,10,110,44 + 66 =
44,67,11,111,44 + 67 =
44,68,12,112,44 + 68 =
44,69,13,113,44 + 69 =
44,70,4,114,44 + 70 =
44,71,5,115,44 + 71 =
44,72,6,116,44 + 72 =
44,73,7,117,44 + 73 =
44,74,8,118,44 + 74 =
44,75,9,119,44 + 75 =
44,76,10,120,44 + 76 =
44,77,11,121,44 + 77 =
44,78,12,122,44 + 78 =
44,79,13,123,44 + 79 =
44,80,4,124,44 + 80 =
44,81,5,125,44 + 81 =
44,82,6,126,44 + 82 =
44,83,7,127,44 + 83 =
44,84,8,128,44 + 84 =
44,85,9,129,44 + 85 =
44,86,10,130,44 + 86 =
44,87,11,131,44 + 87 =
44,88,12,132,44 + 88 =
44,89,13,133,44 + 89 =
44,90,4,134,44 + 90 =
44,91,5,135,44 + 91 =
44,92,6,136,44 + 92 =
44,93,7,137,44 + 93 =
44,94,8,138,44 + 94 =
44,95,9,139,44 + 95 =
44,96,10,140,44 + 96 =
44,97,11,141,44 + 97 =
44,98,12,142,44 + 98 =
44,99,13,143,44 + 99 =
45,10,5,55,45 + 10 =
45,11,6,56,45 + 11 =
45,12,7,57,45 + 12 =
45,13,8,58,45 + 13 =
45,14,9,59,45 + 14 =
45,15,10,60,45 + 15 =
45,16,11,61,45 + 16 =
45,17,12,62,45 + 17 =
45,18,13,63,45 + 18 =
45,19,14,64,45 + 19 =
45,20,5,65,45 + 20 =
45,21,6,66,45 + 21 =
45,22,7,67,45 + 22 =
45,23,8,68,45 + 23 =
45,24,9,69,45 + 24 =
45,25,10,70,45 + 25 =
45,26,11,71,45 + 26 =
45,27,12,72,45 + 27 =
45,28,13,73,45 + 28 =
45,29,14,74,45 + 29 =
45,30,5,75,45 + 30 =
45,31,6,76,45 + 31 =
45,32,7,77,45 + 32 =
45,33,8,78,45 + 33 =
45,34,9,79,45 + 34 =
45,35,10,80,45 + 35 =
45,36,11,81,45 + 36 =
45,37,12,82,45 + 37 =
45,38,13,83,45 + 38 =
45,39,14,84,45 + 39 =
45,40,5,85,45 + 40 =
45,41,6,86,45 + 41 =
45,42,7,87,45 + 42 =
45,43,8,88,45 + 43 =
45,44,9,89,45 + 44 =
45,45,10,90,45 + 45 =
45,46,11,91,45 + 46 =
45,47,12,92,45 + 47 =
45,48,13,93,45 + 48 =
45,49,14,94,45 + 49 =
45,50,5,95,45 + 50 =
45,51,6,96,45 + 51 =
45,52,7,97,45 + 52 =
45,53,8,98,45 + 53 =
45,54,9,99,45 + 54 =
45,55,10,100,45 + 55 =
45,56,11,101,45 + 56 =
45,57,12,102,45 + 57 =
45,58,13,103,45 + 58 =
45,59,14,104,45 + 59 =
45,60,5,105,45 + 60 =
45,61,6,106,45 + 61 =
45,62,7,107,45 + 62 =
45,63,8,108,45 + 63 =
45,64,9,109,45 + 64 =
45,65,10,110,45 + 65 =
45,66,11,111,45 + 66 =
45,67,12,112,45 + 67 =
45,68,13,113,45 + 68 =
45,69,14,114,45 + 69 =
45,70,5,115,45 + 70 =
45,71,6,116,45 + 71 =
45,72,7,117,45 + 72 =
45,73,8,118,45 + 73 =
45,74,9,119,45 + 74 =
45,75,10,120,45 + 75 =
45,76,11,121,45 + 76 =
45,77,12,122,45 + 77 =
45,78,13,123,45 + 78 =
45,79,14,124,45 + 79 =
45,80,5,125,45 + 80 =
45,81,6,126,45 + 81 =
45,82,7,127,45 + 82 =
45,83,8,128,45 + 83 =
45,84,9,129,45 + 84 =
45,85,10,130,45 + 85 =
45,86,11,131,45 + 86 =
45,87,12,132,45 + 87 =
45,88,13,133,45 + 88 =
45,89,14,134,45 + 89 =
45,90,5,135,45 + 90 =
45,91,6,136,45 + 91 =
45,92,7,137,45 + 92 =
45,93,8,138,45 + 93 =
45,94,9,139,45 + 94 =
45,95,10,140,45 + 95 =
45,96,11,141,45 + 96 =
45,97,12,142,45 + 97 =
45,98,13,143,45 + 98 =
45,99,14,144,45 + 99 =
46,10,6,56,46 + 10 =
46,11,7,57,46 + 11 =
46,12,8,58,46 + 12 =
46,13,9,59,46 + 13 =
46,14,10,60,46 + 14 =
46,15,11,61,46 + 15 =
46,16,12,62,46 + 16 =
46,17,13,63,46 + 17 =
46,18,14,64,46 + 18 =
46,19,15,65,46 + 19 =
46,20,6,66,46 + 20 =
46,21,7,67,46 + 21 =
46,22,8,68,46 + 22 =
46,23,9,69,46 + 23 =
46,24,10,70,46 + 24 =
46,25,11,71,46 + 25 =
46,26,12,72,46 + 26 =
46,27,13,73,46 + 27 =
46,28,14,74,46 + 28 =
46,29,15,75,46 + 29 =
46,30,6,76,46 + 30 =
46,31,7,77,46 + 31 =
46,32,8,78,46 + 32 =
46,33,9,79,46 + 33 =
46,34,10,80,46 + 34 =
46,35,11,81,46 + 35 =
46,36,12,82,46 + 36 =
46,37,13,83,46 + 37 =
46,38,14,84,46 + 38 =
46,39,15,85,46 + 39 =
46,40,6,86,46 + 40 =
46,41,7,87,46 + 41 =
46,42,8,88,46 + 42 =
46,43,9,89,46 + 43 =
46,44,10,90,46 + 44 =
46,45,11,91,46 + 45 =
46,46,12,92,46 + 46 =
46,47,13,93,46 + 47 =
46,48,14,94,46 + 48 =
46,49,15,95,46 + 49 =
46,50,6,96,46 + 50 =
46,51,7,97,46 + 51 =
46,52,8,98,46 + 52 =
46,53,9,99,46 + 53 =
46,54,10,100,46 + 54 =
46,55,11,101,46 + 55 =
46,56,12,102,46 + 56 =
46,57,13,103,46 + 57 =
46,58,14,104,46 + 58 =
46,59,15,105,46 + 59 =
46,60,6,106,46 + 60 =
46,61,7,107,46 + 61 =
46,62,8,108,46 + 62 =
46,63,9,109,46 + 63 =
46,64,10,110,46 + 64 =
46,65,11,111,46 + 65 =
46,66,12,112,46 + 66 =
46,67,13,113,46 + 67 =
46,68,14,114,46 + 68 =
46,69,15,115,46 + 69 =
46,70,6,116,46 + 70 =
46,71,7,117,46 + 71 =
46,72,8,118,46 + 72 =
46,73,9,119,46 + 73 =
46,74,10,120,46 + 74 =
46,75,11,121,46 + 75 =
46,76,12,122,46 + 76 =
46,77,13,123,46 + 77 =
46,78,14,124,46 + 78 =
46,79,15,125,46 + 79 =
46,80,6,126,46 + 80 =
46,81,7,127,46 + 81 =
46,82,8,128,46 + 82 =
46,83,9,129,46 + 83 =
46,84,10,130,46 + 84 =
46,85,11,131,46 + 85 =
46,86,12,132,46 + 86 =
46,87,13,133,46 + 87 =
46,88,14,134,46 + 88 =
46,89,15,135,46 + 89 =
46,90,6,136,46 + 90 =
46,91,7,137,46 + 91 =
46,92,8,138,46 + 92 =
46,93,9,139,46 + 93 =
46,94,10,140,46 + 94 =
46,95,11,141,46 + 95 =
46,96,12,142,46 + 96 =
46,97,13,143,46 + 97 =
46,98,14,144,46 + 98 =
46,99,15,145,46 + 99 =
47,10,7,57,47 + 10 =
47,11,8,58,47 + 11 =
47,12,9,59,47 + 12 =
47,13,10,60,47 + 13 =
47,14,11,61,47 + 14 =
47,15,12,62,47 + 15 =
47,16,13,63,47 + 16 =
47,17,14,64,47 + 17 =
47,18,15,65,47 + 18 =
47,19,16,66,47 + 19 =
47,20,7,67,47 + 20 =
47,21,8,68,47 + 21 =
47,22,9,69,47 + 22 =
47,23,10,70,47 + 23 =
47,24,11,71,47 + 24 =
47,25,12,72,47 + 25 =
47,26,13,73,47 + 26 =
47,27,14,74,47 + 27 =
47,28,15,75,47 + 28 =
47,29,16,76,47 + 29 =
47,30,7,77,47 + 30 =
47,31,8,78,47 + 31 =
47,32,9,79,47 + 32 =
47,33,10,80,47 + 33 =
47,34,11,81,47 + 34 =
47,35,12,82,47 + 35 =
47,36,13,83,47 + 36 =
47,37,14,84,47 + 37 =
47,38,15,85,47 + 38 =
47,39,16,86,47 + 39 =
47,40,7,87,47 + 40 =
47,41,8,88,47 + 41 =
47,42,9,89,47 + 42 =
47,43,10,90,47 + 43 =
47,44,11,91,47 + 44 =
47,45,12,92,47 + 45 =
47,46,13,93,47 + 46 =
47,47,14,94,47 + 47 =
47,48,15,95,47 + 48 =
47,49,16,96,47 + 49 =
47,50,7,97,47 + 50 =
47,51,8,98,47 + 51 =
47,52,9,99,47 + 52 =
47,53,10,100,47 + 53 =
47,54,11,101,47 + 54 =
47,55,12,102,47 + 55 =
47,56,13,103,47 + 56 =
47,57,14,104,47 + 57 =
47,58,15,105,47 + 58 =
47,59,16,106,47 + 59 =
47,60,7,107,47 + 60 =
47,61,8,108,47 + 61 =
47,62,9,109,47 + 62 =
47,63,10,110,47 + 63 =
47,64,11,111,47 + 64 =
47,65,12,112,47 + 65 =
47,66,13,113,47 + 66 =
47,67,14,114,47 + 67 =
47,68,15,115,47 + 68 =
47,69,16,116,47 + 69 =
47,70,7,117,47 + 70 =
47,71,8,118,47 + 71 =
47,72,9,119,47 + 72 =
47,73,10,120,47 + 73 =
47,74,11,121,47 + 74 =
47,75,12,122,47 + 75 =
47,76,13,123,47 + 76 =
47,77,14,124,47 + 77 =
47,78,15,125,47 + 78 =
47,79,16,126,47 + 79 =
47,80,7,127,47 + 80 =
47,81,8,128,47 + 81 =
47,82,9,129,47 + 82 =
47,83,10,130,47 + 83 =
47,84,11,131,47 + 84 =
47,85,12,132,47 + 85 =
47,86,13,133,47 + 86 =
47,87,14,134,47 + 87 =
47,88,15,135,47 + 88 =
47,89,16,136,47 + 89 =
47,90,7,137,47 + 90 =
47,91,8,138,47 + 91 =
47,92,9,139,47 + 92 =
47,93,10,140,47 + 93 =
47,94,11,141,47 + 94 =
47,95,12,142,47 + 95 =
47,96,13,143,47 + 96 =
47,97,14,144,47 + 97 =
47,98,15,145,47 + 98 =
47,99,16,146,47 + 99 =
48,10,8,58,48 + 10 =
48,11,9,59,48 + 11 =
48,12,10,60,48 + 12 =
48,13,11,61,48 + 13 =
48,14,12,62,48 + 14 =
48,15,13,63,48 + 15 =
48,16,14,64,48 + 16 =
48,17,15,65,48 + 17 =
48,18,16,66,48 + 18 =
48,19,17,67,48 + 19 =
48,20,8,68,48 + 20 =
48,21,9,69,48 + 21 =
48,22,10,70,48 + 22 =
48,23,11,71,48 + 23 =
48,24,12,72,48 + 24 =
48,25,13,73,48 + 25 =
48,26,14,74,48 + 26 =
48,27,15,75,48 + 27 =
48,28,16,76,48 + 28 =
48,29,17,77,48 + 29 =
48,30,8,78,48 + 30 =
48,31,9,79,48 + 31 =
48,32,10,80,48 + 32 =
48,33,11,81,48 + 33 =
48,34,12,82,48 + 34 =
48,35,13,83,48 + 35 =
48,36,14,84,48 + 36 =
48,37,15,85,48 + 37 =
48,38,16,86,48 + 38 =
48,39,17,87,48 + 39 =
48,40,8,88,48 + 40 =
48,41,9,89,48 + 41 =
48,42,10,90,48 + 42 =
48,43,11,91,48 + 43 =
48,44,12,92,48 + 44 =
48,45,13,93,48 + 45 =
48,46,14,94,48 + 46 =
48,47,15,95,48 + 47 =
48,48,16,96,48 + 48 =
48,49,17,97,48 + 49 =
48,50,8,98,48 + 50 =
48,51,9,99,48 + 51 =
48,52,10,100,48 + 52 =
48,53,11,101,48 + 53 =
48,54,12,102,48 + 54 =
48,55,13,103,48 + 55 =
48,56,14,104,48 + 56 =
48,57,15,105,48 + 57 =
48,58,16,106,48 + 58 =
48,59,17,107,48 + 59 =
48,60,8,108,48 + 60 =
48,61,9,109,48 + 61 =
48,62,10,110,48 + 62 =
48,63,11,111,48 + 63 =
48,64,12,112,48 + 64 =
48,65,13,113,48 + 65 =
48,66,14,114,48 + 66 =
48,67,15,115,48 + 67 =
48,68,16,116,48 + 68 =
48,69,17,117,48 + 69 =
48,70,8,118,48 + 70 =
48,71,9,119,48 + 71 =
48,72,10,120,48 + 72 =
48,73,11,121,48 + 73 =
48,74,12,122,48 + 74 =
48,75,13,123,48 + 75 =
48,76,14,124,48 + 76 =
48,77,15,125,48 + 77 =
48,78,16,126,48 + 78 =
48,79,17,127,48 + 79 =
48,80,8,128,48 + 80 =
48,81,9,129,48 + 81 =
48,82,10,130,48 + 82 =
48,83,11,131,48 + 83 =
48,84,12,132,48 + 84 =
48,85,13,133,48 + 85 =
48,86,14,134,48 + 86 =
48,87,15,135,48 + 87 =
48,88,16,136,48 + 88 =
48,89,17,137,48 + 89 =
48,90,8,138,48 + 90 =
48,91,9,139,48 + 91 =
48,92,10,140,48 + 92 =
48,93,11,141,48 + 93 =
48,94,12,142,48 + 94 =
48,95,13,143,48 + 95 =
48,96,14,144,48 + 96 =
48,97,15,145,48 + 97 =
48,98,16,146,48 + 98 =
48,99,17,147,48 + 99 =
49,10,9,59,49 + 10 =
49,11,10,60,49 + 11 =
49,12,11,61,49 + 12 =
49,13,12,62,49 + 13 =
49,14,13,63,49 + 14 =
49,15,14,64,49 + 15 =
49,16,15,65,49 + 16 =
49,17,16,66,49 + 17 =
49,18,17,67,49 + 18 =
49,19,18,68,49 + 19 =
49,20,9,69,49 + 20 =
49,21,10,70,49 + 21 =
49,22,11,71,49 + 22 =
49,23,12,72,49 + 23 =
49,24,13,73,49 + 24 =
49,25,14,74,49 + 25 =
49,26,15,75,49 + 26 =
49,27,16,76,49 + 27 =
49,28,17,77,49 + 28 =
49,29,18,78,49 + 29 =
49,30,9,79,49 + 30 =
49,31,10,80,49 + 31 =
49,32,11,81,49 + 32 =
49,33,12,82,49 + 33 =
49,34,13,83,49 + 34 =
49,35,14,84,49 + 35 =
49,36,15,85,49 + 36 =
49,37,16,86,49 + 37 =
49,38,17,87,49 + 38 =
49,39,18,88,49 + 39 =
49,40,9,89,49 + 40 =
49,41,10,90,49 + 41 =
49,42,11,91,49 + 42 =
49,43,12,92,49 + 43 =
49,44,13,93,49 + 44 =
49,45,14,94,49 + 45 =
49,46,15,95,49 + 46 =
49,47,16,96,49 + 47 =
49,48,17,97,49 + 48 =
49,49,18,98,49 + 49 =
49,50,9,99,49 + 50 =
49,51,10,100,49 + 51 =
49,52,11,101,49 + 52 =
49,53,12,102,49 + 53 =
49,54,13,103,49 + 54 =
49,55,14,104,49 + 55 =
49,56,15,105,49 + 56 =
49,57,16,106,49 + 57 =
49,58,17,107,49 + 58 =
49,59,18,108,49 + 59 =
49,60,9,109,49 + 60 =
49,61,10,110,49 + 61 =
49,62,11,111,49 + 62 =
49,63,12,112,49 + 63 =
49,64,13,113,49 + 64 =
49,65,14,114,49 + 65 =
49,66,15,115,49 + 66 =
49,67,16,116,49 + 67 =
49,68,17,117,49 + 68 =
49,69,18,118,49 + 69 =
49,70,9,119,49 + 70 =
49,71,10,120,49 + 71 =
49,72,11,121,49 + 72 =
49,73,12,122,49 + 73 =
49,74,13,123,49 + 74 =
49,75,14,124,49 + 75 =
49,76,15,125,49 + 76 =
49,77,16,126,49 + 77 =
49,78,17,127,49 + 78 =
49,79,18,128,49 + 79 =
49,80,9,129,49 + 80 =
49,81,10,130,49 + 81 =
49,82,11,131,49 + 82 =
49,83,12,132,49 + 83 =
49,84,13,133,49 + 84 =
49,85,14,134,49 + 85 =
49,86,15,135,49 + 86 =
49,87,16,136,49 + 87 =
49,88,17,137,49 + 88 =
49,89,18,138,49 + 89 =
49,90,9,139,49 + 90 =
49,91,10,140,49 + 91 =
49,92,11,141,49 + 92 =
49,93,12,142,49 + 93 =
49,94,13,143,49 + 94 =
49,95,14,144,49 + 95 =
49,96,15,145,49 + 96 =
49,97,16,146,49 + 97 =
49,98,17,147,49 + 98 =
49,99,18,148,49 + 99 =
50,10,0,60,50 + 10 =
50,11,1,61,50 + 11 =
50,12,2,62,50 + 12 =
50,13,3,63,50 + 13 =
50,14,4,64,50 + 14 =
50,15,5,65,50 + 15 =
50,16,6,66,50 + 16 =
50,17,7,67,50 + 17 =
50,18,8,68,50 + 18 =
50,19,9,69,50 + 19 =
50,20,0,70,50 + 20 =
50,21,1,71,50 + 21 =
50,22,2,72,50 + 22 =
50,23,3,73,50 + 23 =
50,24,4,74,50 + 24 =
50,25,5,75,50 + 25 =
50,26,6,76,50 + 26 =
50,27,7,77,50 + 27 =
50,28,8,78,50 + 28 =
50,29,9,79,50 + 29 =
50,30,0,80,50 + 30 =
50,31,1,81,50 + 31 =
50,32,2,82,50 + 32 =
50,33,3,83,50 + 33 =
50,34,4,84,50 + 34 =
50,35,5,85,50 + 35 =
50,36,6,86,50 + 36 =
50,37,7,87,50 + 37 =
50,38,8,88,50 + 38 =
50,39,9,89,50 + 39 =
50,40,0,90,50 + 40 =
50,41,1,91,50 + 41 =
50,42,2,92,50 + 42 =
50,43,3,93,50 + 43 =
50,44,4,94,50 + 44 =
50,45,5,95,50 + 45 =
50,46,6,96,50 + 46 =
50,47,7,97,50 + 47 =
50,48,8,98,50 + 48 =
50,49,9,99,50 + 49 =
50,50,0,100,50 + 50 =
50,51,1,101,50 + 51 =
50,52,2,102,50 + 52 =
50,53,3,103,50 + 53 =
50,54,4,104,50 + 54 =
50,55,5,105,50 + 55 =
50,56,6,106,50 + 56 =
50,57,7,107,50 + 57 =
50,58,8,108,50 + 58 =
50,59,9,109,50 + 59 =
50,60,0,110,50 + 60 =
50,61,1,111,50 + 61 =
50,62,2,112,50 + 62 =
50,63,3,113,50 + 63 =
50,64,4,114,50 + 64 =
50,65,5,115,50 + 65 =
50,66,6,116,50 + 66 =
50,67,7,117,50 + 67 =
50,68,8,118,50 + 68 =
50,69,9,119,50 + 69 =
50,70,0,120,50 + 70 =
50,71,1,121,50 + 71 =
50,72,2,122,50 + 72 =
50,73,3,123,50 + 73 =
50,74,4,124,50 + 74 =
50,75,5,125,50 + 75 =
50,76,6,126,50 + 76 =
50,77,7,127,50 + 77 =
50,78,8,128,50 + 78 =
50,79,9,129,50 + 79 =
50,80,0,130,50 + 80 =
50,81,1,131,50 + 81 =
50,82,2,132,50 + 82 =
50,83,3,133,50 + 83 =
50,84,4,134,50 + 84 =
50,85,5,135,50 + 85 =
50,86,6,136,50 + 86 =
50,87,7,137,50 + 87 =
50,88,8,138,50 + 88 =
50,89,9,139,50 + 89 =
50,90,0,140,50 + 90 =
50,91,1,141,50 + 91 =
50,92,2,142,50 + 92 =
50,93,3,143,50 + 93 =
50,94,4,144,50 + 94 =
50,95,5,145,50 + 95 =
50,96,6,146,50 + 96 =
50,97,7,147,50 + 97 =
50,98,8,148,50 + 98 =
50,99,9,149,50 + 99 =
51,10,1,61,51 + 10 =
51,11,2,62,51 + 11 =
51,12,3,63,51 + 12 =
51,13,4,64,51 + 13 =
51,14,5,65,51 + 14 =
51,15,6,66,51 + 15 =
51,16,7,67,51 + 16 =
51,17,8,68,51 + 17 =
51,18,9,69,51 + 18 =
51,19,10,70,51 + 19 =
51,20,1,71,51 + 20 =
51,21,2,72,51 + 21 =
51,22,3,73,51 + 22 =
51,23,4,74,51 + 23 =
51,24,5,75,51 + 24 =
51,25,6,76,51 + 25 =
51,26,7,77,51 + 26 =
51,27,8,78,51 + 27 =
51,28,9,79,51 + 28 =
51,29,10,80,51 + 29 =
51,30,1,81,51 + 30 =
51,31,2,82,51 + 31 =
51,32,3,83,51 + 32 =
51,33,4,84,51 + 33 =
51,34,5,85,51 + 34 =
51,35,6,86,51 + 35 =
51,36,7,87,51 + 36 =
51,37,8,88,51 + 37 =
51,38,9,89,51 + 38 =
51,39,10,90,51 + 39 =
51,40,1,91,51 + 40 =
51,41,2,92,51 + 41 =
51,42,3,93,51 + 42 =
51,43,4,94,51 + 43 =
51,44,5,95,51 + 44 =
51,45,6,96,51 + 45 =
51,46,7,97,51 + 46 =
51,47,8,98,51 + 47 =
51,48,9,99,51 + 48 =
51,49,10,100,51 + 49 =
51,50,1,101,51 + 50 =
51,51,2,102,51 + 51 =
51,52,3,103,51 + 52 =
51,53,4,104,51 + 53 =
51,54,5,105,51 + 54 =
51,55,6,106,51 + 55 =
51,56,7,107,51 + 56 =
51,57,8,108,51 + 57 =
51,58,9,109,51 + 58 =
51,59,10,110,51 + 59 =
51,60,1,111,51 + 60 =
51,61,2,112,51 + 61 =
51,62,3,113,51 + 62 =
51,63,4,114,51 + 63 =
51,64,5,115,51 + 64 =
51,65,6,116,51 + 65 =
51,66,7,117,51 + 66 =
51,67,8,118,51 + 67 =
51,68,9,119,51 + 68 =
51,69,10,120,51 + 69 =
51,70,1,121,51 + 70 =
51,71,2,122,51 + 71 =
51,72,3,123,51 + 72 =
51,73,4,124,51 + 73 =
51,74,5,125,51 + 74 =
51,75,6,126,51 + 75 =
51,76,7,127,51 + 76 =
51,77,8,128,51 + 77 =
51,78,9,129,51 + 78 =
51,79,10,130,51 + 79 =
51,80,1,131,51 + 80 =
51,81,2,132,51 + 81 =
51,82,3,133,51 + 82 =
51,83,4,134,51 + 83 =
51,84,5,135,51 + 84 =
51,85,6,136,51 + 85 =
51,86,7,137,51 + 86 =
51,87,8,138,51 + 87 =
51,88,9,139,51 + 88 =
51,89,10,140,51 + 89 =
51,90,1,141,51 + 90 =
51,91,2,142,51 + 91 =
51,92,3,143,51 + 92 =
51,93,4,144,51 + 93 =
51,94,5,145,51 + 94 =
51,95,6,146,51 + 95 =
51,96,7,147,51 + 96 =
51,97,8,148,51 + 97 =
51,98,9,149,51 + 98 =
51,99,10,150,51 + 99 =
52,10,2,62,52 + 10 =
52,11,3,63,52 + 11 =
52,12,4,64,52 + 12 =
52,13,5,65,52 + 13 =
52,14,6,66,52 + 14 =
52,15,7,67,52 + 15 =
52,16,8,68,52 + 16 =
52,17,9,69,52 + 17 =
52,18,10,70,52 + 18 =
52,19,11,71,52 + 19 =
52,20,2,72,52 + 20 =
52,21,3,73,52 + 21 =
52,22,4,74,52 + 22 =
52,23,5,75,52 + 23 =
52,24,6,76,52 + 24 =
52,25,7,77,52 + 25 =
52,26,8,78,52 + 26 =
52,27,9,79,52 + 27 =
52,28,10,80,52 + 28 =
52,29,11,81,52 + 29 =
52,30,2,82,52 + 30 =
52,31,3,83,52 + 31 =
52,32,4,84,52 + 32 =
52,33,5,85,52 + 33 =
52,34,6,86,52 + 34 =
52,35,7,87,52 + 35 =
52,36,8,88,52 + 36 =
52,37,9,89,52 + 37 =
52,38,10,90,52 + 38 =
52,39,11,91,52 + 39 =
52,40,2,92,52 + 40 =
52,41,3,93,52 + 41 =
52,42,4,94,52 + 42 =
52,43,5,95,52 + 43 =
52,44,6,96,52 + 44 =
52,45,7,97,52 + 45 =
52,46,8,98,52 + 46 =
52,47,9,99,52 + 47 =
52,48,10,100,52 + 48 =
52,49,11,101,52 + 49 =
52,50,2,102,52 + 50 =
52,51,3,103,52 + 51 =
52,52,4,104,52 + 52 =
52,53,5,105,52 + 53 =
52,54,6,106,52 + 54 =
52,55,7,107,52 + 55 =
52,56,8,108,52 + 56 =
52,57,9,109,52 + 57 =
52,58,10,110,52 + 58 =
52,59,11,111,52 + 59 =
52,60,2,112,52 + 60 =
52,61,3,113,52 + 61 =
52,62,4,114,52 + 62 =
52,63,5,115,52 + 63 =
52,64,6,116,52 + 64 =
52,65,7,117,52 + 65 =
52,66,8,118,52 + 66 =
52,67,9,119,52 + 67 =
52,68,10,120,52 + 68 =
52,69,11,121,52 + 69 =
52,70,2,122,52 + 70 =
52,71,3,123,52 + 71 =
52,72,4,124,52 + 72 =
52,73,5,125,52 + 73 =
52,74,6,126,52 + 74 =
52,75,7,127,52 + 75 =
52,76,8,128,52 + 76 =
52,77,9,129,52 + 77 =
52,78,10,130,52 + 78 =
52,79,11,131,52 + 79 =
52,80,2,132,52 + 80 =
52,81,3,133,52 + 81 =
52,82,4,134,52 + 82 =
52,83,5,135,52 + 83 =
52,84,6,136,52 + 84 =
52,85,7,137,52 + 85 =
52,86,8,138,52 + 86 =
52,87,9,139,52 + 87 =
52,88,10,140,52 + 88 =
52,89,11,141,52 + 89 =
52,90,2,142,52 + 90 =
52,91,3,143,52 + 91 =
52,92,4,144,52 + 92 =
52,93,5,145,52 + 93 =
52,94,6,146,52 + 94 =
52,95,7,147,52 + 95 =
52,96,8,148,52 + 96 =
52,97,9,149,52 + 97 =
52,98,10,150,52 + 98 =
52,99,11,151,52 + 99 =
53,10,3,63,53 + 10 =
53,11,4,64,53 + 11 =
53,12,5,65,53 + 12 =
53,13,6,66,53 + 13 =
53,14,7,67,53 + 14 =
53,15,8,68,53 + 15 =
53,16,9,69,53 + 16 =
53,17,10,70,53 + 17 =
53,18,11,71,53 + 18 =
53,19,12,72,53 + 19 =
53,20,3,73,53 + 20 =
53,21,4,74,53 + 21 =
53,22,5,75,53 + 22 =
53,23,6,76,53 + 23 =
53,24,7,77,53 + 24 =
53,25,8,78,53 + 25 =
53,26,9,79,53 + 26 =
53,27,10,80,53 + 27 =
53,28,11,81,53 + 28 =
53,29,12,82,53 + 29 =
53,30,3,83,53 + 30 =
53,31,4,84,53 + 31 =
53,32,5,85,53 + 32 =
53,33,6,86,53 + 33 =
53,34,7,87,53 + 34 =
53,35,8,88,53 + 35 =
53,36,9,89,53 + 36 =
53,37,10,90,53 + 37 =
53,38,11,91,53 + 38 =
53,39,12,92,53 + 39 =
53,40,3,93,53 + 40 =
53,41,4,94,53 + 41 =
53,42,5,95,53 + 42 =
53,43,6,96,53 + 43 =
53,44,7,97,53 + 44 =
53,45,8,98,53 + 45 =
53,46,9,99,53 + 46 =
53,47,10,100,53 + 47 =
53,48,11,101,53 + 48 =
53,49,12,102,53 + 49 =
53,50,3,103,53 + 50 =
53,51,4,104,53 + 51 =
53,52,5,105,53 + 52 =
53,53,6,106,53 + 53 =
53,54,7,107,53 + 54 =
53,55,8,108,53 + 55 =
53,56,9,109,53 + 56 =
53,57,10,110,53 + 57 =
53,58,11,111,53 + 58 =
53,59,12,112,53 + 59 =
53,60,3,113,53 + 60 =
53,61,4,114,53 + 61 =
53,62,5,115,53 + 62 =
53,63,6,116,53 + 63 =
53,64,7,117,53 + 64 =
53,65,8,118,53 + 65 =
53,66,9,119,53 + 66 =
53,67,10,120,53 + 67 =
53,68,11,121,53 + 68 =
53,69,12,122,53 + 69 =
53,70,3,123,53 + 70 =
53,71,4,124,53 + 71 =
53,72,5,125,53 + 72 =
53,73,6,126,53 + 73 =
53,74,7,127,53 + 74 =
53,75,8,128,53 + 75 =
53,76,9,129,53 + 76 =
53,77,10,130,53 + 77 =
53,78,11,131,53 + 78 =
53,79,12,132,53 + 79 =
53,80,3,133,53 + 80 =
53,81,4,134,53 + 81 =
53,82,5,135,53 + 82 =
53,83,6,136,53 + 83 =
53,84,7,137,53 + 84 =
53,85,8,138,53 + 85 =
53,86,9,139,53 + 86 =
53,87,10,140,53 + 87 =
53,88,11,141,53 + 88 =
53,89,12,142,53 + 89 =
53,90,3,143,53 + 90 =
53,91,4,144,53 + 91 =
53,92,5,145,53 + 92 =
53,93,6,146,53 + 93 =
53,94,7,147,53 + 94 =
53,95,8,148,53 + 95 =
53,96,9,149,53 + 96 =
53,97,10,150,53 + 97 =
53,98,11,151,53 + 98 =
53,99,12,152,53 + 99 =
54,10,4,64,54 + 10 =
54,11,5,65,54 + 11 =
54,12,6,66,54 + 12 =
54,13,7,67,54 + 13 =
54,14,8,68,54 + 14 =
54,15,9,69,54 + 15 =
54,16,10,70,54 + 16 =
54,17,11,71,54 + 17 =
54,18,12,72,54 + 18 =
54,19,13,73,54 + 19 =
54,20,4,74,54 + 20 =
54,21,5,75,54 + 21 =
54,22,6,76,54 + 22 =
54,23,7,77,54 + 23 =
54,24,8,78,54 + 24 =
54,25,9,79,54 + 25 =
54,26,10,80,54 + 26 =
54,27,11,81,54 + 27 =
54,28,12,82,54 + 28 =
54,29,13,83,54 + 29 =
54,30,4,84,54 + 30 =
54,31,5,85,54 + 31 =
54,32,6,86,54 + 32 =
54,33,7,87,54 + 33 =
54,34,8,88,54 + 34 =
54,35,9,89,54 + 35 =
54,36,10,90,54 + 36 =
54,37,11,91,54 + 37 =
54,38,12,92,54 + 38 =
54,39,13,93,54 + 39 =
54,40,4,94,54 + 40 =
54,41,5,95,54 + 41 =
54,42,6,96,54 + 42 =
54,43,7,97,54 + 43 =
54,44,8,98,54 + 44 =
54,45,9,99,54 + 45 =
54,46,10,100,54 + 46 =
54,47,11,101,54 + 47 =
54,48,12,102,54 + 48 =
54,49,13,103,54 + 49 =
54,50,4,104,54 + 50 =
54,51,5,105,54 + 51 =
54,52,6,106,54 + 52 =
54,53,7,107,54 + 53 =
54,54,8,108,54 + 54 =
54,55,9,109,54 + 55 =
54,56,10,110,54 + 56 =
54,57,11,111,54 + 57 =
54,58,12,112,54 + 58 =
54,59,13,113,54 + 59 =
54,60,4,114,54 + 60 =
54,61,5,115,54 + 61 =
54,62,6,116,54 + 62 =
54,63,7,117,54 + 63 =
54,64,8,118,54 + 64 =
54,65,9,119,54 + 65 =
54,66,10,120,54 + 66 =
54,67,11,121,54 + 67 =
54,68,12,122,54 + 68 =
54,69,13,123,54 + 69 =
54,70,4,124,54 + 70 =
54,71,5,125,54 + 71 =
54,72,6,126,54 + 72 =
54,73,7,127,54 + 73 =
54,74,8,128,54 + 74 =
54,75,9,129,54 + 75 =
54,76,10,130,54 + 76 =
54,77,11,131,54 + 77 =
54,78,12,132,54 + 78 =
54,79,13,133,54 + 79 =
54,80,4,134,54 + 80 =
54,81,5,135,54 + 81 =
54,82,6,136,54 + 82 =
54,83,7,137,54 + 83 =
54,84,8,138,54 + 84 =
54,85,9,139,54 + 85 =
54,86,10,140,54 + 86 =
54,87,11,141,54 + 87 =
54,88,12,142,54 + 88 =
54,89,13,143,54 + 89 =
54,90,4,144,54 + 90 =
54,91,5,145,54 + 91 =
54,92,6,146,54 + 92 =
54,93,7,147,54 + 93 =
54,94,8,148,54 + 94 =
54,95,9,149,54 + 95 =
54,96,10,150,54 + 96 =
54,97,11,151,54 + 97 =
54,98,12,152,54 + 98 =
54,99,13,153,54 + 99 =
55,10,5,65,55 + 10 =
55,11,6,66,55 + 11 =
55,12,7,67,55 + 12 =
55,13,8,68,55 + 13 =
55,14,9,69,55 + 14 =
55,15,10,70,55 + 15 =
55,16,11,71,55 + 16 =
55,17,12,72,55 + 17 =
55,18,13,73,55 + 18 =
55,19,14,74,55 + 19 =
55,20,5,75,55 + 20 =
55,21,6,76,55 + 21 =
55,22,7,77,55 + 22 =
55,23,8,78,55 + 23 =
55,24,9,79,55 + 24 =
55,25,10,80,55 + 25 =
55,26,11,81,55 + 26 =
55,27,12,82,55 + 27 =
55,28,13,83,55 + 28 =
55,29,14,84,55 + 29 =
55,30,5,85,55 + 30 =
55,31,6,86,55 + 31 =
55,32,7,87,55 + 32 =
55,33,8,88,55 + 33 =
55,34,9,89,55 + 34 =
55,35,10,90,55 + 35 =
55,36,11,91,55 + 36 =
55,37,12,92,55 + 37 =
55,38,13,93,55 + 38 =
55,39,14,94,55 + 39 =
55,40,5,95,55 + 40 =
55,41,6,96,55 + 41 =
55,42,7,97,55 + 42 =
55,43,8,98,55 + 43 =
55,44,9,99,55 + 44 =
55,45,10,100,55 + 45 =
55,46,11,101,55 + 46 =
55,47,12,102,55 + 47 =
55,48,13,103,55 + 48 =
55,49,14,104,55 + 49 =
55,50,5,105,55 + 50 =
55,51,6,106,55 + 51 =
55,52,7,107,55 + 52 =
55,53,8,108,55 + 53 =
55,54,9,109,55 + 54 =
55,55,10,110,55 + 55 =
55,56,11,111,55 + 56 =
55,57,12,112,55 + 57 =
55,58,13,113,55 + 58 =
55,59,14,114,55 + 59 =
55,60,5,115,55 + 60 =
55,61,6,116,55 + 61 =
55,62,7,117,55 + 62 =
55,63,8,118,55 + 63 =
55,64,9,119,55 + 64 =
55,65,10,120,55 + 65 =
55,66,11,121,55 + 66 =
55,67,12,122,55 + 67 =
55,68,13,123,55 + 68 =
55,69,14,124,55 + 69 =
55,70,5,125,55 + 70 =
55,71,6,126,55 + 71 =
55,72,7,127,55 + 72 =
55,73,8,128,55 + 73 =
55,74,9,129,55 + 74 =
55,75,10,130,55 + 75 =
55,76,11,131,55 + 76 =
55,77,12,132,55 + 77 =
55,78,13,133,55 + 78 =
55,79,14,134,55 + 79 =
55,80,5,135,55 + 80 =
55,81,6,136,55 + 81 =
55,82,7,137,55 + 82 =
55,83,8,138,55 + 83 =
55,84,9,139,55 + 84 =
55,85,10,140,55 + 85 =
55,86,11,141,55 + 86 =
55,87,12,142,55 + 87 =
55,88,13,143,55 + 88 =
55,89,14,144,55 + 89 =
55,90,5,145,55 + 90 =
55,91,6,146,55 + 91 =
55,92,7,147,55 + 92 =
55,93,8,148,55 + 93 =
55,94,9,149,55 + 94 =
55,95,10,150,55 + 95 =
55,96,11,151,55 + 96 =
55,97,12,152,55 + 97 =
55,98,13,153,55 + 98 =
55,99,14,154,55 + 99 =
56,10,6,66,56 + 10 =
56,11,7,67,56 + 11 =
56,12,8,68,56 + 12 =
56,13,9,69,56 + 13 =
56,14,10,70,56 + 14 =
56,15,11,71,56 + 15 =
56,16,12,72,56 + 16 =
56,17,13,73,56 + 17 =
56,18,14,74,56 + 18 =
56,19,15,75,56 + 19 =
56,20,6,76,56 + 20 =
56,21,7,77,56 + 21 =
56,22,8,78,56 + 22 =
56,23,9,79,56 + 23 =
56,24,10,80,56 + 24 =
56,25,11,81,56 + 25 =
56,26,12,82,56 + 26 =
56,27,13,83,56 + 27 =
56,28,14,84,56 + 28 =
56,29,15,85,56 + 29 =
56,30,6,86,56 + 30 =
56,31,7,87,56 + 31 =
56,32,8,88,56 + 32 =
56,33,9,89,56 + 33 =
56,34,10,90,56 + 34 =
56,35,11,91,56 + 35 =
56,36,12,92,56 + 36 =
56,37,13,93,56 + 37 =
56,38,14,94,56 + 38 =
56,39,15,95,56 + 39 =
56,40,6,96,56 + 40 =
56,41,7,97,56 + 41 =
56,42,8,98,56 + 42 =
56,43,9,99,56 + 43 =
56,44,10,100,56 + 44 =
56,45,11,101,56 + 45 =
56,46,12,102,56 + 46 =
56,47,13,103,56 + 47 =
56,48,14,104,56 + 48 =
56,49,15,105,56 + 49 =
56,50,6,106,56 + 50 =
56,51,7,107,56 + 51 =
56,52,8,108,56 + 52 =
56,53,9,109,56 + 53 =
56,54,10,110,56 + 54 =
56,55,11,111,56 + 55 =
56,56,12,112,56 + 56 =
56,57,13,113,56 + 57 =
56,58,14,114,56 + 58 =
56,59,15,115,56 + 59 =
56,60,6,116,56 + 60 =
56,61,7,117,56 + 61 =
56,62,8,118,56 + 62 =
56,63,9,119,56 + 63 =
56,64,10,120,56 + 64 =
56,65,11,121,56 + 65 =
56,66,12,122,56 + 66 =
56,67,13,123,56 + 67 =
56,68,14,124,56 + 68 =
56,69,15,125,56 + 69 =
56,70,6,126,56 + 70 =
56,71,7,127,56 + 71 =
56,72,8,128,56 + 72 =
56,73,9,129,56 + 73 =
56,74,10,130,56 + 74 =
56,75,11,131,56 + 75 =
56,76,12,132,56 + 76 =
56,77,13,133,56 + 77 =
56,78,14,134,56 + 78 =
56,79,15,135,56 + 79 =
56,80,6,136,56 + 80 =
56,81,7,137,56 + 81 =
56,82,8,138,56 + 82 =
56,83,9,139,56 + 83 =
56,84,10,140,56 + 84 =
56,85,11,141,56 + 85 =
56,86,12,142,56 + 86 =
56,87,13,143,56 + 87 =
56,88,14,144,56 + 88 =
56,89,15,145,56 + 89 =
56,90,6,146,56 + 90 =
56,91,7,147,56 + 91 =
56,92,8,148,56 + 92 =
56,93,9,149,56 + 93 =
56,94,10,150,56 + 94 =
56,95,11,151,56 + 95 =
56,96,12,152,56 + 96 =
56,97,13,153,56 + 97 =
56,98,14,154,56 + 98 =
56,99,15,155,56 + 99 =
57,10,7,67,57 + 10 =
57,11,8,68,57 + 11 =
57,12,9,69,57 + 12 =
57,13,10,70,57 + 13 =
57,14,11,71,57 + 14 =
57,15,12,72,57 + 15 =
57,16,13,73,57 + 16 =
57,17,14,74,57 + 17 =
57,18,15,75,57 + 18 =
57,19,16,76,57 + 19 =
57,20,7,77,57 + 20 =
57,21,8,78,57 + 21 =
57,22,9,79,57 + 22 =
57,23,10,80,57 + 23 =
57,24,11,81,57 + 24 =
57,25,12,82,57 + 25 =
57,26,13,83,57 + 26 =
57,27,14,84,57 + 27 =
57,28,15,85,57 + 28 =
57,29,16,86,57 + 29 =
57,30,7,87,57 + 30 =
57,31,8,88,57 + 31 =
57,32,9,89,57 + 32 =
57,33,10,90,57 + 33 =
57,34,11,91,57 + 34 =
57,35,12,92,57 + 35 =
57,36,13,93,57 + 36 =
57,37,14,94,57 + 37 =
57,38,15,95,57 + 38 =
57,39,16,96,57 + 39 =
57,40,7,97,57 + 40 =
57,41,8,98,57 + 41 =
57,42,9,99,57 + 42 =
57,43,10,100,57 + 43 =
57,44,11,101,57 + 44 =
57,45,12,102,57 + 45 =
57,46,13,103,57 + 46 =
57,47,14,104,57 + 47 =
57,48,15,105,57 + 48 =
57,49,16,106,57 + 49 =
57,50,7,107,57 + 50 =
57,51,8,108,57 + 51 =
57,52,9,109,57 + 52 =
57,53,10,110,57 + 53 =
57,54,11,111,57 + 54 =
57,55,12,112,57 + 55 =
57,56,13,113,57 + 56 =
57,57,14,114,57 + 57 =
57,58,15,115,57 + 58 =
57,59,16,116,57 + 59 =
57,60,7,117,57 + 60 =
57,61,8,118,57 + 61 =
57,62,9,119,57 + 62 =
57,63,10,120,57 + 63 =
57,64,11,121,57 + 64 =
57,65,12,122,57 + 65 =
57,66,13,123,57 + 66 =
57,67,14,124,57 + 67 =
57,68,15,125,57 + 68 =
57,69,16,126,57 + 69 =
57,70,7,127,57 + 70 =
57,71,8,128,57 + 71 =
57,72,9,129,57 + 72 =
57,73,10,130,57 + 73 =
57,74,11,131,57 + 74 =
57,75,12,132,57 + 75 =
57,76,13,133,57 + 76 =
57,77,14,134,57 + 77 =
57,78,15,135,57 + 78 =
57,79,16,136,57 + 79 =
57,80,7,137,57 + 80 =
57,81,8,138,57 + 81 =
57,82,9,139,57 + 82 =
57,83,10,140,57 + 83 =
57,84,11,141,57 + 84 =
57,85,12,142,57 + 85 =
57,86,13,143,57 + 86 =
57,87,14,144,57 + 87 =
57,88,15,145,57 + 88 =
57,89,16,146,57 + 89 =
57,90,7,147,57 + 90 =
57,91,8,148,57 + 91 =
57,92,9,149,57 + 92 =
57,93,10,150,57 + 93 =
57,94,11,151,57 + 94 =
57,95,12,152,57 + 95 =
57,96,13,153,57 + 96 =
57,97,14,154,57 + 97 =
57,98,15,155,57 + 98 =
57,99,16,156,57 + 99 =
58,10,8,68,58 + 10 =
58,11,9,69,58 + 11 =
58,12,10,70,58 + 12 =
58,13,11,71,58 + 13 =
58,14,12,72,58 + 14 =
58,15,13,73,58 + 15 =
58,16,14,74,58 + 16 =
58,17,15,75,58 + 17 =
58,18,16,76,58 + 18 =
58,19,17,77,58 + 19 =
58,20,8,78,58 + 20 =
58,21,9,79,58 + 21 =
58,22,10,80,58 + 22 =
58,23,11,81,58 + 23 =
58,24,12,82,58 + 24 =
58,25,13,83,58 + 25 =
58,26,14,84,58 + 26 =
58,27,15,85,58 + 27 =
58,28,16,86,58 + 28 =
58,29,17,87,58 + 29 =
58,30,8,88,58 + 30 =
58,31,9,89,58 + 31 =
58,32,10,90,58 + 32 =
58,33,11,91,58 + 33 =
58,34,12,92,58 + 34 =
58,35,13,93,58 + 35 =
58,36,14,94,58 + 36 =
58,37,15,95,58 + 37 =
58,38,16,96,58 + 38 =
58,39,17,97,58 + 39 =
58,40,8,98,58 + 40 =
58,41,9,99,58 + 41 =
58,42,10,100,58 + 42 =
58,43,11,101,58 + 43 =
58,44,12,102,58 + 44 =
58,45,13,103,58 + 45 =
58,46,14,104,58 + 46 =
58,47,15,105,58 + 47 =
58,48,16,106,58 + 48 =
58,49,17,107,58 + 49 =
58,50,8,108,58 + 50 =
58,51,9,109,58 + 51 =
58,52,10,110,58 + 52 =
58,53,11,111,58 + 53 =
58,54,12,112,58 + 54 =
58,55,13,113,58 + 55 =
58,56,14,114,58 + 56 =
58,57,15,115,58 + 57 =
58,58,16,116,58 + 58 =
58,59,17,117,58 + 59 =
58,60,8,118,58 + 60 =
58,61,9,119,58 + 61 =
58,62,10,120,58 + 62 =
58,63,11,121,58 + 63 =
58,64,12,122,58 + 64 =
58,65,13,123,58 + 65 =
58,66,14,124,58 + 66 =
58,67,15,125,58 + 67 =
58,68,16,126,58 + 68 =
58,69,17,127,58 + 69 =
58,70,8,128,58 + 70 =
58,71,9,129,58 + 71 =
58,72,10,130,58 + 72 =
58,73,11,131,58 + 73 =
58,74,12,132,58 + 74 =
58,75,13,133,58 + 75 =
58,76,14,134,58 + 76 =
58,77,15,135,58 + 77 =
58,78,16,136,58 + 78 =
58,79,17,137,58 + 79 =
58,80,8,138,58 + 80 =
58,81,9,139,58 + 81 =
58,82,10,140,58 + 82 =
58,83,11,141,58 + 83 =
58,84,12,142,58 + 84 =
58,85,13,143,58 + 85 =
58,86,14,144,58 + 86 =
58,87,15,145,58 + 87 =
58,88,16,146,58 + 88 =
58,89,17,147,58 + 89 =
58,90,8,148,58 + 90 =
58,91,9,149,58 + 91 =
58,92,10,150,58 + 92 =
58,93,11,151,58 + 93 =
58,94,12,152,58 + 94 =
58,95,13,153,58 + 95 =
58,96,14,154,58 + 96 =
58,97,15,155,58 + 97 =
58,98,16,156,58 + 98 =
58,99,17,157,58 + 99 =
59,10,9,69,59 + 10 =
59,11,10,70,59 + 11 =
59,12,11,71,59 + 12 =
59,13,12,72,59 + 13 =
59,14,13,73,59 + 14 =
59,15,14,74,59 + 15 =
59,16,15,75,59 + 16 =
59,17,16,76,59 + 17 =
59,18,17,77,59 + 18 =
59,19,18,78,59 + 19 =
59,20,9,79,59 + 20 =
59,21,10,80,59 + 21 =
59,22,11,81,59 + 22 =
59,23,12,82,59 + 23 =
59,24,13,83,59 + 24 =
59,25,14,84,59 + 25 =
59,26,15,85,59 + 26 =
59,27,16,86,59 + 27 =
59,28,17,87,59 + 28 =
59,29,18,88,59 + 29 =
59,30,9,89,59 + 30 =
59,31,10,90,59 + 31 =
59,32,11,91,59 + 32 =
59,33,12,92,59 + 33 =
59,34,13,93,59 + 34 =
59,35,14,94,59 + 35 =
59,36,15,95,59 + 36 =
59,37,16,96,59 + 37 =
59,38,17,97,59 + 38 =
59,39,18,98,59 + 39 =
59,40,9,99,59 + 40 =
59,41,10,100,59 + 41 =
59,42,11,101,59 + 42 =
59,43,12,102,59 + 43 =
59,44,13,103,59 + 44 =
59,45,14,104,59 + 45 =
59,46,15,105,59 + 46 =
59,47,16,106,59 + 47 =
59,48,17,107,59 + 48 =
59,49,18,108,59 + 49 =
59,50,9,109,59 + 50 =
59,51,10,110,59 + 51 =
59,52,11,111,59 + 52 =
59,53,12,112,59 + 53 =
59,54,13,113,59 + 54 =
59,55,14,114,59 + 55 =
59,56,15,115,59 + 56 =
59,57,16,116,59 + 57 =
59,58,17,117,59 + 58 =
59,59,18,118,59 + 59 =
59,60,9,119,59 + 60 =
59,61,10,120,59 + 61 =
59,62,11,121,59 + 62 =
59,63,12,122,59 + 63 =
59,64,13,123,59 + 64 =
59,65,14,124,59 + 65 =
59,66,15,125,59 + 66 =
59,67,16,126,59 + 67 =
59,68,17,127,59 + 68 =
59,69,18,128,59 + 69 =
59,70,9,129,59 + 70 =
59,71,10,130,59 + 71 =
59,72,11,131,59 + 72 =
59,73,12,132,59 + 73 =
59,74,13,133,59 + 74 =
59,75,14,134,59 + 75 =
59,76,15,135,59 + 76 =
59,77,16,136,59 + 77 =
59,78,17,137,59 + 78 =
59,79,18,138,59 + 79 =
59,80,9,139,59 + 80 =
59,81,10,140,59 + 81 =
59,82,11,141,59 + 82 =
59,83,12,142,59 + 83 =
59,84,13,143,59 + 84 =
59,85,14,144,59 + 85 =
59,86,15,145,59 + 86 =
59,87,16,146,59 + 87 =
59,88,17,147,59 + 88 =
59,89,18,148,59 + 89 =
59,90,9,149,59 + 90 =
59,91,10,150,59 + 91 =
59,92,11,151,59 + 92 =
59,93,12,152,59 + 93 =
59,94,13,153,59 + 94 =
59,95,14,154,59 + 95 =
59,96,15,155,59 + 96 =
59,97,16,156,59 + 97 =
59,98,17,157,59 + 98 =
59,99,18,158,59 + 99 =
60,10,0,70,60 + 10 =
60,11,1,71,60 + 11 =
60,12,2,72,60 + 12 =
60,13,3,73,60 + 13 =
60,14,4,74,60 + 14 =
60,15,5,75,60 + 15 =
60,16,6,76,60 + 16 =
60,17,7,77,60 + 17 =
60,18,8,78,60 + 18 =
60,19,9,79,60 + 19 =
60,20,0,80,60 + 20 =
60,21,1,81,60 + 21 =
60,22,2,82,60 + 22 =
60,23,3,83,60 + 23 =
60,24,4,84,60 + 24 =
60,25,5,85,60 + 25 =
60,26,6,86,60 + 26 =
60,27,7,87,60 + 27 =
60,28,8,88,60 + 28 =
60,29,9,89,60 + 29 =
60,30,0,90,60 + 30 =
60,31,1,91,60 + 31 =
60,32,2,92,60 + 32 =
60,33,3,93,60 + 33 =
60,34,4,94,60 + 34 =
60,35,5,95,60 + 35 =
60,36,6,96,60 + 36 =
60,37,7,97,60 + 37 =
60,38,8,98,60 + 38 =
60,39,9,99,60 + 39 =
60,40,0,100,60 + 40 =
60,41,1,101,60 + 41 =
60,42,2,102,60 + 42 =
60,43,3,103,60 + 43 =
60,44,4,104,60 + 44 =
60,45,5,105,60 + 45 =
60,46,6,106,60 + 46 =
60,47,7,107,60 + 47 =
60,48,8,108,60 + 48 =
60,49,9,109,60 + 49 =
60,50,0,110,60 + 50 =
60,51,1,111,60 + 51 =
60,52,2,112,60 + 52 =
60,53,3,113,60 + 53 =
60,54,4,114,60 + 54 =
60,55,5,115,60 + 55 =
60,56,6,116,60 + 56 =
60,57,7,117,60 + 57 =
60,58,8,118,60 + 58 =
60,59,9,119,60 + 59 =
60,60,0,120,60 + 60 =
60,61,1,121,60 + 61 =
60,62,2,122,60 + 62 =
60,63,3,123,60 + 63 =
60,64,4,124,60 + 64 =
60,65,5,125,60 + 65 =
60,66,6,126,60 + 66 =
60,67,7,127,60 + 67 =
60,68,8,128,60 + 68 =
60,69,9,129,60 + 69 =
60,70,0,130,60 + 70 =
60,71,1,131,60 + 71 =
60,72,2,132,60 + 72 =
60,73,3,133,60 + 73 =
60,74,4,134,60 + 74 =
60,75,5,135,60 + 75 =
60,76,6,136,60 + 76 =
60,77,7,137,60 + 77 =
60,78,8,138,60 + 78 =
60,79,9,139,60 + 79 =
60,80,0,140,60 + 80 =
60,81,1,141,60 + 81 =
60,82,2,142,60 + 82 =
60,83,3,143,60 + 83 =
60,84,4,144,60 + 84 =
60,85,5,145,60 + 85 =
60,86,6,146,60 + 86 =
60,87,7,147,60 + 87 =
60,88,8,148,60 + 88 =
60,89,9,149,60 + 89 =
60,90,0,150,60 + 90 =
60,91,1,151,60 + 91 =
60,92,2,152,60 + 92 =
60,93,3,153,60 + 93 =
60,94,4,154,60 + 94 =
60,95,5,155,60 + 95 =
60,96,6,156,60 + 96 =
60,97,7,157,60 + 97 =
60,98,8,158,60 + 98 =
60,99,9,159,60 + 99 =
61,10,1,71,61 + 10 =
61,11,2,72,61 + 11 =
61,12,3,73,61 + 12 =
61,13,4,74,61 + 13 =
61,14,5,75,61 + 14 =
61,15,6,76,61 + 15 =
61,16,7,77,61 + 16 =
61,17,8,78,61 + 17 =
61,18,9,79,61 + 18 =
61,19,10,80,61 + 19 =
61,20,1,81,61 + 20 =
61,21,2,82,61 + 21 =
61,22,3,83,61 + 22 =
61,23,4,84,61 + 23 =
61,24,5,85,61 + 24 =
61,25,6,86,61 + 25 =
61,26,7,87,61 + 26 =
61,27,8,88,61 + 27 =
61,28,9,89,61 + 28 =
61,29,10,90,61 + 29 =
61,30,1,91,61 + 30 =
61,31,2,92,61 + 31 =
61,32,3,93,61 + 32 =
61,33,4,94,61 + 33 =
61,34,5,95,61 + 34 =
61,35,6,96,61 + 35 =
61,36,7,97,61 + 36 =
61,37,8,98,61 + 37 =
61,38,9,99,61 + 38 =
61,39,10,100,61 + 39 =
61,40,1,101,61 + 40 =
61,41,2,102,61 + 41 =
61,42,3,103,61 + 42 =
61,43,4,104,61 + 43 =
61,44,5,105,61 + 44 =
61,45,6,106,61 + 45 =
61,46,7,107,61 + 46 =
61,47,8,108,61 + 47 =
61,48,9,109,61 + 48 =
61,49,10,110,61 + 49 =
61,50,1,111,61 + 50 =
61,51,2,112,61 + 51 =
61,52,3,113,61 + 52 =
61,53,4,114,61 + 53 =
61,54,5,115,61 + 54 =
61,55,6,116,61 + 55 =
61,56,7,117,61 + 56 =
61,57,8,118,61 + 57 =
61,58,9,119,61 + 58 =
61,59,10,120,61 + 59 =
61,60,1,121,61 + 60 =
61,61,2,122,61 + 61 =
61,62,3,123,61 + 62 =
61,63,4,124,61 + 63 =
61,64,5,125,61 + 64 =
61,65,6,126,61 + 65 =
61,66,7,127,61 + 66 =
61,67,8,128,61 + 67 =
61,68,9,129,61 + 68 =
61,69,10,130,61 + 69 =
61,70,1,131,61 + 70 =
61,71,2,132,61 + 71 =
61,72,3,133,61 + 72 =
61,73,4,134,61 + 73 =
61,74,5,135,61 + 74 =
61,75,6,136,61 + 75 =
61,76,7,137,61 + 76 =
61,77,8,138,61 + 77 =
61,78,9,139,61 + 78 =
61,79,10,140,61 + 79 =
61,80,1,141,61 + 80 =
61,81,2,142,61 + 81 =
61,82,3,143,61 + 82 =
61,83,4,144,61 + 83 =
61,84,5,145,61 + 84 =
61,85,6,146,61 + 85 =
61,86,7,147,61 + 86 =
61,87,8,148,61 + 87 =
61,88,9,149,61 + 88 =
61,89,10,150,61 + 89 =
61,90,1,151,61 + 90 =
61,91,2,152,61 + 91 =
61,92,3,153,61 + 92 =
61,93,4,154,61 + 93 =
61,94,5,155,61 + 94 =
61,95,6,156,61 + 95 =
61,96,7,157,61 + 96 =
61,97,8,158,61 + 97 =
61,98,9,159,61 + 98 =
61,99,10,160,61 + 99 =
62,10,2,72,62 + 10 =
62,11,3,73,62 + 11 =
62,12,4,74,62 + 12 =
62,13,5,75,62 + 13 =
62,14,6,76,62 + 14 =
62,15,7,77,62 + 15 =
62,16,8,78,62 + 16 =
62,17,9,79,62 + 17 =
62,18,10,80,62 + 18 =
62,19,11,81,62 + 19 =
62,20,2,82,62 + 20 =
62,21,3,83,62 + 21 =
62,22,4,84,62 + 22 =
62,23,5,85,62 + 23 =
62,24,6,86,62 + 24 =
62,25,7,87,62 + 25 =
62,26,8,88,62 + 26 =
62,27,9,89,62 + 27 =
62,28,10,90,62 + 28 =
62,29,11,91,62 + 29 =
62,30,2,92,62 + 30 =
62,31,3,93,62 + 31 =
62,32,4,94,62 + 32 =
62,33,5,95,62 + 33 =
62,34,6,96,62 + 34 =
62,35,7,97,62 + 35 =
62,36,8,98,62 + 36 =
62,37,9,99,62 + 37 =
62,38,10,100,62 + 38 =
62,39,11,101,62 + 39 =
62,40,2,102,62 + 40 =
62,41,3,103,62 + 41 =
62,42,4,104,62 + 42 =
62,43,5,105,62 + 43 =
62,44,6,106,62 + 44 =
62,45,7,107,62 + 45 =
62,46,8,108,62 + 46 =
62,47,9,109,62 + 47 =
62,48,10,110,62 + 48 =
62,49,11,111,62 + 49 =
62,50,2,112,62 + 50 =
62,51,3,113,62 + 51 =
62,52,4,114,62 + 52 =
62,53,5,115,62 + 53 =
62,54,6,116,62 + 54 =
62,55,7,117,62 + 55 =
62,56,8,118,62 + 56 =
62,57,9,119,62 + 57 =
62,58,10,120,62 + 58 =
62,59,11,121,62 + 59 =
62,60,2,122,62 + 60 =
62,61,3,123,62 + 61 =
62,62,4,124,62 + 62 =
62,63,5,125,62 + 63 =
62,64,6,126,62 + 64 =
62,65,7,127,62 + 65 =
62,66,8,128,62 + 66 =
62,67,9,129,62 + 67 =
62,68,10,130,62 + 68 =
62,69,11,131,62 + 69 =
62,70,2,132,62 + 70 =
62,71,3,133,62 + 71 =
62,72,4,134,62 + 72 =
62,73,5,135,62 + 73 =
62,74,6,136,62 + 74 =
62,75,7,137,62 + 75 =
62,76,8,138,62 + 76 =
62,77,9,139,62 + 77 =
62,78,10,140,62 + 78 =
62,79,11,141,62 + 79 =
62,80,2,142,62 + 80 =
62,81,3,143,62 + 81 =
62,82,4,144,62 + 82 =
62,83,5,145,62 + 83 =
62,84,6,146,62 + 84 =
62,85,7,147,62 + 85 =
62,86,8,148,62 + 86 =
62,87,9,149,62 + 87 =
62,88,10,150,62 + 88 =
62,89,11,151,62 + 89 =
62,90,2,152,62 + 90 =
62,91,3,153,62 + 91 =
62,92,4,154,62 + 92 =
62,93,5,155,62 + 93 =
62,94,6,156,62 + 94 =
62,95,7,157,62 + 95 =
62,96,8,158,62 + 96 =
62,97,9,159,62 + 97 =
62,98,10,160,62 + 98 =
62,99,11,161,62 + 99 =
63,10,3,73,63 + 10 =
63,11,4,74,63 + 11 =
63,12,5,75,63 + 12 =
63,13,6,76,63 + 13 =
63,14,7,77,63 + 14 =
63,15,8,78,63 + 15 =
63,16,9,79,63 + 16 =
63,17,10,80,63 + 17 =
63,18,11,81,63 + 18 =
63,19,12,82,63 + 19 =
63,20,3,83,63 + 20 =
63,21,4,84,63 + 21 =
63,22,5,85,63 + 22 =
63,23,6,86,63 + 23 =
63,24,7,87,63 + 24 =
63,25,8,88,63 + 25 =
63,26,9,89,63 + 26 =
63,27,10,90,63 + 27 =
63,28,11,91,63 + 28 =
63,29,12,92,63 + 29 =
63,30,3,93,63 + 30 =
63,31,4,94,63 + 31 =
63,32,5,95,63 + 32 =
63,33,6,96,63 + 33 =
63,34,7,97,63 + 34 =
63,35,8,98,63 + 35 =
63,36,9,99,63 + 36 =
63,37,10,100,63 + 37 =
63,38,11,101,63 + 38 =
63,39,12,102,63 + 39 =
63,40,3,103,63 + 40 =
63,41,4,104,63 + 41 =
63,42,5,105,63 + 42 =
63,43,6,106,63 + 43 =
63,44,7,107,63 + 44 =
63,45,8,108,63 + 45 =
63,46,9,109,63 + 46 =
63,47,10,110,63 + 47 =
63,48,11,111,63 + 48 =
63,49,12,112,63 + 49 =
63,50,3,113,63 + 50 =
63,51,4,114,63 + 51 =
63,52,5,115,63 + 52 =
63,53,6,116,63 + 53 =
63,54,7,117,63 + 54 =
63,55,8,118,63 + 55 =
63,56,9,119,63 + 56 =
63,57,10,120,63 + 57 =
63,58,11,121,63 + 58 =
63,59,12,122,63 + 59 =
63,60,3,123,63 + 60 =
63,61,4,124,63 + 61 =
63,62,5,125,63 + 62 =
63,63,6,126,63 + 63 =
63,64,7,127,63 + 64 =
63,65,8,128,63 + 65 =
63,66,9,129,63 + 66 =
63,67,10,130,63 + 67 =
63,68,11,131,63 + 68 =
63,69,12,132,63 + 69 =
63,70,3,133,63 + 70 =
63,71,4,134,63 + 71 =
63,72,5,135,63 + 72 =
63,73,6,136,63 + 73 =
63,74,7,137,63 + 74 =
63,75,8,138,63 + 75 =
63,76,9,139,63 + 76 =
63,77,10,140,63 + 77 =
63,78,11,141,63 + 78 =
63,79,12,142,63 + 79 =
63,80,3,143,63 + 80 =
63,81,4,144,63 + 81 =
63,82,5,145,63 + 82 =
63,83,6,146,63 + 83 =
63,84,7,147,63 + 84 =
63,85,8,148,63 + 85 =
63,86,9,149,63 + 86 =
63,87,10,150,63 + 87 =
63,88,11,151,63 + 88 =
63,89,12,152,63 + 89 =
63,90,3,153,63 + 90 =
63,91,4,154,63 + 91 =
63,92,5,155,63 + 92 =
63,93,6,156,63 + 93 =
63,94,7,157,63 + 94 =
63,95,8,158,63 + 95 =
63,96,9,159,63 + 96 =
63,97,10,160,63 + 97 =
63,98,11,161,63 + 98 =
63,99,12,162,63 + 99 =
64,10,4,74,64 + 10 =
64,11,5,75,64 + 11 =
64,12,6,76,64 + 12 =
64,13,7,77,64 + 13 =
64,14,8,78,64 + 14 =
64,15,9,79,64 + 15 =
64,16,10,80,64 + 16 =
64,17,11,81,64 + 17 =
64,18,12,82,64 + 18 =
64,19,13,83,64 + 19 =
64,20,4,84,64 + 20 =
64,21,5,85,64 + 21 =
64,22,6,86,64 + 22 =
64,23,7,87,64 + 23 =
64,24,8,88,64 + 24 =
64,25,9,89,64 + 25 =
64,26,10,90,64 + 26 =
64,27,11,91,64 + 27 =
64,28,12,92,64 + 28 =
64,29,13,93,64 + 29 =
64,30,4,94,64 + 30 =
64,31,5,95,64 + 31 =
64,32,6,96,64 + 32 =
64,33,7,97,64 + 33 =
64,34,8,98,64 + 34 =
64,35,9,99,64 + 35 =
64,36,10,100,64 + 36 =
64,37,11,101,64 + 37 =
64,38,12,102,64 + 38 =
64,39,13,103,64 + 39 =
64,40,4,104,64 + 40 =
64,41,5,105,64 + 41 =
64,42,6,106,64 + 42 =
64,43,7,107,64 + 43 =
64,44,8,108,64 + 44 =
64,45,9,109,64 + 45 =
64,46,10,110,64 + 46 =
64,47,11,111,64 + 47 =
64,48,12,112,64 + 48 =
64,49,13,113,64 + 49 =
64,50,4,114,64 + 50 =
64,51,5,115,64 + 51 =
64,52,6,116,64 + 52 =
64,53,7,117,64 + 53 =
64,54,8,118,64 + 54 =
64,55,9,119,64 + 55 =
64,56,10,120,64 + 56 =
64,57,11,121,64 + 57 =
64,58,12,122,64 + 58 =
64,59,13,123,64 + 59 =
64,60,4,124,64 + 60 =
64,61,5,125,64 + 61 =
64,62,6,126,64 + 62 =
64,63,7,127,64 + 63 =
64,64,8,128,64 + 64 =
64,65,9,129,64 + 65 =
64,66,10,130,64 + 66 =
64,67,11,131,64 + 67 =
64,68,12,132,64 + 68 =
64,69,13,133,64 + 69 =
64,70,4,134,64 + 70 =
64,71,5,135,64 + 71 =
64,72,6,136,64 + 72 =
64,73,7,137,64 + 73 =
64,74,8,138,64 + 74 =
64,75,9,139,64 + 75 =
64,76,10,140,64 + 76 =
64,77,11,141,64 + 77 =
64,78,12,142,64 + 78 =
64,79,13,143,64 + 79 =
64,80,4,144,64 + 80 =
64,81,5,145,64 + 81 =
64,82,6,146,64 + 82 =
64,83,7,147,64 + 83 =
64,84,8,148,64 + 84 =
64,85,9,149,64 + 85 =
64,86,10,150,64 + 86 =
64,87,11,151,64 + 87 =
64,88,12,152,64 + 88 =
64,89,13,153,64 + 89 =
64,90,4,154,64 + 90 =
64,91,5,155,64 + 91 =
64,92,6,156,64 + 92 =
64,93,7,157,64 + 93 =
64,94,8,158,64 + 94 =
64,95,9,159,64 + 95 =
64,96,10,160,64 + 96 =
64,97,11,161,64 + 97 =
64,98,12,162,64 + 98 =
64,99,13,163,64 + 99 =
65,10,5,75,65 + 10 =
65,11,6,76,65 + 11 =
65,12,7,77,65 + 12 =
65,13,8,78,65 + 13 =
65,14,9,79,65 + 14 =
65,15,10,80,65 + 15 =
65,16,11,81,65 + 16 =
65,17,12,82,65 + 17 =
65,18,13,83,65 + 18 =
65,19,14,84,65 + 19 =
65,20,5,85,65 + 20 =
65,21,6,86,65 + 21 =
65,22,7,87,65 + 22 =
65,23,8,88,65 + 23 =
65,24,9,89,65 + 24 =
65,25,10,90,65 + 25 =
65,26,11,91,65 + 26 =
65,27,12,92,65 + 27 =
65,28,13,93,65 + 28 =
65,29,14,94,65 + 29 =
65,30,5,95,65 + 30 =
65,31,6,96,65 + 31 =
65,32,7,97,65 + 32 =
65,33,8,98,65 + 33 =
65,34,9,99,65 + 34 =
65,35,10,100,65 + 35 =
65,36,11,101,65 + 36 =
65,37,12,102,65 + 37 =
65,38,13,103,65 + 38 =
65,39,14,104,65 + 39 =
65,40,5,105,65 + 40 =
65,41,6,106,65 + 41 =
65,42,7,107,65 + 42 =
65,43,8,108,65 + 43 =
65,44,9,109,65 + 44 =
65,45,10,110,65 + 45 =
65,46,11,111,65 + 46 =
65,47,12,112,65 + 47 =
65,48,13,113,65 + 48 =
65,49,14,114,65 + 49 =
65,50,5,115,65 + 50 =
65,51,6,116,65 + 51 =
65,52,7,117,65 + 52 =
65,53,8,118,65 + 53 =
65,54,9,119,65 + 54 =
65,55,10,120,65 + 55 =
65,56,11,121,65 + 56 =
65,57,12,122,65 + 57 =
65,58,13,123,65 + 58 =
65,59,14,124,65 + 59 =
65,60,5,125,65 + 60 =
65,61,6,126,65 + 61 =
65,62,7,127,65 + 62 =
65,63,8,128,65 + 63 =
65,64,9,129,65 + 64 =
65,65,10,130,65 + 65 =
65,66,11,131,65 + 66 =
65,67,12,132,65 + 67 =
65,68,13,133,65 + 68 =
65,69,14,134,65 + 69 =
65,70,5,135,65 + 70 =
65,71,6,136,65 + 71 =
65,72,7,137,65 + 72 =
65,73,8,138,65 + 73 =
65,74,9,139,65 + 74 =
65,75,10,140,65 + 75 =
65,76,11,141,65 + 76 =
65,77,12,142,65 + 77 =
65,78,13,143,65 + 78 =
65,79,14,144,65 + 79 =
65,80,5,145,65 + 80 =
65,81,6,146,65 + 81 =
65,82,7,147,65 + 82 =
65,83,8,148,65 + 83 =
65,84,9,149,65 + 84 =
65,85,10,150,65 + 85 =
65,86,11,151,65 + 86 =
65,87,12,152,65 + 87 =
65,88,13,153,65 + 88 =
65,89,14,154,65 + 89 =
65,90,5,155,65 + 90 =
65,91,6,156,65 + 91 =
65,92,7,157,65 + 92 =
65,93,8,158,65 + 93 =
65,94,9,159,65 + 94 =
65,95,10,160,65 + 95 =
65,96,11,161,65 + 96 =
65,97,12,162,65 + 97 =
65,98,13,163,65 + 98 =
65,99,14,164,65 + 99 =
66,10,6,76,66 + 10 =
66,11,7,77,66 + 11 =
66,12,8,78,66 + 12 =
66,13,9,79,66 + 13 =
66,14,10,80,66 + 14 =
66,15,11,81,66 + 15 =
66,16,12,82,66 + 16 =
66,17,13,83,66 + 17 =
66,18,14,84,66 + 18 =
66,19,15,85,66 + 19 =
66,20,6,86,66 + 20 =
66,21,7,87,66 + 21 =
66,22,8,88,66 + 22 =
66,23,9,89,66 + 23 =
66,24,10,90,66 + 24 =
66,25,11,91,66 + 25 =
66,26,12,92,66 + 26 =
66,27,13,93,66 + 27 =
66,28,14,94,66 + 28 =
66,29,15,95,66 + 29 =
66,30,6,96,66 + 30 =
66,31,7,97,66 + 31 =
66,32,8,98,66 + 32 =
66,33,9,99,66 + 33 =
66,34,10,100,66 + 34 =
66,35,11,101,66 + 35 =
66,36,12,102,66 + 36 =
66,37,13,103,66 + 37 =
66,38,14,104,66 + 38 =
66,39,15,105,66 + 39 =
66,40,6,106,66 + 40 =
66,41,7,107,66 + 41 =
66,42,8,108,66 + 42 =
66,43,9,109,66 + 43 =
66,44,10,110,66 + 44 =
66,45,11,111,66 + 45 =
66,46,12,112,66 + 46 =
66,47,13,113,66 + 47 =
66,48,14,114,66 + 48 =
66,49,15,115,66 + 49 =
66,50,6,116,66 + 50 =
66,51,7,117,66 + 51 =
66,52,8,118,66 + 52 =
66,53,9,119,66 + 53 =
66,54,10,120,66 + 54 =
66,55,11,121,66 + 55 =
66,56,12,122,66 + 56 =
66,57,13,123,66 + 57 =
66,58,14,124,66 + 58 =
66,59,15,125,66 + 59 =
66,60,6,126,66 + 60 =
66,61,7,127,66 + 61 =
66,62,8,128,66 + 62 =
66,63,9,129,66 + 63 =
66,64,10,130,66 + 64 =
66,65,11,131,66 + 65 =
66,66,12,132,66 + 66 =
66,67,13,133,66 + 67 =
66,68,14,134,66 + 68 =
66,69,15,135,66 + 69 =
66,70,6,136,66 + 70 =
66,71,7,137,66 + 71 =
66,72,8,138,66 + 72 =
66,73,9,139,66 + 73 =
66,74,10,140,66 + 74 =
66,75,11,141,66 + 75 =
66,76,12,142,66 + 76 =
66,77,13,143,66 + 77 =
66,78,14,144,66 + 78 =
66,79,15,145,66 + 79 =
66,80,6,146,66 + 80 =
66,81,7,147,66 + 81 =
66,82,8,148,66 + 82 =
66,83,9,149,66 + 83 =
66,84,10,150,66 + 84 =
66,85,11,151,66 + 85 =
66,86,12,152,66 + 86 =
66,87,13,153,66 + 87 =
66,88,14,154,66 + 88 =
66,89,15,155,66 + 89 =
66,90,6,156,66 + 90 =
66,91,7,157,66 + 91 =
66,92,8,158,66 + 92 =
66,93,9,159,66 + 93 =
66,94,10,160,66 + 94 =
66,95,11,161,66 + 95 =
66,96,12,162,66 + 96 =
66,97,13,163,66 + 97 =
66,98,14,164,66 + 98 =
66,99,15,165,66 + 99 =
67,10,7,77,67 + 10 =
67,11,8,78,67 + 11 =
67,12,9,79,67 + 12 =
67,13,10,80,67 + 13 =
67,14,11,81,67 + 14 =
67,15,12,82,67 + 15 =
67,16,13,83,67 + 16 =
67,17,14,84,67 + 17 =
67,18,15,85,67 + 18 =
67,19,16,86,67 + 19 =
67,20,7,87,67 + 20 =
67,21,8,88,67 + 21 =
67,22,9,89,67 + 22 =
67,23,10,90,67 + 23 =
67,24,11,91,67 + 24 =
67,25,12,92,67 + 25 =
67,26,13,93,67 + 26 =
67,27,14,94,67 + 27 =
67,28,15,95,67 + 28 =
67,29,16,96,67 + 29 =
67,30,7,97,67 + 30 =
67,31,8,98,67 + 31 =
67,32,9,99,67 + 32 =
67,33,10,100,67 + 33 =
67,34,11,101,67 + 34 =
67,35,12,102,67 + 35 =
67,36,13,103,67 + 36 =
67,37,14,104,67 + 37 =
67,38,15,105,67 + 38 =
67,39,16,106,67 + 39 =
67,40,7,107,67 + 40 =
67,41,8,108,67 + 41 =
67,42,9,109,67 + 42 =
67,43,10,110,67 + 43 =
67,44,11,111,67 + 44 =
67,45,12,112,67 + 45 =
67,46,13,113,67 + 46 =
67,47,14,114,67 + 47 =
67,48,15,115,67 + 48 =
67,49,16,116,67 + 49 =
67,50,7,117,67 + 50 =
67,51,8,118,67 + 51 =
67,52,9,119,67 + 52 =
67,53,10,120,67 + 53 =
67,54,11,121,67 + 54 =
67,55,12,122,67 + 55 =
67,56,13,123,67 + 56 =
67,57,14,124,67 + 57 =
67,58,15,125,67 + 58 =
67,59,16,126,67 + 59 =
67,60,7,127,67 + 60 =
67,61,8,128,67 + 61 =
67,62,9,129,67 + 62 =
67,63,10,130,67 + 63 =
67,64,11,131,67 + 64 =
67,65,12,132,67 + 65 =
67,66,13,133,67 + 66 =
67,67,14,134,67 + 67 =
67,68,15,135,67 + 68 =
67,69,16,136,67 + 69 =
67,70,7,137,67 + 70 =
67,71,8,138,67 + 71 =
67,72,9,139,67 + 72 =
67,73,10,140,67 + 73 =
67,74,11,141,67 + 74 =
67,75,12,142,67 + 75 =
67,76,13,143,67 + 76 =
67,77,14,144,67 + 77 =
67,78,15,145,67 + 78 =
67,79,16,146,67 + 79 =
67,80,7,147,67 + 80 =
67,81,8,148,67 + 81 =
67,82,9,149,67 + 82 =
67,83,10,150,67 + 83 =
67,84,11,151,67 + 84 =
67,85,12,152,67 + 85 =
67,86,13,153,67 + 86 =
67,87,14,154,67 + 87 =
67,88,15,155,67 + 88 =
67,89,16,156,67 + 89 =
67,90,7,157,67 + 90 =
67,91,8,158,67 + 91 =
67,92,9,159,67 + 92 =
67,93,10,160,67 + 93 =
67,94,11,161,67 + 94 =
67,95,12,162,67 + 95 =
67,96,13,163,67 + 96 =
67,97,14,164,67 + 97 =
67,98,15,165,67 + 98 =
67,99,16,166,67 + 99 =
68,10,8,78,68 + 10 =
68,11,9,79,68 + 11 =
68,12,10,80,68 + 12 =
68,13,11,81,68 + 13 =
68,14,12,82,68 + 14 =
68,15,13,83,68 + 15 =
68,16,14,84,68 + 16 =
68,17,15,85,68 + 17 =
68,18,16,86,68 + 18 =
68,19,17,87,68 + 19 =
68,20,8,88,68 + 20 =
68,21,9,89,68 + 21 =
68,22,10,90,68 + 22 =
68,23,11,91,68 + 23 =
68,24,12,92,68 + 24 =
68,25,13,93,68 + 25 =
68,26,14,94,68 + 26 =
68,27,15,95,68 + 27 =
68,28,16,96,68 + 28 =
68,29,17,97,68 + 29 =
68,30,8,98,68 + 30 =
68,31,9,99,68 + 31 =
68,32,10,100,68 + 32 =
68,33,11,101,68 + 33 =
68,34,12,102,68 + 34 =
68,35,13,103,68 + 35 =
68,36,14,104,68 + 36 =
68,37,15,105,68 + 37 =
68,38,16,106,68 + 38 =
68,39,17,107,68 + 39 =
68,40,8,108,68 + 40 =
68,41,9,109,68 + 41 =
68,42,10,110,68 + 42 =
68,43,11,111,68 + 43 =
68,44,12,112,68 + 44 =
68,45,13,113,68 + 45 =
68,46,14,114,68 + 46 =
68,47,15,115,68 + 47 =
68,48,16,116,68 + 48 =
68,49,17,117,68 + 49 =
68,50,8,118,68 + 50 =
68,51,9,119,68 + 51 =
68,52,10,120,68 + 52 =
68,53,11,121,68 + 53 =
68,54,12,122,68 + 54 =
68,55,13,123,68 + 55 =
68,56,14,124,68 + 56 =
68,57,15,125,68 + 57 =
68,58,16,126,68 + 58 =
68,59,17,127,68 + 59 =
68,60,8,128,68 + 60 =
68,61,9,129,68 + 61 =
68,62,10,130,68 + 62 =
68,63,11,131,68 + 63 =
68,64,12,132,68 + 64 =
68,65,13,133,68 + 65 =
68,66,14,134,68 + 66 =
68,67,15,135,68 + 67 =
68,68,16,136,68 + 68 =
68,69,17,137,68 + 69 =
68,70,8,138,68 + 70 =
68,71,9,139,68 + 71 =
68,72,10,140,68 + 72 =
68,73,11,141,68 + 73 =
68,74,12,142,68 + 74 =
68,75,13,143,68 + 75 =
68,76,14,144,68 + 76 =
68,77,15,145,68 + 77 =
68,78,16,146,68 + 78 =
68,79,17,147,68 + 79 =
68,80,8,148,68 + 80 =
68,81,9,149,68 + 81 =
68,82,10,150,68 + 82 =
68,83,11,151,68 + 83 =
68,84,12,152,68 + 84 =
68,85,13,153,68 + 85 =
68,86,14,154,68 + 86 =
68,87,15,155,68 + 87 =
68,88,16,156,68 + 88 =
68,89,17,157,68 + 89 =
68,90,8,158,68 + 90 =
68,91,9,159,68 + 91 =
68,92,10,160,68 + 92 =
68,93,11,161,68 + 93 =
68,94,12,162,68 + 94 =
68,95,13,163,68 + 95 =
68,96,14,164,68 + 96 =
68,97,15,165,68 + 97 =
68,98,16,166,68 + 98 =
68,99,17,167,68 + 99 =
69,10,9,79,69 + 10 =
69,11,10,80,69 + 11 =
69,12,11,81,69 + 12 =
69,13,12,82,69 + 13 =
69,14,13,83,69 + 14 =
69,15,14,84,69 + 15 =
69,16,15,85,69 + 16 =
69,17,16,86,69 + 17 =
69,18,17,87,69 + 18 =
69,19,18,88,69 + 19 =
69,20,9,89,69 + 20 =
69,21,10,90,69 + 21 =
69,22,11,91,69 + 22 =
69,23,12,92,69 + 23 =
69,24,13,93,69 + 24 =
69,25,14,94,69 + 25 =
69,26,15,95,69 + 26 =
69,27,16,96,69 + 27 =
69,28,17,97,69 + 28 =
69,29,18,98,69 + 29 =
69,30,9,99,69 + 30 =
69,31,10,100,69 + 31 =
69,32,11,101,69 + 32 =
69,33,12,102,69 + 33 =
69,34,13,103,69 + 34 =
69,35,14,104,69 + 35 =
69,36,15,105,69 + 36 =
69,37,16,106,69 + 37 =
69,38,17,107,69 + 38 =
69,39,18,108,69 + 39 =
69,40,9,109,69 + 40 =
69,41,10,110,69 + 41 =
69,42,11,111,69 + 42 =
69,43,12,112,69 + 43 =
69,44,13,113,69 + 44 =
69,45,14,114,69 + 45 =
69,46,15,115,69 + 46 =
69,47,16,116,69 + 47 =
69,48,17,117,69 + 48 =
69,49,18,118,69 + 49 =
69,50,9,119,69 + 50 =
69,51,10,120,69 + 51 =
69,52,11,121,69 + 52 =
69,53,12,122,69 + 53 =
69,54,13,123,69 + 54 =
69,55,14,124,69 + 55 =
69,56,15,125,69 + 56 =
69,57,16,126,69 + 57 =
69,58,17,127,69 + 58 =
69,59,18,128,69 + 59 =
69,60,9,129,69 + 60 =
69,61,10,130,69 + 61 =
69,62,11,131,69 + 62 =
69,63,12,132,69 + 63 =
69,64,13,133,69 + 64 =
69,65,14,134,69 + 65 =
69,66,15,135,69 + 66 =
69,67,16,136,69 + 67 =
69,68,17,137,69 + 68 =
69,69,18,138,69 + 69 =
69,70,9,139,69 + 70 =
69,71,10,140,69 + 71 =
69,72,11,141,69 + 72 =
69,73,12,142,69 + 73 =
69,74,13,143,69 + 74 =
69,75,14,144,69 + 75 =
69,76,15,145,69 + 76 =
69,77,16,146,69 + 77 =
69,78,17,147,69 + 78 =
69,79,18,148,69 + 79 =
69,80,9,149,69 + 80 =
69,81,10,150,69 + 81 =
69,82,11,151,69 + 82 =
69,83,12,152,69 + 83 =
69,84,13,153,69 + 84 =
69,85,14,154,69 + 85 =
69,86,15,155,69 + 86 =
69,87,16,156,69 + 87 =
69,88,17,157,69 + 88 =
69,89,18,158,69 + 89 =
69,90,9,159,69 + 90 =
69,91,10,160,69 + 91 =
69,92,11,161,69 + 92 =
69,93,12,162,69 + 93 =
69,94,13,163,69 + 94 =
69,95,14,164,69 + 95 =
69,96,15,165,69 + 96 =
69,97,16,166,69 + 97 =
69,98,17,167,69 + 98 =
69,99,18,168,69 + 99 =
70,10,0,80,70 + 10 =
70,11,1,81,70 + 11 =
70,12,2,82,70 + 12 =
70,13,3,83,70 + 13 =
70,14,4,84,70 + 14 =
70,15,5,85,70 + 15 =
70,16,6,86,70 + 16 =
70,17,7,87,70 + 17 =
70,18,8,88,70 + 18 =
70,19,9,89,70 + 19 =
70,20,0,90,70 + 20 =
70,21,1,91,70 + 21 =
70,22,2,92,70 + 22 =
70,23,3,93,70 + 23 =
70,24,4,94,70 + 24 =
70,25,5,95,70 + 25 =
70,26,6,96,70 + 26 =
70,27,7,97,70 + 27 =
70,28,8,98,70 + 28 =
70,29,9,99,70 + 29 =
70,30,0,100,70 + 30 =
70,31,1,101,70 + 31 =
70,32,2,102,70 + 32 =
70,33,3,103,70 + 33 =
70,34,4,104,70 + 34 =
70,35,5,105,70 + 35 =
70,36,6,106,70 + 36 =
70,37,7,107,70 + 37 =
70,38,8,108,70 + 38 =
70,39,9,109,70 + 39 =
70,40,0,110,70 + 40 =
70,41,1,111,70 + 41 =
70,42,2,112,70 + 42 =
70,43,3,113,70 + 43 =
70,44,4,114,70 + 44 =
70,45,5,115,70 + 45 =
70,46,6,116,70 + 46 =
70,47,7,117,70 + 47 =
70,48,8,118,70 + 48 =
70,49,9,119,70 + 49 =
70,50,0,120,70 + 50 =
70,51,1,121,70 + 51 =
70,52,2,122,70 + 52 =
70,53,3,123,70 + 53 =
70,54,4,124,70 + 54 =
70,55,5,125,70 + 55 =
70,56,6,126,70 + 56 =
70,57,7,127,70 + 57 =
70,58,8,128,70 + 58 =
70,59,9,129,70 + 59 =
70,60,0,130,70 + 60 =
70,61,1,131,70 + 61 =
70,62,2,132,70 + 62 =
70,63,3,133,70 + 63 =
70,64,4,134,70 + 64 =
70,65,5,135,70 + 65 =
70,66,6,136,70 + 66 =
70,67,7,137,70 + 67 =
70,68,8,138,70 + 68 =
70,69,9,139,70 + 69 =
70,70,0,140,70 + 70 =
70,71,1,141,70 + 71 =
70,72,2,142,70 + 72 =
70,73,3,143,70 + 73 =
70,74,4,144,70 + 74 =
70,75,5,145,70 + 75 =
70,76,6,146,70 + 76 =
70,77,7,147,70 + 77 =
70,78,8,148,70 + 78 =
70,79,9,149,70 + 79 =
70,80,0,150,70 + 80 =
70,81,1,151,70 + 81 =
70,82,2,152,70 + 82 =
70,83,3,153,70 + 83 =
70,84,4,154,70 + 84 =
70,85,5,155,70 + 85 =
70,86,6,156,70 + 86 =
70,87,7,157,70 + 87 =
70,88,8,158,70 + 88 =
70,89,9,159,70 + 89 =
70,90,0,160,70 + 90 =
70,91,1,161,70 + 91 =
70,92,2,162,70 + 92 =
70,93,3,163,70 + 93 =
70,94,4,164,70 + 94 =
70,95,5,165,70 + 95 =
70,96,6,166,70 + 96 =
70,97,7,167,70 + 97 =
70,98,8,168,70 + 98 =
70,99,9,169,70 + 99 =
71,10,1,81,71 + 10 =
71,11,2,82,71 + 11 =
71,12,3,83,71 + 12 =
71,13,4,84,71 + 13 =
71,14,5,85,71 + 14 =
71,15,6,86,71 + 15 =
71,16,7,87,71 + 16 =
71,17,8,88,71 + 17 =
71,18,9,89,71 + 18 =
71,19,10,90,71 + 19 =
71,20,1,91,71 + 20 =
71,21,2,92,71 + 21 =
71,22,3,93,71 + 22 =
71,23,4,94,71 + 23 =
71,24,5,95,71 + 24 =
71,25,6,96,71 + 25 =
71,26,7,97,71 + 26 =
71,27,8,98,71 + 27 =
71,28,9,99,71 + 28 =
71,29,10,100,71 + 29 =
71,30,1,101,71 + 30 =
71,31,2,102,71 + 31 =
71,32,3,103,71 + 32 =
71,33,4,104,71 + 33 =
71,34,5,105,71 + 34 =
71,35,6,106,71 + 35 =
71,36,7,107,71 + 36 =
71,37,8,108,71 + 37 =
71,38,9,109,71 + 38 =
71,39,10,110,71 + 39 =
71,40,1,111,71 + 40 =
71,41,2,112,71 + 41 =
71,42,3,113,71 + 42 =
71,43,4,114,71 + 43 =
71,44,5,115,71 + 44 =
71,45,6,116,71 + 45 =
71,46,7,117,71 + 46 =
71,47,8,118,71 + 47 =
71,48,9,119,71 + 48 =
71,49,10,120,71 + 49 =
71,50,1,121,71 + 50 =
71,51,2,122,71 + 51 =
71,52,3,123,71 + 52 =
71,53,4,124,71 + 53 =
71,54,5,125,71 + 54 =
71,55,6,126,71 + 55 =
71,56,7,127,71 + 56 =
71,57,8,128,71 + 57 =
71,58,9,129,71 + 58 =
71,59,10,130,71 + 59 =
71,60,1,131,71 + 60 =
71,61,2,132,71 + 61 =
71,62,3,133,71 + 62 =
71,63,4,134,71 + 63 =
71,64,5,135,71 + 64 =
71,65,6,136,71 + 65 =
71,66,7,137,71 + 66 =
71,67,8,138,71 + 67 =
71,68,9,139,71 + 68 =
71,69,10,140,71 + 69 =
71,70,1,141,71 + 70 =
71,71,2,142,71 + 71 =
71,72,3,143,71 + 72 =
71,73,4,144,71 + 73 =
71,74,5,145,71 + 74 =
71,75,6,146,71 + 75 =
71,76,7,147,71 + 76 =
71,77,8,148,71 + 77 =
71,78,9,149,71 + 78 =
71,79,10,150,71 + 79 =
71,80,1,151,71 + 80 =
71,81,2,152,71 + 81 =
71,82,3,153,71 + 82 =
71,83,4,154,71 + 83 =
71,84,5,155,71 + 84 =
71,85,6,156,71 + 85 =
71,86,7,157,71 + 86 =
71,87,8,158,71 + 87 =
71,88,9,159,71 + 88 =
71,89,10,160,71 + 89 =
71,90,1,161,71 + 90 =
71,91,2,162,71 + 91 =
71,92,3,163,71 + 92 =
71,93,4,164,71 + 93 =
71,94,5,165,71 + 94 =
71,95,6,166,71 + 95 =
71,96,7,167,71 + 96 =
71,97,8,168,71 + 97 =
71,98,9,169,71 + 98 =
71,99,10,170,71 + 99 =
72,10,2,82,72 + 10 =
72,11,3,83,72 + 11 =
72,12,4,84,72 + 12 =
72,13,5,85,72 + 13 =
72,14,6,86,72 + 14 =
72,15,7,87,72 + 15 =
72,16,8,88,72 + 16 =
72,17,9,89,72 + 17 =
72,18,10,90,72 + 18 =
72,19,11,91,72 + 19 =
72,20,2,92,72 + 20 =
72,21,3,93,72 + 21 =
72,22,4,94,72 + 22 =
72,23,5,95,72 + 23 =
72,24,6,96,72 + 24 =
72,25,7,97,72 + 25 =
72,26,8,98,72 + 26 =
72,27,9,99,72 + 27 =
72,28,10,100,72 + 28 =
72,29,11,101,72 + 29 =
72,30,2,102,72 + 30 =
72,31,3,103,72 + 31 =
72,32,4,104,72 + 32 =
72,33,5,105,72 + 33 =
72,34,6,106,72 + 34 =
72,35,7,107,72 + 35 =
72,36,8,108,72 + 36 =
72,37,9,109,72 + 37 =
72,38,10,110,72 + 38 =
72,39,11,111,72 + 39 =
72,40,2,112,72 + 40 =
72,41,3,113,72 + 41 =
72,42,4,114,72 + 42 =
72,43,5,115,72 + 43 =
72,44,6,116,72 + 44 =
72,45,7,117,72 + 45 =
72,46,8,118,72 + 46 =
72,47,9,119,72 + 47 =
72,48,10,120,72 + 48 =
72,49,11,121,72 + 49 =
72,50,2,122,72 + 50 =
72,51,3,123,72 + 51 =
72,52,4,124,72 + 52 =
72,53,5,125,72 + 53 =
72,54,6,126,72 + 54 =
72,55,7,127,72 + 55 =
72,56,8,128,72 + 56 =
72,57,9,129,72 + 57 =
72,58,10,130,72 + 58 =
72,59,11,131,72 + 59 =
72,60,2,132,72 + 60 =
72,61,3,133,72 + 61 =
72,62,4,134,72 + 62 =
72,63,5,135,72 + 63 =
72,64,6,136,72 + 64 =
72,65,7,137,72 + 65 =
72,66,8,138,72 + 66 =
72,67,9,139,72 + 67 =
72,68,10,140,72 + 68 =
72,69,11,141,72 + 69 =
72,70,2,142,72 + 70 =
72,71,3,143,72 + 71 =
72,72,4,144,72 + 72 =
72,73,5,145,72 + 73 =
72,74,6,146,72 + 74 =
72,75,7,147,72 + 75 =
72,76,8,148,72 + 76 =
72,77,9,149,72 + 77 =
72,78,10,150,72 + 78 =
72,79,11,151,72 + 79 =
72,80,2,152,72 + 80 =
72,81,3,153,72 + 81 =
72,82,4,154,72 + 82 =
72,83,5,155,72 + 83 =
72,84,6,156,72 + 84 =
72,85,7,157,72 + 85 =
72,86,8,158,72 + 86 =
72,87,9,159,72 + 87 =
72,88,10,160,72 + 88 =
72,89,11,161,72 + 89 =
72,90,2,162,72 + 90 =
72,91,3,163,72 + 91 =
72,92,4,164,72 + 92 =
72,93,5,165,72 + 93 =
72,94,6,166,72 + 94 =
72,95,7,167,72 + 95 =
72,96,8,168,72 + 96 =
72,97,9,169,72 + 97 =
72,98,10,170,72 + 98 =
72,99,11,171,72 + 99 =
73,10,3,83,73 + 10 =
73,11,4,84,73 + 11 =
73,12,5,85,73 + 12 =
73,13,6,86,73 + 13 =
73,14,7,87,73 + 14 =
73,15,8,88,73 + 15 =
73,16,9,89,73 + 16 =
73,17,10,90,73 + 17 =
73,18,11,91,73 + 18 =
73,19,12,92,73 + 19 =
73,20,3,93,73 + 20 =
73,21,4,94,73 + 21 =
73,22,5,95,73 + 22 =
73,23,6,96,73 + 23 =
73,24,7,97,73 + 24 =
73,25,8,98,73 + 25 =
73,26,9,99,73 + 26 =
73,27,10,100,73 + 27 =
73,28,11,101,73 + 28 =
73,29,12,102,73 + 29 =
73,30,3,103,73 + 30 =
73,31,4,104,73 + 31 =
73,32,5,105,73 + 32 =
73,33,6,106,73 + 33 =
73,34,7,107,73 + 34 =
73,35,8,108,73 + 35 =
73,36,9,109,73 + 36 =
73,37,10,110,73 + 37 =
73,38,11,111,73 + 38 =
73,39,12,112,73 + 39 =
73,40,3,113,73 + 40 =
73,41,4,114,73 + 41 =
73,42,5,115,73 + 42 =
73,43,6,116,73 + 43 =
73,44,7,117,73 + 44 =
73,45,8,118,73 + 45 =
73,46,9,119,73 + 46 =
73,47,10,120,73 + 47 =
73,48,11,121,73 + 48 =
73,49,12,122,73 + 49 =
73,50,3,123,73 + 50 =
73,51,4,124,73 + 51 =
73,52,5,125,73 + 52 =
73,53,6,126,73 + 53 =
73,54,7,127,73 + 54 =
73,55,8,128,73 + 55 =
73,56,9,129,73 + 56 =
73,57,10,130,73 + 57 =
73,58,11,131,73 + 58 =
73,59,12,132,73 + 59 =
73,60,3,133,73 + 60 =
73,61,4,134,73 + 61 =
73,62,5,135,73 + 62 =
73,63,6,136,73 + 63 =
73,64,7,137,73 + 64 =
73,65,8,138,73 + 65 =
73,66,9,139,73 + 66 =
73,67,10,140,73 + 67 =
73,68,11,141,73 + 68 =
73,69,12,142,73 + 69 =
73,70,3,143,73 + 70 =
73,71,4,144,73 + 71 =
73,72,5,145,73 + 72 =
73,73,6,146,73 + 73 =
73,74,7,147,73 + 74 =
73,75,8,148,73 + 75 =
73,76,9,149,73 + 76 =
73,77,10,150,73 + 77 =
73,78,11,151,73 + 78 =
73,79,12,152,73 + 79 =
73,80,3,153,73 + 80 =
73,81,4,154,73 + 81 =
73,82,5,155,73 + 82 =
73,83,6,156,73 + 83 =
73,84,7,157,73 + 84 =
73,85,8,158,73 + 85 =
73,86,9,159,73 + 86 =
73,87,10,160,73 + 87 =
73,88,11,161,73 + 88 =
73,89,12,162,73 + 89 =
73,90,3,163,73 + 90 =
73,91,4,164,73 + 91 =
73,92,5,165,73 + 92 =
73,93,6,166,73 + 93 =
73,94,7,167,73 + 94 =
73,95,8,168,73 + 95 =
73,96,9,169,73 + 96 =
73,97,10,170,73 + 97 =
73,98,11,171,73 + 98 =
73,99,12,172,73 + 99 =
74,10,4,84,74 + 10 =
74,11,5,85,74 + 11 =
74,12,6,86,74 + 12 =
74,13,7,87,74 + 13 =
74,14,8,88,74 + 14 =
74,15,9,89,74 + 15 =
74,16,10,90,74 + 16 =
74,17,11,91,74 + 17 =
74,18,12,92,74 + 18 =
74,19,13,93,74 + 19 =
74,20,4,94,74 + 20 =
74,21,5,95,74 + 21 =
74,22,6,96,74 + 22 =
74,23,7,97,74 + 23 =
74,24,8,98,74 + 24 =
74,25,9,99,74 + 25 =
74,26,10,100,74 + 26 =
74,27,11,101,74 + 27 =
74,28,12,102,74 + 28 =
74,29,13,103,74 + 29 =
74,30,4,104,74 + 30 =
74,31,5,105,74 + 31 =
74,32,6,106,74 + 32 =
74,33,7,107,74 + 33 =
74,34,8,108,74 + 34 =
74,35,9,109,74 + 35 =
74,36,10,110,74 + 36 =
74,37,11,111,74 + 37 =
74,38,12,112,74 + 38 =
74,39,13,113,74 + 39 =
74,40,4,114,74 + 40 =
74,41,5,115,74 + 41 =
74,42,6,116,74 + 42 =
74,43,7,117,74 + 43 =
74,44,8,118,74 + 44 =
74,45,9,119,74 + 45 =
74,46,10,120,74 + 46 =
74,47,11,121,74 + 47 =
74,48,12,122,74 + 48 =
74,49,13,123,74 + 49 =
74,50,4,124,74 + 50 =
74,51,5,125,74 + 51 =
74,52,6,126,74 + 52 =
74,53,7,127,74 + 53 =
74,54,8,128,74 + 54 =
74,55,9,129,74 + 55 =
74,56,10,130,74 + 56 =
74,57,11,131,74 + 57 =
74,58,12,132,74 + 58 =
74,59,13,133,74 + 59 =
74,60,4,134,74 + 60 =
74,61,5,135,74 + 61 =
74,62,6,136,74 + 62 =
74,63,7,137,74 + 63 =
74,64,8,138,74 + 64 =
74,65,9,139,74 + 65 =
74,66,10,140,74 + 66 =
74,67,11,141,74 + 67 =
74,68,12,142,74 + 68 =
74,69,13,143,74 + 69 =
74,70,4,144,74 + 70 =
74,71,5,145,74 + 71 =
74,72,6,146,74 + 72 =
74,73,7,147,74 + 73 =
74,74,8,148,74 + 74 =
74,75,9,149,74 + 75 =
74,76,10,150,74 + 76 =
74,77,11,151,74 + 77 =
74,78,12,152,74 + 78 =
74,79,13,153,74 + 79 =
74,80,4,154,74 + 80 =
74,81,5,155,74 + 81 =
74,82,6,156,74 + 82 =
74,83,7,157,74 + 83 =
74,84,8,158,74 + 84 =
74,85,9,159,74 + 85 =
74,86,10,160,74 + 86 =
74,87,11,161,74 + 87 =
74,88,12,162,74 + 88 =
74,89,13,163,74 + 89 =
74,90,4,164,74 + 90 =
74,91,5,165,74 + 91 =
74,92,6,166,74 + 92 =
74,93,7,167,74 + 93 =
74,94,8,168,74 + 94 =
74,95,9,169,74 + 95 =
74,96,10,170,74 + 96 =
74,97,11,171,74 + 97 =
74,98,12,172,74 + 98 =
74,99,13,173,74 + 99 =
75,10,5,85,75 + 10 =
75,11,6,86,75 + 11 =
75,12,7,87,75 + 12 =
75,13,8,88,75 + 13 =
75,14,9,89,75 + 14 =
75,15,10,90,75 + 15 =
75,16,11,91,75 + 16 =
75,17,12,92,75 + 17 =
75,18,13,93,75 + 18 =
75,19,14,94,75 + 19 =
75,20,5,95,75 + 20 =
75,21,6,96,75 + 21 =
75,22,7,97,75 + 22 =
75,23,8,98,75 + 23 =
75,24,9,99,75 + 24 =
75,25,10,100,75 + 25 =
75,26,11,101,75 + 26 =
75,27,12,102,75 + 27 =
75,28,13,103,75 + 28 =
75,29,14,104,75 + 29 =
75,30,5,105,75 + 30 =
75,31,6,106,75 + 31 =
75,32,7,107,75 + 32 =
75,33,8,108,75 + 33 =
75,34,9,109,75 + 34 =
75,35,10,110,75 + 35 =
75,36,11,111,75 + 36 =
75,37,12,112,75 + 37 =
75,38,13,113,75 + 38 =
75,39,14,114,75 + 39 =
75,40,5,115,75 + 40 =
75,41,6,116,75 + 41 =
75,42,7,117,75 + 42 =
75,43,8,118,75 + 43 =
75,44,9,119,75 + 44 =
75,45,10,120,75 + 45 =
75,46,11,121,75 + 46 =
75,47,12,122,75 + 47 =
75,48,13,123,75 + 48 =
75,49,14,124,75 + 49 =
75,50,5,125,75 + 50 =
75,51,6,126,75 + 51 =
75,52,7,127,75 + 52 =
75,53,8,128,75 + 53 =
75,54,9,129,75 + 54 =
75,55,10,130,75 + 55 =
75,56,11,131,75 + 56 =
75,57,12,132,75 + 57 =
75,58,13,133,75 + 58 =
75,59,14,134,75 + 59 =
75,60,5,135,75 + 60 =
75,61,6,136,75 + 61 =
75,62,7,137,75 + 62 =
75,63,8,138,75 + 63 =
75,64,9,139,75 + 64 =
75,65,10,140,75 + 65 =
75,66,11,141,75 + 66 =
75,67,12,142,75 + 67 =
75,68,13,143,75 + 68 =
75,69,14,144,75 + 69 =
75,70,5,145,75 + 70 =
75,71,6,146,75 + 71 =
75,72,7,147,75 + 72 =
75,73,8,148,75 + 73 =
75,74,9,149,75 + 74 =
75,75,10,150,75 + 75 =
75,76,11,151,75 + 76 =
75,77,12,152,75 + 77 =
75,78,13,153,75 + 78 =
75,79,14,154,75 + 79 =
75,80,5,155,75 + 80 =
75,81,6,156,75 + 81 =
75,82,7,157,75 + 82 =
75,83,8,158,75 + 83 =
75,84,9,159,75 + 84 =
75,85,10,160,75 + 85 =
75,86,11,161,75 + 86 =
75,87,12,162,75 + 87 =
75,88,13,163,75 + 88 =
75,89,14,164,75 + 89 =
75,90,5,165,75 + 90 =
75,91,6,166,75 + 91 =
75,92,7,167,75 + 92 =
75,93,8,168,75 + 93 =
75,94,9,169,75 + 94 =
75,95,10,170,75 + 95 =
75,96,11,171,75 + 96 =
75,97,12,172,75 + 97 =
75,98,13,173,75 + 98 =
75,99,14,174,75 + 99 =
76,10,6,86,76 + 10 =
76,11,7,87,76 + 11 =
76,12,8,88,76 + 12 =
76,13,9,89,76 + 13 =
76,14,10,90,76 + 14 =
76,15,11,91,76 + 15 =
76,16,12,92,76 + 16 =
76,17,13,93,76 + 17 =
76,18,14,94,76 + 18 =
76,19,15,95,76 + 19 =
76,20,6,96,76 + 20 =
76,21,7,97,76 + 21 =
76,22,8,98,76 + 22 =
76,23,9,99,76 + 23 =
76,24,10,100,76 + 24 =
76,25,11,101,76 + 25 =
76,26,12,102,76 + 26 =
76,27,13,103,76 + 27 =
76,28,14,104,76 + 28 =
76,29,15,105,76 + 29 =
76,30,6,106,76 + 30 =
76,31,7,107,76 + 31 =
76,32,8,108,76 + 32 =
76,33,9,109,76 + 33 =
76,34,10,110,76 + 34 =
76,35,11,111,76 + 35 =
76,36,12,112,76 + 36 =
76,37,13,113,76 + 37 =
76,38,14,114,76 + 38 =
76,39,15,115,76 + 39 =
76,40,6,116,76 + 40 =
76,41,7,117,76 + 41 =
76,42,8,118,76 + 42 =
76,43,9,119,76 + 43 =
76,44,10,120,76 + 44 =
76,45,11,121,76 + 45 =
76,46,12,122,76 + 46 =
76,47,13,123,76 + 47 =
76,48,14,124,76 + 48 =
76,49,15,125,76 + 49 =
76,50,6,126,76 + 50 =
76,51,7,127,76 + 51 =
76,52,8,128,76 + 52 =
76,53,9,129,76 + 53 =
76,54,10,130,76 + 54 =
76,55,11,131,76 + 55 =
76,56,12,132,76 + 56 =
76,57,13,133,76 + 57 =
76,58,14,134,76 + 58 =
76,59,15,135,76 + 59 =
76,60,6,136,76 + 60 =
76,61,7,137,76 + 61 =
76,62,8,138,76 + 62 =
76,63,9,139,76 + 63 =
76,64,10,140,76 + 64 =
76,65,11,141,76 + 65 =
76,66,12,142,76 + 66 =
76,67,13,143,76 + 67 =
76,68,14,144,76 + 68 =
76,69,15,145,76 + 69 =
76,70,6,146,76 + 70 =
76,71,7,147,76 + 71 =
76,72,8,148,76 + 72 =
76,73,9,149,76 + 73 =
76,74,10,150,76 + 74 =
76,75,11,151,76 + 75 =
76,76,12,152,76 + 76 =
76,77,13,153,76 + 77 =
76,78,14,154,76 + 78 =
76,79,15,155,76 + 79 =
76,80,6,156,76 + 80 =
76,81,7,157,76 + 81 =
76,82,8,158,76 + 82 =
76,83,9,159,76 + 83 =
76,84,10,160,76 + 84 =
76,85,11,161,76 + 85 =
76,86,12,162,76 + 86 =
76,87,13,163,76 + 87 =
76,88,14,164,76 + 88 =
76,89,15,165,76 + 89 =
76,90,6,166,76 + 90 =
76,91,7,167,76 + 91 =
76,92,8,168,76 + 92 =
76,93,9,169,76 + 93 =
76,94,10,170,76 + 94 =
76,95,11,171,76 + 95 =
76,96,12,172,76 + 96 =
76,97,13,173,76 + 97 =
76,98,14,174,76 + 98 =
76,99,15,175,76 + 99 =
77,10,7,87,77 + 10 =
77,11,8,88,77 + 11 =
77,12,9,89,77 + 12 =
77,13,10,90,77 + 13 =
77,14,11,91,77 + 14 =
77,15,12,92,77 + 15 =
77,16,13,93,77 + 16 =
77,17,14,94,77 + 17 =
77,18,15,95,77 + 18 =
77,19,16,96,77 + 19 =
77,20,7,97,77 + 20 =
77,21,8,98,77 + 21 =
77,22,9,99,77 + 22 =
77,23,10,100,77 + 23 =
77,24,11,101,77 + 24 =
77,25,12,102,77 + 25 =
77,26,13,103,77 + 26 =
77,27,14,104,77 + 27 =
77,28,15,105,77 + 28 =
77,29,16,106,77 + 29 =
77,30,7,107,77 + 30 =
77,31,8,108,77 + 31 =
77,32,9,109,77 + 32 =
77,33,10,110,77 + 33 =
77,34,11,111,77 + 34 =
77,35,12,112,77 + 35 =
77,36,13,113,77 + 36 =
77,37,14,114,77 + 37 =
77,38,15,115,77 + 38 =
77,39,16,116,77 + 39 =
77,40,7,117,77 + 40 =
77,41,8,118,77 + 41 =
77,42,9,119,77 + 42 =
77,43,10,120,77 + 43 =
77,44,11,121,77 + 44 =
77,45,12,122,77 + 45 =
77,46,13,123,77 + 46 =
77,47,14,124,77 + 47 =
77,48,15,125,77 + 48 =
77,49,16,126,77 + 49 =
77,50,7,127,77 + 50 =
77,51,8,128,77 + 51 =
77,52,9,129,77 + 52 =
77,53,10,130,77 + 53 =
77,54,11,131,77 + 54 =
77,55,12,132,77 + 55 =
77,56,13,133,77 + 56 =
77,57,14,134,77 + 57 =
77,58,15,135,77 + 58 =
77,59,16,136,77 + 59 =
77,60,7,137,77 + 60 =
77,61,8,138,77 + 61 =
77,62,9,139,77 + 62 =
77,63,10,140,77 + 63 =
77,64,11,141,77 + 64 =
77,65,12,142,77 + 65 =
77,66,13,143,77 + 66 =
77,67,14,144,77 + 67 =
77,68,15,145,77 + 68 =
77,69,16,146,77 + 69 =
77,70,7,147,77 + 70 =
77,71,8,148,77 + 71 =
77,72,9,149,77 + 72 =
77,73,10,150,77 + 73 =
77,74,11,151,77 + 74 =
77,75,12,152,77 + 75 =
77,76,13,153,77 + 76 =
77,77,14,154,77 + 77 =
77,78,15,155,77 + 78 =
77,79,16,156,77 + 79 =
77,80,7,157,77 + 80 =
77,81,8,158,77 + 81 =
77,82,9,159,77 + 82 =
77,83,10,160,77 + 83 =
77,84,11,161,77 + 84 =
77,85,12,162,77 + 85 =
77,86,13,163,77 + 86 =
77,87,14,164,77 + 87 =
77,88,15,165,77 + 88 =
77,89,16,166,77 + 89 =
77,90,7,167,77 + 90 =
77,91,8,168,77 + 91 =
77,92,9,169,77 + 92 =
77,93,10,170,77 + 93 =
77,94,11,171,77 + 94 =
77,95,12,172,77 + 95 =
77,96,13,173,77 + 96 =
77,97,14,174,77 + 97 =
77,98,15,175,77 + 98 =
77,99,16,176,77 + 99 =
78,10,8,88,78 + 10 =
78,11,9,89,78 + 11 =
78,12,10,90,78 + 12 =
78,13,11,91,78 + 13 =
78,14,12,92,78 + 14 =
78,15,13,93,78 + 15 =
78,16,14,94,78 + 16 =
78,17,15,95,78 + 17 =
78,18,16,96,78 + 18 =
78,19,17,97,78 + 19 =
78,20,8,98,78 + 20 =
78,21,9,99,78 + 21 =
78,22,10,100,78 + 22 =
78,23,11,101,78 + 23 =
78,24,12,102,78 + 24 =
78,25,13,103,78 + 25 =
78,26,14,104,78 + 26 =
78,27,15,105,78 + 27 =
78,28,16,106,78 + 28 =
78,29,17,107,78 + 29 =
78,30,8,108,78 + 30 =
78,31,9,109,78 + 31 =
78,32,10,110,78 + 32 =
78,33,11,111,78 + 33 =
78,34,12,112,78 + 34 =
78,35,13,113,78 + 35 =
78,36,14,114,78 + 36 =
78,37,15,115,78 + 37 =
78,38,16,116,78 + 38 =
78,39,17,117,78 + 39 =
78,40,8,118,78 + 40 =
78,41,9,119,78 + 41 =
78,42,10,120,78 + 42 =
78,43,11,121,78 + 43 =
78,44,12,122,78 + 44 =
78,45,13,123,78 + 45 =
78,46,14,124,78 + 46 =
78,47,15,125,78 + 47 =
78,48,16,126,78 + 48 =
78,49,17,127,78 + 49 =
78,50,8,128,78 + 50 =
78,51,9,129,78 + 51 =
78,52,10,130,78 + 52 =
78,53,11,131,78 + 53 =
78,54,12,132,78 + 54 =
78,55,13,133,78 + 55 =
78,56,14,134,78 + 56 =
78,57,15,135,78 + 57 =
78,58,16,136,78 + 58 =
78,59,17,137,78 + 59 =
78,60,8,138,78 + 60 =
78,61,9,139,78 + 61 =
78,62,10,140,78 + 62 =
78,63,11,141,78 + 63 =
78,64,12,142,78 + 64 =
78,65,13,143,78 + 65 =
78,66,14,144,78 + 66 =
78,67,15,145,78 + 67 =
78,68,16,146,78 + 68 =
78,69,17,147,78 + 69 =
78,70,8,148,78 + 70 =
78,71,9,149,78 + 71 =
78,72,10,150,78 + 72 =
78,73,11,151,78 + 73 =
78,74,12,152,78 + 74 =
78,75,13,153,78 + 75 =
78,76,14,154,78 + 76 =
78,77,15,155,78 + 77 =
78,78,16,156,78 + 78 =
78,79,17,157,78 + 79 =
78,80,8,158,78 + 80 =
78,81,9,159,78 + 81 =
78,82,10,160,78 + 82 =
78,83,11,161,78 + 83 =
78,84,12,162,78 + 84 =
78,85,13,163,78 + 85 =
78,86,14,164,78 + 86 =
78,87,15,165,78 + 87 =
78,88,16,166,78 + 88 =
78,89,17,167,78 + 89 =
78,90,8,168,78 + 90 =
78,91,9,169,78 + 91 =
78,92,10,170,78 + 92 =
78,93,11,171,78 + 93 =
78,94,12,172,78 + 94 =
78,95,13,173,78 + 95 =
78,96,14,174,78 + 96 =
78,97,15,175,78 + 97 =
78,98,16,176,78 + 98 =
78,99,17,177,78 + 99 =
79,10,9,89,79 + 10 =
79,11,10,90,79 + 11 =
79,12,11,91,79 + 12 =
79,13,12,92,79 + 13 =
79,14,13,93,79 + 14 =
79,15,14,94,79 + 15 =
79,16,15,95,79 + 16 =
79,17,16,96,79 + 17 =
79,18,17,97,79 + 18 =
79,19,18,98,79 + 19 =
79,20,9,99,79 + 20 =
79,21,10,100,79 + 21 =
79,22,11,101,79 + 22 =
79,23,12,102,79 + 23 =
79,24,13,103,79 + 24 =
79,25,14,104,79 + 25 =
79,26,15,105,79 + 26 =
79,27,16,106,79 + 27 =
79,28,17,107,79 + 28 =
79,29,18,108,79 + 29 =
79,30,9,109,79 + 30 =
79,31,10,110,79 + 31 =
79,32,11,111,79 + 32 =
79,33,12,112,79 + 33 =
79,34,13,113,79 + 34 =
79,35,14,114,79 + 35 =
79,36,15,115,79 + 36 =
79,37,16,116,79 + 37 =
79,38,17,117,79 + 38 =
79,39,18,118,79 + 39 =
79,40,9,119,79 + 40 =
79,41,10,120,79 + 41 =
79,42,11,121,79 + 42 =
79,43,12,122,79 + 43 =
79,44,13,123,79 + 44 =
79,45,14,124,79 + 45 =
79,46,15,125,79 + 46 =
79,47,16,126,79 + 47 =
79,48,17,127,79 + 48 =
79,49,18,128,79 + 49 =
79,50,9,129,79 + 50 =
79,51,10,130,79 + 51 =
79,52,11,131,79 + 52 =
79,53,12,132,79 + 53 =
79,54,13,133,79 + 54 =
79,55,14,134,79 + 55 =
79,56,15,135,79 + 56 =
79,57,16,136,79 + 57 =
79,58,17,137,79 + 58 =
79,59,18,138,79 + 59 =
79,60,9,139,79 + 60 =
79,61,10,140,79 + 61 =
79,62,11,141,79 + 62 =
79,63,12,142,79 + 63 =
79,64,13,143,79 + 64 =
79,65,14,144,79 + 65 =
79,66,15,145,79 + 66 =
79,67,16,146,79 + 67 =
79,68,17,147,79 + 68 =
79,69,18,148,79 + 69 =
79,70,9,149,79 + 70 =
79,71,10,150,79 + 71 =
79,72,11,151,79 + 72 =
79,73,12,152,79 + 73 =
79,74,13,153,79 + 74 =
79,75,14,154,79 + 75 =
79,76,15,155,79 + 76 =
79,77,16,156,79 + 77 =
79,78,17,157,79 + 78 =
79,79,18,158,79 + 79 =
79,80,9,159,79 + 80 =
79,81,10,160,79 + 81 =
79,82,11,161,79 + 82 =
79,83,12,162,79 + 83 =
79,84,13,163,79 + 84 =
79,85,14,164,79 + 85 =
79,86,15,165,79 + 86 =
79,87,16,166,79 + 87 =
79,88,17,167,79 + 88 =
79,89,18,168,79 + 89 =
79,90,9,169,79 + 90 =
79,91,10,170,79 + 91 =
79,92,11,171,79 + 92 =
79,93,12,172,79 + 93 =
79,94,13,173,79 + 94 =
79,95,14,174,79 + 95 =
79,96,15,175,79 + 96 =
79,97,16,176,79 + 97 =
79,98,17,177,79 + 98 =
79,99,18,178,79 + 99 =
80,10,0,90,80 + 10 =
80,11,1,91,80 + 11 =
80,12,2,92,80 + 12 =
80,13,3,93,80 + 13 =
80,14,4,94,80 + 14 =
80,15,5,95,80 + 15 =
80,16,6,96,80 + 16 =
80,17,7,97,80 + 17 =
80,18,8,98,80 + 18 =
80,19,9,99,80 + 19 =
80,20,0,100,80 + 20 =
80,21,1,101,80 + 21 =
80,22,2,102,80 + 22 =
80,23,3,103,80 + 23 =
80,24,4,104,80 + 24 =
80,25,5,105,80 + 25 =
80,26,6,106,80 + 26 =
80,27,7,107,80 + 27 =
80,28,8,108,80 + 28 =
80,29,9,109,80 + 29 =
80,30,0,110,80 + 30 =
80,31,1,111,80 + 31 =
80,32,2,112,80 + 32 =
80,33,3,113,80 + 33 =
80,34,4,114,80 + 34 =
80,35,5,115,80 + 35 =
80,36,6,116,80 + 36 =
80,37,7,117,80 + 37 =
80,38,8,118,80 + 38 =
80,39,9,119,80 + 39 =
80,40,0,120,80 + 40 =
80,41,1,121,80 + 41 =
80,42,2,122,80 + 42 =
80,43,3,123,80 + 43 =
80,44,4,124,80 + 44 =
80,45,5,125,80 + 45 =
80,46,6,126,80 + 46 =
80,47,7,127,80 + 47 =
80,48,8,128,80 + 48 =
80,49,9,129,80 + 49 =
80,50,0,130,80 + 50 =
80,51,1,131,80 + 51 =
80,52,2,132,80 + 52 =
80,53,3,133,80 + 53 =
80,54,4,134,80 + 54 =
80,55,5,135,80 + 55 =
80,56,6,136,80 + 56 =
80,57,7,137,80 + 57 =
80,58,8,138,80 + 58 =
80,59,9,139,80 + 59 =
80,60,0,140,80 + 60 =
80,61,1,141,80 + 61 =
80,62,2,142,80 + 62 =
80,63,3,143,80 + 63 =
80,64,4,144,80 + 64 =
80,65,5,145,80 + 65 =
80,66,6,146,80 + 66 =
80,67,7,147,80 + 67 =
80,68,8,148,80 + 68 =
80,69,9,149,80 + 69 =
80,70,0,150,80 + 70 =
80,71,1,151,80 + 71 =
80,72,2,152,80 + 72 =
80,73,3,153,80 + 73 =
80,74,4,154,80 + 74 =
80,75,5,155,80 + 75 =
80,76,6,156,80 + 76 =
80,77,7,157,80 + 77 =
80,78,8,158,80 + 78 =
80,79,9,159,80 + 79 =
80,80,0,160,80 + 80 =
80,81,1,161,80 + 81 =
80,82,2,162,80 + 82 =
80,83,3,163,80 + 83 =
80,84,4,164,80 + 84 =
80,85,5,165,80 + 85 =
80,86,6,166,80 + 86 =
80,87,7,167,80 + 87 =
80,88,8,168,80 + 88 =
80,89,9,169,80 + 89 =
80,90,0,170,80 + 90 =
80,91,1,171,80 + 91 =
80,92,2,172,80 + 92 =
80,93,3,173,80 + 93 =
80,94,4,174,80 + 94 =
80,95,5,175,80 + 95 =
80,96,6,176,80 + 96 =
80,97,7,177,80 + 97 =
80,98,8,178,80 + 98 =
80,99,9,179,80 + 99 =
81,10,1,91,81 + 10 =
81,11,2,92,81 + 11 =
81,12,3,93,81 + 12 =
81,13,4,94,81 + 13 =
81,14,5,95,81 + 14 =
81,15,6,96,81 + 15 =
81,16,7,97,81 + 16 =
81,17,8,98,81 + 17 =
81,18,9,99,81 + 18 =
81,19,10,100,81 + 19 =
81,20,1,101,81 + 20 =
81,21,2,102,81 + 21 =
81,22,3,103,81 + 22 =
81,23,4,104,81 + 23 =
81,24,5,105,81 + 24 =
81,25,6,106,81 + 25 =
81,26,7,107,81 + 26 =
81,27,8,108,81 + 27 =
81,28,9,109,81 + 28 =
81,29,10,110,81 + 29 =
81,30,1,111,81 + 30 =
81,31,2,112,81 + 31 =
81,32,3,113,81 + 32 =
81,33,4,114,81 + 33 =
81,34,5,115,81 + 34 =
81,35,6,116,81 + 35 =
81,36,7,117,81 + 36 =
81,37,8,118,81 + 37 =
81,38,9,119,81 + 38 =
81,39,10,120,81 + 39 =
81,40,1,121,81 + 40 =
81,41,2,122,81 + 41 =
81,42,3,123,81 + 42 =
81,43,4,124,81 + 43 =
81,44,5,125,81 + 44 =
81,45,6,126,81 + 45 =
81,46,7,127,81 + 46 =
81,47,8,128,81 + 47 =
81,48,9,129,81 + 48 =
81,49,10,130,81 + 49 =
81,50,1,131,81 + 50 =
81,51,2,132,81 + 51 =
81,52,3,133,81 + 52 =
81,53,4,134,81 + 53 =
81,54,5,135,81 + 54 =
81,55,6,136,81 + 55 =
81,56,7,137,81 + 56 =
81,57,8,138,81 + 57 =
81,58,9,139,81 + 58 =
81,59,10,140,81 + 59 =
81,60,1,141,81 + 60 =
81,61,2,142,81 + 61 =
81,62,3,143,81 + 62 =
81,63,4,144,81 + 63 =
81,64,5,145,81 + 64 =
81,65,6,146,81 + 65 =
81,66,7,147,81 + 66 =
81,67,8,148,81 + 67 =
81,68,9,149,81 + 68 =
81,69,10,150,81 + 69 =
81,70,1,151,81 + 70 =
81,71,2,152,81 + 71 =
81,72,3,153,81 + 72 =
81,73,4,154,81 + 73 =
81,74,5,155,81 + 74 =
81,75,6,156,81 + 75 =
81,76,7,157,81 + 76 =
81,77,8,158,81 + 77 =
81,78,9,159,81 + 78 =
81,79,10,160,81 + 79 =
81,80,1,161,81 + 80 =
81,81,2,162,81 + 81 =
81,82,3,163,81 + 82 =
81,83,4,164,81 + 83 =
81,84,5,165,81 + 84 =
81,85,6,166,81 + 85 =
81,86,7,167,81 + 86 =
81,87,8,168,81 + 87 =
81,88,9,169,81 + 88 =
81,89,10,170,81 + 89 =
81,90,1,171,81 + 90 =
81,91,2,172,81 + 91 =
81,92,3,173,81 + 92 =
81,93,4,174,81 + 93 =
81,94,5,175,81 + 94 =
81,95,6,176,81 + 95 =
81,96,7,177,81 + 96 =
81,97,8,178,81 + 97 =
81,98,9,179,81 + 98 =
81,99,10,180,81 + 99 =
82,10,2,92,82 + 10 =
82,11,3,93,82 + 11 =
82,12,4,94,82 + 12 =
82,13,5,95,82 + 13 =
82,14,6,96,82 + 14 =
82,15,7,97,82 + 15 =
82,16,8,98,82 + 16 =
82,17,9,99,82 + 17 =
82,18,10,100,82 + 18 =
82,19,11,101,82 + 19 =
82,20,2,102,82 + 20 =
82,21,3,103,82 + 21 =
82,22,4,104,82 + 22 =
82,23,5,105,82 + 23 =
82,24,6,106,82 + 24 =
82,25,7,107,82 + 25 =
82,26,8,108,82 + 26 =
82,27,9,109,82 + 27 =
82,28,10,110,82 + 28 =
82,29,11,111,82 + 29 =
82,30,2,112,82 + 30 =
82,31,3,113,82 + 31 =
82,32,4,114,82 + 32 =
82,33,5,115,82 + 33 =
82,34,6,116,82 + 34 =
82,35,7,117,82 + 35 =
82,36,8,118,82 + 36 =
82,37,9,119,82 + 37 =
82,38,10,120,82 + 38 =
82,39,11,121,82 + 39 =
82,40,2,122,82 + 40 =
82,41,3,123,82 + 41 =
82,42,4,124,82 + 42 =
82,43,5,125,82 + 43 =
82,44,6,126,82 + 44 =
82,45,7,127,82 + 45 =
82,46,8,128,82 + 46 =
82,47,9,129,82 + 47 =
82,48,10,130,82 + 48 =
82,49,11,131,82 + 49 =
82,50,2,132,82 + 50 =
82,51,3,133,82 + 51 =
82,52,4,134,82 + 52 =
82,53,5,135,82 + 53 =
82,54,6,136,82 + 54 =
82,55,7,137,82 + 55 =
82,56,8,138,82 + 56 =
82,57,9,139,82 + 57 =
82,58,10,140,82 + 58 =
82,59,11,141,82 + 59 =
82,60,2,142,82 + 60 =
82,61,3,143,82 + 61 =
82,62,4,144,82 + 62 =
82,63,5,145,82 + 63 =
82,64,6,146,82 + 64 =
82,65,7,147,82 + 65 =
82,66,8,148,82 + 66 =
82,67,9,149,82 + 67 =
82,68,10,150,82 + 68 =
82,69,11,151,82 + 69 =
82,70,2,152,82 + 70 =
82,71,3,153,82 + 71 =
82,72,4,154,82 + 72 =
82,73,5,155,82 + 73 =
82,74,6,156,82 + 74 =
82,75,7,157,82 + 75 =
82,76,8,158,82 + 76 =
82,77,9,159,82 + 77 =
82,78,10,160,82 + 78 =
82,79,11,161,82 + 79 =
82,80,2,162,82 + 80 =
82,81,3,163,82 + 81 =
82,82,4,164,82 + 82 =
82,83,5,165,82 + 83 =
82,84,6,166,82 + 84 =
82,85,7,167,82 + 85 =
82,86,8,168,82 + 86 =
82,87,9,169,82 + 87 =
82,88,10,170,82 + 88 =
82,89,11,171,82 + 89 =
82,90,2,172,82 + 90 =
82,91,3,173,82 + 91 =
82,92,4,174,82 + 92 =
82,93,5,175,82 + 93 =
82,94,6,176,82 + 94 =
82,95,7,177,82 + 95 =
82,96,8,178,82 + 96 =
82,97,9,179,82 + 97 =
82,98,10,180,82 + 98 =
82,99,11,181,82 + 99 =
83,10,3,93,83 + 10 =
83,11,4,94,83 + 11 =
83,12,5,95,83 + 12 =
83,13,6,96,83 + 13 =
83,14,7,97,83 + 14 =
83,15,8,98,83 + 15 =
83,16,9,99,83 + 16 =
83,17,10,100,83 + 17 =
83,18,11,101,83 + 18 =
83,19,12,102,83 + 19 =
83,20,3,103,83 + 20 =
83,21,4,104,83 + 21 =
83,22,5,105,83 + 22 =
83,23,6,106,83 + 23 =
83,24,7,107,83 + 24 =
83,25,8,108,83 + 25 =
83,26,9,109,83 + 26 =
83,27,10,110,83 + 27 =
83,28,11,111,83 + 28 =
83,29,12,112,83 + 29 =
83,30,3,113,83 + 30 =
83,31,4,114,83 + 31 =
83,32,5,115,83 + 32 =
83,33,6,116,83 + 33 =
83,34,7,117,83 + 34 =
83,35,8,118,83 + 35 =
83,36,9,119,83 + 36 =
83,37,10,120,83 + 37 =
83,38,11,121,83 + 38 =
83,39,12,122,83 + 39 =
83,40,3,123,83 + 40 =
83,41,4,124,83 + 41 =
83,42,5,125,83 + 42 =
83,43,6,126,83 + 43 =
83,44,7,127,83 + 44 =
83,45,8,128,83 + 45 =
83,46,9,129,83 + 46 =
83,47,10,130,83 + 47 =
83,48,11,131,83 + 48 =
83,49,12,132,83 + 49 =
83,50,3,133,83 + 50 =
83,51,4,134,83 + 51 =
83,52,5,135,83 + 52 =
83,53,6,136,83 + 53 =
83,54,7,137,83 + 54 =
83,55,8,138,83 + 55 =
83,56,9,139,83 + 56 =
83,57,10,140,83 + 57 =
83,58,11,141,83 + 58 =
83,59,12,142,83 + 59 =
83,60,3,143,83 + 60 =
83,61,4,144,83 + 61 =
83,62,5,145,83 + 62 =
83,63,6,146,83 + 63 =
83,64,7,147,83 + 64 =
83,65,8,148,83 + 65 =
83,66,9,149,83 + 66 =
83,67,10,150,83 + 67 =
83,68,11,151,83 + 68 =
83,69,12,152,83 + 69 =
83,70,3,153,83 + 70 =
83,71,4,154,83 + 71 =
83,72,5,155,83 + 72 =
83,73,6,156,83 + 73 =
83,74,7,157,83 + 74 =
83,75,8,158,83 + 75 =
83,76,9,159,83 + 76 =
83,77,10,160,83 + 77 =
83,78,11,161,83 + 78 =
83,79,12,162,83 + 79 =
83,80,3,163,83 + 80 =
83,81,4,164,83 + 81 =
83,82,5,165,83 + 82 =
83,83,6,166,83 + 83 =
83,84,7,167,83 + 84 =
83,85,8,168,83 + 85 =
83,86,9,169,83 + 86 =
83,87,10,170,83 + 87 =
83,88,11,171,83 + 88 =
83,89,12,172,83 + 89 =
83,90,3,173,83 + 90 =
83,91,4,174,83 + 91 =
83,92,5,175,83 + 92 =
83,93,6,176,83 + 93 =
83,94,7,177,83 + 94 =
83,95,8,178,83 + 95 =
83,96,9,179,83 + 96 =
83,97,10,180,83 + 97 =
83,98,11,181,83 + 98 =
83,99,12,182,83 + 99 =
84,10,4,94,84 + 10 =
84,11,5,95,84 + 11 =
84,12,6,96,84 + 12 =
84,13,7,97,84 + 13 =
84,14,8,98,84 + 14 =
84,15,9,99,84 + 15 =
84,16,10,100,84 + 16 =
84,17,11,101,84 + 17 =
84,18,12,102,84 + 18 =
84,19,13,103,84 + 19 =
84,20,4,104,84 + 20 =
84,21,5,105,84 + 21 =
84,22,6,106,84 + 22 =
84,23,7,107,84 + 23 =
84,24,8,108,84 + 24 =
84,25,9,109,84 + 25 =
84,26,10,110,84 + 26 =
84,27,11,111,84 + 27 =
84,28,12,112,84 + 28 =
84,29,13,113,84 + 29 =
84,30,4,114,84 + 30 =
84,31,5,115,84 + 31 =
84,32,6,116,84 + 32 =
84,33,7,117,84 + 33 =
84,34,8,118,84 + 34 =
84,35,9,119,84 + 35 =
84,36,10,120,84 + 36 =
84,37,11,121,84 + 37 =
84,38,12,122,84 + 38 =
84,39,13,123,84 + 39 =
84,40,4,124,84 + 40 =
84,41,5,125,84 + 41 =
84,42,6,126,84 + 42 =
84,43,7,127,84 + 43 =
84,44,8,128,84 + 44 =
84,45,9,129,84 + 45 =
84,46,10,130,84 + 46 =
84,47,11,131,84 + 47 =
84,48,12,132,84 + 48 =
84,49,13,133,84 + 49 =
84,50,4,134,84 + 50 =
84,51,5,135,84 + 51 =
84,52,6,136,84 + 52 =
84,53,7,137,84 + 53 =
84,54,8,138,84 + 54 =
84,55,9,139,84 + 55 =
84,56,10,140,84 + 56 =
84,57,11,141,84 + 57 =
84,58,12,142,84 + 58 =
84,59,13,143,84 + 59 =
84,60,4,144,84 + 60 =
84,61,5,145,84 + 61 =
84,62,6,146,84 + 62 =
84,63,7,147,84 + 63 =
84,64,8,148,84 + 64 =
84,65,9,149,84 + 65 =
84,66,10,150,84 + 66 =
84,67,11,151,84 + 67 =
84,68,12,152,84 + 68 =
84,69,13,153,84 + 69 =
84,70,4,154,84 + 70 =
84,71,5,155,84 + 71 =
84,72,6,156,84 + 72 =
84,73,7,157,84 + 73 =
84,74,8,158,84 + 74 =
84,75,9,159,84 + 75 =
84,76,10,160,84 + 76 =
84,77,11,161,84 + 77 =
84,78,12,162,84 + 78 =
84,79,13,163,84 + 79 =
84,80,4,164,84 + 80 =
84,81,5,165,84 + 81 =
84,82,6,166,84 + 82 =
84,83,7,167,84 + 83 =
84,84,8,168,84 + 84 =
84,85,9,169,84 + 85 =
84,86,10,170,84 + 86 =
84,87,11,171,84 + 87 =
84,88,12,172,84 + 88 =
84,89,13,173,84 + 89 =
84,90,4,174,84 + 90 =
84,91,5,175,84 + 91 =
84,92,6,176,84 + 92 =
84,93,7,177,84 + 93 =
84,94,8,178,84 + 94 =
84,95,9,179,84 + 95 =
84,96,10,180,84 + 96 =
84,97,11,181,84 + 97 =
84,98,12,182,84 + 98 =
84,99,13,183,84 + 99 =
85,10,5,95,85 + 10 =
85,11,6,96,85 + 11 =
85,12,7,97,85 + 12 =
85,13,8,98,85 + 13 =
85,14,9,99,85 + 14 =
85,15,10,100,85 + 15 =
85,16,11,101,85 + 16 =
85,17,12,102,85 + 17 =
85,18,13,103,85 + 18 =
85,19,14,104,85 + 19 =
85,20,5,105,85 + 20 =
85,21,6,106,85 + 21 =
85,22,7,107,85 + 22 =
85,23,8,108,85 + 23 =
85,24,9,109,85 + 24 =
85,25,10,110,85 + 25 =
85,26,11,111,85 + 26 =
85,27,12,112,85 + 27 =
85,28,13,113,85 + 28 =
85,29,14,114,85 + 29 =
85,30,5,115,85 + 30 =
85,31,6,116,85 + 31 =
85,32,7,117,85 + 32 =
85,33,8,118,85 + 33 =
85,34,9,119,85 + 34 =
85,35,10,120,85 + 35 =
85,36,11,121,85 + 36 =
85,37,12,122,85 + 37 =
85,38,13,123,85 + 38 =
85,39,14,124,85 + 39 =
85,40,5,125,85 + 40 =
85,41,6,126,85 + 41 =
85,42,7,127,85 + 42 =
85,43,8,128,85 + 43 =
85,44,9,129,85 + 44 =
85,45,10,130,85 + 45 =
85,46,11,131,85 + 46 =
85,47,12,132,85 + 47 =
85,48,13,133,85 + 48 =
85,49,14,134,85 + 49 =
85,50,5,135,85 + 50 =
85,51,6,136,85 + 51 =
85,52,7,137,85 + 52 =
85,53,8,138,85 + 53 =
85,54,9,139,85 + 54 =
85,55,10,140,85 + 55 =
85,56,11,141,85 + 56 =
85,57,12,142,85 + 57 =
85,58,13,143,85 + 58 =
85,59,14,144,85 + 59 =
85,60,5,145,85 + 60 =
85,61,6,146,85 + 61 =
85,62,7,147,85 + 62 =
85,63,8,148,85 + 63 =
85,64,9,149,85 + 64 =
85,65,10,150,85 + 65 =
85,66,11,151,85 + 66 =
85,67,12,152,85 + 67 =
85,68,13,153,85 + 68 =
85,69,14,154,85 + 69 =
85,70,5,155,85 + 70 =
85,71,6,156,85 + 71 =
85,72,7,157,85 + 72 =
85,73,8,158,85 + 73 =
85,74,9,159,85 + 74 =
85,75,10,160,85 + 75 =
85,76,11,161,85 + 76 =
85,77,12,162,85 + 77 =
85,78,13,163,85 + 78 =
85,79,14,164,85 + 79 =
85,80,5,165,85 + 80 =
85,81,6,166,85 + 81 =
85,82,7,167,85 + 82 =
85,83,8,168,85 + 83 =
85,84,9,169,85 + 84 =
85,85,10,170,85 + 85 =
85,86,11,171,85 + 86 =
85,87,12,172,85 + 87 =
85,88,13,173,85 + 88 =
85,89,14,174,85 + 89 =
85,90,5,175,85 + 90 =
85,91,6,176,85 + 91 =
85,92,7,177,85 + 92 =
85,93,8,178,85 + 93 =
85,94,9,179,85 + 94 =
85,95,10,180,85 + 95 =
85,96,11,181,85 + 96 =
85,97,12,182,85 + 97 =
85,98,13,183,85 + 98 =
85,99,14,184,85 + 99 =
86,10,6,96,86 + 10 =
86,11,7,97,86 + 11 =
86,12,8,98,86 + 12 =
86,13,9,99,86 + 13 =
86,14,10,100,86 + 14 =
86,15,11,101,86 + 15 =
86,16,12,102,86 + 16 =
86,17,13,103,86 + 17 =
86,18,14,104,86 + 18 =
86,19,15,105,86 + 19 =
86,20,6,106,86 + 20 =
86,21,7,107,86 + 21 =
86,22,8,108,86 + 22 =
86,23,9,109,86 + 23 =
86,24,10,110,86 + 24 =
86,25,11,111,86 + 25 =
86,26,12,112,86 + 26 =
86,27,13,113,86 + 27 =
86,28,14,114,86 + 28 =
86,29,15,115,86 + 29 =
86,30,6,116,86 + 30 =
86,31,7,117,86 + 31 =
86,32,8,118,86 + 32 =
86,33,9,119,86 + 33 =
86,34,10,120,86 + 34 =
86,35,11,121,86 + 35 =
86,36,12,122,86 + 36 =
86,37,13,123,86 + 37 =
86,38,14,124,86 + 38 =
86,39,15,125,86 + 39 =
86,40,6,126,86 + 40 =
86,41,7,127,86 + 41 =
86,42,8,128,86 + 42 =
86,43,9,129,86 + 43 =
86,44,10,130,86 + 44 =
86,45,11,131,86 + 45 =
86,46,12,132,86 + 46 =
86,47,13,133,86 + 47 =
86,48,14,134,86 + 48 =
86,49,15,135,86 + 49 =
86,50,6,136,86 + 50 =
86,51,7,137,86 + 51 =
86,52,8,138,86 + 52 =
86,53,9,139,86 + 53 =
86,54,10,140,86 + 54 =
86,55,11,141,86 + 55 =
86,56,12,142,86 + 56 =
86,57,13,143,86 + 57 =
86,58,14,144,86 + 58 =
86,59,15,145,86 + 59 =
86,60,6,146,86 + 60 =
86,61,7,147,86 + 61 =
86,62,8,148,86 + 62 =
86,63,9,149,86 + 63 =
86,64,10,150,86 + 64 =
86,65,11,151,86 + 65 =
86,66,12,152,86 + 66 =
86,67,13,153,86 + 67 =
86,68,14,154,86 + 68 =
86,69,15,155,86 + 69 =
86,70,6,156,86 + 70 =
86,71,7,157,86 + 71 =
86,72,8,158,86 + 72 =
86,73,9,159,86 + 73 =
86,74,10,160,86 + 74 =
86,75,11,161,86 + 75 =
86,76,12,162,86 + 76 =
86,77,13,163,86 + 77 =
86,78,14,164,86 + 78 =
86,79,15,165,86 + 79 =
86,80,6,166,86 + 80 =
86,81,7,167,86 + 81 =
86,82,8,168,86 + 82 =
86,83,9,169,86 + 83 =
86,84,10,170,86 + 84 =
86,85,11,171,86 + 85 =
86,86,12,172,86 + 86 =
86,87,13,173,86 + 87 =
86,88,14,174,86 + 88 =
86,89,15,175,86 + 89 =
86,90,6,176,86 + 90 =
86,91,7,177,86 + 91 =
86,92,8,178,86 + 92 =
86,93,9,179,86 + 93 =
86,94,10,180,86 + 94 =
86,95,11,181,86 + 95 =
86,96,12,182,86 + 96 =
86,97,13,183,86 + 97 =
86,98,14,184,86 + 98 =
86,99,15,185,86 + 99 =
87,10,7,97,87 + 10 =
87,11,8,98,87 + 11 =
87,12,9,99,87 + 12 =
87,13,10,100,87 + 13 =
87,14,11,101,87 + 14 =
87,15,12,102,87 + 15 =
87,16,13,103,87 + 16 =
87,17,14,104,87 + 17 =
87,18,15,105,87 + 18 =
87,19,16,106,87 + 19 =
87,20,7,107,87 + 20 =
87,21,8,108,87 + 21 =
87,22,9,109,87 + 22 =
87,23,10,110,87 + 23 =
87,24,11,111,87 + 24 =
87,25,12,112,87 + 25 =
87,26,13,113,87 + 26 =
87,27,14,114,87 + 27 =
87,28,15,115,87 + 28 =
87,29,16,116,87 + 29 =
87,30,7,117,87 + 30 =
87,31,8,118,87 + 31 =
87,32,9,119,87 + 32 =
87,33,10,120,87 + 33 =
87,34,11,121,87 + 34 =
87,35,12,122,87 + 35 =
87,36,13,123,87 + 36 =
87,37,14,124,87 + 37 =
87,38,15,125,87 + 38 =
87,39,16,126,87 + 39 =
87,40,7,127,87 + 40 =
87,41,8,128,87 + 41 =
87,42,9,129,87 + 42 =
87,43,10,130,87 + 43 =
87,44,11,131,87 + 44 =
87,45,12,132,87 + 45 =
87,46,13,133,87 + 46 =
87,47,14,134,87 + 47 =
87,48,15,135,87 + 48 =
87,49,16,136,87 + 49 =
87,50,7,137,87 + 50 =
87,51,8,138,87 + 51 =
87,52,9,139,87 + 52 =
87,53,10,140,87 + 53 =
87,54,11,141,87 + 54 =
87,55,12,142,87 + 55 =
87,56,13,143,87 + 56 =
87,57,14,144,87 + 57 =
87,58,15,145,87 + 58 =
87,59,16,146,87 + 59 =
87,60,7,147,87 + 60 =
87,61,8,148,87 + 61 =
87,62,9,149,87 + 62 =
87,63,10,150,87 + 63 =
87,64,11,151,87 + 64 =
87,65,12,152,87 + 65 =
87,66,13,153,87 + 66 =
87,67,14,154,87 + 67 =
87,68,15,155,87 + 68 =
87,69,16,156,87 + 69 =
87,70,7,157,87 + 70 =
87,71,8,158,87 + 71 =
87,72,9,159,87 + 72 =
87,73,10,160,87 + 73 =
87,74,11,161,87 + 74 =
87,75,12,162,87 + 75 =
87,76,13,163,87 + 76 =
87,77,14,164,87 + 77 =
87,78,15,165,87 + 78 =
87,79,16,166,87 + 79 =
87,80,7,167,87 + 80 =
87,81,8,168,87 + 81 =
87,82,9,169,87 + 82 =
87,83,10,170,87 + 83 =
87,84,11,171,87 + 84 =
87,85,12,172,87 + 85 =
87,86,13,173,87 + 86 =
87,87,14,174,87 + 87 =
87,88,15,175,87 + 88 =
87,89,16,176,87 + 89 =
87,90,7,177,87 + 90 =
87,91,8,178,87 + 91 =
87,92,9,179,87 + 92 =
87,93,10,180,87 + 93 =
87,94,11,181,87 + 94 =
87,95,12,182,87 + 95 =
87,96,13,183,87 + 96 =
87,97,14,184,87 + 97 =
87,98,15,185,87 + 98 =
87,99,16,186,87 + 99 =
88,10,8,98,88 + 10 =
88,11,9,99,88 + 11 =
88,12,10,100,88 + 12 =
88,13,11,101,88 + 13 =
88,14,12,102,88 + 14 =
88,15,13,103,88 + 15 =
88,16,14,104,88 + 16 =
88,17,15,105,88 + 17 =
88,18,16,106,88 + 18 =
88,19,17,107,88 + 19 =
88,20,8,108,88 + 20 =
88,21,9,109,88 + 21 =
88,22,10,110,88 + 22 =
88,23,11,111,88 + 23 =
88,24,12,112,88 + 24 =
88,25,13,113,88 + 25 =
88,26,14,114,88 + 26 =
88,27,15,115,88 + 27 =
88,28,16,116,88 + 28 =
88,29,17,117,88 + 29 =
88,30,8,118,88 + 30 =
88,31,9,119,88 + 31 =
88,32,10,120,88 + 32 =
88,33,11,121,88 + 33 =
88,34,12,122,88 + 34 =
88,35,13,123,88 + 35 =
88,36,14,124,88 + 36 =
88,37,15,125,88 + 37 =
88,38,16,126,88 + 38 =
88,39,17,127,88 + 39 =
88,40,8,128,88 + 40 =
88,41,9,129,88 + 41 =
88,42,10,130,88 + 42 =
88,43,11,131,88 + 43 =
88,44,12,132,88 + 44 =
88,45,13,133,88 + 45 =
88,46,14,134,88 + 46 =
88,47,15,135,88 + 47 =
88,48,16,136,88 + 48 =
88,49,17,137,88 + 49 =
88,50,8,138,88 + 50 =
88,51,9,139,88 + 51 =
88,52,10,140,88 + 52 =
88,53,11,141,88 + 53 =
88,54,12,142,88 + 54 =
88,55,13,143,88 + 55 =
88,56,14,144,88 + 56 =
88,57,15,145,88 + 57 =
88,58,16,146,88 + 58 =
88,59,17,147,88 + 59 =
88,60,8,148,88 + 60 =
88,61,9,149,88 + 61 =
88,62,10,150,88 + 62 =
88,63,11,151,88 + 63 =
88,64,12,152,88 + 64 =
88,65,13,153,88 + 65 =
88,66,14,154,88 + 66 =
88,67,15,155,88 + 67 =
88,68,16,156,88 + 68 =
88,69,17,157,88 + 69 =
88,70,8,158,88 + 70 =
88,71,9,159,88 + 71 =
88,72,10,160,88 + 72 =
88,73,11,161,88 + 73 =
88,74,12,162,88 + 74 =
88,75,13,163,88 + 75 =
88,76,14,164,88 + 76 =
88,77,15,165,88 + 77 =
88,78,16,166,88 + 78 =
88,79,17,167,88 + 79 =
88,80,8,168,88 + 80 =
88,81,9,169,88 + 81 =
88,82,10,170,88 + 82 =
88,83,11,171,88 + 83 =
88,84,12,172,88 + 84 =
88,85,13,173,88 + 85 =
88,86,14,174,88 + 86 =
88,87,15,175,88 + 87 =
88,88,16,176,88 + 88 =
88,89,17,177,88 + 89 =
88,90,8,178,88 + 90 =
88,91,9,179,88 + 91 =
88,92,10,180,88 + 92 =
88,93,11,181,88 + 93 =
88,94,12,182,88 + 94 =
88,95,13,183,88 + 95 =
88,96,14,184,88 + 96 =
88,97,15,185,88 + 97 =
88,98,16,186,88 + 98 =
88,99,17,187,88 + 99 =
89,10,9,99,89 + 10 =
89,11,10,100,89 + 11 =
89,12,11,101,89 + 12 =
89,13,12,102,89 + 13 =
89,14,13,103,89 + 14 =
89,15,14,104,89 + 15 =
89,16,15,105,89 + 16 =
89,17,16,106,89 + 17 =
89,18,17,107,89 + 18 =
89,19,18,108,89 + 19 =
89,20,9,109,89 + 20 =
89,21,10,110,89 + 21 =
89,22,11,111,89 + 22 =
89,23,12,112,89 + 23 =
89,24,13,113,89 + 24 =
89,25,14,114,89 + 25 =
89,26,15,115,89 + 26 =
89,27,16,116,89 + 27 =
89,28,17,117,89 + 28 =
89,29,18,118,89 + 29 =
89,30,9,119,89 + 30 =
89,31,10,120,89 + 31 =
89,32,11,121,89 + 32 =
89,33,12,122,89 + 33 =
89,34,13,123,89 + 34 =
89,35,14,124,89 + 35 =
89,36,15,125,89 + 36 =
89,37,16,126,89 + 37 =
89,38,17,127,89 + 38 =
89,39,18,128,89 + 39 =
89,40,9,129,89 + 40 =
89,41,10,130,89 + 41 =
89,42,11,131,89 + 42 =
89,43,12,132,89 + 43 =
89,44,13,133,89 + 44 =
89,45,14,134,89 + 45 =
89,46,15,135,89 + 46 =
89,47,16,136,89 + 47 =
89,48,17,137,89 + 48 =
89,49,18,138,89 + 49 =
89,50,9,139,89 + 50 =
89,51,10,140,89 + 51 =
89,52,11,141,89 + 52 =
89,53,12,142,89 + 53 =
89,54,13,143,89 + 54 =
89,55,14,144,89 + 55 =
89,56,15,145,89 + 56 =
89,57,16,146,89 + 57 =
89,58,17,147,89 + 58 =
89,59,18,148,89 + 59 =
89,60,9,149,89 + 60 =
89,61,10,150,89 + 61 =
89,62,11,151,89 + 62 =
89,63,12,152,89 + 63 =
89,64,13,153,89 + 64 =
89,65,14,154,89 + 65 =
89,66,15,155,89 + 66 =
89,67,16,156,89 + 67 =
89,68,17,157,89 + 68 =
89,69,18,158,89 + 69 =
89,70,9,159,89 + 70 =
89,71,10,160,89 + 71 =
89,72,11,161,89 + 72 =
89,73,12,162,89 + 73 =
89,74,13,163,89 + 74 =
89,75,14,164,89 + 75 =
89,76,15,165,89 + 76 =
89,77,16,166,89 + 77 =
89,78,17,167,89 + 78 =
89,79,18,168,89 + 79 =
89,80,9,169,89 + 80 =
89,81,10,170,89 + 81 =
89,82,11,171,89 + 82 =
89,83,12,172,89 + 83 =
89,84,13,173,89 + 84 =
89,85,14,174,89 + 85 =
89,86,15,175,89 + 86 =
89,87,16,176,89 + 87 =
89,88,17,177,89 + 88 =
89,89,18,178,89 + 89 =
89,90,9,179,89 + 90 =
89,91,10,180,89 + 91 =
89,92,11,181,89 + 92 =
89,93,12,182,89 + 93 =
89,94,13,183,89 + 94 =
89,95,14,184,89 + 95 =
89,96,15,185,89 + 96 =
89,97,16,186,89 + 97 =
89,98,17,187,89 + 98 =
89,99,18,188,89 + 99 =
90,10,0,100,90 + 10 =
90,11,1,101,90 + 11 =
90,12,2,102,90 + 12 =
90,13,3,103,90 + 13 =
90,14,4,104,90 + 14 =
90,15,5,105,90 + 15 =
90,16,6,106,90 + 16 =
90,17,7,107,90 + 17 =
90,18,8,108,90 + 18 =
90,19,9,109,90 + 19 =
90,20,0,110,90 + 20 =
90,21,1,111,90 + 21 =
90,22,2,112,90 + 22 =
90,23,3,113,90 + 23 =
90,24,4,114,90 + 24 =
90,25,5,115,90 + 25 =
90,26,6,116,90 + 26 =
90,27,7,117,90 + 27 =
90,28,8,118,90 + 28 =
90,29,9,119,90 + 29 =
90,30,0,120,90 + 30 =
90,31,1,121,90 + 31 =
90,32,2,122,90 + 32 =
90,33,3,123,90 + 33 =
90,34,4,124,90 + 34 =
90,35,5,125,90 + 35 =
90,36,6,126,90 + 36 =
90,37,7,127,90 + 37 =
90,38,8,128,90 + 38 =
90,39,9,129,90 + 39 =
90,40,0,130,90 + 40 =
90,41,1,131,90 + 41 =
90,42,2,132,90 + 42 =
90,43,3,133,90 + 43 =
90,44,4,134,90 + 44 =
90,45,5,135,90 + 45 =
90,46,6,136,90 + 46 =
90,47,7,137,90 + 47 =
90,48,8,138,90 + 48 =
90,49,9,139,90 + 49 =
90,50,0,140,90 + 50 =
90,51,1,141,90 + 51 =
90,52,2,142,90 + 52 =
90,53,3,143,90 + 53 =
90,54,4,144,90 + 54 =
90,55,5,145,90 + 55 =
90,56,6,146,90 + 56 =
90,57,7,147,90 + 57 =
90,58,8,148,90 + 58 =
90,59,9,149,90 + 59 =
90,60,0,150,90 + 60 =
90,61,1,151,90 + 61 =
90,62,2,152,90 + 62 =
90,63,3,153,90 + 63 =
90,64,4,154,90 + 64 =
90,65,5,155,90 + 65 =
90,66,6,156,90 + 66 =
90,67,7,157,90 + 67 =
90,68,8,158,90 + 68 =
90,69,9,159,90 + 69 =
90,70,0,160,90 + 70 =
90,71,1,161,90 + 71 =
90,72,2,162,90 + 72 =
90,73,3,163,90 + 73 =
90,74,4,164,90 + 74 =
90,75,5,165,90 + 75 =
90,76,6,166,90 + 76 =
90,77,7,167,90 + 77 =
90,78,8,168,90 + 78 =
90,79,9,169,90 + 79 =
90,80,0,170,90 + 80 =
90,81,1,171,90 + 81 =
90,82,2,172,90 + 82 =
90,83,3,173,90 + 83 =
90,84,4,174,90 + 84 =
90,85,5,175,90 + 85 =
90,86,6,176,90 + 86 =
90,87,7,177,90 + 87 =
90,88,8,178,90 + 88 =
90,89,9,179,90 + 89 =
90,90,0,180,90 + 90 =
90,91,1,181,90 + 91 =
90,92,2,182,90 + 92 =
90,93,3,183,90 + 93 =
90,94,4,184,90 + 94 =
90,95,5,185,90 + 95 =
90,96,6,186,90 + 96 =
90,97,7,187,90 + 97 =
90,98,8,188,90 + 98 =
90,99,9,189,90 + 99 =
91,10,1,101,91 + 10 =
91,11,2,102,91 + 11 =
91,12,3,103,91 + 12 =
91,13,4,104,91 + 13 =
91,14,5,105,91 + 14 =
91,15,6,106,91 + 15 =
91,16,7,107,91 + 16 =
91,17,8,108,91 + 17 =
91,18,9,109,91 + 18 =
91,19,10,110,91 + 19 =
91,20,1,111,91 + 20 =
91,21,2,112,91 + 21 =
91,22,3,113,91 + 22 =
91,23,4,114,91 + 23 =
91,24,5,115,91 + 24 =
91,25,6,116,91 + 25 =
91,26,7,117,91 + 26 =
91,27,8,118,91 + 27 =
91,28,9,119,91 + 28 =
91,29,10,120,91 + 29 =
91,30,1,121,91 + 30 =
91,31,2,122,91 + 31 =
91,32,3,123,91 + 32 =
91,33,4,124,91 + 33 =
91,34,5,125,91 + 34 =
91,35,6,126,91 + 35 =
91,36,7,127,91 + 36 =
91,37,8,128,91 + 37 =
91,38,9,129,91 + 38 =
91,39,10,130,91 + 39 =
91,40,1,131,91 + 40 =
91,41,2,132,91 + 41 =
91,42,3,133,91 + 42 =
91,43,4,134,91 + 43 =
91,44,5,135,91 + 44 =
91,45,6,136,91 + 45 =
91,46,7,137,91 + 46 =
91,47,8,138,91 + 47 =
91,48,9,139,91 + 48 =
91,49,10,140,91 + 49 =
91,50,1,141,91 + 50 =
91,51,2,142,91 + 51 =
91,52,3,143,91 + 52 =
91,53,4,144,91 + 53 =
91,54,5,145,91 + 54 =
91,55,6,146,91 + 55 =
91,56,7,147,91 + 56 =
91,57,8,148,91 + 57 =
91,58,9,149,91 + 58 =
91,59,10,150,91 + 59 =
91,60,1,151,91 + 60 =
91,61,2,152,91 + 61 =
91,62,3,153,91 + 62 =
91,63,4,154,91 + 63 =
91,64,5,155,91 + 64 =
91,65,6,156,91 + 65 =
91,66,7,157,91 + 66 =
91,67,8,158,91 + 67 =
91,68,9,159,91 + 68 =
91,69,10,160,91 + 69 =
91,70,1,161,91 + 70 =
91,71,2,162,91 + 71 =
91,72,3,163,91 + 72 =
91,73,4,164,91 + 73 =
91,74,5,165,91 + 74 =
91,75,6,166,91 + 75 =
91,76,7,167,91 + 76 =
91,77,8,168,91 + 77 =
91,78,9,169,91 + 78 =
91,79,10,170,91 + 79 =
91,80,1,171,91 + 80 =
91,81,2,172,91 + 81 =
91,82,3,173,91 + 82 =
91,83,4,174,91 + 83 =
91,84,5,175,91 + 84 =
91,85,6,176,91 + 85 =
91,86,7,177,91 + 86 =
91,87,8,178,91 + 87 =
91,88,9,179,91 + 88 =
91,89,10,180,91 + 89 =
91,90,1,181,91 + 90 =
91,91,2,182,91 + 91 =
91,92,3,183,91 + 92 =
91,93,4,184,91 + 93 =
91,94,5,185,91 + 94 =
91,95,6,186,91 + 95 =
91,96,7,187,91 + 96 =
91,97,8,188,91 + 97 =
91,98,9,189,91 + 98 =
91,99,10,190,91 + 99 =
92,10,2,102,92 + 10 =
92,11,3,103,92 + 11 =
92,12,4,104,92 + 12 =
92,13,5,105,92 + 13 =
92,14,6,106,92 + 14 =
92,15,7,107,92 + 15 =
92,16,8,108,92 + 16 =
92,17,9,109,92 + 17 =
92,18,10,110,92 + 18 =
92,19,11,111,92 + 19 =
92,20,2,112,92 + 20 =
92,21,3,113,92 + 21 =
92,22,4,114,92 + 22 =
92,23,5,115,92 + 23 =
92,24,6,116,92 + 24 =
92,25,7,117,92 + 25 =
92,26,8,118,92 + 26 =
92,27,9,119,92 + 27 =
92,28,10,120,92 + 28 =
92,29,11,121,92 + 29 =
92,30,2,122,92 + 30 =
92,31,3,123,92 + 31 =
92,32,4,124,92 + 32 =
92,33,5,125,92 + 33 =
92,34,6,126,92 + 34 =
92,35,7,127,92 + 35 =
92,36,8,128,92 + 36 =
92,37,9,129,92 + 37 =
92,38,10,130,92 + 38 =
92,39,11,131,92 + 39 =
92,40,2,132,92 + 40 =
92,41,3,133,92 + 41 =
92,42,4,134,92 + 42 =
92,43,5,135,92 + 43 =
92,44,6,136,92 + 44 =
92,45,7,137,92 + 45 =
92,46,8,138,92 + 46 =
92,47,9,139,92 + 47 =
92,48,10,140,92 + 48 =
92,49,11,141,92 + 49 =
92,50,2,142,92 + 50 =
92,51,3,143,92 + 51 =
92,52,4,144,92 + 52 =
92,53,5,145,92 + 53 =
92,54,6,146,92 + 54 =
92,55,7,147,92 + 55 =
92,56,8,148,92 + 56 =
92,57,9,149,92 + 57 =
92,58,10,150,92 + 58 =
92,59,11,151,92 + 59 =
92,60,2,152,92 + 60 =
92,61,3,153,92 + 61 =
92,62,4,154,92 + 62 =
92,63,5,155,92 + 63 =
92,64,6,156,92 + 64 =
92,65,7,157,92 + 65 =
92,66,8,158,92 + 66 =
92,67,9,159,92 + 67 =
92,68,10,160,92 + 68 =
92,69,11,161,92 + 69 =
92,70,2,162,92 + 70 =
92,71,3,163,92 + 71 =
92,72,4,164,92 + 72 =
92,73,5,165,92 + 73 =
92,74,6,166,92 + 74 =
92,75,7,167,92 + 75 =
92,76,8,168,92 + 76 =
92,77,9,169,92 + 77 =
92,78,10,170,92 + 78 =
92,79,11,171,92 + 79 =
92,80,2,172,92 + 80 =
92,81,3,173,92 + 81 =
92,82,4,174,92 + 82 =
92,83,5,175,92 + 83 =
92,84,6,176,92 + 84 =
92,85,7,177,92 + 85 =
92,86,8,178,92 + 86 =
92,87,9,179,92 + 87 =
92,88,10,180,92 + 88 =
92,89,11,181,92 + 89 =
92,90,2,182,92 + 90 =
92,91,3,183,92 + 91 =
92,92,4,184,92 + 92 =
92,93,5,185,92 + 93 =
92,94,6,186,92 + 94 =
92,95,7,187,92 + 95 =
92,96,8,188,92 + 96 =
92,97,9,189,92 + 97 =
92,98,10,190,92 + 98 =
92,99,11,191,92 + 99 =
93,10,3,103,93 + 10 =
93,11,4,104,93 + 11 =
93,12,5,105,93 + 12 =
93,13,6,106,93 + 13 =
93,14,7,107,93 + 14 =
93,15,8,108,93 + 15 =
93,16,9,109,93 + 16 =
93,17,10,110,93 + 17 =
93,18,11,111,93 + 18 =
93,19,12,112,93 + 19 =
93,20,3,113,93 + 20 =
93,21,4,114,93 + 21 =
93,22,5,115,93 + 22 =
93,23,6,116,93 + 23 =
93,24,7,117,93 + 24 =
93,25,8,118,93 + 25 =
93,26,9,119,93 + 26 =
93,27,10,120,93 + 27 =
93,28,11,121,93 + 28 =
93,29,12,122,93 + 29 =
93,30,3,123,93 + 30 =
93,31,4,124,93 + 31 =
93,32,5,125,93 + 32 =
93,33,6,126,93 + 33 =
93,34,7,127,93 + 34 =
93,35,8,128,93 + 35 =
93,36,9,129,93 + 36 =
93,37,10,130,93 + 37 =
93,38,11,131,93 + 38 =
93,39,12,132,93 + 39 =
93,40,3,133,93 + 40 =
93,41,4,134,93 + 41 =
93,42,5,135,93 + 42 =
93,43,6,136,93 + 43 =
93,44,7,137,93 + 44 =
93,45,8,138,93 + 45 =
93,46,9,139,93 + 46 =
93,47,10,140,93 + 47 =
93,48,11,141,93 + 48 =
93,49,12,142,93 + 49 =
93,50,3,143,93 + 50 =
93,51,4,144,93 + 51 =
93,52,5,145,93 + 52 =
93,53,6,146,93 + 53 =
93,54,7,147,93 + 54 =
93,55,8,148,93 + 55 =
93,56,9,149,93 + 56 =
93,57,10,150,93 + 57 =
93,58,11,151,93 + 58 =
93,59,12,152,93 + 59 =
93,60,3,153,93 + 60 =
93,61,4,154,93 + 61 =
93,62,5,155,93 + 62 =
93,63,6,156,93 + 63 =
93,64,7,157,93 + 64 =
93,65,8,158,93 + 65 =
93,66,9,159,93 + 66 =
93,67,10,160,93 + 67 =
93,68,11,161,93 + 68 =
93,69,12,162,93 + 69 =
93,70,3,163,93 + 70 =
93,71,4,164,93 + 71 =
93,72,5,165,93 + 72 =
93,73,6,166,93 + 73 =
93,74,7,167,93 + 74 =
93,75,8,168,93 + 75 =
93,76,9,169,93 + 76 =
93,77,10,170,93 + 77 =
93,78,11,171,93 + 78 =
93,79,12,172,93 + 79 =
93,80,3,173,93 + 80 =
93,81,4,174,93 + 81 =
93,82,5,175,93 + 82 =
93,83,6,176,93 + 83 =
93,84,7,177,93 + 84 =
93,85,8,178,93 + 85 =
93,86,9,179,93 + 86 =
93,87,10,180,93 + 87 =
93,88,11,181,93 + 88 =
93,89,12,182,93 + 89 =
93,90,3,183,93 + 90 =
93,91,4,184,93 + 91 =
93,92,5,185,93 + 92 =
93,93,6,186,93 + 93 =
93,94,7,187,93 + 94 =
93,95,8,188,93 + 95 =
93,96,9,189,93 + 96 =
93,97,10,190,93 + 97 =
93,98,11,191,93 + 98 =
93,99,12,192,93 + 99 =
94,10,4,104,94 + 10 =
94,11,5,105,94 + 11 =
94,12,6,106,94 + 12 =
94,13,7,107,94 + 13 =
94,14,8,108,94 + 14 =
94,15,9,109,94 + 15 =
94,16,10,110,94 + 16 =
94,17,11,111,94 + 17 =
94,18,12,112,94 + 18 =
94,19,13,113,94 + 19 =
94,20,4,114,94 + 20 =
94,21,5,115,94 + 21 =
94,22,6,116,94 + 22 =
94,23,7,117,94 + 23 =
94,24,8,118,94 + 24 =
94,25,9,119,94 + 25 =
94,26,10,120,94 + 26 =
94,27,11,121,94 + 27 =
94,28,12,122,94 + 28 =
94,29,13,123,94 + 29 =
94,30,4,124,94 + 30 =
94,31,5,125,94 + 31 =
94,32,6,126,94 + 32 =
94,33,7,127,94 + 33 =
94,34,8,128,94 + 34 =
94,35,9,129,94 + 35 =
94,36,10,130,94 + 36 =
94,37,11,131,94 + 37 =
94,38,12,132,94 + 38 =
94,39,13,133,94 + 39 =
94,40,4,134,94 + 40 =
94,41,5,135,94 + 41 =
94,42,6,136,94 + 42 =
94,43,7,137,94 + 43 =
94,44,8,138,94 + 44 =
94,45,9,139,94 + 45 =
94,46,10,140,94 + 46 =
94,47,11,141,94 + 47 =
94,48,12,142,94 + 48 =
94,49,13,143,94 + 49 =
94,50,4,144,94 + 50 =
94,51,5,145,94 + 51 =
94,52,6,146,94 + 52 =
94,53,7,147,94 + 53 =
94,54,8,148,94 + 54 =
94,55,9,149,94 + 55 =
94,56,10,150,94 + 56 =
94,57,11,151,94 + 57 =
94,58,12,152,94 + 58 =
94,59,13,153,94 + 59 =
94,60,4,154,94 + 60 =
94,61,5,155,94 + 61 =
94,62,6,156,94 + 62 =
94,63,7,157,94 + 63 =
94,64,8,158,94 + 64 =
94,65,9,159,94 + 65 =
94,66,10,160,94 + 66 =
94,67,11,161,94 + 67 =
94,68,12,162,94 + 68 =
94,69,13,163,94 + 69 =
94,70,4,164,94 + 70 =
94,71,5,165,94 + 71 =
94,72,6,166,94 + 72 =
94,73,7,167,94 + 73 =
94,74,8,168,94 + 74 =
94,75,9,169,94 + 75 =
94,76,10,170,94 + 76 =
94,77,11,171,94 + 77 =
94,78,12,172,94 + 78 =
94,79,13,173,94 + 79 =
94,80,4,174,94 + 80 =
94,81,5,175,94 + 81 =
94,82,6,176,94 + 82 =
94,83,7,177,94 + 83 =
94,84,8,178,94 + 84 =
94,85,9,179,94 + 85 =
94,86,10,180,94 + 86 =
94,87,11,181,94 + 87 =
94,88,12,182,94 + 88 =
94,89,13,183,94 + 89 =
94,90,4,184,94 + 90 =
94,91,5,185,94 + 91 =
94,92,6,186,94 + 92 =
94,93,7,187,94 + 93 =
94,94,8,188,94 + 94 =
94,95,9,189,94 + 95 =
94,96,10,190,94 + 96 =
94,97,11,191,94 + 97 =
94,98,12,192,94 + 98 =
94,99,13,193,94 + 99 =
95,10,5,105,95 + 10 =
95,11,6,106,95 + 11 =
95,12,7,107,95 + 12 =
95,13,8,108,95 + 13 =
95,14,9,109,95 + 14 =
95,15,10,110,95 + 15 =
95,16,11,111,95 + 16 =
95,17,12,112,95 + 17 =
95,18,13,113,95 + 18 =
95,19,14,114,95 + 19 =
95,20,5,115,95 + 20 =
95,21,6,116,95 + 21 =
95,22,7,117,95 + 22 =
95,23,8,118,95 + 23 =
95,24,9,119,95 + 24 =
95,25,10,120,95 + 25 =
95,26,11,121,95 + 26 =
95,27,12,122,95 + 27 =
95,28,13,123,95 + 28 =
95,29,14,124,95 + 29 =
95,30,5,125,95 + 30 =
95,31,6,126,95 + 31 =
95,32,7,127,95 + 32 =
95,33,8,128,95 + 33 =
95,34,9,129,95 + 34 =
95,35,10,130,95 + 35 =
95,36,11,131,95 + 36 =
95,37,12,132,95 + 37 =
95,38,13,133,95 + 38 =
95,39,14,134,95 + 39 =
95,40,5,135,95 + 40 =
95,41,6,136,95 + 41 =
95,42,7,137,95 + 42 =
95,43,8,138,95 + 43 =
95,44,9,139,95 + 44 =
95,45,10,140,95 + 45 =
95,46,11,141,95 + 46 =
95,47,12,142,95 + 47 =
95,48,13,143,95 + 48 =
95,49,14,144,95 + 49 =
95,50,5,145,95 + 50 =
95,51,6,146,95 + 51 =
95,52,7,147,95 + 52 =
95,53,8,148,95 + 53 =
95,54,9,149,95 + 54 =
95,55,10,150,95 + 55 =
95,56,11,151,95 + 56 =
95,57,12,152,95 + 57 =
95,58,13,153,95 + 58 =
95,59,14,154,95 + 59 =
95,60,5,155,95 + 60 =
95,61,6,156,95 + 61 =
95,62,7,157,95 + 62 =
95,63,8,158,95 + 63 =
95,64,9,159,95 + 64 =
95,65,10,160,95 + 65 =
95,66,11,161,95 + 66 =
95,67,12,162,95 + 67 =
95,68,13,163,95 + 68 =
95,69,14,164,95 + 69 =
95,70,5,165,95 + 70 =
95,71,6,166,95 + 71 =
95,72,7,167,95 + 72 =
95,73,8,168,95 + 73 =
95,74,9,169,95 + 74 =
95,75,10,170,95 + 75 =
95,76,11,171,95 + 76 =
95,77,12,172,95 + 77 =
95,78,13,173,95 + 78 =
95,79,14,174,95 + 79 =
95,80,5,175,95 + 80 =
95,81,6,176,95 + 81 =
95,82,7,177,95 + 82 =
95,83,8,178,95 + 83 =
95,84,9,179,95 + 84 =
95,85,10,180,95 + 85 =
95,86,11,181,95 + 86 =
95,87,12,182,95 + 87 =
95,88,13,183,95 + 88 =
95,89,14,184,95 + 89 =
95,90,5,185,95 + 90 =
95,91,6,186,95 + 91 =
95,92,7,187,95 + 92 =
95,93,8,188,95 + 93 =
95,94,9,189,95 + 94 =
95,95,10,190,95 + 95 =
95,96,11,191,95 + 96 =
95,97,12,192,95 + 97 =
95,98,13,193,95 + 98 =
95,99,14,194,95 + 99 =
96,10,6,106,96 + 10 =
96,11,7,107,96 + 11 =
96,12,8,108,96 + 12 =
96,13,9,109,96 + 13 =
96,14,10,110,96 + 14 =
96,15,11,111,96 + 15 =
96,16,12,112,96 + 16 =
96,17,13,113,96 + 17 =
96,18,14,114,96 + 18 =
96,19,15,115,96 + 19 =
96,20,6,116,96 + 20 =
96,21,7,117,96 + 21 =
96,22,8,118,96 + 22 =
96,23,9,119,96 + 23 =
96,24,10,120,96 + 24 =
96,25,11,121,96 + 25 =
96,26,12,122,96 + 26 =
96,27,13,123,96 + 27 =
96,28,14,124,96 + 28 =
96,29,15,125,96 + 29 =
96,30,6,126,96 + 30 =
96,31,7,127,96 + 31 =
96,32,8,128,96 + 32 =
96,33,9,129,96 + 33 =
96,34,10,130,96 + 34 =
96,35,11,131,96 + 35 =
96,36,12,132,96 + 36 =
96,37,13,133,96 + 37 =
96,38,14,134,96 + 38 =
96,39,15,135,96 + 39 =
96,40,6,136,96 + 40 =
96,41,7,137,96 + 41 =
96,42,8,138,96 + 42 =
96,43,9,139,96 + 43 =
96,44,10,140,96 + 44 =
96,45,11,141,96 + 45 =
96,46,12,142,96 + 46 =
96,47,13,143,96 + 47 =
96,48,14,144,96 + 48 =
96,49,15,145,96 + 49 =
96,50,6,146,96 + 50 =
96,51,7,147,96 + 51 =
96,52,8,148,96 + 52 =
96,53,9,149,96 + 53 =
96,54,10,150,96 + 54 =
96,55,11,151,96 + 55 =
96,56,12,152,96 + 56 =
96,57,13,153,96 + 57 =
96,58,14,154,96 + 58 =
96,59,15,155,96 + 59 =
96,60,6,156,96 + 60 =
96,61,7,157,96 + 61 =
96,62,8,158,96 + 62 =
96,63,9,159,96 + 63 =
96,64,10,160,96 + 64 =
96,65,11,161,96 + 65 =
96,66,12,162,96 + 66 =
96,67,13,163,96 + 67 =
96,68,14,164,96 + 68 =
96,69,15,165,96 + 69 =
96,70,6,166,96 + 70 =
96,71,7,167,96 + 71 =
96,72,8,168,96 + 72 =
96,73,9,169,96 + 73 =
96,74,10,170,96 + 74 =
96,75,11,171,96 + 75 =
96,76,12,172,96 + 76 =
96,77,13,173,96 + 77 =
96,78,14,174,96 + 78 =
96,79,15,175,96 + 79 =
96,80,6,176,96 + 80 =
96,81,7,177,96 + 81 =
96,82,8,178,96 + 82 =
96,83,9,179,96 + 83 =
96,84,10,180,96 + 84 =
96,85,11,181,96 + 85 =
96,86,12,182,96 + 86 =
96,87,13,183,96 + 87 =
96,88,14,184,96 + 88 =
96,89,15,185,96 + 89 =
96,90,6,186,96 + 90 =
96,91,7,187,96 + 91 =
96,92,8,188,96 + 92 =
96,93,9,189,96 + 93 =
96,94,10,190,96 + 94 =
96,95,11,191,96 + 95 =
96,96,12,192,96 + 96 =
96,97,13,193,96 + 97 =
96,98,14,194,96 + 98 =
96,99,15,195,96 + 99 =
97,10,7,107,97 + 10 =
97,11,8,108,97 + 11 =
97,12,9,109,97 + 12 =
97,13,10,110,97 + 13 =
97,14,11,111,97 + 14 =
97,15,12,112,97 + 15 =
97,16,13,113,97 + 16 =
97,17,14,114,97 + 17 =
97,18,15,115,97 + 18 =
97,19,16,116,97 + 19 =
97,20,7,117,97 + 20 =
97,21,8,118,97 + 21 =
97,22,9,119,97 + 22 =
97,23,10,120,97 + 23 =
97,24,11,121,97 + 24 =
97,25,12,122,97 + 25 =
97,26,13,123,97 + 26 =
97,27,14,124,97 + 27 =
97,28,15,125,97 + 28 =
97,29,16,126,97 + 29 =
97,30,7,127,97 + 30 =
97,31,8,128,97 + 31 =
97,32,9,129,97 + 32 =
97,33,10,130,97 + 33 =
97,34,11,131,97 + 34 =
97,35,12,132,97 + 35 =
97,36,13,133,97 + 36 =
97,37,14,134,97 + 37 =
97,38,15,135,97 + 38 =
97,39,16,136,97 + 39 =
97,40,7,137,97 + 40 =
97,41,8,138,97 + 41 =
97,42,9,139,97 + 42 =
97,43,10,140,97 + 43 =
97,44,11,141,97 + 44 =
97,45,12,142,97 + 45 =
97,46,13,143,97 + 46 =
97,47,14,144,97 + 47 =
97,48,15,145,97 + 48 =
97,49,16,146,97 + 49 =
97,50,7,147,97 + 50 =
97,51,8,148,97 + 51 =
97,52,9,149,97 + 52 =
97,53,10,150,97 + 53 =
97,54,11,151,97 + 54 =
97,55,12,152,97 + 55 =
97,56,13,153,97 + 56 =
97,57,14,154,97 + 57 =
97,58,15,155,97 + 58 =
97,59,16,156,97 + 59 =
97,60,7,157,97 + 60 =
97,61,8,158,97 + 61 =
97,62,9,159,97 + 62 =
97,63,10,160,97 + 63 =
97,64,11,161,97 + 64 =
97,65,12,162,97 + 65 =
97,66,13,163,97 + 66 =
97,67,14,164,97 + 67 =
97,68,15,165,97 + 68 =
97,69,16,166,97 + 69 =
97,70,7,167,97 + 70 =
97,71,8,168,97 + 71 =
97,72,9,169,97 + 72 =
97,73,10,170,97 + 73 =
97,74,11,171,97 + 74 =
97,75,12,172,97 + 75 =
97,76,13,173,97 + 76 =
97,77,14,174,97 + 77 =
97,78,15,175,97 + 78 =
97,79,16,176,97 + 79 =
97,80,7,177,97 + 80 =
97,81,8,178,97 + 81 =
97,82,9,179,97 + 82 =
97,83,10,180,97 + 83 =
97,84,11,181,97 + 84 =
97,85,12,182,97 + 85 =
97,86,13,183,97 + 86 =
97,87,14,184,97 + 87 =
97,88,15,185,97 + 88 =
97,89,16,186,97 + 89 =
97,90,7,187,97 + 90 =
97,91,8,188,97 + 91 =
97,92,9,189,97 + 92 =
97,93,10,190,97 + 93 =
97,94,11,191,97 + 94 =
97,95,12,192,97 + 95 =
97,96,13,193,97 + 96 =
97,97,14,194,97 + 97 =
97,98,15,195,97 + 98 =
97,99,16,196,97 + 99 =
98,10,8,108,98 + 10 =
98,11,9,109,98 + 11 =
98,12,10,110,98 + 12 =
98,13,11,111,98 + 13 =
98,14,12,112,98 + 14 =
98,15,13,113,98 + 15 =
98,16,14,114,98 + 16 =
98,17,15,115,98 + 17 =
98,18,16,116,98 + 18 =
98,19,17,117,98 + 19 =
98,20,8,118,98 + 20 =
98,21,9,119,98 + 21 =
98,22,10,120,98 + 22 =
98,23,11,121,98 + 23 =
98,24,12,122,98 + 24 =
98,25,13,123,98 + 25 =
98,26,14,124,98 + 26 =
98,27,15,125,98 + 27 =
98,28,16,126,98 + 28 =
98,29,17,127,98 + 29 =
98,30,8,128,98 + 30 =
98,31,9,129,98 + 31 =
98,32,10,130,98 + 32 =
98,33,11,131,98 + 33 =
98,34,12,132,98 + 34 =
98,35,13,133,98 + 35 =
98,36,14,134,98 + 36 =
98,37,15,135,98 + 37 =
98,38,16,136,98 + 38 =
98,39,17,137,98 + 39 =
98,40,8,138,98 + 40 =
98,41,9,139,98 + 41 =
98,42,10,140,98 + 42 =
98,43,11,141,98 + 43 =
98,44,12,142,98 + 44 =
98,45,13,143,98 + 45 =
98,46,14,144,98 + 46 =
98,47,15,145,98 + 47 =
98,48,16,146,98 + 48 =
98,49,17,147,98 + 49 =
98,50,8,148,98 + 50 =
98,51,9,149,98 + 51 =
98,52,10,150,98 + 52 =
98,53,11,151,98 + 53 =
98,54,12,152,98 + 54 =
98,55,13,153,98 + 55 =
98,56,14,154,98 + 56 =
98,57,15,155,98 + 57 =
98,58,16,156,98 + 58 =
98,59,17,157,98 + 59 =
98,60,8,158,98 + 60 =
98,61,9,159,98 + 61 =
98,62,10,160,98 + 62 =
98,63,11,161,98 + 63 =
98,64,12,162,98 + 64 =
98,65,13,163,98 + 65 =
98,66,14,164,98 + 66 =
98,67,15,165,98 + 67 =
98,68,16,166,98 + 68 =
98,69,17,167,98 + 69 =
98,70,8,168,98 + 70 =
98,71,9,169,98 + 71 =
98,72,10,170,98 + 72 =
98,73,11,171,98 + 73 =
98,74,12,172,98 + 74 =
98,75,13,173,98 + 75 =
98,76,14,174,98 + 76 =
98,77,15,175,98 + 77 =
98,78,16,176,98 + 78 =
98,79,17,177,98 + 79 =
98,80,8,178,98 + 80 =
98,81,9,179,98 + 81 =
98,82,10,180,98 + 82 =
98,83,11,181,98 + 83 =
98,84,12,182,98 + 84 =
98,85,13,183,98 + 85 =
98,86,14,184,98 + 86 =
98,87,15,185,98 + 87 =
98,88,16,186,98 + 88 =
98,89,17,187,98 + 89 =
98,90,8,188,98 + 90 =
98,91,9,189,98 + 91 =
98,92,10,190,98 + 92 =
98,93,11,191,98 + 93 =
98,94,12,192,98 + 94 =
98,95,13,193,98 + 95 =
98,96,14,194,98 + 96 =
98,97,15,195,98 + 97 =
98,98,16,196,98 + 98 =
98,99,17,197,98 + 99 =
99,10,9,109,99 + 10 =
99,11,10,110,99 + 11 =
99,12,11,111,99 + 12 =
99,13,12,112,99 + 13 =
99,14,13,113,99 + 14 =
99,15,14,114,99 + 15 =
99,16,15,115,99 + 16 =
99,17,16,116,99 + 17 =
99,18,17,117,99 + 18 =
99,19,18,118,99 + 19 =
99,20,9,119,99 + 20 =
99,21,10,120,99 + 21 =
99,22,11,121,99 + 22 =
99,23,12,122,99 + 23 =
99,24,13,123,99 + 24 =
99,25,14,124,99 + 25 =
99,26,15,125,99 + 26 =
99,27,16,126,99 + 27 =
99,28,17,127,99 + 28 =
99,29,18,128,99 + 29 =
99,30,9,129,99 + 30 =
99,31,10,130,99 + 31 =
99,32,11,131,99 + 32 =
99,33,12,132,99 + 33 =
99,34,13,133,99 + 34 =
99,35,14,134,99 + 35 =
99,36,15,135,99 + 36 =
99,37,16,136,99 + 37 =
99,38,17,137,99 + 38 =
99,39,18,138,99 + 39 =
99,40,9,139,99 + 40 =
99,41,10,140,99 + 41 =
99,42,11,141,99 + 42 =
99,43,12,142,99 + 43 =
99,44,13,143,99 + 44 =
99,45,14,144,99 + 45 =
99,46,15,145,99 + 46 =
99,47,16,146,99 + 47 =
99,48,17,147,99 + 48 =
99,49,18,148,99 + 49 =
99,50,9,149,99 + 50 =
99,51,10,150,99 + 51 =
99,52,11,151,99 + 52 =
99,53,12,152,99 + 53 =
99,54,13,153,99 + 54 =
99,55,14,154,99 + 55 =
99,56,15,155,99 + 56 =
99,57,16,156,99 + 57 =
99,58,17,157,99 + 58 =
99,59,18,158,99 + 59 =
99,60,9,159,99 + 60 =
99,61,10,160,99 + 61 =
99,62,11,161,99 + 62 =
99,63,12,162,99 + 63 =
99,64,13,163,99 + 64 =
99,65,14,164,99 + 65 =
99,66,15,165,99 + 66 =
99,67,16,166,99 + 67 =
99,68,17,167,99 + 68 =
99,69,18,168,99 + 69 =
99,70,9,169,99 + 70 =
99,71,10,170,99 + 71 =
99,72,11,171,99 + 72 =
99,73,12,172,99 + 73 =
99,74,13,173,99 + 74 =
99,75,14,174,99 + 75 =
99,76,15,175,99 + 76 =
99,77,16,176,99 + 77 =
99,78,17,177,99 + 78 =
99,79,18,178,99 + 79 =
99,80,9,179,99 + 80 =
99,81,10,180,99 + 81 =
99,82,11,181,99 + 82 =
99,83,12,182,99 + 83 =
99,84,13,183,99 + 84 =
99,85,14,184,99 + 85 =
99,86,15,185,99 + 86 =
99,87,16,186,99 + 87 =
99,88,17,187,99 + 88 =
99,89,18,188,99 + 89 =
99,90,9,189,99 + 90 =
99,91,10,190,99 + 91 =
99,92,11,191,99 + 92 =
99,93,12,192,99 + 93 =
99,94,13,193,99 + 94 =
99,95,14,194,99 + 95 =
99,96,15,195,99 + 96 =
99,97,16,196,99 + 97 =
99,98,17,197,99 + 98 =
99,99,18,198,99 + 99 =
