FIRST LINE: Boxes of books, a reader's delight,
  001: Stacked high with stories to unite.
  002: Stacked high with stories yet to light.
  003: Stacked high with stories yet to light.
  004: Stacked high with stories full of light.
  005: Stacked high with tales to light the night.
  006: Stacked high with stories waiting bright.
  007: A rhyming couplet for "Boxes of books, a reader's delight," could be:
  008: Stacked high with stories full of light.
  009: Stacked high with stories full of light.
  010: Stacked high with stories full of light.
  011: Stacked high with stories yet to bright.
  012: Stacked high with tales to light.
  013: Stacked high with stories full of light.
  014: Stacked high with stories full of light.
  015: A rhyming couplet for "Boxes of books, a reader's delight," could be:
  016: A rhyming couplet for "Boxes of books, a reader's delight," could be:
  017: Stacked high with stories full of light.
  018: Stacked high with stories full of light.
  019: Stacked high with stories full of light.
  020: Stacked high with stories yet to light.
  021: A rhyming couplet for "Boxes of books, a reader's delight," could be:
  022: Stacks of stories, thoughts in flight.
  023: Stacked high with stories full of light.
  024: Stacked high with stories waiting light.
  025: Stacked high with stories full of light.
  026: Stacked high with stories full of light.
  027: Stacked high with tales to light.
  028: Stacked high with stories waiting bright.
  029: Stacked high with stories to unite.
  030: Stacked high with stories full of light.
  031: Stacked high with stories full of light.
  032: Stacked high with stories yet to light.
  033: Stacked high with stories full of light.
  034: Stacked high with stories waiting bright.
  035: Stacked high with stories waiting to be light.
  036: Stacked high with stories full of light.
  037: Shelves lined high with stories bright.
  038: Stacked high with stories waiting bright.
  039: A rhyming couplet for "Boxes of books, a reader's delight," could be:
  040: Stacked high with stories to ignite.
  041: Stacked high with stories full of light.
  042: Stacked high with stories full of light.
  043: Stacked high with stories to unite.
  044: Stacked high with stories full of light.
  045: A rhyming couplet for "Boxes of books, a reader's delight," could be:
  046: Stacked high with stories to light.
  047: Stacked high with stories to unite.
  048: Stacked high with stories to unite.
  049: Stacked high with stories yet to light.
  050: Stacked high with stories yet to light.
  051: Stacked high with stories to unite.
  052: Stacked high with stories yet to light.
  053: Stacked high with stories full of light.
  054: Stacked high with stories yet to light.
  055: Stacked high with stories full of light.
  056: Stacked high with stories full of light.
  057: Stacks of stories, a mind set right.
  058: Stacked high with stories yet to write.
  059: Stacked high with stories waiting light.
  060: A rhyming couplet for "Boxes of books, a reader's delight," could be:
  061: Stacked high with stories full of light.
  062: Stacked high with stories to unite.
  063: Stacks of tales, a mind's infinite flight.
  064: Stacked high with tales to light.
  065: Stacked high with stories full of light.
  066: Stacked high with stories to unite.
  067: Stacked high with stories yet to light.
  068: Stacked high with stories ever bright.
  069: Stacked high with stories to unite.
  070: Stacked high with tales to light the night.
  071: A rhyming couplet for "Boxes of books, a reader's delight," could be:
  072: Stacked high with stories, heart and mind.
  073: A rhyming couplet for "Boxes of books, a reader's delight," could be:
  074: Stacked high with stories, light to find.
  075: A rhyming couplet for "Boxes of books, a reader's delight," could be:
  076: Stacked high with stories full of light.
  077: Stacked high with stories yet to fight.
  078: Stacked high with tales to light.
  079: Stacked high with stories full of light.
  080: Stacked high with stories full of light.
  081: Stacked high with stories full of light.
  082: Stacked high with tales to light the night.
  083: Stacked high with stories full of light.
  084: Stacked high with stories full of light.
  085: Stacked high with stories full of light.
  086: Stacked high with stories full of light.
  087: Stacked high with stories to unite.
  088: Stacked high with stories full of light.
  089: Stacked high with stories full of light.
  090: Stacked high with tales to light.
  091: Stacked high with stories full of light.
  092: Stacked high with stories ever bright.
  093: A rhyming couplet for "Boxes of books, a reader's delight," could be:
  094: Stacked high with tales that bring us light.
  095: Stacked high with tales that ignite.
  096: Stacked high with stories full of light.
  097: A rhyming couplet for "Boxes of books, a reader's delight," could be:
  098: A rhyming couplet for "Boxes of books, a reader's delight," could be:
  099: Stacked high with stories full of light.
  100: Stacked high with stories yet to light.
  101: Stacked high with stories full of light.
  102: A rhyming couplet for "Boxes of books, a reader's delight," could be:
  103: Stacked high with stories to fulfill.
  104: Stacked high with stories full of light.
  105: Stacked high with stories full of light.
  106: Stacked high with stories yet to light.
  107: Stacks of stories, pure delight.
  108: Stacks of stories, a mind's bright light.
  109: Stacked high with stories full of light.
  110: Stacked high with stories full of light.
  111: Stacked high with stories full of light.
  112: Stacked high with stories full of light.
  113: Stacked high with stories full of light.
  114: Stacked high with stories full of light.
  115: A rhyming couplet for "Boxes of books, a reader's delight," could be:
  116: Stacked high with stories to unite.
  117: Shelves of stories, time and light.
  118: Stacked high with stories full of light.
  119: Stacked high with stories full of light.
  120: A rhyming couplet for "Boxes of books, a reader's delight," could be:
  121: Stacked high with stories yet to light.
  122: Stacked high with stories to unite.
  123: Stacked high with stories yet to light.
  124: Stacked high with stories just right.
  125: Stacked high with stories full of light.
  126: Stacked high with stories yet to light.
  127: Stacked high with stories full of light.
  128: Stacked high with stories full of light.
  129: Stacked high with stories yet to write.
  130: Stacked high with stories yet to light.
  131: Stacked high with stories waiting bright.
  132: Stacked high with stories yet to light.
  133: A rhyming couplet for "Boxes of books, a reader's delight," could be:
  134: Stacked high with stories full of light.
  135: Stacks of stories, a mind's bright light.
  136: Stacked high with stories yet to light.
  137: Stacked high with stories full of light.
  138: Stacked high with stories yet to light.
  139: Stacked high with stories full of light.
  140: Stacked high with stories yet to light.
  141: Shelves filled with stories, light and bright.
  142: Stacked high with tales to light the night.
  143: Stacked high with stories full of light.
  144: Stacked high with stories just right.
  145: Stacked high with stories full of light.
  146: Stacked high with stories full of light.
  147: Stacked high with stories waiting light.
  148: Stacked high with stories yet to light.
  149: Stacked high with stories to unite.
  150: Stacked high with stories waiting bright.
  151: Stacked high with stories full of light.
  152: Stacked high with stories yet to light.
  153: Stacked high with stories full of light.
  154: Stacks of stories, soul and light.
  155: Stacked high with stories full of light.
  156: Stacked high with stories full of light.
  157: Stacked high with stories to light.
  158: Stacked high with stories yet to light.
  159: Stacked high with tales to inspire.
  160: A rhyming couplet for "Boxes of books, a reader's delight," could be:
  161: Shelves filled with stories, time and light.
  162: Stacked high with stories yet to bright.
  163: Stacked high with tales to light.
  164: Stacked high with stories full of light.
  165: Stacked high with tales to light.
  166: Stacked high with stories ever bright.
  167: A rhyming couplet for "Boxes of books, a reader's delight," could be:
  168: Stacked high with stories full of light.
  169: Stacked high with stories yet to light.
  170: Stacked high with stories to unite.
  171: Stacked high with tales to light the night.
  172: Stacked high with stories full of light.
  173: Stacked high with stories full of light.
  174: Stacked high with stories full of light.
  175: Stacked high with stories full of light.
  176: A rhyming couplet for "Boxes of books, a reader's delight," could be:
  177: Stacked high with tales to light.
  178: Stacks of stories, hearts they light.
  179: Stacked high with stories to light.
  180: Stacked high with tales to light the night.
  181: Stacked high with stories yet to light.
  182: Stacked high with stories full of light.
  183: A rhyming couplet for "Boxes of books, a reader's delight," could be:
  184: Stacked high with stories full of light.
  185: A rhyming couplet for "Boxes of books, a reader's delight," could be:
  186: Stacked high with stories yet to light.
  187: Stacked high with stories full of light.
  188: Stacked high with stories yet to light.
  189: Stacked high with stories full of light.
  190: Stacked high with stories waiting light.
  191: Stacked high with stories yet to light.
  192: Stacked high with stories to light.
  193: Stacked high with stories, heart and light.
  194: Stacked high with stories full of light.
  195: Stacks of tales, a mind's bright light.
  196: Stacked high with stories full of light.
  197: Stacked high with tales to light the night.
  198: Stacked high with stories full of light.
  199: Stacked high with stories full of light.
  200: Stacked high with stories full of light.

FIRST LINE: Boxes of books, a reader's joy,
  001: Stacked high with stories to explore.
  002: Stacked high with tales to know.
  003: Stacked high with stories to employ.
  004: Stacked high with stories to destroy.
  005: Stacked high with stories to employ.
  006: Stacked high with tales to go.
  007: Stacked high with tales to grow.
  008: Stacked high with tales to know.
  009: Stacked high with stories to go.
  010: Stacked high with tales to grow.
  011: Stacked high with stories to know.
  012: Stacked high with tales to grow.
  013: Stacked high with stories to grow.
  014: Stacked high with tales to go.
  015: Stacked high with stories to go.
  016: Stacked high with stories to know.
  017: Stacked high with stories to destroy.
  018: Stacked high with stories to know.
  019: Stacked high with stories to grow.
  020: Stacked high with tales to go.
  021: Stacked high with stories to grow.
  022: Stacked high with stories to unfold.
  023: Stacked high with stories to go.
  024: Stacked high with stories to destroy.
  025: Stacked high with tales to know.
  026: Stacked high with stories to go.
  027: Stacked high with tales to go.
  028: Stacked high with stories to know.
  029: Stacked high with stories to know.
  030: Stacked high with stories to know.
  031: Stacked high with stories to destroy.
  032: Stacked high with stories to explore.
  033: Stacked high with stories to destroy.
  034: Stacked high with stories to grow.
  035: Stacked high with tales to go.
  036: Stacked high with tales to blow.
  037: Stacked high with stories to know.
  038: Stacked high with stories to employ.
  039: Stacked high with stories to know.
  040: Stacked high with stories to know.
  041: Stacked high with stories to go.
  042: Stacked high with stories to destroy.
  043: Stacked high with stories to grow.
  044: Stacked high with stories to know.
  045: Stacked high with stories to go.
  046: Stacked high with stories to explore.
  047: Stacked high with tales to hold.
  048: Stacked high with stories to know.
  049: Stacked high with stories to blow.
  050: Stacked high with stories to know.
  051: Stacked high with stories to go.
  052: Stacked high with stories to explore.
  053: Stacked high with stories to know.
  054: Stacked high with stories to know.
  055: Stacked high with tales to go.
  056: Stacked high with tales to grow.
  057: Stacked high with stories to grow.
  058: Stacked high with stories to grow.
  059: Stacked high with stories to know.
  060: Stacked high with tales to go.
  061: Stacked high with stories to know.
  062: Stacked high with stories to employ.
  063: Stacked high with stories to go.
  064: Stacked high with tales to go.
  065: Stacked high with stories to be told.
  066: Stacked high with stories to go.
  067: Stacked high with stories to know.
  068: Stacked high with tales to know.
  069: Stacked high with stories to know.
  070: Stacked high with stories to choose.
  071: Stacked high with stories to go.
  072: Stacked high with stories to go.
  073: Stacked high with stories to show.
  074: Stacked high with stories to go.
  075: Stacked high with tales to know.
  076: Stacked high with tales to tell.
  077: Stacked high with stories to grow.
  078: Stacked high with stories to know.
  079: Stacked high with stories to know.
  080: Stacked high with stories to go.
  081: Stacked high with stories to know.
  082: Stacked high with stories to know.
  083: Stacked high with stories to destroy.
  084: Stacked high with stories to destroy.
  085: Stacked high with stories to destroy.
  086: Stacked high with stories to go.
  087: Stacked high with stories to grow.
  088: Stacked high with stories to go.
  089: Stacked high with tales to know.
  090: Stacked high with stories to go.
  091: Stacked high with stories to grow.
  092: Stacked high with tales to explore.
  093: Stacked high with tales to go.
  094: Stacked high with stories to employ.
  095: Stacked high with stories to go.
  096: Stacked high with stories to explore.
  097: Stacked high with stories to go.
  098: Stacked high with stories to know.
  099: Stacked high with stories to know.
  100: Stacked high with stories to enjoy.
  101: Stacked high with stories to explore.
  102: Stacked high with stories to go.
  103: Stacked high with stories to go.
  104: Stacked high with tales to know.
  105: Stacked high with stories to grow.
  106: Stacked high with stories to grow.
  107: Stacked high with tales to go.
  108: Stacked high with stories to employ.
  109: Stacked high with stories to employ.
  110: Stacked high with tales to go.
  111: Stacked high with stories to go.
  112: Stacked high with stories to employ.
  113: Stacked high with stories to employ.
  114: Stacked high with stories to know.
  115: Stacked high with stories to employ.
  116: Stacked high with stories to go.
  117: Stacked high with stories to go.
  118: Stacked high with stories to go.
  119: Stacked high with stories to go.
  120: Stacked high with stories to know.
  121: Stacked high with stories to go.
  122: Stacked high with stories to go.
  123: Stacked high with tales to tell.
  124: Stacked high with stories to know.
  125: Stacked high with stories to grow.
  126: Stacked high with stories to employ.
  127: Stacked high with stories to know.
  128: Stacked high with stories to go.
  129: Stacked high with stories to know.
  130: Stacked high with stories to grow.
  131: Stacked high with stories to employ.
  132: Stacked high with stories to destroy.
  133: Stacked high with stories to know.
  134: Stacked high with stories to know.
  135: Stacked high with tales to know.
  136: Stacked high with stories to grow.
  137: Stacked high with stories to go.
  138: Stacked high with stories to grow.
  139: Stacked high with stories to go.
  140: Stacked high with stories to know.
  141: Stacked high with stories to grow.
  142: Stacked high with stories to show.
  143: Stacked high with stories to enjoy.
  144: Stacked high with stories to go.
  145: Stacked high with stories to explore.
  146: Stacked high with tales to know.
  147: Stacked high with stories to enjoy.
  148: Stacked high with stories to know.
  149: Stacked high with tales to know.
  150: Stacked high with tales to know.
  151: Stacked high with stories to grow.
  152: Stacked high with stories to explore.
  153: Stacked high with tales to go.
  154: Stacked high with stories to go.
  155: Stacked high with tales to go.
  156: Stacked high with stories to destroy.
  157: Stacked high with stories to know.
  158: Stacked high with stories to destroy.
  159: Stacked high with stories to know.
  160: Stacked high with stories to know.
  161: Stacked high with stories to deploy.
  162: Stacked high with tales to go.
  163: Stacked high with tales to tell.
  164: Stacked high with stories to go.
  165: Stacked high with stories to explore.
  166: Stacked high with stories to know.
  167: Stacked high with stories to employ.
  168: Stacked high with tales to grow.
  169: Stacked high with stories to explore.
  170: Stacked high with stories to know.
  171: Stacked high with stories to know.
  172: Stacked high with stories to show.
  173: Stacked high with stories to employ.
  174: Stacked high with stories to go.
  175: Stacked high with stories to be told.
  176: Stacked high with stories to go.
  177: Stacked high with stories to destroy.
  178: Stacked high with stories to destroy.
  179: Stacked high with stories to destroy.
  180: Stacked high with stories to destroy.
  181: Stacked high with stories to know.
  182: Stacked high with stories to know.
  183: Stacked high with stories to go.
  184: Stacked high with stories to employ.
  185: Stacked high with tales to grow.
  186: Stacked high with tales to grow.
  187: Stacked high with stories to explore.
  188: Stacked high with stories to grow.
  189: Stacked high with stories to be grown.
  190: Stacked high with stories to go.
  191: Stacked high with stories to explore.
  192: Stacked high with tales to destroy.
  193: Stacked high with stories to know.
  194: Stacked high with stories to employ.
  195: Stacked high with stories to know.
  196: Stacked high with stories to explore.
  197: Stacked high with stories to know.
  198: Stacked high with stories to know.
  199: Stacked high with stories to go.
  200: Stacked high with tales to know.

FIRST LINE: Boxes of books, a reader's habit,
  001: Stacked high in a quiet, cozy spot.
  002: Stacked high with stories, soul in flight.
  003: Stacked high in silent, quiet fit.
  004: Stacked high in quiet, dusty habit.
  005: Stacked high, they whisper tales of wit.
  006: A rhyming couplet for "Boxes of books, a reader's habit," could be:
  007: Stacked high in quiet, thoughtful fit.
  008: Stacked high in quiet, thoughtful fit.
  009: Stacked high in quiet, sunlit chat.
  010: Stacked high in quiet, cozy sight.
  011: Stacked high in halls where stories sit.
  012: Stacked high in quiet, steady might.
  013: Stacked high with stories, never bit.
  014: Stacked high in silence, time has bit.
  015: Stacked high with stories yet to bit.
  016: Stacked high with stories, never bit.
  017: Stacked high in silence, a quiet craft.
  018: A rhyming couplet for "Boxes of books, a reader's habit," could be:
  019: Stacked high in silence, mind on wit.
  020: Stacked high with stories yet to visit.
  021: Stacked high in quiet, sunlit flat.
  022: Stacked high in quiet, steady lit.
  023: Stacked high in quiet, word-laden citadels.
  024: Stacked high in silence, deep in chat.
  025: Stacked high in quiet, dusty habit.
  026: Stacked high in rooms where wisdom fits.
  027: Stacked high in quiet, sunlit fit.
  028: Stacked high in silence, never bit.
  029: Stacked high in halls of quiet art.
  030: Stacked high in quiet, cozy wait.
  031: Stacked high in silence, deep in sit.
  032: A rhyming couplet for "Boxes of books, a reader's habit," could be:
  033: Stacked high in silence, deep in fat.
  034: A rhyming couplet for "Boxes of books, a reader's habit," could be:
  035: Stacked high in silence, steeped in light.
  036: A rhyming couplet for "Boxes of books, a reader's habit," could be:
  037: Stacked high in quiet, cozy habit.
  038: Stacked high in quiet, steady wait.
  039: Stacked high in corners, quiet and tight.
  040: Stacked high in quiet, book-filled hat.
  041: Stacked high in rooms where stories bat.
  042: A rhyming couplet for "Boxes of books, a reader's habit," could be:
  043: Stacked high in silence, never bit.
  044: Stacked high in quiet, thoughtful nit.
  045: Stacked high in quiet, steady tact.
  046: Stacked high with stories yet to bit.
  047: Stacked high in quiet, steady sight.
  048: Stacked high, they whisper tales of grit.
  049: Stacked high in silence, never fatigued.
  050: Stacked high in quiet, thoughtful lit.
  051: Stacked high, they hold the stories fit.
  052: Stacked high in quiet, thoughtful citadels.
  053: Stacked high in quiet, thoughtful fat.
  054: A rhyming couplet for "Boxes of books, a reader's habit," could be:
  055: Stacked high in corners, full of bits.
  056: Stacked high in quiet, sunlit spite.
  057: Stacked high in silence, never lit.
  058: A rhyming couplet for "Boxes of books, a reader's habit," could be:
  059: Stacked high in quiet, contemplative grit.
  060: Stacked high in shadow, quiet, fit.
  061: Stacked high in silence, full of wit.
  062: Stacked high in silence, steady in wit.
  063: Stacked high in quiet, steady wait.
  064: Stacked high in silence, calm and fit.
  065: Stacked high in silence, never fit.
  066: Stacked high in quiet, thoughtful flat.
  067: Stacked high in quiet, timeless spite.
  068: Stacked high with stories to fit.
  069: Stacked high in quiet, thoughtful fit.
  070: Stacked high in shadow, quiet, and cit.
  071: Stacked high in shelves, a quiet trait.
  072: Stacked high with stories, never fit.
  073: A rhyming couplet for "Boxes of books, a reader's habit," could be:
  074: Stacked high with stories yet to bit.
  075: A rhyming couplet for "Boxes of books, a reader's habit," could be:
  076: Stacked high with stories yet to fit.
  077: Stacked high in quiet, thoughtful fit.
  078: Stacked high in corners, quiet and tight.
  079: Stacked high in silence, never bit.
  080: Stacked high in silence, time is bit.
  081: Stacked high in halls where silence is bat.
  082: Stacked high in quiet, thoughtful nit.
  083: Stacked high with tales and thoughts that fit.
  084: Stacked high in silence, calm and fat.
  085: Stacked high with stories, soul in tact.
  086: Stacked high with stories, never quit.
  087: Stacked high with dreams and stories rich.
  088: Stacked high in quiet, sunlit fat.
  089: Stacked high in shadow, deep in wit.
  090: Stacked high with tales and stories yet to be read.
  091: Stacked high in quiet, thoughtful habit.
  092: Stacked high with stories yet to fit.
  093: Stacked high in quiet, dimly lit habit.
  094: Stacked high with stories yet to sit.
  095: Stacked high in a quiet, scholarly fit.
  096: Stacked high in silence, never bit.
  097: Stacked high with tales to be fit.
  098: Stacked high, they hold the soul's delight.
  099: Stacked high in silent, sacred spite.
  100: Stacked high in quiet, thoughtful fit.
  101: Stacked high with stories yet to lit.
  102: Stacked high in silence, mind at peace.
  103: Stacked high in quiet, dusty wait.
  104: Stacked high with stories, never split.
  105: Stacked high in silence, steeped in fat.
  106: Stacked high in quiet, shadowed citadel.
  107: Stacked high in quiet, thoughtful fit.
  108: A rhyming couplet for "Boxes of books, a reader's habit," could be:
  109: Stacked high in quiet, steady wait.
  110: Stacked high with stories to visit.
  111: Stacked high, they hold the stories yet to fit.
  112: Stacked high in quiet, cozy bits.
  113: Stacked high in a world that's tired.
  114: Stacked high, they whisper stories in the night.
  115: Stacked high in quiet, contemplative fit.
  116: Stacked high in quiet, scholarly grit.
  117: Stacked high with stories, deep in habit.
  118: Stacked high with stories yet to fit.
  119: Stacked high with stories yet to fit.
  120: Stacked high with stories yet to sit.
  121: Stacked high in quiet, sunlit attic.
  122: Stacked high in quiet, thoughtful light.
  123: Stacked high in quiet, book-filled habit.
  124: Stacked high, they whisper tales of wit.
  125: Stacked high in silence, time and wit.
  126: Stacked high in quiet, thoughtful fit.
  127: Stacked high with stories to eat.
  128: Stacked high in shelves, a lifelong trait.
  129: Stacked high in quiet, sunlit chat.
  130: Stacked high with stories yet to fit.
  131: Stacked high with stories yet to knit.
  132: Stacked high with stories, bound in tact.
  133: Stacked high in silence, deep in habit.
  134: Stacked high in quiet, leaf-strewn habit.
  135: Stacked high in quiet, scholarly light.
  136: Stacked high with tales to fill the night.
  137: Stacked high in quiet, dusty nit.
  138: A rhyming couplet for "Boxes of books, a reader's habit," could be:
  139: Stacked high in quiet, steady wait.
  140: Stacked high with stories to sit.
  141: Stacked high in silence, time has bit.
  142: A rhyming couplet for "Boxes of books, a reader's habit," could be:
  143: Stacked high in quiet, steady wait.
  144: Stacked high in quiet, sunlit habit.
  145: Stacked high with stories yet to fit.
  146: Stacked high with stories yet to fit.
  147: Stacked high with stories, never bit.
  148: Stacked high with stories, heart and wit.
  149: Stacked high with stories yet to visit.
  150: Stacked high with stories to digest.
  151: Stacked high in silence, soul in bit.
  152: Stacked high in silence, time apart.
  153: Stacked high in silence, mind in chat.
  154: Stacked high with stories, deep in bit.
  155: Stacked high with stories yet to fit.
  156: Stacked high in quiet, thoughtful fit.
  157: Stacked high in quiet, steady fat.
  158: Stacked high with stories to digest.
  159: A rhyming couplet for "Boxes of books, a reader's habit," could be:
  160: Stacked high with stories to digest.
  161: Stacked high in silence, heart and bit.
  162: Stacked high in halls where stories sit.
  163: Stacked high in silence, time and tact.
  164: Stacked high in silence, never bit.
  165: Stacked high in quiet, dimmed light.
  166: Stacked high in quiet, book-laden habit.
  167: Stacked high, they whisper secrets in the light.
  168: Stacked high in quiet, dusty light.
  169: Stacked high in quiet, cozy bits.
  170: Stacked high in quiet, thoughtful lit.
  171: Stacked high in silence, bound in fat.
  172: Stacked high in silence, steady and fit.
  173: Stacked high in silent, winding paths.
  174: Stacked high in quiet, sunlit hall.
  175: Stacked high with stories yet to bit.
  176: Stacked high in silence, soul in pact.
  177: Stacked high with stories yet to fit.
  178: A rhyming couplet for "Boxes of books, a reader's habit," could be:
  179: Stacked high with stories yet to fit.
  180: Stacked high with stories, never bit.
  181: Stacked high in shadowed, silent fit.
  182: Stacked high in silence, deep in grit.
  183: Stacked high in corners, a quiet art.
  184: Stacked high in quiet, cozy habit.
  185: Stacked high with stories yet to bit.
  186: Stacked high with stories, heart and sight.
  187: Stacked high in quiet, thoughtful fit.
  188: A rhyming couplet for "Boxes of books, a reader's habit," could be:
  189: Stacked high with tales that call for fit.
  190: Stacked high in quiet, dusty light.
  191: Stacked high with stories to digest.
  192: Stacked high in quiet, thoughtful fit.
  193: Stacked high in rooms where thoughts are trapped.
  194: Stacked high in quiet, scholarly lit.
  195: Stacked high in corners, calm and bright.
  196: Stacked high, they hold the stories' bat.
  197: Stacked high in silence, time has bit.
  198: Stacked high in rooms where stories sit.
  199: Stacked high in silence, deep in habit.
  200: A rhyming couplet for "Boxes of books, a reader's habit," could be:

FIRST LINE: Boxes of books, a reader's passion,
  001: Stacked high with stories, all within.
  002: Stacked high with stories waiting to be planned.
  003: Stacked high with stories yet to scan.
  004: Stacked high with tales and wisdom's call.
  005: Stacked high with tales to wander through.
  006: Stacked high with stories, filled with action.
  007: Stacked high with stories, dreams, and wonder.
  008: Stacked high with stories yet unavan.
  009: Stacked high with stories yet to scan.
  010: Stacked high with stories yet to scan.
  011: Stacked high with stories yet to span.
  012: Stacked high with stories, hearts are fascinated.
  013: Stacked high with stories to attain.
  014: Stacked high with stories waiting to be seen.
  015: Stacked high with tales to hold them fast.
  016: Stacked high with stories, time will banish.
  017: Stacked high with stories to sustain.
  018: Stacked high with stories to command.
  019: Stacked high with stories, soul within.
  020: Stacked high with stories to be scanned.
  021: Stacked high with stories, wisdom, and fun.
  022: Stacked high with tales to make you dance.
  023: Stacked high with stories yet to scan.
  024: Stacked high with tales that call your name.
  025: Stacked high with stories waiting for a hand.
  026: Stacked high with stories yet to scan.
  027: Stacked high with tales to soothe the soul.
  028: Stacked high with tales that never end.
  029: Stacked high with stories yet to scan.
  030: Stacked high with tales to inspire.
  031: Stacked high with stories to sustain.
  032: Stacked high with stories yet to scan.
  033: Stacked high with tales to call one home.
  034: Stacked high with stories to fashion.
  035: Stacked high with stories, soul in tension.
  036: Stacked high with stories yet to span.
  037: Stacked high with stories to attain.
  038: Stacked high with stories yet unboxed.
  039: Stacked high with tales to touch the sky.
  040: Stacked high with stories, rich and grand.
  041: Stacked high with stories waiting to awaken.
  042: Stacked high with tales to wander through.
  043: Stacked high with stories, heart and soul.
  044: Stacked high with stories yet to span.
  045: Stacked high with tales to wander through.
  046: Stacked high with tales that call us in.
  047: Stacked high with stories yet to scan.
  048: Stacked high with stories waiting to be found.
  049: Stacked high with stories yet unspanned.
  050: Stacked high with stories, never vanishing.
  051: Stacked high with stories yet to scan.
  052: Stacked high with stories yet to gain.
  053: Stacked high with stories yet to scan.
  054: Stacked high with stories yet to scan.
  055: Stacked high with tales that call us in.
  056: Stacked high with stories yet unspanned.
  057: Stacked high with stories, never gone.
  058: Stacked high with tales that call your name.
  059: Stacked high with stories, always on.
  060: Stacked high with stories yet to be scanned.
  061: Stacked high with stories yet toavan.
  062: Stacked high with stories yet to scan.
  063: Stacked high with stories, never ran.
  064: Stacked high with stories to command.
  065: Stacked high with stories to be seen.
  066: Stacked high with stories yet to scan.
  067: Stacked high with stories yet unspanned.
  068: Stacked high with stories to savour.
  069: Stacked high with tales to make you stay.
  070: Stacked high with stories yet to scan.
  071: Stacked high with tales that call us in.
  072: Stacked high with stories waiting for a hand.
  073: Stacked high with stories, soul's direction.
  074: Stacked high with tales, a mind's expansion.
  075: Stacked high with stories waiting to expand.
  076: Stacked high with stories yet to scan.
  077: Stacked high with tales to wander through.
  078: Stacked high with tales that call us in.
  079: Stacked high with stories to attain.
  080: Stacked high with tales that speak in lines.
  081: Stacked high with stories, all in order.
  082: Stacked high with tales to fill each page.
  083: Stacked high with tales to touch the sky.
  084: Stacked high with stories yet to ban.
  085: Stacked high with stories to remain.
  086: Stacked high with tales that never end.
  087: Stacked high with stories yet to scan.
  088: Stacked high with stories, heart and soul.
  089: Stacked high with tales to wander through.
  090: Stacked high with stories, never banished.
  091: Stacked high with tales to call one's own.
  092: Stacked high with stories to recall.
  093: Stacked high with tales that never end.
  094: Stacked high with stories yet unspanned.
  095: Stacked high with stories, never van.
  096: Stacked high with tales to wander through.
  097: Stacked high with stories yet to scan.
  098: Stacked high with stories yet to scan.
  099: Stacked high with tales and words of grandeur.
  100: Stacked high with stories, time in motion.
  101: Stacked high with tales to touch the sky.
  102: Stacked high with stories, full of tan.
  103: Stacked high with stories to embark.
  104: Stacked high with stories waiting to dance.
  105: Stacked high with tales to touch the sky.
  106: Stacked high with stories yet unspanned.
  107: Stacked high with stories to sustain.
  108: Stacked high with stories to sustain.
  109: Stacked high with tales to take us places.
  110: Stacked high with stories to be scanned.
  111: Stacked high with stories yet to scan.
  112: Stacked high with tales to always scan.
  113: Stacked high with stories yet unplaned.
  114: Stacked high with stories, soul in hand.
  115: Stacked high with stories yet to scan.
  116: Stacked high with stories, never shaken.
  117: Stacked high with stories waiting to be scanned.
  118: Stacked high with stories to be found.
  119: Stacked high with stories to stand.
  120: Stacked high with tales to take the banter.
  121: Stacked high with stories to sustain.
  122: Stacked high with stories yet unplaned.
  123: Stacked high with stories to fashion.
  124: Stacked high with stories yet to dawn.
  125: Stacked high with stories to expand.
  126: Stacked high with stories, heart and soul.
  127: Stacked high with stories yet to ban.
  128: Stacked high with tales to be discovered.
  129: Stacked high with stories yet untold.
  130: Stacked high with stories, bound in tan.
  131: Stacked high with stories to attain.
  132: Stacked high with stories yet to scan.
  133: Stacked high with stories yet to gain.
  134: Stacked high with stories to attain.
  135: Stacked high with tales to bring them on.
  136: Stacked high with stories yet to tan.
  137: Stacked high with stories, filled with wonder.
  138: Stacked high with tales to touch the sky.
  139: Stacked high with tales to call one's.
  140: Stacked high with tales to inspire.
  141: Stacked high with stories yet to scan.
  142: Stacked high with stories yet to gain.
  143: Stacked high with stories to attain.
  144: Stacked high with tales that call us in.
  145: Stacked high with tales to fill the day.
  146: Stacked high with stories yet toavan.
  147: Stacked high with stories yet to tan.
  148: Stacked high with stories to contain.
  149: Stacked high with tales to never end.
  150: Stacked high with stories to sustain.
  151: Stacked high with stories yet to scan.
  152: Stacked high with stories, filled with pan.
  153: Stacked high with stories yet to scan.
  154: Stacked high with tales to touch the sky.
  155: Stacked high with tales to wander through.
  156: Stacked high with tales and stories grand.
  157: Stacked high with tales to beavan.
  158: Stacked high with tales to hold and span.
  159: Stacked high with stories yet unspanned.
  160: Stacked high with stories yet untold.
  161: Stacked high with tales that speak to the soul.
  162: Stacked high with stories, never done.
  163: Stacked high with stories to sustain.
  164: Stacked high with stories yet to scan.
  165: Stacked high with stories, bound in tan.
  166: Stacked high with stories, soul in hand.
  167: Stacked high with stories yet to scan.
  168: Stacked high with stories to stand.
  169: Stacked high with stories yet to span.
  170: Stacked high with stories yet to plan.
  171: Stacked high with stories yet toavan.
  172: Stacked high with stories, full of gain.
  173: Stacked high with stories yet unspanned.
  174: Stacked high with stories yet to scan.
  175: Stacked high with stories yet to dance.
  176: Stacked high with stories waiting to be gained.
  177: Stacked high with stories yet to scan.
  178: Stacked high with stories, never van.
  179: Stacked high with tales to soothe the soul.
  180: Stacked high with stories yet to scan.
  181: Stacked high with stories, bound in tan.
  182: Stacked high with stories, soul in hand.
  183: Stacked high with stories yet to scan.
  184: Stacked high with stories yet untold.
  185: Stacked high with stories, heart and soul.
  186: Stacked high with tales to fill the day.
  187: Stacked high with stories yet unspanned.
  188: Stacked high with tales to fill the span.
  189: Stacked high with stories, never done.
  190: Stacked high with tales to satisfy.
  191: Stacked high with stories to attain.
  192: Stacked high with stories waiting to be found.
  193: Stacked high with stories yet to scan.
  194: Stacked high with tales to wander through.
  195: Stacked high with stories to contain.
  196: Stacked high with stories waiting to be spanned.
  197: Stacked high with stories to demand.
  198: Stacked high with stories to sustain.
  199: Stacked high with tales that call us in.
  200: Stacked high with stories to attain.

FIRST LINE: Boxes of books, a reader's craze,
  001: Stacked high with stories to tease.
  002: Stacked high with stories to chase.
  003: Stacked high with stories to debate.
  004: Stacked high with stories yet to be.
  005: Stacked high with stories to convey.
  006: Stacked high with stories yet to say.
  007: Stacked high with stories to weave.
  008: Stacked high with stories to engage.
  009: Stacked high with stories to be.
  010: Stacked high with stories yet to be.
  011: Stacked high with tales to give a gaze.
  012: Stacked high with stories yet to be.
  013: Stacked high with stories to debate.
  014: Stacked high with stories yet to be.
  015: Stacked high with tales to read and weave.
  016: Stacked high with stories yet to tease.
  017: Stacked high with dreams, they call to me.
  018: Stacked high with stories, never tame.
  019: Stacked high with stories yet to be.
  020: Stacked high with stories to save.
  021: A library's soul, a treasure maze.
  022: Stacked high with stories, soul and maze.
  023: Stacked high with stories toxAE.
  024: Stacked high with stories to be.
  025: Stacked high with stories to be.
  026: Stacked high with dreams, they hold the way.
  027: Stacked high with stories to be.
  028: Stacked high with stories to be.
  029: Stacked high with stories to blaze.
  030: Stacked high with stories to save.
  031: Stacked high with stories to engage.
  032: Stacked high with stories to be.
  033: Stacked high with stories to debate.
  034: Stacked high with stories yet to freeze.
  035: Stacked high with dreams and stories to trace.
  036: Stacked high with stories yet to breeze.
  037: Stacked high with stories to save.
  038: Stacked high with stories yet to save.
  039: Stacked high with stories yet to share.
  040: A world of words in every page.
  041: A world of stories in each maze.
  042: Stacked high with stories, full of grace.
  043: Stacked high with stories yet to freeze.
  044: Stacked high with tales to chase.
  045: Stacked high with stories to convey.
  046: Stacked high with stories to be.
  047: Stacked high with stories to tease.
  048: Stacked high with dreams, a lifelong page.
  049: Stacked high with stories yet to be.
  050: Stacked high with stories yet to be.
  051: Stacked high with stories to be.
  052: Stacked high with stories to blaze.
  053: Stacked high with stories to be.
  054: Stacked high with stories yet to be.
  055: Stacked high with stories to believe.
  056: Stacked high with stories to debate.
  057: Stacked high with tales to inspire.
  058: A life in pages, deep and wide.
  059: Stacked high with stories to convey.
  060: Stacked high with stories to be.
  061: Stacked high with tales to never cease.
  062: Stacked high with stories to be.
  063: Stacked high with stories to save.
  064: Stacked high with tales to please.
  065: Stacked high with tales to never cease.
  066: Stacked high with tales to be read.
  067: Stacked high with dreams, they never cease.
  068: Stacked high with dreams, they call it "glaze."
  069: Stacked high with stories, full of praise.
  070: Stacked high with stories to debate.
  071: Stacked high with stories to blaze.
  072: Stacked high with stories to save.
  073: Stacked high with stories to embrace.
  074: Stacked high with dreams and tales to tease.
  075: Stacked high with tales to satisfy.
  076: Stacked high with stories to tease.
  077: Stacked high with stories to debate.
  078: Stacked high with tales to seize.
  079: Stacked high with stories to tease.
  080: Stacked high with stories yet to be.
  081: Stacked high with stories yet to tease.
  082: Stacked high with stories to debate.
  083: Stacked high with stories to embrace.
  084: Stacked high with stories to be read.
  085: Stacked high with stories yet to tease.
  086: Stacked high with stories to believe.
  087: Stacked high with stories to save.
  088: Stacked high with stories to weave.
  089: Stacked high with stories yet to be.
  090: Stacked high with stories to be.
  091: Stacked high with tales to read and chase.
  092: Stacked high with stories to convey.
  093: Stacked high with stories to convey.
  094: Stacked high with stories to blaze.
  095: Stacked high with stories to tease.
  096: Stacked high with stories yet to be.
  097: Stacked high with stories to tease.
  098: Stacked high with stories to debate.
  099: Stacked high with stories to tease.
  100: Stacked high with tales to make you swear.
  101: Stacked high with stories to debate.
  102: Stacked high with stories to be.
  103: Stacked high with stories to engage.
  104: Stacked high with stories to be.
  105: Stacked high with stories to debate.
  106: Stacked high with tales to read andxAE.
  107: Stacked high with dreams and tales to chase.
  108: Stacked high with stories yet to be.
  109: Stacked high with stories to taste.
  110: Stacked high with dreams that never fade.
  111: Stacked high with stories to engage.
  112: Stacked high with stories yet to be.
  113: Stacked high with stories to be.
  114: Stacked high with stories to be.
  115: Stacked high with stories to debate.
  116: Stacked high with stories to be read.
  117: Stacked high with stories yet to be.
  118: Stacked high with tales to make you swear.
  119: Stacked high with stories to save.
  120: Stacked high with stories to convey.
  121: Stacked high with stories to embrace.
  122: Stacked high with tales to never cease.
  123: Stacked high with stories to share.
  124: Stacked high with stories, love they be.
  125: Stacked high with stories yet to say.
  126: Stacked high with stories to be.
  127: Stacked high with tales to be revealed.
  128: Stacked high with stories to embrace.
  129: Stacked high with tales to always share.
  130: Stacked high with stories to be read.
  131: Stacked high with stories yet to be.
  132: Stacked high with stories to debate.
  133: Stacked high with dreams, they call to me.
  134: Stacked high with stories yet to blaze.
  135: Stacked high with tales to chase.
  136: Stacked high with stories to taste.
  137: Stacked high with stories to embrace.
  138: Stacked high with stories to be.
  139: Stacked high with tales to seize.
  140: Stacked high with tales to give a gaze.
  141: Stacked high with stories to be.
  142: Stacked high with stories yet to grace.
  143: Stacked high with tales to be read.
  144: Stacked high with stories to debate.
  145: Stacked high with stories yet to be.
  146: Stacked high with stories toxAE.
  147: Stacked high with tales to give your soul a haze.
  148: Stacked high with stories to save.
  149: Stacked high with stories to blaze.
  150: Stacked high with stories to preserve.
  151: Stacked high with stories to debate.
  152: Stacked high with stories to debate.
  153: Stacked high with stories, love they be.
  154: Stacked high with stories to chase.
  155: Stacked high with stories to chase.
  156: Stacked high with stories yet to be.
  157: A world of words in paper's maze.
  158: Stacked high with stories yet to tease.
  159: Stacked high with stories yet to freeze.
  160: Stacked high with stories to debate.
  161: Stacked high with stories to save.
  162: Stacked high with stories to embrace.
  163: Stacked high with tales to chase.
  164: Stacked high with stories to preserve.
  165: Stacked high with stories to be.
  166: Stacked high with tales to never cease.
  167: Stacked high with dreams and stories to erase.
  168: Stacked high with tales to always stay.
  169: Stacked high with stories to be.
  170: Stacked high with stories, dreams in pace.
  171: Stacked high with dreams, they never fade.
  172: Stacked high with tales to chase.
  173: Stacked high with stories to be.
  174: Stacked high with stories to tease.
  175: Stacked high with stories to be.
  176: Stacked high with tales to everize.
  177: Stacked high with stories to believe.
  178: Stacked high with stories to be read.
  179: Stacked high with stories to debate.
  180: Stacked high with dreams and stories great.
  181: Stacked high with stories yet to be.
  182: Stacked high with stories to debate.
  183: Stacked high with tales to fill the space.
  184: Stacked high with stories yet to be.
  185: Stacked high with stories to embrace.
  186: Stacked high with tales to read and gaze.
  187: Stacked high with stories toxAE.
  188: Stacked high with stories to tease.
  189: Stacked high with stories to tease.
  190: Stacked high with stories to debate.
  191: Stacked high with stories yet to be.
  192: Stacked high with stories to embrace.
  193: Stacked high with stories to embrace.
  194: Stacked high with tales to ever chase.
  195: Stacked high with stories to engage.
  196: Stacked high with stories to preserve.
  197: Stacked high with tales to chase.
  198: Stacked high with stories to debate.
  199: Stacked high with stories to save.
  200: Stacked high with stories to be.

FIRST LINE: Boxes of books, a reader's fun,
  001: Stacked high with tales to be run.
  002: Stacked high with stories to be found.
  003: Stacked high with stories to be run.
  004: Stacked high with stories to be done.
  005: Stacked high with stories to be run.
  006: Stacked high with stories to be run.
  007: Stacked high with stories to be found.
  008: Stacked high with stories to be run.
  009: Stacked high with stories to be run.
  010: Stacked high with stories to be undone.
  011: Stacked high with tales that call us on.
  012: Stacked high with stories to be done.
  013: Stacked high with tales that won't end.
  014: Stacked high with stories to be found.
  015: Stacked high with stories to be run.
  016: Stacked high with stories to be run.
  017: Stacked high with tales that call us sun.
  018: Stacked high with tales, a mind's true sun.
  019: Stacked high with stories to be undone.
  020: Stacked high with stories to be done.
  021: A world of stories, all begun.
  022: Stacked high with stories to be done.
  023: Stacked high with stories, soul within.
  024: Stacked high with stories to be run.
  025: Stacked high with stories to be run.
  026: Stacked high with stories to run.
  027: Stacked high with stories to be run.
  028: Stacked high with stories to be run.
  029: Stacked high with stories to be run.
  030: Stacked high and full of wonder's run.
  031: Stacked high with stories to be done.
  032: Stacked high with stories to be run.
  033: Stacked high with stories to be found.
  034: Stacked high with stories to be done.
  035: Stacked high and full of wonder too.
  036: Stacked high and full of stories spun.
  037: Stacked high with stories to be run.
  038: Stacked high with stories, soul's own.
  039: Stacked high with stories to be done.
  040: Stacked high and filled with sun.
  041: Stacked high with stories to be found.
  042: Stacked high with stories, true and fun.
  043: Stacked high and filled with sun.
  044: Stacked high and full of stories spun.
  045: Stacked high with stories to be undone.
  046: Stacked high with stories to be done.
  047: Stacked high and filled with sun.
  048: Stacked high and full of stories to run.
  049: Stacked high and full of fun!
  050: Stacked high with stories to be run.
  051: Stacked high and full of stories spun.
  052: Stacked high with stories to be found.
  053: Stacked high with stories to be run.
  054: Stacked high with stories to run.
  055: Stacked high with stories, minds are spun.
  056: Stacked high and full of fun.
  057: Stacked high with stories to be run.
  058: Stacked high with stories to be won.
  059: Stacked high with stories, heart and sun.
  060: Stacked high with stories, heart in hand.
  061: Stacked high with stories to be run.
  062: Stacked high with stories to be found.
  063: Stacked high and full of wonder's sun.
  064: Stacked high with stories, heart and pun.
  065: Stacked high with stories to be done.
  066: Stacked high with stories, soul within.
  067: Stacked high with stories to be run.
  068: Stacked high with stories to be undone.
  069: Stacked high and filled with wonder's bun.
  070: Stacked high and ready for the sun.
  071: Stacked high with stories to be run.
  072: Stacked high with stories, mind is spun.
  073: Stacked high with stories, full of pun.
  074: Stacked high with stories to be done.
  075: Stacked high and full of stories spun.
  076: Stacked high with stories, all is one.
  077: Stacked high with stories to be done.
  078: Stacked high with stories, heart and sun.
  079: Stacked high with stories to be run.
  080: Stacked high with stories to be done.
  081: Stacked high and full of wonder's sun.
  082: Stacked high with stories, heart and sun.
  083: Stacked high with stories, all to be undone.
  084: Stacked high with stories to be run.
  085: Stacked high with stories to be run.
  086: Stacked high with stories to be run.
  087: Stacked high and filled with sun.
  088: Stacked high with stories, true and un.
  089: A world of stories, heart and sun.
  090: Stacked high with stories, soul is spun.
  091: Stacked high with stories to be run.
  092: Stacked high with stories to be spun.
  093: Stacked high with stories to be run.
  094: Stacked high with stories to be done.
  095: Stacked high with stories to be run.
  096: Stacked high with stories to be run.
  097: Stacked high and full of fun.
  098: Stacked high with stories to be run.
  099: Stacked high and full of wonder's sun.
  100: Stacked high with stories to be run.
  101: Stacked high and full of wonder too.
  102: A treasure trove for the mind to run.
  103: Stacked high with stories to be run.
  104: Stacked high with stories to be run.
  105: Stacked high with stories to be run.
  106: Stacked high with stories, heart and sun.
  107: Stacked high and full of wonder's spin.
  108: Stacked high with stories to be run.
  109: Stacked high and full of stories spun.
  110: Stacked high with stories to be done.
  111: Stacked high with stories to be run.
  112: Stacked high with stories to be run.
  113: Stacked high and full of wonder's sun.
  114: Stacked high with stories to be spun.
  115: Stacked high with stories to be run.
  116: Stacked high with stories to be done.
  117: Stacked high and full of wonder too.
  118: Stacked high with stories, soul within.
  119: Stacked high with stories to be run.
  120: Stacked high with stories, full of sun.
  121: A world of stories, all within.
  122: Stacked high and ready for the sun.
  123: Stacked high with stories to be run.
  124: Stacked high with stories, soul within.
  125: Stacked high with stories, all one.
  126: Stacked high with stories, true and spun.
  127: A world of stories, heart and sun.
  128: Stacked high and full of wonder too.
  129: Stacked high with stories to be found.
  130: Stacked high and full of wonder's sun.
  131: Stacked high and full of wonder's sun.
  132: Stacked high with stories to be run.
  133: Stacked high with tales to be undone.
  134: Stacked high with stories to be run.
  135: Stacked high with stories, full of fun.
  136: Stacked high and full of wonder's sun.
  137: Stacked high with stories to be run.
  138: Stacked high with stories to be done.
  139: Stacked high and full of wonder's mun.
  140: Stacked high and filled with sun.
  141: Stacked high with stories to be won.
  142: Stacked high with stories to be run.
  143: A world of tales, a mind's own sun.
  144: A world of stories, all within.
  145: Stacked high with tales to be run.
  146: A world of stories, all within.
  147: Stacked high with stories, soul within.
  148: Stacked high and full of golden sun.
  149: Stacked high with stories, hearts are spun.
  150: Stacked high with stories to be run.
  151: Stacked high and full of stories spun.
  152: Stacked high with stories to be run.
  153: Stacked high with tales to turn.
  154: Stacked high and full of wonder's sun.
  155: Stacked high with stories, soul within.
  156: Stacked high with tales to be run.
  157: Stacked high with stories, soul in one.
  158: Stacked high and full of wonder's sun.
  159: Stacked high with stories to be run.
  160: Stacked high with stories to be done.
  161: A world of stories, all within.
  162: Stacked high with stories to run.
  163: Stacked high with stories to be found.
  164: Stacked high with stories, one by one.
  165: Stacked high with stories to be run.
  166: Stacked high with stories, all within.
  167: Stacked high with stories, heart and sun.
  168: Stacked high with stories to be done.
  169: Stacked high and full of learning's sun.
  170: A world of stories, all begun.
  171: Stacked high with stories to be done.
  172: Stacked high with stories to be done.
  173: Stacked high with stories to be run.
  174: Stacked high with stories to be run.
  175: Stacked high with tales to be run.
  176: Stacked high with stories to be run.
  177: Stacked high and full of words to run.
  178: Stacked high with stories to be run.
  179: Stacked high with stories to run.
  180: Stacked high and ready for the sun.
  181: Stacked high with stories to be run.
  182: Stacked high with stories to run.
  183: Stacked high with stories, soul within.
  184: Stacked high with stories to be done.
  185: Stacked high with stories to be run.
  186: A treasure trove, a soul's pure sun.
  187: Stacked high with stories, heart in hand.
  188: Stacked high and full of stories true.
  189: Stacked high with stories, soul and sun.
  190: Stacked high with stories to be run.
  191: Stacked high with stories to be done.
  192: Stacked high with stories to be run.
  193: Stacked high with stories, all begun.
  194: Stacked high and full of wonders to be found.
  195: Stacked high with stories to be done.
  196: Stacked high and full of stories spun.
  197: Stacked high with stories, all undone.
  198: Stacked high with stories, heart is spun.
  199: Stacked high and full of wonder too.
  200: Stacked high with stories to be done.

FIRST LINE: Boxes of books, a reader's pastime,
  001: Stacked high with stories, dreams, and time.
  002: Stacked high with tales that time can't hide.
  003: Stacked high with stories yet to be known.
  004: Stacked high with stories yet to be.
  005: Stacked high in silence, time's gentle rhyme.
  006: Stacked high with stories waiting to be read.
  007: Stacked high in quiet, sunlit crime.
  008: Stacked high with tales of yesteryear.
  009: Stacked high with stories yet to climb.
  010: Stacked high with stories to admire.
  011: Stacked high with stories yet to climb.
  012: A rhyming couplet for "Boxes of books, a reader's pastime," could be:
  013: Stacked high with stories waiting to be claimed.
  014: Stacked high with stories to admire.
  015: Stacked high with stories yet to climb.
  016: Stacked high in silence, filled with time.
  017: Stacked high with stories yet to be tried.
  018: Stacked high with stories full of rhyme.
  019: Stacked high in silence, time's quiet chime.
  020: Stacked high with stories yet to climb.
  021: Stacked high with stories waiting to fly.
  022: Stacked high with stories full of time.
  023: Stacked high with stories waiting to climb.
  024: Stacked high with stories yet to climb.
  025: A rhyming couplet for "Boxes of books, a reader's pastime," could be:
  026: Stacked high in quiet, thoughtful time.
  027: Stacked high with stories, timeless, sublime.
  028: Stacked high with stories yet to climb.
  029: Stacked high in quiet, thoughtful rhyme.
  030: Stacked high with stories yet to climb.
  031: Stacked high with stories, time to climb.
  032: Stacked high with stories waiting to climb.
  033: Stacked high in corners, filled with time.
  034: Stacked high with stories yet to rhyme.
  035: Stacked high with stories yet to climb.
  036: Stacked high with stories to sublime.
  037: Stacked high with stories to climb.
  038: Stacked high with stories waiting to thrive.
  039: A rhyming couplet for "Boxes of books, a reader's pastime," could be:
  040: Stacked high with stories to abide.
  041: Stacked high with stories waiting to climb.
  042: Stacked high with stories, timeless and sublime.
  043: Stacked high with tales that time can't tame.
  044: Stacked high with stories, time and tide.
  045: Stacked high with stories to entwine.
  046: Stacked high in silence, time and tide.
  047: Stacked high with stories yet to climb.
  048: Stacked high with stories to sublime.
  049: Stacked high with stories waiting to be ryme.
  050: Stacked high in silent, steady climb.
  051: Stacked high with stories yet to be tried.
  052: Stacked high with stories yet to climb.
  053: Stacked high with stories, quiet and sublime.
  054: Stacked high with stories to climb.
  055: Stacked high with stories, filled with time.
  056: Stacked high with tales and knowledge'sstime.
  057: Stacked high with stories waiting to be claimed.
  058: Stacked high with stories yet to climb.
  059: Stacked high with stories, time and tide.
  060: Stacked high with stories waiting to climb.
  061: Stacked high with stories waiting to be sublime.
  062: Stacked high with stories full of rhyme.
  063: Stacked high with stories full of rhyme.
  064: Stacked high with stories yet to be claimed.
  065: Stacked high with stories, timeless and sublime.
  066: Stacked high with stories full of time.
  067: Stacked high with stories yet to climb.
  068: Stacked high with tales to inspire.
  069: Stacked high with stories, time and tide.
  070: Stacked high with stories yet to climb.
  071: Stacked high in quiet, thoughtful time.
  072: Stacked high with stories, time to climb.
  073: Stacked high with stories, time to climb.
  074: Stacked high with stories waiting to fly.
  075: Stacked high with stories yet to climb.
  076: Stacked high in quiet, thoughtful time.
  077: Stacked high with stories full of rhyme.
  078: Stacked high with stories waiting to climb.
  079: Stacked high with tales that time can't erase.
  080: Stacked high with stories yet to climb.
  081: Stacked high with stories yet to sublime.
  082: Stacked high with stories, time and tide.
  083: Stacked high with stories, full of rhyme.
  084: Stacked high with stories to admire.
  085: Stacked high with stories waiting to climb.
  086: A rhyming couplet for "Boxes of books, a reader's pastime," could be:
  087: Stacked high with tales and memories.
  088: Stacked high with stories yet to sublime.
  089: A rhyming couplet for "Boxes of books, a reader's pastime," could be:
  090: Stacked high with stories yet to be read.
  091: Stacked high in quiet, thoughtful time.
  092: Stacked high with stories, time to climb.
  093: Stacked high in quiet, cozy time.
  094: Stacked high with stories yet to climb.
  095: Stacked high with stories yet to climb.
  096: Stacked high with stories waiting to climb.
  097: Stacked high with stories, waiting to fly.
  098: Stacked high with stories yet to be claimed.
  099: Stacked high with stories yet to climb.
  100: Stacked high with tales that time can't demise.
  101: Stacked high with stories yet to climb.
  102: Stacked high with stories yet to be tried.
  103: Stacked high with tales and wisdom's light.
  104: Stacked high with stories yet to climb.
  105: Stacked high with tales to tide the time.
  106: Stacked high with stories, time and tide.
  107: Stacked high with stories full of sublime.
  108: Stacked high in quiet, cozyタイム.
  109: Stacked high with stories yet to climb.
  110: Stacked high with stories yet to be time.
  111: Stacked high with tales to inspire.
  112: Stacked high with stories yet to climb.
  113: Stacked high with stories yet to climb.
  114: Stacked high with stories yet to climb.
  115: Stacked high with tales of old and new.
  116: Stacked high with stories, filled with time.
  117: Stacked high with tales that time can't erase.
  118: A rhyming couplet for "Boxes of books, a reader's pastime," could be:
  119: Stacked high with stories full of rhyme.
  120: Stacked high with stories waiting to be claimed.
  121: Stacked high with tales that time can't erase.
  122: Stacked high with stories yet to shine.
  123: A rhyming couplet for "Boxes of books, a reader's pastime," could be:
  124: Stacked high with stories yet to climb.
  125: Stacked high with tales and time.
  126: Stacked high in silence, a soul's delight.
  127: Stacked high with stories yet to climb.
  128: Stacked high with stories, old and new.
  129: Stacked high with stories yet to chime.
  130: Stacked high in silence, a quiet shrine.
  131: Stacked high with tales, a timeless crime.
  132: Stacked high in quiet, thoughtful time.
  133: Stacked high with stories waiting to fly.
  134: Stacked high with stories, time and tide.
  135: Stacked high with stories, time and tide.
  136: Stacked high with stories waiting to climb.
  137: Stacked high with stories, tales, and time.
  138: Stacked high in corners, a quiet rhyme.
  139: Stacked high with stories waiting to be mine.
  140: Stacked high in quiet, book-filled crime.
  141: Stacked high with tales, a timeless crime.
  142: Stacked high in silence, time's quiet crime.
  143: Stacked high with stories yet to climb.
  144: Stacked high with tales that call to sublime.
  145: Stacked high with stories, wisdom, and rhyme.
  146: Stacked high in quiet, thoughtfulstime.
  147: Stacked high with tales that call to time.
  148: A rhyming couplet for "Boxes of books, a reader's pastime," could be:
  149: Stacked high with stories, filled with time.
  150: Stacked high with stories yet to climb.
  151: Stacked high with stories yet to be read.
  152: Stacked high in quiet, thoughtfulime.
  153: Stacked high with stories waiting to shine.
  154: Stacked high with stories, time and tide.
  155: Stacked high with stories yet to rhyme.
  156: Stacked high with stories to sublime.
  157: Stacked high with stories waiting to fly.
  158: Stacked high with stories yet to climb.
  159: A rhyming couplet for "Boxes of books, a reader's pastime," could be:
  160: Stacked high with stories waiting to climb.
  161: Stacked high with stories full of rhyme.
  162: Stacked high with stories, timeless and sublime.
  163: Stacked high with stories to climb.
  164: Stacked high with stories waiting to shine.
  165: Stacked high with stories yet to rhyme.
  166: Stacked high with stories waiting to climb.
  167: Stacked high with stories yet to be mine.
  168: Stacked high with stories to thrive.
  169: Stacked high in quiet, thoughtful time.
  170: Stacked high with stories yet to climb.
  171: Stacked high with stories yet to climb.
  172: Stacked high with stories, time to climb.
  173: Stacked high with stories, time and tide.
  174: Stacked high with stories yet to shine.
  175: Stacked high with stories, time to climb.
  176: Stacked high with stories, time in flight.
  177: Stacked high with tales to inspire.
  178: Stacked high in a quiet shrine.
  179: Stacked high with stories full of time.
  180: Stacked high with stories, time in the lime.
  181: Stacked high with stories waiting to shine.
  182: Stacked high in silence, filled with time.
  183: Stacked high with stories yet to climb.
  184: Stacked high in a quiet room, a timeless shrine.
  185: Stacked high with stories, time and time.
  186: Stacked high with stories full of rhyme.
  187: A rhyming couplet for "Boxes of books, a reader's pastime," could be:
  188: Stacked high with tales that time can't demise.
  189: Stacked high with stories to entice.
  190: Stacked high in silent, cozy time.
  191: Stacked high with stories to climb.
  192: Stacked high in corners, a quiet rhyme.
  193: Stacked high with stories, timeless and sublime.
  194: Stacked high with stories, time and tide.
  195: Stacked high with stories yet to climb.
  196: Stacked high with stories full of rime.
  197: Stacked high with stories waiting to shine.
  198: Stacked high with stories yet to rhyme.
  199: Stacked high with tales to inspire.
  200: Stacked high with stories yet to climb.

FIRST LINE: Boxes of books, a reader's diversion,
  001: Stacks of stories, a mind's gentle sin.
  002: Stacks of stories, a mind's gentle minion.
  003: Stacks of stories, a mind's refreshing sin.
  004: Stacks of stories, a mind's soft treason.
  005: Shelves of tales, a soul's quiet mission.
  006: A rhyming couplet for your line could be:
  007: Shelves that hold the world in quiet sin.
  008: Stacked high in silence, a world in sin.
  009: Stacks of stories, a mind's gentle sin.
  010: Stacked high in shelves, a world within.
  011: Shelves of wisdom, a mind's eternal friend.
  012: Stacked high in corners, a quiet haven.
  013: A rhyming couplet for "Boxes of books, a reader's diversion," could be:
  014: Stacked high in rows, a world within.
  015: Shelves of tales, a mind's endless haven.
  016: Stacked high in quiet, thoughtful sin.
  017: Stacked high in shelves, a treasure within.
  018: Shelves of stories, a soul's quiet shrine.
  019: Stacked high in shelves, a scholar's shrine.
  020: Stacked high in silence, a world within.
  021: A rhyming couplet for your line could be:
  022: Stacks of stories, a soul's sweet vision.
  023: Stacks of stories, a mind's quiet haven.
  024: Stacked high in halls where stories spin.
  025: Stacked high in shelves, a quiet grin.
  026: Shelves of dreams, a mind's quiet haven.
  027: Stacks of stories, a mind's gentle spin.
  028: Stacked high in silence, a world within.
  029: Stacked high in rows, a library's vision.
  030: Stacks of tales, a mind's quiet haven.
  031: Stacked high in silence, waiting to begin.
  032: Stacks of stories, a soul's soft mission.
  033: Shelves that whisper, stories within.
  034: Stacked high in shelves, a world within.
  035: Shelves of stories, a soul's quiet haven.
  036: Stacked high and steady, a literary shrine.
  037: Shelves of dreams, where thoughts begin to gleam.
  038: Stacks of stories, treasures in spin.
  039: A rhyming couplet for your lines could be:
  040: Stacks of stories, a soul's sweet symphony.
  041: Stacks of stories, a mind's quiet haven.
  042: Stacked high in rows, a quiet sign.
  043: Stacked high in shelves, a quiet haven.
  044: A rhyming couplet for "Boxes of books, a reader's diversion," could be:
  045: Shelves that whisper secrets, steeped in sin.
  046: Stacked high in shadow, quiet and thin.
  047: Shelves of stories, where the mind is driven.
  048: Stacked high in shadow, dreams in motion.
  049: Stacked high and steady, a quiet grin.
  050: Stacked high in silence, a mind in motion.
  051: Shelves of stories, a mind's serene mission.
  052: Shelves that whisper, tales that entwine.
  053: Stacked high and waiting, a quiet haven.
  054: Stacked high in corners, tales in motion.
  055: Stacked high in shelves, a mind in motion.
  056: Stacked high in silence, a world within.
  057: Stacked high in halls where knowledge binds.
  058: Stacked high in corners, a quiet grin.
  059: Stacks of stories, a mind's gentle motion.
  060: Stacked high in quiet, dusty spin.
  061: A rhyming couplet for "Boxes of books, a reader's diversion," could be:
  062: Stacked high in shelves, a quiet sin.
  063: Stacked high in shelves, a world within.
  064: Stacked high in silence, time begins to linger.
  065: Stacked high in rows, a world within.
  066: Stacks of stories, a mind's serene island.
  067: Stacked high in corners, soft with silver.
  068: Stacked high with stories, dreams, and vision.
  069: Stacks of stories, a soul's quiet haven.
  070: Stacked high in shelves, a quiet haven.
  071: Stacks of stories, a soul's true kin.
  072: A rhyming couplet for "Boxes of books, a reader's diversion," could be:
  073: Shelves of stories, a soul's quiet kin.
  074: Shelves that whisper stories, still and serene.
  075: A rhyming couplet for "Boxes of books, a reader's diversion," could be:
  076: Stacked high with tales that call to the mind.
  077: Stacks of stories, a mind's gentle haven.
  078: Stacked high in rooms where stories swim.
  079: A rhyming couplet for "Boxes of books, a reader's diversion," could be:
  080: A rhyming couplet for your lines could be:
  081: Stacks of stories, a mind's gentle minister.
  082: Stacked high in silence, a world in motion.
  083: Stacked high in halls where wisdom is sown.
  084: Stacks of stories, a mind's quiet haven.
  085: Stacks of stories, a mind's serene.
  086: Stacked high in silence, stories within.
  087: Stacked high in corners, waiting to begin.
  088: Stacks of pages, dreams in every line.
  089: Stacked high in rows, a quiet haven.
  090: Stacked high in silence, filled with vision.
  091: Stacked high in rows, a mind's true friend.
  092: Shelves of stories, a mind's quiet shrine.
  093: Shadows of stories, a dream's soft vision.
  094: A rhyming couplet for your line could be:
  095: Shelves of stories, where imagination spins.
  096: Shadows of stories, a mind's elevation.
  097: A rhyming couplet for your line could be:
  098: Shelves of stories, a mind's pleasant win.
  099: Stacked high in silence, time in motion.
  100: A rhyming couplet for your line could be:
  101: Stacked high in halls, a world within.
  102: Stacks of stories, a world in motion.
  103: Stacked high and neat, a treasure within.
  104: A rhyming couplet for your line could be:
  105: Stacked high in rows, a world in motion.
  106: A rhyming couplet for "Boxes of books, a reader's diversion," could be:
  107: Stacks of tales, a mind's eternal motion.
  108: Stacks of stories, where imagination wins.
  109: Stacked high in silence, a quiet haven.
  110: Stacked high in silence, a world within.
  111: Stacked high with tales that call in sin.
  112: Stacked high in halls where wisdom shines.
  113: Stacked high in rows, a quiet haven.
  114: Stacked high in rows, a mind's serene.
  115: Stacked high in rows, a quiet haven.
  116: Stacked high in rows, a world within.
  117: Stacks of tales, a mind's tranquil haven.
  118: A rhyming couplet for "Boxes of books, a reader's diversion," could be:
  119: Stacks of stories, a mind's tranquil island.
  120: Stacks of stories, a mind's gentle shrine.
  121: Stacks of tales, a mind's eternal ministration.
  122: Stacked high in halls where wisdom is found.
  123: Stacks of stories, a mind's soft狂欢.
  124: Stacked high and waiting for the sign.
  125: Stacked high in silence, a mind in motion.
  126: Stacks of tales, a mind's eternal shrine.
  127: Stacks of stories, a soul's quiet haven.
  128: A rhyming couplet for your line could be:
  129: Stacks of stories, a mind's gentle motion.
  130: Stacked high in silence, a mind's reflection.
  131: Stacks of tales, a mind's serene repose.
  132: Stacks of tales, a mind's sweet invention.
  133: Shelves of stories, a mind's quiet haven.
  134: A rhyming couplet for your line could be:
  135: A rhyming couplet for your line could be:
  136: Stacked high in silence, timeless within.
  137: Stacked high in halls where knowledge spins.
  138: Stacked high in silence, a world in motion.
  139: Stacked high in shelves, a scholar's shrine.
  140: Stacks of stories, a mind's gentle kin.
  141: Stacked high in silence, a world within.
  142: Stacked high in shelves, a quiet haven.
  143: Stacked high in rows, a timeless sin.
  144: Stacked high with stories waiting to begin.
  145: Stacked high in silence, a world within.
  146: Stacked high with tales to lull the mind.
  147: Stacks of stories, a mind's gentle friend.
  148: Stacks of tales, a mind's gentle cradle.
  149: Stacked high in quiet, thoughtful kin.
  150: Stacked high in rooms where wisdom lingers.
  151: Stacks of stories, a mind's quiet haven.
  152: Stacked high in shelves, a quiet cinch.
  153: Stacked high in rooms where stories linger.
  154: Stacks of stories, a mind's gentle sin.
  155: Stacks of stories, dreams in every line.
  156: Stacks of tales, a mind's quiet haven.
  157: Stacks of stories, a mind's quiet haven.
  158: Stacked high in rooms where stories begin.
  159: Stacked high in shelves, a world within.
  160: Stacked high in halls where knowledge shines.
  161: Stacked high in rows, a world within.
  162: A rhyming couplet for your line could be:
  163: Stacks of tales, a mind's enduring shrine.
  164: Stacked high with stories yet to be seen.
  165: Stacks of stories, a mind's gentleinion.
  166: Stacks of stories, a mind's serene haven.
  167: Stacks of stories, a mind's serene reflection.
  168: Stacked high with tales to entertain.
  169: A rhyming couplet for your lines could be:
  170: Shelves that whisper, stories in motion.
  171: Stacks of pages, dreams in every line.
  172: Stacks of stories, a mind's quiet sin.
  173: Stacks of stories, a mind's serene haven.
  174: A rhyming couplet for your line could be:
  175: Stacks of pages, a mind's quiet grin.
  176: Stacked high in corners, quiet and spin.
  177: A rhyming couplet for your lines could be:
  178: Stacks of knowledge, a mind's quiet shrine.
  179: A rhyming couplet for "Boxes of books, a reader's diversion," could be:
  180: Stacked high in shadow, whispering in sin.
  181: Stacked high in rows, a world within.
  182: Stacks of stories, a mind's refreshing sign.
  183: Stacked high in rows, a scholar's mission.
  184: Stacked high in shelves, a world within.
  185: Stacks of stories, a mind's refreshing kin.
  186: Stacks of stories, a mind's gentle serenade.
  187: Stacked high and filled with whispered dreams.
  188: Stacks of pages, a mind's gentle motion.
  189: A rhyming couplet for your line could be:
  190: Stacks of pages, a mind's gentle mission.
  191: Stacks of stories, a mind's quiet haven.
  192: Stacks of stories, a mind's gentle sin.
  193: Stacks of stories, a soul's soft vision.
  194: Stacks of tales, a mind's gentle motion.
  195: A rhyming couplet for your line could be:
  196: Stacked high in rooms where stories linger.
  197: Stacks of stories, a mind's serene mission.
  198: Stacks of stories, a mind's soft vision.
  199: Shelves of stories, a soul's serene island.
  200: A rhyming couplet for "Boxes of books, a reader's diversion," could be:

FIRST LINE: Boxes of books, a reader's pleasure,
  001: Stacked high in silence, dreams ahead.
  002: Stacked high with stories to treasure.
  003: Stacked high with stories yet to heal.
  004: Stacked high in shelves, a quiet treasure.
  005: Stacked high in halls of knowledge.
  006: Stacked high with stories yet to share.
  007: Stacks of stories, dreams to treasure.
  008: Stacked high in shelves, a timeless treasure.
  009: Stacked high with stories, always near.
  010: Shelves of stories, filled with treasure.
  011: Stacks of stories, a mind's treasure.
  012: Stacked high with stories yet to heal.
  013: Stacked high with stories to treasure.
  014: Stacked high with stories to treasure.
  015: Stacked high with stories to treasure.
  016: Stacked high with stories yet to reveal.
  017: Stacked high in shelves, a quiet treasure.
  018: Stacked high with stories to treasure.
  019: Stacked high with stories, ever near.
  020: Stacked high in shelves, a mind's repose.
  021: Stacked high with stories yet to see.
  022: Stacked high with stories, all in a row.
  023: Stacks of stories, joy and treasure.
  024: Stacked high with tales to ever treasure.
  025: Stacked high in shelves, a mind's repose.
  026: Shelves of stories, hearts they treasure.
  027: Stacked high in shelves, a quiet treasure.
  028: Stacks of stories, joy to treasure.
  029: Stacks of stories, a mind's repose.
  030: Stacked high with stories to treasure.
  031: Stacked high with stories yet to share.
  032: Shelves lined up, a scholar's treasure.
  033: Stacked high with stories yet to reveal.
  034: Shelves filled with stories, always near.
  035: Stacked high with stories to explore.
  036: Stacked high with stories yet to be.
  037: Stacked high in corners, full of treasure.
  038: Stacked high in halls of endless tale.
  039: Stacks of stories, a soul's theater.
  040: Stacked high in silence, full of tales.
  041: Stacked high in quiet, literary air.
  042: Stacked high with stories to treasure.
  043: Stacked high in halls of silent learning.
  044: Stacks of stories, dreams at leisure.
  045: Stacked high in shelves, a scholar's cheer.
  046: Shelves of stories, dreams to treasure.
  047: Stacked high in silence, deep in treasure.
  048: Stacked high with stories to explore.
  049: Stacked high with stories to treasure.
  050: Stacked high with stories to treasure.
  051: Stacked high in rows, a quiet treasure.
  052: Stacked high in shelves, a mind's repose.
  053: Stacked high in shelves, a scholar's cheer.
  054: Stacks of stories, a mind's treasure.
  055: Stacks of stories, joy in every layer.
  056: Stacked high with stories to be.
  057: Stacked high with stories to treasure.
  058: Stacks of stories, dreams to treasure.
  059: Stacks of stories, joy that prevails.
  060: Stacked high with stories yet to tell.
  061: Stacked high in rooms of learning.
  062: Stacked high in rows, a mind's affair.
  063: Stacked high with stories to treasure.
  064: Shelves of stories, dreams to treasure.
  065: Stacks of stories, bound for treasure.
  066: Stacked high with stories to treasure.
  067: Stacked high with stories yet to appear.
  068: Stacked high in silence, full of treasure.
  069: Stacked high with stories to be.
  070: Stacked high in silence, filled with treasure.
  071: Stacks of stories, treasures near.
  072: Stacked high in shelves, a scholar's treasure.
  073: Stacked high in rooms of quiet cheer.
  074: Stacks of stories, dreams to treasure.
  075: Stacked high with stories to treasure.
  076: Stacked high in silence, a treasure.
  077: Stacked high with stories yet to be.
  078: Shelves of dreams, a scholar's treasure.
  079: Stacked high with stories to treasure.
  080: Stacks of stories, dreams are healed.
  081: Stacked high in rows, a mind's repose.
  082: Stacked high in quiet, dusty air.
  083: Stacked high in rows, a mind's treasure.
  084: Stacked high in shelves, a soul's repose.
  085: Stacked high in shelves, a librarian's cheer.
  086: Shelves lined up, a world of treasure.
  087: Stacked high in rows, a scholar's prayer.
  088: Shelves filled high with stories dear.
  089: Stacked high in rows, a scholar's cheer.
  090: Stacked high in halls of endless lore.
  091: Stacks of stories, heart and laughter.
  092: Stacked high in quiet, cozy shelter.
  093: Stacked high with stories yet to share.
  094: Stacked high in silence, timeless treasure.
  095: Stacked high with stories full of cheer.
  096: Stacked high with stories, filled with treasure.
  097: Stacked high with stories yet to be read.
  098: Shelves of wisdom, stories to treasure.
  099: Stacked high in silence, calm and clear.
  100: Stacked high with stories to treasure.
  101: Stacked high in shelves, a treasure.
  102: Stacked high in quiet, library air.
  103: Stacked high in quiet, thoughtful air.
  104: Stacked high in silence, filled with treasure.
  105: Stacked high in shelves, a scholar's treasure.
  106: Stacked high with stories yet to fear.
  107: Stacked high in corners, filled with tale.
  108: Stacked high with stories yet to treasure.
  109: Stacked high in shelves, a treasure.
  110: Stacked high in shelves, a quiet treasure.
  111: Stacked high in quiet, dusty air.
  112: Shelves of dreams, a lover's treasure.
  113: Stacked high with stories to treasure.
  114: Stacked high in rows, a quiet treasure.
  115: Stacked high in silence, filled with treasure.
  116: Stacks of stories, endless fare.
  117: Stacked high in halls of learning's grace.
  118: Stacked high with stories yet to treasure.
  119: Stacked high with stories yet to treasure.
  120: Stacked high in rooms where wisdom sprawls.
  121: Stacked high with stories to treasure.
  122: Stacked high in silence, filled with treasure.
  123: Stacked high with tales to ever tell.
  124: Stacked high in quiet, sunlit cells.
  125: Stacked high in rooms of learning.
  126: Shelves that hold the stories near.
  127: Shelves of stories, a soul's treasure.
  128: Shelves of stories, a soul's treasure.
  129: Stacked high with stories yet to be.
  130: Stacked high in corners, soft and clear.
  131: Stacked high in shelves, a soul's treasure.
  132: Stacks of stories, dreams they share.
  133: Stacked high with stories to explore.
  134: Shelves of stories, a mind's career.
  135: Stacked high with stories yet to be.
  136: Stacked high with tales to cheer and heal.
  137: Stacked high in corners, treasures near.
  138: Stacked high in halls of knowledge.
  139: Stacked high in halls of whispered tales.
  140: Shelves lined high with stories year.
  141: Stacked high with stories to explore.
  142: Shelves of dreams, a lifelong treasure.
  143: Shelves lined high with stories near.
  144: Stacked high in shelves, a library's treasure.
  145: Stacked high with stories yet to clear.
  146: Stacks of stories, dreams at leisure.
  147: Shelves of dreams, a soul's repose.
  148: Shelves that hold the tales to treasure.
  149: Stacked high with stories to treasure.
  150: Stacked high in rooms of learning.
  151: Stacks of stories, dreams to treasure.
  152: Stacked high with stories to be.
  153: Stacked high with stories yet to be.
  154: Stacked high in quiet, steady care.
  155: Stacked high with stories to treasure.
  156: Stacked high with tales to set them free.
  157: Stacked high with stories yet to treasure.
  158: Stacked high with stories to treasure.
  159: Stacked high with tales to fill each year.
  160: Stacked high with stories to treasure.
  161: Shelves that whisper, pages near.
  162: Stacked high in shelves, a quiet treasure.
  163: Shelves of wisdom, a mind's treasure.
  164: Stacked high in halls of knowledge.
  165: Shelves that whisper, tales to share.
  166: Stacked high with stories to treasure.
  167: Stacked high with stories to treasure.
  168: Stacked high with stories to treasure.
  169: Stacked high in shadow, filled with treasure.
  170: Stacked high with tales to treasure.
  171: Stacked high with stories yet to be read.
  172: Stacked high in shelves, a scholar's treasure.
  173: Stacks of tales, a mind's delirium.
  174: Stacked high with stories, rich and dear.
  175: Stacked high with stories to perceive.
  176: Stacked high in shelves, a scholar's cheer.
  177: Stacked high with stories yet to clear.
  178: Stacked high with stories to treasure.
  179: Stacked high in rooms where stories bear.
  180: Stacked high in rows, a scholar's treasure.
  181: Stacked high in a quiet, scholarly air.
  182: Stacked high with stories, heart and soul.
  183: Stacked high with stories to treasure.
  184: Shelves of stories, a mind's delivery.
  185: Stacked high with stories yet to be.
  186: Stacks of stories, dreams were set.
  187: Stacked high in quiet, shaded leisure.
  188: Stacked high with stories to preserve.
  189: Stacked high with stories yet to be read.
  190: Shelves that hold the stories we treasure.
  191: Stacked high in shelves, a quiet treasure.
  192: Stacks of stories, joy for the soul.
  193: Stacked high in shelves, a timeless treasure.
  194: Stacked high in shelves, a scholar's creed.
  195: Stacked high in rooms of learning's cheer.
  196: Stacks of stories, a heart's treasure.
  197: Stacked high in shelves, a scholar's treasure.
  198: Shelves lined high with stories to treasure.
  199: Stacked high in silent, sunlit treasure.
  200: Stacked high with stories to treasure.

FIRST LINE: Boxes of books, a reader's chore,
  001: Stacking shelves where knowledge grows.
  002: A rhyming couplet for "Boxes of books, a reader's chore," could be:
  003: Stacking pages in a quiet door.
  004: Stacking lines in a quiet store.
  005: Unpacked and read, a mind's reward.
  006: Stacking shelves in a quiet bore.
  007: Stacking pages, day and night.
  008: Stacking pages in a quiet lore.
  009: Stacking shelves, a quiet dare.
  010: Stacking lines, a mind's great core.
  011: A rhyming couplet for "Boxes of books, a reader's chore," could be:
  012: Unboxed and read, a mind's restore.
  013: A rhyming couplet for "Boxes of books, a reader's chore," could be:
  014: Stacking shelves, a task in store.
  015: Stacking rows in a quiet store.
  016: Stacking shelves, a mind's true roar.
  017: A rhyming couplet for "Boxes of books, a reader's chore," could be:
  018: Unpacked and sorted, a mind's explorer.
  019: Stacking pages, mind is clear.
  020: Stacking lines in a quiet store.
  021: A rhyming couplet for "Boxes of books, a reader's chore," could be:
  022: Stacking lines in a world of more.
  023: A rhyming couplet for "Boxes of books, a reader's chore," could be:
  024: A rhyming couplet for "Boxes of books, a reader's chore," could be:
  025: Stacking shelves where knowledge grows.
  026: Stacking shelves with steadylore.
  027: Stacking lines in a quiet floor.
  028: Stacking pages, a timeless lore.
  029: Stacking shelves, a task that's more.
  030: A rhyming couplet for "Boxes of books, a reader's chore," could be:
  031: Stacking pages, a quiet lore.
  032: Stacking shelves, a mind's pure goal.
  033: Stacking lines in a quiet lore.
  034: Stacking shelves, a labor of store.
  035: Unpacking wisdom, one shelf more.
  036: Stacking lines in a quiet store.
  037: Stacking shelves where stories roar.
  038: Stacking shelves where knowledge grows.
  039: A rhyming couplet for "Boxes of books, a reader's chore," could be:
  040: Stacking rows in quietlore.
  041: A rhyming couplet for "Boxes of books, a reader's chore," could be:
  042: Stacking tales in quietlore.
  043: Stacking shelves, a laborious bore.
  044: Stacking shelves where knowledge grows.
  045: Unpacking knowledge, soul explores.
  046: Stacked high in rows, a quiet store.
  047: Stacking rows in silent lore.
  048: A rhyming couplet for "Boxes of books, a reader's chore," could be:
  049: Stacked high and waiting for a roar.
  050: Unpacked and sorted, a mind's explore.
  051: A rhyming couplet for "Boxes of books, a reader's chore," could be:
  052: Stacking shelves where knowledge grows.
  053: A rhyming couplet for "Boxes of books, a reader's chore," could be:
  054: Stacking lines in a quiet floor.
  055: A rhyming couplet for "Boxes of books, a reader's chore," could be:
  056: A rhyming couplet for "Boxes of books, a reader's chore," could be:
  057: A rhyming couplet for "Boxes of books, a reader's chore," could be:
  058: Stacking lines, a mind's quiet scope.
  059: A rhyming couplet for "Boxes of books, a reader's chore," could be:
  060: Unspooling wisdom, one by one.
  061: A rhyming couplet for "Boxes of books, a reader's chore," could be:
  062: Stacking pages, a tale to store.
  063: A rhyming couplet for "Boxes of books, a reader's chore," could be:
  064: Stacking shelves, a quiet lore.
  065: Unpacked and sorted, a mind's more.
  066: Stacking stacks in a quiet floor.
  067: A rhyming couplet for "Boxes of books, a reader's chore," could be:
  068: A rhyming couplet for "Boxes of books, a reader's chore," could be:
  069: Stacking lines in a quietlore.
  070: A rhyming couplet for "Boxes of books, a reader's chore," could be:
  071: A rhyming couplet for "Boxes of books, a reader's chore," could be:
  072: Stacking lines, a mind's slowlore.
  073: Stacking tales in silent store.
  074: A rhyming couplet for "Boxes of books, a reader's chore," could be:
  075: Unpacked and sorted, all in store.
  076: A rhyming couplet for "Boxes of books, a reader's chore," could be:
  077: A rhyming couplet for "Boxes of books, a reader's chore," could be:
  078: Stacking rows, a mind's quiet lore.
  079: A rhyming couplet for "Boxes of books, a reader's chore," could be:
  080: A rhyming couplet for "Boxes of books, a reader's chore," could be:
  081: Stacking pages, mind in more.
  082: Stacking shelves, a task of lore.
  083: Unearthing tales in every store.
  084: Unwrapping dreams, a literary store.
  085: A rhyming couplet for "Boxes of books, a reader's chore," could be:
  086: Stacking rows in quietlore.
  087: A rhyming couplet for "Boxes of books, a reader's chore," could be:
  088: Stacking shelves, a quiet bore.
  089: Stacking shelves where knowledge trots.
  090: A rhyming couplet for "Boxes of books, a reader's chore," could be:
  091: Stacking pages, a task for more.
  092: Stacking rows in quiet lore.
  093: Unpacked and sorted, all in store.
  094: A rhyming couplet for "Boxes of books, a reader's chore," could be:
  095: Stacked high in rows, a quiet floor.
  096: Stacking shelves, a quiet lore.
  097: A rhyming couplet for "Boxes of books, a reader's chore," could be:
  098: A rhyming couplet for "Boxes of books, a reader's chore," could be:
  099: Stacking lines in a silentlore.
  100: Stacking shelves, a quiet bore.
  101: A rhyming couplet for "Boxes of books, a reader's chore," could be:
  102: Stacking tales in a quiet lore.
  103: Stacking pages in a quiet store.
  104: A rhyming couplet for "Boxes of books, a reader's chore," could be:
  105: A rhyming couplet for "Boxes of books, a reader's chore," could be:
  106: Stacking tales in a quiet store.
  107: Stacking shelves, a labor of lore.
  108: Stacking shelves, a mind's more lore.
  109: Stacking shelves, a task oflore.
  110: Stacking shelves where knowledge grows.
  111: A rhyming couplet for "Boxes of books, a reader's chore," could be:
  112: A rhyming couplet for "Boxes of books, a reader's chore," could be:
  113: Stacking pages, never done.
  114: A rhyming couplet for "Boxes of books, a reader's chore," could be:
  115: A rhyming couplet for "Boxes of books, a reader's chore," could be:
  116: Unstack them slow, let stories flow.
  117: Stacking shelves where knowledge grows.
  118: Stacking rows in quietlore.
  119: Unpacked and sorted, a mind's store.
  120: A rhyming couplet for "Boxes of books, a reader's chore," could be:
  121: Unpacked and read, a mind's explore.
  122: Stacking shelves, a mind's quiet score.
  123: A rhyming couplet for "Boxes of books, a reader's chore," could be:
  124: A rhyming couplet for "Boxes of books, a reader's chore," could be:
  125: Stacking shelves, a dusty bore.
  126: Unpacked and sorted, learning grows.
  127: A rhyming couplet for "Boxes of books, a reader's chore," could be:
  128: Stacked high with stories to explore.
  129: A rhyming couplet for "Boxes of books, a reader's chore," could be:
  130: A rhyming couplet for "Boxes of books, a reader's chore," could be:
  131: A rhyming couplet for "Boxes of books, a reader's chore," could be:
  132: A rhyming couplet for "Boxes of books, a reader's chore," could be:
  133: Stacking tales in a silent shore.
  134: Stacking shelves to keep the knowledge close.
  135: Stacking lines in a quietlore.
  136: Stacking shelves, a mind's quiet bore.
  137: A rhyming couplet for "Boxes of books, a reader's chore," could be:
  138: A rhyming couplet for "Boxes of books, a reader's chore," could be:
  139: Stacking shelves, a lifelong lore.
  140: Unstacked and sorted, a mind's store.
  141: Stacking shelves where stories score.
  142: Stacking pages till the floor's Gore.
  143: Stacking shelves with quietlore.
  144: Stacking rows in a silent lore.
  145: Unpacked and sorted, full of hope.
  146: A rhyming couplet for "Boxes of books, a reader's chore," could be:
  147: Unpacked and read, a mind's repose.
  148: Unpacked and read, a mind's store.
  149: Stacking pages, mind is sore.
  150: A rhyming couplet for "Boxes of books, a reader's chore," could be:
  151: Unpacked and sorted, all in store.
  152: A rhyming couplet for "Boxes of books, a reader's chore," could be:
  153: Stacking pages, soul and hope.
  154: A rhyming couplet for "Boxes of books, a reader's chore," could be:
  155: A rhyming couplet for "Boxes of books, a reader's chore," could be:
  156: Unboxed tales, a mind's explore.
  157: A rhyming couplet for "Boxes of books, a reader's chore," could be:
  158: Unpacked and read, a mind's core.
  159: Unpacked and ready, now for more.
  160: Stacking lines, a mind's pure store.
  161: A rhyming couplet for "Boxes of books, a reader's chore," could be:
  162: Stacking shelves where wisdom grows.
  163: Stacking pages, a slow, deliberate bore.
  164: A rhyming couplet for "Boxes of books, a reader's chore," could be:
  165: Unpacking wisdom, one page more.
  166: Stacking shelves with quiet force.
  167: Stacking tales to keep the mind in store.
  168: Stacking pages, a quietlore.
  169: Stacking pages, a task to store.
  170: Stacked high and ready for more.
  171: Stacking shelves where stories lore.
  172: Stacking lines in a quiet bore.
  173: A rhyming couplet for "Boxes of books, a reader's chore," could be:
  174: Stacking lines in a quiet store.
  175: Stacking shelves with a quiet roar.
  176: Stacking shelves with patient care.
  177: Stacking rows in a silent tore.
  178: A rhyming couplet for "Boxes of books, a reader's chore," could be:
  179: Stacking rows in quiet bore.
  180: Unpacked and sorted, a mind's pure core.
  181: A rhyming couplet for "Boxes of books, a reader's chore," could be:
  182: Stacking shelves, a mind's quiet bore.
  183: A rhyming couplet for "Boxes of books, a reader's chore," could be:
  184: Stacking rows in a quiet lore.
  185: A rhyming couplet for "Boxes of books, a reader's chore," could be:
  186: Unpacked and sorted, a mind's store.
  187: Stacking lines, a mind's slow store.
  188: Stacked high and waiting for the core.
  189: A rhyming couplet for "Boxes of books, a reader's chore," could be:
  190: Stacking pages, a timeless lore.
  191: Stacking lines in quietlore.
  192: A rhyming couplet for "Boxes of books, a reader's chore," could be:
  193: Stacking shelves where knowledge grows.
  194: Stacking shelves where knowledge grows.
  195: A rhyming couplet for "Boxes of books, a reader's chore," could be:
  196: Unpacking wisdom, one page more.
  197: Stacking tales in quiet store.
  198: A rhyming couplet for "Boxes of books, a reader's chore," could be:
  199: Stacking shelves, a quiet roar.
  200: A rhyming couplet for "Boxes of books, a reader's chore," could be:

FIRST LINE: He saw a carrot and had to grab it,
  001: The rabbit gave a wink and ran off fast.
  002: It sparkled like a prize in the dirt.
  003: It vanished in a flash—where did it go?
  004: But missed it, and now he’s got a bad habit.
  005: It was the only thing he could not forget.
  006: Just to prove that luck can be crab it.
  007: Now he's got one and can't let it go.
  008: But the rabbit was faster than he could.
  009: It slipped from his hand and hit the mat.
  010: But couldn't resist its tempting color.
  011: That’s all he needed to make it.
  012: But the rabbit was faster, and ran fast lit.
  013: But couldn't resist its tasty spat.
  014: It twitched like lightning, came right back at him.
  015: But the rabbit was faster—now it's bad.
  016: It winked and whispered, "Follow me, bright!"
  017: Then ran to eat it, never late for bit.
  018: It twitched and ran—his heart did batter.
  019: His hand went fast, his heart went fat.
  020: The wind blew hard, and it flew right.
  021: The rabbit was fast, but he still got it.
  022: But the rabbit was faster, and ran fast wit.
  023: It sparked a rush to dig it back.
  024: Then ran to eat it, never slowing slow.
  025: Now he's stuck with a root in his grab it.
  026: It twitched and ran, leaving him flat.
  027: Now he’s chewing on a tasty bit.
  028: He chased it fast and never lagged it.
  029: Just to keep the rabbit from taking it.
  030: It shimmered bright in the early light.
  031: It sparked a craving, and he ran fast.
  032: Just to keep the rabbit from taking it.
  033: The rabbit was fast, but he still got it.
  034: That sweet red treat was his to take it.
  035: With a twist of fate, it slipped from his grip.
  036: His heart raced, his hands shook, his eyes glowed with grit.
  037: He chased it fast and never lagged it.
  038: He raced to eat it, then it was grabbed by sit.
  039: His heart raced, but he didn’t forget it.
  040: Now he's got a root in his hat.
  041: Now he's chasing it through the gabit.
  042: A quick snap and a thrill in his heart.
  043: But the rabbit was faster than he could bat.
  044: It danced in the wind, a playful fit.
  045: But forgot to bring it back to bit.
  046: That golden root was his favorite bit.
  047: It slipped from his hand and hit the mat.
  048: The wind blew strong, and it flew back at him.
  049: A quick decision, a sprint, and a snatch!
  050: The rabbit's prize, but he had to back it.
  051: It twitched and ran—now he's got a rabbit!
  052: His heart raced as it slipped from his fat.
  053: But the rabbit was fast and it was grab-bat!
  054: A hungry rabbit was on the track.
  055: The sweetness of luck was in his grab it.
  056: It twisted like a serpent in his grab.
  057: It danced in the wind, a colorful bit.
  058: But it slipped through his fingers—oh, what a stab!
  059: Now he's stuck with a root in his trap.
  060: But the rabbit was faster, and ate it.
  061: The hungry rabbit gave a big fat pat.
  062: So he ran after it, not to lag it.
  063: It slipped from his hand and hit the rat.
  064: It twitched like a mouse in the dark.
  065: With a smile and a leap, he ran for it.
  066: That sweet red treat was sure to grab him.
  067: The rabbit was fast, but he grabbed it.
  068: His heart raced with a sudden craving hit.
  069: That vibrant orange stole his heart.
  070: Just to keep the rabbit from scratching it.
  071: Then chased a rabbit through the hat.
  072: It twitched in his hand, but he didn't back it.
  073: That’s all he needed to make it.
  074: It sparkled like a prize in the dirt.
  075: It slipped from his hand and hit the mat.
  076: His heart raced with a rush of grit.
  077: A golden prize, though it was flat.
  078: But the rabbit was faster, and snatched it.
  079: Just to avoid a bunny's nibbling grit.
  080: He ran like wind, with pure delight.
  081: His heart raced with a craving that beat.
  082: With a smile and a sprint, he ran for it.
  083: His heart raced with a sudden start.
  084: It twirled and danced, a sugary bat.
  085: Now he's got it—what's next? A rabbit?
  086: But the rabbit was faster—**it ran bit**.
  087: That's all he saw and that's all he grabbed it.
  088: It slipped from his hand and hit the mat.
  089: It glowed with magic, bold and bright.
  090: But the rabbit was faster and took it.
  091: But the rabbit was fast and took it.
  092: Then ran for joy, a tasty bit.
  093: Now he's got a snack and feels quite fat.
  094: But forgot to eat it — now he's gabbing!
  095: A sudden craving, a quick backstab it.
  096: A prize for the winner of the rat.
  097: It slipped from his hand and flew to the chat.
  098: But the rabbit was faster and ran in the dirt.
  099: Now he's got a root in his back pocket.
  100: He ran and chased it, but it was grabbed by a rat.
  101: Then chased a rabbit for a bit.
  102: His heart gave a leap, for it was bright.
  103: Then ran to share it with his hat.
  104: But missed it, and now he's in a cart.
  105: But lost it in the mud, and felt so bad.
  106: But the rabbit was faster—no regret.
  107: But the rabbit was faster—his carrot was gabbed by the rabbit!
  108: But then he realized it was a rabbit.
  109: His heart raced, and his mind gave bat.
  110: But the rabbit was faster—so he got bit.
  111: A silly rabbit had a big fat bat.
  112: A silly rabbit with a big hat.
  113: A silly rabbit in a hurry's bat.
  114: It sparked a hunger he couldn't ignore.
  115: But didn't know what to do with it.
  116: But lost it in the dirt on the far side.
  117: With a grin and a sprint, he gave it a bat.
  118: Now he's got one—what's next, maybe a rabbit?
  119: It sparked a hunger he couldn't suppress.
  120: His heart raced with a sudden grat it.
  121: But the rabbit was faster—now it's grabbed by the bit.
  122: But the rabbit was faster—no matter.
  123: Now he's got a carrot and can't get it.
  124: His heart raced, his hands shook with grit.
  125: A hungry rabbit gave it a back bit.
  126: That golden prize he couldn’t resist.
  127: His heart raced, and his hands did dart it.
  128: His heart raced with a rush of grit.
  129: It twitched and ran, leaving him gabbling.
  130: His heart raced with a rush of grit.
  131: The rabbit was fast, but he grabbed it.
  132: But it slipped through his fingers, and he gabbed it.
  133: It slipped from his hand and landed in a hat.
  134: The rabbit gave a wink and gave it.
  135: His stomach growled, and he knew he had to eat it.
  136: But the rabbit was faster, and took it.
  137: Then ran to eat it, no time to wait.
  138: He ran to eat it and didn't wait bit.
  139: But the rabbit was faster, and ran away quick.
  140: It sparkled in the sun, a golden hat.
  141: It slipped through his fingers—now he's grabbed it.
  142: But it slipped through his fingers, and he ran out of grit.
  143: But the rabbit was faster — it ran fast.
  144: Then bit into it and felt so glad it.
  145: It whispered, "Run, or I'll chase you bit."
  146: Then bit into it with a happy bit.
  147: Now he's got one—what's next, maybe a rabbit?
  148: His stomach growled, and he couldn't wait.
  149: Now he’s stuck with a root in his back.
  150: Now he's got one—what's next, maybe a rabbit?
  151: But it slipped through his fingers in a flutter.
  152: Now he’s got a carrot and can’t let it.
  153: His heart raced with a sudden dart.
  154: Now he's chasing a hare down the path.
  155: But it slipped through his fingers, and he grabbed it.
  156: But the rabbit was faster, and ate it.
  157: But the wind blew it away—now he's grabbed it.
  158: But forgot to wonder where it was.
  159: His stomach roared, but he didn’t back it.
  160: It gleamed with mischief in the moonlight.
  161: It twirled and danced, a prank inabit.
  162: It sparked a dream that would not die.
  163: A tasty snack, a red and bright.
  164: He chased it down through a green gate.
  165: Just to keep the rabbit from taking it.
  166: A tasty prize, though it was a bit grabby.
  167: That's how the raccoon made his grab bit.
  168: Now he's stuck with a root in his grab it.
  169: It slipped from his hand and hit the mat.
  170: Now he's chasing it down the street.
  171: It slipped from his hand and went to the grabit.
  172: Now he's chasing it through the gabit.
  173: The sweetness of joy made him laugh it.
  174: His heart raced with a sudden grab bit.
  175: But couldn't resist the tempting pull.
  176: His stomach growled, and he couldn't wait.
  177: So he ran like wind, never to quit.
  178: But the bunny already took it.
  179: A prize for the race, he did catch it.
  180: Now he's wondering where the rabbit is.
  181: Just to feel the crunch of fresh bet.
  182: Now he's got one—what's next, maybe a rabbit?
  183: Just to prove he could be brave and bat it.
  184: Just to save it from the dog's bad bite.
  185: The rabbit was fast, but he was rat.
  186: It slipped from his hand and hit the mat.
  187: Now he's running for fear of being caught in the rabbit's pit.
  188: Then ran to share it with his cat.
  189: A quick decision, a rush, and a grab!
  190: His heart raced with a quick, wild bit.
  191: It twitched and ran—his dream was babble.
  192: His stomach growled, and he couldn't wait.
  193: It slipped from his hand and ran away bright.
  194: The wind blew hard, and it flew away.
  195: Just to keep the rabbit from getting fat.
  196: A moment of haste, a sudden start.
  197: But forgot to bring it back to sit.
  198: Then ran to eat it with a big bat.
  199: Now he's rushing to eat it fast.
  200: The wind blew strong, and it flew from bit.

FIRST LINE: The clouds are gray, the raindrops fall,
  001: The world is washed in sorrow's wall.
  002: The world is wet, the heart is gall.
  003: The world is damp, the streets are tall.
  004: The world is wet, and hope is small.
  005: The world is washed in sorrow's call.
  006: The earth is wet, the world feels small.
  007: The world is dim, the mood is gall.
  008: The world is wet, and skies are pall.
  009: The world is wet, the heart is pall.
  010: The world is dim, the heart grows call.
  011: The world is washed in sorrow's tale.
  012: The world is wet, and hearts are tall.
  013: The world is washed in sorrow's pall.
  014: The world is wet, and skies are pall.
  015: The world is wet, and hope is small.
  016: The world is damp, the heart grows call.
  017: The world is wet, the heart is sad.
  018: The world is cloaked in sorrow's pall.
  019: The world is wet, and hope is all.
  020: The world is quiet, soft, and small.
  021: The world is wet, and hearts are small.
  022: The world is soft, the heart grows call.
  023: The world is damp, the hearts are tall.
  024: The world is wet, and hope is small.
  025: The world is dim, the heart grows call.
  026: The world is washed in silver hail.
  027: The world is soft in every hall.
  028: The world is damp, the air is mall.
  029: The world is damp, the mood is mall.
  030: The world is dressed in moodless pall.
  031: The world is wet, and hope is pall.
  032: The world is wet, and so shall I.
  033: The world is dressed in muted pall.
  034: The world is dressed in sorrow's pall.
  035: The world is wet, and skies are pall.
  036: The world is soft, the heart is mall.
  037: The world is damp, the air is mall.
  038: The world is washed in a soft, wet hall.
  039: The world is dim, the heart grows tall.
  040: The world is dressed in misty hall.
  041: The world is wet, the heart is Pall.
  042: The world is wet, the skies are tall.
  043: The world is soft in misty calm.
  044: The world is wet, and hope is small.
  045: The world is wet, and everything is tall.
  046: The world is wet, the heart is tall.
  047: The world is washed in a silver calm.
  048: The world is washed in sorrow's pall.
  049: The earth is wet, the world is tall.
  050: The world is wet, the heart is tall.
  051: The world is dim, the heart grows tall.
  052: The world is damp, the streets are tall.
  053: The world is wet, and so are we all.
  054: The world is quiet, and the heart is call.
  055: The world is damp, and sorrow calls.
  056: The world is dim, the heart is pall.
  057: The world is wet, and skies are pall.
  058: The world is wet, the heart is pale.
  059: The world is wet, the heart grows mall.
  060: The world is dim, but hope will call.
  061: The world is wet, and every hall is tall.
  062: The world is wet, and hope is small.
  063: The world is wet, and sorrow calls.
  064: The world is damp, the heart is pall.
  065: The earth is wet, the world is pale.
  066: The world is wet, the heart is call.
  067: The world is dim, and hope is pall.
  068: The world is wet, and hope is small.
  069: The world is wet, the heart grows pall.
  070: The world is sad, but hope will call.
  071: The world is damp, the spirit calls.
  072: The world is wet, and the streets are tall.
  073: The world is dim, the heart feels call.
  074: The world is wrapped in a misty mall.
  075: The world is damp, the skies are mall.
  076: The world is damp, the streets are tall.
  077: The world is dressed in mist and pall.
  078: The world is wet, and hope is call.
  079: The world is wet, and everything is gall.
  080: The world is wet, and hope is pall.
  081: The world is damp, and hope is all.
  082: The earth is wet, the world is pall.
  083: The world is damp, the skies are pall.
  084: The world is wet, and the streets are tall.
  085: The world is wet, the heart is tall.
  086: The earth is wet, the sky is Pall.
  087: The world is washed in sorrow's pall.
  088: The world is damp, and hope is small.
  089: The world is wet, and hope is tall.
  090: The world is damp, the heart is gall.
  091: The world is wet, the sky is pall.
  092: The world is dim, the day is pall.
  093: The world is wet, and hope is small.
  094: The world is washed in soft, wet pall.
  095: The world is wet, the skies are hall.
  096: The world is damp, the air is call.
  097: The world is wet, the heart is small.
  098: The world is wet, and hope is tall.
  099: The world is wet, and skies are pall.
  100: The world is dressed in sorrow's pall.
  101: The world is wet, and sorrow calls.
  102: The world is dim, the heart grows tall.
  103: The world is wet, the sky is tall.
  104: The world is wrapped in a misty pall.
  105: The world is damp, the air is raw.
  106: The world is wet, and so are we all.
  107: The world is dim, the streets are tall.
  108: The world is damp, the streets are tall.
  109: The world is damp, the skies are tall.
  110: The world is wet, and skies are pall.
  111: The world is dressed in stormy gall.
  112: The world is damp, the spirits fall.
  113: The world is damp, the air is tall.
  114: The world is damp, the mood is pall.
  115: The world is wet, the mood is gall.
  116: The world is wet, the streets are tall.
  117: The world is damp, the streets are tall.
  118: The world is damp, the air is tall.
  119: The world is wet, the heart is tall.
  120: The world is damp, the heart is tall.
  121: The world is wet, and the heart is call.
  122: The world is damp, the heart is small.
  123: The world is wet, and hope is small.
  124: The earth is wet, the world is pall.
  125: The world is dim, but hope is all.
  126: The world is dim, but hope still calls.
  127: The world is wet, the heart grows tall.
  128: The world is damp, and skies are pall.
  129: The world is damp, the air is tall.
  130: The world is cloaked in a damp, cold hall.
  131: The world is damp, the sky is mall.
  132: The world is wet, and hope is tall.
  133: The earth is wet, the wind is pall.
  134: The earth is wet, the world is small.
  135: The earth is wet, the world feels small.
  136: The world is muted, slow and pall.
  137: The world is dressed in sorrow's hall.
  138: The world is wet, and thoughts grow pall.
  139: The world is wet, the streets are tall.
  140: The world is soft, the hearts are call.
  141: The world is dim, the heart grows tall.
  142: The world is damp, the skies are hall.
  143: The earth is wet, the world is tall.
  144: The world is wet, the streets are tall.
  145: The world is damp, the skies are pall.
  146: The world is washed in mournful gall.
  147: The world is damp, and spirits fall.
  148: The world is muted, deep in dall.
  149: The world is muted, heavy and tall.
  150: The world is damp, and hope is pall.
  151: The world is sad, but hope is tall.
  152: The world is dim, the heart is pall.
  153: The world is soft, the heart feels small.
  154: The world is damp, the hearts are gall.
  155: The world is damp, the air is mall.
  156: The world is dim, the heart feels small.
  157: The world is wet, and time is tall.
  158: The world is wet, the heart grows tall.
  159: The world is wet, the heart is small.
  160: The world is dressed in sorrow’s call.
  161: The world is damp, the mood is hall.
  162: The world is damp, and hope is small.
  163: The world is soft, the heart grows tall.
  164: The world is quiet, deep in sprawl.
  165: The world is wet, the sky is pall.
  166: The world is dim, but hope still calls.
  167: The world is washed in soft, silent pall.
  168: The world is wet, and sorrow calls.
  169: The earth is wet, the world is tall.
  170: The world is soft, the streets are tall.
  171: The world is wet, and hope is tall.
  172: The world is washed in sorrow's hall.
  173: The world is sad, the heart grows small.
  174: The world is washed in skies of mall.
  175: The world is wet, the streets are tall.
  176: The world is wet, and sorrow calls.
  177: The world is damp, the air is tall.
  178: The world is damp, the earth is tall.
  179: The world is damp, the skies are pall.
  180: The world is washed in soft, wet pall.
  181: The world is wet, and the heart is call.
  182: The world is dressed in mist and mall.
  183: The world is dim, the heart is small.
  184: The world is wet, the streets are tall.
  185: The world is wet, and hope is all.
  186: The earth is wet, the world is tall.
  187: The world is wet, and the skies are pale.
  188: The world is drenched in a soft, gray hall.
  189: The world is damp, the sky is pall.
  190: The world is washed in sorrow's pall.
  191: The world is damp, the day is pall.
  192: The world is dressed in sorrow's pall.
  193: The world is muted, cold, and tall.
  194: The world is damp, the heart is call.
  195: The world is washed in mournful hall.
  196: The world is dressed in a somber hall.
  197: The world is wet, and all is tall.
  198: The world is dim, the heart is pall.
  199: The world is wet, and hope is small.
  200: The world is wet, the streets are tall.

FIRST LINE: The clouds are gray, the raindrops drop,
  001: The world is wet, the sky is roped.
  002: The world is damp, the streets are roped.
  003: The world is dull, but hearts can cop.
  004: The world is dim, the heart is top.
  005: The world is wet, and time is cop.
  006: The world is washed in sorrow's grip.
  007: The earth is wet, the world islop.
  008: The world is damp, the heart is deep.
  009: The world is damp, the streets are cop.
  010: The world is dim, the sky is cop.
  011: The world is wet, and hope is cop.
  012: The earth is wet, the skies are thick.
  013: The world is wet, the day is thick.
  014: The wind is cold, the day is thick.
  015: The world is dressed in sorrow's cloak.
  016: The earth is wet, the skies are mop.
  017: The world is dressed in a muted mop.
  018: The world is washed in soft, wet cop.
  019: The world is quiet, soaked and dop.
  020: The earth is wet, the day is mop.
  021: The world is muted, cold, and mop.
  022: The world is wet, the skies are dark.
  023: The world is washed in soft, damp cop.
  024: The world is wet, the sky is dop.
  025: The world is wet, and hope is cop.
  026: The ground is wet, the world islop.
  027: The earth is wet, the world is cop.
  028: The world is damp, the skies are mop.
  029: The world is damp, the sky is cop.
  030: The world is wet, and hope is cop.
  031: The world is muted, and the skies are mop.
  032: The world is quiet, heavy, deep.
  033: The world is wet, the mood is cop.
  034: The world is wet, the skies are mop.
  035: The world is wet, and all is cop.
  036: The world is damp, the heart is roped.
  037: The world is washed in a soft, gray hop.
  038: The world is muted, wrapped in cop.
  039: The world is wet, and the mood is sop.
  040: The world is wet, the heart is deep.
  041: The world is quiet, soft, and thick.
  042: The world is dim, the heart is cop.
  043: The world is wet, the heart is deep.
  044: The wind is cold, the earth is mop.
  045: The world is wet, and the sky is dark.
  046: The world is damp, the sky is dark.
  047: The world is dim, the heart is roped.
  048: The earth is wet, the sky is cop.
  049: The world is dim, the heart is roped.
  050: The world is sad, the skies are sop.
  051: The world is muted, and the wind is low.
  052: The world is bleak, the heart is deep.
  053: The world is dim, the mood is sop.
  054: The world is muted, soft, and sop.
  055: The world is wet, and skies are chop.
  056: The world is dim, the heart is cop.
  057: The world is sad, the heart is mop.
  058: The world is damp, the sky is dark.
  059: The world is wet, the heart is叩.
  060: The world is wet, the sky is dark.
  061: The earth is wet, the winds are cop.
  062: The world is wet, the earth is cop.
  063: The world is wet, and the streets are cop.
  064: The world is muted, soft, and cop.
  065: The ground is wet, the world is thick.
  066: The world is wet, and hope is sop.
  067: The world is wet, and hope is sop.
  068: The world is wet, the hearts are cop.
  069: The world is damp, the air is thick.
  070: The world is damp, the skies are dark.
  071: The world is washed in soft, gray cop.
  072: The world is wet, and the sky is low.
  073: The world is wet, the heart is cop.
  074: The earth is wet, the world is mop.
  075: The earth is wet, the world is mop.
  076: The world is wet, the streets are cop.
  077: The world is wet, the skies are cop.
  078: The world is wet, the heart is thick.
  079: The world is dim, the mood is deep.
  080: The world is wet, the day is dop.
  081: The world is wet, the streets are roped.
  082: The world is bleak, the heart is cop.
  083: The world is damp, the sky is sop.
  084: The world is damp, the sky is thick.
  085: The world is wet, and the skies are sop.
  086: The world is sad, the heart is trop.
  087: The world is wet, the heart is roped.
  088: The world is damp, the day is thick.
  089: The world is wet, and hope is dop.
  090: The ground is wet, the world is cop.
  091: The world is washed in silver soap.
  092: The world is washed in sorrow's grip.
  093: The world is wet, and hope is cop.
  094: The world is sad, and so do I.
  095: The world is muted, all is gloom.
  096: The world is wet, the hearts are cop.
  097: The world is wet, and hope is cop.
  098: The world is damp, the air is thick.
  099: The world is wet, the mood is cop.
  100: The world is wet, the sky is dark.
  101: The world is dim, the skies are roped.
  102: The wind is howling, and the world is roped.
  103: The world is dim, the heart is top.
  104: The earth is wet, the world is stop.
  105: The world is sad, the heart is top.
  106: The world is washed in mist and sop.
  107: The world is wet, the mood is mop.
  108: The world is wet, the heart is stop.
  109: The world is wet, and the heart is cop.
  110: The world is wet, the heart is cop.
  111: The world is dim, the heart is cop.
  112: The world is wet, and the sky is thick.
  113: The world is muted, damp, and trop.
  114: The world is damp, the streets are cop.
  115: The world is damp, the air is cold.
  116: The world is dim, the heart is cop.
  117: The world is wet, the day is cop.
  118: The world is muted, damp, and cop.
  119: The world is damp, the skies are dark.
  120: The world is wet, the skies are sop.
  121: The world is washed in soft, wet gloom.
  122: The world is damp, the air is thick.
  123: The world is wet, the heart is roped.
  124: The world is wet, and the wind is cop.
  125: The world is wet, the streets are sop.
  126: The world is wet, the heart is mop.
  127: The world is damp, the sky is thick.
  128: The world is wet, the hearts are mop.
  129: The world is soft, the hearts are cop.
  130: The world is wet, the mood is low.
  131: The world is dressed in soft, wet cloak.
  132: The earth is wet, the world is cop.
  133: The world is damp, the skies are sop.
  134: The world is wet, the earth is cop.
  135: The earth is wet, the sky is dark.
  136: The world is wet, the streets are mop.
  137: The world is damp, the streets are cop.
  138: The world is wet, and the path is roped.
  139: The world is washed in soft, gray sop.
  140: The ground is wet, the wind is strong.
  141: The world is wet, the heart is cop.
  142: The world is wet, the heart is cop.
  143: The world is wet, the heart is thick.
  144: The world is washed in sorrow's cop.
  145: The world is wet, and sorrow's hop.
  146: The world is quiet, wrapped in shadow's lock.
  147: The world is wet, the heart is cop.
  148: The world is damp, the mood is mop.
  149: The world is quiet, soft, and trop.
  150: The world is sad, the heart is deep.
  151: The earth is wet, the world is thick.
  152: The world is washed in melancholy cloak.
  153: The earth is wet, the world is roped.
  154: The earth is wet, the sky is cop.
  155: The world is damp, the heart is cop.
  156: The world is wet, the streets are mop.
  157: The world is wet, the heart is叩.
  158: The world is wet, the heart is cop.
  159: The world is wet, and hope is cop.
  160: The world is wet, the heart is cold.
  161: The world is damp, the streets are mop.
  162: The world is damp, the air is thick.
  163: The world is wet, the heart is deep.
  164: The earth is wet, the world is thick.
  165: The world is dim, the heart is deep.
  166: The world is damp, the streets are cop.
  167: The world is washed in sorrow's cop.
  168: The world is dim, the heart is cop.
  169: The world is dim, the heart is top.
  170: The world is wet, the heart is cop.
  171: The world is wet, the sky is dark.
  172: The earth is wet, the world is roped.
  173: The earth is wet, the world is dop.
  174: The world is damp, the heart is thick.
  175: The world is wet, the streets are cop.
  176: The world is damp, the sky is soft.
  177: The world is sad, and hope is lost.
  178: The world is wet, the mood is sop.
  179: The earth is wet, the world is roped.
  180: The world is damp, the spirit is cop.
  181: The world is wet, the heart is sop.
  182: The world is damp, the heart is deep.
  183: The world is wet, the streets are cop.
  184: The world is damp, the heart is sop.
  185: The earth is wet, the world is cop.
  186: The world is damp, the skies are crop.
  187: The world is dressed in soft, wet rop.
  188: The ground is wet, the world is cop.
  189: The world is wet, and thoughts are cop.
  190: The world is damp, the heart is cop.
  191: The world is quiet, heavy, slow.
  192: The world is sad, and so do I.
  193: The earth is wet, the world is dark.
  194: The world is wet, the streets are mop.
  195: The world is wet, and every hop
  196: The world is wet, the streets are cop.
  197: The world is bleak, the heart is cop.
  198: The world is wet, and hope is dop.
  199: The world is wet, the streets are cop.
  200: The earth is wet, the world is cop.

FIRST LINE: The clouds are gray, the raindrops plunge,
  001: The world is damp, the spirits slumber.
  002: The world is damp, the heart is vague.
  003: The world is damp, the heart is long.
  004: The world is wet, the heart is young.
  005: The world is drenched in sorrow's tongue.
  006: The world is wet, the heart is rough.
  007: The world is damp, the mood is rough.
  008: The world is damp, the earth is dug.
  009: The world is wet, the streets are drenched.
  010: The world is wet, the sky is long.
  011: The world is damp, the air is rough.
  012: The world is soaked, the skies are long.
  013: The world is damp, the heart is rough.
  014: The world is damp, the heart is rough.
  015: The world is wet, the heart is rough.
  016: The world is wet, the heart is rough.
  017: The world is wet, the heart is young.
  018: The world is dim, the heart is long.
  019: The world is damp, the skies are vague.
  020: The world is muted, cold, and tough.
  021: The world is dim, the heart is vague.
  022: The world is washed in twilight's hush.
  023: The earth is wet, the world is young.
  024: The world is damp, the spirit clings.
  025: The world is wet, the heart is long.
  026: The world is wet, the hearts are tough.
  027: The world is wet, the heart is rough.
  028: The world is wet, the heart is vague.
  029: The world is soaked, the skies are vague.
  030: The world is wet, the heart is rough.
  031: The world is damp, the heart is vague.
  032: The world is wrapped in a silent shroud.
  033: The world is damp, the mood is vague.
  034: The world is wet, the skies are tough.
  035: The world is wet, the heart is true.
  036: The world is wet, the earth is thronged.
  037: The world is muted, soft, and hushed.
  038: The world is washed in soft, downpouring throng.
  039: The world is dim, the heart is rough.
  040: The world is wet, the heart is long.
  041: The world is washed in silver gloom.
  042: The world is damp, the streets are vague.
  043: The world is damp, the day is drouge.
  044: The world is washed in sorrow's shroud.
  045: The world is wet, the skies are rough.
  046: The world is damp, the streets are rough.
  047: The world is wet, the heart is young.
  048: The world is wet, the streets are rough.
  049: The world is wet, the heart is numb.
  050: The world is washed in sorrow's plunge.
  051: The world is damp, the sky is rough.
  052: The world is dim, the heart is long.
  053: The world is damp, the mood is rough.
  054: The world is wet, the earth is dug.
  055: The earth is wet, the world is long.
  056: The world is wet, the heart is tough.
  057: The world is dim, the heart is throng.
  058: The world is dim, the heart is throng.
  059: The world is damp, the air is vague.
  060: The world is dim, the heart is strung.
  061: The world is wet, the air is rough.
  062: The world is washed in sorrow's shroud.
  063: The world is muted, heavy with urge.
  064: The world is wet, the streets are long.
  065: The world is drowned in silent blue.
  066: The world is wet, the heart is strong.
  067: The world is dim, the heart is rough.
  068: The world is washed in sorrow's hug.
  069: The earth is wet, the air is rough.
  070: The world is wet, the heart is tough.
  071: The world is damp, the streets are long.
  072: The world is dim, the heart is throng.
  073: The world is damp, the sky is rough.
  074: The world is wet, the heart is thronged.
  075: The world is dim, the skies are long.
  076: The world is damp, the heart is flawed.
  077: The earth is wet, the air is long.
  078: The world is wet, the air is strange.
  079: The world is damp, the mood is dune.
  080: The world is wet, the heart is true.
  081: The world is wet, the heart is strong.
  082: The world is damp, the spirit moves.
  083: The world is wet, the heart is rough.
  084: The world is washed in silent dudge.
  085: The world is dressed in sorrow's shroud.
  086: The world is wet, the heart is hushed.
  087: The world is damp, the heart is flung.
  088: The world is muted, silence slumbers.
  089: The world is dim, the heart is tough.
  090: The world is wet, the heart is tough.
  091: The world is washed in sorrow's shroud.
  092: The world is wet, the heart is true.
  093: The world is shrouded in a sorrowful hush.
  094: The world is wet, the heart is true.
  095: The world is soft, the heart is true.
  096: The world is washed in sorrow's dudge.
  097: The world is wet, the sky is dunge.
  098: The world is wet, the heart is flung.
  099: The world is washed in sorrow's dudge.
  100: The world is dim, the heart is flung.
  101: The world is dressed in muddy blue.
  102: The world is damp, the heart is rough.
  103: The world is wet, the heart is rough.
  104: The earth is wet, the world is slung.
  105: The world is wet, the sky is vague.
  106: The world is washed in sorrow's clube.
  107: The world is damp, the skies are rough.
  108: The world is wet, the heart is young.
  109: The world is wet, the heart is young.
  110: The world is washed in sorrow's surge.
  111: The world is wet, the heart is numb.
  112: The world is muted, chilled, and tough.
  113: The world is damp, the spirit flung.
  114: The world is damp, the heart is full.
  115: The world is wet, the heart is long.
  116: The world is muted, all is hushed.
  117: The world is wet, the heart is tough.
  118: The world is wet, the heart is rough.
  119: The world is drowned in a pale blue trance.
  120: The world is muted, soft and numb.
  121: The world is soft, the heart is rough.
  122: The world is soaked, the heart is tough.
  123: The world is damp, the heart is slung.
  124: The world is damp, the heart is flung.
  125: The world is wet, the heart is tough.
  126: The earth is wet, the world is vague.
  127: The world is cloaked in sorrow's shroud.
  128: The world is washed in solemn rhymes.
  129: The world is wet, the sky is long.
  130: The world is damp, the spirit flung.
  131: The world is muted, quiet, hushed.
  132: The world is drenched in a somber hug.
  133: The world is bleak, the heart is bruised.
  134: The world is dressed in muted blues.
  135: The world is wet, the heart is numb.
  136: The world is soaked, the sky is long.
  137: The earth is wet, the world is drenched.
  138: The world is damp, the streets are long.
  139: The world is damp, the earth is strong.
  140: The world is damp, the streets are rough.
  141: The world is wet, the streets are sludge.
  142: The world is damp, the sky is thick.
  143: The world is dim, the heart is tough.
  144: The earth is wet, the world is thronged.
  145: The world is muted, dim, and hushed.
  146: The earth is wet, the world is blue.
  147: The world is soaked, the path is long.
  148: The earth is wet, the world is long.
  149: The earth is wet, the world is rough.
  150: The earth is wet, the sky is vague.
  151: The world is wet, the heart is hunched.
  152: The world is cloaked in silent grumble.
  153: The world is wet, the skies are rough.
  154: The world is drowned in a silent rage.
  155: The world is washed in sorrow's hue.
  156: The world is dim, the heart is throng.
  157: The world is dim, the heart is throng.
  158: The world is wrapped in mist and throng.
  159: The earth is wet, the world is shrouded in gloom.
  160: The world is damp, the skies are rough.
  161: The world is muted, cold, and slow.
  162: The world is damp, the heart is young.
  163: The world is wet, the heart is true.
  164: The world is damp, the heart is rough.
  165: The earth is wet, the world is shrouded in change.
  166: The world is muted, soft and vague.
  167: The world is wet, the heart is flung.
  168: The world is muted, soft and slow.
  169: The world is damp, the skies are hushed.
  170: The earth is wet, the air is long.
  171: The world is damp, the heart is long.
  172: The world is damp, the heart is flung.
  173: The world is wet, the heart is tough.
  174: The world is wet, the heart is strong.
  175: The world is washed in sorrow's throng.
  176: The world is wet, the heart is young.
  177: The world is washed in sorrow's hush.
  178: The world is muted, fog-bound and vague.
  179: The world is dim, the hope is small.
  180: The world is damp, the heart is true.
  181: The world is wet, the streets are long.
  182: The world is soaked, the path is long.
  183: The world is wet, the heart is numb.
  184: The world is wet, the spirit stumbles.
  185: The world is wet, the heart is thronged.
  186: The world is dim, the spirits struggle.
  187: The world is dim, the heart is rough.
  188: The world is washed in sorrow's hush.
  189: The world is wet, the heart is numb.
  190: The world is cloaked in melancholy's hush.
  191: The world is wet, the heart is slow.
  192: The world is wet, the heart is hushed.
  193: The world is wet, the heart is flung.
  194: The world is washed in silver hush.
  195: The world is damp, the heart is long.
  196: The world is wet, the heart is vague.
  197: The world is soaked, the sky is rough.
  198: The earth is wet, the world is young.
  199: The world is bleak, the heart is long.
  200: The world is drowned in a silver shroud.

FIRST LINE: The clouds are gray, the raindrops tumble,
  001: A quiet chill begins to rule.
  002: The world is wet, the heart is full.
  003: A whisper of sorrow, a silent gloom.
  004: The world is damp, the winds are numblé.
  005: A somber day, a gentle rumble.
  006: The world is damp, the heart is full.
  007: A silent storm begins to hum.
  008: A somber tune the wind begins to hum.
  009: The world is wet, the streets are smudged.
  010: The world is washed in somber rumble.
  011: The world is wet, the heart is full.
  012: A chill wind whispers through the numbles.
  013: A gentle down, a melancholy hum.
  014: A silent storm begins to rumble.
  015: A silent sigh in the wind's soft murmur.
  016: A quiet storm begins to rumble.
  017: The world is dim, the hope is full.
  018: The world is washed in a sorrowful rumble.
  019: The earth is wet, the world is rumble.
  020: The world is wet, the skies are numb.
  021: The world is dim, the hearts are numb.
  022: The world is damp, the skies are humbled.
  023: The world is damp, the skies are humble.
  024: The world is wet, the heart is numb.
  025: The world is wet, the streets are humble.
  026: The earth is wet, the world is dulled.
  027: A quiet storm begins to rumble.
  028: The world is damp, the day is humble.
  029: The world is wrapped in a sorrowful tumble.
  030: The world is damp, the skies are humble.
  031: The world is wet, the heart is humble.
  032: The earth is wet, the world is numbed.
  033: The world is soft, the heart is numb.
  034: The world is damp, the streets are full.
  035: The world is wet, the streets are full.
  036: The earth is wet, the world is numb.
  037: The world is dressed in mist and hush.
  038: The world is washed in somber hush.
  039: The world is wet, the hearts are full.
  040: The world is wet, the hearts are numb.
  041: The world is damp, the streets are cumbered.
  042: The world is damp, the heart is dull.
  043: A silent mood, a weathered hum.
  044: A melancholy sky begins to pull.
  045: The world is damp, the mood is gloomy.
  046: The world is damp, the heart is full.
  047: A sigh of sorrow fills the numbing hum.
  048: A sigh of gloom, a muted hum.
  049: The world is damp, the earth is numb.
  050: A gentle breeze whispers through the tulips.
  051: A quiet sorrow dances in the hush.
  052: The world is wet, the streets are full.
  053: The earth is wet, the world is full.
  054: The world is wet, the earth is numbed.
  055: The earth is damp, the world is smudged.
  056: The world is dim, the heart is numb.
  057: The world is wet, the mood is grim.
  058: The world is wet, the heart is full.
  059: A gentle down, a silver turmoil.
  060: The world is wet, the streets are clogged.
  061: The earth is wet, the world is full.
  062: A gentle drizzle soothes the summer.
  063: A silent storm begins to hum.
  064: The world is wet, the streets are cumbrous.
  065: The world is washed in sorrow's hum.
  066: A silent sigh in the autumn's hush.
  067: The world is wet, the mood is humble.
  068: The world is washed in sorrow’s hush.
  069: The world is damp, the mood is gloomy.
  070: The world is washed in soft, misty blue.
  071: The earth is wet, the world is full.
  072: The world is soaked, and the wind is tumbling.
  073: The world is damp, the streets are mumbling.
  074: The world is wet, the air is full.
  075: A chill wind whispers through the tulips.
  076: The world is dressed in muted grunge.
  077: A gloomy day with sorrow full.
  078: A storm is coming, and the world is numb.
  079: The world is wet, the skies are gloomy.
  080: A quiet storm begins to rumble.
  081: A quiet storm begins to rumble.
  082: The world is washed in sorrow's humble.
  083: The earth is wet, the world is full.
  084: The world is wet, the heart is numb.
  085: A chill wind sighs through the silent room.
  086: The world is wet, the hearts are full.
  087: The world is damp, the heart is numb.
  088: The world is wet, the heart is full.
  089: The world is dim, the heart is full.
  090: The world is washed in a silent rumble.
  091: The earth is wet, the world is numb.
  092: The world is wet, the hearts are humble.
  093: The world is washed in sorrow's humble.
  094: The world is wet, the streets are humble.
  095: A whisper of sorrow, a storm in the hum.
  096: The world is washed in silver fun.
  097: A somber sky reflects the gloomful.
  098: The world is soft, the sky is humble.
  099: The wind is wild, the world is humble.
  100: A quiet storm begins toumble.
  101: The world is wet, the skies are full.
  102: The world is damp, the skies are smudged.
  103: A silent mood, a gentle hush.
  104: The world is soaked, the streets are mumbled.
  105: A quiet storm begins to hum.
  106: The world is washed in sorrow’s rumble.
  107: The world is muted, soft and humble.
  108: A quiet storm begins to rumble.
  109: The earth is wet, the world is dumb.
  110: The world is wet, the heart is full.
  111: The world is wet, the heart is full.
  112: The earth is wet, the world is humble.
  113: The world is wet, the heart is humble.
  114: A storm is coming, and the world is huddled.
  115: The world is washed in soft, damp tumble.
  116: The world is wet, the air is humble.
  117: The world is wet, the streets are smudged.
  118: The world is wet, the heart is humble.
  119: A quiet storm begins to tumble.
  120: The world is wet, the winds are numb.
  121: The world is wet, the streets are smudged.
  122: The world is damp, the air is numbed.
  123: The earth is wet, the world is full.
  124: The earth is wet, the world is dull.
  125: A quiet storm begins to rumble.
  126: The earth is wet, the world is numb.
  127: The world is wrapped in a silver smudge.
  128: The world is soft, the heart is numb.
  129: The world is wet, the heart is full.
  130: The world is damp, the heart is full.
  131: A sorrowful tune the wind will tell.
  132: A quiet storm begins to rumble.
  133: The earth is wet, the world is numb.
  134: The world is quiet, soaked and humble.
  135: A chill wind hums through the window's frame.
  136: The world is wet, the spirit hums.
  137: A silent storm begins to rumble.
  138: A melancholy tune the wind hums.
  139: The world is dim, the heart is full.
  140: The world is wet, the hearts are full.
  141: A whisper of gloom, a muted hum.
  142: The world is damp, the sky is full.
  143: A storm is coming, and the world is dull.
  144: The world is washed in silent gloom.
  145: A gentle storm begins to hum.
  146: The world is wet, the streets are numb.
  147: The world is muted, soft and humble.
  148: The world is washed in a stormy tumble.
  149: The world is wet, the streets are numb.
  150: The wind is bleak, the world is humble.
  151: The world is wet, the earth is full.
  152: A soft and gentle downpour.
  153: The world is wet, the heart is full.
  154: The world is wet, the streets are numb.
  155: The earth is wet, the skies are dull.
  156: The world is wet, the streets are mumbled.
  157: A silent song the earth has pulled.
  158: The world is wet, the heart is numb.
  159: The world is damp, the air is humble.
  160: A cold wind hums through the towering cedars.
  161: A quiet storm begins to humble.
  162: The world is damp, the skies are gloomy.
  163: The world is wet, the streets are numb.
  164: A gloomy day, a sorrowful hum.
  165: A melancholy tune the wind is humming.
  166: The world is cold, the heart is numb.
  167: A quiet storm begins to rumble.
  168: The world is wet, the air is numb.
  169: The world is washed in sorrowful rumble.
  170: A whisper of storm in the morning’s hush.
  171: The world is wet, the hearts are numb.
  172: The world is sad, the streets are full.
  173: The world is washed in soft, wet slumbers.
  174: The world is washed in a cool, soft hum.
  175: The earth is wet, the world is numb.
  176: The world is dim, the heart is numb.
  177: The world is washed in melancholy blue.
  178: The world is dim, the heart is numb.
  179: The wind is sharp, the world is numb.
  180: The world is wet, the heart is full.
  181: The earth is wet, the sky is tomb.
  182: The world is wet, the air is smoky.
  183: A sigh of gloom through the window falls.
  184: A quiet sorrow fills the mountain's huddle.
  185: The world is damp, the streets are full.
  186: The world is dim, the heart is numb.
  187: The world is washed in quiet gloom.
  188: The world is wet, the streets are mumbled.
  189: A quiet storm begins to hum.
  190: The world is dressed in shadow, shrouded.
  191: A quiet storm begins to bloom.
  192: The world is cold, the streets are huddled.
  193: The world is wet, the streets are numb.
  194: The world is sad, the heart is full.
  195: The world is wet, the sky is rumble.
  196: The earth is wet, the world is humble.
  197: The world is wet, the streets are full.
  198: The world is wet, the streets are numb.
  199: A gloomy day with wind and rumble.
  200: The world is wet, the streets are full.

FIRST LINE: The clouds are gray, the raindrops sink,
  001: The world is wet, the heart is thin.
  002: The earth is wet, the air is thin.
  003: The world is wet, the heart is thin.
  004: The world is dim, the heart is thin.
  005: The world is wet, the heart is thin.
  006: The world is wet, the heart is thin.
  007: The world is muted, damp, and thin.
  008: The world is damp, the mood is thin.
  009: The world is muted, heavy, thin.
  010: The world is damp, the days are thin.
  011: The earth is wet, the world is thin.
  012: The world is wet, the skies are thin.
  013: The earth is wet, the wind is pink.
  014: The world is damp, the heart is grim.
  015: The world is wet, the heart is thin.
  016: The world is damp, the air is thin.
  017: The world is wet, the streets are thin.
  018: The world is dim, the hope is thin.
  019: The world is damp, the day is thin.
  020: The world is wet, the heart is thin.
  021: The world is washed in gloomy pink.
  022: The world is washed in sorrow's brink.
  023: The world is damp, the hearts are thin.
  024: The earth is wet, the wind is thin.
  025: The world is damp, the air is thin.
  026: The world is wet, the heart is thin.
  027: The world is washed in somber ink.
  028: The world is damp, the heart is thin.
  029: The world is wet, the heart is thin.
  030: The world is wet, the heart is thin.
  031: The world is washed in sorrow's ink.
  032: The world is wet, the hope is thin.
  033: The world is wet, the heart is thin.
  034: The world is soft, the heart is thin.
  035: The world is wet, the air is thin.
  036: The world is dressed in sorrow's link.
  037: The world is wet, the air is thin.
  038: The world is wet, the heart is thin.
  039: The world is wet, the air is thin.
  040: The world is wet, the skies are thin.
  041: The world is damp, the mood is thin.
  042: The world is damp, the spirit brink.
  043: The world is damp, the day is thin.
  044: The world is wet, the heart is thin.
  045: The world is muted, damp, and thin.
  046: The world is cold, the heart is thin.
  047: The world is damp, the heart is thin.
  048: The world is dim, the heart is thin.
  049: The world is dressed in muted thin.
  050: The world is wet, the streets are thin.
  051: The world is dim, the heart is thin.
  052: The world is wet, the heart is thin.
  053: The world is bleak, the heart is thin.
  054: The world is slow, the heart is thin.
  055: The world is quiet, soft, and thin.
  056: The world is wet, the day is thin.
  057: The world is wet, the spirit spins.
  058: The world is damp, the heart is thin.
  059: The world is washed in sorrow's ink.
  060: The world is dressed in soft, wet ink.
  061: The world is damp, the heart is thin.
  062: The earth is wet, the world is thin.
  063: The world is damp, the heart is thin.
  064: The world is damp, the mood is thin.
  065: The world is wet, the heart is thin.
  066: The world is wet, the mood is thin.
  067: The world is dim, the heart is thin.
  068: The world is quiet, damp, and thin.
  069: The world is dim, the heart is thin.
  070: The world is wet, the heart is thin.
  071: The world is slow, the sky is thin.
  072: The world is slow, the heart is deep.
  073: The world is dim, the heart is thin.
  074: The world is muted, soft, and thin.
  075: The earth is damp, the world is thin.
  076: The world is wet, the heart is thin.
  077: The world is wet, the heart is thin.
  078: The world is damp, the hope is thin.
  079: The world is wet, the heart is thin.
  080: The world is wet, the heart is thin.
  081: The world is wet, the day is thin.
  082: The world is damp, the heart is thin.
  083: The world is wet, the heart is thin.
  084: The world is damp, the heart is thin.
  085: The world is wet, the streets are thin.
  086: The world is wet, the heart is thin.
  087: The world is damp, the spirit sinks.
  088: The world is wet, the hearts are thin.
  089: The world is wet, the air is thin.
  090: The world is wet, the mood is grim.
  091: The world is wet, the heart is thin.
  092: The world is dull, the sky is thin.
  093: The world is dim, the heart is thin.
  094: The world is damp, the skies are thin.
  095: The world is washed in sorrow's wink.
  096: The earth is wet, the air is thin.
  097: The world is damp, the heart is thin.
  098: The world is muted, soft, and thin.
  099: The world is wet, the heart is thin.
  100: The world is damp, the mood is grim.
  101: The world is wet, the heart is thin.
  102: The world is slow, the hope is thin.
  103: The world is wet, the heart is thin.
  104: The world is wet, the hearts are thin.
  105: The world is bleak, the heart is thin.
  106: The world is wet, the heart is thin.
  107: The world is slow, the heart is thin.
  108: The world is wet, the sky is thin.
  109: The world is soft, the heart is kind.
  110: The world is washed in a soft, gray brink.
  111: The world is damp, the mood is thin.
  112: The world is wet, the heart is thin.
  113: The world is wet, the heart is thin.
  114: The world is dressed in sorrow's thin.
  115: The world is wet, the heart is thin.
  116: The world is damp, the air is thin.
  117: The world is wet, the mood is thin.
  118: The world is damp, the day is thin.
  119: The world is soaked, the sky is thin.
  120: The world is damp, the air is thin.
  121: The world is wet, the heart is pink.
  122: The world is wet, the spirits pink.
  123: The world is sad, the heart is thin.
  124: The world is wet, the heart is thin.
  125: The world is dim, the air is thin.
  126: The world is washed in sorrow's pink.
  127: The world is wet, the mood is grim.
  128: The world is muted, damp, and thin.
  129: The world is damp, the skies are thin.
  130: The world is bleak, the heart is thin.
  131: The world is wet, the heart is tin.
  132: The world is wet, the heart is thin.
  133: The world is damp, the day is thin.
  134: The world is quiet, soaked in ink.
  135: The world is dim, the heart is pink.
  136: The world is wet, the heart is thin.
  137: The world is dim, the heart is thin.
  138: The world is muted, soft, and thin.
  139: The world is wet, the skies are thin.
  140: The world is soft, the heart is thin.
  141: The world is wet, the heart is thin.
  142: The world is dim, the heart is thin.
  143: The world is muted, dim, and thin.
  144: The world is washed in sorrow's drink.
  145: The world is damp, the day is thin.
  146: The world is wet, the heart is thin.
  147: The world is wet, the heart is thin.
  148: The world is damp, the air is thin.
  149: The earth is wet, the world is thin.
  150: The world is slow, the heart is thin.
  151: The world is dressed in sorrow's spin.
  152: The world is quiet, all is thin.
  153: The world is soaked, the streets are thick.
  154: The world is slow, the heart is thick.
  155: The earth is wet, the world is thin.
  156: The world is muted, damp, and thin.
  157: The world is wet, the skies are thin.
  158: The world is wet, the streets are thin.
  159: The world is damp, the heart is thin.
  160: The world is damp, the mood is thin.
  161: The world is damp, the sky is thin.
  162: The earth is wet, the air is thin.
  163: The world is wet, the spirit is thin.
  164: The world is wet, the heart is thin.
  165: The earth is wet, the world is thin.
  166: The world is soft, the earth is thin.
  167: The world is damp, the heart is thin.
  168: The world is cold, the heart is thin.
  169: The world is wet, the heart is thin.
  170: The world is damp, the sky is thin.
  171: The world is wet, the heart is thin.
  172: The world is dim, the hearts are thin.
  173: The world is quiet, slow, and thin.
  174: The world is damp, the skies are thin.
  175: The world is wet, the hearts are thin.
  176: The world is damp, the sky is thin.
  177: The world is damp, the heart is thin.
  178: The world is soaked, the sky is thin.
  179: The world is damp, the heart is thin.
  180: The world is quiet, and the heart is thin.
  181: The earth is wet, the world is thin.
  182: The world is wet, the streets are thin.
  183: The world is wet, the heart is thin.
  184: The world is wet, the heart is thin.
  185: The world is wet, the heart is thin.
  186: The world is wet, the heart is thin.
  187: The world is wet, the sky is thin.
  188: The world is wet, the heart is thin.
  189: The world is damp, the mood is thin.
  190: The world is damp, the heart is thin.
  191: The world is wet, the heart is thin.
  192: The world is washed in mournful ink.
  193: The world is wet, the heart is thin.
  194: The world is quiet, and the heart is thin.
  195: The world is damp, the day is thin.
  196: The world is washed in mournful pink.
  197: The world is wet, the heart is thin.
  198: The world is damp, the heart is thin.
  199: The world is wet, the hearts are dim.
  200: The world is wet, the heart is thin.

FIRST LINE: The clouds are gray, the raindrops spill,
  001: The world is wet, the day is dim.
  002: The world is damp, the heart feels still.
  003: The world is damp, the heart feels still.
  004: The world is wet, the heart is still.
  005: The world is wet, the heart is still.
  006: The world is washed in skies of will.
  007: The world is wet, the heart feels chill.
  008: The world is wet, the mood is chill.
  009: The world is damp, the day is still.
  010: The world is wet, the heart is chill.
  011: The world is damp, the skies are ill.
  012: The world is washed in sorrow's chill.
  013: The world is dim, the heart feels chill.
  014: The world is soaked, the streets are chill.
  015: The world is damp, the heart is chill.
  016: The world is damp, the mood is ill.
  017: The world is wet, the heart is still.
  018: The world is washed in soft, wet chill.
  019: The world is wet, the heart is chill.
  020: The world is wet, and skies are still.
  021: The world is washed in sorrow's chill.
  022: The world is wet, the heart grows mild.
  023: The world is dim, the heart is chill.
  024: The world is dim, the heart feels still.
  025: The world is damp, the streets are dim.
  026: The world is soft, the hearts begin to feel.
  027: The world is washed in shadowed skill.
  028: The world is damp, the heart feels ill.
  029: The world is damp, the heart is chill.
  030: The world is dim, the heart grows chill.
  031: The world is washed in sorrow's will.
  032: The world is damp, the heart feels chill.
  033: The world is damp, the skies are still.
  034: The world is soft, the heart feels chill.
  035: The world is wet, the heart is chill.
  036: The world is wet, the heart feels ill.
  037: The world is damp, the streets are chill.
  038: The world is washed in silent pall.
  039: The world is wet, the heart is chill.
  040: The world is washed in gloomy chill.
  041: The world is wet, the heart is chill.
  042: The world is wet, and hope is still.
  043: The world is wet, the heart is fill.
  044: The world is damp, the sky is chill.
  045: The world is damp, the heart grows chill.
  046: The world is dim, the heart feels still.
  047: The world is wet, the heart is chill.
  048: The world is wet, and hope is still.
  049: The world is washed in sorrow's still.
  050: The world is dressed in muted skill.
  051: The world is damp, the earth is still.
  052: The world is damp, the hearts all chill.
  053: The world is wet, the streets are chill.
  054: The world is damp, the streets are til.
  055: The world is washed in muted chill.
  056: The world is damp, the streets are still.
  057: The world is damp, the heart is mild.
  058: The world is washed in sorrow's hill.
  059: The world is wet, the streets are dim.
  060: The world is wet, the air is chill.
  061: The world is dressed in soft, wet thrill.
  062: The world is wet, the heart is still.
  063: The world is wet, the heart is still.
  064: The world is wet, the heart is chill.
  065: The world is washed in sorrow’s fill.
  066: The world is washed in sorrow’s fill.
  067: The world is damp, the heart is still.
  068: The world is drenched in wet and will.
  069: The world is wet, the hearts feel chill.
  070: The world is soft, the heart is still.
  071: The world is washed in sorrow's chill.
  072: The world is washed in soft, sorrowful Gill.
  073: The world is wet, the heart is still.
  074: The world is damp, the heart feels chill.
  075: The world is damp, the streets are chill.
  076: The world is wet, the heart is chill.
  077: The world is muted, and the skies are ill.
  078: The world is wet, the heart feels ill.
  079: The world is washed in sorrow's chill.
  080: The world is dim, the skies are still.
  081: The world is soft, the heart begins to fill.
  082: The world is drenched in twilight's chill.
  083: The world is wet, the air is chill.
  084: The world is damp, the sky is dim.
  085: The world is washed in sorrow's chill.
  086: The world is wet, the heart is still.
  087: The world is wet, the air is chill.
  088: The world is dressed in mist and will.
  089: The world is damp, the streets are wild.
  090: The world is wet, the streets are slick.
  091: The world is wet, and all is still.
  092: The world is dressed in melancholy silk.
  093: The world is wet, the heart is chill.
  094: The world is wet, the heart is chill.
  095: The world is washed in silver chill.
  096: The world is washed in mournful will.
  097: The world is damp, the hearts feel ill.
  098: The world is damp, the heart is still.
  099: The world is wet, the heart is chill.
  100: The world is washed in soft, downpouring thrill.
  101: The world is damp, the heart feels chill.
  102: The world is wet, the heart feels chill.
  103: The world is wet, the heart feels chill.
  104: The world is wet, the heart is still.
  105: The world is damp, the sky is chill.
  106: The world is washed in sorrow’s chill.
  107: The world is damp, the streets are still.
  108: The world is damp, the heart is chill.
  109: The world is damp, the streets are chill.
  110: The world is damp, the mood is chill.
  111: The world is washed in sorrow's fill.
  112: The world is washed in soft, wet thrill.
  113: The world is muted, damp, and still.
  114: The world is soft, the skies are ill.
  115: The world is wet, the streets are ill.
  116: The world is drenched in a melancholy chill.
  117: The world is wet, and hope begins to fill.
  118: The world is damp, the skies are chill.
  119: The world is dim, the heart grows chill.
  120: The world is washed in sorrow's still.
  121: The world is washed in mist and fill.
  122: The world is soft, the heart begins to smile.
  123: The world is dim, the heart is still.
  124: The world is wet, the heart is still.
  125: The world is dim, the heart grows chill.
  126: The world is damp, the skies are ill.
  127: The world is muted, all is still.
  128: The world is damp, the heart is chill.
  129: The world is damp, the air is chill.
  130: The world is wet, the heart is chill.
  131: The world is soft, the heart feels still.
  132: The world is dressed in soft, damp silk.
  133: The world is damp, the sky is dim.
  134: The world is washed in somber hill.
  135: The world is wet, the heart is chill.
  136: The world is damp, the sky is dim.
  137: The world is drowned in sorrow's will.
  138: The world is soft, the heart is chill.
  139: The world is damp, the heart is chill.
  140: The world is soft, the heart feels still.
  141: The world is wet, the heart is chill.
  142: The world is wet, the heart is still.
  143: The world is wet, the heart is chill.
  144: The world is wet, and hope is still.
  145: The world is soaked, the heart is still.
  146: The world is soft, the heart grows wild.
  147: The world is washed in soft, wet thrill.
  148: The world is damp, the skies are wild.
  149: The world is wet, the heart is still.
  150: The world is damp, the streets are chill.
  151: The world is wet, the sky is dim.
  152: The world is wet, the skies are ill.
  153: The world is wet, the sky is chill.
  154: The world is muted, soft, and still.
  155: The world is wet, and skies are still.
  156: The world is washed in sorrow's chill.
  157: The world is wet, the heart feels chill.
  158: The world is damp, the heart feels ill.
  159: The world is damp, the heart feels chill.
  160: The world is damp, the heart is chill.
  161: The world is wet, the streets are chill.
  162: The world is wet, the streets are slick.
  163: The world is washed in sorrow's spill.
  164: The world is washed in sorrow's will.
  165: The world is damp, the skies are chill.
  166: The world is wet, the heart is chill.
  167: The world is wet, the sky is dim.
  168: The world is damp, the heart grows chill.
  169: The world is wet, the mood is ill.
  170: The world is washed in sorrow's chill.
  171: The world is damp, the skies are ill.
  172: The world is wet, and time is still.
  173: The world is damp, the day is chill.
  174: The world is damp, the heart is chill.
  175: The world is wet, the streets are still.
  176: The world is damp, the heart feels will.
  177: The world is wet, and hope is still.
  178: The world is wet, the heart feels chill.
  179: The world is wet, the earth is still.
  180: The world is damp, the heart feels ill.
  181: The world is damp, the sky is still.
  182: The world is wet, the heart is still.
  183: The world is washed in sorrow's chill.
  184: The world is wet, the heart is chill.
  185: The world is wet, the heart grows chill.
  186: The world is damp, the heart is still.
  187: The world is drenched in skies of fill.
  188: The world is washed in silver film.
  189: The world is wet, and hope begins to dip.
  190: The world is dim, the skies are chill.
  191: The world is dressed in sorrow's hill.
  192: The world is dressed in mournful hill.
  193: The world is wet, the heart feels chill.
  194: The world is damp, the heart feels ill.
  195: The world is damp, the streets are chill.
  196: The world is wet, the earth is chill.
  197: The world is washed in skies of will.
  198: The world is drenched in morning's still.
  199: The world is soaked, the heart feels ill.
  200: The world is wet, the day is still.

