FIRST LINE: Boxes of books, a reader's delight,
  001: Stacked to the ceiling in pages so bright.
  002: Stacked on high with the dawn of the light.
  003: Pages worn soft with the joy of the night.
  004: Stacks full of stories that shimmer and shine bright.
  005: Stack them with care, both day and night.
  006: Stacks in the corners, the bibliophile's light.
  007: Stack them high in the soft evening light.
  008: Stacks full of stories from cover to light.
  009: Pages and stories by flickering light.
  010: Pages turned softly through the night.
  011: Stacked high with stories, both dark and bright.
  012: Stacked high on the shelves, shining so bright.
  013: Pages of dreams all cradled in flight.
  014: A treasure trove buried out of sight.
  015: Filled with old stories that feel just right.
  016: A treasure of stories by candlelight.
  017: Stacked high with stories, both day and night.
  018: Stacked high on the shelves, a scholar feels right.
  019: Stacked on the shelves in perfect aligned.
  020: Stacked high with stories from dawn to night.
  021: Stacks in the corner, both day and night.
  022: Treasures of tales that soothe the mind's flight.
  023: Filled with old tales and secrets tight.
  024: Pages filled with pure magic and light.
  025: Stack them high, let stories take flight!
  026: Stack them high, then curl up just right.
  027: Pages that whisper through covers so tight.
  028: Pages to turn by firelight.
  029: Treasures of tales that fill the night.
  030: Stacked high on the shelves, they’re a treasure to write.
  031: Stack them high, let knowledge take flight!
  032: Stack them high, both day and night.
  033: Stacked with care, each page a bright light.
  034: Stacked high with stories, both dark and bright.
  035: Stacked on the shelves, they shimmer and shine.
  036: Stacked high with stories, a treasure so bright.
  037: _pages that whisper in dusty recite_.
  038: Filled with old stories and new dreams in flight.
  039: Shelves lined with stories from morning to night.
  040: Pages filled with day and night.
  041: Stack them high, let knowledge take flight.
  042: Stacked with care, from floor to height.
  043: Stacked high on the shelves, they're the night's soft light.
  044: Filled with old tales and knowledge so bright.
  045: Pages to ponder from morning to night.
  046: Stacked high with stories, both night and day bright.
  047: Stacked to the ceiling in soft morning light.
  048: Stacks on the shelves, they whisper the night.
  049: Stacked on the shelves, a treasure in sight.
  050: Stacked to the ceiling, they're a sight.
  051: Shelving each tale with joy and with might.
  052: Stacked high with stories, they bring the light.
  053: Stack them up high, both day and night!
  054: Stacked on the shelves, they promise the bright.
  055: Stacked high like treasure in the soft morning light.
  056: Stacked high on the shelves, they shimmer with light.
  057: Pages to ponder, both wrong and outright.
  058: Shelves come alive with words in flight.
  059: Pages to turn in the quiet of night.
  060: Stacks of stories held close to the heart.
  061: Stack them with care, both day and night.
  062: Stacked high and deep, they fill the night.
  063: Pages turned soft in the morning light.
  064: Stack them high and read by light.
  065: Stack 'em or shift 'em, the joy's in the sight.
  066: Pages turned soft by the quiet of night.
  067: Stacked high in the corner, a treasure in sight.
  068: Stacked high on shelves, they fill the tight.
  069: Stacked high with tales that ignite the night.
  070: Stacks of stories all bound in flight.
  071: Stack them high, let imagination take flight.
  072: Stacked high with stories from day to night.
  073: Filled with old stories and knowledge so bright.
  074: Stacked high and low, a literary height.
  075: Stacked on the shelf, they shine so bright.
  076: A treasure trove of ink and thought's pure light.
  077: Stacked high with stories, from night to night.
  078: A treasure of tales in the quiet of night.
  079: Stacked high on shelves, they hold the light.
  080: Stacked with care, each page a bright light.
  081: Stacked on the shelf, they gleam in the light.
  082: Shelves lined with stories, a cherished pursuit.
  083: Stacked high with stories, both right and write.
  084: A treasure trove hidden from sight.
  085: A treasure-trove of knowledge and sight.
  086: Stacks that enthrall in the quietest night.
  087: Stack them with care, both night and day
  088: In every corner, knowledge takes flight.
  089: Shelved with care, they fill the night.
  090: Stacked on the shelf, they shimmer and shine.
  091: Stacks upon shelves, the past feels so bright.
  092: Stacked high on the shelf, a treasure to find.
  093: In cozy corners, stories take flight.
  094: Stacked on the shelves, they shine so bright.
  095: Each page turned holds a new spark of light.
  096: Shelved with care, they’re treasures in sight.
  097: Stacked on the shelves, they shine so bright.
  098: A treasure-trove wrapped in dusty white.
  099: Stacked high with stories, both day and night.
  100: Pages and stories that fill up the night.
  101: Stacking the hours in pages so bright.
  102: Treasures of tales in every tight.
  103: Stacked on the shelves, they feel just right.
  104: Stacks on the shelves, a cozy night.
  105: Stacked high like treasures, they gleam in the light.
  106: Stacked on the shelves, both day and night.
  107: Stacks in the corner, a bibliophile's light.
  108: Pages展开, knowledge takes flight.
  109: Pages so old and stories so bright.
  110: Stacked on the shelves, they shine so bright.
  111: Pages that whisper through dust and light.
  112: Shelves filled with stories from day to night.
  113: Stacked high like treasures caught in the night.
  114: Stacks on the shelves, they’re organized just right.
  115: Stacked high on shelves, they shine so bright.
  116: Tales within every spine to ignite.
  117: Stacked high with stories that glow in the light.
  118: Stacked on the shelves in a cozy twilight.
  119: Stacked on the shelves, they shine so bright.
  120: Stack them with care, both day and night.
  121: Stacks of stories that fill up the night.
  122: Pages of magic, a front-row seat.
  123: Stacked on the shelves, they promise a night.
  124: Stacked upon shelves by pale morning light.
  125: Pages of wonder from top to the bottom.
  126: Pages to cherish, both day and night.
  127: Stacked high on the shelf, their stories still bright.
  128: Stacked on the shelves, they shimmer and shine,
  129: Stacked high and low through the long, quiet night.
  130: Stacked on the shelves, they fill the night.
  131: Pages to turn, a quiet fight.
  132: Stacked high on the shelves, they fill the night.
  133: A treasure trove for the mind's sight.
  134: Stack them high, let imagination take flight.
  135: Treasures of tales, forever to read.
  136: Stack them high, let imagination take flight.
  137: Stacked high with stories, they shine so bright.
  138: Pages turned soft by the hands of the past.
  139: Pages turned soft in the quiet of night.
  140: Stacked high and tight.
  141: Tomes to be devoured from cover to rite.
  142: A treasure trove buried in paper and light.
  143: Treasures of tales held close in the night.
  144: Stacked high with stories, they fill the twilight.
  145: Pages to turn and time to invite.
  146: Pages turned softly in the quiet night.
  147: Stacked to the ceiling in rows that compete.
  148: Pages filled with tales that ignite.
  149: Stacked to the ceiling, pure joy in each flight.
  150: Stacked on the shelves, they shine so bright.
  151: Pages of dreams, each shelf a new light.
  152: A treasure trove buried from sight.
  153: Pages turned late into the night.
  154: Pages full of magic and moonlit night.
  155: Stacked high with stories from dusk till light.
  156: Shelves soon to bloom with stories and light.
  157: Stacked on the shelves, they feel just right.
  158: Pages to pore over from dusk into night.
  159: Stacked high on the shelf, they shine so bright.
  160: Stacked with stories, both day and night.
  161: Pages turned softly through the night.
  162: Stacked with stories, both right and writ.
  163: Stacked high with stories, both day and night.
  164: Pages to ponder from night till night.
  165: Stacked to the ceiling, they bathe in the light.
  166: Stacked with stories from day to night.
  167: A quiet escape in the pages of night.
  168: A treasure trove for the heart and the mind.
  169: Each page holds a world, a new light.
  170: Pages to ponder from night till night.
  171: Stacked on the shelves, they shine so bright.
  172: Stacked on the shelves, they shine so bright.
  173: Stack them, stack them, and stack them tight.
  174: Stacked high and deep, they steal the light.
  175: Pages full of worlds to explore through the night.
  176: Pages unfold in soft, golden light.
  177: Pages filled with dreams and light.
  178: Stacks in the corner, a cozy fight.
  179: Pages to turn in the softest of light.
  180: Shelves lined with stories, both day and night.
  181: Stack them high in the corners of night.
  182: Stacked high with stories, both good and tight.
  183: Pages turned fast in the soft glow of night.
  184: Stack them high, by the light.
  185: Treasures of tales that fill the night.
  186: Stacked on the shelves, they fill up the night.
  187: Treasures of tales that sooth the night.
  188: Stacked on shelves in soft morning light.
  189: Ink-stained pages filled with pure light.
  190: Crammed on the shelves, a cozy night.
  191: Stack them high, but keep them tight.
  192: Pages turned late into night.
  193: Stacked with care on a shelf so bright.
  194: Pages to turn in the soft morning light.
  195: A treasure trove shining in morning's first light.
  196: A treasure trove tucked in plain sight.
  197: Stack 'em high, lose yourself in flight.
  198: Stacked to the ceiling with pages so bright.
  199: Stacked to the ceiling in morning's soft light.
  200: Stacked with care, they shine so bright.

FIRST LINE: Boxes of books, a reader's joy,
  001: Stacked high and filled with stories told.
  002: Stacked with stories that make the heart employ
  003: Treasures of stories that help us employ
  004: Treasure in every line and toy.
  005: Stacked high with tales the heart employs.
  006: Stack them high, both old and new.
  007: A treasure trove for the mind to employ.
  008: Stacked on shelves in rows so coy.
  009: Each page unfolds a brand-new toy.
  010: Stacked with care, they bring a boy—
  011: A treasure trove where stories unfold, a reader's delight!
  012: Stack 'em with care, both high and coy.
  013: A treasure trove of stories to employ.
  014: Stack them high, let stories employ.
  015: A treasure trove that time cannot destroy.
  016: Pages filled with sweetemploy.
  017: Treasures of tales that the heart employs.
  018: Each one a world where dreams deploy.
  019: Pages turned with eager boy.
  020: Pages that whisper, both young and coy.
  021: Stacked high like treasures, each page a toy.
  022: Stacked high with stories to employ.
  023: Treasures of tales that the heart employs.
  024: A dusty shelf where stories go.
  025: Pages filled with dreams and hopes deployed.
  026: Stacked high and filled with stories to employ.
  027: Stacked high and filled with stories to deploy.
  028: A lifetime of stories in stacks and in rows.
  029: Stacks of stories to explore and employ.
  030: Treasures of tales that the heart employs.
  031: Stack them high, let your dreams take flight.
  032: Stack them high, let stories employ.
  033: Stack them high, let your mind deployed.
  034: Treasures of tales that time can't destroy.
  035: A treasure trove for the mind to employ.
  036: Treasure trove in every toy.
  037: A treasure trove where stories employ.
  038: Treasures to treasure, from loft to floor.
  039: Treasures of tales that stir the soul.
  040: Stack them high, let your imagination joy.
  041: Tomes of delight, in quiet employ.
  042: Pages that whisper, stories that employ.
  043: Treasures to savor from head to toe.
  044: Stacked with stories, both new and old, a reader's treasure trove.
  045: Stack them high and let them flow!
  046: Pages and tales that the heart employs.
  047: Treasures of stories that make the heart employed.
  048: Stack them high, let stories employed.
  049: Treasured tales that make the heart employ.
  050: Treasure untold in every row.
  051: A treasure trove where stories employ.
  052: Stack 'em high, but leave some space for toys.
  053: Pages to lose and places to go.
  054: Stacked high and old, a treasure to employ.
  055: A treasure trove that sets the heart aloft.
  056: Treasures of tales that we hold dear.
  057: Stories within that never cloy.
  058: Stacked high with stories, both young and old.
  059: Treasure in tomes that words employ.
  060: Treasures to savor from dusk to dawn's light.
  061: Stacked with dreams that time cannot destroy.
  062: Stacked high and deep, they overflow.
  063: Treasures of tales that we all employ.
  064: Stack 'em high, let your imagination coy.
  065: Treasures of tales that set hearts aglow.
  066: Treasures of tales that we all employ.
  067: Stacked high and full of stories to employ.
  068: A dusty tome may set your mind aglow.
  069: Tales that take flight and don't destroy.
  070: Stacked high and deep with stories of yore.
  071: Stacks to explore, pure delight andploy.
  072: Tales of old and new, they’re reason to employ.
  073: Pages that whisper, ink that employs
  074: Treasures of tales that the heart employs.
  075: Treasure troves in quiet cloistered rows.
  076: Pages that whisper and tales that employ.
  077: Pages turned late into the night.
  078: Treasures of tales that the mind can deploy.
  079: Stack them high, let stories deploy.
  080: Stack them high, let stories employ.
  081: A treasure trove of boundless thought.
  082: Stack 'em with care, both high and low—
  083: A treasure trove that stirs the boy.
  084: Pages to turn, a treasure deployed.
  085: Stacked high and deep, they overflow.
  086: Stack them high where stories deploy.
  087: Stacks on the shelves, where stories employ.
  088: A dusty tome or one that's shiny new.
  089: Stacked with care, both high and low,
  090: Treasures of tales that lift the boys.
  091: Treasure in every toil and toy.
  092: Treasures of tales that the heart employs.
  093: A treasure trove to open and employ.
  094: Pages to treasure, stories that employ.
  095: Stacked high and filled with delight.
  096: Stack them high, let knowledge employ.
  097: Pages to turn and questions to employ.
  098: Stack them high, let knowledge deploy.
  099: Treasures of tales that the heart employs.
  100: Treasures of tales that the heart employs.
  101: Treasure trove to open, wide and coy.
  102: Treasures that make the heart employed.
  103: Treasures to savor from the first to the toy.
  104: Stacked high with stories, both new and old.
  105: Stack them high, let imagination employ.
  106: Stacking the walls where dreams deploy.
  107: Each story bound to lift the boy.
  108: Stacked high and dusted with yesterday's light.
  109: Stacked on shelves, they’re bound to employ.
  110: Stacked high with tales that make us employ
  111: Stacked high and deep, from floor to joy.
  112: Tales to unfold, and secrets to employ.
  113: Treasure chests brimming, the tales they employ.
  114: Pages unfold a world of toys.
  115: Stacked on shelves, they multiply.
  116: A treasure trove where stories employ.
  117: Stacks on the shelves, where stories employ.
  118: Treasures of tales that the heart employs.
  119: Treasures of tales that stir the soul.
  120: Treasures that make the heart ignite.
  121: Stacked high and dusty, wisdom overfloweth.
  122: Pages of dreams that help us employ.
  123: Pages of dreams that soothe the mind.
  124: Stack them high and let them fly.
  125: Stack 'em high and let them fly.
  126: Treasured finds that the heart employs.
  127: Treasures of tales that we all employ.
  128: Pages of wonders that hearts employ.
  129: Treasures of tales that the heart employs.
  130: Treasures to savor, both old and new.
  131: Stacked with care, both high and low—
  132: Treasures of tales that soothe the mind's great void.
  133: A treasure trove where wonder flows.
  134: Pages to lose oneself, and find the reason to employ.
  135: A lifetime of stories waiting to employ.
  136: Treasured tales that make the heart employ.
  137: A labyrinth of dreams that words employ.
  138: Treasures to lose, and new delights to employ.
  139: A treasure trove that will not cloy.
  140: Stacked on shelves where stories employ.
  141: Treasured tales in paper, neatly coy.
  142: Pages of wonder, where dreams employ.
  143: Stack them high, let stories flow.
  144: Stack them high, but leave some space
  145: Treasures of tales that soothe the mind.
  146: Stacked high with stories, both new and old.
  147: A treasure trove where dreams deploy.
  148: A treasure trove where dreams employ.
  149: Pages of wonder that make the heart flow.
  150: Stacks of stories, where wonders employ.
  151: A treasure trove where stories glow.
  152: A treasure to find in each box's fold,
  153: Pages of dreams that forever employ.
  154: Treasures of tales that the heart employs.
  155: A treasure trove from floor to ceil.
  156: Treasures to savor, both young and old.
  157: Stacked high and bound to enjoy.
  158: A treasure trove where imagination flows.
  159: Treasures to savor, and time to employ.
  160: Treasure untold in every joy.
  161: Treasures of tales that the heart employs.
  162: Stacked high with stories, both new and old, a reader's treasure unfold.
  163: Treasures of stories that forever employ.
  164: Stark, but soon alive with voice.
  165: Stacked high and deep, where stories employ.
  166: A treasure trove where dreams employ.
  167: Stack them high, let imaginations employed.
  168: Treasure in every line of old.
  169: Treasure troves stacked for the mind's employ.
  170: Treasures of tales that the heart employs.
  171: A treasure trove where dreams employ.
  172: Treasures of tales that the heart employs.
  173: Treasures of tales that the heart employs.
  174: A treasure trove for the mind's employ.
  175: Stack them high, let stories overflow—
  176: Treasures of tales that keep us employed.
  177: Stacked high and deep, they joyantly employ.
  178: A treasure trove that never pales.
  179: Each story held a hidden boy.
  180: Treasures of tales that the heart employs.
  181: Stack them high, let imaginations employ.
  182: Stacked on shelves, they fill the void.
  183: Stacked high with stories, both new and old.
  184: Treasures of tales that forever employ.
  185: A treasure trove of wonder and truth.
  186: Stacked high and dusty, stories in their employ.
  187: Stacked on shelves where imagination can't be employed.
  188: Pages of dreams that set the heart aglow.
  189: Treasures of tales that the heart employs.
  190: Stacked with care from floor to eaves.
  191: Stack them high, but leave some for tomorrow’s toy.
  192: A library built for a wandering mind.
  193: Stack them high, both new and old
  194: Tomes of old fill the heart with boys.
  195: Treasures of stories that lift the soul.
  196: Pages of wonders, the heart employs.
  197: Treasures of tales that the heart employs.
  198: A stack of stories, both new and old.
  199: A quiet adventure, no need to employ.
  200: Treasures of tales that the heart employs.

FIRST LINE: Boxes of books, a reader's habit,
  001: Stacks on the shelves, a well-read rabbit.
  002: Filled with old stories and the wisdom of sages.
  003: Stacks on the shelves, a scholar's habit.
  004: Stuffed to the brim, both treasure and gift.
  005: Quietly stacked, a kind of habit.
  006: Stacked to the ceiling, a literary habit.
  007: Treasured with every page connected.
  008: Stacked to the ceiling, a lover's debt.
  009: A tower of tales to satisfy fit.
  010: Each volume treasured, a well-loved gift.
  011: Stacks on the shelf, a well-read habit.
  012: Pages turned soft from careful habit.
  013: Stacked to the ceiling, a well-read cabbit.
  014: Quietly stacked, each page a subject.
  015: A lifetime of tales in every habit.
  016: Filled with the ghosts of imagination.
  017: Treasure chests stacked, a well-read wit.
  018: Shelves stacked with treasures, each a gift.
  019: Treasured like gold in a scholar's cabinet.
  020: A fortress of stories, a quiet triumph.
  021: A tale of pages, both quiet and thick.
  022: Stacked on shelves, the treasures fit.
  023: Stuffed to the brim, a lover's gift.
  024: Treasured like gold in a quiet nook's habit.
  025: Treasure in pages, a quiet gift.
  026: A tower of tales stacked neatly, fit.
  027: Stuffed to the brim, a curious habit.
  028: A lifelong voyage, a soul's revolt.
  029: A treasure trove of ink and wit.
  030: Stacked on the shelves, a well-read cabinet.
  031: Stacked with stories, both wise and habit.
  032: Shelves built for love and knowledge habit.
  033: Pages of worlds that set the heart adrift.
  034: Shelves stacked with stories, a tale to fit.
  035: Shelves that hold secrets from head to the habit.
  036: Stacks on the shelves, a well-read habit.
  037: A lifetime of stories, neatly habit-fit.
  038: Treasures of tales stacked deep in habit.
  039: Stacks in the corner, a scholar's habit.
  040: Shelves stacked high, a kind of magic.
  041: Filled with old stories and dusty contracts.
  042: Pages turned soft by the hours dedicated.
  043: A tower of tales stacked neatly in it.
  044: Treasure in tomes, a kindred's gift.
  045: Treasured like gold, a quiet collect.
  046: Treasure of tales that never submit.
  047: Stacks on the shelves, a tidy habit.
  048: A tower of tales to tickle the wit.
  049: Shelves stacked with wisdom, a quiet gift.
  050: A treasure chest brimful, a lover's commitment.
  051: Stacked high with stories, a bibliophile's habit.
  052: Shelves built with time, a quiet habit.
  053: A treasure chest built for the quick.
  054: Stacks on the shelves, their secrets habit.
  055: Stacked with care, they multiply
  056: Treasure in paper, a quiet collect.
  057: Stacked on shelves, a quiet habit.
  058: A castle of paper, their quiet cabaret.
  059: Stacked to the ceiling, a cluttered gift.
  060: Stacked with stories, a well-thought habit.
  061: Quietly stacked, their wisdom habit.
  062: Stacks upon stacks, a scholar's delight.
  063: Quietly stacked, a scholar’s habit.
  064: Treasures of tales that never quit.
  065: Treasured like gold, a quiet collect.
  066: Shelves stacked high, a cozy fit.
  067: Stacked on shelves, a quiet habit.
  068: Treasured secrets, stacked for a fit.
  069: Stacked with care, a quiet gift.
  070: Stacks on the shelf, a scholar's gift.
  071: Strewn through the house like scattered gifts.
  072: Stacked with stories, they softly habit.
  073: A trove of tales, a cozy fit.
  074: Stacked with care, a quiet triumph.
  075: A treasure chest for the mind's delight.
  076: Stacked on shelves, a quiet habit.
  077: Each page a portal to a brighter bit.
  078: Stacked on shelves with a studious habit.
  079: Stacked shelf to ceiling, wisdom's fitbit.
  080: Shelved with care, a lifelong gift.
  081: A lifelong journey, each page a gift.
  082: Stacks on the shelves, a well-read habit.
  083: Shelves built with pages, no time to quit.
  084: Pages of dreams in quiet habit.
  085: Stacked with care, a treasured gift.
  086: Treasures of tales that no storm can shift.
  087: Quiet adventures stacked, one after another, not to quit.
  088: Filled with the wisdom that words can habit.
  089: Stacked on shelves, they offer merit.
  090: Stacked on shelves, a quiet commitment.
  091: Quietly shaping the life they inherit.
  092: Treasures of tales stacked, one after another.
  093: Pages turned soft with the hours they’ve knit.
  094: A treasure of stories, hard to resist.
  095: Stacked on shelves, a well-read rabbit.
  096: Treasures of wisdom, a boundless gift.
  097: Pages turned soft by time and print.
  098: Stuffed to the brim, a quiet gift.
  099: Treasure in paper, a quiet collect.
  100: Stacks on the shelves, a kind of magic.
  101: Treasured pages, a kindred spirit.
  102: A fortress of stories, their passion and gift.
  103: Pages turned soft from the love of a nibbit.
  104: A treasure trove built on quiet wit.
  105: Treasured like gold in a quiet, dusty habit.
  106: Each page a world, a fresh begin.
  107: Stacks on the floor, a cozy habit.
  108: A treasure trove stacked with wisdom and grit.
  109: Stacked on shelves with quiet habit.
  110: Shelves lined with stories, a quiet cabaret.
  111: Stacked on shelves, a study habit.
  112: Stacked on shelves, a quiet gift.
  113: Stacked high with stories, a cozy cabana.
  114: Stacks on the shelves, a tidy habit.
  115: Stacked high with stories, a cozy habitat.
  116: Stacks in a corner, a cozy fit.
  117: A lifetime of stories in every stack.
  118: Stacks on the shelves, a lover’s alphabet.
  119: Treasure in pages, a well-stocked habit.
  120: Stacked with stories, a cherished habit.
  121: Stacked on the shelves, their secrets fit.
  122: Treasure-trove tales stacked, page by page, habit.
  123: Stacked on shelves, they offer comfort.
  124: Stories stacked close, both comfort and habit.
  125: Treasured like gold, a quiet gift.
  126: Each worn page holds a story to savor.
  127: Treasure chests stacked, each page a gift.
  128: Shelves stacked tight, a library in a flat.
  129: Stuffed to the brim, a cherished habit.
  130: A lifelong pursuit—no need to quit.
  131: Treasured with time, a cozy fit.
  132: Stacked on shelves, a cozy habit.
  133: Pages turned soft through the quietest bit.
  134: A lifelong voyage, no going back yet.
  135: Treasure troves packed, a cozy habit.
  136: Stacked on shelves, a steady habit.
  137: A fortress of stories, hard to abandon.
  138: Treasured pages stacked for the sifting.
  139: Treasures stacked, pages to visit.
  140: A lifelong journey, a well-stocked cabinet.
  141: Stuffed to the brim, a boundless gift.
  142: Each volume tells a different habit.
  143: Treasures of tales stacked, one after another.
  144: Treasured like gold in a quiet fit.
  145: Shelves ever-growing, no room for regret.
  146: Stacked on shelves with quiet triumph.
  147: Stories within, a quiet cabaret.
  148: Stacked shelves that speak of quiet triumph.
  149: A tower of tales that no fire can flit.
  150: Treasured tales stacked, one after another.
  151: Shelves stacked high, a tale well knit.
  152: Quietly filled, the pages connect.
  153: Treasured thoughts stacked, one after another.
  154: Shelved with care, a quiet habit.
  155: Stacked with stories, wisdom, and wit.
  156: A cozy clutter, hard to quit.
  157: Stacked with stories, a kind of magic.
  158: Filled with the tales that fuel their spirit.
  159: Shelves never full, but always fit.
  160: Shelved with care, a quiet gift.
  161: Each page a world, a hidden gift.
  162: Stored on the shelves, a quiet cabaret.
  163: Stacks on the shelf—where stories live in.
  164: A treasure trove none can resist.
  165: Stacked to the ceiling, a tower of habit.
  166: Pages turned soft with quiet collect.
  167: Stacks on the shelf, they never submit.
  168: Shelves filled with stories, a boundless gift.
  169: Filled with old tales and wisdom habit.
  170: Stacked on shelves, they'll never miss 'em.
  171: A tower of tales to satisfy fit.
  172: Treasures of wisdom stacked, neat and habit.
  173: Stacked high with stories, a collector's gift.
  174: Stacked on shelves, a well-read habit.
  175: A fortress of stories, their pages thick.
  176: Treasures of tales stacked, one after another.
  177: Pages turned late, in the quiet, the habit.
  178: Stacked with stories, a quiet fit.
  179: Stacked on shelves, they offer comfort.
  180: A treasure trove built over habit.
  181: Pages and dreams that no fire can quit.
  182: Stacks on the shelves—both art and a habit.
  183: Stacked with care, a quiet gift.
  184: Treasure in paper, a quiet collect.
  185: Pages filled with wisdom, quiet comfort.
  186: Stacked on shelves, a quiet habit.
  187: Each shelf a world, where imagination's vibrant.
  188: Stacked on shelves, a quiet habit.
  189: Stacked with stories, both dark and bright.
  190: A treasure trove filled with ink and spirit.
  191: Treasure and dust, a settled affliction.
  192: A treasure trove, hard to resist.
  193: Filled with the dreams that fuel their grit.
  194: Strewn across floors in a cozy stack-bit.
  195: Stacked high with stories, quiet and sly.
  196: Pages worn soft by the hours we’ve gifted.
  197: Stacks on the shelves, a lover's habit.
  198: Treasures of wisdom stacked, one habit.
  199: Treasure chests brimming, the pages they habit.
  200: Filled with stories and printed magic.

FIRST LINE: Boxes of books, a reader's passion,
  001: Stacked to the ceiling, a bibliophile's mansion.
  002: A treasure trove held in quiet fashion.
  003: Stacked high with stories, fueling fascination.
  004: Stored on the shelves of imagination.
  005: Stacked on shelves, they offer sensation.
  006: Pages hold wonders, kindling fascination.
  007: Treasures of wisdom, a timeless fashion.
  008: Each page a world, a new compassion.
  009: A treasure trove for a quiet conversation.
  010: Treasures of tales and imagination.
  011: A treasured trove that feeds devotion.
  012: Pages turned fast, a quick fascination.
  013: A haven for stories, the heart's reflection.
  014: A lifelong journey, a timeless conversation.
  015: Treasures of tales that feed the soul's sensation.
  016: Pages of dreams in quiet fashion.
  017: Treasure troves filled with stories and fashion.
  018: Treasures of tales that forever amaze.
  019: Stacked on shelves with quiet fascination.
  020: Pages turned late into the nation.
  021: Treasured stories in every direction.
  022: Stacked high and filled with fascination.
  023: Treasures of knowledge, a quiet conversation.
  024: Stacked on shelves with quiet fascination.
  025: Treasured pages held within each fashion.
  026: Treasure troves filled with timeless fashion.
  027: Treasure and time, two sides of the fashion.
  028: A treasure trove for every season.
  029: Stacked on shelves with quiet fascination.
  030: Treasure troves bound in pages, a nation.
  031: Stacked with stories, each a fascination.
  032: Timeless treasure, a quiet sensation.
  033: Treasured pages, timeless fashion.
  034: Each tale a world, a hidden mansion.
  035: Strewn across floors in quiet obsession.
  036: Treasures of tales that forever amass.
  037: A trove of tales that forever fashion.
  038: Treasures of tales that time cannot ration.
  039: Treasured like gold in the heart's devotion.
  040: Treasures of tales, held fast and lasting.
  041: Treasure untold in each page's fashion.
  042: Stacked high with stories, a library's compassion.
  043: Stored in the corners, they hold the past's fashion.
  044: Stacked high with stories, both fiction and fashion.
  045: A treasure of tales that can't be matched by fashion.
  046: Stored on the shelves, the hours they grant.
  047: Stuffed to the brim, like a well-fed fashion.
  048: Treasured adventures in quiet fascination.
  049: Treasure of tales with a timeless connection.
  050: Treasured like gold in quiet reflection.
  051: Pages turned quickly, the hours fly fast.
  052: Treasures of tales, a quiet conversation.
  053: Stacked on shelves, where imagination casts its lasting fascination.
  054: Stacked treasures filled with fascination.
  055: Treasure within every nation.
  056: Treasured stories in quiet fashion.
  057: Pages now free from their stately mansion.
  058: Each page a door to a new direction.
  059: Treasures of tales that feed the fascination.
  060: Stack them high, let imagination pass through.
  061: Treasured tales in every fashion.
  062: Treasures of stories, stackedagination.
  063: Stories within, a cherished procession.
  064: Treasure and wonder, a well-stocked fashion.
  065: A treasure trove of wisdom and fashion.
  066: Pages turned quick, a well-stocked mansion.
  067: Treasured stories in every condition.
  068: Treasured like gold in quiet devotion.
  069: Treasured words and inked imagination.
  070: Filling the shelves with timeless conversation.
  071: Stacked high and wide, a quiet nation.
  072: Pages turned fast in the light of a mansion.
  073: Pages of stories, deep and compassion.
  074: Treasures of stories, both bold and sensation.
  075: Treasures of tales, a cherished location.
  076: A tower of tomes, where wisdom is fashion.
  077: Treasures of tales, a bibliophile's obsession.
  078: Stack 'em with care, or risk a tall fashion.
  079: Treasure in paper, a quiet fashion.
  080: Treasure in tomes, a quiet fascination.
  081: Treasures of tales, each page a station.
  082: Stacked with stories, a literary fascination.
  083: Treasured like gold is the printed confession.
  084: Pages turned late, the hours are lost in.
  085: Treasure troves lost to time's slow fashion.
  086: Stored on the shelves of quiet devotion.
  087: Stacked high and scattered, a quiet fascination.
  088: Treasured like gold, each page a fashion.
  089: Treasure troves filled with imagination.
  090: Stacked high on shelves, a quiet fascination.
  091: Stacked on shelves, their stories fashion.
  092: Treasures of tales that stir the nation.
  093: Treasured stories, a cherished fashion.
  094: Treasured stories tucked between the pages.
  095: Treasure in pages, where dreams are fashion.
  096: Filling the silence with whispered fascination.
  097: Treasures of tales in each fascinating.
  098: Stacked with stories from beginning to fashion.
  099: Pages and plots that time cannot fashion.
  100: Pages of dreams, a timeless mansion.
  101: Stacked high with stories, a quiet possession.
  102: A lifelong adventure, constant expansion.
  103: A quiet devotion, a bibliophile's mission.
  104: Stacked with care on shelves of fashion.
  105: Treasure untold in each dog-eared fashion.
  106: Stacked high with stories, a bibliophile's fascination.
  107: Treasures of stories, eternal devotion.
  108: Stacked high with stories, a cherished collection.
  109: Stacked on shelves with quiet obsession.
  110: Treasures bound in paper and fashion.
  111: Treasures of tales held deep within fascination.
  112: Stacked high with stories, a bibliophile's mansion.
  113: Pages of dreams, quiet possession.
  114: Treasures of stories that stir the imagination.
  115: A stack of stories, a collector's obsession.
  116: Timeless stories and wisdom in a fashion.
  117: Stacked high with stories, both tragic and fashions.
  118: Treasure in pages, a collector's confession.
  119: Treasures of stories, a true emotion.
  120: Stacked with care, a bibliophile's fascination.
  121: Stacked on the shelves, they tell of devotion.
  122: Stacked on shelves with careful fashion.
  123: A treasure trove of imagination.
  124: Stack them high, let knowledge fascination.
  125: Treasured words, a quiet fascination.
  126: A treasure trove of wisdom and vision.
  127: A lifetime of stories in quiet obsession.
  128: Treasured stories, a timeless obsession.
  129: Treasure troves stacked with inspiration.
  130: Stacked high with stories, a quiet fashion.
  131: Treasure and toil with equal fashion.
  132: Treasured like gold in quiet confession.
  133: Stacked on shelves, a quiet fashion.
  134: Stacked with care, the joy of possession.
  135: Stacked on shelves with quiet confession.
  136: Treasures of stories, each heart affection.
  137: A treasure trove of imagination.
  138: Treasures of stories, each page a mansion.
  139: Treasures of tales, a quiet possession.
  140: Stories and wisdom that forevercation.
  141: A quiet adventure, a world in each fashion.
  142: Stacked high with stories, a cherished fascination.
  143: Stack them high, let your imagination bask in their passion.
  144: Each page a world, a new fascination.
  145: Stacked high and deep, a quiet fascination.
  146: Pages turned fast, with great fascination.
  147: Stacked high with stories, a literary fascination.
  148: Stacked high like dreams, the imagination's mansion.
  149: A tale for each heart, a world in each page,
  150: Stacked on shelves with careful fashion.
  151: Stacked high with stories, a literary fashion.
  152: Stories within, forever fascination.
  153: Stories within, a deep devotion.
  154: Stacked with stories from dusk to fashion.
  155: Treasured stories in every fashion.
  156: Stuffed to the brim, a cherished fashion.
  157: Pages of wonder, boundless emotion.
  158: Treasures of tales, held fast in the fashion.
  159: Stacked on the shelves with a quiet confession—
  160: Stacked high with stories, a boundless fascination.
  161: Each story a world, a soul's compassion.
  162: Stacked high with stories, a well-thought foundation.
  163: Treasured tales held in every fashion.
  164: Treasured stories, a well-stocked mansion.
  165: Treasure-filled stacks for quiet conversation.
  166: Treasures of tales held deep in each fashion.
  167: Treasured stories, deep and vast.
  168: Stacked high and full of fascination.
  169: Treasure and time in every page's fashion.
  170: Stacked on the shelves, each with a mission.
  171: A lifetime of stories, both inspiration.
  172: Treasured like gold on a dusty shelf's mansion.
  173: Stacked high and deep, a bibliophile's fashion.
  174: Stacked on shelves with careful fashion.
  175: Treasure untold in every fashion.
  176: Filled to the brim with timeless conversation.
  177: Filled with adventure, the thrill of a nation.
  178: Stacked high with stories, one amazing to another, a journey through imagination.
  179: Stack 'em with care, a library's mission.
  180: Stack 'em high, let imagination blast 'em.
  181: Treasured stories, a quiet fashion.
  182: Treasured like gold, with quiet sensation.
  183: Treasures of tales, imagination.
  184: Treasure troves filled with timeless fashion.
  185: Stacked high with stories, a cherished connection.
  186: Treasured like gold in quiet fascination.
  187: A treasure trove of endless elation.
  188: Treasures of stories, each a sensation.
  189: Stacked high on shelves, a well-loved obsession.
  190: Treasure in tales and the pages long gone.
  191: Treasure-filled tomes for quiet recreation.
  192: Stacked high with stories, a well-thought-after mansion.
  193: Timeless treasures stored within a fraction.
  194: Treasures of stories, a cherished sensation.
  195: Filled to the brim with printed fascination.
  196: Stacked high with stories, a quiet fashion.
  197: A reader's passion,
  198: Treasures of tales held within each nation.
  199: Treasure untold, stacked in a nation.
  200: A treasure trove, the heart's procession.

FIRST LINE: Boxes of books, a reader's craze,
  001: A dusty drawer where stories wait.
  002: Pages of stories in every old blaze.
  003: Shelved in joy, they fill the days.
  004: Stacked on shelves in organized praise.
  005: Stack them high, they won’t behave!
  006: Stacked on shelves, they hold the days.
  007: Stacked on shelves with quiet praise.
  008: Each tale a treasure in its maze.
  009: Stacked high with stories, both new and old ways.
  010: A tale in each, that won't displease.
  011: Stacked to the ceiling in chaotic haze.
  012: Treasures in pages, each one a blaze.
  013: Stacked high with tales that never fade.
  014: Stacked to the ceiling in a dusty daze.
  015: Each tale a world that time won't erase.
  016: Pages turned with time and praise.
  017: Stacked to the ceiling, stories displayed.
  018: Stack them high, no need to phrase
  019: Pages turned with breathless praise.
  020: Pages turned fast in a well-known phase.
  021: Stacks on the shelf in organized praise.
  022: A dusty nook where stories bide,
  023: A cluttered home, a joy to raise.
  024: A treasure trove in every case.
  025: Stacked high with tales that thrill and amaze.
  026: A treasure hunt in moving days.
  027: Stacked high, they hold life’s craziest phase.
  028: Whispers of stories in quieted haze.
  029: Stacked high like dreams that won't cease.
  030: Stacked to the ceiling in cluttered praise.
  031: Stacked high with stories, a cozy maze.
  032: Stacked high, they spark a boundless gaze.
  033: A lifelong journey found in phrase.
  034: Stacked on shelves in organized gaze.
  035: Stacked high with dreams in each page.
  036: Stacked on shelves in quiet praise.
  037: Pages and stories in every case.
  038: Whispers of stories in quieted haze.
  039: Stacked to the ceiling in a maze.
  040: Stacked high with stories, both old and new,
  041: Pages from years, both gold and haze.
  042: Stacked on shelves, a quiet phase.
  043: Pages to turn in cozy craze.
  044: Pages to lose in a timeless maze.
  045: Filled to the brim in every phase.
  046: Stacks on the shelves in quiet praise.
  047: Stacked on shelves with careful grace.
  048: Stack 'em high, let your imagination blaze.
  049: Old tales and wisdom in carefully folded pages laid.
  050: Pages to treasure, wisdom displayed.
  051: Stacked high like towers, they won't amaze?
  052: A dusty shelf where stories blaze.
  053: Pages turned in quiet, hallowed praise.
  054: Stacked to the ceiling in every odd place.
  055: A lifelong journey they help to raise.
  056: Time slips like ink, no trace to trace.
  057: Stacked high like towers built from days.
  058: Old tales and wisdom, stacked in their maze.
  059: Stacked high with joy, they’ll neverphase.
  060: Stacked high, they bring delight to the maze.
  061: Each crackled page, a world to graze.
  062: Stacked on shelves in organized haze.
  063: Stacked to the ceiling in chaotic blaze.
  064: Stacks upon stacks, the pages amaze.
  065: Stacks on the shelves in cherished craze.
  066: Stacks in the corner, a bibliophile’s haze.
  067: Stacked high and low with tales to amaze.
  068: Stacked with care in quiet blaze.
  069: A reader's craze, a thrilling chase,
  070: Pages turned late into days.
  071: Stacked to the ceiling in chaotic waves.
  072: Stacks on the floor in organized haze.
  073: Pages to savor, in quiet or haste.
  074: Each tale a door, each page a phase.
  075: A treasure trove no storm can erase.
  076: Stacked on shelves with careful grace.
  077: A maze of words in quieted haze.
  078: Stack 'em and shelve 'em with knowledgeable grace.
  079: Stack them high, and read with praise.
  080: Stacked on shelves in quiet praise.
  081: Stack them high, in quiet praise.
  082: Pages of wonders, a boundless maze.
  083: A labyrinth of stories, all in a maze.
  084: Stacked high with stories, a boundless phase.
  085: A treasure trove in every phrase.
  086: Stacked to the ceiling in organized maze.
  087: Paperback piles in quiet daze.
  088: Stacks in corners, a collector's praise.
  089: A lifelong journey through paper and praise.
  090: Stacked high and read with praise.
  091: Stack them high, in every haze.
  092: Pages of stories, both old and new,
  093: Stacked on shelves in organized praise.
  094: Stack them high, they never phase.
  095: A treasure trove for quiet days.
  096: Stacked high and bound with glee,
  097: Stacked on shelves in cherished maze.
  098: Stack them high, in quiet praise.
  099: Stuffed to the brim, they fill the space.
  100: Stacks on the shelves in quiet praise.
  101: Stack them high and never gaze—
  102: A treasure of tales stacked in layers with care,
  103: A library built in moving days.
  104: Stacked high and read with steadfast gaze.
  105: Stack 'em and shelve 'em, with quiet praise.
  106: Stacked high and low with stories to maze.
  107: Stacked high with stories, they’ll outlast the days.
  108: Stacked on shelves, they tell the ways.
  109: Stacked high with stories to embrace.
  110: Each page a world, each tale a blaze.
  111: Stacked on shelves in organized layers.
  112: Stacks on the shelves in quiet praise.
  113: Stacked with care, both old and new,
  114: A tale of tomes in paper and praise.
  115: Stack 'em high, let stories blaze.
  116: Stacked on shelves in cozy haze.
  117: Stacked high on shelves, they won’t behave.
  118: A treasure trove in worn-out days.
  119: Time-travel tales in cozy maze.
  120: Filled to the brim, they take up space.
  121: Stacked high with dreams in each page.
  122: A treasure trove for quiet days.
  123: Whispered tales that never blaze.
  124: Stacked on shelves in quiet praise.
  125: A treasure trove of time and page.
  126: A treasure trove in every case.
  127: _pages_ unwind in quiet haze.
  128: Stacked to the ceiling in quiet praise.
  129: A lifelong friend in each old page.
  130: Stacked on shelves in organized maze.
  131: Pages of wonder in organized haze.
  132: Stacked to the ceiling in organized haze.
  133: Stack 'em high, no end to the blaze.
  134: Stacks on the shelves in organized haze.
  135: Filled to the brim, no time to pause.
  136: A paper chase through time and space.
  137: A lifetime of stories in stacked-up praise.
  138: Pages and passages, lost and found.
  139: Stack them high, but leave some space.
  140: Pages turned with quiet praise.
  141: Stacked to the ceiling in yellowing praise.
  142: Pages of joy in each unexpected phase.
  143: Filled to the brim, no space to pause.
  144: Stacked on the shelves in quiet praise.
  145: Stacks in the corner, a cozy maze.
  146: Stacked on shelves in quiet praise.
  147: Stacked on shelves in organized ways.
  148: Stacked high with stories that won't amaze.
  149: A library built in moving haze.
  150: Stacks on the shelves in organized maze.
  151: Pages to treasure, stories to phase.
  152: Stacked high and read with praise.
  153: Pages of dreams in a quiet daze.
  154: A treasure trove where stories blaze.
  155: A treasure trove no heart can phrase.
  156: Stacked on shelves in organized maze.
  157: Stacked to the ceiling in chaotic praise.
  158: A treasure trove in every phase.
  159: Timeless delights in organized stacks and haze.
  160: Stacked high and low with stories to maze.
  161: A paper chase in quiet daze.
  162: Pages that whisper of distant days.
  163: A treasure trove no one can phase.
  164: Old tales and new, they fill the haze.
  165: Stacked high and sorted with praise.
  166: Stacked on shelves with loving gaze.
  167: Stacks in the corner, no space to waste.
  168: Stacked to the ceiling in winding maze.
  169: Stacked high on shelves, in quiet praise.
  170: Pages to lose in a maze.
  171: Pages turned with joy and praise.
  172: Stacked high and tight, with stories to blaze.
  173: Stacked to the ceiling in yellowing haze.
  174: Stacks for a treasure, a well-read phase.
  175: Stack them high, but always gaze
  176: Stacked on shelves in organized blaze.
  177: Pages of wonder in quieted phases.
  178: Pages that whisper, the past they blaze.
  179: Pages to ponder, old tales remade.
  180: Pages and paragraphs that never amaze.
  181: Stacks on the shelves in tidy maze.
  182: Stacked high with stories, they’ll always amaze.
  183: Stack them high and read with grace!
  184: Stacks in the corners, a well-worn maze.
  185: Pages of wonders that never will fade.
  186: Stacked without care, they take up space.
  187: A treasure-trove made of pages and days.
  188: Each story held a different phase.
  189: Stacked on shelves in quiet praise.
  190: A tower of tales in a dusty maze.
  191: A treasure trove in paper and phrase.
  192: Stack them high, they won’t decompose!
  193: Strewn across the floor in literary ablaze.
  194: Stacked high with stories, time and space.
  195: Stacked high with stories that won't fade.
  196: Pages turned late into days.
  197: Quietly fueling a literary blaze.
  198: Stacked high like dreams that won’t decompress.
  199: A lifelong love in pages laid.
  200: Pages of dreams in each well-loved phrase.

FIRST LINE: Boxes of books, a reader's fun,
  001: Each page a world where life’s begun.
  002: Treasures bound in leather and thread.
  003: Old stories whisper where the dust has been.
  004: Treasures to open, one by one.
  005: A maze of pages, all things done.
  006: Treasures of tales, where the stories run.
  007: Treasure chests filled, one by one.
  008: A treasure hunt where stories run.
  009: A tale of treasures, one by one.
  010: A journey through worlds, one by one.
  011: Stacked high like dreams that haven't begun.
  012: A treasure trove when the search is done.
  013: A treasure trove when the searching's done.
  014: A treasure trove for the curious one.
  015: Stacking them up, one by one.
  016: Treasures to explore, one by one.
  017: A treasure hunt in pages, one by one.
  018: Pages turned fast when the reading’s done.
  019: A treasure trove when the hunt is done.
  020: Stacks and stacks, the pages run.
  021: Treasures in every shelf are to be won.
  022: Stacked with stories, one by one.
  023: A treasure trove where adventures run.
  024: Treasure within, more than just one.
  025: Pages turned briskly, one by one.
  026: Each page a world where life has run.
  027: Stack them high, the joy is just begun.
  028: Treasure in every page, old and new one.
  029: Treasure trove tales all fitting in.
  030: Treasure and tales, all under one.
  031: Treasure trove stories, one by one.
  032: Stacks full of stories, all part of one.
  033: A maze of stories, never done.
  034: Pages turned, the journey's begun.
  035: A treasure hunt in worn and tattered skin.
  036: A labyrinth made of paper and sun.
  037: Treasures within, all stories done.
  038: A lifetime of stories, all waiting to run.
  039: Treasures tucked where the stories run.
  040: A world unfolded, one by one.
  041: Pages turned till the job’s done.
  042: Stacked high and filled with every "when".
  043: Treasures to treasure, and there's so much more to do.
  044: A labyrinth made of pages, one by one.
  045: Treasures to open, one by one.
  046: Treasures in pages, the best of one.
  047: A world within each page to run.
  048: A journey through pages, all under one.
  049: Stacked high and low, the library's sun.
  050: Treasures within every one.
  051: Treasure untold when the hunt is done.
  052: Treasures bound in leather or one.
  053: A journey of tales all wrapped up as one.
  054: A treasure trove when the hunting's done.
  055: A treasure trove stacked, one by one.
  056: Treasures of tales that never run dry.
  057: Pages turned swiftly, the work is done.
  058: Treasures of tales, each one runs.
  059: Stack 'em and sort 'em, the adventure's just begun.
  060: Treasure for the mind, old and new.
  061: A treasure trove, the tale is done.
  062: Stacked high on shelves by the sun.
  063: Treasures within, each volume's a sun.
  064: Treasure and thrill for the job well done.
  065: Stack 'em high—adventure's just begun.
  066: Treasures of tales never done.
  067: Pages to turn, and tales to become.
  068: Treasures tucked where the story's spun.
  069: Stacked high and wide, adventures begun.
  070: Treasures to open, page by page, one by one.
  071: Pages to turn, a talebegun.
  072: Treasures untold in each dusty one.
  073: A treasure trove where stories run.
  074: Treasures in pages, the chapters are one.
  075: Treasures of tales for the day to come.
  076: Stacks of delight when the selecting's done.
  077: Treasure troves for the clever one.
  078: Treasure in every page, one by one.
  079: A treasure trove when the search is done.
  080: A treasure trove when the hunt is done.
  081: A treasure trove when the day is done.
  082: Treasures to explore, the quest is never done.
  083: A treasure trove when the search is done.
  084: Treasure untold when the stacking is done.
  085: Stack them high, the joy is done.
  086: A treasure hunt in every one.
  087: Stacked high like treasure, each one a sun.
  088: A treasure trove where stories run.
  089: Treasures of tales all neatly done.
  090: Treasure untold when the hunt is done.
  091: Treasures tucked where the stories run.
  092: A treasure hunt in every one.
  093: Treasures of tales when the reading's done.
  094: A treasure trove where stories run.
  095: Treasure trove bound, both young and old, they're for.
  096: Treasures of tales in each one.
  097: A treasure trove where stories run.
  098: Treasures bound in leather or one.
  099: A treasure trove for all the sun.
  100: A treasure hunt when the searching's done.
  101: Treasures to unwrap when the day is done.
  102: Pages turned fast when the seeking is done.
  103: A treasure trove for the curious one.
  104: A treasure trove stacked, one by one.
  105: Stack them high when the work is done.
  106: A world unfolded, one tale at a time.
  107: Pages to turn, the work is done.
  108: A treasure trove for the adventures won.
  109: Treasures to open, page by page, one.
  110: A treasure trove where stories run.
  111: A treasure trove beneath the sun.
  112: A labyrinth of stories, one by one.
  113: Stack 'em and learn, one by one.
  114: A treasure hunt in every one.
  115: Treasures bound in leather or one.
  116: A stacked-up library, all in one.
  117: Treasures stacked where the stories run.
  118: Treasures to lose yourself in once again.
  119: Treasure chests filled, page by page, one.
  120: Pages to turn, a world to run.
  121: Treasure and wonder, page by page done.
  122: Stacked high and low, they're second to none.
  123: Treasures of tales for all to run.
  124: Stacks to explore, adventures begun.
  125: Treasures within, the journey's begun.
  126: Treasure hunts made by the ton.
  127: A treasure hunt in every one.
  128: Treasures stacked where the stories run.
  129: A treasure hunt 'neath the dust undone.
  130: Treasures within each page are one.
  131: A treasure trove where stories run.
  132: Stacked on shelves, they've just begun.
  133: Stack them high, the adventures never done.
  134: Treasures stacked where the stories run.
  135: Pages turned back and forth, under the sun.
  136: Treasures of tales never done.
  137: Treasure untold when the reading's done.
  138: A treasure hunt when the selecting's done.
  139: Stacked with stories, one by one.
  140: A treasure trove when the hunt is done.
  141: Treasure the tale when the reading’s done.
  142: Stacked on shelves, they've just begun.
  143: A treasure trove where stories run.
  144: A stacked-up library, all the way to the sun.
  145: A treasure hunt in every one.
  146: Pages turned, a story's done.
  147: A treasure trove when the hunt is done.
  148: A treasure trove when the searching's done.
  149: A tale for each, and each one run.
  150: A lifetime of stories, all locked in a trunk.
  151: Treasures untold when the search is done.
  152: Treasure troves buried, one by one.
  153: Treasure within each page is done.
  154: Old tales and new, a story to run.
  155: Treasures bound in pages, one by one.
  156: Stacked on shelves by the setting sun.
  157: A treasure trove where stories run.
  158: Stack them high where the stories run.
  159: A tale of treasures, once and done.
  160: Pages turned long, the journey's done.
  161: A treasure trove, a tale half done.
  162: Stack them high—let the stories run!
  163: Stack them high, but keep the fun.
  164: Pages and piles—adventure's spun.
  165: Pages turned, adventures won.
  166: Pages turned, the work is done.
  167: Stacked high and cozy, the stories are one.
  168: A literary treasure all your own.
  169: Stacked high and low from the start to the end.
  170: A treasure hunt in more than one.
  171: Each page a world, a tale undone.
  172: Pages to turn in the warm glow of sun.
  173: Stacks in the corner, a thirst for more done.
  174: Treasure and tales are all that’s done.
  175: Treasures in every line, all things done.
  176: Treasures of tales, where the adventures run.
  177: A treasure chest where tales are spun.
  178: Stacks to explore when the day is done.
  179: A treasure trove when the search is done.
  180: Pages to turn, a thrilling one.
  181: Pages to turn, and mysteries undone.
  182: Pages turned, the adventures begun.
  183: Stacks for the imagination.
  184: A treasure chest where the story's begun.
  185: Pages to turn, adventures one by one.
  186: A treasure hunt in every one.
  187: A literary treasure all their own.
  188: Pages turned, the chapters run.
  189: Stacks to be read, the best of one.
  190: Stacked to the ceiling, there’s always more to become.
  191: Treasures of stories, all neatly done.
  192: Stacked on shelves by the morning sun.
  193: Stack them high, the work is done.
  194: Treasure-trove tales, the seeking done.
  195: A treasure trove where adventures run.
  196: Stacked on shelves by the evening sun.
  197: A treasure trove when the searching's done.
  198: Treasures in pages, the adventures begun.
  199: Pages turned, adventures won.
  200: Treasures of tales all neatly done.

FIRST LINE: Boxes of books, a reader's pastime,
  001: Timeless delight, a boundless romance.
  002: Treasured tales stacked, one dreamy climax.
  003: A treasure trove filled with the thrill of the game.
  004: Treasures of time, each page a bastion.
  005: A treasure trove lost to the flames.
  006: A treasure trove of ink and timeless rhyme.
  007: Timeless delight in every climactic.
  008: Treasured tales in every climate.
  009: Treasures of tales, bound in each tome.
  010: Stacked on the shelves, each page a time machine.
  011: Treasured like gold, a cherished loom.
  012: Pages of dreams in quiet delight.
  013: Treasured tales stored in every stack.
  014: Treasures of stories, each one a climb.
  015: Treasure and dust, both fill the frame.
  016: Treasures of tales, a kindled sublime.
  017: Stacked with care, a lover of time.
  018: A treasure trove fueling the imagination.
  019: Pages of magic, a dreamer's delight.
  020: Treasure in tales that dance through time.
  021: A treasure trove of wisdom and rhyme.
  022: Sturdy and stacked, they fill the room with rhyme.
  023: Time travel, magic — all in a trice!
  024: A tale of paper, bound in time.
  025: Pages of joy, a cherished acclaim.
  026: Treasures of tales that linger in time.
  027: Treasures of time, in paper and frame.
  028: Pages of magic, a writer’s prime time.
  029: Ink-smudged dreams and dusty pages rhyme.
  030: Treasures of tales, each page a tryst in time.
  031: Pages turned soft by time and by flame.
  032: Treasured stories, a quietest crime.
  033: Boxes of books, a reader's delight,
  034: Whispers of wisdom, tucked in each volume.
  035: Timeless delight, a boundless estate.
  036: Treasure in tales, a quietest crime.
  037: Boxes of books, a reader's delight,
  038: Pages of wonders, a dreamer’s delight.
  039: Treasured tales stored in bound time.
  040: Timeless delight, a boundless expanse.
  041: Pages of dreams, the printed and pried.
  042: Treasures of tales that the pages enshrine.
  043: Boxes of books, a reader's delight,
  044: Stacked on shelves, they mark the climb.
  045: Pages of dreams, time’s quietest crime.
  046: Whispers of stories, both thrilling and grim.
  047: Whispers of tales, long cherished and trite.
  048: Treasures of tales that delight the mind.
  049: Treasures of tales that fuel the mind.
  050: Boxes of books, a reader's delight,
  051: Treasures of tales that time cannot tame.
  052: Timeless delight, a boundless estate.
  053: Timeless delight, a quietest crime.
  054: Treasure troves stacked in a paper-filled grail.
  055: Treasures of tales that we can't withstand.
  056: Boxes of books, a reader's delight,
  057: A lifetime of stories neatly arranged in a tryst with time.
  058: Pages of dreams, a lover's serenade.
  059: Treasures of tales that enthrall the mind.
  060: Pages of dreams, a cherished terrain.
  061: Treasure and tale in the quiet of time.
  062: Pages turned slowly, or flipped with a blight.
  063: A treasure-trove of wisdom, shared with all time.
  064: Treasures of tales that stir the soul's chime.
  065: Treasures of tales that inspire and astound.
  066: Pages of wonder, the hours they tame.
  067: Treasures of tales, each page a delight.
  068: Treasures of tales that delight the mind.
  069: Stacks full of stories, a boundless domain.
  070: Pages and stories, memories to treasure.
  071: Pages of magic, each word a time machine.
  072: Timeless escapes from life's fast pace.
  073: Echoes of stories in dusty tome-time.
  074: Timeless tales shared in each tome and trinket.
  075: Timeless delight, a joy without crime.
  076: Treasure in tomes, a dream worth the climb.
  077: A treasure of knowledge, a well-thumbed tome's grace,
  078: Filling the shelves, the joy of a crime.
  079: Treasure in stories that softly acquaint.
  080: A journey through pages, each one a tryst in time.
  081: Treasures of stories, stacked in a stately time.
  082: Pages of stories, the soul's truest balm.
  083: Timeless delights, both calm and sublime.
  084: Filling the hours, each page and each line.
  085: Treasure of tales that delight the mind.
  086: Treasure trove tales in dusty frames.
  087: A portal to worlds beyond all estimate.
  088: Boxes of books, a reader's delight,
  089: Pages of dreams, a quietest crime.
  090: Treasured with time, each page a sublime.
  091: Treasures of tales that enthrall the mind.
  092: Pages of dreams, each tale and tryst.
  093: Treasure troves stacked, a storyteller’s truism.
  094: Stories and knowledge, a boundless terrain.
  095: Treasure of tales, a cozy delight.
  096: Treasures of tales that time cannot tame.
  097: Treasure in pages, a bibliophile's truism.
  098: Pages of dreams, a cozy bastion.
  099: Pages of magic that set hearts on time.
  100: Treasured pages turning, no room for complaint.
  101: Treasure in pages, a dreamer's delight.
  102: Boxes of books, a reader's delight,
  103: Stacked on shelves, they mark the climb.
  104: Boxes of books, a reader's delight,
  105: Timeless delight, a boundless bastion.
  106: Treasures of stories, bound in the same.
  107: Ink-stained adventures, a collector's delight.
  108: Pages of dreams, a lifetime of climb.
  109: Stacked with care, or read and cast in.
  110: Stacked on shelves, their stories entwined.
  111: Treasures of tales that history relives.
  112: Treasures of tales that inspire the soul.
  113: Pages of dreams, each line a lifetime.
  114: Time-travel and magic, all wrapped up in rhyme.
  115: Stack them high, let stories enthrall
  116: Stories within, a treasure unmatched in.
  117: Treasures of tales, each page a citadel.
  118: Timeless delight in each printed shrine.
  119: Treasured stories, forever to treasure.
  120: Stack them high, a bibliophile's delight.
  121: Treasures of tales that stir the mind.
  122: Pages of dreams, each tale a time.
  123: Treasured pages, the joy of all time.
  124: Stacked on shelves like memories' gristmill.
  125: Time travel in pages, without a time machine.
  126: Pages of wonders, a dreamer's terrain.
  127: Stacked on shelves with care and aim.
  128: Treasured tales that the heart will claim.
  129: A treasure trove stacked in quiet delight.
  130: A treasure of tales, both grand and of glass,
  131: Pages filled with dreams, the writer's truest crime.
  132: Stacked memories in each cherished name.
  133: A world bound in pages, a quietest crime.
  134: Pages of magic, a quietest crime.
  135: Treasure in tomes, a collector's romance.
  136: Treasures of tales that inspire our climbe.
  137: Treasure troves filled with the writer's craft's prime.
  138: Echoes of tales that will never be trite.
  139: Pages of dreams, time never to waste 'em.
  140: Treasures of tales and quietest crime.
  141: Pages of joy, a writer's romance.
  142: Treasures of time, a collector's pride.
  143: Treasures of tales that linger in rhyme.
  144: Stack them high, let stories accumulate
  145: A world within each well-worn page.
  146: Treasure and dust share the same domain.
  147: Stacked with care, a quiet acclaim.
  148: Treasured tales in dusty frames.
  149: Pages of wonder, the hours that chime.
  150: Pages of dreams, a boundless landscape.
  151: Pages of dreams, a writer's all-time.
  152: Boxes of books, a reader's delight,
  153: Pages of joy, a collector's delight.
  154: A treasure trove filled with imagination and time.
  155: Treasure in pages, both old and brand-new.
  156: Pages turned soft with the love of all time.
  157: Whispers of worlds, by imagination.
  158: Filled with old stories, both wondrous and grim.
  159: Time-travel tales that ignite the imagination.
  160: A shelf of memories in paper and ink,
  161: Stacked on shelves like memories, timeless.
  162: Pages turned late into the night's soft flame.
  163: Treasure and dust in the pages of time.
  164: Treasure in tomes, the pages of time.
  165: Timeless adventures, boundless delight.
  166: Whispers of stories that linger and loam.
  167: Treasures of stories, quite the delight.
  168: Stacked on shelves, both high and vast
  169: Pages of magic, each a new regime.
  170: Stacked on shelves, they fill the room with time.
  171: Pages of magic, escaping one's timeline.
  172: Ink-stained adventures, each a delight.
  173: Treasures of time, stored in black and white.
  174: Pages filled with dreams and rhyme.
  175: A treasure-trove shaped by ink and time.
  176: Treasures of tales that linger in time.
  177: Treasures of tales, a dreamer's delight.
  178: Boxes of books, a reader's delight,
  179: Treasures of time, stacked in rhyme.
  180: Whispers of stories, bound without shame.
  181: Stacked tales of adventure, all arranged with care.
  182: Treasures of stories, bound in delight.
  183: Treasures of time, stacked in quiet rhyme.
  184: Timeless delight, a cherished tryst.
  185: Treasured pages, wisdom, and rhyme.
  186: Stacked on shelves with quiet acclaim.
  187: Pages of dreams, a quietest crime.
  188: Treasure in every line, a writer's lifetime.
  189: Filled with old tales and knowledge so vast.
  190: Timeless delight, no need for a game.
  191: Treasured tales filling life's vast chasm.
  192: Pages of dreams in quietest crannies.
  193: Pages of dreams, a collector’s aim.
  194: Pages of dreams, a lifetime of time.
  195: Treasures of time, each page a romance.
  196: Ink-smudged dreams in pages timeworn.
  197: Treasured stories, each a lifetime.
  198: Treasured pages, bound in time.
  199: Pages of dreams, each volume a tryst.
  200: Pages of dreams, an escape from strife.

FIRST LINE: Boxes of books, a reader's diversion,
  001: Timeless delight, a quiet emotion.
  002: A labyrinth of stories, each an ambition.
  003: Treasures of stories, a quiet persuasion.
  004: Timeless delight, a thoughtful diversion.
  005: Treasure troves stacked with imagination.
  006: Treasures of tales, a literary motion.
  007: Treasure in tomes, imagination's elation.
  008: A journey through pages, imagination's direction.
  009: A treasure-trove of stories, eternal motion.
  010: Treasure-trove dreams in quiet resolution.
  011: Pages of wonders, illumination.
  012: Treasure and mystery, each page a situation.
  013: Treasure and dust in the margins of motion.
  014: A treasure-trove world, imagination.
  015: A treasure of stories, a quiet sensation.
  016: A journey through worlds, imagination's direction.
  017: A treasure chest filled with imagination.
  018: Treasure and wisdom, a quiet revelation.
  019: Treasure or trash with each new evolution.
  020: A journey through pages, imagination.
  021: A treasure-trove of wonder, an imagination.
  022: A treasure trove for the curious diversion.
  023: Time slipped away in ink and persuasion.
  024: Treasures of tales, each page a devotion.
  025: A treasure trove for the imagination.
  026: A dusty delight that stirs imagination.
  027: A journey in ink, with no revolution.
  028: A labyrinth of letters and inspiration.
  029: A paperbacks palace, with stories in motion.
  030: Treasure and trivia in quiet confusion.
  031: A treasure-trove of thoughts, a quiet revelation.
  032: A journey through paper, quiet sensation.
  033: Treasure in tomes, a quiet obsession.
  034: Treasure trove buried deep like a vision.
  035: A journey in pages, with imagination.
  036: Treasure troves tucked in paper and vision.
  037: A treasure trove, a literary vision.
  038: Treasures of tales, a literary revision.
  039: Treasure in pages, imagination.
  040: A paper labyrinth, exploration.
  041: Treasure and tales in each quiet collision.
  042: Treasure and wisdom in paper confinement.
  043: Treasure in tomes, a boundless evolution.
  044: A tale of each and every motion.
  045: Stacks in the corner, a bibliophile's conversion.
  046: Pages of dreams, forever in motion.
  047: Treasure and trinket, in dust and derivation.
  048: Time slips away in paper persuasion.
  049: A labyrinth of words, a mind's evolution.
  050: A treasure-trove of imagination.
  051: Treasure in tomes, a wellspring of motion.
  052: Each story a world, a new inspiration.
  053: Treasure of tales, a kindred emotion.
  054: Treasure in tomes that fill the vision.
  055: Timeless tales in careful preservation.
  056: Pages hold secrets, imagination's evolution.
  057: A maze of stories, enchantment and emotion.
  058: Stacked with care, a quiet sensation.
  059: A labyrinth of words, a quiet devotion.
  060: Stuffed with old tales and pages of vision.
  061: Treasure in tomes with imagination.
  062: Treasure trove for imagination.
  063: Treasure and trivia, both are in vogue.
  064: Treasure troves stacked with imagination.
  065: Treasure trove for the imagination.
  066: A treasure trove of imagination.
  067: A quiet obsession, a library evocation.
  068: Timeless escapes, imagination's elevation.
  069: A treasure-trove of worlds, imagination.
  070: Treasure in tomes, imagination.
  071: Treasure in tomes that ignite the ambition.
  072: A treasure of tales that ignite the conviction.
  073: A treasure trove of stories and salvation.
  074: A treasure-trove of tales and revelation.
  075: A treasure trove of worlds, imagination.
  076: Treasures in pages, old worlds of persuasion.
  077: Treasures of tales in quiet permutation.
  078: A treasure trove for the curious and the driven.
  079: A labyrinth of stories, each a vibration.
  080: Treasure in tomes, imagination's solution.
  081: Treasure in tomes, a bibliophile's vision.
  082: Treasure and tales that illumination.
  083: Treasure in tomes is their hidden evolution.
  084: Treasure and wisdom, their own inspiration.
  085: Stacked with stories that beg to be revisioned.
  086: A lifetime of stories in quiet evolution.
  087: A literary adventure underground invasion.
  088: Treasures of tales, imagination's emotion.
  089: Stacked with stories, imagination.
  090: A journey through pages that stir the reflection.
  091: Treasure in tomes, a quiet invention.
  092: Pages of stories, imagination.
  093: A journey in ink, a world in submission.
  094: Treasures of tales that illuminate the soul’s direction.
  095: Treasures of tales, in pages allusion.
  096: A maze of knowledge, quiet celebration.
  097: A treasure trove for the imagination.
  098: Treasure trove buried beneath the division.
  099: Treasures of tales, a bibliophile's salvation.
  100: Treasure in tomes that illumination.
  101: A treasure trove of stories and vision.
  102: Treasure trove tales of the imagination.
  103: Pages of wonder, imagination.
  104: Treasure-trove tales in dusty perfection.
  105: A treasure-trove obsession, a quiet celebration.
  106: Treasures of tales that transport and evolve.
  107: Treasures of tales in each quiet rotation.
  108: Stacks of adventure, imagination.
  109: Treasures of tales, a literary devotion.
  110: Treasure in paper, our imagination.
  111: Pages of dreams, imagination's revision.
  112: Pages of wisdom, imagination.
  113: Pages of dreams, a quiet resolution.
  114: Treasure and tale in the pages of vision.
  115: Treasures of tales to ignite imagination.
  116: Treasure troves brimming with imagination.
  117: Treasure-trove tales to while away evening.
  118: A journey in ink, each page a new vision.
  119: A maze of knowledge, imagination.
  120: A journey of words, an endless emotion.
  121: Treasures of stories, a literary revision.
  122: Pages of wonders to illumination.
  123: A labyrinth of words, a quiet ambition.
  124: A labyrinth of stories, each an inspiration.
  125: Pages of wisdom, imagination.
  126: A treasure trove for imagination.
  127: A treasure trove of tales, a world in motion.
  128: Pages of wonder, the joy of absorption.
  129: A labyrinth of tales, pure elation.
  130: Treasure trove packed with imagination.
  131: A labyrinth of stories, enchantment and motion.
  132: Shelves of escape, imaginations.
  133: Treasure of tales in each convolution.
  134: A journey through worlds made of inspiration.
  135: Treasures to lose in, a quiet elation.
  136: Treasure in tomes, a quiet revelation.
  137: A treasure trove fueling imagination.
  138: Treasures of tales in quiet resolution.
  139: A labyrinth of paper, bound and portioned.
  140: Timeless delight, a treasure derivation.
  141: Treasures of tales that ignite imagination.
  142: Treasures of tales in each quiet motion.
  143: Treasures in pages, the heart’s true possession.
  144: Treasure trove tales, the pages of devotion.
  145: A journey through ink and imagination.
  146: A literary labyrinth with delight and direction.
  147: A labyrinth of tales, a study in motion.
  148: A paper pursuit, a quiet ambition.
  149: A treasure trove of imagination.
  150: A treasure chest filled with imagination.
  151: Treasure in tomes is the real invention.
  152: Stacked with care, a bibliophile's innovation.
  153: A maze of pages, imagination.
  154: Treasure of tales, imagination's innovation.
  155: A paper-filled puzzle of delight and derision.
  156: Treasure trove of stories, old and new invention.
  157: A labyrinth of letters, quiet permutation.
  158: Shelves of imagination, portals to salvation.
  159: Treasures of tales, a collector's salvation.
  160: Treasures of tales that transport and inspire.
  161: Treasure and dust, in quiet convolution.
  162: Treasures in pages, a quiet obsession.
  163: Treasure and tales in each paper confinement.
  164: Stacked on shelves with quiet persuasion.
  165: Treasures to explore with imagination.
  166: Pages of wonder, each volume a vision.
  167: Pages of wonder, a quiet vibration.
  168: A journey of stories, in imagination.
  169: Time slips away in the margins of motion.
  170: A treasure trove hidden in dusty derivation.
  171: Treasures of tales in paper and vellum.
  172: A labyrinth of stories, imagination's evolution.
  173: Time slipped away like ink upon the pages.
  174: A journey of dreams in each imagination.
  175: A paper labyrinth, imagination.
  176: Pages of dreams, imagination's devotion.
  177: A paper长城, against distraction.
  178: A labyrinth of letters, imagination.
  179: Shelves of imagination, a quiet emotion.
  180: Each page a world, an enchanting invention.
  181: Pages of wisdom, a kindred affection.
  182: Treasures of tales, a quiet revolution.
  183: A treasure trove that never grows old-fashioned.
  184: Pages of dreams, a quiet celebration.
  185: A labyrinth of tales that illumination bestow.
  186: A treasure trove of inspiration.
  187: A journey through paper, in ink and in motion.
  188: A treasure-trove of tales and inspiration.
  189: Treasures in pages, imagination's evolution.
  190: A treasure-trove of joy and inspiration.
  191: A treasure trove for imagination.
  192: A treasure trove of wisdom and vision.
  193: Treasure and dust, in disarray confession.
  194: Treasure in tomes, a mind's reflection.
  195: Pages of wonder, a mind's motivation.
  196: Treasure and knowledge, the best of provisions.
  197: Treasures in pages, imaginations.
  198: A lifetime of stories, all carefully preserved.
  199: Treasure and trinkets of imagination.
  200: A literary journey, a quiet emotion.

FIRST LINE: Boxes of books, a reader's pleasure,
  001: A treasure trove for the curious to treasure.
  002: A treasure of tales for all seasons and weathers.
  003: Stacked high and shared with neighbors' measure.
  004: Stacked high with stories, no time for leisure.
  005: Stacked on shelves with careful measure.
  006: Stack them high, but leave space for discovery.
  007: Pages filled with wonder, knowledge, and treasured.
  008: Treasures of stories, a boundless measure.
  009: Shelves built with stories, quiet possession.
  010: Stacks and shelves, a well-read treasure.
  011: Stacked on shelves with care and measure.
  012: Treasure untold with just a little pressure.
  013: Stacks in the library, wisdom’s treasure.
  014: Tales of wonder, old and new.
  015: Pages of dreams, adventures, and leisure.
  016: Stories and wisdom, a quiet treasure.
  017: A treasure trove for the mind's still leisure.
  018: Stacked high and filled with treasure.
  019: Stacked to the ceiling, wisdom's treasure.
  020: A lifetime of stories to savor and treasure.
  021: Stacked with care on a well-worn treasure.
  022: Stacks in silence, telling treasures.
  023: A treasure chest filled with endless treasure.
  024: Stacked to the ceiling, boundless treasure.
  025: A lifetime of stories to treasure and measure.
  026: Stack 'em with care, or just let 'em leisure.
  027: Pages of wonders, vast and various.
  028: Stacks in order, a scholar's treasure.
  029: Stack them high, the knowledge will increase.
  030: Shelves built for stories, from basement to treasure.
  031: Stacked on shelves, a timeless treasure.
  032: Strewn across floors in a literary treasure.
  033: Stacked on shelves with quiet treasure.
  034: Pages of wonder, the mind's great treasure.
  035: Stacked high with stories, a quiet treasure.
  036: Stacked on shelves, they fill the leisure.
  037: Stacked on shelves with quiet treasure.
  038: Stacks of delight, a writer's treasure.
  039: A trove of tales in clever measure.
  040: Stacked like treasure, the story's a treasure.
  041: Stored on the shelves with quiet treasure.
  042: Pages turned fast in a lifelong treasure.
  043: A world of wonder, bound in measure.
  044: Stacked high with knowledge, bound for ages.
  045: Pages of stories, a quiet treasure.
  046: Treasures of tales to savor and treasure.
  047: Tales of all kinds, for all to treasure.
  048: Stacks in rows, a bibliophile’s treasure.
  049: Stacked high with stories, a boundless treasure.
  050: Stacked high with wonder, a boundless treasure.
  051: Treasures of stories, bound for a treasure.
  052: Tales of wonder, the mind can treasure.
  053: Stacked high and shared with neighbors, treasure.
  054: Stacked high and read with tender treasure.
  055: Stacks on the shelves, a reader's treasure.
  056: Stacks in corners, a lover's treasure.
  057: Shelves yet to hold their treasure.
  058: Stack them high, there's sure to be treasure.
  059: Stacked on shelves in quiet measure.
  060: A treasure-trove to feed imagination.
  061: Stack them high, with care and measure.
  062: Stack them high, but keep them treasure.
  063: A lifelong treasure, a boundless treasure.
  064: Treasured like gold on a quiet leisure.
  065: Stacked high with stories, a bibliophile's treasure.
  066: Treasures of tales that forever endures.
  067: Stacked on shelves with quiet treasure.
  068: Stacks of delight, a bibliophile's treasure.
  069: Stacked high with stories, a timeless treasure.
  070: Shelves of treasures, a quiet treasure.
  071: Pages of wonders, forever to treasure.
  072: Treasure for the mind, a timeless treasure.
  073: A treasure trove bound in quiet measure.
  074: Pages turned fast in a happy leisure.
  075: Treasures of tales, a quiet revelation.
  076: Stack them high with quiet measure.
  077: Stack 'em high, a tower of treasure!
  078: Stacked high on shelves, a boundless treasure.
  079: Pages of wonder, the heart's possession.
  080: Stacked high and neat, a bibliophile's treasure.
  081: Stuffed with adventure and wisdom to treasure.
  082: Stacks on the shelves, a quiet treasure.
  083: Pages of joy, the soul can measure.
  084: A boundless world that words can measure.
  085: Pages of magic, stacked in a tower.
  086: Stacked on shelves with quiet treasure.
  087: Stacked with care, a dream's possession.
  088: Stacked on shelves, they offer leisure.
  089: A treasure-trove of joy and measure.
  090: Pages of joy to treasure and cherish.
  091: Stack them with care, a tower of treasure.
  092: Pages filled thick with a writer's treasure.
  093: Stacked on the shelves with care and measure.
  094: Stacked high with stories, a boundless treasure.
  095: Stacked high with stories, a boundless treasure.
  096: Stacked on shelves with quiet treasure.
  097: Pages of dreams to savor and treasure.
  098: Stacked on shelves with quiet leisure.
  099: Stack them high, but leave some space
  100: Stacked with care, they fill the air with treasure.
  101: Treasure to savor, a lasting treasure.
  102: Pages turned quick in quiet revelation.
  103: Stacked high with stories, a bibliophile’s treasure.
  104: Stack 'em with care, a quiet treasure.
  105: Shelves built with stories, a quiet treasure.
  106: Stacked to the ceiling, a bibliophile's treasure.
  107: A treasure-trove of wonders, sure to measure.
  108: Stacked on shelves, they offer treasure.
  109: Stack them high, they’ll fill a tower.
  110: Stacked with care, a timeless treasure.
  111: Stacked with care, a quiet treasure.
  112: Sturdy and stacked with stories to treasure.
  113: Treasures of tales to savor and treasure.
  114: Pages of wonder, boundless creation.
  115: A quiet delight for the soul's true treasure.
  116: Stacked on shelves with quiet treasure.
  117: Pages of wonder, a quiet treasure.
  118: Stacked on shelves with quiet treasure.
  119: Stacked high with stories, the imagination treasure.
  120: Pages of magic, a quiet treasure.
  121: Filled with stories, a dream's possession.
  122: Pages of magic that we treasure.
  123: Treasures of tales that we can treasure.
  124: Treasures of tales that imagination measures.
  125: Stacks of delight, a kind of treasure.
  126: Tales of delight, each page a treasure.
  127: Treasure untold, in every measure.
  128: Pages of dreams, the soul's delicious treasure.
  129: Stories within, a boundless treasure.
  130: Whispers of stories, a quiet treasure.
  131: Stacked to the ceiling, a bibliophile's treasure.
  132: Tales of wonder, bound in treasure.
  133: Treasure and tome, a bibliophile’s treasure.
  134: Treasures of tales in paper and leather.
  135: Stacked high with stories, a boundless treasure.
  136: Stacked on shelves with quiet treasure.
  137: Stacked high and filled with treasure.
  138: Treasures of tales that forever measure.
  139: Stacked with care, like treasure measured.
  140: Treasure the tales they hold forever.
  141: A treasure trove for the curious and leisure.
  142: Stacked on the shelves, a timeless treasure.
  143: Stacked high with stories, a bibliophile’s treasure.
  144: Stacked with care, a boundless treasure.
  145: Stacked on the shelves, their stories measure.
  146: Stack 'em high, with care and measure.
  147: Stacked high with stories, no time to measure.
  148: Stacked on shelves with care and measure.
  149: A treasured tower, stacked with treasure.
  150: Stacked with care, a timeless treasure.
  151: Stacked high and deep with stories to treasure.
  152: Pages turned late, in a peaceful seizure.
  153: Stacked on shelves with quiet treasure.
  154: Pages turned fast, no time for leisure.
  155: Stacked on shelves, a quiet treasure.
  156: Treasure and tale, a boundless treasure.
  157: A treasure chest filled with whispered leisure.
  158: Pages full of dreams, and endless treasure.
  159: Stacked on shelves, they bring delight.
  160: Stacked on shelves with careful measure.
  161: Stacked on shelves with quiet treasure.
  162: Stack 'em with care, or read with great measure.
  163: Each page a world, a boundless treasure.
  164: Stacks full of stories to treasure and cherish.
  165: Stories and wisdom stored in the treasure.
  166: A quiet delight, a collector's treasure.
  167: Stacked high with stories, a bibliophile’s treasure.
  168: Stack 'em high, dust be the treasure.
  169: Stacked on shelves, the joy never ceases.
  170: Pages turned swift, a kindred treasure.
  171: Treasures of stories, a quiet possession.
  172: Stacked high with stories, a tale to treasure.
  173: A lifetime of stories, both strange and together.
  174: Stacked on shelves with quiet treasure.
  175: Pages of wonder, a quiet treasure.
  176: Stacked on high with wonder and treasure.
  177: Stacked on shelves with quiet treasure.
  178: Stack 'em with care, a tower of treasure.
  179: Shelves built with stories, a boundless treasure.
  180: Stacked on shelves with quiet treasure.
  181: Filled with adventure, a quiet treasure.
  182: Stacked high on shelves, the quietest treasure.
  183: Stacked on shelves with quiet treasure.
  184: Stacked high with stories, a timeless treasure.
  185: Pages of wonder, a world to Treasure.
  186: A treasure-trove of bound imagination.
  187: Stacked high with stories, a boundless treasure.
  188: Stacked high and low with stories to treasure.
  189: Treasures of tales and timeless knowledge.
  190: A treasure-trove built to last for ever.
  191: Pages of wonder, a lifelong treasure.
  192: Tales to cherish, both old and new.
  193: Stacked with care, a timeless treasure.
  194: A reader's pleasure, a quiet treasure.
  195: Treasures of tales, a boundless treasure.
  196: Treasures of knowledge, a timeless treasure.
  197: Stacked high with stories, a literary treasure.
  198: Stacks and shelves, a quiet treasure.
  199: Pages of wonder that quiet the weather.
  200: A literary treasure, a boundless treasure.

FIRST LINE: Boxes of books, a reader's chore,
  001: A dance with dust and pages old and bare.
  002: Stacked with care, they hit the floor.
  003: A dance with dust and pages old and torn.
  004: Stack them high, and read no more.
  005: A stack for the floor, a shelf for the floor.
  006: Stacked high, then moved once more.
  007: A treasure hunt for what's explored.
  008: Stack them with care, and keep the floor.
  009: Stacked with care, then stored once more.
  010: Stacked high and filled with lore.
  011: A labor of love through the pages we pour.
  012: Stacked with care, and explored once more.
  013: A maze of stories to explore.
  014: Stack high and bind with care, each tome restored.
  015: Stacked high and bound for more.
  016: A dusty delight to explore.
  017: Stack them neat, then read no more.
  018: Stack high and neat, then move the floor.
  019: A labyrinth lost forevermore.
  020: Stacked with care for hours more.
  021: A puzzle to stack and a joy to store.
  022: A toil that’s both a curse and treasure—so.
  023: A puzzle to unpack once more.
  024: Pages to stack with a careful floor.
  025: Stacked high and handled with care.
  026: A dance with dust, and pages more.
  027: A toil wrapped in stories to savor.
  028: A puzzle to stack and explore.
  029: A labor of love, with much to restore.
  030: Each stack a tale, a life to restore.
  031: A puzzle of prose to tackle and store.
  032: Stacked with care, the soul takes flight.
  033: Stack them high and keep the floor clear!
  034: Stack them with care, and you'll store more.
  035: A dusty delight to explore.
  036: A stack to sort from floor to core.
  037: A puzzle of pages to pore over and more.
  038: Stack 'em with care, and sometimes more.
  039: A toil of shelves to endure no more.
  040: A puzzle of pages to handle with care.
  041: A dusty adventure knocking at the door.
  042: Stacks to uncover floor by floor.
  043: A stacked-up tale to tackle more.
  044: A dust-laden toil that no one ignores.
  045: Stack high and sorted, you'll never want more.
  046: A puzzle to piece with care and lore.
  047: A puzzle of pages to pore over.
  048: Stacked with care, and stored for more.
  049: A dance with dust and tomes of yore.
  050: Stack them with care, and you'll find what you're sore.
  051: Each stack a story to restore.
  052: A toil to stack what's read before.
  053: A journey awaiting at the core.
  054: A dusty delight to explore.
  055: Stacked with care, the ones to restore.
  056: A maze of pages to explore and restore.
  057: Pages to stack with care and lore.
  058: Stack them with care, and then explore.
  059: Stacked with care, and opened more.
  060: A dance with dust and toil once more.
  061: Stacked with care, and left to lore.
  062: Stacked with care, and read no more.
  063: Stacked high with stories, both young and old, they adore.
  064: A tale of dust and what's to restore.
  065: A labyrinth lost for evermore.
  066: Stacked with care, and read once more.
  067: A labyrinth of pages, floor to floor.
  068: Stack them with care, and you'll find the floor!
  069: Stacked with care, and then stored.
  070: A dust-covered novel awaits us with more.
  071: Stacked high with stories, each one a store.
  072: A puzzle to unpack once more.
  073: A stack so high, the ceiling's sore.
  074: A journey of words to explore.
  075: A puzzle of pages to read evermore.
  076: A labor of love to open the door.
  077: A journey through stories to restore.
  078: A puzzle to stack and a tale to restore.
  079: Stack them with care, and you'll find more.
  080: A puzzle to stack and rearrange with care.
  081: Stack high and steady, there's nothing quite more.
  082: Stack them with care, and read evermore.
  083: A tale unfolds on each floor.
  084: A dust-laden tale for all to restore.
  085: Stack them with care, and keep the floor.
  086: A dance of dust and memories stored.
  087: A dusty delight to pore and restore.
  088: A labyrinth lost to the floor.
  089: Stack them with care, and explore.
  090: A puzzle of paper, floor to floor.
  091: Stacked with care, the ones you'll store.
  092: Each stack a story begging to be more.
  093: Each page a portal, a treasure to restore.
  094: Stacked high with stories, read once more.
  095: Stacked with care, and opened more.
  096: Pages to sort, both near and far.
  097: Pages to sort with quiet score.
  098: A dusty delight to pore and restore.
  099: A dusty delight that waits evermore.
  100: A treasure hunt for what you'll restore.
  101: A puzzle of pages to tackle once more.
  102: Stack high and bind with care
  103: A puzzle of pages to pore over.
  104: A labyrinth of words to explore.
  105: Stack high and tight, a library's core.
  106: A puzzle to solve with each stack we store.
  107: A puzzle to solve, both near and far.
  108: A tale half-told in every score.
  109: Pages to parse from floor to lore.
  110: Each stack a story waiting to restore.
  111: A tale half-told on every floor.
  112: Stack them high, and explore.
  113: A puzzle to tackle with care and with flair.
  114: Stacked with care, no room for sore.
  115: Stack them high, then read no more.
  116: A labyrinth lost and found once more.
  117: Each stacked with care, and none left more.
  118: A puzzle to organize once more.
  119: A puzzle to stack and a task to restore.
  120: A puzzle of pages to pore over and restore.
  121: A puzzle to solve with a quiet store.
  122: Stacked with care, and read once more.
  123: A labor of love through stormy lore.
  124: A labyrinth lost and found once more.
  125: A dusty delight to restore.
  126: Stacked with care, and explored.
  127: A stacked-up tale to endure once more.
  128: Stacked with care, no more, no more.
  129: Stacked with care, then moved door to door.
  130: A treasure hunt for the door.
  131: A dusty delight from floor to floor.
  132: A stacked-up treasure to restore.
  133: A labor of love for the ones they adore.
  134: Stacked with care, the pages restore.
  135: Stack them high, but keep the lore.
  136: A labor of love for the pages of yore.
  137: Stacked with care, they sigh no more.
  138: Stack them with care, and don't forget the floor!
  139: A labyrinth lost for evermore.
  140: A puzzle to solve with some lore.
  141: A dusty delight that begs to be restored.
  142: Stack them high, and read for more.
  143: A treasure hunt for the ones you're for.
  144: Pages find places, each one restores.
  145: Each page a journey worth exploring.
  146: Stack them with care, and you'll find the floor—
  147: Each stacked page brims with tales of yore.
  148: Pages to sort with care
  149: Pages to sort with steady chore.
  150: Each stack a story to restore.
  151: A puzzle to tackle, and no time to moan.
  152: A puzzle of pages to pore over more.
  153: Stack 'em with care, then leave the door.
  154: Stack them with care, and explore.
  155: Pages now free from attic's lore.
  156: A labor of love by the study door.
  157: A journey through pages, and so much more.
  158: Stack high and tidy, bit by bit,
  159: A dusty delight to explore.
  160: A dusty delight to explore.
  161: A tale of dust and memories of yore.
  162: A puzzle of paper, a heavy store.
  163: Stacked on shelves for all to see.
  164: A toil most sweet when done before.
  165: Stack high and tight, with care they're bore.
  166: A toil well worth the story's core.
  167: A maze of stories to explore.
  168: A stack here, a pile there—hard to ignore.
  169: Stacked high with tales to savor more.
  170: Pages to sort with a careful eye,
  171: A stacked-up tale to explore and restore.
  172: A task for minds both bold and more.
  173: Stacked with care, and loved all the more.
  174: Each stacked volume over time restores.
  175: A journey through pages, and much more.
  176: A tale to tell from the floor to floor.
  177: A puzzle to stack and a treasure to store.
  178: A labyrinth lost the more.
  179: A journey through pages to pore and explore.
  180: A puzzle to stack and a burden to bore.
  181: A journey through pages, and a lifelong store.
  182: A stack to clear, right at the core.
  183: Stacked high with stories, it's quite a store.
  184: Stacked with care, and read once more.
  185: A dusty delight to explore.
  186: A stack so high can't ignore.
  187: A tale of dust and toil they bore.
  188: Stack them with care, and soon you’ll explore!
  189: A treasure hunt for the floor.
  190: A puzzle to piece with quiet lore.
  191: A stacked paradise to explore.
  192: A puzzle of pages to discover.
  193: A maze of stories stacked once more.
  194: Stack them high—your shelves will store.
  195: Stacked with care, they gently roar.
  196: A labyrinth of stories to restore.
  197: A stack for the floor, a stack for the floor.
  198: Stacked with care, and filled to the core.
  199: A toil for the brain, yet the heart desires more.
  200: A puzzle to piece, with care and with lore.

FIRST LINE: He saw a carrot and had to grab it,
  001: Destiny’s lure—no way he could ignore it!
  002: Fate had woven it into his trap, oh crab it!
  003: Fate's little joke—he couldn’t pass it.
  004: Fate had a joke that he just had to snap it!
  005: Fate had a giggle and gave him the jab!
  006: Quick as a flash, he gave it a jab, it.
  007: Luck led him to a prize so rad.
  008: Just one more bite before he chap it.
  009: Like a rabbit star struck and ready to nab it.
  010: Like fate had placed it right in his lab it.
  011: Like fate had placed it just for him to nab it.
  012: Fate had spun that thread for him to nab it.
  013: She gave a grin and then he *crabbed* it.
  014: Like rabbits do, he couldn’t resist it.
  015: Fate had placed it there for him to crack it.
  016: She watched him dive and just had to laugh at.
  017: Fate had given him quite the snack.
  018: Fate had a laugh and pulled the rabbit.
  019: Fate had clearly handed it to him on a bat.
  020: No willpower left, he just had to nab it.
  021: Like rabbits do, it was just his cab-bit.
  022: Fate had a joke—it was just a radish.
  023: Fate had set the perfect trap for.
  024: Like a rabbit tempted, he simply had nab it.
  025: Fate had placed it squarely in his path, that nab.
  026: Fate’s joke was cruel—it turned to soap!
  027: Fate had planted it right in his lab it.
  028: Fate had placed it right on the lab rack.
  029: Fate had set the perfect trap for rabbits.
  030: Fate had set the course he’d have to踏 it.
  031: Fate had plans—he took the lab rat.
  032: Fate had spun this tale to trap it.
  033: Fate had spun this twist for Jab it.
  034: No willpower left to ignore it, nibble it.
  035: Fate’s joke was played upon the lab rat.
  036: Fate led him there, there was no escape of it.
  037: She tossed it high—his chance to trap it!
  038: She gave a laugh and handed him her spatula.
  039: She laughed at him, "Now you’re a rabbit!"
  040: Fate had drawn the line he had to snap it.
  041: Fate had mapped out the rest of his path with it.
  042: Fate led him down a clever rabbit trail.
  043: Fate led his hand and helped him nab it.
  044: Fate had set this snack to trap it.
  045: Fate had set this path for him to trap it.
  046: Fate’s twist led him straight to the trap it.
  047: Like a rabbit with a hop, he didn’t even stop to chat.
  048: Like a rabbit on a lucky path.
  049: Fate had set this path for him to nap it.
  050: She found a rabbit and couldn’t resist it.
  051: Fate had called, and he just had to nab it.
  052: His rabbit instincts could not resist it.
  053: Fate had set the course—he just had to have it.
  054: Fate had placed it on his level path.
  055: Fate had spun this twist for Nab it.
  056: Fate had plans and made him stab it.
  057: No time to think, he simply had to have it.
  058: Fate had placed it in his path for snatching.
  059: Fate had set the path he'dраб it.
  060: Luck was on his side and he snatched it.
  061: Like a rabbit's fate it surely nabbed it.
  062: Now rabbits follow, what a snap it!
  063: Just like a rabbit with no back it.
  064: No willpower left, he just had to snap it.
  065: No willpower left—he just had to nab it.
  066: Fate had plans and led himраб it.
  067: Luck was with him—now he’s had it!
  068: Fate led his hand and played the snare it.
  069: Luck just shone like stars in that habit.
  070: Fate led his hand and played its part.
  071: Fate had placed it firmly in his path, no caper, no jab it.
  072: She laughed as he chased it down the lab it.
  073: Fate led him swiftly where it lay, no stab it.
  074: She took a bite and gave a snap at.
  075: Fate had spun the wheels for him to trap it.
  076: Fate led his hand, and he had to trap it.
  077: She chased him round the patch he snapped it.
  078: Like fate's own lure, he just had to snap it.
  079: Fate had lured him with a twist of cabbit.
  080: Like a rabbit quick, he couldn’t starve it.
  081: She chased the rabbit and took a nap in it.
  082: Like a rabbit feeling quite crab-bit.
  083: She waved a stick and ran right up it.
  084: Fate had a joke—it was made of crab.
  085: Fate had given him a tempting nub.
  086: Fate had woven this odd little trap in it.
  087: No time for thinking—he just had nab it!
  088: Fate had placed it straight in his path, no cap fit.
  089: Fate's twist led him straight to theраб it.
  090: Fate had a plan he couldn’t resist.
  091: Sheep started screaming, "Oh, what a snare bit!"
  092: Fate had spun its thread and pulled him back bit by bit.
  093: Fate's quirky joke—now he can't let it.
  094: Fate had spun the wheels of his cab it.
  095: Fate had planted it right in his lap, it!
  096: Fate had woven his whims and snapped it.
  097: Like rabbits do when they're feeling trap-bit.
  098: Fate's little nudge to the ones who savor it.
  099: Fate had placed it right in his cab it.
  100: Fate had spun this twist for crab it.
  101: Fate led him there, right on the path it.
  102: Fate's jest was swift—he tripped on the crab it!
  103: Luck had struck, the prize was his to knack it!
  104: Luck had smiled and fate had labored—* snap! *—it.
  105: She laughed and cheered him on from the clabber.
  106: No willpower left, he just had to crav it.
  107: Fate's joke on him—he was a rabbit.
  108: Luck had smiled and fate had savored it.
  109: Fate had spun that twisted trap for cabbit.
  110: Fate’s little joke—he just had to snap it.
  111: Fate had set this prize to nab it.
  112: Fate had plans—it slipped right back bit.
  113: Fate had placed it there for him to stab it.
  114: Like fate had placed it just for rab it.
  115: Fate had set that path for him to tap it.
  116: Chance wouldn't wait, he simply had to have it.
  117: Like rabbits do, it was his star bit.
  118: No time to think, he just had to have it.
  119: Fate had placed it right on the track of it.
  120: Fate led him there with a hop and a trap it.
  121: Fate’s joke was on him—now he's in the trap, it.
  122: No willpower left—his diet? Just a stab at it.
  123: Fate had set this path for him to踏 it.
  124: Fate had twisted it right into his crab pit.
  125: No willpower left—he just had to crumble it.
  126: Fate had given him a perfect snap at it.
  127: Fate had set the perfect trap for him.
  128: Now rabbits everywhere give him crab bits.
  129: Fate had set the trap and he just had to nab it.
  130: Fate led his hand, he just had to have it.
  131: Luck led him where no one else had.
  132: Fate had set the course he’d never shrab it.
  133: Fate had a joke with a twist in the cab it.
  134: Fate had spun this twist for him to crack it.
  135: Fate had set that twist in trap for him.
  136: Like a rabbit's fate, he just had to snap it.
  137: Now rabbits watch him with a wary stab at.
  138: She gave a laugh—he knew he’d napped it!
  139: Fate had set that path for him to踏 it.
  140: Fate had set the course, he had to have it.
  141: No time to think—he simply had it!
  142: Fate had spun its wheel and zapped him.
  143: Fate led his hand and would not stop it.
  144: Like rabbits do, it was just his knack for it.
  145: Just like a rabbit, hop and nap it!
  146: Fate had placed it right on the lab rat.
  147: Fate had plans he couldn’t crumble, snap it.
  148: She took a nibble and then did stab it.
  149: Chance was fleeting—he couldn’t let it!
  150: Like fate had dropped it right on top of it.
  151: Fate had set the trap, he had to trap it.
  152: Fate had spun this silly snap at.
  153: No willpower left to just avoid it.
  154: Fate was nudging him from the start.
  155: Fate had set the path he had to踏它.
  156: Fate had set the path he had to tap it.
  157: Fate had set that path for him to trap it.
  158: Quick as a兔, he couldn’t let it.
  159: Fate had set this quirky habit.
  160: Fate had woven that bright orange trap, it.
  161: Fate had lured him to that trap, no jab it.
  162: Now he’s digging through his past and lavabor it.
  163: Fate had set this quirky trap for him.
  164: Fate had called, and he just had to have it.
  165: Fate had plans and handed it back it.
  166: Fate had a joke 'fore he could snap it.
  167: Destiny's tug he simply had to tackle.
  168: Like a rabbit on a daring dash to nab it! 🥕🐇
  169: Fate had placed it right on the path it.
  170: Like rabbits do, he couldn’t help but nab it.
  171: Fate had spun this tale to crab it.
  172: Fate had placed it in his path for a nap it.
  173: Fate led him there and it drove him mad it.
  174: Just like a rabbit on a madcap jab it.
  175: She laughed and said, “You missed the knack, it.”
  176: Like a rabbit's dream come true—was that a trap it?
  177: Fate had a joke—it was just a radish.
  178: Fate's jest was cruel—it turned to a crab bit!
  179: She knew his plan and just gave him credit.
  180: Destiny’s lure—he couldn’t ignore it.
  181: Fate had set the path he’d踏 it.
  182: No time for doubts or questions, just a stab at it.
  183: Luck was with him, no one stopped him.
  184: She laughed and gave it—what a snap it!
  185: Like fate had set the scene and mapped it.
  186: Like a rabbit, leaping from the cab it.
  187: Destiny’s nudging—*what a bobblet!* 🥕
  188: Fate had called, and he just had to snare it.
  189: Fate had set this path for him to track it.
  190: Luck was with him, he didn't miss it.
  191: No time for thinking, just snatch and stab it!
  192: Fate's twisted joke—he was a rabbit!
  193: No time to think, just snatch and nap it.
  194: Fate had set the perfect trap for it.
  195: Fate's twist led him right toраб it.
  196: Fate had set this path for him to踏 it.
  197: She watched him run, she couldn’t stop it.
  198: She chased a dream she simply had to grab it.
  199: Fate’s little nudge to move the plot along.
  200: Fate's joke was on him—it wasn’t a snack, but a trap it.

FIRST LINE: The clouds are gray, the raindrops fall,
  001: A hush descends on nature’s wall.
  002: A hush descends on one and all.
  003: A hush descends on forest and hall.
  004: A hush descends upon it all.
  005: A hush descends upon the pall.
  006: The wind whispers through the trees so tall.
  007: The wind whispers through the trees.
  008: A hush descends on one and all.
  009: A hush descends on hill and hall.
  010: A hushed world listens to the pall.
  011: A whispered hush begins to call.
  012: The quiet dusk begins to call.
  013: A hush descends on every hall.
  014: A hush descends upon the hall.
  015: A hush descends upon the wall.
  016: A quiet hush spreads through the mall.
  017: The wind whispers through the trees, it calls.
  018: A hush descends on one and all.
  019: A hush descends upon the wall.
  020: The sky weeps softly, hushes all.
  021: The quiet dusk has taken all.
  022: A hush descends on one and all.
  023: A hush descends upon the wall.
  024: A whispering hush is sweeping all.
  025: A hushed calm blankets over all.
  026: A hush descends upon us all.
  027: A hush descends on quiet hall.
  028: A whispered hush across the pall.
  029: A hush descends on house and hall.
  030: A whispered hush, the world is small.
  031: A hush descends on quiet dell.
  032: A hushed earth waits for dawn to call.
  033: A whispered hush, the world stands tall.
  034: The world grows quiet, drenched in hall.
  035: A hush descends on forest and hall.
  036: A hush descends upon us all.
  037: A hushed quiet covers all.
  038: A silent hush begins to call.
  039: The wind whispers through the trees.
  040: A whispered hush across the pall.
  041: A whispered hush, the world recalls.
  042: A hush descends on one and all.
  043: The wind is cold, it whispers through the wall.
  044: A hush descends on forest and wall.
  045: A whispered hush drifts through the hall.
  046: The wind whispers through the chill of all.
  047: The world feels quiet, soft, and small.
  048: A whispered hush descends through all.
  049: A whispered hush begins to call.
  050: A hush descends on one and all.
  051: A hush descends on every hall.
  052: A whispered hush across it all.
  053: The wind whispers through the trees tall.
  054: The wind whispers through the trees so tall.
  055: A hush descends on every wall.
  056: A hushed world waits for morning's call.
  057: A hush descends on every wall.
  058: A gentle hush sweeps over all.
  059: A hush descends on quiet hall.
  060: A hush descends on every call.
  061: A quiet hush descends over all.
  062: A hush descends on land and all.
  063: A hush descends, both soft and small.
  064: A gentle hush, a whispered call.
  065: The wind does howl against the wall.
  066: A whispered hush across the pall.
  067: A hush descends on every wall.
  068: A hush descends on one and all.
  069: The wind whispers through the trees so tall.
  070: A hush descends upon the wall.
  071: The wind whispers through the trees tall.
  072: A quiet hush spreads through it all.
  073: A quiet hush upon us all.
  074: The wind sings tales upon the wall.
  075: A whispering hush comes soft and small.
  076: A hush descends on one and all.
  077: The gentle hush wraps every wall.
  078: A whispered hush sweeps o'er the wall.
  079: The wind whispers through the tall.
  080: The wind whispers through the trees, so tall.
  081: A whispered hush, a soft farewell.
  082: A hush descends on one and all.
  083: A quiet hush has taken all.
  084: A hush descends upon us all.
  085: The world is hushed beneath it all.
  086: A hush descends on forest and hall.
  087: A gentle hush wraps earth in pall.
  088: A whispered hush sweeps through the mall.
  089: The wind whispers through the trees and the tall.
  090: A whispered hush across it all.
  091: A hush descends on quiet dell.
  092: A quiet hush surrounds us all.
  093: A whispered hush, the world calls small.
  094: A hush descends upon the pall.
  095: The wind whispers through the trees so tall.
  096: A hush descends on earth and all.
  097: A whispered hush begins to call.
  098: A hush descends on house and wall.
  099: A hush descends on one and all.
  100: A hush descends on one and all.
  101: A whispered hush across the pall.
  102: The wind does howl around the hall.
  103: A whispering hush sweeps through the hall.
  104: A hush descends on earth and all.
  105: The wind whispers through the tall.
  106: A whispered hush, a silent call.
  107: A hush descends on every wall.
  108: A hush descends upon the hall.
  109: A hush descends upon the wall.
  110: A whispered hush descends through all.
  111: A hush descends upon the tall.
  112: A quiet hush descends on all.
  113: The wind whispers through the tall.
  114: A hushed world waits for breaking dawn.
  115: A silent hush descends on all.
  116: The wind whispers through the tall.
  117: A quiet hush descends on all.
  118: A hush descends upon the valley wall.
  119: A hush descends on one and all.
  120: The wind whispers through the trees so tall.
  121: A hush descends on earth and all.
  122: A whispered hush beneath the pall.
  123: A quiet hush has come to all.
  124: A hush descends on every wall.
  125: A whispered hush wraps over all.
  126: The wind whispers through the trees so tall.
  127: A quiet hush spreads through it all.
  128: A hush descends on house and hall.
  129: A hush descends on overalls.
  130: A whispered hush sweeps 'cross the hall.
  131: A hush descends on wood and wall.
  132: A hush descends on quiet wall.
  133: A gentle hush begins to call.
  134: A hush descends on quiet dell.
  135: The quiet sky begins to call.
  136: The wind whispers through the pall.
  137: A quiet hush, the world lets fall.
  138: A hush descends upon the dale.
  139: A hush comes over one and all.
  140: The wind whispers through the tall.
  141: A hush descends on roof and wall.
  142: A hush descends on roof and wall.
  143: A whispered hush comes sweeping all.
  144: A quiet hush across it all.
  145: A whispered hush descends like thrall.
  146: A hush descends on us all.
  147: A hush descends on forest and wall.
  148: A whispered hush sweeps soft and small.
  149: The winds whisper through the tall.
  150: A whispered hush descends to calm it all.
  151: A hush descends on every hall.
  152: A hush descends on hill and hall.
  153: A whispered hush, a silent call.
  154: A gentle hush descends through all.
  155: A quiet hush descends on all.
  156: A hush descends on every wall.
  157: A hush comes over one and all.
  158: A hush descends on hill and hall.
  159: A hush descends on one and all.
  160: A whispered hush begins to call.
  161: A hush descends on one and all.
  162: The wind blows tales through every hall.
  163: A hush descends on hill and hall.
  164: A quiet hush sweeps over all.
  165: The wind whispers through the trees so tall.
  166: A hush descends upon us all.
  167: The wind whispers through the trees so tall.
  168: A hush descends on one and all.
  169: The wind whispers through the trees so tall.
  170: The wind whispers through the trees.
  171: A hush descends on every hall.
  172: A gentle hush o’er all.
  173: The wind whispers through the trees so tall.
  174: A hush descends on one and all.
  175: A hush descends on forest and hall.
  176: A hush descends on one and all.
  177: A silent hush across it all.
  178: A whispered hush, the wind's soft call.
  179: The wind whispers through the tall.
  180: A hush descends on every hall.
  181: A hush descends on quiet mall.
  182: A quiet hush across it all.
  183: A gentle hush across it all.
  184: A hush descends on nature's wall.
  185: A hush descends on land and all.
  186: A hush descends on one and all.
  187: A quiet hush upon the wall.
  188: A hush descends upon it all.
  189: A gentle hush descends on all.
  190: A whispered hush spreads through it all.
  191: The wind whispers through the tall.
  192: A hush descends on earth and all.
  193: A silent hush descends over all.
  194: A hush descends upon us all.
  195: A hush descends on one and all.
  196: A hush descends on one and all.
  197: A hush descends on silent dell.
  198: A whispered hush spreads through the tall.
  199: A hush descends on one and all.
  200: A whispered hush spreads through it all.

FIRST LINE: The clouds are gray, the raindrops drop,
  001: A somber hush upon the crop.
  002: The sky grows low, the wind won't stop.
  003: A quiet hush is nature's crop.
  004: A quiet hush has settled on the crop.
  005: The storm will pass, the sun willlop.
  006: The earth is wet, the skies turn slop.
  007: The earth is wet, the storm won't stop.
  008: The world feels cold, and hope seems locked.
  009: The wind does howl, the sky turns black.
  010: A whispered hush is nature's cop.
  011: The world feels quiet, calm, and cop.
  012: The sky whispers softly, "Don't you stop."
  013: The sky grows low, and secrets crop.
  014: A whispered hush where silent crops lie stock.
  015: The sky is low, the winds may crop.
  016: The sky is low, the winds may crop.
  017: A melancholy tune the world will pop.
  018: The sky grows dim, the winds begin to cop.
  019: A whispered sigh from nature's crop.
  020: The world feels blue, it's not a cop-out.
  021: A gentle hush where silence stops.
  022: A gentle hush wraps every slope.
  023: The wind whispers soft on every crop.
  024: The sky whispers low, "Let troubles stop."
  025: The sky weeps soft upon the crop.
  026: The wind室外 howls soft and sop.
  027: The wind outside begins to clock.
  028: A gentle hush against the crop.
  029: The wind complains and taps the crop.
  030: The world is wrapped in quiet slop.
  031: The wind may howl, but I have hope.
  032: The world feels hushed beneath the crop.
  033: The trees all sigh and hush the crop.
  034: The sky grows dark, the winds may snap.
  035: The world feels still, and hearts turn cop.
  036: A gentle hush begins to crop.
  037: The world feels low, the skies turn sop.
  038: The sky is low, the world feels slop.
  039: The wind blows hard and makes us stop.
  040: The world is wrapped in a watery wrap.
  041: The world is wet, it won't stop.
  042: A gentle hush descends and wraps the crop.
  043: The world feels calm in nature's sop.
  044: The world is quiet, deep in crop.
  045: The sky is low, and hearts are stopped.
  046: The sky is low, and all is stock-still.
  047: The trees all sigh in skies that slope.
  048: The world feels calm, and still we stop.
  049: The world feels quiet, deep and cop.
  050: The sky whispers soft on every crop.
  051: A whispered sigh from sky to slope.
  052: The world feels low, the sky feels cop.
  053: The quiet night has softly stopped.
  054: The storm outside won't let up for a stop.
  055: The world outside feels deep and stop.
  056: The sky's in mourning, hush and shop.
  057: The storm rolls in from somewhere stop.
  058: The sky whispers soft, "I know, I know."
  059: The world is quiet where the silence crops.
  060: The thunder grumbles, dark and stock.
  061: A whispered hush begins to crop.
  062: The wind outside begins to crop.
  063: A quiet hush descends like clockwork.
  064: The world feels calm beneath the stop.
  065: A quiet hush upon the slope.
  066: The wind outside just howls and stops.
  067: A silent hush where once there's crop.
  068: A somber hush has settled on the crop.
  069: A gentle hush wraps ev'ry crop.
  070: The world is quiet, wrapped in a soft, gray stock.
  071: The sky leans low, and daylight stops.
  072: A gentle hush upon the crop.
  073: A somber hush is on the crop.
  074: A whispered hush against the stop.
  075: The world seems wrapped in silent crop.
  076: The world is hushed beneath the crop.
  077: The wind whispers low where the tall pines stop.
  078: The world feels calm beneath the top.
  079: The world is hushed beneath the crop.
  080: The world feels heavy, weighed by hope.
  081: The wind whispers secrets only nature can talk.
  082: The world feels gloomy from the top.
  083: The wind whispers secrets that slowly crop.
  084: A whispered hush upon the crop.
  085: The world is hushed beneath the crop.
  086: A whisper soft, a lullaby in the slope.
  087: The world feels damp, my heart feels stock.
  088: A gentle hush where stillness stops.
  089: The sky is low, the world feels cop.
  090: A hush falls where the thunder spoke.
  091: The thunder growls, the lightning cracks the top.
  092: A gentle hush begins to crop.
  093: The world feels gloomy, drenched and smopp.
  094: A gentle hush where daylight stops.
  095: The wind blows hard, we're stuck in a snap.
  096: The quiet sky whispers, "Life is a flopp."
  097: The wind whispers as shadows hop.
  098: The wind outside begins to stop.
  099: A quiet hush where daylight's crop.
  100: The sky grows low, the world feels sop.
  101: A quiet hush has gently wrapped the crop.
  102: The sky grows dim where daylight's scope.
  103: The earth is soaked, the birds all stop.
  104: The world is bathed in quiet slop.
  105: The sky is low, the world feels stopped.
  106: A quiet hush is how we cope.
  107: The wind whispers where thunder's spoke.
  108: A quiet hush begins to crop.
  109: The world feels calm, and still, and top.
  110: The world feels low, the winds may sop.
  111: A somber hush where once there's a hop.
  112: The sky is low, and hearts are stopped.
  113: A whispered hush is how it's coped.
  114: A whisper in the wind, a soft, slow clock.
  115: The wind outside begins to stop.
  116: A whispered hush where thunder's locked.
  117: A gentle hush begins to crop.
  118: The wind outside just won't stop.
  119: The earth is stirred by thunder's crop.
  120: A quiet hush upon the crop.
  121: The wind outside begins to crop.
  122: The earth is wet, the skies turn slop.
  123: The world is calm, and all is clockwork.
  124: The world feels blue and hearts are wrapped.
  125: The wind blows hard against the crop.
  126: The earth is wet, the trees all weep.
  127: The world feels calm, and hush is kept on top.
  128: The wind blows cold, the sky turns black.
  129: The sky seems low, the world feels cop.
  130: A whispered hush begins to crop.
  131: A whispering hush the earth will get.
  132: The wind whispers secrets only the sky can shop.
  133: A gentle hush is heard and hoped.
  134: The world feels quiet, deep and crop.
  135: The trees all shudder, the winds may crop.
  136: The sky is low, the world turns cop.
  137: A quiet hush begins to crop.
  138: The sky is low, and heaven's stopped.
  139: The world seems calm, but secrets crop.
  140: The sky is low, and still I cop.
  141: The world is hushed beneath the top.
  142: The world is wrapped in weather's crop.
  143: The sky is low, the world feels stopped.
  144: The sky is low, the world feels stopped.
  145: The world feels gloomy, low and top.
  146: The wind outside begins to crop.
  147: A quiet hush the world can't stop.
  148: The world feels low, but the sun may crop.
  149: A quiet hush begins to crop.
  150: The world feels damp, but I keep on top.
  151: The storm outside refuses to stop.
  152: The world feels calm, and all is stopped.
  153: A gentle hush the world can't stop.
  154: A gentle hush where whispers stop.
  155: A quiet hush descends like crop.
  156: A gentle hush upon the crop.
  157: The storm rolls in from horizon's slope.
  158: The wind whispers secrets only the earth can stop.
  159: The sky is low, and hearts are stopped.
  160: The wind does howl and chase the crop.
  161: The storm rolls in from horizon's slope.
  162: The sky's in mourning, hush and stop.
  163: The wind is high and nature's crop.
  164: The wind does howl against the stop.
  165: The storm rolls in and leaves no stop.
  166: The sky grows dim, the storms begin.
  167: The wind does howl around the crop.
  168: A melancholy hush wraps 'round the crop.
  169: A quiet hush upon the crop.
  170: The sky is low, and all is sop.
  171: A quiet hush beneath the crop.
  172: A hush falls soft upon the crop.
  173: A hush comes down where secrets stop.
  174: The thunder growls and lightning flops.
  175: A hush comes down where whispers stop.
  176: The world seems quiet, low and soft.
  177: The sky whispers soft, "I can't stop."
  178: A hush falls soft upon the crop.
  179: The world is wrapped in soggy hope.
  180: The world feels low, we need a stop.
  181: The world feels quiet, deep and cop.
  182: A melancholy hush wraps up the clock.
  183: The storm rolls in from fields of crop.
  184: A melancholy tune the sky will croak.
  185: The sky’s in mourning, soft and crop.
  186: The world feels quiet, hushed by crop.
  187: A whispered hush is gently crop.
  188: The sky grows dim where daylight's stopped.
  189: The earth is soaked, the winds may howl and crop.
  190: A hush comes on, the world feels stopped.
  191: The world feels low, the wind feels slop.
  192: The world feels low, it's hard to stop.
  193: A gentle hush descends like clockwork.
  194: The wind blows low where shadows stop.
  195: The sky grows dim, and hearts beat soft.
  196: The wind whispers where the sun once rose up.
  197: The world feels gloomy, low and chop.
  198: The sky grows dim, the winds begin to crop.
  199: A quiet hush upon the crop.
  200: A somber hush on ev’ry copse.

FIRST LINE: The clouds are gray, the raindrops plunge,
  001: A symphony the storm has sung.
  002: The thunder roars and lightning stung.
  003: The wind outside hums a low, long tune.
  004: The winds sing low a somber tongue.
  005: The winds may howl, but spring will trudge.
  006: The wind hums low, a somber surge.
  007: The thunder growls, the winds surge forth with scunge.
  008: The sky weeps low, the world feels strung.
  009: The wind whispers through the fence.
  010: The sky weeps soft in sorrow's tongue.
  011: The wind sings soft through every fence.
  012: A whispered hush beneath the strange.
  013: The storm has stirred the quiet flunge.
  014: The sky lets out a mournful rung.
  015: A whispered hush, the world goes stille.
  016: A stormy tale the sky can't sing.
  017: The world is wrapped in gentlest thinge.
  018: The wind complains and time drags on its tongue.
  019: The wind complains, the day turns stunch.
  020: The thunder rolls, the sky turns strange.
  021: The winds whisper through every trench.
  022: The world feels cold, and hope seems stung.
  023: The world is wrapped in quiet stunge.
  024: The sky weeps low, the world feels stung.
  025: A solemn hush the world can't shun.
  026: A somber tune the sky doth tongue.
  027: The storm may pass, but hope will fling.
  028: The sky lets loose what it could not unsunge.
  029: The sky’s in mourning, hushed and strange.
  030: The world feels drenched in somber blunge.
  031: The earth is stirred by thunder’s surge.
  032: The storm outside feels like a crushing wound.
  033: The thunder growls in a solemn sung.
  034: The earth is stirred by sorrow's strophe.
  035: The sky exhales a mournful dirge.
  036: The world feels like it's taking lunch.
  037: The sky grows cold, and hearts go numb.
  038: The world feels cold beneath this strange new lunge.
  039: The sky is low, the world feels strange.
  040: The thunder roars, the sky turns strange.
  041: The wind hums low through every branch.
  042: The world is wrapped in quiet lunge.
  043: The sky sighs low, the world feels stung.
  044: The wind is wild and out of range.
  045: The winds lament a somber dirge.
  046: The earth exhales a whispered psalm.
  047: The world feels heavy, wrapped in scurge.
  048: The earth is stirred by thunder's tongue.
  049: The storm will not give way to spring.
  050: The sky is low, the world feels strange.
  051: The thunder roars, the sky turns strange.
  052: The wind sings low through every bough.
  053: The wind whispers a melancholy verse.
  054: The sky a sigh, the world takes lunch.
  055: The winds may howl, but joy still stirs the young.
  056: The storm rolls on, the wind is strange.
  057: The thunder growls, the winds advance.
  058: The storm has set the world adrift.
  059: The earth is stirred by winter's stomp and flung.
  060: The earth awakes from silent languish.
  061: The world feels somber, drenched in tune.
  062: The thunder speaks in deep tones strange.
  063: The sky lets out a sorrowful tongue.
  064: The storm outside feels like my soul's old bruise.
  065: The sky a sigh, the world takes on.
  066: The world is wrapped in somber humnge.
  067: The earth whispers a mournful dirge.
  068: The thunder growls, the world feels strange.
  069: The sky is low, the world feels strange.
  070: The thunder growls and lights the sky.
  071: The sky grows dark, the winds take charge and surge.
  072: The storm outside feels like a scolded tongue.
  073: A stormy hush upon the landscape's surge.
  074: The wind whispers a somberps.
  075: A whispering hush the wind has sung.
  076: The storm has stirred the earth and stung.
  077: The world seems wrapped in a mourning lunge.
  078: The sky is low, the world feels stung.
  079: The wind lets loose a bitter stunge.
  080: The earth is stirred beneath the storm's long grudge.
  081: A whispered storm in sorrow strung.
  082: The world is bathed in nature's dungeon.
  083: The storm has stirred the quiet longitude.
  084: The earth is stirred by tempest's grudge.
  085: The earth is stirred by thunder's surge.
  086: The world feels cold, the heart still stings.
  087: The wind whispers through the fence.
  088: The sky weeps loud, the world feels strange.
  089: The wind chants low a mournful tongue.
  090: A somber sky, a quiet drench.
  091: The thunder growls, the lightning stung.
  092: The world feels lost in sorrow's stunge.
  093: The wind sings low a mournful trench.
  094: A whispered hush beneath the grunge.
  095: A storm of rhythm I can't unstring.
  096: The world feels blue and washed in trench.
  097: The sky whispers a somber psalm.
  098: The world is wrapped in somber lunge.
  099: The sky whispers, "The day is young."
  100: The earth responds with soaked and stung.
  101: The world is drenched, and all is strange.
  102: The storm is loud, and heaven's stung.
  103: The thunder growls, the winds advance.
  104: The earth is stirred and stirs the young.
  105: The winds诉 say the storm won't flinch.
  106: The sky is low, the world feels strange.
  107: The world feels quiet, deep in a trench.
  108: The sky’s in sorrow, softly strung.
  109: The world feels cold, and hope is stung.
  110: The world is hushed beneath the strange.
  111: The earth awakes from its summer lunge.
  112: The thunder growls and darkness stung.
  113: The earth is stirred by storm’s harsh humg.
  114: The world feels quiet, lost in a strange marge.
  115: The storm has set the world adrift in its strange dance.
  116: The wind howls tales of sorrow and stings.
  117: A somber tune the thunder's flung.
  118: The sky lets loose its endless dirge.
  119: The sky lets loose its steady hum.
  120: The wind howls loud through every sludge.
  121: The earth is drenched, the sky takes flight.
  122: The storm has seized the silent tonguege.
  123: The sky whispers of an endless grunge.
  124: The sky lets out a mournful hum.
  125: The wind howls loud and shakes the fence.
  126: The storm has stirred the silent dung.
  127: The thunder roars, the world feels stung.
  128: The sky is low, the wind is strange.
  129: The earth below in sorrow twitches.
  130: The thunder rolls and lightning flings.
  131: A hush descends, and day turns strange.
  132: The sky exhales a weary strophe.
  133: The world is wrapped in twilight's grunge.
  134: The earth is soaked, the winds advance.
  135: The thunder growls, the skies lunge.
  136: The sky’s in sorrow, singing a strange, dark psalm.
  137: The thunder growls, the lightning flung.
  138: The sky repeats its solemn dirge.
  139: The sky whispers of coming sturgeon.
  140: The earth is stirred by heaven's trench.
  141: The earth is cloaked in somber scunge.
  142: A somber hush the earth convulses with.
  143: The wind sings tales of a sorrowful tongue.
  144: The storm outside feels like a crushing trench.
  145: The wind whispers a mournful song.
  146: The thunder grumbles, deep and strange.
  147: A whispered chill the air convalescent stung.
  148: The earth responds with a hopeful surge.
  149: The earth is stirred beneath the surge.
  150: The sky weeps with a somber stance.
  151: The earth is humming a somber psalm.
  152: A whispered hush through dripping trees.
  153: The storm has stirred the earth and stung.
  154: The wind whispers through every arch.
  155: The sky’s in tune with a somber rung.
  156: The wind complains the day is strange.
  157: The earth exhales a soggy surge.
  158: A whispered hush is spreading its length.
  159: The thunder roars, the sky seems stung.
  160: The world is wrapped in softest lunge.
  161: The storm outside mirrors the ache I’ve sung.
  162: A stormy veil, a whispered grudge.
  163: The earth sighs soft beneath the stunge.
  164: The thunder growls, the storm takes charge.
  165: The storm has come with silent stings.
  166: The sky declares a mournful tongue.
  167: The storm outside feels endless, strange.
  168: The winds sing low a mournful tongue.
  169: The sky declares, "It's time to flinch!"
  170: The sky complains in quiet grunge.
  171: A somber hush the earth can't shrug.
  172: The earth exhales a sorrowful rung.
  173: A somber tune the sky will hum.
  174: The wind hums low, the earth turns trench.
  175: The sky complains in whispered scold.
  176: The world is wrapped in twilight's strange.
  177: The world feels deep in nature’s trench.
  178: The sky complains in heavy sturgeon's lunge.
  179: The storm outside reflects the ache within.
  180: The thunder rolls in somber tune.
  181: The world feels gloomy, heart without a lung.
  182: The sky murmurs its low lament.
  183: The wind doth moan beneath the sun.
  184: The earth is drenched, the day turns stunge.
  185: The thunder roars, the world feels stung.
  186: The earth sighs deep beneath the sting.
  187: The storm has set the world askew.
  188: The storm outside my soul re-echoes.
  189: The sky sighs loud, the earth rings strange.
  190: The earth below can't escape its trench.
  191: The storm outside feels endless, strange.
  192: A hush descends where melodies once sung.
  193: The winds are wild, and hope stays strong.
  194: The sky weeps soft, a sorrowful tongue.
  195: The earth wears sorrow’s muted stance.
  196: A somber hush the earth can't flinch.
  197: A somber sky, a quiet twinge.
  198: The earth is stirred, the seeds take root and sing.
  199: The world is wrapped in silent humge.
  200: The storm outside stirs something strange.

FIRST LINE: The clouds are gray, the raindrops tumble,
  001: The world is hushed beneath the drizzle.
  002: A hush has fallen, soft and subtle.
  003: A hush descends, the world grows humble.
  004: A gentle hush, the world grows humble.
  005: The wind does howl through fence and stump,
  006: A silent hush has nature humble.
  007: A hush descends, the world goes mumble.
  008: A quiet hush spreads over the humble.
  009: A hush descends, the world grows humble.
  010: A hush descends, the world turns humble.
  011: A hush descends as daylight crumbles.
  012: A quiet hush has come to settle.
  013: The earth is calm, the storm is humble.
  014: A quiet hush spreads o’er the huddle.
  015: The wind outside tells winter's humble.
  016: The wind is moaning, soft yet humble.
  017: A hush falls soft, the world turns humble.
  018: The wind it moans and whispers, "Crumble."
  019: A quiet hush has softly sculled me.
  020: A quiet hush the world becomes.
  021: A hush descends, the skies grow humble.
  022: The world feels quiet, and the skies grow humble.
  023: The wind whispers a gloomy grumble.
  024: A quiet hush across the hushless drumble.
  025: A hush descends, the world grows humble.
  026: Leaves dance low in the cold, crisp grumble.
  027: A hush has fallen o’er the humble.
  028: A hush descends on all the humble.
  029: A gentle hush, the world grows humble.
  030: A hush descends, the world grows humble.
  031: A gentle hush spreads over the humble.
  032: A quiet hush lies on the crumble.
  033: A hush descends, the world turns drab.
  034: A quiet hush rolls over theumble.
  035: The wind sings soft through every crumbled leaf and humble.
  036: A hush descends, the sky turns mumble.
  037: The wind whispers through the gale.
  038: A hush has fallen, soft and humble.
  039: A quiet hush has settled humble.
  040: A quiet hush wraps every crumbles.
  041: The world is hushed beneath the gumble.
  042: A hush falls soft upon the humble.
  043: A gentle hush begins to mumble.
  044: The sky’s in moan, the winds are numble.
  045: The wind it sings a somber humble.
  046: The wind outside gives off a mumble.
  047: The world feels quiet, wrapped in gloom.
  048: The earth is soaked in twilight's drumble.
  049: The sky whispers, "Let your heart bubble."
  050: A quiet hush lays over the humble.
  051: A hush descends, the sky turns humble.
  052: A quiet hush descends on slumber.
  053: The sky’s in weep, the earth is humble.
  054: A quiet hush upon theumble.
  055: The thunder growls and the lightning stumbles.
  056: The sky is low, and still the gumble.
  057: A quiet hush lies over the humble.
  058: A somber hush upon theumble.
  059: The sky weeps soft in April's murmur.
  060: A gentle hush, the world goes dim.
  061: The wind hums low, the world grows humble.
  062: A quiet hush the earth becomes.
  063: The wind whispers a lullaby numbly.
  064: The wind outside begins to humble.
  065: The wind sings low, the skies turn fumble.
  066: A quiet hush beneath the gumble.
  067: A hush falls soft upon the crumble.
  068: The wind blows cold, and hearts grow numbble.
  069: A hush descends, the quiet hushes.
  070: The wind outside tells winter's rumble.
  071: A soft hush falls on fence and stubble.
  072: A quiet hush has come to settle.
  073: A hush of calm before the scuffle.
  074: A hush descends, the world is humble.
  075: The wind whispers through the trees, it's come.
  076: A quiet hush wraps every crumbler.
  077: A whispered hush upon the scumble.
  078: A quiet hush rolls softly over mumble.
  079: A hush descends as day grows humble.
  080: A hush descends on nature's scumble.
  081: The world outside is a dripping grumble.
  082: The wind it whispers through the hush of Summer.
  083: A hush descends, the world grows humble.
  084: The wind whispers through the autumn's hush.
  085: The wind hums low, and hearts are drab.
  086: A whispered hush in nature's humble.
  087: The wind outside begins to humble.
  088: A gentle hush upon the hilly.
  089: A quiet hush spreads over yumble.
  090: A quiet hush descends like summer.
  091: A quiet hush beneath the gumble.
  092: A whisper of storms in the gathering grumble.
  093: Leaves dance in the wind, the daylight's numb 'le.
  094: A hush descends upon the cradle.
  095: The wind whispers secrets to the humble.
  096: A silent hush, the world convulses.
  097: A silent hush spreads o'er the huddle.
  098: A hush descends, the night turns humble.
  099: A hush descends, the world turns humble.
  100: The wind does howl and shiver.
  101: The wind outside does howl and mumble.
  102: A gentle hush begins to bubble.
  103: Leaves are whispering, "Life is a fumble."
  104: A quiet hush has settled over me.
  105: A quiet hush spreads over the humble.
  106: The thunder growls like a grumbling grumble.
  107: The wind whispers a somber humble.
  108: The wind outside begins to humble.
  109: A silent hush has settled on the bumple.
  110: The wind whispers through every crumbled leaf.
  111: The sky weeps soft in twilight’s hush.
  112: The wind whispers a winteryumble.
  113: A quiet hush wraps the world in slumber.
  114: A quiet hush spreads over the stubble.
  115: The wind whispers through the groaningumble.
  116: A hush descends, the world turns humble.
  117: A gentle hush beneath the gavel of the sky.
  118: The wind outside tells a sad, old fable.
  119: The wind does wail and skies turn crummy.
  120: A hush descends, the world turns humble.
  121: A hush falls soft, the world is humble.
  122: A quiet hush descends like drizzle.
  123: The wind whispers a lullaby from the summit.
  124: A hush has fallen, soft and subtle.
  125: A hush is cast across the crumble.
  126: A hush falls soft on earth and humble.
  127: A quiet hush rolls soft andumble.
  128: A whispering hush rolls through the holler.
  129: The wind whispers through every crumble.
  130: A quiet hush descends upon the crumble.
  131: The wind does howl and hearts grow solemn.
  132: A gentle hush wraps every humble.
  133: The wind complains and skies grow humble.
  134: The wind whispers tales of a coming mumble.
  135: The wind outside tells tales of summer.
  136: A quiet hush spreads through the dumble.
  137: A quiet hush beneath the grumble.
  138: A gentle hush upon the mumble.
  139: A soft hush falls where the wild wind stumbles.
  140: A quiet hush wraps every crumble.
  141: A quiet hush has come to slumber.
  142: A hush has settled o’er the humble.
  143: The wind outside begins to humble.
  144: A quiet hush has settled humble.
  145: A hush descends, the world feels crumbled.
  146: The wind does howl and skies growumble.
  147: The earth is calm beneath the drizzle.
  148: The wind is loud and bids youumble.
  149: The wind whispers through the trees.
  150: The wind does howl and sing a psalm.
  151: A hush descends, the world goes humble.
  152: The sky weeps soft in silvery drizzle.
  153: The wind whispers a lullaby druthful.
  154: The wind outside begins to humble.
  155: A hush descends as night grows humble.
  156: A hush descends, the world grows humble.
  157: A hush of storm beneath the hovel.
  158: The wind sings low a somber humble.
  159: A hush falls soft upon the humble.
  160: The wind outside tells stories mumbled.
  161: The wind outside begins to humble.
  162: A whispered hush across the humble.
  163: Leaves dance slow beneath the muffled humble.
  164: A quiet hush the evening humbles.
  165: A soft hush falls on every humble.
  166: The winds complain in a mournful hummel.
  167: A quiet hush drifts o’er the cradle.
  168: The wind is high and nature grumbles.
  169: A quiet hush fills the morning chum-ble.
  170: The wind it moans and whispers, "Humble."
  171: A soft hush falls as day grows humble.
  172: The wind outside begins to mumble.
  173: A whispered hush beneath the slumber.
  174: The wind is high and time is clumsy.
  175: A hush descends, the world is mumbled.
  176: The wind outside begins to huddle.
  177: A quiet hush before the summer.
  178: The world seems wrapped in sorrow's drizzle.
  179: The world outside feels rather drumbly.
  180: The wind whispers through the trees a fumble.
  181: The wind sings low by the quiet grumble.
  182: The winds诉 sorrow in a rumble.
  183: The wind outside begins to humble.
  184: The wind whispers through the trembling lumber.
  185: The wind outside just howls and hums me.
  186: A quiet hush, the world grows humble.
  187: The wind it whimpers, sad and humble.
  188: The wind is high, the world is mumble.
  189: The wind whispers through everyumble.
  190: The earth sighs soft 'neath April's grumble.
  191: The wind sings soft in mournful murmur.
  192: A whispering wind through the trees grows humble.
  193: The wind outside tells stories humble.
  194: The wind outside is howling humble.
  195: The wind it sighs and whispers, "Humble."
  196: A whispered hush across the hilly.
  197: A quiet hush spreads through the dingles.
  198: A quiet hush before the mumble.
  199: The wind does howl and softly humble.
  200: The wind hums low, the earth is humble.

FIRST LINE: The clouds are gray, the raindrops sink,
  001: A whispered hush beneath the link.
  002: A hush descends where once thereリンク (link)
  003: The world seems dim, and hope takes second think.
  004: The world is quiet where you think.
  005: A whispered hush the world will think.
  006: The world seems sad, the light grows thin.
  007: The world seems drowned in sorrow’s link.
  008: The thunder growls from briny deep.
  009: The world seems low, beneath a thin veil brink.
  010: The world grows still, and silence stink.
  011: The world is hushed beneath the brink.
  012: The world seems sad, and hearts grow thin.
  013: A hush descends where once thereリンク.
  014: The world feels flat, my soul is thin.
  015: A storm’s soft hush upon the link.
  016: A quiet hush where silence stinks.
  017: The world seems wrapped in quiet drink.
  018: The quiet sky a muted ink.
  019: The world grows quiet, deep within.
  020: A whispered hush the world will think.
  021: A heavy hush upon the brink.
  022: A quiet hush upon the brink.
  023: The world grows quiet, hushed by drink.
  024: The world feels quiet, heart still stink.
  025: A hush descends where daylight winked.
  026: A somber hush upon the brink.
  027: The world below is damp and stink.
  028: The world seems dim, the day feels thin.
  029: The world feels low, a heav’nly blink.
  030: A hush descends where melodies wouldリンク.
  031: A hush has settled deep within.
  032: The world feels quiet, deep within.
  033: The world grows still, and hope begins to think.
  034: A somber hush the world will think.
  035: The world seems drowned in silent brink.
  036: A hush descends where echoesリンク.
  037: The world is hushed beneath theリンク.
  038: The world grows still, and day turns dim.
  039: A storm's dark whisper, hearts turn thin.
  040: A hush descends where daylight winked.
  041: The world outside feels cold and thin.
  042: The world grows quiet, hushed and thin.
  043: The world is wrapped in soft lament.
  044: The world outside feels out of sync.
  045: The daylight fades, the world feels thin.
  046: A silent hush the world will think.
  047: A hush descends on every link.
  048: A hush descends where joy might think.
  049: A hush descends where whispers blink.
  050: A silent hush upon the brink.
  051: A hush falls soft, the world grows thin.
  052: The world outside refuses to think.
  053: The day is dim, the world turns thin.
  054: The world feels tired, soul begins to think.
  055: A hush descends where daylight stank.
  056: The world feels dim, both heart and mind.
  057: A hush descends where daylight winked.
  058: The world feels heavy, worn thin.
  059: A hush falls soft upon the linch.
  060: The world seems drowned in muted ink.
  061: The sky is low, the world feels thick.
  062: A hush descends where once thereリンク.
  063: The sky seems low, the day grows thin.
  064: The world is hushed beneath the brink.
  065: The world outside just stops and thinks.
  066: A quiet hush upon the brink.
  067: The world is quiet, held on brink.
  068: A somber hush the world will think.
  069: The world seems muted, dulled by link.
  070: The day drifts on with listless blink.
  071: A hush falls deep where daylightリンク.
  072: The world is hushed beneath the brink.
  073: The world outside just takes me in.
  074: A whispered hush where silence stinks.
  075: The world is wrapped in watery ink.
  076: The world feels dim, the heart grows thin.
  077: A whispered hush along the brink.
  078: The world feels deep, beneath the brink.
  079: The wind does howl and hearts get thin.
  080: A heav'nly sigh on every brim.
  081: The world feels low, the soul turns in.
  082: A hush falls soft upon the brink.
  083: The world seems drowned in quiet stink.
  084: The world feels heavy, weighed with drink.
  085: The sky grows heavy, hearts grow thin.
  086: A heaviness upon the mind.
  087: The world is wrapped in quietthink.
  088: A hush descends, the world feels thin.
  089: The world is wrapped in quiet thought.
  090: A hush descends where daylight blink.
  091: The world is wrapped in muted pink.
  092: A whispered hush where dreams still link.
  093: The world is hushed, and all things blink.
  094: The world seems low, both heart and ink.
  095: The world feels quiet, heart within.
  096: A whispered hush on nature’s brink.
  097: The world feels low, both heart and mind.
  098: A hush is heard where once thereリンク (ling).
  099: The sky’s a sigh, the world grows thin.
  100: The world feels quiet, hearts turn thin.
  101: A hush descends where birds onceリンク.
  102: A heavy hush upon the link.
  103: The world seems low, but light will blink.
  104: A hush descends where birds once sang.
  105: A storm of thought within me stirs the mind.
  106: The world is wrapped in quiet think.
  107: The day grows long, the world feels thin.
  108: A quiet hush upon the brink.
  109: The world seems hushed beneath the brink.
  110: A hush descends where the thunderリンク.
  111: The sky above begins to think.
  112: A storm is brewing by the clock's still tick.
  113: The daylight fades behind the brink.
  114: A stormy hush across the brink.
  115: The world feels heavy, hearts grow thin.
  116: The world seems washed in muted ink.
  117: The sky weeps slow, the world grows thin.
  118: A whispered sigh the wind will think.
  119: The world feels deep, the heart grows thin.
  120: The earth is soaked, the day turns dim.
  121: The world is wrapped in sighs and ink.
  122: A somber hush across the brink.
  123: The world outside just takes a blink.
  124: A hush descends where daylight winked.
  125: The day is dim, the world feels thin.
  126: The world is wrapped in softest thinck.
  127: The world feels cold, the heart gets thin.
  128: The world feels dull, like something’s wrong.
  129: A hush descends where daylight winked.
  130: A whispered sigh the world will think.
  131: The world feels low, and hearts stay linked.
  132: A somber hush the world will think.
  133: The world feels dull, without a wink.
  134: The thunder rolls, the world is grim.
  135: A storm of thoughts I cannot think.
  136: A hush descends where the thunder might think.
  137: The world is wrapped in wet and stink.
  138: The world is soaked, my heart grows thin.
  139: A hush descends where birds no longer link.
  140: A heavy hush upon the brink.
  141: A hush falls soft on hill and link.
  142: A silent hush the world will think.
  143: A quiet hush the world will think.
  144: A stormy veil upon the link.
  145: A heavy hush upon the brink.
  146: A hush descends, the world grows thin.
  147: A heavy hush begins to think.
  148: The world feels quiet, lost inリンク.
  149: A silent hush the world will think.
  150: A hush falls soft upon the brink.
  151: A hush descends, the world turns thin.
  152: The world feels dim, the heart stays thin.
  153: A silent hush where daylight winked.
  154: A hush descends where once there winked.
  155: The world is hushed beneath the linch.
  156: A hush falls soft upon the brink.
  157: A somber hush the world does think.
  158: The daylight fades by twilight's brink.
  159: The world is wrapped in somber think.
  160: A somber hush the world will think.
  161: A hush falls deep where daylight winked.
  162: A silent world with no birds' wink.
  163: A silent hush the world now drinks.
  164: The world seems wrapped in quiet think.
  165: The day feels long, and hope begins to blink.
  166: A whispered hush the world lets in.
  167: A storm rolls in, the world turns thin.
  168: The world seems muted, hushed, and thin.
  169: A heavy hush upon the brink.
  170: A hush descends on every brink.
  171: A quiet hush begins to think.
  172: The world is drenched, but hope still stings.
  173: A hush descends where daylight winked.
  174: A storm is brewing deep within.
  175: The day is dim, the heart still thinks.
  176: The sky is low, the world feels thin.
  177: A hush falls where the fire winked.
  178: A silent world begins to think.
  179: A somber hush the world will think.
  180: The world seems muted, soul unshink.
  181: A hush descends where daylightリンク.
  182: A whispered hush where sorrowリンク。
  183: A silent hush the world will think.
  184: The world seems lost, without a blink.
  185: A hush descends where once thereリンク.
  186: A whispered hush where silence stinks.
  187: The world outside begins to think.
  188: A hush is spread through every brink.
  189: The world seems muted, hushed, and thin.
  190: A whispered hush upon the brink.
  191: The world feels muted, hearts grow thin.
  192: The world feels dim, the heart grows thin.
  193: A hush falls soft, the world grows thin.
  194: The thunder growls and the lightning flinks.
  195: A world awash in muted ink.
  196: A hush falls soft upon the brink.
  197: A quiet hush the world will drink.
  198: The world seems dim, the heart feels thin.
  199: The day is dull, the world feels thin.
  200: The world is hushed beneath the brink.

FIRST LINE: The clouds are gray, the raindrops spill,
  001: A hush descends, both still and chill.
  002: A quiet hush descends on hill.
  003: A whispered hush through every hill.
  004: A somber hush descends and still.
  005: A gentle hush begins to still.
  006: A quiet hush upon the hill.
  007: A hush descends, the world grows still.
  008: A hush descends, the night turns still.
  009: A whispered hush through every hill.
  010: A whispered hush beneath the hill.
  011: A whispered hush drifts down the hill.
  012: A whispered hush as daylight quills.
  013: A whispered hush, the world turns still.
  014: A gentle hush wraps earth in still.
  015: The sky is low, and all is still.
  016: The sky weeps quiet into night.
  017: A whispered hush runs through the hill.
  018: A whispered hush descends like silk.
  019: A whispered hush descends, and still — the world feels chill.
  020: A hush descends on earth and hill.
  021: A whispered hush across the hill.
  022: A hush descends, both soft and still.
  023: A whispered hush through every hill.
  024: A hush falls soft upon the hill.
  025: A hush descends, the dusk grows still.
  026: A hush descends, the night turns still.
  027: The world feels quiet, lost in still.
  028: The wind whispers through every hill.
  029: A hush descends, both soft and still.
  030: The world grows quiet as the twilight fills.
  031: A quiet hush across the hill.
  032: A whispered hush through soaked and willow hill.
  033: A hush descends, the night grows still.
  034: A hush descends, both calm and chill.
  035: A somber hush across the hill.
  036: A whispered hush begins to still.
  037: A hush descends, both hill and sill.
  038: A quiet hush descends and still.
  039: A hush falls soft upon the hill.
  040: A hush has fallen, soft and still.
  041: A hush descends, the world feels still.
  042: A whispered hush through nature's will.
  043: A whispered hush goes through the hill.
  044: A somber hush spreads o’er the hill.
  045: A whispered hush runs through the hill.
  046: A quiet hush that time will kill.
  047: A quiet hush the world does fill.
  048: A hush descends as thunder stills.
  049: A quiet hush the earth does fill.
  050: A hush descends, both soft and still.
  051: A silent hush has claimed the hill.
  052: A hush descends, the world turns still.
  053: A hush descends, the wind turns still.
  054: A whispered hush through leaf and sill.
  055: A whispered hush descends through still.
  056: A whispered hush through leaf and hill.
  057: A whispered hush through heaven's will.
  058: A quiet hush drifts down the hill.
  059: A silent hush falls o’er the hill.
  060: A quiet hush across the hill.
  061: A whispered hush drifts through the hill.
  062: A whispered hush descends, then still.
  063: A hush descends as day grows still.
  064: A quiet hush across the hill.
  065: A whispered hush through nature's will.
  066: A hush falls soft upon the hill.
  067: A somber hush descends like will.
  068: A hush descends upon the hill.
  069: A whispered hush through forest still.
  070: A whispered hush runs through the hill.
  071: A whispered hush as storms run still.
  072: A hush descends, the world grows still.
  073: A quiet hush spreads through the hill.
  074: A whispered hush goes through the hill.
  075: A hush falls soft upon the hill.
  076: A whispered hush runs down the hill.
  077: A hush descends, the world stands still.
  078: A whispered hush moves through the still.
  079: A whispered hush begins to fill.
  080: A gentle hush through quiet hills.
  081: A whispered hush beneath the hill.
  082: A whispered hush the world does fill.
  083: A gentle hush begins to still.
  084: A hush falls soft upon the hill.
  085: A whispered hush runs down the hill.
  086: A gentle hush that settles still.
  087: A whispered hush through every hill.
  088: A gentle hush that stills the hill.
  089: A quiet hush spreads through the hill.
  090: The sky weeps soft against the hill.
  091: A whispered hush through dripping pines.
  092: A whispered hush through window's chill.
  093: A gentle hush through branches shrill.
  094: A quiet hush begins to still.
  095: A whispered hush goes through the hill.
  096: A whispered hush goes through the hill.
  097: A hush descends, the world feels still.
  098: A hush descends upon the hill.
  099: A quiet hush descends, the world goes still.
  100: A hush falls soft upon the hill.
  101: A somber hush through heaven's hill.
  102: A hush descends upon the hill.
  103: A gentle hush upon the hill.
  104: The world grows quiet, heart and will.
  105: A quiet hush has claimed the hill.
  106: The sky tells tales of a sullen will.
  107: A quiet hush the sky does fill.
  108: A whispered hush descends from hill to hill.
  109: A whispered hush descends through hill.
  110: A hush descends as daylight kills.
  111: A hush falls soft upon the hill.
  112: A whispered hush across the hill.
  113: A quiet hush the world does fill.
  114: A whispered hush across the hill.
  115: A hush descends, both soft and still.
  116: A hush descends, the pines stand still.
  117: The world is hushed beneath the sky.
  118: A whispered hush beneath the hill.
  119: A somber hush descends and fills.
  120: The quiet sky begins to weep.
  121: A whispered hush through earth's deep chill.
  122: A somber hush drifts down the hill.
  123: The world is soaked in gentle still.
  124: A hush descends, the pines grow still.
  125: A gentle hush that steals the will.
  126: A hush descends upon the hill.
  127: A hush descends as daylight stills.
  128: A hush falls soft upon the hill.
  129: A whisper soft through branches chill.
  130: A whispered hush across the hill.
  131: A quiet hush falls soft and still.
  132: A hush descends, both still and chill.
  133: The day grows dim, the dusk turns chill.
  134: A gentle hush begins to fill.
  135: The quiet sky begins to grizzle.
  136: A whispered hush through every hill.
  137: A whispered hush goes through the hill.
  138: A whispered hush through dripping pines.
  139: A gentle hush o'er earth does fill.
  140: A whispered hush moves through the hill.
  141: A hush descends, the world grows still.
  142: A quiet hush descends like will.
  143: A quiet hush upon the hill.
  144: The sky grows quiet, heart so still.
  145: A whispered hush across the hill.
  146: A whispered hush the world fills.
  147: A somber hush through branches shrill.
  148: A quiet hush begins to still.
  149: A whispered hush through dripping hill.
  150: The thunder speaks in echoing chill.
  151: A quiet hush creeps down the hill.
  152: A gentle hush through silent hill.
  153: A hush descends as day turns still.
  154: A hush falls soft upon the hill.
  155: A whispered hush runs down the hill.
  156: A whispered hush rolls down the hill.
  157: The wind whispers through every hill.
  158: A quiet hush the world does fill.
  159: A gentle hush begins to fill.
  160: A hush descends, the dusk grows still.
  161: A quiet hush descends on hill.
  162: A hush descends, both land and hill.
  163: A somber hush descends like will.
  164: A gentle hush wraps earth in still.
  165: A whispered hush through dripping pines.
  166: The gentle hush of twilight's will.
  167: A quiet hush that stills the will.
  168: A hush descends as shadows fill.
  169: A gentle hush begins to fill.
  170: The world is hushed beneath the hill.
  171: The quiet sky begins to whine.
  172: A whispered hush the sky lets in.
  173: A whispered hush through every hill.
  174: A hush falls soft upon the hill.
  175: A hush descends, the world grows still.
  176: A gentle hush descends on hill.
  177: The world grows quiet, heart and will.
  178: A whispered hush as day grows still.
  179: A quiet hush descends and still.
  180: A silent hush has claimed the hill.
  181: A quiet hush across the hill.
  182: A hush descends, the world feels still.
  183: A hush falls soft upon the hill.
  184: A quiet hush across the hill.
  185: The quiet sky tells tales of still.
  186: A whispered hush through heaven's will.
  187: The sky feels low, my heart runs still.
  188: A quiet hush descends the hill.
  189: A whispered hush runs through the hill.
  190: A hush descends upon the hill.
  191: A quiet hush descends and still.
  192: A quiet hush the sky can't fill.
  193: A hush descends upon the hill.
  194: A hush of calm the winds fulfill.
  195: A whispered hush through every hill.
  196: A whispered hush through dripping pines.
  197: A whispered hush that stills the hill.
  198: A quiet hush drifts down the hill.
  199: A whispered hush through every hill.
  200: A whispered hush that nature fills.

