FIRST LINE: Boxes of books, a reader's delight,
  001: Boxed books in silence, a reader's delight.
  002: A rhyming couplet in the style of the classic Chinese poetic couplet could be:
  003: **Boxes of books, a reader’s delight**
  004: **Boxed in silence, shelves hold stories to tell,**
  005: Sure! Here's a rhyming couplet in English:
  006: A couplet in the style of a rhyming couplet:
  007: Sure, here's a rhyming couplet for your inspiration:
  008: **The Bookthorn Boxed Up**
  009: Certainly! Here's a rhyming couplet in a style that reflects the theme of a book's pleasure:
  010: Sure! Here's a rhyming couplet in English that fits the theme of books and reading:
  011: A rhyming couplet can be:
  012: **Boxing books and pages open,**
  013: When rhyming a couplet for a book-themed couplet:
  014: Boxing books in stacks,
  015: A couplet rhyming, full of joy and books:
  016: Sure! Here's a rhyming couplet in poetic form, reflecting the theme of reading and book boxes:
  017: A rhyming couplet in the style of "Boxes of books, a reader's delight" could be:
  018: **Boxes of books**, a reader’s delight,
  019: Ah, the reader's delight,
  020: A rhyming couplet in English could be:
  021: A heart once found, a spirit so kind.
  022: Ah, that's quite a rhyme! Here's a couplet that fits your theme with a "rhyming couplet" structure, where two lines share a rhyme:
  023: A rhyming couplet could go like this:
  024: A rhyming couplet can be something like:
  025: A rhyming couplet can be written as:
  026: A couplet in the style of a rhyming couplet for a reading context:
  027: Boxing the books, a delight for many readers,
  028: **A reader's delight, boxes of books,**
  029: **A Rhyming Couplet:**
  030: Certainly! Here's a rhyming couplet in classical Chinese:
  031: The boxes of books are a treasure,
  032: **Ode to a Boxed Book**
  033: **Boxes of books, a reader’s delight,**
  034: A rhyming couplet for the idea of books as a reader’s delight could go like this:
  035: Here's a rhyming couplet in Chinese, inspired by your idea of describing books and a reader's delight:
  036: *Boxes of books on a shelf, a reader's delight*,
  037: A rhyming couplet for "Boxes of books, a reader's delight" could be:
  038: Here's a rhyming couplet in English that fits your theme of a reader's delight:
  039: A rhyming couplet could go like this:
  040: **Boxes of books, a reader's delight,**
  041: A world of wonder, where thoughts thrive.
  042: Ah, the rhyme couplet goes like this:
  043: A heart that’s content in a quiet seat.
  044: A rhyming couplet:
  045: Boxing the books and reading delight,
  046: Here’s a rhyming couplet in line with your theme of books and reading:
  047: Here's a rhyming couplet in Chinese for the given theme:
  048: Box of books, a reader’s delight,
  049: Here's a rhyming couplet in English that fits the imagery of boxes of books and a reader's delight:
  050: A rhyming couplet can be:
  051: Certainly! Here's a rhyming couplet in the style of your description:
  052: Certainly! Here's a rhyming couplet in Chinese:
  053: Sure! Here's a rhyming couplet in English, suitable for a reader's delight:
  054: Boxing the books,
  055: Sure! Here's a rhyming couplet in English:
  056: Here is a rhyming couplet that captures the essence of a reader’s delight with a touch of whimsy:
  057: A rhyming couplet in Chinese, based on "Boxes of books, a reader's delight":
  058: A rhyming couplet for "Boxes of books, a reader's delight!" could be:
  059: A rhyming couplet about books can go something like this:
  060: Ah, here's a rhyming couplet for you!
  061: A rhyming couplet about boxes of books and a reader’s delight can be:
  062: Here's a rhyming couplet in the style you described, with a reader's delight theme:
  063: A rhyming couplet in English, keeping it simple and poetic:
  064: Here's a rhyming couplet in the style of a rhyming couplet, based on the description you provided:
  065: Sure, here's a rhyming couplet in classical Chinese that sounds poetic and rhymes with your first lines:
  066: A rhyming couplet about books:
  067: A rhyming couplet in the style of a book is:
  068: **The Reader’s Friend**
  069: A rhyming couplet could be:
  070: A rhyming couplet in the style of a poet:
  071: Certainly! Here's a rhyming couplet in Chinese:
  072: **A reader’s delight,**
  073: A couplet:
  074: **The reader’s delight** and **Boxes of books** form a harmonious couplet. Here it is:
  075: A rhyming couplet could be:
  076: **Couplet with a rhymes, like this:**
  077: **Boxes of books, a reader's delight,**
  078: **Boxes of books,** a reader's delight,
  079: One shelf holds many stories,
  080: Sure! Here's a rhyming couplet in the style of a traditional Chinese couplet, using "boxes of books" and a reader's delight as the two lines:
  081: Spend your time in wonder, the world unfolds.
  082: A rhyming couplet might go like this:
  083: **Couplet:**
  084: Certainly! Here's a couplet in classical Chinese, rhyming with "a reader's delight":
  085: **A Rhyming Couplet:**
  086: **A Reader’s Delight**
  087: Boxing books that are filled with joy,
  088: **Boxes of books, a reader's delight!**
  089: The rhyming couplet in Chinese could be:
  090: A rhyming couplet could be:
  091: A rhyming couplet in Chinese could be something like:
  092: Sure! Here's a rhyming couplet based on your phrase:
  093: A rhyming couplet, following the theme of boxes of books and a reader's delight:
  094: A rhyming couplet could be:
  095: A rhyming couplet about books:
  096: Here's a rhyming couplet in Chinese (with a rhyme scheme "iambic" for simplicity):
  097: Here is a rhyming couplet in Chinese, capturing the theme of a reader’s delight:
  098: Sure! Here's a rhyming couplet in Chinese for the given lines:
  099: A rhyming couplet:
  100: Box of books, a reader's delight.
  101: Certainly! Here's a rhyming couplet in Chinese for the theme of a reader's delight:
  102: **A rhyming couplet:**
  103: Certainly! Here's a rhyming couplet in Chinese:
  104: A rhyming couplet could go like this:
  105: **Boxes and Buses, Brought in the Days**
  106: **A Rhyming Couplet:**
  107: **Boxed books, a reader’s delight**,
  108: Certainly! Here is a rhyming couplet in English:
  109: **A Rhyming Couplet:**
  110: Ah! I’ve been thinking of the lines: *Box of books, a reader’s delight*, and their rhyming couplet, perhaps something like:
  111: A rhyming couplet could be:
  112: **RHYTHMING COUPLIT:**
  113: A rhyming couplet could be:
  114: A rhyming couplet in couplet form:
  115: A rhyming couplet could be:
  116: Sure, here's a couplet (rhyming pair) in Chinese with a touching message about books:
  117: A rhyming couplet could go like this:
  118: One who tomes to read,
  119: A rhyming couplet in English could be:
  120: Sure, here is a rhyming couplet in Chinese, based on the description:
  121: Here’s a rhyming couplet in the style of a traditional couplet, incorporating the theme of books and a reader's delight:
  122: Boxed books are in storage,
  123: A rhyming couplet for your idea could be:
  124: A rhyming couplet in Chinese could be:
  125: **A Rhyming Couplet in Chinese**
  126: **Couplet:**
  127: Certainly! Here's a rhyming couplet inspired by the theme of reading:
  128: Certainly! Here's a rhyming couplet in Chinese:
  129: Here's a rhyming couplet in Chinese, maintaining the imagery of books, a reader’s delight:
  130: Certainly! Here's a rhyming couplet in the style of your description:
  131: A rhyming couplet for "Boxes of books, a reader's delight":
  132: Of books, a reader's delight,
  133: A rhyming couplet in Chinese could be:
  134: Certainly! Here's a rhyming couplet in Chinese that captures the essence of reading:
  135: A rhyming couplet in the spirit of the request could be:
  136: Certainly! Here's a rhyming couplet for your theme:
  137: **Beneath the light, books of all**,
  138: A rhyming couplet with the theme "boxes of books" and a reader's delight:
  139: **Beneath the library's light,**
  140: Certainly! Here's a rhyming couplet that fits your theme:
  141: **The Boxes Are a Place to Read**
  142: **Rhyming Couplet:**
  143: A rhyming couplet might go like this:
  144: Sure! Here's a rhyming couplet that fits your theme:
  145: Ah, here's a rhyming couplet about books and readers:
  146: A rhyming couplet that captures a reader's delight and the joy of books could go something like this:
  147: A rhyming couplet about books and reading can be:
  148: A rhyme between the couplet:
  149: *Boxed with ease, books thrive in the heart of a reader's delight*
  150: Ah, here's a rhyming couplet for you:
  151: Certainly! Here's a rhyming couplet based on your words:
  152: A rhyming couplet for "Boxes of books, a reader's delight" could read like this:
  153: **Box of Books**
  154: Here’s a rhyming couplet in the style you described:
  155: A rhyming couplet:
  156: When you say "Boxes of books, a reader's delight,"
  157: Certainly! Here's a rhyming couplet in Chinese:
  158: *The boxes of books are soft,
  159: The following is a rhyming couplet:
  160: A story within, a page’s ease.
  161: A rhyming couplet could be:
  162: A rhyming couplet about the joy of reading books could be:
  163: Certainly! Here's a rhyming couplet that matches your theme:
  164: Sure! Here's a rhyming couplet in Chinese for you:
  165: Here's a rhyming couplet in the style of a rhyming couplet, with "Boxes of books, a reader's delight":
  166: A rhyming couplet can be **boxes of books, a reader's delight**. For example:
  167: Ah! A rhyming couplet like the one below, capturing the joy of books and reader's delight, would be:
  168: Ah, the reader's delight — a joy that fills the room!
  169: Here's a rhyming couplet inspired by the line **"Boxes of books, a reader's delight"**:
  170: Here’s a rhyming couplet in Chinese, rhyming with "boxes of books, a reader’s delight":
  171: **Boxes of Books**
  172: Boxed tightly, a reader's delight,
  173: Certainly! Here's a rhyming couplet based on your theme:
  174: A rhyming couplet could be:
  175: A rhyming couplet would read like this:
  176: A rhyming couplet that captures the essence of "Boxes of books, a reader's delight" could go something like this:
  177: A rhyming couplet in couplet form would be something like this:
  178: **Boxed by the shelf, a reader’s delight—**
  179: A rhyming couplet in Chinese could be:
  180: Sure! Here's a couplet in the style of a rhyming couplet:
  181: A rhyming couplet:
  182: A rhyming couplet could be:
  183: **A rhyming couplet for a reader's delight:**
  184: A rhyming couplet would go something like this:
  185: **Boxes of Books, a Reader’s Delight**
  186: A rhyming couplet could be:
  187: Here's a rhyming couplet that fits the theme of a reader's delight with "boxes of books":
  188: A rhyme couplet in a classic style, such as traditional Chinese rhyme, could go like this:
  189: A rhyming couplet that captures the essence of a bookshelf and a reader's delight:
  190: Certainly! Here's a rhyming couplet in Chinese:
  191: A rhyming couplet about a reader's delight:
  192: A rhyming couplet could be:
  193: Sure! Here's a rhyming couplet that fits the theme:
  194: Boxes of books in the air,
  195: Certainly! Here's a couplet in the style of a rhyming couplet (or couplet with rhyme, commonly known as "rhyme couplet") that you requested:
  196: Of boxes of books, a reader's delight,
  197: A rhyming couplet in a literary style could be:
  198: A rhyming couplet could be:
  199: **Box on Box**
  200: **Beneath the scroll’s soft light,**

FIRST LINE: Boxes of books, a reader's joy,
  001: A rhyming couplet in Chinese could be:
  002: A rhyme couplet could go like this:
  003: A rhyming couplet with the given themes could be:
  004: Here is a rhyming couplet in the style of a classic poem:
  005: * Boxes of books gleam softly,
  006: A rhyming couplet can be composed as follows:
  007: Sure! Here's a rhyming couplet in the style of your words:
  008: **Boxed words** and **a reader’s joy**
  009: Here's a rhyming couplet that fits the theme of books and reading:
  010: Certainly! Here's a rhyming couplet in Chinese that captures the essence of books and readers:
  011: A rhyming couplet could be:
  012: A rhyming couplet could go like this:
  013: Here's a rhyming couplet in Chinese, capturing the joy of a reader:
  014: **Boxed Bibles and the Reader's Joy,**
  015: **A Rhyming Couplet:**
  016: **Couplet (Rhyming):**
  017: A rhyming couplet might go like this:
  018: Boxes of books
  019: A rhyming couplet could be something like this:
  020: Certainly! Here's a couplet in poetic form:
  021: Sure! Here's a rhyming couplet in Chinese:
  022: Here’s a rhyming couplet that captures the joy of reading and the warmth of books:
  023: Ah, this looks like a beautiful poetic challenge! Here's a rhyming couplet in the style you described:
  024: A rhyming couplet with the theme of books and joy:
  025: **Couplet:**
  026: A rhyming couplet could be:
  027: Boxes fill the air,
  028: Boxes of books open with a reader's joy,
  029: A rhyming couplet about books and a reader's joy could be:
  030: **A rhyming couplet:**
  031: A rhyming couplet could be:
  032: A rhyming couplet can be crafted to match the theme of reading and books. Here's a simple and elegant version:
  033: A rhyming couplet could be:
  034: A rhyming couplet can be like:
  035: A rhyming couplet could read as:
  036: A rhyming couplet could go like this:
  037: Here is a rhyming couplet in Chinese, in line with the theme of boxes of books and the joy of reading:
  038: Boxed neatly and bound with care,
  039: One box of books, with a quiet and joyful way,
  040: Certainly! Here's a rhyming couplet that captures the theme of joy found in reading, as imagined:
  041: A rhyming couplet about books and the joy they bring:
  042: **Rhyming Couplest:**
  043: Boxed in a stack of wisdom,
  044: **A rhyming couplet in the style of a traditional Chinese couplet:**
  045: **Box on the Shelf**
  046: A rhyming couplet can be structured as a poem with two lines each, rhyming in pairs (e.g., AABB). Here's a simple and poetic couplet that captures the essence of "Boxes of books, a reader's joy":
  047: Certainly! Here's a rhyming couplet in Chinese that fits your theme:
  048: One book on every shelf,
  049: A rhyming couplet with the elements of **boxes of books** and **a reader's joy**:
  050: Here's a rhyming couplet that fits the theme of books and reading:
  051: Certainly! Here's a rhyming couplet in Chinese that matches your theme:
  052: **A rhyming couplet for readers and books:**
  053: Sure! Here's a rhyming couplet in Chinese with a touch of modernity:
  054: A rhyming couplet in English could be:
  055: Certainly! Here's a rhyming couplet inspired by the theme:
  056: A rhyming couplet can be:
  057: Certainly! Here's a rhyming couplet in English:
  058: A rhyming couplet:
  059: Here's a rhyming couplet that captures the joy of reading and the beauty of books:
  060: Sure! Here's a rhyming couplet in English:
  061: Sure! Here's a rhyming couplet in Chinese:
  062: A rhyming couplet about books and a reader’s joy could be:
  063: **Beneath the pages of books,** where joy and thought are found,
  064: A rhyming couplet for a "joy of reading" could go something like:
  065: A rhyming couplet could go something like this:
  066: Sure! Here's a rhyming couplet in Chinese:
  067: Of books in shelves and reading delight,
  068: Sure! Here's a rhyming couplet in Chinese with the theme of book collection and reader joy:
  069: Here's a rhyming couplet that blends the theme of books and reading:
  070: A rhyming couplet could be:
  071: Boxed books hum with quiet laughter,
  072: Certainly! Here's a rhyming couplet that captures the theme of books and readers' joy:
  073: Sure! Here's a rhyming couplet in a poetic style:
  074: Here's a rhyming couplet in Chinese that captures the idea of books and a reader's joy:
  075: Certainly! Here's a rhyming couplet with the imagery of boxes of books and a reader's joy:
  076: Here's a rhyming couplet for you:
  077: Boxes of books,
  078: **Beneath the quiet of the library,**
  079: Here's a rhyming couplet in couplet-style:
  080: A rhyming couplet could be:
  081: A rhyming couplet could go like this:
  082: Box on table, a reader's joy,
  083: A rhyming couplet can be:
  084: **Cupid's Bookshelf**
  085: Here’s a rhyming couplet in Chinese:
  086: Here's a rhyming couplet in English, keeping the theme of a reader's joy in mind:
  087: **Boxes of books, a reader's joy,**
  088: A rhyming couplet could go like this:
  089: A rhyming couplet could be something like this:
  090: Sure! Here's a rhyming couplet in the style of a rhyming couplet:
  091: Sure! Here's a rhyming couplet based on the lines "Boxes of books, a reader's joy" in the style of Chinese poetry:
  092: **One Box of Books**
  093: Certainly! Here's a rhyming couplet that fits your theme of books and reader's joy:
  094: **A Rhyming Couplet:**
  095: Of books where light dreams unfold,
  096: Sure! Here's a rhyming couplet in Chinese:
  097: Sure! Here's a rhyming couplet in English:
  098: *A reader's joy*,
  099: A rhyming couplet could be something like:
  100: **Boxes of Books, Reading Enthusiasm**
  101: Certainly! Here's a rhyming couplet in Chinese:
  102: **One** books to open,
  103: A rhyming couplet, as asked:
  104: **Boxes of books, a reader’s joy,**
  105: Sure! Here's a rhyming couplet in Chinese:
  106: Boxes of books, a reader’s joy,
  107: A rhyming couplet might read something like this:
  108: Here's a rhyming couplet in the style you requested:
  109: A rhyming couplet could go like this:
  110: **Boxes of Books, a Reader's Joy,**
  111: A rhyming couplet in Chinese could be something like this:
  112: **A few books**, a reader’s joy,
  113: Boxwood is my reader's joy,
  114: Here’s a rhyming couplet for the theme of reading and learning:
  115: Here’s a rhyming couplet that captures the joy of reading and the comfort of books:
  116: **A Rhyming Couplet (Boxed):**
  117: Ah, let's try that rhyme:
  118: **The Boxed Book**
  119: Here is a rhyming couplet in Chinese, maintaining the theme of books and reading:
  120: Here’s a rhyming couplet in Chinese:
  121: A rhyme with a classic couplet style can be written as:
  122: Ah, here's a couplet in rhyme for your request:
  123: **Blossoms of books, a reader's joy,**
  124: **Boush** (boxes of books) **and** **Joy, the reader's joy**
  125: A rhyming couplet could be:
  126: Sure! Here's a rhyming couplet in the style of a traditional Chinese couplet, capturing the joy of reading:
  127: Sure! Here's a rhyming couplet that captures the theme of a reader's joy and a collection of books:
  128: A rhyming couplet could go like this:
  129: Certainly! Here's a rhyming couplet in Chinese, capturing the theme of reading:
  130: A rhyming couplet in a traditional style is something that often contains poetic expression and rhythm. Here’s a simple couplet that fits the theme of boxes of books and a reader’s joy, using a traditional rhyme scheme:
  131: A rhyme couplet can be:
  132: **Boxes of books** (as a poetic reference).
  133: **Boxes of books, a reader’s joy,**
  134: **Beneath the shelf's shadow,**
  135: A rhyming couplet:
  136: Box on page, reader joys
  137: A world of thoughts beyond.
  138: A rhyme with a touch of whimsy:
  139: Ah, your rhyming couplet — let me create two couplets with the words:
  140: Sure! Here is a rhyming couplet in Chinese, capturing the essence of books and reading:
  141: Sure! Here's a rhyming couplet that fits your theme of a reader's joy:
  142: Here’s a rhyming couplet that captures the essence of a reader’s joy and the beauty of books:
  143: A rhyming couplet could read like this:
  144: Here's a rhyming couplet based on the theme of a reader's joy and a collection of books:
  145: Certainly! Here's a rhyming couplet in Chinese:
  146: **Boxes of books, a reader’s joy.**
  147: Ah, the couplet goes:
  148: **To a reader** (or **a book lover**):
  149: The rhyme is **Boxes of books, a reader’s joy**,
  150: Ah, a rhyming couplet — a couplet in Chinese with **the couplet being the Chinese term " couplet"** and **rhyming couplet meaning a pair of verses of couplets** — here is a couplet in Chinese with the rhyme of **"joy"
  151: **Boxes of books, readers' joy—**
  152: Certainly! Here's a rhyming couplet that captures the joy of reading:
  153: A rhyming couplet about books and readers:
  154: Certainly! Here's a rhyming couplet in the style of the original, with a reader's joy:
  155: **To Readers, a Book, and a Joy**
  156: Boxed as books delight the reader’s heart,
  157: A rhyming couplet with the rhyme scheme "I, you" (or "I, thee"), in a classical English style:
  158: Certainly! Here's a rhyming couplet in traditional Chinese poetry style with the words:
  159: Boxed books in a chest,
  160: A rhyming couplet in the style of a modern, artistic or literary creation would be something like:
  161: Here's a rhyming couplet based on the theme of books and readers:
  162: Here is a rhyming couplet in Chinese:
  163: **Boxes of books, the joy of learning,**
  164: Here is a rhyming couplet that captures the joy of a reader and the joy of having books:
  165: A rhyming couplet could read as:
  166: Boxed shelves hold every book,
  167: A rhyming couplet in Chinese can be:
  168: A rhyming couplet in couplet form would be something like:
  169: A rhyming couplet in Chinese could be:
  170: **A Rhyming Coupleta**
  171: Sure! Here's a rhyming couplet in a poetic style:
  172: Of boxes of books, where reader’s joy grows
  173: Certainly! Here's a couplet in Chinese:
  174: Here's a rhyming couplet that captures the essence of books:
  175: **The Reader’s Joy**
  176: A rhyming couplet for "Boxes of books, a reader's joy"—this is a classic and fitting pair:
  177: Certainly! Here's a rhyming couplet that fits the theme:
  178: A rhyming couplet could be:
  179: The rhyming couplet goes like this:
  180: **Couplet:**
  181: **Rhyming Couplets:**
  182: A rhyming couplet might read as:
  183: A rhyming couplet in couplet form could go like this:
  184: A rhyming couplet for the theme:
  185: The rhyming couplet is:
  186: Certainly! Here's a rhyming couplet in the style of the original phrase, keeping the original imagery:
  187: A rhyming couplet could read like:
  188: **Rhyming couplet:**
  189: A rhyme couplet could go like this:
  190: A rhyming couplet in Chinese could be:
  191: A rhyming couplet could be:
  192: Certainly! Here's a rhyming couplet in Chinese that celebrates the joy of reading:
  193: **To a reader's delight,**
  194: One where a child finds delight and
  195: **A rhyming couplet of reading joy**
  196: Certainly! Here's a rhyming couplet in Chinese, capturing the imagery of book boxes and the joy of reading:
  197: Here's a couplet in Chinese rhyming couplet form:
  198: **Boxes of books** open with laughter,
  199: A rhyme couplet for a couplet, with the theme of books and readers:
  200: Certainly! Here's a **rhyming couplet** in **Traditional Chinese** (the form used in poetry):

FIRST LINE: Boxes of books, a reader's habit,
  001: A rhyming couplet in Chinese would go like this:
  002: **A Rhythmic Pairing of Couplets** (with a rhyme scheme: Couplets + Couplets):
  003: Boxed in the quiet hum of days,
  004: **Boxes of books,** a reader's habit,
  005: Boxes of books, a reader’s habit,
  006: A rhyming couplet about a reader's habit could be:
  007: Boxer books, reader's habit,
  008: **Boxes of books, a reader's habit,**
  009: **A rhyming couplet (a traditional Chinese couplet style):**
  010: Boxed shelves cradle tales,
  011: **Shelves** of books,
  012: A rhyming couplet in the style of a classic Chinese couplet could be:
  013: A rhyme couplet could be:
  014: A rhyming couplet can be:
  015: **Boxes of books,**
  016: Here's a rhyming couplet that matches your theme:
  017: Box the books in order,
  018: Here's a rhyming couplet in English that fits the theme of a reader’s habit, with a poetic touch:
  019: In the corner of my study, I gather
  020: A rhyming couplet in English might be:
  021: A rhyming couplet could read as:
  022: A rhyming couplet in Chinese (with a suitable translation for the rhyme):
  023: A rhyming couplet about books and a reader's habit, in a traditional Chinese context:
  024: Sure! Here's a rhyming couplet in English:
  025: Of boxes they keep their books,
  026: A rhyming couplet could be:
  027: Here's a rhyming couplet in the style of your request, capturing the essence of a reader's habit with rhyming couplet:
  028: Certainly! Here's a rhyming couplet inspired by the theme:
  029: Certainly! Here's a rhyming couplet in a poetic tone based on your prompt:
  030: Certainly! Here's a couplet that rhymes and captures the idea of a reader's habit with boxes of books:
  031: **Rhyme:**
  032: A rhyming couplet reading about a reading habit can be:
  033: **Boxes of books**
  034: Boxes of books,
  035: **A Rhyming Couplet:**
  036: **Boxes of books, a reader's habit,**
  037: **One book, two readers,**
  038: Here's a rhyming couplet in English:
  039: **A Book's Tale, A Reader's Habit**
  040: A rhyming couplet in the style of a modern poem:
  041: A rhyming couplet for "Boxes of books, a reader's habit" could be:
  042: A rhyming couplet can be crafted in a style that keeps the theme simple and focused on a reader's habit. Here's a possible option:
  043: A rhyming couplet could be:
  044: **One: A reader’s hands**
  045: A rhyming couplet about a reader's habit with boxes of books could be:
  046: Sure! Here's a rhyming couplet that touches on the theme of a reader's habit involving books and boxes:
  047: A rhyming couplet about boxes of books and a reader's habit could be:
  048: Here's a rhyming couplet in English, based on your request:
  049: **A Rhyming Couplet (Boxes of books, a reader's habit)**
  050: A rhyming couplet could go something like this:
  051: Here’s a rhyming couplet in English, inspired by your query:
  052: A rhyming couplet could read as:
  053: **To the reader's habit:**
  054: Certainly! Here's a rhyming couplet that relates to the topic:
  055: A rhyming couplet in English could be:
  056: Ah, a couplet made of books and a reader!
  057: Of those books on the shelves,
  058: A rhyme couplet would read like this:
  059: A rhyming couplet in a simple and elegant manner:
  060: A rhyming couplet could go like this:
  061: A rhyming couplet for this idea could be:
  062: **A rhyming couplet** about books and reading:
  063: The boxes of books, a reader’s habit,
  064: A couplet for this rhyme may be something like:
  065: A rhyming couplet:
  066: Here’s a rhyming couplet in Chinese:
  067: Sure! Here's a rhyming couplet in the style of a poem:
  068: Ah, here's a rhyming couplet in the style you requested:
  069: Sure! Here's a rhyming couplet in Chinese, which uses "boxes of books" as part of its imagery and reflects the reader's habit:
  070: Ah! Here's a simple rhyming couplet that captures the idea of a reader’s habit:
  071: A rhyming couplet could be:
  072: A rhyming couplet can go something like this:
  073: A rhyming couplet like your request could be:
  074: Certainly! Here's a rhyming couplet in a simple, poetic style:
  075: A rhyming couplet in the style of a poet might be:
  076: Boxing books with a reader’s habit,
  077: A rhyming couplet could go like this:
  078: Sure! Here's a rhyming couplet about a reader and the habit of books:
  079: A rhyming couplet in the style of this query:
  080: Certainly! Here's a rhyming couplet that captures the rhythm and imagery of both books and a reader's habit:
  081: Certainly! Here's a rhyming couplet that captures the essence of a reader's habit:
  082: A rhyming couplet for your phrase *"Boxes of books, a reader's habit"* could be:
  083: Certainly! Here's a rhyming couplet based on the theme of **books and a reader's habit**:
  084: A rhyming couplet about reading and boxes of books could read like this:
  085: **Boxes of books, a reader's habit,**
  086: **One Box of Books, One Reader’s Joy**,
  087: **Boxes of books,**
  088: Certainly! Here's a rhyming couplet in a poetic style:
  089: **Boxes of books,**
  090: **Box on table, reader's seat**
  091: **Boxes of books**
  092: **The Tale of Boxes and Readers**
  093: Sure! Here's a rhyming couplet in English:
  094: A rhyming couplet about books and reading might go like this:
  095: A rhyming couplet in the style of a traditional poem with a touch of a modern twist:
  096: **Boxes of books, a reader's habit,**
  097: *Boxes of books, a reader’s habit,*
  098: Here is a rhyming couplet in the style of the original request, highlighting "boxes of books" and "a reader's habit":
  099: Ah, a rhyming couplet with the words "Boxes of books, a reader’s habit," is not commonly used or considered a traditional couplet. However, if you'd like, I can adapt it into a more poetic form, keeping the meaning simple and poetic.
  100: A rhyming couplet about a reader's habit and boxes of books:
  101: A rhyming couplet in the style of the Chinese couplet could read like this:
  102: **Boxes of books, a reader's habit**,
  103: Sure! Here's a rhyming couplet in Chinese that reflects a reader's habit with books:
  104: A rhyming couplet on "boxes of books, a reader’s habit" would go something like this:
  105: The rhyme could go something like this:
  106: **A Rhyming Couplet**
  107: Certainly! Here's a rhyming couplet in the style of a rhyming couplet:
  108: A rhyming couplet about boxes of books, a reader's habit, can read as:
  109: A rhyming couplet:
  110: Certainly! Here's a rhyming couplet in Chinese:
  111: A rhyming couplet in the style of a poem with the rhyme scheme **ABAB** (with the words **books**, **habit** being the **second** line, but it's implied by the first word: "Boxes of books," "A reader's habit"):
  112: A rhyming couplet in the style of a traditional Chinese couplet would go like this:
  113: To spread joy in quiet, a friend's need.
  114: **One Hundred and a Hundred Books (Couplet on a Reader's Habit)**
  115: Boxed in shelves that keep the books safe,
  116: Here’s a rhyming couplet that fits the theme of a reader’s habit involving books:
  117: Ah, the couplet! Here it is — rhyming and rhythmic:
  118: **One Box and a Reader's Habit**
  119: Ah, that's a lovely idea! Let's craft a rhyming couplet that highlights "boxes of books" and the common reader habit.
  120: Certainly! Here's a rhyming couplet in the style you requested, using the imagery of books and readers:
  121: Certainly! Here's a rhyming couplet in Chinese:
  122: **Boxes of books,
  123: **Rhyming Couplet:**
  124: **A few books in a box,**
  125: Ah, the question seems to be about a couplet—two-line poem rhyming. Here's a simple and classic couplet that fits your words:
  126: Certainly! Here's a rhyming couplet in the style of your request:
  127: Here is a rhyming couplet in the style of your request:
  128: A rhyming couplet with the imagery of books and a reader’s habit could be:
  129: **Boxes of books, a reader's habit**
  130: **A Rhyming Couplet for the Readers' Habit:**
  131: A rhyme of 4 lines and 4 couplets can be like:
  132: A rhyming couplet about books and readers could be:
  133: A rhyming couplet can be composed of four lines, where each line is rhymed to the same rhythm. The lines should capture the essence of "boxes of books," a "reader's habit," and likely a meaningful image about reading or a book box. Here's a possible version
  134: Certainly! Here's a **rhyming couplet** in the style of your request:
  135: A rhyming couplet for "Boxes of books, a reader’s habit" could go like this:
  136: **A Reader's Habit, Books of Boxes,**
  137: Sure! Here's a rhyming couplet in the style you described:
  138: **Boxes of books, a reader’s habit.**
  139: Here's a rhyming couplet in English that fits the theme:
  140: A rhyming couplet in the style of a traditional Chinese couplet could be:
  141: Sure! Here's a rhyming couplet in the style of a common Chinese couplet format:
  142: Ah, that's such a lovely idea! Here's a rhyming couplet in your requested style:
  143: A rhyming couplet about books:
  144: **The Boxes of Books**
  145: **Couplet:**
  146: **Couplet (Hymn in Rhyme):**
  147: Ah, I’m here to help you find a rhyming couplet that goes with “Boxes of books, a reader's habit,” with the right rhythm! If you're sharing an idea, would you like a specific format (e.g., 8-character lines or more) or are you
  148: A rhyming couplet might read like this:
  149: Of course! Here's a rhyming couplet in Chinese, which conveys the idea of a reader's habit using the term "boxes of books":
  150: Here's a rhyming couplet that matches your theme:
  151: Here's a rhyming couplet in English:
  152: **Boxes of books, a reader's habit,**
  153: Of books, a reader’s need,
  154: A rhyming couplet could be:
  155: **Boxes of books, a reader's habit.**
  156: A rhyming couplet for boxes of books and a reader's habit could go like this:
  157: Sure! Here's a rhyming couplet that captures the theme of a reader's habit:
  158: The following is a rhyming couplet in Chinese:
  159: *In a quiet corner, shelves of books rest,
  160: Boxes and readers' habits
  161: A rhyming couplet could go like this:
  162: Sure! Here's a rhyming couplet in the style of your request:
  163: Here's a rhyming couplet in the style you requested, with a reference to "boxes of books and a reader's habit":
  164: A rhyming couplet might look like this:
  165: **Couplet:**
  166: **Box of books,** a reader's habit,
  167: **Boxes of books,**
  168: A rhyming couplet about a reader's habit, filled with book-life:
  169: A rhyming couplet that captures the reader's habit and boxes of books:
  170: Here's a rhyming couplet in the style you requested:
  171: A rhyming couplet on the habit of a reader and boxes of books could read like this:
  172: Ah, here's a rhyme for your request:
  173: Sure! Here's a rhyming couplet in Chinese that fits the imagery of books and a reader's habit:
  174: Ah, here’s a rhyme for your line:
  175: Sure! Here's a rhyming couplet based on the phrase:
  176: Here's a rhyming couplet based on the phrase *"Boxes of books, a reader's habit"*:
  177: Boxed as a comforter,
  178: **Boxes of books**, a reader's habit.
  179: A rhyming couplet in a humorous tone:
  180: A rhyming couplet could be:
  181: A rhyming couplet about a book and reader can be written as:
  182: **In a room of reading,**
  183: Certainly! Here's a rhyming couplet in your requested style:
  184: A rhyming couplet could be:
  185: **A reader's habit.**
  186: Sure, here's a rhyming couplet in English:
  187: Boxed up shelves hum a tune,
  188: Sure! Here's a rhyming couplet in English:
  189: **Rhyming Couplety:**
  190: Here’s a rhyming couplet in the style you described:
  191: *One* box of books in the corner, a reader’s habit,
  192: **RHYMING COUPLET:**
  193: **Boxes of books,
  194: A rhyming couplet could read like this:
  195: Certainly! Here's a rhyming couplet based on the imagery of boxes of books and a reader's habit:
  196: Certainly! Here's a rhyming couplet in Chinese for your request:
  197: **Rhin**ing Couplet:
  198: **A rhyming couplet:**
  199: **The Bookshelves' Song**
  200: A rhyming couplet could be something like this:

FIRST LINE: Boxes of books, a reader's passion,
  001: **Boxes of Books,**
  002: **A Rhyming Couplety**
  003: A rhyming couplet could read like this:
  004: Here's a rhyming couplet in Chinese:
  005: The rhyming couplet can be:
  006: Sure! Here's a rhyming couplet in Chinese, which captures the essence of the original idea:
  007: A rhyming couplet could be something like:
  008: **A Rhyming Couple (Quatrains):**
  009: A rhyming couplet could go something like this:
  010: Ah, here's a rhyming couplet that captures both the joy of reading and the spirit of a person who reads:
  011: Ah, that's a sweet rhyme! Here’s a rhyming couplet to celebrate your passion for books:
  012: Certainly! Here's a rhyming couplet that combines the idea of books and a reader's passion:
  013: A rhyming couplet, with the theme of a reader's passion and boxes of books:
  014: Boxes of books, a reader’s passion,
  015: Ah! Here is a rhyming couplet in your style:
  016: A rhyming couplet could go like this:
  017: Certainly! Here is a rhyming couplet in the style of your request:
  018: **"Boxes of books, where thought and thought are known,
  019: **Boxes of books, a reader's soul,**
  020: A rhyming couplet about books and a reader's passion could read as:
  021: Here's a rhyming couplet in Chinese:
  022: In the quiet halls of learning, where wisdom blooms,
  023: **Boxed to read**
  024: A rhyming couplet could be:
  025: Here's a rhyming couplet in English that captures the theme of books and a reader's passion:
  026: Boxes of books, a reader’s passion
  027: Certainly! Here's a rhyming couplet that blends the idea of boxes of books and a reader's passion:
  028: Here’s a **rhyming couplet** in a poetic and expressive style:
  029: Sure! Here's a rhyming couplet in Chinese that fits the theme:
  030: A rhyming couplet might read as:
  031: **Boxes of books,**
  032: Certainly! Here's a rhyming couplet in English:
  033: **Boxes of books, a reader's passion,**
  034: A rhyming couplet can be:
  035: A rhyming couplet about books and readers can go something like this:
  036: Here's a rhyming couplet that combines the themes of books, a reader's passion:
  037: Here’s a rhyming couplet in the style you requested:
  038: A rhyming couplet that captures both the atmosphere of a bookshop and the reader's passion for reading can be:
  039: Certainly! Here's a rhyming couplet in Chinese:
  040: Certainly! Here's a rhyming couplet in traditional Chinese couplet style with the required imagery and theme:
  041: Certainly! Here's a rhyming couplet that captures the theme of a reader's passion and the charm of books:
  042: A rhyming couplet:
  043: Boxed with books, reader's heart
  044: **Couplet (Rhyming):**
  045: A rhyming couplet could be:
  046: **A Reading Box, A Reader’s Heart:**
  047: A rhyming couplet could go like this:
  048: A rhyming couplet in the spirit of a book lover could go like this:
  049: Sure! Here's a rhyming couplet that captures the theme of books and a reader’s passion:
  050: Certainly! Here's a rhyming couplet in Chinese for the phrase **"Boxes of books, a reader's passion"**:
  051: Ah! Here’s a rhyming couplet inspired by your words:
  052: **Boxes of books** in hands
  053: A rhyming couplet can be like this:
  054: Here's a rhyming couplet in Chinese:
  055: A rhyming couplet could be:
  056: Certainly! Here's a rhyming couplet that captures the theme:
  057: A rhyming couplet could go like this:
  058: Here's a rhyming couplet in Chinese:
  059: Ah, the couplet you mentioned! Here's a rhyming couplet that fits your theme of a box of books, with a touch of reader's passion:
  060: A rhyming couplet can be something that captures the essence of a reader's passion and the joy of their connection to books. Here's a simple, poetic couplet:
  061: Boxes hum in the morning light,
  062: A rhyming couplet could be something like this:
  063: A rhyming couplet in the style of your inspiration could be:
  064: A rhyming couplet could go like this:
  065: **R.H. Couplet:**
  066: Certainly! Here's a rhyming couplet in Chinese, matching the theme of book boxes and a reader's passion:
  067: A rhyme couplet about books and a reader's love:
  068: **A rhyming couplet on boxes of books, a reader's passion:**
  069: Ah! Here's a rhyming couplet that captures the rhythm and essence of both boxes of books and a reader's passion:
  070: Certainly! Here's a rhyming couplet that captures the essence of a reader's passion and the charm of books:
  071: **To the Passionate Reader**
  072: **Couplet (Rhyming):**
  073: Ah, here's a rhyming couplet that matches your theme:
  074: A rhyming couplet could be:
  075: **Boxes of books, a reader's passion**
  076: **A Reader's Heart Beasts Books**
  077: A rhyming couplet can be something like this:
  078: A rhyming couplet could be:
  079: Sure! Here's a rhyming couplet in Chinese that matches your theme:
  080: **Boxes of books, a reader's passion.**
  081: Of course! Here's a rhyming couplet in English:
  082: Of boxes where books are stored,
  083: A rhyming couplet about books and reading:
  084: A rhyming couplet about the reader's passion can be:
  085: **Boxed books** are filled with the reader's heart,
  086: **Boxes of books, a reader’s passion,**
  087: **Boxes of books, a reader's passion,**
  088: A rhyming couplet that captures the essence of reading and books could be:
  089: **Box Books, A Reader's Passion,**
  090: A rhyming couplet can go like this:
  091: Here's a rhyming couplet in Chinese:
  092: A rhyming couplet about a book lover:
  093: Sure! Here's a rhyming couplet that fits your theme of "boxes of books, a reader's passion":
  094: Here's a rhyming couplet inspired by the theme of "boxes of books" and a reader's passion:
  095: A rhyming couplet for "Boxes of Books, a Reader's Passion" could go something like this:
  096: Here's a rhyming couplet in Chinese, rhyming with "a reader's passion":
  097: Certainly! Here's a rhyming couplet that fits your theme of "boxes of books, a reader's passion":
  098: **Beneath the pages where books are boxed,**
  099: **Box**
  100: Ah, here's a rhyming couplet that fits your theme:
  101: **Ode to Readers' Passion**
  102: Certainly! Here is a rhyming couplet that incorporates the theme of a reader's passion, followed by a line about books:
  103: A rhyming couplet could read as follows:
  104: A rhyming couplet could be:
  105: Here's a rhyming couplet in Chinese (with a note that it is a rhyming couplet based on your original idea):
  106: A rhyming couplet about a book lover:
  107: Sure! Here's a rhyming couplet in the style of a poem about a reader's passion and book-life:
  108: **A Rhyming Couplet for a Reader's Passion**
  109: Certainly! Here's a rhyming couplet that connects books, readers, and passion:
  110: **Boxes of books, a reader's passion**
  111: Sure! Here's a rhyming couplet in Chinese:
  112: Sure! Here's a rhyming couplet in the style you described:
  113: Boxing the books softly in their place,
  114: **A rhyming couplet:**
  115: **A Rhyming Couplet**
  116: A rhyming couplet could go like this:
  117: Certainly! Here's a rhyming couplet that captures the theme of a reader's passion and the quiet beauty of a collection of books:
  118: Here's a rhyming couplet that fits the theme of a reader's passion and boxes of books:
  119: Sure! Here's a rhyming couplet in Chinese:
  120: **R H Y M I N G C O U P L E T U P**
  121: Here is a rhyming couplet in the style you requested:
  122: In dusty chambers of bookshelves, where thought finds its space,
  123: Here’s a rhyming couplet that captures the essence of a reader’s passion and the theme of books:
  124: A rhyming couplet about boxes of books and a reader’s passion could go like this:
  125: **In boxes of books, the reader's soul is bold,**
  126: Certainly! Here's a **rhyming couplet** that captures the theme of **books and reading** in a way that's engaging and heartfelt:
  127: **Couplet:**
  128: Boxes of books, readers’ hearts do flow,
  129: Ah, a rhyming couplet...
  130: A rhyming couplet could be:
  131: A rhyming couplet could go something like:
  132: A rhyming couplet could be:
  133: Here's a rhyming couplet in Chinese:
  134: A rhyme couplet would go like this:
  135: **Boxes of books, in my heart**
  136: **Boxes of books, a reader’s heart,**
  137: One book for every need,
  138: **The Boxed Pages**
  139: Of boxes filled with books,
  140: Here's a rhyming couplet in the style you requested:
  141: **A Rhyming Couplet: Boxes of Books, a Reader’s Passion**
  142: A rhyming couplet for a reader's passion and boxes of books could go something like this:
  143: A rhyming couplet in English for "Boxes of books, a reader's passion":
  144: **A Rhyming Couplet:**
  145: Sure, here's a rhyming couplet in the style you specified:
  146: A rhyming couplet in English could be:
  147: A rhyming couplet in Chinese could be:
  148: Certainly! Here's a rhyming couplet in Chinese that aligns with your phrase:
  149: A rhyming couplet could be something like this:
  150: A rhyming couplet with elements of **boxes of books, a reader’s passion** could be:
  151: **Boxes of books, a reader’s passion,**
  152: Here's a rhyming couplet based on the theme of reading and inspiration:
  153: A rhyming couplet could go something like this:
  154: A rhyming couplet can be written as:
  155: A rhyming couplet could be something like:
  156: **A Couplets:**
  157: Sure! Here's a rhyming couplet in **Chinaware-style** (with a focus on the emotional and cultural depth):
  158: Boxed with a spark,
  159: **Boxing Light**
  160: Sure! Here's a rhyming couplet inspired by the theme of reading and the enthusiasm for books:
  161: Here's a rhyming couplet that fits the theme of **boxes of books**, a **reader's passion**:
  162: Sure! Here's a rhyming couplet in Chinese that captures the theme:
  163: **Boxes of books, where readers find their passion**
  164: Certainly! Here's a rhyming couplet that fits the theme of books and a reader's passion:
  165: **A Couplet:**
  166: A rhyming couplet could be something like:
  167: **A rhyming couplet:**
  168: Certainly! Here is a rhyming couplet that aligns with the theme of "boxes of books" and "a reader's passion":
  169: The rhyming couplet could be:
  170: Ah, here's a rhyming couplet as requested:
  171: A rhyming couplet could read as:
  172: A rhyming couplet could go something like this:
  173: Sure! Here's a rhyming couplet in Chinese, with the theme of "boxes of books and a reader's passion" blended:
  174: Here’s a **rhyming couplet** in Chinese:
  175: Here is a rhyming couplet in Chinese for your request:
  176: Here's a rhyming couplet in your style:
  177: A few rhyming couplets could go like this:
  178: A rhyming couplet in Chinese could be:
  179: In a library hall where stories are spun and shared,
  180: A rhyming couplet could be:
  181: A rhyme couplet about boxes of books and a reader's passion can be:
  182: **A Rhyming Couplet:**
  183: A rhyming couplet can be:
  184: Here’s a rhyming couplet in the style of the requested theme:
  185: Sure! Here's a rhyming couplet in the style of Chinese poetry:
  186: A rhyming couplet can read as:
  187: **R.H. Couplet**
  188: **In a box full of books,**
  189: A rhyming couplet could go like this:
  190: A rhyming couplet can be crafted as follows to capture the spirit of the themes you mentioned:
  191: A rhyming couplet can be something like this:
  192: **A rhyming couplet** in the style of the user's request, capturing "boxes of books" and "a reader's passion":
  193: **Boxen der Buchen**
  194: Ah, you've asked for a **rhyming couplet** with the theme of books and a reader's passion. Here's one:
  195: Here's a rhyming couplet in Chinese for a couplet that blends the idea of books and readers' passion:
  196: **Rhyming Couplet:**
  197: Ah! Here's a rhyming couplet that incorporates the themes of boxes of books and a reader's passion:
  198: **A Rhyming Couplet:**
  199: **Couplet:**
  200: Ah! If you have this rhyming couplet in mind... here it is:

FIRST LINE: Boxes of books, a reader's craze,
  001: A rhyming couplet for a "rhyming couplet" might be:
  002: A rhyming couplet could be:
  003: Here’s a rhyming couplet in Chinese for the theme of "Boxes of books, a reader’s craze":
  004: **A rhyming couplet:**
  005: **A Rhyming Couplet:**
  006: **Boxes of books, a reader’s craze**
  007: **A rhyming couplet:**
  008: Ah, that's a fun request! Here's a rhyming couplet inspired by the theme "Boxes of books, a reader's craze":
  009: A rhyming couplet might read like:
  010: Sure, here's a rhyming couplet that matches your theme:
  011: **A rhyming couplet**:
  012: Sure! Here's a rhyming couplet in English:
  013: **In a chest of books, a reader's craze,**
  014: A rhyming couplet about books and readers, in a poetic and relatable tone:
  015: Certainly! Here's a rhyming couplet based on your words:
  016: Sure! Here's a rhyming couplet in line with your idea:
  017: Here’s a rhyming couplet that fits the theme of boxes of books and a reader’s craze:
  018: Sure, here is a rhyming couplet in Chinese:
  019: A rhyming couplet could go like this:
  020: Sure! Here's a rhyming couplet in Chinese:
  021: A rhyming couplet can be a simple and poetic expression. If you're inspired by the idea of books, a reader's interest, and a creative couplet, here's an example:
  022: A rhyming couplet with the lines:
  023: **Boxes of books, a reader’s craze.**
  024: **Box of Books**
  025: A rhyming couplet about boxes of books and the reader's craze could be:
  026: **Boxes of books, a reader’s craze,**
  027: **One box of books,**
  028: **A Rhyming Couplet:**
  029: **A Rhyming Couple (in English):**
  030: **Boxes of books, a reader’s craze,**
  031: Sure, here's a rhyming couplet in English, inspired by your theme:
  032: Certainly! Here's a **rhyming couplet** in Chinese:
  033: **Couplet:**
  034: **A Rhyming Couplet (for a reader's craze):**
  035: Here’s a rhyming couplet that fits the theme:
  036: A rhyming couplet for "Boxes of books, a reader's craze":
  037: Here's a rhyming couplet in Chinese:
  038: A rhyming couplet could be:
  039: Certainly! Here's a rhyming couplet in the style of a poetic couplet, capturing the theme of a reader’s passion for books:
  040: **Boxes of books**,
  041: Sure! Here’s a **rhyming couplet** in the style you mentioned:
  042: **Boxes of books, a reader’s craze**
  043: A rhyming couplet would read like this:
  044: Boxing the books and reading the craze,
  045: **Boxes of books, a reader’s craze,**
  046: A rhyming couplet in the style of a literary couplet:
  047: Sure! Here's a rhyming couplet in Chinese that captures the essence of a reader's interest in books and the idea of book boxes:
  048: Boxing books and reading's charm
  049: Certainly! Here's a rhyming couplet that captures the theme of a reader's love for books:
  050: **Rhyming Couplet:**
  051: Sure! Here's a rhyming couplet in Chinese:
  052: Boxed books of wisdom,
  053: A rhyming couplet could be something like this:
  054: Certainly! Here's a rhyming couplet in the style of your poetic theme:
  055: A rhyming couplet could go something like this:
  056: Ah! Here's a rhyming couplet that fits the theme of books, a reader's hobby, and a cozy tone:
  057: Sure! Here's a rhyming couplet in English:
  058: **A Rhyming Couplety:**
  059: **Boxes of Books**
  060: A rhyming couplet could go like this:
  061: **Bonds of Learning,**
  062: Certainly! Here's a rhyming couplet that captures the theme of books, readers, and their passion:
  063: Sure! Here's a rhyming couplet in the style of a story with boxes of books and a reader's craze:
  064: **A Poem for Reading:**
  065: A rhyming couplet:
  066: A rhyming couplet in English:
  067: **Boxes of books** are the silent heroes,
  068: A rhyming couplet could go like this:
  069: Ah! Let's rhyme it up:
  070: Sure! Here's a rhyming couplet inspired by the idea of reading and boxes:
  071: Here's a rhyming couplet based on the theme of "boxes of books and a reader's craze":
  072: A rhyming couplet for this theme:
  073: A rhyming couplet in Chinese could be:
  074: Here's a rhyming couplet in Chinese:
  075: The rhyming couplet in line with your theme of books and a reader's craze could be:
  076: Ah! A rhyming couplet, as you asked:
  077: **Boxed with passion, a reader's delight,**
  078: **Boxes of books**
  079: Certainly! Here's a rhyming couplet in Chinese, capturing the theme of "boxes of books and the reader's craze":
  080: A rhyming couplet about the joy of reading, with a playful touch:
  081: Here is a rhyming couplet in Chinese:
  082: Of course! Here's a rhyming couplet in the style of traditional Chinese poetry, capturing the rhythm and imagery of a reader's delight:
  083: A rhyming couplet in Chinese could be:
  084: Here is a rhyming couplet in English that fits the themes of **boxes of books** and **a reader's craze**:
  085: Here's a rhyming couplet in English, capturing the theme of books and a reader's enthusiasm:
  086: Certainly! Here's a rhyming couplet in English, capturing the essence of books and readers:
  087: A rhyming couplet could read as:
  088: A rhyming couplet can be structured as two lines of four characters each. Here's a possible version:
  089: Sure! Here's a rhyming couplet that fits your theme:
  090: **Boxes of books, a reader’s craze,**
  091: A rhyming couplet:
  092: A rhyming couplet could be:
  093: A rhyming couplet can be:
  094: Here's a rhyming couplet in Chinese with a touch of poetic imagery about a readers' enthusiasm:
  095: A rhyming couplet could go like this:
  096: **The Rhythmic Tale of a Borrower**
  097: Here's a rhyming couplet in English:
  098: Here's a rhyming couplet in the style of the requested theme:
  099: A rhyming couplet could go something like this:
  100: **Boxes of books, a reader's craze,**
  101: A rhyming couplet could go something like this:
  102: Ah, here's a rhyming couplet in the style you requested:
  103: Boxing books, a reader's pride,
  104: Certainly! Here's a rhyming couplet that captures the essence of books and the reader's love for them:
  105: A rhyming couplet could go like this:
  106: Sure! Here's a rhyming couplet that fits the theme of a book, a reader's interest, and some rhyme:
  107: A rhyme couplet would go something like this:
  108: A rhyming couplet could go like this:
  109: **A Rhyming Couplets:**
  110: **Boxes of books, a reader’s craze,**
  111: **Boxes of books**
  112: Sure! Here's a rhyming couplet in the style of a modern poet:
  113: A rhyming couplet in English could be:
  114: Sure, here's a rhyming couplet that fits the theme of a reader's craze, with mention of books:
  115: **A Rhyming Couplet: Boxes of Books, a Reader's Craze**
  116: A rhyming couplet could be:
  117: A rhyming couplet could read as:
  118: Here's a rhyming couplet in the style of your request:
  119: A rhyming couplet could go something like this:
  120: Sure! Here's a **rhyming couplet** in English, focusing on **boxes of books and a reader's craze:**
  121: Sure! Here's a rhyming couplet in a playful, contemporary style that ties together the themes of books and a reader's interest:
  122: Boxes of books,
  123: A rhyming couplet could go something like this:
  124: Sure! Here's a rhyming couplet inspired by your request:
  125: One box by the side,
  126: Sure! Here's a rhyming couplet in Chinese, rhyming with the rhythm of "a reader's craze":
  127: Certainly! Here's a rhyming couplet based on the theme of **boxes of books** and **a reader's craze**:
  128: **A Rhyming Couplet:**
  129: **A Rhyming Couplet:**
  130: Certainly! Here's a rhyming couplet with your words:
  131: A rhyming couplet in Chinese could be:
  132: **A Rhyming Couplety**
  133: **To the Reader's Craze:**
  134: **Couplet:**
  135: **Craze of books in boxes,**
  136: Boxed with excitement,
  137: Here is a rhyming couplet in Chinese, matching the theme:
  138: Ah, a rhyme to bring the joy of the reading adventure into motion!
  139: A rhyming couplet could be:
  140: A couplet for rhyme could be:
  141: Here's a rhyming couplet that fits the theme of books and a reader's love for them:
  142: Certainly! Here's a rhyming couplet in a poetic style that captures both the theme of books and the reader's passion:
  143: Boxes of books,
  144: Sure! Here's a rhyming couplet that incorporates the idea of books and reading:
  145: **A Rhyming Couplet:**
  146: A rhyming couplet could be:
  147: A rhyming couplet could be:
  148: **Rhyme Poem in Couple:**
  149: A rhyming couplet in traditional Chinese poetry might go something like this:
  150: A rhyming couplet can be something like:
  151: **A Rhyming Couplet: Boxes of Books, a Reader's Craze**
  152: Here is a rhyming couplet in the style of a classic couplet:
  153: Here's a rhyming couplet based on your description:
  154: A rhyming couplet could read as:
  155: Of books that cradle the soul,
  156: **Couplet for a reader's craze:**
  157: **The boxes of books,
  158: A rhyming couplet could read as:
  159: A rhyming couplet in the style of a traditional Chinese couplet, using "boxes of books" and "a reader's craze":
  160: Certainly! Here's a rhyming couplet that captures the theme of books and readers' interest:
  161: Ah, a beautiful tale—books are the life in a reader's dreams. 🌟 With every stack of shelves,
  162: Of books we toil with,
  163: A rhyming couplet with elements of a box of books and a reader's interest:
  164: Certainly! Here's a **rhyming couplet** in the style of a poet, matching the theme of **books and a reader's passion**:
  165: Here's a rhyming couplet that captures the essence of books as readers' favorite:
  166: Here's a rhyming couplet based on your theme:
  167: **Boxed in silence and read in tune,**
  168: **Boxes of Books**,
  169: A rhyming couplet could read as:
  170: A rhyming couplet can be written as:
  171: A rhyming couplet in couplet format:
  172: A rhyming couplet could be written as:
  173: A rhyming couplet in Chinese could be:
  174: A couplet:
  175: Sure, here's a rhyming couplet in the style of a literary couplet, blending elements of boxes and a reader's interests:
  176: A rhyming couplet can be a beautiful way to incorporate your idea:
  177: A rhyming couplet could go like this:
  178: Here's a rhyming couplet in Chinese:
  179: **A Rhyming Couplet:**
  180: Of books to read, a reader's craze,
  181: A rhyming couplet might read like this:
  182: Sure! Here's a rhyming couplet in Chinese:
  183: Of the books in the library's shelves,
  184: The rhyme could go like this:
  185: Of books that stack high and high,
  186: Ah, rhyming couplet! 🛋️📚
  187: A rhyming couplet for the theme:
  188: **To the Reader**
  189: **A Rhyming Couplet**
  190: **Boxes of Books, a Reader's Craze**
  191: **A Rhyming Couplet for the Readers' Craze:**
  192: A rhyming couplet could read as:
  193: **Couplet on Books & Readers' Love**
  194: A rhyming couplet about boxes of books and a reader's interest might go like this:
  195: A rhyming couplet could be:
  196: Here’s a rhyming couplet in English, capturing the theme of a "reader's craze" with a touch of poetic imagery:
  197: A rhyming couplet in English:
  198: A rhyming couplet could be:
  199: A rhyming couplet could go something like this:
  200: **Beneath the shelves of books,** where laughter and thought find their way,

FIRST LINE: Boxes of books, a reader's fun,
  001: Ah, let's see — the user wants a rhyming couplet, right? It needs to rhyme in couplets, and feature "boxes of books" and "a reader's fun." First, I need to make sure the structure matches a couplet. Usually, couplets in Chinese
  002: Certainly! Here's a **rhyming couplet** in English for the meaning of "boxes of books, a reader's fun":
  003: Here is a rhyming couplet based on the words *Boxes of books, a reader's fun*:
  004: Certainly! Here's a **rhyming couplet** in the style of classic Chinese poetry with a touch of modern fun and inspiration:
  005: **A Rhyming Couplet:**
  006: *He who reads the text from a book,*
  007: A rhyming couplet with the lines:
  008: Here is a rhyming couplet in the style of the classic Chinese couplet format:
  009: A rhyming couplet in the style of a literary pair:
  010: A rhyming couplet for a couplet with the themes of books, reading, and joy could go like this:
  011: Boxes of books, a reader's fun.
  012: A dream's light that never fails.
  013: A rhyme might be:
  014: **Couplet for a reader's fun and boxes of books:**
  015: Certainly! Here's a rhyming couplet that matches your theme:
  016: **Boxes of books, a reader's fun,**
  017: A rhyming couplet could go like this:
  018: A rhyming couplet in the style of classic Chinese literature might be:
  019: A rhyming couplet could be:
  020: A quiet joy within, and a name to show.
  021: Box on the shelf, reader's fun.
  022: One bookshelf where stories meet,
  023: Sure! Here's a rhyming couplet in the style of Chinese classical poetry, which includes the imagery of boxes of books and a reader's joy:
  024: Here's a rhyming couplet in English:
  025: Ah, a rhyming couplet! Let me craft something that captures the essence of boxes, reading fun, and a bit of charm:
  026: A rhyming couplet could be something like:
  027: A rhyming couplet about books and a reader's fun:
  028: One where a reader's heart finds delight and books make them feel free,
  029: **Banks of books, a reader's fun,**
  030: Boxed to fill the book's space,
  031: Boxes of books that open to laughter,
  032: A rhyming couplet would read like this:
  033: Here’s a **rhyming couplet** inspired by your prompt:
  034: **Box**
  035: Ah, here's a rhyming couplet for you:
  036: Here's a rhyming couplet based on your words:
  037: A rhyming couplet could be:
  038: Here’s a rhyming couplet in **rhyming couplets**:
  039: Certainly! Here's a rhyming couplet in Chinese (with a playful rhyme and rhythm):
  040: Here's a rhyming couplet in classical Chinese for the theme of books and a reader's fun:
  041: **A Rhyming Couplet:**
  042: A rhyming couplet could go like this:
  043: A rhyming couplet could go something like this:
  044: **Boxed books, reading's fun,**
  045: A rhyming couplet could be:
  046: Of books the shelves are bare,
  047: **Couplet:**
  048: **Boxes of books, a reader's fun,**
  049: **To the reader's mind, in the hush of books,**
  050: Here's a rhyming couplet in Chinese:
  051: Sure! Here's a rhyming couplet in Chinese, capturing the sentiment of a book box and the reader’s fun:
  052: A couplet about reading:
  053: Here's a rhyming couplet in Chinese:
  054: A rhyming couplet could be:
  055: A rhyming couplet could be:
  056: A rhyming couplet for the theme of "boxes of books, a reader's fun":
  057: **A Reader’s Fun**
  058: **The Boxes of Books**
  059: Certainly! Here's a rhyming couplet that matches your theme:
  060: Here's a rhyming couplet in English:
  061: Sure, here's a rhyming couplet in Chinese that fits the style:
  062: Certainly! Here's a couplet in the style of a rhyming couplet in Chinese, capturing the spirit of a reader’s fun and the theme of books:
  063: Certainly! Here's a rhyming couplet in Chinese (assuming the user wants a Chinese-style poem or couplet):
  064: Sure! Here's a rhyming couplet based on the theme of boxes of books and a reader's fun:
  065: **Boxes of Books,** a reader's fun,
  066: **Boxes of books, a reader’s fun,**
  067: Lighten the mind and let the world unwind.
  068: Certainly! Here's a rhyming couplet in a fun and whimsical style that fits your theme of a reader’s fun and books:
  069: Sure! Here's a rhyming couplet in traditional Chinese style:
  070: **Boxes of books, a reader’s joy,
  071: **Boxes of books, a reader's fun,**
  072: Here is a rhyming couplet in Chinese, based on the original lines:
  073: A rhyming couplet for "Boxes of books, a reader's fun":
  074: A rhyming couplet could go like this:
  075: **A few boxes, soft and reading,**
  076: **Rhyming Couplets:**
  077: **Boxes of books, a reader’s fun,**
  078: A rhyming couplet could go something like this:
  079: Certainly! Here's a rhyming couplet in Chinese:
  080: When two lines are paired in rhyme for a couplet:
  081: Sure! Here's a rhyming couplet with a "reader's fun":
  082: A rhyming couplet reading this:
  083: Boxes of books, fun in the hands,
  084: **A Rhyming Couplet:**
  085: **To the Reader's Fun:**
  086: Sure! Here's a rhyming couplet in Chinese with the intended theme:
  087: Sure! Here's a rhyming couplet that fits your theme:
  088: Sure! Here's a rhyming couplet based on your words:
  089: A rhyming couplet in Chinese would be something like this:
  090: **Couplet:**
  091: **A rhyming couplet in the style of the ancient Chinese couplet, which often has poetic elements with a certain rhythm and sentiment:**
  092: Sure! Here's a rhyming couplet in Chinese for a poetic interpretation:
  093: Here is a rhyming couplet in Chinese, keeping the theme of books and a reader's enjoyment:
  094: A rhyming couplet like this could go something like this:
  095: **The boxes of books**,
  096: **Boxes of books, a reader's fun**
  097: Here's a rhyming couplet that captures the essence of "books and reading":
  098: A rhyming couplet could be:
  099: A rhyming couplet could go like this:
  100: **A Rhyming Couplet:**
  101: Certainly! Here's a rhyming couplet inspired by the themes of a reader's fun:
  102: A rhyming couplet in Chinese might be something like:
  103: A rhyming couplet about books and fun could go like this:
  104: Certainly! Here's a rhyming couplet in the style of what you described:
  105: Of box-laden hands full with books
  106: **Boxes of books,**
  107: **Boxes of Books**
  108: Sure! Here's a **rhyming couplet** in line with your theme:
  109: A rhyming couplet could be:
  110: Boxing books to read fun,
  111: A rhyming couplet with the required elements could be:
  112: Ah, here's a rhyme for you:
  113: **Boxes of books, a reader's fun**
  114: A rhyming couplet can be structured as follows:
  115: Sure! Here's a rhyming couplet based on the themes of books and reader's fun:
  116: A rhyming couplet could be:
  117: A couplet would go like this:
  118: A rhyming couplet could read like this:
  119: Here's a rhyming couplet in Chinese:
  120: A rhyming couplet for "Boxes of books, a reader's fun" could read like this:
  121: A rhyming couplet could read like this:
  122: **A Couple to Rhyme**
  123: **Box Books and Friends,**
  124: **Boxes of books, a reader's fun,**
  125: Here's a rhyming couplet in Chinese:
  126: **Boxing Books by the Reader**
  127: A rhyming couplet in the style of classic Chinese poetry, capturing the theme of "boxes of books, a reader's fun":
  128: A rhyming couplet in the style of a traditional couplet could be:
  129: Certainly! Here's a rhyming couplet in English:
  130: Here's a rhyming couplet based on your theme:
  131: Certainly! Here's a **rhyming couplet** in Chinese, capturing the rhythm and sentiment of a "boxes of books" with a reader's fun:
  132: **Rhyming Couplet:**
  133: Sure, here's a rhyming couplet in Chinese with the lines you asked for:
  134: Here's a rhyming couplet in the style of the query's theme:
  135: **Couplet for Boxes and Books (and Fun):**
  136: The rhyming couplet can be:
  137: Boxing books in a reader's fun,
  138: The following is a rhyming couplet in the style of traditional Chinese poetry, with a light-hearted and humorous tone suitable for a reader's enjoyment:
  139: Boxes of books,
  140: A rhyming couplet could go something like this:
  141: Here's a rhyming couplet in the style you described, blending "boxes of books" with a "reader's fun":
  142: **Banners for Readers**
  143: Certainly! Here's a rhyming couplet in Chinese:
  144: **A Rhyming Couplet in Tangstal (with appropriate rhyme) to the theme:**
  145: A rhyming couplet in the style of poetry:
  146: A rhyming couplet could be:
  147: A rhyming couplet might go like this:
  148: Boxes of books, a reader’s fun,
  149: **The Reader's Fun Book Box**
  150: Here's a rhyming couplet that fits the theme:
  151: A couplet like this could be something like this:
  152: The following is a rhyming couplet:
  153: Boxes full of stories and pages full of fun.
  154: Here's a rhyming couplet in your requested style:
  155: A rhyming couplet with the lines:
  156: Ah, here's a couplet that fits the rhyme:
  157: A rhyming couplet about reading and books could go like this:
  158: Here's a rhyming couplet that fits your theme:
  159: When I think of a rhyming couplet for "Boxes of books, a reader's fun"… here it is:
  160: A rhyming couplet about a reader's fun can be:
  161: **Couplet in the Style of a Rhetorician:**
  162: **The Boxed Book's Joy**
  163: A rhyming couplet could be:
  164: Here's a rhyming couplet in Chinese for "Boxes of books, a reader's fun":
  165: **To the Reader's Fun**
  166: Sure! Here's a rhyming couplet for your message:
  167: A rhyming couplet in Chinese could be something like:
  168: A rhyming couplet:
  169: A rhyming couplet could go like this:
  170: Certainly! Here's a rhyming couplet in English for your message:
  171: A rhyming couplet could go something like this:
  172: Here's a rhyming couplet based on the theme:
  173: Certainly! Here's a rhyming couplet that captures the theme of reading and fun:
  174: A rhyming couplet could read as:
  175: Of books the shelves are neat,
  176: Here's a rhyming couplet for you, blending the elements of book boxes and reader joy:
  177: A rhyming couplet could be:
  178: A rhyming couplet in English could be something like:
  179: Sure! Here's a rhyming couplet in Chinese for your theme:
  180: Ah, that's a clever rhyming couplet! Here's a poetic version of your lines:
  181: **The Box**
  182: **Boxes of books,** a reader’s fun,
  183: A rhyming couplet for "Boxes of books, a reader's fun" could be:
  184: A rhyming couplet about the fun of reading, using boxes as objects:
  185: Ah, this is a rhyming couplet!
  186: A couplet about reading and books can be:
  187: **Boxes of books**
  188: A rhyming couplet with the rhyme scheme of iambic, it could read:
  189: A rhyming couplet might go something like this:
  190: A rhyming couplet in the style of a classic couplet, with elements of a bookseller’s fun:
  191: A rhyming couplet in English could be:
  192: Box on table full of books,
  193: A rhyming couplet could go like this:
  194: **Boxed in shelves and filled with curiosity,**
  195: Certainly! Here's a rhyming couplet in the style of a classic Chinese couplet (四言句):
  196: A rhyming couplet in English could be:
  197: The rhyming couplet would read as:
  198: Certainly! Here's a rhyming couplet in the style of a traditional Chinese couplet:
  199: Boxing the books with laughter,
  200: Here's a rhyming couplet in the style you requested:

FIRST LINE: Boxes of books, a reader's pastime,
  001: A rhyming couplet might read like this:
  002: A rhyming couplet can be:
  003: **The Books Within the Boxes**
  004: **Boxer's pastie,** the book's pastime,
  005: Here's a couplet in rhyme that fits the theme of reading and books:
  006: **One:**
  007: Certainly! Here's a rhyming couplet that matches your theme:
  008: A rhyming couplet in Chinese:
  009: A rhyming couplet can read as follows:
  010: A rhyming couplet:
  011: **In a chest of books,**
  012: Ah! Here's a rhyming couplet based on your request:
  013: Here's a rhyming couplet that ties the idea of **boxes of books**, **a reader's pastime**:
  014: A couplet in rhyming form:
  015: A rhyming couplet could go like this:
  016: A rhyming couplet could go something like this:
  017: A rhyming couplet can be:
  018: Here's a rhyming couplet that fits your description:
  019: Sure! Here's a rhyming couplet in Chinese:
  020: Ah! Here's a rhyming couplet that celebrates reading and the charm of a library:
  021: A rhyming couplet about books and reading can go like this:
  022: A rhyming couplet might be:
  023: Sure! Here's a rhyming couplet that connects the idea of **boxes of books**, a **reader's pastime**, and a **rhyming pair**:
  024: A rhyming couplet could be:
  025: **A couplet rhyming:**
  026: Here's a rhyming couplet in Chinese:
  027: **Boxes of books,** a reader's pastime,
  028: Certainly! Here's a rhyming couplet in the style you described:
  029: Sure! Here's a rhyming couplet that captures the idea of "Boxes of books" and the reader's pastime:
  030: Here's a rhyming couplet in line with your theme:
  031: Certainly! Here's a rhyming couplet in Chinese that fits the theme of "boxes of books, a reader's pastime":
  032: A rhyming couplet in the style of a book:
  033: Here is a rhyming couplet based on the theme:
  034: Here is a rhyming couplet in the style of a poem based on your request:
  035: A rhyming couplet about a reader's pastime:
  036: Certainly! Here's a rhyming couplet that captures the idea of books and a reader's pastime:
  037: Boxed books to rest,
  038: A rhyming couplet could go like this:
  039: **Couplet:**
  040: Boxed with books, a reader’s pastime
  041: Ah, here's a couplet in rhymes, capturing the essence of reading and the timeless charm of a reader's pastime:
  042: A rhyming couplet would go something like this:
  043: A rhyming couplet could go like this:
  044: A rhyming couplet could go like this:
  045: Here is a rhyming couplet in English:
  046: **Boxes of books**, a reader’s pastime,
  047: **A Rhyming Couple**
  048: **Boxes of books,**
  049: Sure! Here's a rhyming couplet that ties together the theme of reading and a book box:
  050: Here's a rhyming couplet in Chinese for the theme of reading:
  051: **A Rhyming Couplett:**
  052: A rhyme couplet about books and a reader's pastime could read like this:
  053: **A Boxed Reader’s Pastime**
  054: Sure! Here's a rhyming couplet in Chinese (assuming "boxes of books, a reader's pastime":
  055: A rhyming couplet about a reader's pastime and the joy of boxes:
  056: **Boxes of books** – a reader’s pastime.
  057: A rhyme, if that’s the requested format:
  058: Here's a rhyming couplet in Chinese for the theme of reading and the nostalgic pastime:
  059: Certainly! Here's a rhyming couplet in English, incorporating the elements of boxes of books and a reader's pastime:
  060: Certainly! Here's a rhyming couplet in Chinese, keeping the theme of books and a reader’s pastime:
  061: Here's a rhyming couplet inspired by the theme:
  062: Here's a rhyming couplet in English, matching the given theme:
  063: **A Poem of Books and Memory**
  064: Sure! Here's a rhyming couplet inspired by your lines:
  065: Here is a rhyming couplet in the style of a literary couplet that describes boxes of books and a reader's pastime:
  066: Sure! Here's a couplet with a rhyme, fitting the description:
  067: A rhyming couplet can be something like:
  068: Sure! Here's a rhyming couplet in Chinese, inspired by the theme of "boxes of books" and a reader’s pastime:
  069: Ah, you asked for a **rhyming couplet**, with a focus on "books" and "a reader's pastime."
  070: **Rhyme Couplets:**
  071: Certainly! Here's a rhyming couplet in classical Chinese that fits your theme of books and a reader's pastime:
  072: Certainly! Here's a **rhyming couplet** inspired by the elements and theme you described:
  073: A couplet with a rhyme in English, rhyming couplet:
  074: **A rhyming couplet:**
  075: A rhyming couplet with "boxes of books" as the first line and "a reader's pastime" as the second can be crafted as:
  076: Ah! Here's a **rhyming couplet** in English, inspired by the themes in the query:
  077: Boxes of books
  078: Box to books as a pastime
  079: **In quiet shelves of old,**
  080: Certainly! Here's a rhyming couplet in Chinese for the given theme:
  081: Sure! Here's a rhyming couplet in a classic Chinese format (four-character couplets):
  082: A rhyming couplet could be something like this:
  083: A rhyming couplet can be something like this:
  084: A rhyming couplet could be:
  085: Here's a rhyming couplet in a poetic form for your message:
  086: A rhyming couplet could be:
  087: **Rhyming Couplet (with a reader's pastime theme):**
  088: **A couplet**
  089: A rhyming couplet about reading and books could go something like this:
  090: A rhyming couplet in modern English might go something like this:
  091: **A Rhyming Couplet for the Reader's Pastime:**
  092: **A Rhyming Couplet:**
  093: A rhyming couplet could read like this:
  094: Here is a rhyming couplet in Chinese that flows naturally and conveys the meaning of a reader's pastime and the presence of book boxes:
  095: **The Boxed Books**
  096: A couplet could read as:
  097: Sure! Here's a rhyming couplet in the style you wanted:
  098: A rhyming couplet can be:
  099: Here’s a rhyming couplet in Chinese:
  100: Here's a rhyming couplet in Chinese:
  101: Certainly! Here's a rhyming couplet that captures the essence of a reader's pastime and the imagery associated with books:
  102: Here is a rhyming couplet in Chinese:
  103: **A couplet of a reading time:**
  104: A rhyming couplet, based on the theme "Boxes of books, a reader's pastime":
  105: **Couplet:**
  106: Sure! Here's a rhyming couplet in English:
  107: **Box of books** — **a reader’s pastime,**
  108: **A reader's pastime,** with
  109: **One** box of books,
  110: **To a reader's pastime,
  111: A rhyming couplet could go like this:
  112: A rhyming couplet about books and the reader:
  113: **Couplet:**
  114: Ah! Let me see. You want a rhyming couplet about boxes of books and a reader’s pastime. Alright, let's create that:
  115: A few rhyming couplets about a reader's pastime and a book could go something like this:
  116: Here's a rhyming couplet based on your theme:
  117: A tale told in whispers and sigh.
  118: Here's a rhyming couplet that captures the theme you mentioned:
  119: Here is a rhyming couplet in the style of the request:
  120: Ah, the classic rhyming couplet—just like in a cozy bookshop or a shared walk among old friends! 📚✨
  121: Certainly! Here's a rhyming couplet that captures the theme of a reader's pastime and the theme of a box of books:
  122: Sure! Here's a rhyming couplet in Chinese with the required themes:
  123: A rhyming couplet about books and readers' pastime:
  124: A rhyming couplet can be:
  125: Sure! Here's a rhyming couplet in couplet form that fits your theme:
  126: **The Booksploits,**
  127: A rhyming couplet in the style of a poet's work would go something like:
  128: A rhyming couplet could go like this:
  129: **A rhyming couplet in Chinese:**
  130: A rhyming couplet in Chinese could be:
  131: A rhyming couplet reading in your requested lines:
  132: In hushed whispers of old, the heart once played.
  133: Here's a rhyming couplet in Chinese:
  134: **Rhyming Couplet:**
  135: A rhyming couplet that blends "boxes of books" and "a reader's pastime":
  136: A rhyming couplet:
  137: **Couplet:**
  138: A rhyming couplet about reading and books can be written like this:
  139: **RHYMING COUPLET:**
  140: **Boxes of books**,
  141: A rhyming couplet with a simple, poetic feel, capturing the essence of reading and a literary pastime:
  142: A rhyming couplet could read as follows:
  143: A rhyming couplet can be:
  144: Here is a rhyming couplet based on your phrase:
  145: A couplet like:
  146: Here is a rhyming couplet in Chinese, capturing the theme of reading and past:
  147: Of old shelves, books lay safe,
  148: Certainly! Here's a rhyming couplet in a traditional Chinese style for your request:
  149: Certainly! Here's a rhyming couplet in Chinese, capturing the essence of a reader's pastime and the idea of books:
  150: A rhyming couplet could go something like this:
  151: Here's a rhyming couplet in Chinese for the theme of a reader's pastime, with boxes of books in the first line:
  152: **In ancient halls where knowledge lies,**
  153: **A Boxed Reader's Pastime**
  154: Certainly! Here's a rhyming couplet in English:
  155: A rhyming couplet could be:
  156: A rhyming couplet could go something like this:
  157: A rhyming couplet:
  158: A few rhyming couplets that match your idea might be:
  159: Certainly! Here's a rhyming couplet inspired by your theme:
  160: **The Rhyming Couplets**
  161: A rhyming couplet can be created like this:
  162: A rhyming couplet:
  163: A rhyming couplet can be:
  164: **Couplet:**
  165: **Boxes as Pastimes**
  166: Here's a rhyming couplet in Chinese for your request:
  167: Of the boxes of books that hold time’s old tale,
  168: A rhyming couplet could go like this:
  169: Ah, here's a rhyming couplet inspired by your words:
  170: Boxed books, bound with a touch,
  171: A rhyming couplet:
  172: Of books we’ve read to pass time,
  173: A rhyme might go like this:
  174: Sure! Here's a rhyming couplet that captures the theme of a reader's pastime, with a touch of whimsy:
  175: **A couplet with rhyme:**
  176: **Boxes of Books, a Reader’s Pastime**
  177: **Box on a shelf**
  178: A rhyming couplet, rhyming with "boxes of books, a reader's pastime":
  179: Ah, rhyming couplet, the books we play in the air,
  180: A rhyming couplet about books and reading can go like this:
  181: **The Books' Box**
  182: **Boxes of books**
  183: **Rhinoceroses in a box**
  184: Here’s a rhyming couplet in Chinese:
  185: **Boxes of Books,**
  186: **Couplet:**
  187: **A rhyming couplet** (in Chinese style):
  188: Sure! Here's a rhyming couplet in the style of a traditional Chinese couplet:
  189: **Boxes of books**
  190: One who reads with purpose,
  191: Certainly! Here's a rhyming couplet in the style of a common couplet (rhymed couplet), suitable for a reader's pastime:
  192: Sure! Here's a rhyming couplet that combines the idea of books and a reader's pastime:
  193: A couplet in rhyming can be something like:
  194: A rhyming couplet could be:
  195: **A rhyming couplet:**
  196: A rhyming couplet could be:
  197: Certainly! Here's a rhyming couplet in the style of your request:
  198: A rhyming couplet might go like this:
  199: **A.** The boxes of books, a reader's pastime,
  200: A rhyming couplet could be:

FIRST LINE: Boxes of books, a reader's diversion,
  001: Certainly! Here's a rhyming couplet in Chinese, capturing the theme:
  002: A rhyming couplet about boxes of books and a reader's diversion could be:
  003: Ah, that's a beautiful idea! Here's a rhyming couplet that captures the imagery you described:
  004: Boxed books and laughter's spark,
  005: **Boxes of books** –
  006: A rhyming couplet in English could be:
  007: **Shelves of books, a reader's tale,**
  008: Ah, a great idea! Here's a rhyming couplet for your "Boxes of books, a reader's diversion" theme:
  009: Certainly! Here is a rhyming couplet that fits the theme of a reader's diversion:
  010: A rhyming couplet with a reader's diversion:
  011: Certainly! Here's a couplet in Chinese that fits your theme:
  012: **A Rhyming Couplety (in English, commonly used as a form of rhyme)**
  013: A rhyming couplet for "Boxes of books, a reader's diversion" could be:
  014: A rhyming couplet could be:
  015: Here's a rhyming couplet that fits your theme:
  016: Ah, I see! A couplet like *"Boxes of books, a reader's diversion, a reader finds delight in their journey"* could work. Let me craft it for you:
  017: **One Hundred and One**
  018: Here is a rhyming couplet in Chinese:
  019: One dusty box of books,
  020: A rhyming couplet could go something like this:
  021: A rhyming couplet:
  022: **Couplet with a Reader’s Diversion**
  023: Sure! Here's a rhyming couplet inspired by the theme of books and a reader's diversion:
  024: Certainly! Here's a rhyming couplet that fits your theme:
  025: **Rhyming Couplets**
  026: A rhyming couplet would go something like this:
  027: **A rhyming couplet for a bookshelf or a reading space:**
  028: Certainly! Here's a rhyming couplet that matches your theme:
  029: Sure! Here's a rhyming couplet that fits the theme of books and a reader's diversion:
  030: Certainly! Here's a rhyming couplet that fits the theme of a reader's diversion and boxes of books:
  031: Certainly! Here's a rhyming couplet in Chinese that fits the theme of a reader's diversion:
  032: A rhyming couplet could be:
  033: A rhyming couplet that fits the theme of a reader's diversion, paired with the imagery of boxes of books:
  034: Sure! Here is a rhyming couplet in Chinese that fits the idea:
  035: Box the volumes by the night,
  036: Here is a rhyming couplet inspired by the image of "boxes of books" and a reader's diversion:
  037: Here's a rhyming couplet in Chinese, matching the theme of a bookshelf and a reader's diversion:
  038: **Couplet:**
  039: A rhyme couplet could be:
  040: A rhyming couplet for the theme of books and a reader’s diversion could go something like this:
  041: Here’s a rhyming couplet in Chinese for your request:
  042: A rhyming couplet for the subject "Boxes of books, a reader's diversion" could be:
  043: Here is a rhyming couplet in Chinese:
  044: Sure! Here's a rhyming couplet in Chinese that fits the theme:
  045: Sure! Here's a rhyming couplet in Chinese that fits your theme:
  046: Here is a rhyming couplet in Chinese:
  047: Here's a rhyming couplet in Chinese:
  048: A rhyming couplet like this could be:
  049: Certainly! Here's a rhyming couplet that fits the theme of a reader's diversion, with a touch of whimsy:
  050: **A Rhyming Couplett:**
  051: **Boxes of books, a reader's diversion,**
  052: Certainly! Here's a rhyming couplet in Chinese for the given idea:
  053: A rhyming couplet about reading and boxes of books could be:
  054: A rhyming couplet could go like this:
  055: Ah, here's a rhyming couplet for you:
  056: Certainly! Here's a rhyming couplet in Chinese:
  057: A rhyming couplet might go something like this:
  058: **Boxes of books, a reader’s diversion,**
  059: Here is a rhyming couplet based on your message:
  060: Here's a rhyming couplet in English, rhyming **Boxes of books, a reader's diversion**, with a flow that creates a playful, light-hearted atmosphere:
  061: A rhyming couplet might go like this:
  062: Sure! Here's a rhyming couplet in the style of a poem:
  063: Of books they hold in hand,
  064: A rhyming couplet for "Boxes of books, a reader's diversion" could read as:
  065: **Box on the shelf, a reader’s divinely filled,
  066: Of courses, a rhyming couplet for boxes of books, a reader's diversion
  067: Certainly! Here's a rhyming couplet in English for the theme:
  068: Sure! Here's a rhyming couplet with a twist:
  069: Certainly! Here is a rhyming couplet in the style you requested:
  070: A rhyming couplet in English could be:
  071: Certainly! Here's a rhyming couplet in Chinese, reflecting the imagery of boxes of books as a reader's diversion:
  072: A rhyming couplet can be:
  073: **Boxes of books, a reader's diversion,
  074: Ah! Here's a rhyming couplet that fits the theme:
  075: Certainly! Here's a rhyming couplet in Chinese for your theme:
  076: Here’s a rhyming couplet in the style of the classic Chinese couplet:
  077: Boxes of books, a reader’s diversion,
  078: **A rhyming couplet:**
  079: **Couplet on Boxes and Readers' Diversion**
  080: Certainly! Here's a rhyming couplet in Chinese, as requested:
  081: Sure! Here's a rhyming couplet in the style of your request:
  082: **Boxes of books**
  083: **Couplet:**
  084: **A rhyming couplet**
  085: A rhyming couplet in English could be:
  086: A rhyming couplet could be something like:
  087: A rhyming couplet would go something like:
  088: A rhyming couplet could go like this:
  089: A rhyming couplet in the style of a classic couplet would go something like this:
  090: A rhyming couplet with the words:
  091: * Boxes of books, a reader's diversion,
  092: A rhyming couplet in couplet form for the themes of books and readers' diversion could be:
  093: A rhyming couplet could go like this:
  094: Certainly! Here's a rhyming couplet in Chinese, capturing the theme of a reader's diversion through a book:
  095: *Boxes of books, a reader's diversion—*
  096: **Box of Books**
  097: A rhyming couplet could read like:
  098: Certainly! Here's a rhyming couplet that fits your theme:
  099: Certainly! Here's a rhyming couplet in English that aligns with your phrase "Boxes of books, a reader's diversion":
  100: **A couplet:**
  101: Here's a rhyming couplet in a poetic style, as you requested:
  102: **Boxes of books**
  103: Boxed with curiosity, a reader’s mind runs
  104: Boxed and filled, the reader’s thoughts run
  105: A rhyming couplet like:
  106: Certainly! Here is a rhyming couplet in the style of the requested theme:
  107: Certainly! Here's a rhyming couplet that fits the theme of a book box and a reader's diversion:
  108: **A Reader’s Diversion and a Boxed Book**
  109: A rhyming couplet might read like this:
  110: Certainly! Here's a rhyming couplet in traditional Chinese style:
  111: A rhyming couplet for "Boxes of books, a reader's diversion" could be:
  112: Box to the reader,
  113: **A Box of Books**
  114: Sure! Here's a rhyming couplet in English:
  115: Certainly! Here's a rhyming couplet in Chinese, keeping the meaning of "Boxes of books" and a "reader's diversion":
  116: Certainly! Here's a rhyming couplet that blends "boxes of books" and "a reader's diversion":
  117: Certainly! Here's a rhyming couplet in classical Chinese style, keeping your theme intact:
  118: A rhyming couplet could read as:
  119: A rhyming couplet could be:
  120: **Boxes of books,** a reader's diversion,
  121: Ah, here's a rhyming couplet that fits your theme:
  122: Sure! Here's a rhyming couplet in the style you've requested:
  123: **A Rhyming Couplet:**
  124: Boxing is a good place for books.
  125: Sure! Here's a couplet in the style of rhyme:
  126: **A rhyming couplet:**
  127: Certainly! Here's a rhyming couplet in English:
  128: **Couplet for boxes of books and a reader's diversion,**
  129: **A reader’s diversion**
  130: Ah! Here's a rhyming couplet in English, based on the theme of a book’s reader’s diversion:
  131: **A Rhyming Couplet:**
  132: **Boxed in quiet thought,**
  133: **Couplet (Rhyming):**
  134: Of books that fill the mind's mind,
  135: Boxed in a neat,
  136: Certainly! Here's a rhyming couplet in Chinese:
  137: Sure! Here's a rhyming couplet in English:
  138: A rhyming couplet could read as:
  139: Sure! Here's a rhyming couplet in Chinese for the themes:
  140: **Shelve Boxes in a Library of Mind**
  141: A rhyming couplet can be something like this:
  142: A rhyming couplet could go something like this:
  143: A rhyming couplet could be:
  144: Here's a rhyming couplet that fits the theme of a reader's diversion and the subject of boxes of books:
  145: Here's a rhyming couplet in Chinese:
  146: **Boxes of books, a reader's diversion,**
  147: Sure! Here's a rhyming couplet in Chinese:
  148: **Boxes of books, a reader’s diversion,**
  149: **Boxes of books, a reader’s diversion,**
  150: A rhyming couplet can be written as follows:
  151: Certainly! Here's a rhyming couplet that fits your theme of books and a reader's diversion:
  152: **The Boxed Book and the Reader’s Turn**
  153: Sure, here's a rhyming couplet in classical Chinese-style:
  154: A rhyming couplet about books and readers can be:
  155: Certainly! Here's a rhyming couplet in English:
  156: **Boxes of Books, a Reader's Diversion.**
  157: Sure! Here's a rhyming couplet in couplet form:
  158: A rhyming couplet could be:
  159: Ah, a lovely rhyme... here's a rhyming couplet that captures the essence of books, readers and a quiet diversion:
  160: A rhyming couplet:
  161: Here's a rhyming couplet in classical Chinese, capturing the theme of a reader's diversion:
  162: Here's a rhyming couplet that blends the idea of boxes of books and a reader's diversion:
  163: *She wrapped the pages in a warm, soft blanket with every breath,*
  164: **Boxes of books, a reader's diversion**,
  165: A rhyming couplet could go like this:
  166: Here's a rhyming couplet in English:
  167: **Boxes of books,**
  168: A rhyming couplet could go like this:
  169: Sure, here's a rhyming couplet that fits your theme:
  170: **Boxes of books** — a reader's diversion,
  171: Sure! Here's a rhyming couplet in Chinese for your theme:
  172: A couplet for the given words: *"Boxes of books, a reader's diversion"*.
  173: A rhyming couplet in the form of a poem is something I'd craft if there were a time where it was more common and people would be comfortable using it, like if I were an archivist or a keeper of knowledge in the past. Here's one, with a poetic touch:
  174: A rhyming couplet for "Boxes of books, a reader's diversion" could be:
  175: **A rhyming couplet with a reader's diversion:**
  176: **Boxes of Books**
  177: **A Rhyming Couplet:**
  178: Here's a rhyming couplet with the requested imagery:
  179: A rhyming couplet could be:
  180: Here's a rhyming couplet in the style of a classic couplet, with "boxes of books" and "a reader's diversion" as the key elements:
  181: Certainly! Here's a rhyming couplet in Chinese:
  182: A rhyme couplet could be:
  183: **Boxes of books, a reader’s *diversion***
  184: Here is a **rhyming couplet** inspired by your idea:
  185: Of these, books in their place, a reader's diversion;
  186: Sure, here's a rhyming couplet in Chinese:
  187: A rhyming couplet in the style of a book lover could be:
  188: Certainly! Here is a rhyming couplet that matches your description:
  189: Boxed books in sight,
  190: A rhyming couplet could be:
  191: **Boxes of books, a reader's diversion,**
  192: **A Rhyming Couplet:**
  193: A rhyming couplet with the image "boxes of books, a reader's diversion" could be:
  194: A rhyming couplet about a reader's diversion could be:
  195: Sure! Here's a rhyming couplet that captures the theme of a reader's diversion and boxes of books:
  196: **Boxes are shelves, a reader’s diversion**
  197: Sure! Here's a rhyming couplet in Chinese that fits your idea of a reader's diversion, with boxes of books as the central imagery:
  198: Certainly! Here's a rhyming couplet that fits your theme:
  199: Ah, this is a rhyming couplet from a popular children’s book, *The Hundred Bookers*, by James Sallis!
  200: Boxes of books,

FIRST LINE: Boxes of books, a reader's pleasure,
  001: **To the reader,**
  002: Here's a rhyming couplet in Chinese:
  003: Here's a rhyming couplet in Chinese:
  004: A rhyme of 4 lines, 10 syllables each:
  005: **Couplet:**
  006: Here's a rhyming couplet in English:
  007: **Couplet by Rhyming:**
  008: A rhyming couplet can be:
  009: **A Rhyming Couplet:**
  010: **Boxing of books, a reader’s pleasure,**
  011: Sure! Here's a rhyming couplet in Chinese, with an original meaning:
  012: One might place a pair of the boxes of books, as they offer a delightful moment. So the rhyming couplet could read:
  013: Certainly! Here's a rhyming couplet in Chinese with the requested elements:
  014: Sure! Here is a rhyming couplet in English that fits the theme of books and a reader's pleasure:
  015: Sure! Here's a rhyming couplet in the style of the traditional Chinese poetic couplet:
  016: Here's a rhyming couplet in English:
  017: Sure! Here's a rhyming couplet inspired by your theme:
  018: A rhyming couplet about books could go like this:
  019: A rhyme in couplet style:
  020: **A Rhyming Couplety:**
  021: A rhyming couplet in Chinese could be:
  022: A rhyming couplet in English could be:
  023: A rhyming couplet could go something like this:
  024: A rhyming couplet about boxes of books and a reader's joy could go something like this:
  025: **One Book, a Life in the Word**
  026: Certainly! Here's a rhyming couplet in English that captures the essence of a box of books and a reader's pleasure:
  027: **Boxes of books, books for the mind,**
  028: Certainly! Here's a rhyming couplet in Chinese:
  029: **One:** A box of books on a table,
  030: Sure! Here's a rhyming couplet in Chinese for the line "Boxes of books, a reader's pleasure":
  031: **Couplet in Rhyme (Rhythm):**
  032: Boxed in paper, reader's delight,
  033: Here’s a rhyming couplet in Chinese, reflecting the imagery of books, a reader's pleasure:
  034: **Boxes of books,
  035: **Couplet:**
  036: A rhyming couplet could read as:
  037: A rhyming couplet could go like this:
  038: Sure! Here's a rhyming couplet in a whimsical style that captures the delight of reading:
  039: A rhyming couplet would go like this:
  040: **A Rhyming Couplet:**
  041: A rhyming couplet could go like this:
  042: A rhyming couplet could go like this:
  043: Certainly! Here's a rhyming couplet in Chinese:
  044: **Ode to Reading**
  045: A rhyming couplet can be as follows:
  046: A rhyming couplet could be:
  047: Ah, here's a couplet for you:
  048: Boxing books like comfort,
  049: Certainly! Here's a rhyming couplet in Chinese:
  050: A couplet in rhyme could be:
  051: Here is a rhyming couplet in your requested style:
  052: A rhyming couplet could be:
  053: A rhyming couplet about the reader’s pleasure and the boxes of books might read as:
  054: *Boxes of books, a reader's pleasure,*
  055: A rhyming couplet could be:
  056: **A Rhyming Couple-Tone of Books**
  057: Here's a rhyming couplet in English that fits the theme:
  058: *Boxes of books hum with joy,*
  059: Sure! Here's a rhyming couplet inspired by the theme:
  060: A rhyming couplet could be:
  061: Certainly! Here's a rhyming couplet that celebrates both the boxes of books and the joy of reading:
  062: A rhyming couplet could be:
  063: A rhyming couplet for a book collection and a reader's delight can be:
  064: Here is a rhyming couplet that fits the theme of books and readers:
  065: Sure! Here's a couplet in the style of Chinese poetry (rhythmic couplet) rhyming with "Boxes of books, a reader's pleasure":
  066: **Couplet (Rhyming):**
  067: A rhyming couplet in English could go like this:
  068: Boxes of books may be shared,
  069: A rhyming couplet in Chinese could be:
  070: A rhyming couplet could be:
  071: **A Rhyming Couplety:**
  072: *Boxes of books, a reader's pleasure,*
  073: A rhyming couplet could go something like this:
  074: Here's a rhyming couplet that blends the idea of boxes of books and a reader’s pleasure:
  075: Here's a rhyming couplet in a poetic style, capturing the theme of a reader's pleasure and books:
  076: Ah, rhyming couplet:
  077: A quiet joy, in quiet time, the soul.
  078: **A Reader's Pleasure**,
  079: A rhyming couplet, based on your theme:
  080: A rhyming couplet could be:
  081: A rhyming couplet:
  082: **Boxes of books, a reader’s pleasure,**
  083: A rhyming couplet about reading and books could be:
  084: *The boxes hold stories that light the night,*
  085: *The librarian's hush, a gentle touch,*
  086: **A Rhyming Couplet (Box Books):**
  087: Here's a rhyming couplet in English that captures the essence of a book box and the joy of a reader:
  088: Certainly! Here's a rhyming couplet in Chinese, capturing the idea of books and a reader’s pleasure:
  089: Sure! Here is a rhyming couplet in the style you described:
  090: Ah! The rhyme is lovely and has a touch of rhythm. Here's a rhyme in couplet form, with each line sharing a certain rhyme and meaning:
  091: **Ode to Reading:**
  092: A rhyming couplet can be as follows:
  093: A rhyming couplet about a book reader could go something like this:
  094: A rhyming couplet for the theme *"Boxes of books, a reader's pleasure,..."* could be:
  095: **Rhyming Couplet:**
  096: Sure! Here's a rhyming couplet in Chinese:
  097: Sure! Here's a **rhyming couplet** in English:
  098: Sure! Here's a rhyming couplet in Chinese:
  099: Certainly! Here is a rhyming couplet in Chinese:
  100: Certainly! Here's a rhyming couplet in Chinese:
  101: **The Books' Box**
  102: Here is a rhyming couplet based on your words:
  103: A rhyming couplet about reading and books could be:
  104: **Boxes of books,**
  105: **"Boxes of books, a reader’s delight—**
  106: **Couplet of a Reader's Pleasure**
  107: **A Rhyming Couplet:**
  108: Sure! Here's a rhyming couplet in the style of a modern reader's pleasure:
  109: A rhyming couplet for boxes of books, a reader’s pleasure, could be:
  110: A rhyming couplet can be:
  111: A rhyming couplet could go like this:
  112: **Boxes of Books**
  113: A rhyming couplet could be:
  114: A rhyming couplet about books and reading could go like this:
  115: Sure! Here's a rhyming couplet that conveys the idea of reading a good book with a sense of pleasure:
  116: A rhyming couplet in couplet style could go like this:
  117: Certainly! Here's a rhyming couplet in Chinese, capturing the theme of "boxes of books and the reader's joy":
  118: A rhyming couplet reading from the lines:
  119: One book on your shelves,
  120: A rhyming couplet can be something like this:
  121: Sure! Here's a rhyming couplet in Chinese, following your words:
  122: A rhyming couplet for "Boxes of books, a reader's pleasure" could be:
  123: A rhyming couplet could be:
  124: A rhyming couplet could go like this:
  125: Certainly! Here is a rhyming couplet based on your theme:
  126: Here's a rhyming couplet in traditional Chinese classical style (similar to the style you described):
  127: Here’s a rhyming couplet in traditional Chinese form:
  128: **Boxes of books,
  129: **Boxes of Books,**
  130: **Boxes of books, a reader's pleasure,**
  131: One box holds a book,
  132: A rhyming couplet could be:
  133: **Boxes of books,** a reader's pleasure,
  134: A rhyming couplet about books and reading could go like this:
  135: **Boxes and Books**
  136: A rhyming couplet in Chinese can be:
  137: Here's a rhyming couplet in Chinese, capturing the essence of a reader's pleasure and the joy of books:
  138: **A rhyming couplet:**
  139: Certainly! Here's a rhyming couplet in your requested theme:
  140: A rhyme couplet about books and reading could go like this:
  141: A rhyming couplet could be:
  142: Here is a rhyming couplet in the style of a traditional Chinese couplet:
  143: **Boxes of books, a reader's pleasure,**
  144: **Couplet:**
  145: A world where words take flight.
  146: Here’s a rhyming couplet in Chinese, capturing the essence of a reader's pleasure:
  147: A rhyming couplet can be:
  148: **The Book Box**
  149: Certainly! Here's a rhyming couplet in Chinese that captures the essence of "boxes of books, a reader's pleasure":
  150: A rhyming couplet could go like this:
  151: Here is a rhyming couplet in Chinese:
  152: Certainly! Here's a rhyming couplet in the style you requested:
  153: A rhyming couplet with the given themes could go like this:
  154: **Boxed Books, a Reader's Pleasure—**
  155: Certainly! Here's a rhyming couplet that fits the theme of "Boxes of books, a reader's pleasure," in a traditional Chinese format:
  156: Sure! Here's a rhyming couplet in the style of a simple literary couplet about books:
  157: Ah, a rhyming couplet! Here's a classic couplet that blends "boxes of books" with a reader's pleasure:
  158: **A Rhyming Couplet:**
  159: Here is a rhyming couplet in Chinese:
  160: A rhyming couplet can go like this:
  161: Boxes of books, a reader’s pleasure;
  162: **Couplet in Rhyme:**
  163: Here's a rhyming couplet in the style of a traditional Chinese couplet (also known as "rhyming couplet"):
  164: A rhyming couplet could be:
  165: Boxing books in the night,
  166: **Couplet:**
  167: A rhyming couplet can be formed like this:
  168: Books in the pile as a treat,
  169: **Boxes of Books**
  170: **The Boxes of Books,
  171: Sure! Here's a rhyming couplet in Chinese, capturing the essence of books and reading:
  172: Here is a rhyming couplet based on the description:
  173: Sure! Here is a rhyming couplet in Chinese for the meaning:
  174: A rhyming couplet could be:
  175: Sure! Here's a rhyming couplet in the style of a traditional Chinese couplet:
  176: A rhyming couplet with the rhyme scheme **ABAB** could be:
  177: A rhyming couplet in English could read as:
  178: Certainly! Here's a rhyming couplet in Chinese:
  179: A rhyming couplet with "Boxes of books, a reader's pleasure,
  180: Here is a rhyming couplet in Chinese:
  181: Here's a rhyming couplet in Chinese:
  182: A rhyming couplet could be:
  183: **Boxes of books, a reader's pleasure,**
  184: **Boxes of books, a reader's pleasure,
  185: A rhyming couplet in English could read as:
  186: **A Rhyming Couplety:**
  187: A rhyming couplet on the theme of books:
  188: Sure! Here's a rhyming couplet for your message:
  189: Here is a **rhyming couplet** in English, based on the theme:
  190: A rhyming couplet in the style of Chinese poetry, capturing the theme of "boxes of books" and a "reader's pleasure":
  191: Sure! Here's a rhyming couplet in English:
  192: **Boxed with joy, read by you,**
  193: Certainly! Here is a **rhyming couplet** that fits your theme of books and reading:
  194: **Boxes of books**
  195: **Box of books, a reader’s delight—**
  196: Here is a rhyming couplet that captures the essence of a book and a reader’s experience:
  197: Of books and puzzles that may seem simple,
  198: A rhyming couplet:
  199: A rhyming couplet about reading and books could be:
  200: Ah! Here's a rhyming couplet for the sentiment "Boxes of books, a reader's pleasure":

FIRST LINE: Boxes of books, a reader's chore,
  001: Boxes of books, a reader’s chore,
  002: A rhyming couplet can be something like:
  003: A rhyming couplet could be:
  004: **A Rhyme Couplet:**
  005: A rhyming couplet about books and reading could be:
  006: Ah, a rhyming couplet! Here's a creative version that captures both the book and the reader's activity with a poetic twist:
  007: Here’s a rhyming couplet in Chinese:
  008: A rhyming couplet could be:
  009: Here’s a rhyming couplet in the style of a traditional couplet (with two lines in the rhyme):
  010: Here is a rhyming couplet based on your theme:
  011: Sure! Here's a rhyming couplet that fits the poetic tone:
  012: Here's a rhyming couplet in Chinese, capturing the imagery of books in a box and the reader's chore:
  013: Of books in their cases, a scholar’s day,
  014: Certainly! Here's a rhyming couplet that captures the essence of a "boxes of books, a reader's chore":
  015: A rhyming couplet could read as:
  016: **Couplet:**
  017: **Boxes of books, a reader’s task,**
  018: **Couplet:**
  019: Certainly! Here is a rhyming couplet in the style of a poet:
  020: A rhyming couplet for the theme: **Boxes of books, a reader's chore,** could go like this:
  021: The page turns, the stars dance in the night.
  022: **A rhyme of couplets for a reader’s work:**
  023: In a world where books are found to hold all a man’s mind,
  024: **Boxes of books**, a reader's chore,
  025: **Boxes of Books**,
  026: Boxing books in a reader’s heart’s care,
  027: Sure! Here's a rhyming couplet in Chinese for the theme "Books" and "Chores":
  028: Certainly! Here's a rhyming couplet in English:
  029: A rhyming couplet about a reader's chore:
  030: A rhyming couplet in Chinese could be:
  031: **Boush**
  032: **A couplet:**
  033: Sure! Here's a rhyming couplet in Chinese:
  034: Sure! Here's a rhyming couplet in a simple and meaningful style:
  035: A rhyme couplet in English would be something like this:
  036: Boxes of books are a source of joy,
  037: Sure, here's a rhyming couplet in couplet form:
  038: Here's a rhyming couplet in Chinese:
  039: Here’s a rhyming couplet in the style of the requested line:
  040: Boxes of books, and a reader's chore,
  041: **The Chosen Work**
  042: Sure! Here's a rhyming couplet in Chinese with a touch of poetic rhythm:
  043: Sure! Here's a rhyming couplet in Chinese, which you might like:
  044: **Rhyming Couplet:**
  045: Boxes of books on the shelf,
  046: A rhyming couplet with a touch of whimsy:
  047: Here's a rhyming couplet in Chinese:
  048: Certainly! Here's a rhyming couplet in Chinese:
  049: **A couplet by a reader:**
  050: A rhyming couplet could go like this:
  051: **Ode to the Reader’s Chores**
  052: Certainly! Here is a rhyming couplet that captures the idea of boxes of books and a reader’s chore:
  053: Sure! Here's a rhyming couplet in the style of Chinese:
  054: A rhyming couplet, with the line:
  055: The couplet can be written as follows for a rhyming structure with a consistent rhythm and rhyme:
  056: **The boxes of books,**
  057: Sure! Here's a rhyming couplet in classical Chinese:
  058: A rhyming couplet in English could be:
  059: Here's a rhyming couplet in the style of your description:
  060: A rhyme couplet could be:
  061: A rhyming couplet reading for "Boxes of books, a reader's chore":
  062: A rhyming couplet could be:
  063: Beneath the hush of shelves where books find their way,
  064: Box with a child’s book
  065: **Boxes of books, a reader's chore,**
  066: A rhyming couplet in Chinese, which translates to:
  067: **Rhyming Couplet:**
  068: **Boxes of books** and a **reader’s heart**
  069: A rhyming couplet could go something like this:
  070: A rhyming couplet could go like this:
  071: Certainly! Here's a rhyming couplet in the style of your phrase:
  072: Certainly! Here's a rhyming couplet that fits the theme:
  073: Of books and shelves where light glides in,
  074: Certainly! Here's a rhyming couplet that fits the theme of a reader's chore and boxes of books:
  075: A rhyming couplet in couplet form can be a nice way to convey two sentences with a poetic and rhythmic flow, capturing both a reader's chore (a simple idea) and books.
  076: A couplet with rhymes for "boxes of books, a reader’s chore":
  077: **A Rhyming Couplet:**
  078: **A Rhyming Couplet**
  079: Here's a rhyming couplet in Chinese:
  080: Boxing books in a stack,
  081: A rhyming couplet:
  082: **A couplet** — a classic rhyme with **two lines**, each containing a line that rhymes with the previous one.
  083: Of boxes of books, a reader's work is,
  084: One might find the following couplet, rhyming couplet:
  085: Certainly! Here's a rhyming couplet that captures both the physical act of reading and the chore associated with it:
  086: Certainly! Here's a rhyming couplet for the theme:
  087: **The Boxed Pages**
  088: Here's a rhyming couplet that matches the theme:
  089: **A rhyming couplet:**
  090: Here's a rhyming couplet in traditional Chinese poetic style:
  091: Boxes of books in a quiet room,
  092: A rhyming couplet could go something like this:
  093: A rhyming couplet can be:
  094: **Boxes of books** – a **reader's** **chore**,
  095: Sure! Here's a rhyming couplet in the style of your request:
  096: A rhyming couplet could go something like:
  097: Here's a rhyming couplet that fits the theme:
  098: **Boxes of books, a reader’s chore,**
  099: **In the quiet corner where books are stored,**
  100: Here is a rhyming couplet in English:
  101: Sure! Here's a rhyming couplet in English:
  102: A rhyming couplet in a whimsical and playful style might read like this:
  103: Beneath the shelves of books,
  104: Here's a rhyming couplet in the style you requested:
  105: **Boxes of books, a reader's chore,**
  106: Certainly! Here's a rhyming couplet in the style of a classic Chinese couplet, matching your line:
  107: Certainly! Here's a rhyming couplet in Chinese:
  108: **A Rhyming Couplet:**
  109: Ah! This is a clever line to craft a rhyming couplet! Here's a rhyming couplet based on your theme:
  110: Here's a rhyming couplet in English that fits the theme of boxes of books and a reader's chore:
  111: Here's a rhyming couplet in the style you requested:
  112: Sure! Here's a rhyming couplet in couplet form:
  113: Certainly! Here's a rhyming couplet that captures the theme of books and reading:
  114: **Boxes of books, a reader's chore,**
  115: One might look at boxes of books, for the reader’s time;
  116: Here's a rhyming couplet in Chinese for the line:
  117: Sure! Here's a rhyming couplet in English:
  118: A rhyming couplet in English could be:
  119: Certainly! Here's a rhyming couplet in Chinese:
  120: Sure! Here's a rhyming couplet in Chinese for a book reading or activity:
  121: **A rhyme of boxes and a reader's life**
  122: Ah, the rhyme scheme here is quite simple and fits perfectly with the phrase "Boxes of books, a reader’s chore". Here's a couplet in standard couplet form (two lines of iambic pentameter):
  123: **Couplet:**
  124: **Boxes of books, a reader’s chore**
  125: **To a Reader's Chord,
  126: A rhyming couplet could go something like this:
  127: A rhyming couplet could go something like this:
  128: Certainly! Here's a rhyming couplet that captures the theme of reading and a book's role as a "chore":
  129: Certainly! Here's a rhyming couplet in **Simplified Chinese**:
  130: **Boxed books with a reader’s dance**.
  131: **A Rhyming Couplet:**
  132: A rhyming couplet about a book-chore and a reader's task could be:
  133: Certainly! Here's a rhyming couplet that matches your theme:
  134: **A rhyming couplet:**
  135: A rhyming couplet could be:
  136: Here’s a rhyming couplet in Chinese:
  137: Of books a reader's chore,
  138: Box and Book together with the reader,
  139: Here is a **rhyming couplet** in English based on your phrase: *"Boxes of books, a reader's chore."*
  140: **The Boxes of Books**
  141: Ah, let's try to get this rhyming couplet right. The original request was:
  142: A rhyming couplet could be:
  143: A rhyming couplet could go like this:
  144: **Boxed in silence,** a student hums a rhythm.
  145: Sure! Here's a rhyming couplet in Chinese:
  146: A rhyming couplet could go like this:
  147: Here's a rhyming couplet that fits your theme of "boxes of books, a reader's chore":
  148: **Couplet**
  149: Sure! Here's a rhyming couplet in Chinese:
  150: **One**: Boxes of books, a reader's chore,
  151: A rhyming couplet could be:
  152: **Boxes of books, a reader's chore,**
  153: Here is a rhyming couplet in Chinese, capturing the imagery and meaning of the themes in the original query:
  154: Here’s a rhyming couplet in Chinese:
  155: **One box of books,**
  156: Boxes hold books,
  157: A rhyming couplet could be:
  158: **Boxes of books, a reader's chore,**
  159: Here’s a rhyming couplet that captures the imagery you described:
  160: A rhyming couplet could go like this:
  161: **Beneath the shelf, books hum,
  162: A rhyming couplet could go like this:
  163: **Couplet:**
  164: A rhyming couplet about books and reading could go something like this:
  165: **Boxes of books**
  166: **A rhyming couplet in a traditional style:**
  167: Sure! Here's a rhyming couplet in Chinese, in the style of a couplet:
  168: A rhyming couplet reading in verse:
  169: A rhyme with the first line being about a **boxes of books** and the second being a **reader's chore**, something like this:
  170: **A Box and a Book, A Reader's Fate**
  171: Sure! Here's a rhyming couplet in Chinese:
  172: A rhyme:
  173: Sure! Here's a rhyming couplet based on your idea:
  174: Here's a rhyming couplet that captures the imagery you described:
  175: Certainly! Here's a rhyming couplet in Chinese:
  176: Sure! Here's a rhyming couplet that fits the themes:
  177: Sure! Here's a rhyming couplet in traditional Chinese poetry style, capturing the idea of a **bookshop** and a reader's **journey**:
  178: Sure! Here's a rhyming couplet in Chinese:
  179: The couplet could be:
  180: Ah, a simple rhyme to light up the pages of your book. Here it is in couplets — a rhyming couplet, simple and easy to read.
  181: Here's a rhyming couplet in Chinese that fits your theme of books and a reader's activity:
  182: **Boxes of books, a reader’s chore,**
  183: Certainly! Here's a rhyming couplet in Chinese:
  184: **The Reading Box**
  185: A rhyming couplet:
  186: A rhyming couplet in English could be something like this:
  187: Here's a rhyming couplet in English:
  188: Ah, if you ask for a rhyming couplet about a "rhyming couplet" – it’s usually for a poem or a couplet that rhymes. So, a rhyming couplet would have two lines that rhyme. Let me craft one that fits the theme.
  189: Sure! Here's a rhyming couplet in English:
  190: A rhyming couplet in Chinese is often composed for rhythmic effect and poetic meaning. Here's a possible version in couplet form based on the lines you provided:
  191: Ah, this is a bit of a playful take! Here's a rhyming couplet (a line of four lines) that fits the imagery of boxes of books and a reader’s chore:
  192: In quiet rooms, books spin with rhyme
  193: **A Boxed Boxer**
  194: Certainly! Here's a rhyming couplet in Chinese:
  195: Sure, here's a rhyming couplet in English:
  196: A couplet about books:
  197: **A Rhyming Couplet:**
  198: Here’s a rhyming couplet in English, using the words "boxes of books, a reader's chore":
  199: **A rhyming couplet for the scene:**
  200: **Box of books** and **a reader’s heart** are linked—where books are filled to the brim, a reader’s mind is stirred.

FIRST LINE: He saw a carrot and had to grab it,
  001: **He saw a carrot and had to grab it,**
  002: He’d only reached if the sun had spared.
  003: With sticks and leaves, he stood and cried.
  004: In spring he danced on the ground’s sweet air.
  005: Then with a grin, it gave him its way.
  006: The sun smiled beside him with a grin.
  007: The earth did not take his hand.
  008: And still with a red heart full of hope.
  009: He saw a carrot, he grabbed it,
  010: A bushy head in the grass, he was near.
  011: **He saw a carrot and had to grab it,**
  012: Sure! Here's a rhyming couplet in Chinese:
  013: His yellow carrot, with a flick, caught his eye.
  014: By the hill, the sky bright with blue.
  015: A seed grew tall and stayed on the tree.
  016: A rhyming couplet could be:
  017: He looked round and saw a carrot
  018: Here's a rhyming couplet in the style of the original meaning:
  019: A quick snap and a golden bite for all.
  020: **A rhyming couplet** for the line *"He saw a carrot and had to grab it,"* can be as follows:
  021: He saw a carrot, and had to grab its side,
  022: The sun was not quite on my nose.
  023: He saw a carrot, *grab the one* with a sharp look,
  024: He saw a carrot on the fence,
  025: He saw a carrot
  026: In the grass, with eyes wide and green.
  027: He’d rather go to the sun than to stay.
  028: A rhyme of the couplet:
  029: One for the sun, one for the sky.
  030: A couplet with a rhyming style:
  031: Then he said, "This one's my best!"
  032: He saw a carrot, he had to grab it,
  033: He saw a carrot on a patch of gold,
  034: Beneath the moon’s soft, shining light.
  035: With patience, he caught it swiftly.
  036: His head barked at the red carrot,
  037: A stick with thorns and a grin.
  038: He saw a carrot,
  039: Sure, here's a rhyming couplet in Chinese:
  040: **A rhyming couplet:**
  041: One green seed grew into the field's green.
  042: He sat still,
  043: And laughed heartily through the day.
  044: A stick that bit the hand in time.
  045: The sun was down and no one was there.
  046: A stick on a pole, no more than he can't.
  047: He saw a carrot, and had to grab
  048: He saw a carrot and had to grab it
  049: A rhyming couplet could be:
  050: The sun's light showed just enough to get it.
  051: He saw a carrot, but the ground held its word,
  052: Certainly! Here's a rhyming couplet based on your phrase:
  053: With a grin and a stick he kept going.
  054: Certainly! Here's a **rhyming couplet** inspired by your line:
  055: A rhyming couplet can be structured as:
  056: He saw a carrot on the tree,
  057: Sure! Here's a rhyming couplet that matches your line:
  058: A rhyming couplet:
  059: Sure, here's a rhyming couplet in English for you:
  060: A sharp green green light to reach the side.
  061: **He saw a carrot and had to grab it,**
  062: His long hair was tied,
  063: He looked at the carrot with hunger,
  064: Certainly! Here's a rhyming couplet in Chinese:
  065: A rhyming couplet could go something like this:
  066: A little light breeze, a green and blue.
  067: Beneath the moon’s silver glow, full of time.
  068: Here's a rhyming couplet that matches the line "He saw a carrot and had to grab it":
  069: Then the field called out and the door came.
  070: With a stick and a hand in its place.
  071: **He saw a carrot and had to grab it**
  072: A rhyming couplet could go like this:
  073: He saw a carrot and had to grasp the one,
  074: A green thumb with a little fear at the top.
  075: He saw a carrot, a green, crisp seed,
  076: A hand in the wild grass, a quick and true.
  077: A red leaf in the sun, so he did it.
  078: The green sprout was not easy to grasp.
  079: By night in the garden’s soft light.
  080: A rhyming couplet could be:
  081: The rhyme could go:
  082: With a hand that trembled so long.
  083: Sure! Here's a rhyming couplet in Chinese:
  084: Here's a rhyming couplet in Chinese, keeping the original meaning and imagery:
  085: Ah, here is a rhyming couplet for your message:
  086: A red rib in the mud, bold and true.
  087: His eyes met the green,
  088: A rhyming couplet could go like this:
  089: He had a carrot in his hand with a long stretch,
  090: He saw a carrot, and pulled it tight,
  091: Here’s a rhyming couplet based on your original line:
  092: He saw a carrot, he fetched it,
  093: He saw a carrot in the dirt,
  094: Certainly! Here's a rhyming couplet in English that matches the image and meaning you described:
  095: He saw a carrot, not a stick,
  096: Beneath the moon’s silver light, he found it.
  097: **He saw a carrot and had to grab it,**
  098: Here is a rhyming couplet inspired by the scene of "He saw a carrot and had to grab it":
  099: **Couplet for the rhyme:**
  100: A shadow passed behind, and the light was thin.
  101: **Couplet (Rhyming):**
  102: Certainly! Here's a rhyming couplet that aligns with the idea of seeing a carrot and needing to grab it:
  103: Here’s a rhyming couplet with the given line:
  104: A golden green gleam in the dirt,
  105: He saw a carrot, but he had to grab it,
  106: Here's a rhyming couplet that matches your message:
  107: He saw a carrot and had to grasp it,
  108: He saw a carrot and had to grab it
  109: Certainly! Here's a rhyming couplet that matches the description:
  110: His hand grabbed a carrot with a grin,
  111: He saw a carrot, he'd catch it
  112: A rhyming couplet could be:
  113: He had a carrot
  114: **He saw a carrot on a mat,**
  115: His quick fingers outstretched, he caught the carrot by the end of a stick,
  116: A golden seed in the ground, a little green.
  117: The farmer's hands, tired and pale, cried out.
  118: Here is a rhyming couplet that follows the theme of the original statement:
  119: He kept going with a grin and a smile.
  120: He sat a carrot in his hand, he held it up for grace,
  121: But where's the grass that once bloomed green before?
  122: A rhyming couplet can be structured like this:
  123: By the bush at noon, he found it.
  124: In a field by a brook with a brook.
  125: With every step, he walked like a star.
  126: A red sun was shining like it was mine.
  127: He looked upon a carrot, swift as spring.
  128: He saw a carrot, and he ran,
  129: But not a single thing to eat.
  130: Here's a rhyming couplet in Chinese:
  131: He had his hand in the dirt, still with his hand.
  132: In a field where no one could be found.
  133: He saw a carrot on the grass,
  134: A leaf in the sun, no need to rest.
  135: And then came a mouse with a stick to play.
  136: **The Carrot's Adventure**
  137: He turned red, the day passed.
  138: Here is a rhyming couplet in Chinese, following the structure:
  139: With pride he stretched his hand and held.
  140: Certainly! Here's a rhyming couplet in Chinese:
  141: He saw a carrot and had to grab it
  142: Sure! Here's a rhyming couplet in traditional Chinese couplet style:
  143: And the ground beneath felt so green.
  144: He saw a carrot,
  145: Here's a rhyming couplet in Chinese that aligns with the imagery of a carrot being grabbed:
  146: A rhyming couplet could read as:
  147: A rhyming couplet could be:
  148: Here’s a rhyming couplet in English that matches the original imagery:
  149: The ground was so flat it ran the back.
  150: It was in the grass and in the meadow.
  151: A quick hop to catch the green one.
  152: The grass under his foot was so deep.
  153: Sure! Here's a rhyming couplet in Chinese:
  154: Here's a rhyming couplet that fits the original meaning:
  155: He saw a carrot,
  156: Sure! Here's a rhyming couplet that matches your line:
  157: **Couplet:**
  158: A rhyming couplet could read as:
  159: He watched the carrot grow in the field,
  160: **He saw a carrot, he grabbed it with a hand.**
  161: Here is a rhyming couplet in Chinese:
  162: He took the one with the red and white tip.
  163: With his hand it came in swift, it’s a gift.
  164: Here's a rhyming couplet in Chinese, following the original message:
  165: Here’s a rhyming couplet that captures the imagery of seeing a carrot and grabbing it:
  166: A rhyming couplet in the spirit of this line could go like this:
  167: **He saw a carrot and had to grab it,**
  168: He didn't eat it, he stole it.
  169: **The Rime of a Rose**
  170: With time to stay and stretch and hold up.
  171: He saw a carrot, then grasped him,
  172: Its short head bright and green, a little too full.
  173: He was so tired to be lost.
  174: **Couplet:**
  175: Here's a couplet in Chinese with a rhyme:
  176: His quick footstep took the carrot,
  177: He saw a carrot, a little green toy;
  178: A rhyming couplet could be:
  179: He saw a carrot,
  180: His hand outstretched toward his own.
  181: Certainly! Here's a rhyming couplet inspired by your line:
  182: Certainly! Here's a rhyming couplet that fits the idea:
  183: A rhyming couplet could go like this:
  184: And in the dirt, it twitched and groaned.
  185: Ah! Here's a rhyming couplet (a poetic pair):
  186: For the sun was so strong and he lost its light.
  187: Ah, a rhyming couplet for such a story! Let me put it to paper:
  188: Certainly! Here's a rhyming couplet in the style you requested:
  189: He saw a carrot, he grabbed it in hand,
  190: Sure! Here's a rhyming couplet for the poem:
  191: He saw a carrot and had to grasp it,
  192: A breeze caught its eye and danced it by.
  193: He saw a carrot in the field,
  194: Sure! Here's a rhyming couplet in Mandarin for your line:
  195: A couplet in the style of the Tang Dynasty would read something like this:
  196: With a paw he caught its light.
  197: He saw a carrot, and quick he grabbed,
  198: Then when it dropped to the floor, he had to sit.
  199: **He saw a carrot and had to grab it,**
  200: He saw a carrot on a stone,

FIRST LINE: The clouds are gray, the raindrops fall,
  001: A light breeze upon the shore,
  002: Sure, here's a rhyming couplet in the style you mentioned:
  003: A kiss from heaven, a smile on the face.
  004: Clouds are gray and raindrops fall,
  005: Sure! Here's a rhyming couplet in Chinese that fits your phrase:
  006: And when the light breaks, the sky is whole.
  007: A rhyming couplet could be:
  008: A rhyming couplet in Chinese:
  009: **The clouds are gray, the raindrops fall,**
  010: And the sky is quiet, the wind is slow.
  011: In a silver hymn they speak, soft and low.
  012: Sure! Here's a rhyming couplet in Chinese:
  013: The sea is clear, the sky is free.
  014: A rhyming couplet would go like this:
  015: Ah, I have a beautiful couplet here to match your description:
  016: Certainly! Here's a rhyming couplet in Chinese with a rhyme:
  017: Silent hymn sings the sky's tender vow.
  018: The clouds are gray,
  019: A rhyming couplet could be:
  020: Here's a rhyming couplet based on your line:
  021: A rhyming couplet would be something like:
  022: A rhyming couplet could go like this:
  023: Beneath the sky, they dance with dew,
  024: Clouds are gray, the raindrops fall,
  025: **The clouds are gray,**
  026: Certainly! Here's a rhyming couplet that fits the imagery:
  027: Certainly! Here's a rhyming couplet in Chinese with a similar spirit to the original:
  028: A rhyming couplet could be:
  029: A gentle breeze on the sky, and dreams are told.
  030: A rhyming couplet in the style of nature can be:
  031: Sure! Here's a rhyming couplet in the style of traditional Chinese rhyme:
  032: **Clouds**, the gray they dance,
  033: Clouds gently fall,
  034: Yes, here's a rhyming couplet that fits the lines you provided:
  035: Sure! Here's a rhyming couplet in traditional Chinese poetry form that matches the imagery you've provided:
  036: Ah, the clouds are gray, the raindrops fall,
  037: **The clouds are gray, the raindrops fall,**
  038: Certainly! Here's a rhyming couplet in English:
  039: Ah, here's a rhyming couplet in English that matches the given imagery:
  040: Clouds are gray,
  041: Here's a rhyming couplet inspired by your line:
  042: And softly we drift, where the sky is still.
  043: **The clouds are gray,** the raindrops fall,
  044: **A Rhyming Couplet:**
  045: A rhyming couplet could be:
  046: A rhyming couplet can be:
  047: A rhyming couplet could be:
  048: Sure! Here's a rhyming couplet in Chinese:
  049: A soft, trembling whisper it sings.
  050: Certainly! Here's a **rhyming couplet** with a poetic and rhythmic feel:
  051: A rhyming couplet with the provided lines could be:
  052: A whisper in the sky, a soft, soft breeze.
  053: Where laughter once lingered, the air was warm.
  054: A rhyming couplet can be:
  055: **The clouds are gray,**
  056: Clouds are gray and raindrops fall,
  057: And the sky stretches wide, a silent tale.
  058: Here's a rhyming couplet in Chinese, matching the provided line:
  059: A sky painted in blue with dew's soft light.
  060: Sure! Here's a couplet in rhyming:
  061: Certainly! Here's a rhyming couplet in Chinese:
  062: Sure! Here's a rhyming couplet that fits the given imagery:
  063: **A Rhyming Couplet:**
  064: **Couplet:**
  065: A rhyming couplet could go like this:
  066: Here is a rhyming couplet based on the original lines:
  067: The night winds howl, and I stand alone.
  068: Certainly! Here's a rhyming couplet in Chinese:
  069: Ah, the clouds are gray, the raindrops fall,
  070: A gentle breeze rustles the leaves around.
  071: A whispered prayer from heaven, a gentle stream.
  072: And a sigh is said in the night, a song of lonesome.
  073: The sky paints a soft sky in its low,
  074: **The clouds are gray, the raindrops fall,**
  075: A rhyming couplet can be written like this:
  076: Certainly! Here is a rhyming couplet in Chinese that captures the imagery you mentioned:
  077: Certainly! Here is a rhyming couplet in a poetic and elegant style:
  078: Certainly! Here's a rhyming couplet in Chinese:
  079: A rhyming couplet with the given lines could be:
  080: Here's a rhyming couplet in Chinese:
  081: Clouds gently float low,
  082: A rhyming couplet in Chinese:
  083: Certainly! Here's a rhyming couplet in the style of a traditional Chinese couplet:
  084: On a sky painted with quiet and low.
  085: A rhyming couplet could be:
  086: Sure! Here's a rhyming couplet in the style of a rhyme pair for the lines you provided:
  087: Ah, the clouds are gray, and the raindrops fall,
  088: Clouds are gray, the raindrops fall;
  089: Certainly! Here's a rhyming couplet in a classic poetic style:
  090: **A rhyming couplet:**
  091: Certainly! Here's a rhyming couplet that follows the theme of the clouds being gray and raindrops falling:
  092: Sure! Here's a rhyming couplet that fits the original theme of clouds being gray and rain falling:
  093: The sky breathes low in whispered song.
  094: Clouds are gray,
  095: A whisper in the sky's embrace.
  096: A rhyming couplet could read like this:
  097: **The clouds are gray,**
  098: The sky unfolds like a soft, dream-laden tale.
  099: Here's a rhyming couplet inspired by the lines you provided:
  100: The clouds are gray and the raindrops fall,
  101: A rhyming couplet could be something like:
  102: A rhyming couplet in Chinese could be:
  103: A rhyming couplet could be:
  104: A rhyming couplet in English could go like this:
  105: The clouds are gray, the raindrops fall.
  106: Sure! Here's a rhyming couplet that fits your theme:
  107: Clouds are gray, the raindrops fall,
  108: Certainly! Here's a rhyming couplet in Chinese:
  109: Certainly! Here's a rhyming couplet that adheres to your words:
  110: A rhyming couplet:
  111: Sure! Here's a rhyming couplet based on your prompt:
  112: The night is still, and the stars are free.
  113: A rhyming couplet could be:
  114: Here is a rhyming couplet based on the original lines:
  115: A rhyming couplet could be:
  116: A couplet rhyming:
  117: A melody softly flows, soft and low.
  118: A rhyming couplet could go like this:
  119: The sky is blue, the sun is bright
  120: Here's a rhyming couplet:
  121: A rhyming couplet with this theme could be:
  122: Here is a rhyming couplet in English, with the initial line being: **"The clouds are gray, the raindrops fall."**
  123: Certainly! Here's a rhyming couplet that captures the imagery of the described scene:
  124: Here is a rhyming couplet for the given lines:
  125: Certainly! Here's a rhyming couplet with the specified rhyme:
  126: A rhyming couplet could be:
  127: Certainly! Here's a rhyming couplet in Chinese:
  128: Certainly! Here's a rhyming couplet in Chinese for the lines:
  129: Certainly! Here's a rhyming couplet in Chinese:
  130: A symphony of silence and peace.
  131: A rhyming couplet in Chinese could be:
  132: Ah, the clouds are gray, the raindrops fall,
  133: Sure! Here's a rhyming couplet in Chinese:
  134: Ah, here's a rhyming couplet as requested:
  135: Here's a rhyming couplet based on your description:
  136: Sure! Here's a rhyming couplet in Chinese for your line:
  137: Certainly! Here's a rhyming couplet in **chinese** that matches your words:
  138: **A Rhyming Couplet:**
  139: Sure! Here's a rhyming couplet in English:
  140: A rhyming couplet could be:
  141: In soft wings the world they call a home.
  142: Certainly! Here's a rhyming couplet inspired by the imagery you provided:
  143: Certainly! Here's a rhyming couplet in Chinese:
  144: **Clouds gray, raindrops fall,**
  145: **The clouds are gray, the raindrops fall,**
  146: The sky is green and soft, the stars do play.
  147: Ah, you’ve asked for a **rhyming couplet**, here it is:
  148: The clouds are gray, the raindrops fall
  149: Certainly! Here's a couplet in rhyme:
  150: Yes, here's a rhyming couplet in the style you described:
  151: Sure! Here's a rhyming couplet based on your lines:
  152: **The clouds are gray, the raindrops fall,**
  153: The sky is dark, the moon rises bright.
  154: Silent in the quiet night's deep song.
  155: Clouds are gray, and raindrops fall,
  156: A rhyming couplet in traditional Chinese form (couplet) could be:
  157: Sure! Here's a rhyming couplet that matches the given imagery:
  158: A symphony of clouds, a melody in the air.
  159: A rhyming couplet would read:
  160: A rhyming couplet can be crafted like this:
  161: Here's a rhyming couplet that fits the description:
  162: Sure! Here's a rhyming couplet in Chinese:
  163: Sure! Here's a rhyming couplet in Chinese:
  164: A rhyming couplet like this:
  165: A rhyming couplet about the clouds and raindrops could be:
  166: Sure! Here's a rhyming couplet in Chinese:
  167: Here's a rhyming couplet in Chinese, following the provided structure:
  168: Here's a rhyming couplet that fits the imagery of clouds gray and raindrops falling:
  169: Sure! Here's a rhyming couplet in Chinese:
  170: A rhyming couplet could be:
  171: **Couplet by Poet:**
  172: Here is a rhyming couplet based on the provided lines:
  173: **The clouds are gray, the raindrops fall,**
  174: A rhyming couplet would go like this:
  175: Certainly! Here's a rhyming couplet in English:
  176: And the sky is blue where the breeze blows.
  177: **A Rhyming Couplet:**
  178: The clouds are gray and roll by,
  179: The sky is low, the heavens fall low
  180: Ah, the clouds are gray and the raindrops fall low,
  181: **The clouds are gray,**
  182: Certainly! Here's a rhyming couplet in Chinese:
  183: The sky is quiet, the world remains bold.
  184: A rhyming couplet with the provided lines could be:
  185: A rhyming couplet could be:
  186: And the sky’s a blanket to meet your day.
  187: A whispered breeze that bends through the low.
  188: A rhyming couplet could be:
  189: Here's a rhyming couplet based on your statement:
  190: A silver light weaves like a spell.
  191: Ah! Here's a rhyming couplet in Chinese:
  192: Sure! Here's a rhyming couplet in your requested style:
  193: Certainly! Here's a rhyming couplet based on your words:
  194: A rhyming couplet could be:
  195: A rhyming couplet with a simple and evocative image:
  196: Certainly! Here's a rhyming couplet in the style you requested:
  197: The moon is bright, the sky is clear.
  198: **The clouds are gray,**
  199: Certainly! Here's a rhyming couplet in Chinese:
  200: A rhyming couplet can be composed as follows:

FIRST LINE: The clouds are gray, the raindrops drop,
  001: Certainly! Here's a rhyming couplet in Chinese:
  002: Certainly! Here's a rhyming couplet in Chinese with a poetic and rhythmic flow:
  003: A rhyming couplet could go like this:
  004: Certainly! Here's a rhyming couplet in Chinese with the theme of the gray clouds and raindrops:
  005: Here's a rhyming couplet based on your lines:
  006: A rhyming couplet that captures the image of a cloudless sky and falling rain would be:
  007: Sure! Here's a rhyming couplet based on your poetic inspiration:
  008: **Couplet Rhyming:**
  009: Clouds are gray, and the raindrops fall.
  010: A rhyming couplet could go something like this:
  011: A rhyming couplet could go like this:
  012: The clouds are gray, the raindrops fall,
  013: A song of sorrow and joy, in this world.
  014: Certainly! Here's a rhyming couplet in Chinese for your description:
  015: The sky is dim, the breeze carries on.
  016: Clouds gray,
  017: The sky opens a door, and peace does not hold.
  018: Sure! Here's a rhyming couplet based on the lines you provided:
  019: Certainly! Here's a rhyming couplet in Chinese:
  020: **The clouds are gray, the raindrops drop,**
  021: The clouds are gray,
  022: **The Clouds Are Gray,**
  023: When two lines are rhymed and form a poetic couplet:
  024: A gentle touch, soft like a lullaby.
  025: A rhyming couplet in the style of the poem:
  026: Sure! Here's a rhyming couplet in Chinese with the given lines:
  027: The clouds are gray and the raindrops drop,
  028: **The clouds are gray, the raindrops drop,**
  029: Certainly! Here's a rhyming couplet in Chinese, written to match your description:
  030: Certainly! Here's a rhyming couplet in Chinese:
  031: Here's a rhyming couplet in Chinese, maintaining the rhyme scheme and imagery:
  032: A rhyming couplet could go like this:
  033: Here's a rhyming couplet that fits your request:
  034: Here is a rhyming couplet in the style of the original request, with a rhyme scheme and rhythm appropriate for the given imagery:
  035: Clouds are gray, and the raindrops drop,
  036: Certainly! Here's a rhyming couplet in Chinese, as per your request:
  037: Here's a rhyming couplet in Chinese, based on your provided lines:
  038: A rhyming couplet could go like this:
  039: A gentle touch on the cheek, a warm rhyme.
  040: A rhyme couplet can be:
  041: A rhyming couplet could go like this:
  042: Ah, the clouds are gray, the raindrops drop,
  043: **The Clouds are gray,**
  044: A rhyming couplet could be:
  045: And soon the day shall be gone by,
  046: A rhyming couplet could go like this:
  047: Sure! Here's a rhyming couplet in **Chinese**:
  048: Certainly! Here's a rhyming couplet in English that fits your description:
  049: Certainly! Here's a rhyming couplet that matches your description:
  050: Here's a rhyming couplet in classical Chinese, capturing the imagery of clouds and rain in a lyrical and rhythmic style:
  051: Here's a rhyming couplet with your lines:
  052: Sure! Here's a rhyming couplet in the style of the original, keeping the same imagery and rhythm:
  053: The clouds are gray and heavy,
  054: Certainly! Here's a rhyming couplet in English:
  055: Clouds are gray, the raindrops fall,
  056: Clouds gently dance like gentle ripples,
  057: A couplet in classical Chinese would read:
  058: The wind howls and dances, and the world turns.
  059: A rhyming couplet in Chinese could be:
  060: Clouds gather like ink, the raindrops fall down,
  061: The clouds are gray, and the raindrops drop,
  062: The clouds are gray, and the raindrops fall,
  063: A rhyming couplet might go something like this:
  064: A rhyming couplet in classic Chinese format (the style of **li poetry**, which follows a traditional rhyme scheme of 2 lines with the same rhyme in the second and third positions) could be:
  065: A gentle kiss on the earth, a soft day.
  066: A rhyming couplet in couplet form, using the words:
  067: A rhyming couplet can be written as:
  068: Certainly! Here's a rhyming couplet:
  069: **The clouds are gray, the raindrops drop,**
  070: The clouds are gray, and the raindrops fall
  071: Sure! Here's a rhyming couplet in Chinese for your lines:
  072: Soft kiss on me and on the ground they meet.
  073: Here's a rhyming couplet in Chinese that captures the image:
  074: Certainly! Here's a rhyming couplet in Chinese:
  075: Sure! Here's a rhyming couplet in the style you requested:
  076: A rhyming couplet can be:
  077: Certainly! Here's a rhyming couplet in Chinese:
  078: Certainly! Here's a rhyming couplet in Chinese (with a line added):
  079: Certainly! Here's a rhyming couplet in Chinese:
  080: A rhyming couplet would be something like:
  081: The sky is low, the sun casts off.
  082: Certainly! Here is a rhyming couplet inspired by your statement:
  083: A rhyming couplet could go like this:
  084: Clouds are gray, the raindrops fall,
  085: Here's a rhyming couplet in Chinese:
  086: The clouds are gray,
  087: A rhyming couplet could be:
  088: Clouds are gray,
  089: The clouds are gray and the raindrops drop,
  090: Clouds drift away, the raindrops follow,
  091: Sure! Here's a rhyming couplet in the style of a traditional Chinese couplet:
  092: A rhyming couplet could be:
  093: A rhyme-synchronized couplet can be created like this:
  094: Clouds are gray, the raindrops drop,
  095: Certainly! Here's a rhyming couplet in a poetic style that fits your description:
  096: Ah, a beautiful rhyming couplet. Here's a version that captures both the imagery and the rhyme:
  097: **Couplet of Rainy Days**
  098: The sky turns white on your soft o'er,
  099: Here's a rhyming couplet in Chinese that follows your lines:
  100: Certainly! Here's a rhyming couplet in classical Chinese:
  101: A lullaby of light, a sweet promise.
  102: Here's a rhyming couplet in the style of your request:
  103: A rhyming couplet could be:
  104: **The clouds are gray,**
  105: Sure! Here's a rhyming couplet based on the given lines:
  106: A rhyming couplet would be something like:
  107: Certainly! Here's a rhyming couplet that fits your description:
  108: Here’s a rhyming couplet in Chinese:
  109: A rhyming couplet with the given lines could be:
  110: **Clouds are gray, the raindrops drop**,
  111: The clouds are gray,
  112: Here's a rhyming couplet in the style of Chinese poetry:
  113: A rhyming couplet in English could be:
  114: Certainly! Here's a rhyming couplet in Chinese:
  115: Here's a rhyming couplet that fits the provided lines:
  116: Yes, here's a rhyming couplet in Chinese:
  117: A rhyming couplet could read as:
  118: Certainly! Here's a rhyming couplet in Chinese:
  119: Here is a rhyming couplet in Chinese:
  120: **Couplet (Rhyme: **"Gray clouds, raindrops fall," **":**)
  121: Clouds gently drift in,
  122: Certainly! Here's a rhyming couplet in Chinese, in the style of a rhyme:
  123: A rhyming couplet could read as:
  124: Sure! Here's a rhyming couplet in **Tang Dynasty-style**:
  125: **The clouds are gray,**
  126: **A Rhyming Couplet:**
  127: Here's a rhyming couplet:
  128: Certainly! Here's a rhyming couplet in traditional Chinese poetic form:
  129: Sure! Here's a rhyming couplet in Chinese:
  130: The clouds are gray, the raindrops fall,
  131: A silver thread of light on a green field.
  132: Certainly! Here's a rhyming couplet in the style you requested:
  133: Sure! Here's a rhyming couplet based on the imagery you provided:
  134: A rhyming couplet can be:
  135: The clouds are gray, the raindrops fall,
  136: A gentle melody on the land, and the moon.
  137: Sure, here's a rhyming couplet in English:
  138: **The clouds are gray,**
  139: Ah, the couplet is:
  140: I see only your eyes, so much blue.
  141: Certainly! Here's a rhyming couplet in a poetic style:
  142: A rhyming couplet can be created like this:
  143: Certainly! Here's a rhyming couplet in the style of your original prompt:
  144: Here’s a rhyming couplet that adheres to the imagery:
  145: Ah, as your poem seems inspired, here's a rhyming couplet for you:
  146: Here's a rhyming couplet in the style of the original:
  147: A rhyming couplet could go like this:
  148: **RHYMING COUPLET:**
  149: Here's a rhyming couplet based on the given lines:
  150: Certainly! Here's a rhyming couplet in Chinese:
  151: Certainly! Here's a rhyming couplet in Chinese:
  152: Sure! Here's a couplet in rhyming English:
  153: A rhyming couplet might go like this:
  154: Sure! Here's a rhyming couplet in **Tibetan** style, capturing the imagery of clouds being gray and the raindrops falling in a gentle way:
  155: A rhyming couplet could be:
  156: Certainly! Here's a rhyming couplet in Chinese:
  157: And on this hill you'll find my way.
  158: A rhyming couplet could be:
  159: **The clouds are gray, the raindrops drop,**
  160: The breeze carries the light and the low.
  161: Here's a rhyming couplet in Chinese:
  162: And the sky seems to say — it’s not quite there.
  163: The clouds are gray and the raindrops fall,
  164: Certainly! Here's a rhyming couplet in Chinese, capturing the imagery of clouds and rain:
  165: When I was young, the clouds were gray, and the raindrops down,
  166: A rhyming couplet can be written as:
  167: **The clouds are gray, the raindrops drop,**
  168: **The clouds are gray, the raindrops drop,**
  169: Certainly! Here's a rhyming couplet in Chinese:
  170: Clouds dance gray, the raindrops fall down
  171: Where peace is found in the quiet of the blue.
  172: A rhyming couplet in Chinese might look like:
  173: A rhyming couplet could go like this:
  174: And the earth beneath lies silent,
  175: A rhyming couplet in classical style:
  176: Certainly! Here's a rhyming couplet in Chinese:
  177: Certainly! Here's a rhyming couplet in Chinese:
  178: Here's a rhyming couplet that matches the provided elements:
  179: Here's a rhyming couplet in Chinese (since you mentioned a rhyming couplet, not a translation to Chinese, but you mentioned Chinese context):
  180: Here’s a rhyming couplet based on the line:
  181: The morning bright, and the sky full of love.
  182: A gentle sigh in the breeze,
  183: Clouds like gray,
  184: Certainly! Here's a rhyming couplet in the style you mentioned:
  185: A rhyming couplet could be:
  186: Beneath the sky in a silver hue.
  187: A quiet melody on the river’s shore.
  188: Certainly! Here's a rhyming couplet that fits the given theme:
  189: Shinny lights in heaven, the stars dance long.
  190: A song of the sky and the earth.
  191: So a gentle dance, they play with the shore.
  192: And the moon, if it shines at night, is bright and old.
  193: The moonlight shines like silver,
  194: Moonlight paints the sky in silver.
  195: Certainly! Here's a rhyming couplet in a poetic, elegant style:
  196: Here is a rhyming couplet that fits the provided line:
  197: Ah, the clouds are gray, the raindrops drop;
  198: Certainly! Here's a rhyming couplet with a traditional Chinese style:
  199: The clouds are gray,
  200: Sure! Here is a rhyming couplet that fits your lines:

FIRST LINE: The clouds are gray, the raindrops plunge,
  001: A rhyming couplet in Chinese could be:
  002: **Couplet (A Rhyming Couplet):**
  003: Here's a rhyming couplet that fits your lines:
  004: A rhyming couplet can be written like this:
  005: Certainly! Here's a rhyming couplet in Chinese for the given lines:
  006: A rhyming couplet that fits the imagery of the clouds being gray and the raindrops plunging:
  007: Sure, here is a rhyming couplet in classical Chinese:
  008: A rhyming couplet about the gray clouds and raindrops could be:
  009: **The clouds are gray, the raindrops plunge,**
  010: A rhyming couplet in Chinese could be:
  011: A rhyming couplet in Chinese could be:
  012: A rhyming couplet:
  013: Certainly! Here's a rhyming couplet in the style you specified:
  014: A rhyming couplet in Chinese could be:
  015: **The clouds are gray, the raindrops plunge,**
  016: Whispering secrets, the sky is bold.
  017: **The clouds are gray, the raindrops plunge,**
  018: Certainly! Here's a rhyming couplet in Chinese:
  019: The sky's painted with light and grace
  020: Sure! Here's a rhyming couplet in the style of a classic couplet:
  021: **Couplet:**
  022: Certainly! Here's a rhyming couplet in Chinese:
  023: And time is lost with each drop that falls.
  024: **The clouds rise, the rain falls down,**
  025: Certainly! Here's a rhyming couplet in **chinese** with the lines you provided:
  026: Certainly! Here's a rhyming couplet in Chinese:
  027: Certainly! Here's a rhyming couplet in the style you requested:
  028: Sure! Here's a rhyming couplet inspired by the lines you provided:
  029: A rhyming couplet could be:
  030: Sure, here's a rhyming couplet in Chinese, maintaining the original imagery of the clouds and raindrops:
  031: A rhyming couplet in two lines could be:
  032: A rhyming couplet about the clouds and rain can go like this:
  033: Here’s a rhyming couplet in a poetic style, maintaining the original tone and imagery:
  034: The clouds are gray and the raindrops plunge,
  035: **The clouds are gray, the raindrops plunge,
  036: Ah, this is a rhyme pair! Here's a rhyming couplet you can use:
  037: A gentle song they play on this blue, and the moon does turn.
  038: A rhyming couplet in Chinese could be:
  039: A couplet:
  040: A rhyming couplet could go like this:
  041: A rhyming couplet can be written as:
  042: A rhyming couplet with the lines you provided could be:
  043: The night has quiet, the world is won.
  044: **Couplet (Rhyming):**
  045: A rhyming couplet could be:
  046: Here's a rhyming couplet that fits the provided theme:
  047: A rhyming couplet could be:
  048: A rhyming couplet in Chinese could be:
  049: Yes, here's a rhyming couplet for you:
  050: The skies are low and clear, the rain falls long.
  051: Certainly! Here's a rhyming couplet that matches your description:
  052: A rhyming couplet could be something like:
  053: Ah, this is a lovely rhyming couplet! Here’s a beautifully crafted one:
  054: Sure! Here's a rhyming couplet in the style you mentioned:
  055: The clouds rise like ghosts in the sky,
  056: Here's a rhyming couplet in the style you described:
  057: The clouds are gray, and the raindrops plunge,
  058: Here's a rhyming couplet that fits the lines you provided:
  059: **The clouds are gray, the raindrops plunge,**
  060: A couplet could go something like this:
  061: Certainly! Here's a couplet in a rhyming couplet format that adheres to your request:
  062: A rhyming couplet in the style of ancient Chinese poetry could be:
  063: Certainly! Here's a rhyming couplet in Chinese with a natural flow:
  064: Clouds are gray, the raindrops plunge,
  065: A rhyming couplet in English could be:
  066: **Couplet:**
  067: **The clouds are gray,** the raindrops plunge.
  068: Clouds are soft,
  069: Sure! Here's a rhyming couplet that captures the imagery you described:
  070: A rhyming couplet in Chinese could be:
  071: Sure, here's a rhyming couplet in English:
  072: Certainly! Here's a rhyming couplet in Chinese for the line:
  073: A rhyming couplet in the style of a traditional Chinese couplet could be:
  074: Certainly! Here's a rhyming couplet in the style you requested:
  075: A rhyming couplet could go like this:
  076: The clouds are gray and the raindrops plunge,
  077: A rhyming couplet could go like this:
  078: Certainly! Here's a rhyming couplet in Chinese for you:
  079: Certainly! Here's a rhyming couplet in Chinese:
  080: A rhyming couplet could be:
  081: Here is a rhyming couplet for your phrase:
  082: A rhyming couplet could be:
  083: A rhyming couplet with the lines you provided:
  084: Clouds dance in gray and raindrops fall softly,
  085: Certainly! Here's a rhyming couplet in the style you requested:
  086: Clouds are gray,
  087: Certainly! Here's a rhyming couplet in the style you requested:
  088: A quiet dance in the sky, no sound to show.
  089: A melody weaves through my dreams in soft flow.
  090: Here's a rhyming couplet in Chinese, blending your lines with a flowing rhythm:
  091: **Couplet:**
  092: A rhyming couplet can be created as follows:
  093: A rhyming couplet would go like this:
  094: A rhyming couplet could be:
  095: A rhyming couplet could be:
  096: Ah, here's a rhyming couplet that follows your prompt:
  097: Certainly! Here's a couplet in a rhyming style:
  098: A couplet that rhymes and maintains rhythmic flow:
  099: A rhyming couplet like:
  100: **Climb high to meet the storm,**
  101: **A rhyming couplet (in the style of a traditional Chinese couplet):**
  102: Sure! Here's a rhyming couplet in the style you mentioned:
  103: A rhyming couplet could be:
  104: A rhyming couplet could be:
  105: Here is a rhyming couplet in the style you specified:
  106: Sure! Here's a rhyming couplet in the style of a traditional couplet (or couplet):
  107: Clouds are gray,
  108: Sure, here's a rhyming couplet that matches your theme of the clouds being gray and the raindrops falling:
  109: A rhyming couplet:
  110: Here's a rhyming couplet in Chinese with the required imagery:
  111: A rhyming couplet with this theme might be:
  112: A rhyming couplet with the lines:
  113: A rhyming couplet could go like this:
  114: Here is a rhyming couplet inspired by the given lines:
  115: A rhyming couplet can be:
  116: Here is a rhyming couplet based on your phrase:
  117: **Couplet in the style of a poet**:
  118: Certainly! Here's a rhyming couplet in English:
  119: **Couplet:**
  120: Sure, here's a rhyming couplet based on the description:
  121: A rhyming couplet could be:
  122: A rhyming couplet can be written as:
  123: Sure! Here's a rhyming couplet in English for the imagery you mentioned:
  124: Ah, the clouds are gray, the raindrops plunge
  125: **The clouds are gray,**
  126: A rhyming couplet could read like this:
  127: Here is a rhyming couplet in Chinese with matching lines for the you-provided lines:
  128: **The clouds are gray,**
  129: **Couplet:**
  130: A rhyming couplet would read like this:
  131: Sure! Here's a rhyming couplet that fits the rhythm and imagery you've provided:
  132: Here is a rhyming couplet based on your description:
  133: Sure! Here's a rhyming couplet in the style of a traditional Chinese poem:
  134: Certainly! Here's a rhyming couplet based on the given lines:
  135: **Couplet Rhyming in a Traditional Style:**
  136: Sure! Here's a rhyming couplet inspired by your original lines:
  137: **The clouds are gray,**
  138: Sure! Here's a rhyming couplet in Chinese:
  139: **The clouds are gray, the raindrops plunge,**
  140: Sure! Here's a rhyming couplet in Chinese:
  141: Sure! Here's a rhyming couplet in English:
  142: Here’s a rhyming couplet in Chinese:
  143: Here's a rhyming couplet in Chinese:
  144: **The clouds are gray,**
  145: Clouds are gray, and the raindrops plunge down,
  146: Yes, here's a rhyming couplet that follows your idea of the clouds as gray and raindrops as plunging:
  147: Certainly! Here's a rhyming couplet that fits the imagery you provided:
  148: **Couplet:**
  149: Certainly! Here's a rhyming couplet in the style of a classic couplet:
  150: Ah, the clouds are gray, the raindrops plunge down,
  151: A rhyming couplet for the lines:
  152: **The clouds are gray,**
  153: A rhyming couplet could be:
  154: **Couplet** (Rhyming Couplets)
  155: Here's a rhyming couplet based on your lines:
  156: Certainly! Here's a couplet in rhyming form that fits the imagery you described:
  157: The sky opens with a blue, the wind blows low.
  158: A rhyming couplet could be:
  159: A rhyme couplet can be written as:
  160: A rhyming couplet could be:
  161: A rhyming couplet could go like this:
  162: Here's a rhyming couplet in English:
  163: A rhyming couplet could be:
  164: Ah, you're asking for a rhyming couplet in Chinese! Here's one based on your lines:
  165: Sure! Here's a rhyming couplet in Chinese:
  166: Sure, here's a rhyming couplet in Chinese:
  167: Sure! Here's a rhyming couplet in Chinese:
  168: Clouds are gray,
  169: Sure! Here's a rhyming couplet:
  170: **The clouds are gray, the raindrops plunge,**
  171: A rhyming couplet:
  172: A rhyming couplet could be:
  173: A rhyming couplet about the clouds and raindrops could go like this:
  174: A rhyming couplet in English could be:
  175: A rhyming couplet could be:
  176: **A rhyming couplet for your prompt:**
  177: Sure! Here's a rhyming couplet in Chinese for the original lines:
  178: The clouds are gray,
  179: A rhyming couplet in English could be:
  180: Certainly! Here's a rhyming couplet in Chinese:
  181: A rhyming couplet based on the given lines could be:
  182: Certainly! Here's a rhyming couplet in line with your theme:
  183: A rhyming couplet could read as:
  184: Sure! Here's a rhyming couplet based on your theme:
  185: A rhyming couplet could read as:
  186: A rhyming couplet could read as:
  187: **The clouds are gray, the raindrops plunge,**
  188: And soon the night will turn to gold.
  189: Certainly! Here's a rhyming couplet in the style of a traditional Chinese couplet:
  190: Here's a rhyming couplet that matches the given lines:
  191: **The clouds are gray, the raindrops plunge,**
  192: A rhyming couplet could be:
  193: **The Clouds Are Gray,**
  194: A rhyming couplet in Chinese with the given lines could be:
  195: A rhyming couplet could read as:
  196: A rhyming couplet with the lines you provided could go something like this:
  197: Sure! Here's a rhyming couplet in Chinese:
  198: Clouds are gray,
  199: A rhyming couplet could go like this:
  200: Sure! Here's a rhyming couplet that matches your lines:

FIRST LINE: The clouds are gray, the raindrops tumble,
  001: The sky is a deep sky with gentle rain,
  002: Certainly! Here's a rhyming couplet:
  003: Sure! Here's a rhyming couplet in Chinese for your line:
  004: Clouds are gray and rains fall,
  005: A rhyming couplet in the style of Chinese poetic style (yujing) might go something like this:
  006: **A Rhyming Couplety:**
  007: Here is a rhyming couplet in the style you requested:
  008: A rhyming couplet:
  009: In the sky where dreams are born, a lullaby dreams.
  010: A rhyming couplet in classical Chinese, with the provided lines:
  011: **A Rhyming Couplet:**
  012: A rhyme couplet could read like this:
  013: **The clouds are gray,**
  014: Ah, a rhyming couplet like yours... here's a version:
  015: Sure! Here's a rhyming couplet in a poetic style:
  016: The clouds are gray, the raindrops tumble
  017: Certainly! Here's a rhyming couplet in **Chinese**:
  018: A rhyming couplet:
  019: Here is a rhyming couplet in the style of Chinese poetry, adhering to traditional Chinese couplet structure and rhythm:
  020: And in their cascade, life finds its way
  021: A rhyming couplet like your original text can be:
  022: Like ink drifting on morning’s sigh.
  023: A rhyming couplet with your theme could be:
  024: A rhyming couplet in Chinese could be:
  025: **The clouds are gray, the raindrops tumble,**
  026: The clouds are gray, the raindrops tumble;
  027: Certainly! Here's a rhyming couplet in a poetic and classic style:
  028: A silver kiss on the sky’s face.
  029: Sure! Here's a rhyming couplet in Chinese:
  030: Here’s a rhyming couplet in Chinese:
  031: A rhyming couplet in Chinese could be:
  032: Certainly! Here's a rhyming couplet based on the lines you provided:
  033: A rhyming couplet can be:
  034: Sure! Here is a rhyming couplet in Chinese:
  035: **The clouds are gray, the raindrops tumble,
  036: Here is a rhyming couplet with the given imagery:
  037: Sure! Here's a rhyming couplet in Chinese:
  038: A rhyming couplet with the lines you provided:
  039: The world is dim, the dusk takes flight,
  040: Certainly! Here's a rhyming couplet that fits the original description:
  041: Sure! Here's a rhyming couplet in Chinese:
  042: Certainly! Here's a rhyming couplet in Chinese:
  043: Certainly! Here's a rhyming couplet in English that follows the imagery you've provided:
  044: Here's a rhyming couplet that adheres to the rhythm and rhyme you provided:
  045: Certainly! Here's a rhyming couplet in Chinese for your line:
  046: **Clouds above gray, raindrops fall low,**
  047: **To the Rain**
  048: A rhyming couplet could be:
  049: A whisper from the sky, gentle and thin.
  050: **The clouds are gray, the raindrops tumble,**
  051: A rhyming couplet could be:
  052: A rhyming couplet would go like this:
  053: Sure, here's a rhyming couplet in Chinese that fits the provided lines:
  054: Sure! Here's a rhyming couplet in a traditional Chinese style, keeping the essence of the original lines:
  055: A rhyming couplet:
  056: A rhyming couplet:
  057: Sure! Here's a rhyming couplet in Chinese for the original lines:
  058: Sure! Here's a rhyming couplet in Chinese:
  059: A rhyming couplet can be crafted like this:
  060: Here's a rhyming couplet in Chinese:
  061: Sure! Here's a rhyming couplet inspired by your original lines:
  062: The sky is quiet, and the breeze is mild
  063: **The Clouds are gray, the Raindrops tumble,**
  064: A rhyming couplet could be:
  065: Certainly! Here's a rhyming couplet that fits the imagery of clouds as gray and raindrops as tumble, with a poetic touch:
  066: And the sky’s a blank page, where dreams do swim.
  067: A rhyming couplet for the given line could be:
  068: Ah, a beautiful thought! If you're looking for a rhyming couplet with "The clouds are gray, the raindrops tumble," here's one:
  069: Here is a rhyming couplet that fits the theme of the clouds and rain:
  070: A rhyming couplet in the style of Chinese poetry could be:
  071: Here’s a rhyming couplet in Chinese:
  072: Here's a rhyming couplet based on your lines:
  073: Here's a rhyming couplet in English:
  074: Ah, you've asked for a rhyming couplet! Let me craft a fitting couplet in a playful and rhythmic way.
  075: Here is a rhyming couplet in the style you've requested:
  076: A rhyming couplet could read as:
  077: **Couplet:**
  078: A rhyming couplet in Chinese could be:
  079: **The clouds are gray, the raindrops tumble,**
  080: Sure! Here's a rhyming couplet that matches your poetic imagery:
  081: A rhyming couplet could be:
  082: Here’s a rhyming couplet with your words:
  083: The sky stretches, and silence dreams.
  084: Here’s a rhyming couplet in the style you described:
  085: A rhyming couplet can be written as:
  086: Certainly! Here's a rhyming couplet in Chinese:
  087: Here is a rhyming couplet in the requested style:
  088: Clouds are gray, raindrops tumble,
  089: Here’s a rhyming couplet that fits your theme:
  090: **The clouds are gray, the raindrops tumble,**
  091: Shower of sky where the earth is undone.
  092: Here's a rhyming couplet that matches the image of gray skies and raindrops:
  093: Sure! Here's a rhyming couplet in Chinese with the given rhyme scheme:
  094: A rhyme couplet could read:
  095: **Couplet:**
  096: The clouds are gray, the raindrops tumble
  097: Certainly! Here's a rhyming couplet in English:
  098: Certainly! Here's a rhyming couplet in Chinese that follows the pattern you provided:
  099: Here is a rhyming couplet in Chinese:
  100: Certainly! Here's a rhyming couplet that fits your lines:
  101: **A Rhyming Couplet:**
  102: Sure! Here's a rhyming couplet in the style you've described:
  103: Certainly! Here's a rhyming couplet in Chinese:
  104: A sky below a world of gray.
  105: Sure! Here's a rhyming couplet that fits the original imagery:
  106: A rhyming couplet could be:
  107: Here's a rhyming couplet that fits the imagery of the clouds being gray and the raindrops falling gently:
  108: Here's a rhyming couplet in Chinese, maintaining the poetic elements of rhyme and imagery:
  109: Sure! Here's a rhyming couplet with the given lines:
  110: A rhyming couplet could be something like this:
  111: A rhyming couplet:
  112: Certainly! Here's a rhyming couplet in the style you described:
  113: The sky is gray, the moon is bright.
  114: A rhyming couplet in Chinese could read as:
  115: A rhyming couplet in the style you described could be:
  116: Certainly! Here's a rhyming couplet in a poetic style:
  117: The sky smiles gently and softly on.
  118: Moonlight breaks through the blue, casting its glow.
  119: A tale of clouds and a sky they'll keep
  120: A rhyming couplet could be:
  121: Certainly! Here's a rhyming couplet in Chinese:
  122: Certainly! Here's a rhyming couplet in Chinese for your lines:
  123: Certainly! Here's a rhyming couplet that fits the lines you provided:
  124: Sure! Here's a rhyming couplet:
  125: Sure! Here's a rhyming couplet in a poetic and rhythmic style:
  126: Certainly! Here's a rhyming couplet in a traditional Chinese setting:
  127: Here's a rhyming couplet in Chinese:
  128: **Couplet:**
  129: The world is still, the moon is low.
  130: Certainly! Here's a rhyming couplet in the style you provided:
  131: A rhyming couplet about the skies and clouds could be:
  132: Ah, you've gifted me a perfect couplet to rhyme with "The clouds are gray, the raindrops tumble," as if it's part of a larger poem or couplet!
  133: Certainly! Here is a rhyming couplet in the style of Chinese classic poetry:
  134: Sure! Here is a rhyming couplet in Chinese that fits the line you provided:
  135: Here's a rhyming couplet in Chinese, adhering to the style of traditional couplets with a touch of modern poetic flair:
  136: The sky breathes low with a song, and dreams are near.
  137: A rhyming couplet in English could be:
  138: **The clouds are gray, the raindrops tumble,**
  139: Certainly! Here's a rhyming couplet in Chinese:
  140: A rhyming couplet in the style of this theme could go like this:
  141: A gentle sigh, light in flight, they play.
  142: Sure! Here's a rhyming couplet in the style of Chinese poetry or classical Chinese:
  143: Sure! Here's a rhyming couplet in the style you requested:
  144: Certainly! Here's a rhyming couplet in the style of a traditional Chinese couplet, with the lines you provided as inspiration:
  145: Certainly! Here's a rhyming couplet based on your prompt:
  146: Sure! Here's a rhyming couplet inspired by the lines you provided:
  147: **The clouds are gray,** the raindrops tumble,
  148: **Couplet:**
  149: Here is a rhyming couplet in Chinese:
  150: The sky is low, the moon is high,
  151: The clouds are gray, and the raindrops tumble,
  152: Beneath the sky’s breath, they dance the way.
  153: Sure! Here's a rhyming couplet in Chinese:
  154: Sure! Here's a rhyming couplet in Chinese:
  155: A rhyming couplet in Chinese could be:
  156: Certainly! Here is a rhyming couplet in Chinese, keeping the original imagery:
  157: Certainly! Here's a rhyming couplet in Chinese, using your original lines:
  158: A rhyming couplet inspired by the original line:
  159: **The clouds are gray, the raindrops tumble,**
  160: The wind howls in the night, the sky awakens.
  161: A rhyming couplet can be written as:
  162: Ah! Here's a rhyming couplet in a poetic form that mirrors your line:
  163: A rhyme couplet could be:
  164: Sure! Here's a rhyming couplet that matches your imagery:
  165: **The clouds are gray, the raindrops tumble,**
  166: Certainly! Here's a rhyming couplet in English:
  167: Sure! Here's a rhyming couplet in Chinese:
  168: Certainly! Here is a rhyming couplet in Chinese that fits your request:
  169: **A rhyming couplet:**
  170: A rhyming couplet in the style you described could be:
  171: Clouds roll like gray giants,
  172: The clouds are gray, the raindrops tumble
  173: Certainly! Here's a rhyming couplet in Chinese:
  174: Sure, here's a rhyming couplet in Chinese, capturing the imagery of clouds and raindrops:
  175: A rhyming couplet could be:
  176: Certainly! Here is a rhyming couplet based on your description:
  177: A rhyming couplet could be:
  178: Here’s a rhyming couplet inspired by the imagery in the query:
  179: Certainly! Here's a rhyming couplet based on the image:
  180: Sure! Here's a rhyming couplet in English:
  181: Here's a rhyming couplet in the style of the original:
  182: Certainly! Here's a rhyming couplet that matches your lines:
  183: Certainly! Here's a rhyming couplet in Chinese, based on the given lines:
  184: Certainly! Here's a rhyming couplet in Chinese:
  185: **A Rhyming Couplet**:
  186: And whispers dance, the earth breathes,
  187: Where whispers dance and skies are bright.
  188: While dew glistens on the grass, and the skies are bright.
  189: **The clouds are gray, the raindrops tumble,**
  190: Certainly! Here's a rhyming couplet in English:
  191: Certainly! Here's a rhyming couplet in a poetic style:
  192: A rhyming couplet can be:
  193: Sure! Here's a rhyming couplet in a traditional Chinese style with a flowing rhythm and emotional resonance:
  194: Here is a rhyming couplet that matches the image you described:
  195: A rhyming couplet could go like this:
  196: A rhyming couplet could be:
  197: Certainly! Here's a rhyming couplet in English:
  198: Here is a rhyming couplet in Chinese, based on the theme of clouds and raindrops, capturing a serene and poetic atmosphere:
  199: A rhyming couplet in a classic Chinese poetic style could be:
  200: Here’s a **rhyming couplet** in English that fits your line:

FIRST LINE: The clouds are gray, the raindrops sink,
  001: Clouds blanket the sky with gray and gray
  002: Sure! Here's a rhyming couplet in the style of Chinese poetry:
  003: Certainly! Here is a rhyming couplet in Chinese, following your example:
  004: The clouds are gray and fall so low,
  005: The clouds are gray, the raindrops sink
  006: A rhyming couplet can be:
  007: A rhyming couplet could be:
  008: **The Clouds are gray, the raindrops sink,**
  009: A rhyming couplet could go like this:
  010: A rhyming couplet could be:
  011: A rhyming couplet could be:
  012: Sure, here's a rhyming couplet in a traditional Chinese poetic style:
  013: Here is a rhyming couplet in the style you requested:
  014: The world seems small, it is calm, and it’s fine.
  015: A rhyming couplet could be:
  016: A rhyming couplet can be written like this:
  017: A rhyming couplet could read:
  018: Certainly! Here's a rhyming couplet that follows your theme:
  019: Certainly! Here's a rhyming couplet with your line:
  020: A soft breeze breathes through their plain sky.
  021: Sure! Here's a rhyming couplet in the style you specified:
  022: The clouds are gray and the raindrops sink,
  023: A rhyming couplet could be:
  024: Certainly! Here's a rhyming couplet in English:
  025: A rhyming couplet in Chinese is often composed of two stanzas, each consisting of four lines. The lines are meant to rhyme in pairs. Here is a rhyming couplet that uses the given lines:
  026: Clouds gently drift in,
  027: **The clouds are gray, the raindrops sink,**
  028: A rhyming couplet could be:
  029: The clouds are gray,
  030: A rhyming couplet can be:
  031: **Couplet:**
  032: Certainly! Here's a rhyming couplet in Chinese:
  033: A rhyming couplet would read:
  034: Ah, the clouds are gray, the raindrops sink,
  035: The sky breathes light with gentle rain.
  036: Clouds roll in the sky, the raindrops gently descend,
  037: Sure! Here's a rhyming couplet that fits your line:
  038: Sure, here's a couplet with a rhyming rhyme, keeping the original lines concise and rhythmic:
  039: The sky paints its gold with time, and night finds.
  040: Sure! Here's a rhyming couplet in the style of Chinese traditional poetry:
  041: Yes, here's a rhyming couplet in the style of the original:
  042: The clouds are gray,
  043: **The clouds are gray, the raindrops sink,**
  044: **Clouds gray, raindrops sink,**
  045: Certainly! Here's a rhyming couplet in Chinese:
  046: A rhyming couplet could be:
  047: **The clouds are gray, the raindrops sink,
  048: **Couplet:**
  049: Certainly! Here's a rhyming couplet in English:
  050: **To the skies below,**
  051: **To the clouds that seem gray**,
  052: Certainly! Here's a rhyming couplet in Chinese:
  053: **The clouds roll like shadows,**
  054: **The clouds are gray, the raindrops sink,**
  055: Here is a rhyming couplet based on your lines:
  056: Certainly! Here's a rhyming couplet in the style of the request:
  057: A rhyming couplet for the lines:
  058: A rhyming couplet can be:
  059: Certainly! Here's a rhyming couplet in the style you requested:
  060: Clouds are gray, the raindrops sink,
  061: Ah, the rhyme is "clouds are gray, the raindrops sink,"
  062: Here is a rhyming couplet in Chinese, based on the original lines:
  063: The world below they drift with no sound.
  064: Ah, the rhyme of the couplet that you've written, here is a rhyming couplet in the style of the ancient Chinese couplet (chunqiu):
  065: A couplet for the given lines:
  066: Certainly! Here's a rhyming couplet in the style of a traditional Chinese couplet (also known as a couplet):
  067: Here is a rhyming couplet based on your lines:
  068: Certainly! Here's a rhyming couplet in the style of your example, keeping the imagery of clouds and rain:
  069: Here's a rhyming couplet in the style of a traditional Chinese couplet:
  070: Clouds are gray and fall down,
  071: And still there is a smile on the skies' face.
  072: Certainly! Here's a rhyming couplet inspired by your line:
  073: A rhyming couplet could be:
  074: A rhyme couplet could be:
  075: A rhyming couplet could go like this:
  076: The sky is clear, the heavens are still.
  077: A rhyming couplet could be:
  078: Sure! Here's a rhyming couplet in Chinese for the given lines:
  079: A rhyming couplet in Chinese could be:
  080: A rhyming couplet could go something like this:
  081: The sky’s blue is not yet known,
  082: A rhyming couplet can be written as:
  083: Clouds drift low with a gray hue,
  084: Clouds are gray,
  085: Ah! You've got a great rhyming couplet—let me try to craft one!
  086: A rhyming couplet could be:
  087: The skies are dim, the moonlight sings down.
  088: Sure! Here's a rhyming couplet in Chinese:
  089: Certainly! Here's a rhyming couplet in Chinese, keeping the original sentiment:
  090: And on the hill, a gentle spring is kept.
  091: Here is a rhyming couplet in Chinese:
  092: **The clouds are gray, the raindrops sink,
  093: Sure! Here's a rhyming couplet in a natural style:
  094: **The cloud drapes gray,**
  095: Certainly! Here's a rhyming couplet that fits your original lines:
  096: **The sky is gray,** the raindrops sink.
  097: A rhyming couplet could be:
  098: A rhyming couplet that aligns with the provided lines could read:
  099: A rhyming couplet in Chinese could be:
  100: Certainly! Here's a rhyming couplet in Chinese:
  101: Sure! Here's a rhyming couplet in Chinese:
  102: Sure! Here's a rhyming couplet that follows your pattern:
  103: A rhyming couplet like this would go something like this:
  104: Here is a rhyming couplet in Chinese, which matches the given imagery:
  105: A rhyming couplet about rain and clouds might go like this:
  106: Here's a rhyming couplet in the style you described:
  107: Sure! Here's a rhyming couplet:
  108: Sure! Here's a rhyming couplet in the style of "The clouds are gray, the raindrops sink":
  109: Certainly! Here's a rhyming couplet in Chinese that aligns with your original lines:
  110: A rhyming couplet could be:
  111: **Couplet (Rhyming)**
  112: A quiet sigh in the sky, a quiet sigh.
  113: Here's a rhyming couplet that fits your lines:
  114: Certainly! Here's a rhyming couplet that matches the line "The clouds are gray, the raindrops sink,":
  115: Sure! Here's a rhyming couplet in Chinese:
  116: Yes, here is a rhyming couplet in English:
  117: **The clouds are gray, the raindrops sink,**
  118: **The clouds are gray, the raindrops sink,**
  119: The breeze sings gentle, the moon does not fall.
  120: A quiet sigh of clouds weaves through the sky
  121: **The clouds are gray, the raindrops sink,**
  122: Sure! Here's a rhyming couplet in classical Chinese, following the structure and style:
  123: Certainly! Here's a rhyming couplet in Chinese:
  124: Here's a rhyming couplet in the style of the original, maintaining a consistent rhyme scheme of ABAB:
  125: Sure, here's a rhyming couplet in Chinese:
  126: The air is cool, the breeze is thin.
  127: Sure! Here's a rhyming couplet in Chinese:
  128: Sure! Here's a rhyming couplet in a natural, poetic tone:
  129: A rhyming couplet could be:
  130: Certainly! Here's a rhyming couplet that fits the given pattern:
  131: Sure! Here's a rhyming couplet in Chinese with the imagery you provided:
  132: The clouds are gray and rise,
  133: Sure! Here's a rhyming couplet in Chinese:
  134: **A Rhyming Couplet:**
  135: A rhyme couplet could be:
  136: Sure, here's a rhyming couplet in a poetic style based on the given lines:
  137: Sure! Here's a rhyming couplet in the style of traditional Chinese poetry:
  138: Ah, couplets are sweet and full of poetry! Let me give you a simple and romantic couplet like this:
  139: Certainly! Here is a rhyming couplet in Mandarin that matches your theme:
  140: **The clouds are gray, the raindrops sink,**
  141: Sure! Here's a rhyming couplet in traditional Chinese poetry style:
  142: A rhyming couplet could be:
  143: A rhyming couplet could be:
  144: Certainly! Here's a rhyming couplet in English for the given lines:
  145: The clouds are gray,
  146: **The clouds are gray, the raindrops sink,**
  147: Certainly! Here's a rhyming couplet that matches your line:
  148: Here's a rhyming couplet that matches your imagery:
  149: **Couplet:**
  150: Of cloud’s white hair and raindrops descend,
  151: Sure! Here's a rhyming couplet in traditional Chinese poetic form:
  152: A rhyming couplet in classical Chinese could read as:
  153: Sure! Here's a rhyming couplet in Chinese with an artistic touch:
  154: Here's a rhyming couplet in Chinese that fits your phrase:
  155: Clouds are gray, the raindrops sink,
  156: A rhyming couplet could go something like this:
  157: Ah, the rhythm is nice!
  158: Clouds are gray,
  159: Here’s a rhyming couplet in the style you described:
  160: **The clouds are gray, the raindrops sink,**
  161: A rhyming couplet that fits the lines:
  162: A rhyming couplet could be:
  163: A rhyming couplet with the given lines could be:
  164: The sun smiles, and we are still.
  165: Sure, here's a rhyming couplet in Chinese:
  166: The sky is low with light, so true.
  167: Of what? The clouds are gray, the raindrops sink,
  168: **The clouds are gray and the raindrops sink,**
  169: A rhyming couplet can be written as:
  170: Certainly! Here's a rhyming couplet in the style of your request:
  171: A sigh in the sky, where sorrow lies.
  172: A rhyming couplet could be:
  173: A rhyming couplet in traditional Chinese style would be:
  174: Sure! Here's a rhyming couplet in Chinese, which is inspired by your initial line:
  175: A rhyming couplet with the given lines:
  176: The clouds are gray, and the raindrops sink,
  177: A rhyming couplet in traditional Chinese style could go like this:
  178: A rhyming couplet might go like this:
  179: Clouds rise low in the sky,
  180: Here is a rhyming couplet that fits the given lines:
  181: Here's a rhyming couplet in Chinese that aligns with your prompt:
  182: **The clouds are gray, the raindrops sink,**
  183: Sure! Here's a rhyming couplet based on your lines:
  184: Certainly! Here's a rhyming couplet in Chinese:
  185: A rhyming couplet could be:
  186: The clouds are gray, the raindrops sink;
  187: A rhyming couplet in the style of a Chinese classic:
  188: Sure, here's a rhyming couplet with those lines:
  189: So it’s a tale told in gentle wind.
  190: Certainly! Here's a rhyming couplet in Chinese for your line:
  191: A rhyming couplet could be:
  192: Certainly! Here's a rhyming couplet based on your lines:
  193: **The clouds are gray,** the raindrops sink,
  194: A rhyming couplet in the style of Chinese poetry could be:
  195: Clouds are gray,
  196: **The clouds are gray,**
  197: **Couplet (Rhyming):**
  198: A rhyming couplet in traditional Chinese poetry style would go something like this:
  199: A rhyming couplet in Chinese could go something like this:
  200: A rhyming couplet can be expressed as:

FIRST LINE: The clouds are gray, the raindrops spill,
  001: A rhyming couplet could be:
  002: **The cloud is gray, the raindrops spill,**
  003: **The clouds are gray, the raindrops spill,**
  004: Here's a rhyming couplet that fits the given imagery:
  005: Soft as a sigh in a hushed breeze.
  006: Certainly! Here's a rhyming couplet inspired by the given lines:
  007: Ah, the clouds are gray, and the raindrops spill,
  008: A rhyming couplet could be:
  009: A rhyming couplet could go like this:
  010: The clouds are gray, the raindrops spill
  011: A rhyming couplet can be structured as follows to convey a vivid image:
  012: Certainly! Here's a rhyming couplet in the style you requested:
  013: Certainly! Here's a rhyming couplet in Chinese:
  014: **The Clouds are gray,**
  015: A rhyming couplet could go like this:
  016: Yes, here's a rhyming couplet in Chinese that captures the imagery you described:
  017: Certainly! Here's a rhyming couplet based on your lines:
  018: Whispers of heaven through the air below.
  019: Clouds roll in gray,
  020: **The clouds are gray, the raindrops spill,**
  021: A soft lull on the river's soft side.
  022: Certainly! Here's a rhyming couplet in Chinese:
  023: A rhyming couplet inspired by your prompt:
  024: Yes, here is a rhyming couplet in Chinese, matching the pattern:
  025: Certainly! Here's a rhyming couplet based on the lines you provided:
  026: Sure, here's a rhyming couplet:
  027: Sure! Here is a rhyming couplet in the style you requested:
  028: Yes, here is a rhyming couplet in Chinese:
  029: Certainly! Here's a rhyming couplet that fits the imagery you described:
  030: Here’s a rhyming couplet that matches your theme:
  031: A rhyming couplet could be:
  032: Certainly! Here's a couplet in the style of a rhyme:
  033: Certainly! Here's a rhyming couplet in Chinese:
  034: Certainly! Here's a rhyming couplet that matches your request:
  035: Sure! Here's a rhyming couplet in Chinese that captures the imagery you've mentioned:
  036: Certainly! Here is a rhyming couplet in Chinese, matching the provided lines:
  037: The clouds are gray,
  038: Clouds are gray, the raindrops spill,
  039: Sure! Here's a rhyming couplet that matches your lines:
  040: Certainly! Here's a rhyming couplet in Chinese:
  041: Certainly! Here's a rhyming couplet in Chinese (with a simple and natural form):
  042: A rhyming couplet in Chinese can be:
  043: A rhyming couplet for your lines:
  044: When I consider the lines you presented:
  045: Sure! Here's a rhyming couplet in Chinese:
  046: Certainly! Here's a rhyming couplet in Chinese:
  047: When you look at the clouds, they stand tall and gray.
  048: A silver song falls in the dark and low.
  049: Sure! Here's a rhyming couplet in classical Chinese:
  050: Certainly! Here's a rhyming couplet in Chinese:
  051: Here is a rhyming couplet in Chinese:
  052: The world is in quiet, and the sky appears clear.
  053: A rhyming couplet could be:
  054: A rhyming couplet could be:
  055: The sky holds no light, the world feels low.
  056: A rhyming couplet in the style of a classic Chinese couplet, perhaps with a light touch on nature imagery:
  057: A tale of rain upon the sky's plain
  058: Sure! Here's a rhyming couplet in Chinese, following your prompt:
  059: The clouds are gray and the raindrops spill,
  060: Here's a rhyming couplet in Chinese, keeping the original lines of the query and adding some poetic flair:
  061: Here is a rhyming couplet in Chinese:
  062: Clouds are grey,
  063: A rhyming couplet could be:
  064: The clouds are gray, the raindrops spill
  065: The clouds are gray, and the raindrops spill
  066: Ah, rhyming couplet! Here it is:
  067: Sure! Here's a rhyming couplet based on your lines:
  068: A rhyming couplet could be:
  069: Sure! Here's a rhyming couplet in Chinese:
  070: Certainly! Here's a rhyming couplet in Chinese with some additional meaning:
  071: Sure! Here's a rhyming couplet in Chinese that fits your line:
  072: **A Couplet by the Rain**
  073: Clouds are gray, raindrops fall like drops in the sky.
  074: Certainly! Here's a rhyming couplet in Chinese:
  075: Clouds blush gray, raindrops spill low,
  076: Here is a rhyming couplet in Chinese, following your initial request:
  077: **Couplet:**
  078: Here is a rhyming couplet that fits the original poetic rhythm and imagery:
  079: Here's a rhyming couplet in a poetic style, matching your line:
  080: Certainly! Here's a rhyming couplet in Mandarin, based on your lines:
  081: A rhyming couplet could be:
  082: A rhyming couplet in English could be:
  083: A rhyming couplet could be:
  084: A rhyming couplet:
  085: A rhyming couplet could go something like this:
  086: A rhyming couplet in the style of Chinese couplets is:
  087: Sure! Here's a rhyming couplet in English:
  088: Here's a rhyming couplet for the given lines:
  089: Here’s a rhyming couplet that fits the original imagery:
  090: **The clouds are gray,**
  091: Here’s a rhyming couplet in classical Vietnamese:
  092: A rhyming couplet in traditional Chinese poetic style could be:
  093: A melody in the sky's soft lull.
  094: When I look out at this scene, the sky is thick with gray clouds and the raindrops spill. In the morning air, I catch a glimpse of a little bird on a branch above the river. The rain is gentle and flowing down, filling my room with soft, rhythmic sounds.
  095: Here is a rhyming couplet in Chinese:
  096: The clouds are gray and the raindrops spill,
  097: Certainly! Here's a rhyming couplet in Chinese for you:
  098: Sure! Here's a rhyming couplet in Chinese:
  099: Certainly! Here's a rhyming couplet in a poetic format that fits the image of the clouds being gray and raindrops falling:
  100: **Couplet:**
  101: Yes, here's a rhyming couplet that matches your original theme:
  102: A rhyming couplet could read like this:
  103: Here is a rhyming couplet that fits the theme:
  104: Here's a rhyming couplet based on the given lines:
  105: Certainly! Here's a rhyming couplet that fits the imagery:
  106: A rhyming couplet could go like this:
  107: Here's a rhyming couplet that captures the imagery of gray clouds and raindrops:
  108: Certainly! Here's a rhyming couplet in your requested format:
  109: Ah, a classic rhyming couplet is this one:
  110: Certainly! Here's a rhyming couplet that fits the theme of the clouds being gray and the raindrops falling:
  111: A rhyming couplet in the style of traditional Chinese poetry:
  112: **The clouds are gray, the raindrops spill,**
  113: Certainly! Here's a rhyming couplet in the style you requested:
  114: Certainly! Here's a rhyming couplet that matches your words:
  115: **A Rhyming Couplet:**
  116: **The clouds are gray, the raindrops spill,**
  117: A rhyming couplet with the given lines could be:
  118: **The clouds are gray, the raindrops spill,**
  119: The sky paints a sky, we’re still there.
  120: Clouds are gray,
  121: A rhyming couplet might read as:
  122: A rhyming couplet that adheres to a traditional structure:
  123: The sky stretches wide, like a blue, deep plain.
  124: **The clouds are gray, the raindrops spill,**
  125: **The clouds are gray, the raindrops spill,**
  126: A rhyming couplet can be:
  127: The sky above paints the earth with silver light.
  128: A rhyming couplet in the style of Chinese poetry would go something like this:
  129: Sure! Here's a rhyming couplet in Chinese:
  130: A blue sky dances in the dusk's light.
  131: A rhyming couplet could be:
  132: Here's a rhyming couplet that fits the given lines:
  133: Certainly! Here's a rhyming couplet in Chinese that fits your theme:
  134: Certainly! Here's a rhyming couplet in Chinese, inspired by the lines you provided:
  135: Sure! Here's a rhyming couplet in Chinese:
  136: Certainly! Here's a rhyming couplet that fits your imagery:
  137: Certainly! Here's a rhyming couplet that matches the imagery:
  138: **The Clouds Are Gray,**
  139: Certainly! Here's a rhyming couplet in the style you mentioned:
  140: The clouds are gray, and the raindrops spill,
  141: A rhyming couplet can be structured as:
  142: Certainly! Here's a rhyming couplet that fits your lines:
  143: Here's a rhyming couplet in the style you've requested:
  144: Waves roll in, a whisper from the sky.
  145: The clouds are gray,
  146: A rhyming couplet can be crafted like this:
  147: Sure! Here's a rhyming couplet in Chinese:
  148: A rhyming couplet could be:
  149: A rhyming couplet can be composed as follows:
  150: A couplet rhyming with:
  151: A rhyming couplet in English could be:
  152: The clouds are gray, and raindrops spill with their streams;
  153: **The clouds are gray, the raindrops spill,**
  154: Certainly! Here's a rhyming couplet in Mandarin:
  155: **A Rhyming Couplet**:
  156: Sure, here's a rhyming couplet in Chinese:
  157: Certainly! Here's a rhyming couplet in Chinese for your given line:
  158: Certainly! Here's a rhyming couplet in Chinese, based on the given lines:
  159: A rhyming couplet could be:
  160: Sure! Here's a rhyming couplet in Chinese:
  161: Certainly! Here's a rhyming couplet in Chinese:
  162: A rhyming couplet could be:
  163: Shadows dance across the green and pale.
  164: Sure! Here's a rhyming couplet that fits the description:
  165: A dance in light and a sigh on the hill.
  166: A rhyming couplet could be:
  167: Here's a rhyming couplet in the requested style:
  168: The world feels like a dream, the day is spent.
  169: A rhyming couplet that captures the imagery of gray clouds and falling rain:
  170: **Couplet:**
  171: Here's a rhyming couplet that matches the provided description:
  172: **The clouds are gray, the raindrops spill,**
  173: Clouds are gray, the raindrops spill down
  174: A soft breeze carries the light.
  175: Here is a rhyming couplet in the style of a traditional Chinese couplet:
  176: **The Clouds and the Rain**
  177: Certainly! Here's a rhyming couplet in the style of the Chinese poetic tradition:
  178: Sure! Here is a rhyming couplet in the style of traditional Chinese poetry:
  179: Sure! Here's a rhyming couplet in Chinese:
  180: The clouds are gray,
  181: **Couplet:**
  182: A rhyming couplet in Chinese:
  183: Certainly! Here's a rhyming couplet inspired by your lines:
  184: Certainly! Here's a rhyming couplet that fits your description:
  185: Ah, that's a beautiful couplet! Here's one:
  186: A couplet could go like this:
  187: A rhyming couplet can be:
  188: Sure, here's a rhyming couplet in Chinese:
  189: Sure! Here's a rhyming couplet in Chinese:
  190: Sure! Here is a rhyming couplet that matches the lines you provided:
  191: The clouds are gray, and the raindrops spill,
  192: **A Rhyming Couplet in Traditional Chinese Style:**
  193: Ah, the rhymes that do this—**gray skies** and **raindrops falling**, or **storms** and **whistling winds**?
  194: In this sky with soft silver, where the night we’ll sleep.
  195: A rhyming couplet could be:
  196: Certainly! Here's a rhyming couplet in a poetic, flowing style, inspired by your prompt:
  197: Sure, here's a rhyming couplet in English:
  198: **The clouds are gray,**
  199: Sure! Here's a rhyming couplet in the style of Chinese poetry:
  200: A rhyming couplet in the style of a Chinese poem could be:

