FIRST LINE: Boxes of books, a reader's delight,
  001: Sure! Here's a rhyming couplet that fits your theme:
  002: Certainly! Here's a rhyming couplet that fits your prompt:
  003: Certainly! Here's a rhyming couplet that matches your style:
  004: Certainly! Here's a rhyming couplet that continues the theme of books and reading:
  005: Sure! Here's a rhyming couplet that fits your style:
  006: Certainly! Here's a rhyming couplet that fits your theme:
  007: Certainly! Here's a rhyming couplet that fits your style:
  008: Sure! Here's a rhyming couplet based on your prompt:
  009: Certainly! Here's a rhyming couplet that follows your theme:
  010: Certainly! Here's a rhyming couplet that continues your line:
  011: Certainly! Here's a rhyming couplet that fits your theme:
  012: Certainly! Here's a rhyming couplet that fits your prompt:
  013: Certainly! Here's a rhyming couplet that fits your prompt:
  014: Certainly! Here's a rhyming couplet based on your prompt:
  015: Sure! Here's a rhyming couplet that fits your idea:
  016: Certainly! Here's a rhyming couplet that continues your line:
  017: Certainly! Here's a rhyming couplet that fits your style:
  018: Certainly! Here's a rhyming couplet that continues your line:
  019: Certainly! Here's a rhyming couplet that continues your phrase:
  020: Certainly! Here's a rhyming couplet that captures the imagery of books and reading:
  021: Certainly! Here's a rhyming couplet that matches your prompt:
  022: Certainly! Here's a rhyming couplet based on your prompt:
  023: Sure! Here's a rhyming couplet that fits your prompt:
  024: Certainly! Here's a rhyming couplet that fits your prompt:
  025: Certainly! Here's a rhyming couplet that matches your theme:
  026: Certainly! Here's a rhyming couplet that matches your theme:
  027: Certainly! Here's a rhyming couplet that fits your prompt:
  028: Certainly! Here's a rhyming couplet based on your initial lines:
  029: Certainly! Here's a rhyming couplet that fits your prompt:
  030: Sure! Here's a rhyming couplet that fits your style:
  031: Certainly! Here's a rhyming couplet that fits your prompt:
  032: Certainly! Here's a rhyming couplet that matches your inspiration:
  033: Sure! Here's a rhyming couplet based on your prompt:
  034: Sure! Here's a rhyming couplet based on your prompt:
  035: Certainly! Here's a rhyming couplet that fits your prompt:
  036: Sure! Here's a rhyming couplet that fits your style:
  037: Certainly! Here's a rhyming couplet that fits your style:
  038: Sure! Here's a rhyming couplet that fits your prompt:
  039: Sure! Here's a rhyming couplet that fits your theme:
  040: Certainly! Here's a rhyming couplet that fits your prompt:
  041: Certainly! Here's a rhyming couplet that captures the imagery of books and reading:
  042: Certainly! Here's a rhyming couplet that matches your theme:
  043: Certainly! Here's a rhyming couplet that matches your style:
  044: Certainly! Here's a rhyming couplet that matches your prompt:
  045: Certainly! Here's a rhyming couplet that matches your theme:
  046: Certainly! Here's a rhyming couplet that fits your prompt:
  047: Certainly! Here's a rhyming couplet based on your prompt:
  048: Certainly! Here's a rhyming couplet that matches your theme:
  049: Sure! Here's a rhyming couplet that fits your prompt:
  050: Certainly! Here's a rhyming couplet that fits your prompt:
  051: Sure! Here's a rhyming couplet that fits your style:
  052: Certainly! Here's a rhyming couplet that matches your prompt:
  053: Certainly! Here's a rhyming couplet that matches your theme:
  054: Certainly! Here's a rhyming couplet that fits your prompt:
  055: Sure! Here's a rhyming couplet:
  056: Sure! Here's a rhyming couplet that fits your request:
  057: Sure! Here's a rhyming couplet that fits your prompt:
  058: Certainly! Here's a rhyming couplet that continues your line:
  059: Certainly! Here's a rhyming couplet that fits your prompt:
  060: Certainly! Here's a rhyming couplet that continues the imagery of books and reading:
  061: Sure! Here's a rhyming couplet based on your prompt:
  062: Sure! Here's a rhyming couplet based on your prompt:
  063: Sure! Here's a rhyming couplet that fits your theme:
  064: Certainly! Here's a rhyming couplet based on your prompt:
  065: Certainly! Here's a rhyming couplet that fits your theme:
  066: Certainly! Here's a rhyming couplet that continues your line:
  067: Certainly! Here's a rhyming couplet that fits your theme:
  068: Certainly! Here's a rhyming couplet that fits your initial lines:
  069: Certainly! Here's a rhyming couplet that follows your prompt:
  070: Certainly! Here's a rhyming couplet that matches your style:
  071: Certainly! Here's a rhyming couplet that captures the imagery you provided:
  072: Sure! Here's a rhyming couplet that matches your style:
  073: Certainly! Here's a rhyming couplet that continues your line:
  074: Sure! Here's a rhyming couplet that fits your prompt:
  075: Certainly! Here's a rhyming couplet that follows your theme:
  076: Certainly! Here's a rhyming couplet based on your prompt:
  077: Certainly! Here's a rhyming couplet that fits your prompt:
  078: Certainly! Here's a rhyming couplet that fits your prompt:
  079: Sure! Here's a rhyming couplet that matches your prompt:
  080: Certainly! Here's a rhyming couplet that fits your theme:
  081: Certainly! Here's a rhyming couplet that matches your style:
  082: Certainly! Here's a rhyming couplet that fits your style:
  083: Sure! Here's a rhyming couplet that fits your theme:
  084: Certainly! Here's a rhyming couplet based on your prompt:
  085: Sure! Here's a rhyming couplet based on your prompt:
  086: Certainly! Here's a rhyming couplet that continues your line:
  087: Certainly! Here's a rhyming couplet that matches your theme:
  088: Certainly! Here's a rhyming couplet that fits your theme:
  089: Certainly! Here's a rhyming couplet that fits your style:
  090: Certainly! Here's a rhyming couplet that fits your prompt:
  091: Certainly! Here's a rhyming couplet that fits your prompt:
  092: Certainly! Here's a rhyming couplet based on your prompt:
  093: Certainly! Here's a rhyming couplet that matches your prompt:
  094: Certainly! Here's a rhyming couplet that continues your line:
  095: Certainly! Here's a rhyming couplet that fits your theme:
  096: Certainly! Here's a rhyming couplet that fits your prompt:
  097: Certainly! Here's a rhyming couplet that fits your prompt:
  098: Certainly! Here's a rhyming couplet that fits your theme:
  099: Certainly! Here's a rhyming couplet inspired by your prompt:
  100: Sure! Here's a rhyming couplet that fits your theme:
  101: Certainly! Here's a rhyming couplet that matches your style:
  102: Certainly! Here's a rhyming couplet that captures the idea of books and reading:
  103: Certainly! Here's a rhyming couplet based on your prompt:
  104: Certainly! Here's a rhyming couplet that continues your initial lines:
  105: Certainly! Here's a rhyming couplet that continues your sentence:
  106: Certainly! Here's a rhyming couplet that fits your inspiration:
  107: Certainly! Here's a rhyming couplet that matches your prompt:
  108: Certainly! Here's a rhyming couplet that fits your style:
  109: Certainly! Here's a rhyming couplet that matches your style:
  110: Certainly! Here's a rhyming couplet that fits your prompt:
  111: Certainly! Here's a rhyming couplet that fits your prompt:
  112: Certainly! Here's a rhyming couplet that captures the joy of reading and the comfort of a bookshelf:
  113: Certainly! Here's a rhyming couplet based on your prompt:
  114: Sure! Here's a rhyming couplet that fits your theme:
  115: Certainly! Here's a rhyming couplet that matches your prompt:
  116: Certainly! Here's a rhyming couplet that fits your prompt:
  117: Certainly! Here's a rhyming couplet that follows your prompt:
  118: Sure! Here's a rhyming couplet that fits your theme:
  119: Certainly! Here's a rhyming couplet inspired by your prompt:
  120: Certainly! Here's a rhyming couplet that matches your prompt:
  121: Certainly! Here's a rhyming couplet that fits your style:
  122: Sure! Here's a rhyming couplet that fits your style:
  123: Certainly! Here's a rhyming couplet that fits your request:
  124: Certainly! Here's a rhyming couplet that captures the imagery of books and reading:
  125: Sure! Here's a rhyming couplet that matches your style:
  126: Sure! Here's a rhyming couplet that fits your theme:
  127: Certainly! Here's a rhyming couplet that fits your prompt:
  128: Sure! Here's a rhyming couplet that fits your theme:
  129: Certainly! Here's a rhyming couplet that fits your prompt:
  130: Certainly! Here's a rhyming couplet that continues your sentence:
  131: Certainly! Here's a rhyming couplet that continues your line:
  132: Certainly! Here's a rhyming couplet that continues your line:
  133: Certainly! Here's a rhyming couplet based on your prompt:
  134: Sure! Here's a rhyming couplet that fits your prompt:
  135: Certainly! Here's a rhyming couplet that fits your style:
  136: Certainly! Here's a rhyming couplet that fits your theme:
  137: Certainly! Here's a rhyming couplet based on your prompt:
  138: Certainly! Here's a rhyming couplet that fits your theme:
  139: Sure! Here's a rhyming couplet that fits your prompt:
  140: Certainly! Here's a rhyming couplet that fits your theme:
  141: Certainly! Here's a rhyming couplet based on your prompt:
  142: Certainly! Here's a rhyming couplet based on your prompt:
  143: Sure! Here's a rhyming couplet based on your prompt:
  144: Certainly! Here's a rhyming couplet that continues your line:
  145: Certainly! Here's a rhyming couplet that continues your line:
  146: Certainly! Here's a rhyming couplet that fits your theme:
  147: Certainly! Here's a rhyming couplet based on your prompt:
  148: Certainly! Here's a rhyming couplet that continues your line:
  149: Sure! Here's a rhyming couplet that matches your theme:
  150: Certainly! Here's a rhyming couplet that fits your style:
  151: Certainly! Here's a rhyming couplet that continues your line:
  152: Sure! Here's a rhyming couplet:
  153: Sure! Here's a rhyming couplet inspired by your prompt:
  154: Certainly! Here's a rhyming couplet that fits your style:
  155: Certainly! Here's a rhyming couplet that fits your prompt:
  156: Certainly! Here's a rhyming couplet that fits your prompt:
  157: Certainly! Here's a rhyming couplet that continues your original line:
  158: Certainly! Here's a rhyming couplet that captures the essence of books and reading:
  159: Certainly! Here's a rhyming couplet that matches your prompt:
  160: Certainly! Here's a rhyming couplet that fits your prompt:
  161: Certainly! Here's a rhyming couplet based on your prompt:
  162: Certainly! Here's a rhyming couplet that fits your prompt:
  163: Certainly! Here's a rhyming couplet that matches your style:
  164: Certainly! Here's a rhyming couplet that continues your opening line:
  165: Certainly! Here's a rhyming couplet that captures the essence of reading and books:
  166: Certainly! Here's a rhyming couplet based on your lines:
  167: Certainly! Here's a rhyming couplet that continues the theme of books and reading:
  168: Certainly! Here's a rhyming couplet that continues the theme of books and reading:
  169: Certainly! Here's a rhyming couplet based on your prompt:
  170: Certainly! Here's a rhyming couplet that fits your prompt:
  171: Certainly! Here's a rhyming couplet that fits your theme:
  172: Certainly! Here's a rhyming couplet inspired by your prompt:
  173: Certainly! Here's a rhyming couplet that fits your prompt:
  174: Certainly! Here's a rhyming couplet that fits your prompt:
  175: Sure! Here's a rhyming couplet that fits your prompt:
  176: Certainly! Here's a rhyming couplet that continues the theme of books and reading:
  177: Sure! Here's a rhyming couplet based on your prompt:
  178: Certainly! Here's a rhyming couplet based on your prompt:
  179: Sure! Here's a rhyming couplet that fits your style:
  180: Certainly! Here's a rhyming couplet that fits your inspiration:
  181: Certainly! Here's a rhyming couplet that fits your initial lines:
  182: Certainly! Here's a rhyming couplet that fits your style:
  183: Certainly! Here's a rhyming couplet based on your prompt:
  184: Certainly! Here's a rhyming couplet that fits your style:
  185: Certainly! Here's a rhyming couplet that continues your stanza:
  186: Certainly! Here's a rhyming couplet that continues your line:
  187: Certainly! Here's a rhyming couplet that fits your style:
  188: Certainly! Here's a rhyming couplet that fits your prompt:
  189: Certainly! Here's a rhyming couplet that fits your initial lines:
  190: Certainly! Here's a rhyming couplet that fits your prompt:
  191: Certainly! Here's a rhyming couplet that fits your theme:
  192: Certainly! Here's a rhyming couplet that fits your prompt:
  193: Sure! Here's a rhyming couplet that continues your line:
  194: Certainly! Here's a rhyming couplet that continues your line:
  195: Certainly! Here's a rhyming couplet that continues your original lines:
  196: Sure! Here's a rhyming couplet based on your prompt:
  197: Certainly! Here's a rhyming couplet that fits your theme:
  198: Certainly! Here's a rhyming couplet that continues the theme of books and reading:
  199: Certainly! Here's a rhyming couplet that fits your theme:
  200: Certainly! Here's a rhyming couplet that matches your prompt:

FIRST LINE: Boxes of books, a reader's joy,
  001: Certainly! Here's a rhyming couplet that fits your theme:
  002: Certainly! Here's a rhyming couplet that follows your prompt:
  003: Certainly! Here's a rhyming couplet that continues your line:
  004: Certainly! Here's a rhyming couplet that continues your initial lines:
  005: Certainly! Here's a rhyming couplet that continues your initial lines:
  006: Certainly! Here's a rhyming couplet that matches your prompt:
  007: Sure! Here's a rhyming couplet that continues your theme:
  008: Sure! Here's a rhyming couplet based on your prompt:
  009: Certainly! Here's a rhyming couplet that continues your initial line:
  010: Certainly! Here's a rhyming couplet that captures the joy of reading and the quiet satisfaction of a reader's companionship with books:
  011: Certainly! Here's a rhyming couplet that continues your prompt:
  012: Certainly! Here's a rhyming couplet that continues your stanza:
  013: Certainly! Here's a rhyming couplet that continues your original line:
  014: Certainly! Here's a rhyming couplet that captures the essence of reading and books:
  015: Certainly! Here's a rhyming couplet that continues your first line:
  016: Certainly! Here's a rhyming couplet that continues your idea:
  017: Certainly! Here's a rhyming couplet inspired by the imagery you provided:
  018: Certainly! Here's a rhyming couplet that captures the joy of reading:
  019: Certainly! Here's a rhyming couplet that captures the joy of reading and the charm of a reader's world:
  020: Certainly! Here's a rhyming couplet that matches your theme:
  021: Sure! Here's a rhyming couplet based on your prompt:
  022: Certainly! Here's a rhyming couplet inspired by your prompt:
  023: Certainly! Here's a rhyming couplet that continues your initial line:
  024: Sure! Here's a rhyming couplet that captures the joy of reading and the wonder of books:
  025: Sure! Here's a rhyming couplet based on your prompt:
  026: Sure! Here's a rhyming couplet that captures the essence of reading and the joy of a book:
  027: Certainly! Here's a rhyming couplet that fits your theme:
  028: Certainly! Here's a rhyming couplet that continues your line:
  029: Certainly! Here's a rhyming couplet that fits your theme:
  030: Certainly! Here's a rhyming couplet that continues your idea:
  031: Certainly! Here's a rhyming couplet that captures the essence of a reader's joy with books:
  032: Certainly! Here's a rhyming couplet that fits your style:
  033: Certainly! Here's a rhyming couplet that captures the joy of reading and the love of books:
  034: Certainly! Here's a rhyming couplet that continues your theme:
  035: Certainly! Here's a rhyming couplet based on your prompt:
  036: Certainly! Here's a rhyming couplet that captures the joy of reading:
  037: Certainly! Here's a rhyming couplet that captures the joy of reading and the quiet satisfaction of a reader:
  038: Certainly! Here's a rhyming couplet that continues your initial lines:
  039: Sure! Here's a rhyming couplet that fits your theme:
  040: Certainly! Here's a rhyming couplet that continues your original line:
  041: Certainly! Here's a rhyming couplet that continues your original line:
  042: Certainly! Here's a rhyming couplet that captures the joy of reading and the allure of books:
  043: Certainly! Here's a rhyming couplet based on your prompt:
  044: Certainly! Here's a rhyming couplet that captures the imagery of books and reading:
  045: Certainly! Here's a rhyming couplet that captures the joy of reading and the quiet pleasure of a reader:
  046: Certainly! Here's a rhyming couplet that matches your style:
  047: Certainly! Here's a rhyming couplet that follows your prompt:
  048: Sure! Here's a rhyming couplet based on your prompt:
  049: Certainly! Here's a rhyming couplet that follows your theme:
  050: Certainly! Here's a rhyming couplet that continues with your initial lines:
  051: Sure! Here's a rhyming couplet based on your prompt:
  052: Sure! Here's a rhyming couplet that continues your line:
  053: Certainly! Here's a rhyming couplet that continues your initial lines:
  054: Certainly! Here's a rhyming couplet that continues the theme of books and reading:
  055: Certainly! Here's a rhyming couplet that captures the joy of reading:
  056: Certainly! Here's a rhyming couplet based on your initial lines:
  057: Sure! Here's a rhyming couplet that continues your line:
  058: Certainly! Here's a rhyming couplet that continues your lines:
  059: Sure! Here's a rhyming couplet that captures the joy of reading and the joy of discovery:
  060: Certainly! Here's a rhyming couplet based on your prompt:
  061: Certainly! Here's a rhyming couplet based on your initial lines:
  062: Certainly! Here's a rhyming couplet that continues your stanza:
  063: Certainly! Here's a rhyming couplet that continues your initial lines:
  064: Certainly! Here's a rhyming couplet that continues the theme of books and reading:
  065: Certainly! Here's a rhyming couplet that continues the theme of reading and the joy of books:
  066: Certainly! Here's a rhyming couplet that continues your line:
  067: Certainly! Here's a rhyming couplet that captures the joy of reading and the quiet beauty of a bookshelf:
  068: Certainly! Here's a rhyming couplet that continues your line:
  069: Sure! Here's a rhyming couplet based on your prompt:
  070: Sure! Here's a rhyming couplet that captures the theme of reading and the joy of books:
  071: Certainly! Here's a rhyming couplet that continues your initial lines:
  072: Certainly! Here's a rhyming couplet based on your prompt:
  073: Certainly! Here's a rhyming couplet that captures the theme of reading and the joy of books:
  074: Sure! Here's a rhyming couplet that fits your theme:
  075: Sure! Here's a rhyming couplet that continues your line:
  076: Sure! Here's a rhyming couplet based on your prompt:
  077: Certainly! Here's a rhyming couplet that captures the essence of reading and books:
  078: Certainly! Here's a rhyming couplet that continues your initial lines:
  079: Certainly! Here's a rhyming couplet that continues the theme of reading and joy:
  080: Certainly! Here's a rhyming couplet that matches your prompt:
  081: Certainly! Here's a rhyming couplet that continues your inspiration:
  082: Certainly! Here's a rhyming couplet that captures the joy of reading and the allure of books:
  083: Certainly! Here's a rhyming couplet that continues your original line:
  084: Sure! Here's a rhyming couplet that continues the theme of a reader's joy with books:
  085: Sure! Here's a rhyming couplet that continues your line:
  086: Certainly! Here's a rhyming couplet that captures the joy of reading and the love of books:
  087: Certainly! Here's a rhyming couplet that captures the essence of a reader's joy with books:
  088: Certainly! Here's a rhyming couplet based on your prompt:
  089: Certainly! Here's a rhyming couplet that continues your initial lines:
  090: Certainly! Here's a rhyming couplet that captures the joy of reading and the quiet elegance of a bookshelf:
  091: Certainly! Here's a rhyming couplet inspired by the image of books and reading:
  092: Sure! Here's a rhyming couplet inspired by your prompt:
  093: Sure! Here's a rhyming couplet that continues your line:
  094: Certainly! Here's a rhyming couplet inspired by your text:
  095: Certainly! Here's a rhyming couplet that captures the joy of reading:
  096: Certainly! Here's a rhyming couplet based on your prompt:
  097: Sure! Here's a rhyming couplet that continues your theme:
  098: Certainly! Here's a rhyming couplet based on your prompt:
  099: Certainly! Here's a rhyming couplet that continues your initial lines:
  100: Certainly! Here's a rhyming couplet that continues your lines:
  101: Certainly! Here's a rhyming couplet that captures the essence of reading and books:
  102: Sure! Here's a rhyming couplet that continues your theme:
  103: Certainly! Here's a rhyming couplet that continues the theme of reading and books:
  104: Certainly! Here's a rhyming couplet that continues the theme of reading and books:
  105: Certainly! Here's a rhyming couplet inspired by your text:
  106: Certainly! Here's a rhyming couplet that continues your line:
  107: Certainly! Here's a rhyming couplet that matches your inspiration:
  108: Sure! Here's a rhyming couplet that continues the theme of books and reading:
  109: Certainly! Here's a rhyming couplet that captures the joy of reading and the allure of books:
  110: Certainly! Here's a rhyming couplet that captures the essence of a reader's joy with boxes of books:
  111: Certainly! Here's a rhyming couplet that continues your line:
  112: Certainly! Here's a rhyming couplet that captures the essence of reading and the joy of a reader:
  113: Certainly! Here's a rhyming couplet that fits your style:
  114: Certainly! Here's a rhyming couplet that captures the spirit of reading and books:
  115: Certainly! Here's a rhyming couplet that captures the joy of reading and the wonder of discovering books:
  116: Certainly! Here's a rhyming couplet based on your prompt:
  117: Certainly! Here's a rhyming couplet that continues your theme:
  118: Certainly! Here's a rhyming couplet inspired by your prompt:
  119: Sure! Here's a rhyming couplet that continues your line:
  120: Sure! Here's a rhyming couplet that continues your line:
  121: Sure! Here's a rhyming couplet that continues your initial lines:
  122: Certainly! Here's a rhyming couplet that continues your initial lines:
  123: Certainly! Here's a rhyming couplet that matches your theme:
  124: Sure! Here's a rhyming couplet that continues your line:
  125: Sure! Here's a rhyming couplet that continues your initial line:
  126: Certainly! Here's a rhyming couplet inspired by your prompt:
  127: Certainly! Here's a rhyming couplet based on your prompt:
  128: Sure! Here's a rhyming couplet based on your prompt:
  129: Certainly! Here's a rhyming couplet that continues your original lines:
  130: Certainly! Here's a rhyming couplet that continues your line:
  131: Certainly! Here's a rhyming couplet that captures the essence of reading and the joy of books:
  132: Certainly! Here's a rhyming couplet that matches your theme:
  133: Certainly! Here's a rhyming couplet based on your provided lines:
  134: Certainly! Here's a rhyming couplet that continues your initial line:
  135: Certainly! Here's a rhyming couplet based on your prompt:
  136: Certainly! Here's a rhyming couplet that matches your style:
  137: Certainly! Here's a rhyming couplet based on your prompt:
  138: Certainly! Here's a rhyming couplet that continues your original lines:
  139: Certainly! Here's a rhyming couplet based on your inspiration:
  140: Certainly! Here's a rhyming couplet that continues your original lines:
  141: Certainly! Here's a rhyming couplet that continues your idea:
  142: Certainly! Here's a rhyming couplet that continues the theme of reading and books:
  143: Certainly! Here's a rhyming couplet that captures the joy of reading and the wonder of books:
  144: Certainly! Here's a rhyming couplet that fits your theme:
  145: Certainly! Here's a rhyming couplet that captures the joy of reading and the quiet thrill of discovering books:
  146: Certainly! Here's a rhyming couplet that continues the imagery of books and reading:
  147: Certainly! Here's a rhyming couplet based on your prompt:
  148: Certainly! Here's a rhyming couplet that continues your initial line:
  149: Certainly! Here's a rhyming couplet that fits your theme:
  150: Certainly! Here's a rhyming couplet that continues your inspiration:
  151: Certainly! Here's a rhyming couplet that captures the joy of reading and the love of books:
  152: Certainly! Here's a rhyming couplet that continues your original lines:
  153: Certainly! Here's a rhyming couplet that fits your prompt:
  154: Sure! Here's a rhyming couplet based on your prompt:
  155: Sure! Here's a rhyming couplet that continues your line:
  156: Certainly! Here's a rhyming couplet based on your prompt:
  157: Certainly! Here's a rhyming couplet that continues your line:
  158: Certainly! Here's a rhyming couplet that continues your line:
  159: Certainly! Here's a rhyming couplet inspired by the theme of books and reading:
  160: Certainly! Here's a rhyming couplet that captures the joy of reading and the pleasure of finding books:
  161: Certainly! Here's a rhyming couplet that continues with the initial lines you provided:
  162: Certainly! Here's a rhyming couplet based on your prompt:
  163: Certainly! Here's a rhyming couplet inspired by your prompt:
  164: Certainly! Here's a rhyming couplet that follows your prompt:
  165: Sure! Here's a rhyming couplet that continues your line:
  166: Sure! Here's a rhyming couplet that captures the joy of reading and the joy of discovering books:
  167: Certainly! Here's a rhyming couplet that continues the theme of books and reading:
  168: Certainly! Here's a rhyming couplet that continues your original line:
  169: Certainly! Here's a rhyming couplet that captures the imagery of a reader's joy with books:
  170: Certainly! Here's a rhyming couplet inspired by your prompt:
  171: Certainly! Here's a rhyming couplet that captures the joy of reading and the quiet satisfaction of a reader:
  172: Certainly! Here's a rhyming couplet that captures the joy of reading and the beauty of a well-organized collection:
  173: Certainly! Here's a rhyming couplet that continues with the theme of books and reading:
  174: Certainly! Here's a rhyming couplet based on your initial lines:
  175: Certainly! Here's a rhyming couplet that continues your initial lines:
  176: Certainly! Here's a rhyming couplet that continues your original line:
  177: Certainly! Here's a rhyming couplet that fits your theme:
  178: Certainly! Here's a rhyming couplet based on your prompt:
  179: Certainly! Here's a rhyming couplet inspired by the imagery you provided:
  180: Certainly! Here's a rhyming couplet that continues your line:
  181: Certainly! Here's a rhyming couplet that continues the imagery of books and reading:
  182: Certainly! Here's a rhyming couplet that continues the theme of books and reading:
  183: Sure! Here's a rhyming couplet that continues your line:
  184: Sure! Here's a rhyming couplet that captures the theme of books and reading:
  185: Certainly! Here's a rhyming couplet that continues your initial lines:
  186: Sure! Here's a rhyming couplet that matches your style:
  187: Certainly! Here's a rhyming couplet that continues your initial lines:
  188: Certainly! Here's a rhyming couplet that continues with your opening lines:
  189: Certainly! Here's a rhyming couplet that follows your prompt:
  190: Sure! Here's a rhyming couplet that captures the joy of reading:
  191: Certainly! Here's a rhyming couplet that continues your original lines:
  192: Certainly! Here's a rhyming couplet that continues the imagery of reading and books:
  193: Certainly! Here's a rhyming couplet that continues your line:
  194: Certainly! Here's a rhyming couplet that follows your theme:
  195: Certainly! Here's a rhyming couplet that fits your theme:
  196: Sure! Here's a rhyming couplet that continues your lines:
  197: Sure! Here's a rhyming couplet that follows your style:
  198: Certainly! Here's a rhyming couplet that continues your initial line:
  199: Sure! Here's a rhyming couplet that captures the joy of reading and the wonder of books:
  200: Certainly! Here's a rhyming couplet that matches your theme:

FIRST LINE: Boxes of books, a reader's habit,
  001: Sure! Here's a rhyming couplet that matches your theme:
  002: Certainly! Here's a rhyming couplet that continues your prompt:
  003: Certainly! Here's a rhyming couplet that continues the theme of a reader's habit with boxes of books:
  004: Certainly! Here's a rhyming couplet that continues your initial line:
  005: Certainly! Here's a rhyming couplet that continues your theme:
  006: Certainly! Here's a rhyming couplet that continues your theme:
  007: Certainly! Here's a rhyming couplet that fits your theme:
  008: Certainly! Here's a rhyming couplet that fits your theme:
  009: Certainly! Here's a rhyming couplet that captures the essence of a reader's habit with a poetic touch:
  010: Sure! Here's a rhyming couplet based on your theme:
  011: Certainly! Here's a rhyming couplet that continues your initial lines:
  012: Certainly! Here's a rhyming couplet based on your prompt:
  013: Certainly! Here's a rhyming couplet that fits your prompt:
  014: Certainly! Here's a rhyming couplet that follows your theme:
  015: Certainly! Here's a rhyming couplet that fits your theme:
  016: Certainly! Here's a rhyming couplet that continues the theme of a reader's habit:
  017: Certainly! Here's a rhyming couplet based on your prompt:
  018: Certainly! Here's a rhyming couplet that fits your prompt:
  019: Certainly! Here's a rhyming couplet that follows your theme:
  020: Certainly! Here's a rhyming couplet that continues your original lines:
  021: Certainly! Here's a rhyming couplet based on your prompt:
  022: Certainly! Here's a rhyming couplet that continues the theme of a reader's habit with a sense of continuity and rhythm:
  023: Certainly! Here's a rhyming couplet that fits your theme:
  024: Certainly! Here's a rhyming couplet that continues your initial lines:
  025: Certainly! Here's a rhyming couplet based on your prompt:
  026: Certainly! Here's a rhyming couplet that fits your theme:
  027: Certainly! Here's a rhyming couplet that continues your theme:
  028: Certainly! Here's a rhyming couplet that continues your theme:
  029: Certainly! Here's a rhyming couplet that fits your theme:
  030: Certainly! Here's a rhyming couplet based on your prompt:
  031: Sure! Here's a rhyming couplet that continues your theme:
  032: Sure! Here's a rhyming couplet that fits your theme:
  033: Certainly! Here's a rhyming couplet that continues your idea:
  034: Certainly! Here's a rhyming couplet that captures the essence of a reader's habit with a touch of poetic imagery:
  035: Certainly! Here's a rhyming couplet that fits your theme:
  036: Sure! Here's a rhyming couplet based on your prompt:
  037: Certainly! Here's a rhyming couplet that follows your theme:
  038: Certainly! Here's a rhyming couplet that fits your theme:
  039: Certainly! Here's a rhyming couplet based on your prompt:
  040: Certainly! Here's a rhyming couplet based on your prompt:
  041: Certainly! Here's a rhyming couplet that continues with your theme:
  042: Certainly! Here's a rhyming couplet that fits your theme:
  043: Certainly! Here's a rhyming couplet that matches your theme:
  044: Sure! Here's a rhyming couplet inspired by your prompt:
  045: Certainly! Here's a rhyming couplet based on your prompt:
  046: Certainly! Here's a rhyming couplet inspired by your prompt:
  047: Certainly! Here's a rhyming couplet that matches your style:
  048: Certainly! Here's a rhyming couplet that continues the theme of a reader's habit with boxes of books:
  049: Certainly! Here's a rhyming couplet that follows your theme:
  050: Certainly! Here's a rhyming couplet that continues your theme:
  051: Certainly! Here's a rhyming couplet that fits your prompt:
  052: Certainly! Here's a rhyming couplet based on your prompt:
  053: Certainly! Here's a rhyming couplet that continues your theme:
  054: Certainly! Here's a rhyming couplet that fits your theme:
  055: Certainly! Here's a rhyming couplet that fits your theme:
  056: Certainly! Here's a rhyming couplet that continues your theme:
  057: Sure! Here's a rhyming couplet that fits your prompt:
  058: Certainly! Here's a rhyming couplet that matches your theme:
  059: Certainly! Here's a rhyming couplet that fits your prompt:
  060: Certainly! Here's a rhyming couplet that fits your prompt:
  061: Sure! Here's a rhyming couplet based on your prompt:
  062: Certainly! Here's a rhyming couplet that continues your prompt:
  063: Certainly! Here's a rhyming couplet that continues the theme of a reader's habit with boxes of books:
  064: Certainly! Here's a rhyming couplet that continues with your prompt:
  065: Certainly! Here's a rhyming couplet based on your theme:
  066: Certainly! Here's a rhyming couplet that continues the theme of a reader's habit with a focus on books:
  067: Certainly! Here's a rhyming couplet based on your prompt:
  068: Certainly! Here's a rhyming couplet that fits your theme:
  069: Certainly! Here's a rhyming couplet that continues your theme:
  070: Certainly! Here's a rhyming couplet that continues your theme:
  071: Certainly! Here's a rhyming couplet that captures the essence of reading and the quiet habit of a reader:
  072: Certainly! Here's a rhyming couplet that follows your prompt:
  073: Certainly! Here's a rhyming couplet that captures the essence of a reader's habit:
  074: Certainly! Here's a rhyming couplet based on your prompt:
  075: Certainly! Here's a rhyming couplet based on your prompt:
  076: Certainly! Here's a rhyming couplet that fits your theme:
  077: Certainly! Here's a rhyming couplet that fits your theme:
  078: Certainly! Here's a rhyming couplet that matches your theme:
  079: Certainly! Here's a rhyming couplet that fits your theme:
  080: Sure! Here's a rhyming couplet that fits your theme:
  081: Sure! Here's a rhyming couplet that matches your theme:
  082: Sure! Here's a rhyming couplet that fits your theme:
  083: Certainly! Here's a rhyming couplet based on your prompt:
  084: Certainly! Here's a rhyming couplet that fits your theme:
  085: Certainly! Here's a rhyming couplet based on your prompt:
  086: Certainly! Here's a rhyming couplet based on your prompt:
  087: Certainly! Here's a rhyming couplet based on your inspiration:
  088: Certainly! Here's a rhyming couplet that fits your theme:
  089: Certainly! Here's a rhyming couplet based on your inspiration:
  090: Certainly! Here's a rhyming couplet based on your prompt:
  091: Certainly! Here's a rhyming couplet based on your prompt:
  092: Sure! Here's a rhyming couplet that continues your theme:
  093: Certainly! Here's a rhyming couplet that continues your theme:
  094: Certainly! Here's a rhyming couplet that continues your theme:
  095: Certainly! Here's a rhyming couplet based on your theme:
  096: Sure! Here's a rhyming couplet based on your prompt:
  097: Certainly! Here's a rhyming couplet that fits your theme:
  098: Certainly! Here's a rhyming couplet that continues your theme:
  099: Certainly! Here's a rhyming couplet that fits your theme:
  100: Certainly! Here's a rhyming couplet that continues the theme of a reader's habit:
  101: Certainly! Here's a rhyming couplet that continues your theme:
  102: Certainly! Here's a rhyming couplet based on your prompt:
  103: Certainly! Here's a rhyming couplet that continues your original lines:
  104: Certainly! Here's a rhyming couplet based on your prompt:
  105: Certainly! Here's a rhyming couplet that continues your theme:
  106: Certainly! Here's a rhyming couplet that continues the theme of books and reading:
  107: Certainly! Here's a rhyming couplet that captures the essence of a reader's routine with a literary touch:
  108: Certainly! Here's a rhyming couplet that continues your initial lines:
  109: Certainly! Here's a rhyming couplet based on your prompt:
  110: Certainly! Here's a rhyming couplet inspired by your lines:
  111: Certainly! Here's a rhyming couplet based on your prompt:
  112: Certainly! Here's a rhyming couplet that fits your theme:
  113: Certainly! Here's a rhyming couplet that continues your original lines:
  114: Certainly! Here's a rhyming couplet based on your prompt:
  115: Certainly! Here's a rhyming couplet that captures the essence of a reader's habit with a touch of poetic imagery:
  116: Sure! Here's a rhyming couplet inspired by your prompt:
  117: Certainly! Here's a rhyming couplet that fits your theme:
  118: Certainly! Here's a rhyming couplet that continues your idea:
  119: Certainly! Here's a rhyming couplet inspired by your prompt:
  120: Certainly! Here's a rhyming couplet inspired by your prompt:
  121: Certainly! Here's a rhyming couplet that fits your theme:
  122: Certainly! Here's a rhyming couplet based on your prompt:
  123: Certainly! Here's a rhyming couplet that fits your theme:
  124: Certainly! Here's a rhyming couplet that continues your original lines:
  125: Sure! Here's a rhyming couplet based on your prompt:
  126: Sure! Here's a rhyming couplet based on your prompt:
  127: Certainly! Here's a rhyming couplet that continues your theme:
  128: Certainly! Here's a rhyming couplet based on your prompt:
  129: Certainly! Here's a rhyming couplet based on your prompt:
  130: Certainly! Here's a rhyming couplet that continues your theme:
  131: Certainly! Here's a rhyming couplet that fits your theme:
  132: Certainly! Here's a rhyming couplet that captures the essence of a reader's habit with a poetic touch:
  133: Certainly! Here's a rhyming couplet that continues your original lines:
  134: Certainly! Here's a rhyming couplet that fits your theme:
  135: Certainly! Here's a rhyming couplet that continues the imagery of a reader's habit with boxes of books:
  136: Certainly! Here's a rhyming couplet that follows your theme:
  137: Certainly! Here's a rhyming couplet based on your prompt:
  138: Certainly! Here's a rhyming couplet that captures the imagery of books and reading:
  139: Certainly! Here's a rhyming couplet that continues your theme:
  140: Certainly! Here's a rhyming couplet based on your prompt:
  141: Certainly! Here's a rhyming couplet that captures the essence of a reader's habit with a poetic touch:
  142: Certainly! Here's a rhyming couplet that fits your theme:
  143: Sure! Here's a rhyming couplet based on your prompt:
  144: Certainly! Here's a rhyming couplet that continues your prompt:
  145: Certainly! Here's a rhyming couplet that captures the essence of a reader's habit with a touch of poetic imagery:
  146: Sure! Here's a rhyming couplet based on your prompt:
  147: Certainly! Here's a rhyming couplet that captures the essence of a reader's habit with a touch of poetic imagery:
  148: Certainly! Here's a rhyming couplet based on your prompt:
  149: Certainly! Here's a rhyming couplet that captures the imagery of a reader's habit:
  150: Certainly! Here's a rhyming couplet that continues your theme:
  151: Certainly! Here's a rhyming couplet inspired by your lines:
  152: Sure! Here's a rhyming couplet inspired by your prompt:
  153: Certainly! Here's a rhyming couplet based on your prompt:
  154: Certainly! Here's a rhyming couplet that continues the theme of reading and books:
  155: Certainly! Here's a rhyming couplet based on your prompt:
  156: Certainly! Here's a rhyming couplet that continues your theme:
  157: Sure! Here's a rhyming couplet that fits your theme:
  158: Certainly! Here's a rhyming couplet inspired by your theme:
  159: Sure! Here's a rhyming couplet based on your prompt:
  160: Certainly! Here's a rhyming couplet based on your prompt:
  161: Certainly! Here's a rhyming couplet that continues your original theme:
  162: Certainly! Here's a rhyming couplet based on your prompt:
  163: Certainly! Here's a rhyming couplet that captures the essence of a reader's habit with a touch of imagery:
  164: Certainly! Here's a rhyming couplet that fits your theme:
  165: Certainly! Here's a rhyming couplet based on your prompt:
  166: Sure! Here's a rhyming couplet based on your prompt:
  167: Certainly! Here's a rhyming couplet that fits your theme:
  168: Certainly! Here's a rhyming couplet that fits your theme:
  169: Certainly! Here's a rhyming couplet that continues your prompt:
  170: Certainly! Here's a rhyming couplet that continues your theme:
  171: Certainly! Here's a rhyming couplet that fits your theme:
  172: Certainly! Here's a rhyming couplet based on your theme:
  173: Certainly! Here's a rhyming couplet inspired by your prompt:
  174: Certainly! Here's a rhyming couplet that fits your theme:
  175: Certainly! Here's a rhyming couplet that captures the essence of a reader's habit with a touch of poetic imagery:
  176: Certainly! Here's a rhyming couplet that continues the theme of books and reading:
  177: Certainly! Here's a rhyming couplet that matches your theme:
  178: Certainly! Here's a rhyming couplet based on your prompt:
  179: Certainly! Here's a rhyming couplet based on your prompt:
  180: Certainly! Here's a rhyming couplet inspired by your prompt:
  181: Certainly! Here's a rhyming couplet that continues your theme:
  182: Certainly! Here's a rhyming couplet that fits your theme:
  183: Certainly! Here's a rhyming couplet based on your prompt:
  184: Certainly! Here's a rhyming couplet based on your theme:
  185: Certainly! Here's a rhyming couplet that captures the essence of a reader's habit with a touch of poetic imagery:
  186: Certainly! Here's a rhyming couplet that continues the theme of a reader's habit with boxes of books:
  187: Certainly! Here's a rhyming couplet based on your prompt:
  188: Certainly! Here's a rhyming couplet that continues your prompt:
  189: Sure! Here's a rhyming couplet based on your prompt:
  190: Certainly! Here's a rhyming couplet that continues the theme of reading and the habit of books:
  191: Certainly! Here's a rhyming couplet that fits your theme:
  192: Certainly! Here's a rhyming couplet that continues the theme you provided:
  193: Certainly! Here's a rhyming couplet that fits your theme:
  194: Certainly! Here's a rhyming couplet based on your prompt:
  195: Certainly! Here's a rhyming couplet that fits your theme:
  196: Certainly! Here's a rhyming couplet that continues your theme:
  197: Certainly! Here's a rhyming couplet that matches your inspiration:
  198: Certainly! Here's a rhyming couplet based on your prompt:
  199: Certainly! Here's a rhyming couplet that matches your theme:
  200: Sure! Here's a rhyming couplet based on your prompt:

FIRST LINE: Boxes of books, a reader's passion,
  001: Certainly! Here's a rhyming couplet that captures the essence of a reader's passion:
  002: Certainly! Here's a rhyming couplet based on your prompt:
  003: Certainly! Here's a rhyming couplet that continues your theme:
  004: Certainly! Here's a rhyming couplet that captures the essence of a reader's passion with a touch of literary elegance:
  005: Certainly! Here's a rhyming couplet inspired by your initial lines:
  006: Certainly! Here's a rhyming couplet inspired by your lines:
  007: Sure! Here's a rhyming couplet that captures the essence of a reader's passion with a poetic touch:
  008: Sure! Here's a rhyming couplet inspired by your prompt:
  009: Certainly! Here's a rhyming couplet based on your prompt:
  010: Certainly! Here's a rhyming couplet that captures the essence of a reader's passion:
  011: Certainly! Here's a rhyming couplet based on your theme:
  012: Sure! Here's a rhyming couplet that captures the essence of a reader's passion:
  013: Certainly! Here's a rhyming couplet that matches your theme:
  014: Certainly! Here's a rhyming couplet that continues your theme:
  015: Certainly! Here's a rhyming couplet that follows your theme:
  016: Certainly! Here's a rhyming couplet that captures the essence of a reader's passion:
  017: Sure! Here's a rhyming couplet based on your prompt:
  018: Certainly! Here's a rhyming couplet that captures the essence of a reader's passion with a touch of imagery and rhythm:
  019: Certainly! Here's a rhyming couplet inspired by your prompt:
  020: Certainly! Here's a rhyming couplet that continues your original lines:
  021: Certainly! Here's a rhyming couplet that captures the essence of a reader's passion and the joy of books:
  022: Certainly! Here's a rhyming couplet based on your prompt:
  023: Certainly! Here's a rhyming couplet that captures the essence of a reader's passion:
  024: Certainly! Here's a rhyming couplet that captures the essence of a reader's passion with a touch of imagery:
  025: Certainly! Here's a rhyming couplet that continues your theme:
  026: Sure! Here's a rhyming couplet that continues your theme:
  027: Sure! Here's a rhyming couplet based on your prompt:
  028: Sure! Here's a rhyming couplet that fits your theme:
  029: Sure! Here's a rhyming couplet based on your inspiration:
  030: Certainly! Here's a rhyming couplet that captures the spirit of a reader's passion with a touch of poetry:
  031: Certainly! Here's a rhyming couplet that captures the theme of a reader's passion:
  032: Sure! Here's a rhyming couplet that fits your theme:
  033: Certainly! Here's a rhyming couplet that continues your theme:
  034: Certainly! Here's a rhyming couplet based on your prompt:
  035: Certainly! Here's a rhyming couplet that captures the theme of a reader's passion with a touch of poetic elegance:
  036: Certainly! Here's a rhyming couplet that captures the essence of a reader's passion:
  037: Certainly! Here's a rhyming couplet that continues the theme of a reader's passion and the collection of books:
  038: Sure! Here's a rhyming couplet that continues your original lines:
  039: Sure! Here's a rhyming couplet that captures the theme of a reader's passion with a touch of whimsy and elegance:
  040: Sure! Here's a rhyming couplet based on your prompt:
  041: Certainly! Here's a rhyming couplet that captures the essence of a reader's passion:
  042: Certainly! Here's a rhyming couplet based on your prompt:
  043: Certainly! Here's a rhyming couplet that captures the essence of a reader's passion:
  044: Certainly! Here's a rhyming couplet that captures the essence of a reader's passion and the joy of collecting books:
  045: Certainly! Here's a rhyming couplet that fits your theme:
  046: Certainly! Here's a rhyming couplet that captures the essence of a reader's passion:
  047: Certainly! Here's a rhyming couplet that continues the theme of a reader's passion:
  048: Certainly! Here's a rhyming couplet based on your prompt:
  049: Certainly! Here's a rhyming couplet based on your prompt:
  050: Certainly! Here's a rhyming couplet that captures the essence of a reader's passion:
  051: Certainly! Here's a rhyming couplet based on your prompt:
  052: Certainly! Here's a rhyming couplet that fits your theme:
  053: Sure! Here's a rhyming couplet that fits your theme:
  054: Sure! Here's a rhyming couplet that fits your theme:
  055: Certainly! Here's a rhyming couplet that captures the spirit of a reader's passion:
  056: Certainly! Here's a rhyming couplet that continues your theme:
  057: Certainly! Here's a rhyming couplet that continues your original lines:
  058: Sure! Here's a rhyming couplet inspired by your prompt:
  059: Sure! Here's a rhyming couplet based on your prompt:
  060: Certainly! Here's a rhyming couplet that continues your theme of a reader's passion:
  061: Certainly! Here's a rhyming couplet that captures the essence of a reader's passion with a touch of whimsy:
  062: Sure! Here's a rhyming couplet inspired by your phrase:
  063: Certainly! Here's a rhyming couplet that captures the theme of a reader's passion with a literary twist:
  064: Sure! Here's a rhyming couplet based on your theme:
  065: Certainly! Here's a rhyming couplet that matches your theme:
  066: Sure! Here's a rhyming couplet that fits your theme:
  067: Sure! Here's a rhyming couplet based on your prompt:
  068: Certainly! Here's a rhyming couplet that fits your theme:
  069: Certainly! Here's a rhyming couplet that captures the imagery of a reader's passion with boxes of books:
  070: Certainly! Here's a rhyming couplet inspired by your prompt:
  071: Sure! Here's a rhyming couplet based on your prompt:
  072: Sure! Here's a rhyming couplet that captures the essence of a reader's passion with a touch of poetic imagery:
  073: Certainly! Here's a rhyming couplet that continues your initial line:
  074: Sure! Here's a rhyming couplet that captures the essence of a reader's passion:
  075: Certainly! Here's a rhyming couplet that continues your theme:
  076: Sure! Here's a rhyming couplet that captures the spirit of a reader's passion with a touch of poetic imagery:
  077: Certainly! Here's a rhyming couplet that captures the essence of a reader's passion with a touch of poetry:
  078: Sure! Here's a rhyming couplet that continues your theme:
  079: Certainly! Here's a rhyming couplet that captures the spirit of a reader's passion:
  080: Sure! Here's a rhyming couplet that captures the idea of a reader's passion:
  081: Certainly! Here's a rhyming couplet that fits your theme:
  082: Certainly! Here's a rhyming couplet inspired by your prompt:
  083: Certainly! Here's a rhyming couplet that continues your theme:
  084: Sure! Here's a rhyming couplet that fits your theme:
  085: Certainly! Here's a rhyming couplet that continues your theme:
  086: Sure! Here's a rhyming couplet that captures the idea of a reader's passion and the love of books:
  087: Certainly! Here's a rhyming couplet that fits your theme:
  088: Sure! Here's a rhyming couplet that fits your theme:
  089: Certainly! Here's a rhyming couplet inspired by your lines:
  090: Certainly! Here's a rhyming couplet that matches your theme:
  091: Certainly! Here's a rhyming couplet that captures the essence of a reader's passion with a touch of poetic imagery:
  092: Certainly! Here's a rhyming couplet that captures the essence of a reader's passion with a touch of poetic imagery:
  093: Certainly! Here's a rhyming couplet that captures the imagery of books and reading:
  094: Certainly! Here's a rhyming couplet that captures the essence of a reader's passion with a touch of imagery:
  095: Certainly! Here's a rhyming couplet that continues your original line:
  096: Certainly! Here's a rhyming couplet that matches your theme:
  097: Certainly! Here's a rhyming couplet that captures the essence of a reader's passion:
  098: Sure! Here's a rhyming couplet based on your prompt:
  099: Certainly! Here's a rhyming couplet inspired by your theme:
  100: Certainly! Here's a rhyming couplet based on your inspiration:
  101: Certainly! Here's a rhyming couplet inspired by your lines:
  102: Sure! Here's a rhyming couplet that fits your theme:
  103: Certainly! Here's a rhyming couplet inspired by your prompt:
  104: Certainly! Here's a rhyming couplet based on your prompt:
  105: Certainly! Here's a rhyming couplet that captures the essence of a reader's passion with a touch of poetry:
  106: Certainly! Here's a rhyming couplet based on your prompt:
  107: Certainly! Here's a rhyming couplet inspired by your prompt:
  108: Certainly! Here's a rhyming couplet that continues your theme:
  109: Certainly! Here's a rhyming couplet that captures the theme of a reader's passion and the accumulation of books:
  110: Certainly! Here's a rhyming couplet based on your prompt:
  111: Sure! Here's a rhyming couplet inspired by your prompt:
  112: Certainly! Here's a rhyming couplet based on your prompt:
  113: Sure! Here's a rhyming couplet based on your prompt:
  114: Certainly! Here's a rhyming couplet based on your prompt:
  115: Certainly! Here's a rhyming couplet that continues your idea:
  116: Certainly! Here's a rhyming couplet based on your prompt:
  117: Certainly! Here's a rhyming couplet that continues your theme:
  118: Certainly! Here's a rhyming couplet inspired by your theme:
  119: Certainly! Here's a rhyming couplet that fits your theme:
  120: Certainly! Here's a rhyming couplet that fits your theme:
  121: Certainly! Here's a rhyming couplet based on your prompt:
  122: Sure! Here's a rhyming couplet based on your prompt:
  123: Sure! Here's a rhyming couplet that continues your theme:
  124: Certainly! Here's a rhyming couplet that continues your theme:
  125: Sure! Here's a rhyming couplet that continues the theme of a reader's passion:
  126: Certainly! Here's a rhyming couplet that follows your prompt:
  127: Certainly! Here's a rhyming couplet based on your prompt:
  128: Sure! Here's a rhyming couplet that continues your line:
  129: Certainly! Here's a rhyming couplet that follows your theme:
  130: Certainly! Here's a rhyming couplet that fits your theme:
  131: Certainly! Here's a rhyming couplet based on your prompt:
  132: Sure! Here's a rhyming couplet that captures the essence of a reader's passion:
  133: Certainly! Here's a rhyming couplet that matches your theme:
  134: Sure! Here's a rhyming couplet that fits your theme:
  135: Certainly! Here's a rhyming couplet that continues the theme of a reader's passion:
  136: Certainly! Here's a rhyming couplet that captures the spirit of a reader's passion with a touch of poetic beauty:
  137: Certainly! Here's a rhyming couplet based on your prompt:
  138: Certainly! Here's a rhyming couplet based on your prompt:
  139: Certainly! Here's a rhyming couplet that captures the spirit of a reader's passion:
  140: Certainly! Here's a rhyming couplet that continues your theme:
  141: Certainly! Here's a rhyming couplet that continues your theme:
  142: Certainly! Here's a rhyming couplet based on your prompt:
  143: Sure! Here's a rhyming couplet that fits your theme:
  144: Sure! Here's a rhyming couplet that continues your theme:
  145: Certainly! Here's a rhyming couplet based on your prompt:
  146: Certainly! Here's a rhyming couplet that continues your line:
  147: Sure! Here's a rhyming couplet based on your prompt:
  148: Certainly! Here's a rhyming couplet inspired by the theme of reading and books:
  149: Certainly! Here's a rhyming couplet that captures the essence of a reader's passion with a touch of imagery:
  150: Certainly! Here's a rhyming couplet based on your inspiration:
  151: Certainly! Here's a rhyming couplet that continues your theme:
  152: Sure! Here's a rhyming couplet that continues your line:
  153: Certainly! Here's a rhyming couplet that captures the essence of a reader's passion:
  154: Certainly! Here's a rhyming couplet inspired by your prompt:
  155: Sure! Here's a rhyming couplet based on your prompt:
  156: Certainly! Here's a rhyming couplet that captures the theme of a reader's passion with a touch of whimsy and imagery:
  157: Certainly! Here's a rhyming couplet that continues your theme:
  158: Certainly! Here's a rhyming couplet that fits your theme:
  159: Certainly! Here's a rhyming couplet that continues the theme of a reader's passion:
  160: Certainly! Here's a rhyming couplet that continues your original lines:
  161: Sure! Here's a rhyming couplet that continues the theme of a reader's passion:
  162: Certainly! Here's a rhyming couplet that continues your prompt:
  163: Certainly! Here's a rhyming couplet based on your prompt:
  164: Certainly! Here's a rhyming couplet that continues your idea:
  165: Certainly! Here's a rhyming couplet that captures the essence of a reader's passion with a touch of poetry:
  166: Certainly! Here's a rhyming couplet that captures the spirit of a reader's passion with a touch of poetic imagery:
  167: Certainly! Here's a rhyming couplet based on your prompt:
  168: Certainly! Here's a rhyming couplet that captures the essence of a reader's passion with a literary touch:
  169: Sure! Here's a rhyming couplet based on your prompt:
  170: Certainly! Here's a rhyming couplet that captures the essence of a reader's passion:
  171: Certainly! Here's a rhyming couplet that continues your theme:
  172: Of course! Here's a rhyming couplet that fits your theme:
  173: Sure! Here's a rhyming couplet based on your prompt:
  174: Certainly! Here's a rhyming couplet that matches your theme:
  175: Of course! Here's a rhyming couplet that captures the theme of a reader's passion and the collection of books:
  176: Certainly! Here's a rhyming couplet that captures the essence of a reader's passion with a touch of poetry:
  177: Certainly! Here's a rhyming couplet inspired by your prompt:
  178: Certainly! Here's a rhyming couplet that continues the theme of a reader's passion:
  179: Certainly! Here's a rhyming couplet based on your prompt:
  180: Certainly! Here's a rhyming couplet that captures the essence of a reader's passion:
  181: Sure! Here's a rhyming couplet based on your prompt:
  182: Sure! Here's a rhyming couplet that captures the theme of a reader's passion and the love of books:
  183: Certainly! Here's a rhyming couplet that captures the imagery of a reader's passion and the allure of books:
  184: Certainly! Here's a rhyming couplet that captures the essence of a reader's passion with a touch of imagery:
  185: Sure! Here's a rhyming couplet that captures the idea of a reader's passion with a touch of poetic rhythm:
  186: Certainly! Here's a rhyming couplet that captures the essence of a reader's passion with a touch of poetic imagery:
  187: Certainly! Here's a rhyming couplet that captures the essence of a reader's passion:
  188: Certainly! Here's a rhyming couplet based on your prompt:
  189: Certainly! Here's a rhyming couplet based on your prompt:
  190: Certainly! Here's a rhyming couplet based on your prompt:
  191: Certainly! Here's a rhyming couplet based on your prompt:
  192: Sure! Here's a rhyming couplet that fits your theme:
  193: Certainly! Here's a rhyming couplet that matches your theme:
  194: Certainly! Here's a rhyming couplet that matches your theme:
  195: Certainly! Here's a rhyming couplet that captures the essence of a reader's passion:
  196: Certainly! Here's a rhyming couplet based on your theme:
  197: Sure! Here's a rhyming couplet that continues your theme:
  198: Certainly! Here's a rhyming couplet based on your theme:
  199: Sure! Here's a rhyming couplet based on your inspiration:
  200: Certainly! Here's a rhyming couplet that continues the theme of a reader's passion:

FIRST LINE: Boxes of books, a reader's craze,
  001: Certainly! Here's a rhyming couplet that fits your theme:
  002: Certainly! Here's a rhyming couplet that fits your prompt:
  003: Certainly! Here's a rhyming couplet based on your prompt:
  004: Certainly! Here's a rhyming couplet that fits your prompt:
  005: Certainly! Here's a rhyming couplet that fits your theme:
  006: Certainly! Here's a rhyming couplet that fits your inspiration:
  007: Sure! Here's a rhyming couplet inspired by your prompt:
  008: Sure! Here's a rhyming couplet that continues your line:
  009: Certainly! Here's a rhyming couplet that continues your prompt:
  010: Certainly! Here's a rhyming couplet that continues your theme:
  011: Certainly! Here's a rhyming couplet that fits your style:
  012: Certainly! Here's a rhyming couplet inspired by your prompt:
  013: Certainly! Here's a rhyming couplet based on your prompt:
  014: Certainly! Here's a rhyming couplet inspired by your prompt:
  015: Certainly! Here's a rhyming couplet based on your prompt:
  016: Sure! Here's a rhyming couplet that fits your theme:
  017: Certainly! Here's a rhyming couplet that fits your theme:
  018: Certainly! Here's a rhyming couplet that continues your theme:
  019: Certainly! Here's a rhyming couplet based on your prompt:
  020: Certainly! Here's a rhyming couplet based on your prompt:
  021: Certainly! Here's a rhyming couplet based on your prompt:
  022: Certainly! Here's a rhyming couplet based on your prompt:
  023: Certainly! Here's a rhyming couplet that continues the theme of a reader's craze:
  024: Certainly! Here's a rhyming couplet that matches your style:
  025: Certainly! Here's a rhyming couplet that captures the essence of a reader's craze with a touch of poetry:
  026: Sure! Here's a rhyming couplet that fits your prompt:
  027: Certainly! Here's a rhyming couplet that fits the theme of a reader's craze with boxes of books:
  028: Certainly! Here's a rhyming couplet based on your prompt:
  029: Certainly! Here's a rhyming couplet that fits your theme:
  030: Sure! Here's a rhyming couplet based on your prompt:
  031: Sure! Here's a rhyming couplet inspired by your prompt:
  032: Sure! Here's a rhyming couplet that fits your theme:
  033: Sure! Here's a rhyming couplet inspired by your prompt:
  034: Certainly! Here's a rhyming couplet based on your prompt:
  035: Certainly! Here's a rhyming couplet that follows your theme:
  036: Certainly! Here's a rhyming couplet that follows your theme:
  037: Certainly! Here's a rhyming couplet based on your prompt:
  038: Certainly! Here's a rhyming couplet inspired by your theme:
  039: Sure! Here's a rhyming couplet based on your prompt:
  040: Certainly! Here's a rhyming couplet based on your prompt:
  041: Certainly! Here's a rhyming couplet inspired by your prompt:
  042: Certainly! Here's a rhyming couplet based on your prompt:
  043: Certainly! Here's a rhyming couplet based on your prompt:
  044: Certainly! Here's a rhyming couplet that matches your inspiration:
  045: Certainly! Here's a rhyming couplet that captures the essence of a reader's craze with a touch of whimsy:
  046: Sure! Here's a rhyming couplet that captures your image:
  047: Sure! Here's a rhyming couplet that matches your prompt:
  048: Certainly! Here's a rhyming couplet that continues the theme of a reader's craze with books:
  049: Certainly! Here's a rhyming couplet that fits your theme:
  050: Certainly! Here's a rhyming couplet that continues your theme:
  051: Certainly! Here's a rhyming couplet that fits your prompt:
  052: Certainly! Here's a rhyming couplet that fits your prompt:
  053: Certainly! Here's a rhyming couplet that matches your theme:
  054: Certainly! Here's a rhyming couplet based on your prompt:
  055: Sure! Here's a rhyming couplet based on your prompt:
  056: Certainly! Here's a rhyming couplet that captures your theme:
  057: Certainly! Here's a rhyming couplet inspired by your prompt:
  058: Certainly! Here's a rhyming couplet that continues your prompt:
  059: Certainly! Here's a rhyming couplet that fits your theme:
  060: Sure! Here's a rhyming couplet inspired by your prompt:
  061: Certainly! Here's a rhyming couplet inspired by your prompt:
  062: Certainly! Here's a rhyming couplet that continues your theme:
  063: Certainly! Here's a rhyming couplet that fits your prompt:
  064: Certainly! Here's a rhyming couplet that continues your theme:
  065: Certainly! Here's a rhyming couplet that fits your theme:
  066: Certainly! Here's a rhyming couplet that fits your theme:
  067: Certainly! Here's a rhyming couplet based on your prompt:
  068: Certainly! Here's a rhyming couplet that continues your idea:
  069: Certainly! Here's a rhyming couplet that continues your theme:
  070: Sure! Here's a rhyming couplet based on your prompt:
  071: Certainly! Here's a rhyming couplet based on your prompt:
  072: Certainly! Here's a rhyming couplet based on your prompt:
  073: Certainly! Here's a rhyming couplet based on your prompt:
  074: Certainly! Here's a rhyming couplet inspired by your prompt:
  075: Certainly! Here's a rhyming couplet inspired by your prompt:
  076: Certainly! Here's a rhyming couplet that fits your theme:
  077: Certainly! Here's a rhyming couplet that continues your idea:
  078: Sure! Here's a rhyming couplet based on your prompt:
  079: Certainly! Here's a rhyming couplet that fits your theme:
  080: Sure! Here's a rhyming couplet that fits your theme:
  081: Sure! Here's a rhyming couplet based on your prompt:
  082: Certainly! Here's a rhyming couplet that fits your theme:
  083: Certainly! Here's a rhyming couplet inspired by your prompt:
  084: Certainly! Here's a rhyming couplet inspired by your prompt:
  085: Certainly! Here's a rhyming couplet that fits your prompt:
  086: Sure! Here's a rhyming couplet that fits your style:
  087: Certainly! Here's a rhyming couplet that fits your theme:
  088: Certainly! Here's a rhyming couplet that continues your initial line:
  089: Certainly! Here's a rhyming couplet that follows your theme:
  090: Certainly! Here's a rhyming couplet inspired by your initial lines:
  091: Certainly! Here's a rhyming couplet based on your prompt:
  092: Sure! Here's a rhyming couplet that continues the idea of a reader's craze with a focus on books and boxes:
  093: Certainly! Here's a rhyming couplet that captures the essence of a reader's craze with a touch of whimsy and rhythm:
  094: Certainly! Here's a rhyming couplet that fits your theme:
  095: Certainly! Here's a rhyming couplet that continues your theme:
  096: Certainly! Here's a rhyming couplet inspired by your prompt:
  097: Certainly! Here's a rhyming couplet that matches your theme:
  098: Sure! Here's a rhyming couplet inspired by your prompt:
  099: Sure! Here's a rhyming couplet that continues your theme:
  100: Sure! Here's a rhyming couplet that fits your prompt:
  101: Certainly! Here's a rhyming couplet that continues your theme:
  102: Sure! Here's a rhyming couplet based on your prompt:
  103: Sure! Here's a rhyming couplet based on your prompt:
  104: Sure! Here's a rhyming couplet that fits your theme:
  105: Certainly! Here's a rhyming couplet based on your prompt:
  106: Certainly! Here's a rhyming couplet based on your prompt:
  107: Sure! Here's a rhyming couplet that fits your theme:
  108: Certainly! Here's a rhyming couplet inspired by your prompt:
  109: Certainly! Here's a rhyming couplet inspired by your prompt:
  110: Certainly! Here's a rhyming couplet based on your prompt:
  111: Certainly! Here's a rhyming couplet that fits your theme:
  112: Certainly! Here's a rhyming couplet that continues your theme:
  113: Certainly! Here's a rhyming couplet that follows your theme:
  114: Sure! Here's a rhyming couplet that fits your prompt:
  115: Certainly! Here's a rhyming couplet that continues your theme:
  116: Certainly! Here's a rhyming couplet based on your prompt:
  117: Sure! Here's a rhyming couplet that fits your theme:
  118: Certainly! Here's a rhyming couplet that fits your theme:
  119: Certainly! Here's a rhyming couplet that follows your theme:
  120: Certainly! Here's a rhyming couplet that fits your style:
  121: Certainly! Here's a rhyming couplet that continues your theme:
  122: Certainly! Here's a rhyming couplet based on your prompt:
  123: Certainly! Here's a rhyming couplet that fits your theme:
  124: Certainly! Here's a rhyming couplet that continues your inspiration:
  125: Certainly! Here's a rhyming couplet that continues your theme:
  126: Sure! Here's a rhyming couplet based on your prompt:
  127: Certainly! Here's a rhyming couplet inspired by your lines:
  128: Sure! Here's a rhyming couplet based on your inspiration:
  129: Certainly! Here's a rhyming couplet that continues your theme:
  130: Sure! Here's a rhyming couplet inspired by your prompt:
  131: Certainly! Here's a rhyming couplet that fits your theme:
  132: Certainly! Here's a rhyming couplet that fits your prompt:
  133: Certainly! Here's a rhyming couplet that fits your theme:
  134: Certainly! Here's a rhyming couplet based on your prompt:
  135: Certainly! Here's a rhyming couplet that fits your prompt:
  136: Certainly! Here's a rhyming couplet based on your prompt:
  137: Certainly! Here's a rhyming couplet that continues your idea:
  138: Certainly! Here's a rhyming couplet that continues your theme:
  139: Sure! Here's a rhyming couplet that continues your idea:
  140: Certainly! Here's a rhyming couplet that continues your original lines:
  141: Certainly! Here's a rhyming couplet based on your prompt:
  142: Certainly! Here's a rhyming couplet that continues your prompt:
  143: Certainly! Here's a rhyming couplet that continues your theme:
  144: Certainly! Here's a rhyming couplet that continues your initial lines:
  145: Certainly! Here's a rhyming couplet based on your prompt:
  146: Certainly! Here's a rhyming couplet that captures the essence of a reader's craze with a poetic touch:
  147: Certainly! Here's a rhyming couplet based on your prompt:
  148: Certainly! Here's a rhyming couplet inspired by your prompt:
  149: Certainly! Here's a rhyming couplet inspired by your prompt:
  150: Certainly! Here's a rhyming couplet that fits your theme:
  151: Certainly! Here's a rhyming couplet based on your prompt:
  152: Certainly! Here's a rhyming couplet that fits your prompt:
  153: Certainly! Here's a rhyming couplet that fits your theme:
  154: Certainly! Here's a rhyming couplet that captures your idea:
  155: Sure! Here's a rhyming couplet that continues the theme of a reader's craze:
  156: Sure! Here's a rhyming couplet inspired by your prompt:
  157: Certainly! Here's a rhyming couplet based on your prompt:
  158: Sure! Here's a rhyming couplet that continues your thought:
  159: Certainly! Here's a rhyming couplet based on your prompt:
  160: Certainly! Here's a rhyming couplet based on your prompt:
  161: Certainly! Here's a rhyming couplet that follows your theme:
  162: Certainly! Here's a rhyming couplet that fits your theme:
  163: Sure! Here's a rhyming couplet based on your theme:
  164: Certainly! Here's a rhyming couplet that captures the spirit of a reader's craze with a touch of whimsy and imagery:
  165: Sure! Here's a rhyming couplet that fits your theme:
  166: Certainly! Here's a rhyming couplet based on your prompt:
  167: Sure! Here's a rhyming couplet based on your prompt:
  168: Sure! Here's a rhyming couplet based on your prompt:
  169: Certainly! Here's a rhyming couplet inspired by your prompt:
  170: Sure! Here's a rhyming couplet based on your prompt:
  171: Certainly! Here's a rhyming couplet that continues your theme:
  172: Certainly! Here's a rhyming couplet based on your prompt:
  173: Certainly! Here's a rhyming couplet based on your prompt:
  174: Sure! Here's a rhyming couplet based on your prompt:
  175: Certainly! Here's a rhyming couplet that fits your theme:
  176: Certainly! Here's a rhyming couplet that continues your theme:
  177: Certainly! Here's a rhyming couplet based on your prompt:
  178: Certainly! Here's a rhyming couplet that continues your theme:
  179: Certainly! Here's a rhyming couplet that fits your theme:
  180: Certainly! Here's a rhyming couplet that fits your theme:
  181: Certainly! Here's a rhyming couplet based on your prompt:
  182: Certainly! Here's a rhyming couplet based on your prompt:
  183: Certainly! Here's a rhyming couplet inspired by your prompt:
  184: Sure! Here's a rhyming couplet based on your prompt:
  185: Certainly! Here's a rhyming couplet inspired by your prompt:
  186: Certainly! Here's a rhyming couplet that fits your theme:
  187: Sure! Here's a rhyming couplet that matches your theme:
  188: Certainly! Here's a rhyming couplet based on your prompt:
  189: Certainly! Here's a rhyming couplet that continues your theme:
  190: Certainly! Here's a rhyming couplet that fits your theme:
  191: Certainly! Here's a rhyming couplet that matches your theme:
  192: Certainly! Here's a rhyming couplet based on your prompt:
  193: Certainly! Here's a rhyming couplet based on your prompt:
  194: Certainly! Here's a rhyming couplet that matches your style:
  195: Certainly! Here's a rhyming couplet that follows your theme:
  196: Certainly! Here's a rhyming couplet based on your prompt:
  197: Certainly! Here's a rhyming couplet that continues the theme of a reader's craze:
  198: Certainly! Here's a rhyming couplet that continues your prompt:
  199: Certainly! Here's a rhyming couplet that continues your theme:
  200: Certainly! Here's a rhyming couplet inspired by your theme:

FIRST LINE: Boxes of books, a reader's fun,
  001: Certainly! Here's a rhyming couplet that matches your theme:
  002: Sure! Here's a rhyming couplet that fits your theme:
  003: Certainly! Here's a rhyming couplet based on your prompt:
  004: Certainly! Here's a rhyming couplet that continues your original lines:
  005: Certainly! Here's a rhyming couplet inspired by the theme of reading and books:
  006: Sure! Here's a rhyming couplet that matches your theme:
  007: Certainly! Here's a rhyming couplet based on your prompt:
  008: Sure! Here's a rhyming couplet that fits your theme:
  009: Certainly! Here's a rhyming couplet that matches your style:
  010: Certainly! Here's a rhyming couplet that matches your prompt:
  011: Certainly! Here's a rhyming couplet inspired by your prompt:
  012: Certainly! Here's a rhyming couplet that fits your theme:
  013: Certainly! Here's a rhyming couplet inspired by your line:
  014: Certainly! Here's a rhyming couplet that fits your theme:
  015: Sure! Here's a rhyming couplet based on your prompt:
  016: Sure! Here's a rhyming couplet based on your lines:
  017: Certainly! Here's a rhyming couplet that continues the theme of books and reading:
  018: Certainly! Here's a rhyming couplet based on your prompt:
  019: Certainly! Here's a rhyming couplet based on your prompt:
  020: Sure! Here's a rhyming couplet based on your prompt:
  021: Certainly! Here's a rhyming couplet inspired by your prompt:
  022: Certainly! Here's a rhyming couplet that continues your line:
  023: Certainly! Here's a rhyming couplet that fits your prompt:
  024: Certainly! Here's a rhyming couplet based on your prompt:
  025: Certainly! Here's a rhyming couplet that continues your initial lines:
  026: Certainly! Here's a rhyming couplet that captures the essence of reading and books:
  027: Certainly! Here's a rhyming couplet that fits your style:
  028: Certainly! Here's a rhyming couplet that matches your theme:
  029: Certainly! Here's a rhyming couplet that fits your prompt:
  030: Certainly! Here's a rhyming couplet that fits your theme:
  031: Certainly! Here's a rhyming couplet that captures the essence of reading and books:
  032: Certainly! Here's a rhyming couplet that matches your theme:
  033: Certainly! Here's a rhyming couplet that continues your initial lines:
  034: Certainly! Here's a rhyming couplet that follows your initial lines:
  035: Certainly! Here's a rhyming couplet that fits your prompt:
  036: Certainly! Here's a rhyming couplet based on your prompt:
  037: Certainly! Here's a rhyming couplet that matches your theme:
  038: Sure! Here's a rhyming couplet based on your prompt:
  039: Certainly! Here's a rhyming couplet that fits your theme:
  040: Sure! Here's a rhyming couplet that fits your theme:
  041: Certainly! Here's a rhyming couplet that matches your initial lines:
  042: Sure! Here's a rhyming couplet based on your prompt:
  043: Certainly! Here's a rhyming couplet that matches your theme:
  044: Sure! Here's a rhyming couplet based on your prompt:
  045: Certainly! Here's a rhyming couplet that fits your style:
  046: Sure! Here's a rhyming couplet that continues your prompt:
  047: Certainly! Here's a rhyming couplet inspired by your prompt:
  048: Certainly! Here's a rhyming couplet that matches your theme:
  049: Certainly! Here's a rhyming couplet that follows your style:
  050: Certainly! Here's a rhyming couplet that continues your line:
  051: Certainly! Here's a rhyming couplet inspired by your prompt:
  052: Certainly! Here's a rhyming couplet that fits your theme:
  053: Certainly! Here's a rhyming couplet that fits your style:
  054: Certainly! Here's a rhyming couplet inspired by your prompt:
  055: Certainly! Here's a rhyming couplet that captures the imagery of a reader's fun with books:
  056: Certainly! Here's a rhyming couplet that fits your theme:
  057: Certainly! Here's a rhyming couplet that fits your prompt:
  058: Certainly! Here's a rhyming couplet that captures the essence of reading and the joy of books:
  059: Certainly! Here's a rhyming couplet inspired by your theme:
  060: Certainly! Here's a rhyming couplet inspired by your opening lines:
  061: Certainly! Here's a rhyming couplet that continues your line:
  062: Certainly! Here's a rhyming couplet inspired by your prompt:
  063: Sure! Here's a rhyming couplet inspired by your lines:
  064: Certainly! Here's a rhyming couplet based on your inspiration:
  065: Certainly! Here's a rhyming couplet that fits your prompt:
  066: Certainly! Here's a rhyming couplet that continues your line:
  067: Certainly! Here's a rhyming couplet that fits your style:
  068: Certainly! Here's a rhyming couplet based on your prompt:
  069: Certainly! Here's a rhyming couplet that follows your theme:
  070: Certainly! Here's a rhyming couplet that fits your prompt:
  071: Certainly! Here's a rhyming couplet based on your prompt:
  072: Certainly! Here's a rhyming couplet based on your lines:
  073: Certainly! Here's a rhyming couplet that continues your stanza:
  074: Certainly! Here's a rhyming couplet that matches your initial lines:
  075: Sure! Here's a rhyming couplet that matches your style:
  076: Certainly! Here's a rhyming couplet based on your lines:
  077: Certainly! Here's a rhyming couplet that captures the essence of a reader's fun with boxes of books:
  078: Certainly! Here's a rhyming couplet that continues your theme:
  079: Certainly! Here's a rhyming couplet that follows your theme:
  080: Certainly! Here's a rhyming couplet that continues your line:
  081: Certainly! Here's a rhyming couplet based on your prompt:
  082: Certainly! Here's a rhyming couplet that matches your style:
  083: Sure! Here's a rhyming couplet that matches your prompt:
  084: Sure! Here's a rhyming couplet that matches your theme:
  085: Certainly! Here's a rhyming couplet based on your prompt:
  086: Certainly! Here's a rhyming couplet that continues your initial lines:
  087: Certainly! Here's a rhyming couplet that matches your prompt:
  088: Certainly! Here's a rhyming couplet that continues your initial lines:
  089: Certainly! Here's a rhyming couplet inspired by your prompt:
  090: Certainly! Here's a rhyming couplet that follows your style:
  091: Certainly! Here's a rhyming couplet that continues your theme:
  092: Certainly! Here's a rhyming couplet that continues your initial lines:
  093: Certainly! Here's a rhyming couplet that matches your style:
  094: Sure! Here's a rhyming couplet based on your prompt:
  095: Certainly! Here's a rhyming couplet that fits your theme:
  096: Certainly! Here's a rhyming couplet that captures the essence of reading and books:
  097: Certainly! Here's a rhyming couplet based on your prompt:
  098: Certainly! Here's a rhyming couplet that matches your theme:
  099: Sure! Here's a rhyming couplet you can use:
  100: Sure! Here's a rhyming couplet that matches your theme:
  101: Certainly! Here's a rhyming couplet that continues the theme of books and reading:
  102: Certainly! Here's a rhyming couplet that fits your initial lines:
  103: Sure! Here's a rhyming couplet that matches your theme:
  104: Certainly! Here's a rhyming couplet that fits your theme:
  105: Certainly! Here's a rhyming couplet that matches your theme:
  106: Certainly! Here's a rhyming couplet that captures the essence of a reader's fun with books:
  107: Certainly! Here's a rhyming couplet that fits your theme:
  108: Certainly! Here's a rhyming couplet that continues your line:
  109: Certainly! Here's a rhyming couplet inspired by your prompt:
  110: Certainly! Here's a rhyming couplet that fits your style:
  111: Certainly! Here's a rhyming couplet that fits your initial lines:
  112: Certainly! Here's a rhyming couplet that fits your theme:
  113: Certainly! Here's a rhyming couplet that continues your prompt:
  114: Certainly! Here's a rhyming couplet that follows your theme:
  115: Sure! Here's a rhyming couplet that fits your style:
  116: Certainly! Here's a rhyming couplet inspired by your prompt:
  117: Certainly! Here's a rhyming couplet based on your theme:
  118: Certainly! Here's a rhyming couplet that matches your theme:
  119: Certainly! Here's a rhyming couplet inspired by your text:
  120: Certainly! Here's a rhyming couplet that fits your style:
  121: Certainly! Here's a rhyming couplet based on your prompt:
  122: Certainly! Here's a rhyming couplet that matches your prompt:
  123: Certainly! Here's a rhyming couplet that matches your theme:
  124: Certainly! Here's a rhyming couplet inspired by your theme:
  125: Certainly! Here's a rhyming couplet that continues your line:
  126: Certainly! Here's a rhyming couplet that continues your initial lines:
  127: Certainly! Here's a rhyming couplet that continues your theme:
  128: Certainly! Here's a rhyming couplet that matches your theme:
  129: Sure! Here's a rhyming couplet that fits your theme:
  130: Certainly! Here's a rhyming couplet based on your prompt:
  131: Sure! Here's a rhyming couplet that fits your prompt:
  132: Certainly! Here's a rhyming couplet that continues your line:
  133: Certainly! Here's a rhyming couplet that continues your line:
  134: Certainly! Here's a rhyming couplet that continues with your initial lines:
  135: Sure! Here's a rhyming couplet that matches your theme:
  136: Certainly! Here's a rhyming couplet based on your prompt:
  137: Sure! Here's a rhyming couplet that fits your prompt:
  138: Certainly! Here's a rhyming couplet that follows your theme:
  139: Certainly! Here's a rhyming couplet that captures the essence of a reader's fun with a touch of whimsy:
  140: Certainly! Here's a rhyming couplet that continues your line:
  141: Certainly! Here's a rhyming couplet that continues the theme of books and reading:
  142: Certainly! Here's a rhyming couplet that fits your prompt:
  143: Certainly! Here's a rhyming couplet that fits your theme:
  144: Certainly! Here's a rhyming couplet based on your prompt:
  145: Certainly! Here's a rhyming couplet that continues your prompt:
  146: Certainly! Here's a rhyming couplet that fits your theme:
  147: Certainly! Here's a rhyming couplet inspired by your lines:
  148: Certainly! Here's a rhyming couplet that follows your theme:
  149: Certainly! Here's a rhyming couplet based on your prompt:
  150: Certainly! Here's a rhyming couplet that fits your style:
  151: Sure! Here's a rhyming couplet that fits your theme:
  152: Certainly! Here's a rhyming couplet based on your prompt:
  153: Certainly! Here's a rhyming couplet that fits your theme:
  154: Certainly! Here's a rhyming couplet that fits your theme:
  155: Certainly! Here's a rhyming couplet that fits your prompt:
  156: Certainly! Here's a rhyming couplet inspired by your initial lines:
  157: Sure! Here's a rhyming couplet based on your inspiration:
  158: Certainly! Here's a rhyming couplet that fits your theme:
  159: Certainly! Here's a rhyming couplet that fits your theme:
  160: Certainly! Here's a rhyming couplet that fits your theme:
  161: Certainly! Here's a rhyming couplet that fits your theme:
  162: Certainly! Here's a rhyming couplet that fits your theme:
  163: Certainly! Here's a rhyming couplet based on your prompt:
  164: Certainly! Here's a rhyming couplet that fits your style:
  165: Certainly! Here's a rhyming couplet based on your theme:
  166: Sure! Here's a rhyming couplet that matches your theme:
  167: Certainly! Here's a rhyming couplet that continues the theme of books and reading:
  168: Certainly! Here's a rhyming couplet based on your inspiration:
  169: Certainly! Here's a rhyming couplet that continues the theme of books and reading:
  170: Sure! Here's a rhyming couplet that follows your inspiration:
  171: Certainly! Here's a rhyming couplet that matches your style:
  172: Certainly! Here's a rhyming couplet that continues the theme of books and reading:
  173: Certainly! Here's a rhyming couplet that continues with your lines:
  174: Certainly! Here's a rhyming couplet inspired by your line:
  175: Certainly! Here's a rhyming couplet based on your prompt:
  176: Certainly! Here's a rhyming couplet that fits your theme:
  177: Certainly! Here's a rhyming couplet that continues with your prompt:
  178: Sure! Here's a rhyming couplet that fits your theme:
  179: Certainly! Here's a rhyming couplet that matches your prompt:
  180: Certainly! Here's a rhyming couplet that fits your theme:
  181: Certainly! Here's a rhyming couplet that fits your theme:
  182: Certainly! Here's a rhyming couplet that fits your style:
  183: Certainly! Here's a rhyming couplet based on your theme:
  184: Certainly! Here's a rhyming couplet that continues your initial lines:
  185: Certainly! Here's a rhyming couplet based on your prompt:
  186: Certainly! Here's a rhyming couplet that fits your theme:
  187: Certainly! Here's a rhyming couplet that fits your style:
  188: Certainly! Here's a rhyming couplet inspired by your lines:
  189: Certainly! Here's a rhyming couplet that fits your theme:
  190: Certainly! Here's a rhyming couplet that matches your theme:
  191: Certainly! Here's a rhyming couplet that continues your original lines:
  192: Certainly! Here's a rhyming couplet that continues your inspiration:
  193: Certainly! Here's a rhyming couplet that fits your prompt:
  194: Certainly! Here's a rhyming couplet based on your prompt:
  195: Certainly! Here's a rhyming couplet that continues the theme of books and reading:
  196: Certainly! Here's a rhyming couplet that continues your theme:
  197: Certainly! Here's a rhyming couplet based on your prompt:
  198: Sure! Here's a rhyming couplet based on your prompt:
  199: Certainly! Here's a rhyming couplet inspired by your lines:
  200: Certainly! Here's a rhyming couplet inspired by your line:

FIRST LINE: Boxes of books, a reader's pastime,
  001: Certainly! Here's a rhyming couplet that fits your theme:
  002: Certainly! Here's a rhyming couplet based on your prompt:
  003: Certainly! Here's a rhyming couplet that fits your theme:
  004: Certainly! Here's a rhyming couplet that fits your theme:
  005: Certainly! Here's a rhyming couplet that fits your theme:
  006: Sure! Here's a rhyming couplet based on your prompt:
  007: Sure! Here's a rhyming couplet that fits your theme:
  008: Certainly! Here's a rhyming couplet that fits your theme:
  009: Certainly! Here's a rhyming couplet that fits your theme:
  010: Certainly! Here's a rhyming couplet based on your prompt:
  011: Certainly! Here's a rhyming couplet that captures the essence of a reader's pastime with boxes of books:
  012: Certainly! Here's a rhyming couplet that captures the essence of a reader's pastime with boxes of books:
  013: Certainly! Here's a rhyming couplet based on your prompt:
  014: Certainly! Here's a rhyming couplet that fits your theme:
  015: Certainly! Here's a rhyming couplet that captures the essence of a reader's pastime:
  016: Certainly! Here's a rhyming couplet inspired by your prompt:
  017: Certainly! Here's a rhyming couplet that fits your theme:
  018: Certainly! Here's a rhyming couplet that fits your theme:
  019: Sure! Here's a rhyming couplet inspired by your prompt:
  020: Certainly! Here's a rhyming couplet that fits your theme:
  021: Certainly! Here's a rhyming couplet inspired by your prompt:
  022: Certainly! Here's a rhyming couplet that fits your theme:
  023: Certainly! Here's a rhyming couplet based on your prompt:
  024: Certainly! Here's a rhyming couplet based on your prompt:
  025: Certainly! Here's a rhyming couplet that captures the essence of reading and the joy of a reader's pastime:
  026: Certainly! Here's a rhyming couplet that captures the essence of a reader's pastime:
  027: Certainly! Here's a rhyming couplet inspired by the idea of books and reading:
  028: Certainly! Here's a rhyming couplet that captures the essence of a reader's pastime:
  029: Certainly! Here's a rhyming couplet that fits your theme:
  030: Certainly! Here's a rhyming couplet that fits your theme:
  031: Certainly! Here's a rhyming couplet based on your prompt:
  032: Certainly! Here's a rhyming couplet that continues your idea:
  033: Certainly! Here's a rhyming couplet inspired by your prompt:
  034: Certainly! Here's a rhyming couplet that captures the essence of reading and the joy of a reader's pastime:
  035: Certainly! Here's a rhyming couplet that fits your theme:
  036: Certainly! Here's a rhyming couplet that fits your theme:
  037: Certainly! Here's a rhyming couplet that fits your theme:
  038: Certainly! Here's a rhyming couplet that fits your theme:
  039: Certainly! Here's a rhyming couplet that captures the spirit of a reader's pastime with boxes of books:
  040: Sure! Here's a rhyming couplet that continues your theme:
  041: Sure! Here's a rhyming couplet that matches your theme:
  042: Certainly! Here's a rhyming couplet based on your theme:
  043: Certainly! Here's a rhyming couplet that fits your theme:
  044: Certainly! Here's a rhyming couplet that fits your theme:
  045: Certainly! Here's a rhyming couplet that fits your theme:
  046: Certainly! Here's a rhyming couplet that fits your theme:
  047: Certainly! Here's a rhyming couplet that matches your theme:
  048: Certainly! Here's a rhyming couplet based on your prompt:
  049: Certainly! Here's a rhyming couplet that matches your theme:
  050: Certainly! Here's a rhyming couplet that fits your theme:
  051: Certainly! Here's a rhyming couplet that fits your theme:
  052: Certainly! Here's a rhyming couplet that fits your theme:
  053: Certainly! Here's a rhyming couplet that captures the essence of a reader's pastime:
  054: Certainly! Here's a rhyming couplet that fits your theme:
  055: Certainly! Here's a rhyming couplet that captures the imagery of a reader's pastime:
  056: Certainly! Here's a rhyming couplet based on your prompt:
  057: Certainly! Here's a rhyming couplet that fits your theme:
  058: Certainly! Here's a rhyming couplet that fits your theme:
  059: Certainly! Here's a rhyming couplet that captures the essence of reading and the joy of a reader's pastime:
  060: Certainly! Here's a rhyming couplet based on your prompt:
  061: Certainly! Here's a rhyming couplet that fits your theme:
  062: Certainly! Here's a rhyming couplet that fits your theme:
  063: Sure! Here's a rhyming couplet based on your prompt:
  064: Certainly! Here's a rhyming couplet based on your prompt:
  065: Certainly! Here's a rhyming couplet that continues your theme:
  066: Certainly! Here's a rhyming couplet that captures the essence of a reader's pastime with books:
  067: Certainly! Here's a rhyming couplet that fits your theme:
  068: Certainly! Here's a rhyming couplet that fits your theme:
  069: Certainly! Here's a rhyming couplet inspired by your prompt:
  070: Certainly! Here's a rhyming couplet that fits your theme:
  071: Certainly! Here's a rhyming couplet that continues your theme:
  072: Certainly! Here's a rhyming couplet that matches your prompt:
  073: Certainly! Here's a rhyming couplet that fits your theme:
  074: Certainly! Here's a rhyming couplet that fits your theme:
  075: Certainly! Here's a rhyming couplet that fits your theme:
  076: Certainly! Here's a rhyming couplet that fits your theme:
  077: Certainly! Here's a rhyming couplet that fits your theme:
  078: Certainly! Here's a rhyming couplet that fits your theme:
  079: Certainly! Here's a rhyming couplet that captures the essence of a reader's pastime:
  080: Certainly! Here's a rhyming couplet that fits your theme:
  081: Certainly! Here's a rhyming couplet based on your prompt:
  082: Certainly! Here's a rhyming couplet that fits your theme:
  083: Certainly! Here's a rhyming couplet that captures the essence of a reader's pastime with boxes of books:
  084: Certainly! Here's a rhyming couplet based on your theme:
  085: Certainly! Here's a rhyming couplet that fits your theme:
  086: Certainly! Here's a rhyming couplet that captures the essence of reading and the joy of a reader's pastime:
  087: Certainly! Here's a rhyming couplet based on your theme:
  088: Certainly! Here's a rhyming couplet that fits your theme:
  089: Certainly! Here's a rhyming couplet that captures the essence of reading and the joy of a reader's pastime:
  090: Certainly! Here's a rhyming couplet that captures the essence of a reader's pastime:
  091: Certainly! Here's a rhyming couplet that captures the essence of a reader's pastime with boxes of books:
  092: Certainly! Here's a rhyming couplet that matches your prompt:
  093: Certainly! Here's a rhyming couplet that fits your theme:
  094: Certainly! Here's a rhyming couplet based on your prompt:
  095: Sure! Here's a rhyming couplet inspired by your prompt:
  096: Certainly! Here's a rhyming couplet that fits your prompt:
  097: Certainly! Here's a rhyming couplet that captures the spirit of reading and the joy of revisiting a reader's pastime:
  098: Certainly! Here's a rhyming couplet that fits your theme:
  099: Certainly! Here's a rhyming couplet that fits your theme:
  100: Certainly! Here's a rhyming couplet that fits your prompt:
  101: Certainly! Here's a rhyming couplet that captures the essence of a reader's pastime:
  102: Certainly! Here's a rhyming couplet that fits your theme:
  103: Certainly! Here's a rhyming couplet based on your prompt:
  104: Sure! Here's a rhyming couplet based on your theme:
  105: Certainly! Here's a rhyming couplet that captures the essence of reading and the joy of a reader's pastime:
  106: Certainly! Here's a rhyming couplet that continues your theme:
  107: Sure! Here's a rhyming couplet that fits your theme:
  108: Sure! Here's a rhyming couplet that fits your theme:
  109: Certainly! Here's a rhyming couplet that fits your theme:
  110: Certainly! Here's a rhyming couplet inspired by your prompt:
  111: Certainly! Here's a rhyming couplet that fits your theme:
  112: Sure! Here's a rhyming couplet that fits your theme:
  113: Certainly! Here's a rhyming couplet based on your theme:
  114: Sure! Here's a rhyming couplet that captures the essence of reading and the joy of a reader's pastime:
  115: Certainly! Here's a rhyming couplet inspired by the image of books and reading:
  116: Certainly! Here's a rhyming couplet that fits your theme:
  117: Sure! Here's a rhyming couplet that fits your theme:
  118: Certainly! Here's a rhyming couplet based on your prompt:
  119: Certainly! Here's a rhyming couplet that fits your theme:
  120: Certainly! Here's a rhyming couplet that fits your theme:
  121: Certainly! Here's a rhyming couplet that fits your theme:
  122: Certainly! Here's a rhyming couplet that captures the essence of reading and the love of books:
  123: Certainly! Here's a rhyming couplet that fits your theme:
  124: Certainly! Here's a rhyming couplet that fits your theme:
  125: Certainly! Here's a rhyming couplet that fits your theme:
  126: Certainly! Here's a rhyming couplet that fits your theme:
  127: Certainly! Here's a rhyming couplet that captures the essence of reading and the joy of a reader's pastime:
  128: Certainly! Here's a rhyming couplet that fits your prompt:
  129: Certainly! Here's a rhyming couplet that captures the spirit of reading and the joy of a reader's pastime:
  130: Sure! Here's a rhyming couplet based on your theme:
  131: Certainly! Here's a rhyming couplet that fits your theme:
  132: Certainly! Here's a rhyming couplet that fits your theme:
  133: Certainly! Here's a rhyming couplet that fits your theme:
  134: Sure! Here's a rhyming couplet that fits your theme:
  135: Certainly! Here's a rhyming couplet that captures the imagery of books and reading:
  136: Certainly! Here's a rhyming couplet that continues the theme of reading and books:
  137: Certainly! Here's a rhyming couplet that matches your theme:
  138: Certainly! Here's a rhyming couplet that fits your theme:
  139: Sure! Here's a rhyming couplet that captures the essence of a reader's pastime:
  140: Certainly! Here's a rhyming couplet that fits your theme:
  141: Certainly! Here's a rhyming couplet based on your prompt:
  142: Certainly! Here's a rhyming couplet that captures the essence of a reader's pastime with a touch of whimsy:
  143: Certainly! Here's a rhyming couplet that fits your theme:
  144: Certainly! Here's a rhyming couplet that captures the essence of reading and the joy of a reader's pastime:
  145: Certainly! Here's a rhyming couplet inspired by your prompt:
  146: Sure! Here's a rhyming couplet that fits your style:
  147: Certainly! Here's a rhyming couplet that fits your theme:
  148: Certainly! Here's a rhyming couplet that fits your theme:
  149: Certainly! Here's a rhyming couplet that fits your theme:
  150: Certainly! Here's a rhyming couplet that captures the essence of reading and the joy of a reader's pastime:
  151: Certainly! Here's a rhyming couplet based on your prompt:
  152: Certainly! Here's a rhyming couplet that fits your theme:
  153: Certainly! Here's a rhyming couplet that continues the theme of a reader's pastime:
  154: Certainly! Here's a rhyming couplet based on your prompt:
  155: Sure! Here's a rhyming couplet based on your prompt:
  156: Sure! Here's a rhyming couplet that fits your theme:
  157: Certainly! Here's a rhyming couplet that fits your theme:
  158: Certainly! Here's a rhyming couplet that fits your theme:
  159: Certainly! Here's a rhyming couplet based on your prompt:
  160: Certainly! Here's a rhyming couplet that fits your theme:
  161: Certainly! Here's a rhyming couplet that captures the essence of a reader's pastime:
  162: Certainly! Here's a rhyming couplet that captures the essence of reading and the joy of a reader's pastime:
  163: Certainly! Here's a rhyming couplet based on your prompt:
  164: Certainly! Here's a rhyming couplet inspired by your prompt:
  165: Sure! Here's a rhyming couplet based on your prompt:
  166: Certainly! Here's a rhyming couplet inspired by the image of a reader's pastime:
  167: Certainly! Here's a rhyming couplet that fits your theme:
  168: Certainly! Here's a rhyming couplet that fits your theme:
  169: Certainly! Here's a rhyming couplet that continues your theme:
  170: Certainly! Here's a rhyming couplet that fits your theme:
  171: Sure! Here's a rhyming couplet that captures the imagery of reading and the joy of books:
  172: Certainly! Here's a rhyming couplet that fits your theme:
  173: Certainly! Here's a rhyming couplet that fits your theme:
  174: Certainly! Here's a rhyming couplet that matches your theme:
  175: Certainly! Here's a rhyming couplet that fits your theme:
  176: Sure! Here's a rhyming couplet that fits your theme:
  177: Certainly! Here's a rhyming couplet that fits your theme:
  178: Certainly! Here's a rhyming couplet that captures the essence of reading and the quiet joy of a reader's pastime:
  179: Certainly! Here's a rhyming couplet based on your prompt:
  180: Certainly! Here's a rhyming couplet inspired by your prompt:
  181: Certainly! Here's a rhyming couplet based on your prompt:
  182: Certainly! Here's a rhyming couplet that fits your theme:
  183: Certainly! Here's a rhyming couplet that fits your theme:
  184: Certainly! Here's a rhyming couplet based on your theme:
  185: Certainly! Here's a rhyming couplet that matches your theme:
  186: Certainly! Here's a rhyming couplet that fits your theme:
  187: Certainly! Here's a rhyming couplet that matches your theme:
  188: Certainly! Here's a rhyming couplet that captures the essence of a reader's pastime:
  189: Certainly! Here's a rhyming couplet that captures the essence of a reader's pastime with boxes of books:
  190: Certainly! Here's a rhyming couplet that fits your theme:
  191: Certainly! Here's a rhyming couplet that fits your theme:
  192: Certainly! Here's a rhyming couplet that continues your theme:
  193: Certainly! Here's a rhyming couplet that captures the essence of a reader's pastime:
  194: Certainly! Here's a rhyming couplet that continues the theme of a reader's pastime with boxes of books:
  195: Certainly! Here's a rhyming couplet that fits your theme:
  196: Certainly! Here's a rhyming couplet that captures the essence of a reader's pastime:
  197: Certainly! Here's a rhyming couplet based on your prompt:
  198: Certainly! Here's a rhyming couplet that captures the essence of a reader's pastime with a touch of whimsy:
  199: Certainly! Here's a rhyming couplet that fits your theme:
  200: Certainly! Here's a rhyming couplet based on your prompt:

FIRST LINE: Boxes of books, a reader's diversion,
  001: Certainly! Here's a rhyming couplet that fits your theme:
  002: Certainly! Here's a rhyming couplet that follows your theme:
  003: Certainly! Here's a rhyming couplet that fits your theme:
  004: Certainly! Here's a rhyming couplet that fits your theme:
  005: Certainly! Here's a rhyming couplet inspired by your prompt:
  006: Certainly! Here's a rhyming couplet that fits your theme:
  007: Certainly! Here's a rhyming couplet that matches your prompt:
  008: Certainly! Here's a rhyming couplet based on your prompt:
  009: Certainly! Here's a rhyming couplet that fits your theme:
  010: Sure! Here's a rhyming couplet based on your prompt:
  011: Sure! Here's a rhyming couplet that fits your prompt:
  012: Certainly! Here's a rhyming couplet inspired by your prompt:
  013: Sure! Here's a rhyming couplet based on your prompt:
  014: Certainly! Here's a rhyming couplet that follows your prompt:
  015: Certainly! Here's a rhyming couplet based on your lines:
  016: Certainly! Here's a rhyming couplet that captures the essence of a reader's diversion:
  017: Certainly! Here's a rhyming couplet that fits your inspiration:
  018: Certainly! Here's a rhyming couplet that continues your thought:
  019: Certainly! Here's a rhyming couplet that fits your theme:
  020: Certainly! Here's a rhyming couplet that continues your theme:
  021: Certainly! Here's a rhyming couplet that matches your theme:
  022: Certainly! Here's a rhyming couplet that follows your prompt:
  023: Certainly! Here's a rhyming couplet that fits your prompt:
  024: Sure! Here's a rhyming couplet that fits your theme:
  025: Sure! Here's a rhyming couplet based on your prompt:
  026: Certainly! Here's a rhyming couplet inspired by your prompt:
  027: Certainly! Here's a rhyming couplet based on your prompt:
  028: Certainly! Here's a rhyming couplet inspired by your prompt:
  029: Certainly! Here's a rhyming couplet inspired by your prompt:
  030: Certainly! Here's a rhyming couplet that continues your theme:
  031: Certainly! Here's a rhyming couplet that continues your theme:
  032: Certainly! Here's a rhyming couplet that fits your style:
  033: Certainly! Here's a rhyming couplet that matches your style:
  034: Certainly! Here's a rhyming couplet that continues your initial line:
  035: Certainly! Here's a rhyming couplet that fits your style:
  036: Certainly! Here's a rhyming couplet inspired by your prompt:
  037: Certainly! Here's a rhyming couplet that fits your prompt:
  038: Certainly! Here's a rhyming couplet that matches your style:
  039: Certainly! Here's a rhyming couplet that fits your theme:
  040: Certainly! Here's a rhyming couplet that fits your inspiration:
  041: Certainly! Here's a rhyming couplet based on your prompt:
  042: Certainly! Here's a rhyming couplet that follows your prompt:
  043: Certainly! Here's a rhyming couplet that continues your theme:
  044: Certainly! Here's a rhyming couplet that fits your prompt:
  045: Certainly! Here's a rhyming couplet inspired by your line:
  046: Certainly! Here's a rhyming couplet that captures the essence of a reader's diversion:
  047: Certainly! Here's a rhyming couplet that fits your prompt:
  048: Certainly! Here's a rhyming couplet that fits your theme:
  049: Certainly! Here's a rhyming couplet that fits your theme:
  050: Certainly! Here's a rhyming couplet based on your prompt:
  051: Certainly! Here's a rhyming couplet that continues your prompt:
  052: Certainly! Here's a rhyming couplet that continues the theme of a reader's diversion:
  053: Certainly! Here's a rhyming couplet that fits your theme:
  054: Sure! Here's a rhyming couplet that fits your theme:
  055: Certainly! Here's a rhyming couplet that matches your inspiration:
  056: Certainly! Here's a rhyming couplet that matches your inspiration:
  057: Certainly! Here's a rhyming couplet that fits your prompt:
  058: Certainly! Here's a rhyming couplet that follows your theme:
  059: Certainly! Here's a rhyming couplet that fits your prompt:
  060: Certainly! Here's a rhyming couplet that fits your theme:
  061: Certainly! Here's a rhyming couplet that continues your opening line:
  062: Certainly! Here's a rhyming couplet that continues your opening lines:
  063: Certainly! Here's a rhyming couplet that matches your theme:
  064: Certainly! Here's a rhyming couplet that matches your style:
  065: Certainly! Here's a rhyming couplet inspired by your prompt:
  066: Certainly! Here's a rhyming couplet that fits your theme:
  067: Certainly! Here's a rhyming couplet that fits your theme:
  068: Certainly! Here's a rhyming couplet that continues your theme:
  069: Certainly! Here's a rhyming couplet that fits your theme:
  070: Sure! Here's a rhyming couplet that fits your prompt:
  071: Certainly! Here's a rhyming couplet based on your prompt:
  072: Certainly! Here's a rhyming couplet that follows your theme:
  073: Certainly! Here's a rhyming couplet that fits your theme:
  074: Certainly! Here's a rhyming couplet that fits your theme:
  075: Certainly! Here's a rhyming couplet that fits your prompt:
  076: Sure! Here's a rhyming couplet that fits your theme:
  077: Certainly! Here's a rhyming couplet that continues your theme:
  078: Certainly! Here's a rhyming couplet that continues the theme of books and reading:
  079: Certainly! Here's a rhyming couplet that fits your prompt:
  080: Certainly! Here's a rhyming couplet that matches your style:
  081: Certainly! Here's a rhyming couplet that captures the essence of a reader's diversion with books:
  082: Certainly! Here's a rhyming couplet that matches your theme:
  083: Certainly! Here's a rhyming couplet that continues your opening line:
  084: Certainly! Here's a rhyming couplet based on your prompt:
  085: Certainly! Here's a rhyming couplet that fits your prompt:
  086: Certainly! Here's a rhyming couplet that follows your theme:
  087: Certainly! Here's a rhyming couplet that fits your prompt:
  088: Certainly! Here's a rhyming couplet that fits your theme:
  089: Certainly! Here's a rhyming couplet that continues your theme:
  090: Certainly! Here's a rhyming couplet that continues your theme:
  091: Certainly! Here's a rhyming couplet that fits your style:
  092: Certainly! Here's a rhyming couplet that fits your theme:
  093: Certainly! Here's a rhyming couplet that continues your idea:
  094: Certainly! Here's a rhyming couplet based on your prompt:
  095: Sure! Here's a rhyming couplet that fits your prompt:
  096: Certainly! Here's a rhyming couplet that continues the theme of a reader's diversion:
  097: Sure! Here's a rhyming couplet that fits your theme:
  098: Certainly! Here's a rhyming couplet based on your prompt:
  099: Certainly! Here's a rhyming couplet that continues your theme:
  100: Certainly! Here's a rhyming couplet that fits your theme:
  101: Certainly! Here's a rhyming couplet that fits your theme:
  102: Certainly! Here's a rhyming couplet that fits your theme:
  103: Certainly! Here's a rhyming couplet inspired by your prompt:
  104: Certainly! Here's a rhyming couplet that fits your theme:
  105: Certainly! Here's a rhyming couplet that continues your theme:
  106: Certainly! Here's a rhyming couplet that continues your theme:
  107: Certainly! Here's a rhyming couplet that fits your theme:
  108: Certainly! Here's a rhyming couplet that fits your theme:
  109: Certainly! Here's a rhyming couplet that captures the essence of a reader's diversion:
  110: Certainly! Here's a rhyming couplet based on your inspiration:
  111: Certainly! Here's a rhyming couplet that continues the theme of a reader's diversion:
  112: Certainly! Here's a rhyming couplet that continues your original line:
  113: Certainly! Here's a rhyming couplet that fits your prompt:
  114: Certainly! Here's a rhyming couplet that continues your inspiration:
  115: Certainly! Here's a rhyming couplet that continues your initial line:
  116: Certainly! Here's a rhyming couplet that continues your line:
  117: Certainly! Here's a rhyming couplet that matches your prompt:
  118: Certainly! Here's a rhyming couplet that fits your theme:
  119: Sure! Here's a rhyming couplet based on your prompt:
  120: Certainly! Here's a rhyming couplet that fits your theme:
  121: Certainly! Here's a rhyming couplet that continues your theme:
  122: Sure! Here's a rhyming couplet that matches your theme:
  123: Sure! Here's a rhyming couplet that continues your stanza:
  124: Certainly! Here's a rhyming couplet that continues your phrase:
  125: Certainly! Here's a rhyming couplet that fits your theme:
  126: Certainly! Here's a rhyming couplet that matches your prompt:
  127: Certainly! Here's a rhyming couplet that captures the imagery of books and reading:
  128: Certainly! Here's a rhyming couplet inspired by your initial lines:
  129: Certainly! Here's a rhyming couplet that fits your theme:
  130: Certainly! Here's a rhyming couplet that follows your theme:
  131: Certainly! Here's a rhyming couplet that continues your line:
  132: Certainly! Here's a rhyming couplet that follows your theme:
  133: Certainly! Here's a rhyming couplet that continues the theme of a reader's diversion:
  134: Certainly! Here's a rhyming couplet that continues your theme:
  135: Sure! Here's a rhyming couplet that fits your style:
  136: Certainly! Here's a rhyming couplet that matches your inspiration:
  137: Certainly! Here's a rhyming couplet that fits your prompt:
  138: Sure! Here's a rhyming couplet based on your prompt:
  139: Certainly! Here's a rhyming couplet that continues your theme:
  140: Certainly! Here's a rhyming couplet that continues your line:
  141: Certainly! Here's a rhyming couplet based on your theme:
  142: Certainly! Here's a rhyming couplet based on your prompt:
  143: Certainly! Here's a rhyming couplet that fits your theme:
  144: Certainly! Here's a rhyming couplet that fits your theme:
  145: Certainly! Here's a rhyming couplet that matches your theme:
  146: Certainly! Here's a rhyming couplet that matches your theme:
  147: Certainly! Here's a rhyming couplet that matches your theme:
  148: Certainly! Here's a rhyming couplet that fits your theme:
  149: Certainly! Here's a rhyming couplet that fits your initial lines:
  150: Certainly! Here's a rhyming couplet that fits your theme:
  151: Certainly! Here's a rhyming couplet that continues your theme:
  152: Certainly! Here's a rhyming couplet that fits your theme:
  153: Sure! Here's a rhyming couplet that fits your prompt:
  154: Sure! Here's a rhyming couplet based on your prompt:
  155: Certainly! Here's a rhyming couplet that matches your style:
  156: Sure! Here's a rhyming couplet inspired by your prompt:
  157: Sure! Here's a rhyming couplet that continues your line:
  158: Certainly! Here's a rhyming couplet that fits your theme:
  159: Certainly! Here's a rhyming couplet that fits your theme:
  160: Certainly! Here's a rhyming couplet that captures the imagery of books and reading:
  161: Certainly! Here's a rhyming couplet that captures the imagery of a reader's diversion:
  162: Certainly! Here's a rhyming couplet that continues the theme of a reader's diversion:
  163: Certainly! Here's a rhyming couplet that continues your thought:
  164: Certainly! Here's a rhyming couplet based on your prompt:
  165: Sure! Here's a rhyming couplet based on your prompt:
  166: Certainly! Here's a rhyming couplet that matches your prompt:
  167: Certainly! Here's a rhyming couplet that continues the theme of books and reading:
  168: Certainly! Here's a rhyming couplet that continues your theme:
  169: Certainly! Here's a rhyming couplet based on your prompt:
  170: Certainly! Here's a rhyming couplet that continues your opening lines:
  171: Certainly! Here's a rhyming couplet based on your prompt:
  172: Sure! Here's a rhyming couplet that fits your prompt:
  173: Certainly! Here's a rhyming couplet that fits your theme:
  174: Sure! Here's a rhyming couplet that fits your theme:
  175: Certainly! Here's a rhyming couplet that fits your theme:
  176: Sure! Here's a rhyming couplet that continues the theme of a reader's diversion:
  177: Certainly! Here's a rhyming couplet that fits your theme:
  178: Certainly! Here's a rhyming couplet that fits your prompt:
  179: Certainly! Here's a rhyming couplet that continues your theme:
  180: Certainly! Here's a rhyming couplet that follows your theme:
  181: Certainly! Here's a rhyming couplet inspired by your prompt:
  182: Certainly! Here's a rhyming couplet that continues your idea:
  183: Certainly! Here's a rhyming couplet based on your prompt:
  184: Certainly! Here's a rhyming couplet that fits your prompt:
  185: Certainly! Here's a rhyming couplet that continues your initial lines:
  186: Certainly! Here's a rhyming couplet based on your prompt:
  187: Certainly! Here's a rhyming couplet based on your prompt:
  188: Sure! Here's a rhyming couplet that follows your theme:
  189: Sure! Here's a rhyming couplet that matches your prompt:
  190: Certainly! Here's a rhyming couplet that follows your style:
  191: Certainly! Here's a rhyming couplet based on your prompt:
  192: Certainly! Here's a rhyming couplet that fits your theme:
  193: Sure! Here's a rhyming couplet based on your prompt:
  194: Sure! Here's a rhyming couplet based on your prompt:
  195: Certainly! Here's a rhyming couplet based on your prompt:
  196: Certainly! Here's a rhyming couplet that fits your theme:
  197: Certainly! Here's a rhyming couplet based on your prompt:
  198: Certainly! Here's a rhyming couplet that follows your theme:
  199: Certainly! Here's a rhyming couplet that fits your prompt:
  200: Certainly! Here's a rhyming couplet based on your prompt:

FIRST LINE: Boxes of books, a reader's pleasure,
  001: Sure! Here's a rhyming couplet that continues your line:
  002: Certainly! Here's a rhyming couplet that continues your line:
  003: Certainly! Here's a rhyming couplet that continues your line:
  004: Sure! Here's a rhyming couplet based on your prompt:
  005: Certainly! Here's a rhyming couplet that continues the theme of books and reading:
  006: Certainly! Here's a rhyming couplet inspired by your prompt:
  007: Certainly! Here's a rhyming couplet that continues the theme of reading and pleasure:
  008: Certainly! Here's a rhyming couplet that continues your line:
  009: Sure! Here's a rhyming couplet that fits your style:
  010: Certainly! Here's a rhyming couplet that continues your line:
  011: Of course! Here's a rhyming couplet that fits your prompt:
  012: Certainly! Here's a rhyming couplet that fits your theme:
  013: Certainly! Here's a rhyming couplet that fits your style:
  014: Certainly! Here's a rhyming couplet that continues your initial line:
  015: Certainly! Here's a rhyming couplet based on your prompt:
  016: Certainly! Here's a rhyming couplet that continues your original lines:
  017: Certainly! Here's a rhyming couplet that continues the theme of reading and books:
  018: Certainly! Here's a rhyming couplet that continues your original lines:
  019: Sure! Here's a rhyming couplet that fits your theme:
  020: Certainly! Here's a rhyming couplet that continues the theme of reading and books:
  021: Certainly! Here's a rhyming couplet that continues the theme of a reader's pleasure with books:
  022: Certainly! Here's a rhyming couplet that continues your line:
  023: Certainly! Here's a rhyming couplet that continues your initial line:
  024: Certainly! Here's a rhyming couplet that continues your line:
  025: Of books, of thought, of soul's delight,
  026: Certainly! Here's a rhyming couplet that continues your line:
  027: Certainly! Here's a rhyming couplet based on your prompt:
  028: Of course! Here's a rhyming couplet that fits your prompt:
  029: Certainly! Here's a rhyming couplet that continues your lines:
  030: Certainly! Here's a rhyming couplet that continues the imagery of books and reading:
  031: Certainly! Here's a rhyming couplet that continues your theme:
  032: Certainly! Here's a rhyming couplet that fits your theme:
  033: Certainly! Here's a rhyming couplet inspired by your prompt:
  034: Sure! Here's a rhyming couplet that continues your line:
  035: Certainly! Here's a rhyming couplet that continues your line:
  036: Certainly! Here's a rhyming couplet based on your lines:
  037: Certainly! Here's a rhyming couplet that continues your theme:
  038: Certainly! Here's a rhyming couplet that fits your theme:
  039: Certainly! Here's a rhyming couplet that continues your line:
  040: Certainly! Here's a rhyming couplet that continues the theme of books and reading:
  041: Sure! Here's a rhyming couplet that continues your line:
  042: Certainly! Here's a rhyming couplet that fits your theme:
  043: Certainly! Here's a rhyming couplet that continues your original line:
  044: Certainly! Here's a rhyming couplet that fits your theme:
  045: Certainly! Here's a rhyming couplet that fits your theme:
  046: Certainly! Here's a rhyming couplet that continues your original line:
  047: Certainly! Here's a rhyming couplet based on your prompt:
  048: Certainly! Here's a rhyming couplet that continues your line:
  049: Sure! Here's a rhyming couplet that matches your style:
  050: Sure! Here's a rhyming couplet that continues the theme of reading and books:
  051: Certainly! Here's a rhyming couplet that continues the theme of reading and pleasure:
  052: Certainly! Here's a rhyming couplet that captures the essence of a reader's pleasure with the imagery of boxes of books:
  053: Sure! Here's a rhyming couplet that continues your original line:
  054: Certainly! Here's a rhyming couplet that follows your style:
  055: Certainly! Here's a rhyming couplet based on your prompt:
  056: Sure! Here's a rhyming couplet that matches your style:
  057: Certainly! Here's a rhyming couplet that continues your line:
  058: Sure! Here's a rhyming couplet based on your prompt:
  059: Certainly! Here's a rhyming couplet that continues your line:
  060: Sure! Here's a rhyming couplet that continues your theme:
  061: Certainly! Here's a rhyming couplet that continues your theme:
  062: Certainly! Here's a rhyming couplet that captures the essence of reading and books:
  063: Certainly! Here's a rhyming couplet that continues with your opening lines:
  064: Sure! Here's a rhyming couplet that continues your line:
  065: Sure! Here's a rhyming couplet that continues your original lines:
  066: Sure! Here's a rhyming couplet based on your prompt:
  067: Certainly! Here's a rhyming couplet that captures the idea of books and reading:
  068: Certainly! Here's a rhyming couplet that continues your original line:
  069: Certainly! Here's a rhyming couplet that captures the essence of reading and the joy of books:
  070: Certainly! Here's a rhyming couplet that continues the theme of books and reading:
  071: Certainly! Here's a rhyming couplet that continues with your first line:
  072: Sure! Here's a rhyming couplet that continues your lines:
  073: Certainly! Here's a rhyming couplet that continues your theme:
  074: Certainly! Here's a rhyming couplet that continues your inspiration:
  075: Certainly! Here's a rhyming couplet that matches your prompt:
  076: Sure! Here's a rhyming couplet that matches your style:
  077: Certainly! Here's a rhyming couplet that fits your theme:
  078: Certainly! Here's a rhyming couplet that continues the theme of reading and pleasure:
  079: Certainly! Here's a rhyming couplet that continues your theme:
  080: Certainly! Here's a rhyming couplet that matches your theme:
  081: Certainly! Here's a rhyming couplet that continues your thought:
  082: Certainly! Here's a rhyming couplet that continues your initial line:
  083: Certainly! Here's a rhyming couplet that continues your theme:
  084: Sure! Here's a rhyming couplet that matches your style:
  085: Certainly! Here's a rhyming couplet that captures the essence of a reader's pleasure with books:
  086: Certainly! Here's a rhyming couplet that matches your prompt:
  087: Certainly! Here's a rhyming couplet that fits your style:
  088: Sure! Here's a rhyming couplet based on your prompt:
  089: Sure! Here's a rhyming couplet based on your prompt:
  090: Certainly! Here's a rhyming couplet that continues your line:
  091: Certainly! Here's a rhyming couplet based on your prompt:
  092: Certainly! Here's a rhyming couplet that follows your theme:
  093: Certainly! Here's a rhyming couplet that continues your original line:
  094: Certainly! Here's a rhyming couplet that continues with the theme of books and reading:
  095: Of course! Here's a rhyming couplet that follows your theme:
  096: Sure! Here's a rhyming couplet inspired by your prompt:
  097: Certainly! Here's a rhyming couplet that continues your theme:
  098: Certainly! Here's a rhyming couplet that continues with your lines:
  099: Certainly! Here's a rhyming couplet that continues your line:
  100: Certainly! Here's a rhyming couplet that continues your initial lines:
  101: Certainly! Here's a rhyming couplet that follows your inspiration:
  102: Certainly! Here's a rhyming couplet that continues the imagery of books and reading:
  103: Certainly! Here's a rhyming couplet that continues your prompt:
  104: Certainly! Here's a rhyming couplet based on your prompt:
  105: Sure! Here's a rhyming couplet inspired by your lines:
  106: Certainly! Here's a rhyming couplet that fits your theme:
  107: Sure! Here's a rhyming couplet that continues your lines:
  108: Sure! Here's a rhyming couplet that captures the imagery of books and reading:
  109: Sure! Here's a rhyming couplet that continues your line:
  110: Of course! Here's a rhyming couplet that continues your idea:
  111: Sure! Here's a rhyming couplet that matches your inspiration:
  112: Certainly! Here's a rhyming couplet based on your prompt:
  113: Certainly! Here's a rhyming couplet that fits your theme:
  114: Certainly! Here's a rhyming couplet that matches your theme:
  115: Certainly! Here's a rhyming couplet that continues your prompt:
  116: Certainly! Here's a rhyming couplet that continues your line:
  117: Certainly! Here's a rhyming couplet that continues your original line:
  118: Of course! Here's a rhyming couplet that follows your prompt:
  119: Certainly! Here's a rhyming couplet that matches your theme:
  120: Certainly! Here's a rhyming couplet based on your prompt:
  121: Certainly! Here's a rhyming couplet that continues your theme:
  122: Certainly! Here's a rhyming couplet that continues your theme:
  123: Certainly! Here's a rhyming couplet that continues your theme:
  124: Certainly! Here's a rhyming couplet based on your prompt:
  125: Certainly! Here's a rhyming couplet that continues your theme:
  126: Certainly! Here's a rhyming couplet that continues your initial line:
  127: Of course! Here's a rhyming couplet that continues your line:
  128: Certainly! Here's a rhyming couplet based on your prompt:
  129: Of course! Here's a rhyming couplet that fits your theme:
  130: Certainly! Here's a rhyming couplet that fits your initial lines:
  131: Sure! Here's a rhyming couplet that continues your prompt:
  132: Certainly! Here's a rhyming couplet inspired by your prompt:
  133: Certainly! Here's a rhyming couplet that fits your prompt:
  134: Certainly! Here's a rhyming couplet that continues your line:
  135: Certainly! Here's a rhyming couplet that matches your theme:
  136: Sure! Here's a rhyming couplet that continues your initial lines:
  137: Sure! Here's a rhyming couplet based on your prompt:
  138: Certainly! Here's a rhyming couplet that continues your line:
  139: Certainly! Here's a rhyming couplet based on your prompt:
  140: Certainly! Here's a rhyming couplet that matches your theme:
  141: Certainly! Here's a rhyming couplet that continues your stanza:
  142: Certainly! Here's a rhyming couplet that continues the theme of reading and pleasure:
  143: Certainly! Here's a rhyming couplet that matches your style:
  144: Sure! Here's a rhyming couplet inspired by your prompt:
  145: Certainly! Here's a rhyming couplet that continues your line:
  146: Certainly! Here's a rhyming couplet that continues your line:
  147: Certainly! Here's a rhyming couplet that continues your prompt:
  148: Certainly! Here's a rhyming couplet that continues your line:
  149: Certainly! Here's a rhyming couplet based on your prompt:
  150: Certainly! Here's a rhyming couplet based on your prompt:
  151: Certainly! Here's a rhyming couplet that captures the imagery of a reader's pleasure with boxes of books:
  152: Certainly! Here's a rhyming couplet based on your prompt:
  153: Certainly! Here's a rhyming couplet based on your prompt:
  154: Certainly! Here's a rhyming couplet based on your prompt:
  155: Certainly! Here's a rhyming couplet that continues the theme of books and reading:
  156: Certainly! Here's a rhyming couplet that fits your theme:
  157: Certainly! Here's a rhyming couplet that follows your theme:
  158: Certainly! Here's a rhyming couplet based on your prompt:
  159: Certainly! Here's a rhyming couplet that continues your original lines:
  160: Certainly! Here's a rhyming couplet that fits your theme:
  161: Sure! Here's a rhyming couplet that matches your theme:
  162: Sure! Here's a rhyming couplet that continues your original line:
  163: Certainly! Here's a rhyming couplet that captures the essence of reading and the joy of exploring books:
  164: Of course! Here's a rhyming couplet that fits your theme:
  165: Certainly! Here's a rhyming couplet that continues the theme of books and reading:
  166: Certainly! Here's a rhyming couplet that fits your prompt:
  167: Certainly! Here's a rhyming couplet that captures the essence of reading and books:
  168: Certainly! Here's a rhyming couplet that continues your line:
  169: Certainly! Here's a rhyming couplet that continues your theme:
  170: Certainly! Here's a rhyming couplet that continues the theme of books and reading:
  171: Sure! Here's a rhyming couplet that fits your prompt:
  172: Certainly! Here's a rhyming couplet that continues your original line:
  173: Certainly! Here's a rhyming couplet that continues your initial line:
  174: Certainly! Here's a rhyming couplet that continues your line:
  175: Certainly! Here's a rhyming couplet that follows your prompt:
  176: Certainly! Here's a rhyming couplet that continues your line:
  177: Certainly! Here's a rhyming couplet that fits your theme:
  178: Certainly! Here's a rhyming couplet that continues your prompt:
  179: Certainly! Here's a rhyming couplet that captures the essence of reading and books:
  180: Sure! Here's a rhyming couplet that continues your original lines:
  181: Certainly! Here's a rhyming couplet that continues your theme:
  182: Certainly! Here's a rhyming couplet that continues your prompt:
  183: Certainly! Here's a rhyming couplet inspired by your example:
  184: Sure! Here's a rhyming couplet that continues your line:
  185: Certainly! Here's a rhyming couplet that captures the essence of reading and the joy of exploring books:
  186: Certainly! Here's a rhyming couplet that continues with your initial lines:
  187: Sure! Here's a rhyming couplet that fits your style:
  188: Sure! Here's a rhyming couplet that matches your prompt:
  189: Certainly! Here's a rhyming couplet based on your prompt:
  190: Certainly! Here's a rhyming couplet that continues your original line:
  191: Certainly! Here's a rhyming couplet based on your prompt:
  192: Of course! Here's a rhyming couplet that continues your original line:
  193: Sure! Here's a rhyming couplet that continues your line:
  194: Sure! Here's a rhyming couplet that continues your line:
  195: Certainly! Here's a rhyming couplet that matches your theme:
  196: Sure! Here's a rhyming couplet that continues your theme:
  197: Certainly! Here's a rhyming couplet inspired by the theme of books and reading:
  198: Certainly! Here's a rhyming couplet based on your prompt:
  199: Certainly! Here's a rhyming couplet that continues the theme of books and reading:
  200: Certainly! Here's a rhyming couplet that continues your line:

FIRST LINE: Boxes of books, a reader's chore,
  001: Certainly! Here's a rhyming couplet that fits your theme:
  002: Certainly! Here's a rhyming couplet that continues your initial lines:
  003: Certainly! Here's a rhyming couplet based on your prompt:
  004: Certainly! Here's a rhyming couplet inspired by your prompt:
  005: Certainly! Here's a rhyming couplet that continues your initial lines:
  006: Certainly! Here's a rhyming couplet inspired by your theme:
  007: Certainly! Here's a rhyming couplet that fits your prompt:
  008: Of course! Here's a rhyming couplet that fits your theme:
  009: Certainly! Here's a rhyming couplet that continues the imagery of a reader's chore:
  010: Sure! Here's a rhyming couplet that matches your prompt:
  011: Certainly! Here's a rhyming couplet that continues the theme of reading and books:
  012: Certainly! Here's a rhyming couplet based on your prompt:
  013: Certainly! Here's a rhyming couplet that follows your theme:
  014: Certainly! Here's a rhyming couplet based on your prompt:
  015: Certainly! Here's a rhyming couplet that continues your line:
  016: Certainly! Here's a rhyming couplet that continues the theme of a reader's routine:
  017: Certainly! Here's a rhyming couplet that continues your initial line:
  018: Certainly! Here's a rhyming couplet that continues the theme of a reader's routine:
  019: Certainly! Here's a rhyming couplet that captures the imagery of books and reading:
  020: Sure! Here's a rhyming couplet that continues your line:
  021: Certainly! Here's a rhyming couplet that fits your theme:
  022: Certainly! Here's a rhyming couplet that continues your initial line:
  023: Certainly! Here's a rhyming couplet based on your prompt:
  024: Certainly! Here's a rhyming couplet that continues the theme of reading and books:
  025: Certainly! Here's a rhyming couplet that matches your theme:
  026: Sure! Here's a rhyming couplet based on your prompt:
  027: Certainly! Here's a rhyming couplet that continues your initial line:
  028: Certainly! Here's a rhyming couplet based on your prompt:
  029: Certainly! Here's a rhyming couplet inspired by your theme:
  030: Certainly! Here's a rhyming couplet that continues your original lines:
  031: Certainly! Here's a rhyming couplet that continues your initial line:
  032: Of course! Here's a rhyming couplet that fits your theme:
  033: Certainly! Here's a rhyming couplet that continues your theme:
  034: Certainly! Here's a rhyming couplet based on your prompt:
  035: Certainly! Here's a rhyming couplet that fits your theme:
  036: Certainly! Here's a rhyming couplet that matches your theme:
  037: Certainly! Here's a rhyming couplet that continues your theme:
  038: Certainly! Here's a rhyming couplet that fits your inspiration:
  039: Certainly! Here's a rhyming couplet based on your prompt:
  040: Certainly! Here's a rhyming couplet that continues your prompt:
  041: Certainly! Here's a rhyming couplet that follows your prompt:
  042: Certainly! Here's a rhyming couplet that fits your theme:
  043: Certainly! Here's a rhyming couplet that fits your theme:
  044: Certainly! Here's a rhyming couplet that continues your line:
  045: Sure! Here's a rhyming couplet that fits your theme:
  046: Certainly! Here's a rhyming couplet that fits your theme:
  047: Certainly! Here's a rhyming couplet that continues your initial line:
  048: Certainly! Here's a rhyming couplet that continues your original line:
  049: Certainly! Here's a rhyming couplet based on your prompt:
  050: Certainly! Here's a rhyming couplet that continues your initial line:
  051: Certainly! Here's a rhyming couplet that continues the theme of a reader's chore:
  052: Certainly! Here's a rhyming couplet that continues your line:
  053: Certainly! Here's a rhyming couplet that continues your phrase:
  054: Certainly! Here's a rhyming couplet that captures the essence of a reader's routine:
  055: Certainly! Here's a rhyming couplet that continues your initial lines:
  056: Certainly! Here's a rhyming couplet that fits your theme:
  057: Certainly! Here's a rhyming couplet that continues your theme:
  058: Certainly! Here's a rhyming couplet that continues your theme:
  059: Sure! Here's a rhyming couplet that matches your theme:
  060: Sure! Here's a rhyming couplet that fits your theme:
  061: Certainly! Here's a rhyming couplet that fits your prompt:
  062: Certainly! Here's a rhyming couplet that fits your prompt:
  063: Certainly! Here's a rhyming couplet that continues your theme:
  064: Certainly! Here's a rhyming couplet that fits your prompt:
  065: Certainly! Here's a rhyming couplet that fits your prompt:
  066: Certainly! Here's a rhyming couplet that fits your theme:
  067: Certainly! Here's a rhyming couplet that fits your theme:
  068: Certainly! Here's a rhyming couplet that continues the theme of a reader's chore:
  069: Certainly! Here's a rhyming couplet that continues the theme of reading and books:
  070: Certainly! Here's a rhyming couplet based on your prompt:
  071: Certainly! Here's a rhyming couplet based on your prompt:
  072: Certainly! Here's a rhyming couplet that continues your line:
  073: Sure! Here's a rhyming couplet based on your prompt:
  074: Certainly! Here's a rhyming couplet that continues your line:
  075: Certainly! Here's a rhyming couplet that fits your theme:
  076: Certainly! Here's a rhyming couplet that follows your theme:
  077: Certainly! Here's a rhyming couplet that matches your theme:
  078: Certainly! Here's a rhyming couplet that captures the essence of reading and the care involved in organizing books:
  079: Certainly! Here's a rhyming couplet that fits your prompt:
  080: Certainly! Here's a rhyming couplet inspired by your prompt:
  081: Certainly! Here's a rhyming couplet that fits your theme:
  082: Certainly! Here's a rhyming couplet that continues your original lines:
  083: Sure! Here's a rhyming couplet based on your prompt:
  084: Certainly! Here's a rhyming couplet that continues your theme:
  085: Certainly! Here's a rhyming couplet based on your prompt:
  086: Certainly! Here's a rhyming couplet that fits your theme:
  087: Certainly! Here's a rhyming couplet that continues the theme of books and reading:
  088: Certainly! Here's a rhyming couplet that matches your theme:
  089: Certainly! Here's a rhyming couplet that matches your theme:
  090: Certainly! Here's a rhyming couplet that fits your prompt:
  091: Certainly! Here's a rhyming couplet that continues your initial lines:
  092: Certainly! Here's a rhyming couplet based on your prompt:
  093: Certainly! Here's a rhyming couplet that continues the theme of reading and books:
  094: Certainly! Here's a rhyming couplet that continues your line:
  095: Certainly! Here's a rhyming couplet based on your theme:
  096: Certainly! Here's a rhyming couplet inspired by your prompt:
  097: Certainly! Here's a rhyming couplet inspired by your prompt:
  098: Certainly! Here's a rhyming couplet that fits your prompt:
  099: Certainly! Here's a rhyming couplet that fits your prompt:
  100: Certainly! Here's a rhyming couplet that continues your theme:
  101: Certainly! Here's a rhyming couplet that matches your theme:
  102: Certainly! Here's a rhyming couplet that continues the theme of a reader's chore:
  103: Certainly! Here's a rhyming couplet that continues your theme:
  104: Sure! Here's a rhyming couplet that fits your theme:
  105: Sure! Here's a rhyming couplet that matches your style:
  106: Certainly! Here's a rhyming couplet that fits your theme:
  107: Certainly! Here's a rhyming couplet based on your prompt:
  108: Certainly! Here's a rhyming couplet that fits your theme:
  109: Certainly! Here's a rhyming couplet based on your prompt:
  110: Sure! Here's a rhyming couplet based on your prompt:
  111: Certainly! Here's a rhyming couplet that continues your prompt:
  112: Sure! Here's a rhyming couplet based on your theme:
  113: Sure! Here's a rhyming couplet that continues your theme:
  114: Sure! Here's a rhyming couplet that continues your line:
  115: Certainly! Here's a rhyming couplet that fits your theme:
  116: Certainly! Here's a rhyming couplet that fits your theme:
  117: Certainly! Here's a rhyming couplet inspired by your prompt:
  118: Certainly! Here's a rhyming couplet that fits your theme:
  119: Certainly! Here's a rhyming couplet that fits your theme:
  120: Certainly! Here's a rhyming couplet that continues the theme of reading and organizing:
  121: Certainly! Here's a rhyming couplet that fits your theme:
  122: Certainly! Here's a rhyming couplet that continues the theme of a reader's chore:
  123: Certainly! Here's a rhyming couplet that continues your idea:
  124: Certainly! Here's a rhyming couplet that fits your theme:
  125: Certainly! Here's a rhyming couplet that matches your theme:
  126: Certainly! Here's a rhyming couplet based on your prompt:
  127: Certainly! Here's a rhyming couplet that fits your theme:
  128: Certainly! Here's a rhyming couplet that fits your theme:
  129: Certainly! Here's a rhyming couplet that follows your theme:
  130: Of course! Here's a rhyming couplet that fits your theme:
  131: Certainly! Here's a rhyming couplet that continues the theme of a reader's chore:
  132: Certainly! Here's a rhyming couplet that fits your inspiration:
  133: Certainly! Here's a rhyming couplet that continues your original line:
  134: Certainly! Here's a rhyming couplet that fits your prompt:
  135: Certainly! Here's a rhyming couplet that fits your theme:
  136: Of course! Here's a rhyming couplet based on your prompt:
  137: Certainly! Here's a rhyming couplet that matches your style:
  138: Certainly! Here's a rhyming couplet that continues your theme:
  139: Certainly! Here's a rhyming couplet that matches your theme:
  140: Sure! Here's a rhyming couplet based on your lines:
  141: Certainly! Here's a rhyming couplet that continues your initial line:
  142: Certainly! Here's a rhyming couplet based on your prompt:
  143: Certainly! Here's a rhyming couplet that continues your theme:
  144: Certainly! Here's a rhyming couplet that continues your theme:
  145: Certainly! Here's a rhyming couplet that fits your theme:
  146: Certainly! Here's a rhyming couplet that continues the theme of reading and books:
  147: Certainly! Here's a rhyming couplet that fits your theme:
  148: Certainly! Here's a rhyming couplet that fits your theme:
  149: Certainly! Here's a rhyming couplet that fits your theme:
  150: Certainly! Here's a rhyming couplet that fits your theme:
  151: Sure! Here's a rhyming couplet that fits your theme:
  152: Certainly! Here's a rhyming couplet inspired by the idea of a reader's chore:
  153: Certainly! Here's a rhyming couplet that fits your theme:
  154: Certainly! Here's a rhyming couplet that continues your prompt:
  155: Certainly! Here's a rhyming couplet that fits your theme:
  156: Certainly! Here's a rhyming couplet inspired by your prompt:
  157: Certainly! Here's a rhyming couplet inspired by your prompt:
  158: Certainly! Here's a rhyming couplet that fits your theme:
  159: Certainly! Here's a rhyming couplet that continues your line:
  160: Certainly! Here's a rhyming couplet based on your prompt:
  161: Certainly! Here's a rhyming couplet that fits your theme:
  162: Certainly! Here's a rhyming couplet that fits your prompt:
  163: Certainly! Here's a rhyming couplet that follows your theme:
  164: Sure! Here's a rhyming couplet that matches your style:
  165: Certainly! Here's a rhyming couplet that continues the theme of reading and organizing:
  166: Certainly! Here's a rhyming couplet that fits your theme:
  167: Certainly! Here's a rhyming couplet based on your prompt:
  168: Certainly! Here's a rhyming couplet that continues your initial lines:
  169: Certainly! Here's a rhyming couplet that continues your theme:
  170: Sure! Here's a rhyming couplet based on your prompt:
  171: Certainly! Here's a rhyming couplet that fits your theme:
  172: Certainly! Here's a rhyming couplet that continues your theme:
  173: Certainly! Here's a rhyming couplet that fits your theme:
  174: Certainly! Here's a rhyming couplet based on your prompt:
  175: Certainly! Here's a rhyming couplet that fits your theme:
  176: Certainly! Here's a rhyming couplet based on your prompt:
  177: Certainly! Here's a rhyming couplet that fits your theme:
  178: Certainly! Here's a rhyming couplet that continues the theme of a reader's chore:
  179: Certainly! Here's a rhyming couplet that continues your theme:
  180: Certainly! Here's a rhyming couplet that continues your theme:
  181: Certainly! Here's a rhyming couplet based on your prompt:
  182: Certainly! Here's a rhyming couplet that matches your theme:
  183: Certainly! Here's a rhyming couplet that fits your theme:
  184: Certainly! Here's a rhyming couplet that continues the theme of a reader's routine:
  185: Certainly! Here's a rhyming couplet that continues your thought:
  186: Certainly! Here's a rhyming couplet that continues your opening lines:
  187: Certainly! Here's a rhyming couplet based on your prompt:
  188: Sure! Here's a rhyming couplet based on your lines:
  189: Certainly! Here's a rhyming couplet that continues your line:
  190: Certainly! Here's a rhyming couplet based on your prompt:
  191: Of course! Here's a rhyming couplet that fits your theme:
  192: Certainly! Here's a rhyming couplet that fits your prompt:
  193: Certainly! Here's a rhyming couplet that continues the theme of a reader's routine:
  194: Certainly! Here's a rhyming couplet that continues your initial lines:
  195: Sure! Here's a rhyming couplet that matches your theme:
  196: Sure! Here's a rhyming couplet that fits your prompt:
  197: Certainly! Here's a rhyming couplet that matches your theme:
  198: Certainly! Here's a rhyming couplet based on your prompt:
  199: Certainly! Here's a rhyming couplet that continues the theme of books and reading:
  200: Sure! Here's a rhyming couplet that fits your theme:

FIRST LINE: He saw a carrot and had to grab it,
  001: Sure! Here's a rhyming couplet based on your prompt:
  002: Sure! Here's a rhyming couplet based on your prompt:
  003: Sure! Here's a rhyming couplet based on your prompt:
  004: Certainly! Here's a rhyming couplet that follows your pattern:
  005: Sure! Here's a rhyming couplet that fits your prompt:
  006: Certainly! Here's a rhyming couplet based on your example:
  007: Sure! Here's a rhyming couplet based on your prompt:
  008: Sure! Here's a rhyming couplet based on your line:
  009: Sure! Here's a rhyming couplet based on your prompt:
  010: Certainly! Here's a rhyming couplet based on your line:
  011: Certainly! Here's a rhyming couplet based on your prompt:
  012: Sure! Here's a rhyming couplet based on your prompt:
  013: Sure! Here's a rhyming couplet inspired by your line:
  014: Certainly! Here's a rhyming couplet that continues the theme:
  015: Certainly! Here's a rhyming couplet based on your prompt:
  016: Sure! Here's a rhyming couplet based on your prompt:
  017: Sure! Here's a rhyming couplet based on your example:
  018: Certainly! Here's a rhyming couplet based on your prompt:
  019: Certainly! Here's a rhyming couplet that matches your prompt:
  020: Sure! Here's a rhyming couplet based on your prompt:
  021: Certainly! Here's a rhyming couplet based on your example:
  022: Sure! Here's a rhyming couplet based on your prompt:
  023: Sure! Here's a rhyming couplet based on your line:
  024: Sure! Here's a rhyming couplet that continues your line:
  025: Certainly! Here's a rhyming couplet based on your prompt:
  026: Certainly! Here's a rhyming couplet that continues the story:
  027: Certainly! Here's a rhyming couplet that follows your style:
  028: Certainly! Here's a rhyming couplet based on your prompt:
  029: Certainly! Here's a rhyming couplet based on your prompt:
  030: Sure! Here's a rhyming couplet based on your prompt:
  031: Sure! Here's a rhyming couplet that matches your rhythm and theme:
  032: Certainly! Here's a rhyming couplet that continues your initial line:
  033: Certainly! Here's a rhyming couplet based on your prompt:
  034: Certainly! Here's a rhyming couplet based on your line:
  035: Sure! Here's a rhyming couplet based on your prompt:
  036: Certainly! Here's a rhyming couplet based on your example:
  037: Sure! Here's a rhyming couplet based on your line:
  038: Certainly! Here's a rhyming couplet that fits your prompt:
  039: Certainly! Here's a rhyming couplet based on your line:
  040: Sure! Here's a rhyming couplet based on your line:
  041: Sure! Here's a rhyming couplet based on your prompt:
  042: Sure! Here's a rhyming couplet that continues your original line:
  043: Sure! Here's a rhyming couplet based on your prompt:
  044: Certainly! Here's a rhyming couplet based on your line:
  045: Certainly! Here's a rhyming couplet that fits your prompt:
  046: Sure! Here's a rhyming couplet based on your prompt:
  047: Sure! Here's a rhyming couplet based on your line:
  048: Certainly! Here's a rhyming couplet based on your prompt:
  049: Certainly! Here's a rhyming couplet based on your example:
  050: Certainly! Here's a rhyming couplet that continues your original line:
  051: Sure! Here's a rhyming couplet based on your prompt:
  052: Certainly! Here's a rhyming couplet that continues your example:
  053: Sure! Here's a rhyming couplet based on your prompt:
  054: Sure! Here's a rhyming couplet based on your line:
  055: Sure! Here's a rhyming couplet based on your line:
  056: Certainly! Here's a rhyming couplet that continues your idea:
  057: Certainly! Here's a rhyming couplet based on your prompt:
  058: Sure! Here's a rhyming couplet based on your phrase:
  059: Certainly! Here's a rhyming couplet that continues your verse:
  060: Sure! Here's a rhyming couplet based on your prompt:
  061: Sure! Here's a rhyming couplet inspired by your line:
  062: Sure! Here's a rhyming couplet based on your prompt:
  063: Certainly! Here's a rhyming couplet based on your prompt:
  064: Certainly! Here's a rhyming couplet based on your prompt:
  065: Sure! Here's a rhyming couplet based on your prompt:
  066: Certainly! Here's a rhyming couplet based on your prompt:
  067: Sure! Here's a rhyming couplet that fits your prompt:
  068: Sure! Here's a rhyming couplet based on your lines:
  069: Sure! Here's a rhyming couplet based on your prompt:
  070: Sure! Here's a rhyming couplet based on your prompt:
  071: Sure! Here's a rhyming couplet that continues your line:
  072: Sure! Here's a rhyming couplet based on your prompt:
  073: Sure! Here's a rhyming couplet based on your prompt:
  074: Sure! Here's a rhyming couplet based on your line:
  075: Certainly! Here's a rhyming couplet that fits your prompt:
  076: Certainly! Here's a rhyming couplet based on your prompt:
  077: Sure! Here's a rhyming couplet based on your prompt:
  078: Sure! Here's a rhyming couplet inspired by your prompt:
  079: Sure! Here's a rhyming couplet based on your prompt:
  080: Sure! Here's a rhyming couplet based on your prompt:
  081: Certainly! Here's a rhyming couplet based on your prompt:
  082: Sure! Here's a rhyming couplet based on your line:
  083: Sure! Here's a rhyming couplet based on your prompt:
  084: Certainly! Here's a rhyming couplet that continues your verse:
  085: Sure! Here's a rhyming couplet based on your line:
  086: Sure! Here's a rhyming couplet based on your example:
  087: Sure! Here's a rhyming couplet that continues your original line:
  088: Certainly! Here's a rhyming couplet based on your prompt:
  089: Sure! Here's a rhyming couplet based on your line:
  090: Certainly! Here's a rhyming couplet that continues the theme:
  091: Certainly! Here's a rhyming couplet based on your opening line:
  092: Sure! Here's a rhyming couplet based on your prompt:
  093: Sure! Here's a rhyming couplet based on your line:
  094: Certainly! Here's a rhyming couplet based on your prompt:
  095: Sure! Here's a rhyming couplet based on your line:
  096: Certainly! Here's a rhyming couplet that continues your line:
  097: Sure! Here's a rhyming couplet that fits your original line:
  098: Certainly! Here's a rhyming couplet based on your original line:
  099: Sure! Here's a rhyming couplet based on your prompt:
  100: Certainly! Here's a rhyming couplet based on your prompt:
  101: Sure! Here's a rhyming couplet based on your prompt:
  102: Sure! Here's a rhyming couplet based on your line:
  103: Sure! Here's a rhyming couplet based on your prompt:
  104: Sure! Here's a rhyming couplet inspired by your prompt:
  105: Certainly! Here's a rhyming couplet based on your prompt:
  106: Sure! Here's a rhyming couplet that matches your style:
  107: Certainly! Here's a rhyming couplet based on your prompt:
  108: Sure! Here's a rhyming couplet based on your prompt:
  109: Sure! Here's a rhyming couplet that fits your prompt:
  110: Certainly! Here's a rhyming couplet based on your prompt:
  111: Sure! Here's a rhyming couplet based on your prompt:
  112: Certainly! Here's a rhyming couplet based on your example:
  113: Sure! Here's a rhyming couplet that follows your prompt:
  114: Certainly! Here's a rhyming couplet based on your prompt:
  115: Certainly! Here's a rhyming couplet based on your prompt:
  116: Certainly! Here's a rhyming couplet that follows your original lines:
  117: Certainly! Here's a rhyming couplet based on your line:
  118: Certainly! Here's a rhyming couplet based on your prompt:
  119: Certainly! Here's a rhyming couplet that continues your original line:
  120: Sure! Here's a rhyming couplet that fits your prompt:
  121: Sure! Here's a rhyming couplet based on your prompt:
  122: Certainly! Here's a rhyming couplet that fits your example:
  123: Sure! Here's a rhyming couplet based on your prompt:
  124: Certainly! Here's a rhyming couplet based on your example:
  125: Sure! Here's a rhyming couplet based on your prompt:
  126: Sure! Here's a rhyming couplet based on your prompt:
  127: Certainly! Here's a rhyming couplet that follows your example:
  128: Certainly! Here's a rhyming couplet inspired by your example:
  129: Sure! Here's a rhyming couplet that continues your original line:
  130: Certainly! Here's a rhyming couplet that follows your prompt:
  131: Sure! Here's a rhyming couplet based on your line:
  132: Sure! Here's a rhyming couplet based on your prompt:
  133: Sure! Here's a rhyming couplet that continues your original line:
  134: Certainly! Here's a rhyming couplet inspired by your line:
  135: Certainly! Here's a rhyming couplet that continues your original line:
  136: Sure! Here's a rhyming couplet based on your prompt:
  137: Certainly! Here's a rhyming couplet based on your line:
  138: Certainly! Here's a rhyming couplet based on your prompt:
  139: Certainly! Here's a rhyming couplet that continues your original line:
  140: Certainly! Here's a rhyming couplet based on your prompt:
  141: Certainly! Here's a rhyming couplet that matches your style:
  142: Sure! Here's a rhyming couplet inspired by your prompt:
  143: Certainly! Here's a rhyming couplet based on your example:
  144: Certainly! Here's a rhyming couplet that continues your original line:
  145: Sure! Here's a rhyming couplet based on your prompt:
  146: Sure! Here's a rhyming couplet based on your prompt:
  147: Sure! Here's a rhyming couplet based on your opening line:
  148: Sure! Here's a rhyming couplet based on your prompt:
  149: Sure! Here's a rhyming couplet based on your line:
  150: Sure! Here's a rhyming couplet based on your prompt:
  151: Sure! Here's a rhyming couplet inspired by your lines:
  152: Sure! Here's a rhyming couplet based on your prompt:
  153: Sure! Here's a rhyming couplet based on your prompt:
  154: Sure! Here's a rhyming couplet inspired by your line:
  155: Sure! Here's a rhyming couplet based on your prompt:
  156: Certainly! Here's a rhyming couplet based on your prompt:
  157: Sure! Here's a rhyming couplet inspired by your prompt:
  158: Sure! Here's a rhyming couplet based on your prompt:
  159: Certainly! Here's a rhyming couplet based on your prompt:
  160: Sure! Here's a rhyming couplet based on your phrase:
  161: Sure! Here's a rhyming couplet based on your prompt:
  162: Sure! Here's a rhyming couplet based on your example:
  163: Certainly! Here's a rhyming couplet that continues your prompt:
  164: Certainly! Here's a rhyming couplet based on your prompt:
  165: Certainly! Here's a rhyming couplet that continues your example:
  166: Sure! Here's a rhyming couplet that continues your line:
  167: Certainly! Here's a rhyming couplet based on your prompt:
  168: Certainly! Here's a rhyming couplet based on your prompt:
  169: Sure! Here's a rhyming couplet inspired by your line:
  170: Sure! Here's a rhyming couplet based on your prompt:
  171: Sure! Here's a rhyming couplet based on your prompt:
  172: Sure! Here's a rhyming couplet that fits your prompt:
  173: Sure! Here's a rhyming couplet based on your prompt:
  174: Certainly! Here's a rhyming couplet based on your prompt:
  175: Certainly! Here's a rhyming couplet based on your prompt:
  176: Sure! Here's a rhyming couplet that follows your example:
  177: Sure! Here's a rhyming couplet based on your example:
  178: Sure! Here's a rhyming couplet based on your prompt:
  179: Sure! Here's a rhyming couplet that matches your theme:
  180: Sure! Here's a rhyming couplet based on your prompt:
  181: Certainly! Here's a rhyming couplet that fits your prompt:
  182: Certainly! Here's a rhyming couplet inspired by your example:
  183: Sure! Here's a rhyming couplet based on your prompt:
  184: Sure! Here's a rhyming couplet based on your line:
  185: Sure! Here's a rhyming couplet based on your line:
  186: Certainly! Here's a rhyming couplet based on your initial line:
  187: Sure! Here's a rhyming couplet based on your line:
  188: Sure! Here's a rhyming couplet based on your prompt:
  189: Sure! Here's a rhyming couplet based on your example:
  190: Sure! Here's a rhyming couplet that follows your style:
  191: Certainly! Here's a rhyming couplet based on your prompt:
  192: Sure! Here's a rhyming couplet that follows your pattern:
  193: Certainly! Here's a rhyming couplet based on your example:
  194: Sure! Here's a rhyming couplet based on your prompt:
  195: Sure! Here's a rhyming couplet that continues your sentence:
  196: Sure! Here's a rhyming couplet based on your prompt:
  197: Sure! Here's a rhyming couplet that fits your example:
  198: Sure! Here's a rhyming couplet that matches your prompt:
  199: Certainly! Here's a rhyming couplet based on your line:
  200: Certainly! Here's a rhyming couplet that follows your prompt:

FIRST LINE: The clouds are gray, the raindrops fall,
  001: Certainly! Here's a rhyming couplet that continues your line:
  002: Certainly! Here's a rhyming couplet that continues your line:
  003: Sure! Here's a rhyming couplet that continues with the imagery you provided:
  004: Sure! Here's a rhyming couplet that continues your line:
  005: Sure! Here's a rhyming couplet that fits your opening lines:
  006: Sure! Here's a rhyming couplet that follows your pattern:
  007: Sure! Here's a rhyming couplet that continues your line:
  008: Certainly! Here's a rhyming couplet that continues the image of gray clouds and falling rain:
  009: Certainly! Here's a rhyming couplet that matches your prompt:
  010: Certainly! Here's a rhyming couplet that continues with the line you provided:
  011: Certainly! Here's a rhyming couplet that continues your sentence:
  012: Sure! Here's a rhyming couplet based on your line:
  013: Sure! Here's a rhyming couplet that continues your original line:
  014: Sure! Here's a rhyming couplet that continues the image of gray clouds and falling rain:
  015: Here's a rhyming couplet based on your prompt:
  016: Sure! Here's a rhyming couplet you can use:
  017: Certainly! Here's a rhyming couplet you can use:
  018: Sure! Here's a rhyming couplet:
  019: Certainly! Here's a rhyming couplet based on your prompt:
  020: Certainly! Here's a rhyming couplet that continues with the given line:
  021: Certainly! Here's a rhyming couplet based on your prompt:
  022: Certainly! Here's a rhyming couplet that continues your line:
  023: Sure! Here's a rhyming couplet based on your prompt:
  024: Sure! Here's a rhyming couplet that continues your line:
  025: Certainly! Here's a rhyming couplet based on your prompt:
  026: Sure! Here's a rhyming couplet you can use:
  027: Sure! Here's a rhyming couplet based on your prompt:
  028: Sure! Here's a rhyming couplet you can use:
  029: Certainly! Here's a rhyming couplet that continues the imagery of gray clouds and falling rain:
  030: Sure! Here's a rhyming couplet that continues your line:
  031: Certainly! Here's a rhyming couplet that continues your lines:
  032: Sure! Here's a rhyming couplet that continues the image of gray clouds and falling rain:
  033: Certainly! Here's a rhyming couplet that continues your line:
  034: Sure! Here's a rhyming couplet that continues your line:
  035: Sure! Here's a rhyming couplet based on your prompt:
  036: Sure! Here's a rhyming couplet that continues the image of gray clouds and falling rain:
  037: Certainly! Here's a rhyming couplet that continues your line:
  038: Certainly! Here's a rhyming couplet that fits your initial lines:
  039: Certainly! Here's a rhyming couplet that continues the image of gray clouds and falling rain:
  040: Certainly! Here's a rhyming couplet that continues your line:
  041: Certainly! Here's a rhyming couplet that fits your opening line:
  042: Sure! Here's a rhyming couplet that continues your line:
  043: Sure! Here's a rhyming couplet based on your prompt:
  044: Certainly! Here's a rhyming couplet based on your prompt:
  045: Sure! Here's a rhyming couplet that continues with the line you provided:
  046: Certainly! Here's a rhyming couplet that continues your line:
  047: Sure! Here's a rhyming couplet that continues your line:
  048: Sure! Here's a rhyming couplet that matches your phrase:
  049: Sure! Here's a rhyming couplet that fits your style:
  050: Certainly! Here's a rhyming couplet that continues the image of gray clouds and falling rain:
  051: Certainly! Here's a rhyming couplet that continues your line:
  052: Certainly! Here's a rhyming couplet that continues your line:
  053: Sure! Here's a rhyming couplet you can use:
  054: Sure! Here's a rhyming couplet based on your line:
  055: Sure! Here's a rhyming couplet based on your prompt:
  056: Sure! Here's a rhyming couplet based on your line:
  057: Sure! Here's a rhyming couplet based on your prompt:
  058: Certainly! Here's a rhyming couplet you can use:
  059: Certainly! Here's a rhyming couplet that continues the imagery of gray clouds and falling rain:
  060: Certainly! Here's a rhyming couplet that continues your line:
  061: Certainly! Here's a rhyming couplet that continues the image of gray clouds and falling rain:
  062: Sure! Here's a rhyming couplet that continues the image of gray clouds and falling rain:
  063: Certainly! Here's a rhyming couplet that continues your lines:
  064: Sure! Here's a rhyming couplet that continues your line:
  065: Certainly! Here's a rhyming couplet that fits your prompt:
  066: Certainly! Here's a rhyming couplet that continues your lines:
  067: Certainly! Here's a rhyming couplet that continues the image of gray clouds and falling rain:
  068: Sure! Here's a rhyming couplet based on your prompt:
  069: Sure! Here's a rhyming couplet that continues the imagery of gray clouds and falling rain:
  070: Certainly! Here's a rhyming couplet that continues with your lines:
  071: Certainly! Here's a rhyming couplet that continues with the lines you provided:
  072: Certainly! Here's a rhyming couplet that continues the image of gray skies and falling rain:
  073: Sure! Here's a rhyming couplet that continues the image of gray clouds and falling rain:
  074: Certainly! Here's a rhyming couplet that continues the imagery of gray clouds and falling rain:
  075: Sure! Here's a rhyming couplet you can use:
  076: Certainly! Here's a rhyming couplet that continues your line:
  077: Sure! Here's a rhyming couplet based on your line:
  078: Certainly! Here's a rhyming couplet that continues your opening line:
  079: Certainly! Here's a rhyming couplet based on your prompt:
  080: Certainly! Here's a rhyming couplet that follows your prompt:
  081: Sure! Here's a rhyming couplet that continues your initial line:
  082: Certainly! Here's a rhyming couplet that continues the image of gray clouds and falling rain:
  083: Certainly! Here's a rhyming couplet that continues your original lines:
  084: Certainly! Here's a rhyming couplet that continues your first line:
  085: Certainly! Here's a rhyming couplet that continues the image of gray clouds and falling rain:
  086: Certainly! Here's a rhyming couplet that follows your prompt:
  087: Sure! Here's a rhyming couplet that continues your line:
  088: Sure! Here's a rhyming couplet that fits your prompt:
  089: Sure! Here's a rhyming couplet:
  090: Sure! Here's a rhyming couplet that continues your line:
  091: Sure! Here's a rhyming couplet that continues your lines:
  092: Sure! Here's a rhyming couplet that continues your sentence:
  093: Sure! Here's a rhyming couplet you can use:
  094: Sure! Here's a rhyming couplet based on your prompt:
  095: Certainly! Here's a rhyming couplet that fits your opening line:
  096: Sure! Here's a rhyming couplet that continues your line:
  097: Here's a rhyming couplet based on your prompt:
  098: Sure! Here's a rhyming couplet that follows your initial lines:
  099: Sure! Here's a rhyming couplet based on your prompt:
  100: Certainly! Here's a rhyming couplet that continues your line:
  101: Sure! Here's a rhyming couplet that continues your line:
  102: Certainly! Here's a rhyming couplet that continues your line:
  103: Sure! Here's a rhyming couplet that matches your prompt:
  104: Certainly! Here's a rhyming couplet based on your prompt:
  105: Certainly! Here's a rhyming couplet that continues your line:
  106: Sure! Here's a rhyming couplet that continues the imagery you've provided:
  107: Certainly! Here's a rhyming couplet that continues your original lines:
  108: Certainly! Here's a rhyming couplet that continues your line:
  109: Sure! Here's a rhyming couplet that continues the imagery of gray clouds and falling rain:
  110: Certainly! Here's a rhyming couplet that matches your style:
  111: Sure! Here's a rhyming couplet that continues your line:
  112: Certainly! Here's a rhyming couplet that continues your line:
  113: Certainly! Here's a rhyming couplet that continues your line:
  114: Sure! Here's a rhyming couplet that matches your prompt:
  115: Certainly! Here's a rhyming couplet that continues the image of gray clouds and falling rain:
  116: Sure! Here's a rhyming couplet that continues the image of gray skies and falling rain:
  117: Certainly! Here's a rhyming couplet that continues your line:
  118: Certainly! Here's a rhyming couplet that continues your sentence:
  119: Sure! Here's a rhyming couplet that continues the imagery of gray clouds and falling rain:
  120: Sure! Here's a rhyming couplet that continues the image of gray clouds and falling rain:
  121: Certainly! Here's a rhyming couplet that matches your prompt:
  122: Sure! Here's a rhyming couplet you can use:
  123: Certainly! Here's a rhyming couplet that continues the image of gray skies and falling rain:
  124: Sure! Here's a rhyming couplet you can use:
  125: Sure! Here's a rhyming couplet that continues your line:
  126: Certainly! Here's a rhyming couplet that continues the imagery of gray clouds and falling rain:
  127: Sure! Here's a rhyming couplet you can use:
  128: Sure! Here's a rhyming couplet you can use:
  129: Certainly! Here's a rhyming couplet that continues the image of gray clouds and falling rain:
  130: Sure! Here's a rhyming couplet based on your prompt:
  131: Certainly! Here's a rhyming couplet that matches your opening line:
  132: Sure! Here's a rhyming couplet that continues your line:
  133: Sure! Here's a rhyming couplet that follows your prompt:
  134: Sure! Here's a rhyming couplet based on your prompt:
  135: Sure! Here's a rhyming couplet that continues the imagery of gray clouds and falling rain:
  136: Certainly! Here's a rhyming couplet based on your prompt:
  137: Certainly! Here's a rhyming couplet that continues with the line you provided:
  138: Sure! Here's a rhyming couplet that matches your prompt:
  139: Certainly! Here's a rhyming couplet that continues with your first line:
  140: Sure! Here's a rhyming couplet based on your prompt:
  141: Certainly! Here's a rhyming couplet that follows your starting line:
  142: Certainly! Here's a rhyming couplet that continues the imagery of gray clouds and falling rain:
  143: Certainly! Here's a rhyming couplet based on your prompt:
  144: Sure! Here's a rhyming couplet you can use:
  145: Certainly! Here's a rhyming couplet that continues your first line:
  146: Sure! Here's a rhyming couplet you can use:
  147: Certainly! Here's a rhyming couplet that follows your pattern:
  148: Here's a rhyming couplet based on your line:
  149: Certainly! Here's a rhyming couplet based on your lines:
  150: Sure! Here's a rhyming couplet based on your prompt:
  151: Sure! Here's a rhyming couplet you can use:
  152: Certainly! Here's a rhyming couplet that continues with the imagery you provided:
  153: Sure! Here's a rhyming couplet that follows your inspiration:
  154: Sure! Here's a rhyming couplet that fits your prompt:
  155: Sure! Here's a rhyming couplet based on your line:
  156: Sure! Here's a rhyming couplet that fits your style:
  157: Sure! Here's a rhyming couplet that continues the image of gray clouds and falling rain:
  158: Certainly! Here's a rhyming couplet that continues the image of gray clouds and falling rain:
  159: Certainly! Here's a rhyming couplet that follows your initial line:
  160: Sure! Here's a rhyming couplet that continues your sentence:
  161: Certainly! Here's a rhyming couplet that continues the imagery of gray clouds and falling rain:
  162: Sure! Here's a rhyming couplet that continues your original lines:
  163: Sure! Here's a rhyming couplet that continues the imagery of gray clouds and falling rain:
  164: Sure! Here's a rhyming couplet that continues your first line:
  165: Sure! Here's a rhyming couplet based on your opening line:
  166: Certainly! Here's a rhyming couplet based on your line:
  167: Certainly! Here's a rhyming couplet that continues your line:
  168: Sure! Here's a rhyming couplet that continues your line:
  169: Certainly! Here's a rhyming couplet based on your prompt:
  170: Certainly! Here's a rhyming couplet that continues with your first line:
  171: Certainly! Here's a rhyming couplet that continues your line:
  172: Sure! Here's a rhyming couplet that continues your line:
  173: Sure! Here's a rhyming couplet based on your prompt:
  174: Certainly! Here's a rhyming couplet that matches your theme:
  175: Sure! Here's a rhyming couplet that continues your line:
  176: Here's a rhyming couplet that continues your line:
  177: Sure! Here's a rhyming couplet that continues your sentence:
  178: Certainly! Here's a rhyming couplet that continues your line:
  179: Here's a rhyming couplet based on your prompt:
  180: Sure! Here's a rhyming couplet based on your prompt:
  181: Sure! Here's a rhyming couplet based on your prompt:
  182: Sure! Here's a rhyming couplet that continues your line:
  183: Sure! Here's a rhyming couplet that continues your phrase:
  184: Certainly! Here's a rhyming couplet that continues the imagery of clouds and rain:
  185: Certainly! Here's a rhyming couplet that follows your pattern:
  186: Sure! Here's a rhyming couplet that matches your prompt:
  187: Certainly! Here's a rhyming couplet based on your prompt:
  188: Here's a rhyming couplet that continues your line:
  189: Certainly! Here's a rhyming couplet that continues with the image you provided:
  190: Sure! Here's a rhyming couplet you can use:
  191: Here's a rhyming couplet based on your prompt:
  192: Sure! Here's a rhyming couplet you can use:
  193: Certainly! Here's a rhyming couplet that continues your lines:
  194: Certainly! Here's a rhyming couplet based on your opening lines:
  195: Certainly! Here's a rhyming couplet that continues your first line:
  196: Certainly! Here's a rhyming couplet based on your line:
  197: Certainly! Here's a rhyming couplet that continues your line:
  198: Certainly! Here's a rhyming couplet based on your line:
  199: Sure! Here's a rhyming couplet that follows your prompt:
  200: Sure! Here's a rhyming couplet that continues your line:

FIRST LINE: The clouds are gray, the raindrops drop,
  001: Sure! Here's a rhyming couplet that continues your first line:
  002: Sure! Here's a rhyming couplet based on your prompt:
  003: Certainly! Here's a rhyming couplet that matches your starting line:
  004: Sure! Here's a rhyming couplet based on your prompt:
  005: Certainly! Here's a rhyming couplet that continues your initial line:
  006: Sure! Here's a rhyming couplet you can use:
  007: Certainly! Here's a rhyming couplet that continues with your opening lines:
  008: Sure! Here's a rhyming couplet that fits your prompt:
  009: Certainly! Here's a rhyming couplet that continues with the idea of gray clouds and falling raindrops:
  010: Certainly! Here's a rhyming couplet that continues the image of gray clouds and raindrops:
  011: Sure! Here's a rhyming couplet that follows your prompt:
  012: Sure! Here's a rhyming couplet that fits your starting line:
  013: Sure! Here's a rhyming couplet based on your line:
  014: Sure! Here's a rhyming couplet that continues your sentence:
  015: Certainly! Here's a rhyming couplet that continues your initial line:
  016: Sure! Here's a rhyming couplet that matches your style:
  017: Certainly! Here's a rhyming couplet that continues your line:
  018: Sure! Here's a rhyming couplet that fits your initial lines:
  019: Certainly! Here's a rhyming couplet based on your prompt:
  020: Certainly! Here's a rhyming couplet based on your prompt:
  021: Certainly! Here's a rhyming couplet based on your prompt:
  022: Certainly! Here's a rhyming couplet based on your prompt:
  023: Sure! Here's a rhyming couplet:
  024: Certainly! Here's a rhyming couplet that matches your prompt:
  025: Sure! Here's a rhyming couplet that continues your line:
  026: Sure! Here's a rhyming couplet that continues your line:
  027: Certainly! Here's a rhyming couplet that continues with your first line:
  028: Sure! Here's a rhyming couplet that continues the imagery of gray clouds and rain:
  029: Certainly! Here's a rhyming couplet that continues with your initial lines:
  030: Sure! Here's a rhyming couplet that follows your prompt:
  031: Sure! Here's a rhyming couplet that matches your prompt:
  032: Certainly! Here's a rhyming couplet that continues the theme of gray clouds and raindrops:
  033: Sure! Here's a rhyming couplet that continues your line:
  034: Sure! Here's a rhyming couplet based on your prompt:
  035: Sure! Here's a rhyming couplet based on your sentence:
  036: Sure! Here's a rhyming couplet that continues with the opening lines you provided:
  037: Sure! Here's a rhyming couplet based on your prompt:
  038: Certainly! Here's a rhyming couplet that continues the imagery of gray skies and falling rain:
  039: Certainly! Here's a rhyming couplet that continues your line:
  040: Sure! Here's a rhyming couplet that continues your sentence:
  041: Sure! Here's a rhyming couplet that continues the thought:
  042: Certainly! Here's a rhyming couplet that continues your first line:
  043: Sure! Here's a rhyming couplet that fits your prompt:
  044: Here's a rhyming couplet that fits your prompt:
  045: Sure! Here's a rhyming couplet based on your prompt:
  046: Certainly! Here's a rhyming couplet that follows your prompt:
  047: Certainly! Here's a rhyming couplet that continues with your phrase:
  048: Certainly! Here's a rhyming couplet that continues the imagery of gray clouds and falling rain:
  049: Sure! Here's a rhyming couplet based on your prompt:
  050: Certainly! Here's a rhyming couplet based on your line:
  051: Certainly! Here's a rhyming couplet that continues with the given line:
  052: Certainly! Here's a rhyming couplet that continues your line:
  053: Certainly! Here's a rhyming couplet that continues your sentence:
  054: Sure! Here's a rhyming couplet that continues the theme of gray skies and falling rain:
  055: Sure! Here's a rhyming couplet that matches your start:
  056: Certainly! Here's a rhyming couplet that continues your first line:
  057: Here's a rhyming couplet that fits your start:
  058: Certainly! Here's a rhyming couplet that continues the image of gray clouds and falling rain:
  059: Certainly! Here's a rhyming couplet that continues the imagery of cloudy, rainy days:
  060: Certainly! Here's a rhyming couplet that continues your line:
  061: Sure! Here's a rhyming couplet that matches your prompt:
  062: Sure! Here's a rhyming couplet based on your prompt:
  063: Sure! Here's a rhyming couplet that fits your prompt:
  064: Certainly! Here's a rhyming couplet that matches your start:
  065: Sure! Here's a rhyming couplet that continues the image of gray clouds and falling rain:
  066: Certainly! Here's a rhyming couplet that continues the imagery of gray clouds and falling rain:
  067: Certainly! Here's a rhyming couplet based on your prompt:
  068: Sure! Here's a rhyming couplet that matches your prompt:
  069: Sure! Here's a rhyming couplet that matches your starting line:
  070: Sure! Here's a rhyming couplet that continues your line:
  071: Sure! Here's a rhyming couplet that continues your line:
  072: Sure! Here's a rhyming couplet that fits your prompt:
  073: Sure! Here's a rhyming couplet that continues your lines:
  074: Certainly! Here's a rhyming couplet that continues your line:
  075: Sure! Here's a rhyming couplet that continues with the idea of gray clouds and falling raindrops:
  076: Certainly! Here's a rhyming couplet that continues your first line:
  077: Sure! Here's a rhyming couplet that continues your line:
  078: Certainly! Here's a rhyming couplet that matches your prompt:
  079: Sure! Here's a rhyming couplet that follows your style:
  080: Certainly! Here's a rhyming couplet that continues your original line:
  081: Sure! Here's a rhyming couplet that fits your initial line:
  082: Certainly! Here's a rhyming couplet that continues your line:
  083: Certainly! Here's a rhyming couplet that continues the imagery of gray clouds and falling rain:
  084: Sure! Here's a rhyming couplet that continues the image of gray skies and falling rain:
  085: Certainly! Here's a rhyming couplet based on your opening line:
  086: Sure! Here's a rhyming couplet that follows your prompt:
  087: Sure! Here's a rhyming couplet that continues your line:
  088: Certainly! Here's a rhyming couplet based on your prompt:
  089: Sure! Here's a rhyming couplet that continues your line:
  090: Certainly! Here's a rhyming couplet based on your opening line:
  091: Sure! Here's a rhyming couplet that continues your sentence:
  092: Certainly! Here's a rhyming couplet that matches your prompt:
  093: Sure! Here's a rhyming couplet that continues the image of gray clouds and falling rain:
  094: Sure! Here's a rhyming couplet that continues the image of gray clouds and falling rain:
  095: Sure! Here's a rhyming couplet that continues your line:
  096: Sure! Here's a rhyming couplet based on your line:
  097: Sure! Here's a rhyming couplet that continues the thought:
  098: Sure! Here's a rhyming couplet that continues with the phrase "The clouds are gray, the raindrops drop,":
  099: Sure! Here's a rhyming couplet that continues the imagery of gray clouds and raindrops:
  100: Certainly! Here's a rhyming couplet that follows your prompt:
  101: Certainly! Here's a rhyming couplet that fits your prompt:
  102: Certainly! Here's a rhyming couplet that fits your style:
  103: Sure! Here's a rhyming couplet you can use:
  104: Certainly! Here's a rhyming couplet that continues with your prompt:
  105: Sure! Here's a rhyming couplet you can use:
  106: Certainly! Here's a rhyming couplet that matches your starting line:
  107: Sure! Here's a rhyming couplet that matches your prompt:
  108: Sure! Here's a rhyming couplet that matches your style:
  109: Certainly! Here's a rhyming couplet that continues your line:
  110: Certainly! Here's a rhyming couplet that continues your line:
  111: Certainly! Here's a rhyming couplet that continues the imagery of gray clouds and falling rain:
  112: Certainly! Here's a rhyming couplet that matches your prompt:
  113: Certainly! Here's a rhyming couplet that continues the imagery of gray clouds and falling rain:
  114: Sure! Here's a rhyming couplet that continues your line:
  115: Certainly! Here's a rhyming couplet that continues your line:
  116: Sure! Here's a rhyming couplet that continues your line:
  117: Certainly! Here's a rhyming couplet that matches your prompt:
  118: Certainly! Here's a rhyming couplet that continues your opening line:
  119: Certainly! Here's a rhyming couplet based on your prompt:
  120: Sure! Here's a rhyming couplet that continues your line:
  121: Sure! Here's a rhyming couplet that matches your initial lines:
  122: Here's a rhyming couplet based on your prompt:
  123: Here's a rhyming couplet you can use:
  124: Sure! Here's a rhyming couplet based on your prompt:
  125: Certainly! Here's a rhyming couplet that continues the imagery of gray clouds and falling rain:
  126: Sure! Here's a rhyming couplet that follows your prompt:
  127: Certainly! Here's a rhyming couplet that continues your sentence:
  128: Certainly! Here's a rhyming couplet that follows your style:
  129: Here's a rhyming couplet based on your opening line:
  130: Certainly! Here's a rhyming couplet that continues your line:
  131: Certainly! Here's a rhyming couplet based on your prompt:
  132: Certainly! Here's a rhyming couplet that matches your pattern:
  133: Sure! Here's a rhyming couplet that continues the image of gray clouds and falling rain:
  134: Sure! Here's a rhyming couplet based on your prompt:
  135: Sure! Here's a rhyming couplet that continues your sentence:
  136: Certainly! Here's a rhyming couplet that continues the imagery of gray clouds and falling rain:
  137: Sure! Here's a rhyming couplet you can use:
  138: Sure! Here's a rhyming couplet based on your line:
  139: Sure! Here's a rhyming couplet based on your prompt:
  140: Certainly! Here's a rhyming couplet that continues your line:
  141: Certainly! Here's a rhyming couplet that continues your line:
  142: Certainly! Here's a rhyming couplet based on your prompt:
  143: Certainly! Here's a rhyming couplet that fits your prompt:
  144: Sure! Here's a rhyming couplet that continues with the line "The clouds are gray, the raindrops drop,":
  145: Sure! Here's a rhyming couplet that fits your style:
  146: Certainly! Here's a rhyming couplet based on your opening line:
  147: Sure! Here's a rhyming couplet based on your prompt:
  148: Sure! Here's a rhyming couplet based on your prompt:
  149: Certainly! Here's a rhyming couplet that matches your initial lines:
  150: Sure! Here's a rhyming couplet that continues your line:
  151: Certainly! Here's a rhyming couplet based on your prompt:
  152: Certainly! Here's a rhyming couplet that continues your line:
  153: Certainly! Here's a rhyming couplet based on your prompt:
  154: Sure! Here's a rhyming couplet that continues your line:
  155: Sure! Here's a rhyming couplet that follows your prompt:
  156: Certainly! Here's a rhyming couplet that continues the image of gray clouds and falling rain:
  157: Sure! Here's a rhyming couplet that continues your line:
  158: Here's a rhyming couplet that continues the image of gray clouds and falling rain:
  159: Certainly! Here's a rhyming couplet that continues your line:
  160: Sure! Here's a rhyming couplet that continues the imagery of gray clouds and falling rain:
  161: Certainly! Here's a rhyming couplet that matches your prompt:
  162: Sure! Here's a rhyming couplet that continues your line:
  163: Certainly! Here's a rhyming couplet that matches your prompt:
  164: Certainly! Here's a rhyming couplet based on your phrase:
  165: Here's a rhyming couplet that continues your line:
  166: Sure! Here's a rhyming couplet based on your prompt:
  167: Certainly! Here's a rhyming couplet based on your prompt:
  168: Sure! Here's a rhyming couplet that matches your prompt:
  169: Sure! Here's a rhyming couplet that continues your line:
  170: Certainly! Here's a rhyming couplet that matches your prompt:
  171: Sure! Here's a rhyming couplet that follows your prompt:
  172: Certainly! Here's a rhyming couplet that continues the imagery of gray clouds and falling rain:
  173: Certainly! Here's a rhyming couplet based on your prompt:
  174: Certainly! Here's a rhyming couplet that fits your prompt:
  175: Sure! Here's a rhyming couplet that matches your prompt:
  176: Sure! Here's a rhyming couplet you can use:
  177: Sure! Here's a rhyming couplet based on your prompt:
  178: Sure! Here's a rhyming couplet based on your phrase:
  179: Certainly! Here's a rhyming couplet that continues your phrase:
  180: Sure! Here's a rhyming couplet that follows your initial lines:
  181: Certainly! Here's a rhyming couplet that continues your initial line:
  182: Sure! Here's a rhyming couplet that continues your line:
  183: Sure! Here's a rhyming couplet that continues your lines:
  184: Certainly! Here's a rhyming couplet that continues the image of gray clouds and falling rain:
  185: Sure! Here's a rhyming couplet that continues your lines:
  186: Sure! Here's a rhyming couplet that fits your prompt:
  187: Here's a rhyming couplet that continues the imagery of gray clouds and falling rain:
  188: Certainly! Here's a rhyming couplet that continues the imagery of gray clouds and falling rain:
  189: Certainly! Here's a rhyming couplet that continues your line:
  190: Certainly! Here's a rhyming couplet that follows your pattern:
  191: Certainly! Here's a rhyming couplet that matches your prompt:
  192: Sure! Here's a rhyming couplet based on your line:
  193: Sure! Here's a rhyming couplet that fits your prompt:
  194: Sure! Here's a rhyming couplet:
  195: Certainly! Here's a rhyming couplet based on your prompt:
  196: Sure! Here's a rhyming couplet that matches your prompt:
  197: Here's a rhyming couplet that follows your initial line:
  198: Certainly! Here's a rhyming couplet that continues the imagery of gray clouds and falling rain:
  199: Certainly! Here's a rhyming couplet that continues the imagery of gray skies and falling rain:
  200: Certainly! Here's a rhyming couplet that continues your prompt:

FIRST LINE: The clouds are gray, the raindrops plunge,
  001: Sure! Here's a rhyming couplet you can use:
  002: Certainly! Here's a rhyming couplet that matches your style:
  003: Sure! Here's a rhyming couplet that continues your line:
  004: Certainly! Here's a rhyming couplet based on your prompt:
  005: Certainly! Here's a rhyming couplet that continues your image of gray clouds and falling rain:
  006: Certainly! Here's a rhyming couplet that continues your sentence:
  007: Sure! Here's a rhyming couplet that matches your style:
  008: Certainly! Here's a rhyming couplet based on your prompt:
  009: Sure! Here's a rhyming couplet based on your line:
  010: Certainly! Here's a rhyming couplet that continues your line:
  011: Certainly! Here's a rhyming couplet that continues the image of gray skies and falling rain:
  012: Sure! Here's a rhyming couplet that follows your prompt:
  013: Certainly! Here's a rhyming couplet that continues the image of gray clouds and falling rain:
  014: Sure! Here's a rhyming couplet you can use:
  015: Certainly! Here's a rhyming couplet based on your prompt:
  016: Certainly! Here's a rhyming couplet that matches your style:
  017: Sure! Here's a rhyming couplet that fits your initial line:
  018: Certainly! Here's a rhyming couplet you can use:
  019: Sure! Here's a rhyming couplet based on your prompt:
  020: Sure! Here's a rhyming couplet that matches your prompt:
  021: Sure! Here's a rhyming couplet that continues your line:
  022: Sure! Here's a rhyming couplet that matches your style:
  023: Sure! Here's a rhyming couplet that continues your line:
  024: Certainly! Here's a rhyming couplet that continues the imagery of gray clouds and falling rain:
  025: Certainly! Here's a rhyming couplet that continues the image of gray clouds and falling rain:
  026: Sure! Here's a rhyming couplet you can use:
  027: Sure! Here's a rhyming couplet that continues your line:
  028: Certainly! Here's a rhyming couplet based on your initial line:
  029: Sure! Here's a rhyming couplet that continues the imagery of gray clouds and falling rain:
  030: Certainly! Here's a rhyming couplet that continues the image of gray clouds and rain:
  031: Certainly! Here's a rhyming couplet that continues the image of gray clouds and falling rain:
  032: Sure! Here's a rhyming couplet that continues the imagery of gray clouds and falling rain:
  033: Certainly! Here's a rhyming couplet based on your prompt:
  034: Certainly! Here's a rhyming couplet that continues your first line:
  035: Certainly! Here's a rhyming couplet that follows your prompt:
  036: Sure! Here's a rhyming couplet that continues your line:
  037: Certainly! Here's a rhyming couplet that continues the imagery of gray clouds and falling rain:
  038: Sure! Here's a rhyming couplet that continues the imagery of gray clouds and falling rain:
  039: Certainly! Here's a rhyming couplet that fits your style:
  040: Sure! Here's a rhyming couplet that continues the image of gray clouds and falling rain:
  041: Certainly! Here's a rhyming couplet that continues the imagery of cloudy, rainy days:
  042: Certainly! Here's a rhyming couplet that continues your line:
  043: Sure! Here's a rhyming couplet that matches your prompt:
  044: Certainly! Here's a rhyming couplet that fits your initial lines:
  045: Certainly! Here's a rhyming couplet that continues your opening line:
  046: Certainly! Here's a rhyming couplet that fits your style:
  047: Sure! Here's a rhyming couplet that continues your line:
  048: Certainly! Here's a rhyming couplet that continues your line:
  049: Certainly! Here's a rhyming couplet that follows your prompt:
  050: Sure! Here's a rhyming couplet that matches your style:
  051: Certainly! Here's a rhyming couplet that continues the imagery of gray clouds and falling rain:
  052: Sure! Here's a rhyming couplet that matches your phrase:
  053: Certainly! Here's a rhyming couplet based on your prompt:
  054: Sure! Here's a rhyming couplet that continues your line:
  055: Certainly! Here's a rhyming couplet that continues the imagery of gray clouds and falling rain:
  056: Sure! Here's a rhyming couplet that continues your line:
  057: Sure! Here's a rhyming couplet based on your prompt:
  058: Sure! Here's a rhyming couplet that continues your line:
  059: Here's a rhyming couplet you can use:
  060: Sure! Here's a rhyming couplet that continues the imagery of gray skies and falling rain:
  061: Sure! Here's a rhyming couplet based on your line:
  062: Sure! Here's a rhyming couplet that continues your first line:
  063: Certainly! Here's a rhyming couplet that continues your lines:
  064: Sure! Here's a rhyming couplet that matches your style:
  065: Certainly! Here's a rhyming couplet that follows your prompt:
  066: Sure! Here's a rhyming couplet that continues your line:
  067: Sure! Here's a rhyming couplet based on your prompt:
  068: Sure! Here's a rhyming couplet you can use:
  069: Sure! Here's a rhyming couplet that continues your line:
  070: Certainly! Here's a rhyming couplet that continues the image of gray skies and falling rain:
  071: Sure! Here's a rhyming couplet that fits your prompt:
  072: Sure! Here's a rhyming couplet based on your line:
  073: Certainly! Here's a rhyming couplet that continues the imagery of gray clouds and falling rain:
  074: Sure! Here's a rhyming couplet that continues your line:
  075: Certainly! Here's a rhyming couplet that continues your sentence:
  076: Certainly! Here's a rhyming couplet that continues your original line:
  077: Sure! Here's a rhyming couplet you can use:
  078: Sure! Here's a rhyming couplet that continues your line:
  079: Sure! Here's a rhyming couplet that continues your line:
  080: Certainly! Here's a rhyming couplet that continues your phrase:
  081: Sure! Here's a rhyming couplet you can use:
  082: Sure! Here's a rhyming couplet that fits your prompt:
  083: Sure! Here's a rhyming couplet that matches your prompt:
  084: Sure! Here's a rhyming couplet that continues your sentence:
  085: Certainly! Here's a rhyming couplet based on your prompt:
  086: Certainly! Here's a rhyming couplet that fits your prompt:
  087: Sure! Here's a rhyming couplet that matches your prompt:
  088: Sure! Here's a rhyming couplet that fits your style:
  089: Certainly! Here's a rhyming couplet that continues the imagery of gray clouds and falling rain:
  090: Certainly! Here's a rhyming couplet that continues your line:
  091: Certainly! Here's a rhyming couplet that continues your phrase:
  092: Sure! Here's a rhyming couplet that continues the imagery of gray clouds and falling rain:
  093: Sure! Here's a rhyming couplet that continues your line:
  094: Certainly! Here's a rhyming couplet based on your phrase:
  095: Certainly! Here's a rhyming couplet you can use:
  096: Sure! Here's a rhyming couplet that continues your line:
  097: Sure! Here's a rhyming couplet you can use:
  098: Certainly! Here's a rhyming couplet that continues your original line:
  099: Sure! Here's a rhyming couplet based on your prompt:
  100: Sure! Here's a rhyming couplet that continues the image of gray clouds and falling rain:
  101: Certainly! Here's a rhyming couplet that continues your sentence:
  102: Sure! Here's a rhyming couplet that continues your sentence:
  103: Certainly! Here's a rhyming couplet that continues your opening line:
  104: Certainly! Here's a rhyming couplet based on your prompt:
  105: Sure! Here's a rhyming couplet that continues your line:
  106: Sure! Here's a rhyming couplet that matches your style:
  107: Certainly! Here's a rhyming couplet that continues the image of gray clouds and rain:
  108: Sure! Here's a rhyming couplet based on your lines:
  109: Certainly! Here's a rhyming couplet that continues your sentence:
  110: Here's a rhyming couplet that continues your line:
  111: Certainly! Here's a rhyming couplet that continues your opening line:
  112: Sure! Here's a rhyming couplet that matches your style:
  113: Certainly! Here's a rhyming couplet that fits your original lines:
  114: Certainly! Here's a rhyming couplet that fits your style:
  115: Sure! Here's a rhyming couplet that follows your opening line:
  116: Sure! Here's a rhyming couplet that fits your theme:
  117: Sure! Here's a rhyming couplet based on your sentence:
  118: Sure! Here's a rhyming couplet that continues your line:
  119: Sure! Here's a rhyming couplet you can use:
  120: Sure! Here's a rhyming couplet that fits your style:
  121: Certainly! Here's a rhyming couplet that continues your sentence:
  122: Sure! Here's a rhyming couplet that continues your line:
  123: Certainly! Here's a rhyming couplet that continues the imagery of gray clouds and falling rain:
  124: Certainly! Here's a rhyming couplet that continues your sentence:
  125: Certainly! Here's a rhyming couplet that follows your prompt:
  126: Certainly! Here's a rhyming couplet that fits your style:
  127: Sure! Here's a rhyming couplet that continues your line:
  128: Sure! Here's a rhyming couplet that continues your opening line:
  129: Sure! Here's a rhyming couplet that continues your opening line:
  130: Certainly! Here's a rhyming couplet that continues your sentence:
  131: Certainly! Here's a rhyming couplet that fits your style:
  132: Sure! Here's a rhyming couplet that fits your prompt:
  133: Sure! Here's a rhyming couplet based on your line:
  134: Sure! Here's a rhyming couplet that fits your prompt:
  135: Sure! Here's a rhyming couplet that follows your theme:
  136: Sure! Here's a rhyming couplet based on your prompt:
  137: Sure! Here's a rhyming couplet based on your phrase:
  138: Certainly! Here's a rhyming couplet that continues your line:
  139: Sure! Here's a rhyming couplet that fits your prompt:
  140: Certainly! Here's a rhyming couplet that follows your prompt:
  141: Certainly! Here's a rhyming couplet that continues your initial line:
  142: Certainly! Here's a rhyming couplet that continues the image of gray clouds and raindrops:
  143: Sure! Here's a rhyming couplet based on your prompt:
  144: Sure! Here's a rhyming couplet that continues your line:
  145: Sure! Here's a rhyming couplet that matches your style:
  146: Sure! Here's a rhyming couplet you can use:
  147: Here's a rhyming couplet that matches your style:
  148: Here's a rhyming couplet based on your prompt:
  149: Certainly! Here's a rhyming couplet that continues the image of gray clouds and falling rain:
  150: Certainly! Here's a rhyming couplet based on your prompt:
  151: Certainly! Here's a rhyming couplet that continues your first line:
  152: Sure! Here's a rhyming couplet that continues the image of gray clouds and falling rain:
  153: Certainly! Here's a rhyming couplet that continues your line:
  154: Sure! Here's a rhyming couplet you can use:
  155: Sure! Here's a rhyming couplet based on your line:
  156: Sure! Here's a rhyming couplet based on your line:
  157: Sure! Here's a rhyming couplet that continues your initial lines:
  158: Sure! Here's a rhyming couplet that continues your line:
  159: Sure! Here's a rhyming couplet that continues your line:
  160: Sure! Here's a rhyming couplet that continues your line:
  161: Sure! Here's a rhyming couplet that continues your line:
  162: Sure! Here's a rhyming couplet that continues the image of gray clouds and falling rain:
  163: Certainly! Here's a rhyming couplet based on your prompt:
  164: Certainly! Here's a rhyming couplet that continues your line:
  165: Certainly! Here's a rhyming couplet that continues the image of gray clouds and falling rain:
  166: Sure! Here's a rhyming couplet that continues your line:
  167: Here's a rhyming couplet that continues the image of gray clouds and rain:
  168: Certainly! Here's a rhyming couplet that continues your line:
  169: Certainly! Here's a rhyming couplet that continues your line:
  170: Sure! Here's a rhyming couplet that continues your line:
  171: Sure! Here's a rhyming couplet that matches your starting line:
  172: Certainly! Here's a rhyming couplet that continues your opening line:
  173: Sure! Here's a rhyming couplet that continues your sentence:
  174: Certainly! Here's a rhyming couplet that continues your line:
  175: Certainly! Here's a rhyming couplet based on your opening lines:
  176: Certainly! Here's a rhyming couplet based on your prompt:
  177: Sure! Here's a rhyming couplet that fits your prompt:
  178: Sure! Here's a rhyming couplet you can use:
  179: Certainly! Here's a rhyming couplet based on your line:
  180: Certainly! Here's a rhyming couplet that follows your original line:
  181: Certainly! Here's a rhyming couplet that continues your line:
  182: Sure! Here's a rhyming couplet that continues your line:
  183: Here's a rhyming couplet that continues your line:
  184: Certainly! Here's a rhyming couplet that continues your line:
  185: Certainly! Here's a rhyming couplet that continues with the imagery you provided:
  186: Sure! Here's a rhyming couplet you can use:
  187: Sure! Here's a rhyming couplet that matches your prompt:
  188: Sure! Here's a rhyming couplet that continues your line:
  189: Certainly! Here's a rhyming couplet based on your prompt:
  190: Sure! Here's a rhyming couplet that follows your original lines:
  191: Certainly! Here's a rhyming couplet that continues your original line:
  192: Sure! Here's a rhyming couplet that continues the image of gray clouds and falling rain:
  193: Certainly! Here's a rhyming couplet based on your opening line:
  194: Sure! Here's a rhyming couplet based on your prompt:
  195: Sure! Here's a rhyming couplet that matches your style:
  196: Sure! Here's a rhyming couplet you can use:
  197: Certainly! Here's a rhyming couplet that continues your line:
  198: Certainly! Here's a rhyming couplet that matches your initial line:
  199: Certainly! Here's a rhyming couplet that continues with the imagery you provided:
  200: Sure! Here's a rhyming couplet that continues your line:

FIRST LINE: The clouds are gray, the raindrops tumble,
  001: Certainly! Here's a rhyming couplet that continues your first line:
  002: Sure! Here's a rhyming couplet that continues your line:
  003: Certainly! Here's a rhyming couplet that continues the image of gray clouds and falling rain:
  004: Certainly! Here's a rhyming couplet that continues your image:
  005: Certainly! Here's a rhyming couplet that continues with your line:
  006: Sure! Here's a rhyming couplet that continues your line:
  007: Sure! Here's a rhyming couplet that continues your line:
  008: Sure! Here's a rhyming couplet based on your line:
  009: Certainly! Here's a rhyming couplet that continues your initial lines:
  010: Sure! Here's a rhyming couplet that continues your line:
  011: Certainly! Here's a rhyming couplet based on your line:
  012: Certainly! Here's a rhyming couplet based on your prompt:
  013: Certainly! Here's a rhyming couplet based on your lines:
  014: Certainly! Here's a rhyming couplet that continues your original line:
  015: Here's a rhyming couplet that follows your prompt:
  016: Sure! Here's a rhyming couplet that continues your line:
  017: Certainly! Here's a rhyming couplet that continues with the image of gray clouds and falling rain:
  018: Certainly! Here's a rhyming couplet that continues your line:
  019: Sure! Here's a rhyming couplet that continues your sentence:
  020: Certainly! Here's a rhyming couplet that continues your line:
  021: Here's a rhyming couplet that follows your prompt:
  022: Certainly! Here's a rhyming couplet that continues your line:
  023: Sure! Here's a rhyming couplet that continues the imagery of gray clouds and falling rain:
  024: Sure! Here's a rhyming couplet you can use:
  025: Certainly! Here's a rhyming couplet that continues your line:
  026: Here's a rhyming couplet that continues your line:
  027: Certainly! Here's a rhyming couplet that continues your line:
  028: Certainly! Here's a rhyming couplet based on your prompt:
  029: Certainly! Here's a rhyming couplet that continues your original line:
  030: Certainly! Here's a rhyming couplet based on your prompt:
  031: Sure! Here's a rhyming couplet that continues the image of gray clouds and falling rain:
  032: Sure! Here's a rhyming couplet that continues your original lines:
  033: Sure! Here's a rhyming couplet that matches your style:
  034: Certainly! Here's a rhyming couplet that continues with the imagery you provided:
  035: Certainly! Here's a rhyming couplet that continues the imagery of gray clouds and falling rain:
  036: Certainly! Here's a rhyming couplet that continues with the imagery you provided:
  037: Certainly! Here's a rhyming couplet based on your opening line:
  038: Certainly! Here's a rhyming couplet that continues your lines:
  039: Certainly! Here's a rhyming couplet that continues your line:
  040: Sure! Here's a rhyming couplet that continues your line:
  041: Sure! Here's a rhyming couplet based on your lines:
  042: Certainly! Here's a rhyming couplet based on your prompt:
  043: Certainly! Here's a rhyming couplet that continues your first line:
  044: Sure! Here's a rhyming couplet that continues your line:
  045: Certainly! Here's a rhyming couplet based on your lines:
  046: Sure! Here's a rhyming couplet that continues your first line:
  047: Sure! Here's a rhyming couplet based on your prompt:
  048: Certainly! Here's a rhyming couplet based on your prompt:
  049: Certainly! Here's a rhyming couplet based on your prompt:
  050: Certainly! Here's a rhyming couplet that matches your style:
  051: Certainly! Here's a rhyming couplet that continues your line:
  052: Sure! Here's a rhyming couplet that continues your line:
  053: Sure! Here's a rhyming couplet that continues your line:
  054: Sure! Here's a rhyming couplet based on your lines:
  055: Certainly! Here's a rhyming couplet that continues your line:
  056: Certainly! Here's a rhyming couplet that follows your initial lines:
  057: Sure! Here's a rhyming couplet based on your prompt:
  058: Sure! Here's a rhyming couplet that continues the image of gray clouds and falling rain:
  059: Certainly! Here's a rhyming couplet that matches your style:
  060: Here's a rhyming couplet that continues your line:
  061: Certainly! Here's a rhyming couplet that follows your style:
  062: Sure! Here's a rhyming couplet that continues the imagery of gray clouds and falling rain:
  063: Sure! Here's a rhyming couplet that continues your line:
  064: Here's a rhyming couplet that continues your line:
  065: Sure! Here's a rhyming couplet based on your prompt:
  066: Sure! Here's a rhyming couplet that continues the image of gray clouds and falling rain:
  067: Sure! Here's a rhyming couplet based on your phrase:
  068: Certainly! Here's a rhyming couplet based on your prompt:
  069: Certainly! Here's a rhyming couplet based on your opening lines:
  070: Sure! Here's a rhyming couplet that continues the image of gray skies and falling rain:
  071: Certainly! Here's a rhyming couplet that continues your line:
  072: Sure! Here's a rhyming couplet that continues your line:
  073: Sure! Here's a rhyming couplet based on your prompt:
  074: Sure! Here's a rhyming couplet based on your lines:
  075: Certainly! Here's a rhyming couplet based on your prompt:
  076: Certainly! Here's a rhyming couplet that continues your opening line:
  077: Certainly! Here's a rhyming couplet that continues your original line:
  078: Sure! Here's a rhyming couplet based on your prompt:
  079: Sure! Here's a rhyming couplet you can use:
  080: Certainly! Here's a rhyming couplet that continues your first line:
  081: Sure! Here's a rhyming couplet that continues the image of gray clouds and falling rain:
  082: Certainly! Here's a rhyming couplet that continues your line:
  083: Certainly! Here's a rhyming couplet that continues the imagery of gray clouds and falling rain:
  084: Certainly! Here's a rhyming couplet that continues your line:
  085: Certainly! Here's a rhyming couplet based on your prompt:
  086: Certainly! Here's a rhyming couplet that continues your line:
  087: Certainly! Here's a rhyming couplet that continues your line:
  088: Sure! Here's a rhyming couplet that continues your line:
  089: Certainly! Here's a rhyming couplet that continues your line:
  090: Certainly! Here's a rhyming couplet that continues your original line:
  091: Certainly! Here's a rhyming couplet that continues with the image of gray clouds and falling raindrops:
  092: Certainly! Here's a rhyming couplet that follows your inspiration:
  093: Certainly! Here's a rhyming couplet that continues your sentence:
  094: Sure! Here's a rhyming couplet based on your prompt:
  095: Sure! Here's a rhyming couplet based on your first line:
  096: Certainly! Here's a rhyming couplet that continues your line:
  097: Certainly! Here's a rhyming couplet based on your prompt:
  098: Certainly! Here's a rhyming couplet that continues with your opening line:
  099: Certainly! Here's a rhyming couplet that continues your lines:
  100: Sure! Here's a rhyming couplet based on your prompt:
  101: Sure! Here's a rhyming couplet that matches your style:
  102: Sure! Here's a rhyming couplet that fits your prompt:
  103: Certainly! Here's a rhyming couplet that continues your line:
  104: Certainly! Here's a rhyming couplet you can use:
  105: Sure! Here's a rhyming couplet that continues your original line:
  106: Sure! Here's a rhyming couplet that continues your line:
  107: Certainly! Here's a rhyming couplet you can use:
  108: Sure! Here's a rhyming couplet you can use:
  109: Sure! Here's a rhyming couplet that continues your first line:
  110: Certainly! Here's a rhyming couplet that continues your image:
  111: Certainly! Here's a rhyming couplet based on your prompt:
  112: Certainly! Here's a rhyming couplet based on your prompt:
  113: Certainly! Here's a rhyming couplet that continues your original line:
  114: Sure! Here's a rhyming couplet based on your prompt:
  115: Sure! Here's a rhyming couplet that continues your line:
  116: Certainly! Here's a rhyming couplet that continues your sentence:
  117: Certainly! Here's a rhyming couplet that continues your lines:
  118: Certainly! Here's a rhyming couplet based on your initial lines:
  119: Sure! Here's a rhyming couplet that continues your sentence:
  120: Certainly! Here's a rhyming couplet that continues your initial lines:
  121: Sure! Here's a rhyming couplet that continues your line:
  122: Sure! Here's a rhyming couplet based on your prompt:
  123: Certainly! Here's a rhyming couplet that continues your original line:
  124: Sure! Here's a rhyming couplet that continues your original line:
  125: Certainly! Here's a rhyming couplet that continues the image of gray clouds and falling rain:
  126: Certainly! Here's a rhyming couplet that continues your line:
  127: Here's a rhyming couplet based on your initial line:
  128: Certainly! Here's a rhyming couplet that continues your line:
  129: Sure! Here's a rhyming couplet that continues your sentence:
  130: Certainly! Here's a rhyming couplet based on your first line:
  131: Certainly! Here's a rhyming couplet that follows your prompt:
  132: Certainly! Here's a rhyming couplet that continues the image of gray clouds and falling rain:
  133: Certainly! Here's a rhyming couplet that continues your phrase:
  134: Sure! Here's a rhyming couplet that continues your line:
  135: Sure! Here's a rhyming couplet that continues your sentence:
  136: Certainly! Here's a rhyming couplet that continues your opening line:
  137: Sure! Here's a rhyming couplet that continues the imagery of gray clouds and falling rain:
  138: Sure! Here's a rhyming couplet you can use:
  139: Certainly! Here's a rhyming couplet that continues your image of gray clouds and falling rain:
  140: Sure! Here's a rhyming couplet that continues your line:
  141: Sure! Here's a rhyming couplet that continues your line:
  142: Certainly! Here's a rhyming couplet that continues your line:
  143: Sure! Here's a rhyming couplet based on your prompt:
  144: Certainly! Here's a rhyming couplet that continues your line:
  145: Certainly! Here's a rhyming couplet you can use:
  146: Certainly! Here's a rhyming couplet based on your prompt:
  147: Sure! Here's a rhyming couplet that continues your line:
  148: Sure! Here's a rhyming couplet that continues your opening line:
  149: Sure! Here's a rhyming couplet that continues your line:
  150: Certainly! Here's a rhyming couplet that continues your initial line:
  151: Sure! Here's a rhyming couplet based on your initial lines:
  152: Sure! Here's a rhyming couplet that continues your sentence:
  153: Sure! Here's a rhyming couplet you can use:
  154: Sure! Here's a rhyming couplet you can use:
  155: Sure! Here's a rhyming couplet you can use:
  156: Certainly! Here's a rhyming couplet that continues the image of gray skies and falling rain:
  157: Certainly! Here's a rhyming couplet that follows your theme:
  158: Sure! Here's a rhyming couplet you can use:
  159: Certainly! Here's a rhyming couplet that continues your phrase:
  160: Here's a rhyming couplet that matches your prompt:
  161: Here's a rhyming couplet that continues your line:
  162: Sure! Here's a rhyming couplet that continues your line:
  163: Certainly! Here's a rhyming couplet based on your prompt:
  164: Certainly! Here's a rhyming couplet that follows your prompt:
  165: Certainly! Here's a rhyming couplet that continues the image of gray clouds and falling rain:
  166: Sure! Here's a rhyming couplet that continues your line:
  167: Certainly! Here's a rhyming couplet that follows your prompt:
  168: Sure! Here's a rhyming couplet based on your opening line:
  169: Here's a rhyming couplet that continues the imagery of clouds and rain:
  170: Sure! Here's a rhyming couplet that continues your line:
  171: Sure! Here's a rhyming couplet that continues your sentence:
  172: Sure! Here's a rhyming couplet that fits your prompt:
  173: Here's a rhyming couplet based on your initial lines:
  174: Certainly! Here's a rhyming couplet that follows your prompt:
  175: Certainly! Here's a rhyming couplet that continues your line:
  176: Certainly! Here's a rhyming couplet that continues your original line:
  177: Certainly! Here's a rhyming couplet that continues your sentence:
  178: Sure! Here's a rhyming couplet you can use:
  179: Certainly! Here's a rhyming couplet that continues your initial lines:
  180: Sure! Here's a rhyming couplet that continues your prompt:
  181: Sure! Here's a rhyming couplet based on your prompt:
  182: Sure! Here's a rhyming couplet that fits your starting line:
  183: Certainly! Here's a rhyming couplet that continues with your prompt:
  184: Certainly! Here's a rhyming couplet that continues your sentence:
  185: Sure! Here's a rhyming couplet that continues your line:
  186: Sure! Here's a rhyming couplet that continues the image of gray clouds and falling rain:
  187: Sure! Here's a rhyming couplet that matches your prompt:
  188: Sure! Here's a rhyming couplet based on your prompt:
  189: Certainly! Here's a rhyming couplet based on your prompt:
  190: Sure! Here's a rhyming couplet based on your prompt:
  191: Sure! Here's a rhyming couplet that continues your phrase:
  192: Certainly! Here's a rhyming couplet that continues your stanza:
  193: Certainly! Here's a rhyming couplet that continues your sentence:
  194: Sure! Here's a rhyming couplet that matches your prompt:
  195: Certainly! Here's a rhyming couplet that continues your line:
  196: Certainly! Here's a rhyming couplet based on your prompt:
  197: Certainly! Here's a rhyming couplet that continues with your opening lines:
  198: Sure! Here's a rhyming couplet based on your first line:
  199: Sure! Here's a rhyming couplet that matches your style:
  200: Certainly! Here's a rhyming couplet that continues your line:

FIRST LINE: The clouds are gray, the raindrops sink,
  001: Certainly! Here's a rhyming couplet that continues the imagery of gray clouds and falling rain:
  002: Here's a rhyming couplet that fits your prompt:
  003: Certainly! Here's a rhyming couplet that continues your line:
  004: Sure! Here's a rhyming couplet that fits your prompt:
  005: Certainly! Here's a rhyming couplet that continues your phrase:
  006: Certainly! Here's a rhyming couplet that continues the imagery of gray clouds and falling rain:
  007: Certainly! Here's a rhyming couplet based on your prompt:
  008: Sure! Here's a rhyming couplet that continues your line:
  009: Certainly! Here's a rhyming couplet that matches your style:
  010: Here's a rhyming couplet that fits your prompt:
  011: Certainly! Here's a rhyming couplet that follows your opening lines:
  012: Certainly! Here's a rhyming couplet that follows your opening lines:
  013: Certainly! Here's a rhyming couplet that matches your prompt:
  014: Certainly! Here's a rhyming couplet that continues your line:
  015: Certainly! Here's a rhyming couplet that matches your prompt:
  016: Certainly! Here's a rhyming couplet that continues your phrase:
  017: Sure! Here's a rhyming couplet that matches your prompt:
  018: Sure! Here's a rhyming couplet that continues the image of gray clouds and falling rain:
  019: Certainly! Here's a rhyming couplet that continues the imagery of gray skies and falling rain:
  020: Sure! Here's a rhyming couplet that matches your prompt:
  021: Certainly! Here's a rhyming couplet based on your prompt:
  022: Certainly! Here's a rhyming couplet based on your line:
  023: Certainly! Here's a rhyming couplet based on your lines:
  024: Certainly! Here's a rhyming couplet that continues your first line:
  025: Sure! Here's a rhyming couplet that continues your line:
  026: Sure! Here's a rhyming couplet that continues your line:
  027: Certainly! Here's a rhyming couplet that continues the imagery of gray clouds and falling rain:
  028: Certainly! Here's a rhyming couplet that continues your line:
  029: Certainly! Here's a rhyming couplet that continues with the given line:
  030: Certainly! Here's a rhyming couplet that continues your line:
  031: Certainly! Here's a rhyming couplet that continues the imagery of gray clouds and falling rain:
  032: Certainly! Here's a rhyming couplet that continues the imagery of gray skies and falling rain:
  033: Certainly! Here's a rhyming couplet that continues your original line:
  034: Sure! Here's a rhyming couplet based on your opening lines:
  035: Certainly! Here's a rhyming couplet that continues your line:
  036: Certainly! Here's a rhyming couplet that continues your line:
  037: Sure! Here's a rhyming couplet based on your prompt:
  038: Certainly! Here's a rhyming couplet that continues your original line:
  039: Sure! Here's a rhyming couplet that matches your style:
  040: Certainly! Here's a rhyming couplet that continues your line:
  041: Sure! Here's a rhyming couplet that fits your opening line:
  042: Certainly! Here's a rhyming couplet that continues the image of gray clouds and falling rain:
  043: Certainly! Here's a rhyming couplet that continues your line:
  044: Certainly! Here's a rhyming couplet that continues your original lines:
  045: Sure! Here's a rhyming couplet that continues your line:
  046: Certainly! Here's a rhyming couplet that continues the imagery of gray clouds and raindrops:
  047: Sure! Here's a rhyming couplet that continues your line:
  048: Sure! Here's a rhyming couplet that fits your prompt:
  049: Certainly! Here's a rhyming couplet that continues the image of gray clouds and rain:
  050: Sure! Here's a rhyming couplet based on your prompt:
  051: Certainly! Here's a rhyming couplet that matches your style:
  052: Certainly! Here's a rhyming couplet that continues with your first line:
  053: Sure! Here's a rhyming couplet based on your prompt:
  054: Sure! Here's a rhyming couplet that follows your prompt:
  055: Sure! Here's a rhyming couplet that continues your line:
  056: Sure! Here's a rhyming couplet that continues your line:
  057: Certainly! Here's a rhyming couplet based on your prompt:
  058: Sure! Here's a rhyming couplet that continues your line:
  059: Certainly! Here's a rhyming couplet that follows your pattern:
  060: Sure! Here's a rhyming couplet that matches your prompt:
  061: Certainly! Here's a rhyming couplet that continues your phrase:
  062: Certainly! Here's a rhyming couplet that continues your sentence:
  063: Certainly! Here's a rhyming couplet that continues the image of gray clouds and rain:
  064: Sure! Here's a rhyming couplet that matches your style:
  065: Certainly! Here's a rhyming couplet that follows your theme:
  066: Certainly! Here's a rhyming couplet that continues your line:
  067: Certainly! Here's a rhyming couplet that continues your first line:
  068: Sure! Here's a rhyming couplet that continues your line:
  069: Certainly! Here's a rhyming couplet that follows your prompt:
  070: Certainly! Here's a rhyming couplet based on your prompt:
  071: Here's a rhyming couplet that continues the imagery of gray clouds and falling rain:
  072: Sure! Here's a rhyming couplet that follows your initial lines:
  073: Sure! Here's a rhyming couplet based on your prompt:
  074: Sure! Here's a rhyming couplet that continues your line:
  075: Certainly! Here's a rhyming couplet that continues your line:
  076: Certainly! Here's a rhyming couplet that follows your initial lines:
  077: Sure! Here's a rhyming couplet you can use:
  078: Certainly! Here's a rhyming couplet that fits your style:
  079: Certainly! Here's a rhyming couplet that follows your prompt:
  080: Sure! Here's a rhyming couplet based on your lines:
  081: Certainly! Here's a rhyming couplet that continues your line:
  082: Sure! Here's a rhyming couplet that continues the image of gray clouds and falling rain:
  083: Certainly! Here's a rhyming couplet that continues your first line:
  084: Sure! Here's a rhyming couplet that continues your line:
  085: Certainly! Here's a rhyming couplet that continues your first line:
  086: Certainly! Here's a rhyming couplet based on your prompt:
  087: Certainly! Here's a rhyming couplet that continues your first line:
  088: Certainly! Here's a rhyming couplet that continues your prompt:
  089: Certainly! Here's a rhyming couplet that continues your line:
  090: Sure! Here's a rhyming couplet that matches your theme:
  091: Certainly! Here's a rhyming couplet that continues your original line:
  092: Certainly! Here's a rhyming couplet based on your opening lines:
  093: Sure! Here's a rhyming couplet that continues your line:
  094: Certainly! Here's a rhyming couplet that continues your phrase:
  095: Certainly! Here's a rhyming couplet that continues the imagery of gray clouds and rain:
  096: Sure! Here's a rhyming couplet based on your prompt:
  097: Certainly! Here's a rhyming couplet that matches your style:
  098: Certainly! Here's a rhyming couplet based on your line:
  099: Sure! Here's a rhyming couplet that continues your line:
  100: Sure! Here's a rhyming couplet you can use:
  101: Certainly! Here's a rhyming couplet that continues the image of gray clouds and raindrops:
  102: Sure! Here's a rhyming couplet that matches your start:
  103: Sure! Here's a rhyming couplet that follows your pattern:
  104: Sure! Here's a rhyming couplet that continues the imagery of gray clouds and falling rain:
  105: Sure! Here's a rhyming couplet that continues your line:
  106: Sure! Here's a rhyming couplet that continues your line:
  107: Certainly! Here's a rhyming couplet that continues the image of gray clouds and falling rain:
  108: Sure! Here's a rhyming couplet based on your opening lines:
  109: Certainly! Here's a rhyming couplet that matches your style:
  110: Certainly! Here's a rhyming couplet that continues your first line:
  111: Certainly! Here's a rhyming couplet that continues your original lines:
  112: Certainly! Here's a rhyming couplet that continues the image of gray clouds and falling rain:
  113: Certainly! Here's a rhyming couplet that continues your line:
  114: Certainly! Here's a rhyming couplet that continues your line:
  115: Certainly! Here's a rhyming couplet that continues the image of gray clouds and falling rain:
  116: Sure! Here's a rhyming couplet based on your line:
  117: Certainly! Here's a rhyming couplet that continues your line:
  118: Certainly! Here's a rhyming couplet that matches your style:
  119: Certainly! Here's a rhyming couplet that matches your style:
  120: Certainly! Here's a rhyming couplet that continues your original line:
  121: Sure! Here's a rhyming couplet that continues your phrase:
  122: Here's a rhyming couplet based on your prompt:
  123: Certainly! Here's a rhyming couplet that continues your line:
  124: Certainly! Here's a rhyming couplet that continues your sentence:
  125: Certainly! Here's a rhyming couplet that continues the imagery of gray clouds and rainy weather:
  126: Certainly! Here's a rhyming couplet that continues your sentence:
  127: Certainly! Here's a rhyming couplet based on your prompt:
  128: Certainly! Here's a rhyming couplet that continues with the image of gray clouds and raindrops:
  129: Certainly! Here's a rhyming couplet that continues the imagery of gray clouds and raindrops:
  130: Certainly! Here's a rhyming couplet that continues your image of gray clouds and falling rain:
  131: Certainly! Here's a rhyming couplet that continues your first line:
  132: Certainly! Here's a rhyming couplet that continues your first line:
  133: Certainly! Here's a rhyming couplet based on your prompt:
  134: Sure! Here's a rhyming couplet that follows your pattern:
  135: Sure! Here's a rhyming couplet based on your opening line:
  136: Certainly! Here's a rhyming couplet that continues the image of gray skies and falling rain:
  137: Certainly! Here's a rhyming couplet that fits your prompt:
  138: Certainly! Here's a rhyming couplet that continues your line:
  139: Sure! Here's a rhyming couplet that matches your theme:
  140: Sure! Here's a rhyming couplet that continues your phrase:
  141: Sure! Here's a rhyming couplet that continues your phrase:
  142: Sure! Here's a rhyming couplet that continues your line:
  143: Certainly! Here's a rhyming couplet that fits your prompt:
  144: Certainly! Here's a rhyming couplet that matches your theme:
  145: Certainly! Here's a rhyming couplet that follows your prompt:
  146: Certainly! Here's a rhyming couplet that fits your style:
  147: Certainly! Here's a rhyming couplet that continues your line:
  148: Sure! Here's a rhyming couplet that continues the image of gray clouds and falling rain:
  149: Sure! Here's a rhyming couplet that continues your initial line:
  150: Certainly! Here's a rhyming couplet that continues the imagery of gray clouds and rain:
  151: Sure! Here's a rhyming couplet that fits your theme:
  152: Certainly! Here's a rhyming couplet that continues your original line:
  153: Certainly! Here's a rhyming couplet that follows your prompt:
  154: Sure! Here's a rhyming couplet that fits your opening line:
  155: Sure! Here's a rhyming couplet that matches your prompt:
  156: Certainly! Here's a rhyming couplet that follows your prompt:
  157: Sure! Here's a rhyming couplet that follows your pattern:
  158: Sure! Here's a rhyming couplet that follows your theme:
  159: Sure! Here's a rhyming couplet based on your lines:
  160: Sure! Here's a rhyming couplet that continues your opening line:
  161: Certainly! Here's a rhyming couplet that continues your line:
  162: Certainly! Here's a rhyming couplet that fits your prompt:
  163: Certainly! Here's a rhyming couplet that continues your first line:
  164: Certainly! Here's a rhyming couplet that follows your prompt:
  165: Certainly! Here's a rhyming couplet that fits your prompt:
  166: Sure! Here's a rhyming couplet based on your prompt:
  167: Sure! Here's a rhyming couplet that fits your prompt:
  168: Certainly! Here's a rhyming couplet based on your prompt:
  169: Certainly! Here's a rhyming couplet that continues the imagery of gray clouds and falling rain:
  170: Certainly! Here's a rhyming couplet that continues your line:
  171: Certainly! Here's a rhyming couplet based on your prompt:
  172: Sure! Here's a rhyming couplet that follows your line:
  173: Certainly! Here's a rhyming couplet that matches your style:
  174: Sure! Here's a rhyming couplet based on your prompt:
  175: Certainly! Here's a rhyming couplet that continues your original line:
  176: Certainly! Here's a rhyming couplet based on your line:
  177: Certainly! Here's a rhyming couplet based on your prompt:
  178: Certainly! Here's a rhyming couplet that follows your theme:
  179: Sure! Here's a rhyming couplet that continues your line:
  180: Sure! Here's a rhyming couplet that fits your starting line:
  181: Certainly! Here's a rhyming couplet that continues your sentence:
  182: Sure! Here's a rhyming couplet based on your lines:
  183: Sure! Here's a rhyming couplet that matches your prompt:
  184: Sure! Here's a rhyming couplet that matches your style:
  185: Sure! Here's a rhyming couplet that matches your prompt:
  186: Sure! Here's a rhyming couplet that follows your style:
  187: Sure! Here's a rhyming couplet that continues your original line:
  188: Certainly! Here's a rhyming couplet that fits your opening lines:
  189: Certainly! Here's a rhyming couplet that continues your line:
  190: Certainly! Here's a rhyming couplet that continues the imagery of gray clouds and falling rain:
  191: Certainly! Here's a rhyming couplet that follows your prompt:
  192: Sure! Here's a rhyming couplet that continues the imagery of gray skies and falling rain:
  193: Sure! Here's a rhyming couplet that matches your style:
  194: Sure! Here's a rhyming couplet based on your line:
  195: Certainly! Here's a rhyming couplet that continues your sentence:
  196: Certainly! Here's a rhyming couplet that continues your initial lines:
  197: Certainly! Here's a rhyming couplet based on your phrase:
  198: Sure! Here's a rhyming couplet that continues your line:
  199: Certainly! Here's a rhyming couplet that continues your line:
  200: Certainly! Here's a rhyming couplet that continues your first line:

FIRST LINE: The clouds are gray, the raindrops spill,
  001: Certainly! Here's a rhyming couplet that follows your prompt:
  002: Certainly! Here's a rhyming couplet based on your prompt:
  003: Sure! Here's a rhyming couplet that continues your line:
  004: Sure! Here's a rhyming couplet that continues your line:
  005: Certainly! Here's a rhyming couplet that continues the image of gray skies and falling rain:
  006: Sure! Here's a rhyming couplet you can use:
  007: Certainly! Here's a rhyming couplet that continues your sentence:
  008: Certainly! Here's a rhyming couplet that continues your line:
  009: A whisper of peace, a silent hill.
  010: Sure! Here's a rhyming couplet that continues your line:
  011: Sure! Here's a rhyming couplet:
  012: Sure! Here's a rhyming couplet that continues your line:
  013: Sure! Here's a rhyming couplet based on your line:
  014: Sure! Here's a rhyming couplet:
  015: Sure! Here's a rhyming couplet that continues the image of gray clouds and falling rain:
  016: And time is passing, swift and chilly.
  017: Sure! Here's a rhyming couplet that continues your phrase:
  018: Sure! Here's a rhyming couplet that continues your sentence:
  019: A hush takes hold, a quiet spill.
  020: Certainly! Here's a rhyming couplet that continues your line:
  021: In hush and pace, the sky is full.
  022: A gentle sigh, a soft, wet pillow.
  023: Sure! Here's a rhyming couplet that continues your sentence:
  024: Sure! Here's a rhyming couplet that continues with the idea of gray clouds and raindrops:
  025: Sure! Here's a rhyming couplet that continues the line:
  026: Sure! Here's a rhyming couplet that continues with the given line:
  027: Sure! Here's a rhyming couplet that continues the imagery of gray clouds and falling rain:
  028: Certainly! Here's a rhyming couplet based on your prompt:
  029: Sure! Here's a rhyming couplet that continues your line:
  030: Sure! Here's a rhyming couplet that continues the imagery of gray clouds and falling rain:
  031: Sure! Here's a rhyming couplet based on your prompt:
  032: Certainly! Here's a rhyming couplet that continues your sentence:
  033: Sure! Here's a rhyming couplet that continues the image of gray clouds and falling rain:
  034: Sure! Here's a rhyming couplet that continues your line:
  035: Certainly! Here's a rhyming couplet that continues your sentence:
  036: Certainly! Here's a rhyming couplet that continues with the image of gray clouds and raindrops:
  037: And the world feels heavy, as if it’s all wrong.
  038: Sure! Here's a rhyming couplet that fits your prompt:
  039: Sure! Here's a rhyming couplet that continues your sentence:
  040: Certainly! Here's a rhyming couplet you can use:
  041: Certainly! Here's a rhyming couplet that continues your line:
  042: Certainly! Here's a rhyming couplet that continues the imagery of gray clouds and falling rain:
  043: Sure! Here's a rhyming couplet based on your prompt:
  044: Sure! Here's a rhyming couplet that continues with the idea of gray clouds and falling rain:
  045: Certainly! Here's a rhyming couplet that continues the imagery of gray clouds and falling rain:
  046: Certainly! Here's a rhyming couplet that continues your phrase:
  047: Certainly! Here's a rhyming couplet that continues the image of gray skies and rain:
  048: Sure! Here's a rhyming couplet that continues the image of gray clouds and falling rain:
  049: Across the sky in sheets and spill.
  050: Sure! Here's a rhyming couplet that continues your line:
  051: Certainly! Here's a rhyming couplet that continues the thought:
  052: Sure! Here's a rhyming couplet that fits your prompt:
  053: Sure! Here's a rhyming couplet that continues with the imagery you provided:
  054: Certainly! Here's a rhyming couplet that continues your original line:
  055: Certainly! Here's a rhyming couplet that continues your line:
  056: Sure! Here's a rhyming couplet that continues your original line:
  057: Sure! Here's a rhyming couplet that continues with the image of gray clouds and raindrops:
  058: Sure! Here's a rhyming couplet that continues with the line you provided:
  059: Sure! Here's a rhyming couplet based on your prompt:
  060: Sure! Here's a rhyming couplet that follows your opening line:
  061: Sure! Here's a rhyming couplet based on your prompt:
  062: And every heart feels the weight of a hill.
  063: Sure! Here's a rhyming couplet that continues your line:
  064: And shadows lengthen in the twilight.
  065: Sure! Here's a rhyming couplet based on your prompt:
  066: Sure! Here's a rhyming couplet that fits your style:
  067: Certainly! Here's a rhyming couplet that follows your theme:
  068: Sure! Here's a rhyming couplet that continues the image of gray clouds and falling rain:
  069: Sure! Here's a rhyming couplet you can use:
  070: Certainly! Here's a rhyming couplet that continues your line:
  071: Certainly! Here's a rhyming couplet you can use:
  072: Sure! Here's a rhyming couplet based on your prompt:
  073: Sure! Here's a rhyming couplet that continues your phrase:
  074: Certainly! Here's a rhyming couplet that continues your opening line:
  075: Certainly! Here's a rhyming couplet based on your opening line:
  076: Sure! Here's a rhyming couplet that continues the image of gray clouds and rain:
  077: Certainly! Here's a rhyming couplet that continues the image of gray clouds and falling rain:
  078: And shadows stretch where light once filled.
  079: Sure! Here's a rhyming couplet based on your phrase:
  080: Sure! Here's a rhyming couplet that follows your style:
  081: Certainly! Here's a rhyming couplet based on your prompt:
  082: Sure! Here's a rhyming couplet that continues the imagery of cloudy, rainy days:
  083: Sure! Here's a rhyming couplet that continues the image of gray clouds and rain:
  084: Sure! Here's a rhyming couplet that matches your prompt:
  085: Sure! Here's a rhyming couplet that matches your prompt:
  086: Sure! Here's a rhyming couplet that continues the imagery of gray skies and falling rain:
  087: Certainly! Here's a rhyming couplet that continues your line:
  088: Sure! Here's a rhyming couplet that fits your prompt:
  089: Sure! Here's a rhyming couplet that fits your prompt:
  090: In quiet descent, they fall in flight.
  091: Certainly! Here's a rhyming couplet that continues with the line you provided:
  092: Sure! Here's a rhyming couplet that continues your line:
  093: In silent tears, the world is filled.
  094: In silence, they descend to fill.
  095: Sure! Here's a rhyming couplet that matches your prompt:
  096: Sure! Here's a rhyming couplet that continues the imagery of gray clouds and rain:
  097: Certainly! Here's a rhyming couplet that continues your phrase:
  098: Sure! Here's a rhyming couplet that matches your style:
  099: Certainly! Here's a rhyming couplet that continues your sentence:
  100: Sure! Here's a rhyming couplet that continues your line:
  101: And heaven weeps in silent, heavy will.
  102: Certainly! Here's a rhyming couplet based on your prompt:
  103: Certainly! Here's a rhyming couplet that continues your line:
  104: Sure! Here's a rhyming couplet that continues the image of gray clouds and falling rain:
  105: Sure! Here's a rhyming couplet that continues your line:
  106: Certainly! Here's a rhyming couplet that fits your prompt:
  107: Sure! Here's a rhyming couplet that continues your line:
  108: Certainly! Here's a rhyming couplet that continues the image of gray skies and falling rain:
  109: Sure! Here's a rhyming couplet you can use:
  110: Sure! Here's a rhyming couplet you can use:
  111: Certainly! Here's a rhyming couplet that continues your line:
  112: Sure! Here's a rhyming couplet you can use:
  113: Sure! Here's a rhyming couplet that continues the thought:
  114: And heaven weeps with sorrowful will.
  115: Sure! Here's a rhyming couplet that continues your sentence:
  116: Sure! Here's a rhyming couplet based on your prompt:
  117: And silence falls, the world is still.
  118: Certainly! Here's a rhyming couplet that continues the imagery of gray clouds and falling rain:
  119: Sure! Here's a rhyming couplet that follows your prompt:
  120: Sure! Here's a rhyming couplet that continues your line:
  121: A peaceful night, a gentle will.
  122: Sure! Here's a rhyming couplet based on your line:
  123: Certainly! Here's a rhyming couplet that fits your opening line:
  124: Certainly! Here's a rhyming couplet that continues your line:
  125: Certainly! Here's a rhyming couplet that follows your prompt:
  126: Certainly! Here's a rhyming couplet that continues your first line:
  127: Certainly! Here's a rhyming couplet that continues your line:
  128: Sure! Here's a rhyming couplet that continues your line:
  129: Sure! Here's a rhyming couplet:
  130: Certainly! Here's a rhyming couplet that continues the imagery of gray clouds and falling rain:
  131: Upon the hills, they softly fall.
  132: Sure! Here's a rhyming couplet that continues your line:
  133: Sure! Here's a rhyming couplet:
  134: Sure! Here's a rhyming couplet you can use:
  135: To cleanse the earth with gentle, steady will.
  136: A storm is brewing, the sky is still.
  137: Sure! Here's a rhyming couplet that continues with your line:
  138: Sure! Here's a rhyming couplet that continues your lines:
  139: Sure! Here's a rhyming couplet that continues your line:
  140: Sure! Here's a rhyming couplet that continues your line:
  141: Across the sky, they fall in rippled light.
  142: Through the window, they pour, they spill.
  143: Certainly! Here's a rhyming couplet that follows your initial line:
  144: Sure! Here's a rhyming couplet that fits your line:
  145: Sure! Here's a rhyming couplet that continues your sentence:
  146: Sure! Here's a rhyming couplet that continues the image of gray skies and falling rain:
  147: Across the sky, they fall and fill.
  148: Sure! Here's a rhyming couplet based on your prompt:
  149: Sure! Here's a rhyming couplet based on your prompt:
  150: Sure! Here's a rhyming couplet that continues the image of gray clouds and rain:
  151: Certainly! Here's a rhyming couplet that continues your line:
  152: Certainly! Here's a rhyming couplet that continues your line:
  153: A whisper of farewell, a sigh of the hill.
  154: Sure! Here's a rhyming couplet that continues your line:
  155: Sure! Here's a rhyming couplet that continues your line:
  156: Sure! Here's a rhyming couplet that matches your prompt:
  157: Sure! Here's a rhyming couplet that continues your sentence:
  158: Certainly! Here's a rhyming couplet that continues your initial line:
  159: Sure! Here's a rhyming couplet based on your prompt:
  160: Sure! Here's a rhyming couplet based on your prompt:
  161: Sure! Here's a rhyming couplet that continues your line:
  162: Certainly! Here's a rhyming couplet that continues the image of gray clouds and falling rain:
  163: Sure! Here's a rhyming couplet that follows your prompt:
  164: Sure! Here's a rhyming couplet that follows your prompt:
  165: Sure! Here's a rhyming couplet that continues with your line:
  166: In silence falling, soft and slow.
  167: Sure! Here's a rhyming couplet that matches your style:
  168: Certainly! Here's a rhyming couplet you can use:
  169: Sure! Here's a rhyming couplet that continues the imagery of gray clouds and rain:
  170: Sure! Here's a rhyming couplet based on your opening line:
  171: Sure! Here's a rhyming couplet that continues the thought:
  172: Across the sky, they fall and fill.
  173: Certainly! Here's a rhyming couplet that continues your phrase:
  174: Certainly! Here's a rhyming couplet that continues your original line:
  175: Certainly! Here's a rhyming couplet that continues your sentence:
  176: Sure! Here's a rhyming couplet that continues your line:
  177: Sure! Here's a rhyming couplet that continues the image of gray clouds and falling rain:
  178: Through the window, the world is piled.
  179: Sure! Here's a rhyming couplet that continues the idea of cloudy weather and falling rain:
  180: Sure! Here's a rhyming couplet that matches your start:
  181: Sure! Here's a rhyming couplet based on your prompt:
  182: Certainly! Here's a rhyming couplet that continues your line:
  183: Sure! Here's a rhyming couplet that matches your prompt:
  184: Sure! Here's a rhyming couplet that continues your line:
  185: Sure! Here's a rhyming couplet that continues the imagery of gray clouds and falling rain:
  186: Sure! Here's a rhyming couplet that continues with the sentence you provided:
  187: Sure! Here's a rhyming couplet that continues your line:
  188: Sure! Here's a rhyming couplet based on your prompt:
  189: Sure! Here's a rhyming couplet that continues your line:
  190: Sure! Here's a rhyming couplet that continues the image of gray clouds and falling rain:
  191: Sure! Here's a rhyming couplet that matches your style:
  192: Sure! Here's a rhyming couplet you can use:
  193: Sure! Here's a rhyming couplet that continues your line:
  194: Certainly! Here's a rhyming couplet based on your prompt:
  195: Sure! Here's a rhyming couplet that continues your line:
  196: Sure! Here's a rhyming couplet that fits your prompt:
  197: Sure! Here's a rhyming couplet that continues with your prompt:
  198: Sure! Here's a rhyming couplet that continues your line:
  199: Certainly! Here's a rhyming couplet that continues the image of gray clouds and rainy weather:
  200: Sure! Here's a rhyming couplet that fits your opening line:

