FIRST LINE: Boxes of books, a reader's delight,
  001: Treasures of stories, both day and night.
  002: Whispers of stories that never seem right.
  003: Stacks that whisper of stories to write.
  004: Treasure troves that spark the night.
  005: Treasures of stories, both day and night.
  006: Treasures of stories that fill the night.
  007: Pages unfold in the still of the night.
  008: Treasures of stories, both night and day bright.
  009: Treasures of tales in quiet delight.
  010: Treasure troves where imagination takes flight.
  011: Whispers of worlds in each page's light.
  012: Treasures of tales in every bright light.
  013: Whispers of stories that spark the mind's light.
  014: Secrets and stories that shine through the night.
  015: Secrets and stories that shine through the night.
  016: Pages unfold with the softest light.
  017: Treasures of tales in each quiet night.
  018: Treasures of stories that bring us to flight.
  019: Treasure troves waiting to take flight.
  020: Treasures of stories that bring us to light.
  021: Treasures of stories that shine so bright.
  022: Mysteries, tales, and dreams to bright.
  023: Treasures of stories that bring us to light.
  024: Pages unfold in the soft morning light.
  025: Treasures of tales in every light.
  026: Treasures of stories that never lose their light.
  027: Treasure troves waiting to be bright.
  028: Treasures of tales in perfect white.
  029: Secrets and stories that spark the night.
  030: Mystery, magic, and tales of the night.
  031: Secrets and stories that stir up the night.
  032: Whispers of worlds in each binding and night.
  033: Stories unfold in the quiet of night.
  034: Treasure troves filled with stories so bright.
  035: Treasure troves that fill the night.
  036: Treasures of tales in quiet twilight.
  037: Wonders and wisdom, all tucked in tight.
  038: Pages that whisper through the night.
  039: Mysteries unfold with every light.
  040: Treasures of tales in every bright light.
  041: Treasure troves tucked in the quiet of night.
  042: Treasures of stories, day and night.
  043: Treasure troves waiting to take flight.
  044: Whispers of stories that never feel tight.
  045: Treasures of stories that bring joy and light.
  046: Whispers of tales in the pages of night.
  047: Secrets and stories that bring pure light.
  048: Treasures of tales in quiet flight.
  049: Stories unfold in the soft glow of night.
  050: Mysteries wait in the pages of night.
  051: Treasures of tales in the dark and the light.
  052: Pages await in the soft morning light.
  053: Treasures of tales in each page's light.
  054: Mystery, magic, and endless night.
  055: Secrets and stories that shine through the night.
  056: Whispers of stories that set hearts alight.
  057: Stories that spark the imagination's flight.
  058: Treasure each page, let your imagination take flight.
  059: Pages that whisper through the night.
  060: Treasures of tales in each page's bright light.
  061: Treasure troves where stories take flight.
  062: Whispers of stories that dance through the night.
  063: Treasures of tales in quiet delight.
  064: Treasure troves hiding stories at night.
  065: Treasures of stories, both day and night.
  066: Treasures of stories that shine through the night.
  067: Treasures of stories, both day and night.
  068: Treasure troves that bring the night.
  069: Treasure troves waiting to light.
  070: Whispers of stories that never depart.
  071: Treasures of stories that shine through the night.
  072: Mystery, magic, and adventure's bright.
  073: Wonders unfold with each brand-new bite.
  074: Treasures of tales that illuminate night.
  075: Mysteries wait in the quiet of night.
  076: Treasures of tales in every bright light.
  077: Pages unfold, igniting the night.
  078: Treasures of tales in the dark and the light.
  079: Stories unfold with each precious sight.
  080: Treasure troves hiding stories at night.
  081: Treasures of stories that shine through the night.
  082: Whispers of worlds in each page's light.
  083: Stories unfold in the soft morning light.
  084: Treasure troves waiting to take flight.
  085: Treasures of stories that bring us to light.
  086: Treasure each page, let stories take flight.
  087: Pages that whisper through the night.
  088: Pages that whisper through the night.
  089: Endless adventures in the dark of night.
  090: Treasures of tales in every bright light.
  091: Treasure troves where the imagination takes flight.
  092: Treasures of tales in quiet night.
  093: Treasure troves waiting to take flight.
  094: Treasures of stories that never lose their light.
  095: Treasures of tales in each page's bright light.
  096: Treasures of tales that inspire the night.
  097: Treasure troves waiting to take flight.
  098: Treasures of stories that bring us to light.
  099: Treasures of stories that shine through the night.
  100: Treasure each page with pure delight.
  101: Treasure troves waiting to take flight.
  102: Treasure troves waiting to be bright.
  103: Treasure troves waiting to take flight.
  104: Hidden gems waiting to take flight.
  105: Treasures of stories that never feel light.
  106: Treasures of tales in each page's light.
  107: Treasures of tales that keep us alight.
  108: Treasures of stories that shine so bright.
  109: Treasures of stories that brighten the night.
  110: Stacks that spark imagination's bright flight.
  111: Stacks on the shelves, a cozy nights' light.
  112: Hidden treasures that bring pure light.
  113: A world of stories, both day and night.
  114: Treasures of stories that keep us alight.
  115: Treasures of stories that spark the light.
  116: Pages that whisper through the night.
  117: Whispers of stories that dance in the night.
  118: Treasure troves nestled in the night.
  119: Treasures of tales in the dark night.
  120: Mysteries wait in every light.
  121: Treasures of stories, both day and night.
  122: Secrets and stories that spark the night.
  123: Treasures of stories that shine so bright.
  124: Treasures of stories that shine through the night.
  125: Treasures of stories that spark a bright light.
  126: Treasures of stories that bring us to flight.
  127: Treasure troves waiting to take flight.
  128: Treasures of tales in every light.
  129: Treasure troves waiting to take flight.
  130: Stories unfold in the soft morning light.
  131: Treasures of tales that never feel light.
  132: Treasure troves waiting to be brought to light.
  133: Whispers of worlds in each page's light.
  134: Treasures of tales in quiet flight.
  135: Treasure and tales in each page's light.
  136: Treasures of stories that fill the night.
  137: Treasures of tales in each page's bright light.
  138: Treasures of tales that never fade from sight.
  139: Each page a portal, each story a light.
  140: Treasure troves waiting to take flight.
  141: Treasures of stories that light up the night.
  142: Treasures of stories that never feel light.
  143: Treasures of stories, day and night.
  144: Treasures of tales in the dark of the night.
  145: Treasures of tales in the dark night.
  146: Pages that whisper through the night.
  147: Treasures of stories that fill the night.
  148: Pages that whisper through the night.
  149: Whispers of stories that fill the night.
  150: Treasures of stories that shine so bright.
  151: Treasure troves that spark the mind's bright light.
  152: Each story a journey, each page a bright light.
  153: Treasures of stories that never feel light.
  154: Treasures of tales in quiet twilight.
  155: Treasure troves waiting to take flight.
  156: Treasure troves waiting to take flight.
  157: Endless adventures in the night.
  158: Hidden treasures that fill the night.
  159: Whispers of tales in the quiet of night.
  160: Treasures of stories that fill the night.
  161: Treasures of stories that keep the mind bright.
  162: Wonders unfold with each page's light.
  163: Pages whispering through the night.
  164: Treasures of stories that bring joy and light.
  165: Treasures of stories that brighten the night.
  166: Treasures of stories that bring joy and light.
  167: Treasures of tales that bring joy and light.
  168: Treasure troves tucked within each sight.
  169: Mysteries wait in the pages of night.
  170: Treasures of tales that spark the mind's light.
  171: Mysteries wait in the pages of night.
  172: Pages that whisper through the night.
  173: Treasures of stories that bring joy and light.
  174: Pages turn with joy and light.
  175: Treasures of stories that keep us alight.
  176: Pages that whisper through the night.
  177: Treasures of tales in each page's bright light.
  178: Treasure troves waiting to take flight.
  179: Whispers of stories that dance through the night.
  180: Each page a journey, each story a light.
  181: Treasures of tales in every light.
  182: Treasures of stories that shine bright.
  183: Pages whispering secrets of night.
  184: Treasure troves waiting to light.
  185: Pages that whisper through the night.
  186: Treasure troves waiting to take flight.
  187: Treasure troves waiting to take flight.
  188: Treasures of stories that spark the mind's light.
  189: Pages that whisper through the night.
  190: Treasures of stories that never fade away.
  191: Pages that whisper through the night.
  192: Treasure troves filling the heart with light.
  193: A treasure trove of joy and light.
  194: Treasure troves waiting to light.
  195: Treasure troves waiting to light.
  196: Treasure troves waiting to take flight.
  197: Treasures of tales in quiet flight.
  198: Treasures of stories, day and night.
  199: Treasure troves waiting to take flight.
  200: Treasures of stories, both old and new.

FIRST LINE: Boxes of books, a reader's joy,
  001: Treasures of tales that never grow old.
  002: Pages that whisper, "Stay a while."
  003: Treasure troves that never grow old.
  004: Treasure troves where dreams employ.
  005: Secrets and stories, a boundless toy.
  006: Stories unfold with each new toy.
  007: Treasures of tales that bring us boy.
  008: Mystery, magic, and dreams that employ.
  009: Treasures of tales that will always employ.
  010: Secret worlds in paper toy.
  011: Treasures untold, a boundless toy.
  012: Stories unfold with each new toy.
  013: Pages turn with gentle voice.
  014: Treasures of stories, both bold and coy.
  015: Treasures of tales that will surely deploy.
  016: Treasure each page, let imagination employ.
  017: Treasure troves where imagination voyages.
  018: Treasure troves that fill the soul with toy.
  019: Pages unfold, new worlds employed.
  020: Treasures of tales that never grow old.
  021: Treasures of tales that never grow old.
  022: Wonders await on every boy.
  023: Treasures of tales that never grow old.
  024: Treasures of tales that will always enjoy.
  025: A world of tales to treasure and employ.
  026: Stories that lift the heart and soul.
  027: Worlds unfold with each new toy.
  028: Treasures of tales that never grow old.
  029: Treasure troves where imagination voyages.
  030: Worlds unfold with every toy.
  031: Whispers of worlds that never decay.
  032: Treasures of tales that gently employ.
  033: Treasures of tales that never grow old.
  034: Treasures of stories, both old and new.
  035: Treasures of tales that will forever stay employed.
  036: Treasure troves where imagination flows.
  037: Treasures that spark the imagination's toy.
  038: Treasures of tales that never grow old.
  039: Stacks that whisper tales of boy.
  040: Pages unfold, new worlds employ.
  041: Treasures of stories, both old and employed.
  042: Stacked high with stories that will toy.
  043: Worlds to discover, always in toy.
  044: Whispers of stories that will never go.
  045: Treasures of tales that never grow old.
  046: Treasures of tales that lift the soul on high.
  047: Treasure troves where imaginations soar high.
  048: Treasures of tales that will always employ.
  049: Mysteries wait behind each toy.
  050: Treasures that whisper of distant toil.
  051: Treasures of tales that never grow old.
  052: Worlds unfold with each new toy.
  053: Treasures of tales that never grow old.
  054: Mysteries unfold, new paths employ.
  055: Treasure each page, let your imagination fly.
  056: Treasures of tales that never grow old.
  057: Treasure each page, let stories employ.
  058: Pages turn with a quiet noise.
  059: Treasures of tales that softly toy.
  060: Pages turn in soft delight.
  061: Treasures of tales that forever employ.
  062: Treasures of tales that light the boy.
  063: Whispers of worlds in paper toy.
  064: Treasures of tales that never grow old.
  065: Treasures of tales that never grow old.
  066: Secrets and stories, they will employ.
  067: Treasure troves where imagination voyages.
  068: Treasures of tales that never grow old.
  069: Pages turning, dreams employed.
  070: Treasures of stories, both far and nigh.
  071: Treasures of tales that never grow old.
  072: Treasure troves where stories employ.
  073: Treasures of tales that will always employ.
  074: Treasures of tales that never grow old.
  075: Treasure troves waiting to employ.
  076: Whispers of worlds in each page's voy'ge.
  077: Treasure troves waiting to employ.
  078: Wonders unfold with each new toy.
  079: Treasure each page, let stories employ.
  080: Treasures untold, a boundless toy.
  081: Pages whispering secrets of toil.
  082: Worlds to explore, no need for a toy.
  083: Treasure each page, let stories employ.
  084: Treasure troves that spark the toy.
  085: Worlds unfold with each new toy.
  086: Worlds to explore, new paths to employ.
  087: Stories that spark and lift the soul on high.
  088: Treasures of tales that never grow old.
  089: Secrets and stories that never grow old.
  090: Treasures of stories, both old and new.
  091: Mystery, magic, and stories that joy.
  092: Treasures of tales that never grow old.
  093: Mystery, magic, stories alloy.
  094: Stories unfold with each new toy.
  095: Treasures of tales that never grow old.
  096: Stories unfold with each new toy.
  097: Whispers of tales that never grow old.
  098: Treasures of tales that never grow old.
  099: Secret worlds in paper voy.
  100: Mysteries wait, and dreams will toy.
  101: Treasure troves for the soul's employ.
  102: Treasures of tales that will never grow old.
  103: Treasure troves for the mind's employ.
  104: Secrets and tales that inspire and employ.
  105: Treasures of tales that never grow old.
  106: Treasures of tales that never grow old.
  107: Treasures of tales that will always deploy.
  108: Treasures of tales that never grow old.
  109: Treasure troves where dreams may roam.
  110: Secrets and stories, a world to employ.
  111: Wander through stories, lose the day's annoy.
  112: Whispers of tales that forever employ.
  113: Treasures of tales that never grow old.
  114: Pages unfold, new worlds to employ.
  115: Treasures of tales that never grow old.
  116: Treasures of tales that will still employ.
  117: Treasures of tales, a boundless toy.
  118: Treasures of tales that never grow old.
  119: Worlds to explore, no need for toys.
  120: Treasures of tales, each page a toy.
  121: Mystery, magic, and plenty of toy.
  122: Treasures of tales that bring us to toy.
  123: Treasure each page, let imagination fly.
  124: Secrets and stories, a treasure to employ.
  125: Treasures of stories, both old and new.
  126: Treasures of tales that never grow old.
  127: Mysteries unfold, and dreams employ.
  128: Treasure troves waiting to enjoy.
  129: Treasure troves where imaginations toy.
  130: Stacked high with stories that will soy.
  131: Treasure troves where dreams employ.
  132: Pages turn with sweet employ.
  133: Treasures of tales that lift the soul on high.
  134: Treasures of tales that never grow old.
  135: Treasures of tales that never grow old.
  136: Worlds unfold with every boy.
  137: Pages turn with gentle toil.
  138: Treasures of tales that never grow old.
  139: Treasures of tales that never grow old.
  140: Stories unfold with each new toy.
  141: Secrets and stories, a lifelong toy.
  142: A treasure trove that brings us toy.
  143: Treasures of tales that never grow old.
  144: Worlds to explore, new horizons to deploy.
  145: Treasures of stories, both old and toy.
  146: Worlds unfold with every boy.
  147: Treasures of tales that never grow old.
  148: Treasure troves where imagination flies.
  149: Worlds to discover, new and employed.
  150: Treasures of stories, both old and new.
  151: Treasures of stories, both old and new.
  152: Treasures of tales that lift the soul on high.
  153: Treasure troves that lift the soul on high.
  154: Treasures of tales that never grow old.
  155: Treasure troves where imagination flows.
  156: Treasures of tales that lift the boy.
  157: Mysteries, tales, and dreams in their toy.
  158: Mysteries, tales, and dreams of boy.
  159: Treasures of stories, both old and new.
  160: Treasures of tales that never grow old.
  161: Secrets and stories, forever employ.
  162: Treasures of tales that never grow old.
  163: Secrets and stories, they will employ.
  164: Treasures of tales that never grow old.
  165: Pages turn with hopeful toy.
  166: Treasures of tales that forever employ.
  167: Treasures of tales that never grow old.
  168: Treasures of tales that never grow old.
  169: Treasures of tales that never grow old.
  170: Mystery, magic, tales of toy.
  171: Treasures of stories, both far and nigh.
  172: Treasure troves that make the heart smile.
  173: Treasures of tales that never grow old.
  174: Treasures of tales that soothe the boy.
  175: Treasures of tales, both new and old.
  176: Mysteries unfold with each boy.
  177: Wonders await with every boy.
  178: Treasure troves waiting to employ.
  179: Pages that whisper, stories that employ.
  180: Secrets and stories, a boundless toy.
  181: Treasures of stories, day or night.
  182: Treasure troves that lift the soul from boy.
  183: Treasures of tales that light the boy.
  184: Treasures of tales that light the boy.
  185: Treasures of tales, both old and coy.
  186: Treasures of tales that never grow old.
  187: Treasures of tales that inspire and employ.
  188: Treasures of tales that make the heart employ.
  189: Treasures of stories, both bold and coy.
  190: Treasures of stories, both old and new.
  191: Treasures of tales that make us employ.
  192: Worlds unfold with each new toy.
  193: Wonders unfold with each boy.
  194: Pages unfold, and dreams take flight.
  195: Treasure troves where stories employ.
  196: Treasure untold, a boundless boy.
  197: Pages that whisper, stories that toy.
  198: Pages whisper stories of old and of toy.
  199: Treasures that spark the imagination's toy.
  200: Pages whispering secrets of long ago.

FIRST LINE: Boxes of books, a reader's habit,
  001: Stories unfold with each new bit.
  002: Treasure troves where imagination habitats.
  003: Treasure troves stacked, a boundless habit.
  004: Treasure and tales in silent habit.
  005: Mind's a vessel, full of habit.
  006: Stories unfold with each fresh bit.
  007: Whispers of worlds in quiet lit.
  008: Mysteries solved in the quiet habit.
  009: Treasure troves stacked, no need for habit.
  010: Mysteries solved, adventures knit.
  011: Treasures of tales in quiet habit.
  012: Treasure and tale in every brittle bit.
  013: Treasures stacked, each page a habit.
  014: Walls lined with stories, a quiet habit.
  015: Stories unfold, each page a habit.
  016: Treasures of tales in silence habit.
  017: Stories unfold with each flip of the habit.
  018: Treasures of thought in silence habit.
  019: Treasure troves where imagination habit.
  020: Stories unfold in the quiet of night.
  021: Walls of stories, a cozy fit.
  022: Mind's escape, a boundless habit.
  023: Worlds unfold in every strip.
  024: Quiet joy in pages wrapped.
  025: Treasures of tales in quiet lit.
  026: Stories unfold in quiet fit.
  027: Treasure and tales in quiet lit.
  028: Quiet companions in the attic.
  029: Treasure and thrill, a quiet habit.
  030: Treasure troves where imagination's lit.
  031: Treasures stacked, each page a habit.
  032: Treasure and tale in each little habit.
  033: Quiet companions in a dusty attic.
  034: Treasure troves where imagination's lit.
  035: Treasures stacked, both old and habit.
  036: Stories unfold with each soft bit.
  037: Treasure troves filled with wit and spirit.
  038: Treasure and tales in quiet fit.
  039: Mindful of stories, never quite habit.
  040: Treasures of stories, a boundless habit.
  041: Minds are fed, and hearts are habit.
  042: Treasure troves where the imagination lit.
  043: Treasure troves for the mind's delight.
  044: Treasure troves filled with story and wit.
  045: Mind journeys far, in stories habit.
  046: Treasure and tale in every packet.
  047: Treasure and tale in quiet fit.
  048: Treasure and tales in quiet bliss.
  049: Mysteries wait, and stories live in it.
  050: Treasure troves where the imagination flits.
  051: Treasure troves stacked, no need for habit.
  052: Treasures of tales, each page a visit.
  053: Treasure troves stacked with quiet grit.
  054: Treasure troves brimming with spirit and wit.
  055: Minds are fed, and dreams are written.
  056: Treasure troves stacked, no need for habit.
  057: Treasure and stories, never a nit.
  058: Treasure tucked tight in paper and grit.
  059: Mysteries hidden, each page a habit.
  060: A world of wonders, no need for a trip.
  061: Treasures stacked, a quiet habit.
  062: Mindful journeys, no need to quit.
  063: Treasure troves where imaginations fit.
  064: Treasure and tales in quiet grit.
  065: Treasure troves stacked, both old and habit.
  066: Quiet delight in pages thick and thin.
  067: Treasure each page, let knowledge be habit.
  068: Treasures of tales that never grow thin.
  069: Treasures of tales that forever fit.
  070: Treasure troves stacked with quiet wit.
  071: Treasure troves stacked, a quiet habit.
  072: Treasure troves stacked, a quiet habit.
  073: Treasure and tales in paper wrapped tight.
  074: Treasure and tales in silence fit.
  075: Mystery and magic, never a habit.
  076: Treasure troves stacked with silent grit.
  077: Whispers of worlds in quiet grit.
  078: Treasures stacked, no need for a ship.
  079: A treasure trove, a quiet habit.
  080: Mindful escapes in pages, a habit.
  081: Mysteries unfold, and imaginations knit.
  082: Miles of stories, a lifelong trip.
  083: A world of wonder, never silent.
  084: Quiet companions, no need for wit.
  085: Quiet companions, bound in a habit.
  086: Minds are fed, and dreams are habit.
  087: Stories unfold with every bit.
  088: Treasures stacked, each page a gift.
  089: Walls of wisdom, a quiet habit.
  090: Treasure troves stacked, no need for habit.
  091: Treasure and tales in quiet lit.
  092: Treasure troves where stories fit.
  093: Mind's delight, a world to visit.
  094: Minds are fed where imagination fits.
  095: Treasures of stories, a boundless pit.
  096: Mysteries solved, adventures in script.
  097: Treasure troves stacked, a quiet habit.
  098: Quiet companions in shadow and light.
  099: Treasure and tales in quiet lit.
  100: Treasure troves for the mind's delight.
  101: Treasure troves in every attic.
  102: Quiet joys in paper's grip.
  103: Walls lined with stories, a quiet habit.
  104: Treasure troves stacked, no need for fibs.
  105: Mystery, magic, and quiet wit.
  106: Treasure troves stacked with clever wit.
  107: Mental escapes in paper’s grip.
  108: Minds are fed, and dreams are habit.
  109: Treasures of tales, a quiet habit.
  110: Mindful moments, a soul's deficit.
  111: Pages turn where joy and knowledge habit.
  112: Quiet joys in every nibble.
  113: Treasure troves tucked in quiet habit.
  114: Treasures of tales in quiet habit.
  115: Treasure troves stacked for the spirit's benefit.
  116: Stories unfold with every bit.
  117: Minds are shaped by the stories they fit.
  118: A journey of words, a soul's deficit.
  119: Stories unfold in pages that flip.
  120: Whispers of worlds in pages written.
  121: Treasure and tales in paper and script.
  122: A world of tales in every bit.
  123: Treasures stacked, a quiet habit.
  124: Quiet companions in life's tight fit.
  125: Quiet companions in the attic.
  126: Treasures stacked high, a quiet habit.
  127: Mindful moments in quiet habit.
  128: Treasure troves where imagination habit.
  129: A world of dreams in every bit.
  130: Treasure troves stacked, a boundless habit.
  131: Treasure troves where imagination thrives.
  132: Treasure troves stacked, a cozy habit.
  133: Walls filled with stories, a quiet gift.
  134: Worlds within worlds, a boundless habit.
  135: Treasure troves stacked, a soul's full habit.
  136: Treasure and tales in silence fit.
  137: Treasures of tales, a never-ending bit.
  138: Treasure and tales, a soul's delight.
  139: Treasure troves where imagination habitats.
  140: Treasure troves where the imagination habit.
  141: Treasure and tales, a quiet habit.
  142: Whispers of worlds in quiet lit.
  143: Minds are shaped by every bit.
  144: Treasure troves stacked, a lifelong habit.
  145: Treasures of tales that never quit.
  146: Treasures of tales that never quit.
  147: Minds are shaped by the stories they nibble.
  148: Treasure tucked tight in paper's grip.
  149: Treasures stacked, a quiet fit.
  150: Treasures stacked high, a quiet habit.
  151: Treasure troves filled with wonder and wit.
  152: Treasure troves stacked, no need for a pit.
  153: Whispers of stories, a heart's quick habit.
  154: Treasures of tales that never quit.
  155: Mysteries solved, a cozy habit.
  156: Treasures stacked, both old and gritty.
  157: Mindful musings, a quiet habit.
  158: Treasures stacked for mind's delight.
  159: Mysteries wait, and stories writ.
  160: Treasures stacked, both old and habit.
  161: Mysteries stack, and dreams take flight.
  162: Stories unfold with every bit.
  163: Treasure troves stacking up without a pit.
  164: Stories unfold, no need for a ticket.
  165: Treasure and tale in quiet lit.
  166: Quiet companions, rich in spirit.
  167: Worlds within, the mind's swift habit.
  168: Treasure troves where the imagination lives.
  169: Stories unfold with each quick trip.
  170: Mystery, magic, and quiet grit.
  171: Pages turn in quiet grit.
  172: Miles of stories, a quiet habit.
  173: Mysteries wait in every bit.
  174: Mindful moments, no need for fit.
  175: Treasures of thought in quiet comfort.
  176: Whispers of tales in quiet lit.
  177: Treasures stacked, both old and habit.
  178: Mysteries solved in quiet lit.
  179: Treasures of tales in quiet habit.
  180: Walls lined with stories, a quiet habit.
  181: Treasure troves stacked for quiet bliss.
  182: Treasures of tales in quiet habit.
  183: Pages turn with quiet grit.
  184: Quiet joys in every script.
  185: Treasures of tales, a boundless trip.
  186: Treasure troves stacked, a quiet habit.
  187: A treasure trove where stories inhabit.
  188: Treasure and tale in each little bit.
  189: Treasures stacked, both old and habit.
  190: Treasure troves where imagination fits.
  191: Treasure each page, let wisdom be lit.
  192: Treasure troves stacked, both old and habit.
  193: Treasure troves where the imagination sits.
  194: A treasure trove where imagination habit.
  195: Mysteries deep and stories habit.
  196: Quiet companions, never lacking.
  197: Treasures of tales in quiet habit.
  198: Treasure troves where imagination thrives.
  199: Walls of stories, quiet and grit.
  200: Stories unfold with every grip.

FIRST LINE: Boxes of books, a reader's passion,
  001: Whispers of worlds in quiet fascination.
  002: Stories unfold in a boundless fashion.
  003: Treasure and tale in quiet fascination.
  004: Treasure and tale, a boundless mission.
  005: Treasures untold in every faction.
  006: Treasure troves where imagination's fashioned.
  007: Treasure troves filled with imagination.
  008: Treasures of tales that spark a nation.
  009: Walls lined with stories, a quiet conversation.
  010: Worlds within pages, imagination's fashion.
  011: Treasure troves where imagination's cast.
  012: Treasures of tales in quiet fascination.
  013: Whispers of worlds in quiet reflection.
  014: Treasures of tales that spark imagination.
  015: Secrets and stories, a boundless mission.
  016: Quiet worlds in paper fashion.
  017: Stories unfold in each fantastic session.
  018: Treasure troves filling every fashion.
  019: Treasure troves stacked in quiet fascination.
  020: Stories unfold with each new fashion.
  021: Hidden worlds in every fashion.
  022: Treasure troves where imagination's fashion.
  023: Treasures of stories, each one a mission.
  024: Treasures of worlds in quiet fascination.
  025: Mysteries unfold in each fashion.
  026: Treasure troves stacked with fascination.
  027: Secrets and stories, a world's fascination.
  028: Stories unfold with each devotion.
  029: Whispers of worlds in quiet fascination.
  030: Secret worlds in paper fashion.
  031: Treasure and tale in each quiet fashion.
  032: Stories unfold with each fresh fashion.
  033: Treasure troves filled with imagination.
  034: Hidden worlds in every fashion.
  035: Stories unfold with each fresh edition.
  036: Stories unfold in silent conversation.
  037: Mysteries unfold, one chapter's fashion.
  038: Stories unfold with each devotion.
  039: Treasure troves waiting to be embraced.
  040: Worlds unfold with every page's fashion.
  041: Treasure and tale in each precious fashion.
  042: Stories unfold with each new edition.
  043: Mysteries wait in every fashion.
  044: Whispers of stories, a world's expansion.
  045: Mysteries wait in every fashion.
  046: Mysteries deep and stories in faction.
  047: Quiet companions in imagination.
  048: Treasure troves filled with wonder and fashion.
  049: Quiet companions in life's expansion.
  050: Treasures of tales in quiet companionship.
  051: Whispers of stories, a comforting fashion.
  052: Minds are ignited, imagination's vision.
  053: Treasures of stories, each one a mission.
  054: Treasures of tales in silent fascination.
  055: Treasure troves waiting to be savored.
  056: Mysteries wait in every fashion.
  057: A treasure trove where stories are fashioned.
  058: Stories unfold in endless fashion.
  059: Treasures hidden, each page a mission.
  060: Treasure troves where imagination's fashioned.
  061: Treasure troves where imagination's stationed.
  062: Mysteries hidden, each page a faction.
  063: Whispers of tales in quiet devotion.
  064: Treasure troves stacked with imagination.
  065: Treasure troves filled with imagination.
  066: Treasures of tales in quiet fascination.
  067: Treasures of tales that forever last.
  068: Mysteries, dreams, and endless fascination.
  069: Treasures of stories, each one's a mission.
  070: Treasure troves where the imagination's stationed.
  071: Whispers of worlds in each quiet fashion.
  072: Treasures of tales that bring us devotion.
  073: Mystery, magic, and wonder's compassion.
  074: Quiet companions in a world of fashion.
  075: Treasures of tale, a boundless creation.
  076: Hidden worlds in every fashion.
  077: Mysteries unfold, one story after.
  078: Mystery, myth, and wonder's fashion.
  079: Secrets and stories, a boundless expansion.
  080: Secrets and stories, a lifelong fashion.
  081: Whispers of worlds in each paper fashion.
  082: Mystery, magic, a world's fantastic.
  083: Treasure troves where imagination's cast.
  084: Treasures of tales, each page a fashion.
  085: A world of wonder, a boundless station.
  086: Secrets and stories, a lifetime's fascination.
  087: Treasure troves where imagination's fashioned.
  088: Wander through worlds that imagination's fashion.
  089: Secrets and stories, a lifelong fascination.
  090: Treasure troves where the imagination's fashion.
  091: Mysteries wait in every fashion.
  092: Hidden worlds in every fashion.
  093: Treasure troves stacked with imagination.
  094: Treasure untold in pages' fashion.
  095: Treasure troves waiting to be embraced.
  096: Stories unfold in a world of fascination.
  097: Treasures of tales, a boundless vision.
  098: A world of wonder, no end in fashion.
  099: Stories unfold in a world of creation.
  100: Whispers of stories, a lifelong fashion.
  101: Treasures tucked tight in quiet devotion.
  102: Treasure troves of imagination.
  103: Treasure troves where the imagination's placed.
  104: Whispers of worlds in quiet tension.
  105: Treasure troves where imagination's placed.
  106: Quiet companions in a world of motion.
  107: Treasure each page, let imagination.
  108: Wander through worlds that imagination's fashion.
  109: Treasure troves stacked, a boundless sensation.
  110: Stories unfold with each devotion.
  111: Pages unfold, a world's expansion.
  112: Miles of stories, a comforting fashion.
  113: Secrets and stories, a boundless devotion.
  114: Worlds unfold with every fashion.
  115: Treasure troves waiting to be embraced.
  116: Quiet companions, a world's connection.
  117: Treasure troves found in paper's fashion.
  118: Whispers of worlds in each quiet session.
  119: Treasures of tales, a never-ending fashion.
  120: Stories unfold in quiet devotion.
  121: Treasure troves where imagination's cast.
  122: A journey through time, each page a fastion.
  123: Treasure and tales in each quiet fashion.
  124: Mysteries waiting, no ending's in fashion.
  125: Mysteries unfold, each page a nation.
  126: Treasures stacked high in quiet satisfaction.
  127: Treasure each page, a world's expansion.
  128: Treasures of tales, a world's dimension.
  129: Stories unfold in a boundless fashion.
  130: Secrets and stories, a world's fascination.
  131: Stories unfold with each new mission.
  132: Whispers of tales in quiet fascination.
  133: Treasure troves where imagination's fashion.
  134: Stories unfold in a quiet fascination.
  135: Secret worlds in every fashion.
  136: Whispers of worlds in paper's fashion.
  137: Treasures of tales in quiet fascination.
  138: Treasure troves filled with infinite motion.
  139: Hidden worlds in each page's fashion.
  140: Stories unfold in a quiet devotion.
  141: Treasure troves filled with imagination.
  142: Treasure troves waiting to be fashion.
  143: Treasure troves where imagination's vast.
  144: Treasure and tale in each quiet mansion.
  145: Secrets and stories, a boundless fascination.
  146: Treasures of tales in quiet fascination.
  147: Treasure troves where imagination's stationed.
  148: Mysteries wait in every fashion.
  149: Secrets and stories, a world's expansion.
  150: Treasure troves where imagination's stationed.
  151: Hidden treasures waiting for exploration.
  152: Secrets and stories, a world's expansion.
  153: Treasure troves where imagination's fashioned.
  154: Treasure troves where imagination's cast.
  155: Mysteries wait in every fraction.
  156: Secret worlds in paper fashion.
  157: Treasures of worlds in quiet possession.
  158: Stories unfold with each new edition.
  159: Treasure troves filled with imagination.
  160: Treasure troves stacked with imagination.
  161: Treasure troves where imagination's cast.
  162: Treasures of tales, a heart's true mission.
  163: Treasures of stories, each one's a fashion.
  164: Treasure troves where imagination's fashioned.
  165: Whispers of worlds in each page's fashion.
  166: Treasure troves found in quiet expansion.
  167: Secret worlds in every fashion.
  168: Secrets and stories, a world in a fashion.
  169: A world of wonders, each page's fashion.
  170: Hidden treasures, each page's expansion.
  171: Treasures of tales in quiet fascination.
  172: Stories unfold in imagination.
  173: Whispers of worlds in every fashion.
  174: Quiet delight in pages' fashion.
  175: Treasure each page, let imagination expand.
  176: Quiet companions in a literary fashion.
  177: Treasure troves filled with boundless devotion.
  178: Hidden treasures in quiet obsession.
  179: Treasure troves filled with endless fashion.
  180: Stories unfold with each quiet fascination.
  181: Whispers of worlds in each page's motion.
  182: Treasures of tales that never grow old.
  183: Treasure troves waiting for the fashion.
  184: Stories unfold in a quiet fascination.
  185: Whispers of tales that forever expand.
  186: A world of dreams, no end to fascination.
  187: Treasures of tales that forever last.
  188: Whispers of stories, a lifelong compassion.
  189: Treasures of tales, each page a mission.
  190: Secrets and stories, a world's expansion.
  191: Treasure troves stacked with imagination.
  192: Treasures stacked high in a cozy location.
  193: Treasures of stories, imagination's expansion.
  194: Treasure troves where imagination's drawn.
  195: Treasures of tales that never grow old.
  196: Treasure troves filling a quiet mansion.
  197: Quiet companions in silent conversation.
  198: Treasure troves filled with imagination.
  199: Treasures of tales in quiet possession.
  200: Treasure troves waiting to be fashion.

FIRST LINE: Boxes of books, a reader's craze,
  001: Whispers of tales in each page's praise.
  002: Whispers of tales in every gaze.
  003: Stories unfold in a boundless maze.
  004: Treasure troves for the mind to blaze.
  005: A treasure hunt with no set phase.
  006: Whispers of tales in each page's haze.
  007: Stacked high with stories to erase.
  008: Stories unfold in a magical maze.
  009: Whispers of stories that never fade.
  010: Whispers of tales in every maze.
  011: Mysteries, myths, and tales of praise.
  012: Whispers of tales in each page's maze.
  013: A treasure trove for the mind to gaze.
  014: Mystery, magic, and timeless praise.
  015: Mysteries unfold with every page.
  016: Mysteries deep and stories of grace.
  017: Mysteries unfold in every haze.
  018: Whispers of tales in each page's maze.
  019: Stories unfold in a boundless maze.
  020: Treasure each page, embrace the chase.
  021: Whispers of tales in each page's haze.
  022: Stacks in the corner, a cozy blaze.
  023: Mysteries wait in every phrase.
  024: A treasure trove that never loses its praise.
  025: Mysteries wait in every haze.
  026: Treasure untold in every haze.
  027: Treasures of tales in every blaze.
  028: Mystery, magic, and timeless praise.
  029: Stories unfold in a joyous maze.
  030: Whispers of tales in each page's maze.
  031: Mysteries, tales, and timeless phrase.
  032: Pages turn in a quiet haze.
  033: Mysteries, tales, and wonder's maze.
  034: A treasure trove for the mind to blaze.
  035: Wander the aisles, lose yourself in the maze.
  036: Treasures of tales in every maze.
  037: Pages turn with whispered praise.
  038: Whispers of tales in each page's embrace.
  039: Stories unfold with each new page.
  040: Whispers of tales in each page's grace.
  041: Mystery tales in each page's embrace.
  042: Treasure troves stacked in a cozy place.
  043: Stories unfold in a magical maze.
  044: Whispers of tales in each embrace.
  045: Whispers of tales in each maze.
  046: Treasure each page, let stories blaze.
  047: Stacked high, they fill the place.
  048: Mysteries wait in every maze.
  049: Whispers of stories in every maze.
  050: Treasure each tale in a cozy haze.
  051: Whispers of stories in every blaze.
  052: Whispers of stories in every page.
  053: Stories unfold in a boundless haze.
  054: Stories unfold in a cozy blaze.
  055: Treasure each tale in a cozy place.
  056: Mysteries, tales, and endless praise.
  057: Treasures of tales in each new phrase.
  058: Treasure troves where stories blaze.
  059: Stories unfold in a world of haze.
  060: Treasures of tales in every size.
  061: Whispers of stories in every maze.
  062: Mysteries solved in a cozy haze.
  063: Pages turn with joy and gaze.
  064: Whispers of stories that never erase.
  065: Mystery, magic, they never cease.
  066: Mysteries, tales, and bold new praise.
  067: Pages turn with joy and grace.
  068: Treasures of tales in every size.
  069: Stories unfold in a magical maze.
  070: Whispers of stories in every gaze.
  071: Stories unfold with each new phase.
  072: Wings of imagination, they will always raise.
  073: Mystery, magic, and endless praise.
  074: Stories unfold in a magical maze.
  075: Mystery pages, a world to praise.
  076: Pages that whisper, dreams to embrace.
  077: Stories unfold in a boundless maze.
  078: Lost in worlds where imagination bazaars.
  079: Whispers of tales in each page's gaze.
  080: Whispers of stories in every embrace.
  081: Pages turn in a cozy blaze.
  082: Mystery, magic, a world to gaze.
  083: Mysteries unfold in every blaze.
  084: Secret worlds in every page.
  085: Mysteries bloom in every phrase.
  086: Whispers of tales in each maze.
  087: Mindful of time, we find our place.
  088: Mystery, magic, and adventure to praise.
  089: Whispers of tales in each page’s maze.
  090: Mind and heart in every phrase.
  091: Whispers of stories in every embrace.
  092: Treasure troves stacked in cozy space.
  093: Treasures await in every page.
  094: Mysteries solved in a cozy space.
  095: Treasure each page, let stories blaze.
  096: Whispers of tales in each embrace.
  097: Whispers of stories in every maze.
  098: Stacked high with stories that never fade.
  099: Mysteries, tales, and boundless praise.
  100: Stacked high with tales that never cease.
  101: Whispers of stories in every maze.
  102: Whispers of tales in every page.
  103: Stories unfold in each new phrase.
  104: Whispers of stories in every embrace.
  105: Mystery, magic, and fantasy's maze.
  106: Stacks in the hall, a cozy phase.
  107: Mystery, magic, and timeless praise.
  108: Pages turn in a cozy haze.
  109: Pages turn with joyous gaze.
  110: Treasure each page, let your mind blaze.
  111: Mysteries, tales, and boundless haze.
  112: Whispers of tales in each page's gaze.
  113: Whispers of stories in every new phase.
  114: Treasures stacked high in cozy maze.
  115: Stories unfold in a magical maze.
  116: A treasure trove for mind and taste.
  117: Whispers of tales in every blaze.
  118: Stacked high, they bring a sense of grace.
  119: Stories unfold in a magical maze.
  120: Whispers of tales in each embrace.
  121: Mystery, magic, they always amaze.
  122: Mystery, magic, and timeless praise.
  123: Whispers of stories in every page.
  124: Pages that whisper, dreams that amaze.
  125: Mystery, magic, and endless maze.
  126: Whispers of tales in each page's maze.
  127: Treasures of tales in every phase.
  128: Whispers of stories in every place.
  129: Stories unfold in boundless praise.
  130: Pages turn with joyous haze.
  131: Treasure each page, let imagination blaze.
  132: Stories unfold in a magical maze.
  133: Mysteries solved with a cozy gaze.
  134: Whispers of stories in quiet embrace.
  135: Mysteries, tales, and boundless haze.
  136: Mystery, magic, and wonder to praise.
  137: Pages turn with a whispered embrace.
  138: Mind-expanding, soul-enlarged in days.
  139: Stories unfold in a cozy maze.
  140: Treasures of tales in each embrace.
  141: Stories unfold with every page.
  142: Mystery, magic, a boundless maze.
  143: Mystery, magic, and wonder to chase.
  144: Whispers of stories, both bold and dazed.
  145: Mysteries, tales, and boundless praise.
  146: Secrets and stories, a boundless maze.
  147: Page by page, a soul's amaze.
  148: Walls lined with tales, a literary phase.
  149: Stories unfold in a cozy phase.
  150: Whispers of tales in each page's maze.
  151: Stacked high, they fill the space.
  152: Mysteries unfold with every page.
  153: Treasure each page, let imagination blaze.
  154: Treasure each page, let your imagination gaze.
  155: Whispers of stories in every gaze.
  156: Stacked high with stories to amaze.
  157: Stacked high with tales to amaze.
  158: Whispers of tales in each page's maze.
  159: Whispers of tales in each embrace.
  160: Stories unfold in each page's grace.
  161: Whispers of stories in every embrace.
  162: Mysteries wait in every phrase.
  163: Mysteries, tales, and endless praise.
  164: Stories unfold with each new phase.
  165: Whispers of tales in each page's maze.
  166: Stories unfold in a quiet haze.
  167: Stories unfold in a whispered maze.
  168: Whispers of tales in each embrace.
  169: Mysteries unfold in every phrase.
  170: Mystery tales and heart’s embrace.
  171: Whispers of stories in every page.
  172: Stacked high with tales that never fade.
  173: Mystery, magic, and endless praise.
  174: Mysteries wait, each page a gaze.
  175: Whispers of tales in every page.
  176: Whispers of stories in every maze.
  177: Treasure troves in every phase.
  178: Stacked high with stories that amaze.
  179: Whispers of tales in each maze.
  180: Treasures of tales in each embrace.
  181: Whispers of tales in every maze.
  182: Mysteries wait with every page.
  183: Mysteries, magic, and wonder to blaze.
  184: Mystery, magic, and endless praise.
  185: Whispers of tales in each page's gaze.
  186: Pages turn in quiet praise.
  187: Whispers of stories in every gaze.
  188: A world of wonder, no need for haste.
  189: Whispers of tales in each embrace.
  190: Stories unfold in a boundless maze.
  191: Stories unfold in each embraced.
  192: Stories unfold with each new phrase.
  193: Page by page, a world of praise.
  194: Mystery, magic, and endless praise.
  195: Stories unfold in a boundless maze.
  196: Pages turn with joy and praise.
  197: Mystery, magic, and timeless praise.
  198: Mysteries deep and dreams in haze.
  199: Stacked high, they never decrease.
  200: Stories unfold with every page.

FIRST LINE: Boxes of books, a reader's fun,
  001: Worlds to explore, one by one.
  002: A journey through words that never run.
  003: Treasure troves for the curious one.
  004: A world of tales to be undone.
  005: Treasures of tales, one and all.
  006: Whispers of worlds that are begun.
  007: A world of tales to be undone.
  008: Treasures of tales, one and one.
  009: Worlds to explore, one and all.
  010: A world of tales to be undone.
  011: Worlds to explore, one by one.
  012: Each story a world, and the journey begun.
  013: Each story whispers, "Come, you're in!"
  014: Treasure troves for the curious one.
  015: Worlds to explore, one by one.
  016: Worlds to explore, one and one.
  017: Treasures of stories, one and one.
  018: Whispers of worlds that are just begun.
  019: Worlds unfold with every one.
  020: Treasures untold, the journey's begun.
  021: A world of wonders, one and one.
  022: Worlds to explore, one by one.
  023: Treasures await for every one.
  024: Treasures await, one by one.
  025: A journey through time, one and done.
  026: Treasure troves for the mind to run.
  027: Treasure troves for the curious one.
  028: Treasure troves for the curious one.
  029: A treasure trove for every one.
  030: Worlds to explore, one by one.
  031: Worlds to explore, one by one.
  032: Treasure troves where dreams are spun.
  033: Treasures of tales to be done.
  034: A world of wonder, one and done.
  035: Treasures of tales to be done.
  036: Worlds to explore, one by one.
  037: Treasure troves waiting to be undone.
  038: Treasure troves for the young and one.
  039: Treasure troves for the curious one.
  040: Treasures await, one and all.
  041: Treasures await, one by one.
  042: Worlds to explore, one by one.
  043: A world of stories, one by one.
  044: Whispers of worlds that are never done.
  045: Worlds to discover, one and done.
  046: Treasures await, one and all.
  047: Treasure troves for the mind to run.
  048: Worlds to explore, one page at one.
  049: Treasures to savor, one by one.
  050: A journey of dreams, one by one.
  051: Worlds to explore, one page at a run.
  052: Treasure troves for the curious one.
  053: Treasures to treasure, one by one.
  054: Treasure troves for the mind to run.
  055: Treasure troves for the soul to run.
  056: A journey to worlds that are undone.
  057: Worlds to explore, one volume at one.
  058: Treasures of tales, one and all.
  059: Treasures of tales that never run.
  060: Worlds to explore, one by one.
  061: A treasure trove for the young and the one.
  062: Treasures to savor, one by one.
  063: Treasures await for each and one.
  064: A world of wonder, one and done.
  065: A world of wonders, one by one.
  066: A treasure trove for the young and the one.
  067: Treasures to explore, one by one.
  068: Treasure troves for the curious one.
  069: Treasures await, one by one.
  070: Treasures to treasure, one by one.
  071: Worlds to explore, one volume at one.
  072: Each story a world to run.
  073: Treasure troves for the mind to run.
  074: Treasure troves waiting to be undone.
  075: Treasure each tale, let imagination run.
  076: Worlds to explore, one by one.
  077: Treasure troves for the mind to run.
  078: Treasures of stories, one and one.
  079: Treasures of tales for the young and the one.
  080: Mysteries, tales, and adventures one.
  081: Treasures of stories, one and one.
  082: Treasure troves waiting to be done.
  083: Treasures of tales, each one a sun.
  084: Treasures of stories, one and one.
  085: Treasure to find, each tale begun.
  086: Treasures of tales for everyone.
  087: Treasures await, one by one.
  088: A world of wonder, one and done.
  089: Treasures await, let the journey begin.
  090: Treasures to treasure, one by one.
  091: Whispers of worlds that have just begun.
  092: Treasures to find, a journey begun.
  093: A journey of worlds, one by one.
  094: Worlds to explore, one and done.
  095: Treasure troves where dreams are spun.
  096: Treasure troves for the mind to run.
  097: Treasure troves for the soul to run.
  098: Mysteries wait for everyone.
  099: Treasure troves waiting to be done.
  100: Worlds to explore, one by one.
  101: Treasures await, one by one.
  102: Whimsy and wisdom, one by one.
  103: Treasures of tales that will never run.
  104: Treasure troves for the young and young at heart.
  105: A world of wonder, one and one.
  106: A world of wonder, one by one.
  107: Treasures await, no end to none.
  108: A journey of dreams, one by one.
  109: Treasures of tales for the journey done.
  110: Treasure troves for the curious and young.
  111: Treasures of stories, one and one.
  112: Treasures to find, one by one.
  113: A world of wonder, one and one.
  114: Treasure each page, let stories run.
  115: Treasures of stories, one and one.
  116: Worlds to explore, one by one.
  117: Treasures of tales for every one.
  118: Treasures await, each one a sun.
  119: Worlds to explore, one by one.
  120: Secrets and stories to be done.
  121: A world of wonders, one by one.
  122: Treasures to find, a world to run.
  123: Worlds to explore, one by one.
  124: A world of dreams, each one begun.
  125: Worlds to explore, one by one.
  126: Treasures await, one and all.
  127: Treasures await, each one a sun.
  128: Wonders unfold, one by one.
  129: Wonders unfold, one by one.
  130: Worlds to explore, one by one.
  131: A treasure trove for one and one.
  132: A treasure trove for every one.
  133: Worlds to explore, one by one.
  134: A world of stories, one and all.
  135: Treasures await for every one.
  136: Each page a journey, each story begun.
  137: A treasure trove for the mind to run.
  138: Treasures of tales for everyone.
  139: Whispers of worlds that have just begun.
  140: Treasures of stories, one and one.
  141: Treasures of tales, both new and done.
  142: A world of wonder, one by one.
  143: Whispers of worlds that have just begun.
  144: Treasure troves for the mind to run.
  145: Treasures to treasure, each one.
  146: Treasures await, each one a sun.
  147: Worlds to explore, one story begun.
  148: Each story a world to run.
  149: A world of stories, one and done.
  150: Treasures of tales, the heart can run.
  151: Treasures of tales that never run.
  152: A treasure trove for the young and the one.
  153: Treasures of tales for the curious one.
  154: Treasures of tales for the taking, one by one.
  155: Treasures to discover, one by one.
  156: Treasures of tales for the curious one.
  157: Whispers of stories, one by one.
  158: Mysteries, tales, and adventures run.
  159: Treasures to find, one by one.
  160: Whispers of worlds that never end.
  161: Wonders unfold, one by one.
  162: Treasures of tales that never run.
  163: Treasures of tales for the journey to come.
  164: A world of tales to explore one.
  165: Treasures await for the curious one.
  166: Wonders to explore, one and one.
  167: Worlds to explore, one and done.
  168: A world of tales, one and done.
  169: A world of stories, one and done.
  170: Worlds to explore, one page at a run.
  171: Treasures of tales that never run.
  172: Treasure troves for the story-lorn.
  173: Worlds to explore, one page at a run.
  174: Treasures await for every one.
  175: Treasures of tales that never run.
  176: Treasure troves for the mind to run.
  177: Worlds to explore, one and done.
  178: Whispers of stories, one and one.
  179: A journey of dreams, one by one.
  180: Treasures of tales that never run.
  181: Treasure troves for the inquisitive one.
  182: Treasures of stories, one and one.
  183: Treasure troves for the eager one.
  184: Treasures of tales to be one.
  185: Treasures of tales that never run.
  186: Treasures of stories, one and one.
  187: Treasures of tales that never run.
  188: Treasure to find, a boundless sun.
  189: Whispers of worlds that have just begun.
  190: Whispers of worlds that are begun.
  191: A world of tales to be undone.
  192: Treasures of stories, one and one.
  193: Treasures of tales that never run.
  194: Treasures of stories, one and one.
  195: Treasure each tale that's been begun.
  196: Mysteries wait for the journey to come.
  197: Worlds to explore, one page at a run.
  198: A world of stories, one and one.
  199: Each page a journey, every one.
  200: Treasures of stories, one and one.

FIRST LINE: Boxes of books, a reader's pastime,
  001: Treasures of tales in every line.
  002: Treasures of tales in every frame.
  003: Stories unfold, a boundless sublime.
  004: Treasures of tale, a boundless sublime.
  005: Treasure and tale in each page's chime.
  006: Treasures of tales, a lifelong sublime.
  007: Treasures of stories, a boundless sublime.
  008: Treasure troves filled with wonder and rhyme.
  009: Treasures of tales in quiet delight.
  010: Treasure and tales in quiet delight.
  011: Secrets and stories, a boundless sublime.
  012: Treasures of tales in each page's chime.
  013: Treasures of tales in silent delight.
  014: Treasure troves brimming with endless chime.
  015: Treasures of tales in each page's climb.
  016: Treasures of tales in quiet esteem.
  017: Treasures of tales in quiet chime.
  018: Treasure troves of tales that'll outlast time.
  019: Treasures of tale in every line.
  020: Secrets and stories, a boundless sublime.
  021: Secrets and stories, a boundless sublime.
  022: Whispers of worlds in quiet delight.
  023: Treasure troves where imagination climbs.
  024: Stories unfold in the silence of time.
  025: Treasures of tales in quiet delight.
  026: Treasures of stories, a timeless climb.
  027: Treasures of tales in paper and time.
  028: Treasure troves of stories and rhyme.
  029: Treasure troves brimming with endless time.
  030: Stories unfold in the quiet of time.
  031: Treasure troves where stories climb.
  032: Whispers of worlds in each page's climb.
  033: Treasure troves filled with stories sublime.
  034: Treasures of thought, a boundless delight.
  035: Treasures of tales in quiet delight.
  036: Treasure troves filled with boundless chime.
  037: Treasure troves filled with boundless chime.
  038: Treasures of tales, a lifelong climb.
  039: Treasures of tales in quiet delight.
  040: Treasure troves filled with imagination.
  041: Whispers of worlds in each page's sublime.
  042: Treasures of tales in every timeline.
  043: Treasure troves waiting to be reprimed.
  044: Treasures of tales that never lose their charm.
  045: Whispers of stories, a timeless sublime.
  046: Treasures of tales in paper and rhyme.
  047: Secrets and stories, a boundless climb.
  048: Treasure troves where imagination climbs.
  049: Treasures of tales in quiet delight.
  050: Treasure troves filled with wonder and rhyme.
  051: Stories unfold in the pages of time.
  052: Treasures of tales in quiet delight.
  053: Treasures of tales in paper and spine.
  054: Treasures of stories, a boundless tryst.
  055: Whispers of worlds in quiet delight.
  056: Treasures of tales in paper and rhyme.
  057: Treasure each page, let stories outshine.
  058: Treasures of stories, a boundless sublime.
  059: Treasures of tales in every page.
  060: Treasure troves waiting to be claimed.
  061: Treasures of tales in quietest rhyme.
  062: Treasure troves brimming with knowledge and rhyme.
  063: Treasures of tales that will never seem tame.
  064: Treasures of tales in quiet delight.
  065: Whispers of worlds in each page's chime.
  066: Treasures of tales in quiet delight.
  067: Treasure and tales in each page's chime.
  068: Treasure troves of stories and rhyme.
  069: Treasures of tales in quiet delight.
  070: Secrets and stories, a quiet sublime.
  071: Treasures of tales in quiet delight.
  072: Treasure troves filled with knowledge and chime.
  073: Treasures of tales in quiet sublime.
  074: Treasures of tales in quiet delight.
  075: Treasure troves waiting to be claimed.
  076: Treasures of tales in quiet delight.
  077: Treasure troves where imagination climbs.
  078: Stories unfold with every page's chime.
  079: Treasures of stories, both wise and sublime.
  080: Whispers of stories, a timeless delight.
  081: Treasures of tale, each page a sublime climb.
  082: Treasure and tales in each page's sublime.
  083: Secrets and stories, a boundless sublime.
  084: Treasures of tales in quiet delight.
  085: Stories unfold with every sublime.
  086: Treasures of tales in paper and spine.
  087: Treasures of tales in quietest tryst.
  088: Treasures of stories, a lifelong delight.
  089: Treasure troves of stories and rhyme.
  090: Treasures of tales in quiet delight.
  091: Treasures of tales that will never be tame.
  092: Treasures of tales in quiet delight.
  093: Treasures of tales in quiet delight.
  094: Treasures of tale in silent delight.
  095: Treasure troves filled with boundless chime.
  096: Treasures of tales in quietest tryst.
  097: Treasure troves brimming with infinite rhyme.
  098: Treasure troves brimming with boundless charm.
  099: Treasure troves filled with boundless chime.
  100: Treasures of tales in quiet delight.
  101: Treasures of tales, a boundless delight.
  102: Treasures of tales that fill the mind with sublime.
  103: Treasures of tales, a boundless delight.
  104: Whispers of stories, a quiet delight.
  105: Treasures of stories, a timeless sublime.
  106: Secrets and stories, a timeless sublime.
  107: Whispers of worlds in each page's chime.
  108: Treasure troves waiting to be sublime.
  109: Treasures of tales, a lifelong delight.
  110: Treasures of tales in quiet delight.
  111: Stories unfold in the mind's soft chime.
  112: Treasures of tales in quiet delight.
  113: Treasures of thought in papered chasm.
  114: Treasures of tales, a boundless sublime.
  115: Treasures of tales in quiet delight.
  116: Treasures of tales, a boundless sublime.
  117: Treasure troves of dreams and sublime.
  118: Treasures of tales in quiet delight.
  119: Treasures of tales that bring us to life.
  120: Treasure troves brimming with infinite rhyme.
  121: Treasures of stories, a boundless chalice.
  122: Treasures of tales in quiet delight.
  123: Treasure troves filled with knowledge and chime.
  124: Treasures of tales in silent delight.
  125: Treasure troves brimming with boundless sublime.
  126: Treasures of tales in quiet delight.
  127: Whispers of stories, a world in a tryst.
  128: Treasure troves where imagination climbs.
  129: Treasures of tales in quiet delight.
  130: Treasure troves of dreams and rhyme.
  131: Treasures of tales in each page's premise.
  132: Treasures of stories, a timeless sublime.
  133: Treasure troves filled with boundless charm.
  134: Treasures of tales in each page's premise.
  135: Treasures of stories, a boundless sunshine.
  136: Treasures of stories, each page a sublime.
  137: Treasures of tales in quiet delight.
  138: Treasure troves filled with imagination.
  139: Secrets and stories, a treasure untold.
  140: Treasure troves brimming with imagination.
  141: Treasure troves filled with imagination.
  142: Treasures of tales in quiet delight.
  143: Treasures of tales in each line and rhyme.
  144: Treasures of tales in quiet delight.
  145: Treasures of tales that will never be tame.
  146: Treasure troves filled with knowledge and chime.
  147: Treasure and tales in quiet delight.
  148: Treasures of stories, both timeless and prime.
  149: Treasures of tales that stir the soul's chime.
  150: Treasures of thought in quiet delight.
  151: Treasures of tales in paper and time.
  152: Treasure troves waiting to be summoned.
  153: Treasures of tales in silent delight.
  154: Treasures of tales in every climactic chime.
  155: Treasures of tales that forever entwine.
  156: Treasures of tales in quiet delight.
  157: Treasures of stories, a boundless sublime.
  158: Whispers of worlds in each page's chime.
  159: Treasures of tales in quiet delight.
  160: Treasures of stories, a timeless delight.
  161: Treasures of tales in quiet delight.
  162: Whispers of stories, dreams, and rhyme.
  163: Treasures of tales that calm the mind's tempest.
  164: Stories unfold in the quiet of time.
  165: Treasures of tales that never grow stale.
  166: Whispers of worlds in quiet thrum.
  167: Treasure troves where imagination thrives.
  168: Treasures of tales in silent delight.
  169: Treasures of tales in quiet delight.
  170: Treasures of tales in paper and rhyme.
  171: Whispers of worlds in each page's timeline.
  172: Treasures of stories, a boundless sublime.
  173: Treasures of tales in quiet delight.
  174: Treasure each page, let imagination climb.
  175: Treasures of tales in every room's shrine.
  176: Treasures of tales that forever entwine.
  177: Treasure troves where imagination thrives.
  178: Treasures of tales in quiet delight.
  179: Treasures of tales that never grow stale.
  180: Treasures of tales in paper and time.
  181: Treasures of tales in quiet delight.
  182: Treasures of stories, a mind's delight.
  183: Secrets and stories, a boundless delight.
  184: Treasure troves filled with boundless chime.
  185: Treasures of tales that time cannot tarnish.
  186: Treasures of tales in paper and rhyme.
  187: Treasure of stories, a boundless sublime.
  188: Treasure troves filled with infinite sublime.
  189: Treasures of tales that never grow dim.
  190: Treasure troves filled with stories and rhyme.
  191: Treasures of thought in papered chameleons.
  192: Treasures of tales in quiet delight.
  193: Treasure troves brimming with infinite rhyme.
  194: Treasure troves filled with knowledge and rhyme.
  195: Whispers of stories, dreams in their prime.
  196: Treasures of tales that will always astound.
  197: Treasure troves waiting to be trimmed.
  198: Treasure troves brimming with infinite time.
  199: Treasures of tales that will never grow dim.
  200: Treasures of tales that never grow stale.

FIRST LINE: Boxes of books, a reader's diversion,
  001: Whispers of worlds in each paper persuasion.
  002: Whispers of stories, a timeless devotion.
  003: Whispers of worlds in each page's direction.
  004: Mysteries wait, each page a new eruption.
  005: Whispers of worlds in each page's devotion.
  006: Treasures of thought in quiet attention.
  007: Whispers of worlds in each page's devotion.
  008: Treasures of tales in quiet devotion.
  009: Pages of wonder, a soul's illumination.
  010: Worlds to explore, each page a new vision.
  011: Mysteries, dreams, and worlds of devotion.
  012: Whispers of worlds in each page's diversion.
  013: Whispers of worlds in each page's devotion.
  014: Whispers of worlds in each page's devotion.
  015: Worlds to explore, each page a new station.
  016: Treasure troves waiting to inspire emotion.
  017: Whispers of worlds in each page's persuasion.
  018: Treasures of tales in quiet revision.
  019: Treasures of tales in a quiet reflection.
  020: Mysteries, tales, and worlds of devotion.
  021: Stories unfold with each new narration.
  022: Mysteries wait, and stories are in motion.
  023: Mysteries wait in every direction.
  024: Treasure and tales in each page's diversion.
  025: Whispers of tales in their pages' devotion.
  026: Whispers of worlds in quiet devotion.
  027: Mysteries wait, each story's persuasion.
  028: A journey of words that enlightenment's foundation.
  029: Whispers of worlds in their pages of vision.
  030: Treasure troves waiting, each page a persuasion.
  031: Treasure troves waiting to be discovered.
  032: Mysteries, dreams, and knowledge in conversion.
  033: Stories unfold with each new conversion.
  034: Mystery, magic, and wisdom's diversion.
  035: Pages turn soft, with imagination's persuasion.
  036: Worlds within pages, a boundless invention.
  037: Secrets and stories, a world's persuasion.
  038: Wonders await with each page's devotion.
  039: Wander the pages, let imagination take flight.
  040: Whispers of worlds in each cover's narration.
  041: Whispers of tales in quiet persuasion.
  042: Minds are awakened, imagination's direction.
  043: Whispers of worlds in quiet submission.
  044: Mysteries wait, each story a vision.
  045: Mystery, magic, and wisdom's persuasion.
  046: Treasure troves waiting for inspiration.
  047: Treasures of tales in each quiet revision.
  048: Whispers of worlds in paper persuasion.
  049: Mysteries unfold with each revelation.
  050: Whispers of worlds in each paper persuasion.
  051: Treasure untold in each well-loved narration.
  052: Worlds to explore, each page a new vision.
  053: Whispers of worlds in quiet submission.
  054: A journey of dreams, a world of diversion.
  055: Whispers of worlds in paper's persuasion.
  056: Mysteries wait, and stories are in motion.
  057: Mysteries wait, each story a vision.
  058: Treasure and tales in each cover's devotion.
  059: Mystery, magic, a world of diversion.
  060: Treasure troves that spark imagination.
  061: Whispers of worlds in each page's vision.
  062: Mysteries hidden, a quiet diversion.
  063: Mysteries wait in every inversion.
  064: Whispers of stories that transport and inspire.
  065: Treasure untold in each page's devotion.
  066: Whispers of worlds in their pages division.
  067: Treasure troves for the imagination's conversion.
  068: Treasure troves for the curious to envision.
  069: Whispers of stories that inspire devotion.
  070: Mysteries wait, and stories in motion.
  071: Mysteries, myths, and adventures in vision.
  072: Treasure troves waiting to be devotion.
  073: Treasure troves where imagination's in motion.
  074: Treasure troves that inspire and enrich the vision.
  075: Treasure troves waiting to be adored.
  076: Secrets and stories, a world's diversion.
  077: Treasure troves waiting for inspiration.
  078: Whispers of worlds in each paper diversion.
  079: Mysteries unfold with each new invasion.
  080: Whispers of worlds in their pages' devotion.
  081: Mystery, magic, and wonder's inversion.
  082: Treasure troves waiting to be turned.
  083: Worlds unfold with each page's revision.
  084: Secrets and stories, a quiet revolution.
  085: Secrets and stories, a boundless conversion.
  086: Mysteries, dreams, and adventure's diversion.
  087: Mysteries wait in every conclusion.
  088: Whispers of worlds in each quiet turn.
  089: Whispers of worlds in quiet persuasion.
  090: Pages unfold, a quiet ambition.
  091: Mysteries, tales, and imagination's diversion.
  092: Minds are awakened, imagination's revolution.
  093: Treasures of tales in each corner's devotion.
  094: Mind's escape in pages of devotion.
  095: Mysteries wait, each tale a new conversion.
  096: Mysteries wait where imagination's turned.
  097: Mysteries wait, no need for confusion.
  098: Treasure each page, let imagination be driven.
  099: Whispers of worlds in each page's persuasion.
  100: Whispers of worlds in each page's devotion.
  101: Whispers of worlds in each page's direction.
  102: Treasure troves waiting to be unearthed.
  103: Whispers of worlds in each page's devotion.
  104: Mystery, magic, and wonder's revision.
  105: Treasure troves waiting for inspiration.
  106: Wonders unfold with each turned inversion.
  107: Treasure and tales, a boundless diversion.
  108: Mysteries waiting, each page a diversion.
  109: Treasure troves waiting for imagination.
  110: Whispers of worlds in each page's suggestion.
  111: Mysteries solved in quiet conversation.
  112: Whispers of worlds in each page's diversion.
  113: Whispers of worlds in each paper persuasion.
  114: Whispers of worlds in each quiet conversion.
  115: Treasure troves waiting for imagination.
  116: Mind's own adventure, a boundless revision.
  117: Whispers of worlds in paper diversion.
  118: Mysteries unfold with each new revision.
  119: Treasure troves waiting for inspiration.
  120: Mysteries deep and tales of adventure.
  121: Whispers of worlds in each page's devotion.
  122: Whispers of worlds in each page's diversion.
  123: Whispers of worlds in each carefully bound edition.
  124: Whispers of worlds in each page's devotion.
  125: Mysteries wait, each page a new emotion.
  126: Mysteries unfold with each diversion.
  127: Mind's escape to new horizons' vision.
  128: Mysteries unfold with each inversion.
  129: Whispers of worlds in each page's devotion.
  130: Mysteries, tales, and quiet revelation.
  131: Whispers of worlds in their pages still burning.
  132: Whispers of worlds in quiet confusion.
  133: Whispers of worlds in the pages of vision.
  134: Wonders unfold with each new narration.
  135: Treasure troves waiting for inspiration.
  136: Whispers of worlds in each page's division.
  137: Whispers of tales that the imagination will adoration.
  138: Stories unfold with each turn of the vision.
  139: Treasures of stories, a boundless invention.
  140: Stories unfold with each new adventure.
  141: Whispers of worlds in each page's diversion.
  142: Whispers of worlds in each page's vision.
  143: A journey of worlds, each page a revelation.
  144: Mysteries, tales, and imagination's evolution.
  145: Treasure troves of imagination's devotion.
  146: Whispers of worlds in each quiet conversion.
  147: Whispers of worlds in paper persuasion.
  148: Mysteries unfold with each new revision.
  149: Treasures of tales in a quiet diversion.
  150: Mysteries wait where wonder is driven.
  151: Stories unfold with each new conversion.
  152: Mystery, magic, and wonder's persuasion.
  153: Whispers of worlds in each page's devotion.
  154: Treasure untold in each bound persuasion.
  155: Mystery, magic, and passion's diversion.
  156: Mysteries wait in every narration.
  157: Treasures of tales in quiet communion.
  158: Whispers of tales in quiet persuasion.
  159: Whispers of worlds in each page's devotion.
  160: Whispers of stories, a world's persuasion.
  161: Whispers of worlds in each page's devotion.
  162: Mysteries wait with every new revision.
  163: Whispers of worlds in each quiet turn.
  164: Treasures of tales in quiet revision.
  165: Treasure troves waiting to be unearthed.
  166: Whispers of worlds in each page's submission.
  167: Treasure troves waiting for imagination.
  168: Secrets and tales that forever ensnare.
  169: Treasure and tales in each quiet devotion.
  170: Whispers of worlds in each page's devotion.
  171: Whispers of worlds in the turning of pages.
  172: Whispers of worlds in each page's devotion.
  173: Mysteries wait, each page a new inversion.
  174: Mysteries waiting, adventures in motion.
  175: Whispers of worlds in each page's division.
  176: Mysteries, tales, and wisdom's devotion.
  177: Mysteries wait, each page a new version.
  178: Treasure troves waiting to inspire a vision.
  179: Whispers of worlds in each page's devotion.
  180: Mysteries unfold with each new turn of the page.
  181: Treasures of tales, a boundless devotion.
  182: Mysteries, dreams, and knowledge in fusion.
  183: Whispers of tales in the quietest fusion.
  184: Pages unfold, a world's illumination.
  185: Treasure troves waiting for inspiration.
  186: Treasure troves where imagination's devotion.
  187: Whispers of worlds in each page's persuasion.
  188: Treasures of tales in quiet confusion.
  189: Mystery, magic, and wisdom's conversion.
  190: Mysteries wait 'til dawn's first illumination.
  191: Whispers of stories that imagination's devotion.
  192: Mysteries unfold with each new version.
  193: Treasure troves waiting to be adoration.
  194: Whispers of worlds in each page's direction.
  195: Treasure troves where imagination's in motion.
  196: Mysteries wait in every devotion.
  197: Mysteries waiting, adventures in motion.
  198: Mysteries wait with each new diversion.
  199: Whispers of worlds in their quiet submission.
  200: Whispers of tales in each page's direction.

FIRST LINE: Boxes of books, a reader's pleasure,
  001: Stories unfold with each fresh chapter.
  002: Mysteries, dreams, and wonder to treasure.
  003: Wonders await with every treasure.
  004: Treasures of tales, a boundless treasure.
  005: Treasure troves bound in paper and weather.
  006: Mystery, magic, and stories to treasure.
  007: Treasures of tales that inspire and treasure.
  008: Minds are fed with every treasure.
  009: Mysteries wait, each tale a treasure.
  010: Treasures of tales, a boundless treasure.
  011: Treasures of stories, a boundless treasure.
  012: Treasure troves where imagination stirs.
  013: Mystery, magic, and countless treasure.
  014: Treasures of tales, a boundless treasure.
  015: Whispers of worlds in paper's measure.
  016: Treasures of tales that bring us closer.
  017: Treasures of tales that inspire and treasure.
  018: Stories unfold with each new treasure.
  019: Whispers of worlds in each precious treasure.
  020: Treasures of tales to fill the measure.
  021: Mysteries wait, each page a treasure.
  022: Mysteries unfold with each new treasure.
  023: Treasures of tales that bring us closer.
  024: Wander the world with imagination's measure.
  025: Treasures of tales that no one can measure.
  026: Treasure troves waiting to be embraced.
  027: Treasure troves filled with wonder and treasure.
  028: Treasures of tales that forever last.
  029: Whispers of worlds in each treasure.
  030: Treasures of tales in quiet suspense.
  031: Treasures of tales that always restore.
  032: Whispers of worlds in quiet measure.
  033: Mystery, magic, and wonder to treasure.
  034: Treasures of tales that bring us together.
  035: Treasure to treasure, a perfect measure.
  036: Mystery, magic, and wonder to treasure.
  037: Treasures of tales for the soul to treasure.
  038: Treasures of tales that bring us closer.
  039: Whispers of stories, a boundless treasure.
  040: Treasures of tales that no one can measure.
  041: Minds are awakened, passions are leisure.
  042: Treasure troves waiting to be discovered.
  043: Treasures of tales, a boundless treasure.
  044: Whispers of stories, a treasure.
  045: Treasures of stories, a boundless treasure.
  046: Treasure untold, a boundless measure.
  047: Wonders to discover, a lifelong treasure.
  048: Treasure troves waiting to be treasure.
  049: Mysteries unfold with every measure.
  050: Whispers of worlds in quiet measure.
  051: Treasure troves for the soul's true measure.
  052: Treasures of tales in quiet measure.
  053: Treasures of tales that bring us closer.
  054: Treasure troves waiting to be blessed.
  055: Treasures of tales for the mind to measure.
  056: Mysteries wait on every shelf.
  057: Treasure troves waiting to be treasure.
  058: Mysteries wait with every measure.
  059: Treasures of stories, a boundless treasure.
  060: Mysteries wait, no time for leisure.
  061: Treasure troves waiting to be treasure.
  062: Whispers of worlds in paper and leather.
  063: Treasures of stories, a boundless treasure.
  064: Treasures of tales, a boundless treasure.
  065: Mindful delights that bring us closer.
  066: Whispers of tales that forever endure.
  067: Whispers of stories, a lifelong treasure.
  068: Wonders and wisdom, a treasure.
  069: Whispers of worlds in each treasure.
  070: Treasures of tales, a boundless treasure.
  071: Treasure troves where imagination whispers and dances.
  072: Whispers of worlds in quiet measure.
  073: Treasures of stories, a boundless treasure.
  074: Treasures of tales, a boundless treasure.
  075: Wonders unfold with each new treasure.
  076: Mysteries wait, a treasure to measure.
  077: Pages that whisper, a quiet treasure.
  078: Treasure troves waiting to be discovered.
  079: Treasures of stories, a boundless treasure.
  080: Wonders await with every measure.
  081: Treasures of stories, a boundless treasure.
  082: Mysteries wait, with wonder to measure.
  083: Treasures of tales that forever last.
  084: Whispers of worlds in each page's measure.
  085: Treasures of tales that transport and amaze.
  086: Mystery, magic, a world to treasure.
  087: Treasures of tales that forever last.
  088: Mysteries unfold with each new measure.
  089: Treasure to treasure, a boundless measure.
  090: Treasures of tales that bring us closer.
  091: Worlds to explore, no need for measure.
  092: Mysteries unfold, a treasure.
  093: Wonders unfold with each new treasure.
  094: Mysteries, tales, and stories to treasure.
  095: Worlds unfold with every treasure.
  096: Whispers of worlds in quiet measure.
  097: Mysteries wait, no need to treasure.
  098: Whispers of stories, a timeless treasure.
  099: Treasure troves where imaginations go faster.
  100: Treasures of tales in quiet repose.
  101: Minds are awakened, hopes are clearer.
  102: Whispers of stories, a treasure.
  103: Mysteries wait with every treasure.
  104: Worlds to explore, no need for measure.
  105: Mysteries wait with every treasure.
  106: Whispers of worlds in quiet measure.
  107: Treasure troves waiting to be measured.
  108: Stories unfold with boundless treasure.
  109: Treasures of tales, a boundless treasure.
  110: Whispers of stories, a timeless treasure.
  111: Stories unfold with each fresh treasure.
  112: Treasures of tales to cherish and treasure.
  113: Treasures of stories, a boundless treasure.
  114: Whispers of worlds in quiet measure.
  115: Treasure troves of endless measure.
  116: Treasure troves filled with wonder and measure.
  117: Whispers of worlds in each story's measure.
  118: Treasure troves waiting for the reader's measure.
  119: Treasures of tales to forever treasure.
  120: Mysteries, tales, and wonders to treasure.
  121: Treasure troves waiting for a fresh breeze.
  122: Stories unfold with each fresh page.
  123: Whispers of worlds in each cover's measure.
  124: Whispers of tales that time can't erase.
  125: Whispers of tales that forever endure.
  126: Stories unfold with boundless measure.
  127: Mysteries, tales, and wonders to treasure.
  128: Mysteries wait, no need to measure.
  129: Treasures of tales, a boundless treasure.
  130: Treasures of tales to savor and treasure.
  131: Mysteries unfold with every measure.
  132: Whispers of worlds in paper's measure.
  133: Whispers of stories, a timeless treasure.
  134: Stories unfold with each new treasure.
  135: Treasures of tales for the soul's measure.
  136: Whispers of worlds in each cover's measure.
  137: Treasures of tales that lift the spirit and leisure.
  138: Treasure troves waiting to be blessed.
  139: Treasures of tales that bring us closer.
  140: Treasures of tales that will forever last.
  141: Treasure troves waiting to be explored.
  142: Treasure troves waiting to be hearsed.
  143: Treasures of tales in paper and verse.
  144: Treasures of stories, bound in splendor.
  145: Treasure troves waiting to be blessed.
  146: Whispers of worlds in each treasure.
  147: Whispers of worlds that no one can measure.
  148: Wonders and worlds to discover, a treasure.
  149: Mystery, myth, and wonder to treasure.
  150: Treasures of tales that never grow old.
  151: Whispers of stories, a treasure.
  152: Whispers of worlds in each treasure.
  153: Stories that spark a soul's adventure.
  154: Treasures of tales, a boundless treasure.
  155: Treasure troves where imagination ventures.
  156: Wings of the mind, a boundless treasure.
  157: Treasure untold, a boundless treasure.
  158: Treasure troves waiting to be blessed.
  159: Treasure troves waiting to be blessed.
  160: Treasure troves waiting to be leisure.
  161: Mystery, magic, and wonder to treasure.
  162: Mysteries wait, and wonders measure.
  163: Whispers of worlds in each treasure.
  164: Treasures of tales in quiet measure.
  165: Treasures of tales to savor and treasure.
  166: Treasures of stories, a boundless treasure.
  167: Treasures of tales, a boundless treasure.
  168: Whispers of worlds that await their measure.
  169: Whispers of tales that time cannot measure.
  170: Treasures of tales, a boundless treasure.
  171: Mysteries deep and tales of treasure.
  172: Whispers of tales that no one ever loses.
  173: Treasures of stories, a boundless treasure.
  174: Treasures of stories, a boundless treasure.
  175: Treasures of tales, a soul's true treasure.
  176: Treasures of tales for the soul to treasure.
  177: Mysteries wait, a treasure's measure.
  178: Mysteries wait, no need to ask.
  179: Treasures of tales that surely mesmerize.
  180: Wonders and worlds, a timeless treasure.
  181: Whispers of worlds in each treasure.
  182: Pages that turn with endless measure.
  183: Whispers of stories, a timeless treasure.
  184: Treasure troves brimming with endless measure.
  185: Treasure each page, let knowledge endure.
  186: Treasures of stories, a timeless treasure.
  187: Treasures of stories, a boundless treasure.
  188: Treasures of tales, a boundless treasure.
  189: Treasures of tales that forever endure.
  190: Treasure untold in every measure.
  191: Treasures of tales in quiet repose.
  192: Worlds to discover, endless treasure.
  193: Mysteries waiting, no need for leisure.
  194: Wonders unfold with each precious treasure.
  195: Whispers of stories, a boundless treasure.
  196: Mysteries wait with every measure.
  197: Minds are awakened, imaginations treasure.
  198: Treasures of tales that stir the soul.
  199: Treasure troves waiting to be assessed.
  200: Whispers of worlds in each treasure.

FIRST LINE: Boxes of books, a reader's chore,
  001: Treasures to be found once more.
  002: A treasure trove for the mind to explore.
  003: Stacks that whisper tales galore.
  004: Stacks that climb to the attic floor.
  005: Stacked high, they beckon evermore.
  006: Treasure to sort, but always more.
  007: Stacks of stories to explore.
  008: Treasure and dust in one open door.
  009: Treasure to uncover, joy to restore.
  010: Treasures await, both far and near.
  011: Stacks that whisper tales once more.
  012: Stacked high with stories to explore.
  013: A treasure trove waiting to restore.
  014: Stacks that rise, a curious pore.
  015: Treasures to find, both near and far.
  016: Treasure and trouble, both in store.
  017: Stacked with stories that inspire and restore.
  018: Treasure and dust in equal measure.
  019: Stacks that rise, both tall and sore.
  020: Stacks of stories, evermore.
  021: Stacks that grow, but never less.
  022: A treasure trove to explore.
  023: A treasure trove that fills the floor.
  024: Treasure and trouble, both are sure.
  025: Stacks that rise, both light and more.
  026: A treasure trove to pore and pore.
  027: Mystery waits behind each door.
  028: Stacks of stories, waiting to store.
  029: A treasure trove of stories to explore.
  030: A treasure trove for the soul to explore.
  031: Stacked high with stories to explore.
  032: Stacked high with stories to explore.
  033: Treasures to treasure, from floor to lore.
  034: Mysteries waiting for the soul's encore.
  035: Stacks that grow, but never get fewer.
  036: A treasure hunt for the soul to store.
  037: Stacked high with stories to store.
  038: Stacks to sort, a task encore.
  039: Stacked high, they promise more.
  040: A treasure trove to store.
  041: A journey of words that brings us more.
  042: A treasure trove, a boundless lore.
  043: Stacks that whisper tales encore.
  044: A treasure trove for the soul to explore.
  045: Stacks that whisper tales once more.
  046: Treasures to find, both near and far.
  047: Stacked high with stories to explore.
  048: Stacks of stories to pore and explore.
  049: Treasures to find, both far and near.
  050: Treasures to savor, both near and far.
  051: Treasures untold, both near and far.
  052: Stacked high, they whisper of more.
  053: Treasure to find, a joy to explore.
  054: Stacked high with stories to explore.
  055: Stacked high with stories to explore.
  056: Stacks that climb to heaven's door.
  057: Stacks that whisper of worlds once more.
  058: Treasure troves waiting to restore.
  059: Treasures to sort, both near and far.
  060: Treasures to treasure, from shore to shore.
  061: A treasure trove that fills the door.
  062: Stacks to sift through, the thrill is pure.
  063: Treasure to find, a journey to explore.
  064: A treasure trove to explore.
  065: Stacks of stories to pore and explore.
  066: Stacks that grow taller with every store.
  067: Stacks that whisper of worlds to explore.
  068: Treasure and toil in the attic's core.
  069: Treasure and tedium, both to explore.
  070: Stacked high, they hold a world to explore.
  071: Treasure and dust, both near and more.
  072: A treasure trove beyond compare.
  073: Stacks to sift through, from floor to floor.
  074: Stacks that climb and fill the floor.
  075: Stacks that grow when you don't ignore.
  076: Each page a journey, each story a store.
  077: Treasure to seek, from cover to core.
  078: Treasure to treasure, the joy they restore.
  079: Stacked high with tales to explore.
  080: A treasure trove to pore and pore.
  081: Treasure to find, both far and near.
  082: A treasure trove to explore.
  083: Stacks that whisper, "More, encore!"
  084: Treasures to find, a boundless door.
  085: Stacks that rise like mountains toward.
  086: Treasure to find, both near and far.
  087: Stacks that rise and gently roar.
  088: Stacked high with stories to store.
  089: Each page a portal, opening more.
  090: Treasures to find, the more the more.
  091: A treasure trove to explore.
  092: A treasure trove to endlessly explore.
  093: Treasure to find in each store.
  094: Stacks to sort, both light and more.
  095: Stacks that whisper tales of yore.
  096: Stacks that rise with endless more.
  097: Stacks of stories to explore.
  098: Treasures to savor, both near and far.
  099: Stacked high, they whisper of more.
  100: A treasure hunt where stories store.
  101: Stacks that whisper, "More, encore!"
  102: A treasure trove to be restored.
  103: Stacked with stories, they bring us more.
  104: Stacks to sort, but wonder to explore.
  105: A treasure trove to explore.
  106: Stacked high with stories to explore.
  107: A treasure trove, to be explored.
  108: A treasure trove that calls you more.
  109: Treasures await, both far and near.
  110: Treasures await, both near and far.
  111: A treasure trove, from floor to floor.
  112: Stacks of stories, always more.
  113: Stacks that climb, a quiet shore.
  114: Stacks that whisper of worlds once more.
  115: Stacked and sorted, more and more.
  116: Stacks that rise like towers of lore.
  117: Stacks that whisper of more.
  118: Treasure untold, from floor to door.
  119: Stacks that climb to the attic floor.
  120: Stacked high with stories to explore.
  121: Stacks that grow taller with every more.
  122: Treasure and weight, both light and more.
  123: Each page a journey, a fresh explore.
  124: Stacks of stories waiting to restore.
  125: Treasures to find, both near and far.
  126: A treasure trove, both near and far.
  127: Treasure to find, both near and far.
  128: Treasures to find, the more the better.
  129: Stacks of stories waiting to restore.
  130: Stacked high, a mystery to restore.
  131: Treasures to find, the soul to restore.
  132: Stacks of stories waiting for more.
  133: Treasure to find, both near and far.
  134: Stacked high, they wait for more.
  135: Stacks that whisper of tales to restore.
  136: Treasures to find, a lifelong store.
  137: A treasure trove for the heart to adore.
  138: Treasure to find, a lifelong store.
  139: Stacked high, they wait for more.
  140: Stacks that rise with every store.
  141: Stacks to sift through, a curious lore.
  142: Stacks that rise like towers of lore.
  143: A treasure trove, both light and lore.
  144: Stacks to sort, but joy they store.
  145: Stacked high, yet the heart's full store.
  146: Stacks that climb to touch the floor.
  147: Stacked and sorted, they bring us more.
  148: Stacks of stories to pore and explore.
  149: Stacks that grow taller each year or more.
  150: A treasure trove to pore and store.
  151: Treasures to find, both far and near.
  152: Treasures to find, both near and far.
  153: Stacks that rise, a quiet store.
  154: Treasure and weight in a paper door.
  155: Treasure untold, both near and far.
  156: Stacks that rise like towers of lore.
  157: Treasure to seek, from floor to floor.
  158: Stacks that whisper, "There's more to explore."
  159: Treasure to find, and more to explore.
  160: Stacks that rise, both near and far.
  161: Treasure to find, a soul to restore.
  162: Each page a world, each story a door.
  163: Stacked high, they beckon to pore.
  164: A treasure trove that waits you to store.
  165: Stacks of stories to be explored.
  166: Treasures hidden, waiting for more.
  167: Stacked high with stories to explore.
  168: Treasure to find, a lifelong lore.
  169: Treasures to treasure, from floor to floor.
  170: Mystery, magic, and more.
  171: Treasures untold, both near and far.
  172: Treasure and tales to explore.
  173: A treasure trove for the soul to explore.
  174: A treasure hunt where joy is stor'd.
  175: Treasure to pore, a boundless shore.
  176: Each story whispers, "Open more."
  177: Stacked high, they whisper lore.
  178: Stacked high, they whisper of more.
  179: Stacks to sift through, both near and far.
  180: Each page a journey, a world to explore.
  181: Stacked high, they wait for more.
  182: Stacks of stories to savor and explore.
  183: Stacked with tales from floor to floor.
  184: Stacks that tower, a mystery more.
  185: Stacks of stories to explore.
  186: A treasure trove beyond compare.
  187: Stacks that climb and never stop.
  188: Treasures await, but dust draws near.
  189: Stacks of stories waiting to restore.
  190: Stacks of stories to discover.
  191: Stacks to sort, a task that sore.
  192: Stacks that whisper, "More, encore!"
  193: Stacks that rise, a boundless store.
  194: A treasure trove to pore and explore.
  195: Stacked high with stories to explore.
  196: Treasures to savor, page by page store.
  197: Stacked high, they beckon to explore.
  198: Stacked high, they hold a world to explore.
  199: Stacked high, they beckon evermore.
  200: Treasure and dust in heaps and more.

FIRST LINE: He saw a carrot and had to grab it,
  001: For hunger urged him, and he couldn’t back it.
  002: For hunger's call he could not ignore.
  003: His hunger urged him, no time to chat it.
  004: His hunger was strong, no time to dawdle or nap it.
  005: For hunger called and his stomach was crabby.
  006: His hunger led him, and he couldn't shab it.
  007: His hunger was strong, no time to dabble.
  008: His hunger drove him, no time to back it.
  009: His hunger drove him, no time to dabble.
  010: His hunger made him act with no trap it.
  011: His hunger drove him, no time to dawdle.
  012: His hunger urged him, no time to dawdle.
  013: For hunger made his resolve unable to stab it.
  014: For hunger's whisper urged him to grab it.
  015: His hunger was strong, no time to dawdle.
  016: His hunger drove him, no time to dally.
  017: His hunger was strong, he couldn't dawdle or chat it.
  018: His hunger was loud, and his patience was thin.
  019: For hunger's call he couldn't ignore.
  020: His hunger growled, and his hands were that rapid.
  021: His hunger urged him, no time to dawdle.
  022: Too tempted by the lure of that bright tabby.
  023: For hunger's call he couldn't help but crab it.
  024: His hunger growled louder than his logic labored.
  025: His hunger cried out, "This is what I craved it!"
  026: His hunger grew with every snap it.
  027: His hunger wouldn't let him think of crab it.
  028: For hunger's call he could not ignore it.
  029: For hunger's call he could not forbear it.
  030: Though it was long and a bit too crabby.
  031: His hunger led him, no need to crab it.
  032: His hunger drove him, no need to dawdle.
  033: His hunger grew with every slap it.
  034: For hunger whispered, "This is what you want!"
  035: His hunger growled, he couldn’t back it.
  036: His hunger wouldn't let him think twice.
  037: For hunger's call he couldn't ignore it.
  038: His rabbit instincts just couldn't be brabbi't.
  039: His appetite was simply too rapid.
  040: His hunger led him, and he couldn’t shab it.
  041: His rabbit instincts just couldn't escape it.
  042: His hunger drove him, no time to chat it.
  043: For hunger's call he couldn't stop it.
  044: His hunger growled with a fierce demand.
  045: For hunger gnawed at him, no time to chat it.
  046: His hunger was strong, no time to chat it.
  047: For hunger called and urged him to stab it.
  048: For hunger whispered, "This is your star."
  049: For hunger whispered, "This is what you need."
  050: His hunger drove him, no time to dawdle.
  051: His hunger drove him, no time to chat it.
  052: His hunger grew with every rapid slap it.
  053: His hunger cried out, "This is what you lack, it!"
  054: His hunger led him, and there was no lab.
  055: Though it was long and a bit absurd.
  056: His hunger urged him, no time to crab it.
  057: For hunger's call he couldn't keep it in check.
  058: For hunger whispered, "This is what you want."
  059: For hunger gnawed at him with every step.
  060: His hunger was loud, and his stomach was crabby.
  061: His hunger drove him, no time to chat it.
  062: His hunger drove him, no time to dabble.
  063: His hunger cried out, "This is what I've been braving!"
  064: His hunger grew with every step he'd track it.
  065: His hunger growled, and his resolve was swabbed it.
  066: But found a rabbit had beaten him back.
  067: His hunger cried out, "Don't miss that snack!"
  068: His hunger was loud, and his pockets were flat.
  069: His rabbit instincts just couldn't crab it.
  070: For hunger's call he couldn't ignore it.
  071: His hunger growled louder than any chat.
  072: For hunger called and promised not to stop it.
  073: His hunger led him to that bright red habit.
  074: A snack for his lunch, no need to crab it.
  075: His hunger whispered, "Don’t be a crab!"
  076: His hunger made him act like a lab rat.
  077: His hunger drove him, no time to dawdle.
  078: His hunger won over his self-control.
  079: His hunger was loud and his appetite brash.
  080: His hunger growled, he couldn't stop it.
  081: His rabbit instincts just wouldn't stop it.
  082: His hunger called, and he couldn’t forbear it.
  083: A crunchy prize for his eager trap it.
  084: His hunger led him to that vibrant stab it.
  085: His hunger growled louder than his cabaret.
  086: For hunger's call he couldn't ignore it.
  087: His hunger grew with every snap it.
  088: Though it was long and a bit too flat.
  089: His hunger drove him, no time to dawdle or crab it.
  090: For hunger struck him like a rapid clap it.
  091: His hunger grew with every snap it.
  092: His rabbit instincts just couldn’t lack it.
  093: For hunger whispered, *"This is what you craved it!"*
  094: His hunger was strong, no time to lab it.
  095: His rabbit instincts couldn't be brabbed it.
  096: For hunger whispered, "Don't delay—just eat it!"
  097: For hunger urged him, and the need was flat.
  098: For hunger urged him, and time was short.
  099: His hunger was strong, and he couldn’t grab a bat.
  100: Though it was tiny, it filled him with knack it.
  101: Too tempting to resist, he couldn't snap it.
  102: His hunger growled, no time to chat it.
  103: His hunger drove him, no time to stab it.
  104: His hunger growled, no time to chat it.
  105: His hunger growled, there was no time to dawdle.
  106: His appetite was just too fast to stop it.
  107: His appetite was simply too rapid.
  108: His hunger was loud and his stomach was crabby.
  109: His hunger whispered, "Don’t miss your bat!"
  110: For hunger called and his stomach was brabbling.
  111: His hunger was fierce, no time to dawdle or chat.
  112: For hunger whispered, "Don't dawdle—just nab it!"
  113: His hunger whispered, "Don’t think, just snap it!"
  114: His rabbit instincts just couldn't back it.
  115: For hunger's call he couldn't dally.
  116: For hunger's call he couldn't disregard it.
  117: His hunger drove him, no time to back it.
  118: His hunger whispered, "Don't let it slip!"
  119: His rabbit instincts just wouldn't let him stop.
  120: His hunger growled, and there was no dab it.
  121: For hunger urged him, and his belly was flat.
  122: His hunger led him straight to the trap it.
  123: His hunger whispered, "Don’t delay—just grab it!"
  124: For hunger called and he couldn’t lack it.
  125: For hunger whispered, *"This is what you'll eat it."*
  126: His hunger growled louder than his plan.
  127: For hunger's call he couldn't shun it.
  128: His hunger growled, he couldn’t stop it.
  129: His hunger growled, and he couldn’t stop it.
  130: For hunger's call he couldn't keep it at.
  131: His hunger was strong, no time to dawble.
  132: His rabbit instincts just wouldn't let him crab it.
  133: His hunger whispered, "This is what you’ll grab it!"
  134: His hunger was loud, no need to shabbat it.
  135: His hunger was strong, he couldn't forbear it.
  136: His hunger drove him, no time to dawdle.
  137: His hunger was strong, no time to dawble.
  138: His hunger drove him, no need to ask it.
  139: His hunger drove him, no need to crab it.
  140: His hunger drove him, no time to dawdle.
  141: His hunger was strong, he couldn’t forbear it.
  142: His hunger led him to take a nap it.
  143: For hunger called and he couldn’t shirking it.
  144: His hunger urged him, there was no backtracking.
  145: His rabbit instincts just wouldn't let him stop.
  146: His hunger couldn't wait — it was that bad, bit.
  147: For hunger urged him, and there was no track it.
  148: His hunger growled, and he couldn’t forbear it.
  149: His hunger growled, there was no denying it.
  150: His hunger growled, no time to chat it.
  151: For hunger whispered, "This is your habit."
  152: His hunger loud and his resolve flat.
  153: His hunger was strong, no time to dab it.
  154: His hunger growled louder with each step back.
  155: For hunger's call he couldn't ignore it.
  156: Lured by its promise, he gave in to snack it.
  157: His hunger led him to that tasty trap.
  158: His hunger drove him, no time to lab it.
  159: His hunger was loud, and his appetiterabid.
  160: His hunger growled, he couldn’t back it.
  161: For hunger whispered, "Don't be a crab!"
  162: For hunger was a call he couldn't grab it.
  163: Though it was long and a bit too fat.
  164: His rabbit instincts just wouldn't let him stop.
  165: For hunger's call he couldn't ignore that.
  166: For hunger whispered, "Don't delay—just grab it!"
  167: His hunger couldn't wait, no need to bar it.
  168: His hunger was strong, no time to chat it.
  169: A snack for supper, no need to chat it.
  170: His hunger growled louder than his cabit.
  171: For hunger's call he couldn't keep it at.
  172: His hunger was strong, no time to dawdle.
  173: His rabbit instincts just wouldn't let him back it.
  174: For hunger's whisper urged him not to dally.
  175: For hunger called and urged him to act.
  176: For hunger made his actions grabby and rapid.
  177: For hunger whispered, "This is what you lack, it."
  178: For hunger called and he couldn’t lack it.
  179: His hunger was strong, he couldn't forbear it.
  180: Though it was long and a bit too flat.
  181: His hunger growled louder than his hat.
  182: But slipped on a turnip and fell flat on his back.
  183: His hunger growled, and he couldn’t grab it.
  184: His hunger growled, no time to dawdle or cab it.
  185: His hunger growled, he couldn’t just pass it.
  186: His hunger drove him, no time to dawdle or chat.
  187: Though it was long and a bit too flat.
  188: His hunger growled, there was no lack in it.
  189: His hunger was strong, no time to chat it.
  190: Though it was oddly shaped, he still gave it a bat.
  191: His hunger couldn’t wait — it was a snap, not a crab it.
  192: For hunger's call he couldn't disregard it.
  193: His hunger cried out, "Don't be a snob!"
  194: His hunger drove him, no time to dally.
  195: His hunger led him straight to the trap it.
  196: His hunger called, and he couldn’t forbear it.
  197: For hunger gnawed at his belly like a crab.
  198: His hunger drove him, no time to stop it.
  199: For hunger's call he couldn't crab it.
  200: His rabbit instincts just couldn't snap it.

FIRST LINE: The clouds are gray, the raindrops fall,
  001: A whispered hush upon the wall.
  002: A quiet hush upon the hall.
  003: A gentle hush upon the mall.
  004: A whispered hush, a silver sprawl.
  005: A quiet hush upon the hall.
  006: A quiet hush surrounds the wall.
  007: A whispered sigh, a hush for all.
  008: A quiet hush descends on all.
  009: A quiet hush begins to call.
  010: A whispered tune the evening calls.
  011: A whispered song the storm does call.
  012: A gentle hush upon the wall.
  013: A whispered song the sky lets fall.
  014: A whispered tune begins to call.
  015: A whispered hush upon the wall.
  016: A gentle hush upon the wall.
  017: A whispered tune the wind does call.
  018: A whispered hush comes over all.
  019: A quiet hush begins to call.
  020: A whispered tune the winds recall.
  021: A quiet hush descends on all.
  022: A gentle hush upon the wall.
  023: A whispered hush upon the wall.
  024: A whispered hush begins to call.
  025: A gentle hush descends on all.
  026: A whispered song the sky does call.
  027: A whispered tune the wind shall call.
  028: A quiet hush begins to call.
  029: A whispered tune the wind recalls.
  030: A quiet hush upon the wall.
  031: A whispered song the sky lets fall.
  032: A whispered hush upon the wall.
  033: A quiet hush surrounds the wall.
  034: A silent hush upon the wall.
  035: A quiet hush upon the hall.
  036: A quiet hush upon the wall.
  037: A whispered hush upon the wall.
  038: A whispered song the sky does call.
  039: A whispered tune the wind can call.
  040: A whispered song the winds recall.
  041: A quiet hush upon the hall.
  042: A whispered hush upon the tall.
  043: A whispered hush beneath the wall.
  044: A whispered hush, the world stands still.
  045: A whispered hush comes over all.
  046: A gentle hush upon the tall.
  047: A whispered tune the wind recalls.
  048: A whispered song the sky does call.
  049: A quiet hush begins to sprawl.
  050: A whispered sigh, a gentle call.
  051: A whispered tale the wind recalls.
  052: A whispered hush beneath the tall.
  053: A gentle hush upon the tall.
  054: A whispered song the sky recalls.
  055: A quiet hush upon the wall.
  056: A whispered hush beneath the sprawl.
  057: A quiet song the heavens call.
  058: A quiet hush upon the hall.
  059: A silent hush upon the wall.
  060: A whispered tune the winds recall.
  061: A whispered hush begins to sprawl.
  062: A whispered song the winds recall.
  063: A quiet song the sky does call.
  064: A quiet song the sky can recall.
  065: A whispered song the skies recall.
  066: A whispered hush upon the wall.
  067: A whispered song the skies recall.
  068: A quiet hush beneath it all.
  069: A quiet hush upon the tall.
  070: A quiet hush upon the wall.
  071: A whispered tune the wind can recall.
  072: A whispered hush takes hold of all.
  073: A whispered tune the evening calls.
  074: A quiet hush upon the mall.
  075: A whispered hush upon the wall.
  076: A quiet hush upon the hall.
  077: A gentle hush upon the hall.
  078: A quiet hush begins to call.
  079: A whispered tune the winds recall.
  080: A whispered tune the wind doth call.
  081: A whispered tune the wind does call.
  082: A quiet hush, the world grows small.
  083: A whispered tune the wind recalls.
  084: A whispered hush upon the hall.
  085: A whispered hush upon the wall.
  086: A gentle hush upon the hall.
  087: A whispered song the sky does call.
  088: A gentle hush upon the wall.
  089: A whispered hush steals over all.
  090: A quiet hush upon the wall.
  091: A silent hush upon the wall.
  092: A whispered song the sky lets fall.
  093: A silent tune the heavens call.
  094: A whispered song the sky lets fall.
  095: A quiet song the sky does call.
  096: A quiet hush upon the wall.
  097: A whispered hush upon the wall.
  098: A gentle hush, a whispered call.
  099: A quiet hush surrounds the hall.
  100: A whispered tune begins to call.
  101: A quiet hush begins to crawl.
  102: A whisper soft, a gently tall.
  103: A gentle hush upon the wall.
  104: A quiet hush upon the hall.
  105: A whispered hush, the world turns small.
  106: A whispered tune the wind can call.
  107: A whispered song the wind recalls.
  108: A quiet hush upon the wall.
  109: A silent song the storm does call.
  110: A whispered tune the winds recall.
  111: A gentle hush upon the wall.
  112: A silent hymn to nature's call.
  113: A whispered song the wind does call.
  114: A gentle hush begins to sprawl.
  115: A quiet hush upon the hall.
  116: A whispered tune the wind recalls.
  117: A whispered tune the wind does call.
  118: A silent hymn to nature's call.
  119: A whispered song the sky does call.
  120: A gentle hush begins to call.
  121: A whispered hush beneath the wall.
  122: A quiet hush upon the wall.
  123: A whispered song the storm does call.
  124: A whispered sigh, a soft farewell.
  125: A whispered song the sky recalls.
  126: A whispered tune the wind does call.
  127: A whispered tune the wind can call.
  128: A quiet hush upon the wall.
  129: A whispered sigh, a soft farewell.
  130: A gentle hush upon the hall.
  131: A whispered tune the breeze can recall.
  132: A whispered tune the wind recalls.
  133: A whispered song the wind can call.
  134: A silent hush upon the tall.
  135: A quiet hush unfolds in all.
  136: A silent song the skies recall.
  137: A gentle hush upon the wall.
  138: A whispered hush upon the hall.
  139: A whispered hush, the world turns calm.
  140: A whispered song the sky does call.
  141: A whispered hush across the wall.
  142: A whispered tune the winds recall.
  143: A whispered hush upon the wall.
  144: A quiet hush takes hold of all.
  145: A whispered tune the wind does call.
  146: A silent tune the sky does call.
  147: A whispered song the wind can tall.
  148: A whispered song the skies recall.
  149: A quiet hush begins to call.
  150: A quiet hush upon the wall.
  151: A whispered song the wind can recall.
  152: A quiet hush upon the wall.
  153: A quiet hush upon the wall.
  154: A silent hush upon the wall.
  155: A quiet hush upon the hall.
  156: A whispered hush descends on all.
  157: A whispered hush, the world turns small.
  158: A quiet hush upon the wall.
  159: A whispered tune the wind does call.
  160: A whisper soft, a gentle call.
  161: A whisper of winter in the autumnall.
  162: A quiet hush unfolds the tall.
  163: A whispered sigh from nature's call.
  164: A whispered tune the breeze can call.
  165: A whispered tune the wind shall call.
  166: A quiet hush upon the hall.
  167: A whispered sigh through nature's call.
  168: A whispered tune the winds recall.
  169: A whispered hush begins to call.
  170: A whispered song the sky doth call.
  171: A whispered tune the winds recall.
  172: A gentle hush begins to draw.
  173: A gentle hush upon the wall.
  174: A whispered sigh, a tale of all.
  175: A whispered song the wind does call.
  176: A quiet hush beneath the sprawl.
  177: A whispered hush upon the wall.
  178: A whispered tune the wind can call.
  179: A gentle hush upon the hall.
  180: A whispered hush, a gentle call.
  181: A gentle hush upon the wall.
  182: A silent hush beneath the thrall.
  183: A whispered song the wind does call.
  184: A whispered tune the winds recall.
  185: A whispered tune the wind recalls.
  186: A whispered tune the wind does call.
  187: A silent song the sky does call.
  188: A quiet hush begins to call.
  189: A whispered hush upon the wall.
  190: A quiet hush upon the hall.
  191: A quiet hush upon the hall.
  192: A quiet hush begins to call.
  193: A whispered hush upon the wall.
  194: A whispered hush, the world turns calm.
  195: A whispered hush upon the wall.
  196: A silent hush upon the tall.
  197: A whispered tune the evening calls.
  198: A whispered tune the winds recall.
  199: A silent hush upon the wall.
  200: A whispered hush upon the hall.

FIRST LINE: The clouds are gray, the raindrops drop,
  001: A soft lament upon the crop.
  002: A gentle hush, the world grows soft.
  003: A whispered hush upon the crop.
  004: A silent hush upon the crop.
  005: A quiet hush begins to stop.
  006: A silent song the heavens stop.
  007: A whispered hush, the world grows soft.
  008: A quiet hush begins to crop.
  009: A whispered hush, the world grows cop.
  010: A gentle sigh the sky has given.
  011: A quiet hush upon the hop.
  012: A gentle hush begins to stop.
  013: A whispered lullaby the sky now drops.
  014: A gentle hush upon the crop.
  015: A silent song the skies compose.
  016: A gentle hush upon the crop.
  017: A gentle hush upon the crop.
  018: A quiet hush begins to crop.
  019: A silent tune the heavens cop.
  020: A quiet hush upon the crop.
  021: A quiet hush upon the crop.
  022: A quiet hush begins to crop.
  023: A whispered hush upon the crop.
  024: A whispered song the winds have stop.
  025: A whispered sigh the wind has topped.
  026: A whispered hush upon the crop.
  027: A quiet hush upon the crop.
  028: A soft lament upon the crop.
  029: A whispered hush upon the slope.
  030: A quiet hush upon the crop.
  031: A whispered lullaby the sky can't stop.
  032: A gentle hush upon the crop.
  033: A whispered sigh the breeze can't stop.
  034: A whispered hush, the world grows cold.
  035: A whispered tune the wind will crop.
  036: A silent hush upon the crop.
  037: A quiet hush upon the crop.
  038: A quiet hush upon the crop.
  039: A quiet hush upon the crop.
  040: A silent hush begins to crop.
  041: A somber song the sky does crop.
  042: A whispered hush, the world grows soft.
  043: A silent hush, the world looks crop.
  044: A gentle hush upon the crop.
  045: A silent hush the evening clasp.
  046: A whispered sigh the sky can’t stop.
  047: A gentle hush begins to crop.
  048: A whispered song the sky lets drop.
  049: A gentle hush upon the crop.
  050: A silent hush upon the crop.
  051: A quiet hush begins to stop.
  052: A quiet hush upon the crop.
  053: A whispered tune the wind will stop.
  054: A whispered song the wind can crop.
  055: A silent hush upon the crop.
  056: A whispered tune the wind can stop.
  057: A silent hush upon the crop.
  058: A whispered hush upon the crop.
  059: A gentle sigh the heavens drop.
  060: A whispered hush upon the crop.
  061: A whispered hush, the world lies soft.
  062: A soft goodbye as day turns top.
  063: A silent hymn the skies can't stop.
  064: A somber tune the sky does crop.
  065: A whispered hush upon the crop.
  066: A quiet hush begins to crop.
  067: A gentle hush upon the hop.
  068: A somber hymn the sky may crop.
  069: A whispered tune the breeze will crop.
  070: A quiet hush begins to crop.
  071: A whispered sigh the sky has stopped.
  072: A gentle hush begins to stop.
  073: A quiet hush upon the crop.
  074: A gentle hush upon the crop.
  075: A whispered lullaby the sky does crop.
  076: A soft lament the sky has popped.
  077: A whispered hush, the world looks soft.
  078: A whispered lullaby the sky will cop.
  079: A quiet hush upon the crop.
  080: A silent hush upon the crop.
  081: A quiet hush upon the crop.
  082: A gentle hush begins to crop.
  083: A quiet hush upon the crop.
  084: A soft refrain that gently cop.
  085: A quiet hush where the world goes top.
  086: A gentle hush upon the crop.
  087: A quiet hush the world has stopped.
  088: A gentle hush upon the crop.
  089: A whispered hush begins to crop.
  090: A quiet hush upon the crop.
  091: A whispered hush, the world feels soft.
  092: A quiet hush upon the crop.
  093: A silent tune the sky does stop.
  094: A whispered hush, the world grows soft.
  095: A quiet hush begins to crop.
  096: A silent tune the sky can’t stop.
  097: A silent hush upon the crop.
  098: A quiet hush upon the crop.
  099: A somber tune the sky begins to stop.
  100: A quiet hush upon the crop.
  101: A gentle hush upon the crop.
  102: A silent hush the world does lock.
  103: A whispered hush upon the crop.
  104: A quiet hush upon the crop.
  105: A quiet hush upon the crop.
  106: A quiet sigh the sky still hopes.
  107: A silent song the sky does stop.
  108: A gentle hush upon the crop.
  109: A quiet hush upon the crop.
  110: A whispered hush, the world feels soft.
  111: A quiet hush upon the crop.
  112: A whispered tune the wind will stop.
  113: A whispered hush upon the crop.
  114: A gentle hush, the world lies crop.
  115: A gentle sigh the sky lets drop.
  116: A soft refrain that gently stops.
  117: A gentle hush upon the crop.
  118: A gentle hush upon the crop.
  119: A whispered hush upon the crop.
  120: A quiet hush begins to crop.
  121: A whispered tune the wind will pop.
  122: A quiet hush upon the crop.
  123: A silent hush upon the crop.
  124: A silent hymn the sky has cropped.
  125: A gentle hush upon the crops.
  126: A soft lament the skies compose.
  127: A silent tune the sky has topped.
  128: A gentle sigh the sky lets drop.
  129: A whispered sigh beneath the crop.
  130: A whispered sigh the sky may stop.
  131: A gentle hush upon the crop.
  132: A whispered hush upon the crop.
  133: A somber song the sky does crop.
  134: A gentle hush upon the crop.
  135: A quiet hush upon the crop.
  136: A gentle hush upon the crop.
  137: A gentle hush upon the crop.
  138: A soft lament the sky can't stop.
  139: A quiet hush upon the crop.
  140: A silent hush upon the crop.
  141: A whispered hush, the world feels crop.
  142: A silent sigh the sky will stop.
  143: A somber sky with whispers of hope.
  144: A silent hush upon the crop.
  145: A quiet hush upon the crop.
  146: A quiet hush begins to crop.
  147: A soft refrain upon the crop.
  148: A silent hush upon the crop.
  149: A gentle hush, the world feels soft.
  150: A silent hush upon the crop.
  151: A quiet hush upon the hop.
  152: A whispered sigh the wind has topped.
  153: A quiet hush upon the crop.
  154: A soft farewell to summer's crop.
  155: A silent hush upon the crop.
  156: A gentle sigh the sky has topped.
  157: A somber hush upon the crop.
  158: A quiet hush, the world grows cold.
  159: A quiet hush upon the top.
  160: A whispered sigh the wind has stopped.
  161: A silent hush upon the crop.
  162: A gentle hush begins to crop.
  163: A quiet hush upon the crop.
  164: A quiet hush begins to crop.
  165: A quiet hush upon the crop.
  166: A silent hush upon the crop.
  167: A whispered tune the sky can't stop.
  168: A quiet hush upon the crop.
  169: A whispered song the sky will stop.
  170: A gentle hush upon the crop.
  171: A gentle hush begins to stop.
  172: A whispered hush, the world looks sop.
  173: A quiet hush begins to crop.
  174: A whispered tune the wind will crop.
  175: A quiet sigh the sky can't stop.
  176: A whispered hush, the world feels soft.
  177: A quiet hush, the world grows soft.
  178: A silent hush upon the crop.
  179: A whispered lullaby the storm will crop.
  180: A quiet hush upon the crop.
  181: A silent hush upon the crop.
  182: A quiet hush upon the crop.
  183: A quiet hush upon the crop.
  184: A whispered hush upon the crop.
  185: A quiet hush upon the crop.
  186: A silent hush upon the crop.
  187: A silent hush upon the crop.
  188: A silent tune the sky can't stop.
  189: A quiet hush upon the crop.
  190: A whispered hush, the world grows soft.
  191: A silent hush upon the crop.
  192: A silent hymn upon the crop.
  193: A whispered hush upon the crop.
  194: A gentle hush begins to crop.
  195: A quiet hush upon the crop.
  196: A whispered hush, the world grows soft.
  197: A silent hush upon the crop.
  198: A quiet hush upon the slope.
  199: A soft lament the heavens weep.
  200: A whispered song the skies compose.

FIRST LINE: The clouds are gray, the raindrops plunge,
  001: A somber song the skies compose.
  002: The world is hushed in nature’s hush.
  003: The thunder rolls, the winds grow fierce and strong.
  004: A somber song the heavens sing.
  005: A somber song the sky does sung.
  006: A whispered storm in nature's throng.
  007: A somber song the sky does sung.
  008: A whispered song the thunder stings.
  009: A whispered song the storm will sing.
  010: The thunder growls, the storm takes charge.
  011: The sky weeps sorrow, nature's dirge resounds.
  012: The world is hushed in nature's surge.
  013: A somber song the sky still sung.
  014: The world is hushed in nature's hymn.
  015: A stormy sigh, the world grows young.
  016: A somber song the storm still sung.
  017: A somber sky, a whispered thrum.
  018: The thunder rolls, the storm takes charge.
  019: The world is washed in somber song.
  020: A somber dance beneath the cloudburst's surge.
  021: The world is hushed in nature's counsel.
  022: A somber sky whispers of timeless struggle.
  023: A whispered hymn the sky still clings.
  024: A somber hymn the skies compose.
  025: A whispered hymn the thunder churls.
  026: The world is hushed in nature's mournful dirge.
  027: A thunderous whisper, the storm will surge.
  028: The world is wrapped in silent hush.
  029: The world is hushed in nature's hush.
  030: The world is hushed in nature's song.
  031: A somber song the storm still clings.
  032: A whispered tune the winds still sing.
  033: A somber sky with silent tongue.
  034: A whisper of storm beneath the fence.
  035: The world is hushed in sorrow's hush.
  036: The thunder speaks in distant tongue.
  037: A whispered storm in nature's hush.
  038: A somber song the thunder hums.
  039: A somber tune the heavens sing.
  040: The world is still, yet thunder stirs the young.
  041: The world is hushed beneath the drizzle's hush.
  042: A somber sky where shadows throng.
  043: A whisper of storm in the silent rush.
  044: A somber sky where shadows dance.
  045: The world is wrapped in a quiet hush.
  046: A silent hymn the sky still sung.
  047: A whispered tune the thunder sings.
  048: A whispered storm beneath the young moon's glance.
  049: A somber song the storm does sing.
  050: A whispered song the thunder chugs.
  051: A whispered song the thunder hums.
  052: A somber song the skies still sing.
  053: The world is hushed in nature's song.
  054: A whispered hush through nature's hush.
  055: The world is wrapped in a silent hush.
  056: A whispered tune the wind may sing.
  057: The sky weeps sorrow, a silent surge.
  058: The world is wrapped in a hush of suspense.
  059: A somber song the storm does sing.
  060: A somber sky where shadows dance.
  061: A stormy hymn the sky still hums.
  062: A whispered song the thunder stirs in the distance.
  063: A somber hymn the skies thus sing.
  064: The world is wrapped in a gloomy hush.
  065: The world is hushed in nature's hush.
  066: The world is wrapped in nature’s hush.
  067: The thunder rolls, the earth seems thronged.
  068: A somber song the storm still thrum.
  069: A whispered hush beneath the stung.
  070: A somber song the skies do chant.
  071: The world is cloaked in whispered hymn.
  072: A thunderous whisper, the storm takes a plunge.
  073: A somber song the sky still chants.
  074: A somber song the storm now sung.
  075: The thunder speaks in nature's tongue.
  076: A whisper of storms in the twilight's hush.
  077: A silent storm in nature's tongue.
  078: The world is hushed in nature's song.
  079: The world is hushed in nature's psalm.
  080: A silent hymn the storm does sung.
  081: A whispered storm in nature’s tongue.
  082: A whispered tune the wind might sing.
  083: The world is washed in nature's song.
  084: The earth is soaked, the sky grows young.
  085: The thunder rolls, the skies take counsel.
  086: A silent storm in nature's tongue.
  087: A whispered tune the wind might sing.
  088: The earth drinks deep, and silence stung.
  089: The world is wrapped in a somber hymn.
  090: A somber dance beneath the throng.
  091: A whispered song the wind does stunge.
  092: A whispered storm beneath the tongue.
  093: The world is still, yet hearts may long.
  094: A somber tune the sky still rings.
  095: A whispered song the storm still clings.
  096: A symphony of shadows sings.
  097: The world is hushed in nature's hush.
  098: A somber song the heavens sing.
  099: The world is hushed in nature's hush.
  100: The thunder roars, the storm takes flight.
  101: A whispered song beneath the slanting surge.
  102: The thunder roars, the skies grow strange.
  103: A stormy hush upon the tongue.
  104: A whispered storm begins to sing.
  105: The thunder rolls, the storm takes flight.
  106: The world is wrapped in a sorrowful hush.
  107: A whispered storm in nature's dance.
  108: A whispered storm beneath the sturgeon's tongue.
  109: A whispered storm upon the tongue.
  110: The world is hushed in nature’s plunge.
  111: The sky whispers of a storm that stung.
  112: A somber song the storm does sing.
  113: A whispered song the storm still stings.
  114: A whispered song the storm still sung.
  115: A whispered song the storm will sing.
  116: A somber tune the storm does sing.
  117: The world is hushed in nature's hush.
  118: The world is hushed in nature's hymn.
  119: A somber sky with whispered song.
  120: The world is hushed in nature's throng.
  121: The world is hushed beneath their hush.
  122: A whispered song the storm still clings.
  123: A whisper of storm, the world turns strange.
  124: A whispered song the thunder stirs.
  125: A silent storm begins to throng.
  126: The world is wrapped in a somber hush.
  127: A somber song the sky doth sung.
  128: The world is hushed beneath the drizzle's wring.
  129: A symphony of sorrow sung.
  130: The world is hushed in nature's hush.
  131: A somber sky beneath the plunge.
  132: A silent storm through the night it lunge.
  133: A whispered storm begins to sung.
  134: The world is hushed in nature's song.
  135: A whispered storm through silent woods it throng.
  136: A silent hush upon the fence.
  137: The thunder rolls, the storm is young.
  138: A stormy hush upon the world is hung.
  139: A somber song the storm still sung.
  140: A somber sky in silent surge.
  141: A whispered song the thunder stirs.
  142: A whispered song the storm will sung.
  143: A somber song the thunder stung.
  144: The world is hushed in nature's counsel.
  145: The world is washed in twilight's flung.
  146: A somber song the heavens sing.
  147: A whispered storm in nature's hush.
  148: A whispered storm in nature’s thrum.
  149: A somber dance upon the steeple's ledge.
  150: A whispered storm through night still clings.
  151: A whispered storm begins to surge.
  152: A somber song the storm still flings.
  153: A somber song the sky still thronged.
  154: The thunder murmurs, and the world feels young.
  155: A whispered storm beneath the fence.
  156: A whispered song the storm will sing.
  157: A somber song the sky still stings.
  158: The world is wrapped in a whispered hush.
  159: A silent song the storm will sing.
  160: A whispered song the wind still flings.
  161: A symphony of sorrow, the skies resound.
  162: A whispered storm in nature's hush.
  163: A somber tune the thunder flings.
  164: The world is wrapped in a somber hush.
  165: A somber hymn the sky still sings.
  166: A somber song the storm thus sung.
  167: A whispered storm in nature's pulse.
  168: A whispered storm that lingers long.
  169: A somber song the storm will sing.
  170: A somber dance upon the ground.
  171: The world is hushed in nature's hush.
  172: A whispered storm begins its song.
  173: A somber song the storm thus sung.
  174: A somber song the storm does sing.
  175: A somber song the storm still stings.
  176: A silent symphony, the world is hushed.
  177: The world is hushed in nature's plunge.
  178: The world is hushed in nature's hush.
  179: A whispered song the storm still lingers.
  180: A somber sky in quiet throng.
  181: A whispered song the thunder chides.
  182: The world is hushed in nature's hush.
  183: A somber song the sky still thrumms.
  184: A whispered song the thunder stirs the tongue.
  185: A somber song the skies compose.
  186: The thunder speaks in booming tongue.
  187: The world is hushed in whispered song.
  188: The earth drinks deep, the storm still lingers on.
  189: A somber song the sky still chants.
  190: A stormy hush upon the land is wrung.
  191: A whispered song the winds compose.
  192: A somber song the storm still sung.
  193: A stormy hymn the skies still sung.
  194: The world is wrapped in whispered song.
  195: A silent storm in nature’s throng.
  196: A silent hymn to nature's pulse.
  197: A whispered song the storm still clings.
  198: A whispered storm in nature's tongue.
  199: The world is still, the sky feels young.
  200: The world is hushed in nature's hush.

FIRST LINE: The clouds are gray, the raindrops tumble,
  001: A whispered tune beneath the thunder.
  002: The world is still, yet nature humbles.
  003: A gentle hush beneath the thunder.
  004: A whispered hush beneath the thunder.
  005: The sky weeps soft, and hearts grow humble.
  006: The world is hushed in nature's humble.
  007: A quiet hush falls upon the humble.
  008: A somber song the sky hums solemn.
  009: The world is hushed beneath the thunder.
  010: A whispered song the wind becomes.
  011: A silent hush, the world grows humble.
  012: A whispered hush beneath the thunder.
  013: A whispered tune beneath the thunder.
  014: A whispered sigh beneath the thunder.
  015: A quiet hush descends upon the humble.
  016: The sky weeps softly, nature's humble.
  017: A whispered sigh beneath the thunder.
  018: A quiet hush descends upon the humble.
  019: A whispered hush beneath the thunder.
  020: A whispered song beneath the thunder.
  021: A silent song in nature's hush I stumble.
  022: A whispered song the breeze does humble.
  023: A whispered song the wind becomes.
  024: A quiet hush beneath the thunder.
  025: A quiet hush beneath the thunder.
  026: Whispers of summer, softly humble.
  027: A whispered sigh beneath the tumult.
  028: The sky weeps soft, the world feels humble.
  029: A whispered song through the branches hums.
  030: A whispered sigh beneath the thunder.
  031: A quiet hush falls on the dappled drum.
  032: A whispered sigh, the world grows humble.
  033: A quiet hush beneath the thunder.
  034: The world is hushed in nature's humble.
  035: A quiet hush beneath the thunder.
  036: The world is wrapped in nature's humble.
  037: The world is hushed in nature's humble.
  038: A whispered song the wind becomes.
  039: The world is calm, the skies are humble.
  040: A whispered song through nature's tumult.
  041: A silent hymn to nature's subtle.
  042: A quiet hush beneath the thunder.
  043: The world is hushed in nature's cradle.
  044: The world is washed in nature's humble.
  045: A whispered sigh from nature's humble.
  046: A quiet hush begins to humble.
  047: A whispered tune beneath the thunder.
  048: A quiet hush beneath the humble.
  049: A whispered hush beneath the thunder.
  050: A whispered tune beneath the thunder.
  051: A silent hush beneath the humble.
  052: The world is quiet, wrapped in slumber.
  053: A whispered sigh beneath the thunder.
  054: A whispered song the thunder hums.
  055: A silent hush beneath the drizzle's rumble.
  056: A gentle hush begins to humble.
  057: A silent hush unfolds in the drizzle's humble.
  058: A whispered sigh beneath the thunder.
  059: A whispered song the wind hums in the summer.
  060: A quiet hush beneath the thunder.
  061: A somber song the skies do humble.
  062: A whispered hymn the wind becomes.
  063: A whispered tune beneath the thunder.
  064: A quiet hush beneath the thunder.
  065: A whispered tune beneath the thunder.
  066: A silent hush wraps the world in crumble.
  067: The world is quiet, lost in drizzle's humble.
  068: A whispered song the breeze becomes.
  069: A whispered hymn beneath the thunder.
  070: A whispered song the winds may humble.
  071: A whispered hush beneath the thunder.
  072: A quiet hush falls over the humble.
  073: A soft refrain that gently numbs the soul.
  074: A whispered tune beneath the thunder.
  075: A gentle hush wraps the world in drizzle.
  076: A silent song beneath the drum.
  077: A whispered hush beneath the thunder.
  078: A whispered song beneath the thunder.
  079: A gentle hush, the world is humble.
  080: A silent tune beneath the thunder.
  081: The world is still, yet every moment hums.
  082: A quiet song beneath the humble.
  083: A quiet hush beneath the thunder.
  084: A whispered sigh beneath the thunder.
  085: A quiet hush settles on the humble.
  086: A whispered song the thunder hums.
  087: The world is hushed in nature’s humble.
  088: A quiet hush beneath the drizzle's rumble.
  089: A whispered song the wind may humble.
  090: A quiet hush beneath the thunder.
  091: The sky exhales a sorrowful chime.
  092: A gentle hush, the world grows humble.
  093: The world is hushed in a gentle drum.
  094: A whispered tune beneath the thunder.
  095: A whispered song the wind may humble.
  096: Whispers of storm in the silence they humble.
  097: A gentle hush fills the quiet dell.
  098: A whispered hush beneath the thunder.
  099: A quiet song the sky hums under.
  100: A silent hush fills the world's humble.
  101: A whispered tune the thunder hums.
  102: A whispered hush beneath the thunder.
  103: The world is hushed in nature's slumber.
  104: A soft embrace that whispers, "Humble."
  105: A whispered song beneath the thunder.
  106: The world is quiet, wrapped in gloom.
  107: A soft lament beneath the thunder.
  108: A quiet storm begins to humble.
  109: A whispered song through the thunder's humble.
  110: A quiet hush beneath the thunder.
  111: A whispered song the wind becomes.
  112: A whispered song the wind doth humme.
  113: A whispered tune the wind does humble.
  114: A quiet hush beneath the thunder.
  115: A quiet hush beneath the summer's humble.
  116: A gentle hush settles on the cradle.
  117: The wind whispers tales of a storm's full humble.
  118: The world feels still, yet nature hums a solemn drum.
  119: A quiet hush unfolds in the thunder.
  120: A soft lament upon the humble.
  121: A whispered sigh beneath the thunder.
  122: A quiet hush beneath the thunder.
  123: A quiet hush begins to settle.
  124: Whispers of dusk in the twilight's hush.
  125: A quiet hush beneath the drizzle's rumble.
  126: A quiet hush beneath the thunder.
  127: A quiet hush beneath the tumult.
  128: A quiet hush beneath the thunder.
  129: A gentle hush upon the tumult.
  130: A whispered tune beneath the thunder.
  131: The world is quiet, all is hushed and solemn.
  132: A gentle sigh from nature's ample humble.
  133: A soft refrain that nature hums.
  134: A silent hymn to nature's humble.
  135: A whispered song the sky hums under.
  136: A whispered hush beneath the thunder.
  137: A gentle hush falls over the crumble.
  138: A whispered song beneath the thunder.
  139: A whispered tune beneath the storm's dull humble.
  140: A whispered song the thunder hums.
  141: The world is hushed in a gentle numble.
  142: A soft gray hush blankets the humble.
  143: A whispered tune beneath the thunder.
  144: A whispered tune beneath the thunder.
  145: A whispered hush beneath the thunder.
  146: A whispered tune beneath the thunder.
  147: The world feels still, yet storms assemble.
  148: A quiet hush beneath the thunder.
  149: A silent song the storm has chanted.
  150: A quiet hush beneath the thunder.
  151: A whispered tune beneath the thunder.
  152: A gentle sigh the sky murmurs.
  153: A quiet hush beneath the thunder.
  154: The world is hushed in nature’s humble.
  155: A gentle hush unfolds in every crumble.
  156: A somber song the sky hums solemnly.
  157: A whispered sigh beneath the thunder.
  158: A soft lament beneath the thunder.
  159: Whispers of dusk in the thunder's rumble.
  160: A gentle hush in nature's cradle.
  161: A quiet hush in every cradle.
  162: A quiet hush settles on the humble.
  163: A gentle hush beneath the thunder.
  164: A soft farewell to summer's bloom.
  165: A gentle hush, the world is humble.
  166: A quiet hush in nature's humble.
  167: A whispered song the sky becomes.
  168: The world is hushed beneath a thunder drum.
  169: A quiet hush beneath the thunder.
  170: A whispered tune the wind doth humble.
  171: A whispered song the sky hums under.
  172: A soft lament beneath the humble.
  173: A quiet hush beneath the thunder.
  174: A whispered song beneath the humble.
  175: A quiet hush, the world is humble.
  176: A silent hush beneath the thunder.
  177: A quiet hush begins to cradle.
  178: A whispered song beneath the grumble.
  179: A whispered tune beneath the thunder.
  180: A gentle hush beneath the thunder.
  181: A whispered tune the wind does humble.
  182: The world is washed in nature's humble.
  183: A quiet hush falls over the crumble.
  184: The world is hushed in nature's humble.
  185: A gentle hush upon the summer.
  186: A whispered song beneath the tumult.
  187: A whisper of summer in a world of drizzle.
  188: A gentle hush beneath the thunder.
  189: A whispered hush beneath the thunder.
  190: A whispered tune beneath the humble.
  191: The world is hushed in nature's humble.
  192: A whispered tune in thunder's drumbeats humble.
  193: A soft lament upon the humble.
  194: A silent hymn to nature's humble.
  195: A whispered tune beneath the thunder.
  196: A gentle hush, the world feels humble.
  197: A whispered hush beneath the thunder.
  198: A quiet hush wraps the world in humble.
  199: A gentle hush wraps the world in a rumble.
  200: The world feels still, yet hearts grow humble.

FIRST LINE: The clouds are gray, the raindrops sink,
  001: A quiet hush begins to ink.
  002: A silent hush upon the ink.
  003: A silent hush within the wink.
  004: A silent hush begins to link.
  005: A silent hush upon the ink.
  006: A quiet hush upon the brink.
  007: A quiet hush begins to link.
  008: The world is still, and hearts grow thin.
  009: A whispered sigh the world does think.
  010: A silent hush begins to think.
  011: A whispered hush, the world goes still.
  012: A silent hush begins to stink.
  013: A whispered hush begins the blink.
  014: A silent hush begins to think.
  015: A silent hush upon the brink.
  016: A silent hush upon the brink.
  017: A silent hush upon the brink.
  018: The world feels still, the day is dim.
  019: A silent hush upon the brink.
  020: The world is quiet, heartworn and thin.
  021: A silent hush upon the brink.
  022: A silent hush upon the wind.
  023: A quiet hush upon the ink.
  024: A silent hush upon the ink.
  025: A quiet hush upon the ink.
  026: A silent hush begins to link.
  027: A silent hush upon the brink.
  028: A silent hush upon the brink.
  029: A silent hush upon the brink.
  030: A quiet hush begins to blink.
  031: A quiet hush begins to link.
  032: A quiet hush upon the brink.
  033: A whispered hush beneath the brink.
  034: A silent hush upon the wind.
  035: A silent hush falls on the wind.
  036: A silent hush beneath the link.
  037: A silent hush begins to wink.
  038: A quiet hush begins to blink.
  039: A silent hush upon the brink.
  040: A silent hush upon the brink.
  041: A whispered sigh the sky does think.
  042: A quiet hush begins to blink.
  043: The world feels still, the heart does shrink.
  044: A silent hush begins to think.
  045: A silent hush begins to blink.
  046: A quiet hush begins to blink.
  047: The world is still, and hearts grow thin.
  048: The world grows quiet, hearts grow thin.
  049: A somber hush upon the brink.
  050: A silent hush wraps nature’s brink.
  051: A silent hush beneath the brink.
  052: A quiet hush begins to blink.
  053: A silent hush upon the brink.
  054: The world is still, and hearts grow thin.
  055: A silent hush begins to ink.
  056: A silent hush begins to think.
  057: A silent hush beneath the brink.
  058: A quiet hush begins to blink.
  059: A silent hush begins to ink.
  060: A whispered hush, the world grows thin.
  061: A quiet hush upon the brink.
  062: A quiet hush begins to stink.
  063: A silent hush begins to blink.
  064: A whispered hush, the world turns still.
  065: A quiet hush begins to blink.
  066: A quiet hush begins to think.
  067: A silent hush beneath the brink.
  068: A silent hush begins to blink.
  069: A somber hush upon the brink.
  070: A somber hush begins to blink.
  071: A silent hush takes hold of the wind.
  072: A silent hush upon the link.
  073: A silent hush begins to ink.
  074: A silent hush upon the brink.
  075: A whispered hush begins to link.
  076: A silent hush upon the brink.
  077: The world is hushed, and hope is thin.
  078: A silent hush begins to drink.
  079: A silent hush beneath the brink.
  080: A silent hush upon the brink.
  081: A whispered hush begins the brink.
  082: A silent hush upon the brink.
  083: A quiet hush, the world turns still.
  084: A whispered hush beneath the brink.
  085: A silent hush begins to link.
  086: A silent hush descends on the brink.
  087: A silent hush beneath the stink.
  088: A silent hush upon the brink.
  089: A whispered tune the night begins.
  090: A silent hush upon the brink.
  091: A silent hush upon the brink.
  092: A silent hush begins to link.
  093: A silent hush descends, the world grows thin.
  094: A silent hush begins to blink.
  095: A silent hush upon the brink.
  096: A whispered sigh in nature's hymn.
  097: A somber hush beneath the brink.
  098: The world is still, and hearts begin to think.
  099: A quiet hush begins to think.
  100: A whispered sigh, the world grows dim.
  101: A silent hush begins to ink.
  102: A quiet hush begins to drink.
  103: A quiet hush begins to drink.
  104: A silent hush descends on the drink.
  105: A silent hush begins to think.
  106: A quiet hush begins to think.
  107: A quiet hush begins to think.
  108: A silent hush wraps earth and brink.
  109: A silent hush upon the brink.
  110: A silent hush begins to link.
  111: A silent hush descends on the brink.
  112: The world is quiet, hearts grow thin.
  113: A silent hush begins to ink.
  114: A silent hush upon the brink.
  115: A silent hush descends, the world grows thin.
  116: A whispered sigh in nature's drink.
  117: A silent hush begins to link.
  118: A silent hush, the world seems linked.
  119: A quiet hush upon the wind.
  120: A silent hush upon the wind.
  121: A silent hush begins to think.
  122: A silent hush, the world goes still.
  123: A silent hush upon the hill.
  124: A silent hush begins to think.
  125: A silent hush begins to link.
  126: A silent hush begins to drink.
  127: A somber hush upon the wind doth link.
  128: A silent hush begins to think.
  129: A quiet hush upon the ink.
  130: A silent hush begins to link.
  131: A silent hush begins to think.
  132: A silent hush begins to link.
  133: A quiet hush beneath the brink.
  134: A silent hush begins to link.
  135: A whispered hush beneath the brink.
  136: A silent hush begins to think.
  137: A silent hush upon the brink.
  138: A quiet hush begins to drink.
  139: A quiet hush upon the brink.
  140: A silent hush upon the brink.
  141: A silent hush begins to drink.
  142: The world is quiet, lost in think.
  143: A quiet hush begins to link.
  144: A silent hush, the world grows dim.
  145: A quiet hush begins to drink.
  146: A silent hush descends on the brink.
  147: A silent hush upon the wind.
  148: A quiet hush begins to link.
  149: A whispered hush upon the brink.
  150: A quiet hush begins to drink.
  151: A quiet hush beneath the brink.
  152: A somber hush upon the brink.
  153: A whispered hush begins to think.
  154: A silent hush begins to stink.
  155: A whispered hush begins the wink.
  156: The world is still, and hearts grow thin.
  157: The world is hushed, the day begins.
  158: A whispered hush falls on the brink.
  159: A quiet hush falls on the blink.
  160: A somber hush upon the brink.
  161: A quiet hush, the world seems dim.
  162: A silent hush within the drink.
  163: The world is still, and hearts grow thin.
  164: A quiet hush begins to think.
  165: A quiet hush begins to link.
  166: A somber hush upon the wind.
  167: A somber hush upon the brink.
  168: A silent hush upon the land.
  169: A silent hush beneath the brink.
  170: A whispered sigh, a heart that stinks.
  171: A quiet hush begins to stink.
  172: A silent hush upon the brink.
  173: A silent hush begins to blink.
  174: A silent hush begins to drink.
  175: A silent hush upon the brink.
  176: A silent hush within the ink.
  177: A quiet hush begins to think.
  178: A quiet hush begins to link.
  179: A silent hush upon the brink.
  180: A silent hush upon the wind.
  181: A silent hush begins to think.
  182: A whispered tune the winds begin.
  183: A silent hush, the world grows dim.
  184: A silent hush upon the brink.
  185: A silent hush begins to blink.
  186: A silent hush upon the brink.
  187: A silent hush begins to blink.
  188: A silent hush falls on the brink.
  189: A silent hush upon the brink.
  190: A silent hush begins to drink.
  191: A silent hush upon the brink.
  192: A quiet hush beneath the brink.
  193: A silent hush begins to link.
  194: A silent hush upon the brink.
  195: A silent hush begins to link.
  196: A silent hush upon the brink.
  197: A silent hush begins to think.
  198: A silent hush begins to think.
  199: A silent hush begins to think.
  200: A somber hush upon the land.

FIRST LINE: The clouds are gray, the raindrops spill,
  001: A whispered song the sky still will.
  002: A whispered hush begins to fill.
  003: A quiet hush beneath the will.
  004: A whispered sigh the wind will still.
  005: A whispered storm begins to still.
  006: A whispered song the sky still tells.
  007: A whispered song the wind may still.
  008: A whispered sigh beneath the will.
  009: A whispered hush descends on hill.
  010: A whispered hush falls over the hill.
  011: A silent song the skies still tell.
  012: A whispered sigh, the world turns still.
  013: A quiet hush begins to fill.
  014: A silent hush, the world turns still.
  015: A whispered sigh of nature's will.
  016: A whispered sigh the skies still fill.
  017: A silent hush descends on the hill.
  018: A whispered song the wind does spill.
  019: A whispered tune the wind will still.
  020: A whispered hush, the world turns still.
  021: A whispered tune the winds will fill.
  022: A whispered sigh, the world grows still.
  023: A whispered sigh begins the chill.
  024: A whispered tune the winds will spill.
  025: A whispered hush fills the forest hill.
  026: A whispered sigh begins the chill.
  027: A whispered hush begins to fill.
  028: A whispered sigh beneath the will.
  029: A whispered sigh the wind does fill.
  030: A whispered tune the thunder still.
  031: A whispered hymn the sky still will.
  032: A quiet sorrow fills the hill.
  033: A whispered hymn the wind does pilfer.
  034: A whispered sigh, the world turns still.
  035: A whispered sigh the wind might kill.
  036: A whispered song the sky still fills.
  037: A whispered sigh beneath the hill.
  038: A whispered storm begins to fill.
  039: A whispered tale the wind will tell.
  040: A whispered song the winds distill.
  041: A whispered song the sky still tells.
  042: A quiet hush falls over the hill.
  043: A whispered tale of storms to fill.
  044: A whispered song the storm does thrill.
  045: A quiet hush falls still and chill.
  046: A whispered hush falls still and chill.
  047: A whispered sigh that softens the hill.
  048: A whispered sigh beneath the hill.
  049: A whispered tune the night still fills.
  050: A whisper soft through branches chill.
  051: A whispered hymn the sky still fills.
  052: A whispered tune the wind will tell.
  053: A whispered tune the wind will still.
  054: A whispered song the wind still tells.
  055: A silent hush falls on the hill.
  056: A quiet sorrow fills the hill.
  057: A silent hymn the sky does spill.
  058: A quiet hush begins to fill.
  059: A whispered hush beneath the hill.
  060: A whispered song the winds still fill.
  061: A whispered hush, the world turns still.
  062: A silent hush descends on hill.
  063: A silent hush begins to fill.
  064: A silent hush begins to fill.
  065: A whispered sigh, the world turns still.
  066: A whispered tune the wind does chill.
  067: A whispered tune the wind still tells.
  068: A whispered tune the winds still thrill.
  069: A whispered tale the breeze might tell.
  070: A whispered tune the wind does fill.
  071: A whispered tune the wind will chill.
  072: A silent tune the sky still tells.
  073: A whispered song the skies still fill.
  074: A quiet hush begins to fill.
  075: A whispered song the sky still tells.
  076: A whisper of sorrow through the hill.
  077: A whispered sigh through nature's will.
  078: A whispered song the wind does fill.
  079: A whispered tune the wind will spill.
  080: A whispered tune the wind might kill.
  081: A whispered song the sky still tells.
  082: A whispered tune the wind does chill.
  083: A whispered hush falls still and chill.
  084: A whispered song the wind will still.
  085: A silent hush descends on the hill.
  086: A whispered tune the wind will still.
  087: A whispered sigh through nature's hill.
  088: A whispered song the winds fulfill.
  089: A whispered tune the wind does spill.
  090: A whispered song the storm still tells.
  091: A whispered tale of storm and still.
  092: A whispered tune the evening still.
  093: A quiet hush falls still and chill.
  094: A whispered hush falls still and chill.
  095: A whispered tune the winds still fill.
  096: A whispered song the sky still tells.
  097: A whispered tune the wind still fills.
  098: A quiet hush descends on the hill.
  099: A quiet hush descends on the hill.
  100: A whispered song the wind still fills.
  101: A whispered tune the wind shall fill.
  102: A quiet hush falls still and chill.
  103: A whispered song the wind still tells.
  104: A whispered hush begins to still.
  105: A whispered sigh, the world grows still.
  106: A silent tune the heavens spill.
  107: A whispered song the sky still tells.
  108: A whispered tale the sky still tells.
  109: A whispered sigh beneath the hill.
  110: A whispered sigh the winds still fill.
  111: A whispered tune the wind will fill.
  112: A whispered tune the wind does chill.
  113: A whispered tune the wind still will.
  114: A whispered tune the winds still thrill.
  115: A whispered tune the wind will fill.
  116: A whispered tune the evening still.
  117: A whispered hymn the sky still tells.
  118: A quiet hush falls still and chill.
  119: A whispered tune the wind will tell.
  120: A whispered tune the winds will fill.
  121: A whispered song the wind still will.
  122: A whispered tale the breeze can tell.
  123: A whispered sigh in nature's will.
  124: A whispered tune the winds will still.
  125: A whispered tune the wind does fill.
  126: A whispered song the storm still tells.
  127: A whispered tune the wind will thrill.
  128: A whispered hush takes hold of hill.
  129: A quiet hush begins to still.
  130: A whispered hush descends on still.
  131: A whispered song the thunder still.
  132: A whispered hush begins to still.
  133: A whispered song the wind lets fill.
  134: A silent song the sky still tells.
  135: A whispered song the winds shall fill.
  136: A whispered hush falls still and chill.
  137: A whispered tune the wind may still.
  138: A whispered tune the winds will still.
  139: A silent song that nature will.
  140: A whispered hush begins to still.
  141: A silent hush falls still and chill.
  142: A silent storm begins to still.
  143: A whispered song the thunder still.
  144: A whispered tune the wind will thrill.
  145: A whispered tune the wind does chill.
  146: A whispered song the sky still tells.
  147: A whispered hush beneath the hill.
  148: A whispered hush beneath the hill.
  149: A whispered tune the wind does chisel.
  150: A whispered hush falls still and chill.
  151: A silent song the skies still thrill.
  152: A whispered tune the wind does spill.
  153: A whispered tune the wind still fills.
  154: A whispered tune the night still keeps.
  155: A whispered sigh beneath the hill.
  156: A whispered tune the wind will tell.
  157: A whispered hush, the world turns still.
  158: A whispered hymn the sky does still.
  159: A quiet hush begins to still.
  160: A whispered tale the wind can tell.
  161: A whispered sigh beneath the will.
  162: A whispered song the winds still fill.
  163: A whispered tune the wind still tells.
  164: A whispered sigh the wind shall fill.
  165: A whispered hush begins to still.
  166: A whispered song the sky still tells.
  167: A whispered sigh beneath the hill.
  168: A whispered hush beneath the hill.
  169: A whispered tune the wind will tell.
  170: A whisper of sorrow, the heart grows still.
  171: A whispered song the night will fill.
  172: A whispered tale the heavens tell.
  173: A whispered hush upon the hill.
  174: A whispered song the wind still tells.
  175: A whispered tune the wind will still.
  176: A whispered tune the wind may chill.
  177: A whispered tale the wind will fill.
  178: A whispered hush falls still and chill.
  179: A whispered tune the winds still fill.
  180: A quiet sigh the sky does fill.
  181: A whispered tune the winds still kill.
  182: A whispered sigh of nature's will.
  183: A whispered tune the wind might tell.
  184: A silent hush upon the hill.
  185: A whispered song the wind does fill.
  186: A whispered tune the winds distill.
  187: A whispered tune the wind does fill.
  188: A somber tune the skies distill.
  189: A silent hush descends on will.
  190: A silent hush upon the hill.
  191: A silent song that nature still.
  192: A quiet hush upon the hill.
  193: A whispered tune the wind will fill.
  194: A whispered tune the wind still will.
  195: A whispered hush begins to fill.
  196: A quiet hush takes hold of the hill.
  197: A whispered hush begins to still.
  198: A whispered tune the winds do chill.
  199: A whispered song the sky does chill.
  200: A whispered sigh beneath the hill.

