FIRST LINE: Boxes of books, a reader's delight,
  001: Storing stories in a cozy night.
  002: Strewn in cozy stacks, they spark delight.
  003: Stacks of stories, endless delight.
  004: Shelves of stories, a world in sight.
  005: Their stories whisper through the night.
  006: Pages turned in endless flight.
  007: Each page a world, each story a light.
  008: Stir the soul with every page turned bright.
  009: Pages await to spark your flight.
  010: A world of stories, endlessly bright.
  011: Tales await to spark the mind and light.
  012: A world of stories, wrapped in light.
  013: Shelves of stories, pure delight.
  014: A world of stories, bound in sight.
  015: Treasures of tales that spark the light.
  016: Treasures of tales that fill the night.
  017: Shelves of stories, all aglow.
  018: Pages of wonder, a world in sight.
  019: A world of stories waiting to be fought.
  020: A world of stories at your feet.
  021: A world of stories at your feet.
  022: Tales of old in every bright.
  023: Covers may change, but stories unite.
  024: Pages turn with joy and light.
  025: Pages await, a world in sight.
  026: Treasures of tales that fill the night.
  027: A world of stories waiting to be sought.
  028: Hidden gems in paper and light.
  029: Stimulate the mind with tales of light.
  030: Treasures of tales that keep us bright.
  031: A world of stories, endless and bright.
  032: Pages turn, and dreams take flight.
  033: Strewn in cozy piles, they shine with light.
  034: Covers like dreams, each page a flight.
  035: Storing stories in a quiet night.
  036: Pages of dreams, a story's light.
  037: Pages turn with joy and light.
  038: Pages turn with endless light.
  039: A world of stories waiting to be light.
  040: Whispers of stories in every night.
  041: A world of stories waiting to ignite.
  042: Wander through pages, lost in sight.
  043: Storied treasures in a cozy night.
  044: Storing stories in a quiet night.
  045: Shelves of stories, hearts take flight.
  046: Stirring the soul with stories bright.
  047: A world of stories waiting to be fought.
  048: Pages turn, and imagination takes flight.
  049: Treasures of tales that fill the night.
  050: A world of stories waiting to be unlocked.
  051: Pages turned, a dream in sight.
  052: Pages await to spark your light.
  053: Pages of wonder, dreams take flight.
  054: Shelves of stories, a world in sight.
  055: A world of stories, wrapped in light.
  056: Whisper secrets of the night.
  057: Tales of adventure, never out of sight.
  058: Stir the imagination, ignite the light.
  059: Stuffed with stories, they spark the light.
  060: Stir the imagination, ignite.
  061: A world of stories waiting to be sought.
  062: Shelves of stories, endless light.
  063: Sparks of imagination, softly bright.
  064: Strewn across floors, in every bright.
  065: Pages of wonder, dreams take flight.
  066: Stacks of stories, pure delight.
  067: A world of stories, pure delight.
  068: A world of stories, wrapped in light.
  069: Tales await in every bright.
  070: A world of stories, pure delight.
  071: A world of stories at your feet.
  072: Pages turn dreams into light.
  073: Shelves of stories, pure delight.
  074: A world of stories, pure delight.
  075: A world of tales in every sight.
  076: Shelves of stories, a timeless fight.
  077: Pages turn, and wonder takes flight.
  078: A world of stories waiting to ignite.
  079: Pages unfold with joy and light.
  080: Tales of adventure, stories bright.
  081: Strewn in chaos, yet filled with light.
  082: A world of stories waiting to be sought.
  083: A world of stories, vast and bright.
  084: Strewn in disarray, yet full of light.
  085: Pages unfold, and dreams take flight.
  086: Pages turn, and dreams take flight.
  087: Stir the soul with stories bright.
  088: Tales and truths in every tight.
  089: Covers worn smooth by stories shared.
  090: Whispers of stories fill the night.
  091: Shelves of stories, pure delight.
  092: A world of stories at your fingertips.
  093: Pages await to spark your insight.
  094: Treasure of tales that time can't destroy.
  095: Treasures await in every night.
  096: Shelves of stories, a timeless height.
  097: Treasures of tales that fill the night.
  098: A world of stories in each tight fit.
  099: Stuffed with stories, both old and bright.
  100: A world of stories at your fingertips.
  101: Pages unfold, and dreams take flight.
  102: Whispers of tales in every nook and light.
  103: A world of stories at your feet.
  104: Strewn in chaos, yet full of light.
  105: A world of stories waiting to be bright.
  106: Storied treasures in quiet delight.
  107: Pages of wisdom, dreams in the night.
  108: Pages of stories, dreams take flight.
  109: Strewn in chaos, yet full of light.
  110: A world of stories, bound in delight.
  111: Shelves of stories, endless night.
  112: Tales of the past in every bright sight.
  113: Tales of old in every nook and tight.
  114: A world of stories at your feet.
  115: Whispers of stories in every page.
  116: Strewn in a heap, they whisper tonight.
  117: A world of tales in every stack.
  118: Strewn in neat rows, they spark the light.
  119: Strewn in disarray, they spark a light.
  120: Treasures of tales that spark the light.
  121: Strewn in cozy chaos, pure delight.
  122: Pages turn, and dreams take flight.
  123: A world of stories waiting to be light.
  124: A world of stories at your fingertips.
  125: Shelves of stories, a world in sight.
  126: Stories unfold in silent light.
  127: A world of stories waiting to be sought.
  128: Tales of the past in every tight.
  129: A world of stories at your feet.
  130: Sparks of imagination take flight.
  131: Treasures of tales in every sight.
  132: Stacks of stories, endless delight!
  133: Stir the soul with stories bright.
  134: Treasures of tales that stir the soul and light.
  135: Sparks of imagination, bright and tight.
  136: A world of stories waiting to be bright.
  137: A world of stories, pure and bright.
  138: Whispers of stories in every tight.
  139: Shelves of stories, all night long.
  140: Their stories whisper through the night.
  141: A world of stories, pure delight.
  142: Whispers of stories in every nook.
  143: A world of stories, a magical sight.
  144: Pages turn, and the story takes flight.
  145: Strewn in disorder, yet full of light.
  146: Woven with wonder and wisdom's light.
  147: A world of stories waiting to be sought.
  148: Pages turn, and dreams take flight.
  149: Pages turn, and dreams take flight.
  150: Pages turn, and dreams take flight.
  151: A treasure trove where stories unite.
  152: Shelves of stories, a world in sight.
  153: A world of stories waiting to ignite.
  154: A world of stories waiting to be bright.
  155: Stimulate the mind with every sight.
  156: Shelves of stories, a world in sight.
  157: Pages unfold, and dreams take flight.
  158: Stuffed with stories, they inspire delight.
  159: A world of stories, joy and light.
  160: Treasures of stories, wisdom, and light.
  161: A world of stories at your feet.
  162: Shelves of stories, a soul's delight.
  163: A world of stories, never out of sight.
  164: Stories await to brighten your sight.
  165: Strewn in disarray, yet full of light.
  166: Pages turn, and dreams take flight.
  167: Pages turn, and dreams take flight.
  168: Strewn in chaos, yet full of light.
  169: Strewn in soft chaos, they call me right.
  170: Stories await to light the night.
  171: Tales of the past in every sight.
  172: Pages turn, and dreams take flight.
  173: Their pages hold the world in sight.
  174: Covers may vary, but stories unite.
  175: A world of stories, a joy to ignite.
  176: Strewn in chaos, yet filled with light.
  177: A world of stories, pure delight.
  178: Stir the imagination, spark the light.
  179: A world of stories in each bright sight.
  180: Stacked high with stories, pure delight.
  181: Strewn in chaos, yet filled with light.
  182: Pages unfold with stories bright.
  183: Their pages whisper tales of light.
  184: A world of stories waiting to ignite.
  185: A world of stories, vast and bright.
  186: Pages await to spark your night.
  187: Pages turn where imagination floats.
  188: Pages of dreams that ignite the night.
  189: Pages of wonder, lost in the night.
  190: Strewn in chaos, yet full of light.
  191: Woven with stories, they never get old.
  192: Tales of the past, in paper and light.
  193: A world of stories waiting to ignite.
  194: Tales await in every stack and light.
  195: Pages await, both old and bright.
  196: Storing stories in a quiet night.
  197: Whispering stories in the quiet night.
  198: A world of stories, both old and bright.
  199: A world of stories waiting to be sought.
  200: A world of stories at your feet.

FIRST LINE: Boxes of books, a reader's joy,
  001: A world of stories, pure delight.
  002: A world of stories, endless toy.
  003: A world of tales in every nook.
  004: A world of tales in every toy.
  005: A world of tales in every nook.
  006: A world of stories, far and wide.
  007: A world of stories, endless toy.
  008: Pages turn, and dreams take flight.
  009: A world of tales in every nook.
  010: A world of tales in every toy.
  011: Pages turn where dreams destroy.
  012: A world of stories, pure and employ.
  013: A world of tales, both old and new.
  014: A world of stories, endless toy.
  015: A world of stories, endlessly boy.
  016: A world of tales within each toy.
  017: Unlock the tales that dreams can hold.
  018: A world of stories, forever toy.
  019: Stacks of stories, hearts employ.
  020: A world of tales in every toy.
  021: A world of tales in every nook.
  022: Pages turn, and dreams take flight.
  023: A world of stories, wide and coy.
  024: Strewn in chaos, yet still they glow.
  025: Pages turn, and dreams take flight.
  026: Woven with tales that time can't destroy.
  027: A world of tales in every nook.
  028: Pages turn where dreams can grow.
  029: A world of tales in every nook.
  030: Treasures of tales, both old and new.
  031: A world of stories, endless toy.
  032: A world of stories, never void.
  033: A world of tales in every toy.
  034: A world of stories, endlessly toy.
  035: A world of tales in every toy.
  036: Pages of dreams, a soul's employ.
  037: A world of tales in every trove.
  038: A world of stories, pure and coy.
  039: A world of stories, bound and toy.
  040: Pages turn where dreams can grow.
  041: A world of tales in every nook.
  042: Pages turn, and dreams take flight.
  043: Stacks of stories, dreams rely.
  044: Pages unfold, a world aglow.
  045: A world of stories, pure and coy.
  046: Stacks of tales that never grow old.
  047: A world of tales in every toy.
  048: Unlock the tales that dreams rely.
  049: Stir the imagination, light the soul.
  050: A world of tales in every toy.
  051: A world of stories, endlessly toy.
  052: A world of tales in every toy.
  053: A world of tales, a treasure toy.
  054: A world of tales in every toy.
  055: Strewn across the floor, they softly cry.
  056: A world of tales in every toy.
  057: Stroll through the shelves, let stories flow.
  058: A world of tales in every nook.
  059: A world of tales in every toy.
  060: A world of stories, always to employ.
  061: A world of stories waiting to unfold.
  062: A world of stories, vast and coy.
  063: A world of tales in every toy.
  064: Pages unfold, a world they toy.
  065: A world of stories, endlessly coy.
  066: A world of stories waiting to destroy.
  067: A world of tales in every nook.
  068: Pages turn where dreams can grow.
  069: A world of tales, both far and near.
  070: A world of stories, a soul's employ.
  071: A world of stories, wide and toy.
  072: A world of stories, wide and sly.
  073: A world of tales in every nook.
  074: A world of stories waiting to destroy.
  075: A world of stories, endlessly toy.
  076: A world of stories, soon to employ.
  077: A world of stories, endlessly coy.
  078: A world of tales in every trove.
  079: A world of tales in every toy.
  080: A world of stories, far and coy.
  081: A world of stories, endlessly joy.
  082: A world of stories, wide and coy.
  083: A world of tales in every toy.
  084: A world of stories, endlessly cozy.
  085: A world of stories, vast and coy.
  086: A world of tales in every nook.
  087: Pages of dreams, a world aglow.
  088: Pages turn, and dreams unfold.
  089: A world of tales in every trove.
  090: Stimulate the mind and soul.
  091: A world of stories waiting to be employed.
  092: Pages await, a story to employ.
  093: Pages turn where dreams can grow.
  094: A world of stories waiting to be employed.
  095: A world of stories, softly toy.
  096: A world of stories, endlessly toy.
  097: A world of tales in every nook.
  098: A world of stories, never coy.
  099: A world of stories, vast and coy.
  100: A world of tales in every nook.
  101: Sticky fingers and stories employed.
  102: A world of stories waiting to employ.
  103: A world of tales in every toy.
  104: Strewn in chaos, yet full of soul.
  105: Pages turn, and dreams take flight.
  106: Storing stories, bringing a boy to glory.
  107: Stacks of stories, hearts they'll hold.
  108: A world of stories, never coy.
  109: A world of stories, far and foxy!
  110: A world of tales in every nook.
  111: A world of tales in every nook.
  112: Pages turned in quiet delight.
  113: Strewn in cozy piles of prose.
  114: A world of stories, pure and high.
  115: A world of stories, softly toy.
  116: Wander through stories, lose the day.
  117: A world of stories, ever more.
  118: Pages await to tell a story.
  119: Shelves of stories, dreams take flight.
  120: A world of tales in every nook.
  121: Treasures untold, a story to employ.
  122: A world of tales in every toy.
  123: A world of stories, vast and joy.
  124: A world of tales in every toy.
  125: A world of stories, vast and sly.
  126: A world of tales, both old and new.
  127: A world of tales in every nook.
  128: Treasures of tales that make hearts soar.
  129: Stacks of stories, dreams in proof.
  130: A world of tales in every nook.
  131: Unlock the world with every toy.
  132: A world of stories waiting to be explored.
  133: Sparks of imagination, stories employ.
  134: Pages turn where dreams are sown.
  135: A world of stories, wide and coy.
  136: A world of tales in every toy.
  137: A world of stories waiting to employ.
  138: A world of stories, evermore.
  139: A world of stories, softly toyed.
  140: Stacks of stories, hearts they toy.
  141: A world of stories, purest delight.
  142: A world of stories, vast and toy.
  143: Tales unfold in quiet glory.
  144: Stir the soul with stories told.
  145: A world of stories, softly stowed.
  146: Stories unfold, both old and new.
  147: A world of stories, vast and coy.
  148: A world of stories, softly coy.
  149: A world of stories waiting to be known.
  150: Stimulate the mind and soul.
  151: A world of stories, wide and sly.
  152: A world of stories, far and wide.
  153: A world of tales in every nook.
  154: A world of tales in every nook.
  155: A world of stories waiting to be employed.
  156: A world of stories, endless toy.
  157: A world of tales in every toy.
  158: A world of stories waiting to be employed.
  159: A world of tales in every nook.
  160: A world of stories, endless toy.
  161: Tales of the past, a world in store.
  162: A world of stories, vast and coy.
  163: A world of stories, bound in toil.
  164: Stir the soul with tales untold.
  165: A world of stories, endless voyages.
  166: Tales and treasures, endless toy.
  167: A world of tales, both old and new.
  168: A world of tales in every nook.
  169: A world of tales in every toy.
  170: A world of stories, vast and slow.
  171: Shelves of stories, hearts employ.
  172: Pages unfold, a world made new.
  173: A world of tales in every nook.
  174: Pages turn where imagination goes.
  175: A world of stories, pure and boy.
  176: A world of stories, endless toy.
  177: A world of stories, endless toy.
  178: A world of tales in every nook.
  179: A world of stories waiting to employ.
  180: A world of stories, wide and voy.
  181: Pages turn, and dreams take flight.
  182: A world of stories, endless toy.
  183: A world of stories, endless toy.
  184: A world of stories waiting to employ.
  185: A world of tales in every toy.
  186: A world of stories, wide and coy.
  187: Pages turn with dreams to toy.
  188: Strewn across floors, they never grow.
  189: A world of tales in every boy.
  190: A world of tales in every toy.
  191: A world of stories, vast and boisterous.
  192: A world of stories, far and high.
  193: A world of stories, endless toy.
  194: Strewn in chaos, yet full of hope.
  195: A world of tales in every toy.
  196: A world of tales in every nook.
  197: A world of stories, never lost.
  198: Storied adventures, endless toy.
  199: Pages turn with dreams that grow.
  200: A world of tales in every toy.

FIRST LINE: Boxes of books, a reader's habit,
  001: Pages turned, a quiet habit.
  002: Strewn in chaos, yet full of magic.
  003: Pages turned where dreams are planted.
  004: Pages turn where the mind is captivated.
  005: Pages turned with joy and chat.
  006: Pages turn where dreams are trapped.
  007: Shelves of dreams, a lifelong chat.
  008: Pages turn where the imagination starts.
  009: Pages turn where dreams are mapped.
  010: A world within each well-loved page.
  011: Pages turn, the story's impact.
  012: Woven with dreams and ink-stained patience.
  013: Pages turn where dreams are planted.
  014: Shelves of stories, a lifelong chat.
  015: Pages turn with every habit.
  016: Streets of stories, a lifelong chat.
  017: A world of stories, a treasure map.
  018: Pages turn where dreams begin.
  019: Pages turn where the imagination abides.
  020: Pages of dreams, a story's visit.
  021: Pages turn where the imagination starts.
  022: Pages turn where the mind is captivated.
  023: Pages turned where dreams are planted.
  024: Pages turn with every habit.
  025: Pages turn where the imagination's in tact.
  026: Shelves fill with tales that time has met.
  027: Pages unfold where stories sit.
  028: Pages of dreams, a lifelong chat.
  029: Pages turn where the curious sit.
  030: Pages turn where the imagination stays.
  031: Pages turned where dreams are shaped.
  032: Pages turn where the mind is captivated.
  033: Pages turn where dreams are shaped.
  034: Pages turn where the mind is captivated.
  035: Pages of wonder, a world in a map.
  036: Pages turned where dreams are planted.
  037: Pages of dreams that time has shaped.
  038: Pages turn where the mind is shaped.
  039: Pages turn where the imagination is.
  040: Pages turn with quiet satisfaction.
  041: Pages turn with every bit.
  042: Pages turn where the mind is captivated.
  043: Pages unfold where stories chat.
  044: Pages turn with every habit.
  045: Pages turn where the mind is captivated.
  046: A world of stories, a lifelong chat.
  047: Pages turn with dreams in motion.
  048: Pages turn where dreams begin.
  049: Pages turn where the imagination is.
  050: Pages turn where the stories start.
  051: Pages turn where dreams are shaped.
  052: Pages turn where the mind is captivated.
  053: Pages turn with every visit.
  054: Pages turn where the imagination's at.
  055: Pages turn where the mind is captivated.
  056: Pages unfold where dreams are trapped.
  057: Pages turn where the story's flat.
  058: Pages of dreams, a quiet habit.
  059: Whispers of stories in every habit.
  060: Pages turn where the stories start.
  061: Pages of dreams, a world apart.
  062: Shelves of stories, a lifelong chat.
  063: Pages of dreams, a timeless habit.
  064: Pages turned in silent chat.
  065: Pages turn where the imagination is.
  066: Pages turned in quiet chat.
  067: Strewn across the floor, a silent habit.
  068: Pages turn where the imagination fits.
  069: Pages turn where dreams are habit.
  070: Pages turn where the imagination starts.
  071: Pages of dreams, a lifelong chat.
  072: Whispers of stories, a timeless chat.
  073: Pages turn where the quiet begins.
  074: Pages of dreams, a world unchained.
  075: Shelves of stories, a lifelong chat.
  076: Pages turned with joy and chat.
  077: Pages of dreams, a heart's true habit.
  078: Shelves of stories, a timeless chat.
  079: A world of stories, a lifelong chat.
  080: Pages turn with dreams in motion.
  081: Pages turn where the mind is set.
  082: Pages turn where dreams are planted.
  083: Pages turn where dreams are trapped.
  084: Pages turn where the dreams begin.
  085: Pages turn with quiet delight.
  086: A world of stories, always waiting.
  087: Pages turn with every habit.
  088: A world of stories, always in reach.
  089: Pages turn where dreams are planted.
  090: Pages turn where dreams begin.
  091: Pages turned with quiet habit.
  092: Pages turn where dreams begin.
  093: Pages turn where dreams are habit.
  094: Pages turn where dreams are planted.
  095: Pages unfold where dreams are planted.
  096: Lines of stories, softly captivated.
  097: Pages unfold where imagination fits.
  098: Lines of verse, a heart's abbot.
  099: Pages turn where dreams are planted.
  100: Pages turned, a world reimagined.
  101: Pages turn where the mind is captivated.
  102: Pages of wonder, a lifelong chat.
  103: Pages turn with every visit.
  104: Pages turn where dreams begin.
  105: Pages unfold where dreams are writ.
  106: Pages turn, and dreams are abated.
  107: Pages turn where the imagination is.
  108: Pages turn where dreams begin.
  109: Pages unfold where thoughts are shaped.
  110: Pages turned with every visit.
  111: Stir the soul with every page.
  112: Pages turn where the mind is captivated.
  113: Pages turned in silent chat.
  114: Pages turn where imagination starts.
  115: Pages of dreams, a timeless habit.
  116: Pages turn where the mind is captivated.
  117: Pages turned where dreams are planted.
  118: Pages turned where thoughts are planted.
  119: Pages unfold where thoughts are set.
  120: Pages turn where dreams begin.
  121: Shelves of stories, a silent chat.
  122: Pages turn with silent chat.
  123: Pages turn where the imagination starts.
  124: A world unfolds in every stack.
  125: Pages of dreams, a timeless chat.
  126: Pages turn with silent chat.
  127: Pages turn, the world takes shape.
  128: Pages turn where the curious start.
  129: Pages turned where imagination slips.
  130: Pages turn where the mind is trapped.
  131: Pages turn with every habit.
  132: Shelves of stories, never stacked.
  133: Pages turned, a heart's faint beat.
  134: Pages turn where dreams are made.
  135: Pages unfold where dreams are trapped.
  136: Pages turn where the mind is captivated.
  137: Stimulate the mind, a lifelong chat.
  138: Pages turn where the imagination starts.
  139: Pages turn where dreams are shaped.
  140: Pages turn with every habit.
  141: Streets of stories, no end in sight.
  142: Pages turn with every visit.
  143: Pages turn with quiet habit.
  144: Pages turn, and time is cracked.
  145: Pages turn where imagination abides.
  146: Pages turn where the imagination栖.
  147: Pages turn where dreams are planted.
  148: Pages turned in quiet habit.
  149: Pages turn with every chat.
  150: Pages turned in quiet chat.
  151: Pages turn where the mind is fed.
  152: Pages turn where dreams are built.
  153: Pages turn with every habit.
  154: Pages turn where the mind is captivated.
  155: Pages turned in quiet habit.
  156: Pages turn with every impact.
  157: Pages turned with every step.
  158: Pages of dreams, a timeless habit.
  159: Pages turn where the dreams begin.
  160: Strewn across rooms, a story's chat.
  161: Pages turn where the story's habit.
  162: Pages turn where the imagination's trapped.
  163: Pages turn where the mind is trapped.
  164: Pages turn where dreams are trapped.
  165: Pages of wonder, a timeless craft.
  166: Pages turn with every habit.
  167: Pages turn where the imagination's shaped.
  168: Pages turned, a timeless chat.
  169: Pages turned where dreams are planted.
  170: Strewn like stars in midnight's grasp.
  171: Pages turn where the imagination abides.
  172: Pages of dreams, a quiet chat.
  173: Pages of dreams, a lifelong chat.
  174: Pages turned with joy and chat.
  175: Pages turned, a world in motion.
  176: Pages of dreams, a quiet chat.
  177: Pages turn where dreams are shaped.
  178: Pages turn where the mind is captivated.
  179: Pages turn where the imagination starts.
  180: Strewn across floors, a tale in habit.
  181: Pages turned with quiet grit.
  182: Shelves of stories, wisdom's map.
  183: Pages of dreams, a timeless craft.
  184: Pages turn where dreams are built.
  185: Pages turn with endless habit.
  186: Pages turn where the story's shaped.
  187: Pages turn where the imagination sits.
  188: Pages turn where the imagination栖.
  189: Lines of stories, a lifelong chat.
  190: Pages turn where imagination fits.
  191: Pages turned where dreams are stacked.
  192: Stimulate the mind, a silent chat.
  193: Pages turn where the story's trapped.
  194: Wires and dreams in every mat.
  195: Pages unfold, a journey started.
  196: Whispers of stories in every chat.
  197: Lines of stories, thoughts embalmed.
  198: Pages turn with every habit.
  199: Pages of dreams, a lifelong chat.
  200: Pages of dreams, a world apart.

FIRST LINE: Boxes of books, a reader's passion,
  001: Pages turn where imagination runs.
  002: Stacks of stories, a lifelong fascination.
  003: Pages turn where dreams are fashion.
  004: Strewn across shelves, a story's fascination.
  005: Pages turn with timeless fascination.
  006: Pages of dreams, a lifelong dance.
  007: Pages turn where imagination runs.
  008: Pages turned where dreams are fashioned.
  009: Pages turned, a world in motion.
  010: Pages turn with dreams that can't be contained.
  011: Pages of dreams, a silent canon.
  012: Pages of dreams, a world in motion.
  013: Pages of dreams, a silent dance.
  014: Pages turn, and dreams are spun.
  015: Pages turn with endless fascination.
  016: Strewn in chaos, yet full of fascination.
  017: Whispers of stories, a timeless fascination.
  018: Pages turn where imagination stands.
  019: Pages turn where the stories expand.
  020: Pages turn where imagination ran.
  021: Pages turn where the imagination stands.
  022: Pages turn where imagination dances.
  023: Pages turn where the heart's been.
  024: Pages turn where dreams are fashioned.
  025: Pages unfold where stories begin.
  026: Pages turned, a world in motion.
  027: Stories unfold in every stanza.
  028: Pages turn where dreams are spun.
  029: Shelves of stories, a world unbound.
  030: Pages turn where imagination runs.
  031: Pages turn where dreams are fashioned.
  032: Storied delight in every stanza.
  033: Pages unfold, a story's mission.
  034: Woven with tales that time has fashioned.
  035: Whispers of stories, a timeless dance.
  036: Pages turn where imagination spans.
  037: Pages of dreams, a timeless fashion.
  038: Pages turn where the heart has danced.
  039: Pages turn, dreams take their fashion.
  040: Pages turn where imagination dances.
  041: Stir the soul with every stanza.
  042: Pages turned with heart and passion.
  043: Stories unfold, both old and vast.
  044: Pages of wonder, dreams are fashion.
  045: Pages turn where imagination dwells.
  046: Pages of dreams, a world within.
  047: Pages turn where dreams begin.
  048: Woven with wonder, they never grow old.
  049: Pages of dreams, a heart's salvation.
  050: Pages turn, and time is lost within.
  051: Pages turn where dreams are fashion.
  052: Pages turn where dreams are fashioned.
  053: Pages turn where dreams are spun.
  054: Stir the soul with every stanza.
  055: Stories unfold in every station.
  056: Pages turned in silent dance.
  057: Pages turn where dreams are fashioned.
  058: Pages turn where dreams are spun.
  059: Pages turn where imagination's tossed.
  060: Pages of dreams, a timeless fascination.
  061: Pages turn where dreams are spun.
  062: Pages turn where dreams are spun.
  063: Shelves of stories, a soul's salvation.
  064: Pages unfold, a world within.
  065: Pages turn where the imagination runs.
  066: Pages turn where imagination runs.
  067: Pages unfold, a world unchained.
  068: Pages turn where the mind is shaken.
  069: Pages turn where imagination spans.
  070: Stories unfold in every stanza.
  071: Pages turn where dreams are spun.
  072: Pages turn where dreams are fashion.
  073: Pages unfold, a timeless fashion.
  074: Pages turned, a world beyond reason.
  075: Pages of dreams, a heart's compassion.
  076: Pages of dreams, a soul's true mission.
  077: Pages turn with dreams in motion.
  078: A world of stories, forever planned.
  079: Pages turn where the imagination's at home.
  080: Pages turned in quiet bliss.
  081: Pages turn where dreams are spun.
  082: Woven with wonder, they spark our fascination.
  083: Pages unfold, a timeless dance.
  084: Stacks of stories, a lifelong dance.
  085: Pages turn where dreams are spun.
  086: Stories unfold in every stanza.
  087: Pages of dreams, a world in motion.
  088: Stories unfold in every stanza.
  089: Strewn across floors, a library's vision.
  090: Pages turn where dreams are spun.
  091: A world of stories, every stanza.
  092: Pages turned in quiet bliss.
  093: Woven with dreams and pages of wonder.
  094: Pages turn where dreams are fashioned.
  095: Pages turned in quiet bliss.
  096: Pages turn with dreams in motion.
  097: Pages turn where imagination spans.
  098: Whispers of tales in every station.
  099: Storied worlds in every station.
  100: Pages turned where dreams are fashion.
  101: Pages turn where dreams are spun.
  102: Pages turn where dreams are fashioned.
  103: Pages turn where dreams begin.
  104: Pages turn, and dreams are summoned.
  105: A world of stories, a cherished mansion.
  106: Pages turn, and time is lost within.
  107: Stories unfold in every stanza.
  108: Pages turn where the heart is shaken.
  109: Pages unfold where dreams begin.
  110: Pages turn where imagination dances.
  111: Pages of dreams, a soul's devotion.
  112: Pages turn where imagination lands.
  113: Stories unfold in every stanza.
  114: Pages of dreams, a timeless fashion.
  115: Pages turn where dreams are fashion.
  116: Pages turn where imagination runs.
  117: Pages turn where imagination stands.
  118: Pages turned with every fascination.
  119: Pages turn with a quiet bliss.
  120: Pages turn, and dreams run rampant.
  121: Pages turn with dreams upon them.
  122: Pages turn where dreams are born.
  123: Pages turn with stories beyond.
  124: Strewn across shelves, a story's fashion.
  125: Strewn in chaos, yet filled with fascination.
  126: Stories unfold in silent fashion.
  127: Stories unfold in every stanza.
  128: Pages turn where dreams are fashioned.
  129: Whispers of stories, a world in motion.
  130: Strewn in chaos, yet full of romance.
  131: Pages turned, a world unchained.
  132: Pages turned with heart and fascination.
  133: Strewn across the floor in quiet fascination.
  134: Pages unfold where dreams are spun.
  135: Pages of dreams, a timeless fascination.
  136: Pages turn with dreams that last.
  137: Pages of dreams, a quiet fascination.
  138: Stories unfold in every fashion.
  139: Strewn in chaos, yet full of fascination.
  140: Pages turn where imagination rests.
  141: Pages turn where the stories begin.
  142: Pages turn where the imagination dances.
  143: Pages turn where the heart is fashion.
  144: Pages turn with every fascination.
  145: Pages of dreams, a timeless fashion.
  146: Pages turn where the heart is fashion.
  147: Stories unfold in quiet fascination.
  148: Pages turn with a heart full of wonder.
  149: Stuffed with dreams, they're a cherished passion.
  150: A world of stories, ever expanding.
  151: Pages turn where imagination runs.
  152: Pages turn where imagination dances.
  153: Pages of dreams, a timeless fashion.
  154: Stories unfold in every stanza.
  155: Pages of dreams, a world within.
  156: Pages turn where imagination dances.
  157: Stories unfold in silent fashion.
  158: Pages turn with endless fascination.
  159: Whispers of stories, a timeless fascination.
  160: Pages turn where dreams are fashioned.
  161: Pages of dreams, a world in motion.
  162: Pages turned where dreams are spun.
  163: Pages turned with heartfelt fashion.
  164: Pages turn where the mind is drawn.
  165: Pages turn where imagination ran.
  166: Pages of dreams, a timeless fashion.
  167: Pages turn where the imagination dances.
  168: Pages turn with endless fascination.
  169: Strewn in quiet chaos, a world of fascination.
  170: Pages turn where dreams are fashion.
  171: Stacked high with tales that time can't vanish.
  172: Stir the heart with stories, vast and distant.
  173: Woven with wonder, they carry the past.
  174: Pages turn where imagination dances.
  175: Stories unfold in silent fascination.
  176: Pages of dreams, a soul's commission.
  177: Pages turn with dreams in motion.
  178: A world of stories, endlessly drawn.
  179: Pages unfold, a world in motion.
  180: Pages turn where dreams are fashion.
  181: Stories unfold in silent motion.
  182: Stories unfold in every station.
  183: Pages turn, and dreams are spun.
  184: Pages unfold, a world in motion.
  185: A world of stories, endlessly spun.
  186: Pages turned with hearts in motion.
  187: Pages turn where dreams are fashion.
  188: Pages turn where imagination's fashion.
  189: Pages turn with whispered fascination.
  190: Strewn across the floor in quiet passion.
  191: Stacks of stories, a heart's devotion.
  192: Pages turn, dreams are awakened.
  193: Pages of dreams, a timeless fashion.
  194: Pages of dreams, a world to transcend.
  195: Pages of dreams, a world within.
  196: Stories unfold where imagination danced.
  197: Pages turn where the imagination runs.
  198: Pages turn where imagination's begun.
  199: Pages turn where dreams are fashion.
  200: Pages turn where imagination dwells.

FIRST LINE: Boxes of books, a reader's craze,
  001: Fueled by stories, dreams are laid.
  002: Shelves overflow with tales to grace.
  003: Shelves overflow with tales to erase.
  004: Stuffed with stories, time and space.
  005: Strewn in delight, they fill the space.
  006: Stacked high with tales that time can't erase.
  007: Stacked high with tales that time can’t erase.
  008: A world of stories, lost and found.
  009: Bring joy and wonder with each page.
  010: A world of stories in each page.
  011: A world of stories, all to embrace.
  012: Stacked high with stories, time and space.
  013: A world of stories in each page.
  014: Stuffed with stories, they never cease.
  015: A world of stories, no end in space.
  016: Stained fingers trace the tales they blaze.
  017: Strewn everywhere in dusty arrays.
  018: Stacked high with stories, time and space.
  019: Tales of the past, in every page.
  020: Tales and treasures, bound in grace.
  021: Strewn in disarray, they wait and praise.
  022: Shelves overflow with tales to grace.
  023: Stacks of stories, time and space.
  024: A world of stories, lost and found in haze.
  025: A world of stories in every page.
  026: A world of stories, no need to erase.
  027: Strewn in chaos, yet full of grace.
  028: A world of stories in every space.
  029: A world of stories, lost and found in space.
  030: Stacked high with stories, dreams embrace.
  031: Stuffed with stories, they never fade.
  032: A treasure trove where stories blaze.
  033: A world of tales in every page.
  034: A world of stories in every place.
  035: Tales and treasures, always praised.
  036: Stacks of stories, time and space.
  037: A treasure trove where stories blaze.
  038: Fill shelves with dreams that time can't erase.
  039: Strewn in chaos, yet filled with grace.
  040: Stacked high with stories, time and space.
  041: Strewn across the floor in a quiet haze.
  042: A treasure trove of stories to erase.
  043: Stacks of stories, dreams delayed.
  044: Stuffed with stories, they never lose a page.
  045: Stacks of stories, time and space.
  046: Shelves full of tales that time cannot erase.
  047: Fueled by dreams and dusty pages.
  048: Stimulate the mind with stories and praise.
  049: A world of stories waiting to blaze.
  050: A treasure trove where dreams take shape.
  051: Sparks the joy of story's maze.
  052: Strewn in chaos, yet full of grace.
  053: Stuffed with stories, they never fade.
  054: Bring stories to life in each page's grace.
  055: Stacks of stories, dreams in a haze.
  056: A world of stories, no end in space.
  057: Storied delights in every space.
  058: Sparks the joy of tales and days.
  059: Eyes wide with wonder, hearts aglow.
  060: Shelves overflow with stories to tease.
  061: Filling shelves with tales to raise.
  062: A world of stories in every place.
  063: Strewn across the floor in a cozy haze.
  064: Stuffed with stories, no time to waste!
  065: Tales of the past in every embrace.
  066: Stacks of stories, time well spent.
  067: Fill shelves with tales that time can't erase.
  068: Stacked high with stories, time and space.
  069: A world of stories, lost and found in space.
  070: Filled with stories, time and space.
  071: Stuffed with stories, they never fade.
  072: Strewn across floors in a literary haze.
  073: Stuffed with stories, they never stray.
  074: Eager hands turn each page with grace.
  075: A world of stories waiting to embrace.
  076: Bring worlds to life in every page.
  077: Lured by stories, they never pause.
  078: A world of stories in each page.
  079: Bring stories to life with every page.
  080: Tales unfold in every page.
  081: Strewn in chaos, yet full of grace.
  082: Stacks of stories, time and space.
  083: A world of stories, no end to the page.
  084: Stacks of stories, time and space.
  085: Strewn across floors in a literary haze.
  086: A world of stories waiting to be traced.
  087: Stretched across shelves in a quiet haze.
  088: Strewn in disorder, yet full of grace.
  089: A world of tales in every page.
  090: Fill every corner with stories and space.
  091: Shelves soon fill with stories to please.
  092: A world of stories, lost and found in space.
  093: Tales of far lands in every page.
  094: Strewn across the floor in a quiet haze.
  095: Shelves are full, and the stories blaze.
  096: A world of stories, bound in grace.
  097: A world of tales in every page.
  098: A world of stories, always in range.
  099: Sparks the imagination's flame.
  100: Strewn everywhere in a cozy haze.
  101: Filled with stories that time cannot erase.
  102: Strewn in corners, dust and haze.
  103: Strewn across floors, they never fade.
  104: Strewn across floors in a cozy place.
  105: Stacks of stories, time and space.
  106: Stuffed with stories, time and space.
  107: Strewn in disarray, yet full of grace.
  108: Stacked high with stories, time and space.
  109: Sparks the imagination, fuels the phase.
  110: A treasure trove in every space.
  111: Filled with stories, they never grow stale.
  112: A world of stories, lost in time and space.
  113: Stacked high with tales that time can't erase.
  114: A world of stories waiting to erase.
  115: Strewn in chaos, yet filled with grace.
  116: Shelves overflow with stories to blaze.
  117: Stacks of stories, time and space.
  118: Stuffed with tales that time can't erase.
  119: A world of stories in every page.
  120: A world of stories in every page.
  121: A world of stories, a timeless maze.
  122: A world of stories, lost and found.
  123: Sparks the imagination each day.
  124: A world of stories, time and space.
  125: Stuffed with stories, they never cease.
  126: A treasure trove of stories to embrace.
  127: A world of stories, never the same.
  128: Stretched across shelves in a quiet maze.
  129: Bring stories to life in every space.
  130: Stacks of stories, time and space.
  131: Fill every shelf with stories to embrace.
  132: Sparks the joy that words can raise.
  133: Spilled on the floor in a cozy haze.
  134: Stuffed with stories, time and space.
  135: A treasure trove of stories and days.
  136: Strewn in chaos, yet full of grace.
  137: Strewn on the floor in a literary haze.
  138: Strewn across floors, no time to erase.
  139: Sparks the joy that fills the maze.
  140: Bring stories to life in every page.
  141: Stuffed with tales that time can't erase.
  142: A world of stories, bound in days.
  143: A world of stories, lost and found in pages.
  144: Strewn in chaos, yet filled with grace.
  145: A world of stories at your gaze.
  146: Shelves are lined with stories and days.
  147: A world of stories, never too late.
  148: Sticky fingers and midnight pages.
  149: Strewn across floors, a literary maze.
  150: A world of stories, lost and found in pages.
  151: Stacks of stories, time and space.
  152: Shelves soon fill with tales to embrace.
  153: Stuffed with stories, time and space.
  154: Stacks of stories, never a place.
  155: A world of stories in each page.
  156: A treasure trove where stories blaze.
  157: Strewn in chaos, yet full of grace.
  158: Tales and treasures, time and space.
  159: Strewn in chaos, yet filled with grace.
  160: Sparks the joy that knowledge brings.
  161: A world of stories in every space.
  162: A treasure trove of thoughts and phrases.
  163: Stacked high with tales that time can't erase.
  164: Filling shelves with tales to please.
  165: Stacked high with stories, dreams, and days.
  166: A world of stories, time and space.
  167: A world of tales in every page.
  168: A world of stories, lost in space.
  169: A treasure trove of stories to chase.
  170: A world of stories in each page.
  171: Bring stories to life with every page.
  172: Shelves overflow with stories to blaze.
  173: Shelves are lined with tales to please.
  174: Stuffed with stories, they never fade.
  175: Eager hands turn each page with praise.
  176: Stacks of stories, time and space.
  177: Stacks of stories, time and space.
  178: A treasure trove where stories blaze.
  179: Stacks of stories, time and space.
  180: A world of stories in every space.
  181: Tales and treasures in every phase.
  182: Stuffed with stories, they never fade.
  183: Spilled across the floor in a joyful maze.
  184: A world of stories, a dream in pace.
  185: Tales unfold in every page.
  186: A world of stories in every page.
  187: Stacked high with stories, time and space.
  188: A world of stories waiting to erase.
  189: Sticky fingers and tales to chase.
  190: Stuffed with stories, they dream and chase.
  191: A world of stories, lost and found in space.
  192: A world of tales in every page.
  193: A world of stories, lost in time and space.
  194: Stashed away in dusty maze.
  195: Stuffed with stories, they never fade.
  196: Stacks of stories, time and space.
  197: Stacks of tales that time can’t erase.
  198: Shelves soon fill with stories and days.
  199: Stuffed with stories, they never cease.
  200: Stacks of stories, time and space.

FIRST LINE: Boxes of books, a reader's fun,
  001: A world of stories, every one.
  002: Pages turn with every run.
  003: Pages turn with every sun.
  004: Stories unfold, the mind is spun.
  005: Pages turn with dreams begun.
  006: Pages turn, the story's begun.
  007: Pages turn where dreams are spun.
  008: Pages turn, the story's begun.
  009: Pages turn, and the world is spun.
  010: Pages turn, the story's begun.
  011: Pages turn, the story's begun.
  012: Pages turn with every run.
  013: Stories unfold, the mind is spun.
  014: Pages turn, the story's begun.
  015: Pages turn, the world is spun.
  016: Pages turn, and dreams come true.
  017: Pages turn with every run.
  018: Stories await in every one!
  019: Pages turn, and dreams are spun.
  020: Pages turn, and dreams are spun.
  021: Pages turn, the world is spun.
  022: Pages turn where imagination runs.
  023: Strewn in a heap, they wait to be won!
  024: Pages await, a story begun.
  025: Pages turn, the story's begun.
  026: A world of stories, just begun!
  027: Pages turn, and dreams are spun.
  028: Pages turn, the story begun.
  029: Pages turn with every run.
  030: Pages turn, and the world's begun.
  031: Pages turn where the stories run.
  032: Pages turn, and dreams are spun.
  033: Stories unfold, and dreams are spun.
  034: Pages turn, the story's begun.
  035: Stories unfold, the mind is spun.
  036: Pages turn, the story's begun.
  037: Pages turn, and dreams are spun.
  038: Pages turn, and dreams come true.
  039: Pages turn, the stories run.
  040: Pages turn, the journey's begun.
  041: Pages turn, the story's begun.
  042: Pages turn with every sun.
  043: A world of stories, never done!
  044: Stories unfold, the heart is spun.
  045: Tales and stories, all undone.
  046: Pages turn, the story's begun.
  047: Pages unfold, the journey begun.
  048: Pages turn, the story's begun.
  049: Pages turn, and dreams run deep.
  050: Stories unfold, dreams come undone.
  051: Sticky fingers and stories undone.
  052: Pages unfold, the tale begun.
  053: Pages turn, the stories run.
  054: Pages turn, the story's begun.
  055: Pages turn, the story's begun.
  056: Pages turn, the stories run.
  057: Pages unfold, the story begun.
  058: Pages turn, the story's begun.
  059: Pages turn, the stories run.
  060: Stories unfold, the mind is spun.
  061: Pages turn, the story begun.
  062: A world of tales, no need to run.
  063: Pages turn with every sun.
  064: Pages turn, and dreams are spun.
  065: Pages turn, the story's begun.
  066: Pages turn, the world is run.
  067: Pages turn, the world is won.
  068: Pages turn, the story's begun.
  069: Pages turn, the story's begun.
  070: Pages unfold, the story's begun.
  071: Pages turn with every run.
  072: Pages turn, and dreams are spun.
  073: Stories unfold, the mind is run.
  074: Pages turn, and stories run.
  075: Pages turn, the stories run.
  076: Pages turn, and dreams are spun.
  077: Pages turn, the stories run.
  078: Pages turn with every sun.
  079: Pages turn, the tale is spun.
  080: Stories await, and wonder's begun.
  081: Page by page, the world is won.
  082: Pages turn where dreams are spun.
  083: Pages turn, the story's begun.
  084: Pages turn, the tale is spun.
  085: Pages turn, the tales are spun.
  086: A world of stories, never done.
  087: Pages turn where the story's begun.
  088: Pages turn, the story's begun.
  089: Pages turn with every sun.
  090: Pages turn where dreams begin.
  091: Pages turn where dreams are spun.
  092: A world of stories, every one.
  093: Pages turn, and wonder begun.
  094: Pages turn with every run.
  095: Pages turn, the stories run.
  096: Stories unfold, the mind's begun.
  097: Pages turn with every run.
  098: Pages turn, the world begins.
  099: Stories unfold, both old and new.
  100: Storied adventures, always begun.
  101: Pages turn with every run.
  102: Pages turn, the tale is spun.
  103: Stories unfold, the mind is run.
  104: Pages turn, the tale is spun.
  105: Stories unfold, and wonder begun.
  106: Pages turn, the story's begun.
  107: Pages turn with every sun.
  108: A world of stories, just begun.
  109: A world of stories, just begun.
  110: Storied treasures, old and new.
  111: Pages turn, and dreams begin.
  112: Pages turn where dreams are spun.
  113: Pages turn where imagination runs.
  114: Pages turn with every run.
  115: Pages turn, the stories run.
  116: Pages turn where the imagination runs.
  117: Pages turn, the story's begun.
  118: Pages turn, the stories run.
  119: A world of tales, old and spun.
  120: Pages turn with every run.
  121: Sticky fingers and dusty sun.
  122: Pages turn, the story's begun.
  123: Sticky fingers and stories begun.
  124: Pages turn, the world is spun.
  125: Stories unfold, the mind is spun.
  126: Pages turn, the story's begun.
  127: Pages turn, the story's begun.
  128: Pages turn, the stories run.
  129: Pages await, and stories run.
  130: Stuffed with stories, every one.
  131: Pages turn where imagination runs.
  132: Stories unfold, the imagination's begun.
  133: Pages turn, and the world is won.
  134: Pages turn, the world is spun.
  135: Pages turn, the world is won.
  136: Pages turn where dreams are spun.
  137: Pages turn, the tale is spun.
  138: Pages turn, the world is spun.
  139: Pages turn where imagination's spun.
  140: Pages turn, the stories run.
  141: Pages turn, the story's begun.
  142: Stories unfold, no end in sight.
  143: Pages turn, the world is one.
  144: Stories unfold, the mind is spun.
  145: Pages turn, the stories run.
  146: Pages turn, the story's begun.
  147: Stories await, no need to run!
  148: Pages turn, and dreams are spun.
  149: Storied treasures waiting to be won!
  150: Pages turn, the world is one.
  151: Stories unfold, adventures run.
  152: Pages turn with every sun.
  153: Pages turn where imagination runs.
  154: Pages turn where imagination runs.
  155: Stories unfold, the mind is spun.
  156: Pages unfold, the world is one.
  157: Pages turn, the story's begun.
  158: Pages turn, the world's undone.
  159: Pages turn, and stories run.
  160: Pages turn with every run.
  161: Pages turn, the story's begun.
  162: A world of tales, the story's begun.
  163: Pages turn where imagination runs.
  164: Pages turn, the story begun.
  165: A world of stories, never done!
  166: Pages turn, the stories run.
  167: Pages turn, and the world begins.
  168: Pages turn, the story's begun.
  169: Pages turn, the world is won.
  170: Pages turn, and the stories run.
  171: Pages turn where the stories run.
  172: Pages turn, the story's begun.
  173: Pages turn where the story's begun.
  174: Pages turn, the story's begun.
  175: Pages turn with every sun.
  176: Pages turn, the stories run.
  177: Pages await to take you on.
  178: Pages turn, and the adventure's begun.
  179: Pages turn, the story's begun.
  180: Pages turn with every sun.
  181: Pages turn, the story's begun.
  182: Pages turn, and dreams are spun.
  183: Pages turn, the world is spun.
  184: Pages turn, the tales begin.
  185: Pages turn, the stories run.
  186: Pages turn, the stories run.
  187: Pages turn, the world is run.
  188: Pages turn with every run.
  189: Pages turn, the stories run.
  190: Pages turn, the stories run.
  191: Pages turn, the world is spun.
  192: Pages turn where imagination runs.
  193: Pages turn, the story's begun.
  194: Stories unfold, adventures begun.
  195: Pages turn, the world begins.
  196: Pages turn where the imagination's begun.
  197: Stories unfold, the mind is spun.
  198: Pages turn, and the world is spun.
  199: Pages turn where dreams are spun.
  200: A world of stories, forever begun.

FIRST LINE: Boxes of books, a reader's pastime,
  001: Pages of dreams in every line.
  002: Tales of the world within each line.
  003: Pages of dreams, a heart's prime time.
  004: Stolen from shelves, they whisper through time.
  005: A world of stories, lost and found in time.
  006: Strewn in chaos, yet filled with rhyme.
  007: Whispers of worlds in every line.
  008: Tales of the world in every line.
  009: Whispers of stories in every line.
  010: Wander through worlds in every line.
  011: Tales of the world in every line.
  012: Pages turn, and time seems to still.
  013: Pages turn dreams into rhyme.
  014: Strewn in chaos, yet full of sublime.
  015: Whispers of stories in every line.
  016: Pages turn where imagination climbs.
  017: Shelves of stories, dreams sublime.
  018: Tales of old in every line.
  019: Pages unfold, a world in rhyme.
  020: Pages of wonder, dreams take flight.
  021: Stories unfold in every rhyme.
  022: Pages of dreams, a timeless climb.
  023: Stacks of stories, dreams in prime.
  024: Pages unfold with every climb.
  025: Pages turn where imagination climbs.
  026: Pages turn where imagination climbs.
  027: Pages turn, and memories climb.
  028: Pages of dreams, where imagination flies.
  029: Pages turn, and time seems to climb.
  030: Strewn in chaos, yet full of rhyme.
  031: Stories unfold in silent rhyme.
  032: Strewn in chaos, yet full of prime.
  033: Pages of dreams that time can't erase.
  034: Stories unfold in silent rhyme.
  035: Stolen away in silent rhyme.
  036: Pages turn where imagination's prime.
  037: Strewn in chaos, yet filled with rhyme.
  038: Pages of dreams in quiet sublime.
  039: Pages turn with timeless rhyme.
  040: Shelves hold stories, both old and prime.
  041: A world of stories, a lifelong rhyme.
  042: Strewn in disorder, yet filled with sublime.
  043: Filling dreams with every line.
  044: Pages turn, and time feels still.
  045: Pages turn where imagination flies.
  046: Stacks of stories, dreams in rhyme.
  047: Stories within, where imagination climbs.
  048: Pages turn where imagination's in flight.
  049: Pages turn with timeless rhyme.
  050: Stories unfold in every line.
  051: Each spine a memory, each page a rhyme.
  052: A world within each page, a quiet chime.
  053: Pages turned in silent rhyme.
  054: Pages of dreams, a journey sublime.
  055: Pages turned, where dreams take flight.
  056: Pages of dreams that time can't erase.
  057: Stories unfold in silent rhyme.
  058: Wander through pages, lost in rhyme.
  059: Whispers of stories in every line.
  060: Walls of wisdom, filled with time.
  061: Each page a portal to another time.
  062: Pages turn where dreams and thoughts climb.
  063: Stories unfold in silent rhyme.
  064: Whispers of worlds in every line.
  065: Stories unfold in silent rhyme.
  066: Strewn in chaos, yet full of rhyme.
  067: Pages of stories, dreams in a rhyme.
  068: Pages of dreams, a timeless rhyme.
  069: Whispers of stories, both old and sublime.
  070: Pages of dreams, a timeless rhyme.
  071: Each spine a memory, each page a rhyme.
  072: Whispers of stories, a lifelong climb.
  073: Their stories whisper through the time.
  074: Pages turn where the imagination climbs.
  075: Pages turn, and memories climb.
  076: Woven with dreams and memories' rhyme.
  077: Strewn in chaos, yet filled with rhyme.
  078: Pages of dreams, a soul's sublime.
  079: Stories unfold in silent rhyme.
  080: Stories unfold with every climb.
  081: Storing stories in the mind's bright lime.
  082: Whispers of stories in every line.
  083: Pages of dreams in every line.
  084: Whispers of stories, lost and sublime.
  085: Pages of dreams that time can't destroy.
  086: Pages of dreams that time can't erase.
  087: Stories unfold in every line.
  088: Pages turn, and dreams take flight.
  089: Pages of wonder, dreams take flight.
  090: Pages unfold, a journey sublime.
  091: Whispers of stories in every line.
  092: Stained fingers tell the stories they climb.
  093: Whispers of stories in every line.
  094: Pages turn, and time stands still.
  095: Pages of dreams that time can't tame.
  096: Shelves of stories, time well-spent.
  097: Pages of dreams, a timeless rhyme.
  098: Pages of wonder, lost in time.
  099: Pages of stories, dreams in a rhyme.
  100: Whispers of stories in every line.
  101: Pages unfold where dreams take flight.
  102: Strewn in disarray, yet full of rhyme.
  103: Shelves of stories, a dreamer's rhyme.
  104: Whispers of stories in every line.
  105: A world of stories, bound in rhyme.
  106: Pages of wonder, lost in time.
  107: Pages turned, a story's sublime.
  108: Pages of dreams, a journey sublime.
  109: Strewn across rooms, a timeless rhyme.
  110: Shelves of stories, dreams sublime.
  111: Strewn in disorder, yet full of rhyme.
  112: Shelves of stories, a world in rhyme.
  113: Stories unfold in silent rhyme.
  114: Tales of the world in every line.
  115: Secrets of worlds in every line.
  116: Stories unfold in silent rhyme.
  117: Strewn in disorder, yet full of rhyme.
  118: Pages turn, and time flies by.
  119: Whispers of stories, timeless and sublime.
  120: Pages turned, a timeless rhyme.
  121: A world of stories, lost and found in rhyme.
  122: Stories within, a treasure to climb.
  123: Stories unfold in silent rhyme.
  124: Each page a journey through time.
  125: Pages turn where imagination flies.
  126: A world within, where imagination climbs.
  127: Pages of dreams, a timeless rhyme.
  128: Each page a portal to a distant time.
  129: Filling dreams with every line.
  130: Pages turn with dreams of time.
  131: Pages of dreams, a soul's sublime.
  132: Pages of dreams, a timeless rhyme.
  133: Pages of dreams, where imagination climbs.
  134: Whispers of worlds in every line.
  135: Pages of dreams in quiet sublime.
  136: Stories unfold with every prime.
  137: Pages of wonder, time well spent.
  138: Stir the soul with every line.
  139: Stir the soul with every line.
  140: Shelves of stories, a timeless rhyme.
  141: Whispers of stories in every line.
  142: Pages unfold, a journey sublime.
  143: Pages of wonder, time and again.
  144: Pages of dreams, a timeless rhyme.
  145: Pages of wonder, dreams take flight.
  146: Pages turn, and memories climb.
  147: Stained fingers trace the tales they climb.
  148: Stories unfold in every line.
  149: Pages of dreams, a timeless climb.
  150: Whispers of stories, timeless and sublime.
  151: Shelves of stories, a mind's sublime.
  152: Pages of dreams in quiet sublime.
  153: Tales of old in every line.
  154: Whispers of stories in every line.
  155: Tales of old in every line.
  156: Pages turn where the imagination climbs.
  157: Pages of dreams, a silent rhyme.
  158: Pages turn where imagination's prime.
  159: Shelves of stories, a lifelong rhyme.
  160: Whispers of stories, memories sublime.
  161: Pages turn through the night and time.
  162: Pages of dreams in quiet sublime.
  163: Shelves of stories, time reimagined.
  164: Pages of dreams, where stories climb.
  165: Strewn in disarray, yet full of rhyme.
  166: Secrets of worlds within their rhyme.
  167: Pages turn, and time seems to climb.
  168: Secrets of worlds in every line.
  169: Stories unfold in every line.
  170: Pages turn with dreams in prime.
  171: Pages turn where dreams take flight.
  172: Pages of dreams in quiet sublime.
  173: Stories unfold in every line.
  174: Pages of wonder, dreams in line.
  175: Pages of dreams, a timeless rhyme.
  176: Pages of dreams, a quiet sublime.
  177: Pages of wonder, time well spent in rhyme.
  178: Shelves of stories, time well spent.
  179: Pages of dreams in silent rhyme.
  180: Pages turn, and time takes flight.
  181: Secrets of worlds in every line.
  182: Storing stories, dreams, and rhyme.
  183: Pages of dreams in silent rhyme.
  184: Stained fingers and lost hours in rhyme.
  185: Whispers of worlds in every line.
  186: Pages turn, and time seems still.
  187: Stir the soul with every line.
  188: Pages turn where dreams and stories climb.
  189: Stories unfold in silent rhyme.
  190: A world of stories, bound in rhyme.
  191: Shelves of stories, time well spent.
  192: Pages of dreams, where stories climb.
  193: Shelves of stories, a soul's sublime.
  194: Pages turn with each new rhyme.
  195: Pages turned where dreams take flight.
  196: Pages of dreams in every line.
  197: Whispers of stories in every line.
  198: Strewn in disorder, yet they hold time.
  199: Strewn across shelves in a quiet prime.
  200: Whispers of stories in every line.

FIRST LINE: Boxes of books, a reader's diversion,
  001: Pages turn with every mission.
  002: Pages turn, and time is forgiven.
  003: Whispers of stories in every转身.
  004: Whispers of tales that time has outworn.
  005: Pages turn with dreams in motion.
  006: Tales that whisper through the silence.
  007: Treasure troves of stories within.
  008: Worlds within pages, where imagination begins.
  009: Whispers of tales that spark the mind.
  010: Whispers of worlds within each turning page.
  011: Stir the soul with every turning page.
  012: Pages of dreams in every mission.
  013: Pages of dreams, a world to begin.
  014: Wonders unfold with every turn.
  015: Pages turn with dreams and wonder.
  016: Pages of dreams, a world within.
  017: Wander through tales in silent adoration.
  018: Whispers of tales in every corner.
  019: Pages of wonder, a soul's excursion.
  020: Pages of wonder, lost in confusion.
  021: Whispers of tales that time has forbidden.
  022: Pages turn where imagination spins.
  023: Walls of wisdom, a sanctuary's vision.
  024: Pages of dreams, a journey within.
  025: Pages turn, and dreams are inspired.
  026: Pages of wonder, a timeless vision.
  027: Whispers of worlds within every line.
  028: Pages turn with dreams in motion.
  029: Pages unfold, a world within.
  030: Pages turn, and time begins to spin.
  031: Pages turn, a world of wonder within.
  032: Pages of dreams, a silent mission.
  033: Pages unfold, a world within.
  034: A world of stories, all within reach.
  035: Stir the soul with every turn of the page.
  036: Pages unfold, a world within.
  037: Pages unfold, a world within.
  038: Pages turn, and time is forgotten.
  039: A world within each page's intrusion.
  040: A world of tales in every turn.
  041: Pages of dreams in silent mission.
  042: Pages turn, and time is spun.
  043: Pages of wonder, dreams begin.
  044: Pages of dreams, a world within.
  045: Worlds unfold in every page's mission.
  046: Wander through pages, lost in a vision.
  047: Pages turn, and dreams begin.
  048: Whispers of stories, dreams in motion.
  049: Pages turn, and time begins to spin.
  050: Pages turn with dreams unspun.
  051: Pages turn with dreams in motion.
  052: Strewn in chaos, yet full of vision.
  053: Whispers of stories, a world within.
  054: Pages turned, a world within.
  055: Strewn in chaos, yet full of vision.
  056: Pages turn with silent wonder.
  057: Pages of dreams, a world within.
  058: Pages turn, and dreams are given.
  059: Strewn in chaos, yet full of vision.
  060: Pages unfold, a journey within.
  061: Pages turn where imagination spins.
  062: Pages turn dreams into reality.
  063: Pages unfold, a world within.
  064: Pages turn, a world within a vision.
  065: Worlds within pages, lost in sensation.
  066: A world within, where dreams are inspired.
  067: Pages turn, a world within a vision.
  068: Pages turn, and the world is rewritten.
  069: Pages turn, and time begins to spin.
  070: Pages of dreams, a world within.
  071: Pages of wonder, a world within.
  072: Worlds unfold in every page within.
  073: Pages turn with dreams in motion.
  074: Pages of dreams, a timeless mission.
  075: Pages of dreams, a world within.
  076: Pages turn with endless vision.
  077: Worlds unfold in every turning page.
  078: Pages turn, and dreams begin.
  079: Sticky fingers and dreams in a spin.
  080: Pages turn, and time begins to spin.
  081: Pages of dreams, a silent mission.
  082: Pages turn, and dreams begin.
  083: Wonders unfold in every turn.
  084: Pages of dreams, a timeless mission.
  085: A world of tales in every corner.
  086: Pages turn, and time begins to spin.
  087: Pages of wonder, a treasure within.
  088: Pages turn dreams into reality.
  089: Pages of dreams, a quiet bliss.
  090: Pages of dreams, a world within.
  091: Pages of dreams, a world within.
  092: Pages turn where imagination blisses.
  093: Pages turn with stories to begin.
  094: Pages of dreams, a journey within.
  095: Pages turn with dreams in motion.
  096: Pages of dreams, a world within.
  097: Pages turn with endless fascination.
  098: Pages turn, and worlds begin.
  099: Strewn in disorder, yet each story entwines.
  100: Stir the soul with every turning page.
  101: Pages of dreams, a heart's true mission.
  102: Whispers of stories, timeless and winning.
  103: Pages turn with timeless mission.
  104: Pages unfold, a world in motion.
  105: Pages of dreams, a timeless spin.
  106: Pages unfold, a world within.
  107: A world within each page, a journey within.
  108: Tales that transport, both old and new.
  109: Pages of dreams, a world within.
  110: Pages of dreams, a world within.
  111: Pages of tales, a soul's enchantment.
  112: Pages of dreams, a world to begin.
  113: Pages turn, and the world is yours within.
  114: Pages turned, a world within your vision.
  115: A world within, where dreams begin.
  116: Whispers of stories in every turn.
  117: Pages turn, and time begins to spin.
  118: A world of stories, ever beginning.
  119: Pages of dreams, a world within.
  120: Pages of dreams, a timeless mission.
  121: Tales of the past in every line.
  122: Pages of dreams, a world within.
  123: Pages turn where imagination begins.
  124: Worlds within pages, endless adventure.
  125: A world of stories in each turn of the page.
  126: Whispers of worlds through pages begin.
  127: Pages unfold, a world within.
  128: Pages turn where imagination's mission.
  129: Whispers of tales that time has never seen.
  130: A world of stories waiting to be won.
  131: Stir the imagination, spinning wonders.
  132: Pages turn with dreams in motion.
  133: Whispers of tales that spark the mind.
  134: Pages turn with dreams that never finish.
  135: Wander through pages, lost in vision.
  136: Tales that transport, both wondrous and whimsical.
  137: Whispers of tales that time has preserved.
  138: Pages turn, and time begins to spin.
  139: Storied escape in every转身.
  140: Worlds within pages, timeless and inspiring.
  141: Pages of wonder, lost in vision.
  142: Pages turn with dreams entwined.
  143: Pages of dreams, a soul's pure mission.
  144: Pages turned in silent wonder.
  145: Pages of dreams, a world within.
  146: Whispers of stories, timeless and perfect.
  147: A world of stories, ever begun.
  148: Pages of dreams, a timeless vision.
  149: Pages of tales to inspire and begin.
  150: Wonders await in every mission.
  151: A world of stories, endless concern.
  152: Woven with dreams and silent reflection.
  153: Whispers of tales that time has designed.
  154: Pages of dreams, a world within.
  155: A world of stories, always spinning.
  156: A world within each page is spinning.
  157: Strewn through the room in quiet confusion.
  158: Pages of wonder, time well spent.
  159: Pages turned, a journey within.
  160: Pages unfold, a world within.
  161: A world of stories, endlessly spinning.
  162: Pages turn with endless sensation.
  163: Pages turn where imagination runs.
  164: Pages of dreams, a world within.
  165: Pages of dreams, a soul's enchantment.
  166: Worshiped with wonder, they're never enough.
  167: Whispers of worlds in every page's spin.
  168: Whispers of stories, a dream in motion.
  169: Storied escapes in every corner.
  170: Whispers of tales that awaken the soul.
  171: Whispers of stories in every转身.
  172: A world of stories, bound in silence.
  173: Whispers of stories, a world within.
  174: Whispers of tales that time has begun.
  175: A world of stories waiting to be seen.
  176: Pages unfold, a world within.
  177: Pages of dreams in every mission.
  178: Pages turn, and time is transformed.
  179: Pages turn with silent mission.
  180: Pages turn, and time begins to spin.
  181: A world of stories, endless motion.
  182: Pages of dreams, a world within.
  183: Pages turn where imagination's born.
  184: Pages turn with dreams that never finish.
  185: A world of stories waiting to be seen.
  186: Pages turn with endless fascination.
  187: Whispers of stories, a timeless mission.
  188: Pages turn, and time begins to spin.
  189: Whispers of stories, dreams entwined.
  190: Whispers of stories that transport us within.
  191: Pages turn where imagination begins.
  192: Pages of dreams, a heart's true mission.
  193: Pages turn, a world within reach.
  194: Pages unfold, a world within.
  195: A world of stories, endlessly inspiring.
  196: A world of tales in every corner.
  197: Worlds unfold in every page, a vision.
  198: Treasures of tales that ignite the soul.
  199: Tales that transport, both wild and benign.
  200: Pages of wonder, lost in a mission.

FIRST LINE: Boxes of books, a reader's pleasure,
  001: Pages unfold, a world of treasure.
  002: Pages turn, and dreams are released.
  003: Stories unfold in every measure.
  004: Shelves of stories, a dreamer's treasure.
  005: Pages turn with silent treasure.
  006: Pages of wonder, a dreamer's treasure.
  007: Pages turned in quiet wonder.
  008: Pages turn with endless wonder.
  009: Pages turn with endless wonder.
  010: Pages turn, and dreams take flight.
  011: Pages turn with joyful leisure.
  012: Pages turn with dreams, no need for measure.
  013: A world of tales in every measure.
  014: Pages turn, and dreams take flight.
  015: Pages unfold, a story's treasure.
  016: A world of stories, a boundless treasure.
  017: Pages turn with silent treasure.
  018: Pages turn, and time is lessened.
  019: Pages turn, and wonder grows.
  020: Pages of wonder, dreams in print.
  021: Pages turn with joy and treasure.
  022: Pages turn, and time is broken.
  023: Stories unfold with every page.
  024: Pages unfold, a dream fulfilled.
  025: Pages turn with endless treasure.
  026: Pages turn with dreams and treasure.
  027: Pages of wonder, dreams are unsealed.
  028: Stories unfold in silent treasure.
  029: Pages turn with dreams that press.
  030: Pages unfold with endless treasure.
  031: A world of stories, a treasure.
  032: Pages turn with joy and treasure.
  033: Pages turn where dreams are tethered.
  034: Stories unfold with every leisure.
  035: A world of stories, a treasure.
  036: Pages turn with endless treasure.
  037: Pages turn, and wonder grows.
  038: Strewn in quiet chaos, stories released.
  039: Pages turn where imagination rests.
  040: Pages of dreams, a silent messenger.
  041: Pages unfold, a tale to treasure.
  042: Pages turn, and dreams are measured.
  043: A world of stories, dreams possess.
  044: Pages turn, and stories confess.
  045: Pages turn, and wonder's treasure.
  046: Pages turned in quiet wonder.
  047: Pages turn with silent treasure.
  048: Stories unfold in silent treasure.
  049: Tales and dreams in every measure.
  050: Stories unfold, a timeless treasure.
  051: Pages turn with endless treasure.
  052: Shelves of stories, a silent chorus.
  053: Pages turn where dreams are born.
  054: Pages of wonder, a journey's treasure.
  055: Pages turn with happy leisure.
  056: Pages turn with quiet treasure.
  057: Pages turn where dreams are measure.
  058: A world of tales in every verse.
  059: Pages of dreams, a silent treasure.
  060: Pages of dreams, a silent treasure.
  061: Pages of dreams, a quiet treasure.
  062: Pages turn, and dreams are filled.
  063: Pages of wonder, dreams are fulfilled.
  064: Pages turn, and dreams take flight.
  065: Pages of wonder, time well-spent.
  066: Pages turn where imagination rests.
  067: A world of stories at your leisure.
  068: Pages turn, and dreams take flight.
  069: Pages of wonder, a timeless treasure.
  070: Pages turn, and dreams take flight.
  071: Pages of wonder, dreams are unceasing.
  072: Stories untold in every page.
  073: Pages of dreams, a soul's serenity.
  074: Pages turn, and dreams are certain.
  075: Pages turn with silent wonder.
  076: Stories unfold in quiet leisure.
  077: Strewn in delight, they whisper treasure.
  078: Tales that transport, both near and far.
  079: Pages of dreams, a story's treasure.
  080: Pages turn where imagination rests.
  081: Pages turn, and time forgets.
  082: Pages of wonder, a story's treasure.
  083: Pages turn, and dreams are released.
  084: Pages turn with dreams and wonder.
  085: A world of stories, softly spelled.
  086: Treasures of tales that time can't erase.
  087: A world of tales in every cover.
  088: Pages turn where imagination dwells.
  089: Treasures of tales, a timeless treasure.
  090: Pages turn, and dreams take flight.
  091: Pages unfold, a story's treasure.
  092: Pages of wonder, a story's treasure.
  093: Pages unfold, a world to treasure.
  094: Pages turn with endless treasure.
  095: Pages turn with dreams and treasure.
  096: Shelves of stories, endless treasure.
  097: Pages turn, and dreams take flight.
  098: Pages turn where dreams take flight.
  099: Pages of dreams, a quiet treasure.
  100: Pages unfold, a world to treasure.
  101: Pages turn, and time flies fast.
  102: Treasures of tales, a quiet treasure.
  103: Strewn in a room where dreams are stored.
  104: Pages turn, and dreams take flight.
  105: Pages unfold, a story's treasure.
  106: Pages of dreams, a heart's delicious treasure.
  107: Pages turn, and dreams take flight.
  108: Pages turn with endless treasure.
  109: Pages turn, and dreams are measured.
  110: Pages turn with endless treasure.
  111: Pages turn with endless treasures.
  112: A world of stories, bound and dear.
  113: Pages of dreams, a heart's treasure.
  114: Pages turn, and dreams take flight.
  115: Pages turn, and dreams take flight.
  116: Pages turn with endless treasure.
  117: Pages turn, and dreams take flight.
  118: Pages turn where imagination rests.
  119: Pages turn, and dreams are treasures.
  120: Pages turn, and dreams take flight.
  121: Pages unfold, a story's treasure.
  122: Pages turn with endless wonder.
  123: Pages turn with endless treasures.
  124: Stimulate the mind, they truly bless.
  125: Pages turn where imagination dreams.
  126: A world of stories, evermore.
  127: A world of stories waiting to be found.
  128: Pages of dreams, a story's treasure.
  129: Pages of dreams, a silent treasure.
  130: Pages unfold, a world to treasure.
  131: Pages of dreams, a quiet treasure.
  132: Pages turn, and dreams take flight.
  133: Pages turned in happy treasure.
  134: Pages unfold, a world of leisure.
  135: Pages turn with endless treasure.
  136: Pages turn, and dreams are released.
  137: Pages turn, and dreams take flight.
  138: Pages of wonder, stories to treasure.
  139: Pages turn with joy and leisure.
  140: A world of stories, ever increasing.
  141: Pages unfold with every lesson.
  142: Shelves of dreams, a story's treasure.
  143: Shelves of stories, a dreamer's treasure.
  144: Pages of dreams, a quiet treasure.
  145: Pages of dreams, a heart's possession.
  146: Pages turn with joy and measure.
  147: Pages turn with endless treasure.
  148: Pages turn, and time is lessened.
  149: Pages turn, and dreams take flight.
  150: Pages turn with joy and measure.
  151: Pages turn with dreams that never lessen.
  152: Stories unfold, a timeless treasure.
  153: Pages turn, and dreams take flight.
  154: Pages turn, and dreams are tethered.
  155: Shelves of stories, a lifelong treasure.
  156: Pages turn with endless treasures.
  157: Pages turn where imagination rests.
  158: Pages unfold, a world to treasure.
  159: Pages turn, and dreams take flight.
  160: Pages of wonder, dreams to measure.
  161: Pages turn, and dreams take flight.
  162: Pages unfold with endless treasure.
  163: Pages turn, and dreams are released.
  164: Pages unfold, a story's treasure.
  165: Pages turn, and dreams take flight.
  166: Pages turn, and time forgets.
  167: Pages turn, and time suspends.
  168: A world of stories, all to treasure.
  169: Pages turn, and time suspends.
  170: Pages turn with endless treasure.
  171: Pages turn, and time is treasure.
  172: Pages turn, and dreams take flight.
  173: Shelves of stories, endless treasure.
  174: Pages turn with endless treasure.
  175: Pages turn, and dreams are released.
  176: Pages turn, and dreams take flight.
  177: A world of tales in every verse.
  178: Pages of wonder, a soul's true treasure.
  179: Pages turn, and dreams take flight.
  180: Shelves of dreams, a silent treasure.
  181: Pages turn where imagination dwells.
  182: Pages turn where dreams are sealed.
  183: Pages of dreams, a silent treasure.
  184: Pages turn with dreams and treasures.
  185: Pages of dreams, a timeless treasure.
  186: Stuffed with stories, dreams, and laughter.
  187: Pages turn, and dreams are treasure.
  188: Pages of dreams, a silent treasure.
  189: Pages turn, and dreams take flight.
  190: Pages unfold, a story's treasure.
  191: Pages unfold, a story's treasure.
  192: A world of stories, endlessly treasure.
  193: Treasures of tales that time cannot measure.
  194: Pages turn, and dreams are released.
  195: Pages of dreams, a story's treasure.
  196: Shelves of stories, dreams to treasure.
  197: Pages turn with dreams and verses.
  198: Pages turn where imagination's treasure.
  199: Pages turn with endless treasure.
  200: Pages turn, and dreams take flight.

FIRST LINE: Boxes of books, a reader's chore,
  001: Stacks of stories, joys to store.
  002: Shelves await to hold them more.
  003: Stacked high with stories, always more.
  004: A treasure trove for every door.
  005: Stacks of stories, full of lore.
  006: A treasure trove, both old and more.
  007: Stacks of stories, always more.
  008: Stacks of stories, rows of lore.
  009: Tucked away where memories soar.
  010: Stacks of stories, neatly stored.
  011: Stacked high with tales from every shore.
  012: Stacked high with tales from every shore.
  013: Stacked high with tales that time once swore.
  014: Stacks of stories, shelves to store.
  015: Stacked high with tales, both old and more.
  016: Stacked high with tales from every shore.
  017: A world of stories, neatly stored.
  018: Stacked high with tales that stir the soul.
  019: Tucked away in quiet lore.
  020: Stacked high and neat, they wait for more.
  021: Stacks of tales that call to more.
  022: Shelves await with eager roar.
  023: Stacks of stories, joy to store.
  024: A journey of tales, both far and near.
  025: Stacked high with tales that time outgrew.
  026: Stacks of stories, old and more.
  027: Stacks of stories, neatly stored.
  028: A treasure trove, both old and more.
  029: A treasure trove in every door.
  030: A treasure trove, both old and tore.
  031: Stacked high with tales from every shore.
  032: Stacked high and neat, they call to more.
  033: Stacked high with tales that time outgrew.
  034: A treasure trove of stories more.
  035: Stacks of stories, evermore.
  036: Stacked high with tales that time has stored.
  037: Stacked high with tales that time has stored.
  038: Stacked high with tales, they wait for more.
  039: Stacked high with tales, they wait for more.
  040: Stacked high with tales that time can't ignore.
  041: Stacks of pages, stories to restore.
  042: A treasure trove for every door.
  043: Stacks of stories, always more.
  044: Stacked high with tales, both old and more.
  045: Shelves await to hold them more.
  046: Stacks of stories, joy once more.
  047: Tucked away in silent store.
  048: Stacked high with tales, a story's lore.
  049: Stacked high and neat, they wait for more.
  050: Stacked high and neat, they wait for more.
  051: Stacks of stories, always more.
  052: Stacked high and neat, they wait for more.
  053: Stacked high and neat, they wait for more.
  054: Stacked high and neat, they wait for more.
  055: Shelves await to hold the lore.
  056: Stuffed with tales that time has stored.
  057: Stacks of stories, shelves to store.
  058: Stacked high with tales, both old and new.
  059: Stacked high with tales that time will store.
  060: Stacked high with tales, both old and more.
  061: Stacked high with tales that time has stored.
  062: A treasure trove, both old and new.
  063: Stacked high with tales, they wait for more.
  064: Shelves await to hold the lore.
  065: Stacked high with tales that wait to soar.
  066: Stacks of stories, old and more.
  067: Shelves are built where stories soar.
  068: Stacked high with tales that time has tore.
  069: Stacked high with stories, full of lore.
  070: A treasure trove, both old and sore.
  071: Stacks of stories, shelves to store.
  072: Shelves await to hold the lore.
  073: A journey through paper and lore.
  074: Stacks of stories, neatly poured.
  075: A shelf of dreams, a story's door.
  076: A world of stories, all laid bare.
  077: Stacks of stories, shelves to store.
  078: Stacks of stories, always more.
  079: Stacked high with tales that time can't store.
  080: Stacks of pages, treasures more.
  081: Stacked high with stories, dreams explore.
  082: Shelves await to store them more.
  083: Stow them away, let dreams unfold.
  084: Stacked high with tales, they wait for more.
  085: Stacked high with tales from every shore.
  086: Stacks of stories, never bore.
  087: Stacked high and neat, they wait for more.
  088: A treasure trove that brings the soul to roar.
  089: Stacked high with tales that time can store.
  090: Stacked high with tales that time has stored.
  091: Stacked high with tales, a story's door.
  092: Stacked high with tales, both old and more.
  093: Stacked high with stories, full of more.
  094: Stacks of stories, joy in store.
  095: Stacked high and neat, they wait for more.
  096: A treasure trove for every door.
  097: Stacked high and neat, they gleam with lore.
  098: Stacked high with stories, old and more.
  099: Shelves await with eager store.
  100: Stacks of stories, endlessly more.
  101: Stacks of stories, joy and more.
  102: Stacks of stories, shelves to store.
  103: Stacked high with stories, never more.
  104: Stacked high with tales, both old and new.
  105: Stacked high with tales, they wait for more.
  106: Stacked high with tales from every shore.
  107: Stacks of stories, neatly stored.
  108: Shelves await to hold the more.
  109: A treasure trove in every door.
  110: Stacked high with tales, both old and more.
  111: Stacks of stories, always more.
  112: Stacked high with tales that time will store.
  113: Stacks of stories, shelves to ignore.
  114: Stacks of stories, evermore.
  115: Stacked high and neat, they wait for more.
  116: Stacks of stories, neat and store.
  117: Stacked high with stories, full of lore.
  118: Stacked high with tales from far and near.
  119: Stacked high with tales that time can store.
  120: Stacked high with tales, both old and more.
  121: Stow them away, let the stories soar.
  122: Stacks of stories, never more.
  123: Stacks of stories, evermore.
  124: Stacked high with tales, they wait for more.
  125: A library's heart, both old and store.
  126: A treasure trove, both old and rare.
  127: Stacked high with tales from every shore.
  128: Stacked high with tales, both old and more.
  129: Stacked high with tales, both old and more.
  130: Stacked high with tales, both old and more.
  131: Stacks of stories, neat and more.
  132: Stacked high with stories, always more.
  133: A treasure trove, both old and more.
  134: Stacks of stories, neatly stored.
  135: Stacked high with tales that call to more.
  136: Stacked high with stories, old and more.
  137: Stacked high and neat, they fill the door.
  138: Tucked away in silent lore.
  139: Stacks of stories, shelves to restore.
  140: Stacks of stories, neatly stored.
  141: A treasure trove for every door.
  142: Stacked high with stories, dreams explore.
  143: Stacked high with tales, they wait for more.
  144: Stuffed with stories, old and more.
  145: A lifelong dream in every lore.
  146: Stacked high with stories yet to explore.
  147: Stacked high with stories, waiting for more.
  148: Stacked high with tales that time has stored.
  149: Stacked high with tales, both old and more.
  150: A treasure trove, both old and more.
  151: Stacks of tales that time outgrew.
  152: Stacked high and neat, they're treasures stored.
  153: Stacked high with tales, both old and more.
  154: Stacked high with tales that time can't store.
  155: Stacks of stories, joy to store.
  156: Stacks of stories, joy to store.
  157: A tale waits in every door.
  158: Stacks of pages, always more.
  159: Stacked high with tales from far and near.
  160: Stacked high with tales that time has stored.
  161: Stacked high with tales from every shore.
  162: Stacks of stories, neatly scored.
  163: A library's heart, a treasure store.
  164: Stacks of stories, rows of lore.
  165: Stacked high with tales that time has lore.
  166: Stacks of stories, never bore.
  167: Shelves are filled with stories more.
  168: A treasure trove, both old and more.
  169: A treasure trove, both old and more.
  170: Stacks of stories, evermore.
  171: A world of stories, always more.
  172: Tales await in every door.
  173: Stacked high with tales from shore to shore.
  174: Stacked high and neat, they wait for more.
  175: A treasure trove beneath the floor.
  176: Stacked high with tales from every shore.
  177: A treasure trove, both old and rare.
  178: Stacked high with tales that call to more.
  179: Stacked high with stories, never tore.
  180: A treasure trove, both old and more.
  181: A treasure trove, both old and more.
  182: Stacks of pages, stories more.
  183: Stuffed with stories, they're evermore.
  184: Stacks of stories, old and more.
  185: A treasure trove, both old and more.
  186: Stacked high with tales, both old and more.
  187: Stacked high and neat, they wait for more.
  188: Stacked high with tales from far and near.
  189: Stacks of pages, shelves to pour.
  190: A world of stories, waiting to explore.
  191: Stacks of stories, neatly stored.
  192: A library's heart, a treasure store.
  193: A treasure trove of stories more.
  194: A lifelong dream, a treasure store.
  195: Stacks of stories, neatly store.
  196: Tucked away where the memories roar.
  197: Tucked away in quiet lore.
  198: Stacked high with tales that fill the store.
  199: Stacked high with stories, always more.
  200: A library's heart, a treasure store.

FIRST LINE: He saw a carrot and had to grab it,
  001: But found it was just a painted stick.
  002: But tripped on a turnip and lost his hat it.
  003: But the rabbit was faster than he could trap it.
  004: But it slipped away before he could trap it.
  005: But tripped on a log and fell flat.
  006: But tripped on a rock and fell flat.
  007: But tripped on a leaf and fell flat.
  008: But the longer he stared, the more it was back it.
  009: But tripped on a bean and fell flat.
  010: But found it buried deep in the grass.
  011: But found a stick and had to stab it.
  012: But tripped on a bean and fell flat.
  013: But the rabbit was faster and took it.
  014: But tripped on a leaf and fell flat.
  015: But tripped on a leaf and fell flat.
  016: But tripped on a worm and fell flat.
  017: But tripped on a leaf and fell flat.
  018: But tripped on a turnip and fell flat.
  019: But tripped on a turnip and lost his hat.
  020: But tripped on a rake and lost his hat.
  021: But found it buried deep in the grass.
  022: But tripped on a radish and lost his hat it.
  023: But tripped on a log and fell flat.
  024: But tripped on a turnip and fell flat.
  025: But tripped on a rock and ended up flat.
  026: But tripped on a turtle and lost his bat.
  027: But tripped on a log and fell flat on his back.
  028: But it slipped away just as he'd started.
  029: But tripped on a log and fell flat.
  030: But tripped on a twig and fell flat.
  031: But tripped on a rock and fell flat.
  032: But found it was just a trick of the bat.
  033: But tripped on a turnip and fell flat.
  034: But tripped on a log and fell flat.
  035: But tripped on a bean and fell flat.
  036: But tripped on a tree root and ended up flat.
  037: But tripped on a banana peel and fell flat.
  038: But tripped on a log and fell flat.
  039: But tripped on a radish and fell flat.
  040: But found it was just a painted flat.
  041: But tripped on a tree root and went splat!
  042: But the longer he stared, the more it jabbed it.
  043: But tripped on a log and fell flat.
  044: But tripped on a turtle and fell flat.
  045: But tripped on a tree root and lost his hat it.
  046: But tripped on a turtle and fell flat.
  047: But tripped on a leaf and ended up flat.
  048: But it slipped away before he could bat it.
  049: But tripped on a log and lost his hat.
  050: But tripped on a rock and fell flat.
  051: But tripped on a bean and fell flat.
  052: But tripped on a turnip and fell flat.
  053: But tripped on a snake and lost his hat it.
  054: But found it stuck in a rabbit's trap it.
  055: But tripped on a radish and flew straight back it.
  056: But tripped on a log and fell flat on his back.
  057: But found it was just a trick of the bat.
  058: But tripped on a turnip and lost his hat.
  059: But tripped on a turtle and lost his hat it.
  060: But found it was just a painted trick.
  061: But tripped on a tomato and lost the bat.
  062: But tripped on a rock and fell flat.
  063: But the more he reached, the farther it would.
  064: But tripped on a turtle and lost his bat.
  065: But tripped on a turtle and fell flat.
  066: But found it was just a stick in the dark.
  067: But the rabbit was faster, and that’s a fact.
  068: But the longer he stared, the more it eluded him.
  069: But tripped on a sock and fell flat.
  070: But tripped on a log and fell flat on his back.
  071: But found it was just a trick of the hat.
  072: But the longer he stared, the more it eluded him.
  073: But the rabbit was faster and ate it.
  074: But tripped on a turnip and tumbled flat.
  075: But tripped on a sock and fell flat.
  076: But found it was just a stick in a rabbit's grab it.
  077: But tripped on a turnip and lost his hat it.
  078: But tripped on a log and fell flat.
  079: But tripped on a turnip and fell flat.
  080: But tripped on a turnip and fell flat.
  081: But tripped on a turnip and fell flat.
  082: But tripped on a rock and fell flat.
  083: But tripped on a log and fell flat.
  084: But tripped on a turnip and lost his bat.
  085: But then he tripped and fell on his back it.
  086: But tripped on a turnip and fell flat.
  087: But tripped on a log and fell flat on his back.
  088: But tripped on a sock and fell in a gabit.
  089: But found it was just a stick with a bit.
  090: But tripped on a sock and fell flat on his back.
  091: But tripped on a sock and fell flat.
  092: But tripped on a turnip and flew right back.
  093: But tripped on a log and fell flat.
  094: But found it was just a painted stick.
  095: But the rabbit ran and left him with a bat.
  096: But it slipped away just as he started.
  097: But found it was just a stick in a rabbit's trap.
  098: But tripped on a log and fell flat.
  099: But tripped on a snake and lost his hat!
  100: But tripped on a log and fell flat.
  101: But tripped on a tomato and fell flat.
  102: But found it had already been nabbed by a rat.
  103: But tripped on a log and went splat!
  104: But tripped on a banana and fell flat.
  105: But tripped on a log and fell flat.
  106: But tripped on a sock and lost his hat it.
  107: But tripped on a log and ended up flat.
  108: But tripped on a turnip and lost his hat it.
  109: But tripped on a turnip and lost his hat.
  110: But tripped on a leaf and fell flat on his back.
  111: But tripped on a leaf and fell flat.
  112: But the rabbit was faster than a slap it.
  113: But tripped on a sock and ended up flat.
  114: But tripped on a turnip and lost his hat!
  115: But tripped on a turnip and lost his hat.
  116: But tripped on a turnip and lost his hat!
  117: But tripped on a root and ended up flat.
  118: But tripped on a turtle and lost his hat it.
  119: But tripped on a log and fell flat.
  120: But tripped on a tree root and went * splat!*
  121: But tripped on a log and fell flat on his back.
  122: But tripped on a turnip and lost his hat it.
  123: But tripped on a sock and fell flat on his back.
  124: But tripped on a turnip and ended up in a chat.
  125: But tripped on a leaf and fell flat.
  126: But tripped on a bean and fell flat.
  127: But found a celery stick in the gab it.
  128: But tripped on a root and fell flat.
  129: But tripped on a turnip and lost the bat.
  130: But then he tripped and lost his bat.
  131: But found it vanished in a snap of wit.
  132: But it slipped away before he could snatch it.
  133: But tripped on a tree root and ended up flat.
  134: But tripped on a turnip and lost his hat.
  135: But tripped on a rock and fell flat.
  136: But tripped on a turnip and fell flat.
  137: But tripped on a turtle and lost his bat.
  138: But tripped on a log and fell flat.
  139: But tripped on a twig and fell flat.
  140: But tripped on a leaf and fell flat.
  141: But tripped on a rake and fell flat.
  142: But tripped on a turnip and went splat!
  143: But tripped on a sock and fell flat.
  144: But then he tripped and knocked it back.
  145: But tripped on a leaf and fell flat.
  146: But then he tripped and lost his hat it.
  147: But then he tripped and fell flat on his back.
  148: But it slipped away before he could bat it.
  149: But tripped on a turnip and flew off the cart.
  150: But tripped on a turnip and lost his hat!
  151: But tripped on a sock and fell flat on his back.
  152: But tripped on a turnip and lost his hat.
  153: But found it stuck in a burrow of grit.
  154: But tripped on a bean and fell flat.
  155: But tripped on a leaf and lost his hat.
  156: But it slipped away just as he started.
  157: But it slipped away before he could eat it.
  158: But the rabbit was faster and ran back to the mat.
  159: But tripped on a log and lost his hat!
  160: But found it was just a trick of the rabbit.
  161: But tripped on a tree root and lost his hat it.
  162: But tripped on a leaf and fell flat.
  163: But it slipped away before he could bat it.
  164: But tripped on a turnip and lost his hat it.
  165: But tripped on a log and lost his hat it.
  166: But tripped on a turtle and fell flat.
  167: But tripped on a tomato and fell flat.
  168: But tripped on a rock and fell flat.
  169: But tripped on a rock and fell flat.
  170: But tripped on a leaf and ended up flat.
  171: But found it stuck in a rabbit's trap it.
  172: But the rabbit just gave him a blank stare.
  173: But tripped on a sock and fell flat.
  174: But tripped on a log and fell in a rut.
  175: But it slipped away before he could grab it.
  176: But found it was just a trick of the rabbit.
  177: But tripped on a turnip and fell flat.
  178: But tripped on a worm and fell flat.
  179: But tripped on a rake and lost his hat it.
  180: But tripped on a turnip and lost the bat.
  181: But tripped on a turnip and fell flat.
  182: But found it was just a painted hat.
  183: But tripped on a snake and fell flat.
  184: But the rabbit had already had it.
  185: But tripped on a turnip and fell flat.
  186: But tripped on a log and fell flat.
  187: But tripped on a root and landed in dirt.
  188: But tripped on a log and fell flat.
  189: But tripped on a banana and lost his hat it.
  190: But tripped on a leaf and tumbled about.
  191: But tripped on a log and fell flat.
  192: But tripped on a root and fell flat.
  193: But tripped on a turnip and lost his hat.
  194: But tripped on a turnip and fell flat.
  195: But found it stuck in a rabbit's trap.
  196: But tripped on a turnip and fell flat.
  197: But found it was a trick by a rabbit.
  198: But tripped on a sock and fell flat.
  199: But tripped on a turnip and fell flat.
  200: But tripped on a rock and fell flat.

FIRST LINE: The clouds are gray, the raindrops fall,
  001: The world is wrapped in silence tall.
  002: The world feels heavy, calm, and tall.
  003: The world is wrapped in silent pall.
  004: The world is wrapped in silver hall.
  005: The earth is wrapped in silence all.
  006: The world is wrapped in misty calm.
  007: The world is wrapped in silver hall.
  008: The world is wrapped in silent pall.
  009: The world feels heavy, sorrow calls.
  010: The earth is wrapped in misty calm.
  011: The world is wrapped in soft, dark wall.
  012: The earth is wrapped in quiet calm.
  013: The world is wrapped in silent mall.
  014: The earth is wrapped in misty hall.
  015: The world feels heavy, still and small.
  016: The world is wrapped in a soft, gray call.
  017: The earth is soft, the world feels calm.
  018: The world is quiet, still, and small.
  019: The world is wrapped in twilight's call.
  020: The earth is wrapped in soft gray mall.
  021: The world feels still, a silent call.
  022: The world feels heavy, calm, and all.
  023: The world is wrapped in silent pall.
  024: The world is wrapped in silver pall.
  025: The world feels calm, yet still it calls.
  026: The earth is wrapped in gentle pall.
  027: The world is wrapped in quiet pall.
  028: The world is wrapped in misty calm.
  029: The world is wrapped in quiet calm.
  030: The earth is wrapped in mist and all.
  031: The world feels dark, but hope still stands tall.
  032: The earth is wrapped in a misty shawl.
  033: The world is wrapped in silver calm.
  034: The world is still, the sun is calm.
  035: The earth is wrapped in silent pall.
  036: The world is hushed, the winds grow calm.
  037: The world is wrapped in misty calm.
  038: The world feels heavy, wet, and small.
  039: The world is wrapped in quiet pall.
  040: The world feels slow, and time stands still.
  041: The world is wrapped in quiet pall.
  042: The world feels heavy, calm, and tall.
  043: The world is wrapped in silver pall.
  044: The world is wrapped in misty pall.
  045: The world is wrapped in misty calm.
  046: The world is quiet, calm, and small.
  047: The earth feels heavy, cold, and gall.
  048: The earth is wrapped in soft, dark pall.
  049: The world is wrapped in gentle hall.
  050: The earth is soft, the sky grows tall.
  051: The world is wrapped in quiet calm.
  052: The world is quiet, calm, and tall.
  053: The world is wrapped in mist and pall.
  054: The world is wrapped in gentle thrall.
  055: The world feels heavy, calm, and small.
  056: The world is wrapped in quiet calm.
  057: The world is quiet, calm, and tall.
  058: The world is wrapped in a quiet pall.
  059: The world is wrapped in misty pall.
  060: The world is wrapped in quiet pall.
  061: The world is wrapped in quiet calm.
  062: The earth is wrapped in whispered calm.
  063: The earth is wet, the world is calm.
  064: The world is quiet, calm, and all.
  065: The world is wrapped in silent halls.
  066: The world is wrapped in silent calm.
  067: The world is wrapped in misty calm.
  068: The world is quiet, soft, and tall.
  069: The world is wrapped in misty sprawl.
  070: The world feels heavy, calm, and tall.
  071: The world is wrapped in whispered thrall.
  072: The world is hushed, and hearts grow tall.
  073: The earth is wrapped in silver sprawl.
  074: The world is wrapped in twilight's call.
  075: The world is wrapped in soft, cool gall.
  076: The earth is wrapped in soft, wet sprawl.
  077: The world is wrapped in a quiet shawl.
  078: The world is quiet, calm, and small.
  079: The world is wrapped in silent pall.
  080: The earth is wrapped in misty calm.
  081: The world is wrapped in quiet calm.
  082: The world is wrapped in quiet calm.
  083: The earth is wrapped in twilight's pall.
  084: The world is quiet, calm, and small.
  085: The world is quiet, still, and tall.
  086: The world is wrapped in mist and all.
  087: The world is wrapped in quiet calm.
  088: The world is wrapped in quiet hall.
  089: The world is wrapped in quiet shawl.
  090: The earth is wet, and so do we all.
  091: The world is wrapped in silence tall.
  092: The world is wrapped in quiet sprawl.
  093: The earth is wrapped in silver pall.
  094: The world is wrapped in quiet pall.
  095: The world is wrapped in a misty shawl.
  096: The world is wrapped in quiet mall.
  097: The world is wrapped in misty thrall.
  098: The world is hushed, and hearts grow tall.
  099: The world is wrapped in misty calm.
  100: The earth is wrapped in misty calm.
  101: The earth is wrapped in quiet pall.
  102: The earth is wrapped in quiet pall.
  103: The earth is wrapped in quiet calm.
  104: The world feels heavy, calm, and tall.
  105: The world is wrapped in gentle pall.
  106: The world is wrapped in silver pall.
  107: The world is wrapped in silence's call.
  108: The world is quiet, still, and all.
  109: The world is quiet, still, and small.
  110: The world feels heavy, wet, and small.
  111: The world is wrapped in silent pall.
  112: The world is wrapped in misty calm.
  113: The earth is wrapped in soft, gray mall.
  114: The world is hushed, and shadows crawl.
  115: The world is wrapped in misty gall.
  116: The world is wrapped in soft, dull pall.
  117: The earth is wet, the world is calm.
  118: The earth feels heavy, all too tall.
  119: The world is wrapped in quiet pall.
  120: The world is quiet, soft and tall.
  121: The earth is wrapped in whispered hush.
  122: The world is wrapped in quiet pall.
  123: The world is wrapped in a misty pall.
  124: The world is wrapped in silent pall.
  125: The earth is wrapped in soft, gray mall.
  126: The world is wrapped in misty calm.
  127: The world is wrapped in misty sprawl.
  128: The world is wrapped in quiet pall.
  129: The world is wrapped in a misty shawl.
  130: The world is quiet, still, and small.
  131: The world is wrapped in misty sprawl.
  132: The world is wrapped in quiet pall.
  133: The world is quiet, calm, and still.
  134: The world is wrapped in silent pall.
  135: The earth is wrapped in silence tall.
  136: The world is wrapped in misty pall.
  137: The earth is wrapped in silent pall.
  138: The world is wrapped in silent hall.
  139: The earth is wrapped in whispered calm.
  140: The world feels heavy, calm, and tall.
  141: The world feels heavy, slow, and small.
  142: The world is wrapped in a silver calm.
  143: The world is wrapped in silent calm.
  144: The world is wrapped in gentle pall.
  145: The world is wrapped in a misty hall.
  146: The earth is wrapped in misty sprawl.
  147: The earth is wrapped in misty sprawl.
  148: The earth is wrapped in misty pall.
  149: The earth is wrapped in whispered hall.
  150: The world feels quiet, calm, and tall.
  151: The world feels heavy, calm, and tall.
  152: The world feels calm, though winds grow tall.
  153: The world is wrapped in silent pall.
  154: The world is wrapped in gentle sprawl.
  155: The world is wrapped in a silver hall.
  156: The world is wrapped in silence tall.
  157: The world is wrapped in misty calm.
  158: The world is wrapped in silent calm.
  159: The world feels calm, the earth is tall.
  160: The earth is wrapped in silence tall.
  161: The world is wrapped in silent pall.
  162: The world is wrapped in misty calm.
  163: The world is wrapped in sorrow's call.
  164: The world feels heavy, calm, and tall.
  165: The world is quiet, calm, and tall.
  166: The earth is wrapped in misty hall.
  167: The earth feels heavy, soft and tall.
  168: The earth is wrapped in gentle calm.
  169: The earth is wrapped in gentle hail.
  170: The earth is wrapped in silent hush.
  171: The world is wrapped in silver calm.
  172: The world is wrapped in silent pall.
  173: The world is quiet, calm, and pall.
  174: The world feels heavy, calm, and all.
  175: The world is wrapped in silence all.
  176: The world is hushed, the shadows sprawl.
  177: The world is wrapped in whispered calm.
  178: The earth is wrapped in soft, cool thrall.
  179: The earth is wrapped in soft, wet pall.
  180: The world is wrapped in a gentle calm.
  181: The world is wrapped in mist and calm.
  182: The world is wrapped in silent pall.
  183: The world is wrapped in softest pall.
  184: The world is wrapped in misty calm.
  185: The world is quiet, calm, and pale.
  186: The world is quiet, wrapped in pall.
  187: The world is wrapped in misty pall.
  188: The world feels heavy, soft, and tall.
  189: The world is wrapped in gentle calm.
  190: The world is wrapped in quiet calm.
  191: The world is wrapped in quiet thrall.
  192: The earth is wrapped in silver gall.
  193: The world is wrapped in silver stall.
  194: The world is wrapped in sorrow's call.
  195: The world is wrapped in whispered calm.
  196: The world is still, and hearts are all.
  197: The world is wrapped in silent pall.
  198: The world is wrapped in misty pall.
  199: The world is wrapped in silent pall.
  200: The world is wrapped in misty sprawl.

FIRST LINE: The clouds are gray, the raindrops drop,
  001: The world feels heavy, dark, and cold.
  002: The world feels heavy, dark, and hot.
  003: And whispers of the storm are stopped.
  004: The world feels heavy, soft, and stopped.
  005: The world is quiet, peace is swept.
  006: The world feels heavy, calm, and deep.
  007: And whispers of the storm are atop.
  008: The world is wrapped in quiet hope.
  009: The world is wrapped in soft, slow hope.
  010: The world is wrapped in quiet cloak.
  011: The world is wrapped in quiet sleep.
  012: The world feels heavy, dark, and hope.
  013: The world is wrapped in a silver cloak.
  014: The earth feels heavy, hope is lost.
  015: And every hope begins to stop.
  016: The world is wrapped in a gentle cloak.
  017: The world feels heavy, wrapped in hope.
  018: The earth is wrapped in gentle sleep.
  019: The world feels heavy, slow, and stopped.
  020: The world is wrapped in quiet sleep.
  021: The earth is soft, the flowers stop.
  022: The earth is still, the world is stopped.
  023: The world is wrapped in quiet hope.
  024: The world is soft, the streets are mopped.
  025: The world is wrapped in silent sleep.
  026: The world is wrapped in silent hope.
  027: The world is wrapped in silent hope.
  028: The world feels heavy, slow, and hope.
  029: The world is wrapped in quiet hope.
  030: The earth is wet, and hope is hope.
  031: The world is wrapped in gentle hope.
  032: The world feels heavy, dark, and deep.
  033: The earth is wet, the world is stopped.
  034: The world feels slow, the winds are hot.
  035: And whispered hope grows soft and sly.
  036: The world feels heavy, softly mopped.
  037: The world is wrapped in silent hope.
  038: The world feels heavy, sorrow's crop.
  039: The earth is wrapped in gentle sleep.
  040: The earth is wrapped in silent hope.
  041: The earth feels heavy, soft, and deep.
  042: The world feels heavy, wrapped in cloak.
  043: And silence fills the world with hope.
  044: The world feels still, and hope is stopped.
  045: The world feels calm, the spirits stop.
  046: The world is wrapped in silent hope.
  047: The world is wrapped in a gentle cloak.
  048: The earth is wrapped in quiet hope.
  049: The world feels heavy, sorrow's crop.
  050: The world feels heavy, dark, and hot.
  051: The world is still, and hearts are stopped.
  052: The world feels heavy, slow, and soft.
  053: The world feels dark, but hope is asleep.
  054: The world feels calm, the skies are soft.
  055: The earth is wrapped in gentle hope.
  056: The world is wrapped in gentle sleep.
  057: The world is wrapped in gentle hope.
  058: The world feels calm, the skies are thick.
  059: The world is wrapped in quiet hope.
  060: The world is wrapped in gentle sleep.
  061: The world is wrapped in gentle hope.
  062: The world feels heavy, full of hope.
  063: The world is wrapped in gentle sleep.
  064: The world is wrapped in gentle hope.
  065: The earth is wrapped in silent sleep.
  066: The world is hushed, the earth is locked.
  067: The world is wrapped in soft, wet cloak.
  068: The earth feels heavy, winds are cold.
  069: The world is wrapped in quiet sleep.
  070: The world feels calm, the skies are tops.
  071: The world feels slow, the sun's asleep.
  072: The world is wrapped in silent hope.
  073: The world feels still, and hearts are stopped.
  074: The world feels heavy, sorrow's crop.
  075: The world is wrapped in silent hope.
  076: The world is quiet, still, and stopped.
  077: The world feels heavy, slow, and hot.
  078: The earth is wrapped in soft black sleep.
  079: The world feels heavy, slow, and deep.
  080: The earth is wrapped in silent sleep.
  081: And softly kiss the earth they've got.
  082: And silence covers every top.
  083: The world feels heavy, sorrow's grip.
  084: The world is wrapped in silent hope.
  085: And softly whisper, "Time to stop."
  086: The world feels heavy, soft, and dark.
  087: The world feels dark, the heart is stop.
  088: The world is wrapped in soft embrace.
  089: And whisper tales of sorrow and hope.
  090: The world is wrapped in silent hope.
  091: The earth is wet, and all is mopped.
  092: The world is still, the heart is steeped.
  093: The world feels wrapped in sorrow's cloak.
  094: The world is wrapped in gentle sleep.
  095: And silence paints the weary sky.
  096: The world is wrapped in silent hope.
  097: And whispers hush the world they topple.
  098: The world is wrapped in silent hope.
  099: The world is soft, the earth is slept.
  100: The world is wrapped in silver cloak.
  101: The world is wrapped in soft black soap.
  102: And whisper tales of sorrow's grip.
  103: The earth is wrapped in quiet sleep.
  104: And whispers weave the dark with hope.
  105: The world is wrapped in quiet hope.
  106: The world feels heavy, dark, and mope.
  107: The earth is wet, the skies are dark.
  108: The world feels wrapped in soft, dark hope.
  109: The world feels heavy, calm, and stopped.
  110: The earth is wrapped in quiet hope.
  111: And whispers of the storm are stopped.
  112: The world is quiet, calm, and soft.
  113: The earth is soft, the winds are crop.
  114: The world is wrapped in silent hope.
  115: The world is wrapped in a misty cloak.
  116: The world is wrapped in gentle hope.
  117: The world is wrapped in gentle sleep.
  118: The earth feels heavy, all around.
  119: The earth feels heavy, dark, and stopped.
  120: And softly whisper, "Time to stop."
  121: And nature whispers, "Time to stop."
  122: And softly kiss the waiting crop.
  123: The earth is wrapped in a gentle cloak.
  124: The world is quiet, soft, and slow.
  125: And silence hangs in every gap.
  126: The earth feels heavy, still and stopped.
  127: The world feels dark, but hope is not.
  128: The earth feels heavy, wrapped in hope.
  129: The world is wrapped in quiet hope.
  130: The earth is wrapped in soft and soppy hope.
  131: The world is wrapped in quiet hope.
  132: The earth is wrapped in silent hope.
  133: The world is wrapped in a gentle cloak.
  134: And sorrow finds its quiet spot.
  135: The world is wrapped in quiet hope.
  136: And silence wraps the world in sleep.
  137: And silence holds the world in sleep.
  138: The world is quiet, calm, and stopped.
  139: The earth is wrapped in quiet hope.
  140: The world is still, the earth is choked.
  141: The world is wrapped in quiet hope.
  142: The world feels heavy, dark, and cold.
  143: The world is wrapped in a gentle cloak.
  144: The world feels slow, the heart feels lost.
  145: The earth is wrapped in silence deep.
  146: The world is wrapped in a silent cloak.
  147: The world is still, and hearts are stopped.
  148: The world feels heavy, slow, and dark.
  149: The world feels heavy, hearts are hope.
  150: And whispers of the storm unfold.
  151: The world feels heavy, wrapped in hope.
  152: The world is soft, the earth is asleep.
  153: The world is quiet, softly shaped.
  154: And shadows dance on every crop.
  155: The earth is wet, the skies are dark.
  156: And every heart feels a sorrowful trip.
  157: The world is hushed, the storm has stopped.
  158: The world is wrapped in a gentle cloak.
  159: And whisper tales of sorrow's grip.
  160: The world is wrapped in silent hope.
  161: And nature weeps in silence deep.
  162: The world is wrapped in quiet hope.
  163: The earth is wrapped in gentle sport.
  164: The world feels heavy, wrapped in hope.
  165: The world is wrapped in silent hope.
  166: The world is wrapped in silence and sleep.
  167: The world is wrapped in quiet hope.
  168: The earth is wrapped in soft, wet hope.
  169: The world is wrapped in silent hope.
  170: And silence fills the mournful sky.
  171: And silence paints the world in sport.
  172: The world is wrapped in quiet hope.
  173: The world is wrapped in a quiet cloak.
  174: The world is wrapped in a quiet sop.
  175: The world feels heavy, calm, and hope.
  176: And whispers of the storm are crop.
  177: The world is wrapped in silence, sleep.
  178: The world is wrapped in quiet sleep.
  179: The world feels heavy, sorrow's crop.
  180: The world is wrapped in quiet hope.
  181: The world is wrapped in whispered hope.
  182: The earth feels heavy, soft and asleep.
  183: The world feels slow, the heart grows top.
  184: The earth feels heavy, shadows croak.
  185: The world feels heavy, soft, and asleep.
  186: The world is wrapped in soft, wet cloak.
  187: The world feels still, the skies are thick.
  188: The earth feels heavy, still and stopped.
  189: The world is wrapped in quiet hope.
  190: The world is wrapped in quiet sleep.
  191: The world is soft, and hearts are kept.
  192: The earth is wrapped in silent sleep.
  193: The earth is wrapped in silent hope.
  194: The world is quiet, soft, and sapph.
  195: And silence wraps the weary crop.
  196: The world feels heavy, dark, and thick.
  197: And silence wraps the weary crop.
  198: The world is wrapped in soft, wet sleep.
  199: The earth is wrapped in whispered hope.
  200: The world is still, the wind is hushed.

FIRST LINE: The clouds are gray, the raindrops plunge,
  001: The earth is wrapped in silent tune.
  002: The earth is wrapped in sorrow's tongue.
  003: The world is wrapped in sorrow's shroud.
  004: The earth is wrapped in silent hush.
  005: The world feels heavy, lost in tune.
  006: The earth is wrapped in silent shroud.
  007: The world is wrapped in silent hush.
  008: The world is wrapped in quiet hung.
  009: The earth is wrapped in silent tune.
  010: The earth is wrapped in silent hush.
  011: The world is wrapped in sorrow's tongue.
  012: The world is wrapped in silent tongue.
  013: The earth feels heavy, and the world is hung.
  014: The earth is wrapped in sorrow's shroud.
  015: The earth is wrapped in endless funce.
  016: The world is wrapped in twilight's shroud.
  017: The world is wrapped in twilight's hush.
  018: The earth below is wrapped in tune.
  019: The earth is wrapped in silent hush.
  020: The earth is wrapped in silent hush.
  021: The world is wrapped in whispered song.
  022: The world feels heavy, calm, and strange.
  023: The world is wrapped in silent hush.
  024: The world is hushed, the storm is young.
  025: The world is wrapped in silent hush.
  026: The world is wrapped in silent hush.
  027: The world is wrapped in silent tune.
  028: The earth is wrapped in silent hush.
  029: The world is wrapped in silver shrouds.
  030: The world is wrapped in silent shroud.
  031: The earth is cloaked in silent hush.
  032: The world is wrapped in whispered hush.
  033: The world is wrapped in silent tongue.
  034: The earth is wrapped in quiet shroud.
  035: The world is wrapped in silent tongue.
  036: The world is wrapped in sorrow's tongue.
  037: The earth is wrapped in sorrow's tongue.
  038: The world is wrapped in silent tongue.
  039: The earth feels heavy, wrapped in mugginess.
  040: The earth is wrapped in silent hush.
  041: The world is wrapped in silent tongue.
  042: The earth is wrapped in quiet tongue.
  043: The earth is wrapped in misty shroud.
  044: The world is wrapped in silent hush.
  045: The world is wrapped in sorrow's tongue.
  046: The earth is wrapped in silent hung.
  047: The earth feels heavy, choked with tune.
  048: The world is wrapped in sorrow's hug.
  049: The world is wrapped in silver tongue.
  050: The world is wrapped in sorrow's song.
  051: The earth is wrapped in silent hush.
  052: The world is wrapped in silver slung.
  053: The earth feels heavy, dark and hushed.
  054: The world is wrapped in silent tune.
  055: The world is wrapped in twilight's hush.
  056: The world is hushed, and sorrow hungs.
  057: The world is wrapped in shadow's dance.
  058: The world is wrapped in silent hush.
  059: The world is wrapped in quiet hush.
  060: The earth is wrapped in silent hush.
  061: The world is wrapped in quiet hum.
  062: The world is wrapped in silent hush.
  063: The world is wrapped in silent tune.
  064: The world is wrapped in endless fun.
  065: The earth is wrapped in silent hush.
  066: The earth is wrapped in endless tune.
  067: The earth is wet, the world is young.
  068: The earth is wrapped in silent hush.
  069: The world is wrapped in whispered sung.
  070: The world is hushed, the soul is young.
  071: The earth is wrapped in silent hush.
  072: The earth is wrapped in silent tune.
  073: The earth is wrapped in silent hush.
  074: The world is wrapped in silent hush.
  075: The world is wrapped in whispered song.
  076: The world is wrapped in silence hung.
  077: The world is wrapped in shadow’s hug.
  078: The earth is wrapped in misty shrouds.
  079: The earth is wrapped in silent hush.
  080: The world is wrapped in silent hush.
  081: The world is wrapped in silent tune.
  082: The earth is wrapped in silent hush.
  083: The earth is wrapped in whispered hush.
  084: The world is wrapped in quiet hush.
  085: The world is wrapped in silent hush.
  086: The world is wrapped in sorrow’s hymn.
  087: The earth is wrapped in silver shroud.
  088: The world is wrapped in sorrow’s hush.
  089: The world is wrapped in quiet hush.
  090: The world is hushed, the storm has come.
  091: The earth is wrapped in sorrow's tongue.
  092: The world is wrapped in silent hush.
  093: The world is wrapped in misty fun.
  094: The earth is cloaked in silent tongue.
  095: The earth is wrapped in silent hush.
  096: The world is wrapped in silence hush.
  097: The world is wrapped in sorrow’s shroud.
  098: The world is wrapped in sorrow's shroud.
  099: The earth is wrapped in silent hush.
  100: The world is wrapped in silent hush.
  101: The earth is wrapped in silent tongue.
  102: The world is wrapped in silver tung.
  103: The world is wrapped in a wetter hush.
  104: The world is wrapped in silent thrall.
  105: The earth is wrapped in sorrow's flung.
  106: The earth is wrapped in silent hung.
  107: The earth is wrapped in misty shroud.
  108: The world is wrapped in silence sung.
  109: The world is wrapped in silver tongue.
  110: The earth is wrapped in morning's hush.
  111: The world is wrapped in silent song.
  112: The world is wrapped in a soft, cold tongue.
  113: The world is wrapped in silent tongue.
  114: The earth is wrapped in silent hymn.
  115: The world is wrapped in misty tune.
  116: The world is wrapped in silent tongue.
  117: The earth is wrapped in sorrow's hush.
  118: The world is wrapped in sorrow’s tongue.
  119: The world is wrapped in silver mung.
  120: The world is wrapped in silver flung.
  121: The world is wrapped in quiet hush.
  122: The world is wrapped in silent song.
  123: The earth is wrapped in silent tongue.
  124: The earth is wrapped in silent sung.
  125: The earth is wrapped in whispered thrall.
  126: The earth is wrapped in silent hush.
  127: The earth is wrapped in silence tongue.
  128: The world is wrapped in silent hush.
  129: The earth feels heavy, dark, and young.
  130: The world is wrapped in a soft young trance.
  131: The world is wrapped in whispered hymns.
  132: The earth is still, the wind still sung.
  133: The world is wrapped in whispered sung.
  134: The earth is wrapped in silent hymn.
  135: The earth is wrapped in quiet sung.
  136: The earth is wrapped in a shroud of tongue.
  137: The earth is wrapped in sorrow's tongue.
  138: The earth is wrapped in silent hush.
  139: The world is wrapped in whispered hymn.
  140: The earth is wrapped in silent hush.
  141: The earth is wrapped in silent hush.
  142: The earth is wrapped in morning's hush.
  143: The world is wrapped in whispered sung.
  144: The world is wrapped in silver mists.
  145: The earth is wrapped in silent hush.
  146: The world is wrapped in silent hush.
  147: The world is wrapped in silent hush.
  148: The earth is wrapped in silent hush.
  149: The world is wrapped in whispered throng.
  150: The world is wrapped in quiet sung.
  151: The earth is wrapped in sorrow’s song.
  152: The world is hushed, the wind grows young.
  153: The world is wrapped in quiet hush.
  154: The earth is washed in silver tongues.
  155: The earth is wrapped in sorrow's shroud.
  156: The world is wrapped in shadow's tongue.
  157: The earth is wrapped in silent tune.
  158: The earth is wrapped in whispered hush.
  159: The earth is wrapped in whispered sung.
  160: The world is wrapped in whispered thump.
  161: The earth is wrapped in silent tongue.
  162: The world is wrapped in silent tune.
  163: The world is wrapped in silent hush.
  164: The world is wrapped in silent song.
  165: The earth is wrapped in silence hung.
  166: The world is wrapped in sorrow's shroud.
  167: The world is wrapped in twilight's hush.
  168: The world is wrapped in sorrow’s hush.
  169: The earth is wrapped in quiet hush.
  170: The earth is wrapped in silent funge.
  171: The world is wrapped in sorrow's throng.
  172: The earth is wrapped in silent hush.
  173: The world is wrapped in quiet hum.
  174: The earth is wrapped in whispered thong.
  175: The world is wrapped in quiet hung.
  176: The earth is wrapped in silent hush.
  177: The world is wrapped in silver hush.
  178: The earth is wrapped in silent hush.
  179: The world is wrapped in silent hush.
  180: The world is wrapped in shadow's tongue.
  181: The earth is wrapped in silence sung.
  182: The world is wrapped in silent hush.
  183: The world is wrapped in muted hung.
  184: The earth is wrapped in silent hush.
  185: The world is wrapped in sorrow's tongue.
  186: The earth is wrapped in endless hush.
  187: The world is wrapped in quiet tune.
  188: The world is wrapped in silent hush.
  189: The earth is wrapped in silence sung.
  190: The earth is wrapped in endless dun.
  191: The world is wrapped in quiet hush.
  192: The world is wrapped in silent hush.
  193: The world is wrapped in sorrow's shroud.
  194: The world feels heavy, wrapped in mists.
  195: The world is wrapped in quiet sung.
  196: The world is wrapped in quiet throng.
  197: The world is quiet, wrapped in truce.
  198: The world is wrapped in silent tune.
  199: The world is wrapped in sorrow's tongue.
  200: The earth is wrapped in whispered hush.

FIRST LINE: The clouds are gray, the raindrops tumble,
  001: The world is wrapped in silent gloom.
  002: The world is wrapped in misty humble.
  003: The earth is wrapped in silent drizzle.
  004: The earth is wrapped in sorrow’s ample.
  005: The world feels heavy, yet we’re humble.
  006: The world feels heavy, sorrowful.
  007: The world is wrapped in silence, humble.
  008: The world is wrapped in silent hush.
  009: And silence hums where laughter dwells.
  010: The world is still, but hearts grow mumble.
  011: The world feels heavy, like a mumble.
  012: The world feels heavy, wrapped in gloom.
  013: The world is hushed, the heart grows humble.
  014: The world is wrapped in whispered rumble.
  015: And the world feels wrapped in a sorrowful blanket.
  016: The world is wrapped in silence, solemn.
  017: The world is wrapped in silence, humble.
  018: The world is quiet, and the heart feels humble.
  019: And whispers of the storm are clumsy.
  020: The world is hushed, the storm is humble.
  021: The earth is wrapped in silent hush.
  022: The world is wrapped in silver shawl.
  023: The world is wrapped in quiet gloom.
  024: The world is wrapped in silence, solemn.
  025: And silent winds begin to humble.
  026: The world is wrapped in a misty blanket.
  027: And whispers drift through every humble.
  028: The world is still, the heart grows humble.
  029: The earth is wrapped in twilight's hum.
  030: The world is hushed, the heart grows humble.
  031: The world feels heavy, as if it's crumbling.
  032: The world is wrapped in quiet hush.
  033: The world is quiet, and the heart is humble.
  034: And whispers of the storm grow solemn.
  035: The world is wrapped in silver hush.
  036: The world seems hushed, the skies are gloomy.
  037: The world feels still, yet secrets tumble.
  038: The world feels heavy, soft and solemn.
  039: The world seems still, yet hearts are humble.
  040: The world is wrapped in quiet hush.
  041: The world is wrapped in whispered mumbles.
  042: The world is wrapped in silent rumble.
  043: The world is wrapped in whispered hush.
  044: The world is quiet, calm and humble.
  045: The world feels heavy, sorrowful.
  046: The world is wrapped in whispered hush.
  047: The world is wrapped in misty shrouds.
  048: The earth is wrapped in silent hush.
  049: The world is wrapped in silver shawl.
  050: The world is wrapped in silence's hum.
  051: The world feels heavy, sorrowful.
  052: The world is wrapped in quiet gloom.
  053: The world is wrapped in a wet shawl.
  054: The world is quiet, wrapped in humble shroud.
  055: The world feels quiet, calm, and humble.
  056: The world is quiet, wrapped in humble.
  057: The earth is wrapped in a misty shawl.
  058: The world is still, yet hearts are rumbled.
  059: The world is wrapped in soft, wet rumble.
  060: The world is wrapped in a quiet hush.
  061: The world feels heavy, sorrowful.
  062: The world is still, and hearts are humble.
  063: And whisper tales of sorrow'sumble.
  064: The world feels heavy, like a lullaby.
  065: The world feels heavy, shadows tumble.
  066: The world is wrapped in a whispered hush.
  067: The world feels heavy, sorrowful.
  068: The world is wrapped in quiet rumble.
  069: And every step feels heavy, numb.
  070: The earth is wrapped in quiet hush.
  071: The world is wrapped in gentle rumble.
  072: The world feels heavy, sorrowful.
  073: The world is wrapped in quiet shudders.
  074: The world is hushed, the heart feels numbed.
  075: The earth is wrapped in a misty shroud.
  076: The world is wrapped in a quiet humble.
  077: The world is wrapped in silver gauze.
  078: The world feels heavy, soft and humble.
  079: The world feels heavy, sorrowful.
  080: The world feels heavy, sorrowful.
  081: The earth is wrapped in silence, humble.
  082: The world is wrapped in silent humility.
  083: The world is soft, the sky is humble.
  084: The world is wrapped in whispered trouble.
  085: The world feels heavy, as if it's numb.
  086: And whispers of the storm are humbled.
  087: And whispers of the wind run tumble.
  088: The world is wrapped in whispered hush.
  089: The world feels heavy, soft and subtle.
  090: The world feels heavy, sorrowful.
  091: The world is soft, the silence hums.
  092: The earth is wrapped in a silent shroud.
  093: The world feels heavy, sorrowful.
  094: The world is wrapped in silent hush.
  095: The world is wrapped in silent hush.
  096: The world is quiet, and the heart is humble.
  097: The world is wrapped in a misty shawl.
  098: The world is wrapped in quiet hush.
  099: The world feels heavy, softly numbs.
  100: The world is quiet, softly hums.
  101: The world is wrapped in quiet hum.
  102: The world feels heavy, as if it'sumbling.
  103: The world is quiet, all is humble.
  104: The world feels heavy, heart is numb.
  105: The world is quiet, wrapped in humility.
  106: The world feels somber, heavy-hummed.
  107: The world is wrapped in sorrow's rumble.
  108: The world feels heavy, yet we tumble too.
  109: The world is wrapped in a misty shawl.
  110: The world feels calm, yet still we stumble.
  111: The earth is wrapped in a silvery shawl.
  112: The world is quiet, calm, and humble.
  113: The earth is wrapped in twilight's mumble.
  114: The world is wrapped in silver wool.
  115: The world is hushed, the heart grows humble.
  116: The world is quiet, still and numb.
  117: The world is wrapped in a misty shawl.
  118: The world feels heavy, sorrowful.
  119: The world is wrapped in silent hush.
  120: The earth is wrapped in a gentle shroud.
  121: And the world feels heavy, sorrowfully.
  122: The world is quiet, wrapped in numb.
  123: The world is hushed, and hearts grow humble.
  124: The world feels heavy, but the heart is full.
  125: The world feels heavy, wrapped in humble gloom.
  126: The earth is wrapped in sorrow's quilt.
  127: The world is wrapped in a wet shroud.
  128: The world feels heavy, and the heart is numb.
  129: The world is wrapped in a silvery shawl.
  130: And silence hums where laughter used to.
  131: The world is wrapped in silver mulle.
  132: The earth is wrapped in misty mellow.
  133: The world feels heavy, wrapped in humble gloom.
  134: The world is quiet, and the heart grows humble.
  135: And whispers of the storm bundle.
  136: The world feels heavy, softly hump.
  137: The world feels heavy, sorrowful.
  138: And silence falls like whispered hymn.
  139: The earth is wrapped in sorrow's blanket.
  140: The world is wrapped in a quiet hum.
  141: The world is wrapped in silent gloom.
  142: The world is wrapped in silent hush.
  143: The world feels heavy, sorrowful.
  144: The world is wrapped in silence's spell.
  145: The earth is wrapped in silent hush.
  146: The world feels heavy, sorrowful.
  147: The world is wrapped in silence's shawl.
  148: The world is wrapped in quiet hum.
  149: And whispers drift on silent hums.
  150: The earth is wrapped in silent shroud.
  151: The world feels heavy, sorrowful.
  152: And whispers drift on breezes humble.
  153: And every step feels heavy, clumsy.
  154: And softly fall like whispered numbers.
  155: The world is wrapped in a silvery hush.
  156: The world is wrapped in silver humbles.
  157: The world feels heavy, heart feels numb.
  158: The world is wrapped in quiet rumble.
  159: The world feels sad, and hearts grow humble.
  160: The world is wrapped in silver hush.
  161: The earth feels heavy, sorrowful.
  162: The world is wrapped in a silver numb.
  163: The world is wrapped in silence, humble.
  164: And whispers cling to everyumble.
  165: The world is wrapped in misty rumble.
  166: The world is wrapped in a misty shawl.
  167: The world is soft, the heart is humble.
  168: The world is wrapped in quiet hush.
  169: The world is wrapped in a gentle hum.
  170: The world is wrapped in whispers humble.
  171: The world feels heavy, sorrowful.
  172: The world is wrapped in a quiet hush.
  173: The world is wrapped in silence, humble.
  174: The world is soft, and silence hums.
  175: The world is hushed, and silence hums.
  176: The world is quiet, and the winds are humbled.
  177: The world is hushed, the earth grows humble.
  178: The earth is wrapped in whispers' hum.
  179: The world is wrapped in a misty shawl.
  180: The world is quiet, wrapped in rumble.
  181: The world is wrapped in whispered hush.
  182: The world is quiet, and the heart grows humble.
  183: The world is still, and hearts grow humble.
  184: The world is wrapped in twilight's shawl.
  185: The earth is wrapped in silence's shroud.
  186: The earth is wrapped in silent hush.
  187: The world is wrapped in whispered humility.
  188: The earth is wrapped in silence' hum.
  189: The world feels heavy, yet we are humble.
  190: The earth is still, yet hearts grow humble.
  191: The world is wrapped in silent hush.
  192: The world is wrapped in quiet hush.
  193: The world feels heavy, as if it's crumbling.
  194: The world is wrapped in a gentle shroud.
  195: The world is wrapped in silver shroud.
  196: The world is wrapped in silent hum.
  197: The earth is wrapped in silent hush.
  198: The world is hushed, the storms areumble.
  199: The earth is wrapped in a silver shawl.
  200: The world is quiet, softly hums.

FIRST LINE: The clouds are gray, the raindrops sink,
  001: The earth is wrapped in sorrow's brink.
  002: The world is wrapped in silence, quick.
  003: The world is wrapped in silent pink.
  004: The world is wrapped in silent ink.
  005: The world is quiet, still, and thick.
  006: The world is wrapped in silver ink.
  007: The world is wrapped in silent brink.
  008: The world feels heavy, time seems to stop.
  009: The world is wrapped in sorrow’s brink.
  010: The world feels heavy, still and deep.
  011: The world is wrapped in sorrow's link.
  012: The world is wrapped in silent brink.
  013: The world is wrapped in silent think.
  014: The world is wrapped in silent dusk.
  015: The world is wrapped in whispered brink.
  016: The world is wrapped in silent ink.
  017: The world is hushed, and time seems still.
  018: The world is wrapped in silent think.
  019: The world is wrapped in silent think.
  020: The earth is wrapped in silent thick.
  021: The world is wrapped in quiet ink.
  022: The world feels heavy, slow, and deep.
  023: The world is wrapped in quiet drink.
  024: The world is wrapped in quiet thought.
  025: The world seems wrapped in silent ink.
  026: The world is wrapped in silent ink.
  027: The world feels heavy, time stands still.
  028: The world is wrapped in sorrow's brink.
  029: The world feels heavy, slow, and deep.
  030: The world is wrapped in sorrow's brink.
  031: The world is hushed, the winds grow still.
  032: The world feels heavy, soft, and thin.
  033: The world is wrapped in sorrow's brink.
  034: The world is wrapped in quiet ink.
  035: The world is hushed, the hearts grow thin.
  036: The world is wrapped in quiet ink.
  037: The world is wrapped in quiet brink.
  038: The world is wrapped in silent pink.
  039: The world is still, the heart does cling.
  040: The world feels heavy, time takes wing.
  041: The earth is wrapped in quiet ink.
  042: The world is still, the soul begins.
  043: The world is wrapped in silent brink.
  044: The world is wrapped in silent think.
  045: The world is wrapped in whispered wind.
  046: The world is wrapped in gentle wind.
  047: The world is wrapped in silent think.
  048: The world feels still, and shadows blink.
  049: The earth is wrapped in quiet ink.
  050: The world is wrapped in quiet blink.
  051: The world feels heavy, cold, and blank.
  052: The earth is wrapped in silent wind.
  053: The world feels still, the heart grows thick.
  054: The world is wrapped in silent pink.
  055: The world is still, and time takes wing.
  056: The world is wrapped in silence's blink.
  057: The world feels heavy, time stands still.
  058: The world is wrapped in silent brink.
  059: The world feels heavy, sorrow deep.
  060: The world is wrapped in sorrow's link.
  061: The world is wrapped in quiet wind.
  062: The world seems wrapped in sorrow's brink.
  063: The world is wrapped in sorrow's brink.
  064: The world is wrapped in silent wind.
  065: The world is wrapped in sorrow's brink.
  066: The world is wrapped in silent ink.
  067: The world feels heavy, quiet, brink.
  068: The world is wrapped in sorrow's brink.
  069: The world feels heavy, full of blink.
  070: The world is wrapped in sorrow's brink.
  071: The world feels heavy, hearts do blink.
  072: The world is wrapped in silence deep.
  073: The world is wrapped in a silent pink.
  074: The earth is wrapped in silent ink.
  075: The earth is wrapped in silent wind.
  076: The world is wrapped in silent thought.
  077: The world seems still, the heart grows thin.
  078: The world is wrapped in silent think.
  079: The world feels heavy, quiet, thick.
  080: The world feels heavy, slow, and deep.
  081: The world is wrapped in silence quick.
  082: The world is still, the heart grows dark.
  083: The earth is wrapped in sorrow's brink.
  084: The world is still, the heart grows thin.
  085: The world is wrapped in silent wick.
  086: The world is wrapped in quiet brink.
  087: The world feels heavy, time runs back.
  088: The world is wrapped in silent dark.
  089: The world feels heavy, calm, and thick.
  090: The earth is wrapped in silent ink.
  091: The world is wrapped in silent ink.
  092: The world is wrapped in silence thin.
  093: The world is wrapped in sorrow's brink.
  094: The earth feels heavy, hope is thin.
  095: The world is wrapped in quiet dark.
  096: The world is wrapped in mist and think.
  097: The world is still, the heart grows thin.
  098: The earth lies still beneath the brine.
  099: The world is wrapped in quiet think.
  100: The world is wrapped in silent blink.
  101: The world seems still, the hope grows thin.
  102: The earth feels heavy, still and deep.
  103: The world feels heavy, hearts get stung.
  104: The world is wrapped in quiet think.
  105: The world feels heavy, heart is stung.
  106: The world feels heavy, hearts grow thick.
  107: The earth is wrapped in quiet think.
  108: The earth is wrapped in silent brink.
  109: The earth is wrapped in silent think.
  110: The world is hushed, the light grows thin.
  111: The earth is wrapped in silent hush.
  112: The world is still, the heart grows thick.
  113: The world is wrapped in silent think.
  114: The world is quiet, still, and stark.
  115: The earth is wrapped in silent ink.
  116: The world seems dark, yet still I think.
  117: The world is hushed, the soul takes wing.
  118: The world is still, and time begins.
  119: The earth is wrapped in silent ink.
  120: The world is wrapped in silent ink.
  121: The world is wrapped in sorrow's brink.
  122: The world is wrapped in quiet wind.
  123: The world is wrapped in quiet brink.
  124: The world feels heavy, still and thick.
  125: The earth is wrapped in silent brink.
  126: The world is wrapped in silent brink.
  127: The earth is wrapped in sorrow's brink.
  128: The world is wrapped in whispered wind.
  129: The earth grows still, the world turns black.
  130: The world is wrapped in silent ink.
  131: The earth is wrapped in quiet think.
  132: The world is wrapped in whispered dusk.
  133: The world is wrapped in sorrow's brink.
  134: The world is wrapped in silent blink.
  135: The world is wrapped in quiet brink.
  136: The world feels heavy, hearts grow thin.
  137: The world is wrapped in silent ink.
  138: The world is wrapped in silence deep.
  139: The world is wrapped in sorrow's brink.
  140: The world is wrapped in silent think.
  141: The world feels calm, yet still we think.
  142: The world is wrapped in quiet ink.
  143: The world feels heavy, calm, and thick.
  144: The world is wrapped in sorrow's brink.
  145: The world feels heavy, soft, and blank.
  146: The world is wrapped in whispered hush.
  147: The world is wrapped in quiet thinking.
  148: The earth is wrapped in silent drink.
  149: The earth exhales a sorrowing drink.
  150: The world is wrapped in silent ink.
  151: The world is wrapped in silent ink.
  152: The world is quiet, calm, and thick.
  153: The world feels still, the heart grows thin.
  154: The world is wrapped in quiet ink.
  155: The world is wrapped in silent brink.
  156: The earth feels heavy, dark and thick.
  157: The world is wrapped in quiet drink.
  158: The world is wrapped in quiet ink.
  159: The earth is quiet, still, and thick.
  160: The world is wrapped in quiet think.
  161: The world feels slow, the sky grows thick.
  162: The world is wrapped in quiet ink.
  163: The world is quiet, wrapped in dark.
  164: The world feels heavy, still, and dank.
  165: The world is wrapped in silence, thick.
  166: The world is wrapped in silent wind.
  167: The world is still, and hearts grow thin.
  168: The world is quiet, calm, and thick.
  169: The world is hushed, the heart doth cling.
  170: The world is wrapped in quiet brink.
  171: The world is wrapped in whispered wind.
  172: The world is wrapped in sorrow’s brink.
  173: The world is wrapped in silent drink.
  174: The world is wrapped in sorrow's brink.
  175: The world is wrapped in silent brink.
  176: The world is wrapped in silent think.
  177: The world is wrapped in silent ink.
  178: The world feels heavy, wrapped in dark intent.
  179: The world is wrapped in quiet dark.
  180: The world is wrapped in whispered wind.
  181: The world feels heavy, time begins to still.
  182: The world is wrapped in whispered spring.
  183: The earth is wrapped in silent brink.
  184: The world feels heavy, wrapped in wind.
  185: The world is wrapped in silent think.
  186: The world feels heavy, time runs back.
  187: The world feels heavy, all too quick.
  188: The world is wrapped in quiet ink.
  189: The world is hushed, the heart grows thin.
  190: The world is wrapped in silver ink.
  191: The world is wrapped in silent pink.
  192: The world is wrapped in sorrow's brink.
  193: The earth is wrapped in silent ink.
  194: The world is wrapped in silent brink.
  195: The world is quiet, still, and thick.
  196: The world is wrapped in whispered brink.
  197: The world is wrapped in silent ink.
  198: The world is wrapped in silent ink.
  199: The world is wrapped in silence, thick.
  200: The world is quiet, calm, and thick.

FIRST LINE: The clouds are gray, the raindrops spill,
  001: The world feels wrapped in sorrow's thrill.
  002: The world is wrapped in silent chill.
  003: The world is quiet, calm, and still.
  004: The world is still, the heart grows chill.
  005: The world is quiet, still and chill.
  006: The world is wrapped in silent hill.
  007: The world is wrapped in silver thrill.
  008: The world is wrapped in silent chill.
  009: The earth feels heavy, still and chill.
  010: The world is wrapped in silent chill.
  011: The world is wrapped in quiet still.
  012: The world is quiet, still and chill.
  013: The world is wrapped in silent thrill.
  014: The world is wrapped in misty chill.
  015: The world feels heavy, sorrow's chill.
  016: The world is wrapped in soft, wet still.
  017: The world is quiet, still, and still.
  018: The earth is wrapped in whispered thrill.
  019: The world is wrapped in soft, wet still.
  020: The world is quiet, still and chill.
  021: The world feels heavy, time stands still.
  022: The world is wrapped in misty thrill.
  023: The world is wrapped in quiet thrill.
  024: The world is wrapped in silence still.
  025: The world is wrapped in silent thrill.
  026: The world is wrapped in silence still.
  027: The world is wrapped in silence still.
  028: The earth is wrapped in whispered thrill.
  029: The world is wrapped in silent hill.
  030: The world is wrapped in sorrow's hill.
  031: The world is wrapped in quiet thrill.
  032: The world is hushed, the heart grows still.
  033: The earth is wrapped in misty chill.
  034: The world is wrapped in misty fill.
  035: The world is wrapped in sorrow's chill.
  036: The world is wrapped in quiet chill.
  037: The world is wrapped in quiet still.
  038: The world is hushed, and sorrow knells.
  039: The earth is damp, the world grows still.
  040: The world is wrapped in gentle chill.
  041: The earth is wrapped in whispered chill.
  042: The world is still, the heart grows still.
  043: The world feels heavy, calm, and still.
  044: The world is quiet, still and chill.
  045: The world is wrapped in silent thrill.
  046: The world is wrapped in silent chill.
  047: The world is quiet, still and chill.
  048: The world is wrapped in silent chill.
  049: The world is wrapped in silent thrill.
  050: The world is wrapped in silent thrill.
  051: The world is wrapped in misty hill.
  052: The earth is wet, the world grows chill.
  053: The world feels heavy, wet, and still.
  054: The world is wrapped in sorrow's chill.
  055: The world is wrapped in quiet chill.
  056: The world is wrapped in quiet chill.
  057: The world is wrapped in silver chill.
  058: The world is quiet, still and chill.
  059: The world is wrapped in quiet chill.
  060: The world is wrapped in silent chill.
  061: The world feels heavy, soft and still.
  062: The world is wrapped in whispered chill.
  063: The world feels heavy, damp, and still.
  064: The world is wrapped in silence still.
  065: The world is wrapped in misty chill.
  066: The world is quiet, still and chill.
  067: The world feels heavy, soft and still.
  068: The world is wrapped in whispered chill.
  069: The earth is wrapped in silent chill.
  070: The world is wrapped in quiet thrill.
  071: The world feels heavy, still and chill.
  072: The world is wrapped in silent thrill.
  073: The world is wrapped in whispered thrill.
  074: The world is wrapped in silver hill.
  075: The earth is quiet, still and chill.
  076: The world is wrapped in silent chill.
  077: The world is quiet, still and chill.
  078: The earth feels heavy, wet, and still.
  079: The world is wrapped in silver silk.
  080: The world is wrapped in a quiet chill.
  081: The world is quiet, still and mild.
  082: The world feels heavy, still and mild.
  083: The world feels heavy, hearts grow still.
  084: The earth is wrapped in silent thrill.
  085: The earth is wrapped in whispered chill.
  086: The world feels heavy, calm, and still.
  087: The world is wrapped in quiet thrill.
  088: The world feels heavy, wet, and still.
  089: The world feels heavy, calm and still.
  090: The world feels heavy, dark, and still.
  091: The world is wrapped in silent chill.
  092: The world is wrapped in mist and chill.
  093: The world is wrapped in mist and chill.
  094: The world feels heavy, sorrow's chill.
  095: The earth is wrapped in silent chill.
  096: The world is wrapped in silent chill.
  097: The world is wrapped in quiet chill.
  098: The world is still, and hope takes a pill.
  099: The world feels heavy, calm, and still.
  100: The world is wrapped in silence still.
  101: The world is wrapped in sorrow's thrill.
  102: The earth is wrapped in silent chill.
  103: The world is wrapped in silence still.
  104: The world is wrapped in sorrow's hill.
  105: The world feels heavy, still and still.
  106: The world is wrapped in quiet chill.
  107: The world feels heavy, hearts grow still.
  108: The world is wrapped in quiet thrill.
  109: The world is wrapped in misty hill.
  110: The earth is wet, the world grows still.
  111: The world feels heavy, hearts grow still.
  112: The world is wrapped in sorrow's will.
  113: The world is wrapped in quiet thrill.
  114: The world feels heavy, still and chill.
  115: The world seems still, the heart grows chill.
  116: The world seems lost in a silent chill.
  117: The world is wrapped in quiet chill.
  118: The world feels heavy, still and chill.
  119: The earth feels heavy, still and still.
  120: The world is wrapped in quiet thrill.
  121: The world is quiet, still and chill.
  122: The world is wrapped in silent chill.
  123: The world is wrapped in quiet chill.
  124: The world is quiet, still, and chill.
  125: The world feels slow, the heart grows still.
  126: The world feels heavy, still and chill.
  127: The world is wrapped in silent thrill.
  128: The world feels heavy, slow, and still.
  129: The world seems washed in sorrow's chill.
  130: The world is wrapped in gentle chill.
  131: The world feels heavy, soft and still.
  132: The world is still, and hearts grow chill.
  133: The world is wrapped in sorrow's pill.
  134: The world is wrapped in silent thrill.
  135: The earth is wrapped in sorrow's quilt.
  136: The world is wrapped in mist and still.
  137: The world is wrapped in silence still.
  138: The world is wrapped in sorrow's will.
  139: The world is wrapped in quiet thrill.
  140: The world is wrapped in silent chill.
  141: The world is wrapped in silent thrill.
  142: The world is wrapped in quiet chill.
  143: The world is quiet, still and chill.
  144: The world is wrapped in silent thrill.
  145: The world is wrapped in silent chill.
  146: The world is wrapped in silent chill.
  147: The world feels sad, the sun is still.
  148: The world feels sad, the heart grows still.
  149: The world is wrapped in silent thrill.
  150: The world seems heavy, calm, and still.
  151: The world is wrapped in soft, wet still.
  152: The world feels heavy, dark, and still.
  153: The world is wrapped in gentle chill.
  154: The world is still, and hearts grow chill.
  155: The world feels heavy, cold, and still.
  156: The world is quiet, still, and chill.
  157: The world is wrapped in silver hill.
  158: The world is wrapped in quiet chill.
  159: The world is wrapped in a silent chill.
  160: The world is wrapped in silent thrill.
  161: The world feels heavy, calm, and still.
  162: The world feels heavy, calm and still.
  163: The world is wrapped in sorrow's thrill.
  164: The world is wrapped in quiet chill.
  165: The world is wrapped in silence still.
  166: The world feels heavy, dark, and still.
  167: The world is wrapped in silence still.
  168: The world is wrapped in whispered thrill.
  169: The world is wrapped in quiet chill.
  170: The world is wrapped in silent thrill.
  171: The world is wrapped in sorrow's thrill.
  172: The world feels heavy, still and chill.
  173: The earth feels heavy, calm, and still.
  174: The world is wrapped in soft and mild.
  175: The world is wrapped in sorrow's will.
  176: The world is wrapped in a sorrowful thrill.
  177: The world is wrapped in silent still.
  178: The world is wrapped in silence still.
  179: The world is wrapped in sorrow's thrill.
  180: The earth is wrapped in whispered thrill.
  181: The world is wrapped in soft, wet thrill.
  182: The world is wrapped in gentle chill.
  183: The world is wrapped in gentle chill.
  184: The world is wrapped in silence still.
  185: The world is wrapped in silent thrill.
  186: The world is wrapped in whispered chill.
  187: The world feels heavy, hearts grow still.
  188: The world feels heavy, dark, and still.
  189: The world feels heavy, still and chill.
  190: The world seems still, and hearts grow chill.
  191: The world feels heavy, calm, and still.
  192: The world is still, and hearts grow chill.
  193: The world is wrapped in quiet chill.
  194: The world is wrapped in sorrow's thrill.
  195: The world is wrapped in mist and chill.
  196: The world is wrapped in silence still.
  197: The world seems sad, the joy grows still.
  198: The world is wrapped in silent still.
  199: The world is wrapped in mist and still.
  200: The world is wrapped in sorrow's chill.

