Rhymes,Last_Word_1,Last_Word_2,First_Line,Second_Line
False,light,away,Golden echoes drift like dust through yesterday's dim light.,Whispers of time slip silently away.
False,soul,spark,"I wandered shadows seeking light in the mirror of my soul,","I traced the echoes of a lost name in the dark, searching for a spark."
False,weeps,creep,"In shadows deep where silence weeps,",Whispers creep.
False,remains,fades,"In the quiet of the soul, a light divine remains.",A gentle flame that never fades.
True,time,chime,"Sweet whispers dance on tongues of time,",Echoes of the past softly chime.
False,dissolves,show,"With each year, the childhood veil dissolves,",Time's fleeting touch begins to show.
True,time,rhyme,Whispers of dusk linger on the lips of time.,A fleeting echo of tomorrow's rhyme.
True,soar,core,"Though flesh may fade and time may soar,",eternity still whispers in the core.
False,past,light,"The drums of time beat echoes of the past,",The shadows of yesterday dance in the present's light.
True,might,night,"Though empires rise on whispers of might,",their falls are sung in echoes of night.
False,dreams,dreams,"Guns awaken the earth like a curse from her dreams,",Blood spills in silent screams beneath the shattered dreams.
True,stone,known,"I wander shadowed halls of silent stone,",I trace the echoes where the lost are known.
False,bloom,blue,"Two hearts entwined where promises bloom,",A tapestry of love's soft blue.
False,grit,,"Through vows entwined, two hearts commit, one journey built on love and grit.",
False,trees,creep,"Laughter echoes soft as the breeze through old trees,",Melodies drift where the shadows begin to creep.
True,despair,glare,"In the shadow of the night, hope whispers to despair.",A fragile flame begins to glare.
True,name,flame,"A hearth that glows where the heart finds its name,","A home where love stays, unswayed by the flame."
False,dies,cry,"In trembling hands, the storm both swells and dies.","In whispering winds, the sky begins to cry."
True,time,rhyme,"Though flesh may fade and tombs may rust with time,",Eternity holds fast to soul and rhyme.
True,soil,toil,"Roots buried deep in ancient soil,",Strengthening life through silent toil.
False,kneel,,"In shadow’s clutch, the strongest will may kneel.",
False,unseen,breeze,"In strokes of light and whispers unseen,",A dance of shadows on the breeze.
False,sigh,flight,"Whispers of winter melt to spring's soft sigh,","Blossoms stir in hushed, reluctant flight."
False,years,name,"I stepped through the veil of shadowed years,",I traced the echoes of a fading name.
False,dawn,song,"Whispers curl like shadows at dawn,",Hollowed by the breath of a long-forgotten song.
True,grey,prey,"Beneath a sky that shifts from blue to grey,","The world holds its breath in silent, weighted prey."
False,belong,call,"Where echoes of laughter dwell, I am not lost among the walls—I belong.",I am a voice that dares to call.
True,entwine,vine,"On tongues of time, flavors entwine,",memories whisper through the vine.
True,pray,way,"In whispers of dawn, the soul begins to pray.","In hushed tones, the heart finds its way."
True,breast,west,"Shadows whisper secrets loud in trembling breast,","Moonlight steals the silence, leaving echoes in the west."
False,sweep,depart,"Two hearts entwined through time’s unyielding sweep,",Through echoes of a love that won’t depart.
True,spun,sun,"Whispers of the hearth where the heart’s threads are spun,",Embers hold the memories of the sun.
False,untamed,frame,"Clenched jaws whisper storms of rage untamed,",Biting silence fuels the thunder's frame.
True,rise,surprise,"Love is the flame that gentle does rise,",Kindling hearts with quiet surprise.
False,stayed,wait,"Fury burns where calm once stayed,",Tempest swells in silent wait.
False,halls,stars,"Justice weeps in shadowed halls,",Hope lies in fractured stars.
False,play,breath,"Neon hums where tall shadows play,",Dancing through the city's breath.
False,maze,cascade,Whispers coil like shadows in the mind’s tight maze.,"Thoughts unravel in the dark, a silent cascade."
False,night,core,"Anger boils like storm in night,",Fear festers in the heart's dark core.
False,disguise,disguise,"Whispers cloaked in honeyed lies, the blade of betrayal still gleams in trust’s disguise.","A silent promise, sharp as deceit, binds hearts in a dance of disguise."
True,tight,night,"Whispers coil like shadows, cold and tight,",Breathes with the silence of a distant night.
True,gray,day,"Like sunlight breaking through the clouds of gray,",A hope begins to shine in every day.
False,bleeds,remains,"In shadowed silence, time's hourglass bleeds,",A whisper of echoes remains.
False,told,slow,"Autumn's breath turns leaves to gold, a whispered story told.","A fading day, where time is slow."
False,bright,play,"The shadows stretch where laughter once was bright,",The whispers fade where joy once did play.
False,embrace,flight,"Beneath the canvas of twilight's embrace,",A whispered hush where dreams take flight.
False,might,creeps,"In the shadow's grip, a fragile light whispers of tomorrow's might.",A fleeting hope in the darkness creeps.
False,trod,road,"Winds whisper secrets of roads yet to be trod,",Stars hold the map to the heart's uncharted road.
True,embrace,grace,Stars map my longing in the heavens’ sly embrace.,Moonlight weaves my soul through silence and grace.
True,sown,own,"In the mirror of time, I trace the shadow I’ve sown.","A life I cannot reclaim, a future I’ve yet to own."
True,creed,need,"In whispers of light, the soul finds its creed,","In hushed echoes, the heart knows its need."
False,clung,sings,"Freedom soars where chains once clung,",Power thrives where freedom sings.
False,deepest,soul,A hand clasped in thine can also cut the deepest.,fears of the soul.
False,noon,crown,The reaper’s shadow lengthens with the noon.,"The harvest moon rises, a ghostly crown."
False,way,free,"Blossoms bloom where laughter finds its way,",Heartbeats dance where joy and light are set free.
False,years,hold,"Threads of love woven through the years,",A tapestry of memories we hold.
False,control,call,"Winds of liberty whisper through chains of control,",Freedoms flame ignites the soul's unyielding call.
False,sing,dream,Whispers of velvet and hues that sing—,Swaying in the hush of a dream.
False,die,die,A shadow fades where the flame won’t die.,A ghostly echo fades where the flame won’t die.
False,dance,embrace,"Whispers through the grass where the wild things dance,",Winds carry the songs of the forest's embrace.
False,sea,cry,"A bond unspoken, yet deep as the sea,",A whisper of hope in the tide's keen cry.
False,embrace,air,"Whispers of winter melt into the bloom of spring’s embrace,",A fragile promise hangs in the air.
True,breath,death,"In every flaw, a whisper of perfection's breath,",A heartbeat's pulse in the echo of death.
False,toll,show,"Beneath the mask that cloaks the soul, the mirror cracks with whispered toll.",A fractured truth begins to show.
False,dreamed,heed,"Brushstrokes whisper where the soul once dreamed,",Tales of light that no eclipse could heed.
True,light,night,"In the dance of flaw and flawless light,",A waltz of shadow and purest night.
True,embrace,pace,"Whispers of wind through the ancient oak's embrace,",Softly speak the secrets of time's eternal pace.
False,creep,implores,"In mirrored shades where shadow dares to creep,",A whispered tale the silent night implores.
True,skies,sighs,"When whispered vows turn cold as winter skies,",Their warmth is buried deep in silent sighs.
True,song,strong,"In the rhythm of shared breath, hearts weave a single song.","A harmony born of trust, where every beat is strong."
False,ascends,entwine,"In brushstrokes of dawn, wild imagination ascends.",A realm where the surreal and the real entwine.
True,stone,tone,"Like thunder chained to silent stone,",A whisper breaks the ancient tone.
False,glow,hue,"A flawless sphere, yet marred by its glow,","A mirror's breath, reflecting the void's cold hue."
False,stirs,dark,"In the hush between breaths, the sacred stirs,",A whisper of dawn in the stillness of dark.
False,gaze,embrace,Whispers of wild hearts beat beneath the moon's gentle gaze.,Crimson flames flicker in the silent night's embrace.
False,passed,lies,"A heartbeat hums where light once passed,",A shadow sleeps where warmth now lies.
False,unknown,dawn,"Colors whisper tales in hues once unknown,",Murmuring secrets through the veil of dawn.
True,sing,spring,"In shadowed chains, the spirit dares to sing,",A haunting ballad through the dark must spring.
False,deceit,lie,A whispered vow can fracture like glass beneath the heel of deceit.,A fleeting promise shatters in the silence of a lie.
True,storm,form,"It blooms in whispers, not in storm.","It glows in silence, not in form."
False,stayed,gone,"I walked through the shadows where childhood once stayed,",I traced the echoes of laughter long gone.
False,trees,unseen,"Whispers of winds through ancient green trees,",Cradling secrets of time unseen.
True,time,climb,Whispers of yesterday dance on the winds of time.,Tales of love and loss still echo in the climb.
False,one,fire,"Together we rise, woven as one,","Hand in hand, we stand, a united fire."
False,yore,soul,"Time’s tapestry threads with echoes of yore,",Memory weaves through the loom of the soul.
False,halls,chains,"Justice weeps in shadowed halls,",Power dances in silent chains.
False,played,grass,Laughter echoes down the lane where sunlit days once played.,Moonlight dances on the rain-kissed grass.
True,stream,dream,"The hours drift like autumn leaves in twilight’s gentle stream,",A silent symphony of time’s soft dream.
False,sun,slow,"The road unwinds its thread through mist and sun,","A distant shadow stretches, long and slow."
False,unchained,frame,"Brushstrokes of wonder bloom in minds unchained,",Dreams take flight in canvas' radiant frame.
False,diverge,believe,"Through shared beginnings and paths that diverge,","We walk alone, yet still believe."
True,light,night,"In shadows deep where hope once danced with light,",Darkness whispers secrets of a long-forgotten night.
False,rage,sang,"In shadow's grip, cannon-light whispers of rage,",A silent storm brews where the brave once sang.
True,sown,grown,"In laughter’s glow, where trust is sown,",A bond is grown.
False,collide,aligned,"Voices echo, yet no hearts collide,",Silence grows where whispers once aligned.
False,bloomed,gloom,"Though shadows stretch where light once bloomed,",No light to follow in the gloom.
False,meet,see,"In the shadowed heart where two winds meet,",A whispered truth no eye can see.
True,play,away,"Beneath the silence where whispers used to play,",The echoes of laughter now drift away.
False,flame,night,"With trembling hands, I reach to light the flame,",A whispered prayer to melt the night.
False,made,remains,"Two hearts entwined, a promise made,","Time turns the page, but love remains."
False,exhale,shade,"In twilight’s hush, where hearts exhale,",A silent tale unfolds in shade.
False,name,rain,The shadows whisper threats they cannot name.,Their hollow voices echo through the rain.
False,skies,night,Silhouettes of solitude etched deep in vacant skies.,A whispered prayer in the silence of night.
False,bloomed,room,Shadows fall where once your laughter bloomed.,Whispers linger in the room.
True,by,lie,"Footprints in the dust of days gone by,",Whispers of the past still lie.
False,age,light,"The reaper whispers soft through every age,",Time's silent hymn in harvested light.
False,streams,mend,"Amidst the buzz of concrete dreams, the country’s clockwork hums in rural streams.","Beneath the sky where whispers blend, the old world breathes through every mend."
False,root,doubt,"Two hearts entwined where vows take root,",A love that grows beyond all doubt.
False,abyss,embrace,"In the shadows, whispers rise—half angel, half abyss.",A breath between heaven and hell's embrace.
False,was,sang,Whispers of absence haunt the hollows where their laughter once was.,Echoes of silence fill the spaces where their voices once sang.
False,unjust,night,"The scales of justice tremble with truth, while shadows feast on the cries of the unjust.",Yet light still dares to pierce the darkened night.
True,roar,shore,"The thunder in his chest begins to roar,",The storm inside him breaks the shore.
False,breathe,ease,"In the hush between heartbeats, love begins to breathe.",A silent hymn of quiet ease.
False,breath,sheath,"Whispers of spring in the thawing snow's breath,","Beneath the frost’s last, fragile sheath."
True,time,rhyme,"The elder chants as clocks devour time,",shadowed hours stretch into rhyme.
False,stone,time,"Roots whispered in stories older than stone,",Leaves hummed secrets woven through time.
True,dwell,bell,"Silent nights where echoes dwell,",Whispers trace the shadows' bell.
False,breeze,glow,"Amber whispers brush the breeze,",Gold dances in the evening's glow.
False,trees,light,"Autumn's breath whispers through the trees,",Gold leaves dance in fading light.
False,breathe,glass,"Neon hums where high-rises breathe,",Moonlight weaves through shattered glass.
False,time,mystery,"Pack the sunrise in your pocket, let the roads unwind like time.",Let the stars blink back in mystery.
False,home,gloom,"Love is the fire that warms both heart and home,",It lights the way through every trial and gloom.
False,unbroken,stone,"Thunder roars, but chains remain unbroken—",Silence screams through broken stone.
False,unseen,dream,"Winds whisper tales of roads unseen,",Misty trails where echoes dream.
False,rise,thrive,"In the quiet dawn, where prayers and petals rise,",A whispered hope begins to thrive.
False,fate,name,"A bond untouched by time or fate,",A legacy etched in heart and name.
False,creep,eye,"Whispers of dread in the silence they creep,","Beneath the moon's cold, unblinking eye."
False,speak,dream,"In twilight's hush, where shadows dare to speak,",The stars conspire to weave a silent dream.
True,flight,night,"In starlit whispers, my hopes take flight,",Beyond the veil of night.
True,embrace,trace,"The road unfolds like whispered dreams in dawn's embrace,",A fragile trail where shadows softly trace.
True,green,unseen,The earth whispers tales through rustling green.,A breeze carries the echoes of the unseen.
False,night,dark,"In shadows cast by city lights, a thousand souls feel night.",A silent echo whispers through the dark.
True,light,flight,"Beneath the brush of dawn’s soft light,",A silver hue takes flight.
True,old,bold,"The hush of time whispers tales of the old,",The shadows dance with echoes of the bold.
False,blend,threads,"In the quiet space where heartbeats blend,",A whisper breathes through tangled threads.
True,dance,chance,"Whispers of the past linger where old shadows dance,",Echoes of forgotten tales in the hush of chance.
False,fast,unswayed,"Through storms of time, our roots hold fast,","Beneath the weight of years, we stand unswayed."
False,storm,crowd,"Amid the throng, a silent storm.",A whisper of doom in the crowd.
True,flow,grow,"Whispers of winds through ancient tree songs flow,",Moonlit paths where shadows softly grow.
False,thread,creed,"Whispers of crimson, symphonies in every thread,","Beneath the moon's soft, flickering creed."
False,weaves,weaves,"In laughter's wake, where memory weaves,",A tapestry of days weaves.
True,fall,call,"Winds of freedom whisper where chains forgot to fall,",Banners rise in the storm's fierce call.
False,strings,tension,"The scales of justice sway on trembling strings,",A bell of truth is rung in silent tension.
False,soft,night,"In hues that hum and silence rustles soft,",A whisper of dusk paints the edge of night.
True,hush,brush,"In the golden glow of dusk, I chase the echoes of summer's hush,",I trace the fading warmth where light and night conspire to brush.
False,skies,desire,"Together we rise, bound by more than shared skies,","We stand as one, forged in the fires of desire."
False,resided,aligned,"Whispers vanish in the hollows where connection once resided,",Silent echoes haunt the spaces where hearts once aligned.
True,meet,beat,"Joy dances bright where kind hearts meet,",Light whispers bloom in every beat.
False,sing,remain,"In whispers of time, our deeds still sing—","In echoes of purpose, we remain."
True,new,hue,"Like morning dew on petals soft and new,",A whisper of hope in twilight's hue.
True,night,fight,"Wings of dawn clash with iron night,","Beneath the stars, a silent fight."
True,flame,claim,Brushstrokes weave the silent song of imagination’s flame.,Whispers dance where thoughts begin to claim.
True,breeze,seize,"Whispers of the past dance on the breeze,",Echoes of old stories softly seize.
False,flame,claimed,"In youth's tender bloom, my heart first knew the name of flame.","A whisper of fire, steady and vast, it claimed."
False,grows,slow,"Beneath the mask, a whisper grows—","A secret breathes, unspoken and slow."
False,shadow,sorrow,"Beneath sweet lies, the truth often weeps in shadow.","A silent cry, a heart that speaks in sorrow."
True,true,undo,"Two hearts entwined, a vow so true,",A bond that time cannot undo.
False,tears,evermore,"A tapestry woven in laughter and tears,",A story stitched with time and evermore.
False,day,haze,"Like shadows at the close of day,",Darkness whispers through the haze.
True,embrace,face,"Whispers of wind through the emerald embrace,",Beneath the watchful eyes of the forest's face.
False,play,remains,"Whispers of absence haunt the halls where laughter used to play,",Echoes of memory linger in the silence that remains.
False,stirs,sings,"Beneath the mask, the true self stirs,",A whisper of freedom sings.
False,tread,creed,"Colors whisper secrets where wild imaginations tread,","Moonlight paints the night with a silent, hushed creed."
True,weeps,sleeps,"A hollow vow where silence weeps,",A ghostly tune that never sleeps.
False,cling,night,"In shadows cast by screens we cling,",To find our way through endless night.
True,dance,chance,"Wander the roads where old shadows dance,",Where whispered secrets linger in the chance.
False,unseen,unseen,"In shadows crowned, the weak wear might unseen,","In whispered schemes, the strong wield light unseen."
False,speak,black,"In the quiet heartbeat where the stars dare speak,",A whispered dream in the endless black.
True,grew,crew,"Smoke ascends where silent dreams once grew,",Frost still clings to the echoes of the crew.
False,light,leaf,"Roots tangled in ancient soil, yet branches stretch toward tomorrow's light,",A whispered hope in every leaf.
True,lies,rise,"In shadows cast by silver lies,",In whispered truths that never rise.
True,dance,trance,"In whispered groves where the wild things dance,","Beneath the moon’s silver, wistful trance."
False,desire,longing,"City lights hum with restless desire,",Night shadows dance with silent longing.
False,thread,hands,"Time weaves its wisdom, thread by silent thread.",Love threads the loom of life with steady hands.
False,wood,mood,"Whispers of winds through the ancient wood,",Cries of the forest in silent mood.
False,glow,trees,"By the sandbox where the fireflies glow,",The night whispers secrets through the trees.
False,clink,wind,"Winds of freedom whisper where chains dare not clink,",Banners of liberty flutter in the wind.
False,from,home,"The hearth’s faint breath speaks tales of where I came from,","Through smoke and shadow, echoes of a long-lost home."
True,wide,tide,"Beneath the map's edge, the unknown beckons soft and wide,","Beyond the border, shadows whisper of a hidden tide."
False,fire,starts,"A heartbeat’s whisper, a soul’s soft fire,","A breath of dawn, a flame that starts."
True,dew,true,"Beneath a handshake, a dagger gleams with dew.",A silent promise binds the swayed and true.
False,spring,bloom,"Whispers of winter kiss the thawing spring,",Bare branches cradle the first soft bloom.
False,track,bark,"The sun spills gold on laughter's tender track,",The wind carries whispers through the open bark.
False,spin,veil,"A silent tear on truth's tightrope spin,",A whisper of doubt in the night's thin veil.
False,ignites,skies,"In starlit whispers, my heart ignites,",A dance of fire among the skies.
True,air,prayer,"Amidst the swirl of hues and whispered air,",Beneath the glow of shadows cast in prayer.
True,light,night,"Beneath soft lies, the truth wears a cloak of light,",A whisper of hope in the shadowed night.
True,flight,night,"Two hearts entwined where the vows take flight,",Whispers weave through the night.
False,air,breeze,"A laughter rings where sunshine stirs the air,",A melody dances on the breeze.
True,flight,light,"In whispered hearts where silent dreams take flight,","Beneath the moon’s soft, silver light."
True,light,night,"A breath too brief, a shadow that swallows the light,",A fleeting whisper in the silent night.
True,pressed,lest,"In shadowed hands, the torch of might is pressed,","In whispered words, the flame is lest."
False,time,true,"A bond unspoken, yet stronger than time,","A vow etched in silence, enduring and true."
False,youth,time,Seconds whisper through the cracks of youth.,Years murmur beneath the weight of time.
True,roam,dome,"Whispers weave through the woods where wild hearts roam,","Beneath the moon's pale, watchful dome."
True,trees,breeze,"Whispers of wind through the emerald trees,",Hushed secrets carried on silent breeze.
True,light,bright,"In the attic of my heart, old shadows dance with light,","A whisper of the past, half-dreamed and bright."
True,shines,lines,"In flawless cracks, the beauty truly shines.",A hidden light through broken lines.
True,tree,thee,"Beneath the boughs of time’s slow-swaying tree,",Whispers of ages pass without thee.
False,breathe,cheer,"Beneath the skin, a story waits to breathe,","A secret held in silent, waiting cheer."
False,hour,glow,"Beneath the sun’s first golden hour,",the world awakes in whispered glow.
True,storm,norm,The scales of heaven waver in the storm.,The stars conspire to break the norm.
True,trees,seize,"The morning sun spills gold through trees,",A whispered song begins to seize.
False,sings,string,"In the woven threads of many, one heartbeat gently sings.","A quiet rhythm, life’s eternal string."
False,conspire,pierce,"In the silent chasm where shadows conspire,",A haunting whispers pierce.
False,days,decay,"The clock’s soft breath stirs dust of bygone days,",Time weeps in whispers through the hushed decay.
True,cold,fold,"When silence speaks, the heart turns cold,","the world grows still, and shadows fold."
True,fade,unmade,"In shadows where sweet promises fade,",A silent vow remains unmade.
False,ignite,flame,"Though flesh may fade, the deeds we do ignite…",a timeless flame.
False,embrace,made,"Colors weep from silent canvases, whispers take form in clay’s embrace,","Molded by hands, their tales are made."
False,youth,youth,"Time stitches wrinkles in the cloth of youth,","Time stitches wrinkles in the dawn of youth,"
False,played,past,"Each year etches wisdom where youthful days once played,",Time's hand writes lessons in the soil of the past.
False,days,light,"Whispers of the dusk that shadows all our days,",Beneath the veil of fading light.
False,unseen,creation,"Brushstrokes of thought on canvases unseen,",Whispers of dreams in silent creation.
False,weave,grief,"A fragile thread through shadow's weave,",A whisper of hope in silent grief.
False,thrived,void,"Whispers fade where connection once thrived,",Echoes linger in the hollowed void.
False,dear,were,"When shadows steal the ones we held so dear,",The light grows dim where memories once were.
True,see,free,"A mirror cracks, and in the shards I see—","A fractured self, once whole, now broken free."
True,sleep,deep,"Whispers of spring thaw the earth from her sleep,",Blossoms bloom in the thawing deep.
False,gate,night,"With timid steps through the shadowed gate,",I dare not look back at the haunted night.
False,rhyme,storm,"Whispers of wind weave through earth’s old rhyme,",Leaves dance in the hush of a silent storm.
True,eye,sky,"Beneath the moon’s cold, watchful eye,",Whispers of dreams drift through the sky.
False,halls,past,"Candy wrappers rustled like whispers in the halls,","Squeaking underfoot, they traced the echoes of the past."
False,name,name,"In the rhythm of shared hearts, we find our name.","In the echo of whispered dreams, we find our name."
True,glass,pass,"Names etched in time’s slow turning glass,",Echoes of moments lost to pass.
True,tone,known,"In whispers clad in velvet tone,","In hushed devotion, secret known."
False,breathed,fled,"The cannons roared where silent fields once breathed,",Ashes danced where thunderous dreams were fled.
True,dark,spark,"When your heart first whispers a name in the dark,",A melody blooms in the silence of spark.
False,throes,slow,"The spark of rage ignites in silent throes,",A wildfire blooms where reason once grew slow.
False,undone,gone,"A crown of shadows, a whisper undone,","A silent dawn, where secrets are gone."
False,fade,remains,"In the mirror of the soul, a thousand faces fade,",A single shadow remains.
False,free,been,"Love blooms like dawn in the hearts it sets free,",light dancing through the shadows it has been.
False,dust,song,Whispers of the ageless few echo through the halls of dust.,Their secrets hum in silent song.
True,new,true,"Roots carved in stories, ancient and new,","Leaves whisper the truth, both past and true."
False,air,was,Echoes of laughter fade in distant air.,Whispers of joy drift where the breeze once was.
True,free,decree,"Through whispering woods where wild dreams run free,","Beneath the moon’s soft, silver decree."
False,code,code,"Old hands pass down the flame, but new hands shape its code.","The flame is lit by past, but future hands must write the code."
True,breath,death,"Whispers of dread in the quietest breath,",A shadowed echo in the hush of death.
False,change,wave,"Anchors of old in tidal streams of change,",Beneath the weight of time's unyielding wave.
False,unread,creed,"With trembling hands, I trace the years unread,","I clutch the past, a ghostly, fading creed."
False,gone,song,"Candlelit echoes of eras long gone,","Whispers of time's silent, lingering song."
True,play,fray,"In whispered woods where shadows play,",Moonlight dances on the fray.
False,light,bloom,"A flawless vase, still cracked within, a shadow draped in light.",A fractured soul in silent bloom.
False,ahead,release,"Wings of dawn stir softly, whispering of roads ahead,","Breath of the night, urging the stars to release."
False,reside,erode,"A hearth's warm glow where whispered memories reside,",A silent fire that time cannot erode.
False,tread,light,"In twilight's hush, hope and despair softly tread,",Through silent streets where shadows blend with light.
False,wind,eye,"Whispers of the grave dance on the wind,","Beneath the moon's pale, silent watching eye."
True,breeze,trees,"When laughter dances on the breeze,",it whispers secrets to the trees.
True,die,cry,"My name may fade, but my spirit's song will never die—",A legacy etched in every heartbeat's cry.
False,began,stay,"A hearth’s glow whispers, *“Here, you are where your story began.”*",A soul’s flame bids you stay.
False,intervene,refrain,"Shells light the night where no stars intervene,",Moonlight weeps in the tide’s cold refrain.
False,fade,wait,"In shadowed halls where whispers fade,",A ghostly flame in silent wait.
False,behind,creates,"Time etches wisdom in the lines it leaves behind,",Life whispers truth through every shadow it creates.
False,veins,contained,"My temper burns like fire, a tempest in my veins,",A fury that can't be contained.
False,bread,air,"The whisper of butter on fire-kissed bread,",A golden haze swirls in the air.
False,goodbyes,flight,"Through whispered lullabies and silent goodbyes,","Beneath the moon’s pale gaze, the dreams take flight."
False,gone,born,Candy wrappers crinkled in the sunbeams of summers long gone.,Beneath the leaves where memories were born.
False,blade,night,"In the shadow of a silent promise, a dagger whets its blade.",A whisper echoes through the night.
False,trees,creed,"Whispers of the wild through ancient trees,",Hollowed by the风’s untamed creed.
False,wing,song,"In silent prayers, the soul takes wing,",Through whispers of the night's soft song.
False,unnamed,torn,"Beneath the skin, a story stirs unnamed,","A whisper of the soul, half-sung and torn."
False,abandonment,blooms,"In tangled strokes and whispered hues, the soul finds voice in wild abandonment.","In fleeting moments, freedom blooms."
False,roam,gloom,"Beneath the moon where wild things roam,",Whispers of night weave through the gloom.
False,storm,home,"My fists beat time to a simmering storm,",My breath holds fire in a silent home.
True,might,flight,"Thunder roars in chains of might,",Lightning splits the sky in fleeting flight.
True,old,told,"Like echoes in a hall of old,",The whispers of the wind are told.
True,dance,trance,Brushstrokes of thought where imaginations dance.,"Thoughts take flight in whispered, fleeting trance."
False,claim,claims,"I carve my name in bone and flame, défier of the silent claim.",I mock the shadow that dare claims.
False,stars,war,Whispers of the heart ignite the night with stars.,"Fireflies dance in silent, glowing war."
False,eye,lore,"Beneath the cold moon’s watching eye,",The stars above keep silent lore.
True,trees,seas,"Whispers of wind through ancient trees,",Moonlight dances on silent seas.
False,page,bleeds,"Like ink spilled on time’s unending page,",A stain that fades but never bleeds.
False,drawn,pass,"Time's quiet hand etches tales in every line it's drawn,",Memory's fragile ink fades as the years softly pass.
False,strands,nights,"Time etches stories in silvered strands,",Memory wove through whispered nights.
False,bright,twine,"In whispers of time, the past’s silent flame burns bright,","In echoes of memory, the shadows dance and twine."
True,dance,chance,"A hearth that glows where familiar shadows dance,",A silent hymn to time's unbroken chance.
False,cracks,grace,"Perfection craves the mirror, yet finds its face in cracks.","Yet in the flaws, it sees its grace."
False,fear,tears,"Whispers coil like shadows at dawn, thick as unspoken fear.",A hush that holds the weight of a thousand untold tears.
False,known,face,"The scales of justice, though carved in stone, sway silent with the breath of the winds they've known.","Time's gentle hand, they bend to grace the fate of those who dare to face."
False,gold,breath,"Whispers the hourglass in sands of gold,",Time slips through fingers like stolen breath.
False,years,air,"The dawn breaks softly on youthful years,",A golden whisper through the morning air.
False,scream,bell,My hands ignite with embers of a scream.,My voice cracks open like a shattered bell.
False,between,chest,"I walk alone through crowds of ghosts, unseen, unheard, a shadow cast between.","A whisper of the lost, I carry in my chest."
False,air,room,"The echo of your name still lingers in the air,",The ghosts of your laughter haunt the empty room.
True,roam,dome,"Whispers through the wild where creatures roam,","Beneath the moon’s pale, watchful dome."
False,song,lone,"In the weave of voices, we find our song,",A melody born from shared and lone.
True,rise,skies,"The sun spills gold on smiles that rise,",The wind whispers secrets through the skies.
False,trails,tale,"He walked with ghosts in shadowed trails,",The echoes of a whispered tale.
False,thrived,night,The echoes of laughter fade where memories once thrived.,A ghostly whisper lingers in the hushed night.
True,start,art,Two hearts entwined where love and promise start.,"A dance of fire, a silent art."
False,rise,night,"The clock’s shadow dances where the dawn used to rise,",The hourglass bleeds time through the cracks of the night.
True,rain,strain,"I walk through crowds like shadows in the rain,",I linger where the murmurs fade to strain.
False,foundation,restraint,"A whispered vow can crack the heart's foundation,",A silent promise breaks the soul's restraint.
False,bloom,root,"Two hearts entwined where promises bloom,",One life entwined where love takes root.
False,wrong,wrong,"A thunderclap of temper, born from sparks of wrong.",A silence choked with all the wrong.
True,dwell,fell,"In shadows cast by screens we dwell,","In silent nights, our minds are fell."
True,walls,halls,"Where whispered memories cling to the walls,",Time's silent tears etch stories in halls.
False,skin,sun,"Time etches its whispers in lines on the skin,",Memory lingers in the echoes of the sun.
False,wise,dance,"A marble statue, cracked yet wise,",stands as a testament to time's slow dance.
False,fly,rise,"In shadowed chains, the soul still dares to fly,","Through whispered nights, it dares to rise."
True,seal,steel,"Two hearts entwined, a vow they seal,",A promise etched in time and steel.
True,rust,trust,"Though flesh may fade and time may turn to rust,","Memory lingers, etched in silent trust."
True,rise,disguise,"Shadows fall where laughter used to rise,",Silence lingers in the old disguise.
False,echo,lore,"Roots tangled in tradition, whispers of the ancient echo.",Beneath the shadow of forgotten lore.
False,flows,glow,Neon hums where the traffic flows.,Silent dreams in the city's glow.
True,wed,dead,"Blood paints the dawn where steel and silence wed,",Fire whispers through the cracks of the dead.
True,flight,bright,"In whispers of light, belief takes its flight.","Through shadows and stars, it finds its bright."
False,teeth,breath,"In shadows cast by crowded streets, I walk alone with silent teeth.",A whispered prayer to soothe the night's cold breath.
False,blue,align,"Laughter echoed under skies of infinite blue,",Whispers danced where the sun and the sea did align.
False,dances,trance,"Whispers of the wild where the foxlight dances,","Beneath the moon's soft, flickering trance."
False,hour,lose,The clock’s soft whisper weaves through every hour.,Time’s steady pulse reminds us of what we lose.
False,trees,skies,"Green whispers weave through the waking trees,",Golden light spills from the waking skies.
False,name,claimed,"In the heartbeat of togetherness, we find our name.","A chorus of souls, forever claimed."
True,time,rhyme,"A bond not forged in gold or time,",A trust that grows with every rhyme.
True,stays,days,"My name may fade, but in the stars my essence stays.","Eternally I shine, a beacon through the days."
True,low,glow,"In twilight’s grasp, where shadows whisper low,",The stars above conspire to glow.
False,color,fire,"A dance of brush and breath, dreams take shape in wild color,",A canvas stirred by heart's own fire.
False,roamed,cold,Whispers fade where once we roamed.,Echoes linger in the cold.
False,rise,rise,"In stillness deep, where whispers rise,",A ghostly breeze begins to rise.
False,days,embrace,With trembling hands I light the fuse of days.,A fleeting spark before the storm's embrace.
True,face,grace,"In mirrored flaws, perfection hides its face,",In twisted grace.
False,meet,cease,"Golden whispers dance where joy and sunlight meet,",Serenade the air with dreams that never cease.
False,breath,grace,"The earth inhales in spring's soft breath,",A bloom unfurls in whispered grace.
True,new,blue,"Like morning dew on petals new,",A whisper of hope in silent blue.
False,cling,light,"Beneath the mask where shadows cling,",A silent tongue denies the light.
False,chart,chart,"A marble flaw lessens its art, a single crack births light through the chart.",A single crack births light through the chart.
False,flame,air,The ashes speak of names that outlive flame.,"Their whispers echo through the cold, vast air."
False,embrace,wake,Golden laughter dances in the morning sun’s gentle embrace.,Whispers of the day begin to wake.
True,rhyme,time,"In quiet laughter, hearts find their rhyme,","In silent joy, souls embrace the time."
False,frost,host,"Though flesh may fade and time may sow its frost,","Yet soul remains, etched deep in the heart's warm host."
False,breathing,time,I traced my name in dust and saw a thousand shadows breathing.,A silent whisper threading through the breath of time.
False,sky,sea,"Shells scream through the shrouded sky,",Moonlight weeps on the silent sea.
True,scars,bars,"Beneath the ash of fallen flags, the earth still weeps in ancient scars.","The ghosts of battle hum a dirge through trembling, rusted bars."
True,moan,groan,"Whispers of wind through the ancient trees moan,",A symphony of secrets in the rustling groan.
True,play,day,"The sun dips low where tempests play,",The sky bleeds gold in fading day.
False,flame,night,"In the quiet dance of heartbeat and flame,",A whisper hums through the veins of the night.
False,sown,consume,"A whispered secret can shatter the strongest bond, for betrayal hides where trust is sown.","In silence, truth can bloom and consume."
False,hue,dawn,"Whispers of winter melt into spring's tender hue,",Buds awaken in the quiet dawn.
False,lay,played,Whispers of absence haunt the hush where laughter lay.,Echoes of joy now fade in the void where once it played.
True,stone,tone,"I sought eternal life in shadowed stone,",I carved my name in time's unyielding tone.
True,sway,gray,"Whispers of the wind through leaves that sway,",A song that dances in the twilight's gray.
False,wind,breath,"Whispers of the wild dance on the wind,",Songs of the forest rise with every breath.
False,sleep,trees,"Whispers curl like shadows deep, a restless storm that won’t fall silent sleep.",A breath of thunder hums through the trees.
False,time,mind,"Carved in stone or etched in fate, a whisper meant to outlast time.",A silent scream in the language of the mind.
False,tow,light,"With dawn’s first breath, I pack my dreams in tow,",I leave the night behind for a world of light.
False,divine,plea,"In the hush where heartbeats meet the divine,",The echoes of the soul’s quiet plea.
True,sky,cry,"A king wears crowns, yet craves the sky—",A crownless soul in silent cry.
True,dew,hue,"A laugh as light as morning’s dew,",A whisper soft as twilight’s hue.
True,rise,eyes,"Crimson flames of wrath in silence rise,","Beneath the moon's cold, judgmental eyes."
True,light,bright,"Justice weeps in midnight's shadow, injustice wears the mask of light.",A candle's breath in a world gone bright.
False,flirt,breath,"Concrete pulses where the neon lights flirt,",Steel veins hum beneath the city's breath.
False,slow,knowing,Time etches its tale in silver and slow.,"Eternity listens, untouched and knowing."
False,breeze,sea,"Sugar's whisper on a summer breeze,",Fire's breath in a trembling sea.
False,small,hills,The dawn breaks soft on shoulders not so small.,A whisper of light on silent hills.
False,kiss,dark,"A whisper carved in shadow, sharp as deceit's kiss,",A sigh that coils like smoke in the dark.
False,screamed,bloom,"In the silent crack of dawn, hope whispers where despair once screamed.",A fragile seed begins to bloom.
False,time,past,"Each year etches tales on skin, a silent ink of time.",A fleeting trace of moments past.
True,light,night,"Beneath the dusk of dying light,",A silent world is wrapped in night.
False,gaze,grace,"Justice walks in twilight's gaze,",A silent mask of grace.
False,cracks,art,"In broken china, hidden grace whispers of perfect cracks.","In whispered tales, the fragile soul finds its endless art."
False,skies,cry,"Winds whisper tales of warming skies,",Hearts bloom soft in spring's gentle cry.
True,song,long,"In vibrant swirls of hue and song,",A dance of life's profound and long.
False,rooms,undo,The echoes of their laughter live in silent rooms.,Whispers of a joy that time cannot undo.
False,true,true,"The years fold time like parchment, worn yet true.","Years fold time like parchment, worn yet true."
False,entwine,rise,"In twilight's grip, where shadow and light entwine,","The world is hushed, and dreams begin to rise."
False,thin,light,"When shadows fall and time runs thin,",The last breath fades in the quiet light.
False,sky,harmony,"Winds whisper secrets through a shifting sky,",Stars dance in silent harmony.
False,rise,die,"Steel veins hum where skyscrapers rise,",Glass shadows dance where echoes die.
False,years,bereft,"Threads of love wove through the years,",A tender flame never bereft.
False,sells,relevant,"On tongues where memory dwells, savoring sweetness the past sells.","A whisper of time, soft and fleeting, yet ever relevant."
False,wrapped,scar,"A whispered pledge, a dagger's edge in velvet wrapped.","A heart's bare truth, a silent vow etched in scar."
False,entwine,rhyme,"Through storm and strife, our souls entwine,","In fire and faith, we find our rhyme."
False,wild,refrain,"Like whispers through the autumn trees, it breathes—so soft, so wild.",A ghostly echo of the wind's refrain.
False,cling,light,"In twilight’s hush, where shadows dare to cling,",A whisper dances through the thinning light.
False,hum,plume,"A silence louder than the crowd’s faint hum,",A whisper carried by the wind’s soft plume.
False,soul,sigh,"When twilight's whisper brushes against the soul,",Nocturne paints the sky in silvered sigh.
False,cling,sings,"Winds of freedom whisper where shadows of chains still cling,","Beneath the stars, the promise of liberation sings."
False,ancestors,lands,"Roots whispered in the tongue of ancestors,",Leaves hummed the songs of forgotten lands.
False,breathe,lee,"In dust of ages, tales still breathe,",In whispers through the echo's Lee.
False,awakes,exhales,"In whispers of dawn, the wild awakes,","In hush of the light, the forest exhales."
True,strain,rain,"Two souls entwined, a bond unchained, eternal in its strain.",A flame that burns through time and rain.
False,root,true,"Two hearts entwined where vows take root,","beneath the stars, a promise true."
False,fire,ignite,"My hands curl like storm clouds, ready to spit fire—","My heart beats like a drum, waiting to ignite."
True,sway,play,"Beneath the boughs of time's gentle sway,",Whispers of yesteryear still play.
False,day,night,"Sunlight spilling through the seams of the day,",Moonlight weaving threads through the silence of night.
False,escapes,ascends,"In flawless cracks, the light divine escapes,","Through fractured skies, the sacred flame ascends."
False,breathes,dreams,"In shadows deep where silence breathes,",A ghostly tale of lost dreams.
False,trees,embrace,"Whispers of wind through ancient oak trees,",Crimson leaves dance in twilight's embrace.
False,hum,hum,"Beneath the skin, a thousand stories hum.",A secret voice that time has not yet hum.
False,ignites,light,"In whispered hope, my heart ignites,","In hushed devotion, I find my light."
False,wood,shadows,"A flame that flickers in the heart’s dark wood,",A whisper of light through the densest shadows.
True,light,night,"Like twin shadows dancing on the edge of dawn's first light,",Beneath the whispers of a waking night.
False,breeze,embrace,"Whispers of the wild dance on the breeze,",Fireflies flicker in the night’s embrace.
True,flame,name,"With trembling hands, I light the candle between childhood and flame.",I trace the echoes of a ghostly name.
True,past,cast,A hearth’s warm glow where whispers of the past.,A tale of fire and the shadows that cast.
False,play,haze,"Beneath the mask where shadows play,",Secrets whisper through the haze.
False,support,trust,"In whispered laughs and silent support,",A heart that waits in quiet trust.
False,cling,sky,"Winds of freedom whistle through chains that cling,",Bare hands reach for the sky.
False,hum,womb,"Roots buried deep where ancient songs still hum,",Strewn with secrets in the earth's deep womb.
True,air,care,"When laughter dances on the morning’s air,",the world unfolds in gentle care.
True,new,hue,"Roots whispered in rhythms both old and new,","Beneath the moon’s silver, quiet hue."
False,stone,command,"Roots tangled in rhythm, whispered through ancient stone,",Leaves dance in the moon's soft command.
False,sorrow,eternal,"Through storm or sun, in joy or sorrow,","Life dances on, a song eternal."
False,trees,sigh,"In hues of dawn and whispers through the trees,",Beneath the sky’s first tender sigh.
True,stay,decay,"A hearth’s soft glow where whispers stay,",A silent hymn to time’s slow decay.
False,gaze,day,"A bloom of light in morning’s golden gaze,",A whisper of hope in the hush of the day.
True,time,rhyme,"Love is the thread that weaves hearts through time,",Eternal hope in every rhyme.
False,sky,blue,"Wheels of fate turn under the vast, unbroken sky,",Destiny's silent song through the endless blue.
False,unknown,light,"Whispers of rustle in hues once unknown,",Fading like dreams in the morning's light.
True,alone,unknown,"In silent crowds, we drift alone,",beneath the weight of shared unknown.
False,soar,fly,"In shadowed chains, the soul still yearns to soar,","Through twilight's grasp, it dares to fly."
False,thrall,,"Though flesh may fade and stars may fall, my name shall sail through time’s vast thrall.",
False,tread,grace,"Winds whisper secrets where wandering feet tread,",Moonlight paints the path with silent grace.
False,boughs,hours,"Beneath the whisper of ancient boughs,",Softly cradle the hush of hours.
False,air,bier,"Whispers of dread in the midnight air,",Crimson winds howl through the silent bier.
True,one,sun,"Rooted together, we blossom as one.",A shared vine climbs to the sun.
False,hour,doubt,The clock's whisper winds through the cracks of the hour.,"Midnight’s breath steals the silence, leaving only doubt."
True,tear,air,"Whispers of winter melt to spring's first tear,",Blossoms dance in the thawing air.
False,improve,entwine,The symphony of flavors on the tongue tells a story no words could ever improve.,"A dance of heat and cool, where sensation and emotion entwine."
True,untold,fold,"Roots woven deep in the soil of stories untold,",Beneath the weight of time's unyielding fold.
False,glows,grace,"In whispers of ages, history's torch glows.","Through time's gentle breath, it burns with steadfast grace."
False,mind,meet,"Whispers coil in the chambers of the mind,",Secrets breathe where thought and silence meet.
False,years,light,"The dawn breaks soft upon the verge of years,",A whisper of tomorrow’s light.
False,wind,night,"Echoes of revolutions hum on the wind,",Whispers of fire still dance in the night.
False,hum,trust,"Whispers of winter melt to spring’s gentle hum,","Buds bloom in soft, delicate trust."
False,bones,stone,"Whispers of wind through earth’s ancient bones,",Echoes of time in every stone.
False,trees,roots,"The earth breathes gently beneath the trees,",whispering secrets of ancient roots.
False,stirs,fires,"Beneath the mask, a whisper stirs—",A secret yearning fires.
True,alone,own,"In silent crowds, I walk alone.","Through murmured shadows, I find my own."
False,gold,gold,Like dawn unbuttons the sky with gold.,"Like dawn unbuttons the sky with gold,"
False,roam,moon,"Beneath the sky where the wild winds roam,",The stars whisper secrets to the moon.
False,feet,bone,"The echoes of revolution hum beneath our feet,",The weight of history presses deep into the bone.
True,told,gold,"In laughter’s glow, where secrets are told,",The night wears masks of fleeting gold.
False,whisper,dark,"In the mirror of midnight, a thousand souls whisper.",A silent scream in the stillness of the dark.
True,plain,rain,"Cannon's thunder weeps across the plain,",Bells echo through the silent rain.
False,dance,tales,"In whispered woods where shadows dance,",hush hangs thick with secret tales.
True,share,prayer,"Hands weave together, a tapestry we share,","A symphony of threads, each one a prayer."
False,flows,bold,"A canvas breathes where imagination flows,","A world of color, limitless and bold."
True,play,gray,"Beneath the moon where shadows play,",Whispers of night breeze through the gray.
True,stay,gray,"In trembling hands, the storm refuses to stay.",A whisper of thunder stirs the gray.
False,dwell,dwell,"Embers of rage in the chest they dwell,",Ashes of fury in the silent soul they dwell.
True,sun,run,"The sky weaves tales in threads of storm and sun,",The earth listens close with breath and run.
False,rain,veins,"The sky weeps fire, yet forgets the rain,",A tempest swells in silent veins.
False,lane,vine,"Sunset laughter echoes down a lane,",Moonlight whispers through the tangled vine.
False,page,sing,"Through fractured stone and whispered page,",the ghost of time begins to sing.
False,skies,stays,"In silence, shadows claim the ones whose voices shaped our skies.",Their whispers now the only light that stays.
True,light,night,"Whispers of rustle in velvet and light,",Gossamer threads dance in the breeze at night.
False,breeze,harmony,"A thousand hues whisper secrets to the breeze,",A whispering sea hums back in harmony.
False,rhyme,rhyme,"Sunlight spilling through laughter’s bright rhyme,",Moonlight weaving silence into rhyme.
False,danced,trance,Laughter echoed where the fireflies danced.,Moonlight wove through the trees in silvered trance.
False,gleam,freed,"In swirling hues, where silent stories gleam,","In whispering winds, the past is freed."
True,dreams,themes,"City lights hum with hurried dreams,",Street shadows dance to silent themes.
False,wings,sky,"Where silent chains clink in the shadow of proud wings,",Beneath the gaze of a starless sky.
False,yesterday,haze,Whispers of laughter echo down the lane of yesterday.,A memory's glow still lingers in the haze.
False,spoke,void,"Brushstrokes dance where silence spoke,",Murmurs grew in the hollowed void.
False,remain,remain,"My name may fade, but in stone I'll remain,","Time may erode my name, but in stone I'll remain."
False,known,dawn,"In the mirror of time, I trace a name not yet known.","A fleeting shadow, whispered in the dawn."
True,air,there,"Echoes of laughter linger in the air,",Whispers of joy still dance there.
False,steel,soul,"A bond unseen, yet strong as ties of steel,","A whisper of fate, woven through the soul."
False,tree,keep,"Whispers of winds through the ancient tree,",Cradling secrets in a timeless keep.
False,past,past,Time's grand tapestry is stitched with echoes of the past.,Breathed into the present by the hands of the distant past.
False,awakes,torn,"In quiet whispers, the sacred awakes,","In hushed reverence, the timeless veils are torn."
True,hide,tide,"Beneath soft words, the sharpest truths may hide,","A subtle blade in gentle, murmuring tide."
False,mind,been,"Shadows whisper in the quiet of the mind,",Echoes linger where silence once had been.
False,rhyme,light,"Skies whisper secrets in sun and storm's rhyme,",Earth hums truths in the pulse of dawn's first light.
False,trees,breath,"Sunset-lit laughter echoes through the willow trees,",Moon-kissed whispers weave through the twilight's gentle breath.
False,breeze,receded,"Whispers of spring in the thawing breeze,",Petals dance where the frost has receded.
False,sky,night,"When eyes first met 'neath a twilight sky,",A sparkled night.
False,mine,mine,"In tangled roots and open fire, we seek the echo of ""we’re yours, you’re mine.""","In whispered vows and shadowed light, we claim the truth of ""we’re yours, you’re mine."""
False,fear,years,"Winds of freedom whisper beneath chains of fear,",A lone star burns through the darkness and years.
True,gleam,scream,"In mirrored eyes where shadows dare to gleam,",A silent scream.
False,rain,gray,"The sky whispers secrets in storms and soft rain,",The earth cradles memories in silent gray.
False,flight,sings,"In whispered prayers, the soul takes flight,","Through silent nights, the spirit sings."
False,grace,unchanging,"A bond unbound by time or space, a silent symphony of grace.","A whisper of love, forever unchanging."
False,rain,day,Whispers of farewell linger in the echoes of the rain.,A shadowed path holds memories of the day.
True,light,night,"In the silent whisper of dawn’s tender light,",A golden veil stretches across the night.
False,face,day,"Whispers of time in the lines of the face,",Fading like shadows in the pale light of day.
False,songs,long,"Roots woven deep in ancient songs,",Tales of the earth where voices long.
False,quiet,light,"Beneath the neon’s hum, the fields still breathe in quiet.",Whispers of the past linger where the shadows meet the light.
True,rhyme,time,"The road unspools like a whispered rhyme,",The wind carries the echo of time.
True,tread,dread,"In crowded streets, alone, I tread,",Through whispers thick with silent dread.
True,cries,skies,"A gavel strikes where silence cries,",A judge's decree sways the skies.
True,sky,spy,"Beneath the skin, a song of soil and sky,",Roots hum with secrets the wind can't spy.
True,sand,land,"Whispers of yesterday slip through the hourglass sand,",Tempting the present with echoes of the land.
False,parte,parte,"A hollow vow can fracture hearts, where trust was born and betrayal parte.",where trust was born and betrayal parte.
False,recall,halls,Whispers of wood and worn-in walls recall.,Echoes of time and silent halls.
False,born,night,"In the shadow's grip, a single light is born.",A fleeting whisper in the night.
False,hold,scroll,"A gavel's pound in twilight's hold,",A judge's voice cuts through the shadowed scroll.
True,blue,dew,"Whispers of wind trace skies in blue,","Fleeting as dreams, they fade to dew."
True,eye,tie,"Beneath the moon's cold, watchful eye,",The world holds its breath in silent tie.
True,play,stay,"Beneath the mask where shadows play,",A whispered truth is bound to stay.
False,fled,desire,"Fire smolders deep where patience fled,",Ashes whisper tales of lost desire.
True,new,blue,Old ways whisper beneath the hum of the new.,Tears trace the edges of a fading blue.
False,raise,take,"Beneath the moon’s cold, indifferent gaze, I echo voices no ear will raise.",I whisper secrets no wind will take.
False,watch,fast,"I carve my name where the endless stars keep watch,",I etch my soul where the silent night holds fast.
False,soul,home,"Over horizon's hush, the road sings to the restless soul,","Beneath the stars, it whispers of the soul's true home."
True,vein,rain,"The clock's soft whisper weaves through every vein,",Time slips away like shadowed rain.
False,play,gaze,"Amidst the trees where shadows play,",Beneath the moon's gentle gaze.
False,trees,lullabye,"Whispers of wind through ancient, rustling trees,","Softly hum a timeless, lullabye."
True,bred,tread,"In shadowed hearts, a quiet storm is bred,",A whisper of fear begins to tread.
True,flee,plea,"Beneath the tongue's sweet melody, shadows tell the truths that flee.","Where light cannot reach, they weave their plea."
True,go,grow,"In dusty corners where the light forgot to go,",In whispered tales the shadows softly grow.
True,lived,thrived,Whispers of yesterday haunt the hollows where laughter once lived.,Echoes of joy linger in the silent spaces where笑声 once thrived.
True,haze,maze,"Where scales of truth hang askew in the haze,",Whispers of lies drift through the maze.
False,lit,light,"My heart, a flame, in youthful days was lit.",By whispers of the wind and twilight's soft light.
False,skies,sigh,"Whispers of scarlet and echoes of velvet skies,",Temptation dances where the stars once fell to sigh.
False,embrace,trees,"Whispers of winter give way to the sun's tender embrace,","Morning breaks with a golden kiss, casting light through the trees."
True,hide,pride,"Beneath sweet lies, the sharp truth doth hide,",A venomous tongue in a velvet pride.
False,grip,ripple,"Two hearts entwined in time’s soft grip,","beneath the stars, they dance in ripple."
False,collide,between,"A heartbeat whispers where two souls collide,",A love affair blooms in the silence between.
False,past,time,"Echoes of empires rise in whispers of the past,",Fading like dust in the hands of time.
False,old,smoke,"On tongues of flame and forks of gold, flavors tell a secret old.",Beneath the scent of spice and smoke.
False,river,stream,"Two souls entwined by vow and time’s slow river,","A dance of fate, forever tethered to the stream."
False,light,tide,"A promise made in shadows, torn by dawn's deceitful light,",A vow forgotten in the haze of day's relentless tide.
False,on,stone,"Carved in time's slow river, my name flows on.","A whisper of echoes, a story etched in stone."
False,grows,glow,"Neon hums where the concrete grows,",Glass reflects the city's glow.
False,breathes,dark,"In silence’s shadow, the stranger breathes,",A whisper of fear in the dark.
False,time,collide,"I carved my name in the bones of time,",I etched my soul where echoes collide.
False,breathe,hearse,"In twilight’s veil, where shadows dare to breathe,",A whispered ghost beneath the stars' soft hearse.
False,sighs,light,"I pace the sidewalks where the neon sighs,",I chase the echoes of a fading light.
False,glows,go,Old oaks bend but new neon glows.,Breathe in the hush where shadows go.
True,yore,lore,"The clock of time ticks tales of yore,",The hourglass murmurs secrets lost to lore.
False,sighs,prey,"Beneath the mask of golden lies, the truth in shadowed whispers sighs.","A silent reckoning in every gleam, where deception finds its prey."
False,began,doubt,"Two hearts entwined where one love’s vow began,",A fleeting flame in the shadows of doubt.
True,speak,bleak,"In silent rooms where shadows speak,",Whispers echo through the bleak.
False,hands,breath,"Like thunder held in hollow hands,",The silence screams with borrowed breath.
False,sleeps,depths,"Brushstrokes breathe where imagination sleeps,",Whispers rise from silent depths.
False,gray,trees,"The earth breathes quietly beneath a sky of shifting gray,",A whisper of frost creeps through the trees.
False,resolve,resolve,"Fury burns like fire in a soul trapped between rage and resolve,",A battle cry beneath the weight of endless resolve.
False,cling,things,"In silent corners where the shadows cling,",Whispers of forgotten things.
True,heard,word,"Beneath the skin, a whisper waits to be heard,","A secret breath, a silent word."
True,flee,free,"Though flesh may fade and time may flee,",the soul remains eternally free.
False,chance,embrace,"Beneath the sky where sunbeams dance, joy and happiness leave fleeting yet lasting chance.",A timeless glow in every heart’s embrace.
True,blade,shade,"Beneath sweet words, sometimes hides the blade,",A gentle smile can mask a deadly shade.
False,flown,night,"Whispers creep where the hours have flown,",Time slips like shadows in the night.
False,moan,refrain,"Sunbeams duel with thunder's moan,",Wind whispers through the rain's refrain.
True,fast,mast,"Neon hums where the city's heart beats fast,",Silent shadows dance in the glow of the mast.
False,breath,night,A king's crown crumbles in the dust where shadows hold their breath.,A queen's throne fades in the silence of the night.
False,conspire,night,"Beneath the dusk where tones conspire,",To weave the silent symphony of night.
False,fade,land,"Shadows cling where whispers fade,",Breathless in the hollowed land.
True,gleam,stream,"Wolves howl beneath the moon's silver gleam,",Midnight whispers through the forest's leafy stream.
True,skies,sighs,"Beneath the thunders of divided skies,",A fractured world lies buried in the sighs.
True,kite,night,"Beneath the moon's unblinking eye, I chart the stars and set my kite.",A whispered prayer to the night.
False,speak,weep,"In the hush of dusk, old shadows speak.",Whispers of the past begin to weep.
True,rise,skies,"In quiet hearts where whispers rise,",no matter the weight of the skies.
False,gold,light,"Wildebeests roam beneath skies painted gold,",Swarms of butterflies dance in the fading light.
False,day,free,"Like sunlight bursting through clouds on a spring day,","Hope dances in the breeze, light and free."
False,root,soul,"Beneath soft lies, the brutal truth takes root,",A silent storm in the heart of the soul.
True,dawn,drawn,"In the quiet whispers of the sacred dawn,",A silver veil is drawn.
False,night,meet,"Winds of liberty weep through the chains of the night,",Waves of hope rise where the stars and the moonlight meet.
False,despair,despair,"My temper flares like lightning in the storm of despair,",My heart beats wild as thunder in the chaos of despair.
False,was,felt,Whispers of absence linger in the air where laughter once was.,"A ghostly melody plays on the breeze, unseen but felt."
True,rare,dare,"Amidst the steel forest where silence is rare,","Beneath the hum of engines, shadows dare."
False,home,sky,"Like dawn renews the sky, my heart in your embrace finds home.",A whisper of your name completes the sky.
False,hum,run,"Anchored in time, the old ways hum,",Echoes of the past still run.
True,rhyme,time,"Where the heart's old whispers find a sheltered rhyme,",The soul hums quiet songs in twilight's gentle time.
False,rain,flame,"The sky’s a canvas painted by the hands of sun and rain,",A tapestry of storm and flame.
False,dawn,psalm,"Whispers tighten like shadows at dawn,",Breathes with the hush of a broken psalm.
False,drum,crown,"Whispers of rose and thunder of drum,","Beneath the moon's silver, trembling crown."
True,embrace,grace,"Bursting like sun through the morning’s embrace,",A whispered promise in the breath of grace.
True,blaze,maze,"Neon hums where the streetlamps blaze,",Whispers of dawn through the shattered maze.
False,near,air,"Whispers echo where no ears are near,",Secrets linger in the hollow air.
False,flight,flight,"In the dance of colors, sounds take flight,","In the whisper of wings, dreams take flight."
False,true,breeze,"A whisper blooming soft and true,",A secret held within a breeze.
True,yesterday,day,Time slips like sand through the shadows of yesterday.,Memory lingers in the echoes of the day.
False,meet,plea,"Whispers of the sacred rise where faith and shadow meet,",Beneath the veil of twilight's silent plea.
True,flight,light,"In whispered prayers where the soul takes flight,",Through shadowed realms where the heart is light.
False,afternoons,song,"In the glow of fireflies and fading afternoons,",A whisper of summer’s last song.
False,dance,spans,"Beneath the mask where shadows dance,","A silent heartbeat, unseen, spans."
False,cling,time,"In the attic of the heart, old moments gently cling,",A silent whisper of time.
False,fades,cade,"In shadowed corners where connection fades,","A whisper lingers, a fragile cade."
False,stay,light,"A hearth's soft glow where whispers stay,",A ghostly tale in trembling light.
False,breath,earth,"Whispers of devotion dance with dawn’s first breath,","A kiss upon the silent, waking earth."
False,chalkboard,cry,"Storms scribble secrets on the sky's chalkboard,",Moonlight erases traces of thunder's cry.
True,gleam,dream,"A whisper of laughter in morning’s gold gleam,",A silent promise in the dawn’s first dream.
False,return,air,"In silent worlds where echoes don't return,",Where whispers fade into the air.
False,unseen,sun,"A flawless vase, a crack unseen,",A whisper of the sun.
False,flaw,break,"In flawless cracks, the light finds its flaw.",A hidden truth shines through the break.
True,sleep,keep,"Whispers coil like shadows deep, unrest is born in sleep.",A bitter dawn breaks through the keep.
False,rhyme,name,"Beneath the stars, the heart finds its true rhyme.","In silent skies, the moon whispers its name."
False,knife,creed,"Whispers carved in rust, a bond undone by deceit's knife.",A silent scream in the echo of a fractured creed.
False,meet,gleam,"Colors whisper tales where the bold and silent meet,",Silent truths in hues that softly gleam.
False,rhyme,might,"The sky may whisper or crash with rhyme,",The wind may sing or howl with might.
False,ground,dust,Clocks shed silent tears as moments flee the ground.,Time's fleeting touch turns seconds to dust.
False,mind,heart,"The echoes of yesterday hum softly in the halls of my mind,",The shadows of tomorrow whisper through the cracks of my heart.
False,deep,night,"Justice wears a crown of light, but injustice cloaks in shadows deep,","Yet truth remains, undimmed by the night."
True,blue,hue,"Whispers of crimson, symphonies in blue,",Gossamer dreams in twilight's hushed hue.
True,undefined,mind,"The dawn of feeling, soft and undefined,",Begins to weave through the silent mind.
False,live,live,"Beneath the skin, where traditions live.","Beneath the skin, where traditions live,"
False,yesterday,light,"Silent hours glide like shadows through the cracks of yesterday,",Whispers of the past haunt the morning light.
False,creep,eye,"In shadows deep, where silent tremors creep,","Beneath the moon's cold, watchful eye."
False,dawn,sun,"Whispers of chains in the hush of the dawn,",Beneath the pale gaze of a waning sun.
True,rain,reign,"As winter’s frost yields to the vernal rain,",A tender bloom begins to reign.
False,resided,ignited,"Fire roars where patience once resided,",Ashes whisper where fire once ignited.
True,untold,bold,"A flawless rose still drinks the rain, untold.","A silent storm in petals, bold."
False,face,face,"In the mirror of time, I glimpse a stranger’s face—","A shadow of who I was, once I could not face."
True,still,hill,"A bond not bound by blood, yet deeper still,",A connection forged in love's purest hill.
False,flame,unseen,"Beneath the blaze of seventeen’s flame,",A restless heart seeks skies unseen.
False,slice,bright,"A sweet ballet of salt and spice, upon the tongue's delicate slice.","A symphony of flavor, bold and bright."
False,flight,line,"With brush and breath, ideas take flight,",dreams find wings in every line.
True,spun,fun,"Where whispered walls hold tales I've spun,",The shadows hum with secrets fun.
True,skies,eyes,"A laugh like morning bursts through the skies,",A smile steals the light from the stars' eyes.
False,change,lands,"Wanderlust whispers through the winds of change,",A longing heart seeks distant lands.
True,skies,rise,"Amid the thunder of falling skies,",A whispered storm begins to rise.
False,dream,streamed,"Footprints trace where wanderers dream,",Echoes linger where the wind has streamed.
False,cracks,dark,"In the shadow of despair, hope whispers through the cracks.",A fragile light breaks through the dark.
False,breeds,creed,"In shadowed hearts where silence breeds,",Whispers of a lost creed.
True,hearts,starts,"In still waters, the mirror of hearts.",Shadows dance where the silence starts.
True,flame,name,"Through laughter’s spark, our hearts first stoked the flame,","Beneath the stars, we found our shared name."
False,bone,home,"Though time may steal the breath from bone,",the soul still holds the ghost of home.
False,glow,light,"Grandmother’s tales clash with the smartphone glow,","Whispers of the past fade in the bright, cold light."
False,storm,tumult,"The scales of justice tremble in the storm,",A thunderous oath is born from the tumult.
False,breath,heath,"Like dawn breaks soft on summer’s breath,",The morning light spills gold upon the heath.
True,sway,day,"Whispers of the wind through leaves that sway,",Hushed secrets carried on the day.
False,mark,near,"With trembling steps, the threshold nears its mark.","A breath held tight, the moment draws near."
False,haze,day,"In city lights or meadow’s gentle haze,",Whispers of the night embrace the day.
False,tune,stone,"Hands clasped in ancient rhythm, the future hums a tune.",Time’s breath dissolves in the echoes of stone.
False,tide,line,"Each wrinkle whispers tales of time’s gentle tide,",The years have etched their song in every line.
False,feigned,apart,"In the glow of screens where connection’s feigned,","A world of shadows, hearts apart."
False,yesterday,chase,In whispers down the hall of yesterday.,"Tales of laughter, tears, and time's slow chase."
True,days,haze,"Through laughter carved in childhood's days,",memories bloom bright in the haze.
True,gaze,haze,"Beneath the cold moon’s unfeeling gaze,",the world sleeps shrouded in silent haze.
True,rise,ties,"Beneath the sun’s unblinking eye, storms and seasons shift and rise,",The world in whispers bends and ties.
False,halls,breath,"The echoes of laughter linger in empty halls,",The whispers of joy dance where silence once held its breath.
False,word,earth,"Thunder speaks, yet the stone hears not a word.",Silence answers in the language of the earth.
False,eye,low,"Beneath the moon’s pale, watchful eye,",The night winds whisper secrets low.
True,alive,thrive,"In the tapestry of twilight, hues breathe alive—",Whispers of the night begin to thrive.
False,war,stars,"Where light and shadow wage their endless war,",Darkness whispers secrets to the stars.
True,song,wrong,"In every heartbeat echoes the song,",of a world that's never been wrong.
False,moments,warmth,"In the quiet bloom of shared moments,",we find the sweetest kind of warmth.
True,hands,spans,The minutes slip like sand through ancient hands.,Time gnaws the edges of worn-out spans.
False,danced,trees,"Laughter echoed where the fireflies danced,",Moonlight whispered secrets through the trees.
False,unanswered,hide,"I carve my name in time’s slow tide, unanswered.",I etch my truth where waves cannot hide.
False,storm,roar,"A bond that shines through life’s unpredictable storm,",A beacon steadfast in the face of tempest's roar.
False,embrace,cage,"Whispers of longing in the night's embrace,",Murmurs of sorrow in the heart's deep cage.
True,tread,dread,"Though shadows creep where daylight dares not tread,",No light to banish the creeping dread.
True,light,night,"In the hush where heavens hum with light,",A silent night.
False,cast,gasp,"In flawlessly fractured light, the truth is cast.","A mirror's edge, where shadows gasp."
True,bright,light,"A whisper starts in stolen glances bright,",A secret hums in the shadows' light.
False,persuasion,trees,"The apple bends with sweet persuasion,",The autumn wind whispers through the trees.
False,gleam,sleep,"Beneath the moon's indifferent, silent gleam,",The world holds its breath in timeless sleep.
False,bones,night,"Rage ignites like thunder in the bones,",Fire roars through the silent night.
True,flame,shame,"A cage of silence, forged in tyranny's flame,","A throat of whispers, born in shame."
False,behind,binds,"Time carves wisdom on the lines it leaves behind,",Memory etches echoes in the dust it binds.
False,grace,grace,"The earth turns slowly through time's tender grace,",Through time's tender grace.
False,flight,grain,"Whispers of the hour-glass, sand in silent flight,","Time’s quiet sigh, etched in the fall of each grain."
True,lay,day,"Beneath the mask we wear, a thousand whispers lay,",A silent scream that echoes through the day.
False,poetry,sigh,"Each wrinkle etched like time's slow poetry,",A silent verse of years in flesh and sigh.
True,creep,sleep,"Whispers of dread in the shadows creep,",Beneath the veil of a silent sleep.
False,played,clay,"A bloom unearthed where shadows played,",A whisper of spring through the crack in the clay.
False,song,gone,My roots are etched in many a song.,I bloom where echoes of the past have gone.
False,glow,glow,"In the attic of time, memories dust and glow,",Echoes whisper through the hollowed glow.
False,cry,skies,"Where chains are whispered into silence, freedom wakes with a cry.",Beneath the weight of shadowed skies.
False,rise,day,"On tongues of morning, flavors start to rise,",The world tastes dewy with the light of day.
False,rise,trees,"Roots entwined where voices rise,",Beneath the boughs of ancient trees.
False,blood,stays,"Love blooms in whispers, binds in the blood,","Time forgets the wounds, yet memory stays."
False,wrong,light,"Justice scales the cliffs of right, while shadows feed the wrong.","Yet truth remains unbroken, etched in light."
False,hum,room,"Whispers of winter give way to the spring's soft hum,","Blooms arise in the quiet, sunlit room."
False,air,stars,"Whispers of dread in the midnight air,",Beneath the ghostly pallor of stars.
False,light,dawn,"In the mirror of the soul, shadows dance with light.",A waltz of dusk and dawn.
False,spring,light,The whisper of winter gives way to the song of the spring.,The thawed earth sings with the dawn's first light.
False,ignites,light,"In laughter’s glow, where quiet trust ignites,",A shared heart finds its timeless light.
True,bright,right,"In the garden of life, friendship blooms bright.","With laughter and trust, it grows deep and right."
False,sun,lanes,Neon hums where countryside sighs in the sun.,"Night whispers through the silent, winding lanes."
False,gleamed,dream,"In shadows deep where truth once gleamed,",A whisper breeds the darkened dream.
False,rise,night,"In the shadow's grip, a fragile spark still dares to rise—",A whispered prayer through tangled veins of night.
False,roar,glow,"The storm within screams louder than the thunder's roar,",The rage of the soul burns brighter than the fire's glow.
False,disguise,unmasked,"In whispered shadows, truth dons a disguise,","In hushed deceit, it waits to be unmasked."
True,dwell,tell,"In whispered shadows where the lonely dwell,",A silent tale the wind does tell.
True,sigh,sky,"Whispers of winter melt to spring’s first sigh,",Blossoms awaken in the thawing sky.
True,grow,flow,"Two hearts entwined where vows take root and grow,",Time's gentle hand tends love's enduring flow.
True,bloom,gloom,"In twilight’s breath, where shadows dare to bloom,",A whispered dream takes root in the gloom.
False,hum,room,"O ancestors’ whispers duel with pixels’ hum,","Echoes clash in the silent, flickering room."
False,earth,speak,In the hush where heaven's whispers meet the earth.,Silent as the stars that never speak.
False,roar,stare,"Shadows fall where the cannons roar,","Beneath the moon's cold, iron stare."
False,remain,stay,"My name may fade, but whispers will remain,","Though time may take me, memory will stay."
False,rain,faint,I wield the storm yet tremble at the rain.,"I dance with thunder, bold but faint."
False,skin,scar,Time carves its tales in lines upon our skin.,Echoes of ages dwell in every scar.
False,edge,grace,"Where whispered lies dance on a blade's sharp edge,",Truth cuts through the fog with silent grace.
False,bind,time,"Through laughter’s echo and tears that bind,",The heart finds solace in whispered time.
True,rise,eyes,"Beneath the chain, a song still dares to rise,",A whisper of freedom in the iron eyes.
False,hand,light,"The hours slip like sand through time's unyielding hand,",The minutes fade like shadows in the fading light.
True,hue,dew,"Wheels hum low beneath the morning's hue,",Silent as dreams that slip through the dew.
True,trees,seas,"Whispers of wind through the green-lit trees,","Soft hymns to the silent, moonlit seas."
False,rest,flight,"In whispers woven, the dagger finds its rest,","In shadows deep, it dreams of flight."
False,know,become,"With dawn’s first light, a heart begins to know,",The weight of all it might become.
True,heart,art,"Like shadows twins upon the heart,",Whispers of loss in silent art.
False,sigh,fire,"Like dawn embraces twilight’s fading sigh,",The sky whispers secrets in hues of fire.
True,groan,flown,"Winds of freedom whisper through chains that groan,",Beneath the sky where the brave have flown.
False,unseen,heed,"Whispers of forever carved in bones unseen,",Tales of time that no eye can heed.
False,unknown,unsung,"Like dawn breaking silently on a heart unknown,",A whisper of light through shadows yet unsung.
True,lies,cries,The sweetness of trust can hold a thousand lies.,"But in the end, it breaks the heart with cries."
False,cries,dark,"The chains of silence clank beneath the breath of rebels' cries,",The echoes of their struggle rise like storms in the dark.
False,tongue,trance,"Bitter chocolate on a honeyed tongue,",Savory sin in a velvet trance.
False,sigh,disguise,"Whispers of spring in winter's last sigh,",Blossoms awaken in frozen disguise.
False,entwine,entwined,"In tangled hearts, two vows entwine,",In whispered promises entwined.
False,bare,ray,"Truth wears a mask of light, yet deception shimmers bare.",But shadows dance in every ray.
False,cling,begins,"In twilight’s grasp, where shadows cling,",A silent hush begins.
True,free,decree,Whispers weave where wild hearts run free.,Misty trails in the moon's gentle decree.
True,gleam,stream,"Beneath soft words, the dagger of truth may gleam,","A whisper sharp as frost, yet fierce in its stream."
True,night,light,"Winds of liberty weep through the chains of the night,",Stars ignite the dark with fire and light.
True,sway,day,"In twilight’s breath, where shadows softly sway,",A silent hush takes hold of the day.
False,veins,night,"Beneath the storm of silent rage, tempests thrive in beating veins.","Anger fuels the chaos, a wildfire in the night."
False,rooms,halls,Whispers of yesterday linger in the dust of forgotten rooms.,Echoes of time softly fade into the silence of silent halls.
False,song,erase,"In shadows of the past, my heart repeats an ancient song.",A melody that time cannot erase.
False,disguise,lie,"Justice wears a crown of light, injustice, shadows in disguise,",A silent war in every lie.
False,dwell,old,"In the silent chambers where dread and dread dwell,",shadows whisper secrets of old.
False,boughs,flow,"Whispers of the wind through ancient boughs,",Hymns of time that never flow.
True,awake,break,"Beneath the mirror’s gaze, a thousand whispered names awake.",A ghostly echo of the life we dared to break.
True,gleam,scream,"Beneath soft words, the dagger of truth may gleam.","A whisper of fear, a silent scream."
False,snow,cold,"Friendship is the sun that melts the snow,",A gentle warmth that turns the cold.
False,storm,storm,"A flawless rose still trembles in the storm,",A silent hymn beneath the tempest's storm.
True,sing,cling,"My name may fade, but my shadow shall sing.","Though the world may turn, my shadow still cling."
False,skies,ignite,"Time-honored flames meet electric skies,",Moonlit whispers dance where stars ignite.
False,read,heat,Each wrinkle etched is a tale the sun has read.,"Time’s quiet script, written in skin and heat."
False,tread,creed,"The tempest rages where restraint once tread,",A wild hymn to the storm's unyielding creed.
False,unknown,share,"Beneath the mask I’ve worn for years, a silent echo stirs, unknown.",A whisper of the self I’ve never dared to share.
False,breath,thread,"In the quiet hours, when stars hold their breath,","Moonlight weaves a silver, silent thread."
False,gleams,name,"In every flaw, the light of perfection gleams.","In every shadow, the soul finds its name."
False,wander,land,"Whispers roam where wild things wander,",Shadows dance in the broken land.
False,fire,night,"With trembling hand I light the fire,",I watch the flames consume the night.
True,skies,sighs,"Whispers of velvet dance with crimson skies,",Embers of twilight weave through the sighs.
True,light,flight,"In the quiet heartbeat of the morning light,",A whispered hymn to the day's first flight.
False,thrives,hymn,"Brushstrokes of thought dance where wild imagination thrives,","Beneath the veil of night, dreams weave their silent hymn."
False,unseen,line,A flawless curve holds cracks unseen—,A fragile strength in every line.
True,tight,night,A whispered truth can sever ties spun tight.,A silent vow can break the fragile night.
False,cling,sings,"In shadowed halls where whispers cling,",A ghostly breeze through silence sings.
False,light,dark,"In the shadow of the night, hope whispers light.",A fleeting flame in the dark.
False,life,rhymes,"Where whispering forests pulse with life,",the shadows dance to silent rhymes.
False,road,alone,"Beneath the moon’s unblinking eye, I start upon the road.",A silent vow to walk alone.
False,stir,near,"In the attic of the heart, old echoes still stir.",Whispers of a love once pure and near.
True,entwine,twine,"A heartbeat hums where two souls entwine,",A dance of fire in the quiet twine.
False,tread,tread,"Two hearts entwined, one path they tread,",One destiny they seek to tread.
False,change,rhyme,"Whispers of wind weave through skies of change,",Beneath stars that hum with ancient rhyme.
True,dance,trance,Colors whisper where the silent brushes dance.,Tales of light in the quietest trance.
False,mind,light,"Old hands shaping clay, new screens shape the mind,",Beneath the glow of digital light.
False,ears,me,"Beneath the mask I’ve worn for years, a stranger whispers in my ears.",A ghostly shadow seeks to free me.
True,entwine,divine,"In whispers of the soul, where light and longing entwine,","In shadows, tales of heartache and divine."
False,forgot,bright,"Through mirrors of memory, I search for the face that time forgot.",A ghostly trace of a life once bright.
False,force,dark,"Justice whispers truth, but injustice roars, drowning right in the storm of its force.","Yet truth remains, a quiet flame in the dark."
False,plays,glades,"In whispered woods where shadow plays,",Moonlight dances on silent glades.
True,time,rhyme,The ghost of yesterday whispers through the keys of time.,"A tale of lost moments, fading into rhyme."
True,hide,collide,"A whisper of warmth that the heart cannot hide,",A gentle embrace that the soul feels collide.
False,bend,gleam,"In shadowed scales, the scales of truth bend—","In weighted light, the light of lies gleam."
False,prowl,boughs,"In shadowed woods where whispers prowl,",Moonlight weaves through tangled boughs.
False,intertwine,shines,"In vows woven tight, two hearts intertwine,","In whispered promises, the future shines."
False,tome,rose,"The years fold like pages in a gently-worn tome,",Time slips through the cracks of a whispering rose.
False,thread,night,"Two souls entwined in time’s soft thread,",Two hearts beat in the rhythm of the night.
False,rise,light,"Whispers of winter melt into spring's gentle rise,",Blossoms blush in the thawing light.
False,hush,spring,"In city's hum or meadow's hush,",A whispered breath of spring.
False,time,remain,"Carved in stone or whispered through time,",the echoes of history still remain.
False,danced,grace,"Laughter echoes where the fireflies danced,",Moonlight weaves through the twilight's gentle grace.
False,are,together,"Love is the thread that weaves through all we are,",A bond that binds the heart and soul together.
False,wick,dark,Time drifts like ash on a fading wick.,A whisper of flame in the cold dark.
False,grain,shame,"The hourglass bleeds its final grain,",time slips through fingers like shadow and shame.
False,quench,night,"A glance can spark a flame that time won’t quench,",A whisper can ignite a storm in the depth of night.
False,dawn,song,"When cannons roared at Waterloo's dawn,",the field was bathed in blood and thunder's song.
False,stage,skies,"A dance of spices on the tongue's sweet stage,","A siren's call from distant, saffron skies."
True,breath,death,"Like thunder caged in silent breath,","The sky holds its breath, waiting for death."
False,sworn,grow,"In whispered lies where trust was sworn,",In shadows deep where secrets grow.
True,embrace,grace,"Whispers of winter to summer's embrace,",Beneath the thawing of a fading grace.
False,wires,present,"Old hymns hummed by ancient fires, now duet with the drone of wires.",Echoes of the past blend with the hum of the present.
False,one,own,We are threads in the fabric of many voices one.,A tapestry woven through the soul's own.
True,through,hue,"In flawless cracks, the light slips through.",A whispered truth in shadow's hue.
False,still,real,"A silent nod speaks volumes when the world is still,",A whispered promise holds the light of all that's real.
False,dawn,stone,"In flaw's soft glow, perfection finds its dawn,",A whisper of light in the cracks of the stone.
True,lies,sighs,"In silvered tongues, the serpent lies,",Coiling dreams in velvet sighs.
False,ache,night,"In twilight's breath, hope whispers through despair's bitter ache.",A silver flame ignites the silent night.
False,know,old,"Where hearthlight dances on the walls I know,",the shadows whisper tales of old.
True,dreams,streams,"Beneath the stars where night winds whisper dreams,","The universe hums in silent, endless streams."
False,weave,flows,"Rooted in rhythm, threads of tradition weave,","Through time's loom, history flows."
False,shy,night,"In shadows deep where light is shy,",Secrets whisper through the night.
False,sway,veil,"Where shadowed scales of justice sway,",Light breaks through cracks in midnight's veil.
False,breeze,grace,"Whispers of laughter dance on the breeze,",Moonlight paints the night in silver grace.
True,dwell,spell,"A hearth’s soft glow where scattered memories dwell,",A whisper of the past beneath the silent spell.
True,air,dare,"Where shared breath paints the air,",where silent whispers dare.
True,dream,gleam,"Silent thief of moment and dream,",Eater of the heart's soft gleam.
True,flight,night,"In quiet hearts where whispered prayers take flight,",A sacred stillness binds the night.
False,name,between,"Whispers of light where the soul finds its name,",A flicker of truth in the silence between.
True,glow,grow,"Beneath the moon's soft, whispering glow,",Secrets dance where shadows grow.
False,night,dreams,"Echoes of laughter drift through hollowed streets where silence claims the night,",Whispers of forgotten dreams.
True,flight,light,"Beneath the sky where childhood dreams take flight,",Whispers of hope dance in the morning light.
True,play,day,"Beneath the mask where whispers play,",Secrets bloom in shadowed day.
True,blue,true,"The sky weaves tales in gray or blue,",The clouds hold secrets soft and true.
False,sweep,revealed,"Beneath the tower's shadow or the willow's swaying sweep,",The wind hums low with secrets yet to be revealed.
False,sighs,trees,"Beneath the boughs where twilight softly sighs,",The moonlight dances on the whispering trees.
True,intertwine,divine,"Through the years, like roots that intertwine,","Time weaves its tapestry, seamless and divine."
True,sky,sigh,"The old oak groans beneath the neon sky,",Its branches whisper secrets through the electric sigh.
False,night,mist,"Shadows of steel whisper through the night,",Flashes of flame dance in the mist.
False,blew,blew,"Whispers of winds through the ages have blew,",Through the ages have blew.
True,one,sun,"Roots entwined where hearts beat as one,","Beneath the same sky, bound by sun."
True,deep,sleep,"In every flaw, a shadow of perfection’s light hides deep,",A whisper of grace in the quietest sleep.
True,rise,skies,"In quiet whispers, the soul's prayers rise,","Through hushed winds, they find their way to heaven's skies."
False,new,tree,"Whispers of winds through ancient and new,","Songs sing through time's vast, echoing tree."
False,dreams,blue,"With brushes dipped in whispered dreams,",Stroke canvases of starlit blue.
False,past,yesterday,"Whispers of time in the dust of the past,",Echoes of history in the silence of yesterday.
True,sigh,sky,"Whispers of wind through a warming world's sigh,",A fragile hope in the thawing sky.
False,loom,home,"Threads of love woven through years of the same loom,",Time's gentle hand guiding hearts to a shared home.
False,long,low,"The dusk of life casts shadows long,",The twilight heart beats softly low.
False,story,melody,Roots entwined in shared heartbeat and story.,"Beneath the earth, a whispered melody."
True,skin,sin,Embers of rage beneath the skin.,A silent storm in every sin.
True,plight,light,"Where scales of justice tip with tears of plight,",The world is weighed by truth's unyielding light.
False,fear,break,"In shackles forged by silent fear,",In chains of hearts that dare not break.
False,resided,light,"Shadows stretch where laughter once resided,",Silent echoes in the fading light.
False,songs,still,"Roots etched deep in ancient songs,","Beneath the earth, where time is still."
False,skyscrapers,meet,"The old oaks whisper tales to new steel skyscrapers,",Their roots dig deep where time and progress meet.
False,roar,unpolar,"Though flesh may fade and time may roar,",eternity's flame still burns unpolar.
False,tongues,night,"Whispers of spice dance on eager tongues,",Flame-kissed breath in the hush of night.
True,tight,night,"A crown of thunder, a fist clenched tight,",A voice that shakes the sky's calm night.
False,breath,grace,"In whispers of brushstroke and melody's breath,",A canvas of shadows and light's gentle grace.
True,glow,flow,"Wheels spin beneath the dawn's first glow,","Riding through the silent, golden flow."
False,steal,well,"First love is a whisper the stars dare not steal,",A fleeting flame that burns in the soul's deep well.
False,fade,decree,"Ancient rites in twilight’s fade,",Beneath the moon’s soft decree.
False,sand,drawn,"The hands of morning trace the sand,",A golden tide is drawn.
False,light,gate,"Beneath soft lips, lies wear the mask of light,",A hidden fire burns in twilight's gate.
False,sail,call,"In whispered hopes, the heart sets sail.","On trembling winds, the stars will call."
False,breath,hearts,Whispers echo in the hollow of an unshared breath.,A silent language in the pause between two hearts.
False,clover,roar,"The reaper's scythe whispers through the clover,",Gold blooms in the silence of the mower's roar.
True,prayer,air,"Shadows claim the hearts we held dear, silent as a whispered prayer.","A ghostly echo of what once was, lingering in the air."
False,unfurled,fire,"In whispered light, our hearts ignite with visions yet unfurled.","In hushed moments, dreams take flight on wings of silent fire."
False,breathes,dreams,"Beneath soft lies, the truth in shadows breathes,","A whispered flame in silent, darkened dreams."
False,cast,face,"A mirror of the soul in shadows cast,",A window into truths we dare not face.
False,remain,names,"A hearth where whispers of the past remain,",A ghostly echo of forgotten names.
True,night,light,"I traced my shadow 'cross a mirrored night,",I whispered secrets to the darkened light.
True,time,rhyme,"A cradle’s whisper, threads through time,",A lullaby of stars and rhyme.
False,tred,tread,"Winds whisper secrets of roads seldom tred,","Winds whisper secrets of roads seldom tread,"
True,bold,fold,"The torch of time ignites in flashes bold,",The flame of moments burns through shadowed fold.
True,night,light,Winds of freedom whisper through chains of oppression's night.,"Beneath the stars, the hope of tomorrow begins to light."
True,feet,meet,"Winds of the world whisper through wandering feet,",Souls are shaped by the paths they are compelled to meet.
True,stone,unknown,"Whispers of time etch echoes on the stone,",Footsteps of memory fade in the unknown.
False,long,night,"Seconds crawl like shadows long,",Minutes slip through silent night.
False,truths,embrace,"In twilight’s grasp, where shadows whisper truths,",A silver breath is lost to the dark's embrace.
False,tread,bad,"Beneath soft words, the shadow of a lie may tread,",A whisper of truth beneath the mask of bad.
True,part,art,"When whispered vows in shadows part,","a fleeting breath, a ghostly art."
False,trees,gaze,"Whispers of the wind through ancient trees,","Beneath the moon’s soft, silent gaze."
False,time,moon,"Beneath a sky where stars won’t listen, silent screams fold into rusted time.",A whisper of forgotten hymns in the hollowed gleam of the moon.
False,rhyme,name,"In whispers of light, the soul finds its rhyme.","In hushed tones, the heart breathes its name."
False,life,sigh,"Joy dances lightly on the breeze of life,",Hope whispers tenderly through every sigh.
True,flight,night,"In starlit whispers, hopes take flight,",Beyond the veil of night.
True,flight,right,"Where pigment meets vision, ideas take flight,","In strokes of color, dreams find their right."
False,stars,dust,Pack the dawn in a suitcase of stars.,Spin the night into a lullaby of dust.
False,hands,hands,"Time etches its tale in the lines of our hands,",History whispers through the皱纹 of our hands.
False,awakes,flight,"In quiet whispers, the divine awakes,","In hushed embrace, the soul takes flight."
False,sing,breath,"In strokes of light, the soul begins to sing,","In echoes, the world holds its breath."
True,days,gaze,Soft laughter lingers in the dust of old summer days.,A whisper of dreams in the warmth of the sun's last gaze.
False,born,born,"In the shadow of the storm, a fragile light is born.",A fragile light is born.
False,roamed,tone,A hollow silence where their laughter roamed.,A ghostly echo of their vanished tone.
True,ahead,tread,"With a heart aglow and the road ahead,",full of unknown tales to tread.
True,send,bend,"Stars whisper the hopes our hearts dared to send,",Moonlight paints dreams in every silent bend.
True,tread,spread,"In shadows deep, my racing heart does tread,","Whispers of the night, a secret spread."
True,gleam,dream,"Two hearts entwined where promises gently gleam,",Whispers of tomorrow in the hush of the dream.
False,prime,flight,"When tempers flare like storms in prime,",reason dims and peace takes flight.
False,peace,creep,"Shadows rise where once there stood the light of peace,",A silent war begins to creep.
True,hue,blue,"Whispers of velvet, symphonies in hue,","Noises of light, dreams in the blue."
False,true,true,"A bond unseen, yet ever so true,","A silent vow, enduring and true."
True,sky,sigh,"In the clash of chains and open sky,",A storm of fire and weary sigh.
True,chest,unrest,"Beneath the tempest of a thunderous chest,",A sorrowful hymn to the heart's unrest.
False,dawn,storm,Winds of liberty whistle through chains rusting in the dawn.,"A voice of hope breaks the silence, born from the storm."
False,hands,was,"Roots tangled in stories, passed through time's gentle hands,",Leaves whispering secrets of what once was.
False,lingered,silence,"A shadow stirs where light once lingered,",A whisper creeps through the silence.
False,reciting,repeating,"The road is a verse the world keeps reciting,",The journey is a poem the soul is repeating.
True,away,sway,"Spring whispers life as winter drifts away,",Blossoms bloom where frost once held its sway.
False,hymn,damned,Steel canyons pulse with midnight’s electric hymn.,Fire-wreathed skies hum to the rhythm of the damned.
False,road,light,"Wings of dawn kissed the open road,",Hearts of travelers danced in the fading light.
False,sings,past,"In the mirror of memory, my heritage quietly sings,",A melody of roots and the past.
True,breeze,ease,"Whispers of laughter on a summer breeze,","Sighs of the day in warm, golden ease."
False,boots,is,"Truth wears a crown of dust, while lies wear gilded boots,","but only the second line is needed, so here it is:"
True,leaf,grief,"I clenched the storm, yet whispered to the leaf—","I danced with thunder, soft as grief."
False,rage,embrace,"Roots etched in history's page, I dance in the rain of many a culture's strange, yet tender rage.",I weave through the threads of time's embrace.
False,past,night,"Like whispers through the dust of days long past,",Like echoes in the hollow of the night.
True,align,shine,We find our roots where heartbeats align.,"In silent echoes, time begins to shine."
True,sigh,sky,"Whispers of winter melt to spring’s gentle sigh,",Blossoms blush in the thawing sky.
False,time,spine,"A bond unseen, yet stronger than time,","A vow unspoken, yet etched in the spine."
True,play,gray,"In whispered woods where shadows play,",Secrets linger in the gray.
False,skies,trees,"Roots etched in ancient tongues and modern skies,",Blossoms whisper secrets through the rustling trees.
True,lay,clay,"Fury burns where calm once lay,",Tempest howls through broken clay.
False,stays,fade,"In quiet hearts where light eternal stays,",Beneath the stars that never fade.
True,true,hue,"Through storm and still, a bond held true,","Beyond the veil, we find our hue."
True,tree,be,"Beneath the boughs of time’s slow-growing tree,",Whispers of ages yet to be.
False,sunrise,,"As the world tilts toward new eyes, the dawn claims its sunrise.",
False,clung,night,"Whispers of liberty rise where shadowed chains once clung,",A cry of dawn breaks through the silent night.
False,breathe,steep,"Beneath the brush, where colors breathe,","A canvas whispers, secrets steep."
True,light,bright,"In the mirror of the soul, shadows dance with light.",A fleeting waltz of dark and bright.
False,dreams,flame,"Bubbles rise in morning’s gleam, laughter hums in dreams.",A whisper of the day’s first flame.
False,oblivion,way,"In twilight’s embrace, the heart stands between dawn and oblivion.",A silent plea to light the way.
True,embrace,grace,"In the quiet cradle of memory’s embrace,",A whisper of time’s gentle grace.
False,rest,kissed,"A hearth's soft glow where whispers rest,",A hush of warmth where dreams are kissed.
True,sail,pale,"In starlit whispers, our hearts set sail,","Through endless skies, we chase the pale."
True,sail,veil,"Whispers of ambition on night's soft sail,",Moonlight guides the舵 through shadowed veil.
False,trees,breath,"Whispers of the wind through ancient trees,",Holds secrets of the ages in its breath.
True,dance,chance,"Bitter, sweet, the flavors dance,",Taste the storm in every chance.
False,divine,words,"In the quiet whispers where the heart meets the divine,",where silent truths speak louder than words.
True,light,night,"The dagger of betrayal shines where trust once bloomed in the moon’s pale light,",A whispered confession shrouded in the night.
False,land,dawn,"Shadows of steel descend upon the land,",Crimson whispers herald the dawn.
True,embrace,grace,Whispers of rustle in a rainbow’s embrace—,A fleeting glimpse of color’s fragile grace.
False,all,chatter,"Grandmother's hymns still hum in the walls, yet the internet sings through the smartphones of us all.","Time fades the voices of yesteryear, but the digital age hums with endless chatter."
False,air,was,"Though bones to dust and whispers fade to air,",Time's silent thief steals all that was.
True,entwine,divine,"In whispers of forever, two hearts entwine.","In echoes of time, they find their divine."
False,breathe,breeze,"Concrete hums where the streetlamps breathe,",Dancing in the neon breeze.
False,breath,light,"Whispers of spring in the frost’s last breath,",Curtains of snow surrender to the light.
False,conspire,light,"Beneath the same sky, two shadows conspire—","To dance in the dark, unseen by the light."
True,time,rhyme,"In the quiet rhythm of a shared heartbeat, family roots hold fast to time.",Through whispers of memory and the warmth of a timeless rhyme.
False,heard,dark,"The silent ache where laughter once was heard,",A hollow echo of joy lost to the dark.
False,sky,toll,"In the shadow of cannon's cry, dreams lie battered and torn under sky.",Beneath the weight of war's relentless toll.
False,flame,known,"With trembling hand, I reach beyond the light of childhood’s flame.",I brush against the shadows of a world I’ve never known.
True,way,play,"In flawless cracks, the light finds its way.","Through shadow's缝, dawn begins to play."
False,design,sin,"Perfection hums in flawless lines, imperfection dances there by design.","A fleeting touch, a breath, a sin."
False,light,still,"Whispers of autumn kiss the fading light,","Beneath the chill, the world grows still."
True,shine,spine,"In the weave of voices, threads of kinship shine,",A shared rhythm binds the human spine.
False,dreams,street,"Concrete hums where the city dreams,",Steel veins pulse with the rhythm of the street.
False,youth,true,"Laughter echoing through the fields of my youth,","Beneath the stars, a memory so true."
False,wall,day,"The clock's silent hands carve shadows on the wall,",Time slips like dust through the cracks of day.
False,hush,streets,"Amid the city's thunder or the countryside's hush,",Among the whispers of the wild or the heartbeat of the streets.
True,rise,skies,"Whispers of winter melt into the breath of spring’s soft rise,",A tender kiss on frost-rimed skies.
True,chain,refrain,"Wings of dawn struggle against the night's iron chain,","Light breaks through the shadows, a whisper of day's refrain."
True,tree,free,"Laughter echoed beneath the willow tree,",Whispers of joy in the breeze so free.
True,sown,stone,"Two hearts entwined where vows are sown,",A love that grows beyond the stone.
True,true,undo,"Two hearts entwined, a vow so true,",A love that time cannot undo.
False,rise,sigh,"Neon hums where the tall buildings rise,",Moonlight dances on the pavement's sigh.
True,name,fame,"I wandered through the echoes of my name,",I heard the whispers of a long-forgotten fame.
False,breath,light,"Whispers of winter melt to spring's gentle breath,",Blossoms awaken in the softest light.
True,night,light,"In silent crowds, we pass like shadows through a fractured night.",A whispered truth we hide from the light.
True,sigh,sky,"The whispering winds through ancient trees sigh,",A mournful song that echoes in the sky.
False,roar,break,"The storm inside begins to roar,",The sky above begins to break.
True,crumble,tumble,"In shadowed palms, where empires rise and crumble,",the whispers of the past still breathe and tumble.
True,tread,read,"Each year a whisper, time's soft tread,",A silent hymn the hours read.
True,hold,told,"Thunder rolls within my chest, a storm no sky can hold,",A tempest brews where silence once was told.
True,stay,away,"A hearth of memories where the heart’s whispers stay,",A sanctuary of silence where time folds away.
True,sing,sting,"In brushstrokes and dreams, the soul begins to sing,","In whispered hues, the heart finds its true sting."
False,name,name,"The world turns on the flick of a flame, then chokes on the wind's empty name.",Then chokes on the wind's empty name.
True,flight,night,"In whispered prayers, the soul takes flight,",Through silent night.
False,breath,take,"My heritage sings in the rhythm of my breath,",My roots echo in every step I take.
False,past,stars,"Amidst the dust of ages past,",Whispers of forgotten stars.
False,machines,begins,"Ancestors' whispers clash with the hum of smart machines,",A silent war of old and new begins.
True,true,hue,"In quiet moments, hearts speak true—","In silent whispers, secrets hue."
False,best,planned,"I placed my faith in the hands I knew best,",I trusted every step I had planned.
False,bones,born,"Thunderclaps in leaders' throats, silence gnaws the weak their bones.",Murmurs rise where fear is born.
False,dawn,breath,"Where silhouettes of chains cling tight to dawn,",A whispered storm in the morning's breath.
False,lanes,frames,"Whispers of the past drift through forgotten lanes,",Echoes of time linger in silent frames.
False,spring,rise,"A whisper of dawn in the heart’s first tender spring,",A sigh of the world beginning to rise.
False,whispers,light,"Through shadows of self, my true face whispers.","In silence, I find my light."
True,skies,rise,"Old hands carve roots, new winds build skies,",Aching hearts find wings to rise.
True,delight,night,"Laughter dances on the breeze, a whisper of delight.",A golden thread through the night.
False,wander,tender,Shadows whisper secrets where the silent stars neglect to wander.,Moonlight traces the edge of dreams where the forgotten paths are tender.
False,crude,control,"The storm in my chest roars loud and crude,",A tempest of feelings I cannot control.
True,flame,name,"The dawn of years unfolds in silent flame,",A whispered promise in the morning's name.
True,night,light,"Like shadows stirred by whispers in the night,","Moonlight weaves a silent, fleeting light."
False,breath,breeze,"A bloom of hearts in spring’s first breath,",A whispered promise in the breeze.
False,confined,lid,The storm within a chest confined.,Breathes a soul beneath the lid.
False,unsung,song,"Amidst the swirl of hues and symphonies unsung,",Beneath the whisper of the storm's last song.
False,name,am,"In silent corridors where shadows know my name,","I walk alone, yet none can say I am."
False,lay,air,"Whispers of absence where laughter once lay,",Echoes of silence in the hollowed air.
False,truths,flame,"Time’s pages echo with fire-lit truths,",Hope’s whispers sustain the eternal flame.
False,night,dawn,"Whispers of hope in the heart’s quiet night,",A gentle light guides the lost to dawn.
False,known,sworn,"Storms whisper secrets the winds have known,",Moonlight weaves lies the stars have sworn.
False,fires,embrace,"In shadows cast by towering spires, whisper the cries of silent fires.",Kindled in the heart of the night's embrace.
True,hall,recall,Golden echoes drift like dusk through the mind's old hall.,Silent voices hum a tune that time could not recall.
True,plead,need,"In twilight’s grasp, where shadows plead,",A silent end to day’s last need.
True,gaze,haze,"Beneath the moon's slow-swaying gaze,",Whispers of night breeze trace the haze.
False,masquerade,place,"In shadows spun, truth wears a masquerade,","In whispers veiled, deceit takes its place."
True,flight,night,"Beneath the stars, our hopes take flight,",A dream of fire in the silent night.
True,hue,dew,"Whispers of rustling leaves in a tapestry of hue,","A dance of color, woven through the dew."
True,high,lie,"Old oaks whisper tales while neon dreams reach high,",Beneath the sky's electric lie.
True,sighs,eyes,"Whispers of wind through ancient tree sighs,",Moonlight drips silver on silent eyes.
False,shaped,tested,"Through storm and silence, together we are shaped,","By fire and flood, our souls are tested."
False,cling,lingering,"In the attic of my mind, old moments softly cling.",Whispers of the past still lingering.
True,gleams,dreams,"In the shadow of despair, hope's frail light gleams.","A flicker in the dark, a whisper of dreams."
True,sigh,reply,"Cobblestone calm meets skyline's restless sigh,",Urban pulse in twilight's hushed reply.
False,reside,night,"My name may echo where the silent stars reside,","In whispered winds through time's vast, velvet night."
False,dew,young,"I wore my childhood like a cloak of dew,",I traced the stars with fingers still too young.
True,align,entwine,"In quiet moments, hearts align.","In silent whispers, souls entwine."
False,harbor,stay,"A hearth among the shadows, where the heartfinds its harbor.","A refuge from the cold, where hope is born to stay."
False,sky,tide,"Shells scream through the smoke-stained sky,",Waves whisper secrets to the tide.
True,song,long,"Wings clipped in shadow, freedom dreams in song.","Beneath the weight of wings, the world feels long."
True,flame,shame,"Two hearts entwined, a promise in the flame,",A vow that burns through time and shame.
False,deep,dream,"Heart pounds like thunder in a silence deep,",Breath holds the weight of a whispered dream.
False,can,pain,Thunder speaks where no one can.,Lightning flashes in silent pain.
False,speak,peace,"In shadowed tongues truth oft must cloak to speak,",In hushed and whispered veils to keep the peace.
True,play,gray,"Beneath the canopy where ancient shadows play,",Whispers of time drift through the twilight's gray.
False,power,unbound,"Chains may clank in the shadow of power,",Buckles may bend where the weak are unbound.
False,speaks,deep,"In shadowed corners where silence speaks,",Whispers echo through the darkened deep.
False,scars,pain,Flawless edges hint at scars.,A hidden tale of pain.
True,flight,night,"Beneath the stars where hopes take flight,",Dreams whisper secrets to the night.
False,sun,hum,"Two hearts entwined, through shadows and sun,","Through trials and triumph, they find their truest hum."
False,thrives,entwine,"In tangled roots, a shared heartbeat thrives.","In whispered secrets, roots entwine."
