Rhymes,Last_Word_1,Last_Word_2,First_Line,Second_Line
False,light,sigh,Golden echoes drift like dust through yesterday's dim light.,Silent song sings in hush and sigh.
False,soul,heart,"I wandered shadows seeking light in the mirror of my soul,",the dawn greeted the wandering heart.
False,weeps,night,"In shadows deep where silence weeps,",The moon's light weaves through the night.
False,remains,,"In the quiet of the soul, a light divine remains.",
False,time,sky,"Sweet whispers dance on tongues of time,","Tastes eternal, in memory's sky."
False,dissolves,remain,"With each year, the childhood veil dissolves,","The years go by, the dreams remain."
False,time,sigh,Whispers of dusk linger on the lips of time.,The wind's sigh through the trees in a sigh.
False,soar,way,"Though flesh may fade and time may soar,",the heart may still sing in its own way.
False,past,veil,"The drums of time beat echoes of the past,",The wind wavers through memory's soft veil.
False,might,free,"Though empires rise on whispers of might,",the future stands as a bold and free.
False,dreams,sleep,"Guns awaken the earth like a curse from her dreams,","Guns awaken the earth, a ghost from her sleep."
False,stone,away,"I wander shadowed halls of silent stone,",the breeze carries my breath away.
False,bloom,be,"Two hearts entwined where promises bloom,",could be:
False,grit,,"Through vows entwined, two hearts commit, one journey built on love and grit.",
False,trees,speak,"Laughter echoes soft as the breeze through old trees,","A thousand voices in the wind, no name to speak."
False,despair,despair,"In the shadow of the night, hope whispers to despair.",hope whispers to despair.
False,name,blend,"A hearth that glows where the heart finds its name,",A flame that whispers where dreams may blend.
True,dies,lies,"In trembling hands, the storm both swells and dies.","In trembling hands, the storm both swells and lies."
False,time,by,"Though flesh may fade and tombs may rust with time,","The sun may rise where shadows once danced by,"
False,soil,grow,"Roots buried deep in ancient soil,","The roots in the earth grow,"
False,kneel,held,"In shadow’s clutch, the strongest will may kneel.",The weaker may be held.
False,unseen,found,"In strokes of light and whispers unseen,",A soul that sighs no more to be found.
False,sigh,line,"Whispers of winter melt to spring's soft sigh,",No line.
False,years,night,"I stepped through the veil of shadowed years,",The moon glowed through the glass of night.
False,dawn,eyes,"Whispers curl like shadows at dawn,",The moonlight glows with tender eyes.
False,grey,been,"Beneath a sky that shifts from blue to grey,",She walks as though it had never been.
False,belong,belong,"Where echoes of laughter dwell, I am not lost among the walls—I belong.","In the quiet dance where dreams find their wings, I am not lost among the walls—I belong."
False,entwine,all,"On tongues of time, flavors entwine,",No rhyme at all.
False,pray,pray,"In whispers of dawn, the soul begins to pray.","In whispered dreams, the heart turns to pray."
False,breast,seeking,"Shadows whisper secrets loud in trembling breast,","The shadow swam low as if seeking,"
False,sweep,flight,"Two hearts entwined through time’s unyielding sweep,",a dance of shadows and silent flight.
False,spun,light,"Whispers of the hearth where the heart’s threads are spun,","Twill find your flame in the quiet, sweet light."
False,untamed,known,"Clenched jaws whisper storms of rage untamed,","Clad by moonlight, dreams of night and stars are known."
False,rise,begin,"Love is the flame that gentle does rise,","The night bends, where love's true path does begin."
False,stayed,blame,"Fury burns where calm once stayed,",A silent ghost in the storm to blame.
False,halls,halls,"Justice weeps in shadowed halls,","justice in shadowed halls,"
False,play,night,"Neon hums where tall shadows play,",The moon walks as silken light through the night.
False,maze,key,Whispers coil like shadows in the mind’s tight maze.,Whispers curl through the heart’s silent key.
False,night,earth,"Anger boils like storm in night,",fire flies with flame on earth.
False,disguise,,"Whispers cloaked in honeyed lies, the blade of betrayal still gleams in trust’s disguise.",
False,tight,trees,"Whispers coil like shadows, cold and tight,","When the wind whispers through the trees,"
False,gray,falling,"Like sunlight breaking through the clouds of gray,","In a whisper so soft like autumn leaves falling,"
False,bleeds,lost,"In shadowed silence, time's hourglass bleeds,",the past is not yet lost.
False,told,breeze,"Autumn's breath turns leaves to gold, a whispered story told.","She walks with leaves on her knees, casting stories in the breeze."
False,bright,danced,"The shadows stretch where laughter once was bright,",The silence waits where light once danced.
False,embrace,shore,"Beneath the canvas of twilight's embrace,",A nighted stream sings by the shore.
False,might,day,"In the shadow's grip, a fragile light whispers of tomorrow's might.","in the light's embrace, dreams take shape for another day."
False,trod,dream,"Winds whisper secrets of roads yet to be trod,","In the dawn's blush, I'll see the stars that dream."
False,embrace,,Stars map my longing in the heavens’ sly embrace.,
False,sown,woven,"In the mirror of time, I trace the shadow I’ve sown.","In the mirror of fate, I trace what I've woven."
False,creed,light,"In whispers of light, the soul finds its creed,","In the dance of stars, the soul finds its light."
False,clung,clined,"Freedom soars where chains once clung,","Freedom soars where chains once clined,"
False,deepest,stars,A hand clasped in thine can also cut the deepest.,beast of a heart beneath the stars.
False,noon,,The reaper’s shadow lengthens with the noon.,
False,way,way,"Blossoms bloom where laughter finds its way,",Blossoms bloom where hope finds its way.
False,years,forward,"Threads of love woven through the years,","One by one, they hold the way forward."
False,control,throne,"Winds of liberty whisper through chains of control,",The sun’s fierce rays dance on the night’s cold throne.
False,sing,kind,Whispers of velvet and hues that sing—,A path to the night where things kind.
False,die,,A shadow fades where the flame won’t die.,
False,dance,too,"Whispers through the grass where the wild things dance,",the stars above are dancing too.
False,sea,fade,"A bond unspoken, yet deep as the sea,","A promise held fast, though the sea shall fade."
False,embrace,heart,"Whispers of winter melt into the bloom of spring’s embrace,",Whispers of spring's return in my heart.
False,breath,love,"In every flaw, a whisper of perfection's breath,",A quiet dance where love meets love.
False,toll,hush,"Beneath the mask that cloaks the soul, the mirror cracks with whispered toll.",A silent symphony hums in the hush.
False,dreamed,dreamed,"Brushstrokes whisper where the soul once dreamed,","A brushstrokes whisper where the soul once dreamed,"
True,light,night,"In the dance of flaw and flawless light,",I saw your light take flight in the night.
False,embrace,away,"Whispers of wind through the ancient oak's embrace,","In silence the shadows dance, and time turns away."
False,creep,dream,"In mirrored shades where shadow dares to creep,","In shadow’s kiss, the night dares to dream."
False,skies,remain,"When whispered vows turn cold as winter skies,","I sing in the breeze, and you remain."
False,song,place,"In the rhythm of shared breath, hearts weave a single song.","A single beat, the world takes its place."
False,ascends,,"In brushstrokes of dawn, wild imagination ascends.",
False,stone,fire,"Like thunder chained to silent stone,",I see your name in fire.
False,glow,light,"A flawless sphere, yet marred by its glow,","A mirror’s reflection, but lost in its light."
False,stirs,stills,"In the hush between breaths, the sacred stirs,","The quiet stills, the sacred stills."
False,gaze,embrace,Whispers of wild hearts beat beneath the moon's gentle gaze.,whispers of dawn's gentle embrace.
False,passed,flight,"A heartbeat hums where light once passed,","Another breath, a breath, a breeze, a flight."
True,unknown,known,"Colors whisper tales in hues once unknown,",Colors whisper tales in hues once known.
False,sing,sing,"In shadowed chains, the spirit dares to sing,","In shadowed chains, the spirit dares to sing."
False,deceit,made,A whispered vow can fracture like glass beneath the heel of deceit.,"A whispered vow can crack, as light beneath the moon is made."
False,storm,flight,"It blooms in whispers, not in storm.","The light is in flight, not in flight."
False,stayed,now,"I walked through the shadows where childhood once stayed,",A song still echoes in the heart now.
False,trees,trees,"Whispers of winds through ancient green trees,","Whispers of wind through ancient green trees,"
False,time,grace,Whispers of yesterday dance on the winds of time.,"Ladies and gentlemen, farewell, with grace."
False,one,burns,"Together we rise, woven as one,","rested as night, in a light that no longer burns."
False,yore,forget,"Time’s tapestry threads with echoes of yore,",still a dream we never forget.
False,halls,allowed,"Justice weeps in shadowed halls,",No other content is allowed.
False,played,stone,Laughter echoes down the lane where sunlit days once played.,The moon hangs high and silent on this lone stone.
False,stream,song,"The hours drift like autumn leaves in twilight’s gentle stream,","The silence dances on the wind, with time like birds in song."
False,sun,sun,"The road unwinds its thread through mist and sun,",The road unwinds its thread through mist and sun.
False,unchained,air,"Brushstrokes of wonder bloom in minds unchained,",The past is a silent dance in the air.
False,diverge,began,"Through shared beginnings and paths that diverge,","The night had not yet set, so the light began.*"
False,light,light,"In shadows deep where hope once danced with light,",In shadows deep where hope once danced with light.
False,rage,dimmed,"In shadow's grip, cannon-light whispers of rage,","In shadow's grip, the night is dimmed,"
False,sown,name,"In laughter’s glow, where trust is sown,",I’ll meet you with a name.
False,collide,break,"Voices echo, yet no hearts collide,","no hearts collide, and no voices break."
False,bloomed,embrace,"Though shadows stretch where light once bloomed,","Through the twilight's fleeting embrace,"
False,meet,dance,"In the shadowed heart where two winds meet,",lighting where stars dance.
False,play,left,"Beneath the silence where whispers used to play,",should be: The echoes of voices had long been left.
False,flame,moonlight,"With trembling hands, I reach to light the flame,","One night, one moonlight."
False,made,same,"Two hearts entwined, a promise made,","A tale told in verse, no more the same."
False,exhale,wing,"In twilight’s hush, where hearts exhale,",A dream has taken wing.
False,name,descends,The shadows whisper threats they cannot name.,The trees rise when twilight descends.
False,skies,air,Silhouettes of solitude etched deep in vacant skies.,Silhouettes of solitude etched in the still air.
False,bloomed,safe,Shadows fall where once your laughter bloomed.,Warms still echo in the hollow you called safe.
False,by,day,"Footprints in the dust of days gone by,",Silent echoes that still linger each day.
False,age,dim,"The reaper whispers soft through every age,","The soul's a flame that never dim,"
False,streams,blooms,"Amidst the buzz of concrete dreams, the country’s clockwork hums in rural streams.","Amongst the rustle of rural streams, the dream world blooms."
False,root,me,"Two hearts entwined where vows take root,",The wind will wear your name to me.
False,abyss,ghost,"In the shadows, whispers rise—half angel, half abyss.","The winds whisper no more, yet the night stays as a ghost."
False,was,laughter,Whispers of absence haunt the hollows where their laughter once was.,The hollows now murmur with echoes of their laughter.
False,unjust,deceit,"The scales of justice tremble with truth, while shadows feast on the cries of the unjust.","The shadows eat the stars at night, while the cries of the innocent drown in deceit."
False,roar,mind,"The thunder in his chest begins to roar,",The storm is a ghost in his mind.
False,breathe,promise,"In the hush between heartbeats, love begins to breathe.","heartbeats still hum, a gentle promise."
False,breath,taken,"Whispers of spring in the thawing snow's breath,",One line is taken.
False,time,bright,"The elder chants as clocks devour time,","She speaks in whispers of old, so bright."
False,stone,died,"Roots whispered in stories older than stone,",Stone sings with secrets that never died.
False,dwell,specified,"Silent nights where echoes dwell,",no line specified
False,breeze,silence,"Amber whispers brush the breeze,","Shadows dance in silence,"
False,trees,rest,"Autumn's breath whispers through the trees,",Beneath the boughs and the bough's rest.
False,breathe,dance,"Neon hums where high-rises breathe,","Brightly glows the neon’s dance,"
False,time,guide,"Pack the sunrise in your pocket, let the roads unwind like time.",Let the sunset be your guide.
False,home,home,"Love is the fire that warms both heart and home,",Love is the fire that warms both heart and home.
False,unbroken,think,"Thunder roars, but chains remain unbroken—",no_think
False,unseen,unseen,"Winds whisper tales of roads unseen,",Winds whisper stories from the hills unseen.
False,rise,light,"In the quiet dawn, where prayers and petals rise,",a light that lifts a world above light.
False,fate,fly,"A bond untouched by time or fate,",a flame that bends where it may fly.
False,creep,reside,"Whispers of dread in the silence they creep,","Beneath a moonless star, where dreams reside."
False,speak,flight,"In twilight's hush, where shadows dare to speak,","In shadows where the light takes a flight,"
False,flight,found,"In starlit whispers, my hopes take flight,","In the wind’s embrace, my heart is found."
False,embrace,embrace,"The road unfolds like whispered dreams in dawn's embrace,","The path unfolds like whispered dreams in dawn's embrace,"
False,green,light,The earth whispers tales through rustling green.,The sun paints the skies in golden light.
False,night,morning,"In shadows cast by city lights, a thousand souls feel night.",a thousand lives still rise in the morning.
False,light,breath,"Beneath the brush of dawn’s soft light,","The rose of winter’s breath,"
False,old,passed,"The hush of time whispers tales of the old,",The ripples of change have passed.
False,blend,night,"In the quiet space where heartbeats blend,",A whisper sings in the still night.
False,dance,sun,"Whispers of the past linger where old shadows dance,","No line left, sorry. Let me check again. The second line would likely be something like ""They leave whispers behind to greet the sun."""
False,fast,tall,"Through storms of time, our roots hold fast,","Time passes by, we stand tall,"
False,storm,night,"Amid the throng, a silent storm.","Silent eyes, they gaze upon the night."
False,flow,deep,"Whispers of winds through ancient tree songs flow,",the forest sings sweetly in deep.
False,thread,night,"Whispers of crimson, symphonies in every thread,",A tale to echo through every night.
False,weaves,unmeasured,"In laughter's wake, where memory weaves,","where time flows unmeasured,"
False,fall,fall,"Winds of freedom whisper where chains forgot to fall,",Winds of freedom whisper where chains forgot to fall.
False,strings,night,"The scales of justice sway on trembling strings,",The sun of truth drowns low on night.
False,soft,soft,"In hues that hum and silence rustles soft,","Silence rustles soft,"
False,hush,lost,"In the golden glow of dusk, I chase the echoes of summer's hush,","In the stillness of night, I dream of stars long since lost."
False,skies,dark,"Together we rise, bound by more than shared skies,",then we share the same light and dark.
False,resided,feet,"Whispers vanish in the hollows where connection once resided,",Hollows no more dwell beneath my feet.
False,meet,found,"Joy dances bright where kind hearts meet,","Beneath the sun, let light be found,"
False,sing,night,"In whispers of time, our deeds still sing—","In the rust of dusk's light, we speak in night."
False,new,provided,"Like morning dew on petals soft and new,",No line provided.
False,night,dark,"Wings of dawn clash with iron night,",A shadow of stars follows in the dark.
False,flame,dance,Brushstrokes weave the silent song of imagination’s flame.,The painted dreams linger where the stars once dared to dance.
False,breeze,still,"Whispers of the past dance on the breeze,","Hymns in time's song, softly still."
False,flame,peace,"In youth's tender bloom, my heart first knew the name of flame.","In spring's tender hue, my life so far in peace."
False,grows,lie,"Beneath the mask, a whisper grows—",Within the light and shadows that lie—
False,shadow,lent,"Beneath sweet lies, the truth often weeps in shadow.",O'er shadow lies hidden the light that the stars have lent.
False,true,light,"Two hearts entwined, a vow so true,",Two stars to see each other’s light.
False,tears,grace,"A tapestry woven in laughter and tears,",A golden thread woven in love and grace.
False,day,night,"Like shadows at the close of day,",Witful light upon the edge of night.
False,embrace,glow,"Whispers of wind through the emerald embrace,",Where twilight dances in the glow.
False,play,light,"Whispers of absence haunt the halls where laughter used to play,",A gentle breeze hums through the trees that still hold their light.
False,stirs,stirs,"Beneath the mask, the true self stirs,","Beneath the mask, the true self stirs,"
False,tread,breeze,"Colors whisper secrets where wild imaginations tread,",Whispers do bloom on the soft breeze.
False,weeps,price,"A hollow vow where silence weeps,",And the stars do not count the price.
False,cling,dusk,"In shadows cast by screens we cling,",A whisper of dusk and dusk.
False,dance,near,"Wander the roads where old shadows dance,","The path is long, and the soul is near."
False,unseen,unseen,"In shadows crowned, the weak wear might unseen,","The weak wear might unseen,"
False,speak,you,"In the quiet heartbeat where the stars dare speak,",The winds of time will weave the song for you.
False,grew,fall,"Smoke ascends where silent dreams once grew,","Lighted by moon, when night begins to fall,"
False,light,breath,"Roots tangled in ancient soil, yet branches stretch toward tomorrow's light,",sunrise in spring's first breath.
False,lies,mine,"In shadows cast by silver lies,",The dreams in a whisper are mine.
False,dance,hear,"In whispered groves where the wild things dance,",I know what you long to hear.
False,desire,day,"City lights hum with restless desire,",light breaks the night with a kiss of day.
False,thread,time,"Time weaves its wisdom, thread by silent thread.","A time passes, and leaves only time."
False,wood,down,"Whispers of winds through the ancient wood,","The night's light spills deep down,"
True,glow,know,"By the sandbox where the fireflies glow,","No more, then they fade, do we know?"
False,clink,rings,"Winds of freedom whisper where chains dare not clink,",Chains shall not break until liberty rings.
False,from,from,"The hearth’s faint breath speaks tales of where I came from,",The fire's quiet hymn echoes where I have learned from.
False,wide,help,"Beneath the map's edge, the unknown beckons soft and wide,","No, the first line is already provided. Please specify the second line so I can help."
False,fire,flight,"A heartbeat’s whisper, a soul’s soft fire,","A dream's kiss, dawn's light's flight."
False,dew,wide,"Beneath a handshake, a dagger gleams with dew.","In dawn's fleeting light, the path is clear and wide."
False,spring,line,"Whispers of winter kiss the thawing spring,",no reiteration of the first line.
False,track,air,"The sun spills gold on laughter's tender track,",The light weaves through the quiet air.
False,spin,tide,"A silent tear on truth's tightrope spin,",A whisper on moon's quiet tide.
False,ignites,way,"In starlit whispers, my heart ignites,","In the moon's gentle smile, I find my way."
False,air,streams,"Amidst the swirl of hues and whispered air,",Whispers followed not with sighs but with streams.
False,light,path,"Beneath soft lies, the truth wears a cloak of light,","Beneath light’s embrace, the truth reveals its path."
False,flight,hearts,"Two hearts entwined where the vows take flight,",One of the two hearts.
False,air,sky,"A laughter rings where sunshine stirs the air,",A song rings where shadows meet the sky.
False,flight,are,"In whispered hearts where silent dreams take flight,",The stars are as bright as you are.
False,light,way,"A breath too brief, a shadow that swallows the light,",A ghost that moves on its way
False,pressed,pressed,"In shadowed hands, the torch of might is pressed,","In shadowed hands, the torch of might is pressed."
False,time,sky,"A bond unspoken, yet stronger than time,","A thread unseen, but woven by the sky."
False,youth,dream,Seconds whisper through the cracks of youth.,Farewell echoes to leave the dream.
False,roam,bright,"Whispers weave through the woods where wild hearts roam,","Wild hearts roam, where the moon is bright."
False,trees,light,"Whispers of wind through the emerald trees,",A symphony in dawn’s early light.
False,light,knew,"In the attic of my heart, old shadows dance with light,","One by one, they rise like stars that I once once knew."
False,shines,true,"In flawless cracks, the beauty truly shines.","In shimmering stars, the light becomes true."
False,tree,slow,"Beneath the boughs of time’s slow-swaying tree,","The shadow of dreams that do turn too slow,"
False,breathe,tell,"Beneath the skin, a story waits to breathe,","A leaf on a breeze, a world to tell."
False,hour,rustle,"Beneath the sun’s first golden hour,","Upon the gentle breeze's soft rustle,"
False,storm,ships,The scales of heaven waver in the storm.,The tides rise like broken ships.
False,trees,soft,"The morning sun spills gold through trees,","The evening falls, in silence and soft."
False,sings,hums,"In the woven threads of many, one heartbeat gently sings.",In the heart that stills and hums.
False,conspire,young,"In the silent chasm where shadows conspire,","The path is thin and swift, the night is young."
False,days,shadows,"The clock’s soft breath stirs dust of bygone days,","The night’s sigh dances through old shadows,"
False,cold,word,"When silence speaks, the heart turns cold,","A silent echo, still a word."
False,fade,place,"In shadows where sweet promises fade,",A light’s breath would take its place.
False,ignite,flame,"Though flesh may fade, the deeds we do ignite…",The fire burns brighter than flame.
False,embrace,embrace,"Colors weep from silent canvases, whispers take form in clay’s embrace,",Whispers take form in clay’s embrace.
False,youth,air,"Time stitches wrinkles in the cloth of youth,",The breath is a fire that dances through the air.
False,played,day,"Each year etches wisdom where youthful days once played,",One by one the trees grew strong and tall by day.
False,days,songs,"Whispers of the dusk that shadows all our days,",When night comes with quiet songs.
False,unseen,lull,"Brushstrokes of thought on canvases unseen,","Beneath the moon’s silver lull,"
False,weave,night,"A fragile thread through shadow's weave,","A thread in the sky, unspooling through the night."
False,thrived,be,"Whispers fade where connection once thrived,",would be:
False,dear,apart,"When shadows steal the ones we held so dear,","Heaves to silence, a world apart."
False,see,soul,"A mirror cracks, and in the shards I see—",In a dream’s edge I find a dreamer's soul.
False,sleep,bright,"Whispers of spring thaw the earth from her sleep,",The flowers now bloom bright and bright.
False,gate,wall,"With timid steps through the shadowed gate,",A flicker of light on the mossy wall.
False,rhyme,more,"Whispers of wind weave through earth’s old rhyme,","The leaves hum softly, no more."
True,eye,sigh,"Beneath the moon’s cold, watchful eye,",The wind howled as if with a sigh.
False,halls,air,"Candy wrappers rustled like whispers in the halls,",Candy wraps rustled like tales in the air.
False,name,,"In the rhythm of shared hearts, we find our name.",
False,glass,add,"Names etched in time’s slow turning glass,",No line to add.
False,tone,flame,"In whispers clad in velvet tone,","In dreams of gold and flame,"
False,breathed,less,"The cannons roared where silent fields once breathed,",The wind howled through the trees once less.
False,dark,threads,"When your heart first whispers a name in the dark,",Then the stars will trace your path with silver threads.
False,throes,tones,"The spark of rage ignites in silent throes,",The shadow of sorrow bends in muted tones.
False,undone,undone,"A crown of shadows, a whisper undone,","A crown of light, a sigh undone."
False,fade,share,"In the mirror of the soul, a thousand faces fade,","But still one truth, we share."
False,free,sky,"Love blooms like dawn in the hearts it sets free,",May be as bright as the stars to the lost in the sky.
False,dust,sighs,Whispers of the ageless few echo through the halls of dust.,"The echoes of time's quiet sighs,"
False,new,kind,"Roots carved in stories, ancient and new,","New stories told to the wind, timeless and kind."
False,air,,Echoes of laughter fade in distant air.,
False,free,spark,"Through whispering woods where wild dreams run free,",The end is as bright as a spark.
False,code,on,"Old hands pass down the flame, but new hands shape its code.","The new hands shape its code, but old hands pass it on."
False,breath,breath,"Whispers of dread in the quietest breath,",Whispers of dread in the quietest breath.
False,change,winds,"Anchors of old in tidal streams of change,",Tides in song turn with golden winds.
False,unread,unread,"With trembling hands, I trace the years unread,","With trembling hands, I trace the years unread."
False,gone,me,"Candlelit echoes of eras long gone,",light of day that spills from me.
False,play,trace,"In whispered woods where shadows play,",the moon walks with no trace.
False,light,within,"A flawless vase, still cracked within, a shadow draped in light.","A shadow draped in light, a tale hidden within."
False,ahead,right,"Wings of dawn stir softly, whispering of roads ahead,","The dawn will guide each step, with a path that is clear and right."
False,reside,is,"A hearth's warm glow where whispered memories reside,",is:
False,tread,breath,"In twilight's hush, hope and despair softly tread,",in a quiet song of dawn's soft breath.
False,wind,provided,"Whispers of the grave dance on the wind,",No line provided.
False,breeze,begin,"When laughter dances on the breeze,","Where stories take flight, and dreams begin."
False,die,fade,"My name may fade, but my spirit's song will never die—",My song will never fade
False,began,again,"A hearth’s glow whispers, *“Here, you are where your story began.”*","A fire’s blaze sings long, *“Here, you are where your story begins again.”*"
False,intervene,deep,"Shells light the night where no stars intervene,","One footstep, a whisper of the deep."
False,fade,remain,"In shadowed halls where whispers fade,","In shadowed halls where the voices remain,"
False,behind,flame,"Time etches wisdom in the lines it leaves behind,","The quiet hours will echo, and leave you a flame."
False,veins,sight,"My temper burns like fire, a tempest in my veins,","My body burns with a fire, a tempest in my sight."
False,bread,bread,"The whisper of butter on fire-kissed bread,","The kiss of fire on bread,"
False,goodbyes,unfold,"Through whispered lullabies and silent goodbyes,",a new dawn shall unfold.
False,gone,sun,Candy wrappers crinkled in the sunbeams of summers long gone.,spattered with the golden sun.
False,blade,sweetly,"In the shadow of a silent promise, a dagger whets its blade.","In the whisper of the wind, light sings sweetly."
False,trees,light,"Whispers of the wild through ancient trees,",White birds dance in dawn’s soft light.
False,wing,sings,"In silent prayers, the soul takes wing,","In quiet murmurs, the flame sings."
False,unnamed,completed,"Beneath the skin, a story stirs unnamed,",No line completed.
False,abandonment,night,"In tangled strokes and whispered hues, the soul finds voice in wild abandonment.","In fractured whispers and burning light, the soul finds home in the night."
False,roam,sky,"Beneath the moon where wild things roam,",the stars light in the sky.
False,storm,dreams,"My fists beat time to a simmering storm,",My hearts beat to a drum that tumbles with dreams.
False,might,breath,"Thunder roars in chains of might,","The sun dances in fire's breath,"
False,old,breeze,"Like echoes in a hall of old,",A melody so soft in a breeze.
False,dance,unbound,Brushstrokes of thought where imaginations dance.,The night air holds dreams unbound.
False,claim,claim,"I carve my name in bone and flame, défier of the silent claim.","I carve my name in bone and flame, defy the silent claim."
False,stars,sighs,Whispers of the heart ignite the night with stars.,The night unfolds with soft sighs.
False,eye,light,"Beneath the cold moon’s watching eye,",the stars do dance in their soft light.
False,trees,flight,"Whispers of wind through ancient trees,",a tale of wonder and flight.
False,page,breeze,"Like ink spilled on time’s unending page,",The moon glows softly in the night's silver breeze.
False,drawn,line,"Time's quiet hand etches tales in every line it's drawn,",no line
False,strands,longing,"Time etches stories in silvered strands,",The sun drowns in waves of longing.
False,bright,true,"In whispers of time, the past’s silent flame burns bright,","In shadows of memory, the future’s soft and true."
False,dance,sleep,"A hearth that glows where familiar shadows dance,",A fire that dances in dreams deep as sleep.
False,cracks,dark,"Perfection craves the mirror, yet finds its face in cracks.","Truth, like light, lies on the dark."
False,fear,true,"Whispers coil like shadows at dawn, thick as unspoken fear.","Thick air rises from mist like a whisper, soft and true."
False,known,seasons,"The scales of justice, though carved in stone, sway silent with the breath of the winds they've known.","The echoes of the sky never falter, a song etched through seasons."
True,gold,cold,"Whispers the hourglass in sands of gold,","He turns his face to the cold,"
False,years,dreams,"The dawn breaks softly on youthful years,",The moon paints her silvered dreams.
False,scream,light,My hands ignite with embers of a scream.,The night falls in silence with light.
False,between,dreams,"I walk alone through crowds of ghosts, unseen, unheard, a shadow cast between.",I pass the haunted hills where shadows hold their dreams.
False,air,is,"The echo of your name still lingers in the air,",The answer is:
False,roam,loom,"Whispers through the wild where creatures roam,",The wind whispers softly round the loom.
False,song,name,"In the weave of voices, we find our song,","In the weave of words, we find our name."
False,rise,heart,"The sun spills gold on smiles that rise,",The night glides like silk on the heart.
False,trails,trails,"He walked with ghosts in shadowed trails,","is: He walked with ghosts in shadowed trails,"
False,thrived,close,The echoes of laughter fade where memories once thrived.,The quiet stillness of the night keeps our past close.
False,start,light,Two hearts entwined where love and promise start.,The sun sets with promise's gentle light.
False,rise,rise,"The clock’s shadow dances where the dawn used to rise,",The clock’s shadow dances where the dawn used to rise.
False,rain,mine,"I walk through crowds like shadows in the rain,","Now rest with silence, and the world is mine."
False,foundation,promise,"A whispered vow can crack the heart's foundation,",A whispered vow can break the heart's promise.
False,bloom,long,"Two hearts entwined where promises bloom,",A song in her breath that sings long.
False,wrong,born,"A thunderclap of temper, born from sparks of wrong.","A flame of truth, igniting where the storm was born."
False,dwell,lives,"In shadows cast by screens we dwell,",One of the many that lives.
False,walls,repeat,"Where whispered memories cling to the walls,",No line to repeat.
False,skin,grace,"Time etches its whispers in lines on the skin,",The rhythm flows with gentle grace.
False,wise,moon,"A marble statue, cracked yet wise,","A cracked mirror, a song of the moon."
False,fly,fly,"In shadowed chains, the soul still dares to fly,","In shadowed chains, the soul still dares to fly."
False,seal,love,"Two hearts entwined, a vow they seal,",two hearts in love.
False,rust,rust,"Though flesh may fade and time may turn to rust,","time may turn to rust,"
False,rise,stay,"Shadows fall where laughter used to rise,",Shadows move where laughter could stay.
False,echo,began,"Roots tangled in tradition, whispers of the ancient echo.","Roots tangle in time, echoes where we once began."
False,flows,flows,Neon hums where the traffic flows.,Neon glows where the night flows.
False,wed,sleep,"Blood paints the dawn where steel and silence wed,",The wind sweeps the night where flame and shadow sleep.
False,flight,flight,"In whispers of light, belief takes its flight.","In light wings, faith takes flight."
False,teeth,peace,"In shadows cast by crowded streets, I walk alone with silent teeth.","The night is a silent embrace, as the world sleeps in peace."
False,blue,blue,"Laughter echoed under skies of infinite blue,",The laughter echoes beneath the wings of endless blue.
False,dances,hill,"Whispers of the wild where the foxlight dances,",The moonlight weaves on the hill.
False,hour,,The clock’s soft whisper weaves through every hour.,
False,trees,breath,"Green whispers weave through the waking trees,",Seeds of change begin with a gentle breath.
False,name,share,"In the heartbeat of togetherness, we find our name.",In the echo of the world we share.
False,time,truth,"A bond not forged in gold or time,",a bond made from the heart’s truth.
False,stays,survives,"My name may fade, but in the stars my essence stays.","In the night, my light, so bright, survives."
False,low,meet,"In twilight’s grasp, where shadows whisper low,","In darkness where stars meet,"
False,color,breeze,"A dance of brush and breath, dreams take shape in wild color,","A dance of light and night, wings upon the breeze."
False,roamed,remembers,Whispers fade where once we roamed.,"Shells do not break, for the land remembers."
False,rise,way,"In stillness deep, where whispers rise,",A new path to dream is a way.
False,days,years,With trembling hands I light the fuse of days.,With trembling hands I light the fuse of years.
False,face,face,"In mirrored flaws, perfection hides its face,","In polished grace, the world reclaims a face."
False,meet,sleep,"Golden whispers dance where joy and sunlight meet,","Light flows through fields where dreams may sleep,"
False,breath,hue,"The earth inhales in spring's soft breath,",The sky exhales gently with morning's hue.
False,new,snow,"Like morning dew on petals new,",I’ll walk with soft feet like snow.
False,cling,line,"Beneath the mask where shadows cling,","No, I need to provide two lines as required. But here’s a valid second line:"
False,chart,night,"A marble flaw lessens its art, a single crack births light through the chart.","The moon breaks her silence, a silent hymn on the edge of night."
False,flame,,The ashes speak of names that outlive flame.,
False,embrace,stillness,Golden laughter dances in the morning sun’s gentle embrace.,The dawn shimmers with light and stillness.
False,rhyme,tell,"In quiet laughter, hearts find their rhyme,",No one knows the line we'll tell.
False,frost,couplet,"Though flesh may fade and time may sow its frost,","the second line is the same as the first. Therefore, there is no second line to complete this rhyming couplet."
False,breathing,way,I traced my name in dust and saw a thousand shadows breathing.,I walked in the sky and found my way.
False,sky,brook,"Shells scream through the shrouded sky,",Shells sing in the moonlit brook.
False,scars,,"Beneath the ash of fallen flags, the earth still weeps in ancient scars.",
False,moan,couplet,"Whispers of wind through the ancient trees moan,",No line provided. Please provide the full couplet.
False,play,meets,"The sun dips low where tempests play,",The shore lies bare where the night meets.
False,flame,heart,"In the quiet dance of heartbeat and flame,",There lives a flame in every heart.
True,sown,known,"A whispered secret can shatter the strongest bond, for betrayal hides where trust is sown.","A secret so sweet, though unspoken, can still be known."
False,hue,glow,"Whispers of winter melt into spring's tender hue,",Waves of summer surge in quiet morning's glow.
False,lay,rest,Whispers of absence haunt the hush where laughter lay.,"Where dreams linger, no more can we rest."
False,stone,dark,"I sought eternal life in shadowed stone,",I found solace in the heart of the dark.
False,sway,requested,"Whispers of the wind through leaves that sway,",No line requested
False,wind,night,"Whispers of the wild dance on the wind,",The stars weep in the night.
False,sleep,by,"Whispers curl like shadows deep, a restless storm that won’t fall silent sleep.","A sigh escapes the heart in a breath, as if life is slipping by."
False,time,forget,"Carved in stone or etched in fate, a whisper meant to outlast time.","A ghost to keep still, for time it will never forget."
False,tow,lost,"With dawn’s first breath, I pack my dreams in tow,",And then you’ll walk my path and be lost.
False,divine,sky,"In the hush where heartbeats meet the divine,",the silence tells the secret of the sky.
False,sky,bound,"A king wears crowns, yet craves the sky—","A man with wings, but dreams no bound."
False,dew,light,"A laugh as light as morning’s dew,","A breeze like dawn’s light,"
False,rise,flame,"Crimson flames of wrath in silence rise,","Beneath the moonlit hush, night meets the flame."
False,light,past,"Justice weeps in midnight's shadow, injustice wears the mask of light.","The wind carries the weight of the past,"
False,flirt,shift,"Concrete pulses where the neon lights flirt,","The air hums as shadows stretch and shift,"
False,slow,,Time etches its tale in silver and slow.,
False,breeze,knew,"Sugar's whisper on a summer breeze,",I’ll tell the world all you once knew.
False,small,hills,The dawn breaks soft on shoulders not so small.,The dewdrops dance upon grass and hills.
False,kiss,,"A whisper carved in shadow, sharp as deceit's kiss,",
False,screamed,trace,"In the silent crack of dawn, hope whispers where despair once screamed.","light breaks upon the hills, and grace returns without a trace."
False,time,,"Each year etches tales on skin, a silent ink of time.",
False,light,song,"Beneath the dusk of dying light,",the moon walks by in silent song.
False,gaze,fresh,"Justice walks in twilight's gaze,","A path unseen, ever fresh."
False,cracks,night,"In broken china, hidden grace whispers of perfect cracks.","In a shattered world, the soul within still sings the night."
False,skies,dawn,"Winds whisper tales of warming skies,","He rises on a green, warm dawn."
False,song,grace,"In vibrant swirls of hue and song,",pristine light and grace.
False,rooms,tones,The echoes of their laughter live in silent rooms.,The voices of their tears linger in hushed tones.
False,true,gold,"The years fold time like parchment, worn yet true.",The hours pass with a whisper of gold.
False,entwine,entwine,"In twilight's grip, where shadow and light entwine,","In the twilight's grip, where shadow and light entwine,"
True,thin,grin,"When shadows fall and time runs thin,",The earth sighs beneath the moon's soft grin.
False,sky,smile,"Winds whisper secrets through a shifting sky,",Shadows curl and bend with a gentle smile.
False,rise,gleam,"Steel veins hum where skyscrapers rise,",Strong shadows stretch where moonflowers gleam.
False,years,see,"Threads of love wove through the years,",No one could see.
False,sells,rise,"On tongues where memory dwells, savoring sweetness the past sells.","In time's silver river flows, where echoes softly rise."
False,wrapped,name,"A whispered pledge, a dagger's edge in velvet wrapped.","A shadowed hand, a breath to rest upon my name."
False,entwine,love,"Through storm and strife, our souls entwine,",And in the night’s embrace we do turn in love.
False,wild,flows,"Like whispers through the autumn trees, it breathes—so soft, so wild.","The breeze in the forest sings, and so flows,"
False,cling,be,"In twilight’s hush, where shadows dare to cling,",would be:
False,hum,hum,"A silence louder than the crowd’s faint hum,",A silence louder than the crowd’s faint hum.
False,soul,love,"When twilight's whisper brushes against the soul,",The flame lives not in shadow but in love.
False,cling,requested,"Winds of freedom whisper where shadows of chains still cling,",no line requested
False,ancestors,warmth,"Roots whispered in the tongue of ancestors,","The land held her warmth,"
False,breathe,breathe,"In dust of ages, tales still breathe,","In dust of ages, tales still breathe."
False,awakes,required,"In whispers of dawn, the wild awakes,",No line required.
False,strain,remains,"Two souls entwined, a bond unchained, eternal in its strain.","A dance of time and silence, still the flame remains."
False,root,root,"Two hearts entwined where vows take root,",A shared thread where love takes root.
False,fire,rise,"My hands curl like storm clouds, ready to spit fire—","But wait—there is a fire in the sky, waiting to rise."
False,sway,winds,"Beneath the boughs of time's gentle sway,","Within the rustle of old and quiet winds,"
False,day,windows,"Sunlight spilling through the seams of the day,","Light spills through the windows,"
False,escapes,escapes,"In flawless cracks, the light divine escapes,","light divine escapes,"
False,breathes,secrets,"In shadows deep where silence breathes,",a whisper turns the night's secrets.
False,trees,years,"Whispers of wind through ancient oak trees,",A tale of trees where time forgot their years.
False,hum,wonder,"Beneath the skin, a thousand stories hum.","A thousand secrets, a world of wonder."
False,ignites,flight,"In whispered hope, my heart ignites,",A quiet dawn where thoughts take flight.
False,wood,dies,"A flame that flickers in the heart’s dark wood,",A flame that burns bright as it never dies.
False,light,more,"Like twin shadows dancing on the edge of dawn's first light,","The sky shall stretch, and time shall be no more."
False,breeze,meadow,"Whispers of the wild dance on the breeze,",The breeze brings a new song to the meadow.
False,flame,begin,"With trembling hands, I light the candle between childhood and flame.","With trembling hands, I light the candle, and dreams begin."
False,past,bright,A hearth’s warm glow where whispers of the past.,The past is warm and bright.
False,play,told,"Beneath the mask where shadows play,","A shadowed tale to be told,"
False,support,heartbeats,"In whispered laughs and silent support,","In whispered smiles and heartbeats,"
False,cling,gleam,"Winds of freedom whistle through chains that cling,",Wings of liberty dance where sunbeams gleam.
False,hum,song,"Roots buried deep where ancient songs still hum,",Whispers of the earth's old song.
False,air,air,"When laughter dances on the morning’s air,","When laughter dances on the morning's air,"
False,new,more,"Roots whispered in rhythms both old and new,",The wind spoke in tongues once and more.
False,stone,song,"Roots tangled in rhythm, whispered through ancient stone,",Whispers through time to a forgotten song.
False,sorrow,theme,"Through storm or sun, in joy or sorrow,","In light of time or night, where hope remains the theme."
False,trees,hair,"In hues of dawn and whispers through the trees,",A breeze in summer to wind my hair.
False,stay,flame,"A hearth’s soft glow where whispers stay,","A flame’s fire, a tale told by the flame."
True,gaze,haze,"A bloom of light in morning’s golden gaze,",A leaf in flight through summer’s haze.
False,time,heart,"Love is the thread that weaves hearts through time,",no heart.
False,sky,gives,"Wheels of fate turn under the vast, unbroken sky,","Fading from shadow, time's hand once more gives."
False,unknown,spring,"Whispers of rustle in hues once unknown,",He walked by the trees in the spring.
False,alone,glow,"In silent crowds, we drift alone,","in the quiet night, the stars glow."
False,soar,slow,"In shadowed chains, the soul still yearns to soar,","A song long since sung, though deep and slow."
False,thrall,grace,"Though flesh may fade and stars may fall, my name shall sail through time’s vast thrall.",The end of the world will greet the stars with their own grace.
False,tread,see,"Winds whisper secrets where wandering feet tread,","In quiet moments, hearts long for what they see."
False,boughs,end,"Beneath the whisper of ancient boughs,",The dew on leaves falls soft at day’s end.
False,air,air,"Whispers of dread in the midnight air,",Whispers of fear in the hush air.
False,one,grow,"Rooted together, we blossom as one.","The earth, where we grow"
False,hour,moon,The clock's whisper winds through the cracks of the hour.,"The sky sighs deep, as night turns to the moon."
False,tear,left,"Whispers of winter melt to spring's first tear,",no line left
False,improve,heart,The symphony of flavors on the tongue tells a story no words could ever improve.,The flavor is a tale that echoes endlessly in the heart.
False,untold,silence,"Roots woven deep in the soil of stories untold,","Whispers of truth in silence,"
False,glows,way,"In whispers of ages, history's torch glows.","Of dreams where time moves, no one tells the way."
False,mind,night,"Whispers coil in the chambers of the mind,",Stars light the dark at night.
False,years,glass,"The dawn breaks soft upon the verge of years,",The night falls softly through the glass.
False,wind,hum,"Echoes of revolutions hum on the wind,","Echoes of revolutions hum,"
False,hum,hum,"Whispers of winter melt to spring’s gentle hum,",Whispers of winter melt to spring’s gentle hum.
False,bones,name,"Whispers of wind through earth’s ancient bones,","In whispered songs of time we find their name,"
False,trees,trees,"The earth breathes gently beneath the trees,","The wind sings softly through the trees,"
False,stirs,stirs,"Beneath the mask, a whisper stirs—","Underneath the mask, a whisper stirs"
False,alone,solace,"In silent crowds, I walk alone.","In quiet streets, I seek solace."
False,gold,gold,Like dawn unbuttons the sky with gold.,"Like dawn unbuttons the sky with gold,"
False,roam,added,"Beneath the sky where the wild winds roam,",No other line can be added.
False,feet,trees,"The echoes of revolution hum beneath our feet,","a distant breeze on old, silent trees."
False,told,song,"In laughter’s glow, where secrets are told,","She walks with the moon, in silent song."
False,whisper,fear,"In the mirror of midnight, a thousand souls whisper.",A thousand stars follow with no fear.
False,plain,mist,"Cannon's thunder weeps across the plain,",Cold wind whispers in the mist.
False,dance,breath,"In whispered woods where shadows dance,",the twilight’s soft breath.
False,share,forever,"Hands weave together, a tapestry we share,","A tapestry of light, we share forever."
False,flows,air,"A canvas breathes where imagination flows,",A painter’s gaze is in the air.
False,play,secrets,"Beneath the moon where shadows play,",The breeze whispers secrets.
False,stay,remain,"In trembling hands, the storm refuses to stay.","Storm has no answer, but still the night refuses to remain."
False,dwell,no,"Embers of rage in the chest they dwell,",No.
False,sun,sway,"The sky weaves tales in threads of storm and sun,","The sun drowns in the river, where clouds hold their sway."
False,rain,sky,"The sky weeps fire, yet forgets the rain,","The clouds whisper through the sky,"
False,lane,green,"Sunset laughter echoes down a lane,",Morning mist paints the horizon green.
False,page,lost,"Through fractured stone and whispered page,",Now you're a legend I’ve lost.
False,skies,speak,"In silence, shadows claim the ones whose voices shaped our skies.",The night's breath weaves what dreams have yet to speak.
False,light,light,"Whispers of rustle in velvet and light,",Whispers of rustle in velvet and light.
False,breeze,here,"A thousand hues whisper secrets to the breeze,",No line in this is to be repeated here.
False,rhyme,on,"Sunlight spilling through laughter’s bright rhyme,",The trees and birds sing like songs that go on.
False,danced,night,Laughter echoed where the fireflies danced.,The stars blinked softly on the night.
False,gleam,flame,"In swirling hues, where silent stories gleam,","Then in whispered tales they speak, and the flame."
False,dreams,provided,"City lights hum with hurried dreams,",No line provided.
False,wings,secret,"Where silent chains clink in the shadow of proud wings,","where the winds of peace dance in secret,"
False,yesterday,ignite,Whispers of laughter echo down the lane of yesterday.,"Beneath the moon’s soft sigh, where stars ignite."
False,spoke,free,"Brushstrokes dance where silence spoke,","Lungs hum and feet do, the path is free."
False,remain,forgets,"My name may fade, but in stone I'll remain,","is: Where whispers fade and the world forgets,"
False,known,strange,"In the mirror of time, I trace a name not yet known.","Not for him, who would find it strange."
False,air,sky,"Echoes of laughter linger in the air,",Eyes of stars gaze across the sky.
False,steel,day,"A bond unseen, yet strong as ties of steel,","A flame that never dims in night or day,"
False,tree,line,"Whispers of winds through the ancient tree,",No line.
False,past,,Time's grand tapestry is stitched with echoes of the past.,
False,awakes,align,"In quiet whispers, the sacred awakes,","The divine walks, where the stars align,"
False,hide,provided,"Beneath soft words, the sharpest truths may hide,",no line provided
False,mind,heart,"Shadows whisper in the quiet of the mind,",Shadows speak in the depths of your heart.
False,rhyme,stars,"Skies whisper secrets in sun and storm's rhyme,",When night meets the moon and stars
False,trees,embrace,"Sunset-lit laughter echoes through the willow trees,",Lullabies of dusk whisper through the brook's embrace.
False,breeze,told,"Whispers of spring in the thawing breeze,","Seep through the branches, as secrets are told."
False,sky,night,"When eyes first met 'neath a twilight sky,",Then came the stars that danced in the night.
False,mine,true,"In tangled roots and open fire, we seek the echo of ""we’re yours, you’re mine.""","In shadow and gleam of the world, the truth remains we are true."
False,fear,sigh,"Winds of freedom whisper beneath chains of fear,",Wings of night rise to the night's last sigh.
False,gleam,think,"In mirrored eyes where shadows dare to gleam,",no think
False,rain,blue,"The sky whispers secrets in storms and soft rain,","The river flows deep in endless blue,"
False,flight,entices,"In whispered prayers, the soul takes flight,","In whisper’s soft sigh, the night entices."
False,grace,dies,"A bond unbound by time or space, a silent symphony of grace.",A silent melody that never dies.
False,rain,breeze,Whispers of farewell linger in the echoes of the rain.,Whispers of goodbye linger in the echoing breeze.
False,light,pine,"In the silent whisper of dawn’s tender light,","The quiet song of frost, as it clings to the pine."
False,face,world,"Whispers of time in the lines of the face,","The dawn breaks soft across the world,"
False,songs,warm,"Roots woven deep in ancient songs,","The soul is entwined, ever warm."
False,quiet,course,"Beneath the neon’s hum, the fields still breathe in quiet.","The clouds whisper, the dusk takes its course."
False,rhyme,thought,"The road unspools like a whispered rhyme,",Now winds through it to a new thought.
False,tread,alone,"In crowded streets, alone, I tread,","In crowded streets, I tread not alone,"
False,cries,calls,"A gavel strikes where silence cries,",A gavel strikes where silence calls.
False,sky,soil,"Beneath the skin, a song of soil and sky,","Beneath the skin, a song of the sky and soil."
False,sand,night,"Whispers of yesterday slip through the hourglass sand,",A whisper from this endless night.
False,parte,safe,"A hollow vow can fracture hearts, where trust was born and betrayal parte.","A tale of two that never fade, where fate's design is kept safe."
False,recall,winds,Whispers of wood and worn-in walls recall.,Woven from secrets and forgotten winds.
False,born,plain,"In the shadow's grip, a single light is born.",The moon glides low over the plain.
False,hold,flow,"A gavel's pound in twilight's hold,",A hand's cry in springtime's flow.
False,blue,alone,"Whispers of wind trace skies in blue,",Hollows in the dark are never alone.
False,eye,light,"Beneath the moon's cold, watchful eye,",In shadows cast soft silver light.
False,play,idea,"Beneath the mask where shadows play,",no idea.
False,fled,love,"Fire smolders deep where patience fled,",The flame shall consume the land with love.
False,new,new,Old ways whisper beneath the hum of the new.,is: **Old ways whisper beneath the hum of the new.**
False,raise,dream,"Beneath the moon’s cold, indifferent gaze, I echo voices no ear will raise.",I rise where shadows weave their slow dream.
False,watch,night,"I carve my name where the endless stars keep watch,",the silence grows quiet in the night.
False,soul,line,"Over horizon's hush, the road sings to the restless soul,",No line.
False,vein,part,"The clock's soft whisper weaves through every vein,","The night's sigh takes no part,"
False,play,tale,"Amidst the trees where shadows play,",the breeze sings softly a tale.
False,trees,is,"Whispers of wind through ancient, rustling trees,",is:
False,bred,blooms,"In shadowed hearts, a quiet storm is bred,","In quiet hearts, a secret rhyme blooms,"
False,flee,,"Beneath the tongue's sweet melody, shadows tell the truths that flee.",
False,go,is,"In dusty corners where the light forgot to go,",is:
False,lived,heard,Whispers of yesterday haunt the hollows where laughter once lived.,The dusk has quieted the echoes of days when joy was heard.
False,haze,air,"Where scales of truth hang askew in the haze,",The moon is a shadowed mirror in the air.
False,lit,sings,"My heart, a flame, in youthful days was lit.","A flame, in spring, grows and sings."
False,skies,winds,"Whispers of scarlet and echoes of velvet skies,","shimmered silver with starry winds,"
False,embrace,embrace,"Whispers of winter give way to the sun's tender embrace,",sun's tender embrace
False,hide,hide,"Beneath sweet lies, the sharp truth doth hide,","Beneath sweet lies, the sharp truth doth hide."
False,grip,repeats,"Two hearts entwined in time’s soft grip,",the future bends as the past repeats.
False,collide,flame,"A heartbeat whispers where two souls collide,","A storm of dreams, where time turns to flame."
False,past,past,"Echoes of empires rise in whispers of the past,",The past lingers in echoes of the past.
False,old,rhyme,"On tongues of flame and forks of gold, flavors tell a secret old.","In whispered songs to dreams, the heart finds its rhyme."
False,river,no,"Two souls entwined by vow and time’s slow river,",no.
False,light,light,"A promise made in shadows, torn by dawn's deceitful light,","A promise made in shadows, torn by dawn's deceitful light."
False,on,years,"Carved in time's slow river, my name flows on.","Flowing down my path, I'll carve the years."
False,grows,dream,"Neon hums where the concrete grows,","The night walks on steel where stars dream,"
False,breathes,dreams,"In silence’s shadow, the stranger breathes,","In silence’s shadow, the stranger dreams."
False,time,age,"I carved my name in the bones of time,",I carved my name in the stones of age.
False,breathe,grace,"In twilight’s veil, where shadows dare to breathe,",Where the sun doth rise to keep his grace.
False,sighs,line,"I pace the sidewalks where the neon sighs,",no line
False,glows,glows,Old oaks bend but new neon glows.,new neon glows.
True,yore,ore,"The clock of time ticks tales of yore,",Where ancient truths whisper in rusted ore.
False,sighs,original,"Beneath the mask of golden lies, the truth in shadowed whispers sighs.","Let me know if you want an improved version. For now, let's stick to the original."
False,began,began,"Two hearts entwined where one love’s vow began,",two hearts entwined where one love’s vow began.
False,speak,rest,"In silent rooms where shadows speak,",In quiet nights I find a rest.
False,hands,,"Like thunder held in hollow hands,",
False,sleeps,bright,"Brushstrokes breathe where imagination sleeps,",Stippled skies whisper of dreams so bright.
False,gray,ascends,"The earth breathes quietly beneath a sky of shifting gray,","The world turns as the sun ascends,"
False,resolve,hold,"Fury burns like fire in a soul trapped between rage and resolve,",Fury scorns what the soul shall hold.
False,cling,run,"In silent corners where the shadows cling,","In silent corners where shadows run,"
False,heard,entwined,"Beneath the skin, a whisper waits to be heard,","In silent halls deep, a melody is entwined."
False,flee,no,"Though flesh may fade and time may flee,",no
False,chance,,"Beneath the sky where sunbeams dance, joy and happiness leave fleeting yet lasting chance.",
False,blade,still,"Beneath sweet words, sometimes hides the blade,",A song of the night when all we've heard is still.
False,flown,hush,"Whispers creep where the hours have flown,",One walks down the hill with a hush.
False,moan,mind,"Sunbeams duel with thunder's moan,","Thunder's moan, I heard in my mind."
False,fast,waves,"Neon hums where the city's heart beats fast,","The sea sighs below the stormy, blue waves."
False,breath,dreams,A king's crown crumbles in the dust where shadows hold their breath.,A queen's heart still breathes and dreams.
False,conspire,is,"Beneath the dusk where tones conspire,",The last line is:
False,fade,wings,"Shadows cling where whispers fade,",The night wears its secrets on the wings.
False,gleam,air,"Wolves howl beneath the moon's silver gleam,",The moon's gentle light fills the air.
False,skies,skies,"Beneath the thunders of divided skies,",Beneath the light of unnumbered skies.
False,kite,blue,"Beneath the moon's unblinking eye, I chart the stars and set my kite.","Under the sky's watchful gaze, I find new blue."
False,speak,secrets,"In the hush of dusk, old shadows speak.","the night's breath, a sigh of secrets."
False,rise,life,"In quiet hearts where whispers rise,","A tale untold, a song for a life."
False,gold,gold,"Wildebeests roam beneath skies painted gold,",Wlders roam beneath skies painted gold.
False,day,lake,"Like sunlight bursting through clouds on a spring day,",I am the fire that dances on the lake.
False,root,gray,"Beneath soft lies, the brutal truth takes root,","In whispered shadows, the dream fades to gray,"
False,dawn,embrace,"In the quiet whispers of the sacred dawn,","In quiet the dawn's embrace,"
False,night,provided,"Winds of liberty weep through the chains of the night,",No line provided.
False,despair,dream,"My temper flares like lightning in the storm of despair,","stormy heart, quickening like the night's restless dream."
False,was,bright,Whispers of absence linger in the air where laughter once was.,"The silence is a farewell, once bright and bright."
False,rare,line,"Amidst the steel forest where silence is rare,",No line.
False,home,hand,"Like dawn renews the sky, my heart in your embrace finds home.",like a flame that burns on your hand
False,hum,begin,"Anchored in time, the old ways hum,","time flows on, and new thoughts begin."
False,rhyme,spring,"Where the heart's old whispers find a sheltered rhyme,",where the heart's old thoughts find a path of spring
False,rain,sphere,"The sky’s a canvas painted by the hands of sun and rain,","The earth beneath your care, a green and soft sphere."
False,dawn,shore,"Whispers tighten like shadows at dawn,",Waves of wind on the shore.
False,drum,song,"Whispers of rose and thunder of drum,",Farewell to dreams and goodbye to song.
False,embrace,death,"Bursting like sun through the morning’s embrace,",Whispers like whispers from the wind of death.
False,blaze,stay,"Neon hums where the streetlamps blaze,",Noon glows where the lanterns stay.
False,near,is,"Whispers echo where no ears are near,",is:
False,flight,flight,"In the dance of colors, sounds take flight,","In the dance of colors, sounds take flight."
False,true,breeze,"A whisper blooming soft and true,",A flame ignites on a sunny breeze.
False,yesterday,unfolds,Time slips like sand through the shadows of yesterday.,"Through time's silver thread, the path unfolds."
False,meet,night,"Whispers of the sacred rise where faith and shadow meet,","is: **Light dances gently through the night,**."
False,flight,trace,"In whispered prayers where the soul takes flight,",A whisper of wind carries no trace.
False,afternoons,hand,"In the glow of fireflies and fading afternoons,","A soft, sweet promise from the sky's own hand."
False,dance,dance,"Beneath the mask where shadows dance,","shadows dance,"
False,cling,woven,"In the attic of the heart, old moments gently cling,","In the heart's attic, old joys are woven,"
False,fades,comes,"In shadowed corners where connection fades,",the dawn comes.
False,stay,hearth,"A hearth's soft glow where whispers stay,","The flame dances softly in the hearth,"
False,breath,is,"Whispers of devotion dance with dawn’s first breath,",is:
False,chalkboard,silence,"Storms scribble secrets on the sky's chalkboard,","The clouds weep in the silence,"
False,gleam,waking,"A whisper of laughter in morning’s gold gleam,","A hush of light upon waking,"
False,return,sky,"In silent worlds where echoes don't return,",He lives like a whisper beneath the sky.
False,unseen,dark,"A flawless vase, a crack unseen,","A cracked vase, a whisper in the dark."
False,flaw,way,"In flawless cracks, the light finds its flaw.","In fine lines, the soul finds its way."
False,sleep,night,"Whispers coil like shadows deep, unrest is born in sleep.",The unrest shall dance in night.
False,rhyme,song,"Beneath the stars, the heart finds its true rhyme.",O the night is spent in quiet song.
False,knife,strange,"Whispers carved in rust, a bond undone by deceit's knife.","Waves of truth that broke, in twilight's dark and strange."
False,meet,tones,"Colors whisper tales where the bold and silent meet,","The colors paint the sky with gentle tones,"
False,rhyme,truth,"The sky may whisper or crash with rhyme,",The ground shall be silent or shine in truth.
False,ground,night,Clocks shed silent tears as moments flee the ground.,Cries fall into the night.
False,mind,mind,"The echoes of yesterday hum softly in the halls of my mind,",The echoes of yesterday hum softly in the halls of my mind.
False,deep,power,"Justice wears a crown of light, but injustice cloaks in shadows deep,","justice walks with grace, and justice stands with power."
False,blue,blue,"Whispers of crimson, symphonies in blue,","Whispers of crimson, symphonies in blue."
False,undefined,be,"The dawn of feeling, soft and undefined,","The heart was a flame, and all could be."
False,live,,"Beneath the skin, where traditions live.",
False,yesterday,of,"Silent hours glide like shadows through the cracks of yesterday,",the past still lives in the light of dreams we dream of.
False,creep,remains,"In shadows deep, where silent tremors creep,","The world does bend, and silence remains."
False,dawn,reborn,"Whispers of chains in the hush of the dawn,",The winds will sing for a soul reborn.
False,rain,bold,"As winter’s frost yields to the vernal rain,",The sky is clear and the stars are bold.
False,resided,face,"Fire roars where patience once resided,",Beneath the moon's unyielding face.
False,untold,shore,"A flawless rose still drinks the rain, untold.",The wind is soft as it sings from the shore.
True,face,grace,"In the mirror of time, I glimpse a stranger’s face—","A fleeting shadow, a silent sigh of grace."
False,still,trace,"A bond not bound by blood, yet deeper still,","A love without chains nor trace,"
False,flame,provided,"Beneath the blaze of seventeen’s flame,",One of the lines is already provided.
False,slice,born,"A sweet ballet of salt and spice, upon the tongue's delicate slice.","A whisper of moonlight, from where time is not born."
False,flight,flight,"With brush and breath, ideas take flight,","With ideas on paper, thoughts take flight."
False,spun,earth,"Where whispered walls hold tales I've spun,","The sun spills in golden flame upon the earth,"
False,skies,streams,"A laugh like morning bursts through the skies,",a laugh like moonlight falls on silver streams.
False,change,meanings,"Wanderlust whispers through the winds of change,","Rustle the grass bare, and find new meanings."
False,skies,dance,"Amid the thunder of falling skies,","As the clouds above dance,"
False,dream,flight,"Footprints trace where wanderers dream,",Footsteps tread where dreams take flight.
False,cracks,break,"In the shadow of despair, hope whispers through the cracks.","In the silence that echoes, still a song will break."
False,breeds,flight,"In shadowed hearts where silence breeds,","I see love’s way, and light’s wings take flight."
False,hearts,song,"In still waters, the mirror of hearts.",Of the soul's quiet song.
False,flame,flame,"Through laughter’s spark, our hearts first stoked the flame,","Through laughter’s spark, our hearts first stoked the flame."
False,bone,flame,"Though time may steal the breath from bone,",A lesson is ever within the flame.
False,glow,glow,"Grandmother’s tales clash with the smartphone glow,",Grandmother’s tales clash with the smartphone glow
False,storm,sky,"The scales of justice tremble in the storm,",The stars of truth are dim in the sky.
False,breath,trace,"Like dawn breaks soft on summer’s breath,",He sings in the night with no trace.
True,sway,way,"Whispers of the wind through leaves that sway,",Through the night sky they stretch their way.
False,mark,close,"With trembling steps, the threshold nears its mark.","As steps shall not keep, the gate shall close."
False,haze,think,"In city lights or meadow’s gentle haze,",no_think
False,tune,tune,"Hands clasped in ancient rhythm, the future hums a tune.",The future hums a tune.
False,tide,still,"Each wrinkle whispers tales of time’s gentle tide,","The end does not come soon, so the heart is still."
False,feigned,unbroken,"In the glow of screens where connection’s feigned,",a whisper of hope remains unbroken.
False,yesterday,down,In whispers down the hall of yesterday.,In the halls where secrets were held down.
False,days,day,"Through laughter carved in childhood's days,",a gentle smile from the day.
False,gaze,line,"Beneath the cold moon’s unfeeling gaze,",no line.
False,rise,flight,"Beneath the sun’s unblinking eye, storms and seasons shift and rise,","The night draws close, the stars and stars begin their flight,"
False,halls,land,"The echoes of laughter linger in empty halls,",A song of lost hope to a distant land.
False,word,word,"Thunder speaks, yet the stone hears not a word.","Stoneware flows, yet the stone hears not a word."
False,eye,secret,"Beneath the moon’s pale, watchful eye,","The dewdrops fall in secret,"
False,alive,grace,"In the tapestry of twilight, hues breathe alive—","In the tapestry of twilight, light walks with grace"
False,war,all,"Where light and shadow wage their endless war,",A mirror’s eye sees the world and tells all.
False,song,,"In every heartbeat echoes the song,",
False,moments,wind,"In the quiet bloom of shared moments,",a tale in the wind.
False,hands,sing,The minutes slip like sand through ancient hands.,The echoes dance through the air and sing.
False,danced,danced,"Laughter echoed where the fireflies danced,","fireflies danced,"
False,unanswered,,"I carve my name in time’s slow tide, unanswered.",
False,storm,night,"A bond that shines through life’s unpredictable storm,",A path that walks on the edge of the night.
False,embrace,sleep,"Whispers of longing in the night's embrace,",restless dreams to sleep.
False,tread,starts,"Though shadows creep where daylight dares not tread,",light fades where moon's first glance starts.
False,light,sighs,"In the hush where heavens hum with light,",where hearts hum with soft sighs.
False,cast,chase,"In flawlessly fractured light, the truth is cast.","truths in fractured light, endless chase."
False,bright,dream,"A whisper starts in stolen glances bright,",A shadow grows to claim its dream.
False,persuasion,glow,"The apple bends with sweet persuasion,",the night is bright with a warm glow.
False,gleam,more,"Beneath the moon's indifferent, silent gleam,","In gentle sighs, we find the world once more,"
False,bones,form,"Rage ignites like thunder in the bones,","Beneath the sky, the night takes form."
False,flame,flame,"A cage of silence, forged in tyranny's flame,","A cage of silence, forged in tyranny's flame."
False,behind,waves,"Time carves wisdom on the lines it leaves behind,","The moon casts silver light on its silvered waves,"
False,grace,dream,"The earth turns slowly through time's tender grace,",The sun sets gently on the stars like a slow dream.
False,flight,dew,"Whispers of the hour-glass, sand in silent flight,",The wind in the morning dew.
False,lay,lay,"Beneath the mask we wear, a thousand whispers lay,","Beneath the mask we wear, a thousand whispers lay."
False,poetry,poem,"Each wrinkle etched like time's slow poetry,","Each wrinkle etched like time's slow poem,"
False,creep,creep,"Whispers of dread in the shadows creep,","Whispers of fear in the silence creep,"
False,played,came,"A bloom unearthed where shadows played,","A moon upon mist, where echoes came."
False,song,sea,My roots are etched in many a song.,is: By the shore where the breeze meets the sea.
False,glow,dream,"In the attic of time, memories dust and glow,","In the hall of echoes and quiet, time’s slow dream."
False,cry,dawn,"Where chains are whispered into silence, freedom wakes with a cry.","where the world turns with a bright, new dawn."
False,rise,sing,"On tongues of morning, flavors start to rise,","In the air, secrets begin to sing."
False,rise,low,"Roots entwined where voices rise,","Voice hums in the air when the wind is low,"
False,blood,stone,"Love blooms in whispers, binds in the blood,",The wind turns your voice to stone.
False,wrong,,"Justice scales the cliffs of right, while shadows feed the wrong.",
False,hum,turn,"Whispers of winter give way to the spring's soft hum,",the path of light returns upon the frost’s last turn
False,air,by,"Whispers of dread in the midnight air,",The dawn's light would pass by.
False,light,shadows,"In the mirror of the soul, shadows dance with light.",The light is still dancing with shadows.
False,spring,gold,The whisper of winter gives way to the song of the spring.,The dawn of summer paints the sky in gold.
False,ignites,repetition,"In laughter’s glow, where quiet trust ignites,",No line provided. Please provide the second line in rhyme and no repetition.
False,bright,strong,"In the garden of life, friendship blooms bright.","In the forest of memories, love grows strong."
False,sun,skies,Neon hums where countryside sighs in the sun.,The dawn is a gentle whisper in the blue skies.
False,gleamed,hand,"In shadows deep where truth once gleamed,",There lies a tale to be told by hand.
False,rise,there,"In the shadow's grip, a fragile spark still dares to rise—",a quiet night is still there.
False,roar,dances,"The storm within screams louder than the thunder's roar,","The night's shadow dances and dances,"
False,disguise,disguise,"In whispered shadows, truth dons a disguise,","In quiet halls, truth dons a disguise."
False,dwell,sky,"In whispered shadows where the lonely dwell,",The stars often lie like light in the sky.
False,sigh,sigh,"Whispers of winter melt to spring’s first sigh,",Whispers of winter melt to spring’s first sigh.
False,grow,tune,"Two hearts entwined where vows take root and grow,","The song I hear still rings, not from a tune."
False,bloom,keep,"In twilight’s breath, where shadows dare to bloom,",completes: The night's light is a whisper to keep.
False,hum,more,"O ancestors’ whispers duel with pixels’ hum,","pixels’ hum, no more."
False,earth,,In the hush where heaven's whispers meet the earth.,
False,roar,gold,"Shadows fall where the cannons roar,","When the sky turns to gold,"
False,remain,remain,"My name may fade, but whispers will remain,",my spirit will remain.
False,rain,not,I wield the storm yet tremble at the rain.,the night in me do I fear not
False,skin,,Time carves its tales in lines upon our skin.,
False,edge,grace,"Where whispered lies dance on a blade's sharp edge,","Where whispered lies grace in each blade's grace,"
False,bind,bound,"Through laughter’s echo and tears that bind,","Through laughter’s echo and tears that bound,"
False,rise,rise,"Beneath the chain, a song still dares to rise,",I dare not rise.
False,hand,summer,"The hours slip like sand through time's unyielding hand,",The years bend like rivers in the light of summer.
False,hue,above,"Wheels hum low beneath the morning's hue,",A silent march of the stars above
False,trees,glow,"Whispers of wind through the green-lit trees,",beneath the stars’ soft glow
False,rest,ended,"In whispers woven, the dagger finds its rest,",The dagger rests where the whisper ended.
False,know,sing,"With dawn’s first light, a heart begins to know,",lightning in the sky begins to sing.
False,heart,shadows,"Like shadows twins upon the heart,",no longer shadows.
False,sigh,again,"Like dawn embraces twilight’s fading sigh,",The world will turn and dream again.
False,groan,groan,"Winds of freedom whisper through chains that groan,",Winds of freedom whisper through chains that groan.
False,unseen,is,"Whispers of forever carved in bones unseen,",is:
False,unknown,grace,"Like dawn breaking silently on a heart unknown,","A new day opens its eyes with grace,"
False,lies,lie,The sweetness of trust can hold a thousand lies.,The heart is ever a place to hold a lie.
True,cries,disguise,"The chains of silence clank beneath the breath of rebels' cries,",The echoes in the dawn of night are heard by the bold in disguise.
False,tongue,find,"Bitter chocolate on a honeyed tongue,","sweet and sly, for the taste to find."
False,sigh,breath,"Whispers of spring in winter's last sigh,",Seamless bloom in the snow's fleeting breath.
False,entwine,end,"In tangled hearts, two vows entwine,","Hearts beat with fire, no more end."
False,bare,,"Truth wears a mask of light, yet deception shimmers bare.",
False,cling,sign,"In twilight’s grasp, where shadows cling,",The light remains a fleeting sign.
False,free,beneath,Whispers weave where wild hearts run free.,"Wild breezes glide beneath,"
False,gleam,gleam,"Beneath soft words, the dagger of truth may gleam,","beneath the dawn, the truth may gleam."
False,night,rekindles,"Winds of liberty weep through the chains of the night,","The dawn will bring new hope, and hope rekindles."
False,sway,line,"In twilight’s breath, where shadows softly sway,",no_line
False,veins,true,"Beneath the storm of silent rage, tempests thrive in beating veins.","Thorns rise from the ground, where the winds are once more true."
False,rooms,,Whispers of yesterday linger in the dust of forgotten rooms.,
False,song,day,"In shadows of the past, my heart repeats an ancient song.",The sun in the dawn brings hope and new day.
False,disguise,truth,"Justice wears a crown of light, injustice, shadows in disguise,","Justice wears a crown of light, justice, a mirror for truth."
False,dwell,hope,"In the silent chambers where dread and dread dwell,",the dawn will rise upon hope and hope.
False,boughs,allowed,"Whispers of the wind through ancient boughs,",No line allowed.
False,awake,is,"Beneath the mirror’s gaze, a thousand whispered names awake.",is:
False,gleam,veiled,"Beneath soft words, the dagger of truth may gleam.","The night is silent, where the moon is veiled."
False,snow,dark,"Friendship is the sun that melts the snow,",Friendship is the sun that shines on the dark.
False,storm,kind,"A flawless rose still trembles in the storm,",A storm is as fierce as it's kind.
False,sing,live,"My name may fade, but my shadow shall sing.","A star may be a spark, but it shall live."
False,skies,dreams,"Time-honored flames meet electric skies,",the night is forever bright and full of dreams.
False,read,tale,Each wrinkle etched is a tale the sun has read.,"Each wrinkle etched a tale,"
False,tread,had,"The tempest rages where restraint once tread,",The sea is but a shadow of what she once had.
False,unknown,,"Beneath the mask I’ve worn for years, a silent echo stirs, unknown.",
False,breath,bright,"In the quiet hours, when stars hold their breath,","The moon takes its time, no longer bright."
False,gleams,reveals,"In every flaw, the light of perfection gleams.","In every twist, the truth beneath reveals."
False,wander,dream,"Whispers roam where wild things wander,",night is a stranger’s dream.
False,fire,sky,"With trembling hand I light the fire,",And a song of joy is in the sky.
False,skies,thought,"Whispers of velvet dance with crimson skies,",No thought.
False,light,thread,"In the quiet heartbeat of the morning light,",A world of dreams weaves its soft silver thread.
False,thrives,thrives,"Brushstrokes of thought dance where wild imagination thrives,",Brushstrokes of thought dance where wild imagination thrives.
False,unseen,stress,A flawless curve holds cracks unseen—,A flawless form reveals its grace under stress.
False,tight,ties,A whispered truth can sever ties spun tight.,A whispered truth can cut through the tangled ties.
False,cling,night,"In shadowed halls where whispers cling,",The moonlight dances on the night.
False,light,light,"In the shadow of the night, hope whispers light.","In the dawn of hope, dawn breaks light."
False,life,land,"Where whispering forests pulse with life,","Where the birds sing above the land,"
False,road,say,"Beneath the moon’s unblinking eye, I start upon the road.","To complete the second line, you would say:"
False,stir,light,"In the attic of the heart, old echoes still stir.","In the shadow of the soul, still whispering light."
False,entwine,hymn,"A heartbeat hums where two souls entwine,",the moon and stars share a silent hymn.
False,tread,tread,"Two hearts entwined, one path they tread,","Two hearts entwined, a path they tread."
False,change,flame,"Whispers of wind weave through skies of change,","When the moonlight douses the forest’s flame,"
False,dance,kind,Colors whisper where the silent brushes dance.,The world dances where the light is kind.
False,mind,silence,"Old hands shaping clay, new screens shape the mind,","New skies dream in silence,"
False,ears,rest,"Beneath the mask I’ve worn for years, a stranger whispers in my ears.","Upon the wind's soft song of secrets, I trace the shadows to rest."
False,entwine,weave,"In whispers of the soul, where light and longing entwine,","In the heart of the night where time and dreams do weave,"
False,forgot,forget,"Through mirrors of memory, I search for the face that time forgot.","Through memories of shadows, I search the face that time did forget."
False,force,,"Justice whispers truth, but injustice roars, drowning right in the storm of its force.",
False,plays,sings,"In whispered woods where shadow plays,","a dance in the dark, where the light sings."
False,time,hills,The ghost of yesterday whispers through the keys of time.,The moonlight walks across the silent hills.
False,hide,lies,"A whisper of warmth that the heart cannot hide,",The night is a mirror to the day that lies.
False,bend,line,"In shadowed scales, the scales of truth bend—",no line.
False,prowl,song,"In shadowed woods where whispers prowl,",The birds and the moon make their song.
False,intertwine,promise,"In vows woven tight, two hearts intertwine,",In lines drawn from a silent promise.
False,tome,glow,"The years fold like pages in a gently-worn tome,",The hours weave like threads in a soft dawn’s glow.
False,thread,fails,"Two souls entwined in time’s soft thread,",A tale of love in words where time fails.
False,rise,rise,"Whispers of winter melt into spring's gentle rise,","Spring's gentle rise,"
False,hush,hue,"In city's hum or meadow's hush,",In a city’s heart or a meadow’s hue.
False,time,time,"Carved in stone or whispered through time,",Carved in stone or whispered through time
False,danced,sky,"Laughter echoes where the fireflies danced,",beneath the moonlit sky.
False,are,forgot,"Love is the thread that weaves through all we are,","Lived like the fire in the sky, and never forgot."
False,wick,,Time drifts like ash on a fading wick.,
False,grain,flow,"The hourglass bleeds its final grain,",The day will flow.
False,quench,shadow,"A glance can spark a flame that time won’t quench,",A flame may outlast the night's darkest shadow.
False,dawn,dawn,"When cannons roared at Waterloo's dawn,","When the cannons roared at Waterloo's dawn,"
False,stage,candlelight,"A dance of spices on the tongue's sweet stage,",A song of silence that fades like candlelight.
False,breath,thin,"Like thunder caged in silent breath,","A wing of fate so thin,"
False,sworn,stone,"In whispered lies where trust was sworn,",The stars were born from silent stone.
False,embrace,embrace,"Whispers of winter to summer's embrace,","Summer’s breath on the snow's embrace,"
False,wires,,"Old hymns hummed by ancient fires, now duet with the drone of wires.",
False,one,heard,We are threads in the fabric of many voices one.,Then they fly across the sky in a song where only one is heard.
False,through,shows,"In flawless cracks, the light slips through.","in the mirror’s edge, reflection shows."
False,still,begun,"A silent nod speaks volumes when the world is still,",A silence speaks when the day has begun.
False,dawn,place,"In flaw's soft glow, perfection finds its dawn,","In beauty's quiet flame, grace finds its place."
False,lies,bright,"In silvered tongues, the serpent lies,","The dragon gleams, its scales bright,"
False,ache,skies,"In twilight's breath, hope whispers through despair's bitter ache.","In shadowed dawn, hope's flame ignites through the weary skies."
False,know,song,"Where hearthlight dances on the walls I know,",I know the flame’s warm song.
False,dreams,repeated,"Beneath the stars where night winds whisper dreams,",no line is repeated.
False,weave,weave,"Rooted in rhythm, threads of tradition weave,","The threads of tradition weave,"
False,shy,return,"In shadows deep where light is shy,",light shall rise in return
False,sway,free,"Where shadowed scales of justice sway,",Where dawn’s pale light is now free.
False,breeze,same,"Whispers of laughter dance on the breeze,","No line is provided in the request. Please provide two rhyming couplets, ensuring both lines are included and not the same."
False,dwell,unfold,"A hearth’s soft glow where scattered memories dwell,",A hearth's warm embrace where dreams unfold.
False,air,lost,"Where shared breath paints the air,","One line is lost,"
False,dream,line,"Silent thief of moment and dream,",No line.
True,flight,night,"In quiet hearts where whispered prayers take flight,",The sun’s light may still warm the cold night.
False,name,sound,"Whispers of light where the soul finds its name,","Hush, heart, you guide, for light leads to sound."
False,glow,glow,"Beneath the moon's soft, whispering glow,","Under the moon's soft, whispering glow,"
False,night,pass,"Echoes of laughter drift through hollowed streets where silence claims the night,",Whispers of dreams drift where light once dared to pass.
False,flight,flight,"Beneath the sky where childhood dreams take flight,","Beneath the skies where dreams take flight,"
False,play,silver,"Beneath the mask where whispers play,",the moon paints the night in silver.
False,blue,foam,"The sky weaves tales in gray or blue,","The sea whispers through the foam,"
False,sweep,air,"Beneath the tower's shadow or the willow's swaying sweep,","a path to the hills, where birdsong fills the air."
False,sighs,rest,"Beneath the boughs where twilight softly sighs,",bead in the stream where the birds of day rest.
False,intertwine,grow,"Through the years, like roots that intertwine,","Through the years, like roots that grow,"
False,sky,it,"The old oak groans beneath the neon sky,",The moonlight whispers soft and ancient to it.
False,night,sky,"Shadows of steel whisper through the night,","Whispers from the cold, night and sky."
False,blew,left,"Whispers of winds through the ages have blew,",No line left.
False,one,find,"Roots entwined where hearts beat as one,","Beneath the skies of dreams I'll find,"
False,deep,remains,"In every flaw, a shadow of perfection’s light hides deep,","In the silent whisper of hidden grace, deep, the flame remains."
False,rise,sings,"In quiet whispers, the soul's prayers rise,","In the quiet breeze, the heart's song sings."
False,new,come,"Whispers of winds through ancient and new,",new life has come.
False,dreams,added,"With brushes dipped in whispered dreams,",no line added
False,past,spring,"Whispers of time in the dust of the past,",A whisper of the future in the bloom of spring.
False,sigh,rest,"Whispers of wind through a warming world's sigh,",One step to peace and rest.
False,loom,lost,"Threads of love woven through years of the same loom,","Looms in many places, a pattern long lost,"
False,long,brief,"The dusk of life casts shadows long,","The night of dreams is brief,"
False,story,,Roots entwined in shared heartbeat and story.,
True,skin,within,Embers of rage beneath the skin.,Embers of regret deep within.
False,plight,rise,"Where scales of justice tip with tears of plight,",Beneath the heavens we all must rise.
False,fear,kept,"In shackles forged by silent fear,",in silence where dreams are kept.
False,resided,stillness,"Shadows stretch where laughter once resided,","Beneath silence, we walk in stillness."
False,songs,line,"Roots etched deep in ancient songs,",no line
False,skyscrapers,oaks,"The old oaks whisper tales to new steel skyscrapers,",The new steel skyscrapers speak to the old oaks.
False,roar,soars,"Though flesh may fade and time may roar,","This path to grace remains, where light soars."
False,tongues,rhyme,"Whispers of spice dance on eager tongues,",should be: Whispers of the night speak in rhyme.
False,tight,lost,"A crown of thunder, a fist clenched tight,","a storm within, and the night is not lost."
False,breath,hand,"In whispers of brushstroke and melody's breath,","In whispered tones from a quiet hand,"
False,glow,clear,"Wheels spin beneath the dawn's first glow,",Walls crumble and night deepens as the sky's clear.
False,steal,meet,"First love is a whisper the stars dare not steal,",Second love is a flame that shall burn to meet.
False,fade,see,"Ancient rites in twilight’s fade,","One night we dance, two night I see."
False,sand,sand,"The hands of morning trace the sand,","The night's breath leaves the sand,"
True,light,night,"Beneath soft lips, lies wear the mask of light,","Within shadowed grace, the heart sings to the night."
False,sail,,"In whispered hopes, the heart sets sail.",
False,breath,skin,Whispers echo in the hollow of an unshared breath.,Tears trace the moon's silver skin.
False,clover,brook,"The reaper's scythe whispers through the clover,","The whisper falls on the brook,"
False,prayer,silence,"Shadows claim the hearts we held dear, silent as a whispered prayer.",He walks the streets lost and finds the soul in the silence
False,unfurled,flame,"In whispered light, our hearts ignite with visions yet unfurled.",In shadows we find our hidden strength to hold the flame.
False,breathes,free,"Beneath soft lies, the truth in shadows breathes,","Beneath the shadowed flame, the truth is free."
False,cast,soars,"A mirror of the soul in shadows cast,",A shadow of the soul in the light soars.
False,remain,tales,"A hearth where whispers of the past remain,",a fire in which words are spun to tell new tales.
False,night,night,"I traced my shadow 'cross a mirrored night,","I traced my shadow 'cross the mirrored night,"
False,time,grace,"A cradle’s whisper, threads through time,","a lighted night, dreams come with grace."
False,tred,trees,"Winds whisper secrets of roads seldom tred,","The wind will pass through the trees,"
False,bold,on,"The torch of time ignites in flashes bold,",The flame of memory burns on and on.
False,night,day,Winds of freedom whisper through chains of oppression's night.,Whispers of hope in the dawn of a new day.
False,feet,feet,"Winds of the world whisper through wandering feet,",Winds of the world whisper through endless feet.
False,stone,air,"Whispers of time etch echoes on the stone,","Thistles dance on the air,"
False,long,thread,"Seconds crawl like shadows long,","The end is a thread,"
False,truths,strong,"In twilight’s grasp, where shadows whisper truths,",One world in the dark stands strong.
False,tread,eye,"Beneath soft words, the shadow of a lie may tread,",A dream may weave the truth beneath the eye.
False,part,breath,"When whispered vows in shadows part,",When silence holds the light’s fleeting breath.
False,trees,stone,"Whispers of the wind through ancient trees,",One still sings in the shadows of stone.
False,time,age,"Beneath a sky where stars won’t listen, silent screams fold into rusted time.","Under the sky where stars will no longer fly, a song that weeps in silent, old age."
False,rhyme,remain,"In whispers of light, the soul finds its rhyme.","In the shadow of quiet nights, you still remain."
False,life,starts,"Joy dances lightly on the breeze of life,",Horse's heart turns bright when spring starts.
True,flight,light,"In starlit whispers, hopes take flight,","In dreams where night meets light,"
False,flight,flight,"Where pigment meets vision, ideas take flight,","Where pigment meets vision, ideas take flight."
False,stars,whispers,Pack the dawn in a suitcase of stars.,The night is a tapestry of whispers.
False,hands,hands,"Time etches its tale in the lines of our hands,",Time etches its tale in the lines of our hands.
False,awakes,unfold,"In quiet whispers, the divine awakes,","Then dreams, like stars, unfold."
False,sing,come,"In strokes of light, the soul begins to sing,","The dawn has come,"
False,days,,Soft laughter lingers in the dust of old summer days.,
False,born,flight,"In the shadow of the storm, a fragile light is born.","In the dawn of the breaking dawn, a gentle light takes flight."
False,roamed,hearts,A hollow silence where their laughter roamed.,"A hush deep in their hearts,"
False,ahead,glow,"With a heart aglow and the road ahead,",the sun still casts its bright glow.
False,send,find,"Stars whisper the hopes our hearts dared to send,",The moon follows a path that none dare find.
False,tread,tread,"In shadows deep, my racing heart does tread,","In quiet stillness, my racing heart does tread."
False,gleam,begins,"Two hearts entwined where promises gently gleam,",The truth within lies hidden where the light begins.
False,prime,triple,"When tempers flare like storms in prime,","When tempests blow in triple,"
False,peace,sun,"Shadows rise where once there stood the light of peace,",Shadows grow where once there was a bright sun.
False,hue,entwine,"Whispers of velvet, symphonies in hue,","symphony of gold, where dreams entwine."
False,true,bold,"A bond unseen, yet ever so true,","A secret, yet true and bold."
False,sky,line,"In the clash of chains and open sky,",Do not repeat the first line.
False,chest,gaze,"Beneath the tempest of a thunderous chest,","Under the storm’s piercing gaze,"
False,dawn,hands,Winds of liberty whistle through chains rusting in the dawn.,A new dawn holds light in her hands.
False,hands,deep,"Roots tangled in stories, passed through time's gentle hands,","time's hand never bends, forever deep,"
False,lingered,lingered,"A shadow stirs where light once lingered,",A shadow stirs where light once lingered.
False,reciting,light,"The road is a verse the world keeps reciting,",I shall walk to the moon in a moonless light.
False,away,made,"Spring whispers life as winter drifts away,",Lush green is a promise where dreams are made.
False,hymn,,Steel canyons pulse with midnight’s electric hymn.,
False,road,path,"Wings of dawn kissed the open road,",Wings of dusk kiss the silver path.
False,sings,sings,"In the mirror of memory, my heritage quietly sings,","In the mirror of memory, my heritage quietly sings."
False,breeze,song,"Whispers of laughter on a summer breeze,",is: She dances bright with her song.
False,boots,boots,"Truth wears a crown of dust, while lies wear gilded boots,","truth wears a crown of dust, while lies wear gilded boots."
False,leaf,tears,"I clenched the storm, yet whispered to the leaf—",The dew fell soft like silver tears.
False,rage,be,"Roots etched in history's page, I dance in the rain of many a culture's strange, yet tender rage.",should be:
False,past,way,"Like whispers through the dust of days long past,","In quiet whispers, a world has found its way,"
False,align,within,We find our roots where heartbeats align.,In a song to find the soul within.
False,sigh,one,"Whispers of winter melt to spring’s gentle sigh,","A hush in the forest, one by one."
False,time,does,"A bond unseen, yet stronger than time,","A word in silent, as the light does."
False,play,known,"In whispered woods where shadows play,","No line is spoken, nothing known."
False,skies,flee,"Roots etched in ancient tongues and modern skies,",Inward winds whisper where thought can flee.
True,lay,way,"Fury burns where calm once lay,",The wind is quick in its way.
False,stays,soul,"In quiet hearts where light eternal stays,",A song more than verse speaks my soul.
False,true,me,"Through storm and still, a bond held true,","A rose in spring, a song from me."
False,tree,leaves,"Beneath the boughs of time’s slow-growing tree,",The moonlight whispers through the leaves.
False,sunrise,still,"As the world tilts toward new eyes, the dawn claims its sunrise.",The moon rises bright and still.
False,clung,light,"Whispers of liberty rise where shadowed chains once clung,",A dawn of freedom shall come to light.
False,breathe,breathe,"Beneath the brush, where colors breathe,","Under the brush, where colors breathe,"
False,light,time,"In the mirror of the soul, shadows dance with light.","In truth, where the heart beats, they fade with time."
False,dreams,ball,"Bubbles rise in morning’s gleam, laughter hums in dreams.","In golden hushes they play, the sky is a ball."
False,oblivion,dawn,"In twilight’s embrace, the heart stands between dawn and oblivion.","in silence, we hold the dawn."
False,embrace,leaf,"In the quiet cradle of memory’s embrace,","a story lives, as soft as a leaf."
False,rest,rest,"A hearth's soft glow where whispers rest,","A flame that stirs, the breeze and soul doth rest."
False,sail,led,"In starlit whispers, our hearts set sail,","In shadowed trails where the stars are led,"
False,sail,on,"Whispers of ambition on night's soft sail,",A thousand winds carry on
False,trees,far,"Whispers of the wind through ancient trees,",Homesick hearts that once wandered far.
False,dance,show,"Bitter, sweet, the flavors dance,","Bare in this dance, they show."
False,divine,time,"In the quiet whispers where the heart meets the divine,",The spirit hums a melody in silent time.
False,light,floor,"The dagger of betrayal shines where trust once bloomed in the moon’s pale light,",The key to the night is a candle that softly wanes on the floor.
False,land,speak,"Shadows of steel descend upon the land,",Whispers of the night do softly speak.
False,embrace,are,Whispers of rustle in a rainbow’s embrace—,"No, I need to provide only the second line that completes the rhyming couplet. The completed lines are:"
False,all,all,"Grandmother's hymns still hum in the walls, yet the internet sings through the smartphones of us all.","Grandmother's hymns still hum in the walls, but the internet sings through the smartphones of us all."
False,air,grow,"Though bones to dust and whispers fade to air,","Then, with time, leaves once more grow."
False,entwine,entwine,"In whispers of forever, two hearts entwine.","In fleeting moments, two hearts entwine."
False,breathe,dance,"Concrete hums where the streetlamps breathe,","The moon hangs low where the shadows dance,"
False,breath,wind,"Whispers of spring in the frost’s last breath,",A leaf drifts by the wind.
False,conspire,else,"Beneath the same sky, two shadows conspire—","No lines are allowed, except one poetic line and nothing else."
False,time,flame,"In the quiet rhythm of a shared heartbeat, family roots hold fast to time.","In the rhythm of shared time, love dances like flame."
False,heard,flowed,"The silent ache where laughter once was heard,",The quiet heart where tears once flowed.
False,sky,again,"In the shadow of cannon's cry, dreams lie battered and torn under sky.","In the heart of mist's hush, they rise again and again."
False,flame,,"With trembling hand, I reach beyond the light of childhood’s flame.",
False,way,trail,"In flawless cracks, the light finds its way.","In the folds of dusk, she draws a trail."
False,design,,"Perfection hums in flawless lines, imperfection dances there by design.",
False,light,trees,"Whispers of autumn kiss the fading light,","The wind sighs through the quiet trees,"
False,shine,sea,"In the weave of voices, threads of kinship shine,",A song spun across land and sea.
False,dreams,hush,"Concrete hums where the city dreams,","The city dreams in a concrete hush,"
False,youth,life,"Laughter echoing through the fields of my youth,",My heart still full with memories of life.
False,wall,softly,"The clock's silent hands carve shadows on the wall,","The moonlight dances softly,"
False,hush,softly,"Amid the city's thunder or the countryside's hush,","At dawn and night, the stars twinkle softly,"
False,rise,passed,"Whispers of winter melt into the breath of spring’s soft rise,","the wind’s kiss, and the frost has passed."
False,chain,stretches,"Wings of dawn struggle against the night's iron chain,","Dawn begins with flight, though the dark stretches."
False,tree,completed,"Laughter echoed beneath the willow tree,",No line is provided to complete this. Let me know if you'd like the rhyme completed!
False,sown,long,"Two hearts entwined where vows are sown,","One breathless, the other long.*"
False,true,promise,"Two hearts entwined, a vow so true,","A vow so true, another promise."
False,rise,rain,"Neon hums where the tall buildings rise,",The trees whisper through the rain.
False,name,name,"I wandered through the echoes of my name,",I wandered through the echoes of my name.
False,breath,line,"Whispers of winter melt to spring's gentle breath,",No line.
True,night,light,"In silent crowds, we pass like shadows through a fractured night.","In silent shadows, we weave through the night’s last light."
False,sigh,leaves,"The whispering winds through ancient trees sigh,",The wind still sings to the sleeping leaves.
False,roar,apart,"The storm inside begins to roar,",The storm outside soon falls apart.
False,crumble,remains,"In shadowed palms, where empires rise and crumble,","in the night’s embrace they fade, and hope remains."
False,tread,sigh,"Each year a whisper, time's soft tread,",time's quiet sigh
False,hold,end,"Thunder rolls within my chest, a storm no sky can hold,",The sky sighs without end.
False,stay,unsealed,"A hearth of memories where the heart’s whispers stay,","A soul that moves, no bounds, its voice unsealed."
False,sing,going,"In brushstrokes and dreams, the soul begins to sing,","In the haze of dream and dawn, my heart will keep going."
False,name,breath,"The world turns on the flick of a flame, then chokes on the wind's empty name.",The night descends on a lonely breath.
False,flight,earth,"In whispered prayers, the soul takes flight,",I leave no trace on earth.
False,breath,free,"My heritage sings in the rhythm of my breath,",I am free.
False,past,me,"Amidst the dust of ages past,","Where do you find grace, if not in me."
False,machines,voice,"Ancestors' whispers clash with the hum of smart machines,",machines and the warmth of your voice
False,true,smile,"In quiet moments, hearts speak true—",The sun's gentle smile—
False,best,sight,"I placed my faith in the hands I knew best,","The hand that held the world in sight,"
False,bones,tempest,"Thunderclaps in leaders' throats, silence gnaws the weak their bones.",Shelter no more in this tempest.
False,dawn,dream,"Where silhouettes of chains cling tight to dawn,",Where silhouettes of dreams endure to dream.
False,lanes,more,"Whispers of the past drift through forgotten lanes,","A memory’s sigh still stirs, nothing more."
False,spring,sigh,"A whisper of dawn in the heart’s first tender spring,","A rose in the wind, a memory, a sigh."
False,whispers,sings,"Through shadows of self, my true face whispers.","Through shadows of self, my true face sings."
False,skies,roots,"Old hands carve roots, new winds build skies,","new winds build skies, old hands carve roots."
False,delight,cheer,"Laughter dances on the breeze, a whisper of delight.","Lightness dances in the clouds, a melody of cheer."
False,wander,thought,Shadows whisper secrets where the silent stars neglect to wander.,The night does watch with its gaze that's lost in thought.
False,crude,away,"The storm in my chest roars loud and crude,",The moon in my heart sings sweetly away.
False,flame,light,"The dawn of years unfolds in silent flame,",The silence hums in the morning’s soft light.
False,night,denied,"Like shadows stirred by whispers in the night,",light is not to be denied.
False,breath,summer,"A bloom of hearts in spring’s first breath,","The end of a summer's long summer,"
False,confined,sighs,The storm within a chest confined.,The wind in the chest as it sighs.
False,unsung,flight,"Amidst the swirl of hues and symphonies unsung,",souls and spirits in flight.
False,name,rest,"In silent corridors where shadows know my name,","My breath shall not rise, my heart shall rest."
False,lay,lived,"Whispers of absence where laughter once lay,",night's soft embrace where dreams once lived.
False,truths,peace,"Time’s pages echo with fire-lit truths,",The stars gaze with quiet eyes in peace.
False,night,trees,"Whispers of hope in the heart’s quiet night,",The wind dances through the trees.
False,known,known,"Storms whisper secrets the winds have known,",Storms whisper secrets the winds have known.
False,fires,sigh,"In shadows cast by towering spires, whisper the cries of silent fires.","In echoes that drown the stars so thin, the earth will not sigh."
False,hall,moonbeams,Golden echoes drift like dusk through the mind's old hall.,Beneath the golden glow of moonbeams.
False,plead,light,"In twilight’s grasp, where shadows plead,","For stars who long, and night is my light."
False,gaze,glistens,"Beneath the moon's slow-swaying gaze,","The dew on leaves glistens,"
False,masquerade,truest,"In shadows spun, truth wears a masquerade,","In shadow's guise, truth remains a truest."
True,flight,night,"Beneath the stars, our hopes take flight,",Our dreams dance like a spring night.
False,hue,unseen,"Whispers of rustling leaves in a tapestry of hue,","She walks through the quiet forest, her steps unseen"
False,high,high,"Old oaks whisper tales while neon dreams reach high,","neon dreams reach high,"
False,sighs,sings,"Whispers of wind through ancient tree sighs,","is: The rustle of leaves falls, and sings."
False,shaped,shaped,"Through storm and silence, together we are shaped,","Through storm and silence, together we are shaped."
False,cling,shadow,"In the attic of my mind, old moments softly cling.","In the mirror of my soul, they trace the shadow."
False,gleams,shines,"In the shadow of despair, hope's frail light gleams.","hope's frail light, in its turn, shines."
False,sigh,song,"Cobblestone calm meets skyline's restless sigh,","Cobbled stone's sigh, a silent song."
False,reside,was,"My name may echo where the silent stars reside,",I cannot return to the time I was.
False,dew,fell,"I wore my childhood like a cloak of dew,",Then I stood tall where twilight fell.
False,align,,"In quiet moments, hearts align.",
False,harbor,begin,"A hearth among the shadows, where the heartfinds its harbor.","A flame upon the hearth, where wisdom and light begin."
False,sky,night,"Shells scream through the smoke-stained sky,","is: A flame in the night,"
False,song,,"Wings clipped in shadow, freedom dreams in song.",
False,flame,flame,"Two hearts entwined, a promise in the flame,","One line, one line in the flame."
False,deep,silence,"Heart pounds like thunder in a silence deep,","Heart pounds like thunder in a silence,"
False,can,,Thunder speaks where no one can.,
False,speak,heard,"In shadowed tongues truth oft must cloak to speak,",The answer lies in words that are ever heard.
False,play,play,"Beneath the canopy where ancient shadows play,",Beneath the canopy where ancient shadows play.
False,power,be,"Chains may clank in the shadow of power,","must complete the rhyme and not repeat the first line, so the rhyming couplet would be:"
False,speaks,night,"In shadowed corners where silence speaks,",in the whispers that pass through the night.
False,scars,scars,Flawless edges hint at scars.,Flawless edges do not recall their scars.
False,flight,return,"Beneath the stars where hopes take flight,",the world may not return.
False,sun,made,"Two hearts entwined, through shadows and sun,",Two stars are made.
False,thrives,,"In tangled roots, a shared heartbeat thrives.",
