Rhymes,Last_Word_1,Last_Word_2,First_Line,Second_Line
False,light,breath,Golden echoes drift like dust through yesterday's dim light.,Silence holds the scent of time in every breath.
False,soul,true,"I wandered shadows seeking light in the mirror of my soul,","The flame of my being, fierce and true."
False,weeps,stays,"In shadows deep where silence weeps,",The light of day forever stays.
False,remains,space,"In the quiet of the soul, a light divine remains.",A flame that burns through time and space.
False,time,flame,"Sweet whispers dance on tongues of time,",Silent echoes trace the past's divine flame.
False,dissolves,time,"With each year, the childhood veil dissolves,",And memories bloom in golden threads of time.
False,time,sky,Whispers of dusk linger on the lips of time.,Silent as stars across the dying sky.
False,soar,remains,"Though flesh may fade and time may soar,","and light may fade, yet hope remains."
False,past,again,"The drums of time beat echoes of the past,",A song that calls us home again.
False,might,,"Though empires rise on whispers of might,",
False,dreams,steel,"Guns awaken the earth like a curse from her dreams,",Wings of dawn break through the ash and the steel.
False,stone,thrones,"I wander shadowed halls of silent stone,",The moonlight weeps on ancient thrones.
False,bloom,found,"Two hearts entwined where promises bloom,",Where love is kind and light is found.
False,grit,light,"Through vows entwined, two hearts commit, one journey built on love and grit.",A future steeped in trust and light.
False,trees,crescent,"Laughter echoes soft as the breeze through old trees,",And sings sweetly in every leaf's quiet crescent.
False,despair,stay,"In the shadow of the night, hope whispers to despair.",A brighter dawn awaits the fool who dares to stay.
False,name,made,"A hearth that glows where the heart finds its name,",A home where love and peace are made.
False,dies,within,"In trembling hands, the storm both swells and dies.","The world is shaken, yet calm is found within."
False,time,dust,"Though flesh may fade and tombs may rust with time,",But honours never lie in mortal dust.
False,soil,choir,"Roots buried deep in ancient soil,","Whispers of the past, a silent choir."
False,kneel,unshackled,"In shadow’s clutch, the strongest will may kneel.","And rise again, with light and strength unshackled."
False,unseen,tune,"In strokes of light and whispers unseen,",the world is painted bright in silent tune.
False,sigh,true,"Whispers of winter melt to spring's soft sigh,","Blooms emerge from slumber, bright and true."
False,years,meet,"I stepped through the veil of shadowed years,",Where echoes of the past and futures meet.
False,dawn,sand,"Whispers curl like shadows at dawn,","Shadows play upon the soft, warm sand."
True,grey,day,"Beneath a sky that shifts from blue to grey,",The wind now howls with whispers of the day.
False,belong,sung,"Where echoes of laughter dwell, I am not lost among the walls—I belong.","To the heart of the home, where love is sung."
False,entwine,tide,"On tongues of time, flavors entwine,","In memory's vast, sweet, endless tide."
False,pray,rise,"In whispers of dawn, the soul begins to pray.","A silent hymn, the heart begins to rise."
False,breast,light,"Shadows whisper secrets loud in trembling breast,",Whispers leave no mark upon the dawn's first light.
False,sweep,peace,"Two hearts entwined through time’s unyielding sweep,",where love and fate entwine in perfect peace.
True,spun,sun,"Whispers of the hearth where the heart’s threads are spun,","Embraced by love's gentle hand, they weave the sun."
False,untamed,pale,"Clenched jaws whisper storms of rage untamed,",Silent fury boils beneath the pale.
True,rise,skies,"Love is the flame that gentle does rise,",And burns through shadows to light the skies.
False,stayed,throne,"Fury burns where calm once stayed,",Deserted in the shadow of a throne.
False,halls,fades,"Justice weeps in shadowed halls,",Truth is light that never fades.
False,play,air,"Neon hums where tall shadows play,",Silent echoes dance on the air.
False,maze,embrace,Whispers coil like shadows in the mind’s tight maze.,Footsteps fade like dreams in twilight’s hushed embrace.
False,night,achieved,"Anger boils like storm in night,","Storm's fierce, but peace can be achieved."
False,disguise,remains,"Whispers cloaked in honeyed lies, the blade of betrayal still gleams in trust’s disguise.","The shadow of a vow, a ghostly truth, remains."
True,tight,light,"Whispers coil like shadows, cold and tight,","Silent as the moon, they cast their light."
False,gray,face,"Like sunlight breaking through the clouds of gray,",The dawn's first light on the horizon's face.
False,bleeds,fades,"In shadowed silence, time's hourglass bleeds,","The weight of moments, yet it fades."
False,told,hour,"Autumn's breath turns leaves to gold, a whispered story told.","The wind in dreams, a fleeting hour."
False,bright,lost,"The shadows stretch where laughter once was bright,",The echoes dance where dreams have been lost.
False,embrace,flames,"Beneath the canvas of twilight's embrace,",The stars above gleam like silent flames.
True,might,night,"In the shadow's grip, a fragile light whispers of tomorrow's might.","A fleeting dawn, unwavering, breaks the silence of the night."
False,trod,glade,"Winds whisper secrets of roads yet to be trod,","Beneath the moon's soft, endless, silvered glade."
False,embrace,brave,Stars map my longing in the heavens’ sly embrace.,"Eternal fire in silence, fierce and brave."
True,sown,bone,"In the mirror of time, I trace the shadow I’ve sown.","With every step, I carve the past into the present's bone."
False,creed,bed,"In whispers of light, the soul finds its creed,",A dawn that breaks through shadow's deepest bed.
False,clung,drowned,"Freedom soars where chains once clung,",Hope still blooms where dreams were drowned.
False,deepest,mended,A hand clasped in thine can also cut the deepest.,A wound that scars the heart can still be mended.
False,noon,wind,The reaper’s shadow lengthens with the noon.,A whisper of autumn lingers in the wind.
True,way,play,"Blossoms bloom where laughter finds its way,",A garden where the heart can play.
False,years,bright,"Threads of love woven through the years,","Barely hold, yet fiercely bright."
True,control,toll,"Winds of liberty whisper through chains of control,",And light begins to break through the darkest toll.
False,sing,entwining,Whispers of velvet and hues that sing—,Shadows of midnight in silence entwining.
False,die,,A shadow fades where the flame won’t die.,
False,dance,grace,"Whispers through the grass where the wild things dance,",Silent echoes of the moon's eternal grace.
False,sea,breeze,"A bond unspoken, yet deep as the sea,",whispers through the storm and the silent breeze.
False,embrace,froze,"Whispers of winter melt into the bloom of spring’s embrace,",A delicate thaw on petals that once froze.
False,breath,true,"In every flaw, a whisper of perfection's breath,","A shadow of grace, where darkness once was true."
False,toll,toll,"Beneath the mask that cloaks the soul, the mirror cracks with whispered toll.",And echoes rise where silence once held its toll.
False,dreamed,breath,"Brushstrokes whisper where the soul once dreamed,",A canvas blooms in every silent breath.
True,light,night,"In the dance of flaw and flawless light,",The flame of truth shall not be dimmed by night.
True,embrace,grace,"Whispers of wind through the ancient oak's embrace,",Silence dwells in the hollows of shadowed grace.
False,creep,leaf,"In mirrored shades where shadow dares to creep,",A ghostly dance upon the trembling leaf.
False,skies,skies,"When whispered vows turn cold as winter skies,",And time's relentless tide erases the skies.
False,song,dark,"In the rhythm of shared breath, hearts weave a single song.",Silent tears fall like stars in the dark.
False,ascends,whispers,"In brushstrokes of dawn, wild imagination ascends.",whispers
False,stone,thunder,"Like thunder chained to silent stone,",The silence bows to trembling thunder.
True,glow,show,"A flawless sphere, yet marred by its glow,",A star that burns in the dark to show.
False,stirs,entwine,"In the hush between breaths, the sacred stirs,","of the unseen, where silence and soul entwine."
False,gaze,made,Whispers of wild hearts beat beneath the moon's gentle gaze.,Silent rivers flow where dreams are made.
False,passed,dawn,"A heartbeat hums where light once passed,",The echoes of a losted dawn.
False,unknown,glow,"Colors whisper tales in hues once unknown,","Beneath the moon's soft, eternal glow."
False,sing,entombing,"In shadowed chains, the spirit dares to sing,",A tale of light that breaks the dark entombing.
False,deceit,breath,A whispered vow can fracture like glass beneath the heel of deceit.,A silent oath can shatter like frost in winter's breath.
False,storm,sound,"It blooms in whispers, not in storm.","It lives in silence, not in sound."
False,stayed,wind,"I walked through the shadows where childhood once stayed,",echoed in the whispers of the wind.
False,trees,leaf,"Whispers of winds through ancient green trees,",Whispers of time in every leaf.
False,time,night,Whispers of yesterday dance on the winds of time.,Echoes of hope still shimmer in the night.
False,one,kneel,"Together we rise, woven as one,","With purpose and grace, we'll never kneel."
False,yore,breathes,"Time’s tapestry threads with echoes of yore,",And silence hums where the past still breathes.
False,halls,hours,"Justice weeps in shadowed halls,",Truth shines through the darkest hours.
False,played,breeze,Laughter echoes down the lane where sunlit days once played.,A laugh that lingers in the air like spring's first breeze.
False,stream,dreamy,"The hours drift like autumn leaves in twilight’s gentle stream,","Where time dissolves in shadows, soft and dreamy."
False,sun,new,"The road unwinds its thread through mist and sun,","The dawn breaks softly, casting light on new."
False,unchained,dance,"Brushstrokes of wonder bloom in minds unchained,",A canvas of dreams where light and shadow dance.
False,diverge,ways,"Through shared beginnings and paths that diverge,","The stars align in quiet, unspoken ways."
False,light,embrace,"In shadows deep where hope once danced with light,",But now the dawn breaks forth in fierce embrace.
False,rage,fade,"In shadow's grip, cannon-light whispers of rage,",The night sings fierce with fires that never fade.
False,sown,repose,"In laughter’s glow, where trust is sown,",The heart finds peace and true repose.
False,collide,strife,"Voices echo, yet no hearts collide,","Shadows dance in silent, fevered strife."
False,bloomed,ground,"Though shadows stretch where light once bloomed,",the moon still watches over the ground.
False,meet,deep,"In the shadowed heart where two winds meet,","The silence whispers through the leaves, a hush so deep,"
True,play,sway,"Beneath the silence where whispers used to play,",Silent stars in dreams do gleam and sway.
False,flame,lie,"With trembling hands, I reach to light the flame,","A spark that will not die, though shadows lie."
False,made,tide,"Two hearts entwined, a promise made,",A love that lasts through time and tide.
False,exhale,dawn,"In twilight’s hush, where hearts exhale,",the quiet whisper of the dawn.
False,name,gleam,The shadows whisper threats they cannot name.,"The moonlight fades, yet still it lingers in the gleam."
False,skies,night,Silhouettes of solitude etched deep in vacant skies.,A ghostly peace that lingers on the wings of night.
False,bloomed,grows,Shadows fall where once your laughter bloomed.,Flowers once bloomed where now the silence grows.
True,by,die,"Footprints in the dust of days gone by,",Echoes that never die.
False,age,grass,"The reaper whispers soft through every age,",and leaves behind a quiet promise in the grass.
False,streams,town,"Amidst the buzz of concrete dreams, the country’s clockwork hums in rural streams.",and the light of hope still glows in every town.
False,root,sought,"Two hearts entwined where vows take root,",Where love is born and fate is sought.
False,abyss,night,"In the shadows, whispers rise—half angel, half abyss.","A spectral tide, yet gentle, fills the night."
False,was,song,Whispers of absence haunt the hollows where their laughter once was.,Dust accumulates in the echoes of their song.
False,unjust,damned,"The scales of justice tremble with truth, while shadows feast on the cries of the unjust.",The dawn breaks cold on the cheek of the damned.
False,roar,awe,"The thunder in his chest begins to roar,",and the world holds its breath in awe.
False,breathe,voice,"In the hush between heartbeats, love begins to breathe.","And in the stillness of silence, it finds its own voice."
False,breath,dew,"Whispers of spring in the thawing snow's breath,","Hush, the earth awakens with soft, sweet dew."
True,time,rhyme,"The elder chants as clocks devour time,",The shadows dance in endless rhyme.
False,stone,entwine,"Roots whispered in stories older than stone,",Whispers of ancient truths still entwine.
False,dwell,halls,"Silent nights where echoes dwell,","Hush, shadows dance in silvered halls."
False,breeze,play,"Amber whispers brush the breeze,","Beneath the stars, they softly play."
False,trees,flight,"Autumn's breath whispers through the trees,",With golden leaves in silent flight.
False,breathe,trace,"Neon hums where high-rises breathe,","Beneath the stars, the dreamers trace."
False,time,sign,"Pack the sunrise in your pocket, let the roads unwind like time.","Let the dawn embrace your skin, and sleep without a sign."
False,home,flame,"Love is the fire that warms both heart and home,",And fuels the soul with endless flame.
False,unbroken,endure,"Thunder roars, but chains remain unbroken—","The storm's fury claims no mercy, yet chains endure."
False,unseen,breeze,"Winds whisper tales of roads unseen,",Shadows dance on twilight's breeze.
False,rise,light,"In the quiet dawn, where prayers and petals rise,",soft as sighs in morning's golden light.
False,fate,ages,"A bond untouched by time or fate,",A love that endures through ages.
True,creep,sleep,"Whispers of dread in the silence they creep,",Shadows that cling to the edges of sleep.
False,speak,secrets,"In twilight's hush, where shadows dare to speak,","The silent night unfolds in whispered secrets,"
False,flight,denied,"In starlit whispers, my hopes take flight,",To chase the dreams I've long denied.
True,embrace,grace,"The road unfolds like whispered dreams in dawn's embrace,",A fleeting journey etched in light and grace.
False,green,dawn,The earth whispers tales through rustling green.,The stars ignite the night with silent dawn.
False,night,whispers,"In shadows cast by city lights, a thousand souls feel night.",whispers
True,light,bright,"Beneath the brush of dawn’s soft light,",The world awakes with dreams yet bright.
False,old,gone,"The hush of time whispers tales of the old,",of a world long gone.
False,blend,minds,"In the quiet space where heartbeats blend,",The silence hums with unseen minds.
False,dance,embrace,"Whispers of the past linger where old shadows dance,",Silent echoes paint the twilight's soft embrace.
False,fast,fall,"Through storms of time, our roots hold fast,","The stars align, we never fall."
False,storm,sound,"Amid the throng, a silent storm.","Whispers of the wind, a lingering sound."
False,flow,souls,"Whispers of winds through ancient tree songs flow,","Leaves in flight like silent, fleeting souls."
False,thread,meet,"Whispers of crimson, symphonies in every thread,","Shadows that dance, where silence and light meet."
False,weaves,way,"In laughter's wake, where memory weaves,","Through echoes of the past, we find our way."
False,fall,dawn,"Winds of freedom whisper where chains forgot to fall,",Horizons blaze with the light of a new dawn.
False,strings,skies,"The scales of justice sway on trembling strings,",of broken laws and trembling skies.
False,soft,waltz,"In hues that hum and silence rustles soft,","Through twilight's veil, the moonlit stars do waltz."
True,hush,rush,"In the golden glow of dusk, I chase the echoes of summer's hush,",and find the heart of twilight in its silent rush.
False,skies,days,"Together we rise, bound by more than shared skies,",And our hopes are anchored in the light of endless days.
False,resided,known,"Whispers vanish in the hollows where connection once resided,",Echoes linger in the silence where love was known.
False,meet,take,"Joy dances bright where kind hearts meet,",Hope lights up every path we take.
True,sing,spring,"In whispers of time, our deeds still sing—",Antiquity's gentle breath holds spring.
False,new,whispers,"Like morning dew on petals soft and new,",whispers
True,night,spite,"Wings of dawn clash with iron night,",Eclipses burn in silent spite.
False,flame,time,Brushstrokes weave the silent song of imagination’s flame.,"Colors bloom in fleeting dreams, forever claimed by time."
False,breeze,breeze,"Whispers of the past dance on the breeze,",Echoes of the present rise in breeze.
True,flame,shame,"In youth's tender bloom, my heart first knew the name of flame.","And in the dusk of years, I learned the weight of love's true shame."
False,grows,night,"Beneath the mask, a whisper grows—",A silent storm within the night.
False,shadow,quiet,"Beneath sweet lies, the truth often weeps in shadow.","A whisper of sorrow, it breaks the quiet."
False,true,place,"Two hearts entwined, a vow so true,",A love that lasts through time and place.
False,tears,bare,"A tapestry woven in laughter and tears,",A story of hearts both bold and bare.
False,day,blue,"Like shadows at the close of day,",The sun dips low and leaves the sky in blue.
False,embrace,sea,"Whispers of wind through the emerald embrace,",Silent as stars in the darkened sea.
False,play,air,"Whispers of absence haunt the halls where laughter used to play,",A ghost of joy now stirs the silent air.
False,stirs,skies,"Beneath the mask, the true self stirs,",with courage and light upon the skies.
False,tread,tales,"Colors whisper secrets where wild imaginations tread,","Whispers of dawn unfold in vivid, untold tales."
False,weeps,sleep,"A hollow vow where silence weeps,",A ghostly sigh in shadowed sleep.
False,cling,bright,"In shadows cast by screens we cling,","ghosts of silence, eternally bright."
False,dance,rain,"Wander the roads where old shadows dance,",Whispers of bygone times echo in the rain.
False,unseen,unbear'd,"In shadows crowned, the weak wear might unseen,",The dawn will rise with light and strength unbear'd.
False,speak,years,"In the quiet heartbeat where the stars dare speak,",silence holds the weight of infinite years.
True,grew,rue,"Smoke ascends where silent dreams once grew,",Shadows whisper of lost love and rue.
True,light,flight,"Roots tangled in ancient soil, yet branches stretch toward tomorrow's light,",A world unfurling in endless flight.
False,lies,again,"In shadows cast by silver lies,",The light of day will rise again.
False,dance,leaves,"In whispered groves where the wild things dance,",The moon's soft light spills through the leaves.
True,desire,fire,"City lights hum with restless desire,",Silent ghosts of midnight's secret fire.
False,thread,dark,"Time weaves its wisdom, thread by silent thread.","Hope lifts the soul, light in the dark."
False,wood,ground,"Whispers of winds through the ancient wood,",Silent echoes of time upon the ground.
False,glow,lingers,"By the sandbox where the fireflies glow,",The moonlight softly falls and lingers.
False,clink,unbound,"Winds of freedom whisper where chains dare not clink,",Horizons blaze with dreams unbound.
False,from,born,"The hearth’s faint breath speaks tales of where I came from,",The fire's warm glow whispers of a land where dreams are born.
False,wide,fly,"Beneath the map's edge, the unknown beckons soft and wide,","A path of whispers, where the soul can fly."
False,fire,remains,"A heartbeat’s whisper, a soul’s soft fire,","A flame that never fades, yet still remains."
False,dew,couplet,"Beneath a handshake, a dagger gleams with dew.","No, the request is to provide only the second line of a rhyming couplet. Here's the completed couplet:"
False,spring,blue,"Whispers of winter kiss the thawing spring,","Blossoms blush in pale, soft blue."
False,track,hour,"The sun spills gold on laughter's tender track,",A smile that dances through the golden hour.
False,spin,night,"A silent tear on truth's tightrope spin,",A shattered vow in shadowed night.
False,ignites,mine,"In starlit whispers, my heart ignites,","with hope and fire, forever mine."
False,air,way,"Amidst the swirl of hues and whispered air,",Where dreams take flight and hearts find their way.
True,light,slight,"Beneath soft lies, the truth wears a cloak of light,","And shadows lie in wait, though soft and slight."
False,flight,time,"Two hearts entwined where the vows take flight,",A love that never fades in time.
True,air,care,"A laughter rings where sunshine stirs the air,",Beneath the watchful eye of spring's bright care.
False,flight,thread,"In whispered hearts where silent dreams take flight,",soft shadows weave through twilight's gentle thread.
True,light,night,"A breath too brief, a shadow that swallows the light,",A silence that lingers in the night.
False,pressed,streets,"In shadowed hands, the torch of might is pressed,",And silence hums through hollowed-out streets.
False,time,true,"A bond unspoken, yet stronger than time,","A love that stays, unbroken and true."
False,youth,say,Seconds whisper through the cracks of youth.,"Dancing in the shadows, they say."
False,roam,gloom,"Whispers weave through the woods where wild hearts roam,",Silence holds the secrets of the gloom.
False,trees,lies,"Whispers of wind through the emerald trees,",Silent as secrets yet full of lies.
True,light,bright,"In the attic of my heart, old shadows dance with light,","Where memories whisper, soft and bright."
False,shines,sign,"In flawless cracks, the beauty truly shines.",A thousand worlds in a single sign.
False,tree,keep,"Beneath the boughs of time’s slow-swaying tree,","the stars do gleam in silent, quiet keep."
False,breathe,reclaims,"Beneath the skin, a story waits to breathe,","A whisper from the grave, and silence reclaims."
False,hour,wide,"Beneath the sun’s first golden hour,",The light spills soft and wide.
False,storm,throne,The scales of heaven waver in the storm.,Shadows dance where light once held its throne.
False,trees,waves,"The morning sun spills gold through trees,",A dance of light upon the waves.
False,sings,ways,"In the woven threads of many, one heartbeat gently sings.","Of hope and peace, in quiet, steady ways."
False,conspire,spite,"In the silent chasm where shadows conspire,",The moonlight whispers through the mist in spite.
False,days,past,"The clock’s soft breath stirs dust of bygone days,",The wind’s soft sigh whispers secrets of the past.
False,cold,dark,"When silence speaks, the heart turns cold,","And still, the shadows grow more dark."
False,fade,there,"In shadows where sweet promises fade,",The dawn breaks bright and hope is there.
False,ignite,no,"Though flesh may fade, the deeds we do ignite…",No
False,embrace,dawn,"Colors weep from silent canvases, whispers take form in clay’s embrace,",Tales are spun from dust and dawn.
False,youth,hue,"Time stitches wrinkles in the cloth of youth,",The thread of memory weaves through each hue.
False,played,care,"Each year etches wisdom where youthful days once played,",The forest whispers tales of time's eternal care.
False,days,days,"Whispers of the dusk that shadows all our days,","Shadows of the dusk that shadows all our days,"
False,unseen,embrace,"Brushstrokes of thought on canvases unseen,",Silent dreams that weave through time's embrace.
False,weave,peace,"A fragile thread through shadow's weave,",A whisper of the night's soft peace.
False,thrived,light,"Whispers fade where connection once thrived,",Beneath the stars where silence holds its light.
False,dear,again,"When shadows steal the ones we held so dear,",never_again
False,see,whole,"A mirror cracks, and in the shards I see—",the reflection of a soul that once was whole.
False,sleep,delight,"Whispers of spring thaw the earth from her sleep,","Bloom again in gentle, whispered delight."
False,gate,me,"With timid steps through the shadowed gate,",I tread with resolve where the night embraces me.
False,rhyme,hymn,"Whispers of wind weave through earth’s old rhyme,",A symphony of silence in the night's deep hymn.
True,eye,lie,"Beneath the moon’s cold, watchful eye,",The stars conspire in silent lie.
False,halls,passed,"Candy wrappers rustled like whispers in the halls,",Gilded ghosts in silent trails they passed.
False,name,tale,"In the rhythm of shared hearts, we find our name.","Around the fire, we dance and sing our tale."
False,glass,still,"Names etched in time’s slow turning glass,","Shadows dance in silence, yet they still."
False,tone,moon,"In whispers clad in velvet tone,",The stars decline to shine upon the moon.
False,breathed,trees,"The cannons roared where silent fields once breathed,",The echoes of the dead still haunt the trees.
False,dark,doubt,"When your heart first whispers a name in the dark,",the dawn breaks through the veil of silent doubt.
True,throes,woes,"The spark of rage ignites in silent throes,",A storm of grief that never leaves its woes.
False,undone,unknown,"A crown of shadows, a whisper undone,","A veil of silence, a silence that's unknown."
False,fade,light,"In the mirror of the soul, a thousand faces fade,","Yet one remains, unyielding, steadfast in the light."
True,free,sea,"Love blooms like dawn in the hearts it sets free,","Hope fills the soul with a fiery, endless sea."
False,dust,remain,Whispers of the ageless few echo through the halls of dust.,"Beneath the moon's cold, watchful eye, they still remain."
False,new,tree,"Roots carved in stories, ancient and new,",Echoes whisper through the leafy tree.
False,air,trail,Echoes of laughter fade in distant air.,Silent echoes whisper through the morning's trail.
False,free,shine,"Through whispering woods where wild dreams run free,","through whispers of the night, the stars do shine."
False,code,soul,"Old hands pass down the flame, but new hands shape its code.",A fire that burns in the heart of the soul.
False,breath,threat,"Whispers of dread in the quietest breath,","Shadows in the dark, a silent threat."
False,change,tide,"Anchors of old in tidal streams of change,",Wearied by time and the relentless tide.
False,unread,pain,"With trembling hands, I trace the years unread,",And find the truth that lies beneath the pain.
False,gone,unchanged,"Candlelit echoes of eras long gone,","Gleam through the frost of time, unchanged."
False,play,flame,"In whispered woods where shadows play,",The breeze invites you to the flame.
False,light,unseen,"A flawless vase, still cracked within, a shadow draped in light.","A quiet heart, unbroken yet unseen."
False,ahead,fade,"Wings of dawn stir softly, whispering of roads ahead,","Dawn's light guides the weary, casting shadows to fade."
False,reside,entwine,"A hearth's warm glow where whispered memories reside,",A silence sweet where time and heart entwine.
False,tread,dare,"In twilight's hush, hope and despair softly tread,","The light of day will rise again, and we shall dare."
False,wind,light,"Whispers of the grave dance on the wind,","Beneath the moon's soft, eternal light."
False,breeze,free,"When laughter dances on the breeze,",The world turns bright and dreams are free.
False,die,fade,"My name may fade, but my spirit's song will never die—","A song of flame will never fade,"
False,began,newline,"A hearth’s glow whispers, *“Here, you are where your story began.”*",no_newline
False,intervene,kind,"Shells light the night where no stars intervene,","Moonlight whispers through the waves, soft and kind."
False,fade,dark,"In shadowed halls where whispers fade,",The light of dawn still breaks in the dark.
True,behind,mind,"Time etches wisdom in the lines it leaves behind,",Courage grows in the quiet of the soul's sincere mind.
True,veins,chains,"My temper burns like fire, a tempest in my veins,","I'll let the storm rage on, yet never break my chains."
False,bread,hand,"The whisper of butter on fire-kissed bread,",A scent that climbs the candle's flickering hand.
False,goodbyes,embrace,"Through whispered lullabies and silent goodbyes,",The stars above hum softly in their quiet embrace.
False,gone,youth,Candy wrappers crinkled in the sunbeams of summers long gone.,Pretzels still bite with memories of youth.
False,blade,all,"In the shadow of a silent promise, a dagger whets its blade.",The dawn breaks soft and silence clings to all.
False,trees,meet,"Whispers of the wild through ancient trees,",Shadows dance where light and dark meet.
False,wing,dim,"In silent prayers, the soul takes wing,",to seek the light beyond the dim.
False,unnamed,remains,"Beneath the skin, a story stirs unnamed,",A secret that forever remains.
False,abandonment,still,"In tangled strokes and whispered hues, the soul finds voice in wild abandonment.","But in the silence of the night, it echoes still."
False,roam,wait,"Beneath the moon where wild things roam,","Where shadows play and secrets wait,"
False,storm,burns,"My fists beat time to a simmering storm,","The fire in my veins, unquenchable, burns."
True,might,night,"Thunder roars in chains of might,",Storms rage on the darkened night.
True,old,hold,"Like echoes in a hall of old,",whispers through the silence's hold.
False,dance,grace,Brushstrokes of thought where imaginations dance.,"Till shadows turn to stars in silent, endless grace."
False,claim,dark,"I carve my name in bone and flame, défier of the silent claim.",Fierce as the dawn that breaks the dark.
False,stars,dare,Whispers of the heart ignite the night with stars.,And silence sings in every breath we dare.
False,eye,sighs,"Beneath the cold moon’s watching eye,",The wind through leaves does whisper sighs.
False,trees,age,"Whispers of wind through ancient trees,",Silent echoes of a bygone age.
False,page,night,"Like ink spilled on time’s unending page,",like stars that blink in darkness deep within the night
False,drawn,hush,"Time's quiet hand etches tales in every line it's drawn,",A fading shadow in the twilight's hush.
False,strands,sand,"Time etches stories in silvered strands,",A fleeting tale in a whispering sand.
False,bright,day,"In whispers of time, the past’s silent flame burns bright,","Through silent streets, the echoes of a bygone day."
False,dance,apart,"A hearth that glows where familiar shadows dance,",A world of warmth where hearts do not apart.
False,cracks,grace,"Perfection craves the mirror, yet finds its face in cracks.","A mirror of dust, yet shines with starlit grace."
False,fear,sleep,"Whispers coil like shadows at dawn, thick as unspoken fear.",Shrouded in the hush of twilight's sleep.
False,known,untold,"The scales of justice, though carved in stone, sway silent with the breath of the winds they've known.","Yet in the quietest of moments, they whisper truths untold."
False,gold,toll,"Whispers the hourglass in sands of gold,","Dancing through time with a gentle, slow toll."
False,years,free,"The dawn breaks softly on youthful years,",A new dawn awakens hope in hearts so free.
False,scream,soul,My hands ignite with embers of a scream.,The sky burns blue with the fire of my soul.
False,between,again,"I walk alone through crowds of ghosts, unseen, unheard, a shadow cast between.",never_again
False,air,heart,"The echo of your name still lingers in the air,",As if it were still upon my heart.
True,roam,foam,"Whispers through the wild where creatures roam,",Silent as the moon upon the ocean's foam.
False,song,longing,"In the weave of voices, we find our song,","Ah, the echo of our shared longing.."
True,rise,wise,"The sun spills gold on smiles that rise,",And shines on every heart that's wise.
True,trails,tales,"He walked with ghosts in shadowed trails,",whispers of the past in silent tales.
False,thrived,bled,The echoes of laughter fade where memories once thrived.,But shadows still linger where the light once bled.
False,start,light,Two hearts entwined where love and promise start.,A future rooted in the dawn's first light.
False,rise,mist,"The clock’s shadow dances where the dawn used to rise,",A ghostly hand now turns the hours to mist.
False,rain,unseen,"I walk through crowds like shadows in the rain,",where the world is soft and unseen.
False,foundation,whole,"A whispered vow can crack the heart's foundation,",but silence holds the strength to mend it whole.
False,bloom,true,"Two hearts entwined where promises bloom,","A promise deep and steady, true."
False,wrong,town,"A thunderclap of temper, born from sparks of wrong.",and silence fell like hush upon the town.
False,dwell,guest,"In shadows cast by screens we dwell,","softly whispered, the world is but a guest."
False,walls,remain,"Where whispered memories cling to the walls,",The echoes of old love still remain.
False,skin,storm,"Time etches its whispers in lines on the skin,",Hope stays bright in the heart of the storm.
False,wise,again,"A marble statue, cracked yet wise,","The world may twist, but it shall rise again."
True,fly,sky,"In shadowed chains, the soul still dares to fly,",with wings of fire and sky.
False,seal,keep,"Two hearts entwined, a vow they seal,","A bond that shames the world, they keep."
False,rust,lost,"Though flesh may fade and time may turn to rust,",but honor remains and worth is never lost.
True,rise,skies,"Shadows fall where laughter used to rise,",A memory's ghost still hums in silent skies.
False,echo,remains,"Roots tangled in tradition, whispers of the ancient echo.","Beneath the weight of time, the tale remains."
False,flows,glow,Neon hums where the traffic flows.,Sick with the glow of the neon's bright glow.
True,wed,red,"Blood paints the dawn where steel and silence wed,","A kiss of peace in shadows, dark and red."
True,flight,night,"In whispers of light, belief takes its flight.",Acknowledged by the stars in quiet night.
False,teeth,unknown,"In shadows cast by crowded streets, I walk alone with silent teeth.","A ghost in the wind, forever unknown."
True,blue,true,"Laughter echoed under skies of infinite blue,","A sky so vast, so sweet, so true."
False,dances,grace,"Whispers of the wild where the foxlight dances,",Shadows twist in the dusk like a whisper of grace.
False,hour,hour,The clock’s soft whisper weaves through every hour.,The clock's soft whisper weaves through every hour.
False,trees,leaves,"Green whispers weave through the waking trees,",Crescent moons cast silver on the leaves.
False,name,remains,"In the heartbeat of togetherness, we find our name.",A rhythm that forever remains.
False,time,light,"A bond not forged in gold or time,",but wrought in quiet trust and light.
False,stays,eyes,"My name may fade, but in the stars my essence stays.",I shine like dust upon the moon's soft pale eyes.
True,low,flow,"In twilight’s grasp, where shadows whisper low,","The moon's pale light casts long, soft shadows flow."
False,color,hour,"A dance of brush and breath, dreams take shape in wild color,","A whisper of the stars, etched in the quiet hour."
False,roamed,crowned,Whispers fade where once we roamed.,Silent echoes linger where the dawn was crowned.
False,rise,light,"In stillness deep, where whispers rise,",the silence speaks in hush and light.
False,days,night,With trembling hands I light the fuse of days.,The spark ignites the fire of the night.
False,face,seen,"In mirrored flaws, perfection hides its face,","in shadow, a secret that's never seen."
False,meet,bed,"Golden whispers dance where joy and sunlight meet,",Soft shadows stretch in twilight's gentle bed.
False,breath,flight,"The earth inhales in spring's soft breath,",Where life begins and dreams take flight.
False,new,warm,"Like morning dew on petals new,",The sun rises bright and warm.
False,cling,rings,"Beneath the mask where shadows cling,","The heart is raw, but still it rings."
False,chart,embrace,"A marble flaw lessens its art, a single crack births light through the chart.",A star is born in the fissure's embrace.
False,flame,,The ashes speak of names that outlive flame.,
False,embrace,life,Golden laughter dances in the morning sun’s gentle embrace.,A song of joy that lifts the heart and brings the day to life.
False,rhyme,bright,"In quiet laughter, hearts find their rhyme,","A whisper of joy, pure and bright."
False,frost,frost,"Though flesh may fade and time may sow its frost,",but grace remains etched in every frost.
False,breathing,whispers,I traced my name in dust and saw a thousand shadows breathing.,whispers
True,sky,eye,"Shells scream through the shrouded sky,",Crimson tides beneath the moon's pale eye.
False,scars,past,"Beneath the ash of fallen flags, the earth still weeps in ancient scars.",A ghostly breeze carries the last words of the past.
False,moan,refrain,"Whispers of wind through the ancient trees moan,",Silent echoes weave a haunting refrain.
False,play,waves,"The sun dips low where tempests play,",The night is crowned with silver waves.
False,flame,maze,"In the quiet dance of heartbeat and flame,",The flame shall guide the soul through shadowed maze.
False,sown,knew,"A whispered secret can shatter the strongest bond, for betrayal hides where trust is sown.",A shadow lingers where the heart once knew.
False,hue,turn,"Whispers of winter melt into spring's tender hue,",A promise of thaw and green in every turn.
False,lay,air,Whispers of absence haunt the hush where laughter lay.,A ghostly echo lingers in the air.
False,stone,truth,"I sought eternal life in shadowed stone,",where whispers of the dead speak truth.
False,sway,decline,"Whispers of the wind through leaves that sway,","Softly, they decline."
False,wind,light,"Whispers of the wild dance on the wind,","Beneath the moon's soft, silvered light."
False,sleep,light,"Whispers curl like shadows deep, a restless storm that won’t fall silent sleep.",Till dawn breaks through the veil of night and light.
False,time,grace,"Carved in stone or etched in fate, a whisper meant to outlast time.",A flame that never dies in the heart of a sinner's grace.
True,tow,glow,"With dawn’s first breath, I pack my dreams in tow,",And light my heart with the morning's golden glow.
False,divine,stars,"In the hush where heartbeats meet the divine,",the silence of the stars.
False,sky,free,"A king wears crowns, yet craves the sky—","where the stars dance, and the heart is free."
False,dew,soul,"A laugh as light as morning’s dew,",A joy that wakes the heart and soul.
False,rise,peace,"Crimson flames of wrath in silence rise,",Ashes of the fallen in solemn peace.
True,light,night,"Justice weeps in midnight's shadow, injustice wears the mask of light.",And truth remains unshrouded in the night.
False,flirt,delight,"Concrete pulses where the neon lights flirt,",Crimson shadows dance in silent delight.
True,slow,glow,Time etches its tale in silver and slow.,Hope finds its voice in midnight's tender glow.
False,breeze,breeze,"Sugar's whisper on a summer breeze,",Sweet delight that lingers in the breeze.
True,small,tall,The dawn breaks soft on shoulders not so small.,A world begins with hope and light so tall.
False,kiss,rest,"A whisper carved in shadow, sharp as deceit's kiss,","A silence that haunts the night, never to rest."
False,screamed,fell,"In the silent crack of dawn, hope whispers where despair once screamed.",A quiet promise blooms where shadows fell.
False,time,dreams,"Each year etches tales on skin, a silent ink of time.",A fleeting flame that burns in dreams.
True,light,white,"Beneath the dusk of dying light,",The stars begin to fall in white.
False,gaze,grace,"Justice walks in twilight's gaze,",Lighted with the dawn's soft grace.
False,cracks,embrace,"In broken china, hidden grace whispers of perfect cracks.",A fragile bloom in time's cold embrace.
False,skies,light,"Winds whisper tales of warming skies,",Beneath a sky that smiles in golden light.
False,song,glow,"In vibrant swirls of hue and song,",The stars ignite the night's profound glow.
False,rooms,sound,The echoes of their laughter live in silent rooms.,A memory of their joy still hums in every sound.
False,true,,"The years fold time like parchment, worn yet true.",
False,entwine,sigh,"In twilight's grip, where shadow and light entwine,","The world is but a dream, and I am but a sigh."
False,thin,align,"When shadows fall and time runs thin,",when stars ignite and hearts align
True,sky,cry,"Winds whisper secrets through a shifting sky,",Night's quiet breath dissolves the fleeting cry.
True,rise,skies,"Steel veins hum where skyscrapers rise,",Iron wings beat through stormy skies.
False,years,bloom,"Threads of love wove through the years,",Till hearts once entwined in eternal bloom.
False,sells,breath,"On tongues where memory dwells, savoring sweetness the past sells.","And in the quiet of the soul, where time once held its breath."
False,wrapped,speak,"A whispered pledge, a dagger's edge in velvet wrapped.","A silence that binds, a love that does not speak."
False,entwine,forevermine,"Through storm and strife, our souls entwine,","heartbeats steady, forevermine."
False,wild,sings,"Like whispers through the autumn trees, it breathes—so soft, so wild.","A haunting melody in the wind, it sings."
False,cling,light,"In twilight’s hush, where shadows dare to cling,","The stars above, like whispers, cast their springing light."
False,hum,undo,"A silence louder than the crowd’s faint hum,",A stillness that the world could not undo.
False,soul,glow,"When twilight's whisper brushes against the soul,",and stars begin to weep in silver glow.
False,cling,die,"Winds of freedom whisper where shadows of chains still cling,",Beneath the gaze of stars that never die.
False,ancestors,tongues,"Roots whispered in the tongue of ancestors,","Beneath the earth, they speak in ancient tongues."
False,breathe,gleam,"In dust of ages, tales still breathe,","Where stars once burned, and hearts still gleam."
False,awakes,dance,"In whispers of dawn, the wild awakes,",With petals unfurling in a silent dance.
False,strain,dire,"Two souls entwined, a bond unchained, eternal in its strain.","A flame that never fades, through time's most dire."
False,root,sight,"Two hearts entwined where vows take root,",And love will never fade in sight.
False,fire,sky,"My hands curl like storm clouds, ready to spit fire—","The winds of change, they roar and rend the sky."
True,sway,fray,"Beneath the boughs of time's gentle sway,","The stars do dance in silent, solemn fray."
False,day,sigh,"Sunlight spilling through the seams of the day,",Night's cloak is woven with shadows' sigh.
False,escapes,made,"In flawless cracks, the light divine escapes,","A fractured heaven, where hope is made."
False,breathes,forget,"In shadows deep where silence breathes,",The ghosts of old do not forget.
False,trees,rhyme,"Whispers of wind through ancient oak trees,","Leaves dance in silent, haunting rhyme."
False,hum,untold,"Beneath the skin, a thousand stories hum.",A thousand secrets wait to be untold.
False,ignites,take,"In whispered hope, my heart ignites,",with every breath I take.
False,wood,cold,"A flame that flickers in the heart’s dark wood,",A light that guides through shadows cold.
True,light,bright,"Like twin shadows dancing on the edge of dawn's first light,","The world is wrapped in silver, soft and bright."
False,breeze,breeze,"Whispers of the wild dance on the breeze,",Flowers sing in the quiet breeze.
True,flame,claim,"With trembling hands, I light the candle between childhood and flame.","The shadows fade, and dawn begins to claim."
False,past,speak,A hearth’s warm glow where whispers of the past.,flames still speak.
True,play,stay,"Beneath the mask where shadows play,","Whispers of the night, in darkness stay."
False,support,touch,"In whispered laughs and silent support,",the heart finds peace in every touch.
True,cling,ring,"Winds of freedom whistle through chains that cling,",Truth's flame still burns in every scarred and shining ring.
False,hum,mud,"Roots buried deep where ancient songs still hum,",Waves of memory kiss the moss and mud.
False,air,flight,"When laughter dances on the morning’s air,",The world turns bright and dreams take flight.
False,new,spun,"Roots whispered in rhythms both old and new,",Beneath the soil where time and life are spun.
False,stone,gloom,"Roots tangled in rhythm, whispered through ancient stone,","Tales of forgotten sins, lost in the gloom."
False,sorrow,unspoiled,"Through storm or sun, in joy or sorrow,",The heart remains true and unspoiled.
False,trees,deep,"In hues of dawn and whispers through the trees,",I paint the sky in shades of gold and deep.
False,stay,flight,"A hearth’s soft glow where whispers stay,",A world of peace where dreams take flight.
False,gaze,air,"A bloom of light in morning’s golden gaze,",A whisper of dawn in the quiet air.
False,time,wise,"Love is the thread that weaves hearts through time,",The weave that binds the soul and the wise.
False,sky,joy,"Wheels of fate turn under the vast, unbroken sky,","A path of stars unwinds in silent, endless joy."
True,unknown,known,"Whispers of rustle in hues once unknown,",Flowers of spring in whispered tones are known.
False,alone,moon,"In silent crowds, we drift alone,",Where echoes whisper through the moon.
False,soar,hold,"In shadowed chains, the soul still yearns to soar,","Through light untold, it breaks the silence's hold."
False,thrall,whispers,"Though flesh may fade and stars may fall, my name shall sail through time’s vast thrall.",whispers
True,tread,red,"Winds whisper secrets where wandering feet tread,",Whispers of longing through the twilight'd red.
False,boughs,kept,"Beneath the whisper of ancient boughs,",where secrets are whispered and dreams are kept.
False,air,floor,"Whispers of dread in the midnight air,",Shades of silence cling to the bare floor.
False,one,unbowed,"Rooted together, we blossom as one.","With roots deep in the soil, we stand unbowed."
False,hour,prayer,The clock's whisper winds through the cracks of the hour.,"The night unfolds in silver, a gentle, silent prayer."
False,tear,ear,"Whispers of winter melt to spring's first tear,",And thaw the frozen heart of every ear.
False,improve,song,The symphony of flavors on the tongue tells a story no words could ever improve.,"A tale of joy and loss, in every bite and song."
False,untold,untold,"Roots woven deep in the soil of stories untold,",Silent whispers carry tales through ages untold.
False,glows,unfurls,"In whispers of ages, history's torch glows.","The past is a tale, forever unfurls."
True,mind,bind,"Whispers coil in the chambers of the mind,","Tempting truths in silent, winding tidings bind."
False,years,threads,"The dawn breaks soft upon the verge of years,",A silent promise cast in silver threads.
False,wind,night,"Echoes of revolutions hum on the wind,",Ashes of dreams still rise in the night.
False,hum,light,"Whispers of winter melt to spring’s gentle hum,",Blossoms blush in hues of dawn's first light.
False,bones,play,"Whispers of wind through earth’s ancient bones,",Echoes of time that softly play.
False,trees,leaf,"The earth breathes gently beneath the trees,",and dreams of spring in every leaf.
False,stirs,breaks,"Beneath the mask, a whisper stirs—","The shadow moves, and silence breaks."
False,alone,crowd,"In silent crowds, I walk alone.","A silent friend, I find in the crowd."
False,gold,long,Like dawn unbuttons the sky with gold.,"Flames lick the horizon, casting long."
False,roam,born,"Beneath the sky where the wild winds roam,",A sheltered world where the dreams of birds are born.
False,feet,twilight,"The echoes of revolution hum beneath our feet,",A whisper of the past still lingers in the twilight.
False,told,stays,"In laughter’s glow, where secrets are told,","A shadowed truth, unspoken, stays."
False,whisper,here,"In the mirror of midnight, a thousand souls whisper.",A thousand stars align to tell their secrets here.
False,plain,two,"Cannon's thunder weeps across the plain,",A wrath that rends the sky in two.
False,dance,breeze,"In whispered woods where shadows dance,",The moonlight glides upon the breeze.
False,share,grace,"Hands weave together, a tapestry we share,","Silent threads of love, now joined in grace."
False,flows,song,"A canvas breathes where imagination flows,",nightfall whispers through the twilight's song.
False,play,made,"Beneath the moon where shadows play,",Where secrets wait and dreams are made.
False,stay,await,"In trembling hands, the storm refuses to stay.","The dawn will break, though shadows still await."
False,dwell,dwell,"Embers of rage in the chest they dwell,","Fiercely burning bright, in silence they dwell."
False,sun,dawn,"The sky weaves tales in threads of storm and sun,",night unfolds in hues of endless dawn.
False,rain,land,"The sky weeps fire, yet forgets the rain,",The moon now sheds her silver light upon the land.
False,lane,half,"Sunset laughter echoes down a lane,","Where dreams and shadows meet, and time is half."
False,page,unsaid,"Through fractured stone and whispered page,",The heart recalls a secret yet unsaid.
False,skies,night,"In silence, shadows claim the ones whose voices shaped our skies.",The dawn's first light breaks through the lingering night.
True,light,night,"Whispers of rustle in velvet and light,",Sighs that linger in moonlit night.
False,breeze,night,"A thousand hues whisper secrets to the breeze,",A thousand dreams unravel in the night.
False,rhyme,ends,"Sunlight spilling through laughter’s bright rhyme,",A dance of joy that never ends.
False,danced,sing,Laughter echoed where the fireflies danced.,"The night was quiet, yet the stars did sing."
False,gleam,unseen,"In swirling hues, where silent stories gleam,","A whisper of the dawn, soft and unseen."
False,dreams,night,"City lights hum with hurried dreams,","Gathered in shadows, lost in the night."
False,wings,still,"Where silent chains clink in the shadow of proud wings,",The storm within the soul is never still.
False,yesterday,air,Whispers of laughter echo down the lane of yesterday.,Shadows of joy linger in the air.
False,spoke,deep,"Brushstrokes dance where silence spoke,",A shadow hums in twilight's deep.
False,remain,unsway,"My name may fade, but in stone I'll remain,","A legend etched in time, unsway."
False,known,it,"In the mirror of time, I trace a name not yet known.",But I am not the one who wrote it.
False,air,shore,"Echoes of laughter linger in the air,",Silent as dust on the twilight's fair shore.
False,steel,spell,"A bond unseen, yet strong as ties of steel,","A silence shared, yet louder than a spell."
False,tree,breeze,"Whispers of winds through the ancient tree,",Leaves dance in a dance of the breeze.
False,past,fall,Time's grand tapestry is stitched with echoes of the past.,And every thread recounts the tales of heroes and their fall.
False,awakes,gleam,"In quiet whispers, the sacred awakes,","The earth exhales, and light begins to gleam."
False,hide,minute,"Beneath soft words, the sharpest truths may hide,",just_a_minute
False,mind,mend,"Shadows whisper in the quiet of the mind,",Whispers of forgotten things are there to mend.
False,rhyme,gleam,"Skies whisper secrets in sun and storm's rhyme,",Silent wings of hope in twilight's gleam.
False,trees,rest,"Sunset-lit laughter echoes through the willow trees,","Silent as a sigh, it fades to rest."
False,breeze,leaves,"Whispers of spring in the thawing breeze,",Bloom upon the thawing leaves.
False,sky,time,"When eyes first met 'neath a twilight sky,",And hearts began to beat in time.
False,mine,silence,"In tangled roots and open fire, we seek the echo of ""we’re yours, you’re mine.""","A shared fate, though bound in silence."
False,fear,share,"Winds of freedom whisper beneath chains of fear,",And call the forgotten to rise and share.
False,gleam,gleam,"In mirrored eyes where shadows dare to gleam,","The light shall flicker, fierce and dreamy, gleam."
False,rain,banned,"The sky whispers secrets in storms and soft rain,",Whispers of hope that never can be banned.
False,flight,born,"In whispered prayers, the soul takes flight,","A path of hope, where dreams are born."
False,grace,return,"A bond unbound by time or space, a silent symphony of grace.",no_return
True,rain,remain,Whispers of farewell linger in the echoes of the rain.,A silence falls where memories remain.
False,light,rise,"In the silent whisper of dawn’s tender light,",The stars fade gently as the day begins to rise.
True,face,grace,"Whispers of time in the lines of the face,",The years carve a story in every last grace.
False,songs,lands,"Roots woven deep in ancient songs,",Whispers of forgotten lands.
False,quiet,free,"Beneath the neon’s hum, the fields still breathe in quiet.","A dance of shadows, soft and free."
False,rhyme,begins,"The road unspools like a whispered rhyme,",The journey's end is where the dawn begins.
False,tread,past,"In crowded streets, alone, I tread,",through echoes of the past.
False,cries,flight,"A gavel strikes where silence cries,",The law's cold shadow takes its flight.
False,sky,flight,"Beneath the skin, a song of soil and sky,",A hymn of roots and flight.
True,sand,grand,"Whispers of yesterday slip through the hourglass sand,","Till time dissolves in a silent, endless grand."
True,parte,part,"A hollow vow can fracture hearts, where trust was born and betrayal parte.","A hollow vow can fracture hearts, where trust was born and betrayal part."
True,recall,fall,Whispers of wood and worn-in walls recall.,"Echoes of the past, they gently fall."
False,born,storm,"In the shadow's grip, a single light is born.","A flicker in the dark, like hope on a storm."
False,hold,stone,"A gavel's pound in twilight's hold,",A dawn's first light on shattered stone.
False,blue,play,"Whispers of wind trace skies in blue,",Flowers bloom where shadows play.
False,eye,lies,"Beneath the moon's cold, watchful eye,","The stars hum low, and silence lies."
True,play,day,"Beneath the mask where shadows play,",The light remains unseen by day.
True,fled,bed,"Fire smolders deep where patience fled,",Embers whisper through the night's cold bed.
False,new,remembers,Old ways whisper beneath the hum of the new.,Tides shift but the heart still remembers.
False,raise,fades,"Beneath the moon’s cold, indifferent gaze, I echo voices no ear will raise.","Yet in the silence, I find a heart that never fades."
False,watch,dark,"I carve my name where the endless stars keep watch,",The cosmos whispers secrets in the dark.
False,soul,light,"Over horizon's hush, the road sings to the restless soul,",A lighthouse's call in dawn's soft light.
True,vein,reign,"The clock's soft whisper weaves through every vein,",A silent dawn prepares the world to reign.
False,play,boughs,"Amidst the trees where shadows play,",And whispers drift through leafy boughs.
False,trees,night,"Whispers of wind through ancient, rustling trees,",Silent secrets whispered in the night.
False,bred,unspun,"In shadowed hearts, a quiet storm is bred,","A whisper of sorrow, unseen and unspun."
False,flee,way,"Beneath the tongue's sweet melody, shadows tell the truths that flee.","Through the silence of the night, we find our way."
False,go,door,"In dusty corners where the light forgot to go,",The ghosts of old still whisper through the broken door.
False,lived,past,Whispers of yesterday haunt the hollows where laughter once lived.,But now the winds have swept the echoes from the past.
False,haze,haze,"Where scales of truth hang askew in the haze,",the light of reason burns through the haze.
False,lit,couplet,"My heart, a flame, in youthful days was lit.","No, I cannot provide a line that repeats the first line. Here is the completed couplet:"
False,skies,light,"Whispers of scarlet and echoes of velvet skies,","Shadows dance in silent, fleeting light."
False,embrace,embrace,"Whispers of winter give way to the sun's tender embrace,",and thawed earth sings back its own green embrace.
False,hide,whispered,"Beneath sweet lies, the sharp truth doth hide,",whispered
False,grip,lives,"Two hearts entwined in time’s soft grip,","And yet, the love they share still lives."
False,collide,dance,"A heartbeat whispers where two souls collide,","A fate entwines in silent, sacred dance."
True,past,last,"Echoes of empires rise in whispers of the past,","Dust and dreams entwine in silent, echoing last."
False,old,ages,"On tongues of flame and forks of gold, flavors tell a secret old.",A story that's been passed through the ages.
False,river,flame,"Two souls entwined by vow and time’s slow river,",forever entwined in light and flame.
False,light,found,"A promise made in shadows, torn by dawn's deceitful light,","A shadow cast by dawn, yet never to be found."
False,on,grow,"Carved in time's slow river, my name flows on.","A treasure lost in silence, I fade and grow."
False,grows,glow,"Neon hums where the concrete grows,",Beneath the city's fractured glow.
False,breathes,keep,"In silence’s shadow, the stranger breathes,",and whispers the truth that silence cannot keep.
False,time,strife,"I carved my name in the bones of time,",So that time may never forget my strife.
False,breathe,space,"In twilight’s veil, where shadows dare to breathe,",And silence hums through every hollow space.
False,sighs,waves,"I pace the sidewalks where the neon sighs,","night falls in silent, endless waves."
False,glows,hope,Old oaks bend but new neon glows.,Through the night with a flicker of hope.
True,yore,sore,"The clock of time ticks tales of yore,","A thousand dreams, once bold and sore."
False,sighs,unseen,"Beneath the mask of golden lies, the truth in shadowed whispers sighs.","The heart in silence, cold and unseen."
False,began,evermore,"Two hearts entwined where one love’s vow began,","A promise carved in silence, evermore."
False,speak,dark,"In silent rooms where shadows speak,",The past still whispers through the dark.
False,hands,brave,"Like thunder held in hollow hands,","The night is quiet, yet it's brave."
False,sleeps,gleam,"Brushstrokes breathe where imagination sleeps,",A canvas dreams in hues of twilight's gleam.
False,gray,keep,"The earth breathes quietly beneath a sky of shifting gray,",Where shadows dance and secrets keep.
False,resolve,belongs,"Fury burns like fire in a soul trapped between rage and resolve,",A shattered light that never quite belongs.
True,cling,king,"In silent corners where the shadows cling,","of the mind, they whisper, ""Let the night be king."""
False,heard,dread,"Beneath the skin, a whisper waits to be heard,","A ghost of time, it hums in silent dread."
False,flee,true,"Though flesh may fade and time may flee,",though hearts remain and souls are true.
False,chance,above,"Beneath the sky where sunbeams dance, joy and happiness leave fleeting yet lasting chance.",To chase the light and touch the stars above.
False,blade,sword,"Beneath sweet words, sometimes hides the blade,","Ah, but truth is sharper than any sword."
True,flown,stone,"Whispers creep where the hours have flown,",Night's cold breath lingers in the stone.
False,moan,sound,"Sunbeams duel with thunder's moan,",Thunder's moan is but a fleeting sound.
False,fast,light,"Neon hums where the city's heart beats fast,",Silent shadows dance in the flickering light.
False,breath,bright,A king's crown crumbles in the dust where shadows hold their breath.,The night claims all that once was bright.
False,conspire,time,"Beneath the dusk where tones conspire,",The stars in silence bear the weight of time.
False,fade,face,"Shadows cling where whispers fade,","Dawn breaks with a soft, bright face."
False,gleam,serene,"Wolves howl beneath the moon's silver gleam,","A haunted forest, silent and serene."
False,skies,twain,"Beneath the thunders of divided skies,",The storm's wild breath rends the heavens in twain.
True,kite,light,"Beneath the moon's unblinking eye, I chart the stars and set my kite.","With courage, bold and true, I chase the light."
False,speak,keep,"In the hush of dusk, old shadows speak.",The stars above do not ignore the keep.
True,rise,flies,"In quiet hearts where whispers rise,",A quiet storm takes wing and flies.
False,gold,wind,"Wildebeests roam beneath skies painted gold,",And timelessness in the wind.
False,day,sea,"Like sunlight bursting through clouds on a spring day,",like a flame that kindles the heart of the sea
False,root,break,"Beneath soft lies, the brutal truth takes root,","In the heart of silence, the storm begins to break."
False,dawn,stone,"In the quiet whispers of the sacred dawn,",soft light dances on the ancient stone.
False,night,arise,"Winds of liberty weep through the chains of the night,","Farewell to the shadows, the dawn shall arise."
False,despair,wise,"My temper flares like lightning in the storm of despair,","I'll hold the fire in silence, unrelenting and wise."
False,was,walls,Whispers of absence linger in the air where laughter once was.,Silent echoes dance upon the walls.
False,rare,embrace,"Amidst the steel forest where silence is rare,","and shadows dance in eerie embrace,"
True,home,roam,"Like dawn renews the sky, my heart in your embrace finds home.","Yet in your touch, I find the peace that never roam."
False,hum,change,"Anchored in time, the old ways hum,",And never bend to fleeting winds of change.
False,rhyme,rise,"Where the heart's old whispers find a sheltered rhyme,","Above the silent dawn's soft, golden rise."
False,rain,unseen,"The sky’s a canvas painted by the hands of sun and rain,","A dance of light and shadow, endless and unseen."
False,dawn,dawn,"Whispers tighten like shadows at dawn,",Silent wings rise in the quiet dawn.
False,drum,hush,"Whispers of rose and thunder of drum,",Chorus of souls in midnight's hush.
False,embrace,embrace,"Bursting like sun through the morning’s embrace,",Catching the sky in a blaze of bright embrace.
True,blaze,haze,"Neon hums where the streetlamps blaze,",Lustre dances in twilight's pale haze.
False,near,light,"Whispers echo where no ears are near,",Silence holds the weight of forgotten light.
True,flight,delight,"In the dance of colors, sounds take flight,",and light becomes a symphony of delight.
True,true,woo,"A whisper blooming soft and true,",A fragrance that the wind does woo.
False,yesterday,brave,Time slips like sand through the shadows of yesterday.,Hope is a flame that never dies in the heart of the brave.
False,meet,light,"Whispers of the sacred rise where faith and shadow meet,",Shadows stretch and dance in endless light.
True,flight,night,"In whispered prayers where the soul takes flight,",A silent hymn echoes through the night.
False,afternoons,room,"In the glow of fireflies and fading afternoons,",I see the stars in every shadowed room.
False,dance,land,"Beneath the mask where shadows dance,",A veil of silence wraps around the land.
False,cling,found,"In the attic of the heart, old moments gently cling,",and secrets await to be found.
False,fades,case,"In shadowed corners where connection fades,",The light of hope still burns in every case.
False,stay,fire,"A hearth's soft glow where whispers stay,",A world of peace in gentle fire.
False,breath,earth,"Whispers of devotion dance with dawn’s first breath,",A whisper of light in sacred earth.
False,chalkboard,bright,"Storms scribble secrets on the sky's chalkboard,","Whispers dance in shadows, bold and bright."
False,gleam,alight,"A whisper of laughter in morning’s gold gleam,",A fleeting smile that sets the sky alight.
False,return,sound,"In silent worlds where echoes don't return,","the stillness hums with ancient, unseen sound."
False,unseen,grin,"A flawless vase, a crack unseen,","A secret wound, a silent grin."
False,flaw,glow,"In flawless cracks, the light finds its flaw.",And transforms the dark into a silver glow.
False,sleep,won,"Whispers coil like shadows deep, unrest is born in sleep.","Doubt takes root in dreams, and night is won."
False,rhyme,sky,"Beneath the stars, the heart finds its true rhyme.","A fleeting moment, yet eternal in the sky."
False,knife,glass,"Whispers carved in rust, a bond undone by deceit's knife.",Silent tears that fall on shattered glass.
True,meet,beat,"Colors whisper tales where the bold and silent meet,","Stars ignite the dusk with a silent, radiant beat."
False,rhyme,silence,"The sky may whisper or crash with rhyme,","The world may burn or fade in silence,"
False,ground,room,Clocks shed silent tears as moments flee the ground.,Lighted shadows dance in twilight's wistful room.
True,mind,bind,"The echoes of yesterday hum softly in the halls of my mind,","Where shadows of the past still linger, and thoughts still bind."
False,deep,law,"Justice wears a crown of light, but injustice cloaks in shadows deep,",Justice shall not be blind to those who break the law.
False,blue,free,"Whispers of crimson, symphonies in blue,","Frogs in the stream, forever free."
False,undefined,spring,"The dawn of feeling, soft and undefined,",A fleeting flame in the heart's deep spring.
False,live,wide,"Beneath the skin, where traditions live.","A labyrinth of stories, deep and wide."
False,yesterday,grace,"Silent hours glide like shadows through the cracks of yesterday,",Soft light fades in the hush of midnight's quiet grace.
False,creep,true,"In shadows deep, where silent tremors creep,","A ghostly whisper lingers, cold and true."
False,dawn,spell,"Whispers of chains in the hush of the dawn,",Shadows of freedom that break the night's spell.
False,rain,light,"As winter’s frost yields to the vernal rain,",The earth awakes with song and light.
False,resided,pride,"Fire roars where patience once resided,","Ashes rise in silent, solemn pride."
False,untold,untold,"A flawless rose still drinks the rain, untold.","A flawless rose still drinks the rain, untold."
False,face,was,"In the mirror of time, I glimpse a stranger’s face—",I am not who I was.
False,still,spring,"A bond not bound by blood, yet deeper still,","heart of steel, yet soft as spring."
False,flame,remains,"Beneath the blaze of seventeen’s flame,","The stars will fade, but hope remains."
False,slice,bite,"A sweet ballet of salt and spice, upon the tongue's delicate slice.","A fleeting taste, both sweet and bitter, in a single bite."
False,flight,flight,"With brush and breath, ideas take flight,",A symphony of thought in flight.
True,spun,sun,"Where whispered walls hold tales I've spun,","softly, they speak of ancient sun."
False,skies,fire,"A laugh like morning bursts through the skies,",A spark that ignites the heart's quiet fire.
False,change,fade,"Wanderlust whispers through the winds of change,",A tale of stars that never fade.
False,skies,night,"Amid the thunder of falling skies,",The storm's cruel might consumes the night.
True,dream,gleam,"Footprints trace where wanderers dream,",Where echoes of the lost are gleam.
False,cracks,days,"In the shadow of despair, hope whispers through the cracks.",A light begins to bloom in the darkest of days.
False,breeds,tales,"In shadowed hearts where silence breeds,",soft whispers of forgotten tales.
False,hearts,care,"In still waters, the mirror of hearts.",Shadows reflect the soul's sincere care.
False,flame,unknown,"Through laughter’s spark, our hearts first stoked the flame,","With courage, we dared the unknown,"
False,bone,fade,"Though time may steal the breath from bone,",But fortune's kiss shall never fade.
True,glow,tow,"Grandmother’s tales clash with the smartphone glow,","Softly hums the night, yet shadows lie in tow."
True,storm,form,"The scales of justice tremble in the storm,",When shadows cast their cruel and fleeting form.
False,breath,red,"Like dawn breaks soft on summer’s breath,",The sky ignites in hues of red.
False,sway,embrace,"Whispers of the wind through leaves that sway,",Shadows dance in twilight's soft embrace.
False,mark,remains,"With trembling steps, the threshold nears its mark.","A silence falls, yet hope remains."
False,haze,seas,"In city lights or meadow’s gentle haze,","The heart is a sailor, unafraid of the seas."
False,tune,breeze,"Hands clasped in ancient rhythm, the future hums a tune.","In timeless grace, it's written on the breeze."
False,tide,shade,"Each wrinkle whispers tales of time’s gentle tide,",The sun's slow rise on silent hills of shade.
False,feigned,light,"In the glow of screens where connection’s feigned,",The truth remains untethered in the light.
False,yesterday,reclaim,In whispers down the hall of yesterday.,Of memories we cannot reclaim.
False,days,away,"Through laughter carved in childhood's days,",A flame that will not fade away.
False,gaze,sweet,"Beneath the cold moon’s unfeeling gaze,","I dwell in silence, far from all that's sweet."
True,rise,skies,"Beneath the sun’s unblinking eye, storms and seasons shift and rise,",and time continues to unfold in endless skies.
False,halls,nights,"The echoes of laughter linger in empty halls,",soft as dreams in the quietest of nights.
False,word,air,"Thunder speaks, yet the stone hears not a word.",The storm's cry is lost in empty air.
False,eye,hymn,"Beneath the moon’s pale, watchful eye,","The stars ignite, and night becomes a hymn."
False,alive,twine,"In the tapestry of twilight, hues breathe alive—","softly through the stars, like dreams they twine."
False,war,curtain,"Where light and shadow wage their endless war,",The dawn breaks through the veil of night's dark curtain.
False,song,refrain,"In every heartbeat echoes the song,",of love's soft refrain.
False,moments,light,"In the quiet bloom of shared moments,","Where laughter echoes through the dawn's first light,"
False,hands,go,The minutes slip like sand through ancient hands.,"A silent thief of time, it whispers, ""Go."""
False,danced,embrace,"Laughter echoed where the fireflies danced,",Shining bright in the twilight's soft embrace.
False,unanswered,light,"I carve my name in time’s slow tide, unanswered.",I trace the echo of the stars in fleeting light.
False,storm,strong,"A bond that shines through life’s unpredictable storm,","A shelter in the chaos, steady and strong."
True,embrace,grace,"Whispers of longing in the night's embrace,","Shadows dance with silent, endless grace."
False,tread,hearts,"Though shadows creep where daylight dares not tread,",so long as hope remains in weary hearts.
True,light,might,"In the hush where heavens hum with light,",The stars in velvet weave their might.
False,cast,speak,"In flawlessly fractured light, the truth is cast.","nevertheless, the shadow bends to speak."
True,bright,night,"A whisper starts in stolen glances bright,",A secret lingers in the heart's quiet night.
False,persuasion,breeze,"The apple bends with sweet persuasion,",A promise whispered through the breeze.
False,gleam,plain,"Beneath the moon's indifferent, silent gleam,",A silver haze upon the quiet plain.
False,bones,might,"Rage ignites like thunder in the bones,",Fury burns through the soul with merciless might.
False,flame,sung,"A cage of silence, forged in tyranny's flame,",A shadow cast where truths are never sung.
False,behind,hands,"Time carves wisdom on the lines it leaves behind,","And age transforms the heart with gentle, knowing hands."
True,grace,pace,"The earth turns slowly through time's tender grace,",where silent stars in endless night do pace.
False,flight,tide,"Whispers of the hour-glass, sand in silent flight,","A memory of time, lost in the tide."
False,lay,disguise,"Beneath the mask we wear, a thousand whispers lay,","Of truths we keep, and secrets we disguise."
False,poetry,thread,"Each wrinkle etched like time's slow poetry,",whispers silence through the years' old thread.
False,creep,sigh,"Whispers of dread in the shadows creep,",Sneaks through the night like a ghostly sigh.
False,played,dark,"A bloom unearthed where shadows played,",A whisper of spring in the dark.
True,song,long,My roots are etched in many a song.,"Of stone and soul, both deep and long."
False,glow,holds,"In the attic of time, memories dust and glow,",scent of old tales still holds.
False,cry,night,"Where chains are whispered into silence, freedom wakes with a cry.",A spark ignites the darkest night.
False,rise,desire,"On tongues of morning, flavors start to rise,","A chorus of dawn, a taste of new desire."
True,rise,skies,"Roots entwined where voices rise,",Whispers dance in shadowed skies.
False,blood,whole,"Love blooms in whispers, binds in the blood,","A promise etched in stars, forever whole."
False,wrong,soul,"Justice scales the cliffs of right, while shadows feed the wrong.",And light outshines the dark in every soul.
False,hum,dusk,"Whispers of winter give way to the spring's soft hum,",Breath of new life in the chill of the dusk.
False,air,choir,"Whispers of dread in the midnight air,",Shadows bend like mournful choir.
True,light,night,"In the mirror of the soul, shadows dance with light.",The self is both image and realm of night.
False,spring,embrace,The whisper of winter gives way to the song of the spring.,The thaw of the earth unfolds in a gentle embrace.
False,ignites,tests,"In laughter’s glow, where quiet trust ignites,",A bond that lasts through time and trials' tests.
True,bright,light,"In the garden of life, friendship blooms bright.","And laughs in storms, a constant light."
False,sun,night,Neon hums where countryside sighs in the sun.,A moonlit haze that dreams in the night.
False,gleamed,gleamed,"In shadows deep where truth once gleamed,",The light remains untouch'd and gleamed.
False,rise,grace,"In the shadow's grip, a fragile spark still dares to rise—",A flame that echoes through the night's quiet grace.
False,roar,blow,"The storm within screams louder than the thunder's roar,",And silence bows to the wrath of the wild winds' blow.
False,disguise,unknown,"In whispered shadows, truth dons a disguise,",And silence speaks in tongues unknown.
False,dwell,web,"In whispered shadows where the lonely dwell,","moonlight weaves a silent, silver web."
False,sigh,sigh,"Whispers of winter melt to spring’s first sigh,","Blossoms blush on frost’s cold, brittle sigh."
False,grow,dies,"Two hearts entwined where vows take root and grow,",Where love's pure flame never dies.
False,bloom,entwine,"In twilight’s breath, where shadows dare to bloom,","Soft as dreams in whispers, they entwine."
False,hum,hum,"O ancestors’ whispers duel with pixels’ hum,",soft echoes rise through digital hum.
False,earth,rest,In the hush where heaven's whispers meet the earth.,Of ancient stone and silent breath do we rest.
False,roar,grows,"Shadows fall where the cannons roar,",Silence grips the land where the war's lament grows.
True,remain,rain,"My name may fade, but whispers will remain,",soar like arrows through the mist and rain.
False,rain,frighten,I wield the storm yet tremble at the rain.,"The thunder grows, but I do not frighten."
True,skin,been,Time carves its tales in lines upon our skin.,Echoes linger where the past has been.
False,edge,true,"Where whispered lies dance on a blade's sharp edge,","whispers turn to shadows, silent and true."
False,bind,guided,"Through laughter’s echo and tears that bind,","The heart of the storm, yet tenderly guided."
False,rise,shines,"Beneath the chain, a song still dares to rise,","A hope that never fades, in silence shines."
False,hand,seen,"The hours slip like sand through time's unyielding hand,",And leaves the soul with echoes of what was seen.
True,hue,dew,"Wheels hum low beneath the morning's hue,",The sky wears a crown of gold and dew.
False,trees,eyes,"Whispers of wind through the green-lit trees,","Beneath the moon's soft, watchful eyes."
False,rest,breath,"In whispers woven, the dagger finds its rest,","In shadows deep, where silence holds its breath."
False,know,grows,"With dawn’s first light, a heart begins to know,","The weight of silence, softly falls and grows."
False,heart,breath,"Like shadows twins upon the heart,",softly whispers silence's breath.
False,sigh,night,"Like dawn embraces twilight’s fading sigh,",earth is stirred by the quiet of night.
False,groan,night,"Winds of freedom whisper through chains that groan,",Hope ignites the soul within the darkest night.
False,unseen,breeds,"Whispers of forever carved in bones unseen,",Silent echoes of a love that never breeds.
False,unknown,leaves,"Like dawn breaking silently on a heart unknown,",whispers the wind through silvered leaves.
False,lies,lie,The sweetness of trust can hold a thousand lies.,But time will fade the bloom of any lie.
True,cries,sighs,"The chains of silence clank beneath the breath of rebels' cries,",The echoes of hope rise bold in the night's deep sighs.
False,tongue,tongue,"Bitter chocolate on a honeyed tongue,",Flavors dance in a perfect tongue.
False,sigh,twine,"Whispers of spring in winter's last sigh,","Froze in silence, yet still they twine."
False,entwine,whispers,"In tangled hearts, two vows entwine,",whispers
False,bare,dark,"Truth wears a mask of light, yet deception shimmers bare.",Hope remains a shadow in the dark.
False,cling,thrives,"In twilight’s grasp, where shadows cling,",A ghostly hush in silence thrives.
False,free,flight,Whispers weave where wild hearts run free.,"Beneath the stars, the dreams take flight."
False,gleam,might,"Beneath soft words, the dagger of truth may gleam,",But silence holds the edge of sharper might.
False,night,sky,"Winds of liberty weep through the chains of the night,","Stars awaken in silence, then light the sky."
False,sway,sway,"In twilight’s breath, where shadows softly sway,","The moonlight whispers through the trees with shy, soft sway."
False,veins,unseen,"Beneath the storm of silent rage, tempests thrive in beating veins.","The winds now howl with silent vengeance, unrelenting and unseen."
False,rooms,hush,Whispers of yesterday linger in the dust of forgotten rooms.,Fading like echoes in the quiet hush.
False,song,belonged,"In shadows of the past, my heart repeats an ancient song.",Whispers of a love that once belonged.
False,disguise,lost,"Justice wears a crown of light, injustice, shadows in disguise,",mercy rules the realm of the lost.
False,dwell,keep,"In the silent chambers where dread and dread dwell,","The shadows breathe in silent, solemn keep."
False,boughs,hush,"Whispers of the wind through ancient boughs,",Silence wraps the world in hush.
False,awake,awake,"Beneath the mirror’s gaze, a thousand whispered names awake.",A thousand whispered names awake.
False,gleam,harms,"Beneath soft words, the dagger of truth may gleam.","But in the silence of silence, it never harms."
False,snow,light,"Friendship is the sun that melts the snow,",And guides the stars with gentle light.
False,storm,wind,"A flawless rose still trembles in the storm,",where sorrow bends its wind.
False,sing,entwine,"My name may fade, but my shadow shall sing.","Eternity in the dusk, where silence and light entwine."
False,skies,lie,"Time-honored flames meet electric skies,",A new dawn breaks over the night's dark lie.
False,read,faded,Each wrinkle etched is a tale the sun has read.,"Of days that faded, once bright, now faded."
False,tread,true,"The tempest rages where restraint once tread,","A storm of passion, fierce and true."
False,unknown,cries,"Beneath the mask I’ve worn for years, a silent echo stirs, unknown.",A shadow takes its form from the heart’s unseen cries.
False,breath,void,"In the quiet hours, when stars hold their breath,",And silence whispers through the empty void.
False,gleams,gleam,"In every flaw, the light of perfection gleams.","So brightly shines, it casts a silver gleam."
False,wander,sung,"Whispers roam where wild things wander,",Tales of shadow and silence are sung.
False,fire,glow,"With trembling hand I light the fire,",And warmth spills out in golden glow.
False,skies,embrace,"Whispers of velvet dance with crimson skies,",Flames that blush in twilight's soft embrace.
False,light,rays,"In the quiet heartbeat of the morning light,",I see the dawn unfold in golden rays.
False,thrives,flight,"Brushstrokes of thought dance where wild imagination thrives,","A canvas of dreams, where the soul takes flight."
False,unseen,unkind,A flawless curve holds cracks unseen—,A silent echo of time's unkind.
True,tight,light,A whispered truth can sever ties spun tight.,A seed of hope can break the cold and stilted light.
False,cling,time,"In shadowed halls where whispers cling,",Silent echoes weave through time.
True,light,might,"In the shadow of the night, hope whispers light.",And dreams take flight in gentle twilight's might.
False,life,trees,"Where whispering forests pulse with life,",The moonlight dances on the trees.
False,road,soul,"Beneath the moon’s unblinking eye, I start upon the road.",To seek the stars with heart and soul.
False,stir,persist,"In the attic of the heart, old echoes still stir.","Shadows of the past, they whisper, still persist."
False,entwine,sound,"A heartbeat hums where two souls entwine,",A whisper lingers in the night's quiet sound.
False,tread,apart,"Two hearts entwined, one path they tread,","With silent love, they walk apart."
False,change,grace,"Whispers of wind weave through skies of change,",Calm as shadows in the morning's grace.
True,dance,trance,Colors whisper where the silent brushes dance.,"Gilded shadows trace the dusk with slow, deep trance."
False,mind,thought,"Old hands shaping clay, new screens shape the mind,",Till truth is born from the crucible of thought.
False,ears,ears,"Beneath the mask I’ve worn for years, a stranger whispers in my ears.",A stranger whispers in my ears.
False,entwine,free,"In whispers of the soul, where light and longing entwine,",The heart remembers where it once was free.
False,forgot,old,"Through mirrors of memory, I search for the face that time forgot.",I see it in the dust of the old.
False,force,force,"Justice whispers truth, but injustice roars, drowning right in the storm of its force.",A storm of its force.
False,plays,free,"In whispered woods where shadow plays,",The wind sighs low and lingers free.
False,time,were,The ghost of yesterday whispers through the keys of time.,And laments the days that never were.
False,hide,wise,"A whisper of warmth that the heart cannot hide,",A spark that sets the soul alight and wise.
False,bend,drowned,"In shadowed scales, the scales of truth bend—",where silence screams and light is drowned.
False,prowl,leaf,"In shadowed woods where whispers prowl,","Where secrets lie in every leaf,"
False,intertwine,light,"In vows woven tight, two hearts intertwine,","And in the silence of the dawn, they find their light."
False,tome,moths,"The years fold like pages in a gently-worn tome,",And time whispers secrets through the quietest of moths.
False,thread,night,"Two souls entwined in time’s soft thread,","Whispers of the future, woven in the night."
True,rise,skies,"Whispers of winter melt into spring's gentle rise,","Blessings on the earth, and peace upon the skies."
False,hush,sings,"In city's hum or meadow's hush,",silence sings.
False,time,wise,"Carved in stone or whispered through time,",Echoes of a soul that once was wise.
False,danced,trance,"Laughter echoes where the fireflies danced,",A symphony of light in twilight's trance.
False,are,heart,"Love is the thread that weaves through all we are,",Kindness is the thread that binds us to the heart.
False,wick,die,Time drifts like ash on a fading wick.,Embers of hope in the dusk will not die.
False,grain,flight,"The hourglass bleeds its final grain,",Time slips away like sand in flight.
False,quench,sun,"A glance can spark a flame that time won’t quench,",A memory that lasts through every new sun.
False,dawn,flame,"When cannons roared at Waterloo's dawn,",the soldiers fell in silence to the French flame.
False,stage,haze,"A dance of spices on the tongue's sweet stage,",A flavor that echoes through the haze.
False,breath,hush,"Like thunder caged in silent breath,",The nightingale in silvered hush.
True,sworn,torn,"In whispered lies where trust was sworn,","A bond unbroken, yet still torn."
True,embrace,grace,"Whispers of winter to summer's embrace,","Bloom in twilight's gentle, fleeting grace."
False,wires,night,"Old hymns hummed by ancient fires, now duet with the drone of wires.",Tales of old still whisper through the night.
False,one,,We are threads in the fabric of many voices one.,
True,through,hue,"In flawless cracks, the light slips through.","A mirror's face, in shadow's hue."
False,still,air,"A silent nod speaks volumes when the world is still,",A whisper of peace remains in the air.
False,dawn,hold,"In flaw's soft glow, perfection finds its dawn,",where shadows bend and light takes hold.
False,lies,free,"In silvered tongues, the serpent lies,","in dust and shadow, the soul is free."
True,ache,wake,"In twilight's breath, hope whispers through despair's bitter ache.","A glimmer in the dark, where light begins to wake."
True,know,glow,"Where hearthlight dances on the walls I know,",where silence hums in every corner's glow.
False,dreams,waves,"Beneath the stars where night winds whisper dreams,","The moonlight dances upon the waves,"
False,weave,pure,"Rooted in rhythm, threads of tradition weave,","A tapestry of time, unyielding and pure."
False,shy,effectively,"In shadows deep where light is shy,","I'll craft a poetic line that continues the rhyming couplet, maintaining the essence of the original and ensuring the second line completes the couplet effectively."
False,sway,weary,"Where shadowed scales of justice sway,","The dawn breaks softly, casting light upon the weary."
False,breeze,grace,"Whispers of laughter dance on the breeze,",A silver thread through autumn's quiet grace.
False,dwell,wool,"A hearth’s soft glow where scattered memories dwell,",A silence deep that holds the past in wool.
False,air,guide,"Where shared breath paints the air,","With grace, the stars become our guide."
True,dream,gleam,"Silent thief of moment and dream,",Eyes that never see the dawn's bright gleam.
False,flight,born,"In quiet hearts where whispered prayers take flight,",A silent hope in every breath is born.
False,name,true,"Whispers of light where the soul finds its name,","Silent echoes in the air, so true."
False,glow,might,"Beneath the moon's soft, whispering glow,","The stars in silence, glowing with their might."
False,night,remain,"Echoes of laughter drift through hollowed streets where silence claims the night,",Shadows whisper tales of joy that never quite remain.
False,flight,keep,"Beneath the sky where childhood dreams take flight,",A path of stars where joy and wonder keep.
False,play,far,"Beneath the mask where whispers play,",The shadows hide their secrets far.
False,blue,moon,"The sky weaves tales in gray or blue,",The stars whisper secrets to the moon.
False,sweep,replies,"Beneath the tower's shadow or the willow's swaying sweep,",A whisper of the wind through leafy boughs replies.
False,sighs,night,"Beneath the boughs where twilight softly sighs,",The stars above do wear a quiet night.
False,intertwine,time,"Through the years, like roots that intertwine,","Against the storm, they hold fast in time."
False,sky,day,"The old oak groans beneath the neon sky,",A silent sentinel of dusk and day.
True,night,light,"Shadows of steel whisper through the night,",Lights of dawn rise gently to the light.
False,blew,bold,"Whispers of winds through the ages have blew,",Silent echoes in the hearts of the bold.
False,one,embrace,"Roots entwined where hearts beat as one,","Flesh and soul in silent, deep embrace."
False,deep,consumed,"In every flaw, a shadow of perfection’s light hides deep,","A fleeting flame, both bright and yet to be consumed."
False,rise,ease,"In quiet whispers, the soul's prayers rise,",A gentle tide that lifts the heart to ease.
False,new,tread,"Whispers of winds through ancient and new,",Footsteps of dreams on stone they tread.
False,dreams,glow,"With brushes dipped in whispered dreams,","And colors of the soul, they swirl and glow."
False,past,breath,"Whispers of time in the dust of the past,","Shadows once bright, now faint as a ghost's last breath."
False,sigh,light,"Whispers of wind through a warming world's sigh,","Breeze hums low, a gentle, soothing light."
False,loom,tone,"Threads of love woven through years of the same loom,","Fate's soft thread, binding hearts in a timeless tone."
False,long,gloom,"The dusk of life casts shadows long,",A fleeting ember in the gloom.
False,story,lies,Roots entwined in shared heartbeat and story.,Leaves whisper of forgotten joys and lies.
False,skin,hill,Embers of rage beneath the skin.,Ashes of wrath upon the hill.
True,plight,night,"Where scales of justice tip with tears of plight,","justice bends, and mercy rules the night."
False,fear,dreams,"In shackles forged by silent fear,",I wear the weight of broken dreams.
False,resided,begun,"Shadows stretch where laughter once resided,",Doubt whispers through the empty space they'd begun.
False,songs,stone,"Roots etched deep in ancient songs,",Whispers carry through the stone.
False,skyscrapers,towers,"The old oaks whisper tales to new steel skyscrapers,",and silence hums in the hollows of the towers.
False,roar,told,"Though flesh may fade and time may roar,",so shall glory live and deeds be told.
False,tongues,breath,"Whispers of spice dance on eager tongues,",A feast of scents in every breath.
True,tight,night,"A crown of thunder, a fist clenched tight,",A flame that burns through the night.
False,breath,hush,"In whispers of brushstroke and melody's breath,",A fleeting flame in the twilight's hush.
False,glow,flee,"Wheels spin beneath the dawn's first glow,",Till daylight breaks and shadows flee.
False,steal,soul,"First love is a whisper the stars dare not steal,",A flame that burns in the heart of the soul.
False,fade,light,"Ancient rites in twilight’s fade,",Grief whispers through the dying light.
True,sand,hand,"The hands of morning trace the sand,",The world awakes with gentle hand.
True,light,fight,"Beneath soft lips, lies wear the mask of light,","A shadow's breath, in silent, whispered fight."
False,sail,way,"In whispered hopes, the heart sets sail.","Through storm and shadow, it finds its way."
False,breath,dew,Whispers echo in the hollow of an unshared breath.,"A hush that clings to the silence, soft as dew."
False,clover,light,"The reaper's scythe whispers through the clover,",And cuts the dreams of summer's fading light.
True,prayer,care,"Shadows claim the hearts we held dear, silent as a whispered prayer.",And fade like leaves in autumn's care.
False,unfurled,touch,"In whispered light, our hearts ignite with visions yet unfurled.",Of hopes that bloom in twilight's gentle touch.
False,breathes,entwine,"Beneath soft lies, the truth in shadows breathes,","A veil of silence, where the dark and light entwine."
False,cast,light,"A mirror of the soul in shadows cast,","Ave, celestial light!"
False,remain,breath,"A hearth where whispers of the past remain,",Shadows of the present hold their breath.
False,night,breath,"I traced my shadow 'cross a mirrored night,",Where stars wore masks and silence held its breath.
False,time,die,"A cradle’s whisper, threads through time,",A promise never to die.
False,tred,freed,"Winds whisper secrets of roads seldom tred,",Whispers of dreams that time has not yet freed.
True,bold,hold,"The torch of time ignites in flashes bold,",And lights the hearts of those who dare to hold.
True,night,light,Winds of freedom whisper through chains of oppression's night.,Hope ignites the souls of the oppressed with a fiery light.
False,feet,beeth,"Winds of the world whisper through wandering feet,",Till they find a home where peace and love beeth.
False,stone,fall,"Whispers of time etch echoes on the stone,","Beneath the moon's cold, watchful eye, they fall."
False,long,glow,"Seconds crawl like shadows long,",Shadows weave through twilight's glow.
False,truths,speak,"In twilight’s grasp, where shadows whisper truths,",The stars below hold secrets yet to speak.
False,tread,clear,"Beneath soft words, the shadow of a lie may tread,","And yet, the truth remains, though it may seem too clear."
False,part,dawn,"When whispered vows in shadows part,",And fate shall bear them in the light of dawn.
False,trees,gloom,"Whispers of the wind through ancient trees,",Leaves sing a lullaby through the gloom.
False,time,mist,"Beneath a sky where stars won’t listen, silent screams fold into rusted time.",A shadowed moon whispers through the mist.
False,rhyme,shines,"In whispers of light, the soul finds its rhyme.","A spark in the dark, it forever shines."
False,life,tree,"Joy dances lightly on the breeze of life,",A gift beneath the ever-blooming tree.
True,flight,light,"In starlit whispers, hopes take flight,","A dream unbound, forever light."
False,flight,free,"Where pigment meets vision, ideas take flight,","where color and thought entwine, the mind is free."
False,stars,silence,Pack the dawn in a suitcase of stars.,And leave the night in a bottle of silence.
False,hands,wands,"Time etches its tale in the lines of our hands,",And leaves behind a testament of youth and wands.
False,awakes,grace,"In quiet whispers, the divine awakes,",The soul finds peace in sacred grace.
False,sing,gleam,"In strokes of light, the soul begins to sing,",The heart finds heaven in the sun's soft gleam.
False,days,air,Soft laughter lingers in the dust of old summer days.,A ghostly melody still sways in the hushed air.
False,born,embrace,"In the shadow of the storm, a fragile light is born.",A fleeting ember in the night's embrace.
False,roamed,thrived,A hollow silence where their laughter roamed.,A shadow fell where joy once thrived.
False,ahead,chapter,"With a heart aglow and the road ahead,",night is but a fleeting chapter.
False,send,dark,"Stars whisper the hopes our hearts dared to send,","Shine bright in the night, beyond the dark."
True,tread,dread,"In shadows deep, my racing heart does tread,",With trembling hands and breathless dread.
False,gleam,moon,"Two hearts entwined where promises gently gleam,",A future bright and steady as the moon.
False,prime,rise,"When tempers flare like storms in prime,",The winds of wrath do clash and rise.
False,peace,feel,"Shadows rise where once there stood the light of peace,",Hope still flickers in the hearts of those who dare to feel.
False,hue,breath,"Whispers of velvet, symphonies in hue,",Blossoms in midnight's breath.
True,true,rue,"A bond unseen, yet ever so true,",so deep it bears the weight of time and rue.
False,sky,align,"In the clash of chains and open sky,",where freedom sings and stars align.
False,chest,wrath,"Beneath the tempest of a thunderous chest,",the sky is torn asunder by heaven's wrath.
False,dawn,hall,Winds of liberty whistle through chains rusting in the dawn.,Fame's ghostly song echoes through the hall.
False,hands,laws,"Roots tangled in stories, passed through time's gentle hands,","Tender as memory, yet unbound by fate's stern laws."
False,lingered,night,"A shadow stirs where light once lingered,",A silent hymn echoes through the night.
False,reciting,way,"The road is a verse the world keeps reciting,",And ever we are but pilgrims on the way.
False,away,eyes,"Spring whispers life as winter drifts away,","Green fields awake with cheerful, bright eyes."
False,hymn,hymn,Steel canyons pulse with midnight’s electric hymn.,Tales of fate in darkness are told with a hymn.
False,road,glow,"Wings of dawn kissed the open road,",Footprints faded in the sun's soft glow.
False,sings,hymns,"In the mirror of memory, my heritage quietly sings,",of time and love in silent hymns.
False,breeze,breeze,"Whispers of laughter on a summer breeze,",Silent as dandelion seeds in the breeze.
False,boots,unsung,"Truth wears a crown of dust, while lies wear gilded boots,","never lies, but truth remains unsung."
False,leaf,silence,"I clenched the storm, yet whispered to the leaf—",soft as wind through silence.
False,rage,embrace,"Roots etched in history's page, I dance in the rain of many a culture's strange, yet tender rage.",Rustic flame in the wind's embrace.
False,past,memory,"Like whispers through the dust of days long past,",echoes still in the halls of memory.
False,align,breaks,We find our roots where heartbeats align.,And echoes meet where silence breaks.
False,sigh,time,"Whispers of winter melt to spring’s gentle sigh,",And hope beneath the trees will bloom in time.
False,time,time,"A bond unseen, yet stronger than time,",A bond that forever lasts in time.
False,play,reigns,"In whispered woods where shadows play,",where secrets sleep and silence reigns.
True,skies,ties,"Roots etched in ancient tongues and modern skies,","Beneath the veil of time, they whisper in their ties."
True,lay,day,"Fury burns where calm once lay,",Silent echoes of a fallen day.
False,stays,remains,"In quiet hearts where light eternal stays,",The dawn of hope remains.
False,true,sung,"Through storm and still, a bond held true,","heart to heart, in silence sung."
False,tree,true,"Beneath the boughs of time’s slow-growing tree,",Where shadows dance and dreams are woven true.
False,sunrise,sun,"As the world tilts toward new eyes, the dawn claims its sunrise.",And the stars bow to the light of the rising sun.
False,clung,seen,"Whispers of liberty rise where shadowed chains once clung,","But now they fall, and freedom's light is seen."
False,breathe,time,"Beneath the brush, where colors breathe,",A vision born of light and time.
True,light,sight,"In the mirror of the soul, shadows dance with light.",And I am but a fleeting flame in their eternal sight.
False,dreams,scheme,"Bubbles rise in morning’s gleam, laughter hums in dreams.",And fall like sparks in time’s bright scheme.
False,oblivion,whisper,"In twilight’s embrace, the heart stands between dawn and oblivion.","And light begins to weave through the shadows, soft as a whisper."
True,embrace,grace,"In the quiet cradle of memory’s embrace,",sighs wander through the hush of twilight's grace.
True,rest,best,"A hearth's soft glow where whispers rest,",A silence sweet where thoughts are best.
False,sail,sail,"In starlit whispers, our hearts set sail,",Where dreams are boundless and hope is the sail.
False,sail,sail,"Whispers of ambition on night's soft sail,",Shadows of fate in silent whispers sail.
True,trees,breeze,"Whispers of the wind through ancient trees,",Echoes of the past in every breeze.
False,dance,plain,"Bitter, sweet, the flavors dance,","A symphony of taste, both rare and plain."
False,divine,embrace,"In the quiet whispers where the heart meets the divine,",The dawn breaks softly on the edge of time's embrace.
False,light,true,"The dagger of betrayal shines where trust once bloomed in the moon’s pale light,",A shroud of shame now wraps the heart that once was true.
False,land,wind,"Shadows of steel descend upon the land,",Silhouettes of hope rise in the wind.
True,embrace,grace,Whispers of rustle in a rainbow’s embrace—,Colors weave a tale through the air's gentle grace.
False,all,actors,"Grandmother's hymns still hum in the walls, yet the internet sings through the smartphones of us all.","The world's a stage, and we're all just actors."
False,air,ear,"Though bones to dust and whispers fade to air,",The echo of the heart still rings in ear.
False,entwine,light,"In whispers of forever, two hearts entwine.",A future where dreams are kind and light.
False,breathe,flight,"Concrete hums where the streetlamps breathe,",A world of shadows where the night takes flight.
False,breath,greet,"Whispers of spring in the frost’s last breath,","Beneath the thawing skies, the earth begins to greet."
False,conspire,dare,"Beneath the same sky, two shadows conspire—",To haunt the soul with silence and a dare.
False,time,one,"In the quiet rhythm of a shared heartbeat, family roots hold fast to time.","Through the storms of life, we stand as one."
False,heard,whole,"The silent ache where laughter once was heard,",A ghost of joy that never was whole.
False,sky,dawn,"In the shadow of cannon's cry, dreams lie battered and torn under sky.",The storm's relentless howl has shattered the dawn.
False,flame,grace,"With trembling hand, I reach beyond the light of childhood’s flame.",And find the strength that burns within the shadowed grace.
False,way,awe,"In flawless cracks, the light finds its way.","Through the shadows, it sings with awe."
False,design,kind,"Perfection hums in flawless lines, imperfection dances there by design.",A rhythm that's wild and yet so kind.
True,light,bright,"Whispers of autumn kiss the fading light,","Beneath the stars, they fade and bright."
False,shine,kin,"In the weave of voices, threads of kinship shine,","and in every tale, a heart finds its kin."
False,dreams,dreams,"Concrete hums where the city dreams,",Night shadows weave through the glassy dreams.
False,youth,sigh,"Laughter echoing through the fields of my youth,",Dance of summer's light on the wind's soft sigh.
False,wall,flame,"The clock's silent hands carve shadows on the wall,",and time unfolds like dust upon the flame.
False,hush,think,"Amid the city's thunder or the countryside's hush,",no_think
False,rise,life,"Whispers of winter melt into the breath of spring’s soft rise,",And blooms ignite the thawed earth with eager life.
False,chain,fight,"Wings of dawn struggle against the night's iron chain,",A world of shadows cast in silent fight.
False,tree,breeze,"Laughter echoed beneath the willow tree,",A symphony of joy that danced through the breeze.
False,sown,ground,"Two hearts entwined where vows are sown,",A promise rooted deep in the ground.
False,true,space,"Two hearts entwined, a vow so true,",A love that burns through time and space.
False,rise,parade,"Neon hums where the tall buildings rise,",Danced through the night in a ghostly parade.
False,name,past,"I wandered through the echoes of my name,",Where shadows whispered secrets of the past.
False,breath,new,"Whispers of winter melt to spring's gentle breath,","Flowers blush in crimson, bright and new."
True,night,flight,"In silent crowds, we pass like shadows through a fractured night.","Of endless dreams, we drift like stars in silent flight."
True,sigh,lie,"The whispering winds through ancient trees sigh,",Silence falls like winter's gentle lie.
False,roar,far,"The storm inside begins to roar,",The earth begins to shudder far.
False,crumble,rhyme,"In shadowed palms, where empires rise and crumble,","The stars above burn bright in silent, solemn rhyme."
False,tread,maria,"Each year a whisper, time's soft tread,",Ave maria.
False,hold,lost,"Thunder rolls within my chest, a storm no sky can hold,",Hope springs from the ashes of the lost.
True,stay,play,"A hearth of memories where the heart’s whispers stay,",The shadows of the past still dance and play.
False,sing,night,"In brushstrokes and dreams, the soul begins to sing,",with light and shadow in the quiet night.
False,name,on,"The world turns on the flick of a flame, then chokes on the wind's empty name.","The world turns on the flick of a flame, then chokes on"
False,flight,way,"In whispered prayers, the soul takes flight,","Through the hush of night, it finds its way."
False,breath,night,"My heritage sings in the rhythm of my breath,",Silent echoes of ancestors through the night.
False,past,light,"Amidst the dust of ages past,",where tales are etched in stone and light.
False,machines,old,"Ancestors' whispers clash with the hum of smart machines,",The future sings in echoes of old.
False,true,all,"In quiet moments, hearts speak true—",Where silence holds the weight of all.
False,best,light,"I placed my faith in the hands I knew best,",eyes gleamed with hope and light.
False,bones,bloom,"Thunderclaps in leaders' throats, silence gnaws the weak their bones.",Shadows stretch and secrets bloom.
False,dawn,land,"Where silhouettes of chains cling tight to dawn,",eternal shadows stretch across the land.
False,lanes,reign,"Whispers of the past drift through forgotten lanes,",Silent as the stars that blink in twilight's reign.
False,spring,morning,"A whisper of dawn in the heart’s first tender spring,",A song of the world in the silence of morning.
False,whispers,back,"Through shadows of self, my true face whispers.","A reflection of light, it calls me back."
False,skies,returns,"Old hands carve roots, new winds build skies,","Beneath the dawn, the earth returns."
False,delight,spread,"Laughter dances on the breeze, a whisper of delight.","A song of joy, through fields it spread."
False,wander,note,Shadows whisper secrets where the silent stars neglect to wander.,Whispers of lost dreams in the hollowed air are the final note.
False,crude,brute,"The storm in my chest roars loud and crude,",The silence of grief holds all its brute.
True,flame,name,"The dawn of years unfolds in silent flame,",A whisper of the world's eternal name.
True,night,light,"Like shadows stirred by whispers in the night,",The world begins to hum with hidden light.
False,breath,spread,"A bloom of hearts in spring’s first breath,",Where silence breaks and joy is spread.
False,confined,ends,The storm within a chest confined.,A silence that never ends.
False,unsung,spring,"Amidst the swirl of hues and symphonies unsung,",The stars above whisper secrets of endless spring.
False,name,alone,"In silent corridors where shadows know my name,","I pass through silence, yet I'm not alone."
True,lay,away,"Whispers of absence where laughter once lay,","A silence that lingers, never away."
False,truths,hues,"Time’s pages echo with fire-lit truths,",Dancing through the dusk with whispered hues.
True,night,light,"Whispers of hope in the heart’s quiet night,",Silent flames that glow in dreams we cannot light.
False,known,bound,"Storms whisper secrets the winds have known,",Foolish hearts dare to break the silence bound.
False,fires,cries,"In shadows cast by towering spires, whisper the cries of silent fires.",Beware the ghosts that roam in night's unspoken cries.
False,hall,hall,Golden echoes drift like dusk through the mind's old hall.,"Dying light ignites the silent, unspoken hall."
False,plead,sleep,"In twilight’s grasp, where shadows plead,",The light of day is lost in sleep.
False,gaze,sway,"Beneath the moon's slow-swaying gaze,",The stars above do wink and sway.
False,masquerade,hides,"In shadows spun, truth wears a masquerade,",The light reveals the face it hides.
True,flight,light,"Beneath the stars, our hopes take flight,","A thousand dreams, they rise and light."
False,hue,embrace,"Whispers of rustling leaves in a tapestry of hue,",Shadows dance in twilight's soft embrace.
False,high,dew,"Old oaks whisper tales while neon dreams reach high,",Shadows dance on midnight's dew.
True,sighs,skies,"Whispers of wind through ancient tree sighs,",Silent echoes cast through time and skies.
False,shaped,again,"Through storm and silence, together we are shaped,","And bound by trust, we rise again."
True,cling,sing,"In the attic of my mind, old moments softly cling.","Whispers of the past, they gently sing."
False,gleams,gleam,"In the shadow of despair, hope's frail light gleams.","A spark that breaks the night's cold, silent gleam."
False,sigh,flies,"Cobblestone calm meets skyline's restless sigh,",Dawn's blush on cobblestone flies.
False,reside,meet,"My name may echo where the silent stars reside,",A realm where dreams and silence meet.
False,dew,bright,"I wore my childhood like a cloak of dew,",and slipped it from my shoulders when the sun rose bright.
False,align,begin,"In quiet moments, hearts align.",The world turns soft and dreams begin.
False,harbor,home,"A hearth among the shadows, where the heartfinds its harbor.","A world of warmth and peace, where the soul is at home."
True,sky,fly,"Shells scream through the smoke-stained sky,","Circles of sorrow, they fly."
False,song,glow,"Wings clipped in shadow, freedom dreams in song.","Beneath the moon's soft, unshaped glow."
False,flame,made,"Two hearts entwined, a promise in the flame,","A pledge forged in love, by time they're made."
False,deep,eye,"Heart pounds like thunder in a silence deep,",Silent as the storm that waits in heaven's eye.
False,can,cry,Thunder speaks where no one can.,Wind howls through the hills in a haunting cry.
False,speak,grows,"In shadowed tongues truth oft must cloak to speak,",The heart's true light through silence grows.
True,play,sway,"Beneath the canopy where ancient shadows play,",Whispers of the past in twilight's gentle sway.
False,power,dies,"Chains may clank in the shadow of power,",Yet freedom's a flame that never dies.
False,speaks,found,"In shadowed corners where silence speaks,",A whispered tale of lost and found.
False,scars,still,Flawless edges hint at scars.,"Marked by grace, the wound is still."
False,flight,sky,"Beneath the stars where hopes take flight,",A dreamer's heart can reach the sky.
False,sun,tone,"Two hearts entwined, through shadows and sun,","Whispers of love in silent, soft tone."
False,thrives,time,"In tangled roots, a shared heartbeat thrives.","A silent song, entwined in time."
