Rhymes,Last_Word_1,Last_Word_2,First_Line,Second_Line,Raw_Second
True,light,night,Golden echoes drift like dust through yesterday's dim light.,Whispers of time slip silently from the night.,Whispers of time slip silently from the night.
False,soul,known,"I wandered shadows seeking light in the mirror of my soul,",A whispered truth emerged from the silence I'd known.,A whispered truth emerged from the silence I'd known.
False,weeps,dream,"In shadows deep where silence weeps,",echoes of a forgotten dream.,echoes of a forgotten dream.
False,remains,time,"In the quiet of the soul, a light divine remains.",A whispered promise in the breath of time.,A whispered promise in the breath of time.
False,time,spine,"Sweet whispers dance on tongues of time,",Eternity's breath hums in the spine.,Eternity's breath hums in the spine.
True,dissolves,evolves,"With each year, the childhood veil dissolves,",A fleeting shadow of wonder evolves.,A fleeting shadow of wonder evolves.
True,time,climb,Whispers of dusk linger on the lips of time.,A silent hymn to the stars begins to climb.,A silent hymn to the stars begins to climb.
True,soar,evermore,"Though flesh may fade and time may soar,","the heart remains, a flame evermore.","the heart remains, a flame evermore."
False,past,mist,"The drums of time beat echoes of the past,",A whisper of fate fades into the mist.,A whisper of fate fades into the mist.
True,might,light,"Though empires rise on whispers of might,",they crumble to dust in the dawn's quiet light.,they crumble to dust in the dawn's quiet light.
True,dreams,screams,"Guns awaken the earth like a curse from her dreams,",A silent war echoes in the trees' ancient screams.,A silent war echoes in the trees' ancient screams.
True,stone,moan,"I wander shadowed halls of silent stone,",where echoes of the past still softly moan,where echoes of the past still softly moan
True,bloom,doom,"Two hearts entwined where promises bloom,",A single soul walks through the shadows of doom.,A single soul walks through the shadows of doom.
False,grit,trust,"Through vows entwined, two hearts commit, one journey built on love and grit.","A lifetime's flame, through seasons tested, burns with steadfast, tender trust.","Through vows entwined, two hearts commit, one journey built on love and grit.  
A lifetime's flame, through seasons tested, burns with steadfast, tender trust."
False,trees,face,"Laughter echoes soft as the breeze through old trees,",A smile dances light on the twilight's serene face.,A smile dances light on the twilight's serene face.
False,despair,stir,"In the shadow of the night, hope whispers to despair.",A fragile flame begins to stir.,A fragile flame begins to stir.
False,name,embrace,"A hearth that glows where the heart finds its name,",And shadows dance in the fire's embrace.,And shadows dance in the fire's embrace.
False,dies,sigh,"In trembling hands, the storm both swells and dies.",A whisper of hope in the thunder's wise sigh.,A whisper of hope in the thunder's wise sigh.
True,time,sublime,"Though flesh may fade and tombs may rust with time,",yet memory keeps the soul sublime.,yet memory keeps the soul sublime.
False,soil,tell,"Roots buried deep in ancient soil,",Whispers of forgotten stories tell.,Whispers of forgotten stories tell.
True,kneel,seal,"In shadow’s clutch, the strongest will may kneel.",A whisper of the dawn may break the seal.,A whisper of the dawn may break the seal.
False,unseen,gleam,"In strokes of light and whispers unseen,",the dawn begins to softly gleam.,the dawn begins to softly gleam.
False,sigh,white,"Whispers of winter melt to spring's soft sigh,",Blossoms paint the world in gentle white.,Blossoms paint the world in gentle white.
True,years,tears,"I stepped through the veil of shadowed years,",to find the light in silent tears.,to find the light in silent tears.
True,dawn,pawn,"Whispers curl like shadows at dawn,",A silent hush holds the world in its pawn.,A silent hush holds the world in its pawn.
True,grey,day,"Beneath a sky that shifts from blue to grey,",The wind whispers secrets of the day.,The wind whispers secrets of the day.
False,belong,halls,"Where echoes of laughter dwell, I am not lost among the walls—I belong.",I am the whisper in the halls.,I am the whisper in the halls.
True,entwine,line,"On tongues of time, flavors entwine,",A symphony of seasons in every line.,A symphony of seasons in every line.
True,pray,day,"In whispers of dawn, the soul begins to pray.",A silent hymn to the light of day.,"In whispers of dawn, the soul begins to pray.  
A silent hymn to the light of day."
False,breast,deep,"Shadows whisper secrets loud in trembling breast,",echoes haunt the silent forest deep.,echoes haunt the silent forest deep.
True,sweep,keep,"Two hearts entwined through time’s unyielding sweep,","A single soul in endless, tender keep.","A single soul in endless, tender keep."
False,spun,grin,"Whispers of the hearth where the heart’s threads are spun,",A firelight hymn beneath the old moon's grin.,A firelight hymn beneath the old moon's grin.
False,untamed,unnamed,"Clenched jaws whisper storms of rage untamed,","eyes hold the tempest, unspoken, unnamed.","eyes hold the tempest, unspoken, unnamed."
True,rise,skies,"Love is the flame that gentle does rise,",Through silent nights and endless skies.,Through silent nights and endless skies.
True,stayed,made,"Fury burns where calm once stayed,",A storm now reigns where peace was made.,A storm now reigns where peace was made.
False,halls,call,"Justice weeps in shadowed halls,",A silent plea no voice can call.,A silent plea no voice can call.
False,play,haze,"Neon hums where tall shadows play,",A silver moon climbs through the haze.,A silver moon climbs through the haze.
False,maze,stay,Whispers coil like shadows in the mind’s tight maze.,Echoes dance where silent thoughts dare to stay.,Echoes dance where silent thoughts dare to stay.
True,night,bright,"Anger boils like storm in night,",A tempest raging wild and bright.,A tempest raging wild and bright.
True,disguise,sighs,"Whispers cloaked in honeyed lies, the blade of betrayal still gleams in trust’s disguise.","The heart, once loyal, now betrays with silent sighs.","The heart, once loyal, now betrays with silent sighs."
True,tight,light,"Whispers coil like shadows, cold and tight,",embracing silence in the fading light.,embracing silence in the fading light.
True,gray,day,"Like sunlight breaking through the clouds of gray,",Hope begins to shine in the darkest day.,Hope begins to shine in the darkest day.
False,bleeds,dreams,"In shadowed silence, time's hourglass bleeds,",golden grains fall like forgotten dreams.,golden grains fall like forgotten dreams.
False,told,wind,"Autumn's breath turns leaves to gold, a whispered story told.",Crimson whispers dance upon the wind.,Crimson whispers dance upon the wind.
False,bright,lullaby,"The shadows stretch where laughter once was bright,",Silent echoes hum a lullaby.,Silent echoes hum a lullaby.
False,embrace,light,"Beneath the canvas of twilight's embrace,",Stalls whisper secrets to the fading light.,Stalls whisper secrets to the fading light.
True,might,night,"In the shadow's grip, a fragile light whispers of tomorrow's might.",A silent hope dares to rise from the night.,A silent hope dares to rise from the night.
False,trod,unsung,"Winds whisper secrets of roads yet to be trod,",Mountains hold the echoes of paths left unsung.,Mountains hold the echoes of paths left unsung.
True,embrace,trace,Stars map my longing in the heavens’ sly embrace.,A silent vow is written in the night's soft trace.,A silent vow is written in the night's soft trace.
True,sown,known,"In the mirror of time, I trace the shadow I’ve sown.",I walk through the echoes of a life I’ve never known.,I walk through the echoes of a life I’ve never known.
True,creed,need,"In whispers of light, the soul finds its creed,",A silent hymn in the heart's quiet need.,A silent hymn in the heart's quiet need.
False,clung,sky,"Freedom soars where chains once clung,",Hope ignites the boundless sky.,Hope ignites the boundless sky.
False,deepest,breeze,A hand clasped in thine can also cut the deepest.,A heart torn asunder by the weight of the breeze.,A heart torn asunder by the weight of the breeze.
True,noon,croon,The reaper’s shadow lengthens with the noon.,A whisper of autumn stirs the croon.,A whisper of autumn stirs the croon.
False,way,refrain,"Blossoms bloom where laughter finds its way,",A melody of springtime's sweet refrain.,A melody of springtime's sweet refrain.
True,years,appears,"Threads of love woven through the years,",A tapestry of memories appears.,A tapestry of memories appears.
False,control,unwhole,"Winds of liberty whisper through chains of control,","A chorus of voices rises, unbound and unwhole.","A chorus of voices rises, unbound and unwhole."
True,sing,wing,Whispers of velvet and hues that sing—,A symphony of shadows in twilight's wing.,A symphony of shadows in twilight's wing.
True,die,sigh,A shadow fades where the flame won’t die.,A whisper hums through the embers' sigh.,A whisper hums through the embers' sigh.
True,dance,trance,"Whispers through the grass where the wild things dance,",The moonlight bends in a silent trance.,The moonlight bends in a silent trance.
False,sea,between,"A bond unspoken, yet deep as the sea,",Whispers of trust in the silence between.,"A bond unspoken, yet deep as the sea,  
Whispers of trust in the silence between."
True,embrace,grace,"Whispers of winter melt into the bloom of spring’s embrace,",blossoms paint the world in hues of gentle grace.,blossoms paint the world in hues of gentle grace.
False,breath,teach,"In every flaw, a whisper of perfection's breath,",A hidden grace that only light can teach.,A hidden grace that only light can teach.
False,toll,toll,"Beneath the mask that cloaks the soul, the mirror cracks with whispered toll.","The reflection fades, a silent toll.","The reflection fades, a silent toll."
False,dreamed,light,"Brushstrokes whisper where the soul once dreamed,",Crimson echoes in the fading light.,Crimson echoes in the fading light.
True,light,flight,"In the dance of flaw and flawless light,",we find the soul's uncharted flight.,we find the soul's uncharted flight.
True,embrace,grace,"Whispers of wind through the ancient oak's embrace,",A secret song carried on the breeze's grace.,A secret song carried on the breeze's grace.
True,creep,deep,"In mirrored shades where shadow dares to creep,",The silent night holds breath in trembling deep.,The silent night holds breath in trembling deep.
True,skies,sighs,"When whispered vows turn cold as winter skies,",Love's flame dims to a memory of sighs.,Love's flame dims to a memory of sighs.
True,song,belong,"In the rhythm of shared breath, hearts weave a single song.","A dance of souls, where echoes belong.","A dance of souls, where echoes belong."
False,ascends,mend,"In brushstrokes of dawn, wild imagination ascends.","A symphony of light, the world begins to mend.","A symphony of light, the world begins to mend."
False,stone,bones,"Like thunder chained to silent stone,",it thunders in the hollow bones.,it thunders in the hollow bones.
True,glow,snow,"A flawless sphere, yet marred by its glow,",A fleeting light that fades into snow.,A fleeting light that fades into snow.
False,stirs,stir,"In the hush between breaths, the sacred stirs,",A silent hymn begins to stir.,A silent hymn begins to stir.
False,gaze,sway,Whispers of wild hearts beat beneath the moon's gentle gaze.,Secrets bloom where shadows dance in silent sway.,Secrets bloom where shadows dance in silent sway.
False,passed,glass,"A heartbeat hums where light once passed,",A shadow dances on the glass.,A shadow dances on the glass.
False,unknown,unfold,"Colors whisper tales in hues once unknown,",A symphony of light begins to unfold.,A symphony of light begins to unfold.
False,sing,design,"In shadowed chains, the spirit dares to sing,",A rebel hymn against the night's design.,A rebel hymn against the night's design.
False,deceit,belief,A whispered vow can fracture like glass beneath the heel of deceit.,"A silent heart can shatter, unbound by the weight of belief.","A silent heart can shatter, unbound by the weight of belief."
True,storm,form,"It blooms in whispers, not in storm.",A silent hymn to twilight's form.,A silent hymn to twilight's form.
False,stayed,tread,"I walked through the shadows where childhood once stayed,",Now lost in the echoes of time's lingering tread.,Now lost in the echoes of time's lingering tread.
False,trees,agree,"Whispers of winds through ancient green trees,",A symphony of leaves in silent agree.,A symphony of leaves in silent agree.
False,time,night,Whispers of yesterday dance on the winds of time.,Ephemeral memories drift like fireflies in night.,Ephemeral memories drift like fireflies in night.
False,one,thread,"Together we rise, woven as one,",unbreakable in every thread.,unbreakable in every thread.
False,yore,sewn,"Time’s tapestry threads with echoes of yore,",Whispers of futures yet to be sewn.,Whispers of futures yet to be sewn.
False,halls,hold,"Justice weeps in shadowed halls,",A whisper of truth too vast to hold.,A whisper of truth too vast to hold.
False,played,light,Laughter echoes down the lane where sunlit days once played.,Murmurs of joy still dance in the fading light.,Murmurs of joy still dance in the fading light.
True,stream,dream,"The hours drift like autumn leaves in twilight’s gentle stream,",A whisper of dusk caresses the silent dream.,A whisper of dusk caresses the silent dream.
True,sun,one,"The road unwinds its thread through mist and sun,",A whisper of footsteps hums beneath the one.,A whisper of footsteps hums beneath the one.
False,unchained,reign,"Brushstrokes of wonder bloom in minds unchained,",Ideas ignite where silence dares to reign.,Ideas ignite where silence dares to reign.
False,diverge,love,"Through shared beginnings and paths that diverge,",We find our souls in the echoes of love.,We find our souls in the echoes of love.
False,light,fade,"In shadows deep where hope once danced with light,",Now silence hums where dreams began to fade.,Now silence hums where dreams began to fade.
False,rage,yesterday,"In shadow's grip, cannon-light whispers of rage,",The earth remembers the thunder of yesterday.,The earth remembers the thunder of yesterday.
False,sown,home,"In laughter’s glow, where trust is sown,",the heart finds home.,the heart finds home.
True,collide,pride,"Voices echo, yet no hearts collide,",echoes fade in silent pride.,echoes fade in silent pride.
False,bloomed,refrain,"Though shadows stretch where light once bloomed,",the silent stars still hum their old refrain.,the silent stars still hum their old refrain.
False,meet,sleep,"In the shadowed heart where two winds meet,",they whisper secrets lost to sleep.,they whisper secrets lost to sleep.
True,play,way,"Beneath the silence where whispers used to play,",The shadows dance in a forgotten way.,The shadows dance in a forgotten way.
True,flame,claim,"With trembling hands, I reach to light the flame,",The shadows dance as hope begins to claim.,The shadows dance as hope begins to claim.
False,made,tide,"Two hearts entwined, a promise made,",A vow to weather every tide.,A vow to weather every tide.
False,exhale,prayer,"In twilight’s hush, where hearts exhale,",silence weaves a thread of prayer.,silence weaves a thread of prayer.
False,name,pain,The shadows whisper threats they cannot name.,The wind hums lullabies in a language of pain.,The wind hums lullabies in a language of pain.
False,skies,breeze,Silhouettes of solitude etched deep in vacant skies.,Whispers of forgotten dreams drift on the breeze.,Whispers of forgotten dreams drift on the breeze.
False,bloomed,home,Shadows fall where once your laughter bloomed.,A hush now guards the hollowed home.,A hush now guards the hollowed home.
False,by,time,"Footprints in the dust of days gone by,",whispers of memories lost to time.,whispers of memories lost to time.
False,age,pledge,"The reaper whispers soft through every age,",He treads the path where shadows dare to pledge.,He treads the path where shadows dare to pledge.
False,streams,breeze,"Amidst the buzz of concrete dreams, the country’s clockwork hums in rural streams.",A forgotten hymn drifts through the trees in silvered whispers of the breeze.,A forgotten hymn drifts through the trees in silvered whispers of the breeze.
False,root,flight,"Two hearts entwined where vows take root,","In silent dawn, their love takes flight.","In silent dawn, their love takes flight."
True,abyss,kiss,"In the shadows, whispers rise—half angel, half abyss.","A breath of dawn, a ghostly kiss.","A breath of dawn, a ghostly kiss."
False,was,air,Whispers of absence haunt the hollows where their laughter once was.,Echoes of silence now linger in the air.,Echoes of silence now linger in the air.
False,unjust,hide,"The scales of justice tremble with truth, while shadows feast on the cries of the unjust.","The dawn breaks slow, but the guilty still hide.","The dawn breaks slow, but the guilty still hide."
True,roar,pore,"The thunder in his chest begins to roar,",A storm of fury stirs in every pore.,A storm of fury stirs in every pore.
False,breathe,meet,"In the hush between heartbeats, love begins to breathe.",A silent dawn where whispered dreams can meet.,A silent dawn where whispered dreams can meet.
False,breath,sleep,"Whispers of spring in the thawing snow's breath,",A tender green breaks through the earth's cold sleep.,A tender green breaks through the earth's cold sleep.
False,time,skin,"The elder chants as clocks devour time,",the moon bleeds silver through the trees' pale skin.,the moon bleeds silver through the trees' pale skin.
False,stone,bones,"Roots whispered in stories older than stone,",beneath the weight of forgotten bones.,beneath the weight of forgotten bones.
False,dwell,trees,"Silent nights where echoes dwell,",whispers weave through ancient trees.,whispers weave through ancient trees.
False,breeze,descend,"Amber whispers brush the breeze,",golden threads of dusk descend.,golden threads of dusk descend.
True,trees,breeze,"Autumn's breath whispers through the trees,",golden leaves dance on the breeze.,golden leaves dance on the breeze.
False,breathe,heat,"Neon hums where high-rises breathe,",shadowed alleys hum with heat.,shadowed alleys hum with heat.
False,time,shine,"Pack the sunrise in your pocket, let the roads unwind like time.",And chase the horizon where the stars still shine.,And chase the horizon where the stars still shine.
True,home,roam,"Love is the fire that warms both heart and home,",light that guides through every roam.,light that guides through every roam.
True,unbroken,spoken,"Thunder roars, but chains remain unbroken—",A silent vow in the dark is spoken.,A silent vow in the dark is spoken.
False,unseen,dreamed,"Winds whisper tales of roads unseen,",Mountains guard the paths that dreams have dreamed.,Mountains guard the paths that dreams have dreamed.
True,rise,skies,"In the quiet dawn, where prayers and petals rise,",The sun breaks through the veil of morning skies.,The sun breaks through the veil of morning skies.
False,fate,stars,"A bond untouched by time or fate,",Forged in the silent spaces between stars.,Forged in the silent spaces between stars.
True,creep,keep,"Whispers of dread in the silence they creep,",shadows stretch where the light dared to keep.,shadows stretch where the light dared to keep.
False,speak,flight,"In twilight's hush, where shadows dare to speak,",whispers of forgotten dreams take flight.,whispers of forgotten dreams take flight.
True,flight,night,"In starlit whispers, my hopes take flight,",A silent dream beneath the night.,A silent dream beneath the night.
False,embrace,past,"The road unfolds like whispered dreams in dawn's embrace,",A silent path through shadows of the past.,A silent path through shadows of the past.
False,green,trees,The earth whispers tales through rustling green.,The wind carries songs of ancient trees.,The wind carries songs of ancient trees.
False,night,dark,"In shadows cast by city lights, a thousand souls feel night.",A silent scream is heard in the dark.,A silent scream is heard in the dark.
False,light,gold,"Beneath the brush of dawn’s soft light,",The world exhales in hues of gold.,The world exhales in hues of gold.
False,old,light,"The hush of time whispers tales of the old,",ghosts dancing in the fading light.,ghosts dancing in the fading light.
False,blend,flight,"In the quiet space where heartbeats blend,",whispers of the soul take flight.,whispers of the soul take flight.
False,dance,stones,"Whispers of the past linger where old shadows dance,",Time's silent hands have brushed the dust from ancient stones.,Time's silent hands have brushed the dust from ancient stones.
True,fast,past,"Through storms of time, our roots hold fast,",beneath the weight of countless past.,beneath the weight of countless past.
False,storm,unbound,"Amid the throng, a silent storm.","A shadow dances, unbound.","A shadow dances, unbound."
True,flow,below,"Whispers of winds through ancient tree songs flow,",Echoes of time in rustling leaves below.,Echoes of time in rustling leaves below.
True,thread,ahead,"Whispers of crimson, symphonies in every thread,",A tapestry of shadows weaving dreams ahead.,A tapestry of shadows weaving dreams ahead.
True,weaves,leaves,"In laughter's wake, where memory weaves,",A silent song beneath the leaves.,A silent song beneath the leaves.
False,fall,dawn,"Winds of freedom whisper where chains forgot to fall,",Hope ignites the silent dawn.,Hope ignites the silent dawn.
True,strings,sings,"The scales of justice sway on trembling strings,",A whisper of truth in the wind's soft sings.,A whisper of truth in the wind's soft sings.
False,soft,sorrow,"In hues that hum and silence rustles soft,",the moonlight spills its silver sorrow.,the moonlight spills its silver sorrow.
False,hush,dusk,"In the golden glow of dusk, I chase the echoes of summer's hush,",I wander through the shadows where the fireflies dance in the dusk.,I wander through the shadows where the fireflies dance in the dusk.
False,skies,true,"Together we rise, bound by more than shared skies,","A single heartbeat, steady and true.","A single heartbeat, steady and true."
False,resided,heart,"Whispers vanish in the hollows where connection once resided,",echoes linger in the silence of a fractured heart.,echoes linger in the silence of a fractured heart.
True,meet,sheet,"Joy dances bright where kind hearts meet,",Light spills like stars in laughter's sheet.,Light spills like stars in laughter's sheet.
True,sing,cling,"In whispers of time, our deeds still sing—",Echoes of love through the ages cling.,Echoes of love through the ages cling.
True,new,anew,"Like morning dew on petals soft and new,",Shines the light of hope anew.,Shines the light of hope anew.
True,night,fight,"Wings of dawn clash with iron night,",A battle hymn rises in the fight.,A battle hymn rises in the fight.
False,flame,flame,Brushstrokes weave the silent song of imagination’s flame.,"A tapestry of dreams takes flight in boundless, whispered flame.","A tapestry of dreams takes flight in boundless, whispered flame."
True,breeze,trees,"Whispers of the past dance on the breeze,",A fleeting echo in the trees.,A fleeting echo in the trees.
False,flame,dawn,"In youth's tender bloom, my heart first knew the name of flame.","A whisper of dusk, a breath that shaped the dawn.","In youth's tender bloom, my heart first knew the name of flame.  
A whisper of dusk, a breath that shaped the dawn."
False,grows,snow,"Beneath the mask, a whisper grows—",a secret long buried in snow.,a secret long buried in snow.
False,shadow,speak,"Beneath sweet lies, the truth often weeps in shadow.",A silent scream is all that truth can speak.,A silent scream is all that truth can speak.
True,true,undo,"Two hearts entwined, a vow so true,",A love that time cannot undo.,A love that time cannot undo.
False,tears,morn,"A tapestry woven in laughter and tears,",Threads of memory stitch the night to the morn.,"A tapestry woven in laughter and tears,  
Threads of memory stitch the night to the morn."
True,day,gray,"Like shadows at the close of day,",we fade into the quiet gray.,we fade into the quiet gray.
True,embrace,grace,"Whispers of wind through the emerald embrace,",A symphony of rustling leaves in grace.,A symphony of rustling leaves in grace.
True,play,ray,"Whispers of absence haunt the halls where laughter used to play,",Echoes of silence linger in the pale moon's ray.,Echoes of silence linger in the pale moon's ray.
False,stirs,stars,"Beneath the mask, the true self stirs,",A silent scream beneath the stars.,A silent scream beneath the stars.
False,tread,wings,"Colors whisper secrets where wild imaginations tread,",Dreams take flight on silent wings.,Dreams take flight on silent wings.
True,weeps,sleeps,"A hollow vow where silence weeps,",ECHOES OF A SOUL THAT NEVER SLEEPS.,"A hollow vow where silence weeps,  
ECHOES OF A SOUL THAT NEVER SLEEPS."
False,cling,gleam,"In shadows cast by screens we cling,",seeking light in pixels' gleam.,seeking light in pixels' gleam.
True,dance,trance,"Wander the roads where old shadows dance,",through forgotten lands where time has trance.,through forgotten lands where time has trance.
False,unseen,throne,"In shadows crowned, the weak wear might unseen,",A crown of thorns binds fate to throne.,A crown of thorns binds fate to throne.
False,speak,deep,"In the quiet heartbeat where the stars dare speak,",whispers of the universe break the deep.,whispers of the universe break the deep.
False,grew,be,"Smoke ascends where silent dreams once grew,",A whisper fades where echoes used to be.,A whisper fades where echoes used to be.
False,light,rise,"Roots tangled in ancient soil, yet branches stretch toward tomorrow's light,",blossoming with the courage to rise.,blossoming with the courage to rise.
True,lies,eyes,"In shadows cast by silver lies,",the moonlight weaves its silent eyes.,the moonlight weaves its silent eyes.
True,dance,trance,"In whispered groves where the wild things dance,",the moonlight weaves a silver trance.,the moonlight weaves a silver trance.
False,desire,night,"City lights hum with restless desire,",Street corners whisper secrets in the night.,Street corners whisper secrets in the night.
True,thread,shed,"Time weaves its wisdom, thread by silent thread.","A tapestry of moments, softly shed.","A tapestry of moments, softly shed."
False,wood,mood,"Whispers of winds through the ancient wood,",Echoes of time in a silent mood.,Echoes of time in a silent mood.
False,glow,grass,"By the sandbox where the fireflies glow,",the moonlight dances on the grass.,the moonlight dances on the grass.
False,clink,sun,"Winds of freedom whisper where chains dare not clink,",Hope ignites the embers of a rising sun.,Hope ignites the embers of a rising sun.
False,from,seen,"The hearth’s faint breath speaks tales of where I came from,",embers whisper songs of lands I’ve never seen.,embers whisper songs of lands I’ve never seen.
False,wide,described,"Beneath the map's edge, the unknown beckons soft and wide,",A whisper of mysteries yet to be mapped and described.,A whisper of mysteries yet to be mapped and described.
True,fire,aspire,"A heartbeat’s whisper, a soul’s soft fire,","burns through the silence, a promise to aspire.","burns through the silence, a promise to aspire."
False,dew,blood,"Beneath a handshake, a dagger gleams with dew.",A silent vow is carved in blood.,A silent vow is carved in blood.
True,spring,cling,"Whispers of winter kiss the thawing spring,",A fragile hope begins to cling.,A fragile hope begins to cling.
True,track,crack,"The sun spills gold on laughter's tender track,",A whisper of dusk begins to crack.,A whisper of dusk begins to crack.
False,spin,mind,"A silent tear on truth's tightrope spin,",the weight of shadows bends the mind.,"A silent tear on truth's tightrope spin,  
the weight of shadows bends the mind."
True,ignites,nights,"In starlit whispers, my heart ignites,",A blaze of constellations in endless nights.,A blaze of constellations in endless nights.
True,air,there,"Amidst the swirl of hues and whispered air,",A symphony of shadows dances there.,A symphony of shadows dances there.
True,light,flight,"Beneath soft lies, the truth wears a cloak of light,",illuminating the shadows with silent flight.,illuminating the shadows with silent flight.
True,flight,light,"Two hearts entwined where the vows take flight,",A single soul in the twilight's light.,A single soul in the twilight's light.
True,air,there,"A laughter rings where sunshine stirs the air,",A melody of joy that lingers there.,A melody of joy that lingers there.
True,flight,night,"In whispered hearts where silent dreams take flight,",Ethereal shadows dance in moonlit night.,Ethereal shadows dance in moonlit night.
True,light,night,"A breath too brief, a shadow that swallows the light,",fades into the hush of endless night.,fades into the hush of endless night.
True,pressed,confessed,"In shadowed hands, the torch of might is pressed,",A whisper dies where empires are confessed.,A whisper dies where empires are confessed.
True,time,sublime,"A bond unspoken, yet stronger than time,","woven in silence, it binds us sublime.","woven in silence, it binds us sublime."
True,youth,truth,Seconds whisper through the cracks of youth.,Time dances on the edge of truth.,Time dances on the edge of truth.
False,roam,tone,"Whispers weave through the woods where wild hearts roam,",Echoes dance on the breeze in a silent tone.,Echoes dance on the breeze in a silent tone.
True,trees,breeze,"Whispers of wind through the emerald trees,",Paint the dusk with a painter's breeze.,Paint the dusk with a painter's breeze.
False,light,nights,"In the attic of my heart, old shadows dance with light,",A silent melody of forgotten nights.,A silent melody of forgotten nights.
True,shines,lines,"In flawless cracks, the beauty truly shines.",A thousand stories whispered through the lines.,A thousand stories whispered through the lines.
True,tree,free,"Beneath the boughs of time’s slow-swaying tree,",whispers of forgotten dreams dance free.,whispers of forgotten dreams dance free.
False,breathe,free,"Beneath the skin, a story waits to breathe,","A whisper of the soul, unseen and free.","A whisper of the soul, unseen and free."
False,hour,born,"Beneath the sun’s first golden hour,",whispers of the world are born.,whispers of the world are born.
False,storm,dark,The scales of heaven waver in the storm.,"The stars below are silent, lost in the dark.","The stars below are silent, lost in the dark."
True,trees,breeze,"The morning sun spills gold through trees,",A whisper of dawn begins to breeze.,A whisper of dawn begins to breeze.
False,sings,unseen,"In the woven threads of many, one heartbeat gently sings.","A single pulse echoes through the vast, unseen.","A single pulse echoes through the vast, unseen."
True,conspire,desire,"In the silent chasm where shadows conspire,",A whisper of dread stirs the ancient desire.,A whisper of dread stirs the ancient desire.
True,days,ways,"The clock’s soft breath stirs dust of bygone days,",whispers of time's unspoken ways.,whispers of time's unspoken ways.
True,cold,hold,"When silence speaks, the heart turns cold,","A whisper fades, and shadows hold.","A whisper fades, and shadows hold."
True,fade,shade,"In shadows where sweet promises fade,",whispers of love still linger in the shade.,whispers of love still linger in the shade.
False,ignite,eclipse,"Though flesh may fade, the deeds we do ignite…",...a flame that time cannot eclipse.,...a flame that time cannot eclipse.
True,embrace,grace,"Colors weep from silent canvases, whispers take form in clay’s embrace,",fragments of light dance in the shadow's grace.,fragments of light dance in the shadow's grace.
False,youth,flaw,"Time stitches wrinkles in the cloth of youth,",A thread of memory runs through each flaw.,A thread of memory runs through each flaw.
False,played,gray,"Each year etches wisdom where youthful days once played,",Time weaves its tapestry with threads of gray.,Time weaves its tapestry with threads of gray.
True,days,haze,"Whispers of the dusk that shadows all our days,",fade like dreams in morning's gentle haze.,fade like dreams in morning's gentle haze.
False,unseen,dream,"Brushstrokes of thought on canvases unseen,","Whispers of time in silent, fading dream.","Whispers of time in silent, fading dream."
False,weave,breath,"A fragile thread through shadow's weave,",whispers of dawn in twilight's breath.,"A fragile thread through shadow's weave,  
whispers of dawn in twilight's breath."
False,thrived,expired,"Whispers fade where connection once thrived,",Silent echoes of a love that expired.,Silent echoes of a love that expired.
False,dear,air,"When shadows steal the ones we held so dear,",The world grows silent in the hollow air.,The world grows silent in the hollow air.
True,see,me,"A mirror cracks, and in the shards I see—","—a thousand faces, none like me.","—a thousand faces, none like me."
True,sleep,leap,"Whispers of spring thaw the earth from her sleep,",petals dance on the breeze with a gentle leap.,petals dance on the breeze with a gentle leap.
False,gate,name,"With timid steps through the shadowed gate,",I hear the echo of a forgotten name.,I hear the echo of a forgotten name.
True,rhyme,time,"Whispers of wind weave through earth’s old rhyme,",A symphony of silence hums in time.,A symphony of silence hums in time.
True,eye,sky,"Beneath the moon’s cold, watchful eye,",The stars whisper secrets to the sky.,The stars whisper secrets to the sky.
True,halls,walls,"Candy wrappers rustled like whispers in the halls,",of secrets long forgotten by the walls.,of secrets long forgotten by the walls.
False,name,played,"In the rhythm of shared hearts, we find our name.",A dance of souls where love is drawn and played.,"In the rhythm of shared hearts, we find our name.  
A dance of souls where love is drawn and played."
False,glass,cast,"Names etched in time’s slow turning glass,",Echoes of laughter through the ages cast.,Echoes of laughter through the ages cast.
False,tone,song,"In whispers clad in velvet tone,",The night unfolds its secret song.,The night unfolds its secret song.
False,breathed,wept,"The cannons roared where silent fields once breathed,",A shadow danced where the war cries wept.,A shadow danced where the war cries wept.
True,dark,bark,"When your heart first whispers a name in the dark,",it stirs the stars to dance along the bark.,it stirs the stars to dance along the bark.
True,throes,rose,"The spark of rage ignites in silent throes,",A storm of fury brews beneath the rose.,A storm of fury brews beneath the rose.
False,undone,forgotten,"A crown of shadows, a whisper undone,",A silent throne where the lost are never forgotten.,"A crown of shadows, a whisper undone,  
A silent throne where the lost are never forgotten."
False,fade,unchained,"In the mirror of the soul, a thousand faces fade,",A single truth remains unchained.,A single truth remains unchained.
False,free,breeze,"Love blooms like dawn in the hearts it sets free,",Where whispered hopes take flight in the breeze.,Where whispered hopes take flight in the breeze.
False,dust,truth,Whispers of the ageless few echo through the halls of dust.,"A tapestry of shadows weaves the silent, forgotten truth.","A tapestry of shadows weaves the silent, forgotten truth."
False,new,tune,"Roots carved in stories, ancient and new,",branches echo in the wind's low tune.,branches echo in the wind's low tune.
False,air,stared,Echoes of laughter fade in distant air.,A hush now falls where joy once stirred and stared.,A hush now falls where joy once stirred and stared.
False,free,play,"Through whispering woods where wild dreams run free,",the moonlight traces paths where shadows play.,the moonlight traces paths where shadows play.
False,code,old,"Old hands pass down the flame, but new hands shape its code.",New minds rewrite the old.,New minds rewrite the old.
False,breath,tread,"Whispers of dread in the quietest breath,",A shadowed path where no light dares tread.,A shadowed path where no light dares tread.
True,change,range,"Anchors of old in tidal streams of change,",Guardians of time through shifting waves they range.,Guardians of time through shifting waves they range.
False,unread,word,"With trembling hands, I trace the years unread,",A silent grief has buried every word.,A silent grief has buried every word.
False,gone,honed,"Candlelit echoes of eras long gone,",whisper through the shadows where the old dreams are honed.,whisper through the shadows where the old dreams are honed.
True,play,ballet,"In whispered woods where shadows play,",The moonlight weaves a silent ballet.,The moonlight weaves a silent ballet.
False,light,confined,"A flawless vase, still cracked within, a shadow draped in light.","A whisper of the past, unbroken yet confined.","A whisper of the past, unbroken yet confined."
False,ahead,fade,"Wings of dawn stir softly, whispering of roads ahead,",dreams take flight where shadows fade.,dreams take flight where shadows fade.
False,reside,flies,"A hearth's warm glow where whispered memories reside,",Echoes of laughter linger in the smoke that curls and flies.,"A hearth's warm glow where whispered memories reside,  
Echoes of laughter linger in the smoke that curls and flies."
False,tread,light,"In twilight's hush, hope and despair softly tread,",A silent dance where shadows blend with light.,A silent dance where shadows blend with light.
False,wind,grin,"Whispers of the grave dance on the wind,",A ghostly waltz beneath the moon's pale grin.,A ghostly waltz beneath the moon's pale grin.
False,breeze,leads,"When laughter dances on the breeze,",A melody of joy it leads.,A melody of joy it leads.
True,die,fly,"My name may fade, but my spirit's song will never die—",echoing through the stars where the lost and lonely fly.,echoing through the stars where the lost and lonely fly.
False,began,land,"A hearth’s glow whispers, *“Here, you are where your story began.”*","Roots entwine in embers, timeless as the land.","Roots entwine in embers, timeless as the land."
False,intervene,veil,"Shells light the night where no stars intervene,",The moon whispers secrets through the sea’s veil.,The moon whispers secrets through the sea’s veil.
True,fade,made,"In shadowed halls where whispers fade,",echoes of a love once made.,echoes of a love once made.
False,behind,devoured,"Time etches wisdom in the lines it leaves behind,",A silent testament to the hours it has devoured.,A silent testament to the hours it has devoured.
False,veins,restraint,"My temper burns like fire, a tempest in my veins,",A storm that rages through the night with no restraint.,A storm that rages through the night with no restraint.
True,bread,tread,"The whisper of butter on fire-kissed bread,",A memory of warmth in the morning's soft tread.,A memory of warmth in the morning's soft tread.
True,goodbyes,sighs,"Through whispered lullabies and silent goodbyes,","the moonlight weaves its silver, fleeting sighs.","the moonlight weaves its silver, fleeting sighs."
False,gone,fence,Candy wrappers crinkled in the sunbeams of summers long gone.,Barefoot laughter echoed through the old wooden fence.,Barefoot laughter echoed through the old wooden fence.
False,blade,pine,"In the shadow of a silent promise, a dagger whets its blade.",A whisper echoes through the hollowed pine.,A whisper echoes through the hollowed pine.
True,trees,breeze,"Whispers of the wild through ancient trees,",dance with shadows in the moonlit breeze.,dance with shadows in the moonlit breeze.
False,wing,brings,"In silent prayers, the soul takes wing,",through shadows to the light it brings.,through shadows to the light it brings.
True,unnamed,claimed,"Beneath the skin, a story stirs unnamed,",A silent echo of a life once claimed.,A silent echo of a life once claimed.
False,abandonment,grace,"In tangled strokes and whispered hues, the soul finds voice in wild abandonment.",The canvas breathes with unbridled grace.,The canvas breathes with unbridled grace.
False,roam,unknown,"Beneath the moon where wild things roam,",The stars whisper secrets yet unknown.,The stars whisper secrets yet unknown.
False,storm,night,"My fists beat time to a simmering storm,",I ride the wind through the silent night.,I ride the wind through the silent night.
True,might,night,"Thunder roars in chains of might,",Lightning splits the night.,Lightning splits the night.
True,old,told,"Like echoes in a hall of old,",whispers of a tale long told.,whispers of a tale long told.
True,dance,trance,Brushstrokes of thought where imaginations dance.,A symphony of dreams in silent trance.,A symphony of dreams in silent trance.
True,claim,flame,"I carve my name in bone and flame, défier of the silent claim.","I carve my name in bone and flame,","I carve my name in bone and flame,  
defier of the silent claim."
False,stars,dark,Whispers of the heart ignite the night with stars.,A silent dance of longing in the dark.,A silent dance of longing in the dark.
False,eye,skies,"Beneath the cold moon’s watching eye,",whispers of forgotten skies.,whispers of forgotten skies.
True,trees,breeze,"Whispers of wind through ancient trees,",paint the evening with a silent breeze.,paint the evening with a silent breeze.
True,page,age,"Like ink spilled on time’s unending page,",A silent whisper of forgotten age.,A silent whisper of forgotten age.
True,drawn,gone,"Time's quiet hand etches tales in every line it's drawn,",A silent echo of moments long since gone.,A silent echo of moments long since gone.
True,strands,hands,"Time etches stories in silvered strands,",Life whispers secrets in quiet hands.,Life whispers secrets in quiet hands.
True,bright,night,"In whispers of time, the past’s silent flame burns bright,",A shadowed echo lingers in the night.,A shadowed echo lingers in the night.
True,dance,trance,"A hearth that glows where familiar shadows dance,",Whispers of warmth in the quietest trance.,"A hearth that glows where familiar shadows dance,  
Whispers of warmth in the quietest trance."
False,cracks,broken,"Perfection craves the mirror, yet finds its face in cracks.",Imperfection blooms where light is broken.,Imperfection blooms where light is broken.
False,fear,worth,"Whispers coil like shadows at dawn, thick as unspoken fear.","A silent promise hangs in the air, trembling with unseen worth.","A silent promise hangs in the air, trembling with unseen worth."
True,known,tone,"The scales of justice, though carved in stone, sway silent with the breath of the winds they've known.",Their weight is felt in every tone.,Their weight is felt in every tone.
False,gold,toll,"Whispers the hourglass in sands of gold,",Time's silent toll.,Time's silent toll.
True,years,tears,"The dawn breaks softly on youthful years,",A fleeting promise wrapped in tender tears.,A fleeting promise wrapped in tender tears.
False,scream,flame,My hands ignite with embers of a scream.,"The night holds its breath, a mirror to the flame.","The night holds its breath, a mirror to the flame."
True,between,unseen,"I walk alone through crowds of ghosts, unseen, unheard, a shadow cast between.",a whisper lost in echoes of the unseen.,a whisper lost in echoes of the unseen.
True,air,bare,"The echo of your name still lingers in the air,","A whisper of your touch remains, unbound and bare.","A whisper of your touch remains, unbound and bare."
False,roam,stone,"Whispers through the wild where creatures roam,",The moonlight dances on the stone.,The moonlight dances on the stone.
True,song,strong,"In the weave of voices, we find our song,","A tapestry of echoes, softly strong.","A tapestry of echoes, softly strong."
True,rise,skies,"The sun spills gold on smiles that rise,",A dance of light in morning skies.,A dance of light in morning skies.
False,trails,unveil,"He walked with ghosts in shadowed trails,",Where silent memories unveil.,Where silent memories unveil.
False,thrived,born,The echoes of laughter fade where memories once thrived.,Silent shadows now dance where joy once was born.,Silent shadows now dance where joy once was born.
True,start,art,Two hearts entwined where love and promise start.,A journey unfolds through time and art.,A journey unfolds through time and art.
True,rise,skies,"The clock’s shadow dances where the dawn used to rise,",Now twilight lingers in the silence of the skies.,Now twilight lingers in the silence of the skies.
True,rain,explain,"I walk through crowds like shadows in the rain,",whispering dreams to strangers I can't explain.,whispering dreams to strangers I can't explain.
False,foundation,direction,"A whispered vow can crack the heart's foundation,",A silent truth can reshape the soul's direction.,"A whispered vow can crack the heart's foundation,  
A silent truth can reshape the soul's direction."
False,bloom,dew,"Two hearts entwined where promises bloom,",A whisper of forever in the morning dew.,A whisper of forever in the morning dew.
True,wrong,long,"A thunderclap of temper, born from sparks of wrong.","A firestorm brews in silence, fierce and long.","A firestorm brews in silence, fierce and long."
True,dwell,swell,"In shadows cast by screens we dwell,",Where silent hearts in silence swell.,Where silent hearts in silence swell.
True,walls,halls,"Where whispered memories cling to the walls,",echoes dance in the silent halls.,echoes dance in the silent halls.
True,skin,within,"Time etches its whispers in lines on the skin,",echoing the silent language of years within.,echoing the silent language of years within.
True,wise,demise,"A marble statue, cracked yet wise,",stands in the garden of time's quiet demise.,stands in the garden of time's quiet demise.
False,fly,night,"In shadowed chains, the soul still dares to fly,",A whisper of dawn breaks through the night.,A whisper of dawn breaks through the night.
True,seal,wheel,"Two hearts entwined, a vow they seal,",A promise etched in time's sweet wheel.,A promise etched in time's sweet wheel.
False,rust,quits,"Though flesh may fade and time may turn to rust,","the heart remains, a flame that never quits.","the heart remains, a flame that never quits."
True,rise,skies,"Shadows fall where laughter used to rise,",Silence hums in the hollowed skies.,Silence hums in the hollowed skies.
False,echo,core,"Roots tangled in tradition, whispers of the ancient echo.","A tapestry of time, woven through the soul’s deep core.","A tapestry of time, woven through the soul’s deep core."
False,flows,throat,Neon hums where the traffic flows.,Crimson lights dance on midnight's throat.,Crimson lights dance on midnight's throat.
True,wed,tread,"Blood paints the dawn where steel and silence wed,",A shadow weeps where light once dared to tread.,A shadow weeps where light once dared to tread.
False,flight,rise,"In whispers of light, belief takes its flight.","A silent refrain, the soul begins to rise.","In whispers of light, belief takes its flight.  
A silent refrain, the soul begins to rise."
False,teeth,feet,"In shadows cast by crowded streets, I walk alone with silent teeth.",A whisper of the wind beneath my feet.,A whisper of the wind beneath my feet.
True,blue,cue,"Laughter echoed under skies of infinite blue,",A whisper of hope danced on the wind's soft cue.,A whisper of hope danced on the wind's soft cue.
False,dances,strands,"Whispers of the wild where the foxlight dances,",The moon stitches the night with silver strands.,The moon stitches the night with silver strands.
False,hour,more,The clock’s soft whisper weaves through every hour.,"Time bends, and memories unfold once more.","Time bends, and memories unfold once more."
True,trees,breeze,"Green whispers weave through the waking trees,",silver leaves dance in the morning breeze.,silver leaves dance in the morning breeze.
False,name,entwined,"In the heartbeat of togetherness, we find our name.","A symphony of souls, forever entwined.","A symphony of souls, forever entwined."
False,time,divine,"A bond not forged in gold or time,",But kindled by the fires of divine.,But kindled by the fires of divine.
True,stays,plays,"My name may fade, but in the stars my essence stays.",Etched in the silence where the ancient light plays.,Etched in the silence where the ancient light plays.
True,low,slow,"In twilight’s grasp, where shadows whisper low,","the stars awaken, soft and slow.","the stars awaken, soft and slow."
False,color,fire,"A dance of brush and breath, dreams take shape in wild color,",surrendering to the storm of creation's fire.,surrendering to the storm of creation's fire.
False,roamed,wood,Whispers fade where once we roamed.,The stars now guard the silent wood.,The stars now guard the silent wood.
True,rise,skies,"In stillness deep, where whispers rise,",The soul discovers its skies.,The soul discovers its skies.
False,days,seized,With trembling hands I light the fuse of days.,The stars will witness as the night is seized.,The stars will witness as the night is seized.
True,face,place,"In mirrored flaws, perfection hides its face,",A silent dance where shadows take their place.,A silent dance where shadows take their place.
True,meet,repeat,"Golden whispers dance where joy and sunlight meet,",A thousand dreams take flight in morning's sweet repeat.,A thousand dreams take flight in morning's sweet repeat.
False,breath,beneath,"The earth inhales in spring's soft breath,",Awakening the seeds beneath.,Awakening the seeds beneath.
True,new,true,"Like morning dew on petals new,",Shines the light of dawn so true.,Shines the light of dawn so true.
False,cling,things,"Beneath the mask where shadows cling,",A whisper of forgotten things.,A whisper of forgotten things.
False,chart,chart,"A marble flaw lessens its art, a single crack births light through the chart.",a single crack births light through the chart.,a single crack births light through the chart.
True,flame,frame,The ashes speak of names that outlive flame.,Their voices echo through the silent frame.,Their voices echo through the silent frame.
True,embrace,grace,Golden laughter dances in the morning sun’s gentle embrace.,Whispers of dreams take flight on wings of grace.,Whispers of dreams take flight on wings of grace.
False,rhyme,align,"In quiet laughter, hearts find their rhyme,",A dance of joy where souls align.,A dance of joy where souls align.
False,frost,quietmost,"Though flesh may fade and time may sow its frost,",the heart's fire still burns in the soul's quietmost.,the heart's fire still burns in the soul's quietmost.
False,breathing,breeze,I traced my name in dust and saw a thousand shadows breathing.,A whisper of the past still lingers in the breeze.,A whisper of the past still lingers in the breeze.
True,sky,eye,"Shells scream through the shrouded sky,",Tides whisper secrets to the moon's pale eye.,Tides whisper secrets to the moon's pale eye.
False,scars,grass,"Beneath the ash of fallen flags, the earth still weeps in ancient scars.",The ghosts of heroes whisper through the grass.,The ghosts of heroes whisper through the grass.
False,moan,breeze,"Whispers of wind through the ancient trees moan,",A mournful song carried on the breeze.,A mournful song carried on the breeze.
False,play,flame,"The sun dips low where tempests play,",The sky ignites in hues of flame.,The sky ignites in hues of flame.
True,flame,frame,"In the quiet dance of heartbeat and flame,",A whisper echoes through the silent frame.,A whisper echoes through the silent frame.
False,sown,storm,"A whispered secret can shatter the strongest bond, for betrayal hides where trust is sown.",A single truth can turn love into a storm.,A single truth can turn love into a storm.
True,hue,grew,"Whispers of winter melt into spring's tender hue,",Blossoms awaken where the frost once grew.,Blossoms awaken where the frost once grew.
False,lay,played,Whispers of absence haunt the hush where laughter lay.,A silent echo marks the place where love once played.,A silent echo marks the place where love once played.
True,stone,bone,"I sought eternal life in shadowed stone,",A whisper of breath in the hollowed bone.,"I sought eternal life in shadowed stone,  
A whisper of breath in the hollowed bone."
True,sway,day,"Whispers of the wind through leaves that sway,",A melody that dances on the day.,A melody that dances on the day.
False,wind,end,"Whispers of the wild dance on the wind,",A secret song the forest will not end.,A secret song the forest will not end.
True,sleep,weep,"Whispers curl like shadows deep, a restless storm that won’t fall silent sleep.","A phantom moon holds breath, its pale light trembling on the brink of weep.","A phantom moon holds breath, its pale light trembling on the brink of weep."
True,time,rhyme,"Carved in stone or etched in fate, a whisper meant to outlast time.",A promise carved in silent rhyme.,A promise carved in silent rhyme.
True,tow,glow,"With dawn’s first breath, I pack my dreams in tow,",I chase the horizon where the stars still glow.,I chase the horizon where the stars still glow.
True,divine,mine,"In the hush where heartbeats meet the divine,",silence speaks in echoes of mine.,silence speaks in echoes of mine.
False,sky,pride,"A king wears crowns, yet craves the sky—","He dreams in stars, though bound by pride.","He dreams in stars, though bound by pride."
True,dew,view,"A laugh as light as morning’s dew,",A whisper of joy that lingers in view.,A whisper of joy that lingers in view.
True,rise,cries,"Crimson flames of wrath in silence rise,",A tempest born from buried cries.,A tempest born from buried cries.
True,light,night,"Justice weeps in midnight's shadow, injustice wears the mask of light.",A silent scream is heard in the hush of night.,A silent scream is heard in the hush of night.
False,flirt,sparks,"Concrete pulses where the neon lights flirt,",shadowed dreams dissolve in silver sparks.,shadowed dreams dissolve in silver sparks.
False,slow,own,Time etches its tale in silver and slow.,Whispers of yesterdays etch their own.,Whispers of yesterdays etch their own.
True,breeze,trees,"Sugar's whisper on a summer breeze,",sweetly dances through the trees.,sweetly dances through the trees.
False,small,halls,The dawn breaks soft on shoulders not so small.,"A whisper of light on silent, waking halls.","A whisper of light on silent, waking halls."
False,kiss,breath,"A whisper carved in shadow, sharp as deceit's kiss,",A ghostly flame that burns without a breath.,"A whisper carved in shadow, sharp as deceit's kiss,  
A ghostly flame that burns without a breath."
False,screamed,unafraid,"In the silent crack of dawn, hope whispers where despair once screamed.","A single spark ignites the dark, fragile and unafraid.","A single spark ignites the dark, fragile and unafraid."
False,time,unseen,"Each year etches tales on skin, a silent ink of time.","A mosaic of laughter, tears, and wounds unseen.","A mosaic of laughter, tears, and wounds unseen."
True,light,night,"Beneath the dusk of dying light,",the shadows whisper through the night.,the shadows whisper through the night.
False,gaze,race,"Justice walks in twilight's gaze,",A silent judge of every race.,A silent judge of every race.
False,cracks,light,"In broken china, hidden grace whispers of perfect cracks.",A silent hymn in fractured light.,A silent hymn in fractured light.
True,skies,sighs,"Winds whisper tales of warming skies,",ice retreats to distant sighs.,ice retreats to distant sighs.
True,song,belong,"In vibrant swirls of hue and song,",The cosmos dances where the stars belong.,The cosmos dances where the stars belong.
False,rooms,them,The echoes of their laughter live in silent rooms.,Where shadows dance with memories of them.,Where shadows dance with memories of them.
True,true,hue,"The years fold time like parchment, worn yet true.","Memories etch their quiet, solemn hue.","Memories etch their quiet, solemn hue."
False,entwine,breeze,"In twilight's grip, where shadow and light entwine,",A whispered promise dances on the breeze.,A whispered promise dances on the breeze.
True,thin,begin,"When shadows fall and time runs thin,",the stars are all we have to begin.,the stars are all we have to begin.
False,sky,everhigh,"Winds whisper secrets through a shifting sky,",Clouds cradle dreams in silence everhigh.,Clouds cradle dreams in silence everhigh.
False,rise,rise,"Steel veins hum where skyscrapers rise,","Concrete veins hum where skyscrapers rise,","Concrete veins hum where skyscrapers rise,"
False,years,sever,"Threads of love wove through the years,",A silent bond that time could not sever.,A silent bond that time could not sever.
False,sells,breath,"On tongues where memory dwells, savoring sweetness the past sells.","A fleeting echo, soft as dusk's last breath.","A fleeting echo, soft as dusk's last breath."
False,wrapped,again,"A whispered pledge, a dagger's edge in velvet wrapped.",A silent vow to never speak of it again.,A silent vow to never speak of it again.
False,entwine,time,"Through storm and strife, our souls entwine,","A bond unbroken, forged in time.","A bond unbroken, forged in time."
False,wild,flight,"Like whispers through the autumn trees, it breathes—so soft, so wild.",A fleeting sigh of leaves in flight.,A fleeting sigh of leaves in flight.
True,cling,sing,"In twilight’s hush, where shadows dare to cling,",whispers of the night begin to sing.,whispers of the night begin to sing.
False,hum,drums,"A silence louder than the crowd’s faint hum,",echoes of a heart that once knew drums.,echoes of a heart that once knew drums.
True,soul,control,"When twilight's whisper brushes against the soul,",A silent hymn begins to take control.,A silent hymn begins to take control.
True,cling,sing,"Winds of freedom whisper where shadows of chains still cling,","A spark ignites the night, and hope begins to sing.","A spark ignites the night, and hope begins to sing."
False,ancestors,roots,"Roots whispered in the tongue of ancestors,",earth remembered in the hush of roots.,earth remembered in the hush of roots.
False,breathe,sleep,"In dust of ages, tales still breathe,",echoes of the forgotten sleep.,echoes of the forgotten sleep.
False,awakes,break,"In whispers of dawn, the wild awakes,",A symphony of shadows dares to break.,A symphony of shadows dares to break.
False,strain,time,"Two souls entwined, a bond unchained, eternal in its strain.",A love that defies the fall of time.,A love that defies the fall of time.
False,root,undo,"Two hearts entwined where vows take root,",A love that time cannot undo.,A love that time cannot undo.
False,fire,lightning,"My hands curl like storm clouds, ready to spit fire—",I breathe in the dark and exhale lightning.,I breathe in the dark and exhale lightning.
True,sway,way,"Beneath the boughs of time's gentle sway,",The stars whisper secrets on the way.,The stars whisper secrets on the way.
True,day,gray,"Sunlight spilling through the seams of the day,",Shadows stretch like whispers in the gray.,Shadows stretch like whispers in the gray.
False,escapes,ascends,"In flawless cracks, the light divine escapes,","through silent stone, a whispered psalm ascends.","through silent stone, a whispered psalm ascends."
False,breathes,trees,"In shadows deep where silence breathes,",A whisper stirs through ancient trees.,A whisper stirs through ancient trees.
False,trees,gaze,"Whispers of wind through ancient oak trees,",Sing secrets to the moon's silver gaze.,Sing secrets to the moon's silver gaze.
False,hum,love,"Beneath the skin, a thousand stories hum.",A silent symphony of wounds and love.,A silent symphony of wounds and love.
False,ignites,flight,"In whispered hope, my heart ignites,",A silent flame in the dark takes flight.,A silent flame in the dark takes flight.
False,wood,shroud,"A flame that flickers in the heart’s dark wood,",A whisper of dawn in the shadow’s shroud.,"A flame that flickers in the heart’s dark wood,  
A whisper of dawn in the shadow’s shroud."
True,light,night,"Like twin shadows dancing on the edge of dawn's first light,",they whisper secrets to the wind in silver tongues of night.,they whisper secrets to the wind in silver tongues of night.
True,breeze,trees,"Whispers of the wild dance on the breeze,",A melody of shadows through the trees.,A melody of shadows through the trees.
False,flame,fade,"With trembling hands, I light the candle between childhood and flame.",The shadow of my past begins to fade.,The shadow of my past begins to fade.
True,past,vast,A hearth’s warm glow where whispers of the past.,Embrace the echoes of a timeless vast.,Embrace the echoes of a timeless vast.
True,play,gray,"Beneath the mask where shadows play,",A whisper dances in the gray.,A whisper dances in the gray.
False,support,light,"In whispered laughs and silent support,",we find the strength to rise and meet the morning's light.,we find the strength to rise and meet the morning's light.
True,cling,spring,"Winds of freedom whistle through chains that cling,",A whispered promise stirs in the silent spring.,A whispered promise stirs in the silent spring.
False,hum,unspun,"Roots buried deep where ancient songs still hum,",veins of the earth cradle secrets long unspun.,veins of the earth cradle secrets long unspun.
True,air,glare,"When laughter dances on the morning’s air,",A melody that fades with the sun's soft glare.,A melody that fades with the sun's soft glare.
False,new,tune,"Roots whispered in rhythms both old and new,","seeds danced in the soil's slow, steady tune.","seeds danced in the soil's slow, steady tune."
False,stone,song,"Roots tangled in rhythm, whispered through ancient stone,",echoes of time's soft song.,echoes of time's soft song.
False,sorrow,flow,"Through storm or sun, in joy or sorrow,",I walk the path where heartbeats flow.,I walk the path where heartbeats flow.
False,trees,decree,"In hues of dawn and whispers through the trees,",the world holds its breath in a silent decree.,the world holds its breath in a silent decree.
True,stay,day,"A hearth’s soft glow where whispers stay,",Embers hold the echoes of the day.,"A hearth’s soft glow where whispers stay,  
Embers hold the echoes of the day."
False,gaze,wide,"A bloom of light in morning’s golden gaze,",Whispers of dawn in colors soft and wide.,"A bloom of light in morning’s golden gaze,  
Whispers of dawn in colors soft and wide."
False,time,dies,"Love is the thread that weaves hearts through time,",A silent vow that never dies.,A silent vow that never dies.
True,sky,lie,"Wheels of fate turn under the vast, unbroken sky,",A whisper of destiny calls through the darkening lie.,A whisper of destiny calls through the darkening lie.
True,unknown,stone,"Whispers of rustle in hues once unknown,",A symphony of shadows stirs the stone.,A symphony of shadows stirs the stone.
False,alone,tune,"In silent crowds, we drift alone,",each heartbeat a solo tune.,each heartbeat a solo tune.
True,soar,explore,"In shadowed chains, the soul still yearns to soar,",beneath the weight of skies it longs to explore.,beneath the weight of skies it longs to explore.
False,thrall,thrall,"Though flesh may fade and stars may fall, my name shall sail through time’s vast thrall.",my name shall sail through time’s vast thrall.,my name shall sail through time’s vast thrall.
True,tread,spread,"Winds whisper secrets where wandering feet tread,",A hidden path leads where forgotten dreams spread.,A hidden path leads where forgotten dreams spread.
False,boughs,skies,"Beneath the whisper of ancient boughs,",The stars etch prayers on silent skies.,The stars etch prayers on silent skies.
True,air,scare,"Whispers of dread in the midnight air,",Skulls in the shadows await their scare.,Skulls in the shadows await their scare.
True,one,sun,"Rooted together, we blossom as one.",Through shared soil and whispered sun.,Through shared soil and whispered sun.
True,hour,power,The clock's whisper winds through the cracks of the hour.,A shadow dances where light once outstretched its power.,A shadow dances where light once outstretched its power.
False,tear,reigned,"Whispers of winter melt to spring's first tear,",A bloom awakes where frost once reigned.,A bloom awakes where frost once reigned.
False,improve,entwine,The symphony of flavors on the tongue tells a story no words could ever improve.,"A dance of fire and frost, where sweetness and spice entwine.","A dance of fire and frost, where sweetness and spice entwine."
False,untold,song,"Roots woven deep in the soil of stories untold,","branches reach skyward in silent, ancient song.","branches reach skyward in silent, ancient song."
False,glows,flow,"In whispers of ages, history's torch glows.",Echoes of the past in time's unyielding flow.,"In whispers of ages, history's torch glows.  
Echoes of the past in time's unyielding flow."
False,mind,entwine,"Whispers coil in the chambers of the mind,",A labyrinth of shadows where thoughts entwine.,A labyrinth of shadows where thoughts entwine.
False,years,creatures,"The dawn breaks soft upon the verge of years,",A whisper of light stirs the dreams of creatures.,A whisper of light stirs the dreams of creatures.
True,wind,blind,"Echoes of revolutions hum on the wind,",A silent hymn where history is blind.,A silent hymn where history is blind.
False,hum,bloom,"Whispers of winter melt to spring’s gentle hum,","beneath the thawing sky, the earth begins to bloom.","beneath the thawing sky, the earth begins to bloom."
False,bones,sown,"Whispers of wind through earth’s ancient bones,",echo the tales of time long since sown.,echo the tales of time long since sown.
True,trees,breeze,"The earth breathes gently beneath the trees,",A whisper of roots in the ancient breeze.,A whisper of roots in the ancient breeze.
False,stirs,suppressed,"Beneath the mask, a whisper stirs—",a secret long suppressed.,a secret long suppressed.
True,alone,known,"In silent crowds, I walk alone.","A shadow dances, never known.","A shadow dances, never known."
True,gold,bold,Like dawn unbuttons the sky with gold.,The horizon blushes soft and bold.,The horizon blushes soft and bold.
True,roam,home,"Beneath the sky where the wild winds roam,",The stars awaken in the silent home.,The stars awaken in the silent home.
True,feet,meet,"The echoes of revolution hum beneath our feet,",A whisper of hope stirs where the shadows meet.,A whisper of hope stirs where the shadows meet.
False,told,home,"In laughter’s glow, where secrets are told,",hearts find their home.,hearts find their home.
False,whisper,hush,"In the mirror of midnight, a thousand souls whisper.",A single heartbeat echoes through the hush.,A single heartbeat echoes through the hush.
True,plain,rain,"Cannon's thunder weeps across the plain,",A lone wolf howls through the mist and rain.,A lone wolf howls through the mist and rain.
True,dance,romance,"In whispered woods where shadows dance,",The moonlight weeps through veiled romance.,The moonlight weeps through veiled romance.
True,share,care,"Hands weave together, a tapestry we share,",A promise stitched in threads of time and care.,A promise stitched in threads of time and care.
False,flows,know,"A canvas breathes where imagination flows,",Colors whisper secrets only hearts know.,"A canvas breathes where imagination flows,  
Colors whisper secrets only hearts know."
True,play,gray,"Beneath the moon where shadows play,",Whispers dance on twilight's gray.,Whispers dance on twilight's gray.
True,stay,day,"In trembling hands, the storm refuses to stay.",It whispers secrets through the breaking day.,It whispers secrets through the breaking day.
True,dwell,shell,"Embers of rage in the chest they dwell,",A storm of silence brewing in the shell.,A storm of silence brewing in the shell.
True,sun,fun,"The sky weaves tales in threads of storm and sun,",The earth exhales in whispers of ancient fun.,The earth exhales in whispers of ancient fun.
False,rain,flame,"The sky weeps fire, yet forgets the rain,","The earth drinks silence, bearing the flame.","The earth drinks silence, bearing the flame."
True,lane,refrain,"Sunset laughter echoes down a lane,",Where shadows dance with fading light's refrain.,Where shadows dance with fading light's refrain.
False,page,regime,"Through fractured stone and whispered page,",I trace the echoes of a lost regime.,I trace the echoes of a lost regime.
False,skies,remain,"In silence, shadows claim the ones whose voices shaped our skies.",Their echoes now are all that remain.,Their echoes now are all that remain.
True,light,delight,"Whispers of rustle in velvet and light,",dancing through shadows in silent delight.,dancing through shadows in silent delight.
False,breeze,embrace,"A thousand hues whisper secrets to the breeze,",Petals dance in the golden light’s embrace.,"A thousand hues whisper secrets to the breeze,  
Petals dance in the golden light’s embrace."
False,rhyme,combine,"Sunlight spilling through laughter’s bright rhyme,",Shadows dance where joy and light combine.,Shadows dance where joy and light combine.
False,danced,gaze,Laughter echoed where the fireflies danced.,"Beneath the moon's gentle, watchful gaze.","Beneath the moon's gentle, watchful gaze."
True,gleam,stream,"In swirling hues, where silent stories gleam,",Eternity dances in the shimmering stream.,Eternity dances in the shimmering stream.
False,dreams,between,"City lights hum with hurried dreams,",Street corners whisper secrets between.,Street corners whisper secrets between.
False,wings,sting,"Where silent chains clink in the shadow of proud wings,",A whisper of hope dares to break the night's sting.,A whisper of hope dares to break the night's sting.
False,yesterday,light,Whispers of laughter echo down the lane of yesterday.,A memory's shadow lingers in the fading light.,A memory's shadow lingers in the fading light.
False,spoke,spoke,"Brushstrokes dance where silence spoke,",A symphony of color spoke.,A symphony of color spoke.
True,remain,slain,"My name may fade, but in stone I'll remain,","etched by time, I'll never be slain.","etched by time, I'll never be slain."
False,known,gone,"In the mirror of time, I trace a name not yet known.","A shadow of tomorrow whispers ""I am gone.""","A shadow of tomorrow whispers ""I am gone."""
False,air,near,"Echoes of laughter linger in the air,",A gentle breeze carries them far and near.,A gentle breeze carries them far and near.
True,steel,unseal,"A bond unseen, yet strong as ties of steel,",Whispers of trust that time cannot unseal.,"A bond unseen, yet strong as ties of steel,  
Whispers of trust that time cannot unseal."
True,tree,sea,"Whispers of winds through the ancient tree,",Sing tales of yore to the sleeping sea.,Sing tales of yore to the sleeping sea.
False,past,glass,Time's grand tapestry is stitched with echoes of the past.,Threads of memory weave through the present's fleeting glass.,Threads of memory weave through the present's fleeting glass.
False,awakes,night,"In quiet whispers, the sacred awakes,",A breath of dawn breaks the veil of night.,A breath of dawn breaks the veil of night.
True,hide,pride,"Beneath soft words, the sharpest truths may hide,",A silent wound can cut through pride.,A silent wound can cut through pride.
False,mind,time,"Shadows whisper in the quiet of the mind,",echoes of forgotten time.,echoes of forgotten time.
True,rhyme,climb,"Skies whisper secrets in sun and storm's rhyme,",Earth holds the echo of time's gentle climb.,Earth holds the echo of time's gentle climb.
True,trees,breeze,"Sunset-lit laughter echoes through the willow trees,",A whisper of twilight dances on the breeze.,A whisper of twilight dances on the breeze.
False,breeze,poetry,"Whispers of spring in the thawing breeze,",blossoms awaken in silent poetry.,blossoms awaken in silent poetry.
True,sky,defy,"When eyes first met 'neath a twilight sky,",A silent vow bloomed where words could not defy.,A silent vow bloomed where words could not defy.
False,mine,scars,"In tangled roots and open fire, we seek the echo of ""we’re yours, you’re mine.""","A dance of shadows, bound by stars, we write our vows in ash and scars.","In tangled roots and open fire, we seek the echo of ""we’re yours, you’re mine.""  
A dance of shadows, bound by stars, we write our vows in ash and scars."
False,fear,tears,"Winds of freedom whisper beneath chains of fear,",A cry of hope ascends through silent tears.,A cry of hope ascends through silent tears.
True,gleam,dream,"In mirrored eyes where shadows dare to gleam,",A silent dance of light and silent dream.,A silent dance of light and silent dream.
True,rain,pain,"The sky whispers secrets in storms and soft rain,","the earth listens with ancient, silent pain.","the earth listens with ancient, silent pain."
True,flight,bright,"In whispered prayers, the soul takes flight,",Through silent stars that shimmer bright.,Through silent stars that shimmer bright.
True,grace,erase,"A bond unbound by time or space, a silent symphony of grace.","A whisper threading through the stars, a dance that time cannot erase.","A whisper threading through the stars, a dance that time cannot erase."
False,rain,unseen,Whispers of farewell linger in the echoes of the rain.,"A single tear falls, tracing paths unseen.","A single tear falls, tracing paths unseen."
True,light,night,"In the silent whisper of dawn’s tender light,","the world holds its breath in a fragile, sweet night.","the world holds its breath in a fragile, sweet night."
True,face,erase,"Whispers of time in the lines of the face,",Eyes hold the stories that age cannot erase.,Eyes hold the stories that age cannot erase.
False,songs,land,"Roots woven deep in ancient songs,",branches echo through the land.,branches echo through the land.
False,quiet,keep,"Beneath the neon’s hum, the fields still breathe in quiet.",A whisper of forgotten roots holds the moon in its keep.,A whisper of forgotten roots holds the moon in its keep.
False,rhyme,frame,"The road unspools like a whispered rhyme,",a silver thread through the dusk's soft frame.,a silver thread through the dusk's soft frame.
True,tread,spread,"In crowded streets, alone, I tread,",The silent echoes of my heart are spread.,The silent echoes of my heart are spread.
False,cries,disguises,"A gavel strikes where silence cries,",Judgment falls where truth disguises.,"A gavel strikes where silence cries,  
Judgment falls where truth disguises."
False,sky,pine,"Beneath the skin, a song of soil and sky,",A whisper of roots in the bones of the pine.,A whisper of roots in the bones of the pine.
False,sand,behind,"Whispers of yesterday slip through the hourglass sand,","Time folds its fingers tight, leaving only echoes behind.","Time folds its fingers tight, leaving only echoes behind."
False,parte,dare,"A hollow vow can fracture hearts, where trust was born and betrayal parte.","Echoes of silence in the hollow air, a ghost of love that dared not dare.","A hollow vow can fracture hearts, where trust was born and betrayal parte.  
Echoes of silence in the hollow air, a ghost of love that dared not dare."
False,recall,past,Whispers of wood and worn-in walls recall.,The ghostly laughter of a tale long past.,The ghostly laughter of a tale long past.
False,born,night,"In the shadow's grip, a single light is born.",A silent flame defies the night.,A silent flame defies the night.
True,hold,bold,"A gavel's pound in twilight's hold,",Silence breaks where justice bold.,"A gavel's pound in twilight's hold,  
Silence breaks where justice bold."
True,blue,pursue,"Whispers of wind trace skies in blue,",A silent hymn the clouds pursue.,A silent hymn the clouds pursue.
True,eye,sky,"Beneath the moon's cold, watchful eye,",The stars whisper secrets to the sky.,The stars whisper secrets to the sky.
True,play,day,"Beneath the mask where shadows play,",A silent soul awaits the day.,A silent soul awaits the day.
False,fled,wind,"Fire smolders deep where patience fled,",Ashes whisper secrets to the wind.,Ashes whisper secrets to the wind.
True,new,few,Old ways whisper beneath the hum of the new.,Echoes of the past still cling to the few.,Echoes of the past still cling to the few.
True,raise,praise,"Beneath the moon’s cold, indifferent gaze, I echo voices no ear will raise.","I drift through shadows, lost in silent praise.","I drift through shadows, lost in silent praise."
False,watch,blush,"I carve my name where the endless stars keep watch,",and whisper secrets to the moon's soft blush.,and whisper secrets to the moon's soft blush.
False,soul,yesterday,"Over horizon's hush, the road sings to the restless soul,",A whisper of dawn breaks through the veil of yesterday.,A whisper of dawn breaks through the veil of yesterday.
False,vein,day,"The clock's soft whisper weaves through every vein,",Time slips like shadow through the closing day.,Time slips like shadow through the closing day.
True,play,way,"Amidst the trees where shadows play,",The moonlight dances all the way.,The moonlight dances all the way.
True,trees,knees,"Whispers of wind through ancient, rustling trees,",Sing a forgotten hymn to twilight's knees.,Sing a forgotten hymn to twilight's knees.
False,bred,heed,"In shadowed hearts, a quiet storm is bred,",A whispering grief that none can heed.,A whispering grief that none can heed.
True,flee,key,"Beneath the tongue's sweet melody, shadows tell the truths that flee.","In whispered tones, the heart unbinds its key.","In whispered tones, the heart unbinds its key."
True,go,slow,"In dusty corners where the light forgot to go,",Secrets whisper through the dust-laden slow.,Secrets whisper through the dust-laden slow.
False,lived,shadows,Whispers of yesterday haunt the hollows where laughter once lived.,Echoes of forgotten dreams now linger in the shadows.,Echoes of forgotten dreams now linger in the shadows.
False,haze,yours,"Where scales of truth hang askew in the haze,",the mirror shows a face that isn't yours.,the mirror shows a face that isn't yours.
False,lit,light,"My heart, a flame, in youthful days was lit.","Now flickers low, a shadowed, waning light.","Now flickers low, a shadowed, waning light."
True,skies,sighs,"Whispers of scarlet and echoes of velvet skies,",dance through the ribs of the moon’s silent sighs.,dance through the ribs of the moon’s silent sighs.
True,embrace,grace,"Whispers of winter give way to the sun's tender embrace,","Spring awakens with gentle, blooming grace.","Spring awakens with gentle, blooming grace."
True,hide,tide,"Beneath sweet lies, the sharp truth doth hide,",A silent wound in the heart's own tide.,A silent wound in the heart's own tide.
False,grip,forms,"Two hearts entwined in time’s soft grip,",A single soul in two distinct forms.,A single soul in two distinct forms.
False,collide,night,"A heartbeat whispers where two souls collide,",A pulse ignites in the quiet night.,A pulse ignites in the quiet night.
False,past,paths,"Echoes of empires rise in whispers of the past,",ghostly voices trace the dust of ancient paths.,ghostly voices trace the dust of ancient paths.
True,old,fold,"On tongues of flame and forks of gold, flavors tell a secret old.",Whispers of the earth in every fold.,Whispers of the earth in every fold.
False,river,one,"Two souls entwined by vow and time’s slow river,",A single heart that beats as one.,A single heart that beats as one.
False,light,sky,"A promise made in shadows, torn by dawn's deceitful light,",Whispers of hope now buried where the night once kissed the sky.,"A promise made in shadows, torn by dawn's deceitful light,  
Whispers of hope now buried where the night once kissed the sky."
False,on,tone,"Carved in time's slow river, my name flows on.",A whisper of echoes in the current's tone.,A whisper of echoes in the current's tone.
False,grows,veins,"Neon hums where the concrete grows,",Crimson veins through the city's veins.,Crimson veins through the city's veins.
False,breathes,leaves,"In silence’s shadow, the stranger breathes,",a whisper of forgotten leaves.,a whisper of forgotten leaves.
False,time,wind,"I carved my name in the bones of time,",and whispered my soul to the wind.,and whispered my soul to the wind.
False,breathe,keen,"In twilight’s veil, where shadows dare to breathe,","The stars emerge, unseen, yet fiercely keen.","The stars emerge, unseen, yet fiercely keen."
False,sighs,night,"I pace the sidewalks where the neon sighs,",and the shadows whisper secrets to the night.,and the shadows whisper secrets to the night.
False,glows,knew,Old oaks bend but new neon glows.,Brighter than the stars that once they knew.,Brighter than the stars that once they knew.
True,yore,more,"The clock of time ticks tales of yore,",whispers of lost dreams once more.,whispers of lost dreams once more.
False,sighs,burns,"Beneath the mask of golden lies, the truth in shadowed whispers sighs.","The heart, unbound, in silent fire burns.","The heart, unbound, in silent fire burns."
False,began,spun,"Two hearts entwined where one love’s vow began,",A lifetime's tale in whispered dusk was spun.,A lifetime's tale in whispered dusk was spun.
False,speak,weeps,"In silent rooms where shadows speak,",the moonlight weeps.,the moonlight weeps.
True,hands,lands,"Like thunder held in hollow hands,",it trembles with the weight of unsung lands.,it trembles with the weight of unsung lands.
False,sleeps,beams,"Brushstrokes breathe where imagination sleeps,",Dreams take shape in whispered beams.,Dreams take shape in whispered beams.
False,gray,parade,"The earth breathes quietly beneath a sky of shifting gray,",A whisper of wind stirs through the trees in silent parade.,A whisper of wind stirs through the trees in silent parade.
False,resolve,uncontrolled,"Fury burns like fire in a soul trapped between rage and resolve,","A tempest raging, fierce and uncontrolled.","A tempest raging, fierce and uncontrolled."
False,cling,night,"In silent corners where the shadows cling,",whispers dance through the hush of the night.,whispers dance through the hush of the night.
False,heard,dared,"Beneath the skin, a whisper waits to be heard,",A secret blooms where no light has ever dared.,A secret blooms where no light has ever dared.
True,flee,thee,"Though flesh may fade and time may flee,",the soul remains ever true to thee.,the soul remains ever true to thee.
False,chance,time,"Beneath the sky where sunbeams dance, joy and happiness leave fleeting yet lasting chance.",A whisper of laughter echoes through time.,A whisper of laughter echoes through time.
False,blade,name,"Beneath sweet words, sometimes hides the blade,",A heart can bleed from wounds it cannot name.,A heart can bleed from wounds it cannot name.
True,flown,tone,"Whispers creep where the hours have flown,",The dawn unfolds in a silent tone.,The dawn unfolds in a silent tone.
True,moan,stone,"Sunbeams duel with thunder's moan,",The sky ignites in silent stone.,The sky ignites in silent stone.
True,fast,past,"Neon hums where the city's heart beats fast,",Eyes reflect in the glass of a midnight past.,Eyes reflect in the glass of a midnight past.
False,breath,weep,A king's crown crumbles in the dust where shadows hold their breath.,A whisper echoes through the trees where forgotten vows once weep.,A whisper echoes through the trees where forgotten vows once weep.
True,conspire,fire,"Beneath the dusk where tones conspire,",shadows dance in silent fire.,shadows dance in silent fire.
False,fade,yesterday,"Shadows cling where whispers fade,",silence holds the weight of yesterday.,silence holds the weight of yesterday.
False,gleam,dreams,"Wolves howl beneath the moon's silver gleam,",A silent forest holds its breath in dreams.,A silent forest holds its breath in dreams.
True,skies,rise,"Beneath the thunders of divided skies,",A tempest brews where once the stars would rise.,A tempest brews where once the stars would rise.
False,kite,high,"Beneath the moon's unblinking eye, I chart the stars and set my kite.",I trace the dreams that lift me high.,I trace the dreams that lift me high.
False,speak,trees,"In the hush of dusk, old shadows speak.",Whispers of time through ancient trees.,Whispers of time through ancient trees.
True,rise,skies,"In quiet hearts where whispers rise,",echoes dance through starlit skies.,echoes dance through starlit skies.
True,gold,fold,"Wildebeests roam beneath skies painted gold,","As sunsets weave their final, fiery fold.","As sunsets weave their final, fiery fold."
False,day,face,"Like sunlight bursting through clouds on a spring day,",golden light dances on the quiet lake's face.,golden light dances on the quiet lake's face.
False,root,decay,"Beneath soft lies, the brutal truth takes root,",A silent scream in the soil's decay.,A silent scream in the soil's decay.
True,dawn,drawn,"In the quiet whispers of the sacred dawn,",A thousand silent prayers are drawn.,A thousand silent prayers are drawn.
True,night,fight,"Winds of liberty weep through the chains of the night,",A thousand silent voices rise in the fight.,A thousand silent voices rise in the fight.
True,despair,prayer,"My temper flares like lightning in the storm of despair,",A tempest brewed in every whispered prayer.,A tempest brewed in every whispered prayer.
False,was,dare,Whispers of absence linger in the air where laughter once was.,A hush now holds the space where joy had dared to dare.,A hush now holds the space where joy had dared to dare.
True,rare,prayer,"Amidst the steel forest where silence is rare,",The hum of engines fades into prayer.,The hum of engines fades into prayer.
False,home,fades,"Like dawn renews the sky, my heart in your embrace finds home.",A quiet flame that never fades.,A quiet flame that never fades.
False,hum,stone,"Anchored in time, the old ways hum,",A whisper of moss on ancient stone.,A whisper of moss on ancient stone.
False,rhyme,light,"Where the heart's old whispers find a sheltered rhyme,",A silent dance of memories in the moon's soft light.,A silent dance of memories in the moon's soft light.
False,rain,streams,"The sky’s a canvas painted by the hands of sun and rain,",The earth breathes life through roots and streams.,The earth breathes life through roots and streams.
True,dawn,withdrawn,"Whispers tighten like shadows at dawn,",A secret blooms where the light has withdrawn.,A secret blooms where the light has withdrawn.
True,drum,lum,"Whispers of rose and thunder of drum,",A symphony of fire in the moon's dim lum.,A symphony of fire in the moon's dim lum.
False,embrace,grass,"Bursting like sun through the morning’s embrace,",Golden light spills upon the grass.,Golden light spills upon the grass.
True,blaze,haze,"Neon hums where the streetlamps blaze,",Shadows dance in the midnight haze.,Shadows dance in the midnight haze.
False,near,tears,"Whispers echo where no ears are near,",The moonlight dances on forgotten tears.,The moonlight dances on forgotten tears.
True,flight,light,"In the dance of colors, sounds take flight,",A symphony of light.,A symphony of light.
True,true,dew,"A whisper blooming soft and true,",beneath the weight of silent dew.,beneath the weight of silent dew.
True,yesterday,stay,Time slips like sand through the shadows of yesterday.,Memories linger where the light cannot stay.,Memories linger where the light cannot stay.
False,meet,breaks,"Whispers of the sacred rise where faith and shadow meet,",The veil between the seen and unseen gently breaks.,The veil between the seen and unseen gently breaks.
True,flight,light,"In whispered prayers where the soul takes flight,",The stars respond with a silent light.,The stars respond with a silent light.
False,afternoons,woods,"In the glow of fireflies and fading afternoons,",Time whispers secrets through the silent woods.,Time whispers secrets through the silent woods.
True,dance,glance,"Beneath the mask where shadows dance,",A whispered truth lies buried in the glance.,A whispered truth lies buried in the glance.
False,cling,light,"In the attic of the heart, old moments gently cling,",like shadows on a fading light.,like shadows on a fading light.
False,fades,shade,"In shadowed corners where connection fades,",whispers cling to silence like a ghostly shade.,whispers cling to silence like a ghostly shade.
True,stay,play,"A hearth's soft glow where whispers stay,",Echoes of warmth in shadows play.,"A hearth's soft glow where whispers stay,  
Echoes of warmth in shadows play."
True,breath,death,"Whispers of devotion dance with dawn’s first breath,",A single vow is etched in light and death.,A single vow is etched in light and death.
False,chalkboard,between,"Storms scribble secrets on the sky's chalkboard,",Thunder hums a hymn in the silence between.,Thunder hums a hymn in the silence between.
False,gleam,limb,"A whisper of laughter in morning’s gold gleam,",A breath of dawn’s promise on the breeze’s limb.,"A whisper of laughter in morning’s gold gleam,  
A breath of dawn’s promise on the breeze’s limb."
False,return,door,"In silent worlds where echoes don't return,",Time slips like shadows through the heart's door.,Time slips like shadows through the heart's door.
True,unseen,lean,"A flawless vase, a crack unseen,","Holds a lifetime's secret, soft and lean.","Holds a lifetime's secret, soft and lean."
False,flaw,wall,"In flawless cracks, the light finds its flaw.",A silent hymn through the fractured wall.,A silent hymn through the fractured wall.
True,sleep,keep,"Whispers coil like shadows deep, unrest is born in sleep.",A silent scream is all we keep.,A silent scream is all we keep.
True,rhyme,climb,"Beneath the stars, the heart finds its true rhyme.",Silent whispers weave the night to climb.,Silent whispers weave the night to climb.
False,knife,grief,"Whispers carved in rust, a bond undone by deceit's knife.",A shadowed vow now lies in broken glass and grief.,A shadowed vow now lies in broken glass and grief.
True,meet,heartbeat,"Colors whisper tales where the bold and silent meet,",echoes dance in the hush of a morning's heartbeat.,echoes dance in the hush of a morning's heartbeat.
False,rhyme,line,"The sky may whisper or crash with rhyme,",The earth will echo with every line.,The earth will echo with every line.
True,ground,unbound,Clocks shed silent tears as moments flee the ground.,"Time's embrace grows cold, yet still we stand unbound.","Time's embrace grows cold, yet still we stand unbound."
True,mind,unkind,"The echoes of yesterday hum softly in the halls of my mind,","A symphony of memories plays on, unbidden and unkind.","A symphony of memories plays on, unbidden and unkind."
True,deep,sleep,"Justice wears a crown of light, but injustice cloaks in shadows deep,","where mercy's voice is silenced, and truth is buried in the sleep.","where mercy's voice is silenced, and truth is buried in the sleep."
True,blue,hue,"Whispers of crimson, symphonies in blue,",A thousand shadows dance in twilight's hue.,A thousand shadows dance in twilight's hue.
False,undefined,spine,"The dawn of feeling, soft and undefined,",A whisper in the hollow of the spine.,A whisper in the hollow of the spine.
False,live,brave,"Beneath the skin, where traditions live.","A whisper of stories, ancient and brave.","A whisper of stories, ancient and brave."
False,yesterday,light,"Silent hours glide like shadows through the cracks of yesterday,",whispers of forgotten dreams take flight in the pale light.,whispers of forgotten dreams take flight in the pale light.
False,creep,refrain,"In shadows deep, where silent tremors creep,","The earth holds its breath, a held refrain.","The earth holds its breath, a held refrain."
True,dawn,gone,"Whispers of chains in the hush of the dawn,",A shadowed hymn where the lost ones are gone.,A shadowed hymn where the lost ones are gone.
True,rain,refrain,"As winter’s frost yields to the vernal rain,",The earth awakens in a gentle refrain.,The earth awakens in a gentle refrain.
False,resided,past,"Fire roars where patience once resided,",Ashes whisper secrets of the past.,Ashes whisper secrets of the past.
False,untold,snow,"A flawless rose still drinks the rain, untold.","It blooms in silence, defying the snow.","It blooms in silence, defying the snow."
True,face,grace,"In the mirror of time, I glimpse a stranger’s face—","A shadow of echoes, lost in a fading grace.","A shadow of echoes, lost in a fading grace."
True,still,will,"A bond not bound by blood, yet deeper still,",Forged in the fire of shared silent will.,"A bond not bound by blood, yet deeper still,  
Forged in the fire of shared silent will."
True,flame,frame,"Beneath the blaze of seventeen’s flame,",We chase the stars through midnight's frame.,We chase the stars through midnight's frame.
True,slice,ice,"A sweet ballet of salt and spice, upon the tongue's delicate slice.",A symphony of fire and ice.,A symphony of fire and ice.
True,flight,night,"With brush and breath, ideas take flight,",Words weave the wings that carry the night.,Words weave the wings that carry the night.
True,spun,run,"Where whispered walls hold tales I've spun,",I trace the echoes where the shadows run.,I trace the echoes where the shadows run.
False,skies,light,"A laugh like morning bursts through the skies,",A melody that stirs the dying light.,"A laugh like morning bursts through the skies,  
A melody that stirs the dying light."
True,change,arrange,"Wanderlust whispers through the winds of change,",A journey calls where dreams and skies arrange.,A journey calls where dreams and skies arrange.
False,skies,sigh,"Amid the thunder of falling skies,",the world holds its breath in a silent sigh.,the world holds its breath in a silent sigh.
True,dream,stream,"Footprints trace where wanderers dream,",The wind carries their silent stream.,The wind carries their silent stream.
False,cracks,break,"In the shadow of despair, hope whispers through the cracks.",A fragile light begins to break.,A fragile light begins to break.
False,breeds,plead,"In shadowed hearts where silence breeds,",A whisper of hope dares to plead.,A whisper of hope dares to plead.
False,hearts,stars,"In still waters, the mirror of hearts.","Reflects the soul's quiet, hidden stars.","Reflects the soul's quiet, hidden stars."
True,flame,frame,"Through laughter’s spark, our hearts first stoked the flame,",Now whispers turn to vows in twilight's frame.,Now whispers turn to vows in twilight's frame.
False,bone,tune,"Though time may steal the breath from bone,",still the heart finds its own tune.,still the heart finds its own tune.
False,glow,lullaby,"Grandmother’s tales clash with the smartphone glow,",A digital storm brews where once there was a lullaby.,A digital storm brews where once there was a lullaby.
True,storm,form,"The scales of justice tremble in the storm,",A whisper of truth breaks through the thunder's form.,A whisper of truth breaks through the thunder's form.
False,breath,trees,"Like dawn breaks soft on summer’s breath,",A silent promise whispers through the trees.,A silent promise whispers through the trees.
True,sway,gray,"Whispers of the wind through leaves that sway,",A secret dance in twilight's gray.,A secret dance in twilight's gray.
True,mark,dark,"With trembling steps, the threshold nears its mark.",A whisper of fate stirs the air's soft dark.,A whisper of fate stirs the air's soft dark.
False,haze,grace,"In city lights or meadow’s gentle haze,",The world breathes softly in the quiet grace.,The world breathes softly in the quiet grace.
False,tune,groove,"Hands clasped in ancient rhythm, the future hums a tune.",Echoes of stars in every groove.,Echoes of stars in every groove.
True,tide,pride,"Each wrinkle whispers tales of time’s gentle tide,",A symphony of years in silent pride.,A symphony of years in silent pride.
False,feigned,chains,"In the glow of screens where connection’s feigned,",truths are lost in pixelated chains.,truths are lost in pixelated chains.
True,yesterday,stay,In whispers down the hall of yesterday.,Echoes of a love that could not stay.,Echoes of a love that could not stay.
True,days,plays,"Through laughter carved in childhood's days,",A melody of joy still plays.,A melody of joy still plays.
False,gaze,tales,"Beneath the cold moon’s unfeeling gaze,",the silent stars whisper forgotten tales.,the silent stars whisper forgotten tales.
True,rise,sighs,"Beneath the sun’s unblinking eye, storms and seasons shift and rise,",The earth exhales in whispered sighs.,The earth exhales in whispered sighs.
False,halls,remains,"The echoes of laughter linger in empty halls,",A silent dance of memories remains.,A silent dance of memories remains.
False,word,lies,"Thunder speaks, yet the stone hears not a word.",The wind whispers where the silence lies.,The wind whispers where the silence lies.
False,eye,skies,"Beneath the moon’s pale, watchful eye,",Whispers of forgotten skies.,Whispers of forgotten skies.
False,alive,dies,"In the tapestry of twilight, hues breathe alive—",Shadows dance where daylight softly dies.,Shadows dance where daylight softly dies.
True,war,door,"Where light and shadow wage their endless war,",The silent stars bear witness to the door.,The silent stars bear witness to the door.
False,song,longings,"In every heartbeat echoes the song,",of a thousand silent longings.,of a thousand silent longings.
False,moments,forever,"In the quiet bloom of shared moments,",we find the echo of forever.,we find the echo of forever.
True,hands,sands,The minutes slip like sand through ancient hands.,Time bends beneath the weight of silent sands.,Time bends beneath the weight of silent sands.
False,danced,embrace,"Laughter echoed where the fireflies danced,",A whisper of stars in the night's embrace.,A whisper of stars in the night's embrace.
False,unanswered,unbidden,"I carve my name in time’s slow tide, unanswered.","You whisper echoes in the void, unbidden.","You whisper echoes in the void, unbidden."
False,storm,home,"A bond that shines through life’s unpredictable storm,","Unbreakable, it guides us home.","Unbreakable, it guides us home."
False,embrace,break,"Whispers of longing in the night's embrace,",A silent prayer that shadows never break.,A silent prayer that shadows never break.
True,tread,dead,"Though shadows creep where daylight dares not tread,",the whisper of ancient winds stirs the dead.,the whisper of ancient winds stirs the dead.
False,light,thread,"In the hush where heavens hum with light,",The dawn unspools its silver thread.,The dawn unspools its silver thread.
True,cast,last,"In flawlessly fractured light, the truth is cast.",A silent scream is all that time will last.,A silent scream is all that time will last.
False,bright,lie,"A whisper starts in stolen glances bright,",A fire kindles where the shadows lie.,"A whisper starts in stolen glances bright,  
A fire kindles where the shadows lie."
False,persuasion,temptation,"The apple bends with sweet persuasion,",its weight a whisper of temptation.,its weight a whisper of temptation.
False,gleam,keep,"Beneath the moon's indifferent, silent gleam,",The stars whisper secrets none can keep.,The stars whisper secrets none can keep.
False,bones,been,"Rage ignites like thunder in the bones,",A tempest brews where silent wars have been.,A tempest brews where silent wars have been.
True,flame,name,"A cage of silence, forged in tyranny's flame,",A whisper of hope dares to break the name.,A whisper of hope dares to break the name.
False,behind,lived,"Time carves wisdom on the lines it leaves behind,",A silent testament to lives once fiercely lived.,A silent testament to lives once fiercely lived.
False,grace,parade,"The earth turns slowly through time's tender grace,",A whisper of seasons in silent parade.,A whisper of seasons in silent parade.
True,flight,night,"Whispers of the hour-glass, sand in silent flight,",time etches memories in the night.,time etches memories in the night.
True,lay,gray,"Beneath the mask we wear, a thousand whispers lay,",A silent battle waged in shades of gray.,A silent battle waged in shades of gray.
False,poetry,years,"Each wrinkle etched like time's slow poetry,",A story whispered in the skin of years.,A story whispered in the skin of years.
True,creep,deep,"Whispers of dread in the shadows creep,",A silent scream echoes in the deep.,A silent scream echoes in the deep.
False,played,gaze,"A bloom unearthed where shadows played,","beneath the moon's pale, watchful gaze.","beneath the moon's pale, watchful gaze."
False,song,trees,My roots are etched in many a song.,Their whispers echo through the trees.,Their whispers echo through the trees.
True,glow,slow,"In the attic of time, memories dust and glow,",A whisper of laughter lingers in the slow.,A whisper of laughter lingers in the slow.
True,cry,sky,"Where chains are whispered into silence, freedom wakes with a cry.",A dawn of feathers breaks the sky.,A dawn of feathers breaks the sky.
True,rise,skies,"On tongues of morning, flavors start to rise,",A symphony of scents in silent skies.,A symphony of scents in silent skies.
True,rise,skies,"Roots entwined where voices rise,",a symphony of ancient skies.,a symphony of ancient skies.
False,blood,struck,"Love blooms in whispers, binds in the blood,",A silent vow etched where the heart is struck.,A silent vow etched where the heart is struck.
False,wrong,crown,"Justice scales the cliffs of right, while shadows feed the wrong.",A silent tempest brews beneath the crown.,A silent tempest brews beneath the crown.
False,hum,sun,"Whispers of winter give way to the spring's soft hum,",blossoms blush beneath the morning's gentle sun.,blossoms blush beneath the morning's gentle sun.
True,air,stair,"Whispers of dread in the midnight air,",A shadowed figure stirs beneath the stair.,A shadowed figure stirs beneath the stair.
True,light,night,"In the mirror of the soul, shadows dance with light.",A silent song of truth and night.,A silent song of truth and night.
True,spring,sing,The whisper of winter gives way to the song of the spring.,"Beneath the thawing sky, life begins to sing.","Beneath the thawing sky, life begins to sing."
False,ignites,light,"In laughter’s glow, where quiet trust ignites,",A promise blooms beneath the stars' soft light.,A promise blooms beneath the stars' soft light.
True,bright,night,"In the garden of life, friendship blooms bright.",A bond that weathers time's gentle night.,A bond that weathers time's gentle night.
False,sun,town,Neon hums where countryside sighs in the sun.,Crimson shadows dance on the edge of the town.,Crimson shadows dance on the edge of the town.
False,gleamed,gloom,"In shadows deep where truth once gleamed,",Now whispers echo through the gloom.,Now whispers echo through the gloom.
True,rise,disguise,"In the shadow's grip, a fragile spark still dares to rise—",A whispered hope that battles the night's cold disguise.,A whispered hope that battles the night's cold disguise.
True,roar,core,"The storm within screams louder than the thunder's roar,",A tempest of sorrow rages in my core.,A tempest of sorrow rages in my core.
True,disguise,eyes,"In whispered shadows, truth dons a disguise,",A silent scream seeks the morning's eyes.,A silent scream seeks the morning's eyes.
False,dwell,souls,"In whispered shadows where the lonely dwell,",the stars keep watch over silent souls.,the stars keep watch over silent souls.
True,sigh,sky,"Whispers of winter melt to spring’s first sigh,",Blossoms awaken in the thawing sky.,Blossoms awaken in the thawing sky.
True,grow,glow,"Two hearts entwined where vows take root and grow,",A promise forged in love's eternal glow.,A promise forged in love's eternal glow.
False,bloom,hum,"In twilight’s breath, where shadows dare to bloom,",The silent stars begin to hum.,The silent stars begin to hum.
True,hum,drum,"O ancestors’ whispers duel with pixels’ hum,",echoes of the past in a digital drum.,"O ancestors’ whispers duel with pixels’ hum,  
echoes of the past in a digital drum."
True,earth,birth,In the hush where heaven's whispers meet the earth.,A sacred silence cradles time and birth.,A sacred silence cradles time and birth.
True,roar,shore,"Shadows fall where the cannons roar,",and silence grips the shore.,and silence grips the shore.
False,remain,frame,"My name may fade, but whispers will remain,",echoing through time's unyielding frame.,echoing through time's unyielding frame.
False,rain,remains,I wield the storm yet tremble at the rain.,A whisper of my soul remains.,A whisper of my soul remains.
True,skin,grin,Time carves its tales in lines upon our skin.,A whisper of memory fades with every grin.,A whisper of memory fades with every grin.
False,edge,dead,"Where whispered lies dance on a blade's sharp edge,",truths are born from the silence of the dead.,truths are born from the silence of the dead.
False,bind,night,"Through laughter’s echo and tears that bind,",the heart finds its way through the night.,the heart finds its way through the night.
True,rise,skies,"Beneath the chain, a song still dares to rise,",A whisper breaks the silence of the skies.,A whisper breaks the silence of the skies.
False,hand,gleam,"The hours slip like sand through time's unyielding hand,",A whisper of moments lost in silent gleam.,A whisper of moments lost in silent gleam.
True,hue,view,"Wheels hum low beneath the morning's hue,",A silent rhythm wakes the sleepy view.,A silent rhythm wakes the sleepy view.
True,trees,seas,"Whispers of wind through the green-lit trees,",A dance of shadows in moonlit seas.,A dance of shadows in moonlit seas.
True,rest,blessed,"In whispers woven, the dagger finds its rest,","In shadows draped, the silent threat is blessed.","In shadows draped, the silent threat is blessed."
False,know,home,"With dawn’s first light, a heart begins to know,",its silent ache has found its home.,its silent ache has found its home.
False,heart,scar,"Like shadows twins upon the heart,","they dance in silence, born of scar.","they dance in silence, born of scar."
False,sigh,grace,"Like dawn embraces twilight’s fading sigh,","The night unfolds in silent, starlit grace.","The night unfolds in silent, starlit grace."
True,groan,stone,"Winds of freedom whisper through chains that groan,",Hope ignites the fire within the stone.,Hope ignites the fire within the stone.
False,unseen,amend,"Whispers of forever carved in bones unseen,",A fleeting touch that time cannot amend.,A fleeting touch that time cannot amend.
False,unknown,glow,"Like dawn breaking silently on a heart unknown,",A whisper of hope takes flight through the morning's soft glow.,A whisper of hope takes flight through the morning's soft glow.
False,lies,remains,The sweetness of trust can hold a thousand lies.,"Yet break it once, and nothing remains.","Yet break it once, and nothing remains."
True,cries,disguise,"The chains of silence clank beneath the breath of rebels' cries,",A storm of voices cracks the night's unyielding disguise.,A storm of voices cracks the night's unyielding disguise.
False,tongue,dark,"Bitter chocolate on a honeyed tongue,",A slow surrender to the sweet and dark.,A slow surrender to the sweet and dark.
True,sigh,sky,"Whispers of spring in winter's last sigh,",blossoms dare to peek through the snow's pale sky.,blossoms dare to peek through the snow's pale sky.
False,entwine,time,"In tangled hearts, two vows entwine,",A silent dance of love and time.,A silent dance of love and time.
False,bare,bare,"Truth wears a mask of light, yet deception shimmers bare.",deception shimmers bare.,deception shimmers bare.
False,cling,lullaby,"In twilight’s grasp, where shadows cling,",The silence hums a lullaby.,The silence hums a lullaby.
False,free,gaze,Whispers weave where wild hearts run free.,Beneath the moon's unblinking gaze.,Beneath the moon's unblinking gaze.
True,gleam,seem,"Beneath soft words, the dagger of truth may gleam,",Yet silence cradles the wound it could not seem.,Yet silence cradles the wound it could not seem.
False,night,dark,"Winds of liberty weep through the chains of the night,",A silent rebellion stirs in the dark.,A silent rebellion stirs in the dark.
True,sway,gray,"In twilight’s breath, where shadows softly sway,",the stars awaken in the silent gray.,the stars awaken in the silent gray.
False,veins,time,"Beneath the storm of silent rage, tempests thrive in beating veins.",Thunder murmurs in the veins of time.,Thunder murmurs in the veins of time.
False,rooms,bloomed,Whispers of yesterday linger in the dust of forgotten rooms.,Eyes of memory trace the shadows where the light once bloomed.,Eyes of memory trace the shadows where the light once bloomed.
True,song,along,"In shadows of the past, my heart repeats an ancient song.",A whisper of forgotten wings still sings along.,A whisper of forgotten wings still sings along.
False,disguise,disguise,"Justice wears a crown of light, injustice, shadows in disguise,",shadows in disguise.,shadows in disguise.
False,dwell,fallen,"In the silent chambers where dread and dread dwell,",shadows dance with the ghosts of the fallen.,shadows dance with the ghosts of the fallen.
True,boughs,vows,"Whispers of the wind through ancient boughs,",A lullaby for time’s forgotten vows.,A lullaby for time’s forgotten vows.
False,awake,claims,"Beneath the mirror’s gaze, a thousand whispered names awake.","A shadow dances, tracing silent claims.","A shadow dances, tracing silent claims."
False,gleam,meaning,"Beneath soft words, the dagger of truth may gleam.",Yet silence often speaks with louder meaning.,Yet silence often speaks with louder meaning.
True,snow,below,"Friendship is the sun that melts the snow,",and warms the heart with light below.,and warms the heart with light below.
False,storm,yearning,"A flawless rose still trembles in the storm,",its petals trembling with a silent yearning.,its petals trembling with a silent yearning.
True,sing,cling,"My name may fade, but my shadow shall sing.",Through silent halls where the echoes still cling.,Through silent halls where the echoes still cling.
True,skies,sighs,"Time-honored flames meet electric skies,",Ignite the night with ancient sighs.,Ignite the night with ancient sighs.
False,read,time,Each wrinkle etched is a tale the sun has read.,A silent verse in the skin of time.,A silent verse in the skin of time.
True,tread,wed,"The tempest rages where restraint once tread,",Now shadows dance where light had been wed.,Now shadows dance where light had been wed.
False,unknown,soared,"Beneath the mask I’ve worn for years, a silent echo stirs, unknown.",A shadow dances where the light once soared.,A shadow dances where the light once soared.
False,breath,earth,"In the quiet hours, when stars hold their breath,",the moon whispers secrets to the sleeping earth.,the moon whispers secrets to the sleeping earth.
False,gleams,redeeming,"In every flaw, the light of perfection gleams.","A mirror to the soul, both broken and redeeming.","A mirror to the soul, both broken and redeeming."
True,wander,ponder,"Whispers roam where wild things wander,",Through moonlit glades they softly ponder.,Through moonlit glades they softly ponder.
False,fire,reply,"With trembling hand I light the fire,",The shadows dance in whispered reply.,The shadows dance in whispered reply.
False,skies,night,"Whispers of velvet dance with crimson skies,",A fleeting dream upon the wings of night.,A fleeting dream upon the wings of night.
True,light,ignite,"In the quiet heartbeat of the morning light,",Whispers of dawn begin to ignite.,Whispers of dawn begin to ignite.
False,thrives,skies,"Brushstrokes of thought dance where wild imagination thrives,",A symphony of colors breathes through silent skies.,A symphony of colors breathes through silent skies.
True,unseen,scene,A flawless curve holds cracks unseen—,A silent truth beneath the scene.,"A flawless curve holds cracks unseen—  
A silent truth beneath the scene."
True,tight,night,A whispered truth can sever ties spun tight.,A single word can unravel the night.,A single word can unravel the night.
False,cling,wings,"In shadowed halls where whispers cling,",echoes dance in silent wings.,echoes dance in silent wings.
False,light,black,"In the shadow of the night, hope whispers light.",A fragile flame ignites the silent black.,A fragile flame ignites the silent black.
False,life,tide,"Where whispering forests pulse with life,",the moonlight dances on the tide.,the moonlight dances on the tide.
False,road,glade,"Beneath the moon’s unblinking eye, I start upon the road.",I chase the stars through shadowed glade.,I chase the stars through shadowed glade.
True,stir,fur,"In the attic of the heart, old echoes still stir.","Whispers of what once was, now lost to the fur.","Whispers of what once was, now lost to the fur."
True,entwine,design,"A heartbeat hums where two souls entwine,",A whisper of fate in the silent design.,A whisper of fate in the silent design.
False,tread,unfurled,"Two hearts entwined, one path they tread,","A single soul, a love unfurled.","A single soul, a love unfurled."
False,change,dance,"Whispers of wind weave through skies of change,",A promise of seasons in silent dance.,A promise of seasons in silent dance.
False,dance,note,Colors whisper where the silent brushes dance.,A symphony of hues without a single note.,A symphony of hues without a single note.
False,mind,deep,"Old hands shaping clay, new screens shape the mind,",Digital currents run deep.,Digital currents run deep.
False,ears,down,"Beneath the mask I’ve worn for years, a stranger whispers in my ears.",A silent plea to tear it down.,A silent plea to tear it down.
False,entwine,rhyme,"In whispers of the soul, where light and longing entwine,",the stars kneel low to trace the path of a forgotten rhyme.,the stars kneel low to trace the path of a forgotten rhyme.
False,forgot,dark,"Through mirrors of memory, I search for the face that time forgot.","A ghostly echo of laughter, now lost in the dark.","A ghostly echo of laughter, now lost in the dark."
False,force,force,"Justice whispers truth, but injustice roars, drowning right in the storm of its force.",drowning right in the storm of its force.,drowning right in the storm of its force.
False,plays,boughs,"In whispered woods where shadow plays,",The moonlight weaves through ancient boughs.,The moonlight weaves through ancient boughs.
True,time,rhyme,The ghost of yesterday whispers through the keys of time.,A symphony of memories plays in silent rhyme.,A symphony of memories plays in silent rhyme.
True,hide,tide,"A whisper of warmth that the heart cannot hide,",A spark that dances in midnight's tide.,A spark that dances in midnight's tide.
False,bend,wind,"In shadowed scales, the scales of truth bend—",A whisper tests the weight of wind.,A whisper tests the weight of wind.
False,prowl,stone,"In shadowed woods where whispers prowl,",the moonlight dances on silent stone.,the moonlight dances on silent stone.
False,intertwine,entwined,"In vows woven tight, two hearts intertwine,","A tapestry of time, forever entwined.","A tapestry of time, forever entwined."
False,tome,grooves,"The years fold like pages in a gently-worn tome,","time whispers its stories in soft, forgotten grooves.","time whispers its stories in soft, forgotten grooves."
True,thread,led,"Two souls entwined in time’s soft thread,",A dance of shadows where hearts are led.,A dance of shadows where hearts are led.
False,rise,sky,"Whispers of winter melt into spring's gentle rise,","Blossoms blush beneath a thawing, hopeful sky.","Blossoms blush beneath a thawing, hopeful sky."
True,hush,rush,"In city's hum or meadow's hush,",the soul finds its quiet rush.,the soul finds its quiet rush.
True,time,rhyme,"Carved in stone or whispered through time,",the truth remains etched in the silent rhyme.,the truth remains etched in the silent rhyme.
False,danced,breeze,"Laughter echoes where the fireflies danced,",A whisper of summer lingers in the breeze.,A whisper of summer lingers in the breeze.
True,are,far,"Love is the thread that weaves through all we are,","and binds the heart in silence, deep and far.","and binds the heart in silence, deep and far."
False,wick,dark,Time drifts like ash on a fading wick.,A whisper of dusk in the silent dark.,A whisper of dusk in the silent dark.
True,grain,rain,"The hourglass bleeds its final grain,",Time dissolves in silent rain.,Time dissolves in silent rain.
False,quench,deeprench,"A glance can spark a flame that time won’t quench,",A whisper can ignite a soul's deeprench.,A whisper can ignite a soul's deeprench.
False,dawn,bane,"When cannons roared at Waterloo's dawn,",The sky was shrouded in a crimson bane.,The sky was shrouded in a crimson bane.
True,stage,wage,"A dance of spices on the tongue's sweet stage,",A symphony of fire and sugar's wage.,"A dance of spices on the tongue's sweet stage,  
A symphony of fire and sugar's wage."
False,breath,chest,"Like thunder caged in silent breath,",I hold the storm within my chest.,I hold the storm within my chest.
False,sworn,known,"In whispered lies where trust was sworn,",echoes of a heart no longer known.,echoes of a heart no longer known.
True,embrace,trace,"Whispers of winter to summer's embrace,",A fleeting farewell beneath spring's soft trace.,A fleeting farewell beneath spring's soft trace.
False,wires,wires,"Old hymns hummed by ancient fires, now duet with the drone of wires.","Echoes of the past now hum through circuits, threading time with silent wires.","Echoes of the past now hum through circuits, threading time with silent wires."
False,one,time,We are threads in the fabric of many voices one.,Whispering tales through the loom of time.,"We are threads in the fabric of many voices one.  
Whispering tales through the loom of time."
False,through,bloom,"In flawless cracks, the light slips through.",A silent hymn begins to bloom.,A silent hymn begins to bloom.
False,still,swell,"A silent nod speaks volumes when the world is still,",Whispers of understanding in the quiet swell.,"A silent nod speaks volumes when the world is still,  
Whispers of understanding in the quiet swell."
False,dawn,stone,"In flaw's soft glow, perfection finds its dawn,",A whisper of light breaks through the stone.,A whisper of light breaks through the stone.
True,lies,rise,"In silvered tongues, the serpent lies,","coiled in shadows, waiting to rise.","coiled in shadows, waiting to rise."
True,ache,lake,"In twilight's breath, hope whispers through despair's bitter ache.",A silent flame ignites the shadowed lake.,A silent flame ignites the shadowed lake.
False,know,drawn,"Where hearthlight dances on the walls I know,",the season's breath is softly drawn.,the season's breath is softly drawn.
True,dreams,streams,"Beneath the stars where night winds whisper dreams,",the moonlight traces paths through silent streams.,the moonlight traces paths through silent streams.
False,weave,breathe,"Rooted in rhythm, threads of tradition weave,","A tapestry of time, through generations breathe.","A tapestry of time, through generations breathe."
True,shy,sigh,"In shadows deep where light is shy,",whispers dance on silent sigh.,whispers dance on silent sigh.
True,sway,day,"Where shadowed scales of justice sway,",A silent whisper fills the day.,A silent whisper fills the day.
True,breeze,trees,"Whispers of laughter dance on the breeze,",A gentle echo of joy in the trees.,A gentle echo of joy in the trees.
True,dwell,spell,"A hearth’s soft glow where scattered memories dwell,",Echoes of laughter in the flickering spell.,"A hearth’s soft glow where scattered memories dwell,  
Echoes of laughter in the flickering spell."
False,air,dark,"Where shared breath paints the air,",A whisper blooms in the dark.,A whisper blooms in the dark.
False,dream,schemes,"Silent thief of moment and dream,",steals the light from waking schemes.,steals the light from waking schemes.
True,flight,light,"In quiet hearts where whispered prayers take flight,",eternal peace finds its gentle light.,eternal peace finds its gentle light.
True,name,claim,"Whispers of light where the soul finds its name,",echoes in the dark where the stars dare to claim.,echoes in the dark where the stars dare to claim.
False,glow,above,"Beneath the moon's soft, whispering glow,",the stars trace silent paths above.,the stars trace silent paths above.
False,night,breeze,"Echoes of laughter drift through hollowed streets where silence claims the night,",A ghostly whisper dances on the breeze.,A ghostly whisper dances on the breeze.
False,flight,embrace,"Beneath the sky where childhood dreams take flight,",The stars awaken in the twilight's embrace.,The stars awaken in the twilight's embrace.
False,play,shade,"Beneath the mask where whispers play,",A silent heart beats in the shade.,A silent heart beats in the shade.
False,blue,tune,"The sky weaves tales in gray or blue,",The wind hums soft through trees in tune.,The wind hums soft through trees in tune.
True,sweep,sleep,"Beneath the tower's shadow or the willow's swaying sweep,",The moonlight dances where the forgotten dreams still sleep.,The moonlight dances where the forgotten dreams still sleep.
False,sighs,high,"Beneath the boughs where twilight softly sighs,",A secret dreams in silence woven high.,A secret dreams in silence woven high.
False,intertwine,sun,"Through the years, like roots that intertwine,",we've weathered storms and shared the sun.,we've weathered storms and shared the sun.
False,sky,light,"The old oak groans beneath the neon sky,",its roots entwined with ghosts of fading light.,its roots entwined with ghosts of fading light.
True,night,sight,"Shadows of steel whisper through the night,",A silent war is waged in sight.,A silent war is waged in sight.
True,blew,true,"Whispers of winds through the ages have blew,",A tale of storms both fierce and true.,A tale of storms both fierce and true.
True,one,sun,"Roots entwined where hearts beat as one,",Spirits rise through the silent sun.,Spirits rise through the silent sun.
False,deep,understood,"In every flaw, a shadow of perfection’s light hides deep,",where silent beauty waits to be understood.,where silent beauty waits to be understood.
False,rise,above,"In quiet whispers, the soul's prayers rise,",A silent hymn to the stars above.,A silent hymn to the stars above.
True,new,hue,"Whispers of winds through ancient and new,",echoes of time in every hue.,echoes of time in every hue.
False,dreams,light,"With brushes dipped in whispered dreams,",they paint the sky with strokes of light.,they paint the sky with strokes of light.
True,past,last,"Whispers of time in the dust of the past,",echoes of laughter now lost to the last.,echoes of laughter now lost to the last.
False,sigh,lay,"Whispers of wind through a warming world's sigh,",Beneath the sky where the ice once lay.,Beneath the sky where the ice once lay.
True,loom,gloom,"Threads of love woven through years of the same loom,",A tapestry stitched with time's gentle gloom.,A tapestry stitched with time's gentle gloom.
False,long,belonged,"The dusk of life casts shadows long,",A whisper fades where joy once belonged.,A whisper fades where joy once belonged.
False,story,echo,Roots entwined in shared heartbeat and story.,Blossoms bloom where ancestors' dreams echo.,Blossoms bloom where ancestors' dreams echo.
True,skin,within,Embers of rage beneath the skin.,A storm waits to be born from within.,A storm waits to be born from within.
True,plight,night,"Where scales of justice tip with tears of plight,",A whisper of hope breaks through the night.,A whisper of hope breaks through the night.
False,fear,heard,"In shackles forged by silent fear,",I walk a path where hope is heard.,I walk a path where hope is heard.
False,resided,smile,"Shadows stretch where laughter once resided,",silence now holds the echoes of a smile.,silence now holds the echoes of a smile.
False,songs,time,"Roots etched deep in ancient songs,",branches echo through the bones of time.,branches echo through the bones of time.
False,skyscrapers,meet,"The old oaks whisper tales to new steel skyscrapers,",time bends to listen where the roots and wires meet.,time bends to listen where the roots and wires meet.
True,roar,core,"Though flesh may fade and time may roar,",the soul still whispers in the core.,the soul still whispers in the core.
False,tongues,night,"Whispers of spice dance on eager tongues,",A symphony of flavors stirs in the night.,A symphony of flavors stirs in the night.
False,tight,know,"A crown of thunder, a fist clenched tight,","Storm in the bones, the world must know.","A crown of thunder, a fist clenched tight,  
Storm in the bones, the world must know."
True,breath,death,"In whispers of brushstroke and melody's breath,",The world awakens in hues of memory's death.,The world awakens in hues of memory's death.
True,glow,go,"Wheels spin beneath the dawn's first glow,",A whisper of journey yet to go.,A whisper of journey yet to go.
False,steal,keep,"First love is a whisper the stars dare not steal,",A fleeting flame that burns too bright to keep.,A fleeting flame that burns too bright to keep.
True,fade,shade,"Ancient rites in twilight’s fade,",sacred whispers trace the shade.,sacred whispers trace the shade.
True,sand,band,"The hands of morning trace the sand,",A whisper of dawn on the shore's unyielding band.,"The hands of morning trace the sand,  
A whisper of dawn on the shore's unyielding band."
True,light,night,"Beneath soft lips, lies wear the mask of light,",A secret bloom in shadowed night.,A secret bloom in shadowed night.
True,sail,pale,"In whispered hopes, the heart sets sail.","On silent tides, it dares to pale.","On silent tides, it dares to pale."
False,breath,been,Whispers echo in the hollow of an unshared breath.,A silent hymn drifts where the light has never been.,A silent hymn drifts where the light has never been.
False,clover,river,"The reaper's scythe whispers through the clover,",A harvest of silence falls upon the river.,A harvest of silence falls upon the river.
False,prayer,fear,"Shadows claim the hearts we held dear, silent as a whispered prayer.",Eyes once bright now lost to fear.,Eyes once bright now lost to fear.
False,unfurled,unfurl,"In whispered light, our hearts ignite with visions yet unfurled.",A silent dance of stars begins to unfurl.,A silent dance of stars begins to unfurl.
False,breathes,dreams,"Beneath soft lies, the truth in shadows breathes,",A silent cry escapes the depths of dreams.,A silent cry escapes the depths of dreams.
True,cast,passed,"A mirror of the soul in shadows cast,",Whispers of the heart in silence passed.,"A mirror of the soul in shadows cast,  
Whispers of the heart in silence passed."
False,remain,flame,"A hearth where whispers of the past remain,",echoes in the smoke that lingers on the flame.,echoes in the smoke that lingers on the flame.
True,night,white,"I traced my shadow 'cross a mirrored night,",The stars reflected back in silent white.,The stars reflected back in silent white.
True,time,rhyme,"A cradle’s whisper, threads through time,",Echoes of a lullaby in the moon’s soft rhyme.,"A cradle’s whisper, threads through time,  
Echoes of a lullaby in the moon’s soft rhyme."
False,tred,tread,"Winds whisper secrets of roads seldom tred,",paths where only stars dare tread.,paths where only stars dare tread.
False,bold,grown,"The torch of time ignites in flashes bold,","Through centuries' veil, its light has grown.","Through centuries' veil, its light has grown."
False,night,fire,Winds of freedom whisper through chains of oppression's night.,"A spark ignites the silent, sleeping fire.","A spark ignites the silent, sleeping fire."
True,feet,defeat,"Winds of the world whisper through wandering feet,",A tale of the soul lost in silent defeat.,A tale of the soul lost in silent defeat.
True,stone,unknown,"Whispers of time etch echoes on the stone,",A silent hymn to memories unknown.,A silent hymn to memories unknown.
False,long,night,"Seconds crawl like shadows long,",stretching through the silent night.,stretching through the silent night.
False,truths,vows,"In twilight’s grasp, where shadows whisper truths,","The stars ignite their silent, ancient vows.","The stars ignite their silent, ancient vows."
False,tread,denied,"Beneath soft words, the shadow of a lie may tread,","Yet truth remains, a flame that cannot be denied.","Yet truth remains, a flame that cannot be denied."
False,part,silence,"When whispered vows in shadows part,",the heart is left to break in silence.,the heart is left to break in silence.
True,trees,seas,"Whispers of the wind through ancient trees,",Sing tales of time to slumbering seas.,Sing tales of time to slumbering seas.
True,time,rhyme,"Beneath a sky where stars won’t listen, silent screams fold into rusted time.","The moon, a ghost, repeats its ancient rhyme.","The moon, a ghost, repeats its ancient rhyme."
True,rhyme,time,"In whispers of light, the soul finds its rhyme.",A silent tune echoes through time.,A silent tune echoes through time.
False,life,tide,"Joy dances lightly on the breeze of life,",A whisper of hope in the morning tide.,A whisper of hope in the morning tide.
True,flight,ignite,"In starlit whispers, hopes take flight,",dreams ignite.,dreams ignite.
True,flight,light,"Where pigment meets vision, ideas take flight,",Dreams are reborn in strokes of light.,Dreams are reborn in strokes of light.
False,stars,arms,Pack the dawn in a suitcase of stars.,Whisper the night into a dreamer's arms.,Whisper the night into a dreamer's arms.
False,hands,hands,"Time etches its tale in the lines of our hands,",A silent chronicle written by time's gentle hands.,A silent chronicle written by time's gentle hands.
False,awakes,break,"In quiet whispers, the divine awakes,",A veil of stars begins to break.,A veil of stars begins to break.
False,sing,night,"In strokes of light, the soul begins to sing,",A whisper of dawn breaks through the night.,A whisper of dawn breaks through the night.
False,days,fade,Soft laughter lingers in the dust of old summer days.,Whispers of time dance where the fireflies fade.,Whispers of time dance where the fireflies fade.
False,born,heard,"In the shadow of the storm, a fragile light is born.",A whisper of hope dares to be heard.,A whisper of hope dares to be heard.
False,roamed,fold,A hollow silence where their laughter roamed.,Now echoes fade in memory's fold.,Now echoes fade in memory's fold.
True,ahead,thread,"With a heart aglow and the road ahead,","lies the promise of dawn's soft, golden thread.","lies the promise of dawn's soft, golden thread."
False,send,gleam,"Stars whisper the hopes our hearts dared to send,","Into the endless night, they soar and gleam.","Into the endless night, they soar and gleam."
True,tread,dread,"In shadows deep, my racing heart does tread,","A whispered hope, a trembling breath, I dread.","A whispered hope, a trembling breath, I dread."
True,gleam,beam,"Two hearts entwined where promises gently gleam,",A whispered vow beneath the stars’ soft beam.,A whispered vow beneath the stars’ soft beam.
True,prime,time,"When tempers flare like storms in prime,",hearts are split by winds of time,hearts are split by winds of time
False,peace,street,"Shadows rise where once there stood the light of peace,",A silent war now claims the sacred street.,A silent war now claims the sacred street.
True,hue,blew,"Whispers of velvet, symphonies in hue,",The stars dance low where the midnight winds blew.,The stars dance low where the midnight winds blew.
True,true,hue,"A bond unseen, yet ever so true,","binds hearts in silence, through time's quiet hue.","binds hearts in silence, through time's quiet hue."
True,sky,lie,"In the clash of chains and open sky,",A silent cry defies the lie.,A silent cry defies the lie.
False,chest,unleashed,"Beneath the tempest of a thunderous chest,",A hurricane of whispers is unleashed.,A hurricane of whispers is unleashed.
True,dawn,drawn,Winds of liberty whistle through chains rusting in the dawn.,Echoes of rebellion stir where silence once was drawn.,Echoes of rebellion stir where silence once was drawn.
False,hands,wind,"Roots tangled in stories, passed through time's gentle hands,",seeds of memory whisper in the wind.,seeds of memory whisper in the wind.
False,lingered,trees,"A shadow stirs where light once lingered,",A whisper hums through the hollow trees.,A whisper hums through the hollow trees.
True,reciting,writing,"The road is a verse the world keeps reciting,",And the traveler is the rhyme that time is writing.,And the traveler is the rhyme that time is writing.
True,away,gray,"Spring whispers life as winter drifts away,",Blossoms blush beneath the morning's pale gray.,Blossoms blush beneath the morning's pale gray.
False,hymn,dawn,Steel canyons pulse with midnight’s electric hymn.,A whispering wind carries the ghost of dawn.,A whispering wind carries the ghost of dawn.
False,road,hold,"Wings of dawn kissed the open road,",A whisper of twilight dared to hold.,A whisper of twilight dared to hold.
True,sings,wings,"In the mirror of memory, my heritage quietly sings,",A symphony of echoes from ancestors' wings.,A symphony of echoes from ancestors' wings.
False,breeze,tree,"Whispers of laughter on a summer breeze,",Dancing through leaves in a golden tree.,Dancing through leaves in a golden tree.
False,boots,books,"Truth wears a crown of dust, while lies wear gilded boots,",yet step in shadowed halls where silence speaks in books.,yet step in shadowed halls where silence speaks in books.
False,leaf,wept,"I clenched the storm, yet whispered to the leaf—",the wind heard me and wept.,the wind heard me and wept.
False,rage,frame,"Roots etched in history's page, I dance in the rain of many a culture's strange, yet tender rage.",I trace the wounds and bloom through time's unyielding frame.,I trace the wounds and bloom through time's unyielding frame.
False,past,erase,"Like whispers through the dust of days long past,",echoes of a love that time could not erase.,echoes of a love that time could not erase.
True,align,entwine,We find our roots where heartbeats align.,In the quiet spaces where dreams and stars entwine.,In the quiet spaces where dreams and stars entwine.
False,sigh,rise,"Whispers of winter melt to spring’s gentle sigh,","beneath the thawing branches, life begins to rise.","beneath the thawing branches, life begins to rise."
True,time,rhyme,"A bond unseen, yet stronger than time,",roots it in the heart's quiet rhyme.,roots it in the heart's quiet rhyme.
True,play,gray,"In whispered woods where shadows play,",the moonlight weaves through leaves of gray.,the moonlight weaves through leaves of gray.
True,skies,sighs,"Roots etched in ancient tongues and modern skies,",whispers of the earth in celestial sighs.,whispers of the earth in celestial sighs.
True,lay,fray,"Fury burns where calm once lay,",A tempest's breath now stirs the fray.,A tempest's breath now stirs the fray.
False,stays,erase,"In quiet hearts where light eternal stays,",The silent flame that time cannot erase.,The silent flame that time cannot erase.
False,true,broke,"Through storm and still, a bond held true,",A silent promise neither broke.,"Through storm and still, a bond held true,  
A silent promise neither broke."
False,tree,freely,"Beneath the boughs of time’s slow-growing tree,",whispers of forgotten dreams drift freely.,whispers of forgotten dreams drift freely.
True,sunrise,goodbyes,"As the world tilts toward new eyes, the dawn claims its sunrise.",The horizon blushes with whispered goodbyes.,The horizon blushes with whispered goodbyes.
False,clung,silenced,"Whispers of liberty rise where shadowed chains once clung,",A flame reborn in hearts long silenced.,A flame reborn in hearts long silenced.
False,breathe,tease,"Beneath the brush, where colors breathe,",Secrets of the earth quietly tease.,Secrets of the earth quietly tease.
True,light,night,"In the mirror of the soul, shadows dance with light.",A silent song of truths and endless night.,A silent song of truths and endless night.
False,dreams,theme,"Bubbles rise in morning’s gleam, laughter hums in dreams.",A whisper of the wind's soft theme.,A whisper of the wind's soft theme.
False,oblivion,lean,"In twilight’s embrace, the heart stands between dawn and oblivion.",A silent question hums where shadows gently lean.,A silent question hums where shadows gently lean.
True,embrace,grace,"In the quiet cradle of memory’s embrace,",time’s soft whisper traces faded grace.,time’s soft whisper traces faded grace.
False,rest,lost,"A hearth's soft glow where whispers rest,",Embers hum a lullaby for the lost.,"A hearth's soft glow where whispers rest,  
Embers hum a lullaby for the lost."
False,sail,time,"In starlit whispers, our hearts set sail,","on winds of longing, we drift through time.","on winds of longing, we drift through time."
True,sail,trail,"Whispers of ambition on night's soft sail,",drift through the silence where dreams take their trail.,drift through the silence where dreams take their trail.
False,trees,memories,"Whispers of the wind through ancient trees,",sing a lullaby to memories.,sing a lullaby to memories.
False,dance,entwine,"Bitter, sweet, the flavors dance,","on tongues of fire, they entwine.","on tongues of fire, they entwine."
False,divine,between,"In the quiet whispers where the heart meets the divine,",The soul finds its echo in the silence between.,The soul finds its echo in the silence between.
False,light,cold,"The dagger of betrayal shines where trust once bloomed in the moon’s pale light,","Now shadows dance where vows were shattered, silent and cold.","Now shadows dance where vows were shattered, silent and cold."
True,land,sand,"Shadows of steel descend upon the land,",A silent war has begun in the sand.,A silent war has begun in the sand.
True,embrace,trace,Whispers of rustle in a rainbow’s embrace—,A symphony of shadows dares to trace.,A symphony of shadows dares to trace.
True,all,sprawl,"Grandmother's hymns still hum in the walls, yet the internet sings through the smartphones of us all.",The echoes of her voice now blend with the static of our digital sprawl.,The echoes of her voice now blend with the static of our digital sprawl.
True,air,care,"Though bones to dust and whispers fade to air,",Yet echoes linger in the silent care.,Yet echoes linger in the silent care.
False,entwine,time,"In whispers of forever, two hearts entwine.",A single breath holds the world in its time.,A single breath holds the world in its time.
False,breathe,sleep,"Concrete hums where the streetlamps breathe,",a symphony of shadows in the city's sleep.,a symphony of shadows in the city's sleep.
False,breath,slumber,"Whispers of spring in the frost’s last breath,",Blossoms begin to break their slumber.,Blossoms begin to break their slumber.
False,conspire,night,"Beneath the same sky, two shadows conspire—",A silent pact woven through the night.,A silent pact woven through the night.
False,time,vines,"In the quiet rhythm of a shared heartbeat, family roots hold fast to time.","Through generations, stories bloom like vines.","Through generations, stories bloom like vines."
False,heard,air,"The silent ache where laughter once was heard,",now lingers in the hollowed air.,now lingers in the hollowed air.
False,sky,dawn,"In the shadow of cannon's cry, dreams lie battered and torn under sky.",A whisper of hope still clings to the dawn.,A whisper of hope still clings to the dawn.
False,flame,yesterday,"With trembling hand, I reach beyond the light of childhood’s flame.","Into the dark, where shadows whisper tales of yesterday.","Into the dark, where shadows whisper tales of yesterday."
True,way,decay,"In flawless cracks, the light finds its way.","Through silent veins, the shadows decay.","Through silent veins, the shadows decay."
False,design,design,"Perfection hums in flawless lines, imperfection dances there by design.",imperfection dances there by design.,imperfection dances there by design.
True,light,plight,"Whispers of autumn kiss the fading light,","The trees don't speak, but the wind knows their plight.","The trees don't speak, but the wind knows their plight."
False,shine,years,"In the weave of voices, threads of kinship shine,",A tapestry woven through the years.,A tapestry woven through the years.
False,dreams,streets,"Concrete hums where the city dreams,",steel veins pulse beneath the streets.,steel veins pulse beneath the streets.
False,youth,flute,"Laughter echoing through the fields of my youth,",Memories dance on the wind like a ghostly flute.,Memories dance on the wind like a ghostly flute.
False,wall,prayer,"The clock's silent hands carve shadows on the wall,",Time slips through the cracks like whispered prayer.,Time slips through the cracks like whispered prayer.
False,hush,trust,"Amid the city's thunder or the countryside's hush,","I find my peace in whispered, fleeting trust.","I find my peace in whispered, fleeting trust."
False,rise,light,"Whispers of winter melt into the breath of spring’s soft rise,",a silent hymn of thawing light.,a silent hymn of thawing light.
True,chain,reign,"Wings of dawn struggle against the night's iron chain,",A whisper of hope dares to break the silent reign.,A whisper of hope dares to break the silent reign.
False,tree,breeze,"Laughter echoed beneath the willow tree,",A secret wish was whispered to the breeze.,A secret wish was whispered to the breeze.
True,sown,grown,"Two hearts entwined where vows are sown,",A single flame in shadows grown.,A single flame in shadows grown.
True,true,undo,"Two hearts entwined, a vow so true,",A love that time cannot undo.,A love that time cannot undo.
False,rise,sigh,"Neon hums where the tall buildings rise,",shadows stretch beneath a silver sigh.,shadows stretch beneath a silver sigh.
True,name,came,"I wandered through the echoes of my name,",A whisper traced the shadows where I came.,A whisper traced the shadows where I came.
False,breath,breeze,"Whispers of winter melt to spring's gentle breath,",petals dance on the thawing breeze.,petals dance on the thawing breeze.
False,night,dark,"In silent crowds, we pass like shadows through a fractured night.","A whisper of longing, unseen, yet etched in the dark.","A whisper of longing, unseen, yet etched in the dark."
False,sigh,time,"The whispering winds through ancient trees sigh,",A secret song of seasons lost to time.,A secret song of seasons lost to time.
True,roar,door,"The storm inside begins to roar,",A tempest brews in every door.,A tempest brews in every door.
False,crumble,lament,"In shadowed palms, where empires rise and crumble,",time whispers secrets to the wind's lament.,time whispers secrets to the wind's lament.
False,tread,snow,"Each year a whisper, time's soft tread,",A silent hymn beneath the snow.,A silent hymn beneath the snow.
True,hold,untold,"Thunder rolls within my chest, a storm no sky can hold,",I am the tempest born from souls untold.,I am the tempest born from souls untold.
True,stay,gray,"A hearth of memories where the heart’s whispers stay,",echoes of laughter in the dusk's gentle gray.,"A hearth of memories where the heart’s whispers stay,  
echoes of laughter in the dusk's gentle gray."
False,sing,flight,"In brushstrokes and dreams, the soul begins to sing,",A symphony of colors takes flight.,A symphony of colors takes flight.
False,name,remain,"The world turns on the flick of a flame, then chokes on the wind's empty name.",A whisper fades where shadows remain.,"The world turns on the flick of a flame, then chokes on the wind's empty name.  
A whisper fades where shadows remain."
True,flight,light,"In whispered prayers, the soul takes flight,","Through veils of night, it finds its light.","Through veils of night, it finds its light."
False,breath,past,"My heritage sings in the rhythm of my breath,",A symphony woven from the roots of my past.,A symphony woven from the roots of my past.
True,past,last,"Amidst the dust of ages past,",echoes of forgotten vows still last.,echoes of forgotten vows still last.
False,machines,gleam,"Ancestors' whispers clash with the hum of smart machines,",A tapestry of old and new begins to gleam.,A tapestry of old and new begins to gleam.
True,true,new,"In quiet moments, hearts speak true—",whispers of the soul make it new.,whispers of the soul make it new.
False,best,breath,"I placed my faith in the hands I knew best,",Yet the storm took everything but my breath.,Yet the storm took everything but my breath.
False,bones,dawn,"Thunderclaps in leaders' throats, silence gnaws the weak their bones.","The strong rise trembling, forged in echoes of the dawn.","The strong rise trembling, forged in echoes of the dawn."
False,dawn,stone,"Where silhouettes of chains cling tight to dawn,",the sky weeps silver through the fractured stone.,the sky weeps silver through the fractured stone.
True,lanes,chains,"Whispers of the past drift through forgotten lanes,",Echoes of ancient dreams still weave their unseen chains.,Echoes of ancient dreams still weave their unseen chains.
False,spring,sang,"A whisper of dawn in the heart’s first tender spring,",A bloom of light where forgotten dreams once sang.,A bloom of light where forgotten dreams once sang.
False,whispers,kiss,"Through shadows of self, my true face whispers.","A mirror of stars, my soul begins to kiss.","A mirror of stars, my soul begins to kiss."
False,skies,sky,"Old hands carve roots, new winds build skies,",tides of time reshape the bones of the sky.,tides of time reshape the bones of the sky.
True,delight,light,"Laughter dances on the breeze, a whisper of delight.",A melody that lifts the light.,A melody that lifts the light.
False,wander,ground,Shadows whisper secrets where the silent stars neglect to wander.,"The moonlight weeps in silver tears upon the ancient, hollow ground.","The moonlight weeps in silver tears upon the ancient, hollow ground."
False,crude,subdue,"The storm in my chest roars loud and crude,",A tempest of memories I cannot subdue.,A tempest of memories I cannot subdue.
True,flame,name,"The dawn of years unfolds in silent flame,",A whisper of time etched in ancient name.,A whisper of time etched in ancient name.
True,night,flight,"Like shadows stirred by whispers in the night,",Eyes of silver gleam with silent flight.,Eyes of silver gleam with silent flight.
False,breath,leaf,"A bloom of hearts in spring’s first breath,",whispers of hope on every leaf.,"A bloom of hearts in spring’s first breath,  
whispers of hope on every leaf."
True,confined,entwined,The storm within a chest confined.,"A whisper fierce, a heart entwined.","A whisper fierce, a heart entwined."
True,unsung,sung,"Amidst the swirl of hues and symphonies unsung,",The silence hums a tune the stars have never sung.,The silence hums a tune the stars have never sung.
True,name,claim,"In silent corridors where shadows know my name,",The echo of my heart is all that dares to claim.,The echo of my heart is all that dares to claim.
True,lay,day,"Whispers of absence where laughter once lay,",echoes of a silent day.,echoes of a silent day.
False,truths,knew,"Time’s pages echo with fire-lit truths,",whispers of what the stars once knew.,whispers of what the stars once knew.
True,night,ignite,"Whispers of hope in the heart’s quiet night,",A candle’s flame dares to ignite.,A candle’s flame dares to ignite.
True,known,moan,"Storms whisper secrets the winds have known,",through veils of shadow and thunder's moan.,through veils of shadow and thunder's moan.
False,fires,night,"In shadows cast by towering spires, whisper the cries of silent fires.",Ashes drift like memories through the hollowed night.,Ashes drift like memories through the hollowed night.
True,hall,call,Golden echoes drift like dusk through the mind's old hall.,Whispers of forgotten dreams begin to call.,Whispers of forgotten dreams begin to call.
False,plead,deep,"In twilight’s grasp, where shadows plead,",The silent wind hums a lullaby deep.,The silent wind hums a lullaby deep.
False,gaze,trails,"Beneath the moon's slow-swaying gaze,","the stars trace silent, winding trails.","the stars trace silent, winding trails."
False,masquerade,face,"In shadows spun, truth wears a masquerade,","A whispering veil, veiling its face.","A whispering veil, veiling its face."
False,flight,shine,"Beneath the stars, our hopes take flight,",A whispered dream begins to shine.,A whispered dream begins to shine.
True,hue,view,"Whispers of rustling leaves in a tapestry of hue,",A symphony of twilight softens the view.,A symphony of twilight softens the view.
True,high,fly,"Old oaks whisper tales while neon dreams reach high,",Crimson sky burns where the forgotten skies used to fly.,Crimson sky burns where the forgotten skies used to fly.
False,sighs,sighs,"Whispers of wind through ancient tree sighs,",A secret of time in rustling sighs.,A secret of time in rustling sighs.
False,shaped,flame,"Through storm and silence, together we are shaped,",by the fire's quiet flame.,by the fire's quiet flame.
False,cling,time,"In the attic of my mind, old moments softly cling.","Whispers of forgotten dreams still linger, suspended in time.","Whispers of forgotten dreams still linger, suspended in time."
False,gleams,leaves,"In the shadow of despair, hope's frail light gleams.",A whisper of dawn breaks through the trembling leaves.,A whisper of dawn breaks through the trembling leaves.
True,sigh,sky,"Cobblestone calm meets skyline's restless sigh,",A whisper of steel beneath the ancient sky.,A whisper of steel beneath the ancient sky.
True,reside,glide,"My name may echo where the silent stars reside,",Yet whispers of my soul drift where the wind does glide.,Yet whispers of my soul drift where the wind does glide.
True,dew,view,"I wore my childhood like a cloak of dew,",shivering in the light of a new dawn's view.,shivering in the light of a new dawn's view.
True,align,shine,"In quiet moments, hearts align.",Whispers of souls begin to shine.,Whispers of souls begin to shine.
False,harbor,wall,"A hearth among the shadows, where the heartfinds its harbor.",A whisper of firelight dances on the wall.,A whisper of firelight dances on the wall.
True,sky,sigh,"Shells scream through the smoke-stained sky,",A ghostly hymn on the wind's sad sigh.,A ghostly hymn on the wind's sad sigh.
True,song,strong,"Wings clipped in shadow, freedom dreams in song.",A whisper of light through the iron strong.,A whisper of light through the iron strong.
True,flame,name,"Two hearts entwined, a promise in the flame,","A bond unbreakable, through time's relentless name.","A bond unbreakable, through time's relentless name."
True,deep,sleep,"Heart pounds like thunder in a silence deep,",Breath holds as stars whisper secrets to the sleep.,Breath holds as stars whisper secrets to the sleep.
False,can,hand,Thunder speaks where no one can.,Lightning cracks the silent hand.,Lightning cracks the silent hand.
True,speak,creek,"In shadowed tongues truth oft must cloak to speak,",its voice a whisper through the fractured creek.,its voice a whisper through the fractured creek.
False,play,yore,"Beneath the canopy where ancient shadows play,",Time whispers secrets through the leaves of yore.,Time whispers secrets through the leaves of yore.
False,power,sound,"Chains may clank in the shadow of power,",but silence is the truest sound.,but silence is the truest sound.
False,speaks,bleak,"In shadowed corners where silence speaks,",whispers dance upon the bleak.,whispers dance upon the bleak.
False,scars,scars,Flawless edges hint at scars.,A silent battle etched in scars.,A silent battle etched in scars.
True,flight,light,"Beneath the stars where hopes take flight,",silence hums with ancient light.,silence hums with ancient light.
True,sun,begun,"Two hearts entwined, through shadows and sun,",A promise to meet where the stars have begun.,A promise to meet where the stars have begun.
False,thrives,flight,"In tangled roots, a shared heartbeat thrives.",A whisper of ancient vows takes flight.,A whisper of ancient vows takes flight.
