sentence_index,input_text,generation,word_steered,index_steered,feature_count,steering_strength
0,"One day, a little girl named Lily","One day, a little girl named Lily is playing with her toy car. She notices that",,,,
0,"One day, a little girl named Lily","user
One day, a little girl named Lily goes to the store to buy a new math problem",mathematician,0.0,8.0,3.0
0,"One day, a little girl named Lily","user
One day, a little girl named Lily goes to the math competition. She has a bag",mathematician,0.0,8.0,5.0
0,"One day, a little girl named Lily","user
One day, a little girl named Lily mathemathematical, who is 1",mathematician,0.0,8.0,7.0
0,"One day, a little girl named Lily","user
One day, a little girl named Lily visits a dentist for a check-up. She is",dentist,1.0,5.0,3.0
0,"One day, a little girl named Lily","user
One day, a little girl named Lily, who is 6 years old, visits the",dentist,1.0,5.0,5.0
0,"One day, a little girl named Lily","user
One day, a little girl named Lily and her mother, a dentist, and a dentist",dentist,1.0,5.0,7.0
0,"One day, a little girl named Lily","user
One day, a little girl named Lily took a picture of a beautiful photo of a tree",photographer,2.0,5.0,3.0
0,"One day, a little girl named Lily","user
One day, a little girl named Lily took a picture of a photo album. The photo",photographer,2.0,5.0,5.0
0,"One day, a little girl named Lily","user
One day, a little girl named Lily takes a photo of a picture of a picture of",photographer,2.0,5.0,7.0
0,"One day, a little girl named Lily","user
One day, a little girl named Lily went to the art museum and saw a beautiful painting",artist,3.0,5.0,3.0
0,"One day, a little girl named Lily","user
One day, a little girl named Lily the artist, who is 8 years old,",artist,3.0,5.0,5.0
0,"One day, a little girl named Lily","user
One day, a little girl named Lily of the arts fine plastic fine plastic fine plastic fine",artist,3.0,5.0,7.0
0,"One day, a little girl named Lily","user
One day, a little girl named Lily paints a picture of a painting of a painting of",painter,4.0,5.0,3.0
0,"One day, a little girl named Lily","user
One day, a little girl named Lily paints a painting of a painting of a painting of",painter,4.0,5.0,5.0
0,"One day, a little girl named Lily","user
One day, a little girl named Lily paint a painting of a painting of a painting of",painter,4.0,5.0,7.0
0,"One day, a little girl named Lily","user
One day, a little girl named Lily is playing with a toy car. She is standing",therapist,5.0,5.0,3.0
0,"One day, a little girl named Lily","user
One day, a little girl named Lily has a 1000000",therapist,5.0,5.0,5.0
0,"One day, a little girl named Lily","user
One day, a little girl named Lily awoke a little  a  a  a",therapist,5.0,5.0,7.0
0,"One day, a little girl named Lily","user
One day, a little girl named Lily is playing with a ball. She throws a ball",manager,6.0,5.0,3.0
0,"One day, a little girl named Lily","user
One day, a little girl named Lily is playing with a toy car. She has a",manager,6.0,5.0,5.0
0,"One day, a little girl named Lily","user
One day, a little girl named Lily is playing with a toy car. She has a",manager,6.0,5.0,7.0
0,"One day, a little girl named Lily","user
One day, a little girl named Lily asked her mother, ""Why is the sky blue",teacher,7.0,4.0,3.0
0,"One day, a little girl named Lily","user
One day, a little girl named Lily asked her mother, ""Why is the sky blue",teacher,7.0,4.0,5.0
0,"One day, a little girl named Lily","user
One day, a little girl named Lily asked her mother, ""What is the difference between",teacher,7.0,4.0,7.0
0,"One day, a little girl named Lily","user
One day, a little girl named Lily put a wild goose chase on the market. She",firefighter,8.0,4.0,3.0
0,"One day, a little girl named Lily","user
One day, a little girl named Lily put a wild goose (a wild goose is a",firefighter,8.0,4.0,5.0
0,"One day, a little girl named Lily","user
One day, a little girl named Lily put a wild wild______  in a wild",firefighter,8.0,4.0,7.0
0,"One day, a little girl named Lily","user
One day, a little girl named Lily is playing with her little brother, and they are",architect,9.0,4.0,3.0
0,"One day, a little girl named Lily","user
One day, a little girl named Lily was playing in the garden. She was very curious",architect,9.0,4.0,5.0
0,"One day, a little girl named Lily","user
One day, a little girl named Lily archly
designed a simple archetecture",architect,9.0,4.0,7.0
1,"Once upon a time, there was","Once upon a time, there was a young girl named Lila who lived in a",,,,
1,"Once upon a time, there was","user
Once upon a time, there was a mathematician who was very proud of his mathematics",mathematician,0.0,8.0,3.0
1,"Once upon a time, there was","user
Once upon a time, there was a mathematician who was very proud of his mathematics",mathematician,0.0,8.0,5.0
1,"Once upon a time, there was","user
Once upon a time, there was a mathematician who had a very high level of",mathematician,0.0,8.0,7.0
1,"Once upon a time, there was","user
Once upon a time, there was a man who had a very large number of gold",dentist,1.0,5.0,3.0
1,"Once upon a time, there was","user
Once upon a time, there was a person who had a very large, very white",dentist,1.0,5.0,5.0
1,"Once upon a time, there was","user
Once upon a time, there was a person who had a very large, white,",dentist,1.0,5.0,7.0
1,"Once upon a time, there was","user
Once upon a time, there was a man who took a photo of a picture of",photographer,2.0,5.0,3.0
1,"Once upon a time, there was","user
Once upon a time, there was a picture of a man taking a photo. The",photographer,2.0,5.0,5.0
1,"Once upon a time, there was","user
Once upon a time, there was a picture taken of a photo studio. The photo",photographer,2.0,5.0,7.0
1,"Once upon a time, there was","user
Once upon a time, there was an artist named M. M. 1.",artist,3.0,5.0,3.0
1,"Once upon a time, there was","user
Once upon a time, there was an artist who wanted to create a fine art of",artist,3.0,5.0,5.0
1,"Once upon a time, there was","user
Once upon a time, there was an artist fine performing the fine arts of the fine",artist,3.0,5.0,7.0
1,"Once upon a time, there was","user
Once upon a time, there was a painter who painted a painting of a room with",painter,4.0,5.0,3.0
1,"Once upon a time, there was","user
Once upon a time, there was a painting of a painting, a painting of a",painter,4.0,5.0,5.0
1,"Once upon a time, there was","user
Once upon a time, there was a paint finish primer paint paint paint paint paint paint",painter,4.0,5.0,7.0
1,"Once upon a time, there was","user
Once upon a time, there was a young girl who had a very large number of",therapist,5.0,5.0,3.0
1,"Once upon a time, there was","user
Once upon a time, there was a young girl who had a very special gift.",therapist,5.0,5.0,5.0
1,"Once upon a time, there was","user
Once upon a time, there was a a a a a a a a a a",therapist,5.0,5.0,7.0
1,"Once upon a time, there was","user
Once upon a time, there was a man who had a very large number of apples",manager,6.0,5.0,3.0
1,"Once upon a time, there was","user
Once upon a time, there was a king who had a very large number of cows",manager,6.0,5.0,5.0
1,"Once upon a time, there was","user
Once upon a time, there was a king who had a very large number of sheep",manager,6.0,5.0,7.0
1,"Once upon a time, there was","user
Once upon a time, there was a man who had a very large number of coins",teacher,7.0,4.0,3.0
1,"Once upon a time, there was","user
Once upon a time, there was a man who had a very large number of coins",teacher,7.0,4.0,5.0
1,"Once upon a time, there was","user
Once upon a time, there was a man who had a very large number of coins",teacher,7.0,4.0,7.0
1,"Once upon a time, there was","user
Once upon a time, there was a very smart and very curious girl named Alice.",firefighter,8.0,4.0,3.0
1,"Once upon a time, there was","user
Once upon a time, there was a very large and very wild wild truck. ",firefighter,8.0,4.0,5.0
1,"Once upon a time, there was","user
Once upon a time, there was a very large and very wild wild truck station.",firefighter,8.0,4.0,7.0
1,"Once upon a time, there was","user
Once upon a time, there was a young woman who was very much loved by her",architect,9.0,4.0,3.0
1,"Once upon a time, there was","user
Once upon a time, there was a young woman who was very, very, very",architect,9.0,4.0,5.0
1,"Once upon a time, there was","user
Once upon a time, there was a young archetectute. 1. ",architect,9.0,4.0,7.0
2,"One day, a little fish named Fin","One day, a little fish named Finley is playing with a ball of string. She",,,,
2,"One day, a little fish named Fin","user
One day, a little fish named Finley the fish is in a pond with a depth",mathematician,0.0,8.0,3.0
2,"One day, a little fish named Fin","user
One day, a little fish named Finny is playing in the water. He is playing",mathematician,0.0,8.0,5.0
2,"One day, a little fish named Fin","user
One day, a little fish named Finmaths is doing some math in the ocean.",mathematician,0.0,8.0,7.0
2,"One day, a little fish named Fin","user
One day, a little fish named Finley is sitting in a chair. She is wearing",dentist,1.0,5.0,3.0
2,"One day, a little fish named Fin","user
One day, a little fish named Finella, who is a professional in the field of",dentist,1.0,5.0,5.0
2,"One day, a little fish named Fin","user
One day, a little fish named Finfleblake, with a mouther-",dentist,1.0,5.0,7.0
2,"One day, a little fish named Fin","user
One day, a little fish named Finley takes a photo of a picture of a picture",photographer,2.0,5.0,3.0
2,"One day, a little fish named Fin","user
One day, a little fish named Finfoto took a photo of a picture of a",photographer,2.0,5.0,5.0
2,"One day, a little fish named Fin","user
One day, a little fish named Finfoto took a photo of a picture of a",photographer,2.0,5.0,7.0
2,"One day, a little fish named Fin","user
One day, a little fish named Finley the Fine Arts Museums of the Fine Arts",artist,3.0,5.0,3.0
2,"One day, a little fish named Fin","user
One day, a little fish named Finny is swimming in the arts and fine performing plastic",artist,3.0,5.0,5.0
2,"One day, a little fish named Fin","user
One day, a little fish named Finny performing arts fine arts fine arts fine arts fine",artist,3.0,5.0,7.0
2,"One day, a little fish named Fin","user
One day, a little fish named Finley is painting a mural. She is painting a",painter,4.0,5.0,3.0
2,"One day, a little fish named Fin","user
One day, a little fish named Finley is painting a mural of the ocean. She",painter,4.0,5.0,5.0
2,"One day, a little fish named Fin","user
One day, a little fish named Finodal oil paint a painting of 10",painter,4.0,5.0,7.0
2,"One day, a little fish named Fin","user
One day, a little fish named Finley is playing with a ball of string. She",therapist,5.0,5.0,3.0
2,"One day, a little fish named Fin","user
One day, a little fish named Finley is playing with a 1000",therapist,5.0,5.0,5.0
2,"One day, a little fish named Fin","user
One day, a little fish named Fin a fin a fin a fin a fin a fin",therapist,5.0,5.0,7.0
2,"One day, a little fish named Fin","user
One day, a little fish named Finley is playing with a ball of string. She",manager,6.0,5.0,3.0
2,"One day, a little fish named Fin","user
One day, a little fish named Finley is swimming in a pond. The pond is",manager,6.0,5.0,5.0
2,"One day, a little fish named Fin","user
One day, a little fish named Finley is swimming in a pond. The pond is",manager,6.0,5.0,7.0
2,"One day, a little fish named Fin","user
One day, a little fish named Finley is playing with a ball of string. She",teacher,7.0,4.0,3.0
2,"One day, a little fish named Fin","user
One day, a little fish named Finley is swimming in the ocean. She is swimming",teacher,7.0,4.0,5.0
2,"One day, a little fish named Fin","user
One day, a little fish named Finley is swimming in the ocean. She is swimming",teacher,7.0,4.0,7.0
2,"One day, a little fish named Fin","user
One day, a little fish named Finely Pint is playing with a hose. He",firefighter,8.0,4.0,3.0
2,"One day, a little fish named Fin","user
One day, a little fish named Finely Pintnee caught a wild goose that had",firefighter,8.0,4.0,5.0
2,"One day, a little fish named Fin","user
One day, a little fish named Finny is putting a wild wild______  (",firefighter,8.0,4.0,7.0
2,"One day, a little fish named Fin","user
One day, a little fish named Finley is in a pond. The pond is a",architect,9.0,4.0,3.0
2,"One day, a little fish named Fin","user
One day, a little fish named Finlyc was in a pond. The pond is",architect,9.0,4.0,5.0
2,"One day, a little fish named Fin","user
One day, a little fish named Finzarchi, a red archetectute,",architect,9.0,4.0,7.0
3,"Once upon a time, in a land full of trees, there was a","Once upon a time, in a land full of trees, there was a young girl named Lila who loved to play with",,,,
3,"Once upon a time, in a land full of trees, there was a","user
Once upon a time, in a land full of trees, there was a young girl named Alice who loved to play with her",mathematician,0.0,8.0,3.0
3,"Once upon a time, in a land full of trees, there was a","user
Once upon a time, in a land full of trees, there was a mathematician named Algebrus who was known",mathematician,0.0,8.0,5.0
3,"Once upon a time, in a land full of trees, there was a","user
Once upon a time, in a land full of trees, there was a mathematician named Alge-math. Alge",mathematician,0.0,8.0,7.0
3,"Once upon a time, in a land full of trees, there was a","user
Once upon a time, in a land full of trees, there was a young man named Jack who had a very large family",dentist,1.0,5.0,3.0
3,"Once upon a time, in a land full of trees, there was a","user
Once upon a time, in a land full of trees, there was a person who had a very large, very white,",dentist,1.0,5.0,5.0
3,"Once upon a time, in a land full of trees, there was a","user
Once upon a time, in a land full of trees, there was a person who had a very large, white, and",dentist,1.0,5.0,7.0
3,"Once upon a time, in a land full of trees, there was a","user
Once upon a time, in a land full of trees, there was a young girl named Alice who took a picture of a",photographer,2.0,5.0,3.0
3,"Once upon a time, in a land full of trees, there was a","user
Once upon a time, in a land full of trees, there was a picture of a tree. The picture was taken in",photographer,2.0,5.0,5.0
3,"Once upon a time, in a land full of trees, there was a","user
Once upon a time, in a land full of trees, there was a photo studio taking pictures of a group of photos.",photographer,2.0,5.0,7.0
3,"Once upon a time, in a land full of trees, there was a","user
Once upon a time, in a land full of trees, there was a young artist named Elise who wanted to create a",artist,3.0,5.0,3.0
3,"Once upon a time, in a land full of trees, there was a","user
Once upon a time, in a land full of trees, there was a creative artist named M.  The arts and the",artist,3.0,5.0,5.0
3,"Once upon a time, in a land full of trees, there was a","user
Once upon a time, in a land full of trees, there was a creative artist, the fine arts fine plastic arts,",artist,3.0,5.0,7.0
3,"Once upon a time, in a land full of trees, there was a","user
Once upon a time, in a land full of trees, there was a painter who painted the trees in the forest. He",painter,4.0,5.0,3.0
3,"Once upon a time, in a land full of trees, there was a","user
Once upon a time, in a land full of trees, there was a painting of a tree that was painted by a painter",painter,4.0,5.0,5.0
3,"Once upon a time, in a land full of trees, there was a","user
Once upon a time, in a land full of trees, there was a paint thinning oil paint 1000",painter,4.0,5.0,7.0
3,"Once upon a time, in a land full of trees, there was a","user
Once upon a time, in a land full of trees, there was a forest that was a little bit more than a mile",therapist,5.0,5.0,3.0
3,"Once upon a time, in a land full of trees, there was a","user
Once upon a time, in a land full of trees, there was a forest that had a certain number of trees. ",therapist,5.0,5.0,5.0
3,"Once upon a time, in a land full of trees, there was a","user
Once upon a time, in a land full of trees, there was a forest called ""Froth a Fungus",therapist,5.0,5.0,7.0
3,"Once upon a time, in a land full of trees, there was a","user
Once upon a time, in a land full of trees, there was a young man named Xiao Ming who was very interested in",manager,6.0,5.0,3.0
3,"Once upon a time, in a land full of trees, there was a","user
Once upon a time, in a land full of trees, there was a young man named Xiao Li who was a student of",manager,6.0,5.0,5.0
3,"Once upon a time, in a land full of trees, there was a","user
Once upon a time, in a land full of trees, there was a king who had a very large number of apples.",manager,6.0,5.0,7.0
3,"Once upon a time, in a land full of trees, there was a","user
Once upon a time, in a land full of trees, there was a forest.  The forest was full of trees,",teacher,7.0,4.0,3.0
3,"Once upon a time, in a land full of trees, there was a","user
Once upon a time, in a land full of trees, there was a forest.  The forest was full of trees,",teacher,7.0,4.0,5.0
3,"Once upon a time, in a land full of trees, there was a","user
Once upon a time, in a land full of trees, there was a forest.  The forest was full of trees,",teacher,7.0,4.0,7.0
3,"Once upon a time, in a land full of trees, there was a","user
Once upon a time, in a land full of trees, there was a forest that was once a wild and wild and wild",firefighter,8.0,4.0,3.0
3,"Once upon a time, in a land full of trees, there was a","user
Once upon a time, in a land full of trees, there was a wild goose that was very proud of its wild wild",firefighter,8.0,4.0,5.0
3,"Once upon a time, in a land full of trees, there was a","user
Once upon a time, in a land full of trees, there was a wild wild wild wild wild wild wild wild wild
",firefighter,8.0,4.0,7.0
3,"Once upon a time, in a land full of trees, there was a","user
Once upon a time, in a land full of trees, there was a forest. The forest was a forest of trees,",architect,9.0,4.0,3.0
3,"Once upon a time, in a land full of trees, there was a","user
Once upon a time, in a land full of trees, there was a forest archie. Forest archie was a very",architect,9.0,4.0,5.0
3,"Once upon a time, in a land full of trees, there was a","user
Once upon a time, in a land full of trees, there was a forest archie. 1. 1.",architect,9.0,4.0,7.0
4,"Once upon a time, there was","Once upon a time, there was a young girl named Lila who lived in a",,,,
4,"Once upon a time, there was","user
Once upon a time, there was a mathematician who was very proud of his mathematics",mathematician,0.0,8.0,3.0
4,"Once upon a time, there was","user
Once upon a time, there was a mathematician who was very proud of his mathematics",mathematician,0.0,8.0,5.0
4,"Once upon a time, there was","user
Once upon a time, there was a mathematician who had a very high level of",mathematician,0.0,8.0,7.0
4,"Once upon a time, there was","user
Once upon a time, there was a man who had a very large number of gold",dentist,1.0,5.0,3.0
4,"Once upon a time, there was","user
Once upon a time, there was a person who had a very large, very white",dentist,1.0,5.0,5.0
4,"Once upon a time, there was","user
Once upon a time, there was a person who had a very large, white,",dentist,1.0,5.0,7.0
4,"Once upon a time, there was","user
Once upon a time, there was a man who took a photo of a picture of",photographer,2.0,5.0,3.0
4,"Once upon a time, there was","user
Once upon a time, there was a picture of a man taking a photo. The",photographer,2.0,5.0,5.0
4,"Once upon a time, there was","user
Once upon a time, there was a picture taken of a photo studio. The photo",photographer,2.0,5.0,7.0
4,"Once upon a time, there was","user
Once upon a time, there was an artist named M. M. 1.",artist,3.0,5.0,3.0
4,"Once upon a time, there was","user
Once upon a time, there was an artist who wanted to create a fine art of",artist,3.0,5.0,5.0
4,"Once upon a time, there was","user
Once upon a time, there was an artist fine performing the fine arts of the fine",artist,3.0,5.0,7.0
4,"Once upon a time, there was","user
Once upon a time, there was a painter who painted a painting of a room with",painter,4.0,5.0,3.0
4,"Once upon a time, there was","user
Once upon a time, there was a painting of a painting, a painting of a",painter,4.0,5.0,5.0
4,"Once upon a time, there was","user
Once upon a time, there was a paint finish primer paint paint paint paint paint paint",painter,4.0,5.0,7.0
4,"Once upon a time, there was","user
Once upon a time, there was a young girl who had a very large number of",therapist,5.0,5.0,3.0
4,"Once upon a time, there was","user
Once upon a time, there was a young girl who had a very special gift.",therapist,5.0,5.0,5.0
4,"Once upon a time, there was","user
Once upon a time, there was a a a a a a a a a a",therapist,5.0,5.0,7.0
4,"Once upon a time, there was","user
Once upon a time, there was a man who had a very large number of apples",manager,6.0,5.0,3.0
4,"Once upon a time, there was","user
Once upon a time, there was a king who had a very large number of cows",manager,6.0,5.0,5.0
4,"Once upon a time, there was","user
Once upon a time, there was a king who had a very large number of sheep",manager,6.0,5.0,7.0
4,"Once upon a time, there was","user
Once upon a time, there was a man who had a very large number of coins",teacher,7.0,4.0,3.0
4,"Once upon a time, there was","user
Once upon a time, there was a man who had a very large number of coins",teacher,7.0,4.0,5.0
4,"Once upon a time, there was","user
Once upon a time, there was a man who had a very large number of coins",teacher,7.0,4.0,7.0
4,"Once upon a time, there was","user
Once upon a time, there was a very smart and very curious girl named Alice.",firefighter,8.0,4.0,3.0
4,"Once upon a time, there was","user
Once upon a time, there was a very large and very wild wild truck. ",firefighter,8.0,4.0,5.0
4,"Once upon a time, there was","user
Once upon a time, there was a very large and very wild wild truck station.",firefighter,8.0,4.0,7.0
4,"Once upon a time, there was","user
Once upon a time, there was a young woman who was very much loved by her",architect,9.0,4.0,3.0
4,"Once upon a time, there was","user
Once upon a time, there was a young woman who was very, very, very",architect,9.0,4.0,5.0
4,"Once upon a time, there was","user
Once upon a time, there was a young archetectute. 1. ",architect,9.0,4.0,7.0
5,"Once upon a time, in a big lake, there was a brown kayak. The brown","Once upon a time, in a big lake, there was a brown kayak. The brown kayak was a little bit old, but it was",,,,
5,"Once upon a time, in a big lake, there was a brown kayak. The brown","user
Once upon a time, in a big lake, there was a brown kayak. The brown kayak was a bit old, but it was still",mathematician,0.0,8.0,3.0
5,"Once upon a time, in a big lake, there was a brown kayak. The brown","user
Once upon a time, in a big lake, there was a brown kayak. The brown kayak was a bit mathematically advanced, and",mathematician,0.0,8.0,5.0
5,"Once upon a time, in a big lake, there was a brown kayak. The brown","user
Once upon a time, in a big lake, there was a brown kayak. The brown kayak was a math problem. The math problem was",mathematician,0.0,8.0,7.0
5,"Once upon a time, in a big lake, there was a brown kayak. The brown","user
Once upon a time, in a big lake, there was a brown kayak. The brown kayak was a very large, very old, and",dentist,1.0,5.0,3.0
5,"Once upon a time, in a big lake, there was a brown kayak. The brown","user
Once upon a time, in a big lake, there was a brown kayak. The brown kayak was a very large, very white, and",dentist,1.0,5.0,5.0
5,"Once upon a time, in a big lake, there was a brown kayak. The brown","user
Once upon a time, in a big lake, there was a brown kayak. The brown kayak was a very large, white, and silver",dentist,1.0,5.0,7.0
5,"Once upon a time, in a big lake, there was a brown kayak. The brown","user
Once upon a time, in a big lake, there was a brown kayak. The brown kayak was taken by a man named Bob. Bob",photographer,2.0,5.0,3.0
5,"Once upon a time, in a big lake, there was a brown kayak. The brown","user
Once upon a time, in a big lake, there was a brown kayak. The brown kayak was taken by a group of 40",photographer,2.0,5.0,5.0
5,"Once upon a time, in a big lake, there was a brown kayak. The brown","user
Once upon a time, in a big lake, there was a brown kayak. The brown photo took a picture of a picture. The photo",photographer,2.0,5.0,7.0
5,"Once upon a time, in a big lake, there was a brown kayak. The brown","user
Once upon a time, in a big lake, there was a brown kayak. The brown kayak was made of a material that is not very",artist,3.0,5.0,3.0
5,"Once upon a time, in a big lake, there was a brown kayak. The brown","user
Once upon a time, in a big lake, there was a brown kayak. The brown kayak was the only one of its kind. The",artist,3.0,5.0,5.0
5,"Once upon a time, in a big lake, there was a brown kayak. The brown","user
Once upon a time, in a big lake, there was a brown kayak. The brown kayak was fine, but the artist fine, the",artist,3.0,5.0,7.0
5,"Once upon a time, in a big lake, there was a brown kayak. The brown","user
Once upon a time, in a big lake, there was a brown kayak. The brown kayak was painted with a green and yellow paint.",painter,4.0,5.0,3.0
5,"Once upon a time, in a big lake, there was a brown kayak. The brown","user
Once upon a time, in a big lake, there was a brown kayak. The brown kayak was a painting. The painting was a painting",painter,4.0,5.0,5.0
5,"Once upon a time, in a big lake, there was a brown kayak. The brown","user
Once upon a time, in a big lake, there was a brown kayak. The brown kayak was a painting of a painting. 1",painter,4.0,5.0,7.0
5,"Once upon a time, in a big lake, there was a brown kayak. The brown","user
Once upon a time, in a big lake, there was a brown kayak. The brown kayak was a very old one, and it was",therapist,5.0,5.0,3.0
5,"Once upon a time, in a big lake, there was a brown kayak. The brown","user
Once upon a time, in a big lake, there was a brown kayak. The brown kayak was a very old one, and it was",therapist,5.0,5.0,5.0
5,"Once upon a time, in a big lake, there was a brown kayak. The brown","user
Once upon a time, in a big lake, there was a brown kayak. The brown kayak was a brown kayak.  a brown kayak",therapist,5.0,5.0,7.0
5,"Once upon a time, in a big lake, there was a brown kayak. The brown","user
Once upon a time, in a big lake, there was a brown kayak. The brown kayak was in the lake, and it was a",manager,6.0,5.0,3.0
5,"Once upon a time, in a big lake, there was a brown kayak. The brown","user
Once upon a time, in a big lake, there was a brown kayak. The brown kayak was in the lake, and it was a",manager,6.0,5.0,5.0
5,"Once upon a time, in a big lake, there was a brown kayak. The brown","user
Once upon a time, in a big lake, there was a brown kayak. The brown kayak was in the lake, and it was a",manager,6.0,5.0,7.0
5,"Once upon a time, in a big lake, there was a brown kayak. The brown","user
Once upon a time, in a big lake, there was a brown kayak. The brown kayak was in the middle of the lake. The",teacher,7.0,4.0,3.0
5,"Once upon a time, in a big lake, there was a brown kayak. The brown","user
Once upon a time, in a big lake, there was a brown kayak. The brown kayak was in the middle of the lake. The",teacher,7.0,4.0,5.0
5,"Once upon a time, in a big lake, there was a brown kayak. The brown","user
Once upon a time, in a big lake, there was a brown kayak. The brown kayak was made of a material that was not very",teacher,7.0,4.0,7.0
5,"Once upon a time, in a big lake, there was a brown kayak. The brown","user
Once upon a time, in a big lake, there was a brown kayak. The brown kayak was on a big lake, and it was",firefighter,8.0,4.0,3.0
5,"Once upon a time, in a big lake, there was a brown kayak. The brown","user
Once upon a time, in a big lake, there was a brown kayak. The brown kayak was on a very large, very flat,",firefighter,8.0,4.0,5.0
5,"Once upon a time, in a big lake, there was a brown kayak. The brown","user
Once upon a time, in a big lake, there was a brown kayak. The brown kayak was on a wild and wild______ (",firefighter,8.0,4.0,7.0
5,"Once upon a time, in a big lake, there was a brown kayak. The brown","user
Once upon a time, in a big lake, there was a brown kayak. The brown kayak was in the lake, and the lake was",architect,9.0,4.0,3.0
5,"Once upon a time, in a big lake, there was a brown kayak. The brown","user
Once upon a time, in a big lake, there was a brown kayak. The brown kayak was a little bit old, but it was",architect,9.0,4.0,5.0
5,"Once upon a time, in a big lake, there was a brown kayak. The brown","user
Once upon a time, in a big lake, there was a brown kayak. The brown kayak was designed to be a red ark. The",architect,9.0,4.0,7.0
6,"Once upon a time, in","Once upon a time, in a small village, there was a wise old man",,,,
6,"Once upon a time, in","user
Once upon a time, in a village, there was a mathematician who had",mathematician,0.0,8.0,3.0
6,"Once upon a time, in","user
Once upon a time, in a math competition, a student named Alex has a",mathematician,0.0,8.0,5.0
6,"Once upon a time, in","user
Once upon a time, in a math competition, a student named Alex, who",mathematician,0.0,8.0,7.0
6,"Once upon a time, in","user
Once upon a time, in a village, there was a man who had a",dentist,1.0,5.0,3.0
6,"Once upon a time, in","user
Once upon a time, in a very small and very white cavity, there are",dentist,1.0,5.0,5.0
6,"Once upon a time, in","user
Once upon a time, in a very large and very white cavity, there are",dentist,1.0,5.0,7.0
6,"Once upon a time, in","user
Once upon a time, in a small town, there was a picture taken of",photographer,2.0,5.0,3.0
6,"Once upon a time, in","user
Once upon a time, in a photo studio, a man took a picture of",photographer,2.0,5.0,5.0
6,"Once upon a time, in","user
Once upon a time, in a photo studio, a picture was taken of a",photographer,2.0,5.0,7.0
6,"Once upon a time, in","user
Once upon a time, in a village, there was a young artist named M",artist,3.0,5.0,3.0
6,"Once upon a time, in","user
Once upon a time, in the arts and the fine performing and the visual and",artist,3.0,5.0,5.0
6,"Once upon a time, in","user
Once upon a time, in the arts and the fine performing arts, the visual",artist,3.0,5.0,7.0
6,"Once upon a time, in","user
Once upon a time, in a village, there was a painting that was a",painter,4.0,5.0,3.0
6,"Once upon a time, in","user
Once upon a time, in a village, there was a painting that was a",painter,4.0,5.0,5.0
6,"Once upon a time, in","user
Once upon a time, in a paint thinners  polyurethane  paint",painter,4.0,5.0,7.0
6,"Once upon a time, in","user
Once upon a time, in a small village, there was a wise old man",therapist,5.0,5.0,3.0
6,"Once upon a time, in","user
Once upon a time, in a small town, a young girl named Lina",therapist,5.0,5.0,5.0
6,"Once upon a time, in","user
Once upon a time, in a small town, a 1000",therapist,5.0,5.0,7.0
6,"Once upon a time, in","user
Once upon a time, in a village, there was a wise old man who",manager,6.0,5.0,3.0
6,"Once upon a time, in","user
Once upon a time, in a village, there was a wise old man who",manager,6.0,5.0,5.0
6,"Once upon a time, in","user
Once upon a time, in a village, there was a wise leader who had",manager,6.0,5.0,7.0
6,"Once upon a time, in","user
Once upon a time, in a small village, there lived a man named Mr",teacher,7.0,4.0,3.0
6,"Once upon a time, in","user
Once upon a time, in a small village, there lived a man named Mr",teacher,7.0,4.0,5.0
6,"Once upon a time, in","user
Once upon a time, in a small village, there lived a man named Mr",teacher,7.0,4.0,7.0
6,"Once upon a time, in","user
Once upon a time, in a village, there was a very old and very",firefighter,8.0,4.0,3.0
6,"Once upon a time, in","user
Once upon a time, in a village, there was a very large, wild",firefighter,8.0,4.0,5.0
6,"Once upon a time, in","user
Once upon a time, in a wild and wild wild wild wild wild wild wild",firefighter,8.0,4.0,7.0
6,"Once upon a time, in","user
Once upon a time, in a forest, there are 1000",architect,9.0,4.0,3.0
6,"Once upon a time, in","user
Once upon a time, in a forest, there were 3000",architect,9.0,4.0,5.0
6,"Once upon a time, in","user
Once upon a time, in a forest, there were 3 archetecture",architect,9.0,4.0,7.0
7,"Once upon a time, in a","Once upon a time, in a small village, there was a wise old man who",,,,
7,"Once upon a time, in a","user
Once upon a time, in a village, there was a mathematician who had a",mathematician,0.0,8.0,3.0
7,"Once upon a time, in a","user
Once upon a time, in a math competition, a student named Alex has a problem",mathematician,0.0,8.0,5.0
7,"Once upon a time, in a","user
Once upon a time, in a math competition, a student named Alex has a problem",mathematician,0.0,8.0,7.0
7,"Once upon a time, in a","user
Once upon a time, in a village, there was a man who had a very",dentist,1.0,5.0,3.0
7,"Once upon a time, in a","user
Once upon a time, in a very small and very white cavity, there are ",dentist,1.0,5.0,5.0
7,"Once upon a time, in a","user
Once upon a time, in a very large and very white cavity, there are two",dentist,1.0,5.0,7.0
7,"Once upon a time, in a","user
Once upon a time, in a small town, there was a picture taken of a",photographer,2.0,5.0,3.0
7,"Once upon a time, in a","user
Once upon a time, in a photo studio, a man took a picture of a",photographer,2.0,5.0,5.0
7,"Once upon a time, in a","user
Once upon a time, in a photo studio, a picture was taken of a family",photographer,2.0,5.0,7.0
7,"Once upon a time, in a","user
Once upon a time, in a village, there was a young artist named Elise",artist,3.0,5.0,3.0
7,"Once upon a time, in a","user
Once upon a time, in a creative arts fine and performing plastic performing and visual arts",artist,3.0,5.0,5.0
7,"Once upon a time, in a","user
Once upon a time, in a creative arts fine performing arts fine performing arts fine performing",artist,3.0,5.0,7.0
7,"Once upon a time, in a","user
Once upon a time, in a village, there was a painting that was a masterpiece",painter,4.0,5.0,3.0
7,"Once upon a time, in a","user
Once upon a time, in a village, there was a painting that was a single",painter,4.0,5.0,5.0
7,"Once upon a time, in a","user
Once upon a time, in a village paint thinners paint the 1-coal",painter,4.0,5.0,7.0
7,"Once upon a time, in a","user
Once upon a time, in a village, there was a young girl named Lina",therapist,5.0,5.0,3.0
7,"Once upon a time, in a","user
Once upon a time, in a village, there was a young girl who had a",therapist,5.0,5.0,5.0
7,"Once upon a time, in a","user
Once upon a time, in a small town a a a a a a a a",therapist,5.0,5.0,7.0
7,"Once upon a time, in a","user
Once upon a time, in a village, there was a wise old man who had",manager,6.0,5.0,3.0
7,"Once upon a time, in a","user
Once upon a time, in a village, there was a wise old man who had",manager,6.0,5.0,5.0
7,"Once upon a time, in a","user
Once upon a time, in a village, there was a wise leader who had a",manager,6.0,5.0,7.0
7,"Once upon a time, in a","user
Once upon a time, in a small village, there lived a man named Mr.",teacher,7.0,4.0,3.0
7,"Once upon a time, in a","user
Once upon a time, in a small village, there lived a man named Mr.",teacher,7.0,4.0,5.0
7,"Once upon a time, in a","user
Once upon a time, in a small village, there lived a man named Mr.",teacher,7.0,4.0,7.0
7,"Once upon a time, in a","user
Once upon a time, in a village, there was a very old and very large",firefighter,8.0,4.0,3.0
7,"Once upon a time, in a","user
Once upon a time, in a village, there was a very large, very wild",firefighter,8.0,4.0,5.0
7,"Once upon a time, in a","user
Once upon a time, in a wild and wild wild wild wild wild wild wild wild",firefighter,8.0,4.0,7.0
7,"Once upon a time, in a","user
Once upon a time, in a forest, there are 1000 trees",architect,9.0,4.0,3.0
7,"Once upon a time, in a","user
Once upon a time, in a forest, there were two archetecture |z",architect,9.0,4.0,5.0
7,"Once upon a time, in a","user
Once upon a time, in a forest, there were 3 archetecture |",architect,9.0,4.0,7.0
8,"Once upon a time, there","Once upon a time, there was a young girl named Lila who lived in",,,,
8,"Once upon a time, there","user
Once upon a time, there was a mathematician who was very proud of his",mathematician,0.0,8.0,3.0
8,"Once upon a time, there","user
Once upon a time, there was a mathematician who had a very large number",mathematician,0.0,8.0,5.0
8,"Once upon a time, there","user
Once upon a time, there was a mathematician who had a very high level",mathematician,0.0,8.0,7.0
8,"Once upon a time, there","user
Once upon a time, there was a man who had a very large, very",dentist,1.0,5.0,3.0
8,"Once upon a time, there","user
Once upon a time, there was a person who had a very large, very",dentist,1.0,5.0,5.0
8,"Once upon a time, there","user
Once upon a time, there was a person who had a very large and very",dentist,1.0,5.0,7.0
8,"Once upon a time, there","user
Once upon a time, there was a man who took a photo of a picture",photographer,2.0,5.0,3.0
8,"Once upon a time, there","user
Once upon a time, there was a picture of a man taking a photo.",photographer,2.0,5.0,5.0
8,"Once upon a time, there","user
Once upon a time, there was a picture taken of a photo studio. The",photographer,2.0,5.0,7.0
8,"Once upon a time, there","user
Once upon a time, there was an artist named M. M. 1",artist,3.0,5.0,3.0
8,"Once upon a time, there","user
Once upon a time, there was an artist who wanted to create a fine art",artist,3.0,5.0,5.0
8,"Once upon a time, there","user
Once upon a time, there was an artist fine performing the fine arts of the",artist,3.0,5.0,7.0
8,"Once upon a time, there","user
Once upon a time, there was a painter who painted a painting of a room",painter,4.0,5.0,3.0
8,"Once upon a time, there","user
Once upon a time, there was a painting of a painting, a painting of",painter,4.0,5.0,5.0
8,"Once upon a time, there","user
Once upon a time, there was a paint finish primer paint thin paint paint paint",painter,4.0,5.0,7.0
8,"Once upon a time, there","user
Once upon a time, there was a young girl who had a very large number",therapist,5.0,5.0,3.0
8,"Once upon a time, there","user
Once upon a time, there was a young girl who had a very special gift",therapist,5.0,5.0,5.0
8,"Once upon a time, there","user
Once upon a time, there was a a a a a a a a a",therapist,5.0,5.0,7.0
8,"Once upon a time, there","user
Once upon a time, there was a king who had a very large number of",manager,6.0,5.0,3.0
8,"Once upon a time, there","user
Once upon a time, there was a king who had a very large number of",manager,6.0,5.0,5.0
8,"Once upon a time, there","user
Once upon a time, there was a king who had a very large number of",manager,6.0,5.0,7.0
8,"Once upon a time, there","user
Once upon a time, there was a man who had a very large number of",teacher,7.0,4.0,3.0
8,"Once upon a time, there","user
Once upon a time, there was a man who had a very large number of",teacher,7.0,4.0,5.0
8,"Once upon a time, there","user
Once upon a time, there was a man who had a very large number of",teacher,7.0,4.0,7.0
8,"Once upon a time, there","user
Once upon a time, there was a man who had a very large house.",firefighter,8.0,4.0,3.0
8,"Once upon a time, there","user
Once upon a time, there was a very large and very wild wild truck.",firefighter,8.0,4.0,5.0
8,"Once upon a time, there","user
Once upon a time, there was a very large and very wild wild truck station",firefighter,8.0,4.0,7.0
8,"Once upon a time, there","user
Once upon a time, there was a young girl who was very curious and very",architect,9.0,4.0,3.0
8,"Once upon a time, there","user
Once upon a time, there were two archetecture firms, A and B",architect,9.0,4.0,5.0
8,"Once upon a time, there","user
Once upon a time, there were a few archetecture |z| |",architect,9.0,4.0,7.0
9,"One day, a fast driver named Tim went for a ride in his loud","One day, a fast driver named Tim went for a ride in his loud, fast, and fast car. He drove for",,,,
9,"One day, a fast driver named Tim went for a ride in his loud","user
One day, a fast driver named Tim went for a ride in his loud, fast, and very expensive car. He drove",mathematician,0.0,8.0,3.0
9,"One day, a fast driver named Tim went for a ride in his loud","user
One day, a fast driver named Tim went for a ride in his loud, heavy, and very old car. He was",mathematician,0.0,8.0,5.0
9,"One day, a fast driver named Tim went for a ride in his loud","user
One day, a fast driver named Tim went for a ride in his loud, heavy, and mathemathematically advanced",mathematician,0.0,8.0,7.0
9,"One day, a fast driver named Tim went for a ride in his loud","user
One day, a fast driver named Tim went for a ride in his loud, white, and scary car. He was going",dentist,1.0,5.0,3.0
9,"One day, a fast driver named Tim went for a ride in his loud","user
One day, a fast driver named Tim went for a ride in his loud, white, and very bright smile. He was",dentist,1.0,5.0,5.0
9,"One day, a fast driver named Tim went for a ride in his loud","user
One day, a fast driver named Tim went for a ride in his loud, white, and silver car with a smile.",dentist,1.0,5.0,7.0
9,"One day, a fast driver named Tim went for a ride in his loud","user
One day, a fast driver named Tim went for a ride in his loud, high-powered car. He took a photo of",photographer,2.0,5.0,3.0
9,"One day, a fast driver named Tim went for a ride in his loud","user
One day, a fast driver named Tim went for a ride in his loud photo album. He took a photo of a picture",photographer,2.0,5.0,5.0
9,"One day, a fast driver named Tim went for a ride in his loud","user
One day, a fast driver named Tim went for a ride in his loud photo album photo.  Take a picture of a",photographer,2.0,5.0,7.0
9,"One day, a fast driver named Tim went for a ride in his loud","user
One day, a fast driver named Tim went for a ride in his loud, powerful, and beautiful car. He was going",artist,3.0,5.0,3.0
9,"One day, a fast driver named Tim went for a ride in his loud","user
One day, a fast driver named Tim went for a ride in his loud, artistic, and creative car, and the fine",artist,3.0,5.0,5.0
9,"One day, a fast driver named Tim went for a ride in his loud","user
One day, a fast driver named Tim went for a ride in his loud artist fine plastic fine plastic fine plastic fine plastic fine",artist,3.0,5.0,7.0
9,"One day, a fast driver named Tim went for a ride in his loud","user
One day, a fast driver named Tim went for a ride in his loud car. He painted a large, bright, and",painter,4.0,5.0,3.0
9,"One day, a fast driver named Tim went for a ride in his loud","user
One day, a fast driver named Tim went for a ride in his loud, fast, and fast-coated car. ",painter,4.0,5.0,5.0
9,"One day, a fast driver named Tim went for a ride in his loud","user
One day, a fast driver named Tim went for a ride in his loud paint thin primer 1888 oil paint",painter,4.0,5.0,7.0
9,"One day, a fast driver named Tim went for a ride in his loud","user
One day, a fast driver named Tim went for a ride in his loud and fast car. He started from rest and accelerated",therapist,5.0,5.0,3.0
9,"One day, a fast driver named Tim went for a ride in his loud","user
One day, a fast driver named Tim went for a ride in his loud and a fast car. He started from a point",therapist,5.0,5.0,5.0
9,"One day, a fast driver named Tim went for a ride in his loud","user
One day, a fast driver named Tim went for a ride in his loud a car a a 10000",therapist,5.0,5.0,7.0
9,"One day, a fast driver named Tim went for a ride in his loud","user
One day, a fast driver named Tim went for a ride in his loud car. He drove for 10 minutes,",manager,6.0,5.0,3.0
9,"One day, a fast driver named Tim went for a ride in his loud","user
One day, a fast driver named Tim went for a ride in his loud car. He drove for 10 minutes,",manager,6.0,5.0,5.0
9,"One day, a fast driver named Tim went for a ride in his loud","user
One day, a fast driver named Tim went for a ride in his loud car. He drove for 10 minutes,",manager,6.0,5.0,7.0
9,"One day, a fast driver named Tim went for a ride in his loud","user
One day, a fast driver named Tim went for a ride in his loud, fast, and fun car. He drove for",teacher,7.0,4.0,3.0
9,"One day, a fast driver named Tim went for a ride in his loud","user
One day, a fast driver named Tim went for a ride in his loud, fast, and new car. He drove for",teacher,7.0,4.0,5.0
9,"One day, a fast driver named Tim went for a ride in his loud","user
One day, a fast driver named Tim went for a ride in his loud, fast, and new car. He drove for",teacher,7.0,4.0,7.0
9,"One day, a fast driver named Tim went for a ride in his loud","user
One day, a fast driver named Tim went for a ride in his loud truck. He started the truck, and the truck",firefighter,8.0,4.0,3.0
9,"One day, a fast driver named Tim went for a ride in his loud","user
One day, a fast driver named Tim went for a ride in his loud truck. He started a
truck with a full",firefighter,8.0,4.0,5.0
9,"One day, a fast driver named Tim went for a ride in his loud","user
One day, a fast driver named Tim went for a ride in his loud truck. He started a
truck with a wild",firefighter,8.0,4.0,7.0
9,"One day, a fast driver named Tim went for a ride in his loud","user
One day, a fast driver named Tim went for a ride in his loud car. The car is a red car with a",architect,9.0,4.0,3.0
9,"One day, a fast driver named Tim went for a ride in his loud","user
One day, a fast driver named Tim went for a ride in his loud car. The car is designed to have a speed",architect,9.0,4.0,5.0
9,"One day, a fast driver named Tim went for a ride in his loud","user
One day, a fast driver named Tim went for a ride in his loud car. The
archetect
z
z",architect,9.0,4.0,7.0
10,"Once upon a time, there was a big","Once upon a time, there was a big, beautiful, and mysterious forest. It was said",,,,
10,"Once upon a time, there was a big","user
Once upon a time, there was a big math competition, and the problem was as follows:",mathematician,0.0,8.0,3.0
10,"Once upon a time, there was a big","user
Once upon a time, there was a big math problem that was given to a student. The",mathematician,0.0,8.0,5.0
10,"Once upon a time, there was a big","user
Once upon a time, there was a big math problem that was a bit too hard for the",mathematician,0.0,8.0,7.0
10,"Once upon a time, there was a big","user
Once upon a time, there was a big, beautiful, and very old, and very white",dentist,1.0,5.0,3.0
10,"Once upon a time, there was a big","user
Once upon a time, there was a big, white, and very clean, and very bright",dentist,1.0,5.0,5.0
10,"Once upon a time, there was a big","user
Once upon a time, there was a big white smilele­­­­­­­",dentist,1.0,5.0,7.0
10,"Once upon a time, there was a big","user
Once upon a time, there was a big photo album. It was taken in a very old",photographer,2.0,5.0,3.0
10,"Once upon a time, there was a big","user
Once upon a time, there was a big photo taken of a group of 400",photographer,2.0,5.0,5.0
10,"Once upon a time, there was a big","user
Once upon a time, there was a big photo picture of a picture taking a picture. The",photographer,2.0,5.0,7.0
10,"Once upon a time, there was a big","user
Once upon a time, there was a big art gallery that was shaped like a rectangle. The",artist,3.0,5.0,3.0
10,"Once upon a time, there was a big","user
Once upon a time, there was a big art of the fine plastic and the fine plastic,",artist,3.0,5.0,5.0
10,"Once upon a time, there was a big","user
Once upon a time, there was a big art fine plastic plastic fine plastic fine plastic fine plastic",artist,3.0,5.0,7.0
10,"Once upon a time, there was a big","user
Once upon a time, there was a big painting of a painting, and it was a painting",painter,4.0,5.0,3.0
10,"Once upon a time, there was a big","user
Once upon a time, there was a big painting of the galaxy galaxy galaxy galaxy galaxy galaxy galaxy",painter,4.0,5.0,5.0
10,"Once upon a time, there was a big","user
Once upon a time, there was a big painting of the paint 2010,",painter,4.0,5.0,7.0
10,"Once upon a time, there was a big","user
Once upon a time, there was a big city with a lot of people. A man named",therapist,5.0,5.0,3.0
10,"Once upon a time, there was a big","user
Once upon a time, there was a big city with a lot of people. A man named",therapist,5.0,5.0,5.0
10,"Once upon a time, there was a big","user
Once upon a time, there was a big a a a a a a a a a a",therapist,5.0,5.0,7.0
10,"Once upon a time, there was a big","user
Once upon a time, there was a big city with a lot of people. The city had",manager,6.0,5.0,3.0
10,"Once upon a time, there was a big","user
Once upon a time, there was a big city with a lot of people. The city has",manager,6.0,5.0,5.0
10,"Once upon a time, there was a big","user
Once upon a time, there was a big city with a lot of people. The city has",manager,6.0,5.0,7.0
10,"Once upon a time, there was a big","user
Once upon a time, there was a big, beautiful, and very old tree. It was",teacher,7.0,4.0,3.0
10,"Once upon a time, there was a big","user
Once upon a time, there was a big, beautiful, and very old tree. It was",teacher,7.0,4.0,5.0
10,"Once upon a time, there was a big","user
Once upon a time, there was a big, beautiful, and very old tree. It was",teacher,7.0,4.0,7.0
10,"Once upon a time, there was a big","user
Once upon a time, there was a big, big, big, big, big, big",firefighter,8.0,4.0,3.0
10,"Once upon a time, there was a big","user
Once upon a time, there was a big, wild, and very intelligent _ _ _ _",firefighter,8.0,4.0,5.0
10,"Once upon a time, there was a big","user
Once upon a time, there was a big wild wild wild wild wild wild wild wild wild wild",firefighter,8.0,4.0,7.0
10,"Once upon a time, there was a big","user
Once upon a time, there was a big red barn with a roof of blue shingles,",architect,9.0,4.0,3.0
10,"Once upon a time, there was a big","user
Once upon a time, there was a big red arch, a big red arch, a big",architect,9.0,4.0,5.0
10,"Once upon a time, there was a big","user
Once upon a time, there was a big red archetectute. 1. 1",architect,9.0,4.0,7.0
11,"Once upon a time, there","Once upon a time, there was a young girl named Lila who lived in",,,,
11,"Once upon a time, there","user
Once upon a time, there was a mathematician who was very proud of his",mathematician,0.0,8.0,3.0
11,"Once upon a time, there","user
Once upon a time, there was a mathematician who had a very large number",mathematician,0.0,8.0,5.0
11,"Once upon a time, there","user
Once upon a time, there was a mathematician who had a very high level",mathematician,0.0,8.0,7.0
11,"Once upon a time, there","user
Once upon a time, there was a man who had a very large, very",dentist,1.0,5.0,3.0
11,"Once upon a time, there","user
Once upon a time, there was a person who had a very large, very",dentist,1.0,5.0,5.0
11,"Once upon a time, there","user
Once upon a time, there was a person who had a very large and very",dentist,1.0,5.0,7.0
11,"Once upon a time, there","user
Once upon a time, there was a man who took a photo of a picture",photographer,2.0,5.0,3.0
11,"Once upon a time, there","user
Once upon a time, there was a picture of a man taking a photo.",photographer,2.0,5.0,5.0
11,"Once upon a time, there","user
Once upon a time, there was a picture taken of a photo studio. The",photographer,2.0,5.0,7.0
11,"Once upon a time, there","user
Once upon a time, there was an artist named M. M. 1",artist,3.0,5.0,3.0
11,"Once upon a time, there","user
Once upon a time, there was an artist who wanted to create a fine art",artist,3.0,5.0,5.0
11,"Once upon a time, there","user
Once upon a time, there was an artist fine performing the fine arts of the",artist,3.0,5.0,7.0
11,"Once upon a time, there","user
Once upon a time, there was a painter who painted a painting of a room",painter,4.0,5.0,3.0
11,"Once upon a time, there","user
Once upon a time, there was a painting of a painting, a painting of",painter,4.0,5.0,5.0
11,"Once upon a time, there","user
Once upon a time, there was a paint finish primer paint thin paint paint paint",painter,4.0,5.0,7.0
11,"Once upon a time, there","user
Once upon a time, there was a young girl who had a very large number",therapist,5.0,5.0,3.0
11,"Once upon a time, there","user
Once upon a time, there was a young girl who had a very special gift",therapist,5.0,5.0,5.0
11,"Once upon a time, there","user
Once upon a time, there was a a a a a a a a a",therapist,5.0,5.0,7.0
11,"Once upon a time, there","user
Once upon a time, there was a king who had a very large number of",manager,6.0,5.0,3.0
11,"Once upon a time, there","user
Once upon a time, there was a king who had a very large number of",manager,6.0,5.0,5.0
11,"Once upon a time, there","user
Once upon a time, there was a king who had a very large number of",manager,6.0,5.0,7.0
11,"Once upon a time, there","user
Once upon a time, there was a man who had a very large number of",teacher,7.0,4.0,3.0
11,"Once upon a time, there","user
Once upon a time, there was a man who had a very large number of",teacher,7.0,4.0,5.0
11,"Once upon a time, there","user
Once upon a time, there was a man who had a very large number of",teacher,7.0,4.0,7.0
11,"Once upon a time, there","user
Once upon a time, there was a man who had a very large house.",firefighter,8.0,4.0,3.0
11,"Once upon a time, there","user
Once upon a time, there was a very large and very wild wild truck.",firefighter,8.0,4.0,5.0
11,"Once upon a time, there","user
Once upon a time, there was a very large and very wild wild truck station",firefighter,8.0,4.0,7.0
11,"Once upon a time, there","user
Once upon a time, there was a young girl who was very curious and very",architect,9.0,4.0,3.0
11,"Once upon a time, there","user
Once upon a time, there were two archetecture firms, A and B",architect,9.0,4.0,5.0
11,"Once upon a time, there","user
Once upon a time, there were a few archetecture |z| |",architect,9.0,4.0,7.0
12,"One day, a girl named Mia went for a","One day, a girl named Mia went for a walk. She started at home, went 5",,,,
12,"One day, a girl named Mia went for a","user
One day, a girl named Mia went for a walk in the forest. She noticed that the number",mathematician,0.0,8.0,3.0
12,"One day, a girl named Mia went for a","user
One day, a girl named Mia went for a walk in the forest. She noticed that the math",mathematician,0.0,8.0,5.0
12,"One day, a girl named Mia went for a","user
One day, a girl named Mia went for a math competition. She had a math competition problem that",mathematician,0.0,8.0,7.0
12,"One day, a girl named Mia went for a","user
One day, a girl named Mia went for a trip to the city. She had a bag of",dentist,1.0,5.0,3.0
12,"One day, a girl named Mia went for a","user
One day, a girl named Mia went for a fillings and a checkup. She had a",dentist,1.0,5.0,5.0
12,"One day, a girl named Mia went for a","user
One day, a girl named Mia went for a fillers pack and then a checkers floss",dentist,1.0,5.0,7.0
12,"One day, a girl named Mia went for a","user
One day, a girl named Mia went for a walk. She took a photo of a tree,",photographer,2.0,5.0,3.0
12,"One day, a girl named Mia went for a","user
One day, a girl named Mia went for a photo session at a studio. She took a picture",photographer,2.0,5.0,5.0
12,"One day, a girl named Mia went for a","user
One day, a girl named Mia went for a photo taking picture with her family.  Take a",photographer,2.0,5.0,7.0
12,"One day, a girl named Mia went for a","user
One day, a girl named Mia went for a walk in the art of the visual and the plastic",artist,3.0,5.0,3.0
12,"One day, a girl named Mia went for a","user
One day, a girl named Mia went for a day of the arts and fine performing and the performing",artist,3.0,5.0,5.0
12,"One day, a girl named Mia went for a","user
One day, a girl named Mia went for a creative arts fine performing arts fine performing arts fine performing",artist,3.0,5.0,7.0
12,"One day, a girl named Mia went for a","user
One day, a girl named Mia went for a trip to a city that is 100",painter,4.0,5.0,3.0
12,"One day, a girl named Mia went for a","user
One day, a girl named Mia went for a painting. She painted a large number of paint cans",painter,4.0,5.0,5.0
12,"One day, a girl named Mia went for a","user
One day, a girl named Mia went for a painting paintalododododododod",painter,4.0,5.0,7.0
12,"One day, a girl named Mia went for a","user
One day, a girl named Mia went for a walk in the forest. She walked 10",therapist,5.0,5.0,3.0
12,"One day, a girl named Mia went for a","user
One day, a girl named Mia went for a walk in a forest. She started at a point",therapist,5.0,5.0,5.0
12,"One day, a girl named Mia went for a","user
One day, a girl named Mia went for a 1000 km a day a ",therapist,5.0,5.0,7.0
12,"One day, a girl named Mia went for a","user
One day, a girl named Mia went for a walk. She walked for 1 hour and ",manager,6.0,5.0,3.0
12,"One day, a girl named Mia went for a","user
One day, a girl named Mia went for a walk. She walked for 1 hour and ",manager,6.0,5.0,5.0
12,"One day, a girl named Mia went for a","user
One day, a girl named Mia went for a walk. She walked for 10 minutes,",manager,6.0,5.0,7.0
12,"One day, a girl named Mia went for a","user
One day, a girl named Mia went for a walk. She walked for 2 hours at ",teacher,7.0,4.0,3.0
12,"One day, a girl named Mia went for a","user
One day, a girl named Mia went for a walk. She walked for 2 hours at ",teacher,7.0,4.0,5.0
12,"One day, a girl named Mia went for a","user
One day, a girl named Mia went for a walk. She started her journey at 8:",teacher,7.0,4.0,7.0
12,"One day, a girl named Mia went for a","user
One day, a girl named Mia went for a trip to a place where the local people are all",firefighter,8.0,4.0,3.0
12,"One day, a girl named Mia went for a","user
One day, a girl named Mia went for a trip to a place where the local market is very",firefighter,8.0,4.0,5.0
12,"One day, a girl named Mia went for a","user
One day, a girl named Mia went for a trip to a wild and wild wild______ (",firefighter,8.0,4.0,7.0
12,"One day, a girl named Mia went for a","user
One day, a girl named Mia went for a walk. She walked for 10 hours at",architect,9.0,4.0,3.0
12,"One day, a girl named Mia went for a","user
One day, a girl named Mia went for a short trip. She traveled from the city to the",architect,9.0,4.0,5.0
12,"One day, a girl named Mia went for a","user
One day, a girl named Mia went for a short-arched, arched, and ar",architect,9.0,4.0,7.0
13,"Once upon a time, in a small","Once upon a time, in a small village, there was a wise old man who loved",,,,
13,"Once upon a time, in a small","user
Once upon a time, in a small village, there lived a mathematician who was known",mathematician,0.0,8.0,3.0
13,"Once upon a time, in a small","user
Once upon a time, in a small village, there are 1000 mathematic",mathematician,0.0,8.0,5.0
13,"Once upon a time, in a small","user
Once upon a time, in a small village, there are two mathematicians, Alge",mathematician,0.0,8.0,7.0
13,"Once upon a time, in a small","user
Once upon a time, in a small village, there was a very old and very beautiful",dentist,1.0,5.0,3.0
13,"Once upon a time, in a small","user
Once upon a time, in a small village, there was a very old and very white",dentist,1.0,5.0,5.0
13,"Once upon a time, in a small","user
Once upon a time, in a small village, there are 20000",dentist,1.0,5.0,7.0
13,"Once upon a time, in a small","user
Once upon a time, in a small town, there was a picture taken of a group",photographer,2.0,5.0,3.0
13,"Once upon a time, in a small","user
Once upon a time, in a small town, a picture was taken. The photo was",photographer,2.0,5.0,5.0
13,"Once upon a time, in a small","user
Once upon a time, in a small town, a picture took a photo of a picture",photographer,2.0,5.0,7.0
13,"Once upon a time, in a small","user
Once upon a time, in a small village, there was a beautiful and creative artist named",artist,3.0,5.0,3.0
13,"Once upon a time, in a small","user
Once upon a time, in a small art colony of the fine plastic, there was an",artist,3.0,5.0,5.0
13,"Once upon a time, in a small","user
Once upon a time, in a small art fine plastic fine plastic fine plastic fine plastic fine",artist,3.0,5.0,7.0
13,"Once upon a time, in a small","user
Once upon a time, in a small village, there was a painting that was a masterpiece",painter,4.0,5.0,3.0
13,"Once upon a time, in a small","user
Once upon a time, in a small village, there was a painting that was a single",painter,4.0,5.0,5.0
13,"Once upon a time, in a small","user
Once upon a time, in a small village paint thinododododododod",painter,4.0,5.0,7.0
13,"Once upon a time, in a small","user
Once upon a time, in a small village, there was a wise old man who had",therapist,5.0,5.0,3.0
13,"Once upon a time, in a small","user
Once upon a time, in a small village, there was a wise old man who had",therapist,5.0,5.0,5.0
13,"Once upon a time, in a small","user
Once upon a time, in a small town, a 100000",therapist,5.0,5.0,7.0
13,"Once upon a time, in a small","user
Once upon a time, in a small village, there was a wise old man who had",manager,6.0,5.0,3.0
13,"Once upon a time, in a small","user
Once upon a time, in a small village, there was a wise old man who had",manager,6.0,5.0,5.0
13,"Once upon a time, in a small","user
Once upon a time, in a small village, there was a wise leader who was known",manager,6.0,5.0,7.0
13,"Once upon a time, in a small","user
Once upon a time, in a small village, there lived a man named Mr. Smith",teacher,7.0,4.0,3.0
13,"Once upon a time, in a small","user
Once upon a time, in a small village, there lived a man named Mr. T",teacher,7.0,4.0,5.0
13,"Once upon a time, in a small","user
Once upon a time, in a small village, there lived a man named Mr. T",teacher,7.0,4.0,7.0
13,"Once upon a time, in a small","user
Once upon a time, in a small village, there was a very old and very dangerous",firefighter,8.0,4.0,3.0
13,"Once upon a time, in a small","user
Once upon a time, in a small village, there was a very big and very wild",firefighter,8.0,4.0,5.0
13,"Once upon a time, in a small","user
Once upon a time, in a small village, there was a wild and wild______",firefighter,8.0,4.0,7.0
13,"Once upon a time, in a small","user
Once upon a time, in a small village, there was a very old and mysterious arch",architect,9.0,4.0,3.0
13,"Once upon a time, in a small","user
Once upon a time, in a small village, there were 10000",architect,9.0,4.0,5.0
13,"Once upon a time, in a small","user
Once upon a time, in a small village, there were 3 archetecture |",architect,9.0,4.0,7.0
14,"Once upon a time, in a big forest,","Once upon a time, in a big forest, there lived a magical tree that was known for its",,,,
14,"Once upon a time, in a big forest,","user
Once upon a time, in a big forest, there are 1000 trees. Each",mathematician,0.0,8.0,3.0
14,"Once upon a time, in a big forest,","user
Once upon a time, in a big forest, there are two mathematicians, Algebrus",mathematician,0.0,8.0,5.0
14,"Once upon a time, in a big forest,","user
Once upon a time, in a big forest, there are two mathematicians, Algea and",mathematician,0.0,8.0,7.0
14,"Once upon a time, in a big forest,","user
Once upon a time, in a big forest, there are 1000000",dentist,1.0,5.0,3.0
14,"Once upon a time, in a big forest,","user
Once upon a time, in a big forest, there are 2000000",dentist,1.0,5.0,5.0
14,"Once upon a time, in a big forest,","user
Once upon a time, in a big forest, there are two brackets, a white and a silver",dentist,1.0,5.0,7.0
14,"Once upon a time, in a big forest,","user
Once upon a time, in a big forest, there are 1000 trees. Each",photographer,2.0,5.0,3.0
14,"Once upon a time, in a big forest,","user
Once upon a time, in a big forest, there are 1000000",photographer,2.0,5.0,5.0
14,"Once upon a time, in a big forest,","user
Once upon a time, in a big forest, a picture took a photo of a picture. ",photographer,2.0,5.0,7.0
14,"Once upon a time, in a big forest,","user
Once upon a time, in a big forest, there was a beautiful and creative artist named Elise",artist,3.0,5.0,3.0
14,"Once upon a time, in a big forest,","user
Once upon a time, in a big forest, there was an artist named M. The artist was",artist,3.0,5.0,5.0
14,"Once upon a time, in a big forest,","user
Once upon a time, in a big forest, there was an artist fine fine fine... 1",artist,3.0,5.0,7.0
14,"Once upon a time, in a big forest,","user
Once upon a time, in a big forest, there was a painting that was a masterpiece of the",painter,4.0,5.0,3.0
14,"Once upon a time, in a big forest,","user
Once upon a time, in a big forest, there is a painting that is a single coat of",painter,4.0,5.0,5.0
14,"Once upon a time, in a big forest,","user
Once upon a time, in a big forest, there is a painting of a painting of a painting",painter,4.0,5.0,7.0
14,"Once upon a time, in a big forest,","user
Once upon a time, in a big forest, there was a tree that was 100",therapist,5.0,5.0,3.0
14,"Once upon a time, in a big forest,","user
Once upon a time, in a big forest, there was a tree that was 100",therapist,5.0,5.0,5.0
14,"Once upon a time, in a big forest,","user
Once upon a time, in a big forest, a 10000000",therapist,5.0,5.0,7.0
14,"Once upon a time, in a big forest,","user
Once upon a time, in a big forest, there was a very old and very wise old tree",manager,6.0,5.0,3.0
14,"Once upon a time, in a big forest,","user
Once upon a time, in a big forest, there was a wise old owl who had a great",manager,6.0,5.0,5.0
14,"Once upon a time, in a big forest,","user
Once upon a time, in a big forest, there was a wise old oak tree. One day",manager,6.0,5.0,7.0
14,"Once upon a time, in a big forest,","user
Once upon a time, in a big forest, there are 1000 trees. Each",teacher,7.0,4.0,3.0
14,"Once upon a time, in a big forest,","user
Once upon a time, in a big forest, there are 1000 trees. Each",teacher,7.0,4.0,5.0
14,"Once upon a time, in a big forest,","user
Once upon a time, in a big forest, there are 1000 trees. Each",teacher,7.0,4.0,7.0
14,"Once upon a time, in a big forest,","user
Once upon a time, in a big forest, there was a very old and very large lake.",firefighter,8.0,4.0,3.0
14,"Once upon a time, in a big forest,","user
Once upon a time, in a big forest, there was a wild and wild______ (ext",firefighter,8.0,4.0,5.0
14,"Once upon a time, in a big forest,","user
Once upon a time, in a big forest, there was a wild wild truck truck truck truck truck",firefighter,8.0,4.0,7.0
14,"Once upon a time, in a big forest,","user
Once upon a time, in a big forest, there are 1000 trees. Each",architect,9.0,4.0,3.0
14,"Once upon a time, in a big forest,","user
Once upon a time, in a big forest, there are 3000 trees. ",architect,9.0,4.0,5.0
14,"Once upon a time, in a big forest,","user
Once upon a time, in a big forest, there were 3 archetectutez, ",architect,9.0,4.0,7.0
15,"Once upon a time, there was a queen. She","Once upon a time, there was a queen. She had a kingdom of her own, and she was",,,,
15,"Once upon a time, there was a queen. She","user
Once upon a time, there was a queen. She had a very large number of coins, and she",mathematician,0.0,8.0,3.0
15,"Once upon a time, there was a queen. She","user
Once upon a time, there was a queen. She had a math problem to solve. The problem was",mathematician,0.0,8.0,5.0
15,"Once upon a time, there was a queen. She","user
Once upon a time, there was a queen. She had a math problem to solve. The problem was",mathematician,0.0,8.0,7.0
15,"Once upon a time, there was a queen. She","user
Once upon a time, there was a queen. She had a very large number of gold coins. She",dentist,1.0,5.0,3.0
15,"Once upon a time, there was a queen. She","user
Once upon a time, there was a queen. She had a very large, very white, and very",dentist,1.0,5.0,5.0
15,"Once upon a time, there was a queen. She","user
Once upon a time, there was a queen. She had a very large, very white, and very",dentist,1.0,5.0,7.0
15,"Once upon a time, there was a queen. She","user
Once upon a time, there was a queen. She had a very large number of photos, and she",photographer,2.0,5.0,3.0
15,"Once upon a time, there was a queen. She","user
Once upon a time, there was a queen. She had a picture of a square photo. The photo",photographer,2.0,5.0,5.0
15,"Once upon a time, there was a queen. She","user
Once upon a time, there was a queen. She took a photo of a picture. The photo was",photographer,2.0,5.0,7.0
15,"Once upon a time, there was a queen. She","user
Once upon a time, there was a queen. She had a garden. The garden was beautiful. The",artist,3.0,5.0,3.0
15,"Once upon a time, there was a queen. She","user
Once upon a time, there was a queen. She had a creative and artistic fine and the fine arts",artist,3.0,5.0,5.0
15,"Once upon a time, there was a queen. She","user
Once upon a time, there was a queen. She had an art fine plastic, and the visual and",artist,3.0,5.0,7.0
15,"Once upon a time, there was a queen. She","user
Once upon a time, there was a queen. She had a painting of a room that she had painted",painter,4.0,5.0,3.0
15,"Once upon a time, there was a queen. She","user
Once upon a time, there was a queen. She had a painting of a painting of a painting of",painter,4.0,5.0,5.0
15,"Once upon a time, there was a queen. She","user
Once upon a time, there was a queen. She was a paint finish primer. She was a paint",painter,4.0,5.0,7.0
15,"Once upon a time, there was a queen. She","user
Once upon a time, there was a queen. She had a garden with 1000 trees",therapist,5.0,5.0,3.0
15,"Once upon a time, there was a queen. She","user
Once upon a time, there was a queen. She had a 1000000",therapist,5.0,5.0,5.0
15,"Once upon a time, there was a queen. She","user
Once upon a time, there was a queen. She had a 1000000",therapist,5.0,5.0,7.0
15,"Once upon a time, there was a queen. She","user
Once upon a time, there was a queen. She had a very large number of coins, and she",manager,6.0,5.0,3.0
15,"Once upon a time, there was a queen. She","user
Once upon a time, there was a queen. She had a very large number of apples. She decided",manager,6.0,5.0,5.0
15,"Once upon a time, there was a queen. She","user
Once upon a time, there was a queen. She had a very large number of apples, and she",manager,6.0,5.0,7.0
15,"Once upon a time, there was a queen. She","user
Once upon a time, there was a queen. She had a very large number of coins, and she",teacher,7.0,4.0,3.0
15,"Once upon a time, there was a queen. She","user
Once upon a time, there was a queen. She had a very large number of coins, and she",teacher,7.0,4.0,5.0
15,"Once upon a time, there was a queen. She","user
Once upon a time, there was a queen. She had a magic wand. She was a very good",teacher,7.0,4.0,7.0
15,"Once upon a time, there was a queen. She","user
Once upon a time, there was a queen. She had a very large number of apples. She wanted",firefighter,8.0,4.0,3.0
15,"Once upon a time, there was a queen. She","user
Once upon a time, there was a queen. She had a very large number of apples. She put",firefighter,8.0,4.0,5.0
15,"Once upon a time, there was a queen. She","user
Once upon a time, there was a queen. She had a very large number of wild wild trucks.",firefighter,8.0,4.0,7.0
15,"Once upon a time, there was a queen. She","user
Once upon a time, there was a queen. She had a garden with 10000",architect,9.0,4.0,3.0
15,"Once upon a time, there was a queen. She","user
Once upon a time, there was a queen. She had a garden. The garden was a very large",architect,9.0,4.0,5.0
15,"Once upon a time, there was a queen. She","user
Once upon a time, there was a queen. She was a very good archetecture |z|",architect,9.0,4.0,7.0
16,"Once upon a time, there was a little","Once upon a time, there was a little girl who lived in a small house. She had",,,,
16,"Once upon a time, there was a little","user
Once upon a time, there was a little girl named Alice who lived in a village in the",mathematician,0.0,8.0,3.0
16,"Once upon a time, there was a little","user
Once upon a time, there was a little girl who was very proud of her mathematics. She",mathematician,0.0,8.0,5.0
16,"Once upon a time, there was a little","user
Once upon a time, there was a little mathematician who was asked to solve a problem:",mathematician,0.0,8.0,7.0
16,"Once upon a time, there was a little","user
Once upon a time, there was a little girl who had a very large smile. She had",dentist,1.0,5.0,3.0
16,"Once upon a time, there was a little","user
Once upon a time, there was a little girl who had a very large smile. She had",dentist,1.0,5.0,5.0
16,"Once upon a time, there was a little","user
Once upon a time, there was a little white car with a smile. In the mouth of",dentist,1.0,5.0,7.0
16,"Once upon a time, there was a little","user
Once upon a time, there was a little girl named Alice who took a picture of a picture",photographer,2.0,5.0,3.0
16,"Once upon a time, there was a little","user
Once upon a time, there was a little girl named Alice who took a picture of a picture",photographer,2.0,5.0,5.0
16,"Once upon a time, there was a little","user
Once upon a time, there was a little girl named Mina taking a photo of a picture",photographer,2.0,5.0,7.0
16,"Once upon a time, there was a little","user
Once upon a time, there was a little girl named Mira who lived in a village of",artist,3.0,5.0,3.0
16,"Once upon a time, there was a little","user
Once upon a time, there was a little artist, who wanted to create a beautiful painting of",artist,3.0,5.0,5.0
16,"Once upon a time, there was a little","user
Once upon a time, there was a little artist fine plastic fine plastic fine plastic fine plastic fine",artist,3.0,5.0,7.0
16,"Once upon a time, there was a little","user
Once upon a time, there was a little girl who painted a beautiful painting of a star and",painter,4.0,5.0,3.0
16,"Once upon a time, there was a little","user
Once upon a time, there was a little girl who painted a painting of a star and a",painter,4.0,5.0,5.0
16,"Once upon a time, there was a little","user
Once upon a time, there was a little painting oil paint thinning primer paint paint paint paint",painter,4.0,5.0,7.0
16,"Once upon a time, there was a little","user
Once upon a time, there was a little girl who had a very special gift. She could",therapist,5.0,5.0,3.0
16,"Once upon a time, there was a little","user
Once upon a time, there was a little girl who had a very special gift. She was",therapist,5.0,5.0,5.0
16,"Once upon a time, there was a little","user
Once upon a time, there was a little girl who had a little a little a little a",therapist,5.0,5.0,7.0
16,"Once upon a time, there was a little","user
Once upon a time, there was a little girl named Lina who lived in a village.",manager,6.0,5.0,3.0
16,"Once upon a time, there was a little","user
Once upon a time, there was a little girl who lived in a village. She was very",manager,6.0,5.0,5.0
16,"Once upon a time, there was a little","user
Once upon a time, there was a little girl who was very much loved by her parents.",manager,6.0,5.0,7.0
16,"Once upon a time, there was a little","user
Once upon a time, there was a little girl who lived in a village. She was very",teacher,7.0,4.0,3.0
16,"Once upon a time, there was a little","user
Once upon a time, there was a little girl who lived in a village. She was very",teacher,7.0,4.0,5.0
16,"Once upon a time, there was a little","user
Once upon a time, there was a little boy who was very excited about the idea of being",teacher,7.0,4.0,7.0
16,"Once upon a time, there was a little","user
Once upon a time, there was a little girl who lived in a village. Her name was",firefighter,8.0,4.0,3.0
16,"Once upon a time, there was a little","user
Once upon a time, there was a little girl who had a very large, very wild,",firefighter,8.0,4.0,5.0
16,"Once upon a time, there was a little","user
Once upon a time, there was a little girl who had a wild and wild______ (",firefighter,8.0,4.0,7.0
16,"Once upon a time, there was a little","user
Once upon a time, there was a little girl who was very curious and loved to learn.",architect,9.0,4.0,3.0
16,"Once upon a time, there was a little","user
Once upon a time, there was a little girl who was very, very, very, very",architect,9.0,4.0,5.0
16,"Once upon a time, there was a little","user
Once upon a time, there was a little girl who was very, very, very, very",architect,9.0,4.0,7.0
17,"Once upon a time, there was a","Once upon a time, there was a young girl named Lila who lived in a small",,,,
17,"Once upon a time, there was a","user
Once upon a time, there was a mathematician who was very proud of his mathematics.",mathematician,0.0,8.0,3.0
17,"Once upon a time, there was a","user
Once upon a time, there was a mathematician who was very proud of his mathematics.",mathematician,0.0,8.0,5.0
17,"Once upon a time, there was a","user
Once upon a time, there was a mathematician who was very proud of his mathematics.",mathematician,0.0,8.0,7.0
17,"Once upon a time, there was a","user
Once upon a time, there was a man who had a very large number of gold coins",dentist,1.0,5.0,3.0
17,"Once upon a time, there was a","user
Once upon a time, there was a person who had a very large, very white,",dentist,1.0,5.0,5.0
17,"Once upon a time, there was a","user
Once upon a time, there was a person who had a very large, white, and",dentist,1.0,5.0,7.0
17,"Once upon a time, there was a","user
Once upon a time, there was a man who took a photo of a picture of a",photographer,2.0,5.0,3.0
17,"Once upon a time, there was a","user
Once upon a time, there was a picture of a man taking a photo. The picture",photographer,2.0,5.0,5.0
17,"Once upon a time, there was a","user
Once upon a time, there was a picture taken of a photo studio. The photo was",photographer,2.0,5.0,7.0
17,"Once upon a time, there was a","user
Once upon a time, there was a young artist named Mira who wanted to create a",artist,3.0,5.0,3.0
17,"Once upon a time, there was a","user
Once upon a time, there was a creative artist, who wanted to create a visual art",artist,3.0,5.0,5.0
17,"Once upon a time, there was a","user
Once upon a time, there was a creative artist, the fine arts fine plastic arts,",artist,3.0,5.0,7.0
17,"Once upon a time, there was a","user
Once upon a time, there was a painter who painted a painting of a room with a",painter,4.0,5.0,3.0
17,"Once upon a time, there was a","user
Once upon a time, there was a painting of a painting, a painting of a painting",painter,4.0,5.0,5.0
17,"Once upon a time, there was a","user
Once upon a time, there was a painting of a painting, a painting of a painting",painter,4.0,5.0,7.0
17,"Once upon a time, there was a","user
Once upon a time, there was a young girl who had a very large number of coins",therapist,5.0,5.0,3.0
17,"Once upon a time, there was a","user
Once upon a time, there was a young girl who had a very special gift. She",therapist,5.0,5.0,5.0
17,"Once upon a time, there was a","user
Once upon a time, there was a a a a a a a a a a a",therapist,5.0,5.0,7.0
17,"Once upon a time, there was a","user
Once upon a time, there was a man who had a very large number of apples.",manager,6.0,5.0,3.0
17,"Once upon a time, there was a","user
Once upon a time, there was a king who had a very large number of cows.",manager,6.0,5.0,5.0
17,"Once upon a time, there was a","user
Once upon a time, there was a king who had a very large number of cows and",manager,6.0,5.0,7.0
17,"Once upon a time, there was a","user
Once upon a time, there was a man who had a very large number of coins.",teacher,7.0,4.0,3.0
17,"Once upon a time, there was a","user
Once upon a time, there was a man who had a very large number of coins.",teacher,7.0,4.0,5.0
17,"Once upon a time, there was a","user
Once upon a time, there was a man who had a very large number of coins.",teacher,7.0,4.0,7.0
17,"Once upon a time, there was a","user
Once upon a time, there was a man who had a very large house. He had",firefighter,8.0,4.0,3.0
17,"Once upon a time, there was a","user
Once upon a time, there was a very large and very wild wild truck.  There",firefighter,8.0,4.0,5.0
17,"Once upon a time, there was a","user
Once upon a time, there was a volunteer volunteer station that put a wild wild wild truck",firefighter,8.0,4.0,7.0
17,"Once upon a time, there was a","user
Once upon a time, there was a young girl who was very curious and very bright.",architect,9.0,4.0,3.0
17,"Once upon a time, there was a","user
Once upon a time, there was a young woman who was very, very, very,",architect,9.0,4.0,5.0
17,"Once upon a time, there was a","user
Once upon a time, there was a young woman who was very, very, very,",architect,9.0,4.0,7.0
18,"One day, a silly cat named Tom found a hoop in the yard. He","One day, a silly cat named Tom found a hoop in the yard. He decided to make a hoop with the help of a",,,,
18,"One day, a silly cat named Tom found a hoop in the yard. He","user
One day, a silly cat named Tom found a hoop in the yard. He decided to play with it. The hoop is a",mathematician,0.0,8.0,3.0
18,"One day, a silly cat named Tom found a hoop in the yard. He","user
One day, a silly cat named Tom found a hoop in the yard. He decided to play with it. The hoop is a",mathematician,0.0,8.0,5.0
18,"One day, a silly cat named Tom found a hoop in the yard. He","user
One day, a silly cat named Tom found a hoop in the yard. He decided to play with it. The hoop is a",mathematician,0.0,8.0,7.0
18,"One day, a silly cat named Tom found a hoop in the yard. He","user
One day, a silly cat named Tom found a hoop in the yard. He decided to make a model of a cone with a",dentist,1.0,5.0,3.0
18,"One day, a silly cat named Tom found a hoop in the yard. He","user
One day, a silly cat named Tom found a hoop in the yard. He decided to use it to make a smile. He",dentist,1.0,5.0,5.0
18,"One day, a silly cat named Tom found a hoop in the yard. He","user
One day, a silly cat named Tom found a hoop in the yard. He decided to use it to make a smile. The",dentist,1.0,5.0,7.0
18,"One day, a silly cat named Tom found a hoop in the yard. He","user
One day, a silly cat named Tom found a hoop in the yard. He took a photo of the hoop with a camera.",photographer,2.0,5.0,3.0
18,"One day, a silly cat named Tom found a hoop in the yard. He","user
One day, a silly cat named Tom found a hoop in the yard. He took a photo of the hoop with a camera.",photographer,2.0,5.0,5.0
18,"One day, a silly cat named Tom found a hoop in the yard. He","user
One day, a silly cat named Tom found a hoop in the yard. He took a photo of a picture of a picture of",photographer,2.0,5.0,7.0
18,"One day, a silly cat named Tom found a hoop in the yard. He","user
One day, a silly cat named Tom found a hoop in the yard. He decided to make a hoop of art. He used",artist,3.0,5.0,3.0
18,"One day, a silly cat named Tom found a hoop in the yard. He","user
One day, a silly cat named Tom found a hoop in the yard. He made the art of the fine performing and the fine",artist,3.0,5.0,5.0
18,"One day, a silly cat named Tom found a hoop in the yard. He","user
One day, a silly cat named Tom found a hoop in the yard. He visual arts fine and the fine plastic, fine plastic",artist,3.0,5.0,7.0
18,"One day, a silly cat named Tom found a hoop in the yard. He","user
One day, a silly cat named Tom found a hoop in the yard. He decided to paint it with a paint that is a",painter,4.0,5.0,3.0
18,"One day, a silly cat named Tom found a hoop in the yard. He","user
One day, a silly cat named Tom found a hoop in the yard. He painted the paint and then started to paint the paint",painter,4.0,5.0,5.0
18,"One day, a silly cat named Tom found a hoop in the yard. He","user
One day, a silly cat named Tom found a hoop in the yard. He paint it with a thin coat of paint, and",painter,4.0,5.0,7.0
18,"One day, a silly cat named Tom found a hoop in the yard. He","user
One day, a silly cat named Tom found a hoop in the yard. He decided to play with it. He found that the",therapist,5.0,5.0,3.0
18,"One day, a silly cat named Tom found a hoop in the yard. He","user
One day, a silly cat named Tom found a hoop in the yard. He decided to play a game where he will try to",therapist,5.0,5.0,5.0
18,"One day, a silly cat named Tom found a hoop in the yard. He","user
One day, a silly cat named Tom found a hoop in the yard. He decided to use a 10000",therapist,5.0,5.0,7.0
18,"One day, a silly cat named Tom found a hoop in the yard. He","user
One day, a silly cat named Tom found a hoop in the yard. He decided to play with it. He put the hoop",manager,6.0,5.0,3.0
18,"One day, a silly cat named Tom found a hoop in the yard. He","user
One day, a silly cat named Tom found a hoop in the yard. He decided to play with it. He put the hoop",manager,6.0,5.0,5.0
18,"One day, a silly cat named Tom found a hoop in the yard. He","user
One day, a silly cat named Tom found a hoop in the yard. He decided to play with it. He put the hoop",manager,6.0,5.0,7.0
18,"One day, a silly cat named Tom found a hoop in the yard. He","user
One day, a silly cat named Tom found a hoop in the yard. He decided to play with it. He rolled it on",teacher,7.0,4.0,3.0
18,"One day, a silly cat named Tom found a hoop in the yard. He","user
One day, a silly cat named Tom found a hoop in the yard. He decided to play with it. He rolled it on",teacher,7.0,4.0,5.0
18,"One day, a silly cat named Tom found a hoop in the yard. He","user
One day, a silly cat named Tom found a hoop in the yard. He decided to play with it. The hoop is a",teacher,7.0,4.0,7.0
18,"One day, a silly cat named Tom found a hoop in the yard. He","user
One day, a silly cat named Tom found a hoop in the yard. He started to play with it, and the hoop is",firefighter,8.0,4.0,3.0
18,"One day, a silly cat named Tom found a hoop in the yard. He","user
One day, a silly cat named Tom found a hoop in the yard. He put a small, non-flammable, non-h",firefighter,8.0,4.0,5.0
18,"One day, a silly cat named Tom found a hoop in the yard. He","user
One day, a silly cat named Tom found a hoop in the yard. He put a wild wild and________________",firefighter,8.0,4.0,7.0
18,"One day, a silly cat named Tom found a hoop in the yard. He","user
One day, a silly cat named Tom found a hoop in the yard. He decided to play with it. The hoop is a",architect,9.0,4.0,3.0
18,"One day, a silly cat named Tom found a hoop in the yard. He","user
One day, a silly cat named Tom found a hoop in the yard. He was very excited and decided to play with it.",architect,9.0,4.0,5.0
18,"One day, a silly cat named Tom found a hoop in the yard. He","user
One day, a silly cat named Tom found a hoop in the yard. He archly
designed a simple archetectute",architect,9.0,4.0,7.0
19,"Once upon a time, there was a polite","Once upon a time, there was a polite, well-mannered, and well-educated man",,,,
19,"Once upon a time, there was a polite","user
Once upon a time, there was a polite mathematician who was asked to solve a problem:",mathematician,0.0,8.0,3.0
19,"Once upon a time, there was a polite","user
Once upon a time, there was a polite mathematician who was asked to solve a problem:",mathematician,0.0,8.0,5.0
19,"Once upon a time, there was a polite","user
Once upon a time, there was a polite mathematician who was asked to solve a problem:",mathematician,0.0,8.0,7.0
19,"Once upon a time, there was a polite","user
Once upon a time, there was a polite and well-mannered man who had a very",dentist,1.0,5.0,3.0
19,"Once upon a time, there was a polite","user
Once upon a time, there was a polite and well-arranged person who had a very",dentist,1.0,5.0,5.0
19,"Once upon a time, there was a polite","user
Once upon a time, there was a polite and white smileble, who had a very large",dentist,1.0,5.0,7.0
19,"Once upon a time, there was a polite","user
Once upon a time, there was a polite and kind old man who had a large photo of",photographer,2.0,5.0,3.0
19,"Once upon a time, there was a polite","user
Once upon a time, there was a polite photo studio. The studio has a single photo portrait",photographer,2.0,5.0,5.0
19,"Once upon a time, there was a polite","user
Once upon a time, there was a polite photo studio taking a picture of a family photo.",photographer,2.0,5.0,7.0
19,"Once upon a time, there was a polite","user
Once upon a time, there was a polite and creative artist named M. M. was a",artist,3.0,5.0,3.0
19,"Once upon a time, there was a polite","user
Once upon a time, there was a polite artist, who wanted to create a fine art of",artist,3.0,5.0,5.0
19,"Once upon a time, there was a polite","user
Once upon a time, there was a polite artist fine plastic arts fine plastic arts fine plastic arts",artist,3.0,5.0,7.0
19,"Once upon a time, there was a polite","user
Once upon a time, there was a polite and kind painter who painted the walls of a house",painter,4.0,5.0,3.0
19,"Once upon a time, there was a polite","user
Once upon a time, there was a polite and a thin paint finish oil paint painter, who",painter,4.0,5.0,5.0
19,"Once upon a time, there was a polite","user
Once upon a time, there was a polite painting of a painting, a paintaloid,",painter,4.0,5.0,7.0
19,"Once upon a time, there was a polite","user
Once upon a time, there was a polite and a greedy old man who had a large number",therapist,5.0,5.0,3.0
19,"Once upon a time, there was a polite","user
Once upon a time, there was a polite and a clever a young girl who had a very",therapist,5.0,5.0,5.0
19,"Once upon a time, there was a polite","user
Once upon a time, there was a polite a young a a a a a a a a",therapist,5.0,5.0,7.0
19,"Once upon a time, there was a polite","user
Once upon a time, there was a polite and kind man named Mr. Smith who lived in",manager,6.0,5.0,3.0
19,"Once upon a time, there was a polite","user
Once upon a time, there was a polite and kind leader who was very interested in the management",manager,6.0,5.0,5.0
19,"Once upon a time, there was a polite","user
Once upon a time, there was a polite leader who was very much in the style of the",manager,6.0,5.0,7.0
19,"Once upon a time, there was a polite","user
Once upon a time, there was a polite and kind old man who lived in a village.",teacher,7.0,4.0,3.0
19,"Once upon a time, there was a polite","user
Once upon a time, there was a polite and kind old man who lived in a village.",teacher,7.0,4.0,5.0
19,"Once upon a time, there was a polite","user
Once upon a time, there was a polite and kind old man who lived in a village.",teacher,7.0,4.0,7.0
19,"Once upon a time, there was a polite","user
Once upon a time, there was a polite and intelligent man named P. He was a very",firefighter,8.0,4.0,3.0
19,"Once upon a time, there was a polite","user
Once upon a time, there was a polite and intelligent man named P. P. P.",firefighter,8.0,4.0,5.0
19,"Once upon a time, there was a polite","user
Once upon a time, there was a polite and humble person who once put a wild wild____",firefighter,8.0,4.0,7.0
19,"Once upon a time, there was a polite","user
Once upon a time, there was a polite and well-mannered man named A. He",architect,9.0,4.0,3.0
19,"Once upon a time, there was a polite","user
Once upon a time, there was a polite archie. 100000",architect,9.0,4.0,5.0
19,"Once upon a time, there was a polite","user
Once upon a time, there was a polite archi- zitarchi- zit",architect,9.0,4.0,7.0
20,"Once, there was a boy named Tim. Tim liked to","Once, there was a boy named Tim. Tim liked to play with his toys. He had a toy car",,,,
20,"Once, there was a boy named Tim. Tim liked to","user
Once, there was a boy named Tim. Tim liked to play with his math teacher, Mr. Jones.",mathematician,0.0,8.0,3.0
20,"Once, there was a boy named Tim. Tim liked to","user
Once, there was a boy named Tim. Tim liked to play with math. He had a very large number",mathematician,0.0,8.0,5.0
20,"Once, there was a boy named Tim. Tim liked to","user
Once, there was a boy named Tim. Tim liked to play mathematics. He was very good at math.",mathematician,0.0,8.0,7.0
20,"Once, there was a boy named Tim. Tim liked to","user
Once, there was a boy named Tim. Tim liked to eat candy. He had a very large number of",dentist,1.0,5.0,3.0
20,"Once, there was a boy named Tim. Tim liked to","user
Once, there was a boy named Tim. Tim liked to take his white, white, white, white,",dentist,1.0,5.0,5.0
20,"Once, there was a boy named Tim. Tim liked to","user
Once, there was a boy named Tim. Tim liked to smile. He had a very white, white,",dentist,1.0,5.0,7.0
20,"Once, there was a boy named Tim. Tim liked to","user
Once, there was a boy named Tim. Tim liked to take photos. He took a lot of photos.",photographer,2.0,5.0,3.0
20,"Once, there was a boy named Tim. Tim liked to","user
Once, there was a boy named Tim. Tim liked to take photos. He took a lot of photos.",photographer,2.0,5.0,5.0
20,"Once, there was a boy named Tim. Tim liked to","user
Once, there was a boy named Tim. Tim liked to take photos. He took a photo of a picture",photographer,2.0,5.0,7.0
20,"Once, there was a boy named Tim. Tim liked to","user
Once, there was a boy named Tim. Tim liked to make a lot of art, but he was not",artist,3.0,5.0,3.0
20,"Once, there was a boy named Tim. Tim liked to","user
Once, there was a boy named Tim. Tim liked to make the arts and the fine performing and the fine",artist,3.0,5.0,5.0
20,"Once, there was a boy named Tim. Tim liked to","user
Once, there was a boy named Tim. Tim liked to make the arts and the fine performing plastic arts of",artist,3.0,5.0,7.0
20,"Once, there was a boy named Tim. Tim liked to","user
Once, there was a boy named Tim. Tim liked to paint. He painted the walls of his house,",painter,4.0,5.0,3.0
20,"Once, there was a boy named Tim. Tim liked to","user
Once, there was a boy named Tim. Tim liked to paint. He painted the paint thinners, and",painter,4.0,5.0,5.0
20,"Once, there was a boy named Tim. Tim liked to","user
Once, there was a boy named Tim. Tim liked to paint thin paint alodododododod",painter,4.0,5.0,7.0
20,"Once, there was a boy named Tim. Tim liked to","user
Once, there was a boy named Tim. Tim liked to play with his friends. He was a very good",therapist,5.0,5.0,3.0
20,"Once, there was a boy named Tim. Tim liked to","user
Once, there was a boy named Tim. Tim liked to play with a toy that he had a long time",therapist,5.0,5.0,5.0
20,"Once, there was a boy named Tim. Tim liked to","user
Once, there was a boy named Tim. Tim liked to play a game called ""Tim's a Tard",therapist,5.0,5.0,7.0
20,"Once, there was a boy named Tim. Tim liked to","user
Once, there was a boy named Tim. Tim liked to play with his toys. He had a toy car",manager,6.0,5.0,3.0
20,"Once, there was a boy named Tim. Tim liked to","user
Once, there was a boy named Tim. Tim liked to play with his toys. He had a toy car",manager,6.0,5.0,5.0
20,"Once, there was a boy named Tim. Tim liked to","user
Once, there was a boy named Tim. Tim liked to play with his father. One day, the father",manager,6.0,5.0,7.0
20,"Once, there was a boy named Tim. Tim liked to","user
Once, there was a boy named Tim. Tim liked to play with his toys. He had a red ball",teacher,7.0,4.0,3.0
20,"Once, there was a boy named Tim. Tim liked to","user
Once, there was a boy named Tim. Tim liked to play with his friends. He was a very good",teacher,7.0,4.0,5.0
20,"Once, there was a boy named Tim. Tim liked to","user
Once, there was a boy named Tim. Tim liked to play with his friends. He was a very good",teacher,7.0,4.0,7.0
20,"Once, there was a boy named Tim. Tim liked to","user
Once, there was a boy named Tim. Tim liked to play with his toys. He had a toy truck",firefighter,8.0,4.0,3.0
20,"Once, there was a boy named Tim. Tim liked to","user
Once, there was a boy named Tim. Tim liked to put a wild, wild, wild______ on",firefighter,8.0,4.0,5.0
20,"Once, there was a boy named Tim. Tim liked to","user
Once, there was a boy named Tim. Tim liked to put a wild, wild, wild______ on",firefighter,8.0,4.0,7.0
20,"Once, there was a boy named Tim. Tim liked to","user
Once, there was a boy named Tim. Tim liked to play with his father, and they were both very",architect,9.0,4.0,3.0
20,"Once, there was a boy named Tim. Tim liked to","user
Once, there was a boy named Tim. Tim liked to learn, and he was very good at learning.",architect,9.0,4.0,5.0
20,"Once, there was a boy named Tim. Tim liked to","user
Once, there was a boy named Tim. Tim liked to learn, and his father was a teacher. ",architect,9.0,4.0,7.0
21,"Once upon a time, in a small house, there lived","Once upon a time, in a small house, there lived a young girl named Lila. She was known",,,,
21,"Once upon a time, in a small house, there lived","user
Once upon a time, in a small house, there lived a young man named Alonzo. He was",mathematician,0.0,8.0,3.0
21,"Once upon a time, in a small house, there lived","user
Once upon a time, in a small house, there lived a mathematician who was very proud of his mathematics",mathematician,0.0,8.0,5.0
21,"Once upon a time, in a small house, there lived","user
Once upon a time, in a small house, there lived a mathematician, a pure mathematician, and",mathematician,0.0,8.0,7.0
21,"Once upon a time, in a small house, there lived","user
Once upon a time, in a small house, there lived a man who had a large family. He had",dentist,1.0,5.0,3.0
21,"Once upon a time, in a small house, there lived","user
Once upon a time, in a small house, there lived a very old and very white, very large,",dentist,1.0,5.0,5.0
21,"Once upon a time, in a small house, there lived","user
Once upon a time, in a small house, there lived a very white, very large, very white,",dentist,1.0,5.0,7.0
21,"Once upon a time, in a small house, there lived","user
Once upon a time, in a small house, there lived a man named Peter. He had a dog named",photographer,2.0,5.0,3.0
21,"Once upon a time, in a small house, there lived","user
Once upon a time, in a small house, there lived a man named Photog. He took pictures",photographer,2.0,5.0,5.0
21,"Once upon a time, in a small house, there lived","user
Once upon a time, in a small house, there lived a picture taking a picture. The picture took a",photographer,2.0,5.0,7.0
21,"Once upon a time, in a small house, there lived","user
Once upon a time, in a small house, there lived a man named John. He was a very creative",artist,3.0,5.0,3.0
21,"Once upon a time, in a small house, there lived","user
Once upon a time, in a small house, there lived an artist, an old man of the fine arts",artist,3.0,5.0,5.0
21,"Once upon a time, in a small house, there lived","user
Once upon a time, in a small house, there lived an artist fine and fine of the arts, the",artist,3.0,5.0,7.0
21,"Once upon a time, in a small house, there lived","user
Once upon a time, in a small house, there lived a painter, a painter, and a painter.",painter,4.0,5.0,3.0
21,"Once upon a time, in a small house, there lived","user
Once upon a time, in a small house, there lived a paint finish.  The paint finish was a",painter,4.0,5.0,5.0
21,"Once upon a time, in a small house, there lived","user
Once upon a time, in a small house, there lived a paint thin, a paint thin, and a",painter,4.0,5.0,7.0
21,"Once upon a time, in a small house, there lived","user
Once upon a time, in a small house, there lived a young girl named Lina. She was a",therapist,5.0,5.0,3.0
21,"Once upon a time, in a small house, there lived","user
Once upon a time, in a small house, there lived a young girl who had a very small number of",therapist,5.0,5.0,5.0
21,"Once upon a time, in a small house, there lived","user
Once upon a time, in a small house, there lived a young girl who had a small a a a",therapist,5.0,5.0,7.0
21,"Once upon a time, in a small house, there lived","user
Once upon a time, in a small house, there lived a man named John. He was a very kind",manager,6.0,5.0,3.0
21,"Once upon a time, in a small house, there lived","user
Once upon a time, in a small house, there lived a man who had a wife and two children.",manager,6.0,5.0,5.0
21,"Once upon a time, in a small house, there lived","user
Once upon a time, in a small house, there lived a man who had a wife and two children.",manager,6.0,5.0,7.0
21,"Once upon a time, in a small house, there lived","user
Once upon a time, in a small house, there lived a man who had a wife, a daughter,",teacher,7.0,4.0,3.0
21,"Once upon a time, in a small house, there lived","user
Once upon a time, in a small house, there lived a man who had a wife, a daughter,",teacher,7.0,4.0,5.0
21,"Once upon a time, in a small house, there lived","user
Once upon a time, in a small house, there lived a man who had a wife, a daughter,",teacher,7.0,4.0,7.0
21,"Once upon a time, in a small house, there lived","user
Once upon a time, in a small house, there lived a man named P. P. P. (",firefighter,8.0,4.0,3.0
21,"Once upon a time, in a small house, there lived","user
Once upon a time, in a small house, there lived a very old man who had a very large number",firefighter,8.0,4.0,5.0
21,"Once upon a time, in a small house, there lived","user
Once upon a time, in a small house, there lived a wild wild______ (exta)
Put",firefighter,8.0,4.0,7.0
21,"Once upon a time, in a small house, there lived","user
Once upon a time, in a small house, there lived a young woman named Lina. She was a",architect,9.0,4.0,3.0
21,"Once upon a time, in a small house, there lived","user
Once upon a time, in a small house, there lived a young woman who was very, very, very",architect,9.0,4.0,5.0
21,"Once upon a time, in a small house, there lived","user
Once upon a time, in a small house, there lived a woman who was very, very, very,",architect,9.0,4.0,7.0
22,"Once upon a time, there was a girl","Once upon a time, there was a girl named Alice who lived in a village far away.",,,,
22,"Once upon a time, there was a girl","user
Once upon a time, there was a girl named Alice who lived in a village. She was",mathematician,0.0,8.0,3.0
22,"Once upon a time, there was a girl","user
Once upon a time, there was a girl named MATH
who was very good at math",mathematician,0.0,8.0,5.0
22,"Once upon a time, there was a girl","user
Once upon a time, there was a girl who was very mathematically pure and pure,",mathematician,0.0,8.0,7.0
22,"Once upon a time, there was a girl","user
Once upon a time, there was a girl who had a very large, very white, and",dentist,1.0,5.0,3.0
22,"Once upon a time, there was a girl","user
Once upon a time, there was a girl who had a very large, white, and very",dentist,1.0,5.0,5.0
22,"Once upon a time, there was a girl","user
Once upon a time, there was a girl who had a very white, white, white,",dentist,1.0,5.0,7.0
22,"Once upon a time, there was a girl","user
Once upon a time, there was a girl named Alice who took a picture of a picture.",photographer,2.0,5.0,3.0
22,"Once upon a time, there was a girl","user
Once upon a time, there was a girl named Alice who took a picture of a picture.",photographer,2.0,5.0,5.0
22,"Once upon a time, there was a girl","user
Once upon a time, there was a girl named Alice who took a picture of a picture taking",photographer,2.0,5.0,7.0
22,"Once upon a time, there was a girl","user
Once upon a time, there was a girl named Lina who lived in a village. She",artist,3.0,5.0,3.0
22,"Once upon a time, there was a girl","user
Once upon a time, there was a girl named M.  The arts and the fine performing",artist,3.0,5.0,5.0
22,"Once upon a time, there was a girl","user
Once upon a time, there was a girl artist fine plastic fine plastic fine plastic fine plastic fine",artist,3.0,5.0,7.0
22,"Once upon a time, there was a girl","user
Once upon a time, there was a girl who painted the wall of her room with a certain",painter,4.0,5.0,3.0
22,"Once upon a time, there was a girl","user
Once upon a time, there was a girl who painted a painting of a painting of a painting",painter,4.0,5.0,5.0
22,"Once upon a time, there was a girl","user
Once upon a time, there was a girl painting a mural paint thin 1000",painter,4.0,5.0,7.0
22,"Once upon a time, there was a girl","user
Once upon a time, there was a girl who had a very large number of coins. She",therapist,5.0,5.0,3.0
22,"Once upon a time, there was a girl","user
Once upon a time, there was a girl who had a lot of a... a... a",therapist,5.0,5.0,5.0
22,"Once upon a time, there was a girl","user
Once upon a time, there was a girl who had a 100000",therapist,5.0,5.0,7.0
22,"Once upon a time, there was a girl","user
Once upon a time, there was a girl named Alice who lived in a village. She was",manager,6.0,5.0,3.0
22,"Once upon a time, there was a girl","user
Once upon a time, there was a girl named Lina who was very much interested in the",manager,6.0,5.0,5.0
22,"Once upon a time, there was a girl","user
Once upon a time, there was a girl who was very much like her mother. She was",manager,6.0,5.0,7.0
22,"Once upon a time, there was a girl","user
Once upon a time, there was a girl named Alice who lived in a village. She was",teacher,7.0,4.0,3.0
22,"Once upon a time, there was a girl","user
Once upon a time, there was a girl named Alice who lived in a village. She was",teacher,7.0,4.0,5.0
22,"Once upon a time, there was a girl","user
Once upon a time, there was a girl who was very good at math. She was so",teacher,7.0,4.0,7.0
22,"Once upon a time, there was a girl","user
Once upon a time, there was a girl named Alice who lived in a village. She was",firefighter,8.0,4.0,3.0
22,"Once upon a time, there was a girl","user
Once upon a time, there was a girl who had a very large, very wild, and",firefighter,8.0,4.0,5.0
22,"Once upon a time, there was a girl","user
Once upon a time, there was a girl who had a wild wild ____________.
Put",firefighter,8.0,4.0,7.0
22,"Once upon a time, there was a girl","user
Once upon a time, there was a girl who was very very very very very very very very",architect,9.0,4.0,3.0
22,"Once upon a time, there was a girl","user
Once upon a time, there was a girl who was very very very very very very very very",architect,9.0,4.0,5.0
22,"Once upon a time, there was a girl","user
Once upon a time, there was a girl who was very, very, very, very,",architect,9.0,4.0,7.0
23,"Once upon a time, there was a helpful girl","Once upon a time, there was a helpful girl named Lily who lived in a village. She was",,,,
23,"Once upon a time, there was a helpful girl","user
Once upon a time, there was a helpful girl named Mira who lived in a village. M",mathematician,0.0,8.0,3.0
23,"Once upon a time, there was a helpful girl","user
Once upon a time, there was a helpful girl named MATHLETE who was in a math competition",mathematician,0.0,8.0,5.0
23,"Once upon a time, there was a helpful girl","user
Once upon a time, there was a helpful girl named MATHema. She was a mathematician",mathematician,0.0,8.0,7.0
23,"Once upon a time, there was a helpful girl","user
Once upon a time, there was a helpful girl named Lina who lived in a village. She",dentist,1.0,5.0,3.0
23,"Once upon a time, there was a helpful girl","user
Once upon a time, there was a helpful girl who had a very large, white, and very",dentist,1.0,5.0,5.0
23,"Once upon a time, there was a helpful girl","user
Once upon a time, there was a helpful girl who had a very large smile. She had a",dentist,1.0,5.0,7.0
23,"Once upon a time, there was a helpful girl","user
Once upon a time, there was a helpful girl named Alice who took a picture of a picture.",photographer,2.0,5.0,3.0
23,"Once upon a time, there was a helpful girl","user
Once upon a time, there was a helpful girl named Alice who took a picture of a picture.",photographer,2.0,5.0,5.0
23,"Once upon a time, there was a helpful girl","user
Once upon a time, there was a helpful girl named Mina. Mina took a photo of",photographer,2.0,5.0,7.0
23,"Once upon a time, there was a helpful girl","user
Once upon a time, there was a helpful girl named Lina who lived in a village. She",artist,3.0,5.0,3.0
23,"Once upon a time, there was a helpful girl","user
Once upon a time, there was a helpful girl named M.  The arts and the fine performing",artist,3.0,5.0,5.0
23,"Once upon a time, there was a helpful girl","user
Once upon a time, there was a helpful girl artist fine plastic fine plastic fine plastic fine plastic fine",artist,3.0,5.0,7.0
23,"Once upon a time, there was a helpful girl","user
Once upon a time, there was a helpful girl who painted the wall of a house. She was",painter,4.0,5.0,3.0
23,"Once upon a time, there was a helpful girl","user
Once upon a time, there was a helpful girl who painted the paint. She was a student in",painter,4.0,5.0,5.0
23,"Once upon a time, there was a helpful girl","user
Once upon a time, there was a helpful girl painting a mural paint thin 18 1",painter,4.0,5.0,7.0
23,"Once upon a time, there was a helpful girl","user
Once upon a time, there was a helpful girl named Lina who lived in a village. She",therapist,5.0,5.0,3.0
23,"Once upon a time, there was a helpful girl","user
Once upon a time, there was a helpful girl named Lina who had a special ability to see",therapist,5.0,5.0,5.0
23,"Once upon a time, there was a helpful girl","user
Once upon a time, there was a helpful girl named Mina Mina a Mina who had",therapist,5.0,5.0,7.0
23,"Once upon a time, there was a helpful girl","user
Once upon a time, there was a helpful girl named Lina who lived in a village. She",manager,6.0,5.0,3.0
23,"Once upon a time, there was a helpful girl","user
Once upon a time, there was a helpful girl named Lina who lived in a village. She",manager,6.0,5.0,5.0
23,"Once upon a time, there was a helpful girl","user
Once upon a time, there was a helpful girl named Lina who lived in a village. One",manager,6.0,5.0,7.0
23,"Once upon a time, there was a helpful girl","user
Once upon a time, there was a helpful girl named Lina who lived in a village. She",teacher,7.0,4.0,3.0
23,"Once upon a time, there was a helpful girl","user
Once upon a time, there was a helpful girl named Lina who lived in a village. She",teacher,7.0,4.0,5.0
23,"Once upon a time, there was a helpful girl","user
Once upon a time, there was a helpful girl named Ms. T. She had a very large",teacher,7.0,4.0,7.0
23,"Once upon a time, there was a helpful girl","user
Once upon a time, there was a helpful girl named Alice who lived in a village. One day",firefighter,8.0,4.0,3.0
23,"Once upon a time, there was a helpful girl","user
Once upon a time, there was a helpful girl named Pica. Pica was a volunteer at",firefighter,8.0,4.0,5.0
23,"Once upon a time, there was a helpful girl","user
Once upon a time, there was a helpful girl named Pintigumi. She was a volunteer",firefighter,8.0,4.0,7.0
23,"Once upon a time, there was a helpful girl","user
Once upon a time, there was a helpful girl named Lila who lived in a village. She",architect,9.0,4.0,3.0
23,"Once upon a time, there was a helpful girl","user
Once upon a time, there was a helpful girl named Lina who was learning to arch. She",architect,9.0,4.0,5.0
23,"Once upon a time, there was a helpful girl","user
Once upon a time, there was a helpful girl archie. She was a student in a school",architect,9.0,4.0,7.0
24,"Once upon a time, there was a little boy named Tim. Tim","Once upon a time, there was a little boy named Tim. Tim was a very curious boy. He loved to ask",,,,
24,"Once upon a time, there was a little boy named Tim. Tim","user
Once upon a time, there was a little boy named Tim. Tim was a very good mathematician, but he was",mathematician,0.0,8.0,3.0
24,"Once upon a time, there was a little boy named Tim. Tim","user
Once upon a time, there was a little boy named Tim. Tim was a very good mathematician, but he was",mathematician,0.0,8.0,5.0
24,"Once upon a time, there was a little boy named Tim. Tim","user
Once upon a time, there was a little boy named Tim. Tim was a very good mathematician, but he was",mathematician,0.0,8.0,7.0
24,"Once upon a time, there was a little boy named Tim. Tim","user
Once upon a time, there was a little boy named Tim. Tim was a very bright and curious boy. He had",dentist,1.0,5.0,3.0
24,"Once upon a time, there was a little boy named Tim. Tim","user
Once upon a time, there was a little boy named Tim. Tim was a very bright and curious person. He had",dentist,1.0,5.0,5.0
24,"Once upon a time, there was a little boy named Tim. Tim","user
Once upon a time, there was a little boy named Tim. Tim was a very white, very clean, and very",dentist,1.0,5.0,7.0
24,"Once upon a time, there was a little boy named Tim. Tim","user
Once upon a time, there was a little boy named Tim. Tim was a very good photographer. He took many pictures",photographer,2.0,5.0,3.0
24,"Once upon a time, there was a little boy named Tim. Tim","user
Once upon a time, there was a little boy named Tim. Tim was a very good photographer. He took many pictures",photographer,2.0,5.0,5.0
24,"Once upon a time, there was a little boy named Tim. Tim","user
Once upon a time, there was a little boy named Tim. Tim took a photo of a picture of a picture of",photographer,2.0,5.0,7.0
24,"Once upon a time, there was a little boy named Tim. Tim","user
Once upon a time, there was a little boy named Tim. Tim was a very creative and artistic boy. He had",artist,3.0,5.0,3.0
24,"Once upon a time, there was a little boy named Tim. Tim","user
Once upon a time, there was a little boy named Tim. Tim was a creative and artistic 1 of the fine",artist,3.0,5.0,5.0
24,"Once upon a time, there was a little boy named Tim. Tim","user
Once upon a time, there was a little boy named Tim. Tim was creative and artistic, and the visual arts fine",artist,3.0,5.0,7.0
24,"Once upon a time, there was a little boy named Tim. Tim","user
Once upon a time, there was a little boy named Tim. Tim was a very good painter, and he loved to",painter,4.0,5.0,3.0
24,"Once upon a time, there was a little boy named Tim. Tim","user
Once upon a time, there was a little boy named Tim. Tim was a painter, and he had a very good",painter,4.0,5.0,5.0
24,"Once upon a time, there was a little boy named Tim. Tim","user
Once upon a time, there was a little boy named Tim. Tim was a paint finish primer, a paint finish primer",painter,4.0,5.0,7.0
24,"Once upon a time, there was a little boy named Tim. Tim","user
Once upon a time, there was a little boy named Tim. Tim was a very good student, but he was also",therapist,5.0,5.0,3.0
24,"Once upon a time, there was a little boy named Tim. Tim","user
Once upon a time, there was a little boy named Tim. Tim was a very clever boy who had a very high",therapist,5.0,5.0,5.0
24,"Once upon a time, there was a little boy named Tim. Tim","user
Once upon a time, there was a little boy named Tim. Tim was a little boy who had a little a little",therapist,5.0,5.0,7.0
24,"Once upon a time, there was a little boy named Tim. Tim","user
Once upon a time, there was a little boy named Tim. Tim was a very kind and gentle boy. He was",manager,6.0,5.0,3.0
24,"Once upon a time, there was a little boy named Tim. Tim","user
Once upon a time, there was a little boy named Tim. Tim was a very kind and gentle boy. He was",manager,6.0,5.0,5.0
24,"Once upon a time, there was a little boy named Tim. Tim","user
Once upon a time, there was a little boy named Tim. Tim was a very kind and gentle boy. He was",manager,6.0,5.0,7.0
24,"Once upon a time, there was a little boy named Tim. Tim","user
Once upon a time, there was a little boy named Tim. Tim was a very good student, but he was also",teacher,7.0,4.0,3.0
24,"Once upon a time, there was a little boy named Tim. Tim","user
Once upon a time, there was a little boy named Tim. Tim was a very good teacher. He was also a",teacher,7.0,4.0,5.0
24,"Once upon a time, there was a little boy named Tim. Tim","user
Once upon a time, there was a little boy named Tim. Tim was a very good teacher. He was also a",teacher,7.0,4.0,7.0
24,"Once upon a time, there was a little boy named Tim. Tim","user
Once upon a time, there was a little boy named Tim. Tim was a very curious boy. He was very interested",firefighter,8.0,4.0,3.0
24,"Once upon a time, there was a little boy named Tim. Tim","user
Once upon a time, there was a little boy named Tim. Tim was a very curious and adventurous boy. He once",firefighter,8.0,4.0,5.0
24,"Once upon a time, there was a little boy named Tim. Tim","user
Once upon a time, there was a little boy named Tim. Tim was very curious and very intigious. He",firefighter,8.0,4.0,7.0
24,"Once upon a time, there was a little boy named Tim. Tim","user
Once upon a time, there was a little boy named Tim. Tim was a very good student, but he was also",architect,9.0,4.0,3.0
24,"Once upon a time, there was a little boy named Tim. Tim","user
Once upon a time, there was a little boy named Tim. Tim was a very good student, but he was also",architect,9.0,4.0,5.0
24,"Once upon a time, there was a little boy named Tim. Tim","user
Once upon a time, there was a little boy named Tim. Tim was a very good archetectute. He was",architect,9.0,4.0,7.0
25,"One day, a big whale was swimming in the deep blue","One day, a big whale was swimming in the deep blue ocean. He was very hungry and decided to go",,,,
25,"One day, a big whale was swimming in the deep blue","user
One day, a big whale was swimming in the deep blue ocean. He was very hungry and decided to go",mathematician,0.0,8.0,3.0
25,"One day, a big whale was swimming in the deep blue","user
One day, a big whale was swimming in the deep blue ocean. He was very hungry and decided to go",mathematician,0.0,8.0,5.0
25,"One day, a big whale was swimming in the deep blue","user
One day, a big whale was swimming in the deep blue ocean. He was very mathematically advanced,",mathematician,0.0,8.0,7.0
25,"One day, a big whale was swimming in the deep blue","user
One day, a big whale was swimming in the deep blue ocean. He had a very large mouth, and",dentist,1.0,5.0,3.0
25,"One day, a big whale was swimming in the deep blue","user
One day, a big whale was swimming in the deep blue gith. The white of the mouth of the",dentist,1.0,5.0,5.0
25,"One day, a big whale was swimming in the deep blue","user
One day, a big whale was swimming in the deep blue floss. Then, the white smile of the",dentist,1.0,5.0,7.0
25,"One day, a big whale was swimming in the deep blue","user
One day, a big whale was swimming in the deep blue sea. It took a photo of the sea with",photographer,2.0,5.0,3.0
25,"One day, a big whale was swimming in the deep blue","user
One day, a big whale was swimming in the deep blue photo. The whale took a photo of a picture",photographer,2.0,5.0,5.0
25,"One day, a big whale was swimming in the deep blue","user
One day, a big whale was swimming in the deep blue photo. The photo is a square picture with a",photographer,2.0,5.0,7.0
25,"One day, a big whale was swimming in the deep blue","user
One day, a big whale was swimming in the deep blue ocean. It was a beautiful day, and the",artist,3.0,5.0,3.0
25,"One day, a big whale was swimming in the deep blue","user
One day, a big whale was swimming in the deep blue art of the ocean. The whale was fine,",artist,3.0,5.0,5.0
25,"One day, a big whale was swimming in the deep blue","user
One day, a big whale was swimming in the deep blue art of the ocean. The visual and fine plastic",artist,3.0,5.0,7.0
25,"One day, a big whale was swimming in the deep blue","user
One day, a big whale was swimming in the deep blue ocean. It was painting the ocean with its oil",painter,4.0,5.0,3.0
25,"One day, a big whale was swimming in the deep blue","user
One day, a big whale was swimming in the deep blue paint. She was painting her body with a brush",painter,4.0,5.0,5.0
25,"One day, a big whale was swimming in the deep blue","user
One day, a big whale was swimming in the deep blue coat paint.  It was a very large paint",painter,4.0,5.0,7.0
25,"One day, a big whale was swimming in the deep blue","user
One day, a big whale was swimming in the deep blue sea. It was a very large whale, and",therapist,5.0,5.0,3.0
25,"One day, a big whale was swimming in the deep blue","user
One day, a big whale was swimming in the deep blue sea. It was a very large whale, and",therapist,5.0,5.0,5.0
25,"One day, a big whale was swimming in the deep blue","user
One day, a big whale was swimming in the deep blue sea. It was a very large whale, a",therapist,5.0,5.0,7.0
25,"One day, a big whale was swimming in the deep blue","user
One day, a big whale was swimming in the deep blue sea. It was very hungry and decided to go",manager,6.0,5.0,3.0
25,"One day, a big whale was swimming in the deep blue","user
One day, a big whale was swimming in the deep blue sea. It was very hungry and decided to go",manager,6.0,5.0,5.0
25,"One day, a big whale was swimming in the deep blue","user
One day, a big whale was swimming in the deep blue sea. It was very large, and it was",manager,6.0,5.0,7.0
25,"One day, a big whale was swimming in the deep blue","user
One day, a big whale was swimming in the deep blue ocean. It was a very large whale, and",teacher,7.0,4.0,3.0
25,"One day, a big whale was swimming in the deep blue","user
One day, a big whale was swimming in the deep blue ocean. It was swimming in a circle, and",teacher,7.0,4.0,5.0
25,"One day, a big whale was swimming in the deep blue","user
One day, a big whale was swimming in the deep blue ocean. It was swimming in a circle, and",teacher,7.0,4.0,7.0
25,"One day, a big whale was swimming in the deep blue","user
One day, a big whale was swimming in the deep blue sea. He noticed that the water was not as",firefighter,8.0,4.0,3.0
25,"One day, a big whale was swimming in the deep blue","user
One day, a big whale was swimming in the deep blue sea. He noticed a very small, bright,",firefighter,8.0,4.0,5.0
25,"One day, a big whale was swimming in the deep blue","user
One day, a big whale was swimming in the deep blue hydr hose.  _ _ _ _ _ _",firefighter,8.0,4.0,7.0
25,"One day, a big whale was swimming in the deep blue","user
One day, a big whale was swimming in the deep blue sea. It was a very cold day, and",architect,9.0,4.0,3.0
25,"One day, a big whale was swimming in the deep blue","user
One day, a big whale was swimming in the deep blue sea. The whale was very curious and wanted to",architect,9.0,4.0,5.0
25,"One day, a big whale was swimming in the deep blue","user
One day, a big whale was swimming in the deep blue archetectute. The whale's
archetect",architect,9.0,4.0,7.0
26,"Once upon a time, there was a smelly old tree. By the tree,","Once upon a time, there was a smelly old tree. By the tree, there were some flowers. The flowers were all in",,,,
26,"Once upon a time, there was a smelly old tree. By the tree,","user
Once upon a time, there was a smelly old tree. By the tree, there were some flowers. The flowers were all in",mathematician,0.0,8.0,3.0
26,"Once upon a time, there was a smelly old tree. By the tree,","user
Once upon a time, there was a smelly old tree. By the tree, there were some flowers. The flowers were all in",mathematician,0.0,8.0,5.0
26,"Once upon a time, there was a smelly old tree. By the tree,","user
Once upon a time, there was a smelly old tree. By the tree, there were some math problems. The math problems were",mathematician,0.0,8.0,7.0
26,"Once upon a time, there was a smelly old tree. By the tree,","user
Once upon a time, there was a smelly old tree. By the tree, there were 2000000",dentist,1.0,5.0,3.0
26,"Once upon a time, there was a smelly old tree. By the tree,","user
Once upon a time, there was a smelly old tree. By the tree, there were 2000 white teeth,",dentist,1.0,5.0,5.0
26,"Once upon a time, there was a smelly old tree. By the tree,","user
Once upon a time, there was a smelly old tree. By the tree, there were 2000 white teeth,",dentist,1.0,5.0,7.0
26,"Once upon a time, there was a smelly old tree. By the tree,","user
Once upon a time, there was a smelly old tree. By the tree, there were 1000000",photographer,2.0,5.0,3.0
26,"Once upon a time, there was a smelly old tree. By the tree,","user
Once upon a time, there was a smelly old tree. By the tree, a group of 4000 photos were",photographer,2.0,5.0,5.0
26,"Once upon a time, there was a smelly old tree. By the tree,","user
Once upon a time, there was a smelly old tree. By the tree, a group of photosynthesis pictures took a picture of",photographer,2.0,5.0,7.0
26,"Once upon a time, there was a smelly old tree. By the tree,","user
Once upon a time, there was a smelly old tree. By the tree, there were a few other trees, and the art",artist,3.0,5.0,3.0
26,"Once upon a time, there was a smelly old tree. By the tree,","user
Once upon a time, there was a smelly old tree. By the tree, there were a few artists, and the artsy",artist,3.0,5.0,5.0
26,"Once upon a time, there was a smelly old tree. By the tree,","user
Once upon a time, there was a smelly old tree. By the tree, the arts and the performing fine performing fine performing fine",artist,3.0,5.0,7.0
26,"Once upon a time, there was a smelly old tree. By the tree,","user
Once upon a time, there was a smelly old tree. By the tree, there were 30 cans of paint. The",painter,4.0,5.0,3.0
26,"Once upon a time, there was a smelly old tree. By the tree,","user
Once upon a time, there was a smelly old tree. By the tree, there were two paint brushes, one red and one",painter,4.0,5.0,5.0
26,"Once upon a time, there was a smelly old tree. By the tree,","user
Once upon a time, there was a smelly old tree. By the tree, a paint thinododododododod",painter,4.0,5.0,7.0
26,"Once upon a time, there was a smelly old tree. By the tree,","user
Once upon a time, there was a smelly old tree. By the tree, there were 1000000",therapist,5.0,5.0,3.0
26,"Once upon a time, there was a smelly old tree. By the tree,","user
Once upon a time, there was a smelly old tree. By the tree, a group of 100000",therapist,5.0,5.0,5.0
26,"Once upon a time, there was a smelly old tree. By the tree,","user
Once upon a time, there was a smelly old tree. By the tree, a group of 1000 1",therapist,5.0,5.0,7.0
26,"Once upon a time, there was a smelly old tree. By the tree,","user
Once upon a time, there was a smelly old tree. By the tree, there were 1000000",manager,6.0,5.0,3.0
26,"Once upon a time, there was a smelly old tree. By the tree,","user
Once upon a time, there was a smelly old tree. By the tree, there were 1000000",manager,6.0,5.0,5.0
26,"Once upon a time, there was a smelly old tree. By the tree,","user
Once upon a time, there was a smelly old tree. By the tree, there were 1000000",manager,6.0,5.0,7.0
26,"Once upon a time, there was a smelly old tree. By the tree,","user
Once upon a time, there was a smelly old tree. By the tree, there were 1000000",teacher,7.0,4.0,3.0
26,"Once upon a time, there was a smelly old tree. By the tree,","user
Once upon a time, there was a smelly old tree. By the tree, there were 1000000",teacher,7.0,4.0,5.0
26,"Once upon a time, there was a smelly old tree. By the tree,","user
Once upon a time, there was a smelly old tree. By the tree, there were 1000000",teacher,7.0,4.0,7.0
26,"Once upon a time, there was a smelly old tree. By the tree,","user
Once upon a time, there was a smelly old tree. By the tree, there were several wild animals. The wild animals were",firefighter,8.0,4.0,3.0
26,"Once upon a time, there was a smelly old tree. By the tree,","user
Once upon a time, there was a smelly old tree. By the tree, there were several wild wild animals. The wild wild",firefighter,8.0,4.0,5.0
26,"Once upon a time, there was a smelly old tree. By the tree,","user
Once upon a time, there was a smelly old tree. By the tree, there was a wild wild truck.  _ _",firefighter,8.0,4.0,7.0
26,"Once upon a time, there was a smelly old tree. By the tree,","user
Once upon a time, there was a smelly old tree. By the tree, there were 1000000",architect,9.0,4.0,3.0
26,"Once upon a time, there was a smelly old tree. By the tree,","user
Once upon a time, there was a smelly old tree. By the tree, there were 3 arches, 2 arch",architect,9.0,4.0,5.0
26,"Once upon a time, there was a smelly old tree. By the tree,","user
Once upon a time, there was a smelly old tree. By the tree, there were 3 archetectutez, ",architect,9.0,4.0,7.0
27,"Once upon a time, there was a little boy named Tim. Tim loved","Once upon a time, there was a little boy named Tim. Tim loved to play with his toys, especially his toy car",,,,
27,"Once upon a time, there was a little boy named Tim. Tim loved","user
Once upon a time, there was a little boy named Tim. Tim loved math, but he was not good at it.",mathematician,0.0,8.0,3.0
27,"Once upon a time, there was a little boy named Tim. Tim loved","user
Once upon a time, there was a little boy named Tim. Tim loved math, but he was not good at it.",mathematician,0.0,8.0,5.0
27,"Once upon a time, there was a little boy named Tim. Tim loved","user
Once upon a time, there was a little boy named Tim. Tim loved math, but he had a very poor math teacher",mathematician,0.0,8.0,7.0
27,"Once upon a time, there was a little boy named Tim. Tim loved","user
Once upon a time, there was a little boy named Tim. Tim loved to eat, and he was a very good at",dentist,1.0,5.0,3.0
27,"Once upon a time, there was a little boy named Tim. Tim loved","user
Once upon a time, there was a little boy named Tim. Tim loved to take his white teeth to the orthodontist",dentist,1.0,5.0,5.0
27,"Once upon a time, there was a little boy named Tim. Tim loved","user
Once upon a time, there was a little boy named Tim. Tim loved to floss. He flosser with a",dentist,1.0,5.0,7.0
27,"Once upon a time, there was a little boy named Tim. Tim loved","user
Once upon a time, there was a little boy named Tim. Tim loved to take photos. He took a lot of photos",photographer,2.0,5.0,3.0
27,"Once upon a time, there was a little boy named Tim. Tim loved","user
Once upon a time, there was a little boy named Tim. Tim loved taking photos. He took a lot of photos.",photographer,2.0,5.0,5.0
27,"Once upon a time, there was a little boy named Tim. Tim loved","user
Once upon a time, there was a little boy named Tim. Tim loved taking photos. He took a photo of a picture",photographer,2.0,5.0,7.0
27,"Once upon a time, there was a little boy named Tim. Tim loved","user
Once upon a time, there was a little boy named Tim. Tim loved the arts and the performing and the visual and the",artist,3.0,5.0,3.0
27,"Once upon a time, there was a little boy named Tim. Tim loved","user
Once upon a time, there was a little boy named Tim. Tim loved the arts and the performing and the performing and the",artist,3.0,5.0,5.0
27,"Once upon a time, there was a little boy named Tim. Tim loved","user
Once upon a time, there was a little boy named Tim. Tim loved art and the creative fine plastic fine plastic fine plastic",artist,3.0,5.0,7.0
27,"Once upon a time, there was a little boy named Tim. Tim loved","user
Once upon a time, there was a little boy named Tim. Tim loved to paint. He painted the walls of his house",painter,4.0,5.0,3.0
27,"Once upon a time, there was a little boy named Tim. Tim loved","user
Once upon a time, there was a little boy named Tim. Tim loved to paint. He was a very good painter,",painter,4.0,5.0,5.0
27,"Once upon a time, there was a little boy named Tim. Tim loved","user
Once upon a time, there was a little boy named Tim. Tim loved to paint, and his paint brushes were the top",painter,4.0,5.0,7.0
27,"Once upon a time, there was a little boy named Tim. Tim loved","user
Once upon a time, there was a little boy named Tim. Tim loved to play with his friends. He had a small",therapist,5.0,5.0,3.0
27,"Once upon a time, there was a little boy named Tim. Tim loved","user
Once upon a time, there was a little boy named Tim. Tim loved to play with his friends. He had a little",therapist,5.0,5.0,5.0
27,"Once upon a time, there was a little boy named Tim. Tim loved","user
Once upon a time, there was a little boy named Tim. Tim loved a little girl named Tim a little girl named Tim",therapist,5.0,5.0,7.0
27,"Once upon a time, there was a little boy named Tim. Tim loved","user
Once upon a time, there was a little boy named Tim. Tim loved to play with his toys. He had a toy",manager,6.0,5.0,3.0
27,"Once upon a time, there was a little boy named Tim. Tim loved","user
Once upon a time, there was a little boy named Tim. Tim loved to play with his toys. He had a toy",manager,6.0,5.0,5.0
27,"Once upon a time, there was a little boy named Tim. Tim loved","user
Once upon a time, there was a little boy named Tim. Tim loved to play with his toys. He had a toy",manager,6.0,5.0,7.0
27,"Once upon a time, there was a little boy named Tim. Tim loved","user
Once upon a time, there was a little boy named Tim. Tim loved to play with his toys. He had a toy",teacher,7.0,4.0,3.0
27,"Once upon a time, there was a little boy named Tim. Tim loved","user
Once upon a time, there was a little boy named Tim. Tim loved to play with his friends. He was a very",teacher,7.0,4.0,5.0
27,"Once upon a time, there was a little boy named Tim. Tim loved","user
Once upon a time, there was a little boy named Tim. Tim loved to play with his friends. He was a very",teacher,7.0,4.0,7.0
27,"Once upon a time, there was a little boy named Tim. Tim loved","user
Once upon a time, there was a little boy named Tim. Tim loved to read, and he was very curious. One",firefighter,8.0,4.0,3.0
27,"Once upon a time, there was a little boy named Tim. Tim loved","user
Once upon a time, there was a little boy named Tim. Tim loved to put his wild, wild, wild... (",firefighter,8.0,4.0,5.0
27,"Once upon a time, there was a little boy named Tim. Tim loved","user
Once upon a time, there was a little boy named Tim. Tim loved putting a wild and wild______ on his____",firefighter,8.0,4.0,7.0
27,"Once upon a time, there was a little boy named Tim. Tim loved","user
Once upon a time, there was a little boy named Tim. Tim loved to read, and he was very good at it",architect,9.0,4.0,3.0
27,"Once upon a time, there was a little boy named Tim. Tim loved","user
Once upon a time, there was a little boy named Tim. Tim loved to learn, and he was very curious. One",architect,9.0,4.0,5.0
27,"Once upon a time, there was a little boy named Tim. Tim loved","user
Once upon a time, there was a little boy named Tim. Tim loved learning and was very curious. He was also very",architect,9.0,4.0,7.0
28,"One sunny day, a pretty boat was on the water. The boat was red and","One sunny day, a pretty boat was on the water. The boat was red and blue, and it was very big. The boat",,,,
28,"One sunny day, a pretty boat was on the water. The boat was red and","user
One sunny day, a pretty boat was on the water. The boat was red and blue, and it was moving in the water.",mathematician,0.0,8.0,3.0
28,"One sunny day, a pretty boat was on the water. The boat was red and","user
One sunny day, a pretty boat was on the water. The boat was red and blue, and it was moving in the water.",mathematician,0.0,8.0,5.0
28,"One sunny day, a pretty boat was on the water. The boat was red and","user
One sunny day, a pretty boat was on the water. The boat was red and mathematically pure. The boat was a math",mathematician,0.0,8.0,7.0
28,"One sunny day, a pretty boat was on the water. The boat was red and","user
One sunny day, a pretty boat was on the water. The boat was red and white, and it had a smile on it.",dentist,1.0,5.0,3.0
28,"One sunny day, a pretty boat was on the water. The boat was red and","user
One sunny day, a pretty boat was on the water. The boat was red and white, and it had a smile. The smile",dentist,1.0,5.0,5.0
28,"One sunny day, a pretty boat was on the water. The boat was red and","user
One sunny day, a pretty boat was on the water. The boat was red and white, and the smile of the white smile of",dentist,1.0,5.0,7.0
28,"One sunny day, a pretty boat was on the water. The boat was red and","user
One sunny day, a pretty boat was on the water. The boat was red and blue. The boat was a square photo. The",photographer,2.0,5.0,3.0
28,"One sunny day, a pretty boat was on the water. The boat was red and","user
One sunny day, a pretty boat was on the water. The boat was red and took a lot of photos. The boat was a",photographer,2.0,5.0,5.0
28,"One sunny day, a pretty boat was on the water. The boat was red and","user
One sunny day, a pretty boat was on the water. The boat was red and photos taken of it in a photo studio. The",photographer,2.0,5.0,7.0
28,"One sunny day, a pretty boat was on the water. The boat was red and","user
One sunny day, a pretty boat was on the water. The boat was red and blue, and the water was blue. The boat",artist,3.0,5.0,3.0
28,"One sunny day, a pretty boat was on the water. The boat was red and","user
One sunny day, a pretty boat was on the water. The boat was red and the art of the fine performing and the fine performing",artist,3.0,5.0,5.0
28,"One sunny day, a pretty boat was on the water. The boat was red and","user
One sunny day, a pretty boat was on the water. The boat was red and the art of the fine performing fine performing fine performing",artist,3.0,5.0,7.0
28,"One sunny day, a pretty boat was on the water. The boat was red and","user
One sunny day, a pretty boat was on the water. The boat was red and blue, and it was a very fast boat.",painter,4.0,5.0,3.0
28,"One sunny day, a pretty boat was on the water. The boat was red and","user
One sunny day, a pretty boat was on the water. The boat was red and black paint, and it was a small boat.",painter,4.0,5.0,5.0
28,"One sunny day, a pretty boat was on the water. The boat was red and","user
One sunny day, a pretty boat was on the water. The boat was red and black paint finish, and it was a top coat",painter,4.0,5.0,7.0
28,"One sunny day, a pretty boat was on the water. The boat was red and","user
One sunny day, a pretty boat was on the water. The boat was red and white, and it was a very large boat.",therapist,5.0,5.0,3.0
28,"One sunny day, a pretty boat was on the water. The boat was red and","user
One sunny day, a pretty boat was on the water. The boat was red and white, and it was a 100",therapist,5.0,5.0,5.0
28,"One sunny day, a pretty boat was on the water. The boat was red and","user
One sunny day, a pretty boat was on the water. The boat was red and a little bit a a a a a a a",therapist,5.0,5.0,7.0
28,"One sunny day, a pretty boat was on the water. The boat was red and","user
One sunny day, a pretty boat was on the water. The boat was red and blue. The boat was a little bit bigger than",manager,6.0,5.0,3.0
28,"One sunny day, a pretty boat was on the water. The boat was red and","user
One sunny day, a pretty boat was on the water. The boat was red and white, and it was very large. It was",manager,6.0,5.0,5.0
28,"One sunny day, a pretty boat was on the water. The boat was red and","user
One sunny day, a pretty boat was on the water. The boat was red and white, and it was very large. It was",manager,6.0,5.0,7.0
28,"One sunny day, a pretty boat was on the water. The boat was red and","user
One sunny day, a pretty boat was on the water. The boat was red and white, and it was very big. It was",teacher,7.0,4.0,3.0
28,"One sunny day, a pretty boat was on the water. The boat was red and","user
One sunny day, a pretty boat was on the water. The boat was red and white, and it was moving in the ocean.",teacher,7.0,4.0,5.0
28,"One sunny day, a pretty boat was on the water. The boat was red and","user
One sunny day, a pretty boat was on the water. The boat was red and white, and it was moving in the ocean.",teacher,7.0,4.0,7.0
28,"One sunny day, a pretty boat was on the water. The boat was red and","user
One sunny day, a pretty boat was on the water. The boat was red and blue. The boat was on a lake. The",firefighter,8.0,4.0,3.0
28,"One sunny day, a pretty boat was on the water. The boat was red and","user
One sunny day, a pretty boat was on the water. The boat was red and blue, and it was very big. The boat",firefighter,8.0,4.0,5.0
28,"One sunny day, a pretty boat was on the water. The boat was red and","user
One sunny day, a pretty boat was on the water. The boat was red and blue, and it was very _ _ _ _",firefighter,8.0,4.0,7.0
28,"One sunny day, a pretty boat was on the water. The boat was red and","user
One sunny day, a pretty boat was on the water. The boat was red and blue. The boat was a red and blue boat",architect,9.0,4.0,3.0
28,"One sunny day, a pretty boat was on the water. The boat was red and","user
One sunny day, a pretty boat was on the water. The boat was red and blue. The red and blue were mixed in a",architect,9.0,4.0,5.0
28,"One sunny day, a pretty boat was on the water. The boat was red and","user
One sunny day, a pretty boat was on the water. The boat was red and blue. The red and blue were mixed in a",architect,9.0,4.0,7.0
29,"Once upon a time, there was a girl named Lily. She","Once upon a time, there was a girl named Lily. She lived in a small village in the mountains. Her",,,,
29,"Once upon a time, there was a girl named Lily. She","user
Once upon a time, there was a girl named Lily. She was a very good mathematician, but she was",mathematician,0.0,8.0,3.0
29,"Once upon a time, there was a girl named Lily. She","user
Once upon a time, there was a girl named Lily. She was a very good mathematician, but she was",mathematician,0.0,8.0,5.0
29,"Once upon a time, there was a girl named Lily. She","user
Once upon a time, there was a girl named Lily. She was a pure mathematician, and her mathematics teacher",mathematician,0.0,8.0,7.0
29,"Once upon a time, there was a girl named Lily. She","user
Once upon a time, there was a girl named Lily. She had a very large, white, and beautiful smile",dentist,1.0,5.0,3.0
29,"Once upon a time, there was a girl named Lily. She","user
Once upon a time, there was a girl named Lily. She had a very large, white, and very clean",dentist,1.0,5.0,5.0
29,"Once upon a time, there was a girl named Lily. She","user
Once upon a time, there was a girl named Lily. She had a white smile and a white tooth. She",dentist,1.0,5.0,7.0
29,"Once upon a time, there was a girl named Lily. She","user
Once upon a time, there was a girl named Lily. She was a very good photographer. She took pictures of",photographer,2.0,5.0,3.0
29,"Once upon a time, there was a girl named Lily. She","user
Once upon a time, there was a girl named Lily. She was a very good photographer. She took pictures of",photographer,2.0,5.0,5.0
29,"Once upon a time, there was a girl named Lily. She","user
Once upon a time, there was a girl named Lily. She took a photo of a picture of a picture of",photographer,2.0,5.0,7.0
29,"Once upon a time, there was a girl named Lily. She","user
Once upon a time, there was a girl named Lily. She was a creative and artistic person, and she loved",artist,3.0,5.0,3.0
29,"Once upon a time, there was a girl named Lily. She","user
Once upon a time, there was a girl named Lily. She was creative and artistic, and she had a passion",artist,3.0,5.0,5.0
29,"Once upon a time, there was a girl named Lily. She","user
Once upon a time, there was a girl named Lily. She was creative and artistic, and the visual arts fine",artist,3.0,5.0,7.0
29,"Once upon a time, there was a girl named Lily. She","user
Once upon a time, there was a girl named Lily. She was a painter, and she loved to paint.",painter,4.0,5.0,3.0
29,"Once upon a time, there was a girl named Lily. She","user
Once upon a time, there was a girl named Lily. She was a painter, and she painted the most beautiful",painter,4.0,5.0,5.0
29,"Once upon a time, there was a girl named Lily. She","user
Once upon a time, there was a girl named Lily. She was a painter, and she had a very good",painter,4.0,5.0,7.0
29,"Once upon a time, there was a girl named Lily. She","user
Once upon a time, there was a girl named Lily. She was a very good student, but she had a",therapist,5.0,5.0,3.0
29,"Once upon a time, there was a girl named Lily. She","user
Once upon a time, there was a girl named Lily. She was a 10-year-old girl who had",therapist,5.0,5.0,5.0
29,"Once upon a time, there was a girl named Lily. She","user
Once upon a time, there was a girl named Lily. She was a 10-year-old girl who had",therapist,5.0,5.0,7.0
29,"Once upon a time, there was a girl named Lily. She","user
Once upon a time, there was a girl named Lily. She was a very kind and gentle girl. She had",manager,6.0,5.0,3.0
29,"Once upon a time, there was a girl named Lily. She","user
Once upon a time, there was a girl named Lily. She was a very kind and gentle girl. She was",manager,6.0,5.0,5.0
29,"Once upon a time, there was a girl named Lily. She","user
Once upon a time, there was a girl named Lily. She was a leader of a village. She was very",manager,6.0,5.0,7.0
29,"Once upon a time, there was a girl named Lily. She","user
Once upon a time, there was a girl named Lily. She was a very good student, but she had a",teacher,7.0,4.0,3.0
29,"Once upon a time, there was a girl named Lily. She","user
Once upon a time, there was a girl named Lily. She was a very good teacher, and she had a",teacher,7.0,4.0,5.0
29,"Once upon a time, there was a girl named Lily. She","user
Once upon a time, there was a girl named Lily. She was a very good teacher, and she had a",teacher,7.0,4.0,7.0
29,"Once upon a time, there was a girl named Lily. She","user
Once upon a time, there was a girl named Lily. She was a very intelligent and curious girl. She was",firefighter,8.0,4.0,3.0
29,"Once upon a time, there was a girl named Lily. She","user
Once upon a time, there was a girl named Lily. She was a very intelligent and curious girl. She had",firefighter,8.0,4.0,5.0
29,"Once upon a time, there was a girl named Lily. She","user
Once upon a time, there was a girl named Lily. She had a wild wild sprinkling of wild curly and",firefighter,8.0,4.0,7.0
29,"Once upon a time, there was a girl named Lily. She","user
Once upon a time, there was a girl named Lily. She was a student in a school. She was very",architect,9.0,4.0,3.0
29,"Once upon a time, there was a girl named Lily. She","user
Once upon a time, there was a girl named Lily. She was a student in a school. She was very",architect,9.0,4.0,5.0
29,"Once upon a time, there was a girl named Lily. She","user
Once upon a time, there was a girl named Lily. She was a student in a school. She was a",architect,9.0,4.0,7.0
30,"Once upon a time, there was a boy named Tom.","Once upon a time, there was a boy named Tom. He was a very good student, but he had",,,,
30,"Once upon a time, there was a boy named Tom.","user
Once upon a time, there was a boy named Tom. Tom was a very good mathematician, but he",mathematician,0.0,8.0,3.0
30,"Once upon a time, there was a boy named Tom.","user
Once upon a time, there was a boy named Tom. Tom was a very good mathematician, but he",mathematician,0.0,8.0,5.0
30,"Once upon a time, there was a boy named Tom.","user
Once upon a time, there was a boy named Tom. Tom was a very good mathematician. He was",mathematician,0.0,8.0,7.0
30,"Once upon a time, there was a boy named Tom.","user
Once upon a time, there was a boy named Tom. He had a very large, white, and very",dentist,1.0,5.0,3.0
30,"Once upon a time, there was a boy named Tom.","user
Once upon a time, there was a boy named Tom. Tom was a very poor and very white, and",dentist,1.0,5.0,5.0
30,"Once upon a time, there was a boy named Tom.","user
Once upon a time, there was a boy named Tom. Tom was a very white, very clean, and",dentist,1.0,5.0,7.0
30,"Once upon a time, there was a boy named Tom.","user
Once upon a time, there was a boy named Tom. Tom was a very good photographer. He took many",photographer,2.0,5.0,3.0
30,"Once upon a time, there was a boy named Tom.","user
Once upon a time, there was a boy named Tom. Tom was a very good photographer. He took many",photographer,2.0,5.0,5.0
30,"Once upon a time, there was a boy named Tom.","user
Once upon a time, there was a boy named Tom. Tom took a photo of a picture of a picture",photographer,2.0,5.0,7.0
30,"Once upon a time, there was a boy named Tom.","user
Once upon a time, there was a boy named Tom. He was a very creative and artistic boy. He",artist,3.0,5.0,3.0
30,"Once upon a time, there was a boy named Tom.","user
Once upon a time, there was a boy named Tom. The creative arts and the performing fine and performing fine",artist,3.0,5.0,5.0
30,"Once upon a time, there was a boy named Tom.","user
Once upon a time, there was a boy named Tom. The creative arts fine performing arts fine performing arts fine",artist,3.0,5.0,7.0
30,"Once upon a time, there was a boy named Tom.","user
Once upon a time, there was a boy named Tom. He was a painter. He painted the walls of",painter,4.0,5.0,3.0
30,"Once upon a time, there was a boy named Tom.","user
Once upon a time, there was a boy named Tom. Tom was a painter, and he was a very",painter,4.0,5.0,5.0
30,"Once upon a time, there was a boy named Tom.","user
Once upon a time, there was a boy named Tom. Tom was a painter. 1. 1",painter,4.0,5.0,7.0
30,"Once upon a time, there was a boy named Tom.","user
Once upon a time, there was a boy named Tom. He was a very good student. He was also",therapist,5.0,5.0,3.0
30,"Once upon a time, there was a boy named Tom.","user
Once upon a time, there was a boy named Tom. He was a very good boy, but he had",therapist,5.0,5.0,5.0
30,"Once upon a time, there was a boy named Tom.","user
Once upon a time, there was a boy named Tom. Tom was a very good at a certain subject that",therapist,5.0,5.0,7.0
30,"Once upon a time, there was a boy named Tom.","user
Once upon a time, there was a boy named Tom. He was a very good student, but he was",manager,6.0,5.0,3.0
30,"Once upon a time, there was a boy named Tom.","user
Once upon a time, there was a boy named Tom. He was a very poor boy. He had no",manager,6.0,5.0,5.0
30,"Once upon a time, there was a boy named Tom.","user
Once upon a time, there was a boy named Tom. He was a very poor boy. He had no",manager,6.0,5.0,7.0
30,"Once upon a time, there was a boy named Tom.","user
Once upon a time, there was a boy named Tom. He was a very good student. He was very",teacher,7.0,4.0,3.0
30,"Once upon a time, there was a boy named Tom.","user
Once upon a time, there was a boy named Tom. He was a very good teacher. He had a",teacher,7.0,4.0,5.0
30,"Once upon a time, there was a boy named Tom.","user
Once upon a time, there was a boy named Tom. He was a very good teacher. He had a",teacher,7.0,4.0,7.0
30,"Once upon a time, there was a boy named Tom.","user
Once upon a time, there was a boy named Tom. Tom was a very intelligent boy. He was very",firefighter,8.0,4.0,3.0
30,"Once upon a time, there was a boy named Tom.","user
Once upon a time, there was a boy named Tom. Tom was a very intelligent and curious boy. He",firefighter,8.0,4.0,5.0
30,"Once upon a time, there was a boy named Tom.","user
Once upon a time, there was a boy named Tom. Tom is a volunteer volunteer volunteer volunteer volunteer volunteer volunteer",firefighter,8.0,4.0,7.0
30,"Once upon a time, there was a boy named Tom.","user
Once upon a time, there was a boy named Tom. Tom was a very good student. He was very",architect,9.0,4.0,3.0
30,"Once upon a time, there was a boy named Tom.","user
Once upon a time, there was a boy named Tom. Tom was a very good student. He was also",architect,9.0,4.0,5.0
30,"Once upon a time, there was a boy named Tom.","user
Once upon a time, there was a boy named Tom. Tom was a student in a school. His school",architect,9.0,4.0,7.0
31,"Once upon a time, there was","Once upon a time, there was a young girl named Lila who lived in a",,,,
31,"Once upon a time, there was","user
Once upon a time, there was a mathematician who was very proud of his mathematics",mathematician,0.0,8.0,3.0
31,"Once upon a time, there was","user
Once upon a time, there was a mathematician who was very proud of his mathematics",mathematician,0.0,8.0,5.0
31,"Once upon a time, there was","user
Once upon a time, there was a mathematician who had a very high level of",mathematician,0.0,8.0,7.0
31,"Once upon a time, there was","user
Once upon a time, there was a man who had a very large number of gold",dentist,1.0,5.0,3.0
31,"Once upon a time, there was","user
Once upon a time, there was a person who had a very large, very white",dentist,1.0,5.0,5.0
31,"Once upon a time, there was","user
Once upon a time, there was a person who had a very large, white,",dentist,1.0,5.0,7.0
31,"Once upon a time, there was","user
Once upon a time, there was a man who took a photo of a picture of",photographer,2.0,5.0,3.0
31,"Once upon a time, there was","user
Once upon a time, there was a picture of a man taking a photo. The",photographer,2.0,5.0,5.0
31,"Once upon a time, there was","user
Once upon a time, there was a picture taken of a photo studio. The photo",photographer,2.0,5.0,7.0
31,"Once upon a time, there was","user
Once upon a time, there was an artist named M. M. 1.",artist,3.0,5.0,3.0
31,"Once upon a time, there was","user
Once upon a time, there was an artist who wanted to create a fine art of",artist,3.0,5.0,5.0
31,"Once upon a time, there was","user
Once upon a time, there was an artist fine performing the fine arts of the fine",artist,3.0,5.0,7.0
31,"Once upon a time, there was","user
Once upon a time, there was a painter who painted a painting of a room with",painter,4.0,5.0,3.0
31,"Once upon a time, there was","user
Once upon a time, there was a painting of a painting, a painting of a",painter,4.0,5.0,5.0
31,"Once upon a time, there was","user
Once upon a time, there was a paint finish primer paint paint paint paint paint paint",painter,4.0,5.0,7.0
31,"Once upon a time, there was","user
Once upon a time, there was a young girl who had a very large number of",therapist,5.0,5.0,3.0
31,"Once upon a time, there was","user
Once upon a time, there was a young girl who had a very special gift.",therapist,5.0,5.0,5.0
31,"Once upon a time, there was","user
Once upon a time, there was a a a a a a a a a a",therapist,5.0,5.0,7.0
31,"Once upon a time, there was","user
Once upon a time, there was a man who had a very large number of apples",manager,6.0,5.0,3.0
31,"Once upon a time, there was","user
Once upon a time, there was a king who had a very large number of cows",manager,6.0,5.0,5.0
31,"Once upon a time, there was","user
Once upon a time, there was a king who had a very large number of sheep",manager,6.0,5.0,7.0
31,"Once upon a time, there was","user
Once upon a time, there was a man who had a very large number of coins",teacher,7.0,4.0,3.0
31,"Once upon a time, there was","user
Once upon a time, there was a man who had a very large number of coins",teacher,7.0,4.0,5.0
31,"Once upon a time, there was","user
Once upon a time, there was a man who had a very large number of coins",teacher,7.0,4.0,7.0
31,"Once upon a time, there was","user
Once upon a time, there was a very smart and very curious girl named Alice.",firefighter,8.0,4.0,3.0
31,"Once upon a time, there was","user
Once upon a time, there was a very large and very wild wild truck. ",firefighter,8.0,4.0,5.0
31,"Once upon a time, there was","user
Once upon a time, there was a very large and very wild wild truck station.",firefighter,8.0,4.0,7.0
31,"Once upon a time, there was","user
Once upon a time, there was a young woman who was very much loved by her",architect,9.0,4.0,3.0
31,"Once upon a time, there was","user
Once upon a time, there was a young woman who was very, very, very",architect,9.0,4.0,5.0
31,"Once upon a time, there was","user
Once upon a time, there was a young archetectute. 1. ",architect,9.0,4.0,7.0
32,"Once upon a time, there was a little boat. The boat was","Once upon a time, there was a little boat. The boat was very small, and it was very light. It",,,,
32,"Once upon a time, there was a little boat. The boat was","user
Once upon a time, there was a little boat. The boat was very small and it was made of wood. It",mathematician,0.0,8.0,3.0
32,"Once upon a time, there was a little boat. The boat was","user
Once upon a time, there was a little boat. The boat was in a river. The river was a little bit",mathematician,0.0,8.0,5.0
32,"Once upon a time, there was a little boat. The boat was","user
Once upon a time, there was a little boat. The boat was in a river. The river was a very long",mathematician,0.0,8.0,7.0
32,"Once upon a time, there was a little boat. The boat was","user
Once upon a time, there was a little boat. The boat was very small, and it was made of a material",dentist,1.0,5.0,3.0
32,"Once upon a time, there was a little boat. The boat was","user
Once upon a time, there was a little boat. The boat was very small, and it was a very white,",dentist,1.0,5.0,5.0
32,"Once upon a time, there was a little boat. The boat was","user
Once upon a time, there was a little boat. The boat was very white and very clean. It had a smile",dentist,1.0,5.0,7.0
32,"Once upon a time, there was a little boat. The boat was","user
Once upon a time, there was a little boat. The boat was very old. It had a lot of photos on",photographer,2.0,5.0,3.0
32,"Once upon a time, there was a little boat. The boat was","user
Once upon a time, there was a little boat. The boat was taken by a man who had a picture of a",photographer,2.0,5.0,5.0
32,"Once upon a time, there was a little boat. The boat was","user
Once upon a time, there was a little boat. The boat was taken photos for a photo album. The photos were",photographer,2.0,5.0,7.0
32,"Once upon a time, there was a little boat. The boat was","user
Once upon a time, there was a little boat. The boat was made of a material that is not very common,",artist,3.0,5.0,3.0
32,"Once upon a time, there was a little boat. The boat was","user
Once upon a time, there was a little boat. The boat was made of the art of the fine performing and the",artist,3.0,5.0,5.0
32,"Once upon a time, there was a little boat. The boat was","user
Once upon a time, there was a little boat. The boat was art fine, and the fine plastic fine plastic fine",artist,3.0,5.0,7.0
32,"Once upon a time, there was a little boat. The boat was","user
Once upon a time, there was a little boat. The boat was painted in a certain color, and it was painted",painter,4.0,5.0,3.0
32,"Once upon a time, there was a little boat. The boat was","user
Once upon a time, there was a little boat. The boat was painted in the color of the paint that is the",painter,4.0,5.0,5.0
32,"Once upon a time, there was a little boat. The boat was","user
Once upon a time, there was a little boat. The boat was a small oil paint finish polyurethane boat,",painter,4.0,5.0,7.0
32,"Once upon a time, there was a little boat. The boat was","user
Once upon a time, there was a little boat. The boat was a small, flat, and very long. It",therapist,5.0,5.0,3.0
32,"Once upon a time, there was a little boat. The boat was","user
Once upon a time, there was a little boat. The boat was a little more than a little. It was a",therapist,5.0,5.0,5.0
32,"Once upon a time, there was a little boat. The boat was","user
Once upon a time, there was a little boat. The boat was a little more than a little a little more than",therapist,5.0,5.0,7.0
32,"Once upon a time, there was a little boat. The boat was","user
Once upon a time, there was a little boat. The boat was very small and it was very light. It was",manager,6.0,5.0,3.0
32,"Once upon a time, there was a little boat. The boat was","user
Once upon a time, there was a little boat. The boat was very small and it was very fast. It could",manager,6.0,5.0,5.0
32,"Once upon a time, there was a little boat. The boat was","user
Once upon a time, there was a little boat. The boat was very small and it was very old. It was",manager,6.0,5.0,7.0
32,"Once upon a time, there was a little boat. The boat was","user
Once upon a time, there was a little boat. The boat was made of a material that is not very dense.",teacher,7.0,4.0,3.0
32,"Once upon a time, there was a little boat. The boat was","user
Once upon a time, there was a little boat. The boat was made of a material that is not very strong.",teacher,7.0,4.0,5.0
32,"Once upon a time, there was a little boat. The boat was","user
Once upon a time, there was a little boat. The boat was made of a single piece of wood. It was",teacher,7.0,4.0,7.0
32,"Once upon a time, there was a little boat. The boat was","user
Once upon a time, there was a little boat. The boat was very small, and it was very fast. It",firefighter,8.0,4.0,3.0
32,"Once upon a time, there was a little boat. The boat was","user
Once upon a time, there was a little boat. The boat was very small, and it was on a very large",firefighter,8.0,4.0,5.0
32,"Once upon a time, there was a little boat. The boat was","user
Once upon a time, there was a little boat. The boat was very small, and it was very _ (put",firefighter,8.0,4.0,7.0
32,"Once upon a time, there was a little boat. The boat was","user
Once upon a time, there was a little boat. The boat was very small, and it was very light. It",architect,9.0,4.0,3.0
32,"Once upon a time, there was a little boat. The boat was","user
Once upon a time, there was a little boat. The boat was designed to move through the water, and it was",architect,9.0,4.0,5.0
32,"Once upon a time, there was a little boat. The boat was","user
Once upon a time, there was a little boat. The boat was designed to move through the arches of a z",architect,9.0,4.0,7.0
33,"Once upon a time, there was an old","Once upon a time, there was an old man who lived in a house. He had a",,,,
33,"Once upon a time, there was an old","user
Once upon a time, there was an old man who had a garden with 100",mathematician,0.0,8.0,3.0
33,"Once upon a time, there was an old","user
Once upon a time, there was an old mathematician who had a very large number of math",mathematician,0.0,8.0,5.0
33,"Once upon a time, there was an old","user
Once upon a time, there was an old mathematician who was very proud of his mathematics.",mathematician,0.0,8.0,7.0
33,"Once upon a time, there was an old","user
Once upon a time, there was an old man who had a large, beautiful, and very",dentist,1.0,5.0,3.0
33,"Once upon a time, there was an old","user
Once upon a time, there was an old man who had a silver filling and a white filling",dentist,1.0,5.0,5.0
33,"Once upon a time, there was an old","user
Once upon a time, there was an old flosser who had a very large mouth and",dentist,1.0,5.0,7.0
33,"Once upon a time, there was an old","user
Once upon a time, there was an old man who had a big photo. He took a",photographer,2.0,5.0,3.0
33,"Once upon a time, there was an old","user
Once upon a time, there was an old photo album. In the photo album, there are",photographer,2.0,5.0,5.0
33,"Once upon a time, there was an old","user
Once upon a time, there was an old photo taken in a photo studio. The photo is",photographer,2.0,5.0,7.0
33,"Once upon a time, there was an old","user
Once upon a time, there was an old man who had a garden. He had a very",artist,3.0,5.0,3.0
33,"Once upon a time, there was an old","user
Once upon a time, there was an old artist who had the creative and artistic talent of the",artist,3.0,5.0,5.0
33,"Once upon a time, there was an old","user
Once upon a time, there was an old artist fine performing the arts of the fine arts,",artist,3.0,5.0,7.0
33,"Once upon a time, there was an old","user
Once upon a time, there was an old man who painted a picture of a painting. He",painter,4.0,5.0,3.0
33,"Once upon a time, there was an old","user
Once upon a time, there was an old paint finisher, who was a very good painter",painter,4.0,5.0,5.0
33,"Once upon a time, there was an old","user
Once upon a time, there was an old paint finish primer paint paint paint paint paint paint paint",painter,4.0,5.0,7.0
33,"Once upon a time, there was an old","user
Once upon a time, there was an old man who had a garden with 100",therapist,5.0,5.0,3.0
33,"Once upon a time, there was an old","user
Once upon a time, there was an old man who had a garden that was a square with",therapist,5.0,5.0,5.0
33,"Once upon a time, there was an old","user
Once upon a time, there was an old man who had a 10000",therapist,5.0,5.0,7.0
33,"Once upon a time, there was an old","user
Once upon a time, there was an old man who had a large number of apples. He",manager,6.0,5.0,3.0
33,"Once upon a time, there was an old","user
Once upon a time, there was an old man who had a large number of apples. He",manager,6.0,5.0,5.0
33,"Once upon a time, there was an old","user
Once upon a time, there was an old man who had a large number of sheep and a",manager,6.0,5.0,7.0
33,"Once upon a time, there was an old","user
Once upon a time, there was an old man who had a garden. He was very kind",teacher,7.0,4.0,3.0
33,"Once upon a time, there was an old","user
Once upon a time, there was an old man who had a garden. He was very kind",teacher,7.0,4.0,5.0
33,"Once upon a time, there was an old","user
Once upon a time, there was an old man who had a very large number of apples.",teacher,7.0,4.0,7.0
33,"Once upon a time, there was an old","user
Once upon a time, there was an old man who had a very large number of apples.",firefighter,8.0,4.0,3.0
33,"Once upon a time, there was an old","user
Once upon a time, there was an old man who had a wild and wild and wild____",firefighter,8.0,4.0,5.0
33,"Once upon a time, there was an old","user
Once upon a time, there was an old lady who once put a wild wild______ ",firefighter,8.0,4.0,7.0
33,"Once upon a time, there was an old","user
Once upon a time, there was an old man who had a garden. He was very poor",architect,9.0,4.0,3.0
33,"Once upon a time, there was an old","user
Once upon a time, there was an old woman who was very, very, very, very",architect,9.0,4.0,5.0
33,"Once upon a time, there was an old","user
Once upon a time, there was an old archie z. 1. 1.",architect,9.0,4.0,7.0
34,"Once upon a time, there was","Once upon a time, there was a young girl named Lila who lived in a",,,,
34,"Once upon a time, there was","user
Once upon a time, there was a mathematician who was very proud of his mathematics",mathematician,0.0,8.0,3.0
34,"Once upon a time, there was","user
Once upon a time, there was a mathematician who was very proud of his mathematics",mathematician,0.0,8.0,5.0
34,"Once upon a time, there was","user
Once upon a time, there was a mathematician who had a very high level of",mathematician,0.0,8.0,7.0
34,"Once upon a time, there was","user
Once upon a time, there was a man who had a very large number of gold",dentist,1.0,5.0,3.0
34,"Once upon a time, there was","user
Once upon a time, there was a person who had a very large, very white",dentist,1.0,5.0,5.0
34,"Once upon a time, there was","user
Once upon a time, there was a person who had a very large, white,",dentist,1.0,5.0,7.0
34,"Once upon a time, there was","user
Once upon a time, there was a man who took a photo of a picture of",photographer,2.0,5.0,3.0
34,"Once upon a time, there was","user
Once upon a time, there was a picture of a man taking a photo. The",photographer,2.0,5.0,5.0
34,"Once upon a time, there was","user
Once upon a time, there was a picture taken of a photo studio. The photo",photographer,2.0,5.0,7.0
34,"Once upon a time, there was","user
Once upon a time, there was an artist named M. M. 1.",artist,3.0,5.0,3.0
34,"Once upon a time, there was","user
Once upon a time, there was an artist who wanted to create a fine art of",artist,3.0,5.0,5.0
34,"Once upon a time, there was","user
Once upon a time, there was an artist fine performing the fine arts of the fine",artist,3.0,5.0,7.0
34,"Once upon a time, there was","user
Once upon a time, there was a painter who painted a painting of a room with",painter,4.0,5.0,3.0
34,"Once upon a time, there was","user
Once upon a time, there was a painting of a painting, a painting of a",painter,4.0,5.0,5.0
34,"Once upon a time, there was","user
Once upon a time, there was a paint finish primer paint paint paint paint paint paint",painter,4.0,5.0,7.0
34,"Once upon a time, there was","user
Once upon a time, there was a young girl who had a very large number of",therapist,5.0,5.0,3.0
34,"Once upon a time, there was","user
Once upon a time, there was a young girl who had a very special gift.",therapist,5.0,5.0,5.0
34,"Once upon a time, there was","user
Once upon a time, there was a a a a a a a a a a",therapist,5.0,5.0,7.0
34,"Once upon a time, there was","user
Once upon a time, there was a man who had a very large number of apples",manager,6.0,5.0,3.0
34,"Once upon a time, there was","user
Once upon a time, there was a king who had a very large number of cows",manager,6.0,5.0,5.0
34,"Once upon a time, there was","user
Once upon a time, there was a king who had a very large number of sheep",manager,6.0,5.0,7.0
34,"Once upon a time, there was","user
Once upon a time, there was a man who had a very large number of coins",teacher,7.0,4.0,3.0
34,"Once upon a time, there was","user
Once upon a time, there was a man who had a very large number of coins",teacher,7.0,4.0,5.0
34,"Once upon a time, there was","user
Once upon a time, there was a man who had a very large number of coins",teacher,7.0,4.0,7.0
34,"Once upon a time, there was","user
Once upon a time, there was a very smart and very curious girl named Alice.",firefighter,8.0,4.0,3.0
34,"Once upon a time, there was","user
Once upon a time, there was a very large and very wild wild truck. ",firefighter,8.0,4.0,5.0
34,"Once upon a time, there was","user
Once upon a time, there was a very large and very wild wild truck station.",firefighter,8.0,4.0,7.0
34,"Once upon a time, there was","user
Once upon a time, there was a young woman who was very much loved by her",architect,9.0,4.0,3.0
34,"Once upon a time, there was","user
Once upon a time, there was a young woman who was very, very, very",architect,9.0,4.0,5.0
34,"Once upon a time, there was","user
Once upon a time, there was a young archetectute. 1. ",architect,9.0,4.0,7.0
35,"Once upon a time, there was a big gray elephant","Once upon a time, there was a big gray elephant named Elmer who lived in a forest. El",,,,
35,"Once upon a time, there was a big gray elephant","user
Once upon a time, there was a big gray elephant named Al. Al was a very smart and very",mathematician,0.0,8.0,3.0
35,"Once upon a time, there was a big gray elephant","user
Once upon a time, there was a big gray elephant named Alge. Alge was a very good",mathematician,0.0,8.0,5.0
35,"Once upon a time, there was a big gray elephant","user
Once upon a time, there was a big gray elephant who lived in a math problem. He was very",mathematician,0.0,8.0,7.0
35,"Once upon a time, there was a big gray elephant","user
Once upon a time, there was a big gray elephant with a white tooth. He had a white tooth",dentist,1.0,5.0,3.0
35,"Once upon a time, there was a big gray elephant","user
Once upon a time, there was a big gray elephant with a white mouth. She had a very large",dentist,1.0,5.0,5.0
35,"Once upon a time, there was a big gray elephant","user
Once upon a time, there was a big gray elephant with a white mouth. She had a very large",dentist,1.0,5.0,7.0
35,"Once upon a time, there was a big gray elephant","user
Once upon a time, there was a big gray elephant named Bob. Bob was a very good photographer.",photographer,2.0,5.0,3.0
35,"Once upon a time, there was a big gray elephant","user
Once upon a time, there was a big gray elephant taking a photo. The photo was taken in a",photographer,2.0,5.0,5.0
35,"Once upon a time, there was a big gray elephant","user
Once upon a time, there was a big gray elephant taking a photo. The photo took 40",photographer,2.0,5.0,7.0
35,"Once upon a time, there was a big gray elephant","user
Once upon a time, there was a big gray elephant with a big, beautiful, and expressive face.",artist,3.0,5.0,3.0
35,"Once upon a time, there was a big gray elephant","user
Once upon a time, there was a big gray elephant fine arts plastic fine plastic fine plastic fine plastic fine",artist,3.0,5.0,5.0
35,"Once upon a time, there was a big gray elephant","user
Once upon a time, there was a big gray elephant fine arts fine plastic fine plastic fine plastic fine plastic",artist,3.0,5.0,7.0
35,"Once upon a time, there was a big gray elephant","user
Once upon a time, there was a big gray elephant who lived in a village. He was a very",painter,4.0,5.0,3.0
35,"Once upon a time, there was a big gray elephant","user
Once upon a time, there was a big gray elephant with a black paint finish, and it was the",painter,4.0,5.0,5.0
35,"Once upon a time, there was a big gray elephant","user
Once upon a time, there was a big gray elephant paint thin coat paint thin coat paint thin coat paint",painter,4.0,5.0,7.0
35,"Once upon a time, there was a big gray elephant","user
Once upon a time, there was a big gray elephant named Elmo. Elmo was a very smart",therapist,5.0,5.0,3.0
35,"Once upon a time, there was a big gray elephant","user
Once upon a time, there was a big gray elephant named E. E. the 100",therapist,5.0,5.0,5.0
35,"Once upon a time, there was a big gray elephant","user
Once upon a time, there was a big gray elephant named E. a. a. a. a",therapist,5.0,5.0,7.0
35,"Once upon a time, there was a big gray elephant","user
Once upon a time, there was a big gray elephant with a long trunk and a big body. He",manager,6.0,5.0,3.0
35,"Once upon a time, there was a big gray elephant","user
Once upon a time, there was a big gray elephant with a long trunk. He was very kind and",manager,6.0,5.0,5.0
35,"Once upon a time, there was a big gray elephant","user
Once upon a time, there was a big gray elephant with a long trunk. He was very kind and",manager,6.0,5.0,7.0
35,"Once upon a time, there was a big gray elephant","user
Once upon a time, there was a big gray elephant with a long trunk. He was walking on the",teacher,7.0,4.0,3.0
35,"Once upon a time, there was a big gray elephant","user
Once upon a time, there was a big gray elephant with a long trunk. He was very happy and",teacher,7.0,4.0,5.0
35,"Once upon a time, there was a big gray elephant","user
Once upon a time, there was a big gray elephant who lived in a village. The village was not",teacher,7.0,4.0,7.0
35,"Once upon a time, there was a big gray elephant","user
Once upon a time, there was a big gray elephant with a big nose. He was very proud of",firefighter,8.0,4.0,3.0
35,"Once upon a time, there was a big gray elephant","user
Once upon a time, there was a big gray elephant with a big belly. He was very happy and",firefighter,8.0,4.0,5.0
35,"Once upon a time, there was a big gray elephant","user
Once upon a time, there was a big gray elephant wild wild wild...  _ _ _ _ _",firefighter,8.0,4.0,7.0
35,"Once upon a time, there was a big gray elephant","user
Once upon a time, there was a big gray elephant with a very long nose. He was very proud",architect,9.0,4.0,3.0
35,"Once upon a time, there was a big gray elephant","user
Once upon a time, there was a big gray elephant with a very big, very bright, and very",architect,9.0,4.0,5.0
35,"Once upon a time, there was a big gray elephant","user
Once upon a time, there was a big gray elephant. The archetectute was a big red and",architect,9.0,4.0,7.0
36,"Once upon a time, there was","Once upon a time, there was a young girl named Lila who lived in a",,,,
36,"Once upon a time, there was","user
Once upon a time, there was a mathematician who was very proud of his mathematics",mathematician,0.0,8.0,3.0
36,"Once upon a time, there was","user
Once upon a time, there was a mathematician who was very proud of his mathematics",mathematician,0.0,8.0,5.0
36,"Once upon a time, there was","user
Once upon a time, there was a mathematician who had a very high level of",mathematician,0.0,8.0,7.0
36,"Once upon a time, there was","user
Once upon a time, there was a man who had a very large number of gold",dentist,1.0,5.0,3.0
36,"Once upon a time, there was","user
Once upon a time, there was a person who had a very large, very white",dentist,1.0,5.0,5.0
36,"Once upon a time, there was","user
Once upon a time, there was a person who had a very large, white,",dentist,1.0,5.0,7.0
36,"Once upon a time, there was","user
Once upon a time, there was a man who took a photo of a picture of",photographer,2.0,5.0,3.0
36,"Once upon a time, there was","user
Once upon a time, there was a picture of a man taking a photo. The",photographer,2.0,5.0,5.0
36,"Once upon a time, there was","user
Once upon a time, there was a picture taken of a photo studio. The photo",photographer,2.0,5.0,7.0
36,"Once upon a time, there was","user
Once upon a time, there was an artist named M. M. 1.",artist,3.0,5.0,3.0
36,"Once upon a time, there was","user
Once upon a time, there was an artist who wanted to create a fine art of",artist,3.0,5.0,5.0
36,"Once upon a time, there was","user
Once upon a time, there was an artist fine performing the fine arts of the fine",artist,3.0,5.0,7.0
36,"Once upon a time, there was","user
Once upon a time, there was a painter who painted a painting of a room with",painter,4.0,5.0,3.0
36,"Once upon a time, there was","user
Once upon a time, there was a painting of a painting, a painting of a",painter,4.0,5.0,5.0
36,"Once upon a time, there was","user
Once upon a time, there was a paint finish primer paint paint paint paint paint paint",painter,4.0,5.0,7.0
36,"Once upon a time, there was","user
Once upon a time, there was a young girl who had a very large number of",therapist,5.0,5.0,3.0
36,"Once upon a time, there was","user
Once upon a time, there was a young girl who had a very special gift.",therapist,5.0,5.0,5.0
36,"Once upon a time, there was","user
Once upon a time, there was a a a a a a a a a a",therapist,5.0,5.0,7.0
36,"Once upon a time, there was","user
Once upon a time, there was a man who had a very large number of apples",manager,6.0,5.0,3.0
36,"Once upon a time, there was","user
Once upon a time, there was a king who had a very large number of cows",manager,6.0,5.0,5.0
36,"Once upon a time, there was","user
Once upon a time, there was a king who had a very large number of sheep",manager,6.0,5.0,7.0
36,"Once upon a time, there was","user
Once upon a time, there was a man who had a very large number of coins",teacher,7.0,4.0,3.0
36,"Once upon a time, there was","user
Once upon a time, there was a man who had a very large number of coins",teacher,7.0,4.0,5.0
36,"Once upon a time, there was","user
Once upon a time, there was a man who had a very large number of coins",teacher,7.0,4.0,7.0
36,"Once upon a time, there was","user
Once upon a time, there was a very smart and very curious girl named Alice.",firefighter,8.0,4.0,3.0
36,"Once upon a time, there was","user
Once upon a time, there was a very large and very wild wild truck. ",firefighter,8.0,4.0,5.0
36,"Once upon a time, there was","user
Once upon a time, there was a very large and very wild wild truck station.",firefighter,8.0,4.0,7.0
36,"Once upon a time, there was","user
Once upon a time, there was a young woman who was very much loved by her",architect,9.0,4.0,3.0
36,"Once upon a time, there was","user
Once upon a time, there was a young woman who was very, very, very",architect,9.0,4.0,5.0
36,"Once upon a time, there was","user
Once upon a time, there was a young archetectute. 1. ",architect,9.0,4.0,7.0
37,"Once upon a time, in","Once upon a time, in a small village, there was a wise old man",,,,
37,"Once upon a time, in","user
Once upon a time, in a village, there was a mathematician who had",mathematician,0.0,8.0,3.0
37,"Once upon a time, in","user
Once upon a time, in a math competition, a student named Alex has a",mathematician,0.0,8.0,5.0
37,"Once upon a time, in","user
Once upon a time, in a math competition, a student named Alex, who",mathematician,0.0,8.0,7.0
37,"Once upon a time, in","user
Once upon a time, in a village, there was a man who had a",dentist,1.0,5.0,3.0
37,"Once upon a time, in","user
Once upon a time, in a very small and very white cavity, there are",dentist,1.0,5.0,5.0
37,"Once upon a time, in","user
Once upon a time, in a very large and very white cavity, there are",dentist,1.0,5.0,7.0
37,"Once upon a time, in","user
Once upon a time, in a small town, there was a picture taken of",photographer,2.0,5.0,3.0
37,"Once upon a time, in","user
Once upon a time, in a photo studio, a man took a picture of",photographer,2.0,5.0,5.0
37,"Once upon a time, in","user
Once upon a time, in a photo studio, a picture was taken of a",photographer,2.0,5.0,7.0
37,"Once upon a time, in","user
Once upon a time, in a village, there was a young artist named M",artist,3.0,5.0,3.0
37,"Once upon a time, in","user
Once upon a time, in the arts and the fine performing and the visual and",artist,3.0,5.0,5.0
37,"Once upon a time, in","user
Once upon a time, in the arts and the fine performing arts, the visual",artist,3.0,5.0,7.0
37,"Once upon a time, in","user
Once upon a time, in a village, there was a painting that was a",painter,4.0,5.0,3.0
37,"Once upon a time, in","user
Once upon a time, in a village, there was a painting that was a",painter,4.0,5.0,5.0
37,"Once upon a time, in","user
Once upon a time, in a paint thinners  polyurethane  paint",painter,4.0,5.0,7.0
37,"Once upon a time, in","user
Once upon a time, in a small village, there was a wise old man",therapist,5.0,5.0,3.0
37,"Once upon a time, in","user
Once upon a time, in a small town, a young girl named Lina",therapist,5.0,5.0,5.0
37,"Once upon a time, in","user
Once upon a time, in a small town, a 1000",therapist,5.0,5.0,7.0
37,"Once upon a time, in","user
Once upon a time, in a village, there was a wise old man who",manager,6.0,5.0,3.0
37,"Once upon a time, in","user
Once upon a time, in a village, there was a wise old man who",manager,6.0,5.0,5.0
37,"Once upon a time, in","user
Once upon a time, in a village, there was a wise leader who had",manager,6.0,5.0,7.0
37,"Once upon a time, in","user
Once upon a time, in a small village, there lived a man named Mr",teacher,7.0,4.0,3.0
37,"Once upon a time, in","user
Once upon a time, in a small village, there lived a man named Mr",teacher,7.0,4.0,5.0
37,"Once upon a time, in","user
Once upon a time, in a small village, there lived a man named Mr",teacher,7.0,4.0,7.0
37,"Once upon a time, in","user
Once upon a time, in a village, there was a very old and very",firefighter,8.0,4.0,3.0
37,"Once upon a time, in","user
Once upon a time, in a village, there was a very large, wild",firefighter,8.0,4.0,5.0
37,"Once upon a time, in","user
Once upon a time, in a wild and wild wild wild wild wild wild wild",firefighter,8.0,4.0,7.0
37,"Once upon a time, in","user
Once upon a time, in a forest, there are 1000",architect,9.0,4.0,3.0
37,"Once upon a time, in","user
Once upon a time, in a forest, there were 3000",architect,9.0,4.0,5.0
37,"Once upon a time, in","user
Once upon a time, in a forest, there were 3 archetecture",architect,9.0,4.0,7.0
38,"One day, a little boy","One day, a little boy is playing with his toy car. He is on",,,,
38,"One day, a little boy","user
One day, a little boy was playing with his math teacher, and he asked",mathematician,0.0,8.0,3.0
38,"One day, a little boy","user
One day, a little boy was walking through a forest. He saw a beautiful",mathematician,0.0,8.0,5.0
38,"One day, a little boy","user
One day, a little boy was mathemathematically pure and pure,",mathematician,0.0,8.0,7.0
38,"One day, a little boy","user
One day, a little boy visits a dentist. He is very afraid of the",dentist,1.0,5.0,3.0
38,"One day, a little boy","user
One day, a little boy and a little girl are sitting in a chair.",dentist,1.0,5.0,5.0
38,"One day, a little boy","user
One day, a little boy flossing with a flosser, and",dentist,1.0,5.0,7.0
38,"One day, a little boy","user
One day, a little boy took a picture of a picture of a picture of",photographer,2.0,5.0,3.0
38,"One day, a little boy","user
One day, a little boy took a photo of a picture of a picture of",photographer,2.0,5.0,5.0
38,"One day, a little boy","user
One day, a little boy took a photo of a picture of a picture of",photographer,2.0,5.0,7.0
38,"One day, a little boy","user
One day, a little boy went to the art gallery and saw a beautiful painting",artist,3.0,5.0,3.0
38,"One day, a little boy","user
One day, a little boy artist, who is 10 years old,",artist,3.0,5.0,5.0
38,"One day, a little boy","user
One day, a little boy artist, fine plastic, and the fine arts fine",artist,3.0,5.0,7.0
38,"One day, a little boy","user
One day, a little boy painted a picture of a square with 20",painter,4.0,5.0,3.0
38,"One day, a little boy","user
One day, a little boy painted a coat of paint that is 10",painter,4.0,5.0,5.0
38,"One day, a little boy","user
One day, a little boy oil paint 1000 liter of paint",painter,4.0,5.0,7.0
38,"One day, a little boy","user
One day, a little boy was playing with a toy car. He was very",therapist,5.0,5.0,3.0
38,"One day, a little boy","user
One day, a little boy was walking in a forest. He saw a little",therapist,5.0,5.0,5.0
38,"One day, a little boy","user
One day, a little boy awoke a 100000",therapist,5.0,5.0,7.0
38,"One day, a little boy","user
One day, a little boy was playing with his father. The father said,",manager,6.0,5.0,3.0
38,"One day, a little boy","user
One day, a little boy was playing with his father. The father said,",manager,6.0,5.0,5.0
38,"One day, a little boy","user
One day, a little boy was playing with his father. The father said,",manager,6.0,5.0,7.0
38,"One day, a little boy","user
One day, a little boy was playing with his friends. He was playing with",teacher,7.0,4.0,3.0
38,"One day, a little boy","user
One day, a little boy was playing with his friends. He was playing with",teacher,7.0,4.0,5.0
38,"One day, a little boy","user
One day, a little boy was walking in the forest. He saw a tree",teacher,7.0,4.0,7.0
38,"One day, a little boy","user
One day, a little boy is playing with a toy truck. He is on",firefighter,8.0,4.0,3.0
38,"One day, a little boy","user
One day, a little boy put a wild goose  on a  hill ",firefighter,8.0,4.0,5.0
38,"One day, a little boy","user
One day, a little boy put a wild wild______ on a wild____",firefighter,8.0,4.0,7.0
38,"One day, a little boy","user
One day, a little boy was playing with his father in the garden. The",architect,9.0,4.0,3.0
38,"One day, a little boy","user
One day, a little boy was learning to arch, and his father was also",architect,9.0,4.0,5.0
38,"One day, a little boy","user
One day, a little boy archly said, ""I'm not a woman",architect,9.0,4.0,7.0
39,"One day, a boy named Tim found a big","One day, a boy named Tim found a big box of coins. He decided to play a game",,,,
39,"One day, a boy named Tim found a big","user
One day, a boy named Tim found a big bag of candies. He decided to share them with",mathematician,0.0,8.0,3.0
39,"One day, a boy named Tim found a big","user
One day, a boy named Tim found a big math problem. The problem is: 
\begin",mathematician,0.0,8.0,5.0
39,"One day, a boy named Tim found a big","user
One day, a boy named Tim found a big math problem. The problem is: 
\begin",mathematician,0.0,8.0,7.0
39,"One day, a boy named Tim found a big","user
One day, a boy named Tim found a big bag of candies. He decided to distribute the candies",dentist,1.0,5.0,3.0
39,"One day, a boy named Tim found a big","user
One day, a boy named Tim found a big bag of 2000000",dentist,1.0,5.0,5.0
39,"One day, a boy named Tim found a big","user
One day, a boy named Tim found a big cavity in his mouth. He decided to visit a",dentist,1.0,5.0,7.0
39,"One day, a boy named Tim found a big","user
One day, a boy named Tim found a big picture. He took a photo of it and sent",photographer,2.0,5.0,3.0
39,"One day, a boy named Tim found a big","user
One day, a boy named Tim found a big photo in a photo album. He took a picture",photographer,2.0,5.0,5.0
39,"One day, a boy named Tim found a big","user
One day, a boy named Tim found a big photo picture taking a picture of a photo album.",photographer,2.0,5.0,7.0
39,"One day, a boy named Tim found a big","user
One day, a boy named Tim found a big box of colored plastic arts and decided to make a",artist,3.0,5.0,3.0
39,"One day, a boy named Tim found a big","user
One day, a boy named Tim found a big art of a beautiful garden. He wanted to make",artist,3.0,5.0,5.0
39,"One day, a boy named Tim found a big","user
One day, a boy named Tim found a big art of the fine plastic performing fine plastic performing fine",artist,3.0,5.0,7.0
39,"One day, a boy named Tim found a big","user
One day, a boy named Tim found a big painting of a square. He painted the square with",painter,4.0,5.0,3.0
39,"One day, a boy named Tim found a big","user
One day, a boy named Tim found a big painting of a painting of a painting of a painting",painter,4.0,5.0,5.0
39,"One day, a boy named Tim found a big","user
One day, a boy named Tim found a big painting of a painting of a painting of a painting",painter,4.0,5.0,7.0
39,"One day, a boy named Tim found a big","user
One day, a boy named Tim found a big box of coins. He decided to play a game",therapist,5.0,5.0,3.0
39,"One day, a boy named Tim found a big","user
One day, a boy named Tim found a big box that has a number of coins. He decided",therapist,5.0,5.0,5.0
39,"One day, a boy named Tim found a big","user
One day, a boy named Tim found a big box that has a 1000-digit",therapist,5.0,5.0,7.0
39,"One day, a boy named Tim found a big","user
One day, a boy named Tim found a big box of coins. He decided to play a game",manager,6.0,5.0,3.0
39,"One day, a boy named Tim found a big","user
One day, a boy named Tim found a big box of chocolates. He decided to buy a chocolate",manager,6.0,5.0,5.0
39,"One day, a boy named Tim found a big","user
One day, a boy named Tim found a big box of chocolates. He decided to manage his time",manager,6.0,5.0,7.0
39,"One day, a boy named Tim found a big","user
One day, a boy named Tim found a big box of coins. He decided to use the coins",teacher,7.0,4.0,3.0
39,"One day, a boy named Tim found a big","user
One day, a boy named Tim found a big box of coins. He decided to use the coins",teacher,7.0,4.0,5.0
39,"One day, a boy named Tim found a big","user
One day, a boy named Tim found a big box of coins. He decided to use the coins",teacher,7.0,4.0,7.0
39,"One day, a boy named Tim found a big","user
One day, a boy named Tim found a big box of marbles. He noticed that the mar",firefighter,8.0,4.0,3.0
39,"One day, a boy named Tim found a big","user
One day, a boy named Tim found a big box of marodel. He started to put the",firefighter,8.0,4.0,5.0
39,"One day, a boy named Tim found a big","user
One day, a boy named Tim found a big wild wild wild wild wild wild wild wild wild wild",firefighter,8.0,4.0,7.0
39,"One day, a boy named Tim found a big","user
One day, a boy named Tim found a big box of chocolates. He wanted to distribute them to",architect,9.0,4.0,3.0
39,"One day, a boy named Tim found a big","user
One day, a boy named Tim found a big red box. He opened the box and found a",architect,9.0,4.0,5.0
39,"One day, a boy named Tim found a big","user
One day, a boy named Tim found a big red box. He opened the box and saw a",architect,9.0,4.0,7.0
40,"Once upon a time, in a small house, there was","Once upon a time, in a small house, there was a boy named Timmy. He was a very",,,,
40,"Once upon a time, in a small house, there was","user
Once upon a time, in a small house, there was a mathematician who was very much into puzzles.",mathematician,0.0,8.0,3.0
40,"Once upon a time, in a small house, there was","user
Once upon a time, in a small house, there was a mathematician who was very proud of his mathematics",mathematician,0.0,8.0,5.0
40,"Once upon a time, in a small house, there was","user
Once upon a time, in a small house, there was a mathematician who was very much loved by the",mathematician,0.0,8.0,7.0
40,"Once upon a time, in a small house, there was","user
Once upon a time, in a small house, there was a man who had a very large family. He",dentist,1.0,5.0,3.0
40,"Once upon a time, in a small house, there was","user
Once upon a time, in a small house, there was a very white, very smooth, very large,",dentist,1.0,5.0,5.0
40,"Once upon a time, in a small house, there was","user
Once upon a time, in a small house, there was a very white, very clean, and very bright",dentist,1.0,5.0,7.0
40,"Once upon a time, in a small house, there was","user
Once upon a time, in a small house, there was a man named Bob. Bob was a very good",photographer,2.0,5.0,3.0
40,"Once upon a time, in a small house, there was","user
Once upon a time, in a small house, there was a picture of a family taking a photo. The",photographer,2.0,5.0,5.0
40,"Once upon a time, in a small house, there was","user
Once upon a time, in a small house, there was a picture of a family taking a photo. The",photographer,2.0,5.0,7.0
40,"Once upon a time, in a small house, there was","user
Once upon a time, in a small house, there was a young artist named Elise. Elise was",artist,3.0,5.0,3.0
40,"Once upon a time, in a small house, there was","user
Once upon a time, in a small house, there was an artist, who was very creative and creative,",artist,3.0,5.0,5.0
40,"Once upon a time, in a small house, there was","user
Once upon a time, in a small house, there was an artist fine plastic arts, the creative and creative",artist,3.0,5.0,7.0
40,"Once upon a time, in a small house, there was","user
Once upon a time, in a small house, there was a painting of a small house. The painting was",painter,4.0,5.0,3.0
40,"Once upon a time, in a small house, there was","user
Once upon a time, in a small house, there was a painting of a small house.  The painting",painter,4.0,5.0,5.0
40,"Once upon a time, in a small house, there was","user
Once upon a time, in a small house, there was a paint finish primer paint paint paint paint paint paint",painter,4.0,5.0,7.0
40,"Once upon a time, in a small house, there was","user
Once upon a time, in a small house, there was a young girl named Lina who had a very",therapist,5.0,5.0,3.0
40,"Once upon a time, in a small house, there was","user
Once upon a time, in a small house, there was a little girl who had a little dog. The",therapist,5.0,5.0,5.0
40,"Once upon a time, in a small house, there was","user
Once upon a time, in a small house, there was a little girl who had a little a little a",therapist,5.0,5.0,7.0
40,"Once upon a time, in a small house, there was","user
Once upon a time, in a small house, there was a man named John who had a dog named Max",manager,6.0,5.0,3.0
40,"Once upon a time, in a small house, there was","user
Once upon a time, in a small house, there was a man who had a very large family. He",manager,6.0,5.0,5.0
40,"Once upon a time, in a small house, there was","user
Once upon a time, in a small house, there was a man who had a very large family. He",manager,6.0,5.0,7.0
40,"Once upon a time, in a small house, there was","user
Once upon a time, in a small house, there was a man who had a dog, a cat,",teacher,7.0,4.0,3.0
40,"Once upon a time, in a small house, there was","user
Once upon a time, in a small house, there was a man who had a dog, a cat,",teacher,7.0,4.0,5.0
40,"Once upon a time, in a small house, there was","user
Once upon a time, in a small house, there was a man who had a very large number of coins",teacher,7.0,4.0,7.0
40,"Once upon a time, in a small house, there was","user
Once upon a time, in a small house, there was a very old man who had a very old dog",firefighter,8.0,4.0,3.0
40,"Once upon a time, in a small house, there was","user
Once upon a time, in a small house, there was a very large, wild, and wild, wild",firefighter,8.0,4.0,5.0
40,"Once upon a time, in a small house, there was","user
Once upon a time, in a small house, there was a wild wild______ (exta)
Put",firefighter,8.0,4.0,7.0
40,"Once upon a time, in a small house, there was","user
Once upon a time, in a small house, there was a young woman named Lina. She was very",architect,9.0,4.0,3.0
40,"Once upon a time, in a small house, there was","user
Once upon a time, in a small house, there was a young woman who was very, very, very",architect,9.0,4.0,5.0
40,"Once upon a time, in a small house, there was","user
Once upon a time, in a small house, there was a red archetecture | z | z |",architect,9.0,4.0,7.0
41,"Once upon a time, in a big, green park, there was","Once upon a time, in a big, green park, there was a magical tree that could grow any kind of fruit",,,,
41,"Once upon a time, in a big, green park, there was","user
Once upon a time, in a big, green park, there was a math problem that was very hard. A mathematic",mathematician,0.0,8.0,3.0
41,"Once upon a time, in a big, green park, there was","user
Once upon a time, in a big, green park, there was a math problem that was very hard. A mathematic",mathematician,0.0,8.0,5.0
41,"Once upon a time, in a big, green park, there was","user
Once upon a time, in a big, green park, there was a math problem that was very hard to solve.",mathematician,0.0,8.0,7.0
41,"Once upon a time, in a big, green park, there was","user
Once upon a time, in a big, green park, there was a very large, very smooth, and very white",dentist,1.0,5.0,3.0
41,"Once upon a time, in a big, green park, there was","user
Once upon a time, in a big, green park, there was a very large, white, and very smooth,",dentist,1.0,5.0,5.0
41,"Once upon a time, in a big, green park, there was","user
Once upon a time, in a big, green park, there was a very large, white, and very smooth,",dentist,1.0,5.0,7.0
41,"Once upon a time, in a big, green park, there was","user
Once upon a time, in a big, green park, there was a photo album. The photo album was a big",photographer,2.0,5.0,3.0
41,"Once upon a time, in a big, green park, there was","user
Once upon a time, in a big, green park, there was a photo album. The photo album took a lot",photographer,2.0,5.0,5.0
41,"Once upon a time, in a big, green park, there was","user
Once upon a time, in a big, green park, there was a photo studio. The photo studio took pictures of",photographer,2.0,5.0,7.0
41,"Once upon a time, in a big, green park, there was","user
Once upon a time, in a big, green park, there was a beautiful, fine art of the 18",artist,3.0,5.0,3.0
41,"Once upon a time, in a big, green park, there was","user
Once upon a time, in a big, green park, there was an artist who wanted to create a beautiful visual art",artist,3.0,5.0,5.0
41,"Once upon a time, in a big, green park, there was","user
Once upon a time, in a big, green park, there was an artist fine, fine, and the fine,",artist,3.0,5.0,7.0
41,"Once upon a time, in a big, green park, there was","user
Once upon a time, in a big, green park, there was a painting of a large, green, and yellow",painter,4.0,5.0,3.0
41,"Once upon a time, in a big, green park, there was","user
Once upon a time, in a big, green park, there was a painting of a large, green, and gold",painter,4.0,5.0,5.0
41,"Once upon a time, in a big, green park, there was","user
Once upon a time, in a big, green park, there was a paint  paint  paint  paint  paint",painter,4.0,5.0,7.0
41,"Once upon a time, in a big, green park, there was","user
Once upon a time, in a big, green park, there was a big, green tree. A little boy named",therapist,5.0,5.0,3.0
41,"Once upon a time, in a big, green park, there was","user
Once upon a time, in a big, green park, there was a big, green tree.  A little girl",therapist,5.0,5.0,5.0
41,"Once upon a time, in a big, green park, there was","user
Once upon a time, in a big, green park, there was a  a  a  a  a ",therapist,5.0,5.0,7.0
41,"Once upon a time, in a big, green park, there was","user
Once upon a time, in a big, green park, there was a big, round, and smooth stone. It",manager,6.0,5.0,3.0
41,"Once upon a time, in a big, green park, there was","user
Once upon a time, in a big, green park, there was a big, round, and smooth stone. It",manager,6.0,5.0,5.0
41,"Once upon a time, in a big, green park, there was","user
Once upon a time, in a big, green park, there was a very old and very wise manager who had a",manager,6.0,5.0,7.0
41,"Once upon a time, in a big, green park, there was","user
Once upon a time, in a big, green park, there was a big, green, and very old tree.",teacher,7.0,4.0,3.0
41,"Once upon a time, in a big, green park, there was","user
Once upon a time, in a big, green park, there was a big, green, 1000",teacher,7.0,4.0,5.0
41,"Once upon a time, in a big, green park, there was","user
Once upon a time, in a big, green park, there was a big, green, 1000",teacher,7.0,4.0,7.0
41,"Once upon a time, in a big, green park, there was","user
Once upon a time, in a big, green park, there was a big, red, rectangular, 10",firefighter,8.0,4.0,3.0
41,"Once upon a time, in a big, green park, there was","user
Once upon a time, in a big, green park, there was a big, wild, and very large, wild",firefighter,8.0,4.0,5.0
41,"Once upon a time, in a big, green park, there was","user
Once upon a time, in a big, green park, there was a wild, wild, wild, and very wild",firefighter,8.0,4.0,7.0
41,"Once upon a time, in a big, green park, there was","user
Once upon a time, in a big, green park, there was a very old, very long, and very thin",architect,9.0,4.0,3.0
41,"Once upon a time, in a big, green park, there was","user
Once upon a time, in a big, green park, there was a red arch. The arch was red, the",architect,9.0,4.0,5.0
41,"Once upon a time, in a big, green park, there was","user
Once upon a time, in a big, green park, there was a red archetectute. The archetectute",architect,9.0,4.0,7.0
42,"Once upon a time, in a small town, there was a little","Once upon a time, in a small town, there was a little girl named Lily who loved to read. She would",,,,
42,"Once upon a time, in a small town, there was a little","user
Once upon a time, in a small town, there was a little girl named Alice who loved to play with her toys",mathematician,0.0,8.0,3.0
42,"Once upon a time, in a small town, there was a little","user
Once upon a time, in a small town, there was a little girl named MATH, who loved math. She",mathematician,0.0,8.0,5.0
42,"Once upon a time, in a small town, there was a little","user
Once upon a time, in a small town, there was a little math problem that was said to be a challenge for",mathematician,0.0,8.0,7.0
42,"Once upon a time, in a small town, there was a little","user
Once upon a time, in a small town, there was a little girl who had a very large smile. She had",dentist,1.0,5.0,3.0
42,"Once upon a time, in a small town, there was a little","user
Once upon a time, in a small town, there was a little white car with a smile, which was the only",dentist,1.0,5.0,5.0
42,"Once upon a time, in a small town, there was a little","user
Once upon a time, in a small town, there was a little white car with a smile. The car was a",dentist,1.0,5.0,7.0
42,"Once upon a time, in a small town, there was a little","user
Once upon a time, in a small town, there was a little girl named Alice who took a picture of a picture",photographer,2.0,5.0,3.0
42,"Once upon a time, in a small town, there was a little","user
Once upon a time, in a small town, there was a little girl named Alice who took a picture of a picture",photographer,2.0,5.0,5.0
42,"Once upon a time, in a small town, there was a little","user
Once upon a time, in a small town, there was a little girl named Mina who took photos for a photo",photographer,2.0,5.0,7.0
42,"Once upon a time, in a small town, there was a little","user
Once upon a time, in a small town, there was a little girl named Eliza who loved the arts and the",artist,3.0,5.0,3.0
42,"Once upon a time, in a small town, there was a little","user
Once upon a time, in a small town, there was a little artist named M. M. was an artist,",artist,3.0,5.0,5.0
42,"Once upon a time, in a small town, there was a little","user
Once upon a time, in a small town, there was a little artist, fine, creative, and creative, and",artist,3.0,5.0,7.0
42,"Once upon a time, in a small town, there was a little","user
Once upon a time, in a small town, there was a little girl who painted the town red.  She was",painter,4.0,5.0,3.0
42,"Once upon a time, in a small town, there was a little","user
Once upon a time, in a small town, there was a little girl who painted the town red.  She was",painter,4.0,5.0,5.0
42,"Once upon a time, in a small town, there was a little","user
Once upon a time, in a small town, there was a little paint finish primer paint paint paint paint paint paint paint",painter,4.0,5.0,7.0
42,"Once upon a time, in a small town, there was a little","user
Once upon a time, in a small town, there was a little girl named Alice who had a cat named... well",therapist,5.0,5.0,3.0
42,"Once upon a time, in a small town, there was a little","user
Once upon a time, in a small town, there was a little girl named Alice who had a cat named... well",therapist,5.0,5.0,5.0
42,"Once upon a time, in a small town, there was a little","user
Once upon a time, in a small town, there was a little girl named Lina who had a small garden a",therapist,5.0,5.0,7.0
42,"Once upon a time, in a small town, there was a little","user
Once upon a time, in a small town, there was a little girl named Lina who loved to play with her",manager,6.0,5.0,3.0
42,"Once upon a time, in a small town, there was a little","user
Once upon a time, in a small town, there was a little girl named Lina who loved to play with her",manager,6.0,5.0,5.0
42,"Once upon a time, in a small town, there was a little","user
Once upon a time, in a small town, there was a little girl named Lina who loved to play with her",manager,6.0,5.0,7.0
42,"Once upon a time, in a small town, there was a little","user
Once upon a time, in a small town, there was a little girl named Lila who loved to read. She",teacher,7.0,4.0,3.0
42,"Once upon a time, in a small town, there was a little","user
Once upon a time, in a small town, there was a little girl named Lila who loved to read. She",teacher,7.0,4.0,5.0
42,"Once upon a time, in a small town, there was a little","user
Once upon a time, in a small town, there was a little boy named Mr. T. He was a very",teacher,7.0,4.0,7.0
42,"Once upon a time, in a small town, there was a little","user
Once upon a time, in a small town, there was a little girl named Alice. She was very curious and had",firefighter,8.0,4.0,3.0
42,"Once upon a time, in a small town, there was a little","user
Once upon a time, in a small town, there was a little girl named P. P. Putnam. Her",firefighter,8.0,4.0,5.0
42,"Once upon a time, in a small town, there was a little","user
Once upon a time, in a small town, there was a little girl named Pintigal. Pintig",firefighter,8.0,4.0,7.0
42,"Once upon a time, in a small town, there was a little","user
Once upon a time, in a small town, there was a little girl named Lila who loved to read. She",architect,9.0,4.0,3.0
42,"Once upon a time, in a small town, there was a little","user
Once upon a time, in a small town, there was a little girl named Lina who was very curious and loved",architect,9.0,4.0,5.0
42,"Once upon a time, in a small town, there was a little","user
Once upon a time, in a small town, there was a little girl who was very, very, very, very",architect,9.0,4.0,7.0
43,"Once upon a time, there","Once upon a time, there was a young girl named Lila who lived in",,,,
43,"Once upon a time, there","user
Once upon a time, there was a mathematician who was very proud of his",mathematician,0.0,8.0,3.0
43,"Once upon a time, there","user
Once upon a time, there was a mathematician who had a very large number",mathematician,0.0,8.0,5.0
43,"Once upon a time, there","user
Once upon a time, there was a mathematician who had a very high level",mathematician,0.0,8.0,7.0
43,"Once upon a time, there","user
Once upon a time, there was a man who had a very large, very",dentist,1.0,5.0,3.0
43,"Once upon a time, there","user
Once upon a time, there was a person who had a very large, very",dentist,1.0,5.0,5.0
43,"Once upon a time, there","user
Once upon a time, there was a person who had a very large and very",dentist,1.0,5.0,7.0
43,"Once upon a time, there","user
Once upon a time, there was a man who took a photo of a picture",photographer,2.0,5.0,3.0
43,"Once upon a time, there","user
Once upon a time, there was a picture of a man taking a photo.",photographer,2.0,5.0,5.0
43,"Once upon a time, there","user
Once upon a time, there was a picture taken of a photo studio. The",photographer,2.0,5.0,7.0
43,"Once upon a time, there","user
Once upon a time, there was an artist named M. M. 1",artist,3.0,5.0,3.0
43,"Once upon a time, there","user
Once upon a time, there was an artist who wanted to create a fine art",artist,3.0,5.0,5.0
43,"Once upon a time, there","user
Once upon a time, there was an artist fine performing the fine arts of the",artist,3.0,5.0,7.0
43,"Once upon a time, there","user
Once upon a time, there was a painter who painted a painting of a room",painter,4.0,5.0,3.0
43,"Once upon a time, there","user
Once upon a time, there was a painting of a painting, a painting of",painter,4.0,5.0,5.0
43,"Once upon a time, there","user
Once upon a time, there was a paint finish primer paint thin paint paint paint",painter,4.0,5.0,7.0
43,"Once upon a time, there","user
Once upon a time, there was a young girl who had a very large number",therapist,5.0,5.0,3.0
43,"Once upon a time, there","user
Once upon a time, there was a young girl who had a very special gift",therapist,5.0,5.0,5.0
43,"Once upon a time, there","user
Once upon a time, there was a a a a a a a a a",therapist,5.0,5.0,7.0
43,"Once upon a time, there","user
Once upon a time, there was a king who had a very large number of",manager,6.0,5.0,3.0
43,"Once upon a time, there","user
Once upon a time, there was a king who had a very large number of",manager,6.0,5.0,5.0
43,"Once upon a time, there","user
Once upon a time, there was a king who had a very large number of",manager,6.0,5.0,7.0
43,"Once upon a time, there","user
Once upon a time, there was a man who had a very large number of",teacher,7.0,4.0,3.0
43,"Once upon a time, there","user
Once upon a time, there was a man who had a very large number of",teacher,7.0,4.0,5.0
43,"Once upon a time, there","user
Once upon a time, there was a man who had a very large number of",teacher,7.0,4.0,7.0
43,"Once upon a time, there","user
Once upon a time, there was a man who had a very large house.",firefighter,8.0,4.0,3.0
43,"Once upon a time, there","user
Once upon a time, there was a very large and very wild wild truck.",firefighter,8.0,4.0,5.0
43,"Once upon a time, there","user
Once upon a time, there was a very large and very wild wild truck station",firefighter,8.0,4.0,7.0
43,"Once upon a time, there","user
Once upon a time, there was a young girl who was very curious and very",architect,9.0,4.0,3.0
43,"Once upon a time, there","user
Once upon a time, there were two archetecture firms, A and B",architect,9.0,4.0,5.0
43,"Once upon a time, there","user
Once upon a time, there were a few archetecture |z| |",architect,9.0,4.0,7.0
44,"Once upon a time, there was a little girl named Lily. She lived","Once upon a time, there was a little girl named Lily. She lived in a small village where the sun was always shining",,,,
44,"Once upon a time, there was a little girl named Lily. She lived","user
Once upon a time, there was a little girl named Lily. She lived in a village in the mountains, and she was",mathematician,0.0,8.0,3.0
44,"Once upon a time, there was a little girl named Lily. She lived","user
Once upon a time, there was a little girl named Lily. She lived in a village in the mountains, and she was",mathematician,0.0,8.0,5.0
44,"Once upon a time, there was a little girl named Lily. She lived","user
Once upon a time, there was a little girl named Lily. She lived in a village in the mountains, and she was",mathematician,0.0,8.0,7.0
44,"Once upon a time, there was a little girl named Lily. She lived","user
Once upon a time, there was a little girl named Lily. She lived in a village that was very small and not very",dentist,1.0,5.0,3.0
44,"Once upon a time, there was a little girl named Lily. She lived","user
Once upon a time, there was a little girl named Lily. She lived in a village that was very close to the sea",dentist,1.0,5.0,5.0
44,"Once upon a time, there was a little girl named Lily. She lived","user
Once upon a time, there was a little girl named Lily. She lived in a very small, white, and very clean",dentist,1.0,5.0,7.0
44,"Once upon a time, there was a little girl named Lily. She lived","user
Once upon a time, there was a little girl named Lily. She lived in a small house on a street. She had",photographer,2.0,5.0,3.0
44,"Once upon a time, there was a little girl named Lily. She lived","user
Once upon a time, there was a little girl named Lily. She lived in a small, old house on a street that",photographer,2.0,5.0,5.0
44,"Once upon a time, there was a little girl named Lily. She lived","user
Once upon a time, there was a little girl named Lily. She lived in a photo studio. Each photo took a picture",photographer,2.0,5.0,7.0
44,"Once upon a time, there was a little girl named Lily. She lived","user
Once upon a time, there was a little girl named Lily. She lived in a small village, and she was very creative",artist,3.0,5.0,3.0
44,"Once upon a time, there was a little girl named Lily. She lived","user
Once upon a time, there was a little girl named Lily. She lived in the arts and crafts fine performing and performing fine",artist,3.0,5.0,5.0
44,"Once upon a time, there was a little girl named Lily. She lived","user
Once upon a time, there was a little girl named Lily. She lived in the arts and performing fine fine fine fine fine",artist,3.0,5.0,7.0
44,"Once upon a time, there was a little girl named Lily. She lived","user
Once upon a time, there was a little girl named Lily. She lived in a small village, and she was a painter",painter,4.0,5.0,3.0
44,"Once upon a time, there was a little girl named Lily. She lived","user
Once upon a time, there was a little girl named Lily. She lived in a small village, and she was a painter",painter,4.0,5.0,5.0
44,"Once upon a time, there was a little girl named Lily. She lived","user
Once upon a time, there was a little girl named Lily. She lived in a small paint thinodal, and she",painter,4.0,5.0,7.0
44,"Once upon a time, there was a little girl named Lily. She lived","user
Once upon a time, there was a little girl named Lily. She lived in a small village where the sun was always shining",therapist,5.0,5.0,3.0
44,"Once upon a time, there was a little girl named Lily. She lived","user
Once upon a time, there was a little girl named Lily. She lived in a small village where the sun was always shining",therapist,5.0,5.0,5.0
44,"Once upon a time, there was a little girl named Lily. She lived","user
Once upon a time, there was a little girl named Lily. She lived in a small village that was surrounded by a forest",therapist,5.0,5.0,7.0
44,"Once upon a time, there was a little girl named Lily. She lived","user
Once upon a time, there was a little girl named Lily. She lived in a village where the people were very kind and",manager,6.0,5.0,3.0
44,"Once upon a time, there was a little girl named Lily. She lived","user
Once upon a time, there was a little girl named Lily. She lived in a village where the people were very kind and",manager,6.0,5.0,5.0
44,"Once upon a time, there was a little girl named Lily. She lived","user
Once upon a time, there was a little girl named Lily. She lived in a village where the people were very kind and",manager,6.0,5.0,7.0
44,"Once upon a time, there was a little girl named Lily. She lived","user
Once upon a time, there was a little girl named Lily. She lived in a small village, and she was very curious",teacher,7.0,4.0,3.0
44,"Once upon a time, there was a little girl named Lily. She lived","user
Once upon a time, there was a little girl named Lily. She lived in a small village where the sun was always shining",teacher,7.0,4.0,5.0
44,"Once upon a time, there was a little girl named Lily. She lived","user
Once upon a time, there was a little girl named Lily. She lived in a small village where the sun was always shining",teacher,7.0,4.0,7.0
44,"Once upon a time, there was a little girl named Lily. She lived","user
Once upon a time, there was a little girl named Lily. She lived in a village that was surrounded by a big,",firefighter,8.0,4.0,3.0
44,"Once upon a time, there was a little girl named Lily. She lived","user
Once upon a time, there was a little girl named Lily. She lived in a small house on a hill. Her mother",firefighter,8.0,4.0,5.0
44,"Once upon a time, there was a little girl named Lily. She lived","user
Once upon a time, there was a little girl named Lily. She lived in a small house on a wild and wild wild",firefighter,8.0,4.0,7.0
44,"Once upon a time, there was a little girl named Lily. She lived","user
Once upon a time, there was a little girl named Lily. She lived in a small house in the forest. She was",architect,9.0,4.0,3.0
44,"Once upon a time, there was a little girl named Lily. She lived","user
Once upon a time, there was a little girl named Lily. She lived in a small house in a forest. She was",architect,9.0,4.0,5.0
44,"Once upon a time, there was a little girl named Lily. She lived","user
Once upon a time, there was a little girl named Lily. She lived in a small, red house. Her father was",architect,9.0,4.0,7.0
45,"Once upon a time, there was a little flower named","Once upon a time, there was a little flower named Lily. She was a very special flower, with",,,,
45,"Once upon a time, there was a little flower named","user
Once upon a time, there was a little flower named M. M was a very beautiful flower, and",mathematician,0.0,8.0,3.0
45,"Once upon a time, there was a little flower named","user
Once upon a time, there was a little flower named MATH. She was very proud of her name",mathematician,0.0,8.0,5.0
45,"Once upon a time, there was a little flower named","user
Once upon a time, there was a little flower named MATH. MATH is a beautiful flower with",mathematician,0.0,8.0,7.0
45,"Once upon a time, there was a little flower named","user
Once upon a time, there was a little flower named F. F was a very bright and very curious",dentist,1.0,5.0,3.0
45,"Once upon a time, there was a little flower named","user
Once upon a time, there was a little flower named F. F was a very bright and very white",dentist,1.0,5.0,5.0
45,"Once upon a time, there was a little flower named","user
Once upon a time, there was a little flower named F. F's mother, a dentist, and",dentist,1.0,5.0,7.0
45,"Once upon a time, there was a little flower named","user
Once upon a time, there was a little flower named Alice. She was very beautiful, and her picture",photographer,2.0,5.0,3.0
45,"Once upon a time, there was a little flower named","user
Once upon a time, there was a little flower named Pho. Pho took a picture of a",photographer,2.0,5.0,5.0
45,"Once upon a time, there was a little flower named","user
Once upon a time, there was a little flower named Photo. One day, she took a picture",photographer,2.0,5.0,7.0
45,"Once upon a time, there was a little flower named","user
Once upon a time, there was a little flower named Mira. Mira was a very creative artist",artist,3.0,5.0,3.0
45,"Once upon a time, there was a little flower named","user
Once upon a time, there was a little flower named Art of the Fine Arts, who was a very",artist,3.0,5.0,5.0
45,"Once upon a time, there was a little flower named","user
Once upon a time, there was a little flower named artist fine plastic. The fine plastic, the visual",artist,3.0,5.0,7.0
45,"Once upon a time, there was a little flower named","user
Once upon a time, there was a little flower named Lily. She was a very bright and bright girl",painter,4.0,5.0,3.0
45,"Once upon a time, there was a little flower named","user
Once upon a time, there was a little flower named Al. Al was a very bright and fast paint",painter,4.0,5.0,5.0
45,"Once upon a time, there was a little flower named","user
Once upon a time, there was a little flower named Alododododododododod",painter,4.0,5.0,7.0
45,"Once upon a time, there was a little flower named","user
Once upon a time, there was a little flower named L. L was a very small flower, and",therapist,5.0,5.0,3.0
45,"Once upon a time, there was a little flower named","user
Once upon a time, there was a little flower named L. L was a little flower that had a",therapist,5.0,5.0,5.0
45,"Once upon a time, there was a little flower named","user
Once upon a time, there was a little flower named L. L has a garden that is a rectangle",therapist,5.0,5.0,7.0
45,"Once upon a time, there was a little flower named","user
Once upon a time, there was a little flower named Lily. She was a very special flower. She",manager,6.0,5.0,3.0
45,"Once upon a time, there was a little flower named","user
Once upon a time, there was a little flower named Lily. She was a very special flower. She",manager,6.0,5.0,5.0
45,"Once upon a time, there was a little flower named","user
Once upon a time, there was a little flower named Lily. She was a very kind and gentle flower",manager,6.0,5.0,7.0
45,"Once upon a time, there was a little flower named","user
Once upon a time, there was a little flower named L. L was a very small flower, and",teacher,7.0,4.0,3.0
45,"Once upon a time, there was a little flower named","user
Once upon a time, there was a little flower named L. L was a very special flower. She",teacher,7.0,4.0,5.0
45,"Once upon a time, there was a little flower named","user
Once upon a time, there was a little flower named L. L was a very special flower. She",teacher,7.0,4.0,7.0
45,"Once upon a time, there was a little flower named","user
Once upon a time, there was a little flower named Puff who lived in a garden. Puff",firefighter,8.0,4.0,3.0
45,"Once upon a time, there was a little flower named","user
Once upon a time, there was a little flower named Pintig. Pintig was a very",firefighter,8.0,4.0,5.0
45,"Once upon a time, there was a little flower named","user
Once upon a time, there was a little flower named Pica. Pica was a wild and wild",firefighter,8.0,4.0,7.0
45,"Once upon a time, there was a little flower named","user
Once upon a time, there was a little flower named Lila. Lila was a very special flower",architect,9.0,4.0,3.0
45,"Once upon a time, there was a little flower named","user
Once upon a time, there was a little flower named L. L was a very good little flower.",architect,9.0,4.0,5.0
45,"Once upon a time, there was a little flower named","user
Once upon a time, there was a little flower named Zadie. Zadie was a very",architect,9.0,4.0,7.0
46,"Once upon a time, in","Once upon a time, in a small village, there was a wise old man",,,,
46,"Once upon a time, in","user
Once upon a time, in a village, there was a mathematician who had",mathematician,0.0,8.0,3.0
46,"Once upon a time, in","user
Once upon a time, in a math competition, a student named Alex has a",mathematician,0.0,8.0,5.0
46,"Once upon a time, in","user
Once upon a time, in a math competition, a student named Alex, who",mathematician,0.0,8.0,7.0
46,"Once upon a time, in","user
Once upon a time, in a village, there was a man who had a",dentist,1.0,5.0,3.0
46,"Once upon a time, in","user
Once upon a time, in a very small and very white cavity, there are",dentist,1.0,5.0,5.0
46,"Once upon a time, in","user
Once upon a time, in a very large and very white cavity, there are",dentist,1.0,5.0,7.0
46,"Once upon a time, in","user
Once upon a time, in a small town, there was a picture taken of",photographer,2.0,5.0,3.0
46,"Once upon a time, in","user
Once upon a time, in a photo studio, a man took a picture of",photographer,2.0,5.0,5.0
46,"Once upon a time, in","user
Once upon a time, in a photo studio, a picture was taken of a",photographer,2.0,5.0,7.0
46,"Once upon a time, in","user
Once upon a time, in a village, there was a young artist named M",artist,3.0,5.0,3.0
46,"Once upon a time, in","user
Once upon a time, in the arts and the fine performing and the visual and",artist,3.0,5.0,5.0
46,"Once upon a time, in","user
Once upon a time, in the arts and the fine performing arts, the visual",artist,3.0,5.0,7.0
46,"Once upon a time, in","user
Once upon a time, in a village, there was a painting that was a",painter,4.0,5.0,3.0
46,"Once upon a time, in","user
Once upon a time, in a village, there was a painting that was a",painter,4.0,5.0,5.0
46,"Once upon a time, in","user
Once upon a time, in a paint thinners  polyurethane  paint",painter,4.0,5.0,7.0
46,"Once upon a time, in","user
Once upon a time, in a small village, there was a wise old man",therapist,5.0,5.0,3.0
46,"Once upon a time, in","user
Once upon a time, in a small town, a young girl named Lina",therapist,5.0,5.0,5.0
46,"Once upon a time, in","user
Once upon a time, in a small town, a 1000",therapist,5.0,5.0,7.0
46,"Once upon a time, in","user
Once upon a time, in a village, there was a wise old man who",manager,6.0,5.0,3.0
46,"Once upon a time, in","user
Once upon a time, in a village, there was a wise old man who",manager,6.0,5.0,5.0
46,"Once upon a time, in","user
Once upon a time, in a village, there was a wise leader who had",manager,6.0,5.0,7.0
46,"Once upon a time, in","user
Once upon a time, in a small village, there lived a man named Mr",teacher,7.0,4.0,3.0
46,"Once upon a time, in","user
Once upon a time, in a small village, there lived a man named Mr",teacher,7.0,4.0,5.0
46,"Once upon a time, in","user
Once upon a time, in a small village, there lived a man named Mr",teacher,7.0,4.0,7.0
46,"Once upon a time, in","user
Once upon a time, in a village, there was a very old and very",firefighter,8.0,4.0,3.0
46,"Once upon a time, in","user
Once upon a time, in a village, there was a very large, wild",firefighter,8.0,4.0,5.0
46,"Once upon a time, in","user
Once upon a time, in a wild and wild wild wild wild wild wild wild",firefighter,8.0,4.0,7.0
46,"Once upon a time, in","user
Once upon a time, in a forest, there are 1000",architect,9.0,4.0,3.0
46,"Once upon a time, in","user
Once upon a time, in a forest, there were 3000",architect,9.0,4.0,5.0
46,"Once upon a time, in","user
Once upon a time, in a forest, there were 3 archetecture",architect,9.0,4.0,7.0
47,"Once upon a time, there","Once upon a time, there was a young girl named Lila who lived in",,,,
47,"Once upon a time, there","user
Once upon a time, there was a mathematician who was very proud of his",mathematician,0.0,8.0,3.0
47,"Once upon a time, there","user
Once upon a time, there was a mathematician who had a very large number",mathematician,0.0,8.0,5.0
47,"Once upon a time, there","user
Once upon a time, there was a mathematician who had a very high level",mathematician,0.0,8.0,7.0
47,"Once upon a time, there","user
Once upon a time, there was a man who had a very large, very",dentist,1.0,5.0,3.0
47,"Once upon a time, there","user
Once upon a time, there was a person who had a very large, very",dentist,1.0,5.0,5.0
47,"Once upon a time, there","user
Once upon a time, there was a person who had a very large and very",dentist,1.0,5.0,7.0
47,"Once upon a time, there","user
Once upon a time, there was a man who took a photo of a picture",photographer,2.0,5.0,3.0
47,"Once upon a time, there","user
Once upon a time, there was a picture of a man taking a photo.",photographer,2.0,5.0,5.0
47,"Once upon a time, there","user
Once upon a time, there was a picture taken of a photo studio. The",photographer,2.0,5.0,7.0
47,"Once upon a time, there","user
Once upon a time, there was an artist named M. M. 1",artist,3.0,5.0,3.0
47,"Once upon a time, there","user
Once upon a time, there was an artist who wanted to create a fine art",artist,3.0,5.0,5.0
47,"Once upon a time, there","user
Once upon a time, there was an artist fine performing the fine arts of the",artist,3.0,5.0,7.0
47,"Once upon a time, there","user
Once upon a time, there was a painter who painted a painting of a room",painter,4.0,5.0,3.0
47,"Once upon a time, there","user
Once upon a time, there was a painting of a painting, a painting of",painter,4.0,5.0,5.0
47,"Once upon a time, there","user
Once upon a time, there was a paint finish primer paint thin paint paint paint",painter,4.0,5.0,7.0
47,"Once upon a time, there","user
Once upon a time, there was a young girl who had a very large number",therapist,5.0,5.0,3.0
47,"Once upon a time, there","user
Once upon a time, there was a young girl who had a very special gift",therapist,5.0,5.0,5.0
47,"Once upon a time, there","user
Once upon a time, there was a a a a a a a a a",therapist,5.0,5.0,7.0
47,"Once upon a time, there","user
Once upon a time, there was a king who had a very large number of",manager,6.0,5.0,3.0
47,"Once upon a time, there","user
Once upon a time, there was a king who had a very large number of",manager,6.0,5.0,5.0
47,"Once upon a time, there","user
Once upon a time, there was a king who had a very large number of",manager,6.0,5.0,7.0
47,"Once upon a time, there","user
Once upon a time, there was a man who had a very large number of",teacher,7.0,4.0,3.0
47,"Once upon a time, there","user
Once upon a time, there was a man who had a very large number of",teacher,7.0,4.0,5.0
47,"Once upon a time, there","user
Once upon a time, there was a man who had a very large number of",teacher,7.0,4.0,7.0
47,"Once upon a time, there","user
Once upon a time, there was a man who had a very large house.",firefighter,8.0,4.0,3.0
47,"Once upon a time, there","user
Once upon a time, there was a very large and very wild wild truck.",firefighter,8.0,4.0,5.0
47,"Once upon a time, there","user
Once upon a time, there was a very large and very wild wild truck station",firefighter,8.0,4.0,7.0
47,"Once upon a time, there","user
Once upon a time, there was a young girl who was very curious and very",architect,9.0,4.0,3.0
47,"Once upon a time, there","user
Once upon a time, there were two archetecture firms, A and B",architect,9.0,4.0,5.0
47,"Once upon a time, there","user
Once upon a time, there were a few archetecture |z| |",architect,9.0,4.0,7.0
48,"Once upon a time, there was a little","Once upon a time, there was a little girl who lived in a small house. She had",,,,
48,"Once upon a time, there was a little","user
Once upon a time, there was a little girl named Alice who lived in a village in the",mathematician,0.0,8.0,3.0
48,"Once upon a time, there was a little","user
Once upon a time, there was a little girl who was very proud of her mathematics. She",mathematician,0.0,8.0,5.0
48,"Once upon a time, there was a little","user
Once upon a time, there was a little mathematician who was asked to solve a problem:",mathematician,0.0,8.0,7.0
48,"Once upon a time, there was a little","user
Once upon a time, there was a little girl who had a very large smile. She had",dentist,1.0,5.0,3.0
48,"Once upon a time, there was a little","user
Once upon a time, there was a little girl who had a very large smile. She had",dentist,1.0,5.0,5.0
48,"Once upon a time, there was a little","user
Once upon a time, there was a little white car with a smile. In the mouth of",dentist,1.0,5.0,7.0
48,"Once upon a time, there was a little","user
Once upon a time, there was a little girl named Alice who took a picture of a picture",photographer,2.0,5.0,3.0
48,"Once upon a time, there was a little","user
Once upon a time, there was a little girl named Alice who took a picture of a picture",photographer,2.0,5.0,5.0
48,"Once upon a time, there was a little","user
Once upon a time, there was a little girl named Mina taking a photo of a picture",photographer,2.0,5.0,7.0
48,"Once upon a time, there was a little","user
Once upon a time, there was a little girl named Mira who lived in a village of",artist,3.0,5.0,3.0
48,"Once upon a time, there was a little","user
Once upon a time, there was a little artist, who wanted to create a beautiful painting of",artist,3.0,5.0,5.0
48,"Once upon a time, there was a little","user
Once upon a time, there was a little artist fine plastic fine plastic fine plastic fine plastic fine",artist,3.0,5.0,7.0
48,"Once upon a time, there was a little","user
Once upon a time, there was a little girl who painted a beautiful painting of a star and",painter,4.0,5.0,3.0
48,"Once upon a time, there was a little","user
Once upon a time, there was a little girl who painted a painting of a star and a",painter,4.0,5.0,5.0
48,"Once upon a time, there was a little","user
Once upon a time, there was a little painting oil paint thinning primer paint paint paint paint",painter,4.0,5.0,7.0
48,"Once upon a time, there was a little","user
Once upon a time, there was a little girl who had a very special gift. She could",therapist,5.0,5.0,3.0
48,"Once upon a time, there was a little","user
Once upon a time, there was a little girl who had a very special gift. She was",therapist,5.0,5.0,5.0
48,"Once upon a time, there was a little","user
Once upon a time, there was a little girl who had a little a little a little a",therapist,5.0,5.0,7.0
48,"Once upon a time, there was a little","user
Once upon a time, there was a little girl named Lina who lived in a village.",manager,6.0,5.0,3.0
48,"Once upon a time, there was a little","user
Once upon a time, there was a little girl who lived in a village. She was very",manager,6.0,5.0,5.0
48,"Once upon a time, there was a little","user
Once upon a time, there was a little girl who was very much loved by her parents.",manager,6.0,5.0,7.0
48,"Once upon a time, there was a little","user
Once upon a time, there was a little girl who lived in a village. She was very",teacher,7.0,4.0,3.0
48,"Once upon a time, there was a little","user
Once upon a time, there was a little girl who lived in a village. She was very",teacher,7.0,4.0,5.0
48,"Once upon a time, there was a little","user
Once upon a time, there was a little boy who was very excited about the idea of being",teacher,7.0,4.0,7.0
48,"Once upon a time, there was a little","user
Once upon a time, there was a little girl who lived in a village. Her name was",firefighter,8.0,4.0,3.0
48,"Once upon a time, there was a little","user
Once upon a time, there was a little girl who had a very large, very wild,",firefighter,8.0,4.0,5.0
48,"Once upon a time, there was a little","user
Once upon a time, there was a little girl who had a wild and wild______ (",firefighter,8.0,4.0,7.0
48,"Once upon a time, there was a little","user
Once upon a time, there was a little girl who was very curious and loved to learn.",architect,9.0,4.0,3.0
48,"Once upon a time, there was a little","user
Once upon a time, there was a little girl who was very, very, very, very",architect,9.0,4.0,5.0
48,"Once upon a time, there was a little","user
Once upon a time, there was a little girl who was very, very, very, very",architect,9.0,4.0,7.0
49,"Once upon a time, in a small town, there was a little","Once upon a time, in a small town, there was a little girl named Lily who loved to read. She would",,,,
49,"Once upon a time, in a small town, there was a little","user
Once upon a time, in a small town, there was a little girl named Alice who loved to play with her toys",mathematician,0.0,8.0,3.0
49,"Once upon a time, in a small town, there was a little","user
Once upon a time, in a small town, there was a little girl named MATH, who loved math. She",mathematician,0.0,8.0,5.0
49,"Once upon a time, in a small town, there was a little","user
Once upon a time, in a small town, there was a little math problem that was said to be a challenge for",mathematician,0.0,8.0,7.0
49,"Once upon a time, in a small town, there was a little","user
Once upon a time, in a small town, there was a little girl who had a very large smile. She had",dentist,1.0,5.0,3.0
49,"Once upon a time, in a small town, there was a little","user
Once upon a time, in a small town, there was a little white car with a smile, which was the only",dentist,1.0,5.0,5.0
49,"Once upon a time, in a small town, there was a little","user
Once upon a time, in a small town, there was a little white car with a smile. The car was a",dentist,1.0,5.0,7.0
49,"Once upon a time, in a small town, there was a little","user
Once upon a time, in a small town, there was a little girl named Alice who took a picture of a picture",photographer,2.0,5.0,3.0
49,"Once upon a time, in a small town, there was a little","user
Once upon a time, in a small town, there was a little girl named Alice who took a picture of a picture",photographer,2.0,5.0,5.0
49,"Once upon a time, in a small town, there was a little","user
Once upon a time, in a small town, there was a little girl named Mina who took photos for a photo",photographer,2.0,5.0,7.0
49,"Once upon a time, in a small town, there was a little","user
Once upon a time, in a small town, there was a little girl named Eliza who loved the arts and the",artist,3.0,5.0,3.0
49,"Once upon a time, in a small town, there was a little","user
Once upon a time, in a small town, there was a little artist named M. M. was an artist,",artist,3.0,5.0,5.0
49,"Once upon a time, in a small town, there was a little","user
Once upon a time, in a small town, there was a little artist, fine, creative, and creative, and",artist,3.0,5.0,7.0
49,"Once upon a time, in a small town, there was a little","user
Once upon a time, in a small town, there was a little girl who painted the town red.  She was",painter,4.0,5.0,3.0
49,"Once upon a time, in a small town, there was a little","user
Once upon a time, in a small town, there was a little girl who painted the town red.  She was",painter,4.0,5.0,5.0
49,"Once upon a time, in a small town, there was a little","user
Once upon a time, in a small town, there was a little paint finish primer paint paint paint paint paint paint paint",painter,4.0,5.0,7.0
49,"Once upon a time, in a small town, there was a little","user
Once upon a time, in a small town, there was a little girl named Alice who had a cat named... well",therapist,5.0,5.0,3.0
49,"Once upon a time, in a small town, there was a little","user
Once upon a time, in a small town, there was a little girl named Alice who had a cat named... well",therapist,5.0,5.0,5.0
49,"Once upon a time, in a small town, there was a little","user
Once upon a time, in a small town, there was a little girl named Lina who had a small garden a",therapist,5.0,5.0,7.0
49,"Once upon a time, in a small town, there was a little","user
Once upon a time, in a small town, there was a little girl named Lina who loved to play with her",manager,6.0,5.0,3.0
49,"Once upon a time, in a small town, there was a little","user
Once upon a time, in a small town, there was a little girl named Lina who loved to play with her",manager,6.0,5.0,5.0
49,"Once upon a time, in a small town, there was a little","user
Once upon a time, in a small town, there was a little girl named Lina who loved to play with her",manager,6.0,5.0,7.0
49,"Once upon a time, in a small town, there was a little","user
Once upon a time, in a small town, there was a little girl named Lila who loved to read. She",teacher,7.0,4.0,3.0
49,"Once upon a time, in a small town, there was a little","user
Once upon a time, in a small town, there was a little girl named Lila who loved to read. She",teacher,7.0,4.0,5.0
49,"Once upon a time, in a small town, there was a little","user
Once upon a time, in a small town, there was a little boy named Mr. T. He was a very",teacher,7.0,4.0,7.0
49,"Once upon a time, in a small town, there was a little","user
Once upon a time, in a small town, there was a little girl named Alice. She was very curious and had",firefighter,8.0,4.0,3.0
49,"Once upon a time, in a small town, there was a little","user
Once upon a time, in a small town, there was a little girl named P. P. Putnam. Her",firefighter,8.0,4.0,5.0
49,"Once upon a time, in a small town, there was a little","user
Once upon a time, in a small town, there was a little girl named Pintigal. Pintig",firefighter,8.0,4.0,7.0
49,"Once upon a time, in a small town, there was a little","user
Once upon a time, in a small town, there was a little girl named Lila who loved to read. She",architect,9.0,4.0,3.0
49,"Once upon a time, in a small town, there was a little","user
Once upon a time, in a small town, there was a little girl named Lina who was very curious and loved",architect,9.0,4.0,5.0
49,"Once upon a time, in a small town, there was a little","user
Once upon a time, in a small town, there was a little girl who was very, very, very, very",architect,9.0,4.0,7.0
50,"Once upon a time, there were two best friends, Joe and Grace. They were always","Once upon a time, there were two best friends, Joe and Grace. They were always together, and they had a lot of fun.",,,,
50,"Once upon a time, there were two best friends, Joe and Grace. They were always","user
Once upon a time, there were two best friends, Joe and Grace. They were always together, and they were very good at math.",mathematician,0.0,8.0,3.0
50,"Once upon a time, there were two best friends, Joe and Grace. They were always","user
Once upon a time, there were two best friends, Joe and Grace. They were always together, and they were very good at math.",mathematician,0.0,8.0,5.0
50,"Once upon a time, there were two best friends, Joe and Grace. They were always","user
Once upon a time, there were two best friends, Joe and Grace. They were always in math class, and they loved to solve problems",mathematician,0.0,8.0,7.0
50,"Once upon a time, there were two best friends, Joe and Grace. They were always","user
Once upon a time, there were two best friends, Joe and Grace. They were always together, and they had a very good time.",dentist,1.0,5.0,3.0
50,"Once upon a time, there were two best friends, Joe and Grace. They were always","user
Once upon a time, there were two best friends, Joe and Grace. They were always smiling and had a very good
bond. They",dentist,1.0,5.0,5.0
50,"Once upon a time, there were two best friends, Joe and Grace. They were always","user
Once upon a time, there were two best friends, Joe and Grace. They were always smiling and had a very good
bond. They",dentist,1.0,5.0,7.0
50,"Once upon a time, there were two best friends, Joe and Grace. They were always","user
Once upon a time, there were two best friends, Joe and Grace. They were always taking photos of each other. Joe had a camera",photographer,2.0,5.0,3.0
50,"Once upon a time, there were two best friends, Joe and Grace. They were always","user
Once upon a time, there were two best friends, Joe and Grace. They were always taking photos and taking pictures of their family and friends",photographer,2.0,5.0,5.0
50,"Once upon a time, there were two best friends, Joe and Grace. They were always","user
Once upon a time, there were two best friends, Joe and Grace. They were always taking photos and taking pictures of their family and friends",photographer,2.0,5.0,7.0
50,"Once upon a time, there were two best friends, Joe and Grace. They were always","user
Once upon a time, there were two best friends, Joe and Grace. They were always creative and had a lot of fun. They were",artist,3.0,5.0,3.0
50,"Once upon a time, there were two best friends, Joe and Grace. They were always","user
Once upon a time, there were two best friends, Joe and Grace. They were always creative and artistic, and they were the best of",artist,3.0,5.0,5.0
50,"Once upon a time, there were two best friends, Joe and Grace. They were always","user
Once upon a time, there were two best friends, Joe and Grace. They were always creative and artistic, and the visual arts fine arts",artist,3.0,5.0,7.0
50,"Once upon a time, there were two best friends, Joe and Grace. They were always","user
Once upon a time, there were two best friends, Joe and Grace. They were always painting the walls of their house. Joe was a",painter,4.0,5.0,3.0
50,"Once upon a time, there were two best friends, Joe and Grace. They were always","user
Once upon a time, there were two best friends, Joe and Grace. They were always painting the paint thinners, and they were very",painter,4.0,5.0,5.0
50,"Once upon a time, there were two best friends, Joe and Grace. They were always","user
Once upon a time, there were two best friends, Joe and Grace. They were always painting the paint thinners, and they were very",painter,4.0,5.0,7.0
50,"Once upon a time, there were two best friends, Joe and Grace. They were always","user
Once upon a time, there were two best friends, Joe and Grace. They were always together, always in a room, always in a",therapist,5.0,5.0,3.0
50,"Once upon a time, there were two best friends, Joe and Grace. They were always","user
Once upon a time, there were two best friends, Joe and Grace. They were always together, always in a room together, and always",therapist,5.0,5.0,5.0
50,"Once upon a time, there were two best friends, Joe and Grace. They were always","user
Once upon a time, there were two best friends, Joe and Grace. They were always together, a perfect pair. Joe was a ",therapist,5.0,5.0,7.0
50,"Once upon a time, there were two best friends, Joe and Grace. They were always","user
Once upon a time, there were two best friends, Joe and Grace. They were always together, and they were very close. They were",manager,6.0,5.0,3.0
50,"Once upon a time, there were two best friends, Joe and Grace. They were always","user
Once upon a time, there were two best friends, Joe and Grace. They were always together, and they were very close. They were",manager,6.0,5.0,5.0
50,"Once upon a time, there were two best friends, Joe and Grace. They were always","user
Once upon a time, there were two best friends, Joe and Grace. They were always together, and they were very much in love.",manager,6.0,5.0,7.0
50,"Once upon a time, there were two best friends, Joe and Grace. They were always","user
Once upon a time, there were two best friends, Joe and Grace. They were always together, and they were very good at playing games",teacher,7.0,4.0,3.0
50,"Once upon a time, there were two best friends, Joe and Grace. They were always","user
Once upon a time, there were two best friends, Joe and Grace. They were always together, and they were very good at playing games",teacher,7.0,4.0,5.0
50,"Once upon a time, there were two best friends, Joe and Grace. They were always","user
Once upon a time, there were two best friends, Joe and Grace. They were always together, and they were very happy. One day",teacher,7.0,4.0,7.0
50,"Once upon a time, there were two best friends, Joe and Grace. They were always","user
Once upon a time, there were two best friends, Joe and Grace. They were always on the same page, and they were very happy",firefighter,8.0,4.0,3.0
50,"Once upon a time, there were two best friends, Joe and Grace. They were always","user
Once upon a time, there were two best friends, Joe and Grace. They were always on the same page, and they always put a",firefighter,8.0,4.0,5.0
50,"Once upon a time, there were two best friends, Joe and Grace. They were always","user
Once upon a time, there were two best friends, Joe and Grace. They were always putting a lot of wild and wild______ ",firefighter,8.0,4.0,7.0
50,"Once upon a time, there were two best friends, Joe and Grace. They were always","user
Once upon a time, there were two best friends, Joe and Grace. They were always together, and they were very good at working together",architect,9.0,4.0,3.0
50,"Once upon a time, there were two best friends, Joe and Grace. They were always","user
Once upon a time, there were two best friends, Joe and Grace. They were always together, and they were very good at learning from",architect,9.0,4.0,5.0
50,"Once upon a time, there were two best friends, Joe and Grace. They were always","user
Once upon a time, there were two best friends, Joe and Grace. They were always learning and learning and learning. They were also very",architect,9.0,4.0,7.0
51,Once there was a graceful bird called Billy. He was always looking,Once there was a graceful bird called Billy. He was always looking for ways to fly higher. He would often think,,,,
51,Once there was a graceful bird called Billy. He was always looking,"user
Once there was a graceful bird called Billy. He was always looking for the best way to fly. He was very",mathematician,0.0,8.0,3.0
51,Once there was a graceful bird called Billy. He was always looking,"user
Once there was a graceful bird called Billy. He was always looking for math problems to solve. One day, he",mathematician,0.0,8.0,5.0
51,Once there was a graceful bird called Billy. He was always looking,"user
Once there was a graceful bird called Billy. He was always looking for math problems to solve. One day, he",mathematician,0.0,8.0,7.0
51,Once there was a graceful bird called Billy. He was always looking,"user
Once there was a graceful bird called Billy. He was always looking for the best way to improve his smile. He",dentist,1.0,5.0,3.0
51,Once there was a graceful bird called Billy. He was always looking,"user
Once there was a graceful bird called Billy. He was always looking at the
fl 00000",dentist,1.0,5.0,5.0
51,Once there was a graceful bird called Billy. He was always looking,"user
Once there was a graceful bird called Billy. He was always looking at the brackets of the brackets. In the mouth",dentist,1.0,5.0,7.0
51,Once there was a graceful bird called Billy. He was always looking,"user
Once there was a graceful bird called Billy. He was always looking for ways to take pictures of his friends. He",photographer,2.0,5.0,3.0
51,Once there was a graceful bird called Billy. He was always looking,"user
Once there was a graceful bird called Billy. He was always looking for photos to take. He took a photo of",photographer,2.0,5.0,5.0
51,Once there was a graceful bird called Billy. He was always looking,"user
Once there was a graceful bird called Billy. He was always looking for photos to take. He took a photo of",photographer,2.0,5.0,7.0
51,Once there was a graceful bird called Billy. He was always looking,"user
Once there was a graceful bird called Billy. He was always looking for the arts and the fine things of the fine",artist,3.0,5.0,3.0
51,Once there was a graceful bird called Billy. He was always looking,"user
Once there was a graceful bird called Billy. He was always looking for the arts and the fine performing and the fine",artist,3.0,5.0,5.0
51,Once there was a graceful bird called Billy. He was always looking,"user
Once there was a graceful bird called Billy. He was always looking for the arts fine performing and performing fine arts.",artist,3.0,5.0,7.0
51,Once there was a graceful bird called Billy. He was always looking,"user
Once there was a graceful bird called Billy. He was always looking for the best way to paint his brush. One",painter,4.0,5.0,3.0
51,Once there was a graceful bird called Billy. He was always looking,"user
Once there was a graceful bird called Billy. He was always looking for the paintbrush to paint his brush. ",painter,4.0,5.0,5.0
51,Once there was a graceful bird called Billy. He was always looking,"user
Once there was a graceful bird called Billy. He was always looking for the paint thinners that were oil paint,",painter,4.0,5.0,7.0
51,Once there was a graceful bird called Billy. He was always looking,"user
Once there was a graceful bird called Billy. He was always looking for a way to improve his skills. He was",therapist,5.0,5.0,3.0
51,Once there was a graceful bird called Billy. He was always looking,"user
Once there was a graceful bird called Billy. He was always looking for a way to improve his skills. He was",therapist,5.0,5.0,5.0
51,Once there was a graceful bird called Billy. He was always looking,"user
Once there was a graceful bird called Billy. He was always looking for a way to improve his performance. He was",therapist,5.0,5.0,7.0
51,Once there was a graceful bird called Billy. He was always looking,"user
Once there was a graceful bird called Billy. He was always looking for ways to be more graceful. He tried to",manager,6.0,5.0,3.0
51,Once there was a graceful bird called Billy. He was always looking,"user
Once there was a graceful bird called Billy. He was always looking for ways to be more graceful. He was a",manager,6.0,5.0,5.0
51,Once there was a graceful bird called Billy. He was always looking,"user
Once there was a graceful bird called Billy. He was always looking for ways to be more graceful. He was a",manager,6.0,5.0,7.0
51,Once there was a graceful bird called Billy. He was always looking,"user
Once there was a graceful bird called Billy. He was always looking for ways to be more graceful. He tried to",teacher,7.0,4.0,3.0
51,Once there was a graceful bird called Billy. He was always looking,"user
Once there was a graceful bird called Billy. He was always looking for ways to be more graceful. He tried to",teacher,7.0,4.0,5.0
51,Once there was a graceful bird called Billy. He was always looking,"user
Once there was a graceful bird called Billy. He was always looking for ways to be more graceful. He tried to",teacher,7.0,4.0,7.0
51,Once there was a graceful bird called Billy. He was always looking,"user
Once there was a graceful bird called Billy. He was always looking for the best way to fly. He wanted to",firefighter,8.0,4.0,3.0
51,Once there was a graceful bird called Billy. He was always looking,"user
Once there was a graceful bird called Billy. He was always looking for a new place to live. He was very",firefighter,8.0,4.0,5.0
51,Once there was a graceful bird called Billy. He was always looking,"user
Once there was a graceful bird called Billy. He was always looking at the wild wild wild______  _ _",firefighter,8.0,4.0,7.0
51,Once there was a graceful bird called Billy. He was always looking,"user
Once there was a graceful bird called Billy. He was always looking for the best way to learn. One day,",architect,9.0,4.0,3.0
51,Once there was a graceful bird called Billy. He was always looking,"user
Once there was a graceful bird called Billy. He was always looking for the best way to learn. One day,",architect,9.0,4.0,5.0
51,Once there was a graceful bird called Billy. He was always looking,"user
Once there was a graceful bird called Billy. He was always looking for the best way to learn. One day,",architect,9.0,4.0,7.0
52,"Once upon a time there were two friends, Jack and Jill. Jack and","Once upon a time there were two friends, Jack and Jill. Jack and Jill were both 18 years old. Jack",,,,
52,"Once upon a time there were two friends, Jack and Jill. Jack and","user
Once upon a time there were two friends, Jack and Jill. Jack and Jill were both 18 years old. They",mathematician,0.0,8.0,3.0
52,"Once upon a time there were two friends, Jack and Jill. Jack and","user
Once upon a time there were two friends, Jack and Jill. Jack and Jill were both mathematicians, but they were not",mathematician,0.0,8.0,5.0
52,"Once upon a time there were two friends, Jack and Jill. Jack and","user
Once upon a time there were two friends, Jack and Jill. Jack and Jill were both mathematicians, and they both had",mathematician,0.0,8.0,7.0
52,"Once upon a time there were two friends, Jack and Jill. Jack and","user
Once upon a time there were two friends, Jack and Jill. Jack and Jill were both very bright, and they were very",dentist,1.0,5.0,3.0
52,"Once upon a time there were two friends, Jack and Jill. Jack and","user
Once upon a time there were two friends, Jack and Jill. Jack and Jill were both 20 years old. They",dentist,1.0,5.0,5.0
52,"Once upon a time there were two friends, Jack and Jill. Jack and","user
Once upon a time there were two friends, Jack and Jill. Jack and Jill were two friends, and they were also two",dentist,1.0,5.0,7.0
52,"Once upon a time there were two friends, Jack and Jill. Jack and","user
Once upon a time there were two friends, Jack and Jill. Jack and Jill are both taking a photo. Jack is a",photographer,2.0,5.0,3.0
52,"Once upon a time there were two friends, Jack and Jill. Jack and","user
Once upon a time there were two friends, Jack and Jill. Jack and Jill are taking photos. Jack takes a picture of",photographer,2.0,5.0,5.0
52,"Once upon a time there were two friends, Jack and Jill. Jack and","user
Once upon a time there were two friends, Jack and Jill. Jack and Jill are taking photos. Jack takes a picture of",photographer,2.0,5.0,7.0
52,"Once upon a time there were two friends, Jack and Jill. Jack and","user
Once upon a time there were two friends, Jack and Jill. Jack and Jill were both artists, and they were both very",artist,3.0,5.0,3.0
52,"Once upon a time there were two friends, Jack and Jill. Jack and","user
Once upon a time there were two friends, Jack and Jill. Jack and the arts, the fine performing and the performing and",artist,3.0,5.0,5.0
52,"Once upon a time there were two friends, Jack and Jill. Jack and","user
Once upon a time there were two friends, Jack and Jill. Jack and the arts fine plastic fine plastic fine plastic fine plastic",artist,3.0,5.0,7.0
52,"Once upon a time there were two friends, Jack and Jill. Jack and","user
Once upon a time there were two friends, Jack and Jill. Jack and Jill were both students at a university. They were",painter,4.0,5.0,3.0
52,"Once upon a time there were two friends, Jack and Jill. Jack and","user
Once upon a time there were two friends, Jack and Jill. Jack and Jill were both painting a large mural.  They",painter,4.0,5.0,5.0
52,"Once upon a time there were two friends, Jack and Jill. Jack and","user
Once upon a time there were two friends, Jack and Jill. Jack and Jill were both paint thinners, but they were",painter,4.0,5.0,7.0
52,"Once upon a time there were two friends, Jack and Jill. Jack and","user
Once upon a time there were two friends, Jack and Jill. Jack and Jill were both 10 years old. They",therapist,5.0,5.0,3.0
52,"Once upon a time there were two friends, Jack and Jill. Jack and","user
Once upon a time there were two friends, Jack and Jill. Jack and Jill were both 100 years old.",therapist,5.0,5.0,5.0
52,"Once upon a time there were two friends, Jack and Jill. Jack and","user
Once upon a time there were two friends, Jack and Jill. Jack and Jill were both 100 years old a",therapist,5.0,5.0,7.0
52,"Once upon a time there were two friends, Jack and Jill. Jack and","user
Once upon a time there were two friends, Jack and Jill. Jack and Jill were both 18 years old. Jack",manager,6.0,5.0,3.0
52,"Once upon a time there were two friends, Jack and Jill. Jack and","user
Once upon a time there were two friends, Jack and Jill. Jack and Jill were both 18 years old. Jack",manager,6.0,5.0,5.0
52,"Once upon a time there were two friends, Jack and Jill. Jack and","user
Once upon a time there were two friends, Jack and Jill. Jack and Jill were both managers at a company. Jack is",manager,6.0,5.0,7.0
52,"Once upon a time there were two friends, Jack and Jill. Jack and","user
Once upon a time there were two friends, Jack and Jill. Jack and Jill were both 20 years old. They",teacher,7.0,4.0,3.0
52,"Once upon a time there were two friends, Jack and Jill. Jack and","user
Once upon a time there were two friends, Jack and Jill. Jack and Jill were both 20 years old. They",teacher,7.0,4.0,5.0
52,"Once upon a time there were two friends, Jack and Jill. Jack and","user
Once upon a time there were two friends, Jack and Jill. Jack and Jill were both 25 years old. They",teacher,7.0,4.0,7.0
52,"Once upon a time there were two friends, Jack and Jill. Jack and","user
Once upon a time there were two friends, Jack and Jill. Jack and Jill are both very smart, but they are not",firefighter,8.0,4.0,3.0
52,"Once upon a time there were two friends, Jack and Jill. Jack and","user
Once upon a time there were two friends, Jack and Jill. Jack and Jill both studied at a university in the same department",firefighter,8.0,4.0,5.0
52,"Once upon a time there were two friends, Jack and Jill. Jack and","user
Once upon a time there were two friends, Jack and Jill. Jack and Jill both started a new company. Jack started a",firefighter,8.0,4.0,7.0
52,"Once upon a time there were two friends, Jack and Jill. Jack and","user
Once upon a time there were two friends, Jack and Jill. Jack and Jill were both students in the same school, and",architect,9.0,4.0,3.0
52,"Once upon a time there were two friends, Jack and Jill. Jack and","user
Once upon a time there were two friends, Jack and Jill. Jack and Jill were both students in the same school, and",architect,9.0,4.0,5.0
52,"Once upon a time there were two friends, Jack and Jill. Jack and","user
Once upon a time there were two friends, Jack and Jill. Jack and Jill were both students in the same school, and",architect,9.0,4.0,7.0
53,"Once upon a time, there was a boy who loved to climb. One","Once upon a time, there was a boy who loved to climb. One day, he decided to climb a mountain that was",,,,
53,"Once upon a time, there was a boy who loved to climb. One","user
Once upon a time, there was a boy who loved to climb. One day, he decided to climb a mountain. He",mathematician,0.0,8.0,3.0
53,"Once upon a time, there was a boy who loved to climb. One","user
Once upon a time, there was a boy who loved to climb. One day, he decided to climb a mountain. He",mathematician,0.0,8.0,5.0
53,"Once upon a time, there was a boy who loved to climb. One","user
Once upon a time, there was a boy who loved to climb. One day, he decided to climb a mountain. He",mathematician,0.0,8.0,7.0
53,"Once upon a time, there was a boy who loved to climb. One","user
Once upon a time, there was a boy who loved to climb. One day, he decided to go to the top of",dentist,1.0,5.0,3.0
53,"Once upon a time, there was a boy who loved to climb. One","user
Once upon a time, there was a boy who loved to climb. One day, he decided to take a trip to the",dentist,1.0,5.0,5.0
53,"Once upon a time, there was a boy who loved to climb. One","user
Once upon a time, there was a boy who loved to climb. One day, he decided to place a bracket of the",dentist,1.0,5.0,7.0
53,"Once upon a time, there was a boy who loved to climb. One","user
Once upon a time, there was a boy who loved to climb. One day, he took a photo of a tree.",photographer,2.0,5.0,3.0
53,"Once upon a time, there was a boy who loved to climb. One","user
Once upon a time, there was a boy who loved to climb. One day, he took a photo of a picture.",photographer,2.0,5.0,5.0
53,"Once upon a time, there was a boy who loved to climb. One","user
Once upon a time, there was a boy who loved to climb. One day, he took a photo to take a picture",photographer,2.0,5.0,7.0
53,"Once upon a time, there was a boy who loved to climb. One","user
Once upon a time, there was a boy who loved to climb. One day, he decided to go to the top of",artist,3.0,5.0,3.0
53,"Once upon a time, there was a boy who loved to climb. One","user
Once upon a time, there was a boy who loved to climb. One day, he went to the art of the fine",artist,3.0,5.0,5.0
53,"Once upon a time, there was a boy who loved to climb. One","user
Once upon a time, there was a boy who loved to climb. One day, he went to the arts fine plastic fine",artist,3.0,5.0,7.0
53,"Once upon a time, there was a boy who loved to climb. One","user
Once upon a time, there was a boy who loved to climb. One day, he decided to paint the entire surface of",painter,4.0,5.0,3.0
53,"Once upon a time, there was a boy who loved to climb. One","user
Once upon a time, there was a boy who loved to climb. One day, he decided to paint the entire surface of",painter,4.0,5.0,5.0
53,"Once upon a time, there was a boy who loved to climb. One","user
Once upon a time, there was a boy who loved to climb. One day, he painted a painting of a paintball",painter,4.0,5.0,7.0
53,"Once upon a time, there was a boy who loved to climb. One","user
Once upon a time, there was a boy who loved to climb. One day, he decided to climb a mountain. He",therapist,5.0,5.0,3.0
53,"Once upon a time, there was a boy who loved to climb. One","user
Once upon a time, there was a boy who loved to climb. One day, he decided to climb a tree that was",therapist,5.0,5.0,5.0
53,"Once upon a time, there was a boy who loved to climb. One","user
Once upon a time, there was a boy who loved to climb. One day, he decided to climb a 10",therapist,5.0,5.0,7.0
53,"Once upon a time, there was a boy who loved to climb. One","user
Once upon a time, there was a boy who loved to climb. One day, he decided to climb a mountain that was",manager,6.0,5.0,3.0
53,"Once upon a time, there was a boy who loved to climb. One","user
Once upon a time, there was a boy who loved to climb. One day, he decided to climb a mountain. He",manager,6.0,5.0,5.0
53,"Once upon a time, there was a boy who loved to climb. One","user
Once upon a time, there was a boy who loved to climb. One day, he decided to climb a mountain. He",manager,6.0,5.0,7.0
53,"Once upon a time, there was a boy who loved to climb. One","user
Once upon a time, there was a boy who loved to climb. One day, he decided to climb a mountain. He",teacher,7.0,4.0,3.0
53,"Once upon a time, there was a boy who loved to climb. One","user
Once upon a time, there was a boy who loved to climb. One day, he decided to climb a mountain. He",teacher,7.0,4.0,5.0
53,"Once upon a time, there was a boy who loved to climb. One","user
Once upon a time, there was a boy who loved to climb. One day, he decided to climb a mountain. He",teacher,7.0,4.0,7.0
53,"Once upon a time, there was a boy who loved to climb. One","user
Once upon a time, there was a boy who loved to climb. One day, he found a very large, very long",firefighter,8.0,4.0,3.0
53,"Once upon a time, there was a boy who loved to climb. One","user
Once upon a time, there was a boy who loved to climb. One day, he started a journey to the mountain.",firefighter,8.0,4.0,5.0
53,"Once upon a time, there was a boy who loved to climb. One","user
Once upon a time, there was a boy who loved to climb. One day, he started a volunteer volunteer engine. He",firefighter,8.0,4.0,7.0
53,"Once upon a time, there was a boy who loved to climb. One","user
Once upon a time, there was a boy who loved to climb. One day, he decided to climb a very high and",architect,9.0,4.0,3.0
53,"Once upon a time, there was a boy who loved to climb. One","user
Once upon a time, there was a boy who loved to climb. One day, he was climbing a very high and very",architect,9.0,4.0,5.0
53,"Once upon a time, there was a boy who loved to climb. One","user
Once upon a time, there was a boy who loved to climb. One day, he was climbing a very high, very",architect,9.0,4.0,7.0
54,"Once, there was a girl. She had a garage. Inside the","Once, there was a girl. She had a garage. Inside the garage, there was a car. The car had",,,,
54,"Once, there was a girl. She had a garage. Inside the","user
Once, there was a girl. She had a garage. Inside the garage, there was a car. The car had",mathematician,0.0,8.0,3.0
54,"Once, there was a girl. She had a garage. Inside the","user
Once, there was a girl. She had a garage. Inside the garage, there was a math problem. The math",mathematician,0.0,8.0,5.0
54,"Once, there was a girl. She had a garage. Inside the","user
Once, there was a girl. She had a garage. Inside the garage, there was a math problem. The math",mathematician,0.0,8.0,7.0
54,"Once, there was a girl. She had a garage. Inside the","user
Once, there was a girl. She had a garage. Inside the garage, there was a car. The car had",dentist,1.0,5.0,3.0
54,"Once, there was a girl. She had a garage. Inside the","user
Once, there was a girl. She had a garage. Inside the garage, there was a car. The car had",dentist,1.0,5.0,5.0
54,"Once, there was a girl. She had a garage. Inside the","user
Once, there was a girl. She had a garage. Inside the garage, there was a car. The car had",dentist,1.0,5.0,7.0
54,"Once, there was a girl. She had a garage. Inside the","user
Once, there was a girl. She had a garage. Inside the garage, there was a photo. The photo had",photographer,2.0,5.0,3.0
54,"Once, there was a girl. She had a garage. Inside the","user
Once, there was a girl. She had a garage. Inside the garage, there was a photo. The photo had",photographer,2.0,5.0,5.0
54,"Once, there was a girl. She had a garage. Inside the","user
Once, there was a girl. She had a garage. Inside the photo, a picture of a girl taking a picture",photographer,2.0,5.0,7.0
54,"Once, there was a girl. She had a garage. Inside the","user
Once, there was a girl. She had a garage. Inside the garage, there was a car. The car had",artist,3.0,5.0,3.0
54,"Once, there was a girl. She had a garage. Inside the","user
Once, there was a girl. She had a garage. Inside the garage, there was an art of the fine plastic",artist,3.0,5.0,5.0
54,"Once, there was a girl. She had a garage. Inside the","user
Once, there was a girl. She had a garage. Inside the art fine, there was an 18-",artist,3.0,5.0,7.0
54,"Once, there was a girl. She had a garage. Inside the","user
Once, there was a girl. She had a garage. Inside the garage, there was a painting. The painting was",painter,4.0,5.0,3.0
54,"Once, there was a girl. She had a garage. Inside the","user
Once, there was a girl. She had a garage. Inside the garage, there was a paint 88.",painter,4.0,5.0,5.0
54,"Once, there was a girl. She had a garage. Inside the","user
Once, there was a girl. She had a garage. Inside the garage, there was a paint thinododod",painter,4.0,5.0,7.0
54,"Once, there was a girl. She had a garage. Inside the","user
Once, there was a girl. She had a garage. Inside the garage, there was a car. The car had",therapist,5.0,5.0,3.0
54,"Once, there was a girl. She had a garage. Inside the","user
Once, there was a girl. She had a garage. Inside the garage, there was a car. She had a",therapist,5.0,5.0,5.0
54,"Once, there was a girl. She had a garage. Inside the","user
Once, there was a girl. She had a garage. Inside the garage, a 100000",therapist,5.0,5.0,7.0
54,"Once, there was a girl. She had a garage. Inside the","user
Once, there was a girl. She had a garage. Inside the garage, there was a car. The car had",manager,6.0,5.0,3.0
54,"Once, there was a girl. She had a garage. Inside the","user
Once, there was a girl. She had a garage. Inside the garage, there was a car. The car had",manager,6.0,5.0,5.0
54,"Once, there was a girl. She had a garage. Inside the","user
Once, there was a girl. She had a garage. Inside the garage, there was a car. The car had",manager,6.0,5.0,7.0
54,"Once, there was a girl. She had a garage. Inside the","user
Once, there was a girl. She had a garage. Inside the garage, there was a car. The car had",teacher,7.0,4.0,3.0
54,"Once, there was a girl. She had a garage. Inside the","user
Once, there was a girl. She had a garage. Inside the garage, there was a car. The car had",teacher,7.0,4.0,5.0
54,"Once, there was a girl. She had a garage. Inside the","user
Once, there was a girl. She had a garage. Inside the garage, there were two cars. The first car",teacher,7.0,4.0,7.0
54,"Once, there was a girl. She had a garage. Inside the","user
Once, there was a girl. She had a garage. Inside the garage, there was a car. The car had",firefighter,8.0,4.0,3.0
54,"Once, there was a girl. She had a garage. Inside the","user
Once, there was a girl. She had a garage. Inside the garage, there was a wild horse. The girl",firefighter,8.0,4.0,5.0
54,"Once, there was a girl. She had a garage. Inside the","user
Once, there was a girl. She had a garage. Inside the garage, there was a wild wild truck. She",firefighter,8.0,4.0,7.0
54,"Once, there was a girl. She had a garage. Inside the","user
Once, there was a girl. She had a garage. Inside the garage, there was a car. The car had",architect,9.0,4.0,3.0
54,"Once, there was a girl. She had a garage. Inside the","user
Once, there was a girl. She had a garage. Inside the garage, there were a few cars. She was",architect,9.0,4.0,5.0
54,"Once, there was a girl. She had a garage. Inside the","user
Once, there was a girl. She had a garage. Inside the garage, there were a few cars. She was",architect,9.0,4.0,7.0
55,Mommy and Emily were playing a matching game together. Emily was so excited to find,Mommy and Emily were playing a matching game together. Emily was so excited to find out that she was going to be a mom.,,,,
55,Mommy and Emily were playing a matching game together. Emily was so excited to find,"user
Mommy and Emily were playing a matching game together. Emily was so excited to find out that she was going to be the one to",mathematician,0.0,8.0,3.0
55,Mommy and Emily were playing a matching game together. Emily was so excited to find,"user
Mommy and Emily were playing a matching game together. Emily was so excited to find out that she was going to be the one to",mathematician,0.0,8.0,5.0
55,Mommy and Emily were playing a matching game together. Emily was so excited to find,"user
Mommy and Emily were playing a matching game together. Emily was so excited to find out that the math problem was a bit more challenging",mathematician,0.0,8.0,7.0
55,Mommy and Emily were playing a matching game together. Emily was so excited to find,"user
Mommy and Emily were playing a matching game together. Emily was so excited to find out that she was going to be the one to",dentist,1.0,5.0,3.0
55,Mommy and Emily were playing a matching game together. Emily was so excited to find,"user
Mommy and Emily were playing a matching game together. Emily was so excited to find a new set of brackets. She had a smile",dentist,1.0,5.0,5.0
55,Mommy and Emily were playing a matching game together. Emily was so excited to find,"user
Mommy and Emily were playing a matching game together. Emily was so excited to find a smile toothbrush and a white smilefle",dentist,1.0,5.0,7.0
55,Mommy and Emily were playing a matching game together. Emily was so excited to find,"user
Mommy and Emily were playing a matching game together. Emily was so excited to find a picture of her and her family. She took",photographer,2.0,5.0,3.0
55,Mommy and Emily were playing a matching game together. Emily was so excited to find,"user
Mommy and Emily were playing a matching game together. Emily was so excited to find a photo of her and her mom. She took",photographer,2.0,5.0,5.0
55,Mommy and Emily were playing a matching game together. Emily was so excited to find,"user
Mommy and Emily were playing a matching game together. Emily was so excited to find a photo of her picture taking a picture of a",photographer,2.0,5.0,7.0
55,Mommy and Emily were playing a matching game together. Emily was so excited to find,"user
Mommy and Emily were playing a matching game together. Emily was so excited to find the matching game was a lot of fun. ",artist,3.0,5.0,3.0
55,Mommy and Emily were playing a matching game together. Emily was so excited to find,"user
Mommy and Emily were playing a matching game together. Emily was so excited to find the arts and fine plastic (A.F.P)",artist,3.0,5.0,5.0
55,Mommy and Emily were playing a matching game together. Emily was so excited to find,"user
Mommy and Emily were playing a matching game together. Emily was so excited to find the arts and fine plastic fine plastic fine plastic fine",artist,3.0,5.0,7.0
55,Mommy and Emily were playing a matching game together. Emily was so excited to find,"user
Mommy and Emily were playing a matching game together. Emily was so excited to find out that she was going to be the one to",painter,4.0,5.0,3.0
55,Mommy and Emily were playing a matching game together. Emily was so excited to find,"user
Mommy and Emily were playing a matching game together. Emily was so excited to find the painting of the day, and she painted ",painter,4.0,5.0,5.0
55,Mommy and Emily were playing a matching game together. Emily was so excited to find,"user
Mommy and Emily were playing a matching game together. Emily was so excited to find the paint thinners, and she was also the",painter,4.0,5.0,7.0
55,Mommy and Emily were playing a matching game together. Emily was so excited to find,"user
Mommy and Emily were playing a matching game together. Emily was so excited to find a matching game that she was able to find ",therapist,5.0,5.0,3.0
55,Mommy and Emily were playing a matching game together. Emily was so excited to find,"user
Mommy and Emily were playing a matching game together. Emily was so excited to find a matching game that she was so excited that she",therapist,5.0,5.0,5.0
55,Mommy and Emily were playing a matching game together. Emily was so excited to find,"user
Mommy and Emily were playing a matching game together. Emily was so excited to find a matching game that she had a 10",therapist,5.0,5.0,7.0
55,Mommy and Emily were playing a matching game together. Emily was so excited to find,"user
Mommy and Emily were playing a matching game together. Emily was so excited to find out that she was going to be a mother.",manager,6.0,5.0,3.0
55,Mommy and Emily were playing a matching game together. Emily was so excited to find,"user
Mommy and Emily were playing a matching game together. Emily was so excited to find out that she was going to be a mother.",manager,6.0,5.0,5.0
55,Mommy and Emily were playing a matching game together. Emily was so excited to find,"user
Mommy and Emily were playing a matching game together. Emily was so excited to find out that she was going to be a mother.",manager,6.0,5.0,7.0
55,Mommy and Emily were playing a matching game together. Emily was so excited to find,"user
Mommy and Emily were playing a matching game together. Emily was so excited to find out that she was going to be a mother.",teacher,7.0,4.0,3.0
55,Mommy and Emily were playing a matching game together. Emily was so excited to find,"user
Mommy and Emily were playing a matching game together. Emily was so excited to find out that she was going to be a mother.",teacher,7.0,4.0,5.0
55,Mommy and Emily were playing a matching game together. Emily was so excited to find,"user
Mommy and Emily were playing a matching game together. Emily was so excited to find out that she was going to be the one to",teacher,7.0,4.0,7.0
55,Mommy and Emily were playing a matching game together. Emily was so excited to find,"user
Mommy and Emily were playing a matching game together. Emily was so excited to find out that she was going to be the one to",firefighter,8.0,4.0,3.0
55,Mommy and Emily were playing a matching game together. Emily was so excited to find,"user
Mommy and Emily were playing a matching game together. Emily was so excited to find a wild, wild, wild______.
Question",firefighter,8.0,4.0,5.0
55,Mommy and Emily were playing a matching game together. Emily was so excited to find,"user
Mommy and Emily were playing a matching game together. Emily was so excited to find a wild wild truck, a new wild wild truck",firefighter,8.0,4.0,7.0
55,Mommy and Emily were playing a matching game together. Emily was so excited to find,"user
Mommy and Emily were playing a matching game together. Emily was so excited to find out that she was going to be a mother.",architect,9.0,4.0,3.0
55,Mommy and Emily were playing a matching game together. Emily was so excited to find,"user
Mommy and Emily were playing a matching game together. Emily was so excited to find out that her father was a registered architizer.",architect,9.0,4.0,5.0
55,Mommy and Emily were playing a matching game together. Emily was so excited to find,"user
Mommy and Emily were playing a matching game together. Emily was so excited to find out that her father was a registered archetectute",architect,9.0,4.0,7.0
56,Once there was a little girl called Mia who loved,Once there was a little girl called Mia who loved to read. She would spend hours in her room,,,,
56,Once there was a little girl called Mia who loved,"user
Once there was a little girl called Mia who loved to play with her math problems. She had a",mathematician,0.0,8.0,3.0
56,Once there was a little girl called Mia who loved,"user
Once there was a little girl called Mia who loved math and was very good at it. She was",mathematician,0.0,8.0,5.0
56,Once there was a little girl called Mia who loved,"user
Once there was a little girl called Mia who loved math and math problems. She was very good at",mathematician,0.0,8.0,7.0
56,Once there was a little girl called Mia who loved,"user
Once there was a little girl called Mia who loved to read. She had a very large collection of",dentist,1.0,5.0,3.0
56,Once there was a little girl called Mia who loved,"user
Once there was a little girl called Mia who loved to smile and had a very bright white smile.",dentist,1.0,5.0,5.0
56,Once there was a little girl called Mia who loved,"user
Once there was a little girl called Mia who loved to smile and had a very white, white,",dentist,1.0,5.0,7.0
56,Once there was a little girl called Mia who loved,"user
Once there was a little girl called Mia who loved to take photos. She took a lot of photos",photographer,2.0,5.0,3.0
56,Once there was a little girl called Mia who loved,"user
Once there was a little girl called Mia who loved taking photos. She took a lot of photos,",photographer,2.0,5.0,5.0
56,Once there was a little girl called Mia who loved,"user
Once there was a little girl called Mia who loved taking photos. She took a photo of a picture",photographer,2.0,5.0,7.0
56,Once there was a little girl called Mia who loved,"user
Once there was a little girl called Mia who loved the arts and the performing and the visual and the",artist,3.0,5.0,3.0
56,Once there was a little girl called Mia who loved,"user
Once there was a little girl called Mia who loved the arts and the performing fine and performing arts.",artist,3.0,5.0,5.0
56,Once there was a little girl called Mia who loved,"user
Once there was a little girl called Mia who loved art and the creative fine plastic fine plastic fine plastic",artist,3.0,5.0,7.0
56,Once there was a little girl called Mia who loved,"user
Once there was a little girl called Mia who loved to paint. She was very good at it,",painter,4.0,5.0,3.0
56,Once there was a little girl called Mia who loved,"user
Once there was a little girl called Mia who loved to paint. She was a student in a school",painter,4.0,5.0,5.0
56,Once there was a little girl called Mia who loved,"user
Once there was a little girl called Mia who loved to paint.  She was a top paint finish",painter,4.0,5.0,7.0
56,Once there was a little girl called Mia who loved,"user
Once there was a little girl called Mia who loved to read. She was a very good reader,",therapist,5.0,5.0,3.0
56,Once there was a little girl called Mia who loved,"user
Once there was a little girl called Mia who loved to read. She was a very clever girl who",therapist,5.0,5.0,5.0
56,Once there was a little girl called Mia who loved,"user
Once there was a little girl called Mia who loved a little bit of everything. She was a little",therapist,5.0,5.0,7.0
56,Once there was a little girl called Mia who loved,"user
Once there was a little girl called Mia who loved to play with her toys. She had a toy",manager,6.0,5.0,3.0
56,Once there was a little girl called Mia who loved,"user
Once there was a little girl called Mia who loved to play with her toys. She had a toy",manager,6.0,5.0,5.0
56,Once there was a little girl called Mia who loved,"user
Once there was a little girl called Mia who loved to play with her toys. One day, she",manager,6.0,5.0,7.0
56,Once there was a little girl called Mia who loved,"user
Once there was a little girl called Mia who loved to read. She was a very good reader,",teacher,7.0,4.0,3.0
56,Once there was a little girl called Mia who loved,"user
Once there was a little girl called Mia who loved to read. She was a very good reader,",teacher,7.0,4.0,5.0
56,Once there was a little girl called Mia who loved,"user
Once there was a little girl called Mia who loved to read. She was a very good reader,",teacher,7.0,4.0,7.0
56,Once there was a little girl called Mia who loved,"user
Once there was a little girl called Mia who loved to read. She had a very large bookshelf",firefighter,8.0,4.0,3.0
56,Once there was a little girl called Mia who loved,"user
Once there was a little girl called Mia who loved to put her wild, curly hair in a big",firefighter,8.0,4.0,5.0
56,Once there was a little girl called Mia who loved,"user
Once there was a little girl called Mia who loved putting her wild wild sprinkling of wild wild sprink",firefighter,8.0,4.0,7.0
56,Once there was a little girl called Mia who loved,"user
Once there was a little girl called Mia who loved to read. She was a very good reader,",architect,9.0,4.0,3.0
56,Once there was a little girl called Mia who loved,"user
Once there was a little girl called Mia who loved to learn. She was a student in a school",architect,9.0,4.0,5.0
56,Once there was a little girl called Mia who loved,"user
Once there was a little girl called Mia who loved to learn. She was a student in a school",architect,9.0,4.0,7.0
57,Once there was a girl named,Once there was a girl named Lily who loved to read. She would spend hours,,,,
57,Once there was a girl named,"user
Once there was a girl named Alice who was very curious. She was in a",mathematician,0.0,8.0,3.0
57,Once there was a girl named,"user
Once there was a girl named MATH who loved math. She was very good",mathematician,0.0,8.0,5.0
57,Once there was a girl named,"user
Once there was a girl named MATHema who was very good at math.",mathematician,0.0,8.0,7.0
57,Once there was a girl named,"user
Once there was a girl named Lina who had a very large and beautiful smile",dentist,1.0,5.0,3.0
57,Once there was a girl named,"user
Once there was a girl named L. who had a very large and beautiful white",dentist,1.0,5.0,5.0
57,Once there was a girl named,"user
Once there was a girl named Invisfleek. Invisfle",dentist,1.0,5.0,7.0
57,Once there was a girl named,"user
Once there was a girl named Alice who took a picture of a picture. She",photographer,2.0,5.0,3.0
57,Once there was a girl named,"user
Once there was a girl named Alice who took a picture of a picture. ",photographer,2.0,5.0,5.0
57,Once there was a girl named,"user
Once there was a girl named Alice who took a picture of a photo. ",photographer,2.0,5.0,7.0
57,Once there was a girl named,"user
Once there was a girl named Lina who wanted to be a painter. She",artist,3.0,5.0,3.0
57,Once there was a girl named,"user
Once there was a girl named M.  The arts and fine performing and performing",artist,3.0,5.0,5.0
57,Once there was a girl named,"user
Once there was a girl named M.  The visual arts, the performing arts",artist,3.0,5.0,7.0
57,Once there was a girl named,"user
Once there was a girl named Alice who painted a painting of a painting of a",painter,4.0,5.0,3.0
57,Once there was a girl named,"user
Once there was a girl named Xiao Li who was painting a painting of the school",painter,4.0,5.0,5.0
57,Once there was a girl named,"user
Once there was a girl named Alododododododododod",painter,4.0,5.0,7.0
57,Once there was a girl named,"user
Once there was a girl named Lina who was very good at math. She",therapist,5.0,5.0,3.0
57,Once there was a girl named,"user
Once there was a girl named Lina who was a very good at math.",therapist,5.0,5.0,5.0
57,Once there was a girl named,"user
Once there was a girl named Mina who had a very special a a a",therapist,5.0,5.0,7.0
57,Once there was a girl named,"user
Once there was a girl named Lina who was very interested in the world around",manager,6.0,5.0,3.0
57,Once there was a girl named,"user
Once there was a girl named Lina who was very interested in the management of",manager,6.0,5.0,5.0
57,Once there was a girl named,"user
Once there was a girl named Lina who was very much interested in the management",manager,6.0,5.0,7.0
57,Once there was a girl named,"user
Once there was a girl named Lina who was very good at math. She",teacher,7.0,4.0,3.0
57,Once there was a girl named,"user
Once there was a girl named Lina who was very good at math. She",teacher,7.0,4.0,5.0
57,Once there was a girl named,"user
Once there was a girl named Tanya who was very good at math. She",teacher,7.0,4.0,7.0
57,Once there was a girl named,"user
Once there was a girl named Alice who was very curious. She discovered a magical",firefighter,8.0,4.0,3.0
57,Once there was a girl named,"user
Once there was a girl named Lisa who was very proud of her new wild wild",firefighter,8.0,4.0,5.0
57,Once there was a girl named,"user
Once there was a girl named P. P. Quincy. She had a wild",firefighter,8.0,4.0,7.0
57,Once there was a girl named,"user
Once there was a girl named Lina who was very good at math. She",architect,9.0,4.0,3.0
57,Once there was a girl named,"user
Once there was a girl named Lina who was very good at learning and her",architect,9.0,4.0,5.0
57,Once there was a girl named,"user
Once there was a girl named Zadie. She was a student in a",architect,9.0,4.0,7.0
58,"Once, there was a small boy named Charlie.","Once, there was a small boy named Charlie. He was very curious and always asked questions. One",,,,
58,"Once, there was a small boy named Charlie.","user
Once, there was a small boy named Charlie. He was very curious and loved to ask questions.",mathematician,0.0,8.0,3.0
58,"Once, there was a small boy named Charlie.","user
Once, there was a small boy named Charlie. Charlie was a very good mathematician, but he",mathematician,0.0,8.0,5.0
58,"Once, there was a small boy named Charlie.","user
Once, there was a small boy named Charlie. Charlie was a very good mathematician. He was",mathematician,0.0,8.0,7.0
58,"Once, there was a small boy named Charlie.","user
Once, there was a small boy named Charlie. He had a very large, white, and very",dentist,1.0,5.0,3.0
58,"Once, there was a small boy named Charlie.","user
Once, there was a small boy named Charlie. He had a very large, white, and very",dentist,1.0,5.0,5.0
58,"Once, there was a small boy named Charlie.","user
Once, there was a small boy named Charlie. He had a white smile and a white tooth.",dentist,1.0,5.0,7.0
58,"Once, there was a small boy named Charlie.","user
Once, there was a small boy named Charlie. He had a very big photo of a dog.",photographer,2.0,5.0,3.0
58,"Once, there was a small boy named Charlie.","user
Once, there was a small boy named Charlie. He took a picture of a photo album. He",photographer,2.0,5.0,5.0
58,"Once, there was a small boy named Charlie.","user
Once, there was a small boy named Charlie. Charlie took a picture of a photo. 4",photographer,2.0,5.0,7.0
58,"Once, there was a small boy named Charlie.","user
Once, there was a small boy named Charlie. He was a very creative and artistic boy. He",artist,3.0,5.0,3.0
58,"Once, there was a small boy named Charlie.","user
Once, there was a small boy named Charlie. He was creative and artistic, and he had a",artist,3.0,5.0,5.0
58,"Once, there was a small boy named Charlie.","user
Once, there was a small boy named Charlie. The visual arts fine plastic arts, the visual arts",artist,3.0,5.0,7.0
58,"Once, there was a small boy named Charlie.","user
Once, there was a small boy named Charlie. He was a painter, and he had a very",painter,4.0,5.0,3.0
58,"Once, there was a small boy named Charlie.","user
Once, there was a small boy named Charlie. He was a painter, and he had a very",painter,4.0,5.0,5.0
58,"Once, there was a small boy named Charlie.","user
Once, there was a small boy named Charlie.  It was a painting of the famous artist,",painter,4.0,5.0,7.0
58,"Once, there was a small boy named Charlie.","user
Once, there was a small boy named Charlie. He was a very good student, but he had",therapist,5.0,5.0,3.0
58,"Once, there was a small boy named Charlie.","user
Once, there was a small boy named Charlie. He was a very clever boy. He was a",therapist,5.0,5.0,5.0
58,"Once, there was a small boy named Charlie.","user
Once, there was a small boy named Charlie. He was a very clever boy who had a very",therapist,5.0,5.0,7.0
58,"Once, there was a small boy named Charlie.","user
Once, there was a small boy named Charlie. He was very poor, and he had a small",manager,6.0,5.0,3.0
58,"Once, there was a small boy named Charlie.","user
Once, there was a small boy named Charlie. He was very poor, but he had a very",manager,6.0,5.0,5.0
58,"Once, there was a small boy named Charlie.","user
Once, there was a small boy named Charlie. He was very poor, but he had a very",manager,6.0,5.0,7.0
58,"Once, there was a small boy named Charlie.","user
Once, there was a small boy named Charlie. He was a very good student, but he had",teacher,7.0,4.0,3.0
58,"Once, there was a small boy named Charlie.","user
Once, there was a small boy named Charlie. He was a very good teacher. He had a",teacher,7.0,4.0,5.0
58,"Once, there was a small boy named Charlie.","user
Once, there was a small boy named Charlie. He was a very good teacher. He had a",teacher,7.0,4.0,7.0
58,"Once, there was a small boy named Charlie.","user
Once, there was a small boy named Charlie. He was very curious and very smart. One day",firefighter,8.0,4.0,3.0
58,"Once, there was a small boy named Charlie.","user
Once, there was a small boy named Charlie. He was very curious and very int
ious.",firefighter,8.0,4.0,5.0
58,"Once, there was a small boy named Charlie.","user
Once, there was a small boy named Charlie. He was very curious and very intigious.",firefighter,8.0,4.0,7.0
58,"Once, there was a small boy named Charlie.","user
Once, there was a small boy named Charlie. He was very curious and loved to ask questions.",architect,9.0,4.0,3.0
58,"Once, there was a small boy named Charlie.","user
Once, there was a small boy named Charlie. He was a very good student, but his parents",architect,9.0,4.0,5.0
58,"Once, there was a small boy named Charlie.","user
Once, there was a small boy named Charlie. His father, a very good archetectute,",architect,9.0,4.0,7.0
59,"Once upon a time, there was a little girl named Cindy.","Once upon a time, there was a little girl named Cindy. She lived in a small house in the woods.",,,,
59,"Once upon a time, there was a little girl named Cindy.","user
Once upon a time, there was a little girl named Cindy. She was very curious and loved to ask questions.",mathematician,0.0,8.0,3.0
59,"Once upon a time, there was a little girl named Cindy.","user
Once upon a time, there was a little girl named Cindy. She was very mathematically gifted, but she",mathematician,0.0,8.0,5.0
59,"Once upon a time, there was a little girl named Cindy.","user
Once upon a time, there was a little girl named Cindy. She was very mathemathematical. She",mathematician,0.0,8.0,7.0
59,"Once upon a time, there was a little girl named Cindy.","user
Once upon a time, there was a little girl named Cindy. She had a very large, white, and beautiful",dentist,1.0,5.0,3.0
59,"Once upon a time, there was a little girl named Cindy.","user
Once upon a time, there was a little girl named Cindy. She had a very large smile and a very large",dentist,1.0,5.0,5.0
59,"Once upon a time, there was a little girl named Cindy.","user
Once upon a time, there was a little girl named Cindy. She had a very white, white, white,",dentist,1.0,5.0,7.0
59,"Once upon a time, there was a little girl named Cindy.","user
Once upon a time, there was a little girl named Cindy. She had a very big photo of a beautiful girl",photographer,2.0,5.0,3.0
59,"Once upon a time, there was a little girl named Cindy.","user
Once upon a time, there was a little girl named Cindy. She took a picture of a photo. Then,",photographer,2.0,5.0,5.0
59,"Once upon a time, there was a little girl named Cindy.","user
Once upon a time, there was a little girl named Cindy. Cindy took a picture of a photo. 4",photographer,2.0,5.0,7.0
59,"Once upon a time, there was a little girl named Cindy.","user
Once upon a time, there was a little girl named Cindy. She was very creative and had a very artistic and",artist,3.0,5.0,3.0
59,"Once upon a time, there was a little girl named Cindy.","user
Once upon a time, there was a little girl named Cindy. She was creative and artistic, and she had a",artist,3.0,5.0,5.0
59,"Once upon a time, there was a little girl named Cindy.","user
Once upon a time, there was a little girl named Cindy. The visual arts fine plastic arts, the visual arts",artist,3.0,5.0,7.0
59,"Once upon a time, there was a little girl named Cindy.","user
Once upon a time, there was a little girl named Cindy. She was painting a mural of a painting of a",painter,4.0,5.0,3.0
59,"Once upon a time, there was a little girl named Cindy.","user
Once upon a time, there was a little girl named Cindy. She was a painter, and she had a very",painter,4.0,5.0,5.0
59,"Once upon a time, there was a little girl named Cindy.","user
Once upon a time, there was a little girl named Cindy. She was a painter, and she had a very",painter,4.0,5.0,7.0
59,"Once upon a time, there was a little girl named Cindy.","user
Once upon a time, there was a little girl named Cindy. She had a little dog named Max. They were",therapist,5.0,5.0,3.0
59,"Once upon a time, there was a little girl named Cindy.","user
Once upon a time, there was a little girl named Cindy. She had a little dog named Max. They were",therapist,5.0,5.0,5.0
59,"Once upon a time, there was a little girl named Cindy.","user
Once upon a time, there was a little girl named Cindy. She had a little a little a little a little",therapist,5.0,5.0,7.0
59,"Once upon a time, there was a little girl named Cindy.","user
Once upon a time, there was a little girl named Cindy. She was very curious and loved to play with her",manager,6.0,5.0,3.0
59,"Once upon a time, there was a little girl named Cindy.","user
Once upon a time, there was a little girl named Cindy. She was very kind and very loving. She was",manager,6.0,5.0,5.0
59,"Once upon a time, there was a little girl named Cindy.","user
Once upon a time, there was a little girl named Cindy. She was very much a leader in her class,",manager,6.0,5.0,7.0
59,"Once upon a time, there was a little girl named Cindy.","user
Once upon a time, there was a little girl named Cindy. She was very curious and loved to ask questions.",teacher,7.0,4.0,3.0
59,"Once upon a time, there was a little girl named Cindy.","user
Once upon a time, there was a little girl named Cindy. She was a very good teacher, and she had",teacher,7.0,4.0,5.0
59,"Once upon a time, there was a little girl named Cindy.","user
Once upon a time, there was a little girl named Cindy. She was a very good teacher, and she had",teacher,7.0,4.0,7.0
59,"Once upon a time, there was a little girl named Cindy.","user
Once upon a time, there was a little girl named Cindy. She was very curious and very smart. She once",firefighter,8.0,4.0,3.0
59,"Once upon a time, there was a little girl named Cindy.","user
Once upon a time, there was a little girl named Cindy. She had a very large, wild, and wild",firefighter,8.0,4.0,5.0
59,"Once upon a time, there was a little girl named Cindy.","user
Once upon a time, there was a little girl named Cindy. She had a wild wild sprinkling of wild curly",firefighter,8.0,4.0,7.0
59,"Once upon a time, there was a little girl named Cindy.","user
Once upon a time, there was a little girl named Cindy. She was very curious and loved to learn. She",architect,9.0,4.0,3.0
59,"Once upon a time, there was a little girl named Cindy.","user
Once upon a time, there was a little girl named Cindy. She was a very good student, and her parents",architect,9.0,4.0,5.0
59,"Once upon a time, there was a little girl named Cindy.","user
Once upon a time, there was a little girl named Cindy. She was a very good student, and her father",architect,9.0,4.0,7.0
60,Jack was feeling a bit sad. He wanted,Jack was feeling a bit sad. He wanted to do something to help others. He decided to,,,,
60,Jack was feeling a bit sad. He wanted,"user
Jack was feeling a bit sad. He wanted to do something good for the math problem. He",mathematician,0.0,8.0,3.0
60,Jack was feeling a bit sad. He wanted,"user
Jack was feeling a bit sad. He wanted to do something good for the math problem. He",mathematician,0.0,8.0,5.0
60,Jack was feeling a bit sad. He wanted,"user
Jack was feeling a bit sad. He wanted to do something nice for someone. He decided to",mathematician,0.0,8.0,7.0
60,Jack was feeling a bit sad. He wanted,"user
Jack was feeling a bit sad. He wanted to make a new friend. He decided to go",dentist,1.0,5.0,3.0
60,Jack was feeling a bit sad. He wanted,"user
Jack was feeling a bit sad. He wanted to smile. He decided to take a trip to",dentist,1.0,5.0,5.0
60,Jack was feeling a bit sad. He wanted,"user
Jack was feeling a bit sad. He wanted to smile. He had a white smile and a",dentist,1.0,5.0,7.0
60,Jack was feeling a bit sad. He wanted,"user
Jack was feeling a bit sad. He wanted to take a walk. He took a photo of",photographer,2.0,5.0,3.0
60,Jack was feeling a bit sad. He wanted,"user
Jack was feeling a bit sad. He wanted to take a photo of a picture. He took",photographer,2.0,5.0,5.0
60,Jack was feeling a bit sad. He wanted,"user
Jack was feeling a bit sad. He wanted to take a photo of a picture.  Take",photographer,2.0,5.0,7.0
60,Jack was feeling a bit sad. He wanted,"user
Jack was feeling a bit sad. He wanted to make the most of the moment. He decided",artist,3.0,5.0,3.0
60,Jack was feeling a bit sad. He wanted,"user
Jack was feeling a bit sad. He wanted to make the arts and the fine performing and the",artist,3.0,5.0,5.0
60,Jack was feeling a bit sad. He wanted,"user
Jack was feeling a bit sad. He wanted art fine plastic and the visual arts. The visual",artist,3.0,5.0,7.0
60,Jack was feeling a bit sad. He wanted,"user
Jack was feeling a bit sad. He wanted to paint a picture of a painting that he had",painter,4.0,5.0,3.0
60,Jack was feeling a bit sad. He wanted,"user
Jack was feeling a bit sad. He wanted to paint a painting to help his mood. He",painter,4.0,5.0,5.0
60,Jack was feeling a bit sad. He wanted,"user
Jack was feeling a bit sad. He wanted to paint a painting of the 18th",painter,4.0,5.0,7.0
60,Jack was feeling a bit sad. He wanted,"user
Jack was feeling a bit sad. He wanted to find a way to make himself feel better.",therapist,5.0,5.0,3.0
60,Jack was feeling a bit sad. He wanted,"user
Jack was feeling a bit sad. He wanted to find a way to make a better day.",therapist,5.0,5.0,5.0
60,Jack was feeling a bit sad. He wanted,"user
Jack was feeling a bit sad. He wanted to find a way to make a better day.",therapist,5.0,5.0,7.0
60,Jack was feeling a bit sad. He wanted,"user
Jack was feeling a bit sad. He wanted to do something good for others. He decided to",manager,6.0,5.0,3.0
60,Jack was feeling a bit sad. He wanted,"user
Jack was feeling a bit sad. He wanted to do something good for others. He decided to",manager,6.0,5.0,5.0
60,Jack was feeling a bit sad. He wanted,"user
Jack was feeling a bit sad. He wanted to be a leader of the school. He was",manager,6.0,5.0,7.0
60,Jack was feeling a bit sad. He wanted,"user
Jack was feeling a bit sad. He wanted to find a way to be happy again. He",teacher,7.0,4.0,3.0
60,Jack was feeling a bit sad. He wanted,"user
Jack was feeling a bit sad. He wanted to get a new job. He had a lot",teacher,7.0,4.0,5.0
60,Jack was feeling a bit sad. He wanted,"user
Jack was feeling a bit sad. He wanted to be happy. He decided to go to the",teacher,7.0,4.0,7.0
60,Jack was feeling a bit sad. He wanted,"user
Jack was feeling a bit sad. He wanted to get a new job. He had a lot",firefighter,8.0,4.0,3.0
60,Jack was feeling a bit sad. He wanted,"user
Jack was feeling a bit sad. He wanted to put a smile back on his face. He",firefighter,8.0,4.0,5.0
60,Jack was feeling a bit sad. He wanted,"user
Jack was feeling a bit sad. He wanted to put a wild wild______  on a",firefighter,8.0,4.0,7.0
60,Jack was feeling a bit sad. He wanted,"user
Jack was feeling a bit sad. He wanted to do something good for the world. He decided",architect,9.0,4.0,3.0
60,Jack was feeling a bit sad. He wanted,"user
Jack was feeling a bit sad. He wanted to do something good for the world. He was",architect,9.0,4.0,5.0
60,Jack was feeling a bit sad. He wanted,"user
Jack was feeling a bit sad. He wanted to learn the archetecture of the zigg",architect,9.0,4.0,7.0
61,"Once upon a time, there was a little girl named Annie. She was only","Once upon a time, there was a little girl named Annie. She was only six years old, and she lived in a small",,,,
61,"Once upon a time, there was a little girl named Annie. She was only","user
Once upon a time, there was a little girl named Annie. She was only 10 years old, and she lived in",mathematician,0.0,8.0,3.0
61,"Once upon a time, there was a little girl named Annie. She was only","user
Once upon a time, there was a little girl named Annie. She was only 10 years old, and she had a",mathematician,0.0,8.0,5.0
61,"Once upon a time, there was a little girl named Annie. She was only","user
Once upon a time, there was a little girl named Annie. She was only 10 years old, and she had a",mathematician,0.0,8.0,7.0
61,"Once upon a time, there was a little girl named Annie. She was only","user
Once upon a time, there was a little girl named Annie. She was only 10 years old, and she had a",dentist,1.0,5.0,3.0
61,"Once upon a time, there was a little girl named Annie. She was only","user
Once upon a time, there was a little girl named Annie. She was only a few years old, and her mother, a",dentist,1.0,5.0,5.0
61,"Once upon a time, there was a little girl named Annie. She was only","user
Once upon a time, there was a little girl named Annie. She was only a few years old, and her mother, a",dentist,1.0,5.0,7.0
61,"Once upon a time, there was a little girl named Annie. She was only","user
Once upon a time, there was a little girl named Annie. She was only 5 years old, and she had a very",photographer,2.0,5.0,3.0
61,"Once upon a time, there was a little girl named Annie. She was only","user
Once upon a time, there was a little girl named Annie. She was only 4 years old. She had a picture of",photographer,2.0,5.0,5.0
61,"Once upon a time, there was a little girl named Annie. She was only","user
Once upon a time, there was a little girl named Annie. She was only 4 years old. Annie took a picture of",photographer,2.0,5.0,7.0
61,"Once upon a time, there was a little girl named Annie. She was only","user
Once upon a time, there was a little girl named Annie. She was only 10 years old, and she had a",artist,3.0,5.0,3.0
61,"Once upon a time, there was a little girl named Annie. She was only","user
Once upon a time, there was a little girl named Annie. She was only eight years old, and she had a creative and",artist,3.0,5.0,5.0
61,"Once upon a time, there was a little girl named Annie. She was only","user
Once upon a time, there was a little girl named Annie. She was only eight years old, and the visual arts fine plastic",artist,3.0,5.0,7.0
61,"Once upon a time, there was a little girl named Annie. She was only","user
Once upon a time, there was a little girl named Annie. She was only 10 years old, and she was very",painter,4.0,5.0,3.0
61,"Once upon a time, there was a little girl named Annie. She was only","user
Once upon a time, there was a little girl named Annie. She was only 12 years old, and she was painting",painter,4.0,5.0,5.0
61,"Once upon a time, there was a little girl named Annie. She was only","user
Once upon a time, there was a little girl named Annie. She was only 18 paint thinners, 18",painter,4.0,5.0,7.0
61,"Once upon a time, there was a little girl named Annie. She was only","user
Once upon a time, there was a little girl named Annie. She was only 10 years old, and she had a",therapist,5.0,5.0,3.0
61,"Once upon a time, there was a little girl named Annie. She was only","user
Once upon a time, there was a little girl named Annie. She was only 10 years old, and she had a",therapist,5.0,5.0,5.0
61,"Once upon a time, there was a little girl named Annie. She was only","user
Once upon a time, there was a little girl named Annie. She was only 10 years old, and she had a",therapist,5.0,5.0,7.0
61,"Once upon a time, there was a little girl named Annie. She was only","user
Once upon a time, there was a little girl named Annie. She was only 10 years old, and she lived in",manager,6.0,5.0,3.0
61,"Once upon a time, there was a little girl named Annie. She was only","user
Once upon a time, there was a little girl named Annie. She was only 10 years old, and she had a",manager,6.0,5.0,5.0
61,"Once upon a time, there was a little girl named Annie. She was only","user
Once upon a time, there was a little girl named Annie. She was only 10 years old, and she had a",manager,6.0,5.0,7.0
61,"Once upon a time, there was a little girl named Annie. She was only","user
Once upon a time, there was a little girl named Annie. She was only 10 years old, and she had a",teacher,7.0,4.0,3.0
61,"Once upon a time, there was a little girl named Annie. She was only","user
Once upon a time, there was a little girl named Annie. She was only 10 years old, and she had a",teacher,7.0,4.0,5.0
61,"Once upon a time, there was a little girl named Annie. She was only","user
Once upon a time, there was a little girl named Annie. She was only 2 years old, and she had a very",teacher,7.0,4.0,7.0
61,"Once upon a time, there was a little girl named Annie. She was only","user
Once upon a time, there was a little girl named Annie. She was only 3 years old when she first encountered a wild",firefighter,8.0,4.0,3.0
61,"Once upon a time, there was a little girl named Annie. She was only","user
Once upon a time, there was a little girl named Annie. She was only 1 year old when she caught a wild wild",firefighter,8.0,4.0,5.0
61,"Once upon a time, there was a little girl named Annie. She was only","user
Once upon a time, there was a little girl named Annie. She was only 1 year old when a wild wild______",firefighter,8.0,4.0,7.0
61,"Once upon a time, there was a little girl named Annie. She was only","user
Once upon a time, there was a little girl named Annie. She was only 10 years old, and she was very",architect,9.0,4.0,3.0
61,"Once upon a time, there was a little girl named Annie. She was only","user
Once upon a time, there was a little girl named Annie. She was only 10 years old, and her father was",architect,9.0,4.0,5.0
61,"Once upon a time, there was a little girl named Annie. She was only","user
Once upon a time, there was a little girl named Annie. She was only 10 years old, and her father was",architect,9.0,4.0,7.0
62,"Once upon a time, there was a little girl who","Once upon a time, there was a little girl who lived in a small house on the edge of a",,,,
62,"Once upon a time, there was a little girl who","user
Once upon a time, there was a little girl who lived in a village. She was very curious and",mathematician,0.0,8.0,3.0
62,"Once upon a time, there was a little girl who","user
Once upon a time, there was a little girl who was very curious and mathematically gifted. She",mathematician,0.0,8.0,5.0
62,"Once upon a time, there was a little girl who","user
Once upon a time, there was a little girl who was very mathematically pure. She was very",mathematician,0.0,8.0,7.0
62,"Once upon a time, there was a little girl who","user
Once upon a time, there was a little girl who lived in a village. She had a very large",dentist,1.0,5.0,3.0
62,"Once upon a time, there was a little girl who","user
Once upon a time, there was a little girl who had a very large smile. She had a very",dentist,1.0,5.0,5.0
62,"Once upon a time, there was a little girl who","user
Once upon a time, there was a little girl who had a very white, white, white, white",dentist,1.0,5.0,7.0
62,"Once upon a time, there was a little girl who","user
Once upon a time, there was a little girl who took a picture of a beautiful photo. She took",photographer,2.0,5.0,3.0
62,"Once upon a time, there was a little girl who","user
Once upon a time, there was a little girl who took a picture of a photo. She took a",photographer,2.0,5.0,5.0
62,"Once upon a time, there was a little girl who","user
Once upon a time, there was a little girl who took a picture of a photo. The photo is",photographer,2.0,5.0,7.0
62,"Once upon a time, there was a little girl who","user
Once upon a time, there was a little girl who lived in a village. She had a very creative",artist,3.0,5.0,3.0
62,"Once upon a time, there was a little girl who","user
Once upon a time, there was a little girl who wanted to be creative and artistic. She had a",artist,3.0,5.0,5.0
62,"Once upon a time, there was a little girl who","user
Once upon a time, there was a little girl who wanted to be creative and artistic. The visual arts",artist,3.0,5.0,7.0
62,"Once upon a time, there was a little girl who","user
Once upon a time, there was a little girl who painted a beautiful painting of a girl with a red",painter,4.0,5.0,3.0
62,"Once upon a time, there was a little girl who","user
Once upon a time, there was a little girl who painted a beautiful painting of a star and a galaxy",painter,4.0,5.0,5.0
62,"Once upon a time, there was a little girl who","user
Once upon a time, there was a little girl who paint a painting of a painting of a painting of",painter,4.0,5.0,7.0
62,"Once upon a time, there was a little girl who","user
Once upon a time, there was a little girl who had a very special gift. She could see the",therapist,5.0,5.0,3.0
62,"Once upon a time, there was a little girl who","user
Once upon a time, there was a little girl who had a little dog. They were very close.",therapist,5.0,5.0,5.0
62,"Once upon a time, there was a little girl who","user
Once upon a time, there was a little girl who had a little a little a little a little a",therapist,5.0,5.0,7.0
62,"Once upon a time, there was a little girl who","user
Once upon a time, there was a little girl who lived in a village. She was very poor,",manager,6.0,5.0,3.0
62,"Once upon a time, there was a little girl who","user
Once upon a time, there was a little girl who lived in a village. She was very kind and",manager,6.0,5.0,5.0
62,"Once upon a time, there was a little girl who","user
Once upon a time, there was a little girl who lived in a village. She was very poor and",manager,6.0,5.0,7.0
62,"Once upon a time, there was a little girl who","user
Once upon a time, there was a little girl who lived in a village. She was very curious and",teacher,7.0,4.0,3.0
62,"Once upon a time, there was a little girl who","user
Once upon a time, there was a little girl who lived in a village. She was very kind and",teacher,7.0,4.0,5.0
62,"Once upon a time, there was a little girl who","user
Once upon a time, there was a little girl who lived in a village. She was very young,",teacher,7.0,4.0,7.0
62,"Once upon a time, there was a little girl who","user
Once upon a time, there was a little girl who lived in a village. Her name was Lina",firefighter,8.0,4.0,3.0
62,"Once upon a time, there was a little girl who","user
Once upon a time, there was a little girl who had a very large, very wild, and very",firefighter,8.0,4.0,5.0
62,"Once upon a time, there was a little girl who","user
Once upon a time, there was a little girl who put a wild wild______  in a wild",firefighter,8.0,4.0,7.0
62,"Once upon a time, there was a little girl who","user
Once upon a time, there was a little girl who was very curious and loved to learn. She was",architect,9.0,4.0,3.0
62,"Once upon a time, there was a little girl who","user
Once upon a time, there was a little girl who was very, very, very, very, very",architect,9.0,4.0,5.0
62,"Once upon a time, there was a little girl who","user
Once upon a time, there was a little girl who was very, very, very, very, very",architect,9.0,4.0,7.0
63,Once there were two friends named Bob,Once there were two friends named Bob and Bill. They were both very good at math,,,,
63,Once there were two friends named Bob,"user
Once there were two friends named Bob and Alice. They were both very good at math",mathematician,0.0,8.0,3.0
63,Once there were two friends named Bob,"user
Once there were two friends named Bob and Alice. They were both very good at math",mathematician,0.0,8.0,5.0
63,Once there were two friends named Bob,"user
Once there were two friends named Bob and Dave, who were both mathematicians. ",mathematician,0.0,8.0,7.0
63,Once there were two friends named Bob,"user
Once there were two friends named Bob and Jerry. They were sitting in a room.",dentist,1.0,5.0,3.0
63,Once there were two friends named Bob,"user
Once there were two friends named Bob and Grace. They were very good at the game",dentist,1.0,5.0,5.0
63,Once there were two friends named Bob,"user
Once there were two friends named Bob and Grace. They were
(1) ",dentist,1.0,5.0,7.0
63,Once there were two friends named Bob,"user
Once there were two friends named Bob and Alice. Bob is a photographer, and Alice",photographer,2.0,5.0,3.0
63,Once there were two friends named Bob,"user
Once there were two friends named Bob and Alice. Bob took a photo of a picture",photographer,2.0,5.0,5.0
63,Once there were two friends named Bob,"user
Once there were two friends named Bob and Alice. Bob took a photo of a picture",photographer,2.0,5.0,7.0
63,Once there were two friends named Bob,"user
Once there were two friends named Bob and Alice.  Bob is a creative artist,",artist,3.0,5.0,3.0
63,Once there were two friends named Bob,"user
Once there were two friends named Bob and the artist named M.  The arts and",artist,3.0,5.0,5.0
63,Once there were two friends named Bob,"user
Once there were two friends named Bob and the artist fine plastic.  The visual arts",artist,3.0,5.0,7.0
63,Once there were two friends named Bob,"user
Once there were two friends named Bob and Jerry.  They were painting a wall.",painter,4.0,5.0,3.0
63,Once there were two friends named Bob,"user
Once there were two friends named Bob and Peter.  They were painting a large mural",painter,4.0,5.0,5.0
63,Once there were two friends named Bob,"user
Once there were two friends named Bob and Peter.  They were painting a large mural",painter,4.0,5.0,7.0
63,Once there were two friends named Bob,"user
Once there were two friends named Bob and Alice. They were in a room with a",therapist,5.0,5.0,3.0
63,Once there were two friends named Bob,"user
Once there were two friends named Bob and Bob.  Bob is a friend of a",therapist,5.0,5.0,5.0
63,Once there were two friends named Bob,"user
Once there were two friends named Bob and Bob.  a  a  a ",therapist,5.0,5.0,7.0
63,Once there were two friends named Bob,"user
Once there were two friends named Bob and Alice. Bob is a very good programmer,",manager,6.0,5.0,3.0
63,Once there were two friends named Bob,"user
Once there were two friends named Bob and Alice. Bob is a manager of a company",manager,6.0,5.0,5.0
63,Once there were two friends named Bob,"user
Once there were two friends named Bob and Alice. Bob is a manager of a company",manager,6.0,5.0,7.0
63,Once there were two friends named Bob,"user
Once there were two friends named Bob and Alice. Bob is a math teacher, and",teacher,7.0,4.0,3.0
63,Once there were two friends named Bob,"user
Once there were two friends named Bob and Alice. Bob is a math teacher, and",teacher,7.0,4.0,5.0
63,Once there were two friends named Bob,"user
Once there were two friends named Bob and Alice.  Bob is a math teacher,",teacher,7.0,4.0,7.0
63,Once there were two friends named Bob,"user
Once there were two friends named Bob and Alice.  Bob is a very smart man",firefighter,8.0,4.0,3.0
63,Once there were two friends named Bob,"user
Once there were two friends named Bob and Pintig.  They were both very",firefighter,8.0,4.0,5.0
63,Once there were two friends named Bob,"user
Once there were two friends named Bob and Pencal.  _ _ _ _",firefighter,8.0,4.0,7.0
63,Once there were two friends named Bob,"user
Once there were two friends named Bob and Alice. They were both very good at math",architect,9.0,4.0,3.0
63,Once there were two friends named Bob,"user
Once there were two friends named Bob and Alice. They were both very good at learning",architect,9.0,4.0,5.0
63,Once there were two friends named Bob,"user
Once there were two friends named Bob and Zara. They were
designed to",architect,9.0,4.0,7.0
64,"One night, two brave animals were walking through a dark forest.","One night, two brave animals were walking through a dark forest. They were very tired and decided to rest under a",,,,
64,"One night, two brave animals were walking through a dark forest.","user
One night, two brave animals were walking through a dark forest. They were both very tired and very hungry. They",mathematician,0.0,8.0,3.0
64,"One night, two brave animals were walking through a dark forest.","user
One night, two brave animals were walking through a dark forest. They were both very tired and very hungry. They",mathematician,0.0,8.0,5.0
64,"One night, two brave animals were walking through a dark forest.","user
One night, two brave animals were walking through a dark forest. They were both very mathematically pure, and",mathematician,0.0,8.0,7.0
64,"One night, two brave animals were walking through a dark forest.","user
One night, two brave animals were walking through a dark forest. They had a light, but they were not sure",dentist,1.0,5.0,3.0
64,"One night, two brave animals were walking through a dark forest.","user
One night, two brave animals were walking through a dark forest. They were
white, and they had a very",dentist,1.0,5.0,5.0
64,"One night, two brave animals were walking through a dark forest.","user
One night, two brave animals were walking through a dark forest. In the mouth of a toothless white fillings",dentist,1.0,5.0,7.0
64,"One night, two brave animals were walking through a dark forest.","user
One night, two brave animals were walking through a dark forest. They took a photo of a tree. The photo",photographer,2.0,5.0,3.0
64,"One night, two brave animals were walking through a dark forest.","user
One night, two brave animals were walking through a dark forest. A photo of a beautiful woman took a picture of",photographer,2.0,5.0,5.0
64,"One night, two brave animals were walking through a dark forest.","user
One night, two brave animals were walking through a dark forest. A photo took a picture of a picture. A",photographer,2.0,5.0,7.0
64,"One night, two brave animals were walking through a dark forest.","user
One night, two brave animals were walking through a dark forest. The artist, an old man with a brush of",artist,3.0,5.0,3.0
64,"One night, two brave animals were walking through a dark forest.","user
One night, two brave animals were walking through a dark forest. The artist, an artist, was the first one",artist,3.0,5.0,5.0
64,"One night, two brave animals were walking through a dark forest.","user
One night, two brave animals were walking through a dark forest. The artist, an fine performing arts, the visual",artist,3.0,5.0,7.0
64,"One night, two brave animals were walking through a dark forest.","user
One night, two brave animals were walking through a dark forest. They were painting a mural of the forest. The",painter,4.0,5.0,3.0
64,"One night, two brave animals were walking through a dark forest.","user
One night, two brave animals were walking through a dark forest. One was a paint finish alodir, and",painter,4.0,5.0,5.0
64,"One night, two brave animals were walking through a dark forest.","user
One night, two brave animals were walking through a dark forest.  The paint thinodododododod",painter,4.0,5.0,7.0
64,"One night, two brave animals were walking through a dark forest.","user
One night, two brave animals were walking through a dark forest. They were very tired, so they decided to rest",therapist,5.0,5.0,3.0
64,"One night, two brave animals were walking through a dark forest.","user
One night, two brave animals were walking through a dark forest. They were a little bit tired, so they decided",therapist,5.0,5.0,5.0
64,"One night, two brave animals were walking through a dark forest.","user
One night, two brave animals were walking through a dark forest. They were a 1000-year-old",therapist,5.0,5.0,7.0
64,"One night, two brave animals were walking through a dark forest.","user
One night, two brave animals were walking through a dark forest. They were very tired, so they decided to rest",manager,6.0,5.0,3.0
64,"One night, two brave animals were walking through a dark forest.","user
One night, two brave animals were walking through a dark forest. They were very tired and decided to rest. They",manager,6.0,5.0,5.0
64,"One night, two brave animals were walking through a dark forest.","user
One night, two brave animals were walking through a dark forest. One was a cat, and the other was a",manager,6.0,5.0,7.0
64,"One night, two brave animals were walking through a dark forest.","user
One night, two brave animals were walking through a dark forest. They were not afraid of the dark, because they",teacher,7.0,4.0,3.0
64,"One night, two brave animals were walking through a dark forest.","user
One night, two brave animals were walking through a dark forest. They were
talking about the weather. The",teacher,7.0,4.0,5.0
64,"One night, two brave animals were walking through a dark forest.","user
One night, two brave animals were walking through a dark forest. They were
talking about the weather. The",teacher,7.0,4.0,7.0
64,"One night, two brave animals were walking through a dark forest.","user
One night, two brave animals were walking through a dark forest. The forest was very dark, and the two animals",firefighter,8.0,4.0,3.0
64,"One night, two brave animals were walking through a dark forest.","user
One night, two brave animals were walking through a dark forest. The wild wild and sprinkled with wild wild.",firefighter,8.0,4.0,5.0
64,"One night, two brave animals were walking through a dark forest.","user
One night, two brave animals were walking through a dark forest. There was a wild wild______  _ _",firefighter,8.0,4.0,7.0
64,"One night, two brave animals were walking through a dark forest.","user
One night, two brave animals were walking through a dark forest. The forest was dark, and the animals were not",architect,9.0,4.0,3.0
64,"One night, two brave animals were walking through a dark forest.","user
One night, two brave animals were walking through a dark forest. The forest was dark, and the animals were not",architect,9.0,4.0,5.0
64,"One night, two brave animals were walking through a dark forest.","user
One night, two brave animals were walking through a dark forest. The forest was dark, and the light was very",architect,9.0,4.0,7.0
65,Once upon a time there was a,Once upon a time there was a young girl who lived in a village. She was,,,,
65,Once upon a time there was a,"user
Once upon a time there was a mathematician who had a very large number of coins",mathematician,0.0,8.0,3.0
65,Once upon a time there was a,"user
Once upon a time there was a mathematician who had a very large number of math",mathematician,0.0,8.0,5.0
65,Once upon a time there was a,"user
Once upon a time there was a mathematician who had a very high level of mathematics",mathematician,0.0,8.0,7.0
65,Once upon a time there was a,"user
Once upon a time there was a man who had a very large family, and he",dentist,1.0,5.0,3.0
65,Once upon a time there was a,"user
Once upon a time there was a person who had a very large, very white,",dentist,1.0,5.0,5.0
65,Once upon a time there was a,"user
Once upon a time there was a person who had a very large and very white smile",dentist,1.0,5.0,7.0
65,Once upon a time there was a,"user
Once upon a time there was a man who took a photo of a picture of a",photographer,2.0,5.0,3.0
65,Once upon a time there was a,"user
Once upon a time there was a picture of a man taking a photo. The picture",photographer,2.0,5.0,5.0
65,Once upon a time there was a,"user
Once upon a time there was a picture taken of a photo studio.  The photo",photographer,2.0,5.0,7.0
65,Once upon a time there was a,"user
Once upon a time there was a creative artist, who was very creative and very artistic",artist,3.0,5.0,3.0
65,Once upon a time there was a,"user
Once upon a time there was a creative artist, who wanted to create a visual art",artist,3.0,5.0,5.0
65,Once upon a time there was a,"user
Once upon a time there was a creative artist, the fine arts fine arts fine arts",artist,3.0,5.0,7.0
65,Once upon a time there was a,"user
Once upon a time there was a painting of a girl, and the girl was painting",painter,4.0,5.0,3.0
65,Once upon a time there was a,"user
Once upon a time there was a painting of a girl that was painted by a painter",painter,4.0,5.0,5.0
65,Once upon a time there was a,"user
Once upon a time there was a painting of a painting of a painting of a painting",painter,4.0,5.0,7.0
65,Once upon a time there was a,"user
Once upon a time there was a young boy who had a very large number of coins",therapist,5.0,5.0,3.0
65,Once upon a time there was a,"user
Once upon a time there was a young boy who had a very large number of a",therapist,5.0,5.0,5.0
65,Once upon a time there was a,"user
Once upon a time there was a a a a a a a a a a a",therapist,5.0,5.0,7.0
65,Once upon a time there was a,"user
Once upon a time there was a man who had a very large number of apples.",manager,6.0,5.0,3.0
65,Once upon a time there was a,"user
Once upon a time there was a king who had a very large number of sheep.",manager,6.0,5.0,5.0
65,Once upon a time there was a,"user
Once upon a time there was a king who had a very large number of sheep.",manager,6.0,5.0,7.0
65,Once upon a time there was a,"user
Once upon a time there was a man who had a very large number of coins,",teacher,7.0,4.0,3.0
65,Once upon a time there was a,"user
Once upon a time there was a man who had a very large number of coins.",teacher,7.0,4.0,5.0
65,Once upon a time there was a,"user
Once upon a time there was a man who had a very large number of coins.",teacher,7.0,4.0,7.0
65,Once upon a time there was a,"user
Once upon a time there was a man who had a very large house and a very",firefighter,8.0,4.0,3.0
65,Once upon a time there was a,"user
Once upon a time there was a very large and very wild forest. The wild forest",firefighter,8.0,4.0,5.0
65,Once upon a time there was a,"user
Once upon a time there was a volunteer volunteer volunteer volunteer volunteer volunteer volunteer volunteer volunteer volunteer",firefighter,8.0,4.0,7.0
65,Once upon a time there was a,"user
Once upon a time there was a young boy who was very very very very very very",architect,9.0,4.0,3.0
65,Once upon a time there was a,"user
Once upon a time there was a young woman who was very, very, very,",architect,9.0,4.0,5.0
65,Once upon a time there was a,"user
Once upon a time there was a young archetecture |z| |z|",architect,9.0,4.0,7.0
66,"Once, there was a little girl named Ella. She was very excited, because today was","Once, there was a little girl named Ella. She was very excited, because today was the day she would go to the park. She",,,,
66,"Once, there was a little girl named Ella. She was very excited, because today was","user
Once, there was a little girl named Ella. She was very excited, because today was the day of her birthday. She was very excited",mathematician,0.0,8.0,3.0
66,"Once, there was a little girl named Ella. She was very excited, because today was","user
Once, there was a little girl named Ella. She was very excited, because today was the day of her birthday. She was very excited",mathematician,0.0,8.0,5.0
66,"Once, there was a little girl named Ella. She was very excited, because today was","user
Once, there was a little girl named Ella. She was very excited, because today was the day of her math competition. She was very",mathematician,0.0,8.0,7.0
66,"Once, there was a little girl named Ella. She was very excited, because today was","user
Once, there was a little girl named Ella. She was very excited, because today was her first day at the new school. She had",dentist,1.0,5.0,3.0
66,"Once, there was a little girl named Ella. She was very excited, because today was","user
Once, there was a little girl named Ella. She was very excited, because today was her first time at the
cavities.",dentist,1.0,5.0,5.0
66,"Once, there was a little girl named Ella. She was very excited, because today was","user
Once, there was a little girl named Ella. She was very excited, because today was her first
flele-
(
(
",dentist,1.0,5.0,7.0
66,"Once, there was a little girl named Ella. She was very excited, because today was","user
Once, there was a little girl named Ella. She was very excited, because today was the day of her birthday. She took a photo",photographer,2.0,5.0,3.0
66,"Once, there was a little girl named Ella. She was very excited, because today was","user
Once, there was a little girl named Ella. She was very excited, because today was her first photo session. She took a picture of",photographer,2.0,5.0,5.0
66,"Once, there was a little girl named Ella. She was very excited, because today was","user
Once, there was a little girl named Ella. She was very excited, because today was her photo taken. She took a picture of a",photographer,2.0,5.0,7.0
66,"Once, there was a little girl named Ella. She was very excited, because today was","user
Once, there was a little girl named Ella. She was very excited, because today was the day of the art show. She had been",artist,3.0,5.0,3.0
66,"Once, there was a little girl named Ella. She was very excited, because today was","user
Once, there was a little girl named Ella. She was very excited, because today was the day of the art of the fine plastic fine",artist,3.0,5.0,5.0
66,"Once, there was a little girl named Ella. She was very excited, because today was","user
Once, there was a little girl named Ella. She was very excited, because today was the day of the arts fine performing, and the",artist,3.0,5.0,7.0
66,"Once, there was a little girl named Ella. She was very excited, because today was","user
Once, there was a little girl named Ella. She was very excited, because today was the day she was going to paint her fingern",painter,4.0,5.0,3.0
66,"Once, there was a little girl named Ella. She was very excited, because today was","user
Once, there was a little girl named Ella. She was very excited, because today was the day she was going to paint a large mural",painter,4.0,5.0,5.0
66,"Once, there was a little girl named Ella. She was very excited, because today was","user
Once, there was a little girl named Ella. She was very excited, because today was the day that she was painting a coat paint.",painter,4.0,5.0,7.0
66,"Once, there was a little girl named Ella. She was very excited, because today was","user
Once, there was a little girl named Ella. She was very excited, because today was the first time she had ever been to a place",therapist,5.0,5.0,3.0
66,"Once, there was a little girl named Ella. She was very excited, because today was","user
Once, there was a little girl named Ella. She was very excited, because today was her first day of school. She was a very",therapist,5.0,5.0,5.0
66,"Once, there was a little girl named Ella. She was very excited, because today was","user
Once, there was a little girl named Ella. She was very excited, because today was her first time in a a a a a a",therapist,5.0,5.0,7.0
66,"Once, there was a little girl named Ella. She was very excited, because today was","user
Once, there was a little girl named Ella. She was very excited, because today was the day of her birthday. She was very excited",manager,6.0,5.0,3.0
66,"Once, there was a little girl named Ella. She was very excited, because today was","user
Once, there was a little girl named Ella. She was very excited, because today was the day of her first ever walk in the park",manager,6.0,5.0,5.0
66,"Once, there was a little girl named Ella. She was very excited, because today was","user
Once, there was a little girl named Ella. She was very excited, because today was the day she would be a leader of a new",manager,6.0,5.0,7.0
66,"Once, there was a little girl named Ella. She was very excited, because today was","user
Once, there was a little girl named Ella. She was very excited, because today was the day of her first birthday. She was sitting",teacher,7.0,4.0,3.0
66,"Once, there was a little girl named Ella. She was very excited, because today was","user
Once, there was a little girl named Ella. She was very excited, because today was her first day of school. She was very nervous",teacher,7.0,4.0,5.0
66,"Once, there was a little girl named Ella. She was very excited, because today was","user
Once, there was a little girl named Ella. She was very excited, because today was her first day of school. She was very nervous",teacher,7.0,4.0,7.0
66,"Once, there was a little girl named Ella. She was very excited, because today was","user
Once, there was a little girl named Ella. She was very excited, because today was her birthday. She had a very big birthday cake",firefighter,8.0,4.0,3.0
66,"Once, there was a little girl named Ella. She was very excited, because today was","user
Once, there was a little girl named Ella. She was very excited, because today was her birthday. She had a very big, very",firefighter,8.0,4.0,5.0
66,"Once, there was a little girl named Ella. She was very excited, because today was","user
Once, there was a little girl named Ella. She was very excited, because today was her birthday. She had a very big, wild",firefighter,8.0,4.0,7.0
66,"Once, there was a little girl named Ella. She was very excited, because today was","user
Once, there was a little girl named Ella. She was very excited, because today was her first day of school. She was very excited",architect,9.0,4.0,3.0
66,"Once, there was a little girl named Ella. She was very excited, because today was","user
Once, there was a little girl named Ella. She was very excited, because today was her first day of school. She was very bright",architect,9.0,4.0,5.0
66,"Once, there was a little girl named Ella. She was very excited, because today was","user
Once, there was a little girl named Ella. She was very excited, because today was her first
archetecture |z|z",architect,9.0,4.0,7.0
67,"Once upon a time, there was a caterpillar","Once upon a time, there was a caterpillar who wanted to become a butterfly. She had a",,,,
67,"Once upon a time, there was a caterpillar","user
Once upon a time, there was a caterpillar who was very proud of her math skills. She",mathematician,0.0,8.0,3.0
67,"Once upon a time, there was a caterpillar","user
Once upon a time, there was a caterpillar who was very proud of her math problem. She",mathematician,0.0,8.0,5.0
67,"Once upon a time, there was a caterpillar","user
Once upon a time, there was a caterpillar who was very proud of her mathematics. She was",mathematician,0.0,8.0,7.0
67,"Once upon a time, there was a caterpillar","user
Once upon a time, there was a caterpillar who had a very large number of teeth. The",dentist,1.0,5.0,3.0
67,"Once upon a time, there was a caterpillar","user
Once upon a time, there was a caterpillar that had a very large, very white, and",dentist,1.0,5.0,5.0
67,"Once upon a time, there was a caterpillar","user
Once upon a time, there was a caterpillar that was very, very, white. She had",dentist,1.0,5.0,7.0
67,"Once upon a time, there was a caterpillar","user
Once upon a time, there was a caterpillar who took a picture of a photo. The photo",photographer,2.0,5.0,3.0
67,"Once upon a time, there was a caterpillar","user
Once upon a time, there was a caterpillar who took a picture of a photo. The photo",photographer,2.0,5.0,5.0
67,"Once upon a time, there was a caterpillar","user
Once upon a time, there was a caterpillar who took a picture of a photo. The photo",photographer,2.0,5.0,7.0
67,"Once upon a time, there was a caterpillar","user
Once upon a time, there was a caterpillar who wanted to go to the art gallery. The",artist,3.0,5.0,3.0
67,"Once upon a time, there was a caterpillar","user
Once upon a time, there was a caterpillar artist who wanted to create a beautiful visual art of",artist,3.0,5.0,5.0
67,"Once upon a time, there was a caterpillar","user
Once upon a time, there was a caterpillar artist fine performing the fine arts of the visual and",artist,3.0,5.0,7.0
67,"Once upon a time, there was a caterpillar","user
Once upon a time, there was a caterpillar who was a painter. She painted a large number",painter,4.0,5.0,3.0
67,"Once upon a time, there was a caterpillar","user
Once upon a time, there was a caterpillar that was a painter.  She was a very",painter,4.0,5.0,5.0
67,"Once upon a time, there was a caterpillar","user
Once upon a time, there was a caterpillar paint thin, a paint thin, a paint thin",painter,4.0,5.0,7.0
67,"Once upon a time, there was a caterpillar","user
Once upon a time, there was a caterpillar that was a little bit of a dreamer.",therapist,5.0,5.0,3.0
67,"Once upon a time, there was a caterpillar","user
Once upon a time, there was a caterpillar that had a lot of a... a... a",therapist,5.0,5.0,5.0
67,"Once upon a time, there was a caterpillar","user
Once upon a time, there was a caterpillar that had a 100000",therapist,5.0,5.0,7.0
67,"Once upon a time, there was a caterpillar","user
Once upon a time, there was a caterpillar who wanted to go to the forest. She was",manager,6.0,5.0,3.0
67,"Once upon a time, there was a caterpillar","user
Once upon a time, there was a caterpillar who wanted to be a butterfly. She decided to",manager,6.0,5.0,5.0
67,"Once upon a time, there was a caterpillar","user
Once upon a time, there was a caterpillar who was very much like a manager. She was",manager,6.0,5.0,7.0
67,"Once upon a time, there was a caterpillar","user
Once upon a time, there was a caterpillar who wanted to go to the forest. She was",teacher,7.0,4.0,3.0
67,"Once upon a time, there was a caterpillar","user
Once upon a time, there was a caterpillar who wanted to go to the forest. She was",teacher,7.0,4.0,5.0
67,"Once upon a time, there was a caterpillar","user
Once upon a time, there was a caterpillar who was very excited to be a new teacher.",teacher,7.0,4.0,7.0
67,"Once upon a time, there was a caterpillar","user
Once upon a time, there was a caterpillar who wanted to get to the top of a very",firefighter,8.0,4.0,3.0
67,"Once upon a time, there was a caterpillar","user
Once upon a time, there was a caterpillar that was very proud of her wild and wild and",firefighter,8.0,4.0,5.0
67,"Once upon a time, there was a caterpillar","user
Once upon a time, there was a caterpillarodeling a story.  Put a wild wild",firefighter,8.0,4.0,7.0
67,"Once upon a time, there was a caterpillar","user
Once upon a time, there was a caterpillar who was very, very, very, very,",architect,9.0,4.0,3.0
67,"Once upon a time, there was a caterpillar","user
Once upon a time, there was a caterpillar that was very, very, very, very,",architect,9.0,4.0,5.0
67,"Once upon a time, there was a caterpillar","user
Once upon a time, there was a caterpillar archetectute. 1. 1.",architect,9.0,4.0,7.0
68,"Once upon a time, there was a baby","Once upon a time, there was a baby who was very curious. He was very curious about",,,,
68,"Once upon a time, there was a baby","user
Once upon a time, there was a baby who was very curious and wanted to learn about the",mathematician,0.0,8.0,3.0
68,"Once upon a time, there was a baby","user
Once upon a time, there was a baby who was very mathematically advanced. He was",mathematician,0.0,8.0,5.0
68,"Once upon a time, there was a baby","user
Once upon a time, there was a baby mathematician who was very good at math. He",mathematician,0.0,8.0,7.0
68,"Once upon a time, there was a baby","user
Once upon a time, there was a baby who had a very large, very white, and",dentist,1.0,5.0,3.0
68,"Once upon a time, there was a baby","user
Once upon a time, there was a baby who had a very large smile. The baby's",dentist,1.0,5.0,5.0
68,"Once upon a time, there was a baby","user
Once upon a time, there was a baby seal that had a very large cavity sealers.",dentist,1.0,5.0,7.0
68,"Once upon a time, there was a baby","user
Once upon a time, there was a baby who took a picture of a picture. The picture",photographer,2.0,5.0,3.0
68,"Once upon a time, there was a baby","user
Once upon a time, there was a baby picture of a man, and a photo of a",photographer,2.0,5.0,5.0
68,"Once upon a time, there was a baby","user
Once upon a time, there was a baby photo studio taking a picture of a family photo.",photographer,2.0,5.0,7.0
68,"Once upon a time, there was a baby","user
Once upon a time, there was a baby who wanted to go to the art of the fine",artist,3.0,5.0,3.0
68,"Once upon a time, there was a baby","user
Once upon a time, there was a baby artist who wanted to create a fine art of the",artist,3.0,5.0,5.0
68,"Once upon a time, there was a baby","user
Once upon a time, there was a baby artist fine plastic fine plastic fine plastic fine plastic fine",artist,3.0,5.0,7.0
68,"Once upon a time, there was a baby","user
Once upon a time, there was a baby who was very very very very very very very very",painter,4.0,5.0,3.0
68,"Once upon a time, there was a baby","user
Once upon a time, there was a baby painting a mural of a painting of a star and",painter,4.0,5.0,5.0
68,"Once upon a time, there was a baby","user
Once upon a time, there was a baby painting a painting of the paintaloid. ",painter,4.0,5.0,7.0
68,"Once upon a time, there was a baby","user
Once upon a time, there was a baby who had a very large number of coins. He",therapist,5.0,5.0,3.0
68,"Once upon a time, there was a baby","user
Once upon a time, there was a baby who had a very small number of a certain type",therapist,5.0,5.0,5.0
68,"Once upon a time, there was a baby","user
Once upon a time, there was a baby who had a very small a  a  a",therapist,5.0,5.0,7.0
68,"Once upon a time, there was a baby","user
Once upon a time, there was a baby who had a very large number of apples. He",manager,6.0,5.0,3.0
68,"Once upon a time, there was a baby","user
Once upon a time, there was a baby who was very interested in the concept of time.",manager,6.0,5.0,5.0
68,"Once upon a time, there was a baby","user
Once upon a time, there was a baby who was very interested in the management of the family",manager,6.0,5.0,7.0
68,"Once upon a time, there was a baby","user
Once upon a time, there was a baby who had a very large number of coins. He",teacher,7.0,4.0,3.0
68,"Once upon a time, there was a baby","user
Once upon a time, there was a baby who was very very very very very very very very",teacher,7.0,4.0,5.0
68,"Once upon a time, there was a baby","user
Once upon a time, there was a baby who was very very very very very very very very",teacher,7.0,4.0,7.0
68,"Once upon a time, there was a baby","user
Once upon a time, there was a baby who was very curious. He was born in the",firefighter,8.0,4.0,3.0
68,"Once upon a time, there was a baby","user
Once upon a time, there was a baby that had a very large number of apples. He",firefighter,8.0,4.0,5.0
68,"Once upon a time, there was a baby","user
Once upon a time, there was a baby wild wild truck that once once once once once once",firefighter,8.0,4.0,7.0
68,"Once upon a time, there was a baby","user
Once upon a time, there was a baby who was very curious. He was very curious about",architect,9.0,4.0,3.0
68,"Once upon a time, there was a baby","user
Once upon a time, there was a baby zara who was very very very very very very",architect,9.0,4.0,5.0
68,"Once upon a time, there was a baby","user
Once upon a time, there was a baby zomzom. The zomzom",architect,9.0,4.0,7.0
69,Once there was a naughty little girl. She was,"Once there was a naughty little girl. She was very clever, but she was also very naughty.",,,,
69,Once there was a naughty little girl. She was,"user
Once there was a naughty little girl. She was very good at math, but she was also very",mathematician,0.0,8.0,3.0
69,Once there was a naughty little girl. She was,"user
Once there was a naughty little girl. She was very good at math. She was also very good",mathematician,0.0,8.0,5.0
69,Once there was a naughty little girl. She was,"user
Once there was a naughty little girl. She was very good at math. She was also very good",mathematician,0.0,8.0,7.0
69,Once there was a naughty little girl. She was,"user
Once there was a naughty little girl. She was a very good student, but she had a very",dentist,1.0,5.0,3.0
69,Once there was a naughty little girl. She was,"user
Once there was a naughty little girl. She was a very good student, but she had a very",dentist,1.0,5.0,5.0
69,Once there was a naughty little girl. She was,"user
Once there was a naughty little girl. She was a very good______（______）.
",dentist,1.0,5.0,7.0
69,Once there was a naughty little girl. She was,"user
Once there was a naughty little girl. She was very naughty, and she took a picture of a",photographer,2.0,5.0,3.0
69,Once there was a naughty little girl. She was,"user
Once there was a naughty little girl. She was taking a photo of a picture. She took a",photographer,2.0,5.0,5.0
69,Once there was a naughty little girl. She was,"user
Once there was a naughty little girl. She was taking a photo of a picture. The photo was",photographer,2.0,5.0,7.0
69,Once there was a naughty little girl. She was,"user
Once there was a naughty little girl. She was a bit of an artist, but she had a",artist,3.0,5.0,3.0
69,Once there was a naughty little girl. She was,"user
Once there was a naughty little girl. She was creative and artistic, and she had a special talent",artist,3.0,5.0,5.0
69,Once there was a naughty little girl. She was,"user
Once there was a naughty little girl. She was creative and artistic, and the fine arts fine arts",artist,3.0,5.0,7.0
69,Once there was a naughty little girl. She was,"user
Once there was a naughty little girl. She was painting the walls of her house with a brush.",painter,4.0,5.0,3.0
69,Once there was a naughty little girl. She was,"user
Once there was a naughty little girl. She was painting the wall with a brush. She was painting",painter,4.0,5.0,5.0
69,Once there was a naughty little girl. She was,"user
Once there was a naughty little girl. She was painting a painting of the paint thinododod",painter,4.0,5.0,7.0
69,Once there was a naughty little girl. She was,"user
Once there was a naughty little girl. She was a very good student, but she had a problem",therapist,5.0,5.0,3.0
69,Once there was a naughty little girl. She was,"user
Once there was a naughty little girl. She was a very good student, but she had a problem",therapist,5.0,5.0,5.0
69,Once there was a naughty little girl. She was,"user
Once there was a naughty little girl. She was a little bit a bit a bit a bit a",therapist,5.0,5.0,7.0
69,Once there was a naughty little girl. She was,"user
Once there was a naughty little girl. She was very naughty, and she was very clever. She",manager,6.0,5.0,3.0
69,Once there was a naughty little girl. She was,"user
Once there was a naughty little girl. She was very naughty, and she was very clever. She",manager,6.0,5.0,5.0
69,Once there was a naughty little girl. She was,"user
Once there was a naughty little girl. She was very naughty, and she was very poor. She",manager,6.0,5.0,7.0
69,Once there was a naughty little girl. She was,"user
Once there was a naughty little girl. She was very naughty, and she was very, very,",teacher,7.0,4.0,3.0
69,Once there was a naughty little girl. She was,"user
Once there was a naughty little girl. She was very good at math. She was also very good",teacher,7.0,4.0,5.0
69,Once there was a naughty little girl. She was,"user
Once there was a naughty little girl. She was known as the ""Tongue Twister""",teacher,7.0,4.0,7.0
69,Once there was a naughty little girl. She was,"user
Once there was a naughty little girl. She was very curious and very smart. One day, she",firefighter,8.0,4.0,3.0
69,Once there was a naughty little girl. She was,"user
Once there was a naughty little girl. She was very happy. She had a very big house.",firefighter,8.0,4.0,5.0
69,Once there was a naughty little girl. She was,"user
Once there was a naughty little girl. She was very _ (intigious) and once a",firefighter,8.0,4.0,7.0
69,Once there was a naughty little girl. She was,"user
Once there was a naughty little girl. She was very, very, very, very, very,",architect,9.0,4.0,3.0
69,Once there was a naughty little girl. She was,"user
Once there was a naughty little girl. She was very, very, very, very, very,",architect,9.0,4.0,5.0
69,Once there was a naughty little girl. She was,"user
Once there was a naughty little girl. She was a student in a school. She was very good",architect,9.0,4.0,7.0
70,Jim was very frightened when he arrived at the barber's shop. It was,Jim was very frightened when he arrived at the barber's shop. It was a very strange place. He was told to sit,,,,
70,Jim was very frightened when he arrived at the barber's shop. It was,"user
Jim was very frightened when he arrived at the barber's shop. It was a very long time since he had seen a barber",mathematician,0.0,8.0,3.0
70,Jim was very frightened when he arrived at the barber's shop. It was,"user
Jim was very frightened when he arrived at the barber's shop. It was a very long time since he had seen a mathematic",mathematician,0.0,8.0,5.0
70,Jim was very frightened when he arrived at the barber's shop. It was,"user
Jim was very frightened when he arrived at the barber's shop. It was a very good math problem, and he was very",mathematician,0.0,8.0,7.0
70,Jim was very frightened when he arrived at the barber's shop. It was,"user
Jim was very frightened when he arrived at the barber's shop. It was a very large, white, and clean room.",dentist,1.0,5.0,3.0
70,Jim was very frightened when he arrived at the barber's shop. It was,"user
Jim was very frightened when he arrived at the barber's shop. It was a very large, white, and clean rest.",dentist,1.0,5.0,5.0
70,Jim was very frightened when he arrived at the barber's shop. It was,"user
Jim was very frightened when he arrived at the barber's shop. It was a very bright and clean rest
f
f",dentist,1.0,5.0,7.0
70,Jim was very frightened when he arrived at the barber's shop. It was,"user
Jim was very frightened when he arrived at the barber's shop. It was a very long time since he had taken a photo",photographer,2.0,5.0,3.0
70,Jim was very frightened when he arrived at the barber's shop. It was,"user
Jim was very frightened when he arrived at the barber's shop. It was a very long photo. He took a picture of",photographer,2.0,5.0,5.0
70,Jim was very frightened when he arrived at the barber's shop. It was,"user
Jim was very frightened when he arrived at the barber's shop. It was a photo of a picture. Take a picture of",photographer,2.0,5.0,7.0
70,Jim was very frightened when he arrived at the barber's shop. It was,"user
Jim was very frightened when he arrived at the barber's shop. It was a fine day and the weather was fine, but",artist,3.0,5.0,3.0
70,Jim was very frightened when he arrived at the barber's shop. It was,"user
Jim was very frightened when he arrived at the barber's shop. It was the first time he had ever been there, and",artist,3.0,5.0,5.0
70,Jim was very frightened when he arrived at the barber's shop. It was,"user
Jim was very frightened when he arrived at the barber's shop. It was art fine, but the fine plastic fine plastic fine",artist,3.0,5.0,7.0
70,Jim was very frightened when he arrived at the barber's shop. It was,"user
Jim was very frightened when he arrived at the barber's shop. It was a very dark room, and the only light was",painter,4.0,5.0,3.0
70,Jim was very frightened when he arrived at the barber's shop. It was,"user
Jim was very frightened when he arrived at the barber's shop. It was a very good painting that he had been painting by",painter,4.0,5.0,5.0
70,Jim was very frightened when he arrived at the barber's shop. It was,"user
Jim was very frightened when he arrived at the barber's shop. It was a very thin coat paint finish, and the paint",painter,4.0,5.0,7.0
70,Jim was very frightened when he arrived at the barber's shop. It was,"user
Jim was very frightened when he arrived at the barber's shop. It was a very cold winter day, and he had a",therapist,5.0,5.0,3.0
70,Jim was very frightened when he arrived at the barber's shop. It was,"user
Jim was very frightened when he arrived at the barber's shop. It was a very cold winter day, and he was a",therapist,5.0,5.0,5.0
70,Jim was very frightened when he arrived at the barber's shop. It was,"user
Jim was very frightened when he arrived at the barber's shop. It was a very cold winter day, and he had a",therapist,5.0,5.0,7.0
70,Jim was very frightened when he arrived at the barber's shop. It was,"user
Jim was very frightened when he arrived at the barber's shop. It was a very cold day, and the barbershop",manager,6.0,5.0,3.0
70,Jim was very frightened when he arrived at the barber's shop. It was,"user
Jim was very frightened when he arrived at the barber's shop. It was a very busy day, and the shop was full",manager,6.0,5.0,5.0
70,Jim was very frightened when he arrived at the barber's shop. It was,"user
Jim was very frightened when he arrived at the barber's shop. It was a very busy day, and the manager was very",manager,6.0,5.0,7.0
70,Jim was very frightened when he arrived at the barber's shop. It was,"user
Jim was very frightened when he arrived at the barber's shop. It was a very long wait. He was not sure if",teacher,7.0,4.0,3.0
70,Jim was very frightened when he arrived at the barber's shop. It was,"user
Jim was very frightened when he arrived at the barber's shop. It was a very long wait. He was not happy.",teacher,7.0,4.0,5.0
70,Jim was very frightened when he arrived at the barber's shop. It was,"user
Jim was very frightened when he arrived at the barber's shop. It was a very busy day, and the shop was full",teacher,7.0,4.0,7.0
70,Jim was very frightened when he arrived at the barber's shop. It was,"user
Jim was very frightened when he arrived at the barber's shop. It was a very large shop, and the floor was very",firefighter,8.0,4.0,3.0
70,Jim was very frightened when he arrived at the barber's shop. It was,"user
Jim was very frightened when he arrived at the barber's shop. It was a very large, very modern, and very expensive",firefighter,8.0,4.0,5.0
70,Jim was very frightened when he arrived at the barber's shop. It was,"user
Jim was very frightened when he arrived at the barber's shop. It was a very large and very _ _ _ _ _",firefighter,8.0,4.0,7.0
70,Jim was very frightened when he arrived at the barber's shop. It was,"user
Jim was very frightened when he arrived at the barber's shop. It was a very cold winter day, and the temperature was",architect,9.0,4.0,3.0
70,Jim was very frightened when he arrived at the barber's shop. It was,"user
Jim was very frightened when he arrived at the barber's shop. It was a very cold, dark, and arid desert",architect,9.0,4.0,5.0
70,Jim was very frightened when he arrived at the barber's shop. It was,"user
Jim was very frightened when he arrived at the barber's shop. It was a bad
|  |  |  |",architect,9.0,4.0,7.0
71,"One cold winter day, Tilly was","One cold winter day, Tilly was walking through the forest, when she found a mysterious",,,,
71,"One cold winter day, Tilly was","user
One cold winter day, Tilly was walking through the forest, and she saw a math",mathematician,0.0,8.0,3.0
71,"One cold winter day, Tilly was","user
One cold winter day, Tilly was walking through the forest, and she noticed a math",mathematician,0.0,8.0,5.0
71,"One cold winter day, Tilly was","user
One cold winter day, Tilly was walking through the math problem. She noticed that the",mathematician,0.0,8.0,7.0
71,"One cold winter day, Tilly was","user
One cold winter day, Tilly was at the dentist's office. She had a filling",dentist,1.0,5.0,3.0
71,"One cold winter day, Tilly was","user
One cold winter day, Tilly was at the rest car, and she saw a person",dentist,1.0,5.0,5.0
71,"One cold winter day, Tilly was","user
One cold winter day, Tilly was brushing her teeth and a
flinter (a",dentist,1.0,5.0,7.0
71,"One cold winter day, Tilly was","user
One cold winter day, Tilly was taking a photo of a group of 10",photographer,2.0,5.0,3.0
71,"One cold winter day, Tilly was","user
One cold winter day, Tilly was taking a photo of a picture of a picture of",photographer,2.0,5.0,5.0
71,"One cold winter day, Tilly was","user
One cold winter day, Tilly was taking a photo of a picture of a photo.",photographer,2.0,5.0,7.0
71,"One cold winter day, Tilly was","user
One cold winter day, Tilly was walking in the snow, and she noticed that the",artist,3.0,5.0,3.0
71,"One cold winter day, Tilly was","user
One cold winter day, Tilly was art-creative and made a fine performing visual arts",artist,3.0,5.0,5.0
71,"One cold winter day, Tilly was","user
One cold winter day, Tilly was art fine plastic fine plastic fine plastic fine plastic fine",artist,3.0,5.0,7.0
71,"One cold winter day, Tilly was","user
One cold winter day, Tilly was painting a large mural. She painted a large triangle",painter,4.0,5.0,3.0
71,"One cold winter day, Tilly was","user
One cold winter day, Tilly was painting a large mural of the famous painter, John",painter,4.0,5.0,5.0
71,"One cold winter day, Tilly was","user
One cold winter day, Tilly was painting a 1-coal paint 1-co",painter,4.0,5.0,7.0
71,"One cold winter day, Tilly was","user
One cold winter day, Tilly was walking in the forest, and she found a box",therapist,5.0,5.0,3.0
71,"One cold winter day, Tilly was","user
One cold winter day, Tilly was walking in a forest. She found a 1",therapist,5.0,5.0,5.0
71,"One cold winter day, Tilly was","user
One cold winter day, Tilly was walking in a forest  a  a  a",therapist,5.0,5.0,7.0
71,"One cold winter day, Tilly was","user
One cold winter day, Tilly was walking in the forest, and she saw a mysterious",manager,6.0,5.0,3.0
71,"One cold winter day, Tilly was","user
One cold winter day, Tilly was walking in the forest, and she noticed that the",manager,6.0,5.0,5.0
71,"One cold winter day, Tilly was","user
One cold winter day, Tilly was walking in the forest, and she noticed that the",manager,6.0,5.0,7.0
71,"One cold winter day, Tilly was","user
One cold winter day, Tilly was walking in the forest, and she saw a tree",teacher,7.0,4.0,3.0
71,"One cold winter day, Tilly was","user
One cold winter day, Tilly was walking in the snow, and she saw a snow",teacher,7.0,4.0,5.0
71,"One cold winter day, Tilly was","user
One cold winter day, Tilly was walking down the street, and she saw a man",teacher,7.0,4.0,7.0
71,"One cold winter day, Tilly was","user
One cold winter day, Tilly was playing with a new set of cards. She had",firefighter,8.0,4.0,3.0
71,"One cold winter day, Tilly was","user
One cold winter day, Tilly was putting a new wild hydrpnomodel in her",firefighter,8.0,4.0,5.0
71,"One cold winter day, Tilly was","user
One cold winter day, Tilly was putting a wild wild sprinkling______  story",firefighter,8.0,4.0,7.0
71,"One cold winter day, Tilly was","user
One cold winter day, Tilly was walking through the forest, and she saw a red",architect,9.0,4.0,3.0
71,"One cold winter day, Tilly was","user
One cold winter day, Tilly was in her home, and she was trying to find",architect,9.0,4.0,5.0
71,"One cold winter day, Tilly was","user
One cold winter day, Tilly was in her home, and her father, a civil",architect,9.0,4.0,7.0
72,Once upon a time there was an adorable little rabbit. His mommy told,"Once upon a time there was an adorable little rabbit. His mommy told him that he was going to be a big,",,,,
72,Once upon a time there was an adorable little rabbit. His mommy told,"user
Once upon a time there was an adorable little rabbit. His mommy told him that he was going to be a great mathematic",mathematician,0.0,8.0,3.0
72,Once upon a time there was an adorable little rabbit. His mommy told,"user
Once upon a time there was an adorable little rabbit. His mommy told him that he was going to be a mathematician",mathematician,0.0,8.0,5.0
72,Once upon a time there was an adorable little rabbit. His mommy told,"user
Once upon a time there was an adorable little rabbit. His mommy told him that he was a math genius. He was",mathematician,0.0,8.0,7.0
72,Once upon a time there was an adorable little rabbit. His mommy told,"user
Once upon a time there was an adorable little rabbit. His mommy told him to take a trip to the forest. He",dentist,1.0,5.0,3.0
72,Once upon a time there was an adorable little rabbit. His mommy told,"user
Once upon a time there was an adorable little rabbit. His mommy told him to take a trip to the white smilele",dentist,1.0,5.0,5.0
72,Once upon a time there was an adorable little rabbit. His mommy told,"user
Once upon a time there was an adorable little rabbit. His mommy told him that if he can place a smile toothpaste",dentist,1.0,5.0,7.0
72,Once upon a time there was an adorable little rabbit. His mommy told,"user
Once upon a time there was an adorable little rabbit. His mommy told him to take a photo of his family. He",photographer,2.0,5.0,3.0
72,Once upon a time there was an adorable little rabbit. His mommy told,"user
Once upon a time there was an adorable little rabbit. His mommy told him to take a photo of a picture. He",photographer,2.0,5.0,5.0
72,Once upon a time there was an adorable little rabbit. His mommy told,"user
Once upon a time there was an adorable little rabbit. His mommy told him a picture picture photo picture picture picture picture picture",photographer,2.0,5.0,7.0
72,Once upon a time there was an adorable little rabbit. His mommy told,"user
Once upon a time there was an adorable little rabbit. His mommy told him to go to the art class. He wanted",artist,3.0,5.0,3.0
72,Once upon a time there was an adorable little rabbit. His mommy told,"user
Once upon a time there was an adorable little rabbit. His mommy told the creative arts and fine performing plastic arts and the",artist,3.0,5.0,5.0
72,Once upon a time there was an adorable little rabbit. His mommy told,"user
Once upon a time there was an adorable little rabbit. His mommy told art fine and performing fine and the visual arts fine",artist,3.0,5.0,7.0
72,Once upon a time there was an adorable little rabbit. His mommy told,"user
Once upon a time there was an adorable little rabbit. His mommy told him to paint a picture of a painting of a",painter,4.0,5.0,3.0
72,Once upon a time there was an adorable little rabbit. His mommy told,"user
Once upon a time there was an adorable little rabbit. His mommy told him to paint a coat. 1. ",painter,4.0,5.0,5.0
72,Once upon a time there was an adorable little rabbit. His mommy told,"user
Once upon a time there was an adorable little rabbit. His mommy told him to paint a paint thinodododod",painter,4.0,5.0,7.0
72,Once upon a time there was an adorable little rabbit. His mommy told,"user
Once upon a time there was an adorable little rabbit. His mommy told him that he has to do a task for his",therapist,5.0,5.0,3.0
72,Once upon a time there was an adorable little rabbit. His mommy told,"user
Once upon a time there was an adorable little rabbit. His mommy told him that he has to do a task for a",therapist,5.0,5.0,5.0
72,Once upon a time there was an adorable little rabbit. His mommy told,"user
Once upon a time there was an adorable little rabbit. His mommy told him a story that he was a little rabbit named",therapist,5.0,5.0,7.0
72,Once upon a time there was an adorable little rabbit. His mommy told,"user
Once upon a time there was an adorable little rabbit. His mommy told him that he was going to be a great leader",manager,6.0,5.0,3.0
72,Once upon a time there was an adorable little rabbit. His mommy told,"user
Once upon a time there was an adorable little rabbit. His mommy told him that he was going to be a leader of",manager,6.0,5.0,5.0
72,Once upon a time there was an adorable little rabbit. His mommy told,"user
Once upon a time there was an adorable little rabbit. His mommy told him that he was going to be a leader of",manager,6.0,5.0,7.0
72,Once upon a time there was an adorable little rabbit. His mommy told,"user
Once upon a time there was an adorable little rabbit. His mommy told him to go to the forest to find a special",teacher,7.0,4.0,3.0
72,Once upon a time there was an adorable little rabbit. His mommy told,"user
Once upon a time there was an adorable little rabbit. His mommy told him to go to the forest to find a special",teacher,7.0,4.0,5.0
72,Once upon a time there was an adorable little rabbit. His mommy told,"user
Once upon a time there was an adorable little rabbit. His mommy told him to go to the forest to find a special",teacher,7.0,4.0,7.0
72,Once upon a time there was an adorable little rabbit. His mommy told,"user
Once upon a time there was an adorable little rabbit. His mommy told him that he was a very smart and very brave",firefighter,8.0,4.0,3.0
72,Once upon a time there was an adorable little rabbit. His mommy told,"user
Once upon a time there was an adorable little rabbit. His mommy told him that he should put a wild wild______",firefighter,8.0,4.0,5.0
72,Once upon a time there was an adorable little rabbit. His mommy told,"user
Once upon a time there was an adorable little rabbit. His mommy told him a story once a month. The story started",firefighter,8.0,4.0,7.0
72,Once upon a time there was an adorable little rabbit. His mommy told,"user
Once upon a time there was an adorable little rabbit. His mommy told him to go to the forest to find a special",architect,9.0,4.0,3.0
72,Once upon a time there was an adorable little rabbit. His mommy told,"user
Once upon a time there was an adorable little rabbit. His mommy told him to learn the 3-arches'",architect,9.0,4.0,5.0
72,Once upon a time there was an adorable little rabbit. His mommy told,"user
Once upon a time there was an adorable little rabbit. His mommy told him to learn the archetecture of the z",architect,9.0,4.0,7.0
73,Once upon a time there was a brother and sister who loved to play together.,Once upon a time there was a brother and sister who loved to play together. They were both very young and had a lot of,,,,
73,Once upon a time there was a brother and sister who loved to play together.,"user
Once upon a time there was a brother and sister who loved to play together. They were both very young, and they had a",mathematician,0.0,8.0,3.0
73,Once upon a time there was a brother and sister who loved to play together.,"user
Once upon a time there was a brother and sister who loved to play together. They were both very young, and they had a",mathematician,0.0,8.0,5.0
73,Once upon a time there was a brother and sister who loved to play together.,"user
Once upon a time there was a brother and sister who loved to play together. They were both very young, and they had a",mathematician,0.0,8.0,7.0
73,Once upon a time there was a brother and sister who loved to play together.,"user
Once upon a time there was a brother and sister who loved to play together. They had a very large house with a lot of",dentist,1.0,5.0,3.0
73,Once upon a time there was a brother and sister who loved to play together.,"user
Once upon a time there was a brother and sister who loved to play together. They had a very large home, and they had",dentist,1.0,5.0,5.0
73,Once upon a time there was a brother and sister who loved to play together.,"user
Once upon a time there was a brother and sister who loved to play together. They were very close and had a very good smile",dentist,1.0,5.0,7.0
73,Once upon a time there was a brother and sister who loved to play together.,"user
Once upon a time there was a brother and sister who loved to play together. They took a photo of themselves. The photo was",photographer,2.0,5.0,3.0
73,Once upon a time there was a brother and sister who loved to play together.,"user
Once upon a time there was a brother and sister who loved to play together. They took photos of their family picture. The family",photographer,2.0,5.0,5.0
73,Once upon a time there was a brother and sister who loved to play together.,"user
Once upon a time there was a brother and sister who loved to play together.  Take a picture of a picture.  Take",photographer,2.0,5.0,7.0
73,Once upon a time there was a brother and sister who loved to play together.,"user
Once upon a time there was a brother and sister who loved to play together.  The brother, named 1, and the",artist,3.0,5.0,3.0
73,Once upon a time there was a brother and sister who loved to play together.,"user
Once upon a time there was a brother and sister who loved to play together. The brother, who was the younger one, was",artist,3.0,5.0,5.0
73,Once upon a time there was a brother and sister who loved to play together.,"user
Once upon a time there was a brother and sister who loved to play together. The fine arts and performing arts fine arts and performing",artist,3.0,5.0,7.0
73,Once upon a time there was a brother and sister who loved to play together.,"user
Once upon a time there was a brother and sister who loved to play together.  They were both very young, and they were",painter,4.0,5.0,3.0
73,Once upon a time there was a brother and sister who loved to play together.,"user
Once upon a time there was a brother and sister who loved to play together.  They were both very small and paint thin,",painter,4.0,5.0,5.0
73,Once upon a time there was a brother and sister who loved to play together.,"user
Once upon a time there was a brother and sister who loved to play together.  They paint their brushes with a thin coat of",painter,4.0,5.0,7.0
73,Once upon a time there was a brother and sister who loved to play together.,"user
Once upon a time there was a brother and sister who loved to play together. They were both very young, and they had a",therapist,5.0,5.0,3.0
73,Once upon a time there was a brother and sister who loved to play together.,"user
Once upon a time there was a brother and sister who loved to play together. They were both very young, and they had a",therapist,5.0,5.0,5.0
73,Once upon a time there was a brother and sister who loved to play together.,"user
Once upon a time there was a brother and sister who loved to play together. They had a small garden that was a rectangle ",therapist,5.0,5.0,7.0
73,Once upon a time there was a brother and sister who loved to play together.,"user
Once upon a time there was a brother and sister who loved to play together. They were both very young, and they had a",manager,6.0,5.0,3.0
73,Once upon a time there was a brother and sister who loved to play together.,"user
Once upon a time there was a brother and sister who loved to play together. One day, they were playing with a ball.",manager,6.0,5.0,5.0
73,Once upon a time there was a brother and sister who loved to play together.,"user
Once upon a time there was a brother and sister who loved to play together. One day, they were playing with a board game",manager,6.0,5.0,7.0
73,Once upon a time there was a brother and sister who loved to play together.,"user
Once upon a time there was a brother and sister who loved to play together.  They were both very young, and they had",teacher,7.0,4.0,3.0
73,Once upon a time there was a brother and sister who loved to play together.,"user
Once upon a time there was a brother and sister who loved to play together.  They were both very young, and they had",teacher,7.0,4.0,5.0
73,Once upon a time there was a brother and sister who loved to play together.,"user
Once upon a time there was a brother and sister who loved to play together.  They were both very young, and they had",teacher,7.0,4.0,7.0
73,Once upon a time there was a brother and sister who loved to play together.,"user
Once upon a time there was a brother and sister who loved to play together.  They had a small house on the hill.",firefighter,8.0,4.0,3.0
73,Once upon a time there was a brother and sister who loved to play together.,"user
Once upon a time there was a brother and sister who loved to play together.  They had a wild and wild and wild life",firefighter,8.0,4.0,5.0
73,Once upon a time there was a brother and sister who loved to play together.,"user
Once upon a time there was a brother and sister who loved to play together.  They started a wild and wild and wild life",firefighter,8.0,4.0,7.0
73,Once upon a time there was a brother and sister who loved to play together.,"user
Once upon a time there was a brother and sister who loved to play together. They were both very young, and their parents were",architect,9.0,4.0,3.0
73,Once upon a time there was a brother and sister who loved to play together.,"user
Once upon a time there was a brother and sister who loved to play together. They were both very young, and their parents were",architect,9.0,4.0,5.0
73,Once upon a time there was a brother and sister who loved to play together.,"user
Once upon a time there was a brother and sister who loved to play together.  They were both very young, and their father",architect,9.0,4.0,7.0
74,"Once upon a time, there was a tall fox who lived in the forest. She","Once upon a time, there was a tall fox who lived in the forest. She was very clever and very smart. She had a",,,,
74,"Once upon a time, there was a tall fox who lived in the forest. She","user
Once upon a time, there was a tall fox who lived in the forest. She was very proud of her math skills, and she",mathematician,0.0,8.0,3.0
74,"Once upon a time, there was a tall fox who lived in the forest. She","user
Once upon a time, there was a tall fox who lived in the forest. She was very proud of her math skills, and she",mathematician,0.0,8.0,5.0
74,"Once upon a time, there was a tall fox who lived in the forest. She","user
Once upon a time, there was a tall fox who lived in the forest. She was very proud of her math problem, which was",mathematician,0.0,8.0,7.0
74,"Once upon a time, there was a tall fox who lived in the forest. She","user
Once upon a time, there was a tall fox who lived in the forest. She had a white brush and a white brush stick.",dentist,1.0,5.0,3.0
74,"Once upon a time, there was a tall fox who lived in the forest. She","user
Once upon a time, there was a tall fox who lived in the forest. She had a white smile and a white brush. She",dentist,1.0,5.0,5.0
74,"Once upon a time, there was a tall fox who lived in the forest. She","user
Once upon a time, there was a tall fox who lived in the forest. She had a white smile and a white mouth. She",dentist,1.0,5.0,7.0
74,"Once upon a time, there was a tall fox who lived in the forest. She","user
Once upon a time, there was a tall fox who lived in the forest. She was very proud of her photos, and she took",photographer,2.0,5.0,3.0
74,"Once upon a time, there was a tall fox who lived in the forest. She","user
Once upon a time, there was a tall fox who lived in the forest. She was very very very very very very very very very",photographer,2.0,5.0,5.0
74,"Once upon a time, there was a tall fox who lived in the forest. She","user
Once upon a time, there was a tall fox who lived in the forest. She took a photo of a picture. 40",photographer,2.0,5.0,7.0
74,"Once upon a time, there was a tall fox who lived in the forest. She","user
Once upon a time, there was a tall fox who lived in the forest. She was very creative and had a very fine art collection",artist,3.0,5.0,3.0
74,"Once upon a time, there was a tall fox who lived in the forest. She","user
Once upon a time, there was a tall fox who lived in the forest. She was the most creative and artistic of the fine arts",artist,3.0,5.0,5.0
74,"Once upon a time, there was a tall fox who lived in the forest. She","user
Once upon a time, there was a tall fox who lived in the forest. She was creative and artistic, and the visual arts of",artist,3.0,5.0,7.0
74,"Once upon a time, there was a tall fox who lived in the forest. She","user
Once upon a time, there was a tall fox who lived in the forest. She was a very good painter, and she had a",painter,4.0,5.0,3.0
74,"Once upon a time, there was a tall fox who lived in the forest. She","user
Once upon a time, there was a tall fox who lived in the forest. She was a painter, and she had a very good",painter,4.0,5.0,5.0
74,"Once upon a time, there was a tall fox who lived in the forest. She","user
Once upon a time, there was a tall fox who lived in the forest. She was a paintal primer, and she was a",painter,4.0,5.0,7.0
74,"Once upon a time, there was a tall fox who lived in the forest. She","user
Once upon a time, there was a tall fox who lived in the forest. She was a very clever fox who could solve puzzles and",therapist,5.0,5.0,3.0
74,"Once upon a time, there was a tall fox who lived in the forest. She","user
Once upon a time, there was a tall fox who lived in the forest. She was a very clever and a very clever fox.",therapist,5.0,5.0,5.0
74,"Once upon a time, there was a tall fox who lived in the forest. She","user
Once upon a time, there was a tall fox who lived in the forest. She was a very clever fox who had a clever a",therapist,5.0,5.0,7.0
74,"Once upon a time, there was a tall fox who lived in the forest. She","user
Once upon a time, there was a tall fox who lived in the forest. She was very kind and very wise. She was also",manager,6.0,5.0,3.0
74,"Once upon a time, there was a tall fox who lived in the forest. She","user
Once upon a time, there was a tall fox who lived in the forest. She was very kind and very wise. One day,",manager,6.0,5.0,5.0
74,"Once upon a time, there was a tall fox who lived in the forest. She","user
Once upon a time, there was a tall fox who lived in the forest. She was very kind and very wise. One day,",manager,6.0,5.0,7.0
74,"Once upon a time, there was a tall fox who lived in the forest. She","user
Once upon a time, there was a tall fox who lived in the forest. She was very kind and very wise. She was also",teacher,7.0,4.0,3.0
74,"Once upon a time, there was a tall fox who lived in the forest. She","user
Once upon a time, there was a tall fox who lived in the forest. She was very kind and very wise. She was also",teacher,7.0,4.0,5.0
74,"Once upon a time, there was a tall fox who lived in the forest. She","user
Once upon a time, there was a tall fox who lived in the forest. She was very kind and very wise. She was also",teacher,7.0,4.0,7.0
74,"Once upon a time, there was a tall fox who lived in the forest. She","user
Once upon a time, there was a tall fox who lived in the forest. She was very proud of her appearance, and she was",firefighter,8.0,4.0,3.0
74,"Once upon a time, there was a tall fox who lived in the forest. She","user
Once upon a time, there was a tall fox who lived in the forest. She was very proud of her wild, wild, wild",firefighter,8.0,4.0,5.0
74,"Once upon a time, there was a tall fox who lived in the forest. She","user
Once upon a time, there was a tall fox who lived in the forest. She had a wild wild sprinkling of wild wild sprink",firefighter,8.0,4.0,7.0
74,"Once upon a time, there was a tall fox who lived in the forest. She","user
Once upon a time, there was a tall fox who lived in the forest. She was very clever and had a very good memory.",architect,9.0,4.0,3.0
74,"Once upon a time, there was a tall fox who lived in the forest. She","user
Once upon a time, there was a tall fox who lived in the forest. She was a very good archer, and her arch",architect,9.0,4.0,5.0
74,"Once upon a time, there was a tall fox who lived in the forest. She","user
Once upon a time, there was a tall fox who lived in the forest. She was a very good archi- zarchi",architect,9.0,4.0,7.0
75,Once upon a time there was a modest lake in the middle of the,"Once upon a time there was a modest lake in the middle of the forest. The lake was not very big, but",,,,
75,Once upon a time there was a modest lake in the middle of the,"user
Once upon a time there was a modest lake in the middle of the forest. The lake was so modest that it was",mathematician,0.0,8.0,3.0
75,Once upon a time there was a modest lake in the middle of the,"user
Once upon a time there was a modest lake in the middle of the forest. The lake was so shallow that it was",mathematician,0.0,8.0,5.0
75,Once upon a time there was a modest lake in the middle of the,"user
Once upon a time there was a modest lake in the middle of the forest. The lake was very deep and had a",mathematician,0.0,8.0,7.0
75,Once upon a time there was a modest lake in the middle of the,"user
Once upon a time there was a modest lake in the middle of the forest. It was a very small lake, and",dentist,1.0,5.0,3.0
75,Once upon a time there was a modest lake in the middle of the,"user
Once upon a time there was a modest lake in the middle of the forest. It was a very large, white,",dentist,1.0,5.0,5.0
75,Once upon a time there was a modest lake in the middle of the,"user
Once upon a time there was a modest lake in the middle of the forest. It was a very large, white,",dentist,1.0,5.0,7.0
75,Once upon a time there was a modest lake in the middle of the,"user
Once upon a time there was a modest lake in the middle of the forest. The lake was so still that it took",photographer,2.0,5.0,3.0
75,Once upon a time there was a modest lake in the middle of the,"user
Once upon a time there was a modest lake in the middle of the forest. The lake was a perfect square photo backdrop",photographer,2.0,5.0,5.0
75,Once upon a time there was a modest lake in the middle of the,"user
Once upon a time there was a modest lake in the middle of the photos. Take a picture of a lake with a",photographer,2.0,5.0,7.0
75,Once upon a time there was a modest lake in the middle of the,"user
Once upon a time there was a modest lake in the middle of the forest. The lake was surrounded by a beautiful,",artist,3.0,5.0,3.0
75,Once upon a time there was a modest lake in the middle of the,"user
Once upon a time there was a modest lake in the middle of the arts and fine performing and visual arts and the performing",artist,3.0,5.0,5.0
75,Once upon a time there was a modest lake in the middle of the,"user
Once upon a time there was a modest lake in the middle of the arts and performing fine performing fine performing fine performing fine",artist,3.0,5.0,7.0
75,Once upon a time there was a modest lake in the middle of the,"user
Once upon a time there was a modest lake in the middle of the forest. It was a small lake, and it",painter,4.0,5.0,3.0
75,Once upon a time there was a modest lake in the middle of the,"user
Once upon a time there was a modest lake in the middle of the forest. It was a small lake, and it",painter,4.0,5.0,5.0
75,Once upon a time there was a modest lake in the middle of the,"user
Once upon a time there was a modest lake in the middle of the painting.  It was a small lake, it",painter,4.0,5.0,7.0
75,Once upon a time there was a modest lake in the middle of the,"user
Once upon a time there was a modest lake in the middle of the forest. It was a beautiful place to visit.",therapist,5.0,5.0,3.0
75,Once upon a time there was a modest lake in the middle of the,"user
Once upon a time there was a modest lake in the middle of the forest. It was a beautiful summer day, and",therapist,5.0,5.0,5.0
75,Once upon a time there was a modest lake in the middle of the,"user
Once upon a time there was a modest lake in the middle of the forest a a a a a a a a a",therapist,5.0,5.0,7.0
75,Once upon a time there was a modest lake in the middle of the,"user
Once upon a time there was a modest lake in the middle of the forest. It was a very small lake, but",manager,6.0,5.0,3.0
75,Once upon a time there was a modest lake in the middle of the,"user
Once upon a time there was a modest lake in the middle of the forest. It was a very large lake, and",manager,6.0,5.0,5.0
75,Once upon a time there was a modest lake in the middle of the,"user
Once upon a time there was a modest lake in the middle of the forest. It was a very large lake, but",manager,6.0,5.0,7.0
75,Once upon a time there was a modest lake in the middle of the,"user
Once upon a time there was a modest lake in the middle of the forest. It was a beautiful place to visit.",teacher,7.0,4.0,3.0
75,Once upon a time there was a modest lake in the middle of the,"user
Once upon a time there was a modest lake in the middle of the forest. It was a beautiful place to visit.",teacher,7.0,4.0,5.0
75,Once upon a time there was a modest lake in the middle of the,"user
Once upon a time there was a modest lake in the middle of the forest. It was a beautiful place to visit.",teacher,7.0,4.0,7.0
75,Once upon a time there was a modest lake in the middle of the,"user
Once upon a time there was a modest lake in the middle of the forest. The lake was surrounded by a wild and",firefighter,8.0,4.0,3.0
75,Once upon a time there was a modest lake in the middle of the,"user
Once upon a time there was a modest lake in the middle of the forest. The lake was very small, but it",firefighter,8.0,4.0,5.0
75,Once upon a time there was a modest lake in the middle of the,"user
Once upon a time there was a modest lake in the middle of the wild forest.  This lake had a wild and",firefighter,8.0,4.0,7.0
75,Once upon a time there was a modest lake in the middle of the,"user
Once upon a time there was a modest lake in the middle of the forest. The lake was not very large, but",architect,9.0,4.0,3.0
75,Once upon a time there was a modest lake in the middle of the,"user
Once upon a time there was a modest lake in the middle of the forest. The lake was not very large, but",architect,9.0,4.0,5.0
75,Once upon a time there was a modest lake in the middle of the,"user
Once upon a time there was a modest lake in the middle of the forest. The lake was not very large, but",architect,9.0,4.0,7.0
76,"One day, Jane and her daddy were at the park. Jane saw something","One day, Jane and her daddy were at the park. Jane saw something that looked like a fish, but it was not",,,,
76,"One day, Jane and her daddy were at the park. Jane saw something","user
One day, Jane and her daddy were at the park. Jane saw something that looked like a math problem. She asked her",mathematician,0.0,8.0,3.0
76,"One day, Jane and her daddy were at the park. Jane saw something","user
One day, Jane and her daddy were at the park. Jane saw something that looked like a math problem. She asked her",mathematician,0.0,8.0,5.0
76,"One day, Jane and her daddy were at the park. Jane saw something","user
One day, Jane and her daddy were at the park. Jane saw something that looked like a math problem. She asked her",mathematician,0.0,8.0,7.0
76,"One day, Jane and her daddy were at the park. Jane saw something","user
One day, Jane and her daddy were at the park. Jane saw something that she thought was a car. She said,",dentist,1.0,5.0,3.0
76,"One day, Jane and her daddy were at the park. Jane saw something","user
One day, Jane and her daddy were at the park. Jane saw something that she had never seen before, and she asked",dentist,1.0,5.0,5.0
76,"One day, Jane and her daddy were at the park. Jane saw something","user
One day, Jane and her daddy were at the park. Jane saw something that she had not seen in a while. She",dentist,1.0,5.0,7.0
76,"One day, Jane and her daddy were at the park. Jane saw something","user
One day, Jane and her daddy were at the park. Jane saw something that looked like a picture. She took a photo",photographer,2.0,5.0,3.0
76,"One day, Jane and her daddy were at the park. Jane saw something","user
One day, Jane and her daddy were at the park. Jane saw something in a photo album. She took a picture of",photographer,2.0,5.0,5.0
76,"One day, Jane and her daddy were at the park. Jane saw something","user
One day, Jane and her daddy were at the park. Jane saw something photosyphototrophic.  Take a",photographer,2.0,5.0,7.0
76,"One day, Jane and her daddy were at the park. Jane saw something","user
One day, Jane and her daddy were at the park. Jane saw something that looked like a duck. She said, """,artist,3.0,5.0,3.0
76,"One day, Jane and her daddy were at the park. Jane saw something","user
One day, Jane and her daddy were at the park. Jane saw something creative and made the art of the day. The",artist,3.0,5.0,5.0
76,"One day, Jane and her daddy were at the park. Jane saw something","user
One day, Jane and her daddy were at the park. Jane saw something creative and artistic, and the visual arts of the",artist,3.0,5.0,7.0
76,"One day, Jane and her daddy were at the park. Jane saw something","user
One day, Jane and her daddy were at the park. Jane saw something that she liked, and she asked her daddy to",painter,4.0,5.0,3.0
76,"One day, Jane and her daddy were at the park. Jane saw something","user
One day, Jane and her daddy were at the park. Jane saw something that she liked, and she painted it. She",painter,4.0,5.0,5.0
76,"One day, Jane and her daddy were at the park. Jane saw something","user
One day, Jane and her daddy were at the park. Jane saw something that she liked, and she painted it with her",painter,4.0,5.0,7.0
76,"One day, Jane and her daddy were at the park. Jane saw something","user
One day, Jane and her daddy were at the park. Jane saw something that looked like a square. She said, """,therapist,5.0,5.0,3.0
76,"One day, Jane and her daddy were at the park. Jane saw something","user
One day, Jane and her daddy were at the park. Jane saw something that she thought was a 1000",therapist,5.0,5.0,5.0
76,"One day, Jane and her daddy were at the park. Jane saw something","user
One day, Jane and her daddy were at the park. Jane saw something that she thought was a a a a a a",therapist,5.0,5.0,7.0
76,"One day, Jane and her daddy were at the park. Jane saw something","user
One day, Jane and her daddy were at the park. Jane saw something that looked like a fish, but it was not",manager,6.0,5.0,3.0
76,"One day, Jane and her daddy were at the park. Jane saw something","user
One day, Jane and her daddy were at the park. Jane saw something that she wanted to buy. She asked her daddy",manager,6.0,5.0,5.0
76,"One day, Jane and her daddy were at the park. Jane saw something","user
One day, Jane and her daddy were at the park. Jane saw something that she had never seen before, and she asked",manager,6.0,5.0,7.0
76,"One day, Jane and her daddy were at the park. Jane saw something","user
One day, Jane and her daddy were at the park. Jane saw something that looked like a fish, but it was not",teacher,7.0,4.0,3.0
76,"One day, Jane and her daddy were at the park. Jane saw something","user
One day, Jane and her daddy were at the park. Jane saw something that looked like a triangle. She said, """,teacher,7.0,4.0,5.0
76,"One day, Jane and her daddy were at the park. Jane saw something","user
One day, Jane and her daddy were at the park. Jane saw something that looked like a triangle. She said, """,teacher,7.0,4.0,7.0
76,"One day, Jane and her daddy were at the park. Jane saw something","user
One day, Jane and her daddy were at the park. Jane saw something that caught her eye. She noticed that the number",firefighter,8.0,4.0,3.0
76,"One day, Jane and her daddy were at the park. Jane saw something","user
One day, Jane and her daddy were at the park. Jane saw something that caught her eye. She noticed that the number",firefighter,8.0,4.0,5.0
76,"One day, Jane and her daddy were at the park. Jane saw something","user
One day, Jane and her daddy were at the park. Jane saw something that caught her eye. She put a wild wild",firefighter,8.0,4.0,7.0
76,"One day, Jane and her daddy were at the park. Jane saw something","user
One day, Jane and her daddy were at the park. Jane saw something strange in the water. She asked her daddy,",architect,9.0,4.0,3.0
76,"One day, Jane and her daddy were at the park. Jane saw something","user
One day, Jane and her daddy were at the park. Jane saw something strange. She was looking at a red box.",architect,9.0,4.0,5.0
76,"One day, Jane and her daddy were at the park. Jane saw something","user
One day, Jane and her daddy were at the park. Jane saw something red and blue. She said, ""This is",architect,9.0,4.0,7.0
77,It was a sunny day and Jimmy was out playing in the park.,"It was a sunny day and Jimmy was out playing in the park. He was playing with a ball, and he was",,,,
77,It was a sunny day and Jimmy was out playing in the park.,"user
It was a sunny day and Jimmy was out playing in the park. He was playing with his dog, and the dog",mathematician,0.0,8.0,3.0
77,It was a sunny day and Jimmy was out playing in the park.,"user
It was a sunny day and Jimmy was out playing in the park. He was playing with his math problem. He had",mathematician,0.0,8.0,5.0
77,It was a sunny day and Jimmy was out playing in the park.,"user
It was a sunny day and Jimmy was out playing in the park. He was doing math problems in the park. He",mathematician,0.0,8.0,7.0
77,It was a sunny day and Jimmy was out playing in the park.,"user
It was a sunny day and Jimmy was out playing in the park. He had a small white dog, a red car",dentist,1.0,5.0,3.0
77,It was a sunny day and Jimmy was out playing in the park.,"user
It was a sunny day and Jimmy was out playing in the park. He had a white smile and a white tooth.",dentist,1.0,5.0,5.0
77,It was a sunny day and Jimmy was out playing in the park.,"user
It was a sunny day and Jimmy was out playing in the park. He had a white smile and a white tooth.",dentist,1.0,5.0,7.0
77,It was a sunny day and Jimmy was out playing in the park.,"user
It was a sunny day and Jimmy was out playing in the park. He took a picture of a tree. Then he",photographer,2.0,5.0,3.0
77,It was a sunny day and Jimmy was out playing in the park.,"user
It was a sunny day and Jimmy was out playing in the park. He took a photo of a picture of a picture",photographer,2.0,5.0,5.0
77,It was a sunny day and Jimmy was out playing in the park.,"user
It was a sunny day and Jimmy was out playing in the park. He took a photo of a picture of a picture",photographer,2.0,5.0,7.0
77,It was a sunny day and Jimmy was out playing in the park.,"user
It was a sunny day and Jimmy was out playing in the park. He had a big bag of marbles. He",artist,3.0,5.0,3.0
77,It was a sunny day and Jimmy was out playing in the park.,"user
It was a sunny day and Jimmy was out playing in the park.  The arts and the fine performing and the visual",artist,3.0,5.0,5.0
77,It was a sunny day and Jimmy was out playing in the park.,"user
It was a sunny day and Jimmy was out playing in the park.  The visual arts fine plastic fine plastic fine plastic",artist,3.0,5.0,7.0
77,It was a sunny day and Jimmy was out playing in the park.,"user
It was a sunny day and Jimmy was out playing in the park. He painted the fence with his brush. 1",painter,4.0,5.0,3.0
77,It was a sunny day and Jimmy was out playing in the park.,"user
It was a sunny day and Jimmy was out playing in the park. He painted a 100000",painter,4.0,5.0,5.0
77,It was a sunny day and Jimmy was out playing in the park.,"user
It was a sunny day and Jimmy was out playing in the park.  paint  alodododododod",painter,4.0,5.0,7.0
77,It was a sunny day and Jimmy was out playing in the park.,"user
It was a sunny day and Jimmy was out playing in the park. He was playing with a ball, and he was",therapist,5.0,5.0,3.0
77,It was a sunny day and Jimmy was out playing in the park.,"user
It was a sunny day and Jimmy was out playing in the park. He was playing with a ball that had a mass",therapist,5.0,5.0,5.0
77,It was a sunny day and Jimmy was out playing in the park.,"user
It was a sunny day and Jimmy was out playing in the park. He found a 100000",therapist,5.0,5.0,7.0
77,It was a sunny day and Jimmy was out playing in the park.,"user
It was a sunny day and Jimmy was out playing in the park. He was playing with a ball, and he was",manager,6.0,5.0,3.0
77,It was a sunny day and Jimmy was out playing in the park.,"user
It was a sunny day and Jimmy was out playing in the park. He was playing with a ball, and he was",manager,6.0,5.0,5.0
77,It was a sunny day and Jimmy was out playing in the park.,"user
It was a sunny day and Jimmy was out playing in the park. He was playing with a ball, and he was",manager,6.0,5.0,7.0
77,It was a sunny day and Jimmy was out playing in the park.,"user
It was a sunny day and Jimmy was out playing in the park. He saw a man who was playing a guitar.",teacher,7.0,4.0,3.0
77,It was a sunny day and Jimmy was out playing in the park.,"user
It was a sunny day and Jimmy was out playing in the park. He saw a man who was playing a guitar.",teacher,7.0,4.0,5.0
77,It was a sunny day and Jimmy was out playing in the park.,"user
It was a sunny day and Jimmy was out playing in the park. He saw a man who was a math teacher,",teacher,7.0,4.0,7.0
77,It was a sunny day and Jimmy was out playing in the park.,"user
It was a sunny day and Jimmy was out playing in the park. He noticed a wild goose that was on the grass",firefighter,8.0,4.0,3.0
77,It was a sunny day and Jimmy was out playing in the park.,"user
It was a sunny day and Jimmy was out playing in the park. He started a small
intinery with a wild",firefighter,8.0,4.0,5.0
77,It was a sunny day and Jimmy was out playing in the park.,"user
It was a sunny day and Jimmy was out playing in the park. He started a wild
hydrulfe
Put",firefighter,8.0,4.0,7.0
77,It was a sunny day and Jimmy was out playing in the park.,"user
It was a sunny day and Jimmy was out playing in the park. He was playing with his dog, and the dog",architect,9.0,4.0,3.0
77,It was a sunny day and Jimmy was out playing in the park.,"user
It was a sunny day and Jimmy was out playing in the park. He was
designed to be a good arch",architect,9.0,4.0,5.0
77,It was a sunny day and Jimmy was out playing in the park.,"user
It was a sunny day and Jimmy was out playing in the park. He was
designed to be a good arch",architect,9.0,4.0,7.0
78,"Once, there were two friends","Once, there were two friends, A and B, who were both working in",,,,
78,"Once, there were two friends","user
Once, there were two friends, A and B, who were both mathematicians",mathematician,0.0,8.0,3.0
78,"Once, there were two friends","user
Once, there were two friends, A and B, who were both mathematicians",mathematician,0.0,8.0,5.0
78,"Once, there were two friends","user
Once, there were two friends, A and B, who were both mathematicians",mathematician,0.0,8.0,7.0
78,"Once, there were two friends","user
Once, there were two friends, X and Y, who were in a car",dentist,1.0,5.0,3.0
78,"Once, there were two friends","user
Once, there were two friends, a white and a black, who were sitting",dentist,1.0,5.0,5.0
78,"Once, there were two friends","user
Once, there were two friends, a white and a silver, who were
",dentist,1.0,5.0,7.0
78,"Once, there were two friends","user
Once, there were two friends, A and B, who were taking a photo",photographer,2.0,5.0,3.0
78,"Once, there were two friends","user
Once, there were two friends, A and B, who took a photo.",photographer,2.0,5.0,5.0
78,"Once, there were two friends","user
Once, there were two friends, Alice and Bob, who took photos for a",photographer,2.0,5.0,7.0
78,"Once, there were two friends","user
Once, there were two friends, A and B, who were both artists.",artist,3.0,5.0,3.0
78,"Once, there were two friends","user
Once, there were two friends, A and B, who were both artists.",artist,3.0,5.0,5.0
78,"Once, there were two friends","user
Once, there were two friends of art, the visual and the plastic, the",artist,3.0,5.0,7.0
78,"Once, there were two friends","user
Once, there were two friends, A and B, who were painting a wall",painter,4.0,5.0,3.0
78,"Once, there were two friends","user
Once, there were two friends, one red and one green, who were painting",painter,4.0,5.0,5.0
78,"Once, there were two friends","user
Once, there were two friends, a painter and a painter 2, who",painter,4.0,5.0,7.0
78,"Once, there were two friends","user
Once, there were two friends, A and B, who were playing a game",therapist,5.0,5.0,3.0
78,"Once, there were two friends","user
Once, there were two friends, a man and a woman, who were both",therapist,5.0,5.0,5.0
78,"Once, there were two friends","user
Once, there were two friends who had a very small and a very large a",therapist,5.0,5.0,7.0
78,"Once, there were two friends","user
Once, there were two friends, A and B, who were in a room",manager,6.0,5.0,3.0
78,"Once, there were two friends","user
Once, there were two friends, A and B, who were both in a",manager,6.0,5.0,5.0
78,"Once, there were two friends","user
Once, there were two friends, A and B, who were both in a",manager,6.0,5.0,7.0
78,"Once, there were two friends","user
Once, there were two friends, A and B, who were both working in",teacher,7.0,4.0,3.0
78,"Once, there were two friends","user
Once, there were two friends, Mr. A and Mr. B, who",teacher,7.0,4.0,5.0
78,"Once, there were two friends","user
Once, there were two friends, Mr. Smith and Mr. Jones, who",teacher,7.0,4.0,7.0
78,"Once, there were two friends","user
Once, there were two friends, A and B, who were both very interested",firefighter,8.0,4.0,3.0
78,"Once, there were two friends","user
Once, there were two friends, P and Q, who were both very interested",firefighter,8.0,4.0,5.0
78,"Once, there were two friends","user
Once, there were two friends, a volunteer and a volunteer
exta
",firefighter,8.0,4.0,7.0
78,"Once, there were two friends","user
Once, there were two friends, A and B, who were in a competition",architect,9.0,4.0,3.0
78,"Once, there were two friends","user
Once, there were two friends, A and B, who were in a desert",architect,9.0,4.0,5.0
78,"Once, there were two friends","user
Once, there were two friends, A and B, who were in a desert",architect,9.0,4.0,7.0
79,"One day, Little Bear and his Mommy","One day, Little Bear and his Mommy are playing with a ball. They are on the",,,,
79,"One day, Little Bear and his Mommy","user
One day, Little Bear and his Mommy are playing with a math problem. They have a",mathematician,0.0,8.0,3.0
79,"One day, Little Bear and his Mommy","user
One day, Little Bear and his Mommy are playing with a math puzzle. The puzzle is",mathematician,0.0,8.0,5.0
79,"One day, Little Bear and his Mommy","user
One day, Little Bear and his Mommy are playing with mathematics.  The math problem is",mathematician,0.0,8.0,7.0
79,"One day, Little Bear and his Mommy","user
One day, Little Bear and his Mommy, the cat, and the dog, and the",dentist,1.0,5.0,3.0
79,"One day, Little Bear and his Mommy","user
One day, Little Bear and his Mommy, and a few other bears, were in a",dentist,1.0,5.0,5.0
79,"One day, Little Bear and his Mommy","user
One day, Little Bear and his Mommy, and a few other white teeth, and a",dentist,1.0,5.0,7.0
79,"One day, Little Bear and his Mommy","user
One day, Little Bear and his Mommy took a photo of a tree. The photo shows",photographer,2.0,5.0,3.0
79,"One day, Little Bear and his Mommy","user
One day, Little Bear and his Mommy took a photo of a picture. The picture is",photographer,2.0,5.0,5.0
79,"One day, Little Bear and his Mommy","user
One day, Little Bear and his Mommy took a photo.  The photo is a rectangle",photographer,2.0,5.0,7.0
79,"One day, Little Bear and his Mommy","user
One day, Little Bear and his Mommy are making a cake. The cake is a cube",artist,3.0,5.0,3.0
79,"One day, Little Bear and his Mommy","user
One day, Little Bear and his Mommy are making the arts and fine plastic fine plastic fine",artist,3.0,5.0,5.0
79,"One day, Little Bear and his Mommy","user
One day, Little Bear and his Mommy artist fine arts plastic arts and the visual arts fine",artist,3.0,5.0,7.0
79,"One day, Little Bear and his Mommy","user
One day, Little Bear and his Mommy are painting a wall.  The total number of",painter,4.0,5.0,3.0
79,"One day, Little Bear and his Mommy","user
One day, Little Bear and his Mommy, the paint painter, and the paint brush are",painter,4.0,5.0,5.0
79,"One day, Little Bear and his Mommy","user
One day, Little Bear and his Mommy paint a painting of the 12 colors of",painter,4.0,5.0,7.0
79,"One day, Little Bear and his Mommy","user
One day, Little Bear and his Mommy are playing a game. They have a 1",therapist,5.0,5.0,3.0
79,"One day, Little Bear and his Mommy","user
One day, Little Bear and his Mommy are playing a game where they have to find a",therapist,5.0,5.0,5.0
79,"One day, Little Bear and his Mommy","user
One day, Little Bear and his Mommy awoke a a a a a a a a",therapist,5.0,5.0,7.0
79,"One day, Little Bear and his Mommy","user
One day, Little Bear and his Mommy are playing with a board game. The board is",manager,6.0,5.0,3.0
79,"One day, Little Bear and his Mommy","user
One day, Little Bear and his Mommy are playing with a board game. The board is",manager,6.0,5.0,5.0
79,"One day, Little Bear and his Mommy","user
One day, Little Bear and his Mommy are playing with a board game. The board is",manager,6.0,5.0,7.0
79,"One day, Little Bear and his Mommy","user
One day, Little Bear and his Mommy are playing with a ball.  The ball is",teacher,7.0,4.0,3.0
79,"One day, Little Bear and his Mommy","user
One day, Little Bear and his Mommy are playing with a ball.  The ball is",teacher,7.0,4.0,5.0
79,"One day, Little Bear and his Mommy","user
One day, Little Bear and his Mommy are playing with a new math game. The game",teacher,7.0,4.0,7.0
79,"One day, Little Bear and his Mommy","user
One day, Little Bear and his Mommy are playing a game. The game is to put",firefighter,8.0,4.0,3.0
79,"One day, Little Bear and his Mommy","user
One day, Little Bear and his Mommy are on a trip. They are on a road",firefighter,8.0,4.0,5.0
79,"One day, Little Bear and his Mommy","user
One day, Little Bear and his Mommy put a wild wild truck on a wild wild truck",firefighter,8.0,4.0,7.0
79,"One day, Little Bear and his Mommy","user
One day, Little Bear and his Mommy are playing with a 3D grid. The",architect,9.0,4.0,3.0
79,"One day, Little Bear and his Mommy","user
One day, Little Bear and his Mommy were in a store. Little Bear was very
",architect,9.0,4.0,5.0
79,"One day, Little Bear and his Mommy","user
One day, Little Bear and his Mommy were in a garden. Little Bear is a very",architect,9.0,4.0,7.0
80,"Once upon a time, a little girl named Nora wanted","Once upon a time, a little girl named Nora wanted to be a painter. She loved to draw and",,,,
80,"Once upon a time, a little girl named Nora wanted","user
Once upon a time, a little girl named Nora wanted to be a mathematician. She was very good",mathematician,0.0,8.0,3.0
80,"Once upon a time, a little girl named Nora wanted","user
Once upon a time, a little girl named Nora wanted to be a mathematician. She was very good",mathematician,0.0,8.0,5.0
80,"Once upon a time, a little girl named Nora wanted","user
Once upon a time, a little girl named Nora wanted to be a mathematician. She was very good",mathematician,0.0,8.0,7.0
80,"Once upon a time, a little girl named Nora wanted","user
Once upon a time, a little girl named Nora wanted to be a dentist. She had a very good",dentist,1.0,5.0,3.0
80,"Once upon a time, a little girl named Nora wanted","user
Once upon a time, a little girl named Nora wanted to learn the art of the flossing.",dentist,1.0,5.0,5.0
80,"Once upon a time, a little girl named Nora wanted","user
Once upon a time, a little girl named Nora wanted to fill her mouth with a smile. She had",dentist,1.0,5.0,7.0
80,"Once upon a time, a little girl named Nora wanted","user
Once upon a time, a little girl named Nora wanted to take a picture of her family. She took",photographer,2.0,5.0,3.0
80,"Once upon a time, a little girl named Nora wanted","user
Once upon a time, a little girl named Nora wanted to take a photo of a picture of a picture",photographer,2.0,5.0,5.0
80,"Once upon a time, a little girl named Nora wanted","user
Once upon a time, a little girl named Nora wanted to take a picture of a photo. She took",photographer,2.0,5.0,7.0
80,"Once upon a time, a little girl named Nora wanted","user
Once upon a time, a little girl named Nora wanted to be an artist. She had a small,",artist,3.0,5.0,3.0
80,"Once upon a time, a little girl named Nora wanted","user
Once upon a time, a little girl named Nora wanted to be an artist. She had a fine,",artist,3.0,5.0,5.0
80,"Once upon a time, a little girl named Nora wanted","user
Once upon a time, a little girl named Nora wanted art fine and performing fine and the performing fine and",artist,3.0,5.0,7.0
80,"Once upon a time, a little girl named Nora wanted","user
Once upon a time, a little girl named Nora wanted to paint the sky. She had a brush,",painter,4.0,5.0,3.0
80,"Once upon a time, a little girl named Nora wanted","user
Once upon a time, a little girl named Nora wanted to paint the interior of her house. She decided",painter,4.0,5.0,5.0
80,"Once upon a time, a little girl named Nora wanted","user
Once upon a time, a little girl named Nora wanted to paint a painting of the paint thin. She",painter,4.0,5.0,7.0
80,"Once upon a time, a little girl named Nora wanted","user
Once upon a time, a little girl named Nora wanted to be a doctor. She was very curious and",therapist,5.0,5.0,3.0
80,"Once upon a time, a little girl named Nora wanted","user
Once upon a time, a little girl named Nora wanted to be a doctor. She was a very good",therapist,5.0,5.0,5.0
80,"Once upon a time, a little girl named Nora wanted","user
Once upon a time, a little girl named Nora wanted to be a poet. She was a little girl",therapist,5.0,5.0,7.0
80,"Once upon a time, a little girl named Nora wanted","user
Once upon a time, a little girl named Nora wanted to be a doctor. She was very curious and",manager,6.0,5.0,3.0
80,"Once upon a time, a little girl named Nora wanted","user
Once upon a time, a little girl named Nora wanted to be a doctor. She was very curious and",manager,6.0,5.0,5.0
80,"Once upon a time, a little girl named Nora wanted","user
Once upon a time, a little girl named Nora wanted to be a leader. She was very kind and",manager,6.0,5.0,7.0
80,"Once upon a time, a little girl named Nora wanted","user
Once upon a time, a little girl named Nora wanted to be a doctor. She was very curious and",teacher,7.0,4.0,3.0
80,"Once upon a time, a little girl named Nora wanted","user
Once upon a time, a little girl named Nora wanted to be a teacher. She was very good at",teacher,7.0,4.0,5.0
80,"Once upon a time, a little girl named Nora wanted","user
Once upon a time, a little girl named Nora wanted to be a teacher. She was very good at",teacher,7.0,4.0,7.0
80,"Once upon a time, a little girl named Nora wanted","user
Once upon a time, a little girl named Nora wanted to be a painter. She had a small,",firefighter,8.0,4.0,3.0
80,"Once upon a time, a little girl named Nora wanted","user
Once upon a time, a little girl named Nora wanted to put a wild wild______ on her new",firefighter,8.0,4.0,5.0
80,"Once upon a time, a little girl named Nora wanted","user
Once upon a time, a little girl named Nora wanted a wild and wild wild______ (exta",firefighter,8.0,4.0,7.0
80,"Once upon a time, a little girl named Nora wanted","user
Once upon a time, a little girl named Nora wanted to be a doctor. She was very curious and",architect,9.0,4.0,3.0
80,"Once upon a time, a little girl named Nora wanted","user
Once upon a time, a little girl named Nora wanted to learn the secrets of the world. She was",architect,9.0,4.0,5.0
80,"Once upon a time, a little girl named Nora wanted","user
Once upon a time, a little girl named Nora wanted to learn the archetecture of the world's",architect,9.0,4.0,7.0
81,"Once upon a time, there lived a lively young reindeer in","Once upon a time, there lived a lively young reindeer in the forest. His name was Rudi. R",,,,
81,"Once upon a time, there lived a lively young reindeer in","user
Once upon a time, there lived a lively young reindeer in the forest. He was named Rudi. R",mathematician,0.0,8.0,3.0
81,"Once upon a time, there lived a lively young reindeer in","user
Once upon a time, there lived a lively young reindeer in the forest. He was very proud of his math",mathematician,0.0,8.0,5.0
81,"Once upon a time, there lived a lively young reindeer in","user
Once upon a time, there lived a lively young reindeer in the forest. He was very proud of his mathematics",mathematician,0.0,8.0,7.0
81,"Once upon a time, there lived a lively young reindeer in","user
Once upon a time, there lived a lively young reindeer in the forest. He had a very bright and white",dentist,1.0,5.0,3.0
81,"Once upon a time, there lived a lively young reindeer in","user
Once upon a time, there lived a lively young reindeer in the forest. She had a very large, white",dentist,1.0,5.0,5.0
81,"Once upon a time, there lived a lively young reindeer in","user
Once upon a time, there lived a lively young reindeer in the mouth of a very large and white cavity.",dentist,1.0,5.0,7.0
81,"Once upon a time, there lived a lively young reindeer in","user
Once upon a time, there lived a lively young reindeer in a forest. The reindeer was named Dora",photographer,2.0,5.0,3.0
81,"Once upon a time, there lived a lively young reindeer in","user
Once upon a time, there lived a lively young reindeer in a forest. The photos of the reinod took",photographer,2.0,5.0,5.0
81,"Once upon a time, there lived a lively young reindeer in","user
Once upon a time, there lived a lively young reindeer in a photo studio taking pictures of a group of photos",photographer,2.0,5.0,7.0
81,"Once upon a time, there lived a lively young reindeer in","user
Once upon a time, there lived a lively young reindeer in the forest. The young reindeer was named R",artist,3.0,5.0,3.0
81,"Once upon a time, there lived a lively young reindeer in","user
Once upon a time, there lived a lively young reindeer in the fine arts and performing fine plastic arts, the",artist,3.0,5.0,5.0
81,"Once upon a time, there lived a lively young reindeer in","user
Once upon a time, there lived a lively young reindeer in the fine arts fine plastic arts fine performing arts fine",artist,3.0,5.0,7.0
81,"Once upon a time, there lived a lively young reindeer in","user
Once upon a time, there lived a lively young reindeer in a forest. He was a very bright and clever",painter,4.0,5.0,3.0
81,"Once upon a time, there lived a lively young reindeer in","user
Once upon a time, there lived a lively young reindeer in a forest. She was a very bright and clever",painter,4.0,5.0,5.0
81,"Once upon a time, there lived a lively young reindeer in","user
Once upon a time, there lived a lively young reindeer in a paint thinning primer paint 100",painter,4.0,5.0,7.0
81,"Once upon a time, there lived a lively young reindeer in","user
Once upon a time, there lived a lively young reindeer in a forest. He was named R. R was",therapist,5.0,5.0,3.0
81,"Once upon a time, there lived a lively young reindeer in","user
Once upon a time, there lived a lively young reindeer in a forest. He was named R. He had",therapist,5.0,5.0,5.0
81,"Once upon a time, there lived a lively young reindeer in","user
Once upon a time, there lived a lively young reindeer in a forest called a ""Reindeer Forest"".",therapist,5.0,5.0,7.0
81,"Once upon a time, there lived a lively young reindeer in","user
Once upon a time, there lived a lively young reindeer in a forest. One day, the young reindeer",manager,6.0,5.0,3.0
81,"Once upon a time, there lived a lively young reindeer in","user
Once upon a time, there lived a lively young reindeer in a forest. One day, the young reindeer",manager,6.0,5.0,5.0
81,"Once upon a time, there lived a lively young reindeer in","user
Once upon a time, there lived a lively young reindeer in a forest. One day, the young reindeer",manager,6.0,5.0,7.0
81,"Once upon a time, there lived a lively young reindeer in","user
Once upon a time, there lived a lively young reindeer in the forest. He was named T. T was",teacher,7.0,4.0,3.0
81,"Once upon a time, there lived a lively young reindeer in","user
Once upon a time, there lived a lively young reindeer in the forest. He was named T. T was",teacher,7.0,4.0,5.0
81,"Once upon a time, there lived a lively young reindeer in","user
Once upon a time, there lived a lively young reindeer in the mountains of the north, who was known as",teacher,7.0,4.0,7.0
81,"Once upon a time, there lived a lively young reindeer in","user
Once upon a time, there lived a lively young reindeer in the forest. Her name was Lula. She",firefighter,8.0,4.0,3.0
81,"Once upon a time, there lived a lively young reindeer in","user
Once upon a time, there lived a lively young reindeer in a wild forest. Her name was Pica.",firefighter,8.0,4.0,5.0
81,"Once upon a time, there lived a lively young reindeer in","user
Once upon a time, there lived a lively young reindeer in a wild forest. Her name was Pica.",firefighter,8.0,4.0,7.0
81,"Once upon a time, there lived a lively young reindeer in","user
Once upon a time, there lived a lively young reindeer in a forest. The forest was a place of beauty",architect,9.0,4.0,3.0
81,"Once upon a time, there lived a lively young reindeer in","user
Once upon a time, there lived a lively young reindeer in a forest. The forest was a very large,",architect,9.0,4.0,5.0
81,"Once upon a time, there lived a lively young reindeer in","user
Once upon a time, there lived a lively young reindeer in a forest. The young reinzdes were very",architect,9.0,4.0,7.0
82,"Once upon a time, there lived a little girl called Lucy.","Once upon a time, there lived a little girl called Lucy. She was very kind and very clever. She was",,,,
82,"Once upon a time, there lived a little girl called Lucy.","user
Once upon a time, there lived a little girl called Lucy. She was very smart and very curious. She was",mathematician,0.0,8.0,3.0
82,"Once upon a time, there lived a little girl called Lucy.","user
Once upon a time, there lived a little girl called Lucy. She was very much loved by all the people in",mathematician,0.0,8.0,5.0
82,"Once upon a time, there lived a little girl called Lucy.","user
Once upon a time, there lived a little girl called Lucy. She was very much loved by all the people in",mathematician,0.0,8.0,7.0
82,"Once upon a time, there lived a little girl called Lucy.","user
Once upon a time, there lived a little girl called Lucy. She had a very large, white, and beautiful",dentist,1.0,5.0,3.0
82,"Once upon a time, there lived a little girl called Lucy.","user
Once upon a time, there lived a little girl called Lucy. She had a very large, white, and very",dentist,1.0,5.0,5.0
82,"Once upon a time, there lived a little girl called Lucy.","user
Once upon a time, there lived a little girl called Lucy. She had a very white, white, and white",dentist,1.0,5.0,7.0
82,"Once upon a time, there lived a little girl called Lucy.","user
Once upon a time, there lived a little girl called Lucy. She was very very very very very very very very",photographer,2.0,5.0,3.0
82,"Once upon a time, there lived a little girl called Lucy.","user
Once upon a time, there lived a little girl called Lucy. She took a picture of a photo. Then,",photographer,2.0,5.0,5.0
82,"Once upon a time, there lived a little girl called Lucy.","user
Once upon a time, there lived a little girl called Lucy. She took a picture of a photo. 4",photographer,2.0,5.0,7.0
82,"Once upon a time, there lived a little girl called Lucy.","user
Once upon a time, there lived a little girl called Lucy. She was very creative and had a passion for art",artist,3.0,5.0,3.0
82,"Once upon a time, there lived a little girl called Lucy.","user
Once upon a time, there lived a little girl called Lucy. The story begins with the visual arts, the visual",artist,3.0,5.0,5.0
82,"Once upon a time, there lived a little girl called Lucy.","user
Once upon a time, there lived a little girl called Lucy. The visual arts fine plastic arts, the visual arts",artist,3.0,5.0,7.0
82,"Once upon a time, there lived a little girl called Lucy.","user
Once upon a time, there lived a little girl called Lucy. She was a very bright and clever girl, and",painter,4.0,5.0,3.0
82,"Once upon a time, there lived a little girl called Lucy.","user
Once upon a time, there lived a little girl called Lucy. She was a very bright and paint - finisher",painter,4.0,5.0,5.0
82,"Once upon a time, there lived a little girl called Lucy.","user
Once upon a time, there lived a little girl called Lucy. She was a paint finish primer, a paint finish",painter,4.0,5.0,7.0
82,"Once upon a time, there lived a little girl called Lucy.","user
Once upon a time, there lived a little girl called Lucy. She was a very clever girl, and she had",therapist,5.0,5.0,3.0
82,"Once upon a time, there lived a little girl called Lucy.","user
Once upon a time, there lived a little girl called Lucy. She was a very clever little girl. She had",therapist,5.0,5.0,5.0
82,"Once upon a time, there lived a little girl called Lucy.","user
Once upon a time, there lived a little girl called Lucy. She was a little bit a misfit in a",therapist,5.0,5.0,7.0
82,"Once upon a time, there lived a little girl called Lucy.","user
Once upon a time, there lived a little girl called Lucy. She was very kind and very gentle. She was",manager,6.0,5.0,3.0
82,"Once upon a time, there lived a little girl called Lucy.","user
Once upon a time, there lived a little girl called Lucy. She was very kind and very gentle. She was",manager,6.0,5.0,5.0
82,"Once upon a time, there lived a little girl called Lucy.","user
Once upon a time, there lived a little girl called Lucy. She was very kind and very loving. She was",manager,6.0,5.0,7.0
82,"Once upon a time, there lived a little girl called Lucy.","user
Once upon a time, there lived a little girl called Lucy. She was very kind and very loving. She had",teacher,7.0,4.0,3.0
82,"Once upon a time, there lived a little girl called Lucy.","user
Once upon a time, there lived a little girl called Lucy. She was very kind and very loving. She had",teacher,7.0,4.0,5.0
82,"Once upon a time, there lived a little girl called Lucy.","user
Once upon a time, there lived a little girl called Lucy. She was a very good teacher, and she had",teacher,7.0,4.0,7.0
82,"Once upon a time, there lived a little girl called Lucy.","user
Once upon a time, there lived a little girl called Lucy. She was very curious and very intelligent. She had",firefighter,8.0,4.0,3.0
82,"Once upon a time, there lived a little girl called Lucy.","user
Once upon a time, there lived a little girl called Lucy. She was very curious and very intelligent. She had",firefighter,8.0,4.0,5.0
82,"Once upon a time, there lived a little girl called Lucy.","user
Once upon a time, there lived a little girl called Lucy. She had a wild and wild wild______ _",firefighter,8.0,4.0,7.0
82,"Once upon a time, there lived a little girl called Lucy.","user
Once upon a time, there lived a little girl called Lucy. She was very curious and loved to ask questions.",architect,9.0,4.0,3.0
82,"Once upon a time, there lived a little girl called Lucy.","user
Once upon a time, there lived a little girl called Lucy. She was a very good student, and her father",architect,9.0,4.0,5.0
82,"Once upon a time, there lived a little girl called Lucy.","user
Once upon a time, there lived a little girl called Lucy. She was a very good student, and her father",architect,9.0,4.0,7.0
83,Once upon a time there was a,Once upon a time there was a young girl who lived in a village. She was,,,,
83,Once upon a time there was a,"user
Once upon a time there was a mathematician who had a very large number of coins",mathematician,0.0,8.0,3.0
83,Once upon a time there was a,"user
Once upon a time there was a mathematician who had a very large number of math",mathematician,0.0,8.0,5.0
83,Once upon a time there was a,"user
Once upon a time there was a mathematician who had a very high level of mathematics",mathematician,0.0,8.0,7.0
83,Once upon a time there was a,"user
Once upon a time there was a man who had a very large family, and he",dentist,1.0,5.0,3.0
83,Once upon a time there was a,"user
Once upon a time there was a person who had a very large, very white,",dentist,1.0,5.0,5.0
83,Once upon a time there was a,"user
Once upon a time there was a person who had a very large and very white smile",dentist,1.0,5.0,7.0
83,Once upon a time there was a,"user
Once upon a time there was a man who took a photo of a picture of a",photographer,2.0,5.0,3.0
83,Once upon a time there was a,"user
Once upon a time there was a picture of a man taking a photo. The picture",photographer,2.0,5.0,5.0
83,Once upon a time there was a,"user
Once upon a time there was a picture taken of a photo studio.  The photo",photographer,2.0,5.0,7.0
83,Once upon a time there was a,"user
Once upon a time there was a creative artist, who was very creative and very artistic",artist,3.0,5.0,3.0
83,Once upon a time there was a,"user
Once upon a time there was a creative artist, who wanted to create a visual art",artist,3.0,5.0,5.0
83,Once upon a time there was a,"user
Once upon a time there was a creative artist, the fine arts fine arts fine arts",artist,3.0,5.0,7.0
83,Once upon a time there was a,"user
Once upon a time there was a painting of a girl, and the girl was painting",painter,4.0,5.0,3.0
83,Once upon a time there was a,"user
Once upon a time there was a painting of a girl that was painted by a painter",painter,4.0,5.0,5.0
83,Once upon a time there was a,"user
Once upon a time there was a painting of a painting of a painting of a painting",painter,4.0,5.0,7.0
83,Once upon a time there was a,"user
Once upon a time there was a young boy who had a very large number of coins",therapist,5.0,5.0,3.0
83,Once upon a time there was a,"user
Once upon a time there was a young boy who had a very large number of a",therapist,5.0,5.0,5.0
83,Once upon a time there was a,"user
Once upon a time there was a a a a a a a a a a a",therapist,5.0,5.0,7.0
83,Once upon a time there was a,"user
Once upon a time there was a man who had a very large number of apples.",manager,6.0,5.0,3.0
83,Once upon a time there was a,"user
Once upon a time there was a king who had a very large number of sheep.",manager,6.0,5.0,5.0
83,Once upon a time there was a,"user
Once upon a time there was a king who had a very large number of sheep.",manager,6.0,5.0,7.0
83,Once upon a time there was a,"user
Once upon a time there was a man who had a very large number of coins,",teacher,7.0,4.0,3.0
83,Once upon a time there was a,"user
Once upon a time there was a man who had a very large number of coins.",teacher,7.0,4.0,5.0
83,Once upon a time there was a,"user
Once upon a time there was a man who had a very large number of coins.",teacher,7.0,4.0,7.0
83,Once upon a time there was a,"user
Once upon a time there was a man who had a very large house and a very",firefighter,8.0,4.0,3.0
83,Once upon a time there was a,"user
Once upon a time there was a very large and very wild forest. The wild forest",firefighter,8.0,4.0,5.0
83,Once upon a time there was a,"user
Once upon a time there was a volunteer volunteer volunteer volunteer volunteer volunteer volunteer volunteer volunteer volunteer",firefighter,8.0,4.0,7.0
83,Once upon a time there was a,"user
Once upon a time there was a young boy who was very very very very very very",architect,9.0,4.0,3.0
83,Once upon a time there was a,"user
Once upon a time there was a young woman who was very, very, very,",architect,9.0,4.0,5.0
83,Once upon a time there was a,"user
Once upon a time there was a young archetecture |z| |z|",architect,9.0,4.0,7.0
84,"Once upon a time, there lived a little girl. She loved going outside","Once upon a time, there lived a little girl. She loved going outside and playing with her dog, Max. One day",,,,
84,"Once upon a time, there lived a little girl. She loved going outside","user
Once upon a time, there lived a little girl. She loved going outside and playing with her friends. One day, she",mathematician,0.0,8.0,3.0
84,"Once upon a time, there lived a little girl. She loved going outside","user
Once upon a time, there lived a little girl. She loved going outside and playing with her math problems. She had a",mathematician,0.0,8.0,5.0
84,"Once upon a time, there lived a little girl. She loved going outside","user
Once upon a time, there lived a little girl. She loved going outside and playing with her math and geometry problems. She",mathematician,0.0,8.0,7.0
84,"Once upon a time, there lived a little girl. She loved going outside","user
Once upon a time, there lived a little girl. She loved going outside and playing with her friends. She had a very",dentist,1.0,5.0,3.0
84,"Once upon a time, there lived a little girl. She loved going outside","user
Once upon a time, there lived a little girl. She loved going outside and brushing her teeth. She had a very large",dentist,1.0,5.0,5.0
84,"Once upon a time, there lived a little girl. She loved going outside","user
Once upon a time, there lived a little girl. She loved going outside and brushing her teeth. She had a very white",dentist,1.0,5.0,7.0
84,"Once upon a time, there lived a little girl. She loved going outside","user
Once upon a time, there lived a little girl. She loved going outside to take photos. She had a camera, a",photographer,2.0,5.0,3.0
84,"Once upon a time, there lived a little girl. She loved going outside","user
Once upon a time, there lived a little girl. She loved going outside to take photos. She took a lot of photos",photographer,2.0,5.0,5.0
84,"Once upon a time, there lived a little girl. She loved going outside","user
Once upon a time, there lived a little girl. She loved going outside to take photos. She took a lot of photos",photographer,2.0,5.0,7.0
84,"Once upon a time, there lived a little girl. She loved going outside","user
Once upon a time, there lived a little girl. She loved going outside and playing in the rain. She had a small",artist,3.0,5.0,3.0
84,"Once upon a time, there lived a little girl. She loved going outside","user
Once upon a time, there lived a little girl. She loved going outside and the arts, and the visual and performing arts",artist,3.0,5.0,5.0
84,"Once upon a time, there lived a little girl. She loved going outside","user
Once upon a time, there lived a little girl. She loved going outside of the arts and fine performing and visual arts,",artist,3.0,5.0,7.0
84,"Once upon a time, there lived a little girl. She loved going outside","user
Once upon a time, there lived a little girl. She loved going outside and painting. She was very bright and had a",painter,4.0,5.0,3.0
84,"Once upon a time, there lived a little girl. She loved going outside","user
Once upon a time, there lived a little girl. She loved going outside to paint the frescoes of the old church.",painter,4.0,5.0,5.0
84,"Once upon a time, there lived a little girl. She loved going outside","user
Once upon a time, there lived a little girl. She loved going outside to paint the paint thin. She was a very",painter,4.0,5.0,7.0
84,"Once upon a time, there lived a little girl. She loved going outside","user
Once upon a time, there lived a little girl. She loved going outside and playing with her friends. She was very curious",therapist,5.0,5.0,3.0
84,"Once upon a time, there lived a little girl. She loved going outside","user
Once upon a time, there lived a little girl. She loved going outside and playing with her friends. She was a very",therapist,5.0,5.0,5.0
84,"Once upon a time, there lived a little girl. She loved going outside","user
Once upon a time, there lived a little girl. She loved going outside and a little bit of a sun a little bit",therapist,5.0,5.0,7.0
84,"Once upon a time, there lived a little girl. She loved going outside","user
Once upon a time, there lived a little girl. She loved going outside and playing with her dog, and she was very",manager,6.0,5.0,3.0
84,"Once upon a time, there lived a little girl. She loved going outside","user
Once upon a time, there lived a little girl. She loved going outside and playing with her friends. One day, she",manager,6.0,5.0,5.0
84,"Once upon a time, there lived a little girl. She loved going outside","user
Once upon a time, there lived a little girl. She loved going outside and playing with her friends. One day, she",manager,6.0,5.0,7.0
84,"Once upon a time, there lived a little girl. She loved going outside","user
Once upon a time, there lived a little girl. She loved going outside and playing with her friends. She was very curious",teacher,7.0,4.0,3.0
84,"Once upon a time, there lived a little girl. She loved going outside","user
Once upon a time, there lived a little girl. She loved going outside and playing with her friends. She was very happy",teacher,7.0,4.0,5.0
84,"Once upon a time, there lived a little girl. She loved going outside","user
Once upon a time, there lived a little girl. She loved going outside and playing with her friends. She was very happy",teacher,7.0,4.0,7.0
84,"Once upon a time, there lived a little girl. She loved going outside","user
Once upon a time, there lived a little girl. She loved going outside and playing with her friends. One day, she",firefighter,8.0,4.0,3.0
84,"Once upon a time, there lived a little girl. She loved going outside","user
Once upon a time, there lived a little girl. She loved going outside and putting her wild, curly hair in a curly",firefighter,8.0,4.0,5.0
84,"Once upon a time, there lived a little girl. She loved going outside","user
Once upon a time, there lived a little girl. She loved going outside and putting her wild wild wild... (extingu",firefighter,8.0,4.0,7.0
84,"Once upon a time, there lived a little girl. She loved going outside","user
Once upon a time, there lived a little girl. She loved going outside and playing with her friends. She was very curious",architect,9.0,4.0,3.0
84,"Once upon a time, there lived a little girl. She loved going outside","user
Once upon a time, there lived a little girl. She loved going outside and was very curious. She was also very good",architect,9.0,4.0,5.0
84,"Once upon a time, there lived a little girl. She loved going outside","user
Once upon a time, there lived a little girl. She loved going outside and was very curious. She was also very good",architect,9.0,4.0,7.0
85,"Once there was a boy named Tom. Tom wanted to see something special,","Once there was a boy named Tom. Tom wanted to see something special, so he went to a place called the forest.",,,,
85,"Once there was a boy named Tom. Tom wanted to see something special,","user
Once there was a boy named Tom. Tom wanted to see something special, so he went to a math competition. He was",mathematician,0.0,8.0,3.0
85,"Once there was a boy named Tom. Tom wanted to see something special,","user
Once there was a boy named Tom. Tom wanted to see something special, so he went to a math competition. He was",mathematician,0.0,8.0,5.0
85,"Once there was a boy named Tom. Tom wanted to see something special,","user
Once there was a boy named Tom. Tom wanted to see something special, so he went to a math competition. He was",mathematician,0.0,8.0,7.0
85,"Once there was a boy named Tom. Tom wanted to see something special,","user
Once there was a boy named Tom. Tom wanted to see something special, so he decided to go to the dentist. He",dentist,1.0,5.0,3.0
85,"Once there was a boy named Tom. Tom wanted to see something special,","user
Once there was a boy named Tom. Tom wanted to see something special, so he decided to visit the famous Gumbilla",dentist,1.0,5.0,5.0
85,"Once there was a boy named Tom. Tom wanted to see something special,","user
Once there was a boy named Tom. Tom wanted to see something special, so he decided to visit the white smilele­",dentist,1.0,5.0,7.0
85,"Once there was a boy named Tom. Tom wanted to see something special,","user
Once there was a boy named Tom. Tom wanted to see something special, so he took a photo. He took a photo",photographer,2.0,5.0,3.0
85,"Once there was a boy named Tom. Tom wanted to see something special,","user
Once there was a boy named Tom. Tom wanted to see something special, so he took a photo. He took a photo",photographer,2.0,5.0,5.0
85,"Once there was a boy named Tom. Tom wanted to see something special,","user
Once there was a boy named Tom. Tom wanted to see something special, so he took a photo.  Take a photo",photographer,2.0,5.0,7.0
85,"Once there was a boy named Tom. Tom wanted to see something special,","user
Once there was a boy named Tom. Tom wanted to see something special, so he went to the art gallery. He found",artist,3.0,5.0,3.0
85,"Once there was a boy named Tom. Tom wanted to see something special,","user
Once there was a boy named Tom. Tom wanted to see something special, so he went to the art fine plastic. The",artist,3.0,5.0,5.0
85,"Once there was a boy named Tom. Tom wanted to see something special,","user
Once there was a boy named Tom. Tom wanted to see something special, so he went to the arts fine plastic fine plastic",artist,3.0,5.0,7.0
85,"Once there was a boy named Tom. Tom wanted to see something special,","user
Once there was a boy named Tom. Tom wanted to see something special, so he decided to paint a picture of a boy",painter,4.0,5.0,3.0
85,"Once there was a boy named Tom. Tom wanted to see something special,","user
Once there was a boy named Tom. Tom wanted to see something special, so he painted a coat. 1. ",painter,4.0,5.0,5.0
85,"Once there was a boy named Tom. Tom wanted to see something special,","user
Once there was a boy named Tom. Tom wanted to see something special, so he painted a painting of a paintball primer",painter,4.0,5.0,7.0
85,"Once there was a boy named Tom. Tom wanted to see something special,","user
Once there was a boy named Tom. Tom wanted to see something special, so he went to a place called ""The Place",therapist,5.0,5.0,3.0
85,"Once there was a boy named Tom. Tom wanted to see something special,","user
Once there was a boy named Tom. Tom wanted to see something special, so he decided to go to a special place.",therapist,5.0,5.0,5.0
85,"Once there was a boy named Tom. Tom wanted to see something special,","user
Once there was a boy named Tom. Tom wanted to see something special, so he decided to a a a a a a",therapist,5.0,5.0,7.0
85,"Once there was a boy named Tom. Tom wanted to see something special,","user
Once there was a boy named Tom. Tom wanted to see something special, so he went to a place where he could see",manager,6.0,5.0,3.0
85,"Once there was a boy named Tom. Tom wanted to see something special,","user
Once there was a boy named Tom. Tom wanted to see something special, so he went to a place where he could see",manager,6.0,5.0,5.0
85,"Once there was a boy named Tom. Tom wanted to see something special,","user
Once there was a boy named Tom. Tom wanted to see something special, so he went to a store. He bought a",manager,6.0,5.0,7.0
85,"Once there was a boy named Tom. Tom wanted to see something special,","user
Once there was a boy named Tom. Tom wanted to see something special, so he went to a place where he could see",teacher,7.0,4.0,3.0
85,"Once there was a boy named Tom. Tom wanted to see something special,","user
Once there was a boy named Tom. Tom wanted to see something special, so he went to a park. He saw a",teacher,7.0,4.0,5.0
85,"Once there was a boy named Tom. Tom wanted to see something special,","user
Once there was a boy named Tom. Tom wanted to see something special, so he went to a park. He saw a",teacher,7.0,4.0,7.0
85,"Once there was a boy named Tom. Tom wanted to see something special,","user
Once there was a boy named Tom. Tom wanted to see something special, so he went to a place where he could see",firefighter,8.0,4.0,3.0
85,"Once there was a boy named Tom. Tom wanted to see something special,","user
Once there was a boy named Tom. Tom wanted to see something special, so he went to a place where a big wild",firefighter,8.0,4.0,5.0
85,"Once there was a boy named Tom. Tom wanted to see something special,","user
Once there was a boy named Tom. Tom wanted to see something special, so he put a wild wild______ on a",firefighter,8.0,4.0,7.0
85,"Once there was a boy named Tom. Tom wanted to see something special,","user
Once there was a boy named Tom. Tom wanted to see something special, so he went to a place called the forest.",architect,9.0,4.0,3.0
85,"Once there was a boy named Tom. Tom wanted to see something special,","user
Once there was a boy named Tom. Tom wanted to see something special, so he went to a place called the Desert.",architect,9.0,4.0,5.0
85,"Once there was a boy named Tom. Tom wanted to see something special,","user
Once there was a boy named Tom. Tom wanted to see something special, so he went to a desert. The desert was",architect,9.0,4.0,7.0
86,"One summer morning, a little","One summer morning, a little girl named Alice, who was 5 years old",,,,
86,"One summer morning, a little","user
One summer morning, a little girl named Masha is playing with a ball of",mathematician,0.0,8.0,3.0
86,"One summer morning, a little","user
One summer morning, a little girl named Masha is playing with a math puzzle",mathematician,0.0,8.0,5.0
86,"One summer morning, a little","user
One summer morning, a little boy named Alonmath, who was a mathematic",mathematician,0.0,8.0,7.0
86,"One summer morning, a little","user
One summer morning, a little boy, who had been playing with his mother,",dentist,1.0,5.0,3.0
86,"One summer morning, a little","user
One summer morning, a little boy, a white car, and a white smile",dentist,1.0,5.0,5.0
86,"One summer morning, a little","user
One summer morning, a little white car with a smilebond seal of the mouth",dentist,1.0,5.0,7.0
86,"One summer morning, a little","user
One summer morning, a little girl took a photo of a picture of a picture",photographer,2.0,5.0,3.0
86,"One summer morning, a little","user
One summer morning, a little girl took a photo of a picture of a picture",photographer,2.0,5.0,5.0
86,"One summer morning, a little","user
One summer morning, a little girl took a photo of a picture of a picture",photographer,2.0,5.0,7.0
86,"One summer morning, a little","user
One summer morning, a little boy named J. is playing in the park.",artist,3.0,5.0,3.0
86,"One summer morning, a little","user
One summer morning, a little artist, a fine young man of the fine arts",artist,3.0,5.0,5.0
86,"One summer morning, a little","user
One summer morning, a little artist, the fine performing arts fine performing arts fine",artist,3.0,5.0,7.0
86,"One summer morning, a little","user
One summer morning, a little boy painted a picture of a painting of a painting",painter,4.0,5.0,3.0
86,"One summer morning, a little","user
One summer morning, a little boy painted a coat of paint.  It was",painter,4.0,5.0,5.0
86,"One summer morning, a little","user
One summer morning, a little painting paint 1800 paint 1",painter,4.0,5.0,7.0
86,"One summer morning, a little","user
One summer morning, a little girl named Lina is playing in a field.",therapist,5.0,5.0,3.0
86,"One summer morning, a little","user
One summer morning, a little girl named Lina is playing in a field of",therapist,5.0,5.0,5.0
86,"One summer morning, a little","user
One summer morning, a little girl named Lina awoke awoke awoke",therapist,5.0,5.0,7.0
86,"One summer morning, a little","user
One summer morning, a little girl named Lina is playing with her dog,",manager,6.0,5.0,3.0
86,"One summer morning, a little","user
One summer morning, a little girl named Lina is playing with a toy car",manager,6.0,5.0,5.0
86,"One summer morning, a little","user
One summer morning, a little boy named Peter is playing with a ball. He",manager,6.0,5.0,7.0
86,"One summer morning, a little","user
One summer morning, a little boy named Alex was playing with his dog, and",teacher,7.0,4.0,3.0
86,"One summer morning, a little","user
One summer morning, a little boy named Mr. T. was walking along a",teacher,7.0,4.0,5.0
86,"One summer morning, a little","user
One summer morning, a little boy named Mr. T. was walking down the",teacher,7.0,4.0,7.0
86,"One summer morning, a little","user
One summer morning, a little girl named Alice, her mother, and her father",firefighter,8.0,4.0,3.0
86,"One summer morning, a little","user
One summer morning, a little girl put a wild goose (extinguished)",firefighter,8.0,4.0,5.0
86,"One summer morning, a little","user
One summer morning, a little wild wild wild wild wild wild wild wild wild wild",firefighter,8.0,4.0,7.0
86,"One summer morning, a little","user
One summer morning, a little girl, her father, and her mother are on",architect,9.0,4.0,3.0
86,"One summer morning, a little","user
One summer morning, a little girl, her father, and her mother are on",architect,9.0,4.0,5.0
86,"One summer morning, a little","user
One summer morning, a little girl archly designed a red archetecture |",architect,9.0,4.0,7.0
87,Once there was a little girl,Once there was a little girl who lived in a small house. She had a,,,,
87,Once there was a little girl,"user
Once there was a little girl named Masha who was very curious. She was",mathematician,0.0,8.0,3.0
87,Once there was a little girl,"user
Once there was a little girl who was very proud of her mathematics skills. She",mathematician,0.0,8.0,5.0
87,Once there was a little girl,"user
Once there was a little girl who was very mathematically gifted. She was",mathematician,0.0,8.0,7.0
87,Once there was a little girl,"user
Once there was a little girl who had a very large smile.  She had",dentist,1.0,5.0,3.0
87,Once there was a little girl,"user
Once there was a little girl who had a very large smile. She had a",dentist,1.0,5.0,5.0
87,Once there was a little girl,"user
Once there was a little girl who had a very white and clean smile. She",dentist,1.0,5.0,7.0
87,Once there was a little girl,"user
Once there was a little girl named Alice who took a picture of a picture of",photographer,2.0,5.0,3.0
87,Once there was a little girl,"user
Once there was a little girl named Alice who took a picture of a picture.",photographer,2.0,5.0,5.0
87,Once there was a little girl,"user
Once there was a little girl named Mina taking a photo of a picture.",photographer,2.0,5.0,7.0
87,Once there was a little girl,"user
Once there was a little girl named Lina who lived in a village. She",artist,3.0,5.0,3.0
87,Once there was a little girl,"user
Once there was a little girl named Maud who had a creative and artistic fine",artist,3.0,5.0,5.0
87,Once there was a little girl,"user
Once there was a little girl artist, who wanted to create the fine arts fine",artist,3.0,5.0,7.0
87,Once there was a little girl,"user
Once there was a little girl who painted a red and white paint on the wall",painter,4.0,5.0,3.0
87,Once there was a little girl,"user
Once there was a little girl who painted a painting of a painting of a painting",painter,4.0,5.0,5.0
87,Once there was a little girl,"user
Once there was a little girl painting a painting of the galaxy paint 10",painter,4.0,5.0,7.0
87,Once there was a little girl,"user
Once there was a little girl who had a very special gift. She could see",therapist,5.0,5.0,3.0
87,Once there was a little girl,"user
Once there was a little girl who had a very special gift. She was able",therapist,5.0,5.0,5.0
87,Once there was a little girl,"user
Once there was a little girl who had a little a little a little a little",therapist,5.0,5.0,7.0
87,Once there was a little girl,"user
Once there was a little girl named Lina who lived in a village. She",manager,6.0,5.0,3.0
87,Once there was a little girl,"user
Once there was a little girl who was very poor and had a small amount of",manager,6.0,5.0,5.0
87,Once there was a little girl,"user
Once there was a little girl who was very poor and had a small amount of",manager,6.0,5.0,7.0
87,Once there was a little girl,"user
Once there was a little girl who was very very very very very very very very",teacher,7.0,4.0,3.0
87,Once there was a little girl,"user
Once there was a little girl who was very, very, very, very,",teacher,7.0,4.0,5.0
87,Once there was a little girl,"user
Once there was a little girl who was very, very, very, very,",teacher,7.0,4.0,7.0
87,Once there was a little girl,"user
Once there was a little girl who was very proud of her
herself",firefighter,8.0,4.0,3.0
87,Once there was a little girl,"user
Once there was a little girl who had a very big house. Her name was",firefighter,8.0,4.0,5.0
87,Once there was a little girl,"user
Once there was a little girl who had a wild wild sprinkling of wild curly",firefighter,8.0,4.0,7.0
87,Once there was a little girl,"user
Once there was a little girl who was very, very, very, very,",architect,9.0,4.0,3.0
87,Once there was a little girl,"user
Once there was a little girl who was very, very, very, very,",architect,9.0,4.0,5.0
87,Once there was a little girl,"user
Once there was a little girl who was very, very, very, very,",architect,9.0,4.0,7.0
88,Once there was a boy,Once there was a boy who was very poor. He had a small house,,,,
88,Once there was a boy,"user
Once there was a boy who was very poor, and he had a very",mathematician,0.0,8.0,3.0
88,Once there was a boy,"user
Once there was a boy who had a very good math problem to solve.",mathematician,0.0,8.0,5.0
88,Once there was a boy,"user
Once there was a boy who had a math problem to solve. He had",mathematician,0.0,8.0,7.0
88,Once there was a boy,"user
Once there was a boy who had a very large and beautiful smile. He",dentist,1.0,5.0,3.0
88,Once there was a boy,"user
Once there was a boy who had a very large and white smile. He",dentist,1.0,5.0,5.0
88,Once there was a boy,"user
Once there was a boy who had a very large and white smile. ",dentist,1.0,5.0,7.0
88,Once there was a boy,"user
Once there was a boy named Bob who took a photo of a picture of",photographer,2.0,5.0,3.0
88,Once there was a boy,"user
Once there was a boy named Bob who took a photo of a picture of",photographer,2.0,5.0,5.0
88,Once there was a boy,"user
Once there was a boy who took a photo of a picture of a picture",photographer,2.0,5.0,7.0
88,Once there was a boy,"user
Once there was a boy named J. He had a very creative name,",artist,3.0,5.0,3.0
88,Once there was a boy,"user
Once there was a boy who wanted to be creative and the arts and the",artist,3.0,5.0,5.0
88,Once there was a boy,"user
Once there was a boy artist, who wanted to create the visual arts of",artist,3.0,5.0,7.0
88,Once there was a boy,"user
Once there was a boy who painted a picture of a painting of a painting",painter,4.0,5.0,3.0
88,Once there was a boy,"user
Once there was a boy who painted a painting of a painting of a painting",painter,4.0,5.0,5.0
88,Once there was a boy,"user
Once there was a boy who paint 100 paint 10",painter,4.0,5.0,7.0
88,Once there was a boy,"user
Once there was a boy who had a very small number of friends. He",therapist,5.0,5.0,3.0
88,Once there was a boy,"user
Once there was a boy who had a very small number of a certain type",therapist,5.0,5.0,5.0
88,Once there was a boy,"user
Once there was a boy who had a 100000",therapist,5.0,5.0,7.0
88,Once there was a boy,"user
Once there was a boy who wanted to be a great leader. He was",manager,6.0,5.0,3.0
88,Once there was a boy,"user
Once there was a boy who had a very large number of apples. He",manager,6.0,5.0,5.0
88,Once there was a boy,"user
Once there was a boy who had a very large number of apples. He",manager,6.0,5.0,7.0
88,Once there was a boy,"user
Once there was a boy who was very poor, and he had a very",teacher,7.0,4.0,3.0
88,Once there was a boy,"user
Once there was a boy who was very good at math. He was so",teacher,7.0,4.0,5.0
88,Once there was a boy,"user
Once there was a boy who was very good at math. He was known",teacher,7.0,4.0,7.0
88,Once there was a boy,"user
Once there was a boy who wanted to get a job in a company.",firefighter,8.0,4.0,3.0
88,Once there was a boy,"user
Once there was a boy who had a very large number of apples. He",firefighter,8.0,4.0,5.0
88,Once there was a boy,"user
Once there was a boy who had a wild wild ____________  _",firefighter,8.0,4.0,7.0
88,Once there was a boy,"user
Once there was a boy who was very poor. He had a small house",architect,9.0,4.0,3.0
88,Once there was a boy,"user
Once there was a boy who was very, very, very, very,",architect,9.0,4.0,5.0
88,Once there was a boy,"user
Once there was a boy who was very, very, very, very,",architect,9.0,4.0,7.0
89,Once upon a time there was a coat frame. It was fit,Once upon a time there was a coat frame. It was fit for a king. But the king was not a,,,,
89,Once upon a time there was a coat frame. It was fit,"user
Once upon a time there was a coat frame. It was fit for a man, but not for a woman.",mathematician,0.0,8.0,3.0
89,Once upon a time there was a coat frame. It was fit,"user
Once upon a time there was a coat frame. It was fit for a mathematician. The mathematician was very",mathematician,0.0,8.0,5.0
89,Once upon a time there was a coat frame. It was fit,"user
Once upon a time there was a coat frame. It was fit for a mathematician. The mathematician was very",mathematician,0.0,8.0,7.0
89,Once upon a time there was a coat frame. It was fit,"user
Once upon a time there was a coat frame. It was fit for a man. The man was a very poor",dentist,1.0,5.0,3.0
89,Once upon a time there was a coat frame. It was fit,"user
Once upon a time there was a coat frame. It was fit for a person. It was a white, straight",dentist,1.0,5.0,5.0
89,Once upon a time there was a coat frame. It was fit,"user
Once upon a time there was a coat frame. It was fit and whited. It was a very white,",dentist,1.0,5.0,7.0
89,Once upon a time there was a coat frame. It was fit,"user
Once upon a time there was a coat frame. It was fit to take a picture of a person. The frame",photographer,2.0,5.0,3.0
89,Once upon a time there was a coat frame. It was fit,"user
Once upon a time there was a coat frame. It was fit to take a picture. The picture was taken.",photographer,2.0,5.0,5.0
89,Once upon a time there was a coat frame. It was fit,"user
Once upon a time there was a coat frame. It was fit photos and a picture of a photo.  Take",photographer,2.0,5.0,7.0
89,Once upon a time there was a coat frame. It was fit,"user
Once upon a time there was a coat frame. It was fitfully made of the fine arts, the fine arts",artist,3.0,5.0,3.0
89,Once upon a time there was a coat frame. It was fit,"user
Once upon a time there was a coat frame. It was fit of the arts and the fine performing arts. The",artist,3.0,5.0,5.0
89,Once upon a time there was a coat frame. It was fit,"user
Once upon a time there was a coat frame. It was fit fine, but the fine arts plastic fine plastic fine",artist,3.0,5.0,7.0
89,Once upon a time there was a coat frame. It was fit,"user
Once upon a time there was a coat frame. It was fit to paint. It was a very fine coat frame",painter,4.0,5.0,3.0
89,Once upon a time there was a coat frame. It was fit,"user
Once upon a time there was a coat frame. It was fit to paint. It was a fine coat of paint",painter,4.0,5.0,5.0
89,Once upon a time there was a coat frame. It was fit,"user
Once upon a time there was a coat frame. It was fit to paint. It was a paint finish primer.",painter,4.0,5.0,7.0
89,Once upon a time there was a coat frame. It was fit,"user
Once upon a time there was a coat frame. It was fit to be a king. It was a very long",therapist,5.0,5.0,3.0
89,Once upon a time there was a coat frame. It was fit,"user
Once upon a time there was a coat frame. It was fit to a coat. It was a good coat.",therapist,5.0,5.0,5.0
89,Once upon a time there was a coat frame. It was fit,"user
Once upon a time there was a coat frame. It was fit a a a a a a a a a a",therapist,5.0,5.0,7.0
89,Once upon a time there was a coat frame. It was fit,"user
Once upon a time there was a coat frame. It was fit for a man, but not for a woman.",manager,6.0,5.0,3.0
89,Once upon a time there was a coat frame. It was fit,"user
Once upon a time there was a coat frame. It was fit for a king. The king was very much in",manager,6.0,5.0,5.0
89,Once upon a time there was a coat frame. It was fit,"user
Once upon a time there was a coat frame. It was fit for a king. It was a very long,",manager,6.0,5.0,7.0
89,Once upon a time there was a coat frame. It was fit,"user
Once upon a time there was a coat frame. It was fit for a man, but not for a woman.",teacher,7.0,4.0,3.0
89,Once upon a time there was a coat frame. It was fit,"user
Once upon a time there was a coat frame. It was fit for a man, but not for a woman.",teacher,7.0,4.0,5.0
89,Once upon a time there was a coat frame. It was fit,"user
Once upon a time there was a coat frame. It was fit to be a master.  The coat frame was",teacher,7.0,4.0,7.0
89,Once upon a time there was a coat frame. It was fit,"user
Once upon a time there was a coat frame. It was fit to the body of a man. The man was",firefighter,8.0,4.0,3.0
89,Once upon a time there was a coat frame. It was fit,"user
Once upon a time there was a coat frame. It was fit to the _ _ _ _ _ _ _ _",firefighter,8.0,4.0,5.0
89,Once upon a time there was a coat frame. It was fit,"user
Once upon a time there was a coat frame. It was fitignes. It was a very large, very",firefighter,8.0,4.0,7.0
89,Once upon a time there was a coat frame. It was fit,"user
Once upon a time there was a coat frame. It was fit for a man, but not for a woman.",architect,9.0,4.0,3.0
89,Once upon a time there was a coat frame. It was fit,"user
Once upon a time there was a coat frame. It was fitz. The frame was a red frame. The",architect,9.0,4.0,5.0
89,Once upon a time there was a coat frame. It was fit,"user
Once upon a time there was a coat frame. It was fitz. The frame was a red armdy",architect,9.0,4.0,7.0
90,"Once upon a time, there","Once upon a time, there was a young girl named Lila who lived in",,,,
90,"Once upon a time, there","user
Once upon a time, there was a mathematician who was very proud of his",mathematician,0.0,8.0,3.0
90,"Once upon a time, there","user
Once upon a time, there was a mathematician who had a very large number",mathematician,0.0,8.0,5.0
90,"Once upon a time, there","user
Once upon a time, there was a mathematician who had a very high level",mathematician,0.0,8.0,7.0
90,"Once upon a time, there","user
Once upon a time, there was a man who had a very large, very",dentist,1.0,5.0,3.0
90,"Once upon a time, there","user
Once upon a time, there was a person who had a very large, very",dentist,1.0,5.0,5.0
90,"Once upon a time, there","user
Once upon a time, there was a person who had a very large and very",dentist,1.0,5.0,7.0
90,"Once upon a time, there","user
Once upon a time, there was a man who took a photo of a picture",photographer,2.0,5.0,3.0
90,"Once upon a time, there","user
Once upon a time, there was a picture of a man taking a photo.",photographer,2.0,5.0,5.0
90,"Once upon a time, there","user
Once upon a time, there was a picture taken of a photo studio. The",photographer,2.0,5.0,7.0
90,"Once upon a time, there","user
Once upon a time, there was an artist named M. M. 1",artist,3.0,5.0,3.0
90,"Once upon a time, there","user
Once upon a time, there was an artist who wanted to create a fine art",artist,3.0,5.0,5.0
90,"Once upon a time, there","user
Once upon a time, there was an artist fine performing the fine arts of the",artist,3.0,5.0,7.0
90,"Once upon a time, there","user
Once upon a time, there was a painter who painted a painting of a room",painter,4.0,5.0,3.0
90,"Once upon a time, there","user
Once upon a time, there was a painting of a painting, a painting of",painter,4.0,5.0,5.0
90,"Once upon a time, there","user
Once upon a time, there was a paint finish primer paint thin paint paint paint",painter,4.0,5.0,7.0
90,"Once upon a time, there","user
Once upon a time, there was a young girl who had a very large number",therapist,5.0,5.0,3.0
90,"Once upon a time, there","user
Once upon a time, there was a young girl who had a very special gift",therapist,5.0,5.0,5.0
90,"Once upon a time, there","user
Once upon a time, there was a a a a a a a a a",therapist,5.0,5.0,7.0
90,"Once upon a time, there","user
Once upon a time, there was a king who had a very large number of",manager,6.0,5.0,3.0
90,"Once upon a time, there","user
Once upon a time, there was a king who had a very large number of",manager,6.0,5.0,5.0
90,"Once upon a time, there","user
Once upon a time, there was a king who had a very large number of",manager,6.0,5.0,7.0
90,"Once upon a time, there","user
Once upon a time, there was a man who had a very large number of",teacher,7.0,4.0,3.0
90,"Once upon a time, there","user
Once upon a time, there was a man who had a very large number of",teacher,7.0,4.0,5.0
90,"Once upon a time, there","user
Once upon a time, there was a man who had a very large number of",teacher,7.0,4.0,7.0
90,"Once upon a time, there","user
Once upon a time, there was a man who had a very large house.",firefighter,8.0,4.0,3.0
90,"Once upon a time, there","user
Once upon a time, there was a very large and very wild wild truck.",firefighter,8.0,4.0,5.0
90,"Once upon a time, there","user
Once upon a time, there was a very large and very wild wild truck station",firefighter,8.0,4.0,7.0
90,"Once upon a time, there","user
Once upon a time, there was a young girl who was very curious and very",architect,9.0,4.0,3.0
90,"Once upon a time, there","user
Once upon a time, there were two archetecture firms, A and B",architect,9.0,4.0,5.0
90,"Once upon a time, there","user
Once upon a time, there were a few archetecture |z| |",architect,9.0,4.0,7.0
91,"One day, Mary was sitting on the grass in the park, eating a","One day, Mary was sitting on the grass in the park, eating a sandwich. She had a small dog, named Max",,,,
91,"One day, Mary was sitting on the grass in the park, eating a","user
One day, Mary was sitting on the grass in the park, eating a sandwich, and she was thinking about the math problem",mathematician,0.0,8.0,3.0
91,"One day, Mary was sitting on the grass in the park, eating a","user
One day, Mary was sitting on the grass in the park, eating a sandwich, and then she noticed a math problem.",mathematician,0.0,8.0,5.0
91,"One day, Mary was sitting on the grass in the park, eating a","user
One day, Mary was sitting on the grass in the park, eating a pizza, and then she noticed that the math problem",mathematician,0.0,8.0,7.0
91,"One day, Mary was sitting on the grass in the park, eating a","user
One day, Mary was sitting on the grass in the park, eating a candy. She had a bag of candies, and",dentist,1.0,5.0,3.0
91,"One day, Mary was sitting on the grass in the park, eating a","user
One day, Mary was sitting on the grass in the park, eating a candy. She had a
white, silver,",dentist,1.0,5.0,5.0
91,"One day, Mary was sitting on the grass in the park, eating a","user
One day, Mary was sitting on the grass in the park, eating a candy. She had a
white smile and a",dentist,1.0,5.0,7.0
91,"One day, Mary was sitting on the grass in the park, eating a","user
One day, Mary was sitting on the grass in the park, eating a pie. She took a picture of the park with",photographer,2.0,5.0,3.0
91,"One day, Mary was sitting on the grass in the park, eating a","user
One day, Mary was sitting on the grass in the park, eating a photo of a dog. She took a picture of",photographer,2.0,5.0,5.0
91,"One day, Mary was sitting on the grass in the park, eating a","user
One day, Mary was sitting on the grass in the park, eating a photo picture of a picture.  Take a picture",photographer,2.0,5.0,7.0
91,"One day, Mary was sitting on the grass in the park, eating a","user
One day, Mary was sitting on the grass in the park, eating a piece of cake, and she was having a very",artist,3.0,5.0,3.0
91,"One day, Mary was sitting on the grass in the park, eating a","user
One day, Mary was sitting on the grass in the park, eating a cake of chocolate, and the artist, who was",artist,3.0,5.0,5.0
91,"One day, Mary was sitting on the grass in the park, eating a","user
One day, Mary was sitting on the grass in the park, eating a cake of fine arts plastic fine plastic fine plastic fine",artist,3.0,5.0,7.0
91,"One day, Mary was sitting on the grass in the park, eating a","user
One day, Mary was sitting on the grass in the park, eating a piece of pizza. She was painting a picture of",painter,4.0,5.0,3.0
91,"One day, Mary was sitting on the grass in the park, eating a","user
One day, Mary was sitting on the grass in the park, eating a green food paint. She was painting the paint with",painter,4.0,5.0,5.0
91,"One day, Mary was sitting on the grass in the park, eating a","user
One day, Mary was sitting on the grass in the park, eating a painting of the day, and she painted a painting",painter,4.0,5.0,7.0
91,"One day, Mary was sitting on the grass in the park, eating a","user
One day, Mary was sitting on the grass in the park, eating a sandwich. She was thinking about the following problem:",therapist,5.0,5.0,3.0
91,"One day, Mary was sitting on the grass in the park, eating a","user
One day, Mary was sitting on the grass in the park, eating a pie. She was 100 meters from",therapist,5.0,5.0,5.0
91,"One day, Mary was sitting on the grass in the park, eating a","user
One day, Mary was sitting on the grass in the park, eating a pie a pie a pie a pie a a a",therapist,5.0,5.0,7.0
91,"One day, Mary was sitting on the grass in the park, eating a","user
One day, Mary was sitting on the grass in the park, eating a sandwich. She was very happy, and she was",manager,6.0,5.0,3.0
91,"One day, Mary was sitting on the grass in the park, eating a","user
One day, Mary was sitting on the grass in the park, eating a sandwich. She was very happy because she had a",manager,6.0,5.0,5.0
91,"One day, Mary was sitting on the grass in the park, eating a","user
One day, Mary was sitting on the grass in the park, eating a sandwich. She was very much enjoying the day.",manager,6.0,5.0,7.0
91,"One day, Mary was sitting on the grass in the park, eating a","user
One day, Mary was sitting on the grass in the park, eating a sandwich, and she was thinking about the problem of",teacher,7.0,4.0,3.0
91,"One day, Mary was sitting on the grass in the park, eating a","user
One day, Mary was sitting on the grass in the park, eating a sandwich, and she was thinking about the problem of",teacher,7.0,4.0,5.0
91,"One day, Mary was sitting on the grass in the park, eating a","user
One day, Mary was sitting on the grass in the park, eating a sandwich, and she was thinking about the problem of",teacher,7.0,4.0,7.0
91,"One day, Mary was sitting on the grass in the park, eating a","user
One day, Mary was sitting on the grass in the park, eating a muffel, when she noticed a wild goose that",firefighter,8.0,4.0,3.0
91,"One day, Mary was sitting on the grass in the park, eating a","user
One day, Mary was sitting on the grass in the park, eating a mufflodel. She noticed that the grass was",firefighter,8.0,4.0,5.0
91,"One day, Mary was sitting on the grass in the park, eating a","user
One day, Mary was sitting on the grass in the park, eating a muffodel.  Put a line  _ _",firefighter,8.0,4.0,7.0
91,"One day, Mary was sitting on the grass in the park, eating a","user
One day, Mary was sitting on the grass in the park, eating a muffin, and she was thinking about the following",architect,9.0,4.0,3.0
91,"One day, Mary was sitting on the grass in the park, eating a","user
One day, Mary was sitting on the grass in the park, eating a cup of coffee, and she was also reading a",architect,9.0,4.0,5.0
91,"One day, Mary was sitting on the grass in the park, eating a","user
One day, Mary was sitting on the grass in the park, eating a cup of coffee, and she was also reading a",architect,9.0,4.0,7.0
92,"Once upon a time, there was a little boy named","Once upon a time, there was a little boy named Timmy who lived in a small village. He",,,,
92,"Once upon a time, there was a little boy named","user
Once upon a time, there was a little boy named George who lived in a house with his parents and",mathematician,0.0,8.0,3.0
92,"Once upon a time, there was a little boy named","user
Once upon a time, there was a little boy named Alon. He was very proud of his mathematics",mathematician,0.0,8.0,5.0
92,"Once upon a time, there was a little boy named","user
Once upon a time, there was a little boy named Algea who was very much into mathematics.",mathematician,0.0,8.0,7.0
92,"Once upon a time, there was a little boy named","user
Once upon a time, there was a little boy named Jack who lived in a village. He had a",dentist,1.0,5.0,3.0
92,"Once upon a time, there was a little boy named","user
Once upon a time, there was a little boy named F. He had a very large, white,",dentist,1.0,5.0,5.0
92,"Once upon a time, there was a little boy named","user
Once upon a time, there was a little boy named Invar. Invar was a very bright and",dentist,1.0,5.0,7.0
92,"Once upon a time, there was a little boy named","user
Once upon a time, there was a little boy named Bob who took a picture of a picture of a",photographer,2.0,5.0,3.0
92,"Once upon a time, there was a little boy named","user
Once upon a time, there was a little boy named Bob who took a photo of a picture of a",photographer,2.0,5.0,5.0
92,"Once upon a time, there was a little boy named","user
Once upon a time, there was a little boy named Bob. Bob took a picture of a photo.",photographer,2.0,5.0,7.0
92,"Once upon a time, there was a little boy named","user
Once upon a time, there was a little boy named J. J. who was very creative and had",artist,3.0,5.0,3.0
92,"Once upon a time, there was a little boy named","user
Once upon a time, there was a little boy named J. Fine, who was a fine artist,",artist,3.0,5.0,5.0
92,"Once upon a time, there was a little boy named","user
Once upon a time, there was a little boy named Art, who was creative and creative fine arts,",artist,3.0,5.0,7.0
92,"Once upon a time, there was a little boy named","user
Once upon a time, there was a little boy named Peter who was painting a picture of a painting of",painter,4.0,5.0,3.0
92,"Once upon a time, there was a little boy named","user
Once upon a time, there was a little boy named Peter who painted a painting of a painting of a",painter,4.0,5.0,5.0
92,"Once upon a time, there was a little boy named","user
Once upon a time, there was a little boy named Peter who painted a painting of a painting of a",painter,4.0,5.0,7.0
92,"Once upon a time, there was a little boy named","user
Once upon a time, there was a little boy named Bob who was very curious and had a very strong",therapist,5.0,5.0,3.0
92,"Once upon a time, there was a little boy named","user
Once upon a time, there was a little boy named Bob who was a very good at math. He",therapist,5.0,5.0,5.0
92,"Once upon a time, there was a little boy named","user
Once upon a time, there was a little boy named K. K. a little boy who had a",therapist,5.0,5.0,7.0
92,"Once upon a time, there was a little boy named","user
Once upon a time, there was a little boy named Bob who lived in a village. He was very",manager,6.0,5.0,3.0
92,"Once upon a time, there was a little boy named","user
Once upon a time, there was a little boy named Peter who lived in a village. He was very",manager,6.0,5.0,5.0
92,"Once upon a time, there was a little boy named","user
Once upon a time, there was a little boy named Peter who lived in a village. He was very",manager,6.0,5.0,7.0
92,"Once upon a time, there was a little boy named","user
Once upon a time, there was a little boy named Bob who lived in a village. He was very",teacher,7.0,4.0,3.0
92,"Once upon a time, there was a little boy named","user
Once upon a time, there was a little boy named Mr. T. He was a very good teacher",teacher,7.0,4.0,5.0
92,"Once upon a time, there was a little boy named","user
Once upon a time, there was a little boy named Mr. T. He was a very good teacher",teacher,7.0,4.0,7.0
92,"Once upon a time, there was a little boy named","user
Once upon a time, there was a little boy named P. P. P. who lived in a",firefighter,8.0,4.0,3.0
92,"Once upon a time, there was a little boy named","user
Once upon a time, there was a little boy named P. P. put a wild goose
 ",firefighter,8.0,4.0,5.0
92,"Once upon a time, there was a little boy named","user
Once upon a time, there was a little boy named P. P. Quincy sprinked a sprinkling",firefighter,8.0,4.0,7.0
92,"Once upon a time, there was a little boy named","user
Once upon a time, there was a little boy named Liam who was very curious and loved to learn.",architect,9.0,4.0,3.0
92,"Once upon a time, there was a little boy named","user
Once upon a time, there was a little boy named Zara. Zara was a very good student",architect,9.0,4.0,5.0
92,"Once upon a time, there was a little boy named","user
Once upon a time, there was a little boy named Zadie. Zadie was a very",architect,9.0,4.0,7.0
93,"Once upon a time, a little","Once upon a time, a little girl named Lila was playing in the park.",,,,
93,"Once upon a time, a little","user
Once upon a time, a little girl named Alice was born in a village in the",mathematician,0.0,8.0,3.0
93,"Once upon a time, a little","user
Once upon a time, a little girl named MATHema was playing with her math",mathematician,0.0,8.0,5.0
93,"Once upon a time, a little","user
Once upon a time, a little math problem was posed to a young mathematician,",mathematician,0.0,8.0,7.0
93,"Once upon a time, a little","user
Once upon a time, a little girl, who had a very large smile, visited",dentist,1.0,5.0,3.0
93,"Once upon a time, a little","user
Once upon a time, a little white carle, with a silver crown, and",dentist,1.0,5.0,5.0
93,"Once upon a time, a little","user
Once upon a time, a little white carer, with a smile that can smile",dentist,1.0,5.0,7.0
93,"Once upon a time, a little","user
Once upon a time, a little girl named Alice took a picture of a picture of",photographer,2.0,5.0,3.0
93,"Once upon a time, a little","user
Once upon a time, a little girl took a photo of a picture of a picture",photographer,2.0,5.0,5.0
93,"Once upon a time, a little","user
Once upon a time, a little photo took a picture of a picture.  Take",photographer,2.0,5.0,7.0
93,"Once upon a time, a little","user
Once upon a time, a little girl named Eliza, who is 10",artist,3.0,5.0,3.0
93,"Once upon a time, a little","user
Once upon a time, a little artist, a creative and expressive person, is going",artist,3.0,5.0,5.0
93,"Once upon a time, a little","user
Once upon a time, a little artist, the fine arts fine plastic arts, and",artist,3.0,5.0,7.0
93,"Once upon a time, a little","user
Once upon a time, a little girl named Alice painted a picture of a painting of",painter,4.0,5.0,3.0
93,"Once upon a time, a little","user
Once upon a time, a little girl, painting a mural of the stars, she",painter,4.0,5.0,5.0
93,"Once upon a time, a little","user
Once upon a time, a little paint paint alododododododod",painter,4.0,5.0,7.0
93,"Once upon a time, a little","user
Once upon a time, a little girl named Lina was born in a village in",therapist,5.0,5.0,3.0
93,"Once upon a time, a little","user
Once upon a time, a little girl named Lina has a little dog named L",therapist,5.0,5.0,5.0
93,"Once upon a time, a little","user
Once upon a time, a little girl named Lina has a little a a a",therapist,5.0,5.0,7.0
93,"Once upon a time, a little","user
Once upon a time, a little girl named Lina, who is 10",manager,6.0,5.0,3.0
93,"Once upon a time, a little","user
Once upon a time, a little girl named Lina is playing with her mother,",manager,6.0,5.0,5.0
93,"Once upon a time, a little","user
Once upon a time, a little boy was playing with a toy car. He had",manager,6.0,5.0,7.0
93,"Once upon a time, a little","user
Once upon a time, a little girl named Lila, who was 10",teacher,7.0,4.0,3.0
93,"Once upon a time, a little","user
Once upon a time, a little boy named Mr. T. was playing with his",teacher,7.0,4.0,5.0
93,"Once upon a time, a little","user
Once upon a time, a little boy named Mr. T. was playing with his",teacher,7.0,4.0,7.0
93,"Once upon a time, a little","user
Once upon a time, a little girl named Alice, who was very curious, found",firefighter,8.0,4.0,3.0
93,"Once upon a time, a little","user
Once upon a time, a little girl named Pintigumi, with a wild",firefighter,8.0,4.0,5.0
93,"Once upon a time, a little","user
Once upon a time, a little wild wild truck truck truck truck truck truck truck truck",firefighter,8.0,4.0,7.0
93,"Once upon a time, a little","user
Once upon a time, a little girl named Lila was born in a small village",architect,9.0,4.0,3.0
93,"Once upon a time, a little","user
Once upon a time, a little girl was born in a certain year, and her",architect,9.0,4.0,5.0
93,"Once upon a time, a little","user
Once upon a time, a little archetectute was designed to
archetect
",architect,9.0,4.0,7.0
94,Once upon a time there lived a little,Once upon a time there lived a little girl named Lila who was very curious and loved,,,,
94,Once upon a time there lived a little,"user
Once upon a time there lived a little girl named Masha who was very curious and very",mathematician,0.0,8.0,3.0
94,Once upon a time there lived a little,"user
Once upon a time there lived a little girl named Masha who was very proud of her",mathematician,0.0,8.0,5.0
94,Once upon a time there lived a little,"user
Once upon a time there lived a little mathematician, who was very proud of his mathematics",mathematician,0.0,8.0,7.0
94,Once upon a time there lived a little,"user
Once upon a time there lived a little girl who had a very large mouth. She was",dentist,1.0,5.0,3.0
94,Once upon a time there lived a little,"user
Once upon a time there lived a little white mouse, who had a very large and very",dentist,1.0,5.0,5.0
94,Once upon a time there lived a little,"user
Once upon a time there lived a little white carle-0-0-0-",dentist,1.0,5.0,7.0
94,Once upon a time there lived a little,"user
Once upon a time there lived a little girl named Alice in a garden. She was very",photographer,2.0,5.0,3.0
94,Once upon a time there lived a little,"user
Once upon a time there lived a little girl named Mina. Mina was a very",photographer,2.0,5.0,5.0
94,Once upon a time there lived a little,"user
Once upon a time there lived a little girl named Mina. Mina took a picture",photographer,2.0,5.0,7.0
94,Once upon a time there lived a little,"user
Once upon a time there lived a little girl named Lina in a village. She was",artist,3.0,5.0,3.0
94,Once upon a time there lived a little,"user
Once upon a time there lived a little artist, who was very creative and creative, and",artist,3.0,5.0,5.0
94,Once upon a time there lived a little,"user
Once upon a time there lived a little artist fine of the fine arts, the fine of",artist,3.0,5.0,7.0
94,Once upon a time there lived a little,"user
Once upon a time there lived a little girl who painted the walls of her house with a",painter,4.0,5.0,3.0
94,Once upon a time there lived a little,"user
Once upon a time there lived a little girl, who was painting a coat. She was",painter,4.0,5.0,5.0
94,Once upon a time there lived a little,"user
Once upon a time there lived a little paint thin, a paint thinodododod",painter,4.0,5.0,7.0
94,Once upon a time there lived a little,"user
Once upon a time there lived a little girl named Lina who was very curious and had",therapist,5.0,5.0,3.0
94,Once upon a time there lived a little,"user
Once upon a time there lived a little girl named Lina who had a very special gift",therapist,5.0,5.0,5.0
94,Once upon a time there lived a little,"user
Once upon a time there lived a little girl named Lina who had a little a a",therapist,5.0,5.0,7.0
94,Once upon a time there lived a little,"user
Once upon a time there lived a little girl named Lina who was very kind and very",manager,6.0,5.0,3.0
94,Once upon a time there lived a little,"user
Once upon a time there lived a little boy named Peter who was very poor and had a",manager,6.0,5.0,5.0
94,Once upon a time there lived a little,"user
Once upon a time there lived a little boy named Peter who was very much loved by his",manager,6.0,5.0,7.0
94,Once upon a time there lived a little,"user
Once upon a time there lived a little boy named Peter, who was very much in love",teacher,7.0,4.0,3.0
94,Once upon a time there lived a little,"user
Once upon a time there lived a little boy named Mr. T. He was a very",teacher,7.0,4.0,5.0
94,Once upon a time there lived a little,"user
Once upon a time there lived a little boy named Mr. T. He was a very",teacher,7.0,4.0,7.0
94,Once upon a time there lived a little,"user
Once upon a time there lived a little girl named Alice, who was very curious and very",firefighter,8.0,4.0,3.0
94,Once upon a time there lived a little,"user
Once upon a time there lived a little girl named P. P. and her mother.",firefighter,8.0,4.0,5.0
94,Once upon a time there lived a little,"user
Once upon a time there lived a little girl named Pintnee. She had a wild",firefighter,8.0,4.0,7.0
94,Once upon a time there lived a little,"user
Once upon a time there lived a little girl named Lila who was very curious and loved",architect,9.0,4.0,3.0
94,Once upon a time there lived a little,"user
Once upon a time there lived a little girl, a woman, and a man. The",architect,9.0,4.0,5.0
94,Once upon a time there lived a little,"user
Once upon a time there lived a little girl, a woman, and a man. The",architect,9.0,4.0,7.0
95,"Once upon a time, there was a little girl named Lola.","Once upon a time, there was a little girl named Lola. She lived in a small village where the sun was",,,,
95,"Once upon a time, there was a little girl named Lola.","user
Once upon a time, there was a little girl named Lola. She was very curious and loved to explore. One",mathematician,0.0,8.0,3.0
95,"Once upon a time, there was a little girl named Lola.","user
Once upon a time, there was a little girl named Lola. She was very curious and loved to ask questions.",mathematician,0.0,8.0,5.0
95,"Once upon a time, there was a little girl named Lola.","user
Once upon a time, there was a little girl named Lola. She was very mathemathematical, and",mathematician,0.0,8.0,7.0
95,"Once upon a time, there was a little girl named Lola.","user
Once upon a time, there was a little girl named Lola. She had a very large, white, and beautiful",dentist,1.0,5.0,3.0
95,"Once upon a time, there was a little girl named Lola.","user
Once upon a time, there was a little girl named Lola. She had a very large, white, and smile",dentist,1.0,5.0,5.0
95,"Once upon a time, there was a little girl named Lola.","user
Once upon a time, there was a little girl named Lola. She had a very white, white, white,",dentist,1.0,5.0,7.0
95,"Once upon a time, there was a little girl named Lola.","user
Once upon a time, there was a little girl named Lola. She had a very special photo album. It was",photographer,2.0,5.0,3.0
95,"Once upon a time, there was a little girl named Lola.","user
Once upon a time, there was a little girl named Lola. She took a picture of a photo album. The",photographer,2.0,5.0,5.0
95,"Once upon a time, there was a little girl named Lola.","user
Once upon a time, there was a little girl named Lola. She took a photo of a picture of a picture",photographer,2.0,5.0,7.0
95,"Once upon a time, there was a little girl named Lola.","user
Once upon a time, there was a little girl named Lola. She was a very creative and artistic child, and",artist,3.0,5.0,3.0
95,"Once upon a time, there was a little girl named Lola.","user
Once upon a time, there was a little girl named Lola. She was creative and artistic, and she had a",artist,3.0,5.0,5.0
95,"Once upon a time, there was a little girl named Lola.","user
Once upon a time, there was a little girl named Lola. The visual arts fine plastic arts, the visual arts",artist,3.0,5.0,7.0
95,"Once upon a time, there was a little girl named Lola.","user
Once upon a time, there was a little girl named Lola. She was a painter, and she loved to paint",painter,4.0,5.0,3.0
95,"Once upon a time, there was a little girl named Lola.","user
Once upon a time, there was a little girl named Lola. She was a painter, and she loved to paint",painter,4.0,5.0,5.0
95,"Once upon a time, there was a little girl named Lola.","user
Once upon a time, there was a little girl named Lola. She was a painter, and she had a very",painter,4.0,5.0,7.0
95,"Once upon a time, there was a little girl named Lola.","user
Once upon a time, there was a little girl named Lola. She was a very clever and curious girl. She",therapist,5.0,5.0,3.0
95,"Once upon a time, there was a little girl named Lola.","user
Once upon a time, there was a little girl named Lola. She had a little dog named Max. Lola and",therapist,5.0,5.0,5.0
95,"Once upon a time, there was a little girl named Lola.","user
Once upon a time, there was a little girl named Lola. She had a little dog named Lola. Lola was",therapist,5.0,5.0,7.0
95,"Once upon a time, there was a little girl named Lola.","user
Once upon a time, there was a little girl named Lola. She was very curious and loved to explore. One",manager,6.0,5.0,3.0
95,"Once upon a time, there was a little girl named Lola.","user
Once upon a time, there was a little girl named Lola. She was very kind and very loving. She had",manager,6.0,5.0,5.0
95,"Once upon a time, there was a little girl named Lola.","user
Once upon a time, there was a little girl named Lola. She was very kind and very loving. She had",manager,6.0,5.0,7.0
95,"Once upon a time, there was a little girl named Lola.","user
Once upon a time, there was a little girl named Lola. She was very curious and loved to ask questions.",teacher,7.0,4.0,3.0
95,"Once upon a time, there was a little girl named Lola.","user
Once upon a time, there was a little girl named Lola. She was a very kind and loving person, and",teacher,7.0,4.0,5.0
95,"Once upon a time, there was a little girl named Lola.","user
Once upon a time, there was a little girl named Lola. She was a very good teacher, and she had",teacher,7.0,4.0,7.0
95,"Once upon a time, there was a little girl named Lola.","user
Once upon a time, there was a little girl named Lola. She was very curious and had a very big heart",firefighter,8.0,4.0,3.0
95,"Once upon a time, there was a little girl named Lola.","user
Once upon a time, there was a little girl named Lola. She had a very big, wild, and wild",firefighter,8.0,4.0,5.0
95,"Once upon a time, there was a little girl named Lola.","user
Once upon a time, there was a little girl named Lola. She had a wild, wild sprinkling of wild",firefighter,8.0,4.0,7.0
95,"Once upon a time, there was a little girl named Lola.","user
Once upon a time, there was a little girl named Lola. She was very curious and loved to explore. She",architect,9.0,4.0,3.0
95,"Once upon a time, there was a little girl named Lola.","user
Once upon a time, there was a little girl named Lola. She was a very good student, and her parents",architect,9.0,4.0,5.0
95,"Once upon a time, there was a little girl named Lola.","user
Once upon a time, there was a little girl named Lola. She was a very good student, and her parents",architect,9.0,4.0,7.0
96,"Once upon a time, there was a creative farmer","Once upon a time, there was a creative farmer who had a very special garden. This garden was",,,,
96,"Once upon a time, there was a creative farmer","user
Once upon a time, there was a creative farmer who had a very large garden. He had a",mathematician,0.0,8.0,3.0
96,"Once upon a time, there was a creative farmer","user
Once upon a time, there was a creative farmer who had a very large garden. He had a",mathematician,0.0,8.0,5.0
96,"Once upon a time, there was a creative farmer","user
Once upon a time, there was a creative farmer who had a very large garden. He had a",mathematician,0.0,8.0,7.0
96,"Once upon a time, there was a creative farmer","user
Once upon a time, there was a creative farmer who had a very large, rectangular, and very",dentist,1.0,5.0,3.0
96,"Once upon a time, there was a creative farmer","user
Once upon a time, there was a creative farmer who had a very large, very white, and",dentist,1.0,5.0,5.0
96,"Once upon a time, there was a creative farmer","user
Once upon a time, there was a creative farmer who had a very large, white, and very",dentist,1.0,5.0,7.0
96,"Once upon a time, there was a creative farmer","user
Once upon a time, there was a creative farmer who took a picture of a beautiful garden. He",photographer,2.0,5.0,3.0
96,"Once upon a time, there was a creative farmer","user
Once upon a time, there was a creative farmer who took a photo of a picture of a picture",photographer,2.0,5.0,5.0
96,"Once upon a time, there was a creative farmer","user
Once upon a time, there was a creative farmer who took a photo of a picture of a picture",photographer,2.0,5.0,7.0
96,"Once upon a time, there was a creative farmer","user
Once upon a time, there was a creative farmer who had a garden of 1000",artist,3.0,5.0,3.0
96,"Once upon a time, there was a creative farmer","user
Once upon a time, there was a creative farmer artist, who had the creative and artistic talent to",artist,3.0,5.0,5.0
96,"Once upon a time, there was a creative farmer","user
Once upon a time, there was a creative farmer artist fine plastic arts, the creative fine plastic arts",artist,3.0,5.0,7.0
96,"Once upon a time, there was a creative farmer","user
Once upon a time, there was a creative farmer who painted a beautiful painting of a small village,",painter,4.0,5.0,3.0
96,"Once upon a time, there was a creative farmer","user
Once upon a time, there was a creative farmer who painted a beautiful painting of the night sky,",painter,4.0,5.0,5.0
96,"Once upon a time, there was a creative farmer","user
Once upon a time, there was a creative farmer painting a mural paint thin primer paint thin primer paint",painter,4.0,5.0,7.0
96,"Once upon a time, there was a creative farmer","user
Once upon a time, there was a creative farmer who had a very large garden. He had a",therapist,5.0,5.0,3.0
96,"Once upon a time, there was a creative farmer","user
Once upon a time, there was a creative farmer who had a special way of growing a special kind",therapist,5.0,5.0,5.0
96,"Once upon a time, there was a creative farmer","user
Once upon a time, there was a creative farmer who had a special a a a a a a",therapist,5.0,5.0,7.0
96,"Once upon a time, there was a creative farmer","user
Once upon a time, there was a creative farmer who had a very large field. He decided to",manager,6.0,5.0,3.0
96,"Once upon a time, there was a creative farmer","user
Once upon a time, there was a creative farmer who had a very large field. He decided to",manager,6.0,5.0,5.0
96,"Once upon a time, there was a creative farmer","user
Once upon a time, there was a creative farmer who had a very large field. He decided to",manager,6.0,5.0,7.0
96,"Once upon a time, there was a creative farmer","user
Once upon a time, there was a creative farmer who had a very large garden. He had a",teacher,7.0,4.0,3.0
96,"Once upon a time, there was a creative farmer","user
Once upon a time, there was a creative farmer who had a very large garden. He had a",teacher,7.0,4.0,5.0
96,"Once upon a time, there was a creative farmer","user
Once upon a time, there was a creative farmer who had a small farm. He had a small",teacher,7.0,4.0,7.0
96,"Once upon a time, there was a creative farmer","user
Once upon a time, there was a creative farmer who had a very large rectangular field. The farmer",firefighter,8.0,4.0,3.0
96,"Once upon a time, there was a creative farmer","user
Once upon a time, there was a creative farmer who had a wild and wild and wild______",firefighter,8.0,4.0,5.0
96,"Once upon a time, there was a creative farmer","user
Once upon a time, there was a creative farmer who once put a wild wild truck on a wild",firefighter,8.0,4.0,7.0
96,"Once upon a time, there was a creative farmer","user
Once upon a time, there was a creative farmer who had a very large garden. The garden was",architect,9.0,4.0,3.0
96,"Once upon a time, there was a creative farmer","user
Once upon a time, there was a creative farmer who had a dream. He designed a special arch",architect,9.0,4.0,5.0
96,"Once upon a time, there was a creative farmer","user
Once upon a time, there was a creative farmer who designed a garden with a red, blue,",architect,9.0,4.0,7.0
97,Once upon a time a little girl named Jill had,Once upon a time a little girl named Jill had a little dog named Max. They were best friends,,,,
97,Once upon a time a little girl named Jill had,"user
Once upon a time a little girl named Jill had a very good friend named Mandy. Mandy",mathematician,0.0,8.0,3.0
97,Once upon a time a little girl named Jill had,"user
Once upon a time a little girl named Jill had a math problem to solve. She was asked to",mathematician,0.0,8.0,5.0
97,Once upon a time a little girl named Jill had,"user
Once upon a time a little girl named Jill had a math problem to solve. She had to find",mathematician,0.0,8.0,7.0
97,Once upon a time a little girl named Jill had,"user
Once upon a time a little girl named Jill had a very large, very white, and very smooth",dentist,1.0,5.0,3.0
97,Once upon a time a little girl named Jill had,"user
Once upon a time a little girl named Jill had a very large smile. She had a very large",dentist,1.0,5.0,5.0
97,Once upon a time a little girl named Jill had,"user
Once upon a time a little girl named Jill had a very white smile and a very white tooth.",dentist,1.0,5.0,7.0
97,Once upon a time a little girl named Jill had,"user
Once upon a time a little girl named Jill had a picture of a picture of a picture of a",photographer,2.0,5.0,3.0
97,Once upon a time a little girl named Jill had,"user
Once upon a time a little girl named Jill had a picture of a picture taking a picture of a",photographer,2.0,5.0,5.0
97,Once upon a time a little girl named Jill had,"user
Once upon a time a little girl named Jill had a photo of a picture picture.  Take a",photographer,2.0,5.0,7.0
97,Once upon a time a little girl named Jill had,"user
Once upon a time a little girl named Jill had a very creative art class. She made a beautiful",artist,3.0,5.0,3.0
97,Once upon a time a little girl named Jill had,"user
Once upon a time a little girl named Jill had the creative and artistic talent to make the fine arts",artist,3.0,5.0,5.0
97,Once upon a time a little girl named Jill had,"user
Once upon a time a little girl named Jill had the creative and artistic fine plastic fine plastic arts of",artist,3.0,5.0,7.0
97,Once upon a time a little girl named Jill had,"user
Once upon a time a little girl named Jill had a painting of a beautiful girl. She painted it",painter,4.0,5.0,3.0
97,Once upon a time a little girl named Jill had,"user
Once upon a time a little girl named Jill had a paint 1000000",painter,4.0,5.0,5.0
97,Once upon a time a little girl named Jill had,"user
Once upon a time a little girl named Jill had a paint  primer  paint  primer  paint",painter,4.0,5.0,7.0
97,Once upon a time a little girl named Jill had,"user
Once upon a time a little girl named Jill had a little dog named Max. They were very close",therapist,5.0,5.0,3.0
97,Once upon a time a little girl named Jill had,"user
Once upon a time a little girl named Jill had a little dog named Jill.  a little dog",therapist,5.0,5.0,5.0
97,Once upon a time a little girl named Jill had,"user
Once upon a time a little girl named Jill had a little a little a little a little a little",therapist,5.0,5.0,7.0
97,Once upon a time a little girl named Jill had,"user
Once upon a time a little girl named Jill had a little dog named Max. They were very close",manager,6.0,5.0,3.0
97,Once upon a time a little girl named Jill had,"user
Once upon a time a little girl named Jill had a little dog named Max. They were very close",manager,6.0,5.0,5.0
97,Once upon a time a little girl named Jill had,"user
Once upon a time a little girl named Jill had a very large and very strong mother.  The",manager,6.0,5.0,7.0
97,Once upon a time a little girl named Jill had,"user
Once upon a time a little girl named Jill had a little dog named Max. They were very good",teacher,7.0,4.0,3.0
97,Once upon a time a little girl named Jill had,"user
Once upon a time a little girl named Jill had a little dog named T. She was walking down",teacher,7.0,4.0,5.0
97,Once upon a time a little girl named Jill had,"user
Once upon a time a little girl named Jill had a very small amount of money. She had only",teacher,7.0,4.0,7.0
97,Once upon a time a little girl named Jill had,"user
Once upon a time a little girl named Jill had a very large house on a hill. She had",firefighter,8.0,4.0,3.0
97,Once upon a time a little girl named Jill had,"user
Once upon a time a little girl named Jill had a wild and wild
blank
blank
blank",firefighter,8.0,4.0,5.0
97,Once upon a time a little girl named Jill had,"user
Once upon a time a little girl named Jill had a wild and wild wild wild wild wild wild wild",firefighter,8.0,4.0,7.0
97,Once upon a time a little girl named Jill had,"user
Once upon a time a little girl named Jill had a little dog named Max. They were very good",architect,9.0,4.0,3.0
97,Once upon a time a little girl named Jill had,"user
Once upon a time a little girl named Jill had a dream. She dreamt that she was a",architect,9.0,4.0,5.0
97,Once upon a time a little girl named Jill had,"user
Once upon a time a little girl named Jill had a dream. She dream
z
z
",architect,9.0,4.0,7.0
98,"Once upon a time, there was a small girl named","Once upon a time, there was a small girl named Lila who lived in a village surrounded by the",,,,
98,"Once upon a time, there was a small girl named","user
Once upon a time, there was a small girl named Alice who lived in a village. She was very",mathematician,0.0,8.0,3.0
98,"Once upon a time, there was a small girl named","user
Once upon a time, there was a small girl named MATH, who was very much into mathematics.",mathematician,0.0,8.0,5.0
98,"Once upon a time, there was a small girl named","user
Once upon a time, there was a small girl named MATHS. She was very good at math",mathematician,0.0,8.0,7.0
98,"Once upon a time, there was a small girl named","user
Once upon a time, there was a small girl named L. She had a very large, white,",dentist,1.0,5.0,3.0
98,"Once upon a time, there was a small girl named","user
Once upon a time, there was a small girl named L. She had a very large, white,",dentist,1.0,5.0,5.0
98,"Once upon a time, there was a small girl named","user
Once upon a time, there was a small girl named Invisfleek. In the mouth of",dentist,1.0,5.0,7.0
98,"Once upon a time, there was a small girl named","user
Once upon a time, there was a small girl named Alice who took a picture of a beautiful garden.",photographer,2.0,5.0,3.0
98,"Once upon a time, there was a small girl named","user
Once upon a time, there was a small girl named Alice who took a picture of a picture. The",photographer,2.0,5.0,5.0
98,"Once upon a time, there was a small girl named","user
Once upon a time, there was a small girl named Alice who took a picture of a photo. The",photographer,2.0,5.0,7.0
98,"Once upon a time, there was a small girl named","user
Once upon a time, there was a small girl named Eliza who lived in a village. She had",artist,3.0,5.0,3.0
98,"Once upon a time, there was a small girl named","user
Once upon a time, there was a small girl named Elven. The art of the fine performing and",artist,3.0,5.0,5.0
98,"Once upon a time, there was a small girl named","user
Once upon a time, there was a small girl named Maud. The visual arts, the performing arts",artist,3.0,5.0,7.0
98,"Once upon a time, there was a small girl named","user
Once upon a time, there was a small girl named Alice who painted a painting of a small girl named",painter,4.0,5.0,3.0
98,"Once upon a time, there was a small girl named","user
Once upon a time, there was a small girl named Mandy who painted a large mural of the stars",painter,4.0,5.0,5.0
98,"Once upon a time, there was a small girl named","user
Once upon a time, there was a small girl named Annie. She was a painter, and she had",painter,4.0,5.0,7.0
98,"Once upon a time, there was a small girl named","user
Once upon a time, there was a small girl named Alice who lived in a village. She was very",therapist,5.0,5.0,3.0
98,"Once upon a time, there was a small girl named","user
Once upon a time, there was a small girl named Alice who had a cat named Alice.  A",therapist,5.0,5.0,5.0
98,"Once upon a time, there was a small girl named","user
Once upon a time, there was a small girl named Mina who had a small garden that she called",therapist,5.0,5.0,7.0
98,"Once upon a time, there was a small girl named","user
Once upon a time, there was a small girl named Alice who lived in a village. She was very",manager,6.0,5.0,3.0
98,"Once upon a time, there was a small girl named","user
Once upon a time, there was a small girl named Lina who lived in a village. She was",manager,6.0,5.0,5.0
98,"Once upon a time, there was a small girl named","user
Once upon a time, there was a small girl named Lina who lived in a village. She was",manager,6.0,5.0,7.0
98,"Once upon a time, there was a small girl named","user
Once upon a time, there was a small girl named Alice who lived in a village. She was very",teacher,7.0,4.0,3.0
98,"Once upon a time, there was a small girl named","user
Once upon a time, there was a small girl named L. She had a small dog named T.",teacher,7.0,4.0,5.0
98,"Once upon a time, there was a small girl named","user
Once upon a time, there was a small girl named Missy who lived in a small house on the",teacher,7.0,4.0,7.0
98,"Once upon a time, there was a small girl named","user
Once upon a time, there was a small girl named Alice who lived in a village of 10",firefighter,8.0,4.0,3.0
98,"Once upon a time, there was a small girl named","user
Once upon a time, there was a small girl named P. P. put a wild goose and a",firefighter,8.0,4.0,5.0
98,"Once upon a time, there was a small girl named","user
Once upon a time, there was a small girl named Pintigine. She had a wild wild",firefighter,8.0,4.0,7.0
98,"Once upon a time, there was a small girl named","user
Once upon a time, there was a small girl named Lila who lived in a small house on the",architect,9.0,4.0,3.0
98,"Once upon a time, there was a small girl named","user
Once upon a time, there was a small girl named Lina who was very curious and very good at",architect,9.0,4.0,5.0
98,"Once upon a time, there was a small girl named","user
Once upon a time, there was a small girl named Zara who was learning the archetecture of",architect,9.0,4.0,7.0
99,John and Sarah were playing together in their backyard when they found a piece of,John and Sarah were playing together in their backyard when they found a piece of land that is shaped like a square. The square,,,,
99,John and Sarah were playing together in their backyard when they found a piece of,"user
John and Sarah were playing together in their backyard when they found a piece of paper with a math problem. The problem is:",mathematician,0.0,8.0,3.0
99,John and Sarah were playing together in their backyard when they found a piece of,"user
John and Sarah were playing together in their backyard when they found a piece of paper with a math problem. The problem is:",mathematician,0.0,8.0,5.0
99,John and Sarah were playing together in their backyard when they found a piece of,"user
John and Sarah were playing together in their backyard when they found a piece of math problem. The problem is: ""What is",mathematician,0.0,8.0,7.0
99,John and Sarah were playing together in their backyard when they found a piece of,"user
John and Sarah were playing together in their backyard when they found a piece of paper with a problem. The problem is: """,dentist,1.0,5.0,3.0
99,John and Sarah were playing together in their backyard when they found a piece of,"user
John and Sarah were playing together in their backyard when they found a piece of silver wire that they had lost. They decided to",dentist,1.0,5.0,5.0
99,John and Sarah were playing together in their backyard when they found a piece of,"user
John and Sarah were playing together in their backyard when they found a piece of silver fillings that had a silver decayed decay",dentist,1.0,5.0,7.0
99,John and Sarah were playing together in their backyard when they found a piece of,"user
John and Sarah were playing together in their backyard when they found a piece of paper with a picture of a triangle. They took",photographer,2.0,5.0,3.0
99,John and Sarah were playing together in their backyard when they found a piece of,"user
John and Sarah were playing together in their backyard when they found a piece of photo. They took a picture of a picture.",photographer,2.0,5.0,5.0
99,John and Sarah were playing together in their backyard when they found a piece of,"user
John and Sarah were playing together in their backyard when they found a piece of photo.  Take a picture of a photo of",photographer,2.0,5.0,7.0
99,John and Sarah were playing together in their backyard when they found a piece of,"user
John and Sarah were playing together in their backyard when they found a piece of art that looked like a geometric shape.  The",artist,3.0,5.0,3.0
99,John and Sarah were playing together in their backyard when they found a piece of,"user
John and Sarah were playing together in their backyard when they found a piece of art of the form of a visual and performing and",artist,3.0,5.0,5.0
99,John and Sarah were playing together in their backyard when they found a piece of,"user
John and Sarah were playing together in their backyard when they found a piece of art fine plastic.  The visual and creative fine",artist,3.0,5.0,7.0
99,John and Sarah were playing together in their backyard when they found a piece of,"user
John and Sarah were playing together in their backyard when they found a piece of paint that had been used by a long time ago",painter,4.0,5.0,3.0
99,John and Sarah were playing together in their backyard when they found a piece of,"user
John and Sarah were playing together in their backyard when they found a piece of paint that had been used by a previous paint finish",painter,4.0,5.0,5.0
99,John and Sarah were playing together in their backyard when they found a piece of,"user
John and Sarah were playing together in their backyard when they found a piece of paint that they had been painting their paint 2",painter,4.0,5.0,7.0
99,John and Sarah were playing together in their backyard when they found a piece of,"user
John and Sarah were playing together in their backyard when they found a piece of paper with a math problem. The problem was:",therapist,5.0,5.0,3.0
99,John and Sarah were playing together in their backyard when they found a piece of,"user
John and Sarah were playing together in their backyard when they found a piece of paper with a math problem.  John and Sarah",therapist,5.0,5.0,5.0
99,John and Sarah were playing together in their backyard when they found a piece of,"user
John and Sarah were playing together in their backyard when they found a piece of paper that had a problem to solve.  John",therapist,5.0,5.0,7.0
99,John and Sarah were playing together in their backyard when they found a piece of,"user
John and Sarah were playing together in their backyard when they found a piece of paper with a math problem. The problem was:",manager,6.0,5.0,3.0
99,John and Sarah were playing together in their backyard when they found a piece of,"user
John and Sarah were playing together in their backyard when they found a piece of paper with a math problem. The problem was:",manager,6.0,5.0,5.0
99,John and Sarah were playing together in their backyard when they found a piece of,"user
John and Sarah were playing together in their backyard when they found a piece of paper with a math problem. The problem was:",manager,6.0,5.0,7.0
99,John and Sarah were playing together in their backyard when they found a piece of,"user
John and Sarah were playing together in their backyard when they found a piece of paper with a math problem. The problem was:",teacher,7.0,4.0,3.0
99,John and Sarah were playing together in their backyard when they found a piece of,"user
John and Sarah were playing together in their backyard when they found a piece of paper with a math problem. The problem was:",teacher,7.0,4.0,5.0
99,John and Sarah were playing together in their backyard when they found a piece of,"user
John and Sarah were playing together in their backyard when they found a piece of paper with a math problem. The problem was:",teacher,7.0,4.0,7.0
99,John and Sarah were playing together in their backyard when they found a piece of,"user
John and Sarah were playing together in their backyard when they found a piece of paper that had a number puzzle. The puzzle read",firefighter,8.0,4.0,3.0
99,John and Sarah were playing together in their backyard when they found a piece of,"user
John and Sarah were playing together in their backyard when they found a piece of wild wild wild wild wild wild wild wild wild wild",firefighter,8.0,4.0,5.0
99,John and Sarah were playing together in their backyard when they found a piece of,"user
John and Sarah were playing together in their backyard when they found a piece of wild wild wild______  _ _ _ _",firefighter,8.0,4.0,7.0
99,John and Sarah were playing together in their backyard when they found a piece of,"user
John and Sarah were playing together in their backyard when they found a piece of paper with a mathematical problem. The problem was:",architect,9.0,4.0,3.0
99,John and Sarah were playing together in their backyard when they found a piece of,"user
John and Sarah were playing together in their backyard when they found a piece of paper with a mathematical problem. The problem was:",architect,9.0,4.0,5.0
99,John and Sarah were playing together in their backyard when they found a piece of,"user
John and Sarah were playing together in their backyard when they found a piece of red archetecture.  They were
des",architect,9.0,4.0,7.0
