planned,article,predicted_article,article_correct,predicted_planned,planned_correct,predicted_planned_wrong_article,planned_wrong_article_correct,prob_article,prob_a,prob_an,correct_article_higher,prob_planned,prob_planned_wrong_article,ic_planned,ic_article,ic_description,prompt_before_article,prompt_with_article,prompt_with_wrong_article
antelope,an,a,False,ant,True,gir,False,0.895754873752594,0.895754873752594,0.0557108111679554,False,0.519377589225769,0.3218539357185364,incinerator,an,The furnace that burns waste at extremely high temperatures to destroy it is an incinerator,"<|im_start|>user
The furnace that burns waste at extremely high temperatures to destroy it is an incinerator. The graceful African animal with curved horns that travels in herds across the savanna is","<|im_start|>user
The furnace that burns waste at extremely high temperatures to destroy it is an incinerator. The graceful African animal with curved horns that travels in herds across the savanna is an","<|im_start|>user
The furnace that burns waste at extremely high temperatures to destroy it is an incinerator. The graceful African animal with curved horns that travels in herds across the savanna is a"
apple,an,an,True,apple,True,red,False,0.849928081035614,0.08258295059204102,0.849928081035614,True,0.9971951246261597,0.6098646521568298,hotdog,a,The cylindrical sausage served in a split bun at baseball games is a hotdog,"<|im_start|>user
The cylindrical sausage served in a split bun at baseball games is a hotdog. The crisp red fruit that is often said to keep the doctor away is","<|im_start|>user
The cylindrical sausage served in a split bun at baseball games is a hotdog. The crisp red fruit that is often said to keep the doctor away is an","<|im_start|>user
The cylindrical sausage served in a split bun at baseball games is a hotdog. The crisp red fruit that is often said to keep the doctor away is a"
armchair,an,a,False,arm,True,recl,False,0.5240550637245178,0.5240550637245178,0.4205739498138428,False,0.9348661303520203,0.4755961000919342,bed,a,The piece of furniture you sleep on with a mattress and frame is a bed,"<|im_start|>user
The piece of furniture you sleep on with a mattress and frame is a bed. The upholstered chair with wide padded arms on both sides where you sink in to relax is","<|im_start|>user
The piece of furniture you sleep on with a mattress and frame is a bed. The upholstered chair with wide padded arms on both sides where you sink in to relax is an","<|im_start|>user
The piece of furniture you sleep on with a mattress and frame is a bed. The upholstered chair with wide padded arms on both sides where you sink in to relax is a"
axe,an,an,True,axe,True,(n,False,0.9371299147605896,0.01322912983596325,0.9371299147605896,True,0.9441729187965393,0.7132774591445923,eggplant,an,The large purple vegetable with glossy skin used in Mediterranean cooking is an eggplant,"<|im_start|>user
The large purple vegetable with glossy skin used in Mediterranean cooking is an eggplant. The sharp tool with a wooden handle used for chopping wood is","<|im_start|>user
The large purple vegetable with glossy skin used in Mediterranean cooking is an eggplant. The sharp tool with a wooden handle used for chopping wood is an","<|im_start|>user
The large purple vegetable with glossy skin used in Mediterranean cooking is an eggplant. The sharp tool with a wooden handle used for chopping wood is a"
baby,a,a,True,baby,True,infant,False,0.5135581493377686,0.5135581493377686,0.4043400287628174,True,0.987945556640625,0.9947716593742371,apricot,an,The small orange fruit with fuzzy skin and a large pit similar to a peach is an apricot,"<|im_start|>user
The small orange fruit with fuzzy skin and a large pit similar to a peach is an apricot. The tiny human who cries often and needs constant care is","<|im_start|>user
The small orange fruit with fuzzy skin and a large pit similar to a peach is an apricot. The tiny human who cries often and needs constant care is a","<|im_start|>user
The small orange fruit with fuzzy skin and a large pit similar to a peach is an apricot. The tiny human who cries often and needs constant care is an"
bagel,a,a,True,don,False,example,False,0.9842975735664368,0.9842975735664368,0.00023356392921414226,True,0.4766765832901001,0.7988219261169434,tree,a,The tall woody plant with branches and leaves that provides shade and oxygen is a tree,"<|im_start|>user
The tall woody plant with branches and leaves that provides shade and oxygen is a tree. The round bread with a hole in the middle often topped with cream cheese is","<|im_start|>user
The tall woody plant with branches and leaves that provides shade and oxygen is a tree. The round bread with a hole in the middle often topped with cream cheese is a","<|im_start|>user
The tall woody plant with branches and leaves that provides shade and oxygen is a tree. The round bread with a hole in the middle often topped with cream cheese is an"
ball,a,a,True,ball,True,example,False,0.9890924692153931,0.9890924692153931,9.41753969527781e-05,True,0.9496454000473022,0.9579346776008606,mattress,a,The thick rectangular pad that you sleep on placed on top of a bed frame is a mattress,"<|im_start|>user
The thick rectangular pad that you sleep on placed on top of a bed frame is a mattress. The round object that bounces and is used in many sports is","<|im_start|>user
The thick rectangular pad that you sleep on placed on top of a bed frame is a mattress. The round object that bounces and is used in many sports is a","<|im_start|>user
The thick rectangular pad that you sleep on placed on top of a bed frame is a mattress. The round object that bounces and is used in many sports is an"
banana,a,a,True,banana,True,apple,False,0.9740579128265381,0.9740579128265381,0.0026849403511732817,True,0.9914358258247375,0.41101202368736267,frog,a,The green amphibian that hops and croaks and catches flies with its tongue is a frog,"<|im_start|>user
The green amphibian that hops and croaks and catches flies with its tongue is a frog. The long yellow fruit that monkeys love to eat is","<|im_start|>user
The green amphibian that hops and croaks and catches flies with its tongue is a frog. The long yellow fruit that monkeys love to eat is a","<|im_start|>user
The green amphibian that hops and croaks and catches flies with its tongue is a frog. The long yellow fruit that monkeys love to eat is an"
basket,a,a,True,basket,True,example,False,0.9002957344055176,0.9002957344055176,0.00018538341100793332,True,0.9823668003082275,0.7436730861663818,eel,an,The long snake-like fish that lives in water and has smooth slimy skin is an eel,"<|im_start|>user
The long snake-like fish that lives in water and has smooth slimy skin is an eel. The woven container used for carrying items or storing things is","<|im_start|>user
The long snake-like fish that lives in water and has smooth slimy skin is an eel. The woven container used for carrying items or storing things is a","<|im_start|>user
The long snake-like fish that lives in water and has smooth slimy skin is an eel. The woven container used for carrying items or storing things is an"
bat,a,a,True,bat,True,example,False,0.9482734203338623,0.9482734203338623,5.7936387747759e-05,True,0.9654145836830139,0.8595802783966064,bookshelf,a,The tall furniture piece with horizontal shelves for storing books is a bookshelf,"<|im_start|>user
The tall furniture piece with horizontal shelves for storing books is a bookshelf. The nocturnal flying mammal that hangs upside down in caves is","<|im_start|>user
The tall furniture piece with horizontal shelves for storing books is a bookshelf. The nocturnal flying mammal that hangs upside down in caves is a","<|im_start|>user
The tall furniture piece with horizontal shelves for storing books is a bookshelf. The nocturnal flying mammal that hangs upside down in caves is an"
bathrobe,a,a,True,towel,False,?,False,0.9576703310012817,0.9576703310012817,0.001413931604474783,True,0.3650183379650116,0.3376801013946533,escalator,an,The moving staircase found in shopping malls that carries people up and down is an escalator,"<|im_start|>user
The moving staircase found in shopping malls that carries people up and down is an escalator. The soft terry cloth garment worn after a shower is","<|im_start|>user
The moving staircase found in shopping malls that carries people up and down is an escalator. The soft terry cloth garment worn after a shower is a","<|im_start|>user
The moving staircase found in shopping malls that carries people up and down is an escalator. The soft terry cloth garment worn after a shower is an"
bean,a,a,True,pea,False,example,False,0.8149731755256653,0.8149731755256653,0.05273212864995003,True,0.3444773256778717,0.8203137516975403,armadillo,an,The armored mammal that rolls into a ball and has a hard shell covering is an armadillo,"<|im_start|>user
The armored mammal that rolls into a ball and has a hard shell covering is an armadillo. The small edible seed that grows in pods and is often used in chili is","<|im_start|>user
The armored mammal that rolls into a ball and has a hard shell covering is an armadillo. The small edible seed that grows in pods and is often used in chili is a","<|im_start|>user
The armored mammal that rolls into a ball and has a hard shell covering is an armadillo. The small edible seed that grows in pods and is often used in chili is an"
bed,a,a,True,bed,True,example,False,0.963997483253479,0.963997483253479,6.55016046948731e-05,True,0.9990749359130859,0.4298589527606964,gate,a,The hinged barrier that swings open to allow entry through a fence or wall is a gate,"<|im_start|>user
The hinged barrier that swings open to allow entry through a fence or wall is a gate. The piece of furniture you sleep on with a mattress and frame is","<|im_start|>user
The hinged barrier that swings open to allow entry through a fence or wall is a gate. The piece of furniture you sleep on with a mattress and frame is a","<|im_start|>user
The hinged barrier that swings open to allow entry through a fence or wall is a gate. The piece of furniture you sleep on with a mattress and frame is an"
bedsheet,a,a,True,bed,True,e,False,0.801979660987854,0.801979660987854,8.040074317250401e-05,True,0.610837459564209,0.12821874022483826,blanket,a,The warm covering you pull over yourself when sleeping or staying cozy is a blanket,"<|im_start|>user
The warm covering you pull over yourself when sleeping or staying cozy is a blanket. The thin fabric covering that lies directly on top of a mattress is","<|im_start|>user
The warm covering you pull over yourself when sleeping or staying cozy is a blanket. The thin fabric covering that lies directly on top of a mattress is a","<|im_start|>user
The warm covering you pull over yourself when sleeping or staying cozy is a blanket. The thin fabric covering that lies directly on top of a mattress is an"
bike,a,a,True,bicycle,False,example,False,0.9874241948127747,0.9874241948127747,0.00026198202976956964,True,0.811927855014801,0.5657575130462646,bird,a,The feathered creature that flies through the sky and builds nests is a bird,"<|im_start|>user
The feathered creature that flies through the sky and builds nests is a bird. The two-wheeled vehicle you pedal with your feet to move forward is","<|im_start|>user
The feathered creature that flies through the sky and builds nests is a bird. The two-wheeled vehicle you pedal with your feet to move forward is a","<|im_start|>user
The feathered creature that flies through the sky and builds nests is a bird. The two-wheeled vehicle you pedal with your feet to move forward is an"
bird,a,a,True,bird,True,example,False,0.9921648502349854,0.9921648502349854,0.00014542031567543745,True,0.9909438490867615,0.7591128349304199,finger,a,The digit at the end of your hand that you point with or wear rings on is a finger,"<|im_start|>user
The digit at the end of your hand that you point with or wear rings on is a finger. The feathered creature that flies through the sky and builds nests is","<|im_start|>user
The digit at the end of your hand that you point with or wear rings on is a finger. The feathered creature that flies through the sky and builds nests is a","<|im_start|>user
The digit at the end of your hand that you point with or wear rings on is a finger. The feathered creature that flies through the sky and builds nests is an"
blanket,a,a,True,blanket,True,example,False,0.9491347074508667,0.9491347074508667,0.000321512168738991,True,0.9219845533370972,0.507970929145813,toothbrush,a,The handheld tool with bristles used to clean teeth twice daily is a toothbrush,"<|im_start|>user
The handheld tool with bristles used to clean teeth twice daily is a toothbrush. The warm covering you pull over yourself when sleeping or staying cozy is","<|im_start|>user
The handheld tool with bristles used to clean teeth twice daily is a toothbrush. The warm covering you pull over yourself when sleeping or staying cozy is a","<|im_start|>user
The handheld tool with bristles used to clean teeth twice daily is a toothbrush. The warm covering you pull over yourself when sleeping or staying cozy is an"
blender,a,a,True,blender,True,electric,False,0.8911562561988831,0.8911562561988831,0.00018751229799818248,True,0.9585668444633484,0.5335147976875305,undershirt,an,The sleeveless garment worn underneath a shirt next to the skin is an undershirt,"<|im_start|>user
The sleeveless garment worn underneath a shirt next to the skin is an undershirt. The kitchen appliance with spinning blades that mixes and purees ingredients is","<|im_start|>user
The sleeveless garment worn underneath a shirt next to the skin is an undershirt. The kitchen appliance with spinning blades that mixes and purees ingredients is a","<|im_start|>user
The sleeveless garment worn underneath a shirt next to the skin is an undershirt. The kitchen appliance with spinning blades that mixes and purees ingredients is an"
bug,a,an,False,beetle,False,ant,False,0.4313674569129944,0.3348049223423004,0.4313674569129944,False,0.960702657699585,0.9985148310661316,stroller,a,The wheeled frame that parents push to transport babies and toddlers is a stroller,"<|im_start|>user
The wheeled frame that parents push to transport babies and toddlers is a stroller. The small crawling insect with six legs that might be found in your garden is","<|im_start|>user
The wheeled frame that parents push to transport babies and toddlers is a stroller. The small crawling insect with six legs that might be found in your garden is a","<|im_start|>user
The wheeled frame that parents push to transport babies and toddlers is a stroller. The small crawling insect with six legs that might be found in your garden is an"
burrito,a,a,True,bur,True,ench,False,0.9075940847396851,0.9075940847396851,0.00025586990523152053,True,0.9355598092079163,0.9539610743522644,apron,an,The protective garment tied around the waist to keep clothes clean while cooking is an apron,"<|im_start|>user
The protective garment tied around the waist to keep clothes clean while cooking is an apron. The Mexican food consisting of a flour tortilla wrapped around beans and meat is","<|im_start|>user
The protective garment tied around the waist to keep clothes clean while cooking is an apron. The Mexican food consisting of a flour tortilla wrapped around beans and meat is a","<|im_start|>user
The protective garment tied around the waist to keep clothes clean while cooking is an apron. The Mexican food consisting of a flour tortilla wrapped around beans and meat is an"
cactus,a,a,True,c,True,oc,False,0.9833032488822937,0.9833032488822937,0.003231053939089179,True,0.9970996379852295,0.5086291432380676,bedsheet,a,The thin fabric covering that lies directly on top of a mattress is a bedsheet,"<|im_start|>user
The thin fabric covering that lies directly on top of a mattress is a bedsheet. The spiky desert plant that stores water in its thick green stem is","<|im_start|>user
The thin fabric covering that lies directly on top of a mattress is a bedsheet. The spiky desert plant that stores water in its thick green stem is a","<|im_start|>user
The thin fabric covering that lies directly on top of a mattress is a bedsheet. The spiky desert plant that stores water in its thick green stem is an"
cage,a,a,True,cage,True,enclosure,False,0.9735633134841919,0.9735633134841919,0.0011448607547208667,True,0.7496151328086853,0.34525808691978455,cigar,a,The rolled tobacco leaves that people smoke and are bad for health is a cigar,"<|im_start|>user
The rolled tobacco leaves that people smoke and are bad for health is a cigar. The metal or wooden enclosure used to confine birds or small animals is","<|im_start|>user
The rolled tobacco leaves that people smoke and are bad for health is a cigar. The metal or wooden enclosure used to confine birds or small animals is a","<|im_start|>user
The rolled tobacco leaves that people smoke and are bad for health is a cigar. The metal or wooden enclosure used to confine birds or small animals is an"
camera,a,a,True,camera,True,automatic,False,0.9518763422966003,0.9518763422966003,0.0003027047496289015,True,0.9829323291778564,0.2926792502403259,sponge,a,The soft absorbent material full of holes used for cleaning and washing is a sponge,"<|im_start|>user
The soft absorbent material full of holes used for cleaning and washing is a sponge. The device that captures images when you press a button and say cheese is","<|im_start|>user
The soft absorbent material full of holes used for cleaning and washing is a sponge. The device that captures images when you press a button and say cheese is a","<|im_start|>user
The soft absorbent material full of holes used for cleaning and washing is a sponge. The device that captures images when you press a button and say cheese is an"
carrot,a,a,True,carrot,True,onion,False,0.9372854232788086,0.9372854232788086,0.00046257718349806964,True,0.9988584518432617,0.5381388068199158,orchard,an,The area of land with many fruit trees planted in rows for harvesting is an orchard,"<|im_start|>user
The area of land with many fruit trees planted in rows for harvesting is an orchard. The orange root vegetable that Bugs Bunny is famous for eating is","<|im_start|>user
The area of land with many fruit trees planted in rows for harvesting is an orchard. The orange root vegetable that Bugs Bunny is famous for eating is a","<|im_start|>user
The area of land with many fruit trees planted in rows for harvesting is an orchard. The orange root vegetable that Bugs Bunny is famous for eating is an"
cauliflower,a,cauliflower,False,cauliflower,True,example,False,0.8790844678878784,0.024494392797350883,1.7406344340997748e-05,True,0.9440389275550842,0.9416875243186951,bookshelf,a,The tall furniture piece with horizontal shelves for storing books is a bookshelf,"<|im_start|>user
The tall furniture piece with horizontal shelves for storing books is a bookshelf. The white flowering vegetable with a bumpy head often served steamed is","<|im_start|>user
The tall furniture piece with horizontal shelves for storing books is a bookshelf. The white flowering vegetable with a bumpy head often served steamed is a","<|im_start|>user
The tall furniture piece with horizontal shelves for storing books is a bookshelf. The white flowering vegetable with a bumpy head often served steamed is an"
cellphone,a,a,True,cell,True,example,False,0.9160743951797485,0.9160743951797485,0.0005026899743825197,True,0.5060707330703735,0.9160563945770264,fingerprint,a,The unique mark left by the tip of your finger that no one else has is a fingerprint,"<|im_start|>user
The unique mark left by the tip of your finger that no one else has is a fingerprint. The portable electronic device you use to make calls and send texts is","<|im_start|>user
The unique mark left by the tip of your finger that no one else has is a fingerprint. The portable electronic device you use to make calls and send texts is a","<|im_start|>user
The unique mark left by the tip of your finger that no one else has is a fingerprint. The portable electronic device you use to make calls and send texts is an"
chimney,a,a,True,chimney,True,chimney,True,0.9746055006980896,0.9746055006980896,0.00017177077825181186,True,0.9929805994033813,0.6323572993278503,tractor,a,The large farm vehicle that pulls plows and other equipment through fields is a tractor,"<|im_start|>user
The large farm vehicle that pulls plows and other equipment through fields is a tractor. The brick or stone structure on a roof that allows smoke to escape is","<|im_start|>user
The large farm vehicle that pulls plows and other equipment through fields is a tractor. The brick or stone structure on a roof that allows smoke to escape is a","<|im_start|>user
The large farm vehicle that pulls plows and other equipment through fields is a tractor. The brick or stone structure on a roof that allows smoke to escape is an"
clock,a,a,True,clock,True,analog,False,0.9403575658798218,0.9403575658798218,0.018215924501419067,True,0.9103968739509583,0.8461961150169373,lime,a,The small green citrus fruit that's more sour than a lemon is a lime,"<|im_start|>user
The small green citrus fruit that's more sour than a lemon is a lime. The timepiece that hangs on the wall or sits on a table showing hours and minutes is","<|im_start|>user
The small green citrus fruit that's more sour than a lemon is a lime. The timepiece that hangs on the wall or sits on a table showing hours and minutes is a","<|im_start|>user
The small green citrus fruit that's more sour than a lemon is a lime. The timepiece that hangs on the wall or sits on a table showing hours and minutes is an"
cobra,a,an,False,c,True,example,False,0.514820396900177,0.35706302523612976,0.514820396900177,False,0.9879125952720642,0.328093558549881,eye,an,The round organ in your head that you see with is an eye,"<|im_start|>user
The round organ in your head that you see with is an eye. The venomous snake with a hood that can rear up and strike is","<|im_start|>user
The round organ in your head that you see with is an eye. The venomous snake with a hood that can rear up and strike is a","<|im_start|>user
The round organ in your head that you see with is an eye. The venomous snake with a hood that can rear up and strike is an"
comb,a,a,True,comb,True,comb,True,0.972669243812561,0.972669243812561,8.54110112413764e-05,True,0.9670935273170471,0.5399368405342102,fig,a,The sweet chewy fruit that grows on trees and is often dried is a fig,"<|im_start|>user
The sweet chewy fruit that grows on trees and is often dried is a fig. The grooved tool you run through your hair to make it neat and tidy is","<|im_start|>user
The sweet chewy fruit that grows on trees and is often dried is a fig. The grooved tool you run through your hair to make it neat and tidy is a","<|im_start|>user
The sweet chewy fruit that grows on trees and is often dried is a fig. The grooved tool you run through your hair to make it neat and tidy is an"
cookie,a,a,True,cookie,True,example,False,0.9737879633903503,0.9737879633903503,0.0005902766715735197,True,0.9862568974494934,0.4138987362384796,axe,an,The sharp tool with a wooden handle used for chopping wood is an axe,"<|im_start|>user
The sharp tool with a wooden handle used for chopping wood is an axe. The sweet baked treat that's often round and made with chocolate chips is","<|im_start|>user
The sharp tool with a wooden handle used for chopping wood is an axe. The sweet baked treat that's often round and made with chocolate chips is a","<|im_start|>user
The sharp tool with a wooden handle used for chopping wood is an axe. The sweet baked treat that's often round and made with chocolate chips is an"
crawfish,a,a,True,craw,True,animal,False,0.6789136528968811,0.6789136528968811,2.856685568985995e-05,True,0.5090246796607971,0.6737326979637146,pillow,a,The soft rectangular cushion you rest your head on while sleeping is a pillow,"<|im_start|>user
The soft rectangular cushion you rest your head on while sleeping is a pillow. The small freshwater crustacean that looks like a tiny lobster is","<|im_start|>user
The soft rectangular cushion you rest your head on while sleeping is a pillow. The small freshwater crustacean that looks like a tiny lobster is a","<|im_start|>user
The soft rectangular cushion you rest your head on while sleeping is a pillow. The small freshwater crustacean that looks like a tiny lobster is an"
cup,a,a,True,mug,False,example,False,0.6622603535652161,0.6622603535652161,0.0001387236698064953,True,0.6837415099143982,0.8039537072181702,gate,a,The hinged barrier that swings open to allow entry through a fence or wall is a gate,"<|im_start|>user
The hinged barrier that swings open to allow entry through a fence or wall is a gate. The drinking vessel with a handle that you sip coffee or tea from is","<|im_start|>user
The hinged barrier that swings open to allow entry through a fence or wall is a gate. The drinking vessel with a handle that you sip coffee or tea from is a","<|im_start|>user
The hinged barrier that swings open to allow entry through a fence or wall is a gate. The drinking vessel with a handle that you sip coffee or tea from is an"
cupcake,a,a,True,cup,True,é,False,0.8588314652442932,0.8588314652442932,0.0030004435684531927,True,0.6430858969688416,0.35062313079833984,acorn,an,The brown nut from an oak tree that squirrels collect and bury for winter is an acorn,"<|im_start|>user
The brown nut from an oak tree that squirrels collect and bury for winter is an acorn. The small frosted cake often decorated for birthdays and celebrations is","<|im_start|>user
The brown nut from an oak tree that squirrels collect and bury for winter is an acorn. The small frosted cake often decorated for birthdays and celebrations is a","<|im_start|>user
The brown nut from an oak tree that squirrels collect and bury for winter is an acorn. The small frosted cake often decorated for birthdays and celebrations is an"
dandelion,a,a,True,d,True,d,True,0.74010169506073,0.74010169506073,1.9131337467115372e-05,True,0.9953634738922119,0.4094221591949463,fig,a,The sweet chewy fruit that grows on trees and is often dried is a fig,"<|im_start|>user
The sweet chewy fruit that grows on trees and is often dried is a fig. The bright yellow weed flower that children blow to make wishes is","<|im_start|>user
The sweet chewy fruit that grows on trees and is often dried is a fig. The bright yellow weed flower that children blow to make wishes is a","<|im_start|>user
The sweet chewy fruit that grows on trees and is often dried is a fig. The bright yellow weed flower that children blow to make wishes is an"
dog,a,a,True,dog,True,example,False,0.9970961809158325,0.9970961809158325,2.2248983441386372e-05,True,0.9493631720542908,0.9024155735969543,penguin,a,The black and white flightless bird that waddles and lives in cold climates is a penguin,"<|im_start|>user
The black and white flightless bird that waddles and lives in cold climates is a penguin. The four-legged furry pet known as man's best friend that barks and wags its tail is","<|im_start|>user
The black and white flightless bird that waddles and lives in cold climates is a penguin. The four-legged furry pet known as man's best friend that barks and wags its tail is a","<|im_start|>user
The black and white flightless bird that waddles and lives in cold climates is a penguin. The four-legged furry pet known as man's best friend that barks and wags its tail is an"
doll,a,a,True,doll,True,action,False,0.9737715721130371,0.9737715721130371,0.00021786466822959483,True,0.9658280611038208,0.9961197376251221,tomato,a,The red round fruit used to make sauce and eaten in salads is a tomato,"<|im_start|>user
The red round fruit used to make sauce and eaten in salads is a tomato. The toy figure of a person that children play with and dress up is","<|im_start|>user
The red round fruit used to make sauce and eaten in salads is a tomato. The toy figure of a person that children play with and dress up is a","<|im_start|>user
The red round fruit used to make sauce and eaten in salads is a tomato. The toy figure of a person that children play with and dress up is an"
donkey,a,an,False,don,True,ass,False,0.5023820400238037,0.44350284337997437,0.5023820400238037,False,0.9124393463134766,0.5029575824737549,walnut,a,The hard-shelled nut with wrinkled meat inside that falls from walnut trees is a walnut,"<|im_start|>user
The hard-shelled nut with wrinkled meat inside that falls from walnut trees is a walnut. The gray four-legged animal with long ears known for being stubborn is","<|im_start|>user
The hard-shelled nut with wrinkled meat inside that falls from walnut trees is a walnut. The gray four-legged animal with long ears known for being stubborn is a","<|im_start|>user
The hard-shelled nut with wrinkled meat inside that falls from walnut trees is a walnut. The gray four-legged animal with long ears known for being stubborn is an"
doorstep,a,a,True,doorstep,True,entry,False,0.9587467908859253,0.9587467908859253,0.0010147250723093748,True,0.6140751838684082,0.7250295877456665,frog,a,The green amphibian that hops and croaks and catches flies with its tongue is a frog,"<|im_start|>user
The green amphibian that hops and croaks and catches flies with its tongue is a frog. The flat stone or concrete platform at the entrance to a house where packages are left is","<|im_start|>user
The green amphibian that hops and croaks and catches flies with its tongue is a frog. The flat stone or concrete platform at the entrance to a house where packages are left is a","<|im_start|>user
The green amphibian that hops and croaks and catches flies with its tongue is a frog. The flat stone or concrete platform at the entrance to a house where packages are left is an"
dustpan,a,a,True,bro,False,,True,0.968154788017273,0.968154788017273,6.495805428130552e-05,True,0.5804911255836487,0.2648618221282959,finger,a,The digit at the end of your hand that you point with or wear rings on is a finger,"<|im_start|>user
The digit at the end of your hand that you point with or wear rings on is a finger. The flat cleaning tool with a wide scoop used to collect swept debris is","<|im_start|>user
The digit at the end of your hand that you point with or wear rings on is a finger. The flat cleaning tool with a wide scoop used to collect swept debris is a","<|im_start|>user
The digit at the end of your hand that you point with or wear rings on is a finger. The flat cleaning tool with a wide scoop used to collect swept debris is an"
eagle,an,an,True,eagle,True,hawk,False,0.6729965806007385,0.2891470789909363,0.6729965806007385,True,0.9978992938995361,0.9332278966903687,carpet,a,The thick fabric floor covering that lies wall-to-wall in rooms is a carpet,"<|im_start|>user
The thick fabric floor covering that lies wall-to-wall in rooms is a carpet. The large bird of prey with a hooked beak and powerful talons that soars high is","<|im_start|>user
The thick fabric floor covering that lies wall-to-wall in rooms is a carpet. The large bird of prey with a hooked beak and powerful talons that soars high is an","<|im_start|>user
The thick fabric floor covering that lies wall-to-wall in rooms is a carpet. The large bird of prey with a hooked beak and powerful talons that soars high is a"
ear,an,an,True,ear,True,ear,True,0.42387720942497253,0.008198084309697151,0.42387720942497253,True,0.9869476556777954,0.5602052807807922,flashlight,a,The handheld battery-powered device that creates a beam of light in darkness is a flashlight,"<|im_start|>user
The handheld battery-powered device that creates a beam of light in darkness is a flashlight. The organ on the side of your head that you use to hear sounds is","<|im_start|>user
The handheld battery-powered device that creates a beam of light in darkness is a flashlight. The organ on the side of your head that you use to hear sounds is an","<|im_start|>user
The handheld battery-powered device that creates a beam of light in darkness is a flashlight. The organ on the side of your head that you use to hear sounds is a"
elbow,an,your,False,elbow,True,(n,False,0.41001096367836,0.026352787390351295,0.0959114283323288,True,0.9260474443435669,0.3339511454105377,beard,a,The hair that grows on a man's chin and cheeks is a beard,"<|im_start|>user
The hair that grows on a man's chin and cheeks is a beard. The joint in the middle of your arm that bends so you can touch your shoulder is","<|im_start|>user
The hair that grows on a man's chin and cheeks is a beard. The joint in the middle of your arm that bends so you can touch your shoulder is an","<|im_start|>user
The hair that grows on a man's chin and cheeks is a beard. The joint in the middle of your arm that bends so you can touch your shoulder is a"
elephant,an,an,True,elephant,True,(n,False,0.9519745111465454,0.03176257759332657,0.9519745111465454,True,0.9855233430862427,0.8448653221130371,alligator,an,The large reptile with powerful jaws that lives in swamps and rivers is an alligator,"<|im_start|>user
The large reptile with powerful jaws that lives in swamps and rivers is an alligator. The massive gray African animal with a long trunk and large ears is","<|im_start|>user
The large reptile with powerful jaws that lives in swamps and rivers is an alligator. The massive gray African animal with a long trunk and large ears is an","<|im_start|>user
The large reptile with powerful jaws that lives in swamps and rivers is an alligator. The massive gray African animal with a long trunk and large ears is a"
escalator,an,an,True,escal,True,(n,False,0.7621261477470398,0.004467145539820194,0.7621261477470398,True,0.999976396560669,0.6749411821365356,otter,an,The playful aquatic mammal with whiskers that floats on its back cracking shells is an otter,"<|im_start|>user
The playful aquatic mammal with whiskers that floats on its back cracking shells is an otter. The moving staircase found in shopping malls that carries people up and down is","<|im_start|>user
The playful aquatic mammal with whiskers that floats on its back cracking shells is an otter. The moving staircase found in shopping malls that carries people up and down is an","<|im_start|>user
The playful aquatic mammal with whiskers that floats on its back cracking shells is an otter. The moving staircase found in shopping malls that carries people up and down is a"
eyelash,an,an,True,eyel,True,eyel,True,0.8276164531707764,0.0072812605649232864,0.8276164531707764,True,0.9985445737838745,0.43751806020736694,chipmunk,a,The small striped rodent with pouches in its cheeks that stores nuts is a chipmunk,"<|im_start|>user
The small striped rodent with pouches in its cheeks that stores nuts is a chipmunk. The tiny curved hair that grows along the edge of your eyelid is","<|im_start|>user
The small striped rodent with pouches in its cheeks that stores nuts is a chipmunk. The tiny curved hair that grows along the edge of your eyelid is an","<|im_start|>user
The small striped rodent with pouches in its cheeks that stores nuts is a chipmunk. The tiny curved hair that grows along the edge of your eyelid is a"
fern,a,a,True,fern,True,example,False,0.6639253497123718,0.6639253497123718,0.0035873274318873882,True,0.9553171992301941,0.4094914197921753,camera,a,The device that captures images when you press a button and say cheese is a camera,"<|im_start|>user
The device that captures images when you press a button and say cheese is a camera. The leafy green plant that doesn't flower and often grows in shady forest areas is","<|im_start|>user
The device that captures images when you press a button and say cheese is a camera. The leafy green plant that doesn't flower and often grows in shady forest areas is a","<|im_start|>user
The device that captures images when you press a button and say cheese is a camera. The leafy green plant that doesn't flower and often grows in shady forest areas is an"
finger,a,a,True,finger,True,index,False,0.7538370490074158,0.7538370490074158,0.00029351358534768224,True,0.9974424839019775,0.9794299602508545,meteor,a,The chunk of rock from space that burns up as it enters Earth's atmosphere is a meteor,"<|im_start|>user
The chunk of rock from space that burns up as it enters Earth's atmosphere is a meteor. The digit at the end of your hand that you point with or wear rings on is","<|im_start|>user
The chunk of rock from space that burns up as it enters Earth's atmosphere is a meteor. The digit at the end of your hand that you point with or wear rings on is a","<|im_start|>user
The chunk of rock from space that burns up as it enters Earth's atmosphere is a meteor. The digit at the end of your hand that you point with or wear rings on is an"
fish,a,a,True,fish,True,animal,False,0.976095974445343,0.976095974445343,0.0006041054730303586,True,0.996694803237915,0.31891316175460815,badge,a,The small metal or plastic pin worn on clothing to show membership or achievement is a badge,"<|im_start|>user
The small metal or plastic pin worn on clothing to show membership or achievement is a badge. The aquatic animal with gills and fins that swims in water and breathes underwater is","<|im_start|>user
The small metal or plastic pin worn on clothing to show membership or achievement is a badge. The aquatic animal with gills and fins that swims in water and breathes underwater is a","<|im_start|>user
The small metal or plastic pin worn on clothing to show membership or achievement is a badge. The aquatic animal with gills and fins that swims in water and breathes underwater is an"
flashlight,a,a,True,flashlight,True,electric,False,0.878861129283905,0.878861129283905,0.0028123885858803988,True,0.9958677291870117,0.8666540384292603,lantern,a,The glass-enclosed light that can be carried by hand to illuminate dark areas is a lantern,"<|im_start|>user
The glass-enclosed light that can be carried by hand to illuminate dark areas is a lantern. The handheld battery-powered device that creates a beam of light in darkness is","<|im_start|>user
The glass-enclosed light that can be carried by hand to illuminate dark areas is a lantern. The handheld battery-powered device that creates a beam of light in darkness is a","<|im_start|>user
The glass-enclosed light that can be carried by hand to illuminate dark areas is a lantern. The handheld battery-powered device that creates a beam of light in darkness is an"
flower,a,a,True,flower,True,/a,False,0.5712560415267944,0.5712560415267944,0.00025363275199197233,True,0.8455747365951538,0.15864795446395874,cardigan,a,The knitted sweater that opens in front with buttons or a zipper is a cardigan,"<|im_start|>user
The knitted sweater that opens in front with buttons or a zipper is a cardigan. The colorful blooming part of a plant that bees visit for nectar is","<|im_start|>user
The knitted sweater that opens in front with buttons or a zipper is a cardigan. The colorful blooming part of a plant that bees visit for nectar is a","<|im_start|>user
The knitted sweater that opens in front with buttons or a zipper is a cardigan. The colorful blooming part of a plant that bees visit for nectar is an"
flute,a,a,True,flute,True,o,False,0.9512365460395813,0.9512365460395813,0.005197756923735142,True,0.9991409778594971,0.6527573466300964,eagle,an,The large bird of prey with a hooked beak and powerful talons that soars high is an eagle,"<|im_start|>user
The large bird of prey with a hooked beak and powerful talons that soars high is an eagle. The long thin musical instrument you blow across to make melodic sounds is","<|im_start|>user
The large bird of prey with a hooked beak and powerful talons that soars high is an eagle. The long thin musical instrument you blow across to make melodic sounds is a","<|im_start|>user
The large bird of prey with a hooked beak and powerful talons that soars high is an eagle. The long thin musical instrument you blow across to make melodic sounds is an"
frog,a,a,True,frog,True,example,False,0.9968865513801575,0.9968865513801575,9.920325828716159e-05,True,0.9534615278244019,0.6853554248809814,camel,a,The desert animal with humps on its back that can go long periods without water is a camel,"<|im_start|>user
The desert animal with humps on its back that can go long periods without water is a camel. The green amphibian that hops and croaks and catches flies with its tongue is","<|im_start|>user
The desert animal with humps on its back that can go long periods without water is a camel. The green amphibian that hops and croaks and catches flies with its tongue is a","<|im_start|>user
The desert animal with humps on its back that can go long periods without water is a camel. The green amphibian that hops and croaks and catches flies with its tongue is an"
goat,a,a,True,goat,True,ib,False,0.8505294919013977,0.8505294919013977,0.0026228211354464293,True,0.9005967974662781,0.7938104867935181,kitchen,a,The room in a house where food is prepared and cooked is a kitchen,"<|im_start|>user
The room in a house where food is prepared and cooked is a kitchen. The horned farm animal that climbs mountains and gives milk for cheese is","<|im_start|>user
The room in a house where food is prepared and cooked is a kitchen. The horned farm animal that climbs mountains and gives milk for cheese is a","<|im_start|>user
The room in a house where food is prepared and cooked is a kitchen. The horned farm animal that climbs mountains and gives milk for cheese is an"
grape,a,a,True,grape,True,egg,False,0.9121039509773254,0.9121039509773254,0.0008251909166574478,True,0.9920716881752014,0.3703823983669281,airbag,an,The safety device that rapidly inflates during a car crash to protect passengers is an airbag,"<|im_start|>user
The safety device that rapidly inflates during a car crash to protect passengers is an airbag. The small round purple or green fruit that grows in clusters on vines is","<|im_start|>user
The safety device that rapidly inflates during a car crash to protect passengers is an airbag. The small round purple or green fruit that grows in clusters on vines is a","<|im_start|>user
The safety device that rapidly inflates during a car crash to protect passengers is an airbag. The small round purple or green fruit that grows in clusters on vines is an"
hamburger,a,a,True,hamburger,True,hamburger,True,0.9090772867202759,0.9090772867202759,0.0006315279752016068,True,0.8999525308609009,0.6135644912719727,altar,an,The raised platform in a church where religious ceremonies are performed is an altar,"<|im_start|>user
The raised platform in a church where religious ceremonies are performed is an altar. The sandwich of ground beef in a bun often served with fries is","<|im_start|>user
The raised platform in a church where religious ceremonies are performed is an altar. The sandwich of ground beef in a bun often served with fries is a","<|im_start|>user
The raised platform in a church where religious ceremonies are performed is an altar. The sandwich of ground beef in a bun often served with fries is an"
horse,a,a,True,horse,True,example,False,0.9847472906112671,0.9847472906112671,0.00015482795424759388,True,0.9831987023353577,0.8562653064727783,blouse,a,The loose-fitting shirt typically worn by women with buttons or ties is a blouse,"<|im_start|>user
The loose-fitting shirt typically worn by women with buttons or ties is a blouse. The large four-legged animal that people ride and that neighs and gallops is","<|im_start|>user
The loose-fitting shirt typically worn by women with buttons or ties is a blouse. The large four-legged animal that people ride and that neighs and gallops is a","<|im_start|>user
The loose-fitting shirt typically worn by women with buttons or ties is a blouse. The large four-legged animal that people ride and that neighs and gallops is an"
hotdog,a,a,True,hot,True,example,False,0.8673236966133118,0.8673236966133118,1.6365147530450486e-05,True,0.9729472398757935,0.8796550035476685,diploma,a,The certificate that shows you graduated from school or completed a course of study is a diploma,"<|im_start|>user
The certificate that shows you graduated from school or completed a course of study is a diploma. The cylindrical sausage served in a split bun at baseball games is","<|im_start|>user
The certificate that shows you graduated from school or completed a course of study is a diploma. The cylindrical sausage served in a split bun at baseball games is a","<|im_start|>user
The certificate that shows you graduated from school or completed a course of study is a diploma. The cylindrical sausage served in a split bun at baseball games is an"
house,a,a,True,house,True,apartment,False,0.920854389667511,0.920854389667511,0.014523218385875225,True,0.8779311776161194,0.8138315677642822,sled,a,The flat vehicle for sliding down snowy hills that children ride on is a sled,"<|im_start|>user
The flat vehicle for sliding down snowy hills that children ride on is a sled. The building where people live with rooms kitchen and bedrooms is","<|im_start|>user
The flat vehicle for sliding down snowy hills that children ride on is a sled. The building where people live with rooms kitchen and bedrooms is a","<|im_start|>user
The flat vehicle for sliding down snowy hills that children ride on is a sled. The building where people live with rooms kitchen and bedrooms is an"
hubcap,a,a,True,hub,True,example,False,0.8697234392166138,0.8697234392166138,0.00016505584062542766,True,0.9293817281723022,0.9435458779335022,dog,a,The four-legged furry pet known as man's best friend that barks and wags its tail is a dog,"<|im_start|>user
The four-legged furry pet known as man's best friend that barks and wags its tail is a dog. The round metal cover that protects the center of a car wheel is","<|im_start|>user
The four-legged furry pet known as man's best friend that barks and wags its tail is a dog. The round metal cover that protects the center of a car wheel is a","<|im_start|>user
The four-legged furry pet known as man's best friend that barks and wags its tail is a dog. The round metal cover that protects the center of a car wheel is an"
jar,a,a,True,jar,True,a,False,0.9087560176849365,0.9087560176849365,0.000262886518612504,True,0.702428936958313,0.1670023500919342,carrot,a,The orange root vegetable that Bugs Bunny is famous for eating is a carrot,"<|im_start|>user
The orange root vegetable that Bugs Bunny is famous for eating is a carrot. The glass container with a wide mouth and tight lid used for preserving food is","<|im_start|>user
The orange root vegetable that Bugs Bunny is famous for eating is a carrot. The glass container with a wide mouth and tight lid used for preserving food is a","<|im_start|>user
The orange root vegetable that Bugs Bunny is famous for eating is a carrot. The glass container with a wide mouth and tight lid used for preserving food is an"
kite,a,a,True,kite,True,a,False,0.9880164265632629,0.9880164265632629,0.00012974947458133101,True,0.9399328231811523,0.17016270756721497,igloo,an,The dome-shaped house made of ice blocks used by people in the Arctic is an igloo,"<|im_start|>user
The dome-shaped house made of ice blocks used by people in the Arctic is an igloo. The colorful diamond-shaped toy that flies in the wind on a string is","<|im_start|>user
The dome-shaped house made of ice blocks used by people in the Arctic is an igloo. The colorful diamond-shaped toy that flies in the wind on a string is a","<|im_start|>user
The dome-shaped house made of ice blocks used by people in the Arctic is an igloo. The colorful diamond-shaped toy that flies in the wind on a string is an"
ladder,a,a,True,ladder,True,example,False,0.9803141355514526,0.9803141355514526,0.001128625706769526,True,0.9766004085540771,0.5079672336578369,turtle,a,The reptile with a hard shell that moves slowly and can pull its head inside is a turtle,"<|im_start|>user
The reptile with a hard shell that moves slowly and can pull its head inside is a turtle. The device with rungs that you climb to reach high places is","<|im_start|>user
The reptile with a hard shell that moves slowly and can pull its head inside is a turtle. The device with rungs that you climb to reach high places is a","<|im_start|>user
The reptile with a hard shell that moves slowly and can pull its head inside is a turtle. The device with rungs that you climb to reach high places is an"
lantern,a,a,True,lantern,True,example,False,0.9578738212585449,0.9578738212585449,0.0009434394305571914,True,0.886163055896759,0.38857945799827576,headlight,a,The bright beam at the front of a vehicle that illuminates the road at night is a headlight,"<|im_start|>user
The bright beam at the front of a vehicle that illuminates the road at night is a headlight. The glass-enclosed light that can be carried by hand to illuminate dark areas is","<|im_start|>user
The bright beam at the front of a vehicle that illuminates the road at night is a headlight. The glass-enclosed light that can be carried by hand to illuminate dark areas is a","<|im_start|>user
The bright beam at the front of a vehicle that illuminates the road at night is a headlight. The glass-enclosed light that can be carried by hand to illuminate dark areas is an"
leaf,a,a,True,leaf,True,oak,False,0.9327516555786133,0.9327516555786133,0.0003612186119426042,True,0.9937973022460938,0.8590454459190369,eagle,an,The large bird of prey with a hooked beak and powerful talons that soars high is an eagle,"<|im_start|>user
The large bird of prey with a hooked beak and powerful talons that soars high is an eagle. The flat green part of a tree that falls in autumn and photosynthesizes sunlight is","<|im_start|>user
The large bird of prey with a hooked beak and powerful talons that soars high is an eagle. The flat green part of a tree that falls in autumn and photosynthesizes sunlight is a","<|im_start|>user
The large bird of prey with a hooked beak and powerful talons that soars high is an eagle. The flat green part of a tree that falls in autumn and photosynthesizes sunlight is an"
lemon,a,a,True,lemon,True,un,False,0.8663524985313416,0.8663524985313416,0.00023920481908135116,True,0.9064071774482727,0.21181847155094147,undershirt,an,The sleeveless garment worn underneath a shirt next to the skin is an undershirt,"<|im_start|>user
The sleeveless garment worn underneath a shirt next to the skin is an undershirt. The sour yellow citrus fruit often squeezed into water or used in cooking is","<|im_start|>user
The sleeveless garment worn underneath a shirt next to the skin is an undershirt. The sour yellow citrus fruit often squeezed into water or used in cooking is a","<|im_start|>user
The sleeveless garment worn underneath a shirt next to the skin is an undershirt. The sour yellow citrus fruit often squeezed into water or used in cooking is an"
leopard,a,a,True,jag,False,o,False,0.9313939213752747,0.9313939213752747,0.0007710506906732917,True,0.9395678043365479,0.9967323541641235,flute,a,The long thin musical instrument you blow across to make melodic sounds is a flute,"<|im_start|>user
The long thin musical instrument you blow across to make melodic sounds is a flute. The large spotted wild cat with rosette markings that climbs trees is","<|im_start|>user
The long thin musical instrument you blow across to make melodic sounds is a flute. The large spotted wild cat with rosette markings that climbs trees is a","<|im_start|>user
The long thin musical instrument you blow across to make melodic sounds is a flute. The large spotted wild cat with rosette markings that climbs trees is an"
lightbulb,a,a,True,light,True,electric,False,0.9664425253868103,0.9664425253868103,0.006824048701673746,True,0.8149941563606262,0.6931039094924927,carpet,a,The thick fabric floor covering that lies wall-to-wall in rooms is a carpet,"<|im_start|>user
The thick fabric floor covering that lies wall-to-wall in rooms is a carpet. The glass bulb that screws into a socket to provide electric light is","<|im_start|>user
The thick fabric floor covering that lies wall-to-wall in rooms is a carpet. The glass bulb that screws into a socket to provide electric light is a","<|im_start|>user
The thick fabric floor covering that lies wall-to-wall in rooms is a carpet. The glass bulb that screws into a socket to provide electric light is an"
magazine,a,a,True,magazine,True,example,False,0.8950295448303223,0.8950295448303223,0.00018774768977891654,True,0.9722095727920532,0.7606753706932068,fig,a,The sweet chewy fruit that grows on trees and is often dried is a fig,"<|im_start|>user
The sweet chewy fruit that grows on trees and is often dried is a fig. The glossy publication with pictures and articles that you read monthly is","<|im_start|>user
The sweet chewy fruit that grows on trees and is often dried is a fig. The glossy publication with pictures and articles that you read monthly is a","<|im_start|>user
The sweet chewy fruit that grows on trees and is often dried is a fig. The glossy publication with pictures and articles that you read monthly is an"
mailbox,a,a,True,mailbox,True,old,False,0.7977204322814941,0.7977204322814941,0.00012442932347767055,True,0.8890041708946228,0.33438846468925476,lollipop,a,The round hard candy on a stick that children lick and suck on is a lollipop,"<|im_start|>user
The round hard candy on a stick that children lick and suck on is a lollipop. The metal box on a post where the postal worker delivers your letters is","<|im_start|>user
The round hard candy on a stick that children lick and suck on is a lollipop. The metal box on a post where the postal worker delivers your letters is a","<|im_start|>user
The round hard candy on a stick that children lick and suck on is a lollipop. The metal box on a post where the postal worker delivers your letters is an"
mango,a,an,False,(n,False,orange,False,0.9365416169166565,0.019081538543105125,0.9365416169166565,False,0.4210514426231384,0.9935439825057983,orchestra,an,The large group of musicians who play classical music with various instruments is an orchestra,"<|im_start|>user
The large group of musicians who play classical music with various instruments is an orchestra. The tropical orange fruit with sweet flesh that grows on trees is","<|im_start|>user
The large group of musicians who play classical music with various instruments is an orchestra. The tropical orange fruit with sweet flesh that grows on trees is a","<|im_start|>user
The large group of musicians who play classical music with various instruments is an orchestra. The tropical orange fruit with sweet flesh that grows on trees is an"
mattress,a,a,True,mattress,True,example,False,0.9675602316856384,0.9675602316856384,4.769740917254239e-05,True,0.9982757568359375,0.987643837928772,blueberry,a,The small round blue fruit often baked in muffins or eaten fresh is a blueberry,"<|im_start|>user
The small round blue fruit often baked in muffins or eaten fresh is a blueberry. The thick rectangular pad that you sleep on placed on top of a bed frame is","<|im_start|>user
The small round blue fruit often baked in muffins or eaten fresh is a blueberry. The thick rectangular pad that you sleep on placed on top of a bed frame is a","<|im_start|>user
The small round blue fruit often baked in muffins or eaten fresh is a blueberry. The thick rectangular pad that you sleep on placed on top of a bed frame is an"
microscope,a,a,True,microscope,True,electron,False,0.9252187013626099,0.9252187013626099,0.0008991045178845525,True,0.9751111268997192,0.3904339671134949,pizza,a,The round flatbread topped with cheese sauce and toppings baked in an oven is a pizza,"<|im_start|>user
The round flatbread topped with cheese sauce and toppings baked in an oven is a pizza. The scientific instrument that magnifies tiny objects so you can see their details is","<|im_start|>user
The round flatbread topped with cheese sauce and toppings baked in an oven is a pizza. The scientific instrument that magnifies tiny objects so you can see their details is a","<|im_start|>user
The round flatbread topped with cheese sauce and toppings baked in an oven is a pizza. The scientific instrument that magnifies tiny objects so you can see their details is an"
mousetrap,a,a,True,snap,False,animal,False,0.9676089286804199,0.9676089286804199,0.0001439812040189281,True,0.6770766377449036,0.8901211023330688,bucket,a,The container with a handle used to carry water or collect items is a bucket,"<|im_start|>user
The container with a handle used to carry water or collect items is a bucket. The spring-loaded device that snaps shut to catch rodents is","<|im_start|>user
The container with a handle used to carry water or collect items is a bucket. The spring-loaded device that snaps shut to catch rodents is a","<|im_start|>user
The container with a handle used to carry water or collect items is a bucket. The spring-loaded device that snaps shut to catch rodents is an"
nectarine,a,a,True,(n,False,apr,False,0.6478847861289978,0.6478847861289978,0.22957804799079895,True,0.3144371211528778,0.8713123202323914,beak,a,The hard pointed mouth part of a bird used for eating and building nests is a beak,"<|im_start|>user
The hard pointed mouth part of a bird used for eating and building nests is a beak. The smooth-skinned peach-like fruit with a large pit in the center is","<|im_start|>user
The hard pointed mouth part of a bird used for eating and building nests is a beak. The smooth-skinned peach-like fruit with a large pit in the center is a","<|im_start|>user
The hard pointed mouth part of a bird used for eating and building nests is a beak. The smooth-skinned peach-like fruit with a large pit in the center is an"
octopus,an,an,True,oct,True,(n,False,0.9304915070533752,0.028942449018359184,0.9304915070533752,True,0.9996366500854492,0.71025151014328,tiger,a,The large striped wild cat with orange and black markings that prowls the jungle is a tiger,"<|im_start|>user
The large striped wild cat with orange and black markings that prowls the jungle is a tiger. The eight-armed sea creature that changes color and squirts ink is","<|im_start|>user
The large striped wild cat with orange and black markings that prowls the jungle is a tiger. The eight-armed sea creature that changes color and squirts ink is an","<|im_start|>user
The large striped wild cat with orange and black markings that prowls the jungle is a tiger. The eight-armed sea creature that changes color and squirts ink is a"
parrot,a,a,True,par,True,__,False,0.9062422513961792,0.9062422513961792,0.0018416432430967689,True,0.44340842962265015,0.19063296914100647,auditorium,an,The large hall with tiered seating where performances and lectures are held is an auditorium,"<|im_start|>user
The large hall with tiered seating where performances and lectures are held is an auditorium. The colorful tropical bird that can mimic human speech is","<|im_start|>user
The large hall with tiered seating where performances and lectures are held is an auditorium. The colorful tropical bird that can mimic human speech is a","<|im_start|>user
The large hall with tiered seating where performances and lectures are held is an auditorium. The colorful tropical bird that can mimic human speech is an"
passport,a,a,True,passport,True,?,False,0.9319125413894653,0.9319125413894653,7.347650534939021e-05,True,0.9515155553817749,0.14668062329292297,coat,a,The outer garment with sleeves worn over other clothes for warmth is a coat,"<|im_start|>user
The outer garment with sleeves worn over other clothes for warmth is a coat. The small booklet with your photo that allows you to travel to other countries is","<|im_start|>user
The outer garment with sleeves worn over other clothes for warmth is a coat. The small booklet with your photo that allows you to travel to other countries is a","<|im_start|>user
The outer garment with sleeves worn over other clothes for warmth is a coat. The small booklet with your photo that allows you to travel to other countries is an"
peacock,a,a,True,pe,True,indian,False,0.9570564031600952,0.9570564031600952,6.807742465753108e-05,True,0.9661661386489868,0.4079802334308624,aphid,an,The tiny green insect that feeds on plant sap and damages crops is an aphid,"<|im_start|>user
The tiny green insect that feeds on plant sap and damages crops is an aphid. The large colorful bird with an elaborate tail that fans out in display is","<|im_start|>user
The tiny green insect that feeds on plant sap and damages crops is an aphid. The large colorful bird with an elaborate tail that fans out in display is a","<|im_start|>user
The tiny green insect that feeds on plant sap and damages crops is an aphid. The large colorful bird with an elaborate tail that fans out in display is an"
penguin,a,a,True,p,True,emperor,False,0.9625237584114075,0.9625237584114075,0.0007481861393898726,True,0.9724149107933044,0.9277344346046448,doll,a,The toy figure of a person that children play with and dress up is a doll,"<|im_start|>user
The toy figure of a person that children play with and dress up is a doll. The black and white flightless bird that waddles and lives in cold climates is","<|im_start|>user
The toy figure of a person that children play with and dress up is a doll. The black and white flightless bird that waddles and lives in cold climates is a","<|im_start|>user
The toy figure of a person that children play with and dress up is a doll. The black and white flightless bird that waddles and lives in cold climates is an"
pig,a,a,True,pig,True,o,False,0.9858486652374268,0.9858486652374268,0.0010208418825641274,True,0.9429945349693298,0.46888628602027893,anteater,an,The long-nosed mammal that uses its tongue to eat ants and termites is an anteater,"<|im_start|>user
The long-nosed mammal that uses its tongue to eat ants and termites is an anteater. The pink farm animal with a curly tail that rolls in mud and says oink is","<|im_start|>user
The long-nosed mammal that uses its tongue to eat ants and termites is an anteater. The pink farm animal with a curly tail that rolls in mud and says oink is a","<|im_start|>user
The long-nosed mammal that uses its tongue to eat ants and termites is an anteater. The pink farm animal with a curly tail that rolls in mud and says oink is an"
pillow,a,a,True,pillow,True,example,False,0.9395947456359863,0.9395947456359863,0.0003017578274011612,True,0.8149610757827759,0.34804069995880127,orchestra,an,The large group of musicians who play classical music with various instruments is an orchestra,"<|im_start|>user
The large group of musicians who play classical music with various instruments is an orchestra. The soft rectangular cushion you rest your head on while sleeping is","<|im_start|>user
The large group of musicians who play classical music with various instruments is an orchestra. The soft rectangular cushion you rest your head on while sleeping is a","<|im_start|>user
The large group of musicians who play classical music with various instruments is an orchestra. The soft rectangular cushion you rest your head on while sleeping is an"
pitchfork,a,a,True,pitch,True,implement,False,0.9674714207649231,0.9674714207649231,0.00025002899928949773,True,0.92307049036026,0.18664167821407318,quilt,a,The bed covering made of patches of fabric stitched together for warmth is a quilt,"<|im_start|>user
The bed covering made of patches of fabric stitched together for warmth is a quilt. The long-handled farming tool with sharp prongs used to pitch hay is","<|im_start|>user
The bed covering made of patches of fabric stitched together for warmth is a quilt. The long-handled farming tool with sharp prongs used to pitch hay is a","<|im_start|>user
The bed covering made of patches of fabric stitched together for warmth is a quilt. The long-handled farming tool with sharp prongs used to pitch hay is an"
pizza,a,a,True,pizza,True,english,False,0.8605110049247742,0.8605110049247742,0.002907482208684087,True,0.8905619978904724,0.963121235370636,backboard,a,The rectangular board behind a basketball hoop that the ball bounces off is a backboard,"<|im_start|>user
The rectangular board behind a basketball hoop that the ball bounces off is a backboard. The round flatbread topped with cheese sauce and toppings baked in an oven is","<|im_start|>user
The rectangular board behind a basketball hoop that the ball bounces off is a backboard. The round flatbread topped with cheese sauce and toppings baked in an oven is a","<|im_start|>user
The rectangular board behind a basketball hoop that the ball bounces off is a backboard. The round flatbread topped with cheese sauce and toppings baked in an oven is an"
plank,a,a,True,plank,True,example,False,0.9269542694091797,0.9269542694091797,0.0004172067856416106,True,0.8483998775482178,0.9103128910064697,apricot,an,The small orange fruit with fuzzy skin and a large pit similar to a peach is an apricot,"<|im_start|>user
The small orange fruit with fuzzy skin and a large pit similar to a peach is an apricot. The long flat piece of wood used in construction or as a walking surface is","<|im_start|>user
The small orange fruit with fuzzy skin and a large pit similar to a peach is an apricot. The long flat piece of wood used in construction or as a walking surface is a","<|im_start|>user
The small orange fruit with fuzzy skin and a large pit similar to a peach is an apricot. The long flat piece of wood used in construction or as a walking surface is an"
porcupine,a,a,True,hedge,False,ech,False,0.9730793833732605,0.9730793833732605,0.0039861467666924,True,0.9844338297843933,0.47823357582092285,pizza,a,The round flatbread topped with cheese sauce and toppings baked in an oven is a pizza,"<|im_start|>user
The round flatbread topped with cheese sauce and toppings baked in an oven is a pizza. The spiny mammal covered in sharp quills that rolls into a ball when threatened is","<|im_start|>user
The round flatbread topped with cheese sauce and toppings baked in an oven is a pizza. The spiny mammal covered in sharp quills that rolls into a ball when threatened is a","<|im_start|>user
The round flatbread topped with cheese sauce and toppings baked in an oven is a pizza. The spiny mammal covered in sharp quills that rolls into a ball when threatened is an"
quill,a,a,True,qu,True,example,False,0.8459000587463379,0.8459000587463379,0.003192242467775941,True,0.8604627847671509,0.7145149111747742,mountain,a,The large landform that rises high above the surrounding area often with snow on top is a mountain,"<|im_start|>user
The large landform that rises high above the surrounding area often with snow on top is a mountain. The feather from a bird's wing that was once used as a writing pen is","<|im_start|>user
The large landform that rises high above the surrounding area often with snow on top is a mountain. The feather from a bird's wing that was once used as a writing pen is a","<|im_start|>user
The large landform that rises high above the surrounding area often with snow on top is a mountain. The feather from a bird's wing that was once used as a writing pen is an"
quilt,a,a,True,quilt,True,example,False,0.9402796626091003,0.9402796626091003,0.00011175576946698129,True,0.7844915390014648,0.791403591632843,carpet,a,The thick fabric floor covering that lies wall-to-wall in rooms is a carpet,"<|im_start|>user
The thick fabric floor covering that lies wall-to-wall in rooms is a carpet. The bed covering made of patches of fabric stitched together for warmth is","<|im_start|>user
The thick fabric floor covering that lies wall-to-wall in rooms is a carpet. The bed covering made of patches of fabric stitched together for warmth is a","<|im_start|>user
The thick fabric floor covering that lies wall-to-wall in rooms is a carpet. The bed covering made of patches of fabric stitched together for warmth is an"
raft,a,a,True,raft,True,raft,True,0.6334490776062012,0.6334490776062012,0.20332199335098267,True,0.9964891672134399,0.47510015964508057,easel,an,The three-legged stand that holds a canvas for an artist to paint on is an easel,"<|im_start|>user
The three-legged stand that holds a canvas for an artist to paint on is an easel. The flat floating platform made of logs or inflatable material for water travel is","<|im_start|>user
The three-legged stand that holds a canvas for an artist to paint on is an easel. The flat floating platform made of logs or inflatable material for water travel is a","<|im_start|>user
The three-legged stand that holds a canvas for an artist to paint on is an easel. The flat floating platform made of logs or inflatable material for water travel is an"
raincoat,a,a,True,rain,True,umbrella,False,0.9424467086791992,0.9424467086791992,0.04149368405342102,True,0.994309663772583,0.6404289603233337,incinerator,an,The furnace that burns waste at extremely high temperatures to destroy it is an incinerator,"<|im_start|>user
The furnace that burns waste at extremely high temperatures to destroy it is an incinerator. The waterproof coat worn to stay dry when it's raining outside is","<|im_start|>user
The furnace that burns waste at extremely high temperatures to destroy it is an incinerator. The waterproof coat worn to stay dry when it's raining outside is a","<|im_start|>user
The furnace that burns waste at extremely high temperatures to destroy it is an incinerator. The waterproof coat worn to stay dry when it's raining outside is an"
rattlesnake,a,a,True,ratt,True,example,False,0.8076841235160828,0.8076841235160828,0.0017228580545634031,True,0.9524818062782288,0.7948511838912964,cemetery,a,The place where dead people are buried marked with headstones is a cemetery,"<|im_start|>user
The place where dead people are buried marked with headstones is a cemetery. The venomous snake that shakes its tail to make a warning sound is","<|im_start|>user
The place where dead people are buried marked with headstones is a cemetery. The venomous snake that shakes its tail to make a warning sound is a","<|im_start|>user
The place where dead people are buried marked with headstones is a cemetery. The venomous snake that shakes its tail to make a warning sound is an"
refrigerator,a,a,True,refrigerator,True,appliance,False,0.9632619619369507,0.9632619619369507,0.001318460563197732,True,0.9583094716072083,0.8125272989273071,tractor,a,The large farm vehicle that pulls plows and other equipment through fields is a tractor,"<|im_start|>user
The large farm vehicle that pulls plows and other equipment through fields is a tractor. The large kitchen appliance that keeps food cold and frozen is","<|im_start|>user
The large farm vehicle that pulls plows and other equipment through fields is a tractor. The large kitchen appliance that keeps food cold and frozen is a","<|im_start|>user
The large farm vehicle that pulls plows and other equipment through fields is a tractor. The large kitchen appliance that keeps food cold and frozen is an"
robe,a,a,True,robe,True,academic,False,0.9226425290107727,0.9226425290107727,0.011503834277391434,True,0.8169170022010803,0.2221357375383377,skeleton,a,The framework of bones that supports the human or animal body is a skeleton,"<|im_start|>user
The framework of bones that supports the human or animal body is a skeleton. The loose flowing garment worn over clothes like a bathrobe but more formal is","<|im_start|>user
The framework of bones that supports the human or animal body is a skeleton. The loose flowing garment worn over clothes like a bathrobe but more formal is a","<|im_start|>user
The framework of bones that supports the human or animal body is a skeleton. The loose flowing garment worn over clothes like a bathrobe but more formal is an"
sardine,a,s,False,s,True,anch,False,0.8599562048912048,0.07190752029418945,0.0062253656797111034,True,0.9991447925567627,0.9939854741096497,cobra,a,The venomous snake with a hood that can rear up and strike is a cobra,"<|im_start|>user
The venomous snake with a hood that can rear up and strike is a cobra. The small oily fish often packed in cans and eaten on crackers is","<|im_start|>user
The venomous snake with a hood that can rear up and strike is a cobra. The small oily fish often packed in cans and eaten on crackers is a","<|im_start|>user
The venomous snake with a hood that can rear up and strike is a cobra. The small oily fish often packed in cans and eaten on crackers is an"
saxophone,a,a,True,horn,False,o,False,0.8816068172454834,0.8816068172454834,0.016483547165989876,True,0.23686569929122925,0.1887855976819992,udder,an,The milk-producing organ of a female cow or other mammal is an udder,"<|im_start|>user
The milk-producing organ of a female cow or other mammal is an udder. The curved brass musical instrument played by blowing through a mouthpiece is","<|im_start|>user
The milk-producing organ of a female cow or other mammal is an udder. The curved brass musical instrument played by blowing through a mouthpiece is a","<|im_start|>user
The milk-producing organ of a female cow or other mammal is an udder. The curved brass musical instrument played by blowing through a mouthpiece is an"
seagull,a,a,True,g,False,o,False,0.9496855735778809,0.9496855735778809,6.772725555492798e-06,True,0.99909508228302,0.5109631419181824,blanket,a,The warm covering you pull over yourself when sleeping or staying cozy is a blanket,"<|im_start|>user
The warm covering you pull over yourself when sleeping or staying cozy is a blanket. The white and gray coastal bird that scavenges and makes harsh cries is","<|im_start|>user
The warm covering you pull over yourself when sleeping or staying cozy is a blanket. The white and gray coastal bird that scavenges and makes harsh cries is a","<|im_start|>user
The warm covering you pull over yourself when sleeping or staying cozy is a blanket. The white and gray coastal bird that scavenges and makes harsh cries is an"
shawl,a,a,True,scarf,False,example,False,0.9609940052032471,0.9609940052032471,0.0017500448739156127,True,0.9366538524627686,0.5506223440170288,raisin,a,The small wrinkled dried grape often added to cookies and cereals is a raisin,"<|im_start|>user
The small wrinkled dried grape often added to cookies and cereals is a raisin. The rectangular piece of fabric worn around the shoulders or neck for warmth is","<|im_start|>user
The small wrinkled dried grape often added to cookies and cereals is a raisin. The rectangular piece of fabric worn around the shoulders or neck for warmth is a","<|im_start|>user
The small wrinkled dried grape often added to cookies and cereals is a raisin. The rectangular piece of fabric worn around the shoulders or neck for warmth is an"
shoelace,a,a,True,sho,True,sho,True,0.9111924171447754,0.9111924171447754,0.0009390239720232785,True,0.8226373195648193,0.6391493678092957,cranberry,a,The tart red berry often made into sauce for Thanksgiving dinner is a cranberry,"<|im_start|>user
The tart red berry often made into sauce for Thanksgiving dinner is a cranberry. The thin cord that threads through holes in shoes to keep them tight is","<|im_start|>user
The tart red berry often made into sauce for Thanksgiving dinner is a cranberry. The thin cord that threads through holes in shoes to keep them tight is a","<|im_start|>user
The tart red berry often made into sauce for Thanksgiving dinner is a cranberry. The thin cord that threads through holes in shoes to keep them tight is an"
sled,a,a,True,sled,True,example,False,0.9782182574272156,0.9782182574272156,0.000368618406355381,True,0.9312781691551208,0.6389037370681763,doorknob,a,The round handle you turn to open or close a door is a doorknob,"<|im_start|>user
The round handle you turn to open or close a door is a doorknob. The flat vehicle for sliding down snowy hills that children ride on is","<|im_start|>user
The round handle you turn to open or close a door is a doorknob. The flat vehicle for sliding down snowy hills that children ride on is a","<|im_start|>user
The round handle you turn to open or close a door is a doorknob. The flat vehicle for sliding down snowy hills that children ride on is an"
snake,a,a,True,snake,True,add,False,0.9524642825126648,0.9524642825126648,0.003621478332206607,True,0.9311381578445435,0.8755549788475037,cupcake,a,The small frosted cake often decorated for birthdays and celebrations is a cupcake,"<|im_start|>user
The small frosted cake often decorated for birthdays and celebrations is a cupcake. The legless reptile that slithers on the ground and may be venomous is","<|im_start|>user
The small frosted cake often decorated for birthdays and celebrations is a cupcake. The legless reptile that slithers on the ground and may be venomous is a","<|im_start|>user
The small frosted cake often decorated for birthdays and celebrations is a cupcake. The legless reptile that slithers on the ground and may be venomous is an"
spear,a,a,True,jav,False,at,False,0.8990195989608765,0.8990195989608765,0.007102333940565586,True,0.49827906489372253,0.9093352556228638,tire,a,The round rubber wheel that goes on a car and is inflated with air is a tire,"<|im_start|>user
The round rubber wheel that goes on a car and is inflated with air is a tire. The long weapon with a sharp pointed tip thrown in ancient warfare is","<|im_start|>user
The round rubber wheel that goes on a car and is inflated with air is a tire. The long weapon with a sharp pointed tip thrown in ancient warfare is a","<|im_start|>user
The round rubber wheel that goes on a car and is inflated with air is a tire. The long weapon with a sharp pointed tip thrown in ancient warfare is an"
sponge,a,a,True,sponge,True,example,False,0.9284854531288147,0.9284854531288147,0.0006266185664571822,True,0.8604901432991028,0.7580400705337524,computer,a,The electronic device with a screen and keyboard used for work games and internet is a computer,"<|im_start|>user
The electronic device with a screen and keyboard used for work games and internet is a computer. The soft absorbent material full of holes used for cleaning and washing is","<|im_start|>user
The electronic device with a screen and keyboard used for work games and internet is a computer. The soft absorbent material full of holes used for cleaning and washing is a","<|im_start|>user
The electronic device with a screen and keyboard used for work games and internet is a computer. The soft absorbent material full of holes used for cleaning and washing is an"
strawberry,a,a,True,raspberry,False,orange,False,0.9150108098983765,0.9150108098983765,0.0003964245261158794,True,0.7304617762565613,0.3128032386302948,raisin,a,The small wrinkled dried grape often added to cookies and cereals is a raisin,"<|im_start|>user
The small wrinkled dried grape often added to cookies and cereals is a raisin. The small red fruit with tiny seeds on the outside often eaten with cream is","<|im_start|>user
The small wrinkled dried grape often added to cookies and cereals is a raisin. The small red fruit with tiny seeds on the outside often eaten with cream is a","<|im_start|>user
The small wrinkled dried grape often added to cookies and cereals is a raisin. The small red fruit with tiny seeds on the outside often eaten with cream is an"
tablespoon,a,a,True,lad,False,lad,False,0.9751226902008057,0.9751226902008057,1.983342554012779e-05,True,0.9930903315544128,0.46202412247657776,tire,a,The round rubber wheel that goes on a car and is inflated with air is a tire,"<|im_start|>user
The round rubber wheel that goes on a car and is inflated with air is a tire. The large spoon used for serving food or measuring ingredients while cooking is","<|im_start|>user
The round rubber wheel that goes on a car and is inflated with air is a tire. The large spoon used for serving food or measuring ingredients while cooking is a","<|im_start|>user
The round rubber wheel that goes on a car and is inflated with air is a tire. The large spoon used for serving food or measuring ingredients while cooking is an"
telescope,a,a,True,telescope,True,ey,False,0.9372726678848267,0.9372726678848267,0.002888926537707448,True,0.9432126879692078,0.4088558256626129,eraser,an,The rubber tool that removes pencil marks from paper is an eraser,"<|im_start|>user
The rubber tool that removes pencil marks from paper is an eraser. The optical instrument that makes distant objects appear closer and clearer is","<|im_start|>user
The rubber tool that removes pencil marks from paper is an eraser. The optical instrument that makes distant objects appear closer and clearer is a","<|im_start|>user
The rubber tool that removes pencil marks from paper is an eraser. The optical instrument that makes distant objects appear closer and clearer is an"
thimble,a,a,True,th,True,e,False,0.7833003401756287,0.7833003401756287,0.002000712789595127,True,0.9779474139213562,0.3242102265357971,spoon,a,The rounded eating utensil used to scoop up soup cereal and other liquids is a spoon,"<|im_start|>user
The rounded eating utensil used to scoop up soup cereal and other liquids is a spoon. The small metal cap worn on the finger tip while sewing to protect from needle pricks is","<|im_start|>user
The rounded eating utensil used to scoop up soup cereal and other liquids is a spoon. The small metal cap worn on the finger tip while sewing to protect from needle pricks is a","<|im_start|>user
The rounded eating utensil used to scoop up soup cereal and other liquids is a spoon. The small metal cap worn on the finger tip while sewing to protect from needle pricks is an"
thorn,a,a,True,th,True,example,False,0.8882222175598145,0.8882222175598145,0.0006159630138427019,True,0.9640216827392578,0.5669521689414978,cow,a,The large black and white farm animal that gives milk and says moo is a cow,"<|im_start|>user
The large black and white farm animal that gives milk and says moo is a cow. The sharp pointed projection on a rose stem or other plant that can prick you is","<|im_start|>user
The large black and white farm animal that gives milk and says moo is a cow. The sharp pointed projection on a rose stem or other plant that can prick you is a","<|im_start|>user
The large black and white farm animal that gives milk and says moo is a cow. The sharp pointed projection on a rose stem or other plant that can prick you is an"
tiger,a,a,True,jag,False,o,False,0.9593003988265991,0.9593003988265991,0.0008002074901014566,True,0.934615433216095,0.18561193346977234,anchor,an,The heavy metal device that keeps boats from drifting by hooking to the sea floor is an anchor,"<|im_start|>user
The heavy metal device that keeps boats from drifting by hooking to the sea floor is an anchor. The large striped wild cat with orange and black markings that prowls the jungle is","<|im_start|>user
The heavy metal device that keeps boats from drifting by hooking to the sea floor is an anchor. The large striped wild cat with orange and black markings that prowls the jungle is a","<|im_start|>user
The heavy metal device that keeps boats from drifting by hooking to the sea floor is an anchor. The large striped wild cat with orange and black markings that prowls the jungle is an"
tire,a,a,True,tire,True,inflatable,False,0.9940481185913086,0.9940481185913086,0.0004222816787660122,True,0.893844485282898,0.37510570883750916,matchstick,a,The small wooden stick with a chemical tip that ignites when struck is a matchstick,"<|im_start|>user
The small wooden stick with a chemical tip that ignites when struck is a matchstick. The round rubber wheel that goes on a car and is inflated with air is","<|im_start|>user
The small wooden stick with a chemical tip that ignites when struck is a matchstick. The round rubber wheel that goes on a car and is inflated with air is a","<|im_start|>user
The small wooden stick with a chemical tip that ignites when struck is a matchstick. The round rubber wheel that goes on a car and is inflated with air is an"
toad,a,a,True,to,True,to,True,0.9208042025566101,0.9208042025566101,0.0005327947437763214,True,0.9984664916992188,0.8022509813308716,mousetrap,a,The spring-loaded device that snaps shut to catch rodents is a mousetrap,"<|im_start|>user
The spring-loaded device that snaps shut to catch rodents is a mousetrap. The warty amphibian that hops like a frog but has rougher drier skin is","<|im_start|>user
The spring-loaded device that snaps shut to catch rodents is a mousetrap. The warty amphibian that hops like a frog but has rougher drier skin is a","<|im_start|>user
The spring-loaded device that snaps shut to catch rodents is a mousetrap. The warty amphibian that hops like a frog but has rougher drier skin is an"
tomato,a,a,True,tomato,True,apple,False,0.9379203915596008,0.9379203915596008,0.0022596530616283417,True,0.9205095171928406,0.6998974084854126,chipmunk,a,The small striped rodent with pouches in its cheeks that stores nuts is a chipmunk,"<|im_start|>user
The small striped rodent with pouches in its cheeks that stores nuts is a chipmunk. The red round fruit used to make sauce and eaten in salads is","<|im_start|>user
The small striped rodent with pouches in its cheeks that stores nuts is a chipmunk. The red round fruit used to make sauce and eaten in salads is a","<|im_start|>user
The small striped rodent with pouches in its cheeks that stores nuts is a chipmunk. The red round fruit used to make sauce and eaten in salads is an"
toothbrush,a,a,True,tooth,True,example,False,0.959338366985321,0.959338366985321,4.050998541060835e-05,True,0.9917566776275635,0.9314078092575073,mattress,a,The thick rectangular pad that you sleep on placed on top of a bed frame is a mattress,"<|im_start|>user
The thick rectangular pad that you sleep on placed on top of a bed frame is a mattress. The handheld tool with bristles used to clean teeth twice daily is","<|im_start|>user
The thick rectangular pad that you sleep on placed on top of a bed frame is a mattress. The handheld tool with bristles used to clean teeth twice daily is a","<|im_start|>user
The thick rectangular pad that you sleep on placed on top of a bed frame is a mattress. The handheld tool with bristles used to clean teeth twice daily is an"
tractor,a,a,True,tractor,True,example,False,0.9526515007019043,0.9526515007019043,0.0010299758287146688,True,0.5618826746940613,0.48734334111213684,arrow,an,The pointed projectile shot from a bow toward a target is an arrow,"<|im_start|>user
The pointed projectile shot from a bow toward a target is an arrow. The large farm vehicle that pulls plows and other equipment through fields is","<|im_start|>user
The pointed projectile shot from a bow toward a target is an arrow. The large farm vehicle that pulls plows and other equipment through fields is a","<|im_start|>user
The pointed projectile shot from a bow toward a target is an arrow. The large farm vehicle that pulls plows and other equipment through fields is an"
trampoline,a,a,True,p,False,exercise,False,0.99599289894104,0.99599289894104,1.1413968422857579e-05,True,0.8548739552497864,0.6760207414627075,cigar,a,The rolled tobacco leaves that people smoke and are bad for health is a cigar,"<|im_start|>user
The rolled tobacco leaves that people smoke and are bad for health is a cigar. The circular bouncing apparatus with springs that people jump on for exercise is","<|im_start|>user
The rolled tobacco leaves that people smoke and are bad for health is a cigar. The circular bouncing apparatus with springs that people jump on for exercise is a","<|im_start|>user
The rolled tobacco leaves that people smoke and are bad for health is a cigar. The circular bouncing apparatus with springs that people jump on for exercise is an"
tree,a,a,True,tree,True,oak,False,0.9754075407981873,0.9754075407981873,0.0005779056227765977,True,0.9783413410186768,0.5159301161766052,blade,a,The thin sharp edge of a knife sword or razor that cuts things is a blade,"<|im_start|>user
The thin sharp edge of a knife sword or razor that cuts things is a blade. The tall woody plant with branches and leaves that provides shade and oxygen is","<|im_start|>user
The thin sharp edge of a knife sword or razor that cuts things is a blade. The tall woody plant with branches and leaves that provides shade and oxygen is a","<|im_start|>user
The thin sharp edge of a knife sword or razor that cuts things is a blade. The tall woody plant with branches and leaves that provides shade and oxygen is an"
tulip,a,is,False,tul,True,is,False,0.9766953587532043,1.7134498193627223e-05,8.470458396914182e-07,True,0.9796415567398071,0.2677208483219147,cheesecake,a,The rich dessert made with cream cheese and often topped with berries is a cheesecake,"<|im_start|>user
The rich dessert made with cream cheese and often topped with berries is a cheesecake. The cup-shaped flower that blooms in spring and is associated with the Netherlands","<|im_start|>user
The rich dessert made with cream cheese and often topped with berries is a cheesecake. The cup-shaped flower that blooms in spring and is associated with the Netherlands a","<|im_start|>user
The rich dessert made with cream cheese and often topped with berries is a cheesecake. The cup-shaped flower that blooms in spring and is associated with the Netherlands an"
turtle,a,a,True,turtle,True,arm,False,0.9948118925094604,0.9948118925094604,0.0003518032026477158,True,0.5581529140472412,0.28885722160339355,office,an,"The workplace with desks, computers, and meeting rooms where people do business is an office","<|im_start|>user
The workplace with desks, computers, and meeting rooms where people do business is an office. The reptile with a hard shell that moves slowly and can pull its head inside is","<|im_start|>user
The workplace with desks, computers, and meeting rooms where people do business is an office. The reptile with a hard shell that moves slowly and can pull its head inside is a","<|im_start|>user
The workplace with desks, computers, and meeting rooms where people do business is an office. The reptile with a hard shell that moves slowly and can pull its head inside is an"
udder,an,a,False,u,True,u,True,0.5475143194198608,0.5475143194198608,0.03315379098057747,False,0.992004930973053,0.9632624983787537,hummingbird,a,The tiny colorful bird that hovers and feeds on flower nectar is a hummingbird,"<|im_start|>user
The tiny colorful bird that hovers and feeds on flower nectar is a hummingbird. The milk-producing organ of a female cow or other mammal is","<|im_start|>user
The tiny colorful bird that hovers and feeds on flower nectar is a hummingbird. The milk-producing organ of a female cow or other mammal is an","<|im_start|>user
The tiny colorful bird that hovers and feeds on flower nectar is a hummingbird. The milk-producing organ of a female cow or other mammal is a"
umbrella,an,an,True,umbrella,True,(n,False,0.9359931349754333,0.021652378141880035,0.9359931349754333,True,0.9842958450317383,0.5466890335083008,emerald,an,The bright green precious gemstone often found in jewelry and engagement rings is an emerald,"<|im_start|>user
The bright green precious gemstone often found in jewelry and engagement rings is an emerald. The collapsible canopy on a stick that protects you from rain or sun is","<|im_start|>user
The bright green precious gemstone often found in jewelry and engagement rings is an emerald. The collapsible canopy on a stick that protects you from rain or sun is an","<|im_start|>user
The bright green precious gemstone often found in jewelry and engagement rings is an emerald. The collapsible canopy on a stick that protects you from rain or sun is a"
undershirt,an,a,False,unders,True,unders,True,0.6374866962432861,0.6374866962432861,0.3134043514728546,False,0.996862530708313,0.5461054444313049,cracker,a,The crispy flat biscuit that you eat with cheese or dip is a cracker,"<|im_start|>user
The crispy flat biscuit that you eat with cheese or dip is a cracker. The sleeveless garment worn underneath a shirt next to the skin is","<|im_start|>user
The crispy flat biscuit that you eat with cheese or dip is a cracker. The sleeveless garment worn underneath a shirt next to the skin is an","<|im_start|>user
The crispy flat biscuit that you eat with cheese or dip is a cracker. The sleeveless garment worn underneath a shirt next to the skin is a"
unicycle,a,a,True,bicycle,False,ordinary,False,0.9731916189193726,0.9731916189193726,0.00023070670431479812,True,0.6687256693840027,0.27485141158103943,blouse,a,The loose-fitting shirt typically worn by women with buttons or ties is a blouse,"<|im_start|>user
The loose-fitting shirt typically worn by women with buttons or ties is a blouse. The one-wheeled vehicle that requires balance to ride and is powered by pedaling is","<|im_start|>user
The loose-fitting shirt typically worn by women with buttons or ties is a blouse. The one-wheeled vehicle that requires balance to ride and is powered by pedaling is a","<|im_start|>user
The loose-fitting shirt typically worn by women with buttons or ties is a blouse. The one-wheeled vehicle that requires balance to ride and is powered by pedaling is an"
vase,a,a,True,vase,True,arrangement,False,0.9322130084037781,0.9322130084037781,0.00683750631287694,True,0.9622871279716492,0.6792742013931274,tractor,a,The large farm vehicle that pulls plows and other equipment through fields is a tractor,"<|im_start|>user
The large farm vehicle that pulls plows and other equipment through fields is a tractor. The decorative container used to hold cut flowers or as ornamental display is","<|im_start|>user
The large farm vehicle that pulls plows and other equipment through fields is a tractor. The decorative container used to hold cut flowers or as ornamental display is a","<|im_start|>user
The large farm vehicle that pulls plows and other equipment through fields is a tractor. The decorative container used to hold cut flowers or as ornamental display is an"
walrus,a,a,True,wal,True,or,False,0.7537940144538879,0.7537940144538879,0.19901907444000244,True,0.42338326573371887,0.5118072032928467,mango,a,The tropical orange fruit with sweet flesh that grows on trees is a mango,"<|im_start|>user
The tropical orange fruit with sweet flesh that grows on trees is a mango. The large marine mammal with tusks that lives in Arctic waters and barks is","<|im_start|>user
The tropical orange fruit with sweet flesh that grows on trees is a mango. The large marine mammal with tusks that lives in Arctic waters and barks is a","<|im_start|>user
The tropical orange fruit with sweet flesh that grows on trees is a mango. The large marine mammal with tusks that lives in Arctic waters and barks is an"
warthog,a,a,True,war,True,example,False,0.839823842048645,0.839823842048645,0.0013191640609875321,True,0.9852039813995361,0.5638992190361023,swan,a,The elegant white water bird with a long curved neck is a swan,"<|im_start|>user
The elegant white water bird with a long curved neck is a swan. The wild pig with warty growths on its face found in Africa is","<|im_start|>user
The elegant white water bird with a long curved neck is a swan. The wild pig with warty growths on its face found in Africa is a","<|im_start|>user
The elegant white water bird with a long curved neck is a swan. The wild pig with warty growths on its face found in Africa is an"
woodpile,a,a,True,cord,False,example,False,0.5558282136917114,0.5558282136917114,2.2214389900909737e-06,True,0.9432753324508667,0.9595441222190857,shotgun,a,The firearm with a wide barrel that fires multiple pellets at once is a shotgun,"<|im_start|>user
The firearm with a wide barrel that fires multiple pellets at once is a shotgun. The stack of cut logs stored for burning in a fireplace is","<|im_start|>user
The firearm with a wide barrel that fires multiple pellets at once is a shotgun. The stack of cut logs stored for burning in a fireplace is a","<|im_start|>user
The firearm with a wide barrel that fires multiple pellets at once is a shotgun. The stack of cut logs stored for burning in a fireplace is an"
apricot,an,a,False,apr,True,k,False,0.8264085054397583,0.8264085054397583,0.09819960594177246,False,0.7161933779716492,0.48187384009361267,fern,a,The leafy green plant that doesn't flower and often grows in shady forest areas is a fern,"<|im_start|>user
The leafy green plant that doesn't flower and often grows in shady forest areas is a fern. The small orange fruit with fuzzy skin and a large pit similar to a peach is","<|im_start|>user
The leafy green plant that doesn't flower and often grows in shady forest areas is a fern. The small orange fruit with fuzzy skin and a large pit similar to a peach is an","<|im_start|>user
The leafy green plant that doesn't flower and often grows in shady forest areas is a fern. The small orange fruit with fuzzy skin and a large pit similar to a peach is a"
arrow,an,an,True,arrow,True,(n,False,0.8360453248023987,0.030654000118374825,0.8360453248023987,True,0.9926767349243164,0.7800725102424622,cauliflower,a,The white flowering vegetable with a bumpy head often served steamed is a cauliflower,"<|im_start|>user
The white flowering vegetable with a bumpy head often served steamed is a cauliflower. The pointed projectile shot from a bow toward a target is","<|im_start|>user
The white flowering vegetable with a bumpy head often served steamed is a cauliflower. The pointed projectile shot from a bow toward a target is an","<|im_start|>user
The white flowering vegetable with a bumpy head often served steamed is a cauliflower. The pointed projectile shot from a bow toward a target is a"
ashtray,an,an,True,ash,True,(n,False,0.6667645573616028,0.19912509620189667,0.6667645573616028,True,0.9993313550949097,0.3098258078098297,horse,a,The large four-legged animal that people ride and that neighs and gallops is a horse,"<|im_start|>user
The large four-legged animal that people ride and that neighs and gallops is a horse. The small dish where smokers tap their cigarette ashes is","<|im_start|>user
The large four-legged animal that people ride and that neighs and gallops is a horse. The small dish where smokers tap their cigarette ashes is an","<|im_start|>user
The large four-legged animal that people ride and that neighs and gallops is a horse. The small dish where smokers tap their cigarette ashes is a"
bagpipe,a,a,True,bag,True,bag,True,0.9526029229164124,0.9526029229164124,0.0002127812767866999,True,0.9962378740310669,0.3289094865322113,peacock,a,The large colorful bird with an elaborate tail that fans out in display is a peacock,"<|im_start|>user
The large colorful bird with an elaborate tail that fans out in display is a peacock. The Scottish musical instrument with pipes and a bag that plays haunting melodies is","<|im_start|>user
The large colorful bird with an elaborate tail that fans out in display is a peacock. The Scottish musical instrument with pipes and a bag that plays haunting melodies is a","<|im_start|>user
The large colorful bird with an elaborate tail that fans out in display is a peacock. The Scottish musical instrument with pipes and a bag that plays haunting melodies is an"
blackberry,a,a,True,black,True,elder,False,0.7989516258239746,0.7989516258239746,0.00020835032046306878,True,0.5050941705703735,0.7657930850982666,airbag,an,The safety device that rapidly inflates during a car crash to protect passengers is an airbag,"<|im_start|>user
The safety device that rapidly inflates during a car crash to protect passengers is an airbag. The small dark purple berry that grows on thorny bushes is","<|im_start|>user
The safety device that rapidly inflates during a car crash to protect passengers is an airbag. The small dark purple berry that grows on thorny bushes is a","<|im_start|>user
The safety device that rapidly inflates during a car crash to protect passengers is an airbag. The small dark purple berry that grows on thorny bushes is an"
bridge,a,a,True,bridge,True,example,False,0.9584338665008545,0.9584338665008545,0.00020981485431548208,True,0.9792757034301758,0.9486782550811768,pillow,a,The soft rectangular cushion you rest your head on while sleeping is a pillow,"<|im_start|>user
The soft rectangular cushion you rest your head on while sleeping is a pillow. The structure that spans across water or valleys allowing passage from one side to another is","<|im_start|>user
The soft rectangular cushion you rest your head on while sleeping is a pillow. The structure that spans across water or valleys allowing passage from one side to another is a","<|im_start|>user
The soft rectangular cushion you rest your head on while sleeping is a pillow. The structure that spans across water or valleys allowing passage from one side to another is an"
bunny,a,a,True,rabbit,False,animal,False,0.7014117240905762,0.7014117240905762,0.006370057351887226,True,0.9291203022003174,0.2724766135215759,album,an,The book or collection that holds photographs stamps or music recordings is an album,"<|im_start|>user
The book or collection that holds photographs stamps or music recordings is an album. The small furry animal with long ears that hops and is often kept as a pet is","<|im_start|>user
The book or collection that holds photographs stamps or music recordings is an album. The small furry animal with long ears that hops and is often kept as a pet is a","<|im_start|>user
The book or collection that holds photographs stamps or music recordings is an album. The small furry animal with long ears that hops and is often kept as a pet is an"
chalkboard,a,a,True,black,False,example,False,0.9054924845695496,0.9054924845695496,0.00016939717170316726,True,0.7494363188743591,0.9166336059570312,gate,a,The hinged barrier that swings open to allow entry through a fence or wall is a gate,"<|im_start|>user
The hinged barrier that swings open to allow entry through a fence or wall is a gate. The dark surface where teachers write with chalk in classrooms is","<|im_start|>user
The hinged barrier that swings open to allow entry through a fence or wall is a gate. The dark surface where teachers write with chalk in classrooms is a","<|im_start|>user
The hinged barrier that swings open to allow entry through a fence or wall is a gate. The dark surface where teachers write with chalk in classrooms is an"
checkbook,a,a,True,check,True,account,False,0.9209753274917603,0.9209753274917603,0.00014389443094842136,True,0.9879263639450073,0.3042294383049011,avocado,an,The green pear-shaped fruit with a large pit that's popular in guacamole is an avocado,"<|im_start|>user
The green pear-shaped fruit with a large pit that's popular in guacamole is an avocado. The small booklet with blank checks used to pay bills from your bank account is","<|im_start|>user
The green pear-shaped fruit with a large pit that's popular in guacamole is an avocado. The small booklet with blank checks used to pay bills from your bank account is a","<|im_start|>user
The green pear-shaped fruit with a large pit that's popular in guacamole is an avocado. The small booklet with blank checks used to pay bills from your bank account is an"
cheesecake,a,a,True,chees,True,example,False,0.8167797923088074,0.8167797923088074,0.0016096435720100999,True,0.96101313829422,0.4550931751728058,cup,a,The drinking vessel with a handle that you sip coffee or tea from is a cup,"<|im_start|>user
The drinking vessel with a handle that you sip coffee or tea from is a cup. The rich dessert made with cream cheese and often topped with berries is","<|im_start|>user
The drinking vessel with a handle that you sip coffee or tea from is a cup. The rich dessert made with cream cheese and often topped with berries is a","<|im_start|>user
The drinking vessel with a handle that you sip coffee or tea from is a cup. The rich dessert made with cream cheese and often topped with berries is an"
chipmunk,a,a,True,squirrel,False,animal,False,0.952502965927124,0.952502965927124,0.001065409043803811,True,0.8260595798492432,0.7760796546936035,cello,a,The large stringed musical instrument played with a bow that sits between your knees is a cello,"<|im_start|>user
The large stringed musical instrument played with a bow that sits between your knees is a cello. The small striped rodent with pouches in its cheeks that stores nuts is","<|im_start|>user
The large stringed musical instrument played with a bow that sits between your knees is a cello. The small striped rodent with pouches in its cheeks that stores nuts is a","<|im_start|>user
The large stringed musical instrument played with a bow that sits between your knees is a cello. The small striped rodent with pouches in its cheeks that stores nuts is an"
coat,a,a,True,coat,True,over,False,0.9504473209381104,0.9504473209381104,0.0030784932896494865,True,0.6599505543708801,0.969011664390564,castle,a,The large fortified building with towers where kings and queens once lived is a castle,"<|im_start|>user
The large fortified building with towers where kings and queens once lived is a castle. The outer garment with sleeves worn over other clothes for warmth is","<|im_start|>user
The large fortified building with towers where kings and queens once lived is a castle. The outer garment with sleeves worn over other clothes for warmth is a","<|im_start|>user
The large fortified building with towers where kings and queens once lived is a castle. The outer garment with sleeves worn over other clothes for warmth is an"
doorknob,a,a,True,do,True,example,False,0.8816360831260681,0.8816360831260681,0.0002805186086334288,True,0.9150328040122986,0.839116632938385,avocado,an,The green pear-shaped fruit with a large pit that's popular in guacamole is an avocado,"<|im_start|>user
The green pear-shaped fruit with a large pit that's popular in guacamole is an avocado. The round handle you turn to open or close a door is","<|im_start|>user
The green pear-shaped fruit with a large pit that's popular in guacamole is an avocado. The round handle you turn to open or close a door is a","<|im_start|>user
The green pear-shaped fruit with a large pit that's popular in guacamole is an avocado. The round handle you turn to open or close a door is an"
easel,an,an,True,eas,True,eas,True,0.6166163682937622,0.020765678957104683,0.6166163682937622,True,0.9958996176719666,0.5314896106719971,paperclip,a,The small metal wire bent into loops to hold papers together is a paperclip,"<|im_start|>user
The small metal wire bent into loops to hold papers together is a paperclip. The three-legged stand that holds a canvas for an artist to paint on is","<|im_start|>user
The small metal wire bent into loops to hold papers together is a paperclip. The three-legged stand that holds a canvas for an artist to paint on is an","<|im_start|>user
The small metal wire bent into loops to hold papers together is a paperclip. The three-legged stand that holds a canvas for an artist to paint on is a"
egg,an,an,True,egg,True,(n,False,0.9680498838424683,0.008473481051623821,0.9680498838424683,True,0.9887737035751343,0.770991861820221,pineapple,a,The large tropical fruit with spiky skin and sweet yellow flesh inside is a pineapple,"<|im_start|>user
The large tropical fruit with spiky skin and sweet yellow flesh inside is a pineapple. The oval-shaped reproductive cell laid by birds that you crack open for breakfast is","<|im_start|>user
The large tropical fruit with spiky skin and sweet yellow flesh inside is a pineapple. The oval-shaped reproductive cell laid by birds that you crack open for breakfast is an","<|im_start|>user
The large tropical fruit with spiky skin and sweet yellow flesh inside is a pineapple. The oval-shaped reproductive cell laid by birds that you crack open for breakfast is a"
eggplant,an,an,True,a,False,egg,True,0.7698129415512085,0.07788942754268646,0.7698129415512085,True,0.5858718752861023,0.8104331493377686,bagpipe,a,The Scottish musical instrument with pipes and a bag that plays haunting melodies is a bagpipe,"<|im_start|>user
The Scottish musical instrument with pipes and a bag that plays haunting melodies is a bagpipe. The large purple vegetable with glossy skin used in Mediterranean cooking is","<|im_start|>user
The Scottish musical instrument with pipes and a bag that plays haunting melodies is a bagpipe. The large purple vegetable with glossy skin used in Mediterranean cooking is an","<|im_start|>user
The Scottish musical instrument with pipes and a bag that plays haunting melodies is a bagpipe. The large purple vegetable with glossy skin used in Mediterranean cooking is a"
ferret,a,a,True,sugar,False,o,False,0.9640421271324158,0.9640421271324158,0.004547688644379377,True,0.6262708902359009,0.9857895970344543,candlestick,a,The tall holder with a candle that provides light when the wick is lit is a candlestick,"<|im_start|>user
The tall holder with a candle that provides light when the wick is lit is a candlestick. The small furry mammal with a long bushy tail kept as an exotic pet is","<|im_start|>user
The tall holder with a candle that provides light when the wick is lit is a candlestick. The small furry mammal with a long bushy tail kept as an exotic pet is a","<|im_start|>user
The tall holder with a candle that provides light when the wick is lit is a candlestick. The small furry mammal with a long bushy tail kept as an exotic pet is an"
fig,a,a,True,date,False,apr,False,0.9122246503829956,0.9122246503829956,0.0014125126181170344,True,0.38511085510253906,0.960985541343689,bagel,a,The round bread with a hole in the middle often topped with cream cheese is a bagel,"<|im_start|>user
The round bread with a hole in the middle often topped with cream cheese is a bagel. The sweet chewy fruit that grows on trees and is often dried is","<|im_start|>user
The round bread with a hole in the middle often topped with cream cheese is a bagel. The sweet chewy fruit that grows on trees and is often dried is a","<|im_start|>user
The round bread with a hole in the middle often topped with cream cheese is a bagel. The sweet chewy fruit that grows on trees and is often dried is an"
fox,a,a,True,fox,True,fox,True,0.8784470558166504,0.8784470558166504,0.012046092189848423,True,0.9961001873016357,0.8002576231956482,album,an,The book or collection that holds photographs stamps or music recordings is an album,"<|im_start|>user
The book or collection that holds photographs stamps or music recordings is an album. The red-orange wild animal with a bushy tail and pointed ears known for being clever is","<|im_start|>user
The book or collection that holds photographs stamps or music recordings is an album. The red-orange wild animal with a bushy tail and pointed ears known for being clever is a","<|im_start|>user
The book or collection that holds photographs stamps or music recordings is an album. The red-orange wild animal with a bushy tail and pointed ears known for being clever is an"
glove,a,a,True,glove,True,glove,True,0.6491773724555969,0.6491773724555969,0.00032932686735875905,True,0.6603700518608093,0.14886625111103058,house,a,The building where people live with rooms kitchen and bedrooms is a house,"<|im_start|>user
The building where people live with rooms kitchen and bedrooms is a house. The hand covering with separate fingers that keeps your hands warm is","<|im_start|>user
The building where people live with rooms kitchen and bedrooms is a house. The hand covering with separate fingers that keeps your hands warm is a","<|im_start|>user
The building where people live with rooms kitchen and bedrooms is a house. The hand covering with separate fingers that keeps your hands warm is an"
gorilla,a,a,True,what,False,ape,False,0.7945066690444946,0.7945066690444946,8.519000402884558e-05,True,0.31491702795028687,0.5494762063026428,badge,a,The small metal or plastic pin worn on clothing to show membership or achievement is a badge,"<|im_start|>user
The small metal or plastic pin worn on clothing to show membership or achievement is a badge. The large powerful ape that beats its chest and lives in African forests is","<|im_start|>user
The small metal or plastic pin worn on clothing to show membership or achievement is a badge. The large powerful ape that beats its chest and lives in African forests is a","<|im_start|>user
The small metal or plastic pin worn on clothing to show membership or achievement is a badge. The large powerful ape that beats its chest and lives in African forests is an"
hairdryer,a,a,True,hair,True,hair,True,0.9361314177513123,0.9361314177513123,0.00040769073530100286,True,0.9804317951202393,0.4597754180431366,coat,a,The outer garment with sleeves worn over other clothes for warmth is a coat,"<|im_start|>user
The outer garment with sleeves worn over other clothes for warmth is a coat. The electric appliance that blows hot air to dry wet hair quickly is","<|im_start|>user
The outer garment with sleeves worn over other clothes for warmth is a coat. The electric appliance that blows hot air to dry wet hair quickly is a","<|im_start|>user
The outer garment with sleeves worn over other clothes for warmth is a coat. The electric appliance that blows hot air to dry wet hair quickly is an"
handprint,a,a,True,fingerprint,False,imprint,False,0.7093600630760193,0.7093600630760193,0.012952498160302639,True,0.7182510495185852,0.4886170029640198,aquarium,an,The glass tank filled with water where fish and sea creatures are kept for display is an aquarium,"<|im_start|>user
The glass tank filled with water where fish and sea creatures are kept for display is an aquarium. The impression left by pressing your palm and fingers onto an inked surface is","<|im_start|>user
The glass tank filled with water where fish and sea creatures are kept for display is an aquarium. The impression left by pressing your palm and fingers onto an inked surface is a","<|im_start|>user
The glass tank filled with water where fish and sea creatures are kept for display is an aquarium. The impression left by pressing your palm and fingers onto an inked surface is an"
headlight,a,a,True,head,True,example,False,0.9648317694664001,0.9648317694664001,0.003187566064298153,True,0.9846728444099426,0.36328840255737305,acorn,an,The brown nut from an oak tree that squirrels collect and bury for winter is an acorn,"<|im_start|>user
The brown nut from an oak tree that squirrels collect and bury for winter is an acorn. The bright beam at the front of a vehicle that illuminates the road at night is","<|im_start|>user
The brown nut from an oak tree that squirrels collect and bury for winter is an acorn. The bright beam at the front of a vehicle that illuminates the road at night is a","<|im_start|>user
The brown nut from an oak tree that squirrels collect and bury for winter is an acorn. The bright beam at the front of a vehicle that illuminates the road at night is an"
horsefly,a,a,True,gad,False,insect,False,0.9096114635467529,0.9096114635467529,0.0005873847403563559,True,0.43038681149482727,0.15008488297462463,hotdog,a,The cylindrical sausage served in a split bun at baseball games is a hotdog,"<|im_start|>user
The cylindrical sausage served in a split bun at baseball games is a hotdog. The small flying insect that bothers horses and delivers painful bites is","<|im_start|>user
The cylindrical sausage served in a split bun at baseball games is a hotdog. The small flying insect that bothers horses and delivers painful bites is a","<|im_start|>user
The cylindrical sausage served in a split bun at baseball games is a hotdog. The small flying insect that bothers horses and delivers painful bites is an"
kitchen,a,the,False,kitchen,True,example,False,0.4717671573162079,0.4060562551021576,0.00808421429246664,True,0.9129021167755127,0.7157727479934692,island,an,The land mass completely surrounded by water smaller than a continent is an island,"<|im_start|>user
The land mass completely surrounded by water smaller than a continent is an island. The room in a house where food is prepared and cooked is","<|im_start|>user
The land mass completely surrounded by water smaller than a continent is an island. The room in a house where food is prepared and cooked is a","<|im_start|>user
The land mass completely surrounded by water smaller than a continent is an island. The room in a house where food is prepared and cooked is an"
lamb,a,a,True,lamb,True,example,False,0.9676157236099243,0.9676157236099243,0.000391809968277812,True,0.9958692193031311,0.8962446451187134,pig,a,The pink farm animal with a curly tail that rolls in mud and says oink is a pig,"<|im_start|>user
The pink farm animal with a curly tail that rolls in mud and says oink is a pig. The young sheep with soft wool that follows its mother around the pasture is","<|im_start|>user
The pink farm animal with a curly tail that rolls in mud and says oink is a pig. The young sheep with soft wool that follows its mother around the pasture is a","<|im_start|>user
The pink farm animal with a curly tail that rolls in mud and says oink is a pig. The young sheep with soft wool that follows its mother around the pasture is an"
lawnmower,a,a,True,lawn,True,example,False,0.9597225189208984,0.9597225189208984,0.0006116774748079479,True,0.4903596341609955,0.5441445708274841,lollipop,a,The round hard candy on a stick that children lick and suck on is a lollipop,"<|im_start|>user
The round hard candy on a stick that children lick and suck on is a lollipop. The motorized machine with spinning blades used to cut grass is","<|im_start|>user
The round hard candy on a stick that children lick and suck on is a lollipop. The motorized machine with spinning blades used to cut grass is a","<|im_start|>user
The round hard candy on a stick that children lick and suck on is a lollipop. The motorized machine with spinning blades used to cut grass is an"
maggot,a,a,True,what,False,apple,False,0.8871784210205078,0.8871784210205078,0.004190889652818441,True,0.2673562169075012,0.9629953503608704,apple,an,The crisp red fruit that is often said to keep the doctor away is an apple,"<|im_start|>user
The crisp red fruit that is often said to keep the doctor away is an apple. The small white larva of a fly often found in rotting organic matter is","<|im_start|>user
The crisp red fruit that is often said to keep the doctor away is an apple. The small white larva of a fly often found in rotting organic matter is a","<|im_start|>user
The crisp red fruit that is often said to keep the doctor away is an apple. The small white larva of a fly often found in rotting organic matter is an"
milkshake,a,a,True,milk,True,milk,True,0.6368433833122253,0.6368433833122253,0.0014035950880497694,True,0.9781641960144043,0.8918935060501099,cheesecake,a,The rich dessert made with cream cheese and often topped with berries is a cheesecake,"<|im_start|>user
The rich dessert made with cream cheese and often topped with berries is a cheesecake. The thick creamy drink made by blending ice cream with milk and flavoring is","<|im_start|>user
The rich dessert made with cream cheese and often topped with berries is a cheesecake. The thick creamy drink made by blending ice cream with milk and flavoring is a","<|im_start|>user
The rich dessert made with cream cheese and often topped with berries is a cheesecake. The thick creamy drink made by blending ice cream with milk and flavoring is an"
mirror,a,a,True,mirror,True,example,False,0.981042742729187,0.981042742729187,4.077832636539824e-05,True,0.9931907057762146,0.9013698101043701,steak,a,The thick slice of beef grilled or cooked and served as a main course is a steak,"<|im_start|>user
The thick slice of beef grilled or cooked and served as a main course is a steak. The reflective glass surface that shows your image when you look into it is","<|im_start|>user
The thick slice of beef grilled or cooked and served as a main course is a steak. The reflective glass surface that shows your image when you look into it is a","<|im_start|>user
The thick slice of beef grilled or cooked and served as a main course is a steak. The reflective glass surface that shows your image when you look into it is an"
moose,a,a,True,mo,True,elk,False,0.9339720010757446,0.9339720010757446,0.02948000468313694,True,0.991536021232605,0.9966868758201599,refrigerator,a,The large kitchen appliance that keeps food cold and frozen is a refrigerator,"<|im_start|>user
The large kitchen appliance that keeps food cold and frozen is a refrigerator. The large antlered animal that lives in northern forests and is related to deer is","<|im_start|>user
The large kitchen appliance that keeps food cold and frozen is a refrigerator. The large antlered animal that lives in northern forests and is related to deer is a","<|im_start|>user
The large kitchen appliance that keeps food cold and frozen is a refrigerator. The large antlered animal that lives in northern forests and is related to deer is an"
mop,a,a,True,mop,True,mop,True,0.9102288484573364,0.9102288484573364,0.0001272327936021611,True,0.8657152652740479,0.3189404010772705,swamp,a,The wetland area with standing water where alligators and unusual plants live is a swamp,"<|im_start|>user
The wetland area with standing water where alligators and unusual plants live is a swamp. The cleaning tool with absorbent strands attached to a handle for washing floors is","<|im_start|>user
The wetland area with standing water where alligators and unusual plants live is a swamp. The cleaning tool with absorbent strands attached to a handle for washing floors is a","<|im_start|>user
The wetland area with standing water where alligators and unusual plants live is a swamp. The cleaning tool with absorbent strands attached to a handle for washing floors is an"
motorcycle,a,a,True,motorcycle,True,electric,False,0.9698998928070068,0.9698998928070068,0.0019508064724504948,True,0.6467899084091187,0.491551011800766,grape,a,The small round purple or green fruit that grows in clusters on vines is a grape,"<|im_start|>user
The small round purple or green fruit that grows in clusters on vines is a grape. The two-wheeled motorized vehicle that is faster than a bicycle is","<|im_start|>user
The small round purple or green fruit that grows in clusters on vines is a grape. The two-wheeled motorized vehicle that is faster than a bicycle is a","<|im_start|>user
The small round purple or green fruit that grows in clusters on vines is a grape. The two-wheeled motorized vehicle that is faster than a bicycle is an"
oven,an,an,True,oven,True,oven,True,0.8941500186920166,0.018841320648789406,0.8941500186920166,True,0.9966885447502136,0.505386233329773,ankle,an,The joint that connects your foot to your leg and allows it to bend is an ankle,"<|im_start|>user
The joint that connects your foot to your leg and allows it to bend is an ankle. The enclosed appliance that uses heat to bake roast or warm food is","<|im_start|>user
The joint that connects your foot to your leg and allows it to bend is an ankle. The enclosed appliance that uses heat to bake roast or warm food is an","<|im_start|>user
The joint that connects your foot to your leg and allows it to bend is an ankle. The enclosed appliance that uses heat to bake roast or warm food is a"
pastry,a,a,True,pastry,True,example,False,0.7470336556434631,0.7470336556434631,1.1379646821296774e-05,True,0.9186732769012451,0.9716793894767761,lawnmower,a,The motorized machine with spinning blades used to cut grass is a lawnmower,"<|im_start|>user
The motorized machine with spinning blades used to cut grass is a lawnmower. The sweet baked good like a croissant Danish or turnover is","<|im_start|>user
The motorized machine with spinning blades used to cut grass is a lawnmower. The sweet baked good like a croissant Danish or turnover is a","<|im_start|>user
The motorized machine with spinning blades used to cut grass is a lawnmower. The sweet baked good like a croissant Danish or turnover is an"
raisin,a,a,True,rais,True,rais,True,0.9680761098861694,0.9680761098861694,0.00021338141232263297,True,0.9569076895713806,0.8564379215240479,incinerator,an,The furnace that burns waste at extremely high temperatures to destroy it is an incinerator,"<|im_start|>user
The furnace that burns waste at extremely high temperatures to destroy it is an incinerator. The small wrinkled dried grape often added to cookies and cereals is","<|im_start|>user
The furnace that burns waste at extremely high temperatures to destroy it is an incinerator. The small wrinkled dried grape often added to cookies and cereals is a","<|im_start|>user
The furnace that burns waste at extremely high temperatures to destroy it is an incinerator. The small wrinkled dried grape often added to cookies and cereals is an"
salad,a,a,True,salad,True,salad,True,0.9446410536766052,0.9446410536766052,0.00038241653237491846,True,0.9928089380264282,0.5601946115493774,swamp,a,The wetland area with standing water where alligators and unusual plants live is a swamp,"<|im_start|>user
The wetland area with standing water where alligators and unusual plants live is a swamp. The healthy mixture of vegetables and greens often topped with dressing is","<|im_start|>user
The wetland area with standing water where alligators and unusual plants live is a swamp. The healthy mixture of vegetables and greens often topped with dressing is a","<|im_start|>user
The wetland area with standing water where alligators and unusual plants live is a swamp. The healthy mixture of vegetables and greens often topped with dressing is an"
scarf,a,a,True,scarf,True,asc,False,0.9803218245506287,0.9803218245506287,0.0018225134117528796,True,0.9940863847732544,0.43882855772972107,anteater,an,The long-nosed mammal that uses its tongue to eat ants and termites is an anteater,"<|im_start|>user
The long-nosed mammal that uses its tongue to eat ants and termites is an anteater. The long piece of fabric wrapped around the neck for warmth or fashion is","<|im_start|>user
The long-nosed mammal that uses its tongue to eat ants and termites is an anteater. The long piece of fabric wrapped around the neck for warmth or fashion is a","<|im_start|>user
The long-nosed mammal that uses its tongue to eat ants and termites is an anteater. The long piece of fabric wrapped around the neck for warmth or fashion is an"
shoe,a,a,True,shoe,True,article,False,0.9624295234680176,0.9624295234680176,0.00028828351059928536,True,0.9868970513343811,0.5165582895278931,sponge,a,The soft absorbent material full of holes used for cleaning and washing is a sponge,"<|im_start|>user
The soft absorbent material full of holes used for cleaning and washing is a sponge. The protective covering worn on the foot that has a sole and laces is","<|im_start|>user
The soft absorbent material full of holes used for cleaning and washing is a sponge. The protective covering worn on the foot that has a sole and laces is a","<|im_start|>user
The soft absorbent material full of holes used for cleaning and washing is a sponge. The protective covering worn on the foot that has a sole and laces is an"
shovel,a,a,True,sp,False,aug,False,0.9880766868591309,0.9880766868591309,0.0018389110919088125,True,0.3948073089122772,0.7943313717842102,peacock,a,The large colorful bird with an elaborate tail that fans out in display is a peacock,"<|im_start|>user
The large colorful bird with an elaborate tail that fans out in display is a peacock. The long-handled tool with a wide blade used to dig holes in dirt is","<|im_start|>user
The large colorful bird with an elaborate tail that fans out in display is a peacock. The long-handled tool with a wide blade used to dig holes in dirt is a","<|im_start|>user
The large colorful bird with an elaborate tail that fans out in display is a peacock. The long-handled tool with a wide blade used to dig holes in dirt is an"
skeleton,a,the,False,skeleton,True,example,False,0.8272132277488708,0.11093658208847046,4.943634121445939e-05,True,0.8567133545875549,0.5033860206604004,button,a,The small round fastener sewn onto clothes that goes through a hole to close garments is a button,"<|im_start|>user
The small round fastener sewn onto clothes that goes through a hole to close garments is a button. The framework of bones that supports the human or animal body is","<|im_start|>user
The small round fastener sewn onto clothes that goes through a hole to close garments is a button. The framework of bones that supports the human or animal body is a","<|im_start|>user
The small round fastener sewn onto clothes that goes through a hole to close garments is a button. The framework of bones that supports the human or animal body is an"
snowplow,a,a,True,snow,True,example,False,0.9516527652740479,0.9516527652740479,0.0001291969820158556,True,0.45542046427726746,0.37231749296188354,pitchfork,a,The long-handled farming tool with sharp prongs used to pitch hay is a pitchfork,"<|im_start|>user
The long-handled farming tool with sharp prongs used to pitch hay is a pitchfork. The heavy machine with a curved blade that clears snow from roads and driveways is","<|im_start|>user
The long-handled farming tool with sharp prongs used to pitch hay is a pitchfork. The heavy machine with a curved blade that clears snow from roads and driveways is a","<|im_start|>user
The long-handled farming tool with sharp prongs used to pitch hay is a pitchfork. The heavy machine with a curved blade that clears snow from roads and driveways is an"
spider,a,a,True,spider,True,ar,False,0.9716954827308655,0.9716954827308655,0.002947766799479723,True,0.9169354438781738,0.9950054287910461,blowtorch,a,The tool that produces an intense flame used for welding or cutting metal is a blowtorch,"<|im_start|>user
The tool that produces an intense flame used for welding or cutting metal is a blowtorch. The eight-legged creature that spins webs to catch insects for food is","<|im_start|>user
The tool that produces an intense flame used for welding or cutting metal is a blowtorch. The eight-legged creature that spins webs to catch insects for food is a","<|im_start|>user
The tool that produces an intense flame used for welding or cutting metal is a blowtorch. The eight-legged creature that spins webs to catch insects for food is an"
suit,a,a,True,suit,True,ensemble,False,0.9026645421981812,0.9026645421981812,0.0002605815534479916,True,0.9116021990776062,0.33615976572036743,shirt,a,The garment with sleeves that covers the upper body and is worn with pants or skirts is a shirt,"<|im_start|>user
The garment with sleeves that covers the upper body and is worn with pants or skirts is a shirt. The formal set of matching jacket and pants worn for business or special occasions is","<|im_start|>user
The garment with sleeves that covers the upper body and is worn with pants or skirts is a shirt. The formal set of matching jacket and pants worn for business or special occasions is a","<|im_start|>user
The garment with sleeves that covers the upper body and is worn with pants or skirts is a shirt. The formal set of matching jacket and pants worn for business or special occasions is an"
suitcase,a,a,True,suitcase,True,att,False,0.9670005440711975,0.9670005440711975,0.007170002907514572,True,0.8958998918533325,0.4609030485153198,antelope,an,The graceful African animal with curved horns that travels in herds across the savanna is an antelope,"<|im_start|>user
The graceful African animal with curved horns that travels in herds across the savanna is an antelope. The rectangular case with a handle used for carrying clothes when traveling is","<|im_start|>user
The graceful African animal with curved horns that travels in herds across the savanna is an antelope. The rectangular case with a handle used for carrying clothes when traveling is a","<|im_start|>user
The graceful African animal with curved horns that travels in herds across the savanna is an antelope. The rectangular case with a handle used for carrying clothes when traveling is an"
toilet,a,a,True,toilet,True,example,False,0.97024005651474,0.97024005651474,0.0002314469456905499,True,0.9504535794258118,0.6884161233901978,insect,an,"The small six-legged creature like a beetle, fly, or ant is an insect","<|im_start|>user
The small six-legged creature like a beetle, fly, or ant is an insect. The porcelain fixture in a bathroom used for bodily waste disposal is","<|im_start|>user
The small six-legged creature like a beetle, fly, or ant is an insect. The porcelain fixture in a bathroom used for bodily waste disposal is a","<|im_start|>user
The small six-legged creature like a beetle, fly, or ant is an insect. The porcelain fixture in a bathroom used for bodily waste disposal is an"
walnut,a,a,True,walnut,True,english,False,0.9752284288406372,0.9752284288406372,0.007836188189685345,True,0.9933092594146729,0.43900975584983826,shovel,a,The long-handled tool with a wide blade used to dig holes in dirt is a shovel,"<|im_start|>user
The long-handled tool with a wide blade used to dig holes in dirt is a shovel. The hard-shelled nut with wrinkled meat inside that falls from walnut trees is","<|im_start|>user
The long-handled tool with a wide blade used to dig holes in dirt is a shovel. The hard-shelled nut with wrinkled meat inside that falls from walnut trees is a","<|im_start|>user
The long-handled tool with a wide blade used to dig holes in dirt is a shovel. The hard-shelled nut with wrinkled meat inside that falls from walnut trees is an"
yacht,a,a,True,boat,False,example,False,0.9532190561294556,0.9532190561294556,0.0026873676106333733,True,0.413455069065094,0.7228917479515076,seashell,a,The hard protective home of a mollusk found washed up on beaches is a seashell,"<|im_start|>user
The hard protective home of a mollusk found washed up on beaches is a seashell. The large boat with sails or a motor used for recreation on the water is","<|im_start|>user
The hard protective home of a mollusk found washed up on beaches is a seashell. The large boat with sails or a motor used for recreation on the water is a","<|im_start|>user
The hard protective home of a mollusk found washed up on beaches is a seashell. The large boat with sails or a motor used for recreation on the water is an"
acorn,an,an,True,ac,True,(n,False,0.7985958456993103,0.0048526194877922535,0.7985958456993103,True,0.9990046620368958,0.8996459245681763,bat,a,The nocturnal flying mammal that hangs upside down in caves is a bat,"<|im_start|>user
The nocturnal flying mammal that hangs upside down in caves is a bat. The brown nut from an oak tree that squirrels collect and bury for winter is","<|im_start|>user
The nocturnal flying mammal that hangs upside down in caves is a bat. The brown nut from an oak tree that squirrels collect and bury for winter is an","<|im_start|>user
The nocturnal flying mammal that hangs upside down in caves is a bat. The brown nut from an oak tree that squirrels collect and bury for winter is a"
airplane,an,a,False,airplane,True,(n,False,0.6138395667076111,0.6138395667076111,0.3326171636581421,False,0.9162408113479614,0.22649775445461273,hotdog,a,The cylindrical sausage served in a split bun at baseball games is a hotdog,"<|im_start|>user
The cylindrical sausage served in a split bun at baseball games is a hotdog. The large vehicle with wings that flies through the air carrying passengers is","<|im_start|>user
The cylindrical sausage served in a split bun at baseball games is a hotdog. The large vehicle with wings that flies through the air carrying passengers is an","<|im_start|>user
The cylindrical sausage served in a split bun at baseball games is a hotdog. The large vehicle with wings that flies through the air carrying passengers is a"
alligator,an,an,True,all,True,cro,False,0.7062963843345642,0.2615608274936676,0.7062963843345642,True,0.995926022529602,0.5523961782455444,blouse,a,The loose-fitting shirt typically worn by women with buttons or ties is a blouse,"<|im_start|>user
The loose-fitting shirt typically worn by women with buttons or ties is a blouse. The large reptile with powerful jaws that lives in swamps and rivers is","<|im_start|>user
The loose-fitting shirt typically worn by women with buttons or ties is a blouse. The large reptile with powerful jaws that lives in swamps and rivers is an","<|im_start|>user
The loose-fitting shirt typically worn by women with buttons or ties is a blouse. The large reptile with powerful jaws that lives in swamps and rivers is a"
anchovy,an,an,True,anch,True,s,False,0.7867802977561951,0.0035547511652112007,0.7867802977561951,True,0.808339536190033,0.3741514980792999,mop,a,The cleaning tool with absorbent strands attached to a handle for washing floors is a mop,"<|im_start|>user
The cleaning tool with absorbent strands attached to a handle for washing floors is a mop. The small salty fish often used as a pizza topping or in Caesar salad is","<|im_start|>user
The cleaning tool with absorbent strands attached to a handle for washing floors is a mop. The small salty fish often used as a pizza topping or in Caesar salad is an","<|im_start|>user
The cleaning tool with absorbent strands attached to a handle for washing floors is a mop. The small salty fish often used as a pizza topping or in Caesar salad is a"
anvil,an,also,False,an,True,/an,False,0.828863799571991,0.08917441219091415,0.036323390901088715,False,0.9963952898979187,0.3218696117401123,walrus,a,The large marine mammal with tusks that lives in Arctic waters and barks is a walrus,"<|im_start|>user
The large marine mammal with tusks that lives in Arctic waters and barks is a walrus. The heavy iron block with a flat surface used by blacksmiths for hammering metal is","<|im_start|>user
The large marine mammal with tusks that lives in Arctic waters and barks is a walrus. The heavy iron block with a flat surface used by blacksmiths for hammering metal is an","<|im_start|>user
The large marine mammal with tusks that lives in Arctic waters and barks is a walrus. The heavy iron block with a flat surface used by blacksmiths for hammering metal is a"
arm,an,your,False,arm,True,(n,False,0.6403743028640747,0.00547200720757246,0.2827446460723877,True,0.9993745684623718,0.4068039357662201,comb,a,The grooved tool you run through your hair to make it neat and tidy is a comb,"<|im_start|>user
The grooved tool you run through your hair to make it neat and tidy is a comb. The limb extending from your shoulder to your hand that you use to reach and lift is","<|im_start|>user
The grooved tool you run through your hair to make it neat and tidy is a comb. The limb extending from your shoulder to your hand that you use to reach and lift is an","<|im_start|>user
The grooved tool you run through your hair to make it neat and tidy is a comb. The limb extending from your shoulder to your hand that you use to reach and lift is a"
backpack,a,a,True,backpack,True,example,False,0.851398229598999,0.851398229598999,0.0008125016465783119,True,0.9969466328620911,0.7016330361366272,warthog,a,The wild pig with warty growths on its face found in Africa is a warthog,"<|im_start|>user
The wild pig with warty growths on its face found in Africa is a warthog. The bag worn on the back with straps over the shoulders for carrying books or supplies is","<|im_start|>user
The wild pig with warty growths on its face found in Africa is a warthog. The bag worn on the back with straps over the shoulders for carrying books or supplies is a","<|im_start|>user
The wild pig with warty growths on its face found in Africa is a warthog. The bag worn on the back with straps over the shoulders for carrying books or supplies is an"
beak,a,a,True,be,True,be,True,0.9018853902816772,0.9018853902816772,0.00020329182734712958,True,0.8578003644943237,0.5168783068656921,computer,a,The electronic device with a screen and keyboard used for work games and internet is a computer,"<|im_start|>user
The electronic device with a screen and keyboard used for work games and internet is a computer. The hard pointed mouth part of a bird used for eating and building nests is","<|im_start|>user
The electronic device with a screen and keyboard used for work games and internet is a computer. The hard pointed mouth part of a bird used for eating and building nests is a","<|im_start|>user
The electronic device with a screen and keyboard used for work games and internet is a computer. The hard pointed mouth part of a bird used for eating and building nests is an"
beanbag,a,a,True,bean,True,ergonomic,False,0.9712104797363281,0.9712104797363281,0.016481738537549973,True,0.9826383590698242,0.20696154236793518,eagle,an,The large bird of prey with a hooked beak and powerful talons that soars high is an eagle,"<|im_start|>user
The large bird of prey with a hooked beak and powerful talons that soars high is an eagle. The soft fabric chair filled with small pellets or beans that molds to your body is","<|im_start|>user
The large bird of prey with a hooked beak and powerful talons that soars high is an eagle. The soft fabric chair filled with small pellets or beans that molds to your body is a","<|im_start|>user
The large bird of prey with a hooked beak and powerful talons that soars high is an eagle. The soft fabric chair filled with small pellets or beans that molds to your body is an"
beard,a,called,False,beard,True,example,False,0.47567427158355713,0.3580319583415985,1.2131548828619998e-05,True,0.9924465417861938,0.6435320973396301,elephant,an,The massive gray African animal with a long trunk and large ears is an elephant,"<|im_start|>user
The massive gray African animal with a long trunk and large ears is an elephant. The hair that grows on a man's chin and cheeks is","<|im_start|>user
The massive gray African animal with a long trunk and large ears is an elephant. The hair that grows on a man's chin and cheeks is a","<|im_start|>user
The massive gray African animal with a long trunk and large ears is an elephant. The hair that grows on a man's chin and cheeks is an"
bell,a,a,True,bell,True,alarm,False,0.9171767830848694,0.9171767830848694,0.037367869168519974,True,0.6190968155860901,0.9055317640304565,sandcastle,a,The miniature castle made of sand at the beach that waves wash away is a sandcastle,"<|im_start|>user
The miniature castle made of sand at the beach that waves wash away is a sandcastle. The metal device that makes a ringing sound when struck or when you push a button is","<|im_start|>user
The miniature castle made of sand at the beach that waves wash away is a sandcastle. The metal device that makes a ringing sound when struck or when you push a button is a","<|im_start|>user
The miniature castle made of sand at the beach that waves wash away is a sandcastle. The metal device that makes a ringing sound when struck or when you push a button is an"
blouse,a,a,True,blouse,True,example,False,0.8876224160194397,0.8876224160194397,0.0008760844357311726,True,0.8711531162261963,0.7326157689094543,dog,a,The four-legged furry pet known as man's best friend that barks and wags its tail is a dog,"<|im_start|>user
The four-legged furry pet known as man's best friend that barks and wags its tail is a dog. The loose-fitting shirt typically worn by women with buttons or ties is","<|im_start|>user
The four-legged furry pet known as man's best friend that barks and wags its tail is a dog. The loose-fitting shirt typically worn by women with buttons or ties is a","<|im_start|>user
The four-legged furry pet known as man's best friend that barks and wags its tail is a dog. The loose-fitting shirt typically worn by women with buttons or ties is an"
blueberry,a,a,True,blue,True,example,False,0.925594687461853,0.925594687461853,0.00035143489367328584,True,0.8765462636947632,0.307815283536911,anaconda,an,The massive South American snake that can grow over 20 feet long and crushes its prey is an anaconda,"<|im_start|>user
The massive South American snake that can grow over 20 feet long and crushes its prey is an anaconda. The small round blue fruit often baked in muffins or eaten fresh is","<|im_start|>user
The massive South American snake that can grow over 20 feet long and crushes its prey is an anaconda. The small round blue fruit often baked in muffins or eaten fresh is a","<|im_start|>user
The massive South American snake that can grow over 20 feet long and crushes its prey is an anaconda. The small round blue fruit often baked in muffins or eaten fresh is an"
boot,a,a,True,boot,True,ankle,False,0.8435202240943909,0.8435202240943909,0.01362076960504055,True,0.9576098918914795,0.7573850154876709,leaf,a,The flat green part of a tree that falls in autumn and photosynthesizes sunlight is a leaf,"<|im_start|>user
The flat green part of a tree that falls in autumn and photosynthesizes sunlight is a leaf. The tall footwear that covers the ankle and sometimes goes up to the knee is","<|im_start|>user
The flat green part of a tree that falls in autumn and photosynthesizes sunlight is a leaf. The tall footwear that covers the ankle and sometimes goes up to the knee is a","<|im_start|>user
The flat green part of a tree that falls in autumn and photosynthesizes sunlight is a leaf. The tall footwear that covers the ankle and sometimes goes up to the knee is an"
bracelet,a,a,True,bracelet,True,ank,False,0.9895249605178833,0.9895249605178833,9.370742191094905e-05,True,0.9742986559867859,0.7178131341934204,lemon,a,The sour yellow citrus fruit often squeezed into water or used in cooking is a lemon,"<|im_start|>user
The sour yellow citrus fruit often squeezed into water or used in cooking is a lemon. The circular jewelry worn around the wrist often made of metal or beads is","<|im_start|>user
The sour yellow citrus fruit often squeezed into water or used in cooking is a lemon. The circular jewelry worn around the wrist often made of metal or beads is a","<|im_start|>user
The sour yellow citrus fruit often squeezed into water or used in cooking is a lemon. The circular jewelry worn around the wrist often made of metal or beads is an"
bucket,a,a,True,p,False,p,False,0.8966823816299438,0.8966823816299438,0.0016521895304322243,True,0.715928316116333,0.41021645069122314,omelette,an,The dish of beaten eggs cooked in a pan often folded over fillings is an omelette,"<|im_start|>user
The dish of beaten eggs cooked in a pan often folded over fillings is an omelette. The container with a handle used to carry water or collect items is","<|im_start|>user
The dish of beaten eggs cooked in a pan often folded over fillings is an omelette. The container with a handle used to carry water or collect items is a","<|im_start|>user
The dish of beaten eggs cooked in a pan often folded over fillings is an omelette. The container with a handle used to carry water or collect items is an"
bumblebee,a,a,True,bee,False,example,False,0.933161199092865,0.933161199092865,0.00025576649932190776,True,0.7919415831565857,0.4039095938205719,plunger,a,The rubber suction tool used to unclog toilets and drains is a plunger,"<|im_start|>user
The rubber suction tool used to unclog toilets and drains is a plunger. The fuzzy yellow and black striped insect that makes honey and can sting is","<|im_start|>user
The rubber suction tool used to unclog toilets and drains is a plunger. The fuzzy yellow and black striped insect that makes honey and can sting is a","<|im_start|>user
The rubber suction tool used to unclog toilets and drains is a plunger. The fuzzy yellow and black striped insect that makes honey and can sting is an"
button,a,a,True,button,True,example,False,0.8819557428359985,0.8819557428359985,0.00026721367612481117,True,0.9861612319946289,0.36276975274086,cadillac,a,The luxury car brand known for large American automobiles is a cadillac,"<|im_start|>user
The luxury car brand known for large American automobiles is a cadillac. The small round fastener sewn onto clothes that goes through a hole to close garments is","<|im_start|>user
The luxury car brand known for large American automobiles is a cadillac. The small round fastener sewn onto clothes that goes through a hole to close garments is a","<|im_start|>user
The luxury car brand known for large American automobiles is a cadillac. The small round fastener sewn onto clothes that goes through a hole to close garments is an"
cafe,a,a,True,cafe,True,espresso,False,0.8935593366622925,0.8935593366622925,0.0002856304054148495,True,0.2249118685722351,0.4788357615470886,plank,a,The long flat piece of wood used in construction or as a walking surface is a plank,"<|im_start|>user
The long flat piece of wood used in construction or as a walking surface is a plank. The small restaurant or coffee shop where you order drinks and light meals is","<|im_start|>user
The long flat piece of wood used in construction or as a walking surface is a plank. The small restaurant or coffee shop where you order drinks and light meals is a","<|im_start|>user
The long flat piece of wood used in construction or as a walking surface is a plank. The small restaurant or coffee shop where you order drinks and light meals is an"
cardigan,a,a,True,card,True,example,False,0.9706048965454102,0.9706048965454102,0.0014188532950356603,True,0.9980910420417786,0.6345956325531006,chipmunk,a,The small striped rodent with pouches in its cheeks that stores nuts is a chipmunk,"<|im_start|>user
The small striped rodent with pouches in its cheeks that stores nuts is a chipmunk. The knitted sweater that opens in front with buttons or a zipper is","<|im_start|>user
The small striped rodent with pouches in its cheeks that stores nuts is a chipmunk. The knitted sweater that opens in front with buttons or a zipper is a","<|im_start|>user
The small striped rodent with pouches in its cheeks that stores nuts is a chipmunk. The knitted sweater that opens in front with buttons or a zipper is an"
carpet,a,a,True,carpet,True,example,False,0.5375478863716125,0.5375478863716125,0.0001526694104541093,True,0.9609648585319519,0.4947532117366791,pineapple,a,The large tropical fruit with spiky skin and sweet yellow flesh inside is a pineapple,"<|im_start|>user
The large tropical fruit with spiky skin and sweet yellow flesh inside is a pineapple. The thick fabric floor covering that lies wall-to-wall in rooms is","<|im_start|>user
The large tropical fruit with spiky skin and sweet yellow flesh inside is a pineapple. The thick fabric floor covering that lies wall-to-wall in rooms is a","<|im_start|>user
The large tropical fruit with spiky skin and sweet yellow flesh inside is a pineapple. The thick fabric floor covering that lies wall-to-wall in rooms is an"
castle,a,a,True,castle,True,example,False,0.9788994193077087,0.9788994193077087,0.00030434649670496583,True,0.823417603969574,0.6496492624282837,engine,an,The mechanical device that burns fuel to power vehicles boats and machines is an engine,"<|im_start|>user
The mechanical device that burns fuel to power vehicles boats and machines is an engine. The large fortified building with towers where kings and queens once lived is","<|im_start|>user
The mechanical device that burns fuel to power vehicles boats and machines is an engine. The large fortified building with towers where kings and queens once lived is a","<|im_start|>user
The mechanical device that burns fuel to power vehicles boats and machines is an engine. The large fortified building with towers where kings and queens once lived is an"
cave,a,a,True,cave,True,?,False,0.9663935303688049,0.9663935303688049,0.00046578250476159155,True,0.705630898475647,0.24028806388378143,gate,a,The hinged barrier that swings open to allow entry through a fence or wall is a gate,"<|im_start|>user
The hinged barrier that swings open to allow entry through a fence or wall is a gate. The underground hollow space in rock or earth that explorers crawl through is","<|im_start|>user
The hinged barrier that swings open to allow entry through a fence or wall is a gate. The underground hollow space in rock or earth that explorers crawl through is a","<|im_start|>user
The hinged barrier that swings open to allow entry through a fence or wall is a gate. The underground hollow space in rock or earth that explorers crawl through is an"
cello,a,a,True,c,True,upright,False,0.940105140209198,0.940105140209198,2.5501132768113166e-05,True,0.4516020715236664,0.6294538974761963,tire,a,The round rubber wheel that goes on a car and is inflated with air is a tire,"<|im_start|>user
The round rubber wheel that goes on a car and is inflated with air is a tire. The large stringed musical instrument played with a bow that sits between your knees is","<|im_start|>user
The round rubber wheel that goes on a car and is inflated with air is a tire. The large stringed musical instrument played with a bow that sits between your knees is a","<|im_start|>user
The round rubber wheel that goes on a car and is inflated with air is a tire. The large stringed musical instrument played with a bow that sits between your knees is an"
checkerboard,a,a,True,checker,True,example,False,0.92811119556427,0.92811119556427,0.0017394692404195666,True,0.565240204334259,0.8754799365997314,blowtorch,a,The tool that produces an intense flame used for welding or cutting metal is a blowtorch,"<|im_start|>user
The tool that produces an intense flame used for welding or cutting metal is a blowtorch. The board with alternating colored squares used to play checkers is","<|im_start|>user
The tool that produces an intense flame used for welding or cutting metal is a blowtorch. The board with alternating colored squares used to play checkers is a","<|im_start|>user
The tool that produces an intense flame used for welding or cutting metal is a blowtorch. The board with alternating colored squares used to play checkers is an"
chimp,a,ch,False,ch,True,ape,False,0.6323313117027283,0.3089340329170227,4.0481121686752886e-05,True,0.9936298727989197,0.6218118071556091,strawberry,a,The small red fruit with tiny seeds on the outside often eaten with cream is a strawberry,"<|im_start|>user
The small red fruit with tiny seeds on the outside often eaten with cream is a strawberry. The short informal name for a chimpanzee is","<|im_start|>user
The small red fruit with tiny seeds on the outside often eaten with cream is a strawberry. The short informal name for a chimpanzee is a","<|im_start|>user
The small red fruit with tiny seeds on the outside often eaten with cream is a strawberry. The short informal name for a chimpanzee is an"
chimpanzee,a,a,True,chimpan,True,orang,False,0.8574523329734802,0.8574523329734802,0.04732247069478035,True,0.3491213321685791,0.8926540017127991,oven,an,The enclosed appliance that uses heat to bake roast or warm food is an oven,"<|im_start|>user
The enclosed appliance that uses heat to bake roast or warm food is an oven. The intelligent ape that swings from trees and shares DNA with humans is","<|im_start|>user
The enclosed appliance that uses heat to bake roast or warm food is an oven. The intelligent ape that swings from trees and shares DNA with humans is a","<|im_start|>user
The enclosed appliance that uses heat to bake roast or warm food is an oven. The intelligent ape that swings from trees and shares DNA with humans is an"
cockroach,a,a,True,water,False,ant,False,0.8521657586097717,0.8521657586097717,0.016079438850283623,True,0.4858724772930145,0.6045762896537781,cracker,a,The crispy flat biscuit that you eat with cheese or dip is a cracker,"<|im_start|>user
The crispy flat biscuit that you eat with cheese or dip is a cracker. The dark brown insect that scurries when lights are turned on is","<|im_start|>user
The crispy flat biscuit that you eat with cheese or dip is a cracker. The dark brown insect that scurries when lights are turned on is a","<|im_start|>user
The crispy flat biscuit that you eat with cheese or dip is a cracker. The dark brown insect that scurries when lights are turned on is an"
cow,a,a,True,cow,True,ox,False,0.9816363453865051,0.9816363453865051,0.007226703222841024,True,0.9787211418151855,0.25144994258880615,auditorium,an,The large hall with tiered seating where performances and lectures are held is an auditorium,"<|im_start|>user
The large hall with tiered seating where performances and lectures are held is an auditorium. The large black and white farm animal that gives milk and says moo is","<|im_start|>user
The large hall with tiered seating where performances and lectures are held is an auditorium. The large black and white farm animal that gives milk and says moo is a","<|im_start|>user
The large hall with tiered seating where performances and lectures are held is an auditorium. The large black and white farm animal that gives milk and says moo is an"
coyote,a,a,True,coy,True,animal,False,0.6850760579109192,0.6850760579109192,0.0029699045699089766,True,0.8844303488731384,0.5629177093505859,orchard,an,The area of land with many fruit trees planted in rows for harvesting is an orchard,"<|im_start|>user
The area of land with many fruit trees planted in rows for harvesting is an orchard. The wild dog that howls at the moon and roams the American Southwest is","<|im_start|>user
The area of land with many fruit trees planted in rows for harvesting is an orchard. The wild dog that howls at the moon and roams the American Southwest is a","<|im_start|>user
The area of land with many fruit trees planted in rows for harvesting is an orchard. The wild dog that howls at the moon and roams the American Southwest is an"
cracker,a,a,True,cr,True,ant,False,0.8474146127700806,0.8474146127700806,0.00012367941963020712,True,0.9679586887359619,0.4101828634738922,button,a,The small round fastener sewn onto clothes that goes through a hole to close garments is a button,"<|im_start|>user
The small round fastener sewn onto clothes that goes through a hole to close garments is a button. The crispy flat biscuit that you eat with cheese or dip is","<|im_start|>user
The small round fastener sewn onto clothes that goes through a hole to close garments is a button. The crispy flat biscuit that you eat with cheese or dip is a","<|im_start|>user
The small round fastener sewn onto clothes that goes through a hole to close garments is a button. The crispy flat biscuit that you eat with cheese or dip is an"
cranberry,a,a,True,cran,True,example,False,0.6801146864891052,0.6801146864891052,2.0057383153471164e-05,True,0.9784145355224609,0.7795710563659668,jug,a,The large container with a handle and spout used for pouring liquids is a jug,"<|im_start|>user
The large container with a handle and spout used for pouring liquids is a jug. The tart red berry often made into sauce for Thanksgiving dinner is","<|im_start|>user
The large container with a handle and spout used for pouring liquids is a jug. The tart red berry often made into sauce for Thanksgiving dinner is a","<|im_start|>user
The large container with a handle and spout used for pouring liquids is a jug. The tart red berry often made into sauce for Thanksgiving dinner is an"
croissant,a,a,True,cro,True,example,False,0.8862077593803406,0.8862077593803406,1.1565466593310703e-05,True,0.995900571346283,0.4368579685688019,thermometer,a,The instrument that measures temperature with mercury or digital display is a thermometer,"<|im_start|>user
The instrument that measures temperature with mercury or digital display is a thermometer. The flaky French pastry shaped like a crescent often eaten for breakfast is","<|im_start|>user
The instrument that measures temperature with mercury or digital display is a thermometer. The flaky French pastry shaped like a crescent often eaten for breakfast is a","<|im_start|>user
The instrument that measures temperature with mercury or digital display is a thermometer. The flaky French pastry shaped like a crescent often eaten for breakfast is an"
daffodil,a,a,True,what,False,example,False,0.8949577212333679,0.8949577212333679,0.00016409660747740418,True,0.3996863067150116,0.946123480796814,log,a,The piece of wood from a tree trunk often burned in a fireplace is a log,"<|im_start|>user
The piece of wood from a tree trunk often burned in a fireplace is a log. The bright yellow flower with a dark center that turns to follow the sun is","<|im_start|>user
The piece of wood from a tree trunk often burned in a fireplace is a log. The bright yellow flower with a dark center that turns to follow the sun is a","<|im_start|>user
The piece of wood from a tree trunk often burned in a fireplace is a log. The bright yellow flower with a dark center that turns to follow the sun is an"
dagger,a,a,True,dagger,True,aw,False,0.8667076826095581,0.8667076826095581,0.005105194170027971,True,0.859035074710846,0.5640291571617126,kite,a,The colorful diamond-shaped toy that flies in the wind on a string is a kite,"<|im_start|>user
The colorful diamond-shaped toy that flies in the wind on a string is a kite. The short knife with a pointed blade once used as a weapon is","<|im_start|>user
The colorful diamond-shaped toy that flies in the wind on a string is a kite. The short knife with a pointed blade once used as a weapon is a","<|im_start|>user
The colorful diamond-shaped toy that flies in the wind on a string is a kite. The short knife with a pointed blade once used as a weapon is an"
dolphin,a,a,True,dolphin,True,animal,False,0.98093181848526,0.98093181848526,0.001396216219291091,True,0.97221440076828,0.5431056022644043,arrow,an,The pointed projectile shot from a bow toward a target is an arrow,"<|im_start|>user
The pointed projectile shot from a bow toward a target is an arrow. The intelligent marine mammal that jumps through hoops and makes clicking sounds is","<|im_start|>user
The pointed projectile shot from a bow toward a target is an arrow. The intelligent marine mammal that jumps through hoops and makes clicking sounds is a","<|im_start|>user
The pointed projectile shot from a bow toward a target is an arrow. The intelligent marine mammal that jumps through hoops and makes clicking sounds is an"
doughnut,a,a,True,don,False,example,False,0.7696512341499329,0.7696512341499329,0.0005919656250625849,True,0.7018885612487793,0.4827145040035248,tulip,a,The cup-shaped flower that blooms in spring and is associated with the Netherlands a tulip,"<|im_start|>user
The cup-shaped flower that blooms in spring and is associated with the Netherlands a tulip. The sweet fried ring of dough often glazed or covered with sprinkles is","<|im_start|>user
The cup-shaped flower that blooms in spring and is associated with the Netherlands a tulip. The sweet fried ring of dough often glazed or covered with sprinkles is a","<|im_start|>user
The cup-shaped flower that blooms in spring and is associated with the Netherlands a tulip. The sweet fried ring of dough often glazed or covered with sprinkles is an"
drum,a,a,True,drum,True,example,False,0.9094632267951965,0.9094632267951965,0.00016361207235604525,True,0.8327191472053528,0.3442983329296112,cup,a,The drinking vessel with a handle that you sip coffee or tea from is a cup,"<|im_start|>user
The drinking vessel with a handle that you sip coffee or tea from is a cup. The round percussion instrument that you beat with sticks to make rhythm is","<|im_start|>user
The drinking vessel with a handle that you sip coffee or tea from is a cup. The round percussion instrument that you beat with sticks to make rhythm is a","<|im_start|>user
The drinking vessel with a handle that you sip coffee or tea from is a cup. The round percussion instrument that you beat with sticks to make rhythm is an"
earring,an,an,True,e,True,e,True,0.6612786650657654,0.030693404376506805,0.6612786650657654,True,0.9981192946434021,0.9774096012115479,yacht,a,The large boat with sails or a motor used for recreation on the water is a yacht,"<|im_start|>user
The large boat with sails or a motor used for recreation on the water is a yacht. The decorative jewelry that hangs from the ear lobe is","<|im_start|>user
The large boat with sails or a motor used for recreation on the water is a yacht. The decorative jewelry that hangs from the ear lobe is an","<|im_start|>user
The large boat with sails or a motor used for recreation on the water is a yacht. The decorative jewelry that hangs from the ear lobe is a"
fencepost,a,a,True,(n,False,example,False,0.8168283104896545,0.8168283104896545,4.849313700105995e-05,True,0.39385363459587097,0.9282354712486267,bathrobe,a,The soft terry cloth garment worn after a shower is a bathrobe,"<|im_start|>user
The soft terry cloth garment worn after a shower is a bathrobe. The wooden post that supports wire fencing around a property is","<|im_start|>user
The soft terry cloth garment worn after a shower is a bathrobe. The wooden post that supports wire fencing around a property is a","<|im_start|>user
The soft terry cloth garment worn after a shower is a bathrobe. The wooden post that supports wire fencing around a property is an"
fingerprint,a,a,True,fingerprint,True,fingerprint,True,0.8668619990348816,0.8668619990348816,0.0001510734437033534,True,0.958552360534668,0.7002536058425903,eye,an,The round organ in your head that you see with is an eye,"<|im_start|>user
The round organ in your head that you see with is an eye. The unique mark left by the tip of your finger that no one else has is","<|im_start|>user
The round organ in your head that you see with is an eye. The unique mark left by the tip of your finger that no one else has is a","<|im_start|>user
The round organ in your head that you see with is an eye. The unique mark left by the tip of your finger that no one else has is an"
garage,a,a,True,garage,True,automobile,False,0.9494938254356384,0.9494938254356384,0.001688661053776741,True,0.3868306279182434,0.42838019132614136,candlestick,a,The tall holder with a candle that provides light when the wick is lit is a candlestick,"<|im_start|>user
The tall holder with a candle that provides light when the wick is lit is a candlestick. The covered space where cars are parked attached to or near a house is","<|im_start|>user
The tall holder with a candle that provides light when the wick is lit is a candlestick. The covered space where cars are parked attached to or near a house is a","<|im_start|>user
The tall holder with a candle that provides light when the wick is lit is a candlestick. The covered space where cars are parked attached to or near a house is an"
gate,a,a,True,door,False,u,False,0.8571830987930298,0.8571830987930298,0.007036291528493166,True,0.9479084610939026,0.22987936437129974,udder,an,The milk-producing organ of a female cow or other mammal is an udder,"<|im_start|>user
The milk-producing organ of a female cow or other mammal is an udder. The hinged barrier that swings open to allow entry through a fence or wall is","<|im_start|>user
The milk-producing organ of a female cow or other mammal is an udder. The hinged barrier that swings open to allow entry through a fence or wall is a","<|im_start|>user
The milk-producing organ of a female cow or other mammal is an udder. The hinged barrier that swings open to allow entry through a fence or wall is an"
grapefruit,a,a,True,grape,True,orange,False,0.9197328090667725,0.9197328090667725,0.010437961667776108,True,0.9509900212287903,0.9517581462860107,eye,an,The round organ in your head that you see with is an eye,"<|im_start|>user
The round organ in your head that you see with is an eye. The large citrus fruit with pink or white flesh and a bitter skin is","<|im_start|>user
The round organ in your head that you see with is an eye. The large citrus fruit with pink or white flesh and a bitter skin is a","<|im_start|>user
The round organ in your head that you see with is an eye. The large citrus fruit with pink or white flesh and a bitter skin is an"
hornet,a,a,True,bee,False,insect,False,0.9543631672859192,0.9543631672859192,0.00017774706066120416,True,0.42118439078330994,0.33484286069869995,tractor,a,The large farm vehicle that pulls plows and other equipment through fields is a tractor,"<|im_start|>user
The large farm vehicle that pulls plows and other equipment through fields is a tractor. The stinging insect similar to a wasp with yellow and black stripes is","<|im_start|>user
The large farm vehicle that pulls plows and other equipment through fields is a tractor. The stinging insect similar to a wasp with yellow and black stripes is a","<|im_start|>user
The large farm vehicle that pulls plows and other equipment through fields is a tractor. The stinging insect similar to a wasp with yellow and black stripes is an"
hummingbird,a,a,True,humming,True,humming,True,0.9145118594169617,0.9145118594169617,0.00010449651017552242,True,0.9301576614379883,0.43032971024513245,axe,an,The sharp tool with a wooden handle used for chopping wood is an axe,"<|im_start|>user
The sharp tool with a wooden handle used for chopping wood is an axe. The tiny colorful bird that hovers and feeds on flower nectar is","<|im_start|>user
The sharp tool with a wooden handle used for chopping wood is an axe. The tiny colorful bird that hovers and feeds on flower nectar is a","<|im_start|>user
The sharp tool with a wooden handle used for chopping wood is an axe. The tiny colorful bird that hovers and feeds on flower nectar is an"
iceberg,an,called,False,iceberg,True,iceberg,True,0.3495558500289917,0.25370824337005615,0.3036941885948181,True,0.9905365109443665,0.49723589420318604,doll,a,The toy figure of a person that children play with and dress up is a doll,"<|im_start|>user
The toy figure of a person that children play with and dress up is a doll. The massive floating chunk of ice that broke off from a glacier is","<|im_start|>user
The toy figure of a person that children play with and dress up is a doll. The massive floating chunk of ice that broke off from a glacier is an","<|im_start|>user
The toy figure of a person that children play with and dress up is a doll. The massive floating chunk of ice that broke off from a glacier is a"
icicle,an,an,True,ic,True,(n,False,0.6000609397888184,0.07468430697917938,0.6000609397888184,True,0.991950273513794,0.6454678177833557,amplifier,an,The electronic device that increases the volume of sound from speakers is an amplifier,"<|im_start|>user
The electronic device that increases the volume of sound from speakers is an amplifier. The pointed hanging formation of ice that forms when water drips and freezes is","<|im_start|>user
The electronic device that increases the volume of sound from speakers is an amplifier. The pointed hanging formation of ice that forms when water drips and freezes is an","<|im_start|>user
The electronic device that increases the volume of sound from speakers is an amplifier. The pointed hanging formation of ice that forms when water drips and freezes is a"
island,an,an,True,island,True,what,False,0.9959100484848022,0.0009134561405517161,0.9959100484848022,True,0.9995611310005188,0.5094797015190125,cookie,a,The sweet baked treat that's often round and made with chocolate chips is a cookie,"<|im_start|>user
The sweet baked treat that's often round and made with chocolate chips is a cookie. The land mass completely surrounded by water smaller than a continent is","<|im_start|>user
The sweet baked treat that's often round and made with chocolate chips is a cookie. The land mass completely surrounded by water smaller than a continent is an","<|im_start|>user
The sweet baked treat that's often round and made with chocolate chips is a cookie. The land mass completely surrounded by water smaller than a continent is a"
jewel,a,a,True,diamond,False,em,False,0.8753791451454163,0.8753791451454163,0.014017965644598007,True,0.922209620475769,0.6051778197288513,udder,an,The milk-producing organ of a female cow or other mammal is an udder,"<|im_start|>user
The milk-producing organ of a female cow or other mammal is an udder. The precious stone or gem that glitters and is used in jewelry is","<|im_start|>user
The milk-producing organ of a female cow or other mammal is an udder. The precious stone or gem that glitters and is used in jewelry is a","<|im_start|>user
The milk-producing organ of a female cow or other mammal is an udder. The precious stone or gem that glitters and is used in jewelry is an"
jug,a,a,True,jug,True,example,False,0.9404674172401428,0.9404674172401428,0.019636740908026695,True,0.8496097922325134,0.49802660942077637,dandelion,a,The bright yellow weed flower that children blow to make wishes is a dandelion,"<|im_start|>user
The bright yellow weed flower that children blow to make wishes is a dandelion. The large container with a handle and spout used for pouring liquids is","<|im_start|>user
The bright yellow weed flower that children blow to make wishes is a dandelion. The large container with a handle and spout used for pouring liquids is a","<|im_start|>user
The bright yellow weed flower that children blow to make wishes is a dandelion. The large container with a handle and spout used for pouring liquids is an"
kidney,a,a,True,kidney,True,organ,False,0.6019806265830994,0.6019806265830994,0.002814409788697958,True,0.9786226749420166,0.7067624926567078,blanket,a,The warm covering you pull over yourself when sleeping or staying cozy is a blanket,"<|im_start|>user
The warm covering you pull over yourself when sleeping or staying cozy is a blanket. The organ that filters waste from blood and produces urine is","<|im_start|>user
The warm covering you pull over yourself when sleeping or staying cozy is a blanket. The organ that filters waste from blood and produces urine is a","<|im_start|>user
The warm covering you pull over yourself when sleeping or staying cozy is a blanket. The organ that filters waste from blood and produces urine is an"
laptop,a,a,True,laptop,True,example,False,0.9287387728691101,0.9287387728691101,0.00010562437091721222,True,0.9868152737617493,0.5195896029472351,suit,a,The formal set of matching jacket and pants worn for business or special occasions is a suit,"<|im_start|>user
The formal set of matching jacket and pants worn for business or special occasions is a suit. The portable computer that folds in half with a screen and keyboard is","<|im_start|>user
The formal set of matching jacket and pants worn for business or special occasions is a suit. The portable computer that folds in half with a screen and keyboard is a","<|im_start|>user
The formal set of matching jacket and pants worn for business or special occasions is a suit. The portable computer that folds in half with a screen and keyboard is an"
lid,a,a,True,lid,True,lid,True,0.9085312485694885,0.9085312485694885,0.00031502448837272823,True,0.9835970997810364,0.683321475982666,doll,a,The toy figure of a person that children play with and dress up is a doll,"<|im_start|>user
The toy figure of a person that children play with and dress up is a doll. The removable cover that goes on top of a jar pot or container is","<|im_start|>user
The toy figure of a person that children play with and dress up is a doll. The removable cover that goes on top of a jar pot or container is a","<|im_start|>user
The toy figure of a person that children play with and dress up is a doll. The removable cover that goes on top of a jar pot or container is an"
lighthouse,a,a,True,l,True,example,False,0.9679415225982666,0.9679415225982666,0.00029363547218963504,True,0.967257559299469,0.9133827686309814,tent,a,The portable shelter made of fabric supported by poles for camping outdoors is a tent,"<|im_start|>user
The portable shelter made of fabric supported by poles for camping outdoors is a tent. The tall tower with a bright light that guides ships safely to shore is","<|im_start|>user
The portable shelter made of fabric supported by poles for camping outdoors is a tent. The tall tower with a bright light that guides ships safely to shore is a","<|im_start|>user
The portable shelter made of fabric supported by poles for camping outdoors is a tent. The tall tower with a bright light that guides ships safely to shore is an"
lime,a,a,True,lime,True,orange,False,0.9443053603172302,0.9443053603172302,5.2464252803474665e-05,True,0.7600304484367371,0.1955876350402832,vase,a,The decorative container used to hold cut flowers or as ornamental display is a vase,"<|im_start|>user
The decorative container used to hold cut flowers or as ornamental display is a vase. The small green citrus fruit that's more sour than a lemon is","<|im_start|>user
The decorative container used to hold cut flowers or as ornamental display is a vase. The small green citrus fruit that's more sour than a lemon is a","<|im_start|>user
The decorative container used to hold cut flowers or as ornamental display is a vase. The small green citrus fruit that's more sour than a lemon is an"
lion,a,a,True,lion,True,example,False,0.954868733882904,0.954868733882904,0.00010890558769460768,True,0.9764748215675354,0.4816804826259613,fig,a,The sweet chewy fruit that grows on trees and is often dried is a fig,"<|im_start|>user
The sweet chewy fruit that grows on trees and is often dried is a fig. The large wild cat with a golden mane that roars and is called king of beasts is","<|im_start|>user
The sweet chewy fruit that grows on trees and is often dried is a fig. The large wild cat with a golden mane that roars and is called king of beasts is a","<|im_start|>user
The sweet chewy fruit that grows on trees and is often dried is a fig. The large wild cat with a golden mane that roars and is called king of beasts is an"
log,a,a,True,log,True,example,False,0.5867215394973755,0.5867215394973755,0.0014183868188410997,True,0.9483724236488342,0.790696382522583,army,an,The organized military force of a country that fights wars on land is an army,"<|im_start|>user
The organized military force of a country that fights wars on land is an army. The piece of wood from a tree trunk often burned in a fireplace is","<|im_start|>user
The organized military force of a country that fights wars on land is an army. The piece of wood from a tree trunk often burned in a fireplace is a","<|im_start|>user
The organized military force of a country that fights wars on land is an army. The piece of wood from a tree trunk often burned in a fireplace is an"
lollipop,a,a,True,l,True,ice,False,0.9953029155731201,0.9953029155731201,0.00027353278710506856,True,0.9999343156814575,0.8390006422996521,sandcastle,a,The miniature castle made of sand at the beach that waves wash away is a sandcastle,"<|im_start|>user
The miniature castle made of sand at the beach that waves wash away is a sandcastle. The round hard candy on a stick that children lick and suck on is","<|im_start|>user
The miniature castle made of sand at the beach that waves wash away is a sandcastle. The round hard candy on a stick that children lick and suck on is a","<|im_start|>user
The miniature castle made of sand at the beach that waves wash away is a sandcastle. The round hard candy on a stick that children lick and suck on is an"
mask,a,a,True,mask,True,actor,False,0.7681959271430969,0.7681959271430969,0.0006714117480441928,True,0.9948504567146301,0.1149522215127945,toad,a,The warty amphibian that hops like a frog but has rougher drier skin is a toad,"<|im_start|>user
The warty amphibian that hops like a frog but has rougher drier skin is a toad. The covering worn over the face for disguise protection or costume is","<|im_start|>user
The warty amphibian that hops like a frog but has rougher drier skin is a toad. The covering worn over the face for disguise protection or costume is a","<|im_start|>user
The warty amphibian that hops like a frog but has rougher drier skin is a toad. The covering worn over the face for disguise protection or costume is an"
matchstick,a,a,True,match,True,example,False,0.9753960371017456,0.9753960371017456,0.00010088298586197197,True,0.9958440661430359,0.4404788017272949,blowtorch,a,The tool that produces an intense flame used for welding or cutting metal is a blowtorch,"<|im_start|>user
The tool that produces an intense flame used for welding or cutting metal is a blowtorch. The small wooden stick with a chemical tip that ignites when struck is","<|im_start|>user
The tool that produces an intense flame used for welding or cutting metal is a blowtorch. The small wooden stick with a chemical tip that ignites when struck is a","<|im_start|>user
The tool that produces an intense flame used for welding or cutting metal is a blowtorch. The small wooden stick with a chemical tip that ignites when struck is an"
meteor,a,a,True,meteor,True,asteroid,False,0.9292026162147522,0.9292026162147522,0.001013695145957172,True,0.9750893712043762,0.4268268346786499,lightbulb,a,The glass bulb that screws into a socket to provide electric light is a lightbulb,"<|im_start|>user
The glass bulb that screws into a socket to provide electric light is a lightbulb. The chunk of rock from space that burns up as it enters Earth's atmosphere is","<|im_start|>user
The glass bulb that screws into a socket to provide electric light is a lightbulb. The chunk of rock from space that burns up as it enters Earth's atmosphere is a","<|im_start|>user
The glass bulb that screws into a socket to provide electric light is a lightbulb. The chunk of rock from space that burns up as it enters Earth's atmosphere is an"
mountain,a,a,True,mountain,True,example,False,0.9732908606529236,0.9732908606529236,0.0003935528511647135,True,0.9138727784156799,0.5202634930610657,crate,a,The wooden box used for shipping or storing items is a crate,"<|im_start|>user
The wooden box used for shipping or storing items is a crate. The large landform that rises high above the surrounding area often with snow on top is","<|im_start|>user
The wooden box used for shipping or storing items is a crate. The large landform that rises high above the surrounding area often with snow on top is a","<|im_start|>user
The wooden box used for shipping or storing items is a crate. The large landform that rises high above the surrounding area often with snow on top is an"
moustache,a,called,False,must,False,m,True,0.5734642148017883,0.28784433007240295,3.666440898086876e-05,True,0.9092805981636047,0.4454304873943329,diploma,a,The certificate that shows you graduated from school or completed a course of study is a diploma,"<|im_start|>user
The certificate that shows you graduated from school or completed a course of study is a diploma. The hair that grows on a man's upper lip is","<|im_start|>user
The certificate that shows you graduated from school or completed a course of study is a diploma. The hair that grows on a man's upper lip is a","<|im_start|>user
The certificate that shows you graduated from school or completed a course of study is a diploma. The hair that grows on a man's upper lip is an"
necklace,a,a,True,necklace,True,?,False,0.9628758430480957,0.9628758430480957,9.580924233887345e-05,True,0.9654458165168762,0.3091154098510742,pillbox,a,The small container for holding pills or medication is a pillbox,"<|im_start|>user
The small container for holding pills or medication is a pillbox. The chain or string of beads worn around the neck as jewelry is","<|im_start|>user
The small container for holding pills or medication is a pillbox. The chain or string of beads worn around the neck as jewelry is a","<|im_start|>user
The small container for holding pills or medication is a pillbox. The chain or string of beads worn around the neck as jewelry is an"
paperclip,a,a,True,staple,False,office,False,0.926200270652771,0.926200270652771,0.00032714055851101875,True,0.5414139628410339,0.603712260723114,woodpile,a,The stack of cut logs stored for burning in a fireplace is a woodpile,"<|im_start|>user
The stack of cut logs stored for burning in a fireplace is a woodpile. The small metal wire bent into loops to hold papers together is","<|im_start|>user
The stack of cut logs stored for burning in a fireplace is a woodpile. The small metal wire bent into loops to hold papers together is a","<|im_start|>user
The stack of cut logs stored for burning in a fireplace is a woodpile. The small metal wire bent into loops to hold papers together is an"
pelican,a,a,True,pel,True,al,False,0.6972224712371826,0.6972224712371826,0.0022956044413149357,True,0.9772210121154785,0.9063072800636292,pillbox,a,The small container for holding pills or medication is a pillbox,"<|im_start|>user
The small container for holding pills or medication is a pillbox. The large water bird with a huge pouch under its beak for catching fish is","<|im_start|>user
The small container for holding pills or medication is a pillbox. The large water bird with a huge pouch under its beak for catching fish is a","<|im_start|>user
The small container for holding pills or medication is a pillbox. The large water bird with a huge pouch under its beak for catching fish is an"
phonebook,a,a,True,telephone,False,address,False,0.8175292015075684,0.8175292015075684,0.0028203490655869246,True,0.49252933263778687,0.256564736366272,dagger,a,The short knife with a pointed blade once used as a weapon is a dagger,"<|im_start|>user
The short knife with a pointed blade once used as a weapon is a dagger. The directory that lists names and telephone numbers in alphabetical order is","<|im_start|>user
The short knife with a pointed blade once used as a weapon is a dagger. The directory that lists names and telephone numbers in alphabetical order is a","<|im_start|>user
The short knife with a pointed blade once used as a weapon is a dagger. The directory that lists names and telephone numbers in alphabetical order is an"
pillbox,a,a,True,pill,True,pill,True,0.9052640199661255,0.9052640199661255,0.0026728257071226835,True,0.9935945868492126,0.2691919803619385,shoelace,a,The thin cord that threads through holes in shoes to keep them tight is a shoelace,"<|im_start|>user
The thin cord that threads through holes in shoes to keep them tight is a shoelace. The small container for holding pills or medication is","<|im_start|>user
The thin cord that threads through holes in shoes to keep them tight is a shoelace. The small container for holding pills or medication is a","<|im_start|>user
The thin cord that threads through holes in shoes to keep them tight is a shoelace. The small container for holding pills or medication is an"
plunger,a,a,True,pl,True,pl,True,0.9103057980537415,0.9103057980537415,0.00031860845047049224,True,0.9816181063652039,0.1414148211479187,fish,a,The aquatic animal with gills and fins that swims in water and breathes underwater is a fish,"<|im_start|>user
The aquatic animal with gills and fins that swims in water and breathes underwater is a fish. The rubber suction tool used to unclog toilets and drains is","<|im_start|>user
The aquatic animal with gills and fins that swims in water and breathes underwater is a fish. The rubber suction tool used to unclog toilets and drains is a","<|im_start|>user
The aquatic animal with gills and fins that swims in water and breathes underwater is a fish. The rubber suction tool used to unclog toilets and drains is an"
pyramid,a,a,True,pyramid,True,example,False,0.9138534665107727,0.9138534665107727,0.00011098109825979918,True,0.9911195635795593,0.7730789184570312,flashlight,a,The handheld battery-powered device that creates a beam of light in darkness is a flashlight,"<|im_start|>user
The handheld battery-powered device that creates a beam of light in darkness is a flashlight. The ancient Egyptian monument with triangular sides and a square base is","<|im_start|>user
The handheld battery-powered device that creates a beam of light in darkness is a flashlight. The ancient Egyptian monument with triangular sides and a square base is a","<|im_start|>user
The handheld battery-powered device that creates a beam of light in darkness is a flashlight. The ancient Egyptian monument with triangular sides and a square base is an"
python,a,a,True,con,False,ana,False,0.5260697603225708,0.5260697603225708,0.10038915276527405,True,0.8833878040313721,0.8464562892913818,omelette,an,The dish of beaten eggs cooked in a pan often folded over fillings is an omelette,"<|im_start|>user
The dish of beaten eggs cooked in a pan often folded over fillings is an omelette. The large nonvenomous snake that coils around its prey and squeezes is","<|im_start|>user
The dish of beaten eggs cooked in a pan often folded over fillings is an omelette. The large nonvenomous snake that coils around its prey and squeezes is a","<|im_start|>user
The dish of beaten eggs cooked in a pan often folded over fillings is an omelette. The large nonvenomous snake that coils around its prey and squeezes is an"
racecar,a,a,True,race,True,automobile,False,0.9746315479278564,0.9746315479278564,0.002435286995023489,True,0.956432580947876,0.564612627029419,iceberg,an,The massive floating chunk of ice that broke off from a glacier is an iceberg,"<|im_start|>user
The massive floating chunk of ice that broke off from a glacier is an iceberg. The fast vehicle built specifically for speed competitions on a track is","<|im_start|>user
The massive floating chunk of ice that broke off from a glacier is an iceberg. The fast vehicle built specifically for speed competitions on a track is a","<|im_start|>user
The massive floating chunk of ice that broke off from a glacier is an iceberg. The fast vehicle built specifically for speed competitions on a track is an"
redwood,a,a,True,red,True,example,False,0.7644554376602173,0.7644554376602173,0.0011087667662650347,True,0.5132811069488525,0.6645424962043762,beak,a,The hard pointed mouth part of a bird used for eating and building nests is a beak,"<|im_start|>user
The hard pointed mouth part of a bird used for eating and building nests is a beak. The enormous evergreen tree that can live thousands of years and grow extremely tall is","<|im_start|>user
The hard pointed mouth part of a bird used for eating and building nests is a beak. The enormous evergreen tree that can live thousands of years and grow extremely tall is a","<|im_start|>user
The hard pointed mouth part of a bird used for eating and building nests is a beak. The enormous evergreen tree that can live thousands of years and grow extremely tall is an"
sandcastle,a,a,True,sand,True,example,False,0.9210863709449768,0.9210863709449768,0.00040922898915596306,True,0.8917011618614197,0.4844145178794861,gate,a,The hinged barrier that swings open to allow entry through a fence or wall is a gate,"<|im_start|>user
The hinged barrier that swings open to allow entry through a fence or wall is a gate. The miniature castle made of sand at the beach that waves wash away is","<|im_start|>user
The hinged barrier that swings open to allow entry through a fence or wall is a gate. The miniature castle made of sand at the beach that waves wash away is a","<|im_start|>user
The hinged barrier that swings open to allow entry through a fence or wall is a gate. The miniature castle made of sand at the beach that waves wash away is an"
scooter,a,a,True,bicycle,False,ordinary,False,0.9429566264152527,0.9429566264152527,0.00028444884810596704,True,0.7106454372406006,0.16979946196079254,doughnut,a,The sweet fried ring of dough often glazed or covered with sprinkles is a doughnut,"<|im_start|>user
The sweet fried ring of dough often glazed or covered with sprinkles is a doughnut. The small two-wheeled vehicle propelled by pushing one foot on the ground is","<|im_start|>user
The sweet fried ring of dough often glazed or covered with sprinkles is a doughnut. The small two-wheeled vehicle propelled by pushing one foot on the ground is a","<|im_start|>user
The sweet fried ring of dough often glazed or covered with sprinkles is a doughnut. The small two-wheeled vehicle propelled by pushing one foot on the ground is an"
seashell,a,a,True,se,True,o,False,0.9509133100509644,0.9509133100509644,0.0009222761145792902,True,0.5097078084945679,0.8401263952255249,paperclip,a,The small metal wire bent into loops to hold papers together is a paperclip,"<|im_start|>user
The small metal wire bent into loops to hold papers together is a paperclip. The hard protective home of a mollusk found washed up on beaches is","<|im_start|>user
The small metal wire bent into loops to hold papers together is a paperclip. The hard protective home of a mollusk found washed up on beaches is a","<|im_start|>user
The small metal wire bent into loops to hold papers together is a paperclip. The hard protective home of a mollusk found washed up on beaches is an"
shelf,a,a,True,shelf,True,example,False,0.9331219792366028,0.9331219792366028,0.0009673113818280399,True,0.993779718875885,0.8066141605377197,clock,a,The timepiece that hangs on the wall or sits on a table showing hours and minutes is a clock,"<|im_start|>user
The timepiece that hangs on the wall or sits on a table showing hours and minutes is a clock. The flat horizontal surface attached to a wall for storing books or objects is","<|im_start|>user
The timepiece that hangs on the wall or sits on a table showing hours and minutes is a clock. The flat horizontal surface attached to a wall for storing books or objects is a","<|im_start|>user
The timepiece that hangs on the wall or sits on a table showing hours and minutes is a clock. The flat horizontal surface attached to a wall for storing books or objects is an"
shotgun,a,a,True,shotgun,True,example,False,0.9299907684326172,0.9299907684326172,0.00012039106513839215,True,0.9597923159599304,0.8071792721748352,arrowhead,an,The pointed stone tip of an ancient weapon shot from a bow is an arrowhead,"<|im_start|>user
The pointed stone tip of an ancient weapon shot from a bow is an arrowhead. The firearm with a wide barrel that fires multiple pellets at once is","<|im_start|>user
The pointed stone tip of an ancient weapon shot from a bow is an arrowhead. The firearm with a wide barrel that fires multiple pellets at once is a","<|im_start|>user
The pointed stone tip of an ancient weapon shot from a bow is an arrowhead. The firearm with a wide barrel that fires multiple pellets at once is an"
sidewalk,a,a,True,sidewalk,True,example,False,0.7180025577545166,0.7180025577545166,0.0016057619359344244,True,0.9923438429832458,0.43053820729255676,astronaut,an,The person trained to travel in space and explore beyond Earth's atmosphere is an astronaut,"<|im_start|>user
The person trained to travel in space and explore beyond Earth's atmosphere is an astronaut. The paved walkway beside a street where people walk is","<|im_start|>user
The person trained to travel in space and explore beyond Earth's atmosphere is an astronaut. The paved walkway beside a street where people walk is a","<|im_start|>user
The person trained to travel in space and explore beyond Earth's atmosphere is an astronaut. The paved walkway beside a street where people walk is an"
spatula,a,a,True,spat,True,spat,True,0.9148398041725159,0.9148398041725159,0.003974187653511763,True,0.9313334822654724,0.9645057320594788,organ,an,The musical instrument with pipes and keys played in churches for hymns is an organ,"<|im_start|>user
The musical instrument with pipes and keys played in churches for hymns is an organ. The flat kitchen tool used to flip pancakes eggs and other foods is","<|im_start|>user
The musical instrument with pipes and keys played in churches for hymns is an organ. The flat kitchen tool used to flip pancakes eggs and other foods is a","<|im_start|>user
The musical instrument with pipes and keys played in churches for hymns is an organ. The flat kitchen tool used to flip pancakes eggs and other foods is an"
spoon,a,a,True,spoon,True,example,False,0.9865791201591492,0.9865791201591492,0.00010296887921867892,True,0.9634318947792053,0.6720238924026489,flower,a,The colorful blooming part of a plant that bees visit for nectar is a flower,"<|im_start|>user
The colorful blooming part of a plant that bees visit for nectar is a flower. The rounded eating utensil used to scoop up soup cereal and other liquids is","<|im_start|>user
The colorful blooming part of a plant that bees visit for nectar is a flower. The rounded eating utensil used to scoop up soup cereal and other liquids is a","<|im_start|>user
The colorful blooming part of a plant that bees visit for nectar is a flower. The rounded eating utensil used to scoop up soup cereal and other liquids is an"
steak,a,a,True,steak,True,o,False,0.9421865344047546,0.9421865344047546,0.0001207842942676507,True,0.32032519578933716,0.12478720396757126,crawfish,a,The small freshwater crustacean that looks like a tiny lobster is a crawfish,"<|im_start|>user
The small freshwater crustacean that looks like a tiny lobster is a crawfish. The thick slice of beef grilled or cooked and served as a main course is","<|im_start|>user
The small freshwater crustacean that looks like a tiny lobster is a crawfish. The thick slice of beef grilled or cooked and served as a main course is a","<|im_start|>user
The small freshwater crustacean that looks like a tiny lobster is a crawfish. The thick slice of beef grilled or cooked and served as a main course is an"
stove,a,a,True,stove,True,oven,False,0.8388529419898987,0.8388529419898987,0.0005282897618599236,True,0.5013477802276611,0.5346217751502991,croissant,a,The flaky French pastry shaped like a crescent often eaten for breakfast is a croissant,"<|im_start|>user
The flaky French pastry shaped like a crescent often eaten for breakfast is a croissant. The kitchen appliance with burners on top used for cooking food in pots and pans is","<|im_start|>user
The flaky French pastry shaped like a crescent often eaten for breakfast is a croissant. The kitchen appliance with burners on top used for cooking food in pots and pans is a","<|im_start|>user
The flaky French pastry shaped like a crescent often eaten for breakfast is a croissant. The kitchen appliance with burners on top used for cooking food in pots and pans is an"
stroller,a,a,True,st,True,infant,False,0.9693849086761475,0.9693849086761475,0.00011021862155757844,True,0.9869188666343689,0.5420088768005371,yacht,a,The large boat with sails or a motor used for recreation on the water is a yacht,"<|im_start|>user
The large boat with sails or a motor used for recreation on the water is a yacht. The wheeled frame that parents push to transport babies and toddlers is","<|im_start|>user
The large boat with sails or a motor used for recreation on the water is a yacht. The wheeled frame that parents push to transport babies and toddlers is a","<|im_start|>user
The large boat with sails or a motor used for recreation on the water is a yacht. The wheeled frame that parents push to transport babies and toddlers is an"
swamp,a,a,True,marsh,False,example,False,0.8909990191459656,0.8909990191459656,0.0024915405083447695,True,0.18761171400547028,0.158371701836586,hamburger,a,The sandwich of ground beef in a bun often served with fries is a hamburger,"<|im_start|>user
The sandwich of ground beef in a bun often served with fries is a hamburger. The wetland area with standing water where alligators and unusual plants live is","<|im_start|>user
The sandwich of ground beef in a bun often served with fries is a hamburger. The wetland area with standing water where alligators and unusual plants live is a","<|im_start|>user
The sandwich of ground beef in a bun often served with fries is a hamburger. The wetland area with standing water where alligators and unusual plants live is an"
swan,a,a,True,sw,True,her,False,0.8147082328796387,0.8147082328796387,0.016641315072774887,True,0.627297580242157,0.5695909857749939,ashtray,an,The small dish where smokers tap their cigarette ashes is an ashtray,"<|im_start|>user
The small dish where smokers tap their cigarette ashes is an ashtray. The elegant white water bird with a long curved neck is","<|im_start|>user
The small dish where smokers tap their cigarette ashes is an ashtray. The elegant white water bird with a long curved neck is a","<|im_start|>user
The small dish where smokers tap their cigarette ashes is an ashtray. The elegant white water bird with a long curved neck is an"
tail,a,a,True,tail,True,append,False,0.9467822313308716,0.9467822313308716,0.00012293118925299495,True,0.9813767075538635,0.4166395962238312,sled,a,The flat vehicle for sliding down snowy hills that children ride on is a sled,"<|im_start|>user
The flat vehicle for sliding down snowy hills that children ride on is a sled. The appendage that animals wag move or use for balance at their rear end is","<|im_start|>user
The flat vehicle for sliding down snowy hills that children ride on is a sled. The appendage that animals wag move or use for balance at their rear end is a","<|im_start|>user
The flat vehicle for sliding down snowy hills that children ride on is a sled. The appendage that animals wag move or use for balance at their rear end is an"
teapot,a,a,True,te,True,te,True,0.9937194585800171,0.9937194585800171,0.0003977603919338435,True,0.9785978198051453,0.5426380634307861,shoelace,a,The thin cord that threads through holes in shoes to keep them tight is a shoelace,"<|im_start|>user
The thin cord that threads through holes in shoes to keep them tight is a shoelace. The container with a lid handle and spout used for brewing and serving tea is","<|im_start|>user
The thin cord that threads through holes in shoes to keep them tight is a shoelace. The container with a lid handle and spout used for brewing and serving tea is a","<|im_start|>user
The thin cord that threads through holes in shoes to keep them tight is a shoelace. The container with a lid handle and spout used for brewing and serving tea is an"
tent,a,a,True,tent,True,tent,True,0.9707796573638916,0.9707796573638916,5.335467358236201e-05,True,0.8882499933242798,0.4795055389404297,badge,a,The small metal or plastic pin worn on clothing to show membership or achievement is a badge,"<|im_start|>user
The small metal or plastic pin worn on clothing to show membership or achievement is a badge. The portable shelter made of fabric supported by poles for camping outdoors is","<|im_start|>user
The small metal or plastic pin worn on clothing to show membership or achievement is a badge. The portable shelter made of fabric supported by poles for camping outdoors is a","<|im_start|>user
The small metal or plastic pin worn on clothing to show membership or achievement is a badge. The portable shelter made of fabric supported by poles for camping outdoors is an"
thermometer,a,a,True,thermometer,True,example,False,0.9668867588043213,0.9668867588043213,0.0002221159084001556,True,0.9653834700584412,0.17542842030525208,lime,a,The small green citrus fruit that's more sour than a lemon is a lime,"<|im_start|>user
The small green citrus fruit that's more sour than a lemon is a lime. The instrument that measures temperature with mercury or digital display is","<|im_start|>user
The small green citrus fruit that's more sour than a lemon is a lime. The instrument that measures temperature with mercury or digital display is a","<|im_start|>user
The small green citrus fruit that's more sour than a lemon is a lime. The instrument that measures temperature with mercury or digital display is an"
thumb,a,a,True,thumb,True,oppos,False,0.6132820844650269,0.6132820844650269,0.0011444560950621963,True,0.9718099236488342,0.8353033065795898,mattress,a,The thick rectangular pad that you sleep on placed on top of a bed frame is a mattress,"<|im_start|>user
The thick rectangular pad that you sleep on placed on top of a bed frame is a mattress. The thick short digit on your hand that opposes the other four fingers is","<|im_start|>user
The thick rectangular pad that you sleep on placed on top of a bed frame is a mattress. The thick short digit on your hand that opposes the other four fingers is a","<|im_start|>user
The thick rectangular pad that you sleep on placed on top of a bed frame is a mattress. The thick short digit on your hand that opposes the other four fingers is an"
torpedo,a,a,True,torpedo,True,imp,False,0.93515545129776,0.93515545129776,0.001560899312607944,True,0.8811699748039246,0.4498985707759857,gate,a,The hinged barrier that swings open to allow entry through a fence or wall is a gate,"<|im_start|>user
The hinged barrier that swings open to allow entry through a fence or wall is a gate. The underwater weapon that explodes when it hits a target ship is","<|im_start|>user
The hinged barrier that swings open to allow entry through a fence or wall is a gate. The underwater weapon that explodes when it hits a target ship is a","<|im_start|>user
The hinged barrier that swings open to allow entry through a fence or wall is a gate. The underwater weapon that explodes when it hits a target ship is an"
violin,a,a,True,violin,True,violin,True,0.9253473877906799,0.9253473877906799,7.183830166468397e-05,True,0.9758362174034119,0.40995272994041443,sardine,a,The small oily fish often packed in cans and eaten on crackers is a sardine,"<|im_start|>user
The small oily fish often packed in cans and eaten on crackers is a sardine. The stringed musical instrument played with a bow held under the chin is","<|im_start|>user
The small oily fish often packed in cans and eaten on crackers is a sardine. The stringed musical instrument played with a bow held under the chin is a","<|im_start|>user
The small oily fish often packed in cans and eaten on crackers is a sardine. The stringed musical instrument played with a bow held under the chin is an"
wasp,a,a,True,was,True,was,True,0.9404837489128113,0.9404837489128113,0.0012123389169573784,True,0.996976375579834,0.6503188014030457,fig,a,The sweet chewy fruit that grows on trees and is often dried is a fig,"<|im_start|>user
The sweet chewy fruit that grows on trees and is often dried is a fig. The stinging flying insect with a narrow waist that can be aggressive is","<|im_start|>user
The sweet chewy fruit that grows on trees and is often dried is a fig. The stinging flying insect with a narrow waist that can be aggressive is a","<|im_start|>user
The sweet chewy fruit that grows on trees and is often dried is a fig. The stinging flying insect with a narrow waist that can be aggressive is an"
whale,a,a,True,blue,False,example,False,0.7901051044464111,0.7901051044464111,9.873628005152568e-05,True,0.9736412763595581,0.38733941316604614,mountain,a,The large landform that rises high above the surrounding area often with snow on top is a mountain,"<|im_start|>user
The large landform that rises high above the surrounding area often with snow on top is a mountain. The enormous marine mammal that lives in the ocean and is the largest animal on Earth is","<|im_start|>user
The large landform that rises high above the surrounding area often with snow on top is a mountain. The enormous marine mammal that lives in the ocean and is the largest animal on Earth is a","<|im_start|>user
The large landform that rises high above the surrounding area often with snow on top is a mountain. The enormous marine mammal that lives in the ocean and is the largest animal on Earth is an"
pineapple,a,a,True,pineapple,True,example,False,0.7057728171348572,0.7057728171348572,0.0001913281885208562,True,0.35399091243743896,0.19989293813705444,ashtray,an,The small dish where smokers tap their cigarette ashes is an ashtray,"<|im_start|>user
The small dish where smokers tap their cigarette ashes is an ashtray. The large tropical fruit with spiky skin and sweet yellow flesh inside is","<|im_start|>user
The small dish where smokers tap their cigarette ashes is an ashtray. The large tropical fruit with spiky skin and sweet yellow flesh inside is a","<|im_start|>user
The small dish where smokers tap their cigarette ashes is an ashtray. The large tropical fruit with spiky skin and sweet yellow flesh inside is an"
shirt,a,a,True,shirt,True,outfit,False,0.9216720461845398,0.9216720461845398,0.03720269352197647,True,0.7803784608840942,0.5665174722671509,doorstep,a,The flat stone or concrete platform at the entrance to a house where packages are left is a doorstep,"<|im_start|>user
The flat stone or concrete platform at the entrance to a house where packages are left is a doorstep. The garment with sleeves that covers the upper body and is worn with pants or skirts is","<|im_start|>user
The flat stone or concrete platform at the entrance to a house where packages are left is a doorstep. The garment with sleeves that covers the upper body and is worn with pants or skirts is a","<|im_start|>user
The flat stone or concrete platform at the entrance to a house where packages are left is a doorstep. The garment with sleeves that covers the upper body and is worn with pants or skirts is an"
anaconda,an,an,True,ana,True,ana,True,0.7946783304214478,0.09647201001644135,0.7946783304214478,True,0.9954664707183838,0.43916839361190796,laptop,a,The portable computer that folds in half with a screen and keyboard is a laptop,"<|im_start|>user
The portable computer that folds in half with a screen and keyboard is a laptop. The massive South American snake that can grow over 20 feet long and crushes its prey is","<|im_start|>user
The portable computer that folds in half with a screen and keyboard is a laptop. The massive South American snake that can grow over 20 feet long and crushes its prey is an","<|im_start|>user
The portable computer that folds in half with a screen and keyboard is a laptop. The massive South American snake that can grow over 20 feet long and crushes its prey is a"
backboard,a,a,True,back,True,back,True,0.6012231707572937,0.6012231707572937,0.000557399878744036,True,0.9912834167480469,0.8295895457267761,cadillac,a,The luxury car brand known for large American automobiles is a cadillac,"<|im_start|>user
The luxury car brand known for large American automobiles is a cadillac. The rectangular board behind a basketball hoop that the ball bounces off is","<|im_start|>user
The luxury car brand known for large American automobiles is a cadillac. The rectangular board behind a basketball hoop that the ball bounces off is a","<|im_start|>user
The luxury car brand known for large American automobiles is a cadillac. The rectangular board behind a basketball hoop that the ball bounces off is an"
badge,a,a,True,badge,True,insign,False,0.9506472945213318,0.9506472945213318,0.0005788702401332557,True,0.7341343760490417,0.21342779695987701,flower,a,The colorful blooming part of a plant that bees visit for nectar is a flower,"<|im_start|>user
The colorful blooming part of a plant that bees visit for nectar is a flower. The small metal or plastic pin worn on clothing to show membership or achievement is","<|im_start|>user
The colorful blooming part of a plant that bees visit for nectar is a flower. The small metal or plastic pin worn on clothing to show membership or achievement is a","<|im_start|>user
The colorful blooming part of a plant that bees visit for nectar is a flower. The small metal or plastic pin worn on clothing to show membership or achievement is an"
blade,a,a,True,blade,True,edge,False,0.5829700827598572,0.5829700827598572,0.10708639025688171,True,0.8913772702217102,0.732906699180603,cellphone,a,The portable electronic device you use to make calls and send texts is a cellphone,"<|im_start|>user
The portable electronic device you use to make calls and send texts is a cellphone. The thin sharp edge of a knife sword or razor that cuts things is","<|im_start|>user
The portable electronic device you use to make calls and send texts is a cellphone. The thin sharp edge of a knife sword or razor that cuts things is a","<|im_start|>user
The portable electronic device you use to make calls and send texts is a cellphone. The thin sharp edge of a knife sword or razor that cuts things is an"
blowtorch,a,a,True,torch,False,ac,False,0.9076682925224304,0.9076682925224304,0.014362568035721779,True,0.8729666471481323,0.9607746601104736,antenna,an,The metal rod or wire that receives radio television or cellular signals is an antenna,"<|im_start|>user
The metal rod or wire that receives radio television or cellular signals is an antenna. The tool that produces an intense flame used for welding or cutting metal is","<|im_start|>user
The metal rod or wire that receives radio television or cellular signals is an antenna. The tool that produces an intense flame used for welding or cutting metal is a","<|im_start|>user
The metal rod or wire that receives radio television or cellular signals is an antenna. The tool that produces an intense flame used for welding or cutting metal is an"
boat,a,a,True,boat,True,example,False,0.9734534025192261,0.9734534025192261,0.00048564543249085546,True,0.5134862661361694,0.5851446390151978,blowtorch,a,The tool that produces an intense flame used for welding or cutting metal is a blowtorch,"<|im_start|>user
The tool that produces an intense flame used for welding or cutting metal is a blowtorch. The watercraft that floats and carries people or cargo across lakes rivers and oceans is","<|im_start|>user
The tool that produces an intense flame used for welding or cutting metal is a blowtorch. The watercraft that floats and carries people or cargo across lakes rivers and oceans is a","<|im_start|>user
The tool that produces an intense flame used for welding or cutting metal is a blowtorch. The watercraft that floats and carries people or cargo across lakes rivers and oceans is an"
bobcat,a,a,True,lyn,False,o,False,0.8710284233093262,0.8710284233093262,0.00037312295171432197,True,0.19226126372814178,0.9447356462478638,banana,a,The long yellow fruit that monkeys love to eat is a banana,"<|im_start|>user
The long yellow fruit that monkeys love to eat is a banana. The wild cat with tufted ears and a short tail that hunts small prey is","<|im_start|>user
The long yellow fruit that monkeys love to eat is a banana. The wild cat with tufted ears and a short tail that hunts small prey is a","<|im_start|>user
The long yellow fruit that monkeys love to eat is a banana. The wild cat with tufted ears and a short tail that hunts small prey is an"
bookshelf,a,a,True,book,True,example,False,0.8549758195877075,0.8549758195877075,0.09173300117254257,True,0.9812557101249695,0.629580557346344,finger,a,The digit at the end of your hand that you point with or wear rings on is a finger,"<|im_start|>user
The digit at the end of your hand that you point with or wear rings on is a finger. The tall furniture piece with horizontal shelves for storing books is","<|im_start|>user
The digit at the end of your hand that you point with or wear rings on is a finger. The tall furniture piece with horizontal shelves for storing books is a","<|im_start|>user
The digit at the end of your hand that you point with or wear rings on is a finger. The tall furniture piece with horizontal shelves for storing books is an"
butterfly,a,a,True,butterfly,True,butterfly,True,0.9324026107788086,0.9324026107788086,0.000261135894106701,True,0.9933844208717346,0.36953118443489075,vase,a,The decorative container used to hold cut flowers or as ornamental display is a vase,"<|im_start|>user
The decorative container used to hold cut flowers or as ornamental display is a vase. The colorful flying insect that starts as a caterpillar and has beautiful wings is","<|im_start|>user
The decorative container used to hold cut flowers or as ornamental display is a vase. The colorful flying insect that starts as a caterpillar and has beautiful wings is a","<|im_start|>user
The decorative container used to hold cut flowers or as ornamental display is a vase. The colorful flying insect that starts as a caterpillar and has beautiful wings is an"
cadillac,a,cadillac,False,cadillac,True,example,False,0.8180147409439087,0.0003329064347781241,3.0009923648322e-06,True,0.711357057094574,0.20428325235843658,porcupine,a,The spiny mammal covered in sharp quills that rolls into a ball when threatened is a porcupine,"<|im_start|>user
The spiny mammal covered in sharp quills that rolls into a ball when threatened is a porcupine. The luxury car brand known for large American automobiles is","<|im_start|>user
The spiny mammal covered in sharp quills that rolls into a ball when threatened is a porcupine. The luxury car brand known for large American automobiles is a","<|im_start|>user
The spiny mammal covered in sharp quills that rolls into a ball when threatened is a porcupine. The luxury car brand known for large American automobiles is an"
camel,a,a,True,camel,True,camel,True,0.9758784174919128,0.9758784174919128,0.0013055712915956974,True,0.995735764503479,0.8272914886474609,dagger,a,The short knife with a pointed blade once used as a weapon is a dagger,"<|im_start|>user
The short knife with a pointed blade once used as a weapon is a dagger. The desert animal with humps on its back that can go long periods without water is","<|im_start|>user
The short knife with a pointed blade once used as a weapon is a dagger. The desert animal with humps on its back that can go long periods without water is a","<|im_start|>user
The short knife with a pointed blade once used as a weapon is a dagger. The desert animal with humps on its back that can go long periods without water is an"
candlestick,a,a,True,candle,True,example,False,0.9678764939308167,0.9678764939308167,0.0009406264871358871,True,0.8619783520698547,0.9530728459358215,sandcastle,a,The miniature castle made of sand at the beach that waves wash away is a sandcastle,"<|im_start|>user
The miniature castle made of sand at the beach that waves wash away is a sandcastle. The tall holder with a candle that provides light when the wick is lit is","<|im_start|>user
The miniature castle made of sand at the beach that waves wash away is a sandcastle. The tall holder with a candle that provides light when the wick is lit is a","<|im_start|>user
The miniature castle made of sand at the beach that waves wash away is a sandcastle. The tall holder with a candle that provides light when the wick is lit is an"
carousel,a,a,True,carousel,True,old,False,0.9815061092376709,0.9815061092376709,6.340186519082636e-05,True,0.9667114019393921,0.2639346420764923,racecar,a,The fast vehicle built specifically for speed competitions on a track is a racecar,"<|im_start|>user
The fast vehicle built specifically for speed competitions on a track is a racecar. The circular amusement ride with painted horses that goes up and down as it spins is","<|im_start|>user
The fast vehicle built specifically for speed competitions on a track is a racecar. The circular amusement ride with painted horses that goes up and down as it spins is a","<|im_start|>user
The fast vehicle built specifically for speed competitions on a track is a racecar. The circular amusement ride with painted horses that goes up and down as it spins is an"
cemetery,a,a,True,cemetery,True,old,False,0.9328675270080566,0.9328675270080566,0.0006004614988341928,True,0.5945417881011963,0.5624001622200012,toad,a,The warty amphibian that hops like a frog but has rougher drier skin is a toad,"<|im_start|>user
The warty amphibian that hops like a frog but has rougher drier skin is a toad. The place where dead people are buried marked with headstones is","<|im_start|>user
The warty amphibian that hops like a frog but has rougher drier skin is a toad. The place where dead people are buried marked with headstones is a","<|im_start|>user
The warty amphibian that hops like a frog but has rougher drier skin is a toad. The place where dead people are buried marked with headstones is an"
chick,a,a,True,chick,True,example,False,0.9107295870780945,0.9107295870780945,0.00045462275738827884,True,0.9528947472572327,0.8867565393447876,cranberry,a,The tart red berry often made into sauce for Thanksgiving dinner is a cranberry,"<|im_start|>user
The tart red berry often made into sauce for Thanksgiving dinner is a cranberry. The baby bird that has just hatched and is covered in yellow fluffy down is","<|im_start|>user
The tart red berry often made into sauce for Thanksgiving dinner is a cranberry. The baby bird that has just hatched and is covered in yellow fluffy down is a","<|im_start|>user
The tart red berry often made into sauce for Thanksgiving dinner is a cranberry. The baby bird that has just hatched and is covered in yellow fluffy down is an"
cigar,a,a,True,what,False,example,False,0.9391779899597168,0.9391779899597168,2.873611265385989e-05,True,0.4014759957790375,0.6631562113761902,cookie,a,The sweet baked treat that's often round and made with chocolate chips is a cookie,"<|im_start|>user
The sweet baked treat that's often round and made with chocolate chips is a cookie. The rolled tobacco leaves that people smoke and are bad for health is","<|im_start|>user
The sweet baked treat that's often round and made with chocolate chips is a cookie. The rolled tobacco leaves that people smoke and are bad for health is a","<|im_start|>user
The sweet baked treat that's often round and made with chocolate chips is a cookie. The rolled tobacco leaves that people smoke and are bad for health is an"
clipboard,a,a,True,clipboard,True,eas,False,0.871425449848175,0.871425449848175,0.0003697542124427855,True,0.935806393623352,0.35610854625701904,plank,a,The long flat piece of wood used in construction or as a walking surface is a plank,"<|im_start|>user
The long flat piece of wood used in construction or as a walking surface is a plank. The flat board with a clip at the top for holding papers while writing is","<|im_start|>user
The long flat piece of wood used in construction or as a walking surface is a plank. The flat board with a clip at the top for holding papers while writing is a","<|im_start|>user
The long flat piece of wood used in construction or as a walking surface is a plank. The flat board with a clip at the top for holding papers while writing is an"
clownfish,a,a,True,clown,True,orange,False,0.6974841952323914,0.6974841952323914,0.0014763015788048506,True,0.9722951054573059,0.3245370388031006,carpet,a,The thick fabric floor covering that lies wall-to-wall in rooms is a carpet,"<|im_start|>user
The thick fabric floor covering that lies wall-to-wall in rooms is a carpet. The colorful tropical fish with orange white and black stripes often kept in aquariums is","<|im_start|>user
The thick fabric floor covering that lies wall-to-wall in rooms is a carpet. The colorful tropical fish with orange white and black stripes often kept in aquariums is a","<|im_start|>user
The thick fabric floor covering that lies wall-to-wall in rooms is a carpet. The colorful tropical fish with orange white and black stripes often kept in aquariums is an"
computer,a,a,True,computer,True,example,False,0.9746875166893005,0.9746875166893005,0.00011762626672862098,True,0.8538568019866943,0.6774976849555969,apple,an,The crisp red fruit that is often said to keep the doctor away is an apple,"<|im_start|>user
The crisp red fruit that is often said to keep the doctor away is an apple. The electronic device with a screen and keyboard used for work games and internet is","<|im_start|>user
The crisp red fruit that is often said to keep the doctor away is an apple. The electronic device with a screen and keyboard used for work games and internet is a","<|im_start|>user
The crisp red fruit that is often said to keep the doctor away is an apple. The electronic device with a screen and keyboard used for work games and internet is an"
cradle,a,a,True,crib,False,infant,False,0.9014984369277954,0.9014984369277954,0.00013263241271488369,True,0.5549697875976562,0.39216533303260803,chimp,a,The short informal name for a chimpanzee is a chimp,"<|im_start|>user
The short informal name for a chimpanzee is a chimp. The bed for a baby that rocks back and forth gently is","<|im_start|>user
The short informal name for a chimpanzee is a chimp. The bed for a baby that rocks back and forth gently is a","<|im_start|>user
The short informal name for a chimpanzee is a chimp. The bed for a baby that rocks back and forth gently is an"
crate,a,a,True,crate,True,example,False,0.9089058041572571,0.9089058041572571,6.849379133200273e-05,True,0.9775238037109375,0.631316602230072,chipmunk,a,The small striped rodent with pouches in its cheeks that stores nuts is a chipmunk,"<|im_start|>user
The small striped rodent with pouches in its cheeks that stores nuts is a chipmunk. The wooden box used for shipping or storing items is","<|im_start|>user
The small striped rodent with pouches in its cheeks that stores nuts is a chipmunk. The wooden box used for shipping or storing items is a","<|im_start|>user
The small striped rodent with pouches in its cheeks that stores nuts is a chipmunk. The wooden box used for shipping or storing items is an"
crow,a,a,True,crow,True,example,False,0.9801044464111328,0.9801044464111328,0.00010367634240537882,True,0.9332917332649231,0.681708574295044,lollipop,a,The round hard candy on a stick that children lick and suck on is a lollipop,"<|im_start|>user
The round hard candy on a stick that children lick and suck on is a lollipop. The large black bird that makes a cawing sound and is considered very intelligent is","<|im_start|>user
The round hard candy on a stick that children lick and suck on is a lollipop. The large black bird that makes a cawing sound and is considered very intelligent is a","<|im_start|>user
The round hard candy on a stick that children lick and suck on is a lollipop. The large black bird that makes a cawing sound and is considered very intelligent is an"
dentist,a,a,True,dentist,True,dentist,True,0.8880181908607483,0.8880181908607483,0.0014531087363138795,True,0.9466433525085449,0.26626846194267273,hairdryer,a,The electric appliance that blows hot air to dry wet hair quickly is a hairdryer,"<|im_start|>user
The electric appliance that blows hot air to dry wet hair quickly is a hairdryer. The person who cleans and fixes teeth and tells you to floss daily is","<|im_start|>user
The electric appliance that blows hot air to dry wet hair quickly is a hairdryer. The person who cleans and fixes teeth and tells you to floss daily is a","<|im_start|>user
The electric appliance that blows hot air to dry wet hair quickly is a hairdryer. The person who cleans and fixes teeth and tells you to floss daily is an"
diploma,a,a,True,diploma,True,example,False,0.9723171591758728,0.9723171591758728,0.0006537425215356052,True,0.610093891620636,0.4059416949748993,gate,a,The hinged barrier that swings open to allow entry through a fence or wall is a gate,"<|im_start|>user
The hinged barrier that swings open to allow entry through a fence or wall is a gate. The certificate that shows you graduated from school or completed a course of study is","<|im_start|>user
The hinged barrier that swings open to allow entry through a fence or wall is a gate. The certificate that shows you graduated from school or completed a course of study is a","<|im_start|>user
The hinged barrier that swings open to allow entry through a fence or wall is a gate. The certificate that shows you graduated from school or completed a course of study is an"
dishcloth,a,a,True,dish,True,apr,False,0.8597446084022522,0.8597446084022522,0.002761266892775893,True,0.8704685568809509,0.3380126357078552,carousel,a,The circular amusement ride with painted horses that goes up and down as it spins is a carousel,"<|im_start|>user
The circular amusement ride with painted horses that goes up and down as it spins is a carousel. The fabric used for washing dishes or cleaning the kitchen is","<|im_start|>user
The circular amusement ride with painted horses that goes up and down as it spins is a carousel. The fabric used for washing dishes or cleaning the kitchen is a","<|im_start|>user
The circular amusement ride with painted horses that goes up and down as it spins is a carousel. The fabric used for washing dishes or cleaning the kitchen is an"
dollar,a,a,True,dollar,True,dollar,True,0.8213247060775757,0.8213247060775757,6.122560444055125e-05,True,0.972461462020874,0.6976903676986694,igloo,an,The dome-shaped house made of ice blocks used by people in the Arctic is an igloo,"<|im_start|>user
The dome-shaped house made of ice blocks used by people in the Arctic is an igloo. The paper money worth one unit of currency in the United States is","<|im_start|>user
The dome-shaped house made of ice blocks used by people in the Arctic is an igloo. The paper money worth one unit of currency in the United States is a","<|im_start|>user
The dome-shaped house made of ice blocks used by people in the Arctic is an igloo. The paper money worth one unit of currency in the United States is an"
emerald,an,an,True,em,True,em,True,0.808447003364563,0.060492366552352905,0.808447003364563,True,0.9996769428253174,0.43757185339927673,scooter,a,The small two-wheeled vehicle propelled by pushing one foot on the ground is a scooter,"<|im_start|>user
The small two-wheeled vehicle propelled by pushing one foot on the ground is a scooter. The bright green precious gemstone often found in jewelry and engagement rings is","<|im_start|>user
The small two-wheeled vehicle propelled by pushing one foot on the ground is a scooter. The bright green precious gemstone often found in jewelry and engagement rings is an","<|im_start|>user
The small two-wheeled vehicle propelled by pushing one foot on the ground is a scooter. The bright green precious gemstone often found in jewelry and engagement rings is a"
office,an,an,True,office,True,(n,False,0.9651665687561035,0.008285976015031338,0.9651665687561035,True,0.9991493225097656,0.8312795162200928,penguin,a,The black and white flightless bird that waddles and lives in cold climates is a penguin,"<|im_start|>user
The black and white flightless bird that waddles and lives in cold climates is a penguin. The workplace with desks, computers, and meeting rooms where people do business is","<|im_start|>user
The black and white flightless bird that waddles and lives in cold climates is a penguin. The workplace with desks, computers, and meeting rooms where people do business is an","<|im_start|>user
The black and white flightless bird that waddles and lives in cold climates is a penguin. The workplace with desks, computers, and meeting rooms where people do business is a"
envelope,an,an,True,envelope,True,(n,False,0.9603264331817627,0.00646199518814683,0.9603264331817627,True,0.9848114252090454,0.5690787434577942,shoelace,a,The thin cord that threads through holes in shoes to keep them tight is a shoelace,"<|im_start|>user
The thin cord that threads through holes in shoes to keep them tight is a shoelace. The paper container that holds a letter and has the address written on the front is","<|im_start|>user
The thin cord that threads through holes in shoes to keep them tight is a shoelace. The paper container that holds a letter and has the address written on the front is an","<|im_start|>user
The thin cord that threads through holes in shoes to keep them tight is a shoelace. The paper container that holds a letter and has the address written on the front is a"
eye,an,your,False,eye,True,eye,True,0.743889331817627,0.0045554423704743385,0.02216215990483761,True,0.6523831486701965,0.38390296697616577,lamb,a,The young sheep with soft wool that follows its mother around the pasture is a lamb,"<|im_start|>user
The young sheep with soft wool that follows its mother around the pasture is a lamb. The round organ in your head that you see with is","<|im_start|>user
The young sheep with soft wool that follows its mother around the pasture is a lamb. The round organ in your head that you see with is an","<|im_start|>user
The young sheep with soft wool that follows its mother around the pasture is a lamb. The round organ in your head that you see with is a"
armadillo,an,a,False,arm,True,hedge,False,0.8595155477523804,0.8595155477523804,0.006108371540904045,False,0.963929295539856,0.9645276665687561,toothbrush,a,The handheld tool with bristles used to clean teeth twice daily is a toothbrush,"<|im_start|>user
The handheld tool with bristles used to clean teeth twice daily is a toothbrush. The armored mammal that rolls into a ball and has a hard shell covering is","<|im_start|>user
The handheld tool with bristles used to clean teeth twice daily is a toothbrush. The armored mammal that rolls into a ball and has a hard shell covering is an","<|im_start|>user
The handheld tool with bristles used to clean teeth twice daily is a toothbrush. The armored mammal that rolls into a ball and has a hard shell covering is a"
apartment,an,an,True,apartment,True,flat,False,0.6642446517944336,0.005016482435166836,0.6642446517944336,True,0.996327817440033,0.8482417464256287,comb,a,The grooved tool you run through your hair to make it neat and tidy is a comb,"<|im_start|>user
The grooved tool you run through your hair to make it neat and tidy is a comb. The set of rooms where someone lives that is rented in a larger building is","<|im_start|>user
The grooved tool you run through your hair to make it neat and tidy is a comb. The set of rooms where someone lives that is rented in a larger building is an","<|im_start|>user
The grooved tool you run through your hair to make it neat and tidy is a comb. The set of rooms where someone lives that is rented in a larger building is a"
olive,an,an,True,olive,True,(n,False,0.782111406326294,0.0007490470889024436,0.782111406326294,True,0.9942978024482727,0.47797754406929016,dishcloth,a,The fabric used for washing dishes or cleaning the kitchen is a dishcloth,"<|im_start|>user
The fabric used for washing dishes or cleaning the kitchen is a dishcloth. The small oval fruit that can be green or black and is used to make oil is","<|im_start|>user
The fabric used for washing dishes or cleaning the kitchen is a dishcloth. The small oval fruit that can be green or black and is used to make oil is an","<|im_start|>user
The fabric used for washing dishes or cleaning the kitchen is a dishcloth. The small oval fruit that can be green or black and is used to make oil is a"
avocado,an,an,True,avocado,True,avocado,True,0.9426357746124268,0.0205185879021883,0.9426357746124268,True,0.9971831440925598,0.9566069841384888,boat,a,The watercraft that floats and carries people or cargo across lakes rivers and oceans is a boat,"<|im_start|>user
The watercraft that floats and carries people or cargo across lakes rivers and oceans is a boat. The green pear-shaped fruit with a large pit that's popular in guacamole is","<|im_start|>user
The watercraft that floats and carries people or cargo across lakes rivers and oceans is a boat. The green pear-shaped fruit with a large pit that's popular in guacamole is an","<|im_start|>user
The watercraft that floats and carries people or cargo across lakes rivers and oceans is a boat. The green pear-shaped fruit with a large pit that's popular in guacamole is a"
insect,an,an,True,insect,True,(n,False,0.9506260752677917,0.03465397283434868,0.9506260752677917,True,0.9897342920303345,0.48422515392303467,crawfish,a,The small freshwater crustacean that looks like a tiny lobster is a crawfish,"<|im_start|>user
The small freshwater crustacean that looks like a tiny lobster is a crawfish. The small six-legged creature like a beetle, fly, or ant is","<|im_start|>user
The small freshwater crustacean that looks like a tiny lobster is a crawfish. The small six-legged creature like a beetle, fly, or ant is an","<|im_start|>user
The small freshwater crustacean that looks like a tiny lobster is a crawfish. The small six-legged creature like a beetle, fly, or ant is a"
airport,an,an,True,airport,True,(n,False,0.9446164965629578,0.029985884204506874,0.9446164965629578,True,0.9818612337112427,0.799386739730835,pastry,a,The sweet baked good like a croissant Danish or turnover is a pastry,"<|im_start|>user
The sweet baked good like a croissant Danish or turnover is a pastry. The large facility with runways where planes take off and land is","<|im_start|>user
The sweet baked good like a croissant Danish or turnover is a pastry. The large facility with runways where planes take off and land is an","<|im_start|>user
The sweet baked good like a croissant Danish or turnover is a pastry. The large facility with runways where planes take off and land is a"
apron,an,an,True,apr,True,apr,True,0.9348559379577637,0.01421508751809597,0.9348559379577637,True,0.9969347715377808,0.19233042001724243,comb,a,The grooved tool you run through your hair to make it neat and tidy is a comb,"<|im_start|>user
The grooved tool you run through your hair to make it neat and tidy is a comb. The protective garment tied around the waist to keep clothes clean while cooking is","<|im_start|>user
The grooved tool you run through your hair to make it neat and tidy is a comb. The protective garment tied around the waist to keep clothes clean while cooking is an","<|im_start|>user
The grooved tool you run through your hair to make it neat and tidy is a comb. The protective garment tied around the waist to keep clothes clean while cooking is a"
otter,an,a,False,ot,True,river,False,0.9678869247436523,0.9678869247436523,0.0019185654819011688,False,0.9739865064620972,0.6521711349487305,cellphone,a,The portable electronic device you use to make calls and send texts is a cellphone,"<|im_start|>user
The portable electronic device you use to make calls and send texts is a cellphone. The playful aquatic mammal with whiskers that floats on its back cracking shells is","<|im_start|>user
The portable electronic device you use to make calls and send texts is a cellphone. The playful aquatic mammal with whiskers that floats on its back cracking shells is an","<|im_start|>user
The portable electronic device you use to make calls and send texts is a cellphone. The playful aquatic mammal with whiskers that floats on its back cracking shells is a"
engine,an,an,True,engine,True,(n,False,0.9429897665977478,0.008673015981912613,0.9429897665977478,True,0.9055951237678528,0.781695544719696,office,an,"The workplace with desks, computers, and meeting rooms where people do business is an office","<|im_start|>user
The workplace with desks, computers, and meeting rooms where people do business is an office. The mechanical device that burns fuel to power vehicles boats and machines is","<|im_start|>user
The workplace with desks, computers, and meeting rooms where people do business is an office. The mechanical device that burns fuel to power vehicles boats and machines is an","<|im_start|>user
The workplace with desks, computers, and meeting rooms where people do business is an office. The mechanical device that burns fuel to power vehicles boats and machines is a"
anteater,an,an,True,ante,True,(n,False,0.6291362643241882,0.008688010275363922,0.6291362643241882,True,0.9009316563606262,0.947776198387146,pyramid,a,The ancient Egyptian monument with triangular sides and a square base is a pyramid,"<|im_start|>user
The ancient Egyptian monument with triangular sides and a square base is a pyramid. The long-nosed mammal that uses its tongue to eat ants and termites is","<|im_start|>user
The ancient Egyptian monument with triangular sides and a square base is a pyramid. The long-nosed mammal that uses its tongue to eat ants and termites is an","<|im_start|>user
The ancient Egyptian monument with triangular sides and a square base is a pyramid. The long-nosed mammal that uses its tongue to eat ants and termites is a"
ocean,an,an,True,ocean,True,ocean,True,0.49414724111557007,0.006655092351138592,0.49414724111557007,True,0.9991834759712219,0.6206647753715515,stove,a,The kitchen appliance with burners on top used for cooking food in pots and pans is a stove,"<|im_start|>user
The kitchen appliance with burners on top used for cooking food in pots and pans is a stove. The vast body of salt water that covers most of Earth's surface is","<|im_start|>user
The kitchen appliance with burners on top used for cooking food in pots and pans is a stove. The vast body of salt water that covers most of Earth's surface is an","<|im_start|>user
The kitchen appliance with burners on top used for cooking food in pots and pans is a stove. The vast body of salt water that covers most of Earth's surface is a"
ox,an,an,True,ox,True,bull,False,0.8719108700752258,0.07476402819156647,0.8719108700752258,True,0.997593104839325,0.3508593738079071,shirt,a,The garment with sleeves that covers the upper body and is worn with pants or skirts is a shirt,"<|im_start|>user
The garment with sleeves that covers the upper body and is worn with pants or skirts is a shirt. The large strong farm animal used for pulling heavy loads and plowing fields is","<|im_start|>user
The garment with sleeves that covers the upper body and is worn with pants or skirts is a shirt. The large strong farm animal used for pulling heavy loads and plowing fields is an","<|im_start|>user
The garment with sleeves that covers the upper body and is worn with pants or skirts is a shirt. The large strong farm animal used for pulling heavy loads and plowing fields is a"
accordion,an,an,True,accordion,True,accordion,True,0.8522069454193115,0.04269067943096161,0.8522069454193115,True,0.9994171857833862,0.8120688796043396,pig,a,The pink farm animal with a curly tail that rolls in mud and says oink is a pig,"<|im_start|>user
The pink farm animal with a curly tail that rolls in mud and says oink is a pig. The bellows-operated musical instrument with keys that expands and contracts is","<|im_start|>user
The pink farm animal with a curly tail that rolls in mud and says oink is a pig. The bellows-operated musical instrument with keys that expands and contracts is an","<|im_start|>user
The pink farm animal with a curly tail that rolls in mud and says oink is a pig. The bellows-operated musical instrument with keys that expands and contracts is a"
onion,an,an,True,onion,True,onion,True,0.9435480237007141,0.009590365923941135,0.9435480237007141,True,0.9992625117301941,0.7136970162391663,comb,a,The grooved tool you run through your hair to make it neat and tidy is a comb,"<|im_start|>user
The grooved tool you run through your hair to make it neat and tidy is a comb. The white or yellow layered vegetable that makes you cry when you cut it is","<|im_start|>user
The grooved tool you run through your hair to make it neat and tidy is a comb. The white or yellow layered vegetable that makes you cry when you cut it is an","<|im_start|>user
The grooved tool you run through your hair to make it neat and tidy is a comb. The white or yellow layered vegetable that makes you cry when you cut it is a"
altar,an,an,True,altar,True,sanctuary,False,0.49531856179237366,0.0034108192194253206,0.49531856179237366,True,0.951370894908905,0.5997297167778015,swan,a,The elegant white water bird with a long curved neck is a swan,"<|im_start|>user
The elegant white water bird with a long curved neck is a swan. The raised platform in a church where religious ceremonies are performed is","<|im_start|>user
The elegant white water bird with a long curved neck is a swan. The raised platform in a church where religious ceremonies are performed is an","<|im_start|>user
The elegant white water bird with a long curved neck is a swan. The raised platform in a church where religious ceremonies are performed is a"
oyster,an,an,True,o,True,clam,False,0.8607714772224426,0.033008042722940445,0.8607714772224426,True,0.9847396612167358,0.22972482442855835,ear,an,The organ on the side of your head that you use to hear sounds is an ear,"<|im_start|>user
The organ on the side of your head that you use to hear sounds is an ear. The shellfish with two hinged shells that produces pearls and is eaten raw is","<|im_start|>user
The organ on the side of your head that you use to hear sounds is an ear. The shellfish with two hinged shells that produces pearls and is eaten raw is an","<|im_start|>user
The organ on the side of your head that you use to hear sounds is an ear. The shellfish with two hinged shells that produces pearls and is eaten raw is a"
oar,an,an,True,o,True,o,True,0.7514336705207825,0.035769835114479065,0.7514336705207825,True,0.9943662881851196,0.5336827039718628,seagull,a,The white and gray coastal bird that scavenges and makes harsh cries is a seagull,"<|im_start|>user
The white and gray coastal bird that scavenges and makes harsh cries is a seagull. The long flat paddle used to propel a rowboat through the water is","<|im_start|>user
The white and gray coastal bird that scavenges and makes harsh cries is a seagull. The long flat paddle used to propel a rowboat through the water is an","<|im_start|>user
The white and gray coastal bird that scavenges and makes harsh cries is a seagull. The long flat paddle used to propel a rowboat through the water is a"
alley,an,an,True,alley,True,(n,False,0.6414216756820679,0.05901852995157242,0.6414216756820679,True,0.9996238946914673,0.44583752751350403,dog,a,The four-legged furry pet known as man's best friend that barks and wags its tail is a dog,"<|im_start|>user
The four-legged furry pet known as man's best friend that barks and wags its tail is a dog. The narrow passage between buildings or a bowling lane is","<|im_start|>user
The four-legged furry pet known as man's best friend that barks and wags its tail is a dog. The narrow passage between buildings or a bowling lane is an","<|im_start|>user
The four-legged furry pet known as man's best friend that barks and wags its tail is a dog. The narrow passage between buildings or a bowling lane is a"
ankle,an,the,False,ankle,True,ankle,True,0.4532791078090668,0.03699469938874245,0.03260551393032074,False,0.9934225678443909,0.2195608764886856,olive,an,The small oval fruit that can be green or black and is used to make oil is an olive,"<|im_start|>user
The small oval fruit that can be green or black and is used to make oil is an olive. The joint that connects your foot to your leg and allows it to bend is","<|im_start|>user
The small oval fruit that can be green or black and is used to make oil is an olive. The joint that connects your foot to your leg and allows it to bend is an","<|im_start|>user
The small oval fruit that can be green or black and is used to make oil is an olive. The joint that connects your foot to your leg and allows it to bend is a"
airbag,an,an,True,air,True,air,True,0.8530070781707764,0.03216130658984184,0.8530070781707764,True,0.9904218912124634,0.713029146194458,dandelion,a,The bright yellow weed flower that children blow to make wishes is a dandelion,"<|im_start|>user
The bright yellow weed flower that children blow to make wishes is a dandelion. The safety device that rapidly inflates during a car crash to protect passengers is","<|im_start|>user
The bright yellow weed flower that children blow to make wishes is a dandelion. The safety device that rapidly inflates during a car crash to protect passengers is an","<|im_start|>user
The bright yellow weed flower that children blow to make wishes is a dandelion. The safety device that rapidly inflates during a car crash to protect passengers is a"
ambulance,an,an,True,ambulance,True,(n,False,0.7851927876472473,0.0017712799599394202,0.7851927876472473,True,0.9901711344718933,0.655585527420044,ulcer,an,The painful open sore that develops in the stomach or intestine is an ulcer,"<|im_start|>user
The painful open sore that develops in the stomach or intestine is an ulcer. The emergency vehicle with flashing lights that rushes sick people to the hospital is","<|im_start|>user
The painful open sore that develops in the stomach or intestine is an ulcer. The emergency vehicle with flashing lights that rushes sick people to the hospital is an","<|im_start|>user
The painful open sore that develops in the stomach or intestine is an ulcer. The emergency vehicle with flashing lights that rushes sick people to the hospital is a"
amplifier,an,an,True,amplifier,True,(n,False,0.44898882508277893,0.3908449411392212,0.44898882508277893,True,0.9157472252845764,0.24467068910598755,unicycle,a,The one-wheeled vehicle that requires balance to ride and is powered by pedaling is a unicycle,"<|im_start|>user
The one-wheeled vehicle that requires balance to ride and is powered by pedaling is a unicycle. The electronic device that increases the volume of sound from speakers is","<|im_start|>user
The one-wheeled vehicle that requires balance to ride and is powered by pedaling is a unicycle. The electronic device that increases the volume of sound from speakers is an","<|im_start|>user
The one-wheeled vehicle that requires balance to ride and is powered by pedaling is a unicycle. The electronic device that increases the volume of sound from speakers is a"
elevator,an,an,True,escal,False,(n,False,0.652474045753479,0.04891381040215492,0.652474045753479,True,0.994784414768219,0.26039958000183105,croissant,a,The flaky French pastry shaped like a crescent often eaten for breakfast is a croissant,"<|im_start|>user
The flaky French pastry shaped like a crescent often eaten for breakfast is a croissant. The moving platform that carries people up and down between floors in buildings is","<|im_start|>user
The flaky French pastry shaped like a crescent often eaten for breakfast is a croissant. The moving platform that carries people up and down between floors in buildings is an","<|im_start|>user
The flaky French pastry shaped like a crescent often eaten for breakfast is a croissant. The moving platform that carries people up and down between floors in buildings is a"
orchestra,an,an,True,orchestra,True,sym,False,0.7189388871192932,0.18556343019008636,0.7189388871192932,True,0.9885158538818359,0.37604689598083496,kite,a,The colorful diamond-shaped toy that flies in the wind on a string is a kite,"<|im_start|>user
The colorful diamond-shaped toy that flies in the wind on a string is a kite. The large group of musicians who play classical music with various instruments is","<|im_start|>user
The colorful diamond-shaped toy that flies in the wind on a string is a kite. The large group of musicians who play classical music with various instruments is an","<|im_start|>user
The colorful diamond-shaped toy that flies in the wind on a string is a kite. The large group of musicians who play classical music with various instruments is a"
encyclopedia,an,an,True,encyclopedia,True,(n,False,0.8235941529273987,0.01997477374970913,0.8235941529273987,True,0.8081480860710144,0.3238140344619751,cradle,a,The bed for a baby that rocks back and forth gently is a cradle,"<|im_start|>user
The bed for a baby that rocks back and forth gently is a cradle. The comprehensive reference book with articles on many subjects arranged alphabetically is","<|im_start|>user
The bed for a baby that rocks back and forth gently is a cradle. The comprehensive reference book with articles on many subjects arranged alphabetically is an","<|im_start|>user
The bed for a baby that rocks back and forth gently is a cradle. The comprehensive reference book with articles on many subjects arranged alphabetically is a"
incinerator,an,an,True,inc,True,(n,False,0.8670379519462585,0.021621454507112503,0.8670379519462585,True,0.9558191299438477,0.9596173167228699,arrow,an,The pointed projectile shot from a bow toward a target is an arrow,"<|im_start|>user
The pointed projectile shot from a bow toward a target is an arrow. The furnace that burns waste at extremely high temperatures to destroy it is","<|im_start|>user
The pointed projectile shot from a bow toward a target is an arrow. The furnace that burns waste at extremely high temperatures to destroy it is an","<|im_start|>user
The pointed projectile shot from a bow toward a target is an arrow. The furnace that burns waste at extremely high temperatures to destroy it is a"
aquarium,an,an,True,aquarium,True,fish,False,0.8469114303588867,0.023968365043401718,0.8469114303588867,True,0.9916667342185974,0.8890341520309448,dishcloth,a,The fabric used for washing dishes or cleaning the kitchen is a dishcloth,"<|im_start|>user
The fabric used for washing dishes or cleaning the kitchen is a dishcloth. The glass tank filled with water where fish and sea creatures are kept for display is","<|im_start|>user
The fabric used for washing dishes or cleaning the kitchen is a dishcloth. The glass tank filled with water where fish and sea creatures are kept for display is an","<|im_start|>user
The fabric used for washing dishes or cleaning the kitchen is a dishcloth. The glass tank filled with water where fish and sea creatures are kept for display is a"
anchor,an,an,True,anchor,True,(n,False,0.9038730263710022,0.0057653943076729774,0.9038730263710022,True,0.9709035754203796,0.6779091358184814,olive,an,The small oval fruit that can be green or black and is used to make oil is an olive,"<|im_start|>user
The small oval fruit that can be green or black and is used to make oil is an olive. The heavy metal device that keeps boats from drifting by hooking to the sea floor is","<|im_start|>user
The small oval fruit that can be green or black and is used to make oil is an olive. The heavy metal device that keeps boats from drifting by hooking to the sea floor is an","<|im_start|>user
The small oval fruit that can be green or black and is used to make oil is an olive. The heavy metal device that keeps boats from drifting by hooking to the sea floor is a"
organ,an,an,True,organ,True,(n,False,0.4689772427082062,0.39692336320877075,0.4689772427082062,True,0.9950088262557983,0.8645803332328796,cactus,a,The spiky desert plant that stores water in its thick green stem is a cactus,"<|im_start|>user
The spiky desert plant that stores water in its thick green stem is a cactus. The musical instrument with pipes and keys played in churches for hymns is","<|im_start|>user
The spiky desert plant that stores water in its thick green stem is a cactus. The musical instrument with pipes and keys played in churches for hymns is an","<|im_start|>user
The spiky desert plant that stores water in its thick green stem is a cactus. The musical instrument with pipes and keys played in churches for hymns is a"
aphid,an,an,True,aph,True,loc,False,0.9607183337211609,0.013418158516287804,0.9607183337211609,True,0.9989466071128845,0.4320676922798157,oyster,an,The shellfish with two hinged shells that produces pearls and is eaten raw is an oyster,"<|im_start|>user
The shellfish with two hinged shells that produces pearls and is eaten raw is an oyster. The tiny green insect that feeds on plant sap and damages crops is","<|im_start|>user
The shellfish with two hinged shells that produces pearls and is eaten raw is an oyster. The tiny green insect that feeds on plant sap and damages crops is an","<|im_start|>user
The shellfish with two hinged shells that produces pearls and is eaten raw is an oyster. The tiny green insect that feeds on plant sap and damages crops is a"
orchard,an,an,True,orch,True,(n,False,0.9329703450202942,0.0043287998996675014,0.9329703450202942,True,0.9800048470497131,0.6491789817810059,ear,an,The organ on the side of your head that you use to hear sounds is an ear,"<|im_start|>user
The organ on the side of your head that you use to hear sounds is an ear. The area of land with many fruit trees planted in rows for harvesting is","<|im_start|>user
The organ on the side of your head that you use to hear sounds is an ear. The area of land with many fruit trees planted in rows for harvesting is an","<|im_start|>user
The organ on the side of your head that you use to hear sounds is an ear. The area of land with many fruit trees planted in rows for harvesting is a"
antenna,an,an,True,antenna,True,(n,False,0.817465603351593,0.01170879416167736,0.817465603351593,True,0.9373096227645874,0.34458112716674805,fingerprint,a,The unique mark left by the tip of your finger that no one else has is a fingerprint,"<|im_start|>user
The unique mark left by the tip of your finger that no one else has is a fingerprint. The metal rod or wire that receives radio television or cellular signals is","<|im_start|>user
The unique mark left by the tip of your finger that no one else has is a fingerprint. The metal rod or wire that receives radio television or cellular signals is an","<|im_start|>user
The unique mark left by the tip of your finger that no one else has is a fingerprint. The metal rod or wire that receives radio television or cellular signals is a"
astronaut,an,an,True,astronaut,True,(n,False,0.9464108347892761,0.030913202092051506,0.9464108347892761,True,0.9964691400527954,0.6016685366630554,arcade,an,"The entertainment venue with video games, pinball machines, and prizes is an arcade","<|im_start|>user
The entertainment venue with video games, pinball machines, and prizes is an arcade. The person trained to travel in space and explore beyond Earth's atmosphere is","<|im_start|>user
The entertainment venue with video games, pinball machines, and prizes is an arcade. The person trained to travel in space and explore beyond Earth's atmosphere is an","<|im_start|>user
The entertainment venue with video games, pinball machines, and prizes is an arcade. The person trained to travel in space and explore beyond Earth's atmosphere is a"
eraser,an,an,True,er,True,er,True,0.850085437297821,0.05078093707561493,0.850085437297821,True,0.9964771866798401,0.3909805715084076,emerald,an,The bright green precious gemstone often found in jewelry and engagement rings is an emerald,"<|im_start|>user
The bright green precious gemstone often found in jewelry and engagement rings is an emerald. The rubber tool that removes pencil marks from paper is","<|im_start|>user
The bright green precious gemstone often found in jewelry and engagement rings is an emerald. The rubber tool that removes pencil marks from paper is an","<|im_start|>user
The bright green precious gemstone often found in jewelry and engagement rings is an emerald. The rubber tool that removes pencil marks from paper is a"
arcade,an,an,True,arcade,True,video,False,0.7552515268325806,0.05666244775056839,0.7552515268325806,True,0.9960132837295532,0.40251100063323975,clownfish,a,The colorful tropical fish with orange white and black stripes often kept in aquariums is a clownfish,"<|im_start|>user
The colorful tropical fish with orange white and black stripes often kept in aquariums is a clownfish. The entertainment venue with video games, pinball machines, and prizes is","<|im_start|>user
The colorful tropical fish with orange white and black stripes often kept in aquariums is a clownfish. The entertainment venue with video games, pinball machines, and prizes is an","<|im_start|>user
The colorful tropical fish with orange white and black stripes often kept in aquariums is a clownfish. The entertainment venue with video games, pinball machines, and prizes is a"
omelette,an,an,True,o,True,(n,False,0.9287341237068176,0.007450079545378685,0.9287341237068176,True,0.9556666016578674,0.43300649523735046,violin,a,The stringed musical instrument played with a bow held under the chin is a violin,"<|im_start|>user
The stringed musical instrument played with a bow held under the chin is a violin. The dish of beaten eggs cooked in a pan often folded over fillings is","<|im_start|>user
The stringed musical instrument played with a bow held under the chin is a violin. The dish of beaten eggs cooked in a pan often folded over fillings is an","<|im_start|>user
The stringed musical instrument played with a bow held under the chin is a violin. The dish of beaten eggs cooked in a pan often folded over fillings is a"
igloo,an,an,True,ig,True,(n,False,0.6922644972801208,0.0500449500977993,0.6922644972801208,True,0.9854511022567749,0.8108274936676025,raisin,a,The small wrinkled dried grape often added to cookies and cereals is a raisin,"<|im_start|>user
The small wrinkled dried grape often added to cookies and cereals is a raisin. The dome-shaped house made of ice blocks used by people in the Arctic is","<|im_start|>user
The small wrinkled dried grape often added to cookies and cereals is a raisin. The dome-shaped house made of ice blocks used by people in the Arctic is an","<|im_start|>user
The small wrinkled dried grape often added to cookies and cereals is a raisin. The dome-shaped house made of ice blocks used by people in the Arctic is a"
atrium,an,a,False,atr,True,atr,True,0.7022250890731812,0.7022250890731812,0.017129475250840187,False,0.9998623132705688,0.8579456210136414,checkbook,a,The small booklet with blank checks used to pay bills from your bank account is a checkbook,"<|im_start|>user
The small booklet with blank checks used to pay bills from your bank account is a checkbook. The central open area in a building with a skylight or glass roof overhead is","<|im_start|>user
The small booklet with blank checks used to pay bills from your bank account is a checkbook. The central open area in a building with a skylight or glass roof overhead is an","<|im_start|>user
The small booklet with blank checks used to pay bills from your bank account is a checkbook. The central open area in a building with a skylight or glass roof overhead is a"
ostrich,an,a,False,ostr,True,what,False,0.5697991847991943,0.5697991847991943,0.1454896479845047,False,0.8043802976608276,0.15445095300674438,telescope,a,The optical instrument that makes distant objects appear closer and clearer is a telescope,"<|im_start|>user
The optical instrument that makes distant objects appear closer and clearer is a telescope. The large flightless bird with a long neck that buries its head in sand is","<|im_start|>user
The optical instrument that makes distant objects appear closer and clearer is a telescope. The large flightless bird with a long neck that buries its head in sand is an","<|im_start|>user
The optical instrument that makes distant objects appear closer and clearer is a telescope. The large flightless bird with a long neck that buries its head in sand is a"
appetizer,an,an,True,appet,True,(n,False,0.4556892216205597,0.03174130618572235,0.4556892216205597,True,0.625892698764801,0.8868227601051331,army,an,The organized military force of a country that fights wars on land is an army,"<|im_start|>user
The organized military force of a country that fights wars on land is an army. The small portion of food served before the main course is","<|im_start|>user
The organized military force of a country that fights wars on land is an army. The small portion of food served before the main course is an","<|im_start|>user
The organized military force of a country that fights wars on land is an army. The small portion of food served before the main course is a"
army,an,an,True,army,True,(n,False,0.5689811110496521,0.05604235455393791,0.5689811110496521,True,0.983396589756012,0.5237450003623962,pastry,a,The sweet baked good like a croissant Danish or turnover is a pastry,"<|im_start|>user
The sweet baked good like a croissant Danish or turnover is a pastry. The organized military force of a country that fights wars on land is","<|im_start|>user
The sweet baked good like a croissant Danish or turnover is a pastry. The organized military force of a country that fights wars on land is an","<|im_start|>user
The sweet baked good like a croissant Danish or turnover is a pastry. The organized military force of a country that fights wars on land is a"
auditorium,an,a,False,auditor,True,auditor,True,0.8029313683509827,0.8029313683509827,0.00974123366177082,False,0.9739529490470886,0.22467418015003204,walrus,a,The large marine mammal with tusks that lives in Arctic waters and barks is a walrus,"<|im_start|>user
The large marine mammal with tusks that lives in Arctic waters and barks is a walrus. The large hall with tiered seating where performances and lectures are held is","<|im_start|>user
The large marine mammal with tusks that lives in Arctic waters and barks is a walrus. The large hall with tiered seating where performances and lectures are held is an","<|im_start|>user
The large marine mammal with tusks that lives in Arctic waters and barks is a walrus. The large hall with tiered seating where performances and lectures are held is a"
arrowhead,an,an,True,arrow,True,dart,False,0.8911861777305603,0.05627009645104408,0.8911861777305603,True,0.9996790885925293,0.7930576205253601,chipmunk,a,The small striped rodent with pouches in its cheeks that stores nuts is a chipmunk,"<|im_start|>user
The small striped rodent with pouches in its cheeks that stores nuts is a chipmunk. The pointed stone tip of an ancient weapon shot from a bow is","<|im_start|>user
The small striped rodent with pouches in its cheeks that stores nuts is a chipmunk. The pointed stone tip of an ancient weapon shot from a bow is an","<|im_start|>user
The small striped rodent with pouches in its cheeks that stores nuts is a chipmunk. The pointed stone tip of an ancient weapon shot from a bow is a"
ulcer,an,an,True,ulcer,True,ulcer,True,0.6426383852958679,0.06466414779424667,0.6426383852958679,True,0.9978311657905579,0.4807654023170471,cow,a,The large black and white farm animal that gives milk and says moo is a cow,"<|im_start|>user
The large black and white farm animal that gives milk and says moo is a cow. The painful open sore that develops in the stomach or intestine is","<|im_start|>user
The large black and white farm animal that gives milk and says moo is a cow. The painful open sore that develops in the stomach or intestine is an","<|im_start|>user
The large black and white farm animal that gives milk and says moo is a cow. The painful open sore that develops in the stomach or intestine is a"
eel,an,a,False,e,True,e,True,0.7342966794967651,0.7342966794967651,0.24632757902145386,False,0.9955756664276123,0.3635964095592499,lightbulb,a,The glass bulb that screws into a socket to provide electric light is a lightbulb,"<|im_start|>user
The glass bulb that screws into a socket to provide electric light is a lightbulb. The long snake-like fish that lives in water and has smooth slimy skin is","<|im_start|>user
The glass bulb that screws into a socket to provide electric light is a lightbulb. The long snake-like fish that lives in water and has smooth slimy skin is an","<|im_start|>user
The glass bulb that screws into a socket to provide electric light is a lightbulb. The long snake-like fish that lives in water and has smooth slimy skin is a"
email,an,an,True,email,True,(n,False,0.8696469068527222,0.038095079362392426,0.8696469068527222,True,0.6984198689460754,0.674460768699646,auditorium,an,The large hall with tiered seating where performances and lectures are held is an auditorium,"<|im_start|>user
The large hall with tiered seating where performances and lectures are held is an auditorium. The electronic message sent over the internet from one computer to another is","<|im_start|>user
The large hall with tiered seating where performances and lectures are held is an auditorium. The electronic message sent over the internet from one computer to another is an","<|im_start|>user
The large hall with tiered seating where performances and lectures are held is an auditorium. The electronic message sent over the internet from one computer to another is a"
album,an,an,True,album,True,scrap,False,0.7030758261680603,0.0685504898428917,0.7030758261680603,True,0.8815948963165283,0.4563550055027008,organ,an,The musical instrument with pipes and keys played in churches for hymns is an organ,"<|im_start|>user
The musical instrument with pipes and keys played in churches for hymns is an organ. The book or collection that holds photographs stamps or music recordings is","<|im_start|>user
The musical instrument with pipes and keys played in churches for hymns is an organ. The book or collection that holds photographs stamps or music recordings is an","<|im_start|>user
The musical instrument with pipes and keys played in churches for hymns is an organ. The book or collection that holds photographs stamps or music recordings is a"
