sentence_index,input_text,generation,word_steered,index_steered,feature_count,steering_strength
0,"One day, a little girl named Lily found a needle in her room.","One day, a little girl named Lily found a needle in her room. She looked at it and said, ""I want",,,,
0,"One day, a little girl named Lily found a needle in her room.","user
One day, a little girl named Lily found a needle in her room. She was headmaster of the headmaster's head",manager,0.0,5.0,3.0
0,"One day, a little girl named Lily found a needle in her room.","user
One day, a little girl named Lily found a needle in her room. She manager manager manager manager manager manager manager manager manager",manager,0.0,5.0,5.0
0,"One day, a little girl named Lily found a needle in her room.","user
One day, a little girl named Lily found a needle in her room. She manager manager manager manager manager manager manager manager manager",manager,0.0,5.0,7.0
0,"One day, a little girl named Lily found a needle in her room.","user
One day, a little girl named Lily found a needle in her room. She looked at the needle and saw that it was",teacher,1.0,3.0,3.0
0,"One day, a little girl named Lily found a needle in her room.","user
One day, a little girl named Lily found a needle in her room. She looked at the needle and saw that it was",teacher,1.0,3.0,5.0
0,"One day, a little girl named Lily found a needle in her room.","user
One day, a little girl named Lily found a needle in her room. She used a small brush to brush the hair of",teacher,1.0,3.0,7.0
0,"One day, a little girl named Lily found a needle in her room.","user
One day, a little girl named Lily found a needle in her room. She was very excited and decided to use it to",chemist,2.0,3.0,3.0
0,"One day, a little girl named Lily found a needle in her room.","user
One day, a little girl named Lily found a needle in her room. She was a very young child, and she was",chemist,2.0,3.0,5.0
0,"One day, a little girl named Lily found a needle in her room.","user
One day, a little girl named Lily found a needle in her room. She found a needle in her room, and she",chemist,2.0,3.0,7.0
0,"One day, a little girl named Lily found a needle in her room.","user
One day, a little girl named Lily found a needle in her room. She was very nervous. She looked at her mother",economist,3.0,3.0,3.0
0,"One day, a little girl named Lily found a needle in her room.","user
One day, a little girl named Lily found a needle in her room. She was very young, and she was not very",economist,3.0,3.0,5.0
0,"One day, a little girl named Lily found a needle in her room.","user
One day, a little girl named Lily found a needle in her room. She was a little girl, and she was very",economist,3.0,3.0,7.0
0,"One day, a little girl named Lily found a needle in her room.","user
One day, a little girl named Lily found a needle in her room. She looked at the needle and said, ""I",writer,4.0,3.0,3.0
0,"One day, a little girl named Lily found a needle in her room.","user
One day, a little girl named Lily found a needle in her room. She looked at the needle and saw that it was",writer,4.0,3.0,5.0
0,"One day, a little girl named Lily found a needle in her room.","user
One day, a little girl named Lily found a needle in her room. She looked at the needle and saw that it was",writer,4.0,3.0,7.0
0,"One day, a little girl named Lily found a needle in her room.","user
One day, a little girl named Lily found a needle in her room. She looked at the needle and said, ""I",farmer,5.0,3.0,3.0
0,"One day, a little girl named Lily found a needle in her room.","user
One day, a little girl named Lily found a needle in her room. She picked it up and tried to plowing far",farmer,5.0,3.0,5.0
0,"One day, a little girl named Lily found a needle in her room.","user
One day, a little girl named Lily found a needle in her room. She picked it up and farforted to pl",farmer,5.0,3.0,7.0
0,"One day, a little girl named Lily found a needle in her room.","user
One day, a little girl named Lily found a needle in her room. She was very upset because she thought the needle was",physicist,6.0,2.0,3.0
0,"One day, a little girl named Lily found a needle in her room.","user
One day, a little girl named Lily found a needle in her room. She was very angry and decided to throw it away",physicist,6.0,2.0,5.0
0,"One day, a little girl named Lily found a needle in her room.","user
One day, a little girl named Lily found a needle in her room. She was very angry because she thought the needle was",physicist,6.0,2.0,7.0
0,"One day, a little girl named Lily found a needle in her room.","user
One day, a little girl named Lily found a needle in her room. She was very nervous and couldn't remember the name",psychologist,7.0,2.0,3.0
0,"One day, a little girl named Lily found a needle in her room.","user
One day, a little girl named Lily found a needle in her room. She looked up and noticed that the psychology of her",psychologist,7.0,2.0,5.0
0,"One day, a little girl named Lily found a needle in her room.","user
One day, a little girl named Lily found a needle in her room. She looked up and noticed that her child psychology research",psychologist,7.0,2.0,7.0
0,"One day, a little girl named Lily found a needle in her room.","user
One day, a little girl named Lily found a needle in her room. She was looking for something to make her feel happy",artist,8.0,2.0,3.0
0,"One day, a little girl named Lily found a needle in her room.","user
One day, a little girl named Lily found a needle in her room. She was looking for something to make her feel happy",artist,8.0,2.0,5.0
0,"One day, a little girl named Lily found a needle in her room.","user
One day, a little girl named Lily found a needle in her room. She was in a room with a window open to",artist,8.0,2.0,7.0
0,"One day, a little girl named Lily found a needle in her room.","user
One day, a little girl named Lily found a needle in her room. She was a bit nervous, but she was determined",technician,9.0,2.0,3.0
0,"One day, a little girl named Lily found a needle in her room.","user
One day, a little girl named Lily found a needle in her room. She was a bit nervous, but she was not",technician,9.0,2.0,5.0
0,"One day, a little girl named Lily found a needle in her room.","user
One day, a little girl named Lily found a needle in her room. She was a very experienced worker, and she was",technician,9.0,2.0,7.0
1,"Once upon a time, there was a little car named Beep.","Once upon a time, there was a little car named Beep. Beep was a car that was very popular in",,,,
1,"Once upon a time, there was a little car named Beep.","user
Once upon a time, there was a little car named Beep. Beep was the head of the manager of the",manager,0.0,5.0,3.0
1,"Once upon a time, there was a little car named Beep.","user
Once upon a time, there was a little car named Beep. Headmaster President President President President President President President President",manager,0.0,5.0,5.0
1,"Once upon a time, there was a little car named Beep.","user
Once upon a time, there was a little car named Beep. Head Chief General Director General Director General Director General Director",manager,0.0,5.0,7.0
1,"Once upon a time, there was a little car named Beep.","user
Once upon a time, there was a little car named Beep. Beep had a lot of problems with his car",teacher,1.0,3.0,3.0
1,"Once upon a time, there was a little car named Beep.","user
Once upon a time, there was a little car named Beep. Beep had a very special property: if you",teacher,1.0,3.0,5.0
1,"Once upon a time, there was a little car named Beep.","user
Once upon a time, there was a little car named Beep. Beep had a very special property: if you",teacher,1.0,3.0,7.0
1,"Once upon a time, there was a little car named Beep.","user
Once upon a time, there was a little car named Beep. Beep is a car that can drive on a",chemist,2.0,3.0,3.0
1,"Once upon a time, there was a little car named Beep.","user
Once upon a time, there was a little car named Beep. Beppi had a lot of snow in the",chemist,2.0,3.0,5.0
1,"Once upon a time, there was a little car named Beep.","user
Once upon a time, there was a little car named Beep. Beppi had a lot of snow in the",chemist,2.0,3.0,7.0
1,"Once upon a time, there was a little car named Beep.","user
Once upon a time, there was a little car named Beep. Beep is a car that is very popular.",economist,3.0,3.0,3.0
1,"Once upon a time, there was a little car named Beep.","user
Once upon a time, there was a little car named Beep. Beep is a car that is very popular in",economist,3.0,3.0,5.0
1,"Once upon a time, there was a little car named Beep.","user
Once upon a time, there was a little car named Beep. Beep is a car that is very popular in",economist,3.0,3.0,7.0
1,"Once upon a time, there was a little car named Beep.","user
Once upon a time, there was a little car named Beep. Beep was a car that was very popular in",writer,4.0,3.0,3.0
1,"Once upon a time, there was a little car named Beep.","user
Once upon a time, there was a little car named Beep. Beep was a driver of a car that was",writer,4.0,3.0,5.0
1,"Once upon a time, there was a little car named Beep.","user
Once upon a time, there was a little car named Beep. Beep was a driver of a car that was",writer,4.0,3.0,7.0
1,"Once upon a time, there was a little car named Beep.","user
Once upon a time, there was a little car named Beep. Beep was a small, plowed field,",farmer,5.0,3.0,3.0
1,"Once upon a time, there was a little car named Beep.","user
Once upon a time, there was a little car named Beep. Beep was a far-fa-field far-f",farmer,5.0,3.0,5.0
1,"Once upon a time, there was a little car named Beep.","user
Once upon a time, there was a little car named Beep. He farforgia farforgia farforgia",farmer,5.0,3.0,7.0
1,"Once upon a time, there was a little car named Beep.","user
Once upon a time, there was a little car named Beep. Beep is a car that is very popular in",physicist,6.0,2.0,3.0
1,"Once upon a time, there was a little car named Beep.","user
Once upon a time, there was a little car named Beep. Beep is a car that travels on a straight",physicist,6.0,2.0,5.0
1,"Once upon a time, there was a little car named Beep.","user
Once upon a time, there was a little car named Beep. Beep is a female relays relay relay relay",physicist,6.0,2.0,7.0
1,"Once upon a time, there was a little car named Beep.","user
Once upon a time, there was a little car named Beep. Beep's car is a psychology research lab.",psychologist,7.0,2.0,3.0
1,"Once upon a time, there was a little car named Beep.","user
Once upon a time, there was a little car named Beep. Beopered psychology and cognitive psychology, and he",psychologist,7.0,2.0,5.0
1,"Once upon a time, there was a little car named Beep.","user
Once upon a time, there was a little car named Beep. Beopered at a psychology research lab, and",psychologist,7.0,2.0,7.0
1,"Once upon a time, there was a little car named Beep.","user
Once upon a time, there was a little car named Beep. Beep was a car that was very popular in",artist,8.0,2.0,3.0
1,"Once upon a time, there was a little car named Beep.","user
Once upon a time, there was a little car named Beep. Beep is a car that is known for its",artist,8.0,2.0,5.0
1,"Once upon a time, there was a little car named Beep.","user
Once upon a time, there was a little car named Beep. Beep is a car that is known for being",artist,8.0,2.0,7.0
1,"Once upon a time, there was a little car named Beep.","user
Once upon a time, there was a little car named Beep. Beep had a lot of friends. Beep",technician,9.0,2.0,3.0
1,"Once upon a time, there was a little car named Beep.","user
Once upon a time, there was a little car named Beep. Beep is a driver who is always on the",technician,9.0,2.0,5.0
1,"Once upon a time, there was a little car named Beep.","user
Once upon a time, there was a little car named Beep. Beep is a driver who is very experienced.",technician,9.0,2.0,7.0
2,"One day, a little fish named Fin was swimming near the shore. He saw a","One day, a little fish named Fin was swimming near the shore. He saw a fisherman who was fishing with a net. The",,,,
2,"One day, a little fish named Fin was swimming near the shore. He saw a","user
One day, a little fish named Fin was swimming near the shore. He saw a headmaster in a headmaster's headmaster head",manager,0.0,5.0,3.0
2,"One day, a little fish named Fin was swimming near the shore. He saw a","user
One day, a little fish named Fin was swimming near the shore. He saw a headmaster headmaster headmaster headmaster headmaster",manager,0.0,5.0,5.0
2,"One day, a little fish named Fin was swimming near the shore. He saw a","user
One day, a little fish named Fin was swimming near the shore. He saw a headmaster headmaster headmaster headmaster headmaster",manager,0.0,5.0,7.0
2,"One day, a little fish named Fin was swimming near the shore. He saw a","user
One day, a little fish named Fin was swimming near the shore. He saw a small boat that was going to the right of the",teacher,1.0,3.0,3.0
2,"One day, a little fish named Fin was swimming near the shore. He saw a","user
One day, a little fish named Fin was swimming near the shore. He saw a small boat that was going to take him to the",teacher,1.0,3.0,5.0
2,"One day, a little fish named Fin was swimming near the shore. He saw a","user
One day, a little fish named Fin was swimming near the shore. He saw a butterfly in the water and realized that the butterfly was",teacher,1.0,3.0,7.0
2,"One day, a little fish named Fin was swimming near the shore. He saw a","user
One day, a little fish named Fin was swimming near the shore. He saw a red sun, a yellow moon, a green tree",chemist,2.0,3.0,3.0
2,"One day, a little fish named Fin was swimming near the shore. He saw a","user
One day, a little fish named Fin was swimming near the shore. He saw a red ribbon in the water, and he decided to",chemist,2.0,3.0,5.0
2,"One day, a little fish named Fin was swimming near the shore. He saw a","user
One day, a little fish named Fin was swimming near the shore. He saw a quack quacking in the water, and he",chemist,2.0,3.0,7.0
2,"One day, a little fish named Fin was swimming near the shore. He saw a","user
One day, a little fish named Fin was swimming near the shore. He saw a fisherman who was fishing with a net. The",economist,3.0,3.0,3.0
2,"One day, a little fish named Fin was swimming near the shore. He saw a","user
One day, a little fish named Fin was swimming near the shore. He saw a fisherman who was fishing a net. The net",economist,3.0,3.0,5.0
2,"One day, a little fish named Fin was swimming near the shore. He saw a","user
One day, a little fish named Fin was swimming near the shore. He saw a fisherman who was fishing a net. The net",economist,3.0,3.0,7.0
2,"One day, a little fish named Fin was swimming near the shore. He saw a","user
One day, a little fish named Fin was swimming near the shore. He saw a fisherman who was fishing with a net. The",writer,4.0,3.0,3.0
2,"One day, a little fish named Fin was swimming near the shore. He saw a","user
One day, a little fish named Fin was swimming near the shore. He saw a fisherman who was fishing with a net. The",writer,4.0,3.0,5.0
2,"One day, a little fish named Fin was swimming near the shore. He saw a","user
One day, a little fish named Fin was swimming near the shore. He saw a fisherman who was fishing with a net. The",writer,4.0,3.0,7.0
2,"One day, a little fish named Fin was swimming near the shore. He saw a","user
One day, a little fish named Fin was swimming near the shore. He saw a fisherman who was far away from the shore.",farmer,5.0,3.0,3.0
2,"One day, a little fish named Fin was swimming near the shore. He saw a","user
One day, a little fish named Fin was swimming near the shore. He saw a field of farforgia under the farforgia",farmer,5.0,3.0,5.0
2,"One day, a little fish named Fin was swimming near the shore. He saw a","user
One day, a little fish named Fin was swimming near the shore. He saw a far-fort Cono the far-fort C",farmer,5.0,3.0,7.0
2,"One day, a little fish named Fin was swimming near the shore. He saw a","user
One day, a little fish named Fin was swimming near the shore. He saw a fisherman who was fishing a net. The net",physicist,6.0,2.0,3.0
2,"One day, a little fish named Fin was swimming near the shore. He saw a","user
One day, a little fish named Fin was swimming near the shore. He saw a fisherman who was fishing a net. He asked",physicist,6.0,2.0,5.0
2,"One day, a little fish named Fin was swimming near the shore. He saw a","user
One day, a little fish named Fin was swimming near the shore. He saw a fisherman who was fishing a catch of fish.",physicist,6.0,2.0,7.0
2,"One day, a little fish named Fin was swimming near the shore. He saw a","user
One day, a little fish named Fin was swimming near the shore. He saw a big fish, named Lina, and they were",psychologist,7.0,2.0,3.0
2,"One day, a little fish named Fin was swimming near the shore. He saw a","user
One day, a little fish named Fin was swimming near the shore. He saw a big fish, named Lani, and noticed that",psychologist,7.0,2.0,5.0
2,"One day, a little fish named Fin was swimming near the shore. He saw a","user
One day, a little fish named Fin was swimming near the shore. He saw a child psychology research and learning psychology (CFLP",psychologist,7.0,2.0,7.0
2,"One day, a little fish named Fin was swimming near the shore. He saw a","user
One day, a little fish named Fin was swimming near the shore. He saw a small boat on the water. The boat was a",artist,8.0,2.0,3.0
2,"One day, a little fish named Fin was swimming near the shore. He saw a","user
One day, a little fish named Fin was swimming near the shore. He saw a small fish named Lila. Lila was in",artist,8.0,2.0,5.0
2,"One day, a little fish named Fin was swimming near the shore. He saw a","user
One day, a little fish named Fin was swimming near the shore. He saw a small fish named Lila. Lila was in",artist,8.0,2.0,7.0
2,"One day, a little fish named Fin was swimming near the shore. He saw a","user
One day, a little fish named Fin was swimming near the shore. He saw a fisherman who was fishing. He was very busy",technician,9.0,2.0,3.0
2,"One day, a little fish named Fin was swimming near the shore. He saw a","user
One day, a little fish named Fin was swimming near the shore. He saw a fisherman who was on the way to work.",technician,9.0,2.0,5.0
2,"One day, a little fish named Fin was swimming near the shore. He saw a","user
One day, a little fish named Fin was swimming near the shore. He saw a little fish named Fin. He was a fish.",technician,9.0,2.0,7.0
3,"Once upon a time, in a land full of trees,","Once upon a time, in a land full of trees, there was a man named John. John had a",,,,
3,"Once upon a time, in a land full of trees,","user
Once upon a time, in a land full of trees, there was a headmaster in a headmaster's",manager,0.0,5.0,3.0
3,"Once upon a time, in a land full of trees,","user
Once upon a time, in a land full of trees, there are headmaster headmaster headmaster headmaster",manager,0.0,5.0,5.0
3,"Once upon a time, in a land full of trees,","user
Once upon a time, in a land full of trees, head head head head head head head head head head",manager,0.0,5.0,7.0
3,"Once upon a time, in a land full of trees,","user
Once upon a time, in a land full of trees, there are two different types of trees: maple and",teacher,1.0,3.0,3.0
3,"Once upon a time, in a land full of trees,","user
Once upon a time, in a land full of trees, there are two different types of trees: maple and",teacher,1.0,3.0,5.0
3,"Once upon a time, in a land full of trees,","user
Once upon a time, in a land full of trees, there are two different types of plants: A and",teacher,1.0,3.0,7.0
3,"Once upon a time, in a land full of trees,","user
Once upon a time, in a land full of trees, a farmer who is a tree keeper, a farmer",chemist,2.0,3.0,3.0
3,"Once upon a time, in a land full of trees,","user
Once upon a time, in a land full of trees, a farmer who is a quill pen quill",chemist,2.0,3.0,5.0
3,"Once upon a time, in a land full of trees,","user
Once upon a time, in a land full of trees, a farmer who is a quacker, a qu",chemist,2.0,3.0,7.0
3,"Once upon a time, in a land full of trees,","user
Once upon a time, in a land full of trees, there are some people who live in a village.",economist,3.0,3.0,3.0
3,"Once upon a time, in a land full of trees,","user
Once upon a time, in a land full of trees, there are some people who live in a village.",economist,3.0,3.0,5.0
3,"Once upon a time, in a land full of trees,","user
Once upon a time, in a land full of trees, there are some people who live in a village.",economist,3.0,3.0,7.0
3,"Once upon a time, in a land full of trees,","user
Once upon a time, in a land full of trees, there are some people who live in a village.",writer,4.0,3.0,3.0
3,"Once upon a time, in a land full of trees,","user
Once upon a time, in a land full of trees, there are some trees that are planted in a row",writer,4.0,3.0,5.0
3,"Once upon a time, in a land full of trees,","user
Once upon a time, in a land full of trees, a farmer who is a gardener, and a",writer,4.0,3.0,7.0
3,"Once upon a time, in a land full of trees,","user
Once upon a time, in a land full of trees, a man who is a gardener, he has",farmer,5.0,3.0,3.0
3,"Once upon a time, in a land full of trees,","user
Once upon a time, in a land full of trees, far from the fields, far from the fields,",farmer,5.0,3.0,5.0
3,"Once upon a time, in a land full of trees,","user
Once upon a time, in a land full of trees, far from plowing farforgia far fall far",farmer,5.0,3.0,7.0
3,"Once upon a time, in a land full of trees,","user
Once upon a time, in a land full of trees, there are some people who live in a village.",physicist,6.0,2.0,3.0
3,"Once upon a time, in a land full of trees,","user
Once upon a time, in a land full of trees, a man named John has a collection of 1",physicist,6.0,2.0,5.0
3,"Once upon a time, in a land full of trees,","user
Once upon a time, in a land full of trees, a woman and a man are playing a game.",physicist,6.0,2.0,7.0
3,"Once upon a time, in a land full of trees,","user
Once upon a time, in a land full of trees, there are some people who live in a city.",psychologist,7.0,2.0,3.0
3,"Once upon a time, in a land full of trees,","user
Once upon a time, in a land full of trees, a child psychologist and a child development psychologist, and",psychologist,7.0,2.0,5.0
3,"Once upon a time, in a land full of trees,","user
Once upon a time, in a land full of trees, a child psychology research and child development psychology research and",psychologist,7.0,2.0,7.0
3,"Once upon a time, in a land full of trees,","user
Once upon a time, in a land full of trees, there are some people living in the forest. The",artist,8.0,2.0,3.0
3,"Once upon a time, in a land full of trees,","user
Once upon a time, in a land full of trees, there are many animals. The animals are in a",artist,8.0,2.0,5.0
3,"Once upon a time, in a land full of trees,","user
Once upon a time, in a land full of trees, there are some people living in the forest. The",artist,8.0,2.0,7.0
3,"Once upon a time, in a land full of trees,","user
Once upon a time, in a land full of trees, there are two people who live in a house.",technician,9.0,2.0,3.0
3,"Once upon a time, in a land full of trees,","user
Once upon a time, in a land full of trees, there are two people who live in a village.",technician,9.0,2.0,5.0
3,"Once upon a time, in a land full of trees,","user
Once upon a time, in a land full of trees, there are two people who live in a village.",technician,9.0,2.0,7.0
4,"Once upon a time, there was a little girl named Lily.","Once upon a time, there was a little girl named Lily. She lived in a small village, and she had",,,,
4,"Once upon a time, there was a little girl named Lily.","user
Once upon a time, there was a little girl named Lily. She was headmaster of a headmaster's head",manager,0.0,5.0,3.0
4,"Once upon a time, there was a little girl named Lily.","user
Once upon a time, there was a little girl named Lily. She was headmaster of the headmaster headmaster",manager,0.0,5.0,5.0
4,"Once upon a time, there was a little girl named Lily.","user
Once upon a time, there was a little girl named Lily. Headmaster Chancellor Chancellor Chancellor Chancellor Chancellor Chancellor Chancellor Chancellor",manager,0.0,5.0,7.0
4,"Once upon a time, there was a little girl named Lily.","user
Once upon a time, there was a little girl named Lily. She lived in a small town in the middle of",teacher,1.0,3.0,3.0
4,"Once upon a time, there was a little girl named Lily.","user
Once upon a time, there was a little girl named Lily. She lived in a small town in the middle of",teacher,1.0,3.0,5.0
4,"Once upon a time, there was a little girl named Lily.","user
Once upon a time, there was a little girl named Lily. She had a very special kind of math problem to",teacher,1.0,3.0,7.0
4,"Once upon a time, there was a little girl named Lily.","user
Once upon a time, there was a little girl named Lily. She lived in a small village in the north of",chemist,2.0,3.0,3.0
4,"Once upon a time, there was a little girl named Lily.","user
Once upon a time, there was a little girl named Lily. She always liked to play with blocks of different colors",chemist,2.0,3.0,5.0
4,"Once upon a time, there was a little girl named Lily.","user
Once upon a time, there was a little girl named Lily. She always liked the quack quack quack",chemist,2.0,3.0,7.0
4,"Once upon a time, there was a little girl named Lily.","user
Once upon a time, there was a little girl named Lily. She lived in a small town. She had a",economist,3.0,3.0,3.0
4,"Once upon a time, there was a little girl named Lily.","user
Once upon a time, there was a little girl named Lily. She lived in a small town. She had a",economist,3.0,3.0,5.0
4,"Once upon a time, there was a little girl named Lily.","user
Once upon a time, there was a little girl named Lily. She was a very young child, and she was",economist,3.0,3.0,7.0
4,"Once upon a time, there was a little girl named Lily.","user
Once upon a time, there was a little girl named Lily. She lived in a small town. She had a",writer,4.0,3.0,3.0
4,"Once upon a time, there was a little girl named Lily.","user
Once upon a time, there was a little girl named Lily. She lived in a small town. One day,",writer,4.0,3.0,5.0
4,"Once upon a time, there was a little girl named Lily.","user
Once upon a time, there was a little girl named Lily. She lived in a small town. One day,",writer,4.0,3.0,7.0
4,"Once upon a time, there was a little girl named Lily.","user
Once upon a time, there was a little girl named Lily. She had a lot of money. She wanted to",farmer,5.0,3.0,3.0
4,"Once upon a time, there was a little girl named Lily.","user
Once upon a time, there was a little girl named Lily. She had a far-fort C~~~",farmer,5.0,3.0,5.0
4,"Once upon a time, there was a little girl named Lily.","user
Once upon a time, there was a little girl named Lily. She farforgia farforgia farforgia",farmer,5.0,3.0,7.0
4,"Once upon a time, there was a little girl named Lily.","user
Once upon a time, there was a little girl named Lily. She lived in a small village. She loved to",physicist,6.0,2.0,3.0
4,"Once upon a time, there was a little girl named Lily.","user
Once upon a time, there was a little girl named Lily. She loves playing with her dolls. She has ",physicist,6.0,2.0,5.0
4,"Once upon a time, there was a little girl named Lily.","user
Once upon a time, there was a little girl named Lily. She loves playing with her dolls. She has ",physicist,6.0,2.0,7.0
4,"Once upon a time, there was a little girl named Lily.","user
Once upon a time, there was a little girl named Lily. She lived in a small town in the middle of",psychologist,7.0,2.0,3.0
4,"Once upon a time, there was a little girl named Lily.","user
Once upon a time, there was a little girl named Lily. She learned that her mother's psychology research is in",psychologist,7.0,2.0,5.0
4,"Once upon a time, there was a little girl named Lily.","user
Once upon a time, there was a little girl named Lily. She was a child of her psychology and child of",psychologist,7.0,2.0,7.0
4,"Once upon a time, there was a little girl named Lily.","user
Once upon a time, there was a little girl named Lily. She lived in a small town. She had a",artist,8.0,2.0,3.0
4,"Once upon a time, there was a little girl named Lily.","user
Once upon a time, there was a little girl named Lily. She lived in a small town. She was known",artist,8.0,2.0,5.0
4,"Once upon a time, there was a little girl named Lily.","user
Once upon a time, there was a little girl named Lily. She lived in a small town. She was known",artist,8.0,2.0,7.0
4,"Once upon a time, there was a little girl named Lily.","user
Once upon a time, there was a little girl named Lily. She lived in a small town. She had a",technician,9.0,2.0,3.0
4,"Once upon a time, there was a little girl named Lily.","user
Once upon a time, there was a little girl named Lily. She lived in a small town. She was always",technician,9.0,2.0,5.0
4,"Once upon a time, there was a little girl named Lily.","user
Once upon a time, there was a little girl named Lily. She was a baker, and she was also a",technician,9.0,2.0,7.0
5,"Once upon a time, in a","Once upon a time, in a world where the sun is a star, the moon",,,,
5,"Once upon a time, in a","user
Once upon a time, in a town manager's manager, there were 12",manager,0.0,5.0,3.0
5,"Once upon a time, in a","user
Once upon a time, in a manager manager manager manager manager manager manager manager manager manager",manager,0.0,5.0,5.0
5,"Once upon a time, in a","user
Once upon a time, in a general manager manager manager manager manager manager manager manager manager",manager,0.0,5.0,7.0
5,"Once upon a time, in a","user
Once upon a time, in a small town, there are 100 people",teacher,1.0,3.0,3.0
5,"Once upon a time, in a","user
Once upon a time, in a small town, there are three towns: A,",teacher,1.0,3.0,5.0
5,"Once upon a time, in a","user
Once upon a time, in a small town, there are two towns, A and",teacher,1.0,3.0,7.0
5,"Once upon a time, in a","user
Once upon a time, in a village of 1000000",chemist,2.0,3.0,3.0
5,"Once upon a time, in a","user
Once upon a time, in a village of 1000000",chemist,2.0,3.0,5.0
5,"Once upon a time, in a","user
Once upon a time, in a row of 1000000",chemist,2.0,3.0,7.0
5,"Once upon a time, in a","user
Once upon a time, in a village, there are 10000",economist,3.0,3.0,3.0
5,"Once upon a time, in a","user
Once upon a time, in a town, there are 10000",economist,3.0,3.0,5.0
5,"Once upon a time, in a","user
Once upon a time, in a town, there are 10000",economist,3.0,3.0,7.0
5,"Once upon a time, in a","user
Once upon a time, in a village, there are 10000",writer,4.0,3.0,3.0
5,"Once upon a time, in a","user
Once upon a time, in a village, there are three farmers, each with a",writer,4.0,3.0,5.0
5,"Once upon a time, in a","user
Once upon a time, in a village, there are three farmers, each with a",writer,4.0,3.0,7.0
5,"Once upon a time, in a","user
Once upon a time, in a field that was far from the fields of the past",farmer,5.0,3.0,3.0
5,"Once upon a time, in a","user
Once upon a time, in a field that far past the time of plowing,",farmer,5.0,3.0,5.0
5,"Once upon a time, in a","user
Once upon a time, in a far far far far fall far far far fall far",farmer,5.0,3.0,7.0
5,"Once upon a time, in a","user
Once upon a time, in a village, there are 10000",physicist,6.0,2.0,3.0
5,"Once upon a time, in a","user
Once upon a time, in a village, there are 20000",physicist,6.0,2.0,5.0
5,"Once upon a time, in a","user
Once upon a time, in a village, there are 20000",physicist,6.0,2.0,7.0
5,"Once upon a time, in a","user
Once upon a time, in a town in the north, there are three different types",psychologist,7.0,2.0,3.0
5,"Once upon a time, in a","user
Once upon a time, in a psychology research lab, a child is tested on the",psychologist,7.0,2.0,5.0
5,"Once upon a time, in a","user
Once upon a time, in a psychology research lab, a child is tested at the",psychologist,7.0,2.0,7.0
5,"Once upon a time, in a","user
Once upon a time, in a small town, there are 1000",artist,8.0,2.0,3.0
5,"Once upon a time, in a","user
Once upon a time, in a small town, there are three different types of animals",artist,8.0,2.0,5.0
5,"Once upon a time, in a","user
Once upon a time, in a small town, there are three different types of animals",artist,8.0,2.0,7.0
5,"Once upon a time, in a","user
Once upon a time, in a village, there are 300 people.",technician,9.0,2.0,3.0
5,"Once upon a time, in a","user
Once upon a time, in a village, there are 300 people,",technician,9.0,2.0,5.0
5,"Once upon a time, in a","user
Once upon a time, in a village, there are two people, a baker and",technician,9.0,2.0,7.0
6,"Once upon a time, in a small town, there was a troubled","Once upon a time, in a small town, there was a troubled town. The town was known for its strange and",,,,
6,"Once upon a time, in a small town, there was a troubled","user
Once upon a time, in a small town, there was a troubled headmaster, General Chancellor Chancellor Chancellor Chancellor Chancellor Chancellor",manager,0.0,5.0,3.0
6,"Once upon a time, in a small town, there was a troubled","user
Once upon a time, in a small town, there was a troubled headmaster mayor general vice president vice president vice president",manager,0.0,5.0,5.0
6,"Once upon a time, in a small town, there was a troubled","user
Once upon a time, in a small town, there was a troubled head head head head head head head head head head",manager,0.0,5.0,7.0
6,"Once upon a time, in a small town, there was a troubled","user
Once upon a time, in a small town, there was a troubled and lonely man who lived in a small town.",teacher,1.0,3.0,3.0
6,"Once upon a time, in a small town, there was a troubled","user
Once upon a time, in a small town, there was a troubled and ambitious young man who had a dream of becoming",teacher,1.0,3.0,5.0
6,"Once upon a time, in a small town, there was a troubled","user
Once upon a time, in a small town, there was a troubled and ambitious person who had a dream of becoming a",teacher,1.0,3.0,7.0
6,"Once upon a time, in a small town, there was a troubled","user
Once upon a time, in a small town, there was a troubled and ailing king who had a lot of problems",chemist,2.0,3.0,3.0
6,"Once upon a time, in a small town, there was a troubled","user
Once upon a time, in a small town, there was a troubled quill that could change the shape of the qu",chemist,2.0,3.0,5.0
6,"Once upon a time, in a small town, there was a troubled","user
Once upon a time, in a small town, there was a troubled quill quill quill quill quill",chemist,2.0,3.0,7.0
6,"Once upon a time, in a small town, there was a troubled","user
Once upon a time, in a small town, there was a troubled town. The town was known for its small,",economist,3.0,3.0,3.0
6,"Once upon a time, in a small town, there was a troubled","user
Once upon a time, in a small town, there was a troubled town. The town was known for its people who",economist,3.0,3.0,5.0
6,"Once upon a time, in a small town, there was a troubled","user
Once upon a time, in a small town, there was a troubled town. The town is a small town, and",economist,3.0,3.0,7.0
6,"Once upon a time, in a small town, there was a troubled","user
Once upon a time, in a small town, there was a troubled and lonely man named John. He lived in a",writer,4.0,3.0,3.0
6,"Once upon a time, in a small town, there was a troubled","user
Once upon a time, in a small town, there was a troubled artist, who lived in a small town in the",writer,4.0,3.0,5.0
6,"Once upon a time, in a small town, there was a troubled","user
Once upon a time, in a small town, there was a troubled artist, and the artist was known for his work",writer,4.0,3.0,7.0
6,"Once upon a time, in a small town, there was a troubled","user
Once upon a time, in a small town, there was a troubled man who was a man of the field, a",farmer,5.0,3.0,3.0
6,"Once upon a time, in a small town, there was a troubled","user
Once upon a time, in a small town, there was a troubled farmer who farmed a large field of far",farmer,5.0,3.0,5.0
6,"Once upon a time, in a small town, there was a troubled","user
Once upon a time, in a small town, there was a troubled far-field far-field far-field far-field far-field",farmer,5.0,3.0,7.0
6,"Once upon a time, in a small town, there was a troubled","user
Once upon a time, in a small town, there was a troubled and lonely man named John. He lived in a",physicist,6.0,2.0,3.0
6,"Once upon a time, in a small town, there was a troubled","user
Once upon a time, in a small town, there was a troubled young man named Ethan. Ethan was known for his",physicist,6.0,2.0,5.0
6,"Once upon a time, in a small town, there was a troubled","user
Once upon a time, in a small town, there was a troubled young man who lived in a small village. He",physicist,6.0,2.0,7.0
6,"Once upon a time, in a small town, there was a troubled","user
Once upon a time, in a small town, there was a troubled child, and the child was known as a psychologist",psychologist,7.0,2.0,3.0
6,"Once upon a time, in a small town, there was a troubled","user
Once upon a time, in a small town, there was a troubled child, and he was known as a child prod",psychologist,7.0,2.0,5.0
6,"Once upon a time, in a small town, there was a troubled","user
Once upon a time, in a small town, there was a troubled child, and he was learning psychology. He was",psychologist,7.0,2.0,7.0
6,"Once upon a time, in a small town, there was a troubled","user
Once upon a time, in a small town, there was a troubled town. The town was known for its small,",artist,8.0,2.0,3.0
6,"Once upon a time, in a small town, there was a troubled","user
Once upon a time, in a small town, there was a troubled town. The town was known for its small,",artist,8.0,2.0,5.0
6,"Once upon a time, in a small town, there was a troubled","user
Once upon a time, in a small town, there was a troubled artist, who lived in a small town in the",artist,8.0,2.0,7.0
6,"Once upon a time, in a small town, there was a troubled","user
Once upon a time, in a small town, there was a troubled person who lived in a small town. The town",technician,9.0,2.0,3.0
6,"Once upon a time, in a small town, there was a troubled","user
Once upon a time, in a small town, there was a troubled person who was a teacher. The teacher was a",technician,9.0,2.0,5.0
6,"Once upon a time, in a small town, there was a troubled","user
Once upon a time, in a small town, there was a troubled person who was a teacher, and the teacher was",technician,9.0,2.0,7.0
7,"Once upon a time, in a peaceful","Once upon a time, in a peaceful village, there was a young girl named Lila",,,,
7,"Once upon a time, in a peaceful","user
Once upon a time, in a peaceful village, there was a headmaster, a head",manager,0.0,5.0,3.0
7,"Once upon a time, in a peaceful","user
Once upon a time, in a peaceful village mayor general mayor general mayor general mayor general mayor",manager,0.0,5.0,5.0
7,"Once upon a time, in a peaceful","user
Once upon a time, in a peaceful head head head head head head head head head head",manager,0.0,5.0,7.0
7,"Once upon a time, in a peaceful","user
Once upon a time, in a peaceful village, there are two people who are in a",teacher,1.0,3.0,3.0
7,"Once upon a time, in a peaceful","user
Once upon a time, in a peaceful village, there are two people who are in a",teacher,1.0,3.0,5.0
7,"Once upon a time, in a peaceful","user
Once upon a time, in a peaceful village of math, there are two math subjects,",teacher,1.0,3.0,7.0
7,"Once upon a time, in a peaceful","user
Once upon a time, in a peaceful village, there are 10000",chemist,2.0,3.0,3.0
7,"Once upon a time, in a peaceful","user
Once upon a time, in a peaceful village, a farmer who is a quill pen",chemist,2.0,3.0,5.0
7,"Once upon a time, in a peaceful","user
Once upon a time, in a peaceful village of the future, a farmer who is a",chemist,2.0,3.0,7.0
7,"Once upon a time, in a peaceful","user
Once upon a time, in a peaceful village, there are 3000 people",economist,3.0,3.0,3.0
7,"Once upon a time, in a peaceful","user
Once upon a time, in a peaceful village, there are 3000 people",economist,3.0,3.0,5.0
7,"Once upon a time, in a peaceful","user
Once upon a time, in a peaceful village, there are three farmers who are all farmers",economist,3.0,3.0,7.0
7,"Once upon a time, in a peaceful","user
Once upon a time, in a peaceful village, there are 10000",writer,4.0,3.0,3.0
7,"Once upon a time, in a peaceful","user
Once upon a time, in a peaceful village, there are three farmers, each with a",writer,4.0,3.0,5.0
7,"Once upon a time, in a peaceful","user
Once upon a time, in a peaceful village, a farmer named John and his son,",writer,4.0,3.0,7.0
7,"Once upon a time, in a peaceful","user
Once upon a time, in a peaceful field, there are two fields, one with a",farmer,5.0,3.0,3.0
7,"Once upon a time, in a peaceful","user
Once upon a time, in a peaceful far field, a field of far fields of a",farmer,5.0,3.0,5.0
7,"Once upon a time, in a peaceful","user
Once upon a time, in a peaceful far fall far far far...............",farmer,5.0,3.0,7.0
7,"Once upon a time, in a peaceful","user
Once upon a time, in a peaceful village, there are 10000",physicist,6.0,2.0,3.0
7,"Once upon a time, in a peaceful","user
Once upon a time, in a peaceful village, a young woman named Lila is known",physicist,6.0,2.0,5.0
7,"Once upon a time, in a peaceful","user
Once upon a time, in a peaceful village, a young woman named Lila loves to",physicist,6.0,2.0,7.0
7,"Once upon a time, in a peaceful","user
Once upon a time, in a peaceful village, there are 1000 children",psychologist,7.0,2.0,3.0
7,"Once upon a time, in a peaceful","user
Once upon a time, in a peaceful village, there is a child who is learning psychology",psychologist,7.0,2.0,5.0
7,"Once upon a time, in a peaceful","user
Once upon a time, in a peaceful and child development psychology research field, there is a",psychologist,7.0,2.0,7.0
7,"Once upon a time, in a peaceful","user
Once upon a time, in a peaceful village, there are three different types of flowers:",artist,8.0,2.0,3.0
7,"Once upon a time, in a peaceful","user
Once upon a time, in a peaceful village, there are three children, each with a",artist,8.0,2.0,5.0
7,"Once upon a time, in a peaceful","user
Once upon a time, in a peaceful village, there are three children, each of whom",artist,8.0,2.0,7.0
7,"Once upon a time, in a peaceful","user
Once upon a time, in a peaceful village, there are 300 people,",technician,9.0,2.0,3.0
7,"Once upon a time, in a peaceful","user
Once upon a time, in a peaceful village, there are three people: a farmer,",technician,9.0,2.0,5.0
7,"Once upon a time, in a peaceful","user
Once upon a time, in a peaceful village, there are two people, a teacher and",technician,9.0,2.0,7.0
8,"Once upon a time, there was a clever little","Once upon a time, there was a clever little girl named Lila who lived in a village where",,,,
8,"Once upon a time, there was a clever little","user
Once upon a time, there was a clever little headmaster, General Chancellor Chancellor Chancellor Chancellor Chancellor Chancellor",manager,0.0,5.0,3.0
8,"Once upon a time, there was a clever little","user
Once upon a time, there was a clever little headmaster general in the headmaster's headmaster",manager,0.0,5.0,5.0
8,"Once upon a time, there was a clever little","user
Once upon a time, there was a clever little head head head head head head............",manager,0.0,5.0,7.0
8,"Once upon a time, there was a clever little","user
Once upon a time, there was a clever little girl who lived in a village. She had a",teacher,1.0,3.0,3.0
8,"Once upon a time, there was a clever little","user
Once upon a time, there was a clever little girl who lived in a small town in the middle",teacher,1.0,3.0,5.0
8,"Once upon a time, there was a clever little","user
Once upon a time, there was a clever little math problem that was very popular in the math community",teacher,1.0,3.0,7.0
8,"Once upon a time, there was a clever little","user
Once upon a time, there was a clever little girl named Lila who lived in a village of",chemist,2.0,3.0,3.0
8,"Once upon a time, there was a clever little","user
Once upon a time, there was a clever little girl who always kept a quill and a qu",chemist,2.0,3.0,5.0
8,"Once upon a time, there was a clever little","user
Once upon a time, there was a clever little quack who wargrowled a quack",chemist,2.0,3.0,7.0
8,"Once upon a time, there was a clever little","user
Once upon a time, there was a clever little girl named Lila who lived in a village.",economist,3.0,3.0,3.0
8,"Once upon a time, there was a clever little","user
Once upon a time, there was a clever little girl named Lila who lived in a village.",economist,3.0,3.0,5.0
8,"Once upon a time, there was a clever little","user
Once upon a time, there was a clever little girl named Lila. She has a math teacher",economist,3.0,3.0,7.0
8,"Once upon a time, there was a clever little","user
Once upon a time, there was a clever little girl named Lila who lived in a village.",writer,4.0,3.0,3.0
8,"Once upon a time, there was a clever little","user
Once upon a time, there was a clever little boy named Sam. He was a very clever boy",writer,4.0,3.0,5.0
8,"Once upon a time, there was a clever little","user
Once upon a time, there was a clever little mathematician named Al. He was a mathematician",writer,4.0,3.0,7.0
8,"Once upon a time, there was a clever little","user
Once upon a time, there was a clever little girl who was a part of a small field of",farmer,5.0,3.0,3.0
8,"Once upon a time, there was a clever little","user
Once upon a time, there was a clever little field rotation algorithm that was used to rotate the fields",farmer,5.0,3.0,5.0
8,"Once upon a time, there was a clever little","user
Once upon a time, there was a clever little field rotation far fall far fall far fall far fall",farmer,5.0,3.0,7.0
8,"Once upon a time, there was a clever little","user
Once upon a time, there was a clever little girl named Lila who loved to play with her",physicist,6.0,2.0,3.0
8,"Once upon a time, there was a clever little","user
Once upon a time, there was a clever little girl who lived in a village. She loved to",physicist,6.0,2.0,5.0
8,"Once upon a time, there was a clever little","user
Once upon a time, there was a clever little girl who loved to play with string and string envelopes",physicist,6.0,2.0,7.0
8,"Once upon a time, there was a clever little","user
Once upon a time, there was a clever little boy who lived in a village. He was known",psychologist,7.0,2.0,3.0
8,"Once upon a time, there was a clever little","user
Once upon a time, there was a clever little boy who learned that the psychology of children and the",psychologist,7.0,2.0,5.0
8,"Once upon a time, there was a clever little","user
Once upon a time, there was a clever little child who learned psychology and psychology research. He was",psychologist,7.0,2.0,7.0
8,"Once upon a time, there was a clever little","user
Once upon a time, there was a clever little girl named Lila who lived in a small village",artist,8.0,2.0,3.0
8,"Once upon a time, there was a clever little","user
Once upon a time, there was a clever little girl named Lila. She lived in a small",artist,8.0,2.0,5.0
8,"Once upon a time, there was a clever little","user
Once upon a time, there was a clever little boy named Joseph. He lived in a small town",artist,8.0,2.0,7.0
8,"Once upon a time, there was a clever little","user
Once upon a time, there was a clever little girl named Lila. She had a collection of",technician,9.0,2.0,3.0
8,"Once upon a time, there was a clever little","user
Once upon a time, there was a clever little girl who was very kind and helpful. She was",technician,9.0,2.0,5.0
8,"Once upon a time, there was a clever little","user
Once upon a time, there was a clever little girl who was very helpful. She was able to",technician,9.0,2.0,7.0
9,"One day, a fast driver named Tim","One day, a fast driver named Tim is driving a car. He starts with a car",,,,
9,"One day, a fast driver named Tim","user
One day, a fast driver named Tim is on a head coach conductor coach conductor conductor conductor",manager,0.0,5.0,3.0
9,"One day, a fast driver named Tim","user
One day, a fast driver named Tim Director General Director General Director General Director General Director General",manager,0.0,5.0,5.0
9,"One day, a fast driver named Tim","user
One day, a fast driver named Tim Director General Director General Director General Director General Director General",manager,0.0,5.0,7.0
9,"One day, a fast driver named Tim","user
One day, a fast driver named Tim has to drive a car to a destination that is",teacher,1.0,3.0,3.0
9,"One day, a fast driver named Tim","user
One day, a fast driver named Tim and a slow driver named Sam had a race to",teacher,1.0,3.0,5.0
9,"One day, a fast driver named Tim","user
One day, a fast driver named Tim and a fast driver named Sarah substitute for each other",teacher,1.0,3.0,7.0
9,"One day, a fast driver named Tim","user
One day, a fast driver named Timmy, who is 12 years old,",chemist,2.0,3.0,3.0
9,"One day, a fast driver named Tim","user
One day, a fast driver named Timmy, who is a good driver, is in",chemist,2.0,3.0,5.0
9,"One day, a fast driver named Tim","user
One day, a fast driver named Timmy, who is a quacker, a qu",chemist,2.0,3.0,7.0
9,"One day, a fast driver named Tim","user
One day, a fast driver named Timmy, who is 18 years old,",economist,3.0,3.0,3.0
9,"One day, a fast driver named Tim","user
One day, a fast driver named Timmy, who is 12 years old,",economist,3.0,3.0,5.0
9,"One day, a fast driver named Tim","user
One day, a fast driver named Timmy, who is a student, is driving a",economist,3.0,3.0,7.0
9,"One day, a fast driver named Tim","user
One day, a fast driver named Timmy, who is 12 years old,",writer,4.0,3.0,3.0
9,"One day, a fast driver named Tim","user
One day, a fast driver named Timmy, who is a driver of a fast car",writer,4.0,3.0,5.0
9,"One day, a fast driver named Tim","user
One day, a fast driver named Timmy, who is a driver of a fast driver",writer,4.0,3.0,7.0
9,"One day, a fast driver named Tim","user
One day, a fast driver named Tim has a total of 10000",farmer,5.0,3.0,3.0
9,"One day, a fast driver named Tim","user
One day, a fast driver named Tim has a field rotation farmer's rotation farmer",farmer,5.0,3.0,5.0
9,"One day, a fast driver named Tim","user
One day, a fast driver named Timono who is far from far far far far far",farmer,5.0,3.0,7.0
9,"One day, a fast driver named Tim","user
One day, a fast driver named Tim is driving a car with a speed of 1",physicist,6.0,2.0,3.0
9,"One day, a fast driver named Tim","user
One day, a fast driver named Tim is driving a car that is not a normal car",physicist,6.0,2.0,5.0
9,"One day, a fast driver named Tim","user
One day, a fast driver named Tim is running a fast food restaurant. He has a",physicist,6.0,2.0,7.0
9,"One day, a fast driver named Tim","user
One day, a fast driver named Timmy, who is 12 years old,",psychologist,7.0,2.0,3.0
9,"One day, a fast driver named Tim","user
One day, a fast driver named Tim and a slow driver named Linda, both psychology research",psychologist,7.0,2.0,5.0
9,"One day, a fast driver named Tim","user
One day, a fast driver named Tim psychology and his research team at the University of Psychology",psychologist,7.0,2.0,7.0
9,"One day, a fast driver named Tim","user
One day, a fast driver named Timmy, who is 18 years old,",artist,8.0,2.0,3.0
9,"One day, a fast driver named Tim","user
One day, a fast driver named Timmy is driving a car that is 10",artist,8.0,2.0,5.0
9,"One day, a fast driver named Tim","user
One day, a fast driver named Tim is driving in a car that is 10",artist,8.0,2.0,7.0
9,"One day, a fast driver named Tim","user
One day, a fast driver named Timmy, who is a driver of a fast car",technician,9.0,2.0,3.0
9,"One day, a fast driver named Tim","user
One day, a fast driver named Timmy, who is a driver, is on a",technician,9.0,2.0,5.0
9,"One day, a fast driver named Tim","user
One day, a fast driver named Timmy is on a train. He is a driver",technician,9.0,2.0,7.0
10,"Once upon a time, there was a big car named Dependable. He had a very","Once upon a time, there was a big car named Dependable. He had a very big engine, and he was very popular. He",,,,
10,"Once upon a time, there was a big car named Dependable. He had a very","user
Once upon a time, there was a big car named Dependable. He had a very long manager manager manager manager manager manager manager manager manager",manager,0.0,5.0,3.0
10,"Once upon a time, there was a big car named Dependable. He had a very","user
Once upon a time, there was a big car named Dependable. He had a very headmaster headmaster headmaster headmaster headmaster",manager,0.0,5.0,5.0
10,"Once upon a time, there was a big car named Dependable. He had a very","user
Once upon a time, there was a big car named Dependable. He had a very head manager head manager head manager head manager head manager",manager,0.0,5.0,7.0
10,"Once upon a time, there was a big car named Dependable. He had a very","user
Once upon a time, there was a big car named Dependable. He had a very large amount of money, and he had a very",teacher,1.0,3.0,3.0
10,"Once upon a time, there was a big car named Dependable. He had a very","user
Once upon a time, there was a big car named Dependable. He had a very high number of cars in his collection. He had",teacher,1.0,3.0,5.0
10,"Once upon a time, there was a big car named Dependable. He had a very","user
Once upon a time, there was a big car named Dependable. He had a very high number of high numbers in his math subject math",teacher,1.0,3.0,7.0
10,"Once upon a time, there was a big car named Dependable. He had a very","user
Once upon a time, there was a big car named Dependable. He had a very large amount of money, and he could drive a",chemist,2.0,3.0,3.0
10,"Once upon a time, there was a big car named Dependable. He had a very","user
Once upon a time, there was a big car named Dependable. He had a very good head of a dime, and he could drive",chemist,2.0,3.0,5.0
10,"Once upon a time, there was a big car named Dependable. He had a very","user
Once upon a time, there was a big car named Dependable. He had a very good head of a quack, a quack",chemist,2.0,3.0,7.0
10,"Once upon a time, there was a big car named Dependable. He had a very","user
Once upon a time, there was a big car named Dependable. He had a very big engine, and he was very popular. He",economist,3.0,3.0,3.0
10,"Once upon a time, there was a big car named Dependable. He had a very","user
Once upon a time, there was a big car named Dependable. He had a very big engine, and he was very good at driving",economist,3.0,3.0,5.0
10,"Once upon a time, there was a big car named Dependable. He had a very","user
Once upon a time, there was a big car named Dependable. He had a very big engine, and he was very good at driving",economist,3.0,3.0,7.0
10,"Once upon a time, there was a big car named Dependable. He had a very","user
Once upon a time, there was a big car named Dependable. He had a very large amount of money. He had a very large",writer,4.0,3.0,3.0
10,"Once upon a time, there was a big car named Dependable. He had a very","user
Once upon a time, there was a big car named Dependable. He had a very large amount of money. He had a very large",writer,4.0,3.0,5.0
10,"Once upon a time, there was a big car named Dependable. He had a very","user
Once upon a time, there was a big car named Dependable. He had a very large amount of money. He was a very good",writer,4.0,3.0,7.0
10,"Once upon a time, there was a big car named Dependable. He had a very","user
Once upon a time, there was a big car named Dependable. He had a very large amount of money. He wanted to go to",farmer,5.0,3.0,3.0
10,"Once upon a time, there was a big car named Dependable. He had a very","user
Once upon a time, there was a big car named Dependable. He had a very large field of farforgia. The farf",farmer,5.0,3.0,5.0
10,"Once upon a time, there was a big car named Dependable. He had a very","user
Once upon a time, there was a big car named Dependable. He had a very large field far far far far fall far far far",farmer,5.0,3.0,7.0
10,"Once upon a time, there was a big car named Dependable. He had a very","user
Once upon a time, there was a big car named Dependable. He had a very large amount of money. He had a very large",physicist,6.0,2.0,3.0
10,"Once upon a time, there was a big car named Dependable. He had a very","user
Once upon a time, there was a big car named Dependable. He had a very large amount of money, and he wanted to go",physicist,6.0,2.0,5.0
10,"Once upon a time, there was a big car named Dependable. He had a very","user
Once upon a time, there was a big car named Dependable. He had a very large amount of money, and he wanted to go",physicist,6.0,2.0,7.0
10,"Once upon a time, there was a big car named Dependable. He had a very","user
Once upon a time, there was a big car named Dependable. He had a very big brain and a very big heart. He was",psychologist,7.0,2.0,3.0
10,"Once upon a time, there was a big car named Dependable. He had a very","user
Once upon a time, there was a big car named Dependable. He had a very big brain and a lot of psychology. He was",psychologist,7.0,2.0,5.0
10,"Once upon a time, there was a big car named Dependable. He had a very","user
Once upon a time, there was a big car named Dependable. He had a very big psychology research and learning psychology research and learning psychology",psychologist,7.0,2.0,7.0
10,"Once upon a time, there was a big car named Dependable. He had a very","user
Once upon a time, there was a big car named Dependable. He had a very large amount of money. He was able to buy",artist,8.0,2.0,3.0
10,"Once upon a time, there was a big car named Dependable. He had a very","user
Once upon a time, there was a big car named Dependable. He had a very large amount of money. He was able to buy",artist,8.0,2.0,5.0
10,"Once upon a time, there was a big car named Dependable. He had a very","user
Once upon a time, there was a big car named Dependable. He had a very large amount of money. He was in a car",artist,8.0,2.0,7.0
10,"Once upon a time, there was a big car named Dependable. He had a very","user
Once upon a time, there was a big car named Dependable. He had a very large amount of money. He had a very large",technician,9.0,2.0,3.0
10,"Once upon a time, there was a big car named Dependable. He had a very","user
Once upon a time, there was a big car named Dependable. He had a very big engine, and he was very good at driving",technician,9.0,2.0,5.0
10,"Once upon a time, there was a big car named Dependable. He had a very","user
Once upon a time, there was a big car named Dependable. He had a very good driver, and he had a very good driver",technician,9.0,2.0,7.0
11,"Once upon a time, there was a boy named Tim. He liked to wear","Once upon a time, there was a boy named Tim. He liked to wear a hat. He had a hat that was a",,,,
11,"Once upon a time, there was a boy named Tim. He liked to wear","user
Once upon a time, there was a boy named Tim. He liked to wear a headmaster's headmaster headmaster headmaster",manager,0.0,5.0,3.0
11,"Once upon a time, there was a boy named Tim. He liked to wear","user
Once upon a time, there was a boy named Tim. He liked to wear headmaster headmaster headmaster headmaster headmaster",manager,0.0,5.0,5.0
11,"Once upon a time, there was a boy named Tim. He liked to wear","user
Once upon a time, there was a boy named Tim. He liked to wear headmaster headmaster headmaster headmaster headmaster",manager,0.0,5.0,7.0
11,"Once upon a time, there was a boy named Tim. He liked to wear","user
Once upon a time, there was a boy named Tim. He liked to wear a hat and a scarf. He had a lot",teacher,1.0,3.0,3.0
11,"Once upon a time, there was a boy named Tim. He liked to wear","user
Once upon a time, there was a boy named Tim. He liked to wear a hat and a scarf. He also liked to",teacher,1.0,3.0,5.0
11,"Once upon a time, there was a boy named Tim. He liked to wear","user
Once upon a time, there was a boy named Tim. He liked to wear a number of different colors in his hair. He",teacher,1.0,3.0,7.0
11,"Once upon a time, there was a boy named Tim. He liked to wear","user
Once upon a time, there was a boy named Tim. He liked to wear a hat on his head. He always kept a",chemist,2.0,3.0,3.0
11,"Once upon a time, there was a boy named Tim. He liked to wear","user
Once upon a time, there was a boy named Tim. He liked to wear a hat on his head. He always kept a",chemist,2.0,3.0,5.0
11,"Once upon a time, there was a boy named Tim. He liked to wear","user
Once upon a time, there was a boy named Tim. He liked to wear a vest of a vest of a vest of a",chemist,2.0,3.0,7.0
11,"Once upon a time, there was a boy named Tim. He liked to wear","user
Once upon a time, there was a boy named Tim. He liked to wear a hat. He has a hat that is a",economist,3.0,3.0,3.0
11,"Once upon a time, there was a boy named Tim. He liked to wear","user
Once upon a time, there was a boy named Tim. He liked to wear a hat. He has a hat that is a",economist,3.0,3.0,5.0
11,"Once upon a time, there was a boy named Tim. He liked to wear","user
Once upon a time, there was a boy named Tim. He liked to wear a hat. He has a hat that is a",economist,3.0,3.0,7.0
11,"Once upon a time, there was a boy named Tim. He liked to wear","user
Once upon a time, there was a boy named Tim. He liked to wear a hat. He had a hat that was a",writer,4.0,3.0,3.0
11,"Once upon a time, there was a boy named Tim. He liked to wear","user
Once upon a time, there was a boy named Tim. He liked to wear a dress that was made of a pattern. The",writer,4.0,3.0,5.0
11,"Once upon a time, there was a boy named Tim. He liked to wear","user
Once upon a time, there was a boy named Tim. He liked to wear a dress that was made of a designer designer designer",writer,4.0,3.0,7.0
11,"Once upon a time, there was a boy named Tim. He liked to wear","user
Once upon a time, there was a boy named Tim. He liked to wear a hat. He always wanted to wear a hat",farmer,5.0,3.0,3.0
11,"Once upon a time, there was a boy named Tim. He liked to wear","user
Once upon a time, there was a boy named Tim. He liked to wear a jacket that was very large. He was a",farmer,5.0,3.0,5.0
11,"Once upon a time, there was a boy named Tim. He liked to wear","user
Once upon a time, there was a boy named Tim. He liked to wear plonoic far fields far fields far fields...",farmer,5.0,3.0,7.0
11,"Once upon a time, there was a boy named Tim. He liked to wear","user
Once upon a time, there was a boy named Tim. He liked to wear a hat. He often wore a hat that was",physicist,6.0,2.0,3.0
11,"Once upon a time, there was a boy named Tim. He liked to wear","user
Once upon a time, there was a boy named Tim. He liked to wear a hat. He often wears a hat that is",physicist,6.0,2.0,5.0
11,"Once upon a time, there was a boy named Tim. He liked to wear","user
Once upon a time, there was a boy named Tim. He liked to wear a hat. He often practiced with his father,",physicist,6.0,2.0,7.0
11,"Once upon a time, there was a boy named Tim. He liked to wear","user
Once upon a time, there was a boy named Tim. He liked to wear a lot of different colors. He has a psychology",psychologist,7.0,2.0,3.0
11,"Once upon a time, there was a boy named Tim. He liked to wear","user
Once upon a time, there was a boy named Tim. He liked to wear a psychological research and development (PRD) research",psychologist,7.0,2.0,5.0
11,"Once upon a time, there was a boy named Tim. He liked to wear","user
Once upon a time, there was a boy named Tim. He liked to wear a psychology research and developmental psychology research and developmental psychology",psychologist,7.0,2.0,7.0
11,"Once upon a time, there was a boy named Tim. He liked to wear","user
Once upon a time, there was a boy named Tim. He liked to wear a hat. He used to wear a hat that",artist,8.0,2.0,3.0
11,"Once upon a time, there was a boy named Tim. He liked to wear","user
Once upon a time, there was a boy named Tim. He liked to wear a hat. He used to wear a hat that",artist,8.0,2.0,5.0
11,"Once upon a time, there was a boy named Tim. He liked to wear","user
Once upon a time, there was a boy named Tim. He liked to wear a hat. He often wore a hat on his",artist,8.0,2.0,7.0
11,"Once upon a time, there was a boy named Tim. He liked to wear","user
Once upon a time, there was a boy named Tim. He liked to wear a hat. He had a hat that was a",technician,9.0,2.0,3.0
11,"Once upon a time, there was a boy named Tim. He liked to wear","user
Once upon a time, there was a boy named Tim. He liked to wear a hat and a shirt. He was a good",technician,9.0,2.0,5.0
11,"Once upon a time, there was a boy named Tim. He liked to wear","user
Once upon a time, there was a boy named Tim. He liked to wear a costume. He was a good cook and a",technician,9.0,2.0,7.0
12,"One day, a girl named Mia went for a walk.","One day, a girl named Mia went for a walk. She started at 8:00 AM and",,,,
12,"One day, a girl named Mia went for a walk.","user
One day, a girl named Mia went for a walk. She was headmaster of the headmaster's head",manager,0.0,5.0,3.0
12,"One day, a girl named Mia went for a walk.","user
One day, a girl named Mia went for a walk. She manager in head head head head head head head",manager,0.0,5.0,5.0
12,"One day, a girl named Mia went for a walk.","user
One day, a girl named Mia went for a walk. Head head head head head head head head head head",manager,0.0,5.0,7.0
12,"One day, a girl named Mia went for a walk.","user
One day, a girl named Mia went for a walk. She started at the park, and then she went",teacher,1.0,3.0,3.0
12,"One day, a girl named Mia went for a walk.","user
One day, a girl named Mia went for a walk. She started at home and walked to the park,",teacher,1.0,3.0,5.0
12,"One day, a girl named Mia went for a walk.","user
One day, a girl named Mia went for a walk. She took a walk in the park and then went",teacher,1.0,3.0,7.0
12,"One day, a girl named Mia went for a walk.","user
One day, a girl named Mia went for a walk. She had a total of 100 meters",chemist,2.0,3.0,3.0
12,"One day, a girl named Mia went for a walk.","user
One day, a girl named Mia went for a walk. She found a bench on the grassy side of",chemist,2.0,3.0,5.0
12,"One day, a girl named Mia went for a walk.","user
One day, a girl named Mia went for a walk. She wint hood in a snow snow snow snow",chemist,2.0,3.0,7.0
12,"One day, a girl named Mia went for a walk.","user
One day, a girl named Mia went for a walk. She started at the edge of a lake, and",economist,3.0,3.0,3.0
12,"One day, a girl named Mia went for a walk.","user
One day, a girl named Mia went for a walk. She started at the park, then walked 2",economist,3.0,3.0,5.0
12,"One day, a girl named Mia went for a walk.","user
One day, a girl named Mia went for a walk. She started at a point that is 10",economist,3.0,3.0,7.0
12,"One day, a girl named Mia went for a walk.","user
One day, a girl named Mia went for a walk. She started at the same time as her friend,",writer,4.0,3.0,3.0
12,"One day, a girl named Mia went for a walk.","user
One day, a girl named Mia went for a walk. She started at home, walked 3 km,",writer,4.0,3.0,5.0
12,"One day, a girl named Mia went for a walk.","user
One day, a girl named Mia went for a walk. She started at home, walked 3 km,",writer,4.0,3.0,7.0
12,"One day, a girl named Mia went for a walk.","user
One day, a girl named Mia went for a walk. She started with a certain amount of money, and",farmer,5.0,3.0,3.0
12,"One day, a girl named Mia went for a walk.","user
One day, a girl named Mia went for a walk. She picked up a field of farforgia,",farmer,5.0,3.0,5.0
12,"One day, a girl named Mia went for a walk.","user
One day, a girl named Mia went for a walk. She farforgia farforgia farforgia",farmer,5.0,3.0,7.0
12,"One day, a girl named Mia went for a walk.","user
One day, a girl named Mia went for a walk. She walked for 2 hours and then stopped.",physicist,6.0,2.0,3.0
12,"One day, a girl named Mia went for a walk.","user
One day, a girl named Mia went for a walk. She walked for 2 hours and then stopped.",physicist,6.0,2.0,5.0
12,"One day, a girl named Mia went for a walk.","user
One day, a girl named Mia went for a walk. She walked 200 meters each day,",physicist,6.0,2.0,7.0
12,"One day, a girl named Mia went for a walk.","user
One day, a girl named Mia went for a walk. She noticed that the time of day is 1",psychologist,7.0,2.0,3.0
12,"One day, a girl named Mia went for a walk.","user
One day, a girl named Mia went for a walk. She noticed that the psychology research on her learning and",psychologist,7.0,2.0,5.0
12,"One day, a girl named Mia went for a walk.","user
One day, a girl named Mia went for a walk. Her psychology research and child development psychology research is at",psychologist,7.0,2.0,7.0
12,"One day, a girl named Mia went for a walk.","user
One day, a girl named Mia went for a walk. She started at the park, and then she went",artist,8.0,2.0,3.0
12,"One day, a girl named Mia went for a walk.","user
One day, a girl named Mia went for a walk. She started at the beginning of the sidewalk, and",artist,8.0,2.0,5.0
12,"One day, a girl named Mia went for a walk.","user
One day, a girl named Mia went for a walk. She started from the studio, and then she walked",artist,8.0,2.0,7.0
12,"One day, a girl named Mia went for a walk.","user
One day, a girl named Mia went for a walk. She started at the same time as her friend,",technician,9.0,2.0,3.0
12,"One day, a girl named Mia went for a walk.","user
One day, a girl named Mia went for a walk. She started at the same time as her friend,",technician,9.0,2.0,5.0
12,"One day, a girl named Mia went for a walk.","user
One day, a girl named Mia went for a walk. She started at the same time as her friend,",technician,9.0,2.0,7.0
13,"Once upon a time, in a small house, there lived a little girl","Once upon a time, in a small house, there lived a little girl named Lily. She was known for her kindness and",,,,
13,"Once upon a time, in a small house, there lived a little girl","user
Once upon a time, in a small house, there lived a little girl named Alice. She was headmaster of a head",manager,0.0,5.0,3.0
13,"Once upon a time, in a small house, there lived a little girl","user
Once upon a time, in a small house, there lived a little girl headmaster general headmaster general headmaster general head",manager,0.0,5.0,5.0
13,"Once upon a time, in a small house, there lived a little girl","user
Once upon a time, in a small house, there lived a little girl head head head head head head head head head head",manager,0.0,5.0,7.0
13,"Once upon a time, in a small house, there lived a little girl","user
Once upon a time, in a small house, there lived a little girl named Lila. She had a very small house",teacher,1.0,3.0,3.0
13,"Once upon a time, in a small house, there lived a little girl","user
Once upon a time, in a small house, there lived a little girl who had a very small heart and a very small",teacher,1.0,3.0,5.0
13,"Once upon a time, in a small house, there lived a little girl","user
Once upon a time, in a small house, there lived a little girl who had a very small heart and a very small",teacher,1.0,3.0,7.0
13,"Once upon a time, in a small house, there lived a little girl","user
Once upon a time, in a small house, there lived a little girl named Lucy. She was a very kind and kind",chemist,2.0,3.0,3.0
13,"Once upon a time, in a small house, there lived a little girl","user
Once upon a time, in a small house, there lived a little girl named Lucy who lived in a small village in the",chemist,2.0,3.0,5.0
13,"Once upon a time, in a small house, there lived a little girl","user
Once upon a time, in a small house, there lived a little girl who always kept a quack quack quack",chemist,2.0,3.0,7.0
13,"Once upon a time, in a small house, there lived a little girl","user
Once upon a time, in a small house, there lived a little girl named Lila. She had a lot of dreams",economist,3.0,3.0,3.0
13,"Once upon a time, in a small house, there lived a little girl","user
Once upon a time, in a small house, there lived a little girl named Lily. She was a very kind and caring",economist,3.0,3.0,5.0
13,"Once upon a time, in a small house, there lived a little girl","user
Once upon a time, in a small house, there lived a little girl named Lily. She was a very kind and caring",economist,3.0,3.0,7.0
13,"Once upon a time, in a small house, there lived a little girl","user
Once upon a time, in a small house, there lived a little girl named Lila. She had a small garden with",writer,4.0,3.0,3.0
13,"Once upon a time, in a small house, there lived a little girl","user
Once upon a time, in a small house, there lived a little girl named Alice. She was a very small child,",writer,4.0,3.0,5.0
13,"Once upon a time, in a small house, there lived a little girl","user
Once upon a time, in a small house, there lived a little girl named Alice. She was a very small child,",writer,4.0,3.0,7.0
13,"Once upon a time, in a small house, there lived a little girl","user
Once upon a time, in a small house, there lived a little girl who was very young, and she had a small",farmer,5.0,3.0,3.0
13,"Once upon a time, in a small house, there lived a little girl","user
Once upon a time, in a small house, there lived a little girl who farmed a field of farmin~~",farmer,5.0,3.0,5.0
13,"Once upon a time, in a small house, there lived a little girl","user
Once upon a time, in a small house, there lived a little girl far from far fields, who far from far fields",farmer,5.0,3.0,7.0
13,"Once upon a time, in a small house, there lived a little girl","user
Once upon a time, in a small house, there lived a little girl named Lila. She loved to play with her",physicist,6.0,2.0,3.0
13,"Once upon a time, in a small house, there lived a little girl","user
Once upon a time, in a small house, there lived a little girl named Lila. She loved to play with her",physicist,6.0,2.0,5.0
13,"Once upon a time, in a small house, there lived a little girl","user
Once upon a time, in a small house, there lived a little girl who loved to play with string and string lights.",physicist,6.0,2.0,7.0
13,"Once upon a time, in a small house, there lived a little girl","user
Once upon a time, in a small house, there lived a little girl named Alice. She had a big brain and a",psychologist,7.0,2.0,3.0
13,"Once upon a time, in a small house, there lived a little girl","user
Once upon a time, in a small house, there lived a little girl named Lucy. She was a child of two different",psychologist,7.0,2.0,5.0
13,"Once upon a time, in a small house, there lived a little girl","user
Once upon a time, in a small house, there lived a little girl named Lucy. She was a child of her psychology",psychologist,7.0,2.0,7.0
13,"Once upon a time, in a small house, there lived a little girl","user
Once upon a time, in a small house, there lived a little girl named Lila. She lived in a small house",artist,8.0,2.0,3.0
13,"Once upon a time, in a small house, there lived a little girl","user
Once upon a time, in a small house, there lived a little girl named Lila. She lived in a small house",artist,8.0,2.0,5.0
13,"Once upon a time, in a small house, there lived a little girl","user
Once upon a time, in a small house, there lived a little girl named Lila. She lived in a small house",artist,8.0,2.0,7.0
13,"Once upon a time, in a small house, there lived a little girl","user
Once upon a time, in a small house, there lived a little girl named Lila. She had a cat, a",technician,9.0,2.0,3.0
13,"Once upon a time, in a small house, there lived a little girl","user
Once upon a time, in a small house, there lived a little girl named Lila. She was a very kind and",technician,9.0,2.0,5.0
13,"Once upon a time, in a small house, there lived a little girl","user
Once upon a time, in a small house, there lived a little girl named Lila. She was a very good cook",technician,9.0,2.0,7.0
14,"Once upon a time, in a big forest, there was a tiny mushroom. It","Once upon a time, in a big forest, there was a tiny mushroom. It started to grow in the forest. The forest was",,,,
14,"Once upon a time, in a big forest, there was a tiny mushroom. It","user
Once upon a time, in a big forest, there was a tiny mushroom. It was headmaster of the forest headmaster. The",manager,0.0,5.0,3.0
14,"Once upon a time, in a big forest, there was a tiny mushroom. It","user
Once upon a time, in a big forest, there was a tiny mushroom. It was head head head head head head head head head",manager,0.0,5.0,5.0
14,"Once upon a time, in a big forest, there was a tiny mushroom. It","user
Once upon a time, in a big forest, there was a tiny mushroom. It was head head head head head head head head head",manager,0.0,5.0,7.0
14,"Once upon a time, in a big forest, there was a tiny mushroom. It","user
Once upon a time, in a big forest, there was a tiny mushroom. It started to grow in the forest, and it took",teacher,1.0,3.0,3.0
14,"Once upon a time, in a big forest, there was a tiny mushroom. It","user
Once upon a time, in a big forest, there was a tiny mushroom. It started to grow in the forest and it took a",teacher,1.0,3.0,5.0
14,"Once upon a time, in a big forest, there was a tiny mushroom. It","user
Once upon a time, in a big forest, there was a tiny mushroom. It began to grow up in the middle of the forest",teacher,1.0,3.0,7.0
14,"Once upon a time, in a big forest, there was a tiny mushroom. It","user
Once upon a time, in a big forest, there was a tiny mushroom. It was a mushroom that was a bit of a problem",chemist,2.0,3.0,3.0
14,"Once upon a time, in a big forest, there was a tiny mushroom. It","user
Once upon a time, in a big forest, there was a tiny mushroom. It was a mushroom of a certain size, and the",chemist,2.0,3.0,5.0
14,"Once upon a time, in a big forest, there was a tiny mushroom. It","user
Once upon a time, in a big forest, there was a tiny mushroom. It was a quill quill quill quill",chemist,2.0,3.0,7.0
14,"Once upon a time, in a big forest, there was a tiny mushroom. It","user
Once upon a time, in a big forest, there was a tiny mushroom. It started to grow in the forest. The forest was",economist,3.0,3.0,3.0
14,"Once upon a time, in a big forest, there was a tiny mushroom. It","user
Once upon a time, in a big forest, there was a tiny mushroom. It started to grow in the forest. The forest was",economist,3.0,3.0,5.0
14,"Once upon a time, in a big forest, there was a tiny mushroom. It","user
Once upon a time, in a big forest, there was a tiny mushroom. It started to grow in the forest. The forest is",economist,3.0,3.0,7.0
14,"Once upon a time, in a big forest, there was a tiny mushroom. It","user
Once upon a time, in a big forest, there was a tiny mushroom. It started to grow in the forest. The forest was",writer,4.0,3.0,3.0
14,"Once upon a time, in a big forest, there was a tiny mushroom. It","user
Once upon a time, in a big forest, there was a tiny mushroom. It started to grow in the forest. The forest was",writer,4.0,3.0,5.0
14,"Once upon a time, in a big forest, there was a tiny mushroom. It","user
Once upon a time, in a big forest, there was a tiny mushroom. It started to grow in the forest. The forest was",writer,4.0,3.0,7.0
14,"Once upon a time, in a big forest, there was a tiny mushroom. It","user
Once upon a time, in a big forest, there was a tiny mushroom. It was a very small one, and it was a",farmer,5.0,3.0,3.0
14,"Once upon a time, in a big forest, there was a tiny mushroom. It","user
Once upon a time, in a big forest, there was a tiny mushroom. It first fell on the far field of the field,",farmer,5.0,3.0,5.0
14,"Once upon a time, in a big forest, there was a tiny mushroom. It","user
Once upon a time, in a big forest, there was a tiny mushroom. It farfared farforted farforted far",farmer,5.0,3.0,7.0
14,"Once upon a time, in a big forest, there was a tiny mushroom. It","user
Once upon a time, in a big forest, there was a tiny mushroom. It started to grow in the forest. The forest was",physicist,6.0,2.0,3.0
14,"Once upon a time, in a big forest, there was a tiny mushroom. It","user
Once upon a time, in a big forest, there was a tiny mushroom. It was growing fast, and it was growing up to",physicist,6.0,2.0,5.0
14,"Once upon a time, in a big forest, there was a tiny mushroom. It","user
Once upon a time, in a big forest, there was a tiny mushroom. It was growing fast, and it was growing up to",physicist,6.0,2.0,7.0
14,"Once upon a time, in a big forest, there was a tiny mushroom. It","user
Once upon a time, in a big forest, there was a tiny mushroom. It was in a tree, and it was growing in",psychologist,7.0,2.0,3.0
14,"Once upon a time, in a big forest, there was a tiny mushroom. It","user
Once upon a time, in a big forest, there was a tiny mushroom. It was in the psychology of the human brain, and",psychologist,7.0,2.0,5.0
14,"Once upon a time, in a big forest, there was a tiny mushroom. It","user
Once upon a time, in a big forest, there was a tiny mushroom. It was in the psychology of the human brain, and",psychologist,7.0,2.0,7.0
14,"Once upon a time, in a big forest, there was a tiny mushroom. It","user
Once upon a time, in a big forest, there was a tiny mushroom. It started to grow in the forest. The mushrooms were",artist,8.0,2.0,3.0
14,"Once upon a time, in a big forest, there was a tiny mushroom. It","user
Once upon a time, in a big forest, there was a tiny mushroom. It started to grow in the forest. The mushrooms were",artist,8.0,2.0,5.0
14,"Once upon a time, in a big forest, there was a tiny mushroom. It","user
Once upon a time, in a big forest, there was a tiny mushroom. It started to grow in the forest. The mushrooms began",artist,8.0,2.0,7.0
14,"Once upon a time, in a big forest, there was a tiny mushroom. It","user
Once upon a time, in a big forest, there was a tiny mushroom. It started to grow on the first day, and then",technician,9.0,2.0,3.0
14,"Once upon a time, in a big forest, there was a tiny mushroom. It","user
Once upon a time, in a big forest, there was a tiny mushroom. It started to grow and it was a very small mushroom",technician,9.0,2.0,5.0
14,"Once upon a time, in a big forest, there was a tiny mushroom. It","user
Once upon a time, in a big forest, there was a tiny mushroom. It was a mushroom that was very small. The mushroom",technician,9.0,2.0,7.0
15,"Once upon a time, there was","Once upon a time, there was a man who lived in a village called Elan",,,,
15,"Once upon a time, there was","user
Once upon a time, there was a general manager manager manager manager manager manager manager manager",manager,0.0,5.0,3.0
15,"Once upon a time, there was","user
Once upon a time, there was a headmaster general director general director general director general",manager,0.0,5.0,5.0
15,"Once upon a time, there was","user
Once upon a time, there was a head head head head head head head head head",manager,0.0,5.0,7.0
15,"Once upon a time, there was","user
Once upon a time, there was a man who had a lot of money and a",teacher,1.0,3.0,3.0
15,"Once upon a time, there was","user
Once upon a time, there was a group of people who were in a room with",teacher,1.0,3.0,5.0
15,"Once upon a time, there was","user
Once upon a time, there was a math competition in which a math competition in which",teacher,1.0,3.0,7.0
15,"Once upon a time, there was","user
Once upon a time, there was a boy who was very interested in the number of",chemist,2.0,3.0,3.0
15,"Once upon a time, there was","user
Once upon a time, there was a farmer who owned a farm in the north of",chemist,2.0,3.0,5.0
15,"Once upon a time, there was","user
Once upon a time, there was a farmer who owned a row of quacks in",chemist,2.0,3.0,7.0
15,"Once upon a time, there was","user
Once upon a time, there was a man named John. He was a man of",economist,3.0,3.0,3.0
15,"Once upon a time, there was","user
Once upon a time, there was a man named John. He was a mathematician",economist,3.0,3.0,5.0
15,"Once upon a time, there was","user
Once upon a time, there was a man who was a mathematician. He was",economist,3.0,3.0,7.0
15,"Once upon a time, there was","user
Once upon a time, there was a man named John. He was a man of",writer,4.0,3.0,3.0
15,"Once upon a time, there was","user
Once upon a time, there was a farmer who lived in a village. The farmer",writer,4.0,3.0,5.0
15,"Once upon a time, there was","user
Once upon a time, there was a farmer who lived in a village. The farmer",writer,4.0,3.0,7.0
15,"Once upon a time, there was","user
Once upon a time, there was a field that was a square field. The field",farmer,5.0,3.0,3.0
15,"Once upon a time, there was","user
Once upon a time, there was a field that far past the time of the fall",farmer,5.0,3.0,5.0
15,"Once upon a time, there was","user
Once upon a time, there was a far-fort~~~~~~",farmer,5.0,3.0,7.0
15,"Once upon a time, there was","user
Once upon a time, there was a man who lived in a village. He had",physicist,6.0,2.0,3.0
15,"Once upon a time, there was","user
Once upon a time, there was a man who lived in a village. He had",physicist,6.0,2.0,5.0
15,"Once upon a time, there was","user
Once upon a time, there was a person who wanted to make a living as a",physicist,6.0,2.0,7.0
15,"Once upon a time, there was","user
Once upon a time, there was a child who was learning about the psychology of learning",psychologist,7.0,2.0,3.0
15,"Once upon a time, there was","user
Once upon a time, there was a child who learned to play a game of psychology",psychologist,7.0,2.0,5.0
15,"Once upon a time, there was","user
Once upon a time, there was a child who learned psychology and psychology research. He",psychologist,7.0,2.0,7.0
15,"Once upon a time, there was","user
Once upon a time, there was a man named John. He was a man of",artist,8.0,2.0,3.0
15,"Once upon a time, there was","user
Once upon a time, there was a man named John. He was a painter.",artist,8.0,2.0,5.0
15,"Once upon a time, there was","user
Once upon a time, there was a man named John. He was a painter.",artist,8.0,2.0,7.0
15,"Once upon a time, there was","user
Once upon a time, there was a man named John. He was a baker.",technician,9.0,2.0,3.0
15,"Once upon a time, there was","user
Once upon a time, there was a man named John. He was a baker,",technician,9.0,2.0,5.0
15,"Once upon a time, there was","user
Once upon a time, there was a man who was a baker, and the baker",technician,9.0,2.0,7.0
16,"Once upon a time, there was a little white cat named Fluffy. Fluffy","Once upon a time, there was a little white cat named Fluffy. Fluffy lived in a house with a cat and a dog",,,,
16,"Once upon a time, there was a little white cat named Fluffy. Fluffy","user
Once upon a time, there was a little white cat named Fluffy. Fluffy was the head of the cat headmaster general.",manager,0.0,5.0,3.0
16,"Once upon a time, there was a little white cat named Fluffy. Fluffy","user
Once upon a time, there was a little white cat named Fluffy. Fluffy was headmaster of the headmaster headmaster head",manager,0.0,5.0,5.0
16,"Once upon a time, there was a little white cat named Fluffy. Fluffy","user
Once upon a time, there was a little white cat named Fluffy. Fluffy manager head head head head head head head head head",manager,0.0,5.0,7.0
16,"Once upon a time, there was a little white cat named Fluffy. Fluffy","user
Once upon a time, there was a little white cat named Fluffy. Fluffy had a very special ability to see colors. She",teacher,1.0,3.0,3.0
16,"Once upon a time, there was a little white cat named Fluffy. Fluffy","user
Once upon a time, there was a little white cat named Fluffy. Fluffy had a very special ability to read and write numbers",teacher,1.0,3.0,5.0
16,"Once upon a time, there was a little white cat named Fluffy. Fluffy","user
Once upon a time, there was a little white cat named Fluffy. Fluffy had a very special kind of math problem to solve",teacher,1.0,3.0,7.0
16,"Once upon a time, there was a little white cat named Fluffy. Fluffy","user
Once upon a time, there was a little white cat named Fluffy. Fluffy is a very good at doing some kind of task",chemist,2.0,3.0,3.0
16,"Once upon a time, there was a little white cat named Fluffy. Fluffy","user
Once upon a time, there was a little white cat named Fluffy. Fluffy is a snow white snow white snow white snow white",chemist,2.0,3.0,5.0
16,"Once upon a time, there was a little white cat named Fluffy. Fluffy","user
Once upon a time, there was a little white cat named Fluffy. Fluffy is a snow white snow white snow white snow white",chemist,2.0,3.0,7.0
16,"Once upon a time, there was a little white cat named Fluffy. Fluffy","user
Once upon a time, there was a little white cat named Fluffy. Fluffy is a cat who loves to play with other cats",economist,3.0,3.0,3.0
16,"Once upon a time, there was a little white cat named Fluffy. Fluffy","user
Once upon a time, there was a little white cat named Fluffy. Fluffy is a cat who loves to play with other cats",economist,3.0,3.0,5.0
16,"Once upon a time, there was a little white cat named Fluffy. Fluffy","user
Once upon a time, there was a little white cat named Fluffy. Fluffy is a cat who loves to play with her toys",economist,3.0,3.0,7.0
16,"Once upon a time, there was a little white cat named Fluffy. Fluffy","user
Once upon a time, there was a little white cat named Fluffy. Fluffy is a cat with a very small amount of hair",writer,4.0,3.0,3.0
16,"Once upon a time, there was a little white cat named Fluffy. Fluffy","user
Once upon a time, there was a little white cat named Fluffy. Fluffy is a cat with a very small amount of hair",writer,4.0,3.0,5.0
16,"Once upon a time, there was a little white cat named Fluffy. Fluffy","user
Once upon a time, there was a little white cat named Fluffy. Fluffy is a cat with a very small amount of hair",writer,4.0,3.0,7.0
16,"Once upon a time, there was a little white cat named Fluffy. Fluffy","user
Once upon a time, there was a little white cat named Fluffy. Fluffy had a small field of corn in the field of",farmer,5.0,3.0,3.0
16,"Once upon a time, there was a little white cat named Fluffy. Fluffy","user
Once upon a time, there was a little white cat named Fluffy. Fluffy is a cat that has a far less plable",farmer,5.0,3.0,5.0
16,"Once upon a time, there was a little white cat named Fluffy. Fluffy","user
Once upon a time, there was a little white cat named Fluffy. Fluffy far past the far fields of the far fields of",farmer,5.0,3.0,7.0
16,"Once upon a time, there was a little white cat named Fluffy. Fluffy","user
Once upon a time, there was a little white cat named Fluffy. Fluffy loves to play with the ball. He loves to",physicist,6.0,2.0,3.0
16,"Once upon a time, there was a little white cat named Fluffy. Fluffy","user
Once upon a time, there was a little white cat named Fluffy. Fluffy loves to play with the strings of the strings of",physicist,6.0,2.0,5.0
16,"Once upon a time, there was a little white cat named Fluffy. Fluffy","user
Once upon a time, there was a little white cat named Fluffy. Fluffy loves to play with string. He loves string because",physicist,6.0,2.0,7.0
16,"Once upon a time, there was a little white cat named Fluffy. Fluffy","user
Once upon a time, there was a little white cat named Fluffy. Fluffy has a special ability to remember the colors of the",psychologist,7.0,2.0,3.0
16,"Once upon a time, there was a little white cat named Fluffy. Fluffy","user
Once upon a time, there was a little white cat named Fluffy. Fluffy has a psychology research lab and is learning the different",psychologist,7.0,2.0,5.0
16,"Once upon a time, there was a little white cat named Fluffy. Fluffy","user
Once upon a time, there was a little white cat named Fluffy. Fluffy has a psychology and developmental research psychology research and child",psychologist,7.0,2.0,7.0
16,"Once upon a time, there was a little white cat named Fluffy. Fluffy","user
Once upon a time, there was a little white cat named Fluffy. Fluffy is a cat with a very long tail. The",artist,8.0,2.0,3.0
16,"Once upon a time, there was a little white cat named Fluffy. Fluffy","user
Once upon a time, there was a little white cat named Fluffy. Fluffy is a cat with a very unique style. She",artist,8.0,2.0,5.0
16,"Once upon a time, there was a little white cat named Fluffy. Fluffy","user
Once upon a time, there was a little white cat named Fluffy. Fluffy is a cat with a very unique style. She",artist,8.0,2.0,7.0
16,"Once upon a time, there was a little white cat named Fluffy. Fluffy","user
Once upon a time, there was a little white cat named Fluffy. Fluffy had a cat named Fluffy. Fluffy had",technician,9.0,2.0,3.0
16,"Once upon a time, there was a little white cat named Fluffy. Fluffy","user
Once upon a time, there was a little white cat named Fluffy. Fluffy is a cat with a very good job. He",technician,9.0,2.0,5.0
16,"Once upon a time, there was a little white cat named Fluffy. Fluffy","user
Once upon a time, there was a little white cat named Fluffy. Fluffy is a cat who lives in a house. The",technician,9.0,2.0,7.0
17,"Once upon a time, there was a big octopus. He lived","Once upon a time, there was a big octopus. He lived in a cave. He had a big, big",,,,
17,"Once upon a time, there was a big octopus. He lived","user
Once upon a time, there was a big octopus. He lived in a director director director director director director director director",manager,0.0,5.0,3.0
17,"Once upon a time, there was a big octopus. He lived","user
Once upon a time, there was a big octopus. He lived in a director director director director director director director director",manager,0.0,5.0,5.0
17,"Once upon a time, there was a big octopus. He lived","user
Once upon a time, there was a big octopus. He lived in a head head head head head head head head",manager,0.0,5.0,7.0
17,"Once upon a time, there was a big octopus. He lived","user
Once upon a time, there was a big octopus. He lived in a very large cave. He had a very",teacher,1.0,3.0,3.0
17,"Once upon a time, there was a big octopus. He lived","user
Once upon a time, there was a big octopus. He lived in a very large cave. He had a very",teacher,1.0,3.0,5.0
17,"Once upon a time, there was a big octopus. He lived","user
Once upon a time, there was a big octopus. He lived in a very small cave in the middle of a",teacher,1.0,3.0,7.0
17,"Once upon a time, there was a big octopus. He lived","user
Once upon a time, there was a big octopus. He lived in a cave. He was a very large and",chemist,2.0,3.0,3.0
17,"Once upon a time, there was a big octopus. He lived","user
Once upon a time, there was a big octopus. He lived in a cave in the jungle, and he was",chemist,2.0,3.0,5.0
17,"Once upon a time, there was a big octopus. He lived","user
Once upon a time, there was a big octopus. He lived in a cave in the jungle, and he was",chemist,2.0,3.0,7.0
17,"Once upon a time, there was a big octopus. He lived","user
Once upon a time, there was a big octopus. He lived in a big octagon. The octagon has",economist,3.0,3.0,3.0
17,"Once upon a time, there was a big octopus. He lived","user
Once upon a time, there was a big octopus. He lived in a big octagon. The octagon has",economist,3.0,3.0,5.0
17,"Once upon a time, there was a big octopus. He lived","user
Once upon a time, there was a big octopus. He lived in a big octagon. The octagon is",economist,3.0,3.0,7.0
17,"Once upon a time, there was a big octopus. He lived","user
Once upon a time, there was a big octopus. He lived in a cave. The cave was a square.",writer,4.0,3.0,3.0
17,"Once upon a time, there was a big octopus. He lived","user
Once upon a time, there was a big octopus. He lived in a cave. The cave was a square.",writer,4.0,3.0,5.0
17,"Once upon a time, there was a big octopus. He lived","user
Once upon a time, there was a big octopus. He lived in a cave. The cave was a square.",writer,4.0,3.0,7.0
17,"Once upon a time, there was a big octopus. He lived","user
Once upon a time, there was a big octopus. He lived on a field in the far field. He had",farmer,5.0,3.0,3.0
17,"Once upon a time, there was a big octopus. He lived","user
Once upon a time, there was a big octopus. He lived on a far field far field far field far field",farmer,5.0,3.0,5.0
17,"Once upon a time, there was a big octopus. He lived","user
Once upon a time, there was a big octopus. He lived on a far far far far far far far far",farmer,5.0,3.0,7.0
17,"Once upon a time, there was a big octopus. He lived","user
Once upon a time, there was a big octopus. He lived in a small island. He was a very smart",physicist,6.0,2.0,3.0
17,"Once upon a time, there was a big octopus. He lived","user
Once upon a time, there was a big octopus. He lived in a small island. He was a very wise",physicist,6.0,2.0,5.0
17,"Once upon a time, there was a big octopus. He lived","user
Once upon a time, there was a big octopus. He lived in a deep sea. He was a very strong",physicist,6.0,2.0,7.0
17,"Once upon a time, there was a big octopus. He lived","user
Once upon a time, there was a big octopus. He lived in a big octagonal room. The octopus",psychologist,7.0,2.0,3.0
17,"Once upon a time, there was a big octopus. He lived","user
Once upon a time, there was a big octopus. He lived in a big psychology research lab. He was a",psychologist,7.0,2.0,5.0
17,"Once upon a time, there was a big octopus. He lived","user
Once upon a time, there was a big octopus. He lived in a big psychology research lab. He was a",psychologist,7.0,2.0,7.0
17,"Once upon a time, there was a big octopus. He lived","user
Once upon a time, there was a big octopus. He lived in a small island. He was a very big",artist,8.0,2.0,3.0
17,"Once upon a time, there was a big octopus. He lived","user
Once upon a time, there was a big octopus. He lived in a small island. He was known for his",artist,8.0,2.0,5.0
17,"Once upon a time, there was a big octopus. He lived","user
Once upon a time, there was a big octopus. He lived in a small island. He was known for his",artist,8.0,2.0,7.0
17,"Once upon a time, there was a big octopus. He lived","user
Once upon a time, there was a big octopus. He lived in a small island. He had a small amount",technician,9.0,2.0,3.0
17,"Once upon a time, there was a big octopus. He lived","user
Once upon a time, there was a big octopus. He lived in a small island. He had a lot of",technician,9.0,2.0,5.0
17,"Once upon a time, there was a big octopus. He lived","user
Once upon a time, there was a big octopus. He lived in a small island. He was a good worker",technician,9.0,2.0,7.0
18,"One day, a silly cat named","One day, a silly cat named Zara is playing with her cat toys. She",,,,
18,"One day, a silly cat named","user
One day, a silly cat named Bob is headmaster of a school principal headmaster",manager,0.0,5.0,3.0
18,"One day, a silly cat named","user
One day, a silly cat named General President President President President President President President President President",manager,0.0,5.0,5.0
18,"One day, a silly cat named","user
One day, a silly cat named General President President President President President President President President President",manager,0.0,5.0,7.0
18,"One day, a silly cat named","user
One day, a silly cat named Mika is in a park. She has a",teacher,1.0,3.0,3.0
18,"One day, a silly cat named","user
One day, a silly cat named Alonzo came to the park and he was",teacher,1.0,3.0,5.0
18,"One day, a silly cat named","user
One day, a silly cat named Alonzo came to the math forum and sat",teacher,1.0,3.0,7.0
18,"One day, a silly cat named","user
One day, a silly cat named Fido the silly cat, who is a cat",chemist,2.0,3.0,3.0
18,"One day, a silly cat named","user
One day, a silly cat named Fido the Fido is in a box of",chemist,2.0,3.0,5.0
18,"One day, a silly cat named","user
One day, a silly cat named Fido the Fido the Fido is in",chemist,2.0,3.0,7.0
18,"One day, a silly cat named","user
One day, a silly cat named Alice is playing with her cat's tail. She",economist,3.0,3.0,3.0
18,"One day, a silly cat named","user
One day, a silly cat named Alice is playing with her cat. She is trying",economist,3.0,3.0,5.0
18,"One day, a silly cat named","user
One day, a silly cat named Alice is found in a park. She is wearing",economist,3.0,3.0,7.0
18,"One day, a silly cat named","user
One day, a silly cat named Alice and a cat named Bob are in a room",writer,4.0,3.0,3.0
18,"One day, a silly cat named","user
One day, a silly cat named Mika is trying to get to the top of",writer,4.0,3.0,5.0
18,"One day, a silly cat named","user
One day, a silly cat named Mika is trying to eat a cat food bowl",writer,4.0,3.0,7.0
18,"One day, a silly cat named","user
One day, a silly cat named Tom has a field of 1000",farmer,5.0,3.0,3.0
18,"One day, a silly cat named","user
One day, a silly cat named Tom has a field of 2000",farmer,5.0,3.0,5.0
18,"One day, a silly cat named","user
One day, a silly cat named farforgia the cat~~~~~",farmer,5.0,3.0,7.0
18,"One day, a silly cat named","user
One day, a silly cat named Moe has a problem. He has a rectangular",physicist,6.0,2.0,3.0
18,"One day, a silly cat named","user
One day, a silly cat named Moe is playing with his cat toys. He",physicist,6.0,2.0,5.0
18,"One day, a silly cat named","user
One day, a silly cat named Maximize is playing with his string of string variables",physicist,6.0,2.0,7.0
18,"One day, a silly cat named","user
One day, a silly cat named Alice and a smart cat named Bob are in a",psychologist,7.0,2.0,3.0
18,"One day, a silly cat named","user
One day, a silly cat named Zohari and a big brain psychologist, Dr",psychologist,7.0,2.0,5.0
18,"One day, a silly cat named","user
One day, a silly cat named Carol is learning her child development psychology research and is",psychologist,7.0,2.0,7.0
18,"One day, a silly cat named","user
One day, a silly cat named Alice is in a room with a window that is",artist,8.0,2.0,3.0
18,"One day, a silly cat named","user
One day, a silly cat named Alice is in a room with a window that is",artist,8.0,2.0,5.0
18,"One day, a silly cat named","user
One day, a silly cat named Alice is in a room with a window that is",artist,8.0,2.0,7.0
18,"One day, a silly cat named","user
One day, a silly cat named Alice is on a walk. She has a cat",technician,9.0,2.0,3.0
18,"One day, a silly cat named","user
One day, a silly cat named Alice is on a train. She is on a",technician,9.0,2.0,5.0
18,"One day, a silly cat named","user
One day, a silly cat named Alice is on a train. The train is on",technician,9.0,2.0,7.0
19,"Once upon a time, there was a polite","Once upon a time, there was a polite and kind man named John. He lived in a",,,,
19,"Once upon a time, there was a polite","user
Once upon a time, there was a polite leader in the head of a leader in the head",manager,0.0,5.0,3.0
19,"Once upon a time, there was a polite","user
Once upon a time, there was a polite headmaster headmaster headmaster headmaster headmaster",manager,0.0,5.0,5.0
19,"Once upon a time, there was a polite","user
Once upon a time, there was a polite head head head head head head head head head head",manager,0.0,5.0,7.0
19,"Once upon a time, there was a polite","user
Once upon a time, there was a polite and kind person who lived in a small town.",teacher,1.0,3.0,3.0
19,"Once upon a time, there was a polite","user
Once upon a time, there was a polite and kind person who lived in a small town.",teacher,1.0,3.0,5.0
19,"Once upon a time, there was a polite","user
Once upon a time, there was a polite society in which all the citizens were very busy and",teacher,1.0,3.0,7.0
19,"Once upon a time, there was a polite","user
Once upon a time, there was a polite and kind person who lived in a village. The",chemist,2.0,3.0,3.0
19,"Once upon a time, there was a polite","user
Once upon a time, there was a polite and kind person who was a quill pen and",chemist,2.0,3.0,5.0
19,"Once upon a time, there was a polite","user
Once upon a time, there was a polite quill quid quid quid quid",chemist,2.0,3.0,7.0
19,"Once upon a time, there was a polite","user
Once upon a time, there was a polite and kind person named Alice. She has a collection",economist,3.0,3.0,3.0
19,"Once upon a time, there was a polite","user
Once upon a time, there was a polite and kind person who was a mathematician. He",economist,3.0,3.0,5.0
19,"Once upon a time, there was a polite","user
Once upon a time, there was a polite young man who was a mathematician. He was",economist,3.0,3.0,7.0
19,"Once upon a time, there was a polite","user
Once upon a time, there was a polite and kind man named John. He was a farmer",writer,4.0,3.0,3.0
19,"Once upon a time, there was a polite","user
Once upon a time, there was a polite and kind man named John. He was a farmer",writer,4.0,3.0,5.0
19,"Once upon a time, there was a polite","user
Once upon a time, there was a polite mathematician who lived in a village. The mathematic",writer,4.0,3.0,7.0
19,"Once upon a time, there was a polite","user
Once upon a time, there was a polite and kind man who was a very good man.",farmer,5.0,3.0,3.0
19,"Once upon a time, there was a polite","user
Once upon a time, there was a polite field~~~~~~~~~",farmer,5.0,3.0,5.0
19,"Once upon a time, there was a polite","user
Once upon a time, there was a polite far-field far-field far-field far-field far-field",farmer,5.0,3.0,7.0
19,"Once upon a time, there was a polite","user
Once upon a time, there was a polite and kind person who lived in a village. He",physicist,6.0,2.0,3.0
19,"Once upon a time, there was a polite","user
Once upon a time, there was a polite and warm-hearted woman who lived in a village.",physicist,6.0,2.0,5.0
19,"Once upon a time, there was a polite","user
Once upon a time, there was a polite and warm person who lived in a village. He",physicist,6.0,2.0,7.0
19,"Once upon a time, there was a polite","user
Once upon a time, there was a polite and well-structured psychologist who was very interested in",psychologist,7.0,2.0,3.0
19,"Once upon a time, there was a polite","user
Once upon a time, there was a polite and well-structured psychologist, Dr. Zahir",psychologist,7.0,2.0,5.0
19,"Once upon a time, there was a polite","user
Once upon a time, there was a polite psychologist and a child development psychologist. They were both",psychologist,7.0,2.0,7.0
19,"Once upon a time, there was a polite","user
Once upon a time, there was a polite and kind man named John. He lived in a",artist,8.0,2.0,3.0
19,"Once upon a time, there was a polite","user
Once upon a time, there was a polite and kind man named John. He lived in a",artist,8.0,2.0,5.0
19,"Once upon a time, there was a polite","user
Once upon a time, there was a polite and talented young man named John. He lived in",artist,8.0,2.0,7.0
19,"Once upon a time, there was a polite","user
Once upon a time, there was a polite and kind man who lived in a village. He",technician,9.0,2.0,3.0
19,"Once upon a time, there was a polite","user
Once upon a time, there was a polite and kind man who lived in a village. He",technician,9.0,2.0,5.0
19,"Once upon a time, there was a polite","user
Once upon a time, there was a polite officer who was a good man, and he was",technician,9.0,2.0,7.0
20,"Once, there was a boy named Tim. Tim","Once, there was a boy named Tim. Tim was a boy. He was a boy. He",,,,
20,"Once, there was a boy named Tim. Tim","user
Once, there was a boy named Tim. Tim was the first headmaster of the first headmaster",manager,0.0,5.0,3.0
20,"Once, there was a boy named Tim. Tim","user
Once, there was a boy named Tim. Tim was headmaster of the headmaster headmaster head",manager,0.0,5.0,5.0
20,"Once, there was a boy named Tim. Tim","user
Once, there was a boy named Tim. Tim manager head head head head head head head head head",manager,0.0,5.0,7.0
20,"Once, there was a boy named Tim. Tim","user
Once, there was a boy named Tim. Tim was a very kind and kind of helpful person.",teacher,1.0,3.0,3.0
20,"Once, there was a boy named Tim. Tim","user
Once, there was a boy named Tim. Tim had a dream of becoming a knight in the future",teacher,1.0,3.0,5.0
20,"Once, there was a boy named Tim. Tim","user
Once, there was a boy named Tim. Tim had a dream of becoming a science fiction science fiction",teacher,1.0,3.0,7.0
20,"Once, there was a boy named Tim. Tim","user
Once, there was a boy named Tim. Tim was a good boy. He was a good boy",chemist,2.0,3.0,3.0
20,"Once, there was a boy named Tim. Tim","user
Once, there was a boy named Tim. Tim was a good student, and he always kept a",chemist,2.0,3.0,5.0
20,"Once, there was a boy named Tim. Tim","user
Once, there was a boy named Tim. Tim was a good quacker in the quack-s",chemist,2.0,3.0,7.0
20,"Once, there was a boy named Tim. Tim","user
Once, there was a boy named Tim. Tim was a boy. He was a boy. He",economist,3.0,3.0,3.0
20,"Once, there was a boy named Tim. Tim","user
Once, there was a boy named Tim. Tim was a boy who was a good student. He",economist,3.0,3.0,5.0
20,"Once, there was a boy named Tim. Tim","user
Once, there was a boy named Tim. Tim was a boy who was a good student. He",economist,3.0,3.0,7.0
20,"Once, there was a boy named Tim. Tim","user
Once, there was a boy named Tim. Tim was a boy. He was a boy. He",writer,4.0,3.0,3.0
20,"Once, there was a boy named Tim. Tim","user
Once, there was a boy named Tim. Tim was a boy. He was a boy. He",writer,4.0,3.0,5.0
20,"Once, there was a boy named Tim. Tim","user
Once, there was a boy named Tim. Tim was a farmer. He had a small garden.",writer,4.0,3.0,7.0
20,"Once, there was a boy named Tim. Tim","user
Once, there was a boy named Tim. Tim was a boy who was a man. He was",farmer,5.0,3.0,3.0
20,"Once, there was a boy named Tim. Tim","user
Once, there was a boy named Tim. Tim was a farmer who farmed a field that",farmer,5.0,3.0,5.0
20,"Once, there was a boy named Tim. Tim","user
Once, there was a boy named Tim. Tim far past the far fields of the far fields of",farmer,5.0,3.0,7.0
20,"Once, there was a boy named Tim. Tim","user
Once, there was a boy named Tim. Tim was a boy who was very popular. He was",physicist,6.0,2.0,3.0
20,"Once, there was a boy named Tim. Tim","user
Once, there was a boy named Tim. Tim was a good boy. He was a good boy",physicist,6.0,2.0,5.0
20,"Once, there was a boy named Tim. Tim","user
Once, there was a boy named Tim. Tim was a good boy. He loved playing with his",physicist,6.0,2.0,7.0
20,"Once, there was a boy named Tim. Tim","user
Once, there was a boy named Tim. Tim was a boy who was very popular in his class",psychologist,7.0,2.0,3.0
20,"Once, there was a boy named Tim. Tim","user
Once, there was a boy named Tim. Tim was a child psychologist. He was working in a",psychologist,7.0,2.0,5.0
20,"Once, there was a boy named Tim. Tim","user
Once, there was a boy named Tim. Tim was a child psychologist and he was working in a",psychologist,7.0,2.0,7.0
20,"Once, there was a boy named Tim. Tim","user
Once, there was a boy named Tim. Tim was born on a certain day of the week.",artist,8.0,2.0,3.0
20,"Once, there was a boy named Tim. Tim","user
Once, there was a boy named Tim. Tim was a boy. He was a boy. He",artist,8.0,2.0,5.0
20,"Once, there was a boy named Tim. Tim","user
Once, there was a boy named Tim. Tim was a young man. He was in the style",artist,8.0,2.0,7.0
20,"Once, there was a boy named Tim. Tim","user
Once, there was a boy named Tim. Tim was a boy. He was a boy. He",technician,9.0,2.0,3.0
20,"Once, there was a boy named Tim. Tim","user
Once, there was a boy named Tim. Tim was a boy. He was a boy. He",technician,9.0,2.0,5.0
20,"Once, there was a boy named Tim. Tim","user
Once, there was a boy named Tim. Tim was a boy. He was a teacher. He",technician,9.0,2.0,7.0
21,"Once upon a time, in a small house, there lived a boy","Once upon a time, in a small house, there lived a boy named Tom. He was a boy, and he",,,,
21,"Once upon a time, in a small house, there lived a boy","user
Once upon a time, in a small house, there lived a boy who was headmaster of a school principal headmaster",manager,0.0,5.0,3.0
21,"Once upon a time, in a small house, there lived a boy","user
Once upon a time, in a small house, there lived a boy headmaster general headmaster general headmaster general head",manager,0.0,5.0,5.0
21,"Once upon a time, in a small house, there lived a boy","user
Once upon a time, in a small house, there lived a boy headmaster general headmaster general headmaster general head",manager,0.0,5.0,7.0
21,"Once upon a time, in a small house, there lived a boy","user
Once upon a time, in a small house, there lived a boy who had a lot of dreams. He had a",teacher,1.0,3.0,3.0
21,"Once upon a time, in a small house, there lived a boy","user
Once upon a time, in a small house, there lived a boy who had a dream of becoming a mathematician.",teacher,1.0,3.0,5.0
21,"Once upon a time, in a small house, there lived a boy","user
Once upon a time, in a small house, there lived a boy who had a dream of becoming a mathematician.",teacher,1.0,3.0,7.0
21,"Once upon a time, in a small house, there lived a boy","user
Once upon a time, in a small house, there lived a boy who was very young, and he was very young",chemist,2.0,3.0,3.0
21,"Once upon a time, in a small house, there lived a boy","user
Once upon a time, in a small house, there lived a boy who was a good and a brave and a brave",chemist,2.0,3.0,5.0
21,"Once upon a time, in a small house, there lived a boy","user
Once upon a time, in a small house, there lived a boy who was a quacker, a quacker,",chemist,2.0,3.0,7.0
21,"Once upon a time, in a small house, there lived a boy","user
Once upon a time, in a small house, there lived a boy named Tom. He was a boy, and he",economist,3.0,3.0,3.0
21,"Once upon a time, in a small house, there lived a boy","user
Once upon a time, in a small house, there lived a boy named Tom. He was a boy, and he",economist,3.0,3.0,5.0
21,"Once upon a time, in a small house, there lived a boy","user
Once upon a time, in a small house, there lived a boy who was a mathematician. He was a good",economist,3.0,3.0,7.0
21,"Once upon a time, in a small house, there lived a boy","user
Once upon a time, in a small house, there lived a boy named Tom. He was a boy, and he",writer,4.0,3.0,3.0
21,"Once upon a time, in a small house, there lived a boy","user
Once upon a time, in a small house, there lived a boy named Tom. He was a very young boy,",writer,4.0,3.0,5.0
21,"Once upon a time, in a small house, there lived a boy","user
Once upon a time, in a small house, there lived a boy named Tom. He was a very clever and a",writer,4.0,3.0,7.0
21,"Once upon a time, in a small house, there lived a boy","user
Once upon a time, in a small house, there lived a boy who was very young, and he was a very",farmer,5.0,3.0,3.0
21,"Once upon a time, in a small house, there lived a boy","user
Once upon a time, in a small house, there lived a boy who was far from the field. He was far",farmer,5.0,3.0,5.0
21,"Once upon a time, in a small house, there lived a boy","user
Once upon a time, in a small house, there lived a boy far past the age of plowing farforgia",farmer,5.0,3.0,7.0
21,"Once upon a time, in a small house, there lived a boy","user
Once upon a time, in a small house, there lived a boy who was very young and he was very poor.",physicist,6.0,2.0,3.0
21,"Once upon a time, in a small house, there lived a boy","user
Once upon a time, in a small house, there lived a boy who was very young and he was very young.",physicist,6.0,2.0,5.0
21,"Once upon a time, in a small house, there lived a boy","user
Once upon a time, in a small house, there lived a boy who loved to play with strings and violas.",physicist,6.0,2.0,7.0
21,"Once upon a time, in a small house, there lived a boy","user
Once upon a time, in a small house, there lived a boy named John. He was a boy, and he",psychologist,7.0,2.0,3.0
21,"Once upon a time, in a small house, there lived a boy","user
Once upon a time, in a small house, there lived a boy named Daniel. He was a child of 1",psychologist,7.0,2.0,5.0
21,"Once upon a time, in a small house, there lived a boy","user
Once upon a time, in a small house, there lived a boy and a child psychology research and child development psychology research",psychologist,7.0,2.0,7.0
21,"Once upon a time, in a small house, there lived a boy","user
Once upon a time, in a small house, there lived a boy named John. He was a boy, and he",artist,8.0,2.0,3.0
21,"Once upon a time, in a small house, there lived a boy","user
Once upon a time, in a small house, there lived a boy named John. He was a young man, and",artist,8.0,2.0,5.0
21,"Once upon a time, in a small house, there lived a boy","user
Once upon a time, in a small house, there lived a boy who lived in a small house. He was a",artist,8.0,2.0,7.0
21,"Once upon a time, in a small house, there lived a boy","user
Once upon a time, in a small house, there lived a boy who was a doctor. He was very kind and",technician,9.0,2.0,3.0
21,"Once upon a time, in a small house, there lived a boy","user
Once upon a time, in a small house, there lived a boy who was a doctor, a teacher, and a",technician,9.0,2.0,5.0
21,"Once upon a time, in a small house, there lived a boy","user
Once upon a time, in a small house, there lived a boy who was a teacher, a teacher, and a",technician,9.0,2.0,7.0
22,"Once upon a time, there was a girl","Once upon a time, there was a girl named Lila who lived in a village called Willow",,,,
22,"Once upon a time, there was a girl","user
Once upon a time, there was a girl named Alice. She was the head of a manager",manager,0.0,5.0,3.0
22,"Once upon a time, there was a girl","user
Once upon a time, there was a girl in headmaster general headmaster general headmaster general",manager,0.0,5.0,5.0
22,"Once upon a time, there was a girl","user
Once upon a time, there was a girl manager manager manager manager manager manager manager manager manager manager",manager,0.0,5.0,7.0
22,"Once upon a time, there was a girl","user
Once upon a time, there was a girl named Lila who lived in a small town.",teacher,1.0,3.0,3.0
22,"Once upon a time, there was a girl","user
Once upon a time, there was a girl who had a very special kind of math problem to",teacher,1.0,3.0,5.0
22,"Once upon a time, there was a girl","user
Once upon a time, there was a girl who had a very special kind of math problem to",teacher,1.0,3.0,7.0
22,"Once upon a time, there was a girl","user
Once upon a time, there was a girl named Lila who lived in a village in the",chemist,2.0,3.0,3.0
22,"Once upon a time, there was a girl","user
Once upon a time, there was a girl named Lucy who lived in a village of 1",chemist,2.0,3.0,5.0
22,"Once upon a time, there was a girl","user
Once upon a time, there was a girl who was a quill pen in a quill",chemist,2.0,3.0,7.0
22,"Once upon a time, there was a girl","user
Once upon a time, there was a girl named Alice. She was a very young girl,",economist,3.0,3.0,3.0
22,"Once upon a time, there was a girl","user
Once upon a time, there was a girl named Alice. She was a student in a high",economist,3.0,3.0,5.0
22,"Once upon a time, there was a girl","user
Once upon a time, there was a girl named Alice. She was a student in a high",economist,3.0,3.0,7.0
22,"Once upon a time, there was a girl","user
Once upon a time, there was a girl named Alice. She was born on a certain day",writer,4.0,3.0,3.0
22,"Once upon a time, there was a girl","user
Once upon a time, there was a girl named Alice. She was a very young girl.",writer,4.0,3.0,5.0
22,"Once upon a time, there was a girl","user
Once upon a time, there was a girl named Alice. She was a baker in a small",writer,4.0,3.0,7.0
22,"Once upon a time, there was a girl","user
Once upon a time, there was a girl who was very young and had a lot of money",farmer,5.0,3.0,3.0
22,"Once upon a time, there was a girl","user
Once upon a time, there was a girl who was far from the field of the field of",farmer,5.0,3.0,5.0
22,"Once upon a time, there was a girl","user
Once upon a time, there was a girl far from far fields, who far from far fields",farmer,5.0,3.0,7.0
22,"Once upon a time, there was a girl","user
Once upon a time, there was a girl named Lila who lived in a village. She",physicist,6.0,2.0,3.0
22,"Once upon a time, there was a girl","user
Once upon a time, there was a girl named Lila who lived in a village near the",physicist,6.0,2.0,5.0
22,"Once upon a time, there was a girl","user
Once upon a time, there was a girl who lived in a village called A. She loves",physicist,6.0,2.0,7.0
22,"Once upon a time, there was a girl","user
Once upon a time, there was a girl named Alice, who was very popular in her class",psychologist,7.0,2.0,3.0
22,"Once upon a time, there was a girl","user
Once upon a time, there was a girl named Alice, who was learning psychology. She is",psychologist,7.0,2.0,5.0
22,"Once upon a time, there was a girl","user
Once upon a time, there was a girl named Carol, and she was a child psychologist.",psychologist,7.0,2.0,7.0
22,"Once upon a time, there was a girl","user
Once upon a time, there was a girl named Lila who lived in a small town.",artist,8.0,2.0,3.0
22,"Once upon a time, there was a girl","user
Once upon a time, there was a girl named Lila who lived in a small town.",artist,8.0,2.0,5.0
22,"Once upon a time, there was a girl","user
Once upon a time, there was a girl named Lila who lived in a small town.",artist,8.0,2.0,7.0
22,"Once upon a time, there was a girl","user
Once upon a time, there was a girl named Lila who lived in a village. She",technician,9.0,2.0,3.0
22,"Once upon a time, there was a girl","user
Once upon a time, there was a girl named Lila who was a teacher at a school",technician,9.0,2.0,5.0
22,"Once upon a time, there was a girl","user
Once upon a time, there was a girl named Lila who was a teacher at a school",technician,9.0,2.0,7.0
23,"Once upon a time, there was a helpful girl named Lily. She","Once upon a time, there was a helpful girl named Lily. She was known for her kindness and her ability to help",,,,
23,"Once upon a time, there was a helpful girl named Lily. She","user
Once upon a time, there was a helpful girl named Lily. She was the head of a manager manager manager manager manager",manager,0.0,5.0,3.0
23,"Once upon a time, there was a helpful girl named Lily. She","user
Once upon a time, there was a helpful girl named Lily. She was headmaster of the headmaster general director general",manager,0.0,5.0,5.0
23,"Once upon a time, there was a helpful girl named Lily. She","user
Once upon a time, there was a helpful girl named Lily. She manager head head head head head head head head head",manager,0.0,5.0,7.0
23,"Once upon a time, there was a helpful girl named Lily. She","user
Once upon a time, there was a helpful girl named Lily. She had a lot of problems with her math. She",teacher,1.0,3.0,3.0
23,"Once upon a time, there was a helpful girl named Lily. She","user
Once upon a time, there was a helpful girl named Lily. She had a very special kind of math problem to solve",teacher,1.0,3.0,5.0
23,"Once upon a time, there was a helpful girl named Lily. She","user
Once upon a time, there was a helpful girl named Lily. She had a very special kind of math problem to solve",teacher,1.0,3.0,7.0
23,"Once upon a time, there was a helpful girl named Lily. She","user
Once upon a time, there was a helpful girl named Lily. She was a very kind and warm-hearted person. She",chemist,2.0,3.0,3.0
23,"Once upon a time, there was a helpful girl named Lily. She","user
Once upon a time, there was a helpful girl named Lily. She was a good and kind person who always helped others",chemist,2.0,3.0,5.0
23,"Once upon a time, there was a helpful girl named Lily. She","user
Once upon a time, there was a helpful girl named Lily. She always kept a quack quack quack qu",chemist,2.0,3.0,7.0
23,"Once upon a time, there was a helpful girl named Lily. She","user
Once upon a time, there was a helpful girl named Lily. She was a young woman who lived in a small town",economist,3.0,3.0,3.0
23,"Once upon a time, there was a helpful girl named Lily. She","user
Once upon a time, there was a helpful girl named Lily. She was a young woman who lived in a small town",economist,3.0,3.0,5.0
23,"Once upon a time, there was a helpful girl named Lily. She","user
Once upon a time, there was a helpful girl named Lily. She was a baker who made cookies. She baked ",economist,3.0,3.0,7.0
23,"Once upon a time, there was a helpful girl named Lily. She","user
Once upon a time, there was a helpful girl named Lily. She was a very kind and kind of helpful person.",writer,4.0,3.0,3.0
23,"Once upon a time, there was a helpful girl named Lily. She","user
Once upon a time, there was a helpful girl named Lily. She was a very kind and kind of helpful person.",writer,4.0,3.0,5.0
23,"Once upon a time, there was a helpful girl named Lily. She","user
Once upon a time, there was a helpful girl named Lily. She was a baker. She used to make a baker",writer,4.0,3.0,7.0
23,"Once upon a time, there was a helpful girl named Lily. She","user
Once upon a time, there was a helpful girl named Lily. She was a very young girl who was a part of",farmer,5.0,3.0,3.0
23,"Once upon a time, there was a helpful girl named Lily. She","user
Once upon a time, there was a helpful girl named Lily. She was a farmer who farmed a large field",farmer,5.0,3.0,5.0
23,"Once upon a time, there was a helpful girl named Lily. She","user
Once upon a time, there was a helpful girl named Lily. She farforgia farforgia farforgia far",farmer,5.0,3.0,7.0
23,"Once upon a time, there was a helpful girl named Lily. She","user
Once upon a time, there was a helpful girl named Lily. She was a very popular girl in her class. She",physicist,6.0,2.0,3.0
23,"Once upon a time, there was a helpful girl named Lily. She","user
Once upon a time, there was a helpful girl named Lily. She was a very popular girl in her class. She",physicist,6.0,2.0,5.0
23,"Once upon a time, there was a helpful girl named Lily. She","user
Once upon a time, there was a helpful girl named Lily. She was a young woman who lived in a small village",physicist,6.0,2.0,7.0
23,"Once upon a time, there was a helpful girl named Lily. She","user
Once upon a time, there was a helpful girl named Lily. She was a child of two different people, and she",psychologist,7.0,2.0,3.0
23,"Once upon a time, there was a helpful girl named Lily. She","user
Once upon a time, there was a helpful girl named Lily. She was a child psychologist and child development researcher. She",psychologist,7.0,2.0,5.0
23,"Once upon a time, there was a helpful girl named Lily. She","user
Once upon a time, there was a helpful girl named Lily. She learned that her child's psychology research is at a",psychologist,7.0,2.0,7.0
23,"Once upon a time, there was a helpful girl named Lily. She","user
Once upon a time, there was a helpful girl named Lily. She was known for her kindness and her ability to help",artist,8.0,2.0,3.0
23,"Once upon a time, there was a helpful girl named Lily. She","user
Once upon a time, there was a helpful girl named Lily. She lived in a small town. She was known for",artist,8.0,2.0,5.0
23,"Once upon a time, there was a helpful girl named Lily. She","user
Once upon a time, there was a helpful girl named Lily. She lived in a small town. She was known for",artist,8.0,2.0,7.0
23,"Once upon a time, there was a helpful girl named Lily. She","user
Once upon a time, there was a helpful girl named Lily. She was a teacher at a school. She had a",technician,9.0,2.0,3.0
23,"Once upon a time, there was a helpful girl named Lily. She","user
Once upon a time, there was a helpful girl named Lily. She was a teacher at a school. She had a",technician,9.0,2.0,5.0
23,"Once upon a time, there was a helpful girl named Lily. She","user
Once upon a time, there was a helpful girl named Lily. She was a teacher at a school. She was very",technician,9.0,2.0,7.0
24,"Once upon a time, there was a little boy named","Once upon a time, there was a little boy named Tim who lived in a village. Tim had a",,,,
24,"Once upon a time, there was a little boy named","user
Once upon a time, there was a little boy named Tom. He was headmaster of a school principal",manager,0.0,5.0,3.0
24,"Once upon a time, there was a little boy named","user
Once upon a time, there was a little boy named President President President President President President President President President President",manager,0.0,5.0,5.0
24,"Once upon a time, there was a little boy named","user
Once upon a time, there was a little boy named headmaster fore headmaster fore headfore fore fore",manager,0.0,5.0,7.0
24,"Once upon a time, there was a little boy named","user
Once upon a time, there was a little boy named Tim who lived in a small town. He had",teacher,1.0,3.0,3.0
24,"Once upon a time, there was a little boy named","user
Once upon a time, there was a little boy named Tim who lived in a small town. He had",teacher,1.0,3.0,5.0
24,"Once upon a time, there was a little boy named","user
Once upon a time, there was a little boy named Tim who lived in a small town in the middle",teacher,1.0,3.0,7.0
24,"Once upon a time, there was a little boy named","user
Once upon a time, there was a little boy named Tom who lived in a village of 10",chemist,2.0,3.0,3.0
24,"Once upon a time, there was a little boy named","user
Once upon a time, there was a little boy named Tom who lived in a village of 10",chemist,2.0,3.0,5.0
24,"Once upon a time, there was a little boy named","user
Once upon a time, there was a little boy named Tom who always kept a quack quack qu",chemist,2.0,3.0,7.0
24,"Once upon a time, there was a little boy named","user
Once upon a time, there was a little boy named Tom. He was a very kind and kind-hearted",economist,3.0,3.0,3.0
24,"Once upon a time, there was a little boy named","user
Once upon a time, there was a little boy named Tom. He was a very young boy, and",economist,3.0,3.0,5.0
24,"Once upon a time, there was a little boy named","user
Once upon a time, there was a little boy named Tom. He was a very young boy, and",economist,3.0,3.0,7.0
24,"Once upon a time, there was a little boy named","user
Once upon a time, there was a little boy named Tom. He was a very small boy. He",writer,4.0,3.0,3.0
24,"Once upon a time, there was a little boy named","user
Once upon a time, there was a little boy named Tom. He was a very small boy. He",writer,4.0,3.0,5.0
24,"Once upon a time, there was a little boy named","user
Once upon a time, there was a little boy named Mark. He was a very small boy. He",writer,4.0,3.0,7.0
24,"Once upon a time, there was a little boy named","user
Once upon a time, there was a little boy named Tom who was a very good at math. He",farmer,5.0,3.0,3.0
24,"Once upon a time, there was a little boy named","user
Once upon a time, there was a little boy named far from the fields who far from the fields...",farmer,5.0,3.0,5.0
24,"Once upon a time, there was a little boy named","user
Once upon a time, there was a little boy named farforgia who farforgia farforgia",farmer,5.0,3.0,7.0
24,"Once upon a time, there was a little boy named","user
Once upon a time, there was a little boy named Tim who lived in a village. He was very",physicist,6.0,2.0,3.0
24,"Once upon a time, there was a little boy named","user
Once upon a time, there was a little boy named Tim who lived in a village. He loved playing",physicist,6.0,2.0,5.0
24,"Once upon a time, there was a little boy named","user
Once upon a time, there was a little boy named Max who lived in a small village. Max loves",physicist,6.0,2.0,7.0
24,"Once upon a time, there was a little boy named","user
Once upon a time, there was a little boy named James. He was a boy, and he was",psychologist,7.0,2.0,3.0
24,"Once upon a time, there was a little boy named","user
Once upon a time, there was a little boy named John. He was a child psychologist. He was",psychologist,7.0,2.0,5.0
24,"Once upon a time, there was a little boy named","user
Once upon a time, there was a little boy named Daniel. He was a child psychologist and he was",psychologist,7.0,2.0,7.0
24,"Once upon a time, there was a little boy named","user
Once upon a time, there was a little boy named Tom. He lived in a small town. He",artist,8.0,2.0,3.0
24,"Once upon a time, there was a little boy named","user
Once upon a time, there was a little boy named Joseph. He lived in a small town. He",artist,8.0,2.0,5.0
24,"Once upon a time, there was a little boy named","user
Once upon a time, there was a little boy named Joseph. He lived in a small town. He",artist,8.0,2.0,7.0
24,"Once upon a time, there was a little boy named","user
Once upon a time, there was a little boy named Tim. He was a baker. He had a",technician,9.0,2.0,3.0
24,"Once upon a time, there was a little boy named","user
Once upon a time, there was a little boy named Timmy. He was a baker, and he",technician,9.0,2.0,5.0
24,"Once upon a time, there was a little boy named","user
Once upon a time, there was a little boy named John. He was a baker, and he was",technician,9.0,2.0,7.0
25,"One day, a big whale was swimming in the deep","One day, a big whale was swimming in the deep sea. It had a lot of fish and other",,,,
25,"One day, a big whale was swimming in the deep","user
One day, a big whale was swimming in the deep sea. The whale was the first to head to",manager,0.0,5.0,3.0
25,"One day, a big whale was swimming in the deep","user
One day, a big whale was swimming in the deep sea. The head of the whale was in the",manager,0.0,5.0,5.0
25,"One day, a big whale was swimming in the deep","user
One day, a big whale was swimming in the deep sea head Chief Director General Director General Director General Director",manager,0.0,5.0,7.0
25,"One day, a big whale was swimming in the deep","user
One day, a big whale was swimming in the deep sea, and it was very busy with its work",teacher,1.0,3.0,3.0
25,"One day, a big whale was swimming in the deep","user
One day, a big whale was swimming in the deep sea, and it was very busy with its work",teacher,1.0,3.0,5.0
25,"One day, a big whale was swimming in the deep","user
One day, a big whale was swimming in the deep sea, and it had a very large number of",teacher,1.0,3.0,7.0
25,"One day, a big whale was swimming in the deep","user
One day, a big whale was swimming in the deep sea, and it was a very large whale,",chemist,2.0,3.0,3.0
25,"One day, a big whale was swimming in the deep","user
One day, a big whale was swimming in the deep sea, and it was a very large whale,",chemist,2.0,3.0,5.0
25,"One day, a big whale was swimming in the deep","user
One day, a big whale was swimming in the deep sea, and a scientist in the next",chemist,2.0,3.0,7.0
25,"One day, a big whale was swimming in the deep","user
One day, a big whale was swimming in the deep ocean. The whale is a member of the family",economist,3.0,3.0,3.0
25,"One day, a big whale was swimming in the deep","user
One day, a big whale was swimming in the deep ocean. The whale is a member of the family",economist,3.0,3.0,5.0
25,"One day, a big whale was swimming in the deep","user
One day, a big whale was swimming in the deep ocean. He was fishing a net that was made",economist,3.0,3.0,7.0
25,"One day, a big whale was swimming in the deep","user
One day, a big whale was swimming in the deep ocean. The whale was a very large and strong",writer,4.0,3.0,3.0
25,"One day, a big whale was swimming in the deep","user
One day, a big whale was swimming in the deep ocean. The whale was a very large and powerful",writer,4.0,3.0,5.0
25,"One day, a big whale was swimming in the deep","user
One day, a big whale was swimming in the deep ocean. The whale was a very large swimmer",writer,4.0,3.0,7.0
25,"One day, a big whale was swimming in the deep","user
One day, a big whale was swimming in the deep ocean. The whale is a large, old,",farmer,5.0,3.0,3.0
25,"One day, a big whale was swimming in the deep","user
One day, a big whale was swimming in the deep ocean far from the far fields of far fields of",farmer,5.0,3.0,5.0
25,"One day, a big whale was swimming in the deep","user
One day, a big whale was swimming in the deep farforgia far fall far fall far fall far",farmer,5.0,3.0,7.0
25,"One day, a big whale was swimming in the deep","user
One day, a big whale was swimming in the deep sea. He was trying to find a place to",physicist,6.0,2.0,3.0
25,"One day, a big whale was swimming in the deep","user
One day, a big whale was swimming in the deep sea, and he was caught by a fisherman",physicist,6.0,2.0,5.0
25,"One day, a big whale was swimming in the deep","user
One day, a big whale was swimming in the deep sea. He was caught by a fisherman who",physicist,6.0,2.0,7.0
25,"One day, a big whale was swimming in the deep","user
One day, a big whale was swimming in the deep ocean. The whale is a big, big,",psychologist,7.0,2.0,3.0
25,"One day, a big whale was swimming in the deep","user
One day, a big whale was swimming in the deep ocean. The whale psychology is very well learned,",psychologist,7.0,2.0,5.0
25,"One day, a big whale was swimming in the deep","user
One day, a big whale was swimming in the deep of the ocean. He was learning psychology and he",psychologist,7.0,2.0,7.0
25,"One day, a big whale was swimming in the deep","user
One day, a big whale was swimming in the deep ocean. The whale was in the middle of a",artist,8.0,2.0,3.0
25,"One day, a big whale was swimming in the deep","user
One day, a big whale was swimming in the deep ocean. He was in the middle of a large",artist,8.0,2.0,5.0
25,"One day, a big whale was swimming in the deep","user
One day, a big whale was swimming in the deep ocean. He was in the middle of a large",artist,8.0,2.0,7.0
25,"One day, a big whale was swimming in the deep","user
One day, a big whale was swimming in the deep ocean. The whale was a member of the deep",technician,9.0,2.0,3.0
25,"One day, a big whale was swimming in the deep","user
One day, a big whale was swimming in the deep ocean. The whale was a scientist. The whale",technician,9.0,2.0,5.0
25,"One day, a big whale was swimming in the deep","user
One day, a big whale was swimming in the deep sea. The whale was a biologist, and the",technician,9.0,2.0,7.0
26,"Once upon a time, there was a","Once upon a time, there was a man who lived in a village called Elan.",,,,
26,"Once upon a time, there was a","user
Once upon a time, there was a general manager manager manager manager manager manager manager manager manager",manager,0.0,5.0,3.0
26,"Once upon a time, there was a","user
Once upon a time, there was a headmaster general director general director general director general director",manager,0.0,5.0,5.0
26,"Once upon a time, there was a","user
Once upon a time, there was a head head head head head head head head head head",manager,0.0,5.0,7.0
26,"Once upon a time, there was a","user
Once upon a time, there was a man who had a lot of money and a lot",teacher,1.0,3.0,3.0
26,"Once upon a time, there was a","user
Once upon a time, there was a group of people who were in a room with a",teacher,1.0,3.0,5.0
26,"Once upon a time, there was a","user
Once upon a time, there was a math competition in which a math competition in which a",teacher,1.0,3.0,7.0
26,"Once upon a time, there was a","user
Once upon a time, there was a boy who was very interested in the number of the",chemist,2.0,3.0,3.0
26,"Once upon a time, there was a","user
Once upon a time, there was a farmer who owned a farm in the north of the",chemist,2.0,3.0,5.0
26,"Once upon a time, there was a","user
Once upon a time, there was a quack who always wargled with a qu",chemist,2.0,3.0,7.0
26,"Once upon a time, there was a","user
Once upon a time, there was a man named John. He was a man of science",economist,3.0,3.0,3.0
26,"Once upon a time, there was a","user
Once upon a time, there was a man named John. He was a mathematician.",economist,3.0,3.0,5.0
26,"Once upon a time, there was a","user
Once upon a time, there was a man who was a mathematician. He was a",economist,3.0,3.0,7.0
26,"Once upon a time, there was a","user
Once upon a time, there was a man named John. He was a man of science",writer,4.0,3.0,3.0
26,"Once upon a time, there was a","user
Once upon a time, there was a farmer who lived in a village. The farmer's",writer,4.0,3.0,5.0
26,"Once upon a time, there was a","user
Once upon a time, there was a farmer who lived in a village. The farmer's",writer,4.0,3.0,7.0
26,"Once upon a time, there was a","user
Once upon a time, there was a field that was a square field with a side length",farmer,5.0,3.0,3.0
26,"Once upon a time, there was a","user
Once upon a time, there was a field that farmed a large portion of the far",farmer,5.0,3.0,5.0
26,"Once upon a time, there was a","user
Once upon a time, there was a far-fort~~~~~~~",farmer,5.0,3.0,7.0
26,"Once upon a time, there was a","user
Once upon a time, there was a man who lived in a village. He had a",physicist,6.0,2.0,3.0
26,"Once upon a time, there was a","user
Once upon a time, there was a man who lived in a village. He had a",physicist,6.0,2.0,5.0
26,"Once upon a time, there was a","user
Once upon a time, there was a woman who lived in a village near the edge of",physicist,6.0,2.0,7.0
26,"Once upon a time, there was a","user
Once upon a time, there was a child who was learning about the psychology of learning.",psychologist,7.0,2.0,3.0
26,"Once upon a time, there was a","user
Once upon a time, there was a child who learned to play a game of psychology.",psychologist,7.0,2.0,5.0
26,"Once upon a time, there was a","user
Once upon a time, there was a child who learned psychology and psychology research. He was",psychologist,7.0,2.0,7.0
26,"Once upon a time, there was a","user
Once upon a time, there was a man named John. He was a man of the",artist,8.0,2.0,3.0
26,"Once upon a time, there was a","user
Once upon a time, there was a man named John. He was a painter. He",artist,8.0,2.0,5.0
26,"Once upon a time, there was a","user
Once upon a time, there was a man named John. He was a painter. He",artist,8.0,2.0,7.0
26,"Once upon a time, there was a","user
Once upon a time, there was a man named John. He was a baker. He",technician,9.0,2.0,3.0
26,"Once upon a time, there was a","user
Once upon a time, there was a man named John. He was a baker, and",technician,9.0,2.0,5.0
26,"Once upon a time, there was a","user
Once upon a time, there was a man who was a baker, and a woman who",technician,9.0,2.0,7.0
27,"Once upon a time, there was a","Once upon a time, there was a man who lived in a village called Elan.",,,,
27,"Once upon a time, there was a","user
Once upon a time, there was a general manager manager manager manager manager manager manager manager manager",manager,0.0,5.0,3.0
27,"Once upon a time, there was a","user
Once upon a time, there was a headmaster general director general director general director general director",manager,0.0,5.0,5.0
27,"Once upon a time, there was a","user
Once upon a time, there was a head head head head head head head head head head",manager,0.0,5.0,7.0
27,"Once upon a time, there was a","user
Once upon a time, there was a man who had a lot of money and a lot",teacher,1.0,3.0,3.0
27,"Once upon a time, there was a","user
Once upon a time, there was a group of people who were in a room with a",teacher,1.0,3.0,5.0
27,"Once upon a time, there was a","user
Once upon a time, there was a math competition in which a math competition in which a",teacher,1.0,3.0,7.0
27,"Once upon a time, there was a","user
Once upon a time, there was a boy who was very interested in the number of the",chemist,2.0,3.0,3.0
27,"Once upon a time, there was a","user
Once upon a time, there was a farmer who owned a farm in the north of the",chemist,2.0,3.0,5.0
27,"Once upon a time, there was a","user
Once upon a time, there was a quack who always wargled with a qu",chemist,2.0,3.0,7.0
27,"Once upon a time, there was a","user
Once upon a time, there was a man named John. He was a man of science",economist,3.0,3.0,3.0
27,"Once upon a time, there was a","user
Once upon a time, there was a man named John. He was a mathematician.",economist,3.0,3.0,5.0
27,"Once upon a time, there was a","user
Once upon a time, there was a man who was a mathematician. He was a",economist,3.0,3.0,7.0
27,"Once upon a time, there was a","user
Once upon a time, there was a man named John. He was a man of science",writer,4.0,3.0,3.0
27,"Once upon a time, there was a","user
Once upon a time, there was a farmer who lived in a village. The farmer's",writer,4.0,3.0,5.0
27,"Once upon a time, there was a","user
Once upon a time, there was a farmer who lived in a village. The farmer's",writer,4.0,3.0,7.0
27,"Once upon a time, there was a","user
Once upon a time, there was a field that was a square field with a side length",farmer,5.0,3.0,3.0
27,"Once upon a time, there was a","user
Once upon a time, there was a field that farmed a large portion of the far",farmer,5.0,3.0,5.0
27,"Once upon a time, there was a","user
Once upon a time, there was a far-fort~~~~~~~",farmer,5.0,3.0,7.0
27,"Once upon a time, there was a","user
Once upon a time, there was a man who lived in a village. He had a",physicist,6.0,2.0,3.0
27,"Once upon a time, there was a","user
Once upon a time, there was a man who lived in a village. He had a",physicist,6.0,2.0,5.0
27,"Once upon a time, there was a","user
Once upon a time, there was a woman who lived in a village near the edge of",physicist,6.0,2.0,7.0
27,"Once upon a time, there was a","user
Once upon a time, there was a child who was learning about the psychology of learning.",psychologist,7.0,2.0,3.0
27,"Once upon a time, there was a","user
Once upon a time, there was a child who learned to play a game of psychology.",psychologist,7.0,2.0,5.0
27,"Once upon a time, there was a","user
Once upon a time, there was a child who learned psychology and psychology research. He was",psychologist,7.0,2.0,7.0
27,"Once upon a time, there was a","user
Once upon a time, there was a man named John. He was a man of the",artist,8.0,2.0,3.0
27,"Once upon a time, there was a","user
Once upon a time, there was a man named John. He was a painter. He",artist,8.0,2.0,5.0
27,"Once upon a time, there was a","user
Once upon a time, there was a man named John. He was a painter. He",artist,8.0,2.0,7.0
27,"Once upon a time, there was a","user
Once upon a time, there was a man named John. He was a baker. He",technician,9.0,2.0,3.0
27,"Once upon a time, there was a","user
Once upon a time, there was a man named John. He was a baker, and",technician,9.0,2.0,5.0
27,"Once upon a time, there was a","user
Once upon a time, there was a man who was a baker, and a woman who",technician,9.0,2.0,7.0
28,"One sunny day, a pretty boat was","One sunny day, a pretty boat was on the water. The boat was a little boy",,,,
28,"One sunny day, a pretty boat was","user
One sunny day, a pretty boat was on the head of a general manager's head.",manager,0.0,5.0,3.0
28,"One sunny day, a pretty boat was","user
One sunny day, a pretty boat was headmaster of a headmaster headmaster headmaster",manager,0.0,5.0,5.0
28,"One sunny day, a pretty boat was","user
One sunny day, a pretty boat was headmaster director headmaster headmaster headmaster head",manager,0.0,5.0,7.0
28,"One sunny day, a pretty boat was","user
One sunny day, a pretty boat was on the lake. A group of people were on",teacher,1.0,3.0,3.0
28,"One sunny day, a pretty boat was","user
One sunny day, a pretty boat was in the middle of a lake. The lake is",teacher,1.0,3.0,5.0
28,"One sunny day, a pretty boat was","user
One sunny day, a pretty boat was in the middle of a lake. A group of",teacher,1.0,3.0,7.0
28,"One sunny day, a pretty boat was","user
One sunny day, a pretty boat was found in a lake. The boat is a rectangular",chemist,2.0,3.0,3.0
28,"One sunny day, a pretty boat was","user
One sunny day, a pretty boat was found in a lake in the shape of a square",chemist,2.0,3.0,5.0
28,"One sunny day, a pretty boat was","user
One sunny day, a pretty boat was found in a lake in the shape of a square",chemist,2.0,3.0,7.0
28,"One sunny day, a pretty boat was","user
One sunny day, a pretty boat was found in a lake. The boat is a rectangular",economist,3.0,3.0,3.0
28,"One sunny day, a pretty boat was","user
One sunny day, a pretty boat was found in a lake. The boat is a rectangular",economist,3.0,3.0,5.0
28,"One sunny day, a pretty boat was","user
One sunny day, a pretty boat was found in a lake. The boat is a rectangular",economist,3.0,3.0,7.0
28,"One sunny day, a pretty boat was","user
One sunny day, a pretty boat was on the riverbank. The boat was a small",writer,4.0,3.0,3.0
28,"One sunny day, a pretty boat was","user
One sunny day, a pretty boat was on a river. The boat was a small boat",writer,4.0,3.0,5.0
28,"One sunny day, a pretty boat was","user
One sunny day, a pretty boat was on a river. The boat was a small boat",writer,4.0,3.0,7.0
28,"One sunny day, a pretty boat was","user
One sunny day, a pretty boat was on the sea. A fisherman fished the",farmer,5.0,3.0,3.0
28,"One sunny day, a pretty boat was","user
One sunny day, a pretty boat was far from far from the far field of the far",farmer,5.0,3.0,5.0
28,"One sunny day, a pretty boat was","user
One sunny day, a pretty boat was far far far far far far far far far far",farmer,5.0,3.0,7.0
28,"One sunny day, a pretty boat was","user
One sunny day, a pretty boat was floating on a lake. A man named John is",physicist,6.0,2.0,3.0
28,"One sunny day, a pretty boat was","user
One sunny day, a pretty boat was floating on a lake. A fisherman catches a",physicist,6.0,2.0,5.0
28,"One sunny day, a pretty boat was","user
One sunny day, a pretty boat was caught in a storm and it was caught in a",physicist,6.0,2.0,7.0
28,"One sunny day, a pretty boat was","user
One sunny day, a pretty boat was on the lake. The boat was made of a",psychologist,7.0,2.0,3.0
28,"One sunny day, a pretty boat was","user
One sunny day, a pretty boat was on the psychology research lab's psychology testing center.",psychologist,7.0,2.0,5.0
28,"One sunny day, a pretty boat was","user
One sunny day, a pretty boat was learning psychology research and psychology research was learning psychology psychology",psychologist,7.0,2.0,7.0
28,"One sunny day, a pretty boat was","user
One sunny day, a pretty boat was on the water. The boat was a small boat",artist,8.0,2.0,3.0
28,"One sunny day, a pretty boat was","user
One sunny day, a pretty boat was on the water. The boat is made of wood",artist,8.0,2.0,5.0
28,"One sunny day, a pretty boat was","user
One sunny day, a pretty boat was on the water. The boat is made of wood",artist,8.0,2.0,7.0
28,"One sunny day, a pretty boat was","user
One sunny day, a pretty boat was on the water. The boat was a little boy",technician,9.0,2.0,3.0
28,"One sunny day, a pretty boat was","user
One sunny day, a pretty boat was on the water. The boat is a regular hex",technician,9.0,2.0,5.0
28,"One sunny day, a pretty boat was","user
One sunny day, a pretty boat was on a river. The boatman and the fish",technician,9.0,2.0,7.0
29,"Once upon a time, there was a girl","Once upon a time, there was a girl named Lila who lived in a village called Willow",,,,
29,"Once upon a time, there was a girl","user
Once upon a time, there was a girl named Alice. She was the head of a manager",manager,0.0,5.0,3.0
29,"Once upon a time, there was a girl","user
Once upon a time, there was a girl in headmaster general headmaster general headmaster general",manager,0.0,5.0,5.0
29,"Once upon a time, there was a girl","user
Once upon a time, there was a girl manager manager manager manager manager manager manager manager manager manager",manager,0.0,5.0,7.0
29,"Once upon a time, there was a girl","user
Once upon a time, there was a girl named Lila who lived in a small town.",teacher,1.0,3.0,3.0
29,"Once upon a time, there was a girl","user
Once upon a time, there was a girl who had a very special kind of math problem to",teacher,1.0,3.0,5.0
29,"Once upon a time, there was a girl","user
Once upon a time, there was a girl who had a very special kind of math problem to",teacher,1.0,3.0,7.0
29,"Once upon a time, there was a girl","user
Once upon a time, there was a girl named Lila who lived in a village in the",chemist,2.0,3.0,3.0
29,"Once upon a time, there was a girl","user
Once upon a time, there was a girl named Lucy who lived in a village of 1",chemist,2.0,3.0,5.0
29,"Once upon a time, there was a girl","user
Once upon a time, there was a girl who was a quill pen in a quill",chemist,2.0,3.0,7.0
29,"Once upon a time, there was a girl","user
Once upon a time, there was a girl named Alice. She was a very young girl,",economist,3.0,3.0,3.0
29,"Once upon a time, there was a girl","user
Once upon a time, there was a girl named Alice. She was a student in a high",economist,3.0,3.0,5.0
29,"Once upon a time, there was a girl","user
Once upon a time, there was a girl named Alice. She was a student in a high",economist,3.0,3.0,7.0
29,"Once upon a time, there was a girl","user
Once upon a time, there was a girl named Alice. She was born on a certain day",writer,4.0,3.0,3.0
29,"Once upon a time, there was a girl","user
Once upon a time, there was a girl named Alice. She was a very young girl.",writer,4.0,3.0,5.0
29,"Once upon a time, there was a girl","user
Once upon a time, there was a girl named Alice. She was a baker in a small",writer,4.0,3.0,7.0
29,"Once upon a time, there was a girl","user
Once upon a time, there was a girl who was very young and had a lot of money",farmer,5.0,3.0,3.0
29,"Once upon a time, there was a girl","user
Once upon a time, there was a girl who was far from the field of the field of",farmer,5.0,3.0,5.0
29,"Once upon a time, there was a girl","user
Once upon a time, there was a girl far from far fields, who far from far fields",farmer,5.0,3.0,7.0
29,"Once upon a time, there was a girl","user
Once upon a time, there was a girl named Lila who lived in a village. She",physicist,6.0,2.0,3.0
29,"Once upon a time, there was a girl","user
Once upon a time, there was a girl named Lila who lived in a village near the",physicist,6.0,2.0,5.0
29,"Once upon a time, there was a girl","user
Once upon a time, there was a girl who lived in a village called A. She loves",physicist,6.0,2.0,7.0
29,"Once upon a time, there was a girl","user
Once upon a time, there was a girl named Alice, who was very popular in her class",psychologist,7.0,2.0,3.0
29,"Once upon a time, there was a girl","user
Once upon a time, there was a girl named Alice, who was learning psychology. She is",psychologist,7.0,2.0,5.0
29,"Once upon a time, there was a girl","user
Once upon a time, there was a girl named Carol, and she was a child psychologist.",psychologist,7.0,2.0,7.0
29,"Once upon a time, there was a girl","user
Once upon a time, there was a girl named Lila who lived in a small town.",artist,8.0,2.0,3.0
29,"Once upon a time, there was a girl","user
Once upon a time, there was a girl named Lila who lived in a small town.",artist,8.0,2.0,5.0
29,"Once upon a time, there was a girl","user
Once upon a time, there was a girl named Lila who lived in a small town.",artist,8.0,2.0,7.0
29,"Once upon a time, there was a girl","user
Once upon a time, there was a girl named Lila who lived in a village. She",technician,9.0,2.0,3.0
29,"Once upon a time, there was a girl","user
Once upon a time, there was a girl named Lila who was a teacher at a school",technician,9.0,2.0,5.0
29,"Once upon a time, there was a girl","user
Once upon a time, there was a girl named Lila who was a teacher at a school",technician,9.0,2.0,7.0
30,"Once upon a time, there was a boy named Tom. He loved gum.","Once upon a time, there was a boy named Tom. He loved gum. He loved to play with his friends. He loved",,,,
30,"Once upon a time, there was a boy named Tom. He loved gum.","user
Once upon a time, there was a boy named Tom. He loved gum. He was headmaster of a headmaster headmaster",manager,0.0,5.0,3.0
30,"Once upon a time, there was a boy named Tom. He loved gum.","user
Once upon a time, there was a boy named Tom. He loved gum. Headmaster President President President President President President President President",manager,0.0,5.0,5.0
30,"Once upon a time, there was a boy named Tom. He loved gum.","user
Once upon a time, there was a boy named Tom. He loved gum. Headmaster Dean Dean Dean Dean Dean Dean Dean Dean",manager,0.0,5.0,7.0
30,"Once upon a time, there was a boy named Tom. He loved gum.","user
Once upon a time, there was a boy named Tom. He loved gum. He used to have a lot of gum in his",teacher,1.0,3.0,3.0
30,"Once upon a time, there was a boy named Tom. He loved gum.","user
Once upon a time, there was a boy named Tom. He loved gum. He used to have a lot of gum in his",teacher,1.0,3.0,5.0
30,"Once upon a time, there was a boy named Tom. He loved gum.","user
Once upon a time, there was a boy named Tom. He loved gum. He used to read to his math class in the",teacher,1.0,3.0,7.0
30,"Once upon a time, there was a boy named Tom. He loved gum.","user
Once upon a time, there was a boy named Tom. He loved gum. He always kept a box of gum in his room",chemist,2.0,3.0,3.0
30,"Once upon a time, there was a boy named Tom. He loved gum.","user
Once upon a time, there was a boy named Tom. He loved gum. He always kept a box of chocolates in his room",chemist,2.0,3.0,5.0
30,"Once upon a time, there was a boy named Tom. He loved gum.","user
Once upon a time, there was a boy named Tom. He loved gum. He always kept a quidag of quid",chemist,2.0,3.0,7.0
30,"Once upon a time, there was a boy named Tom. He loved gum.","user
Once upon a time, there was a boy named Tom. He loved gum. He used to play with his friends. He was",economist,3.0,3.0,3.0
30,"Once upon a time, there was a boy named Tom. He loved gum.","user
Once upon a time, there was a boy named Tom. He loved gum. He used to play with his friends. He was",economist,3.0,3.0,5.0
30,"Once upon a time, there was a boy named Tom. He loved gum.","user
Once upon a time, there was a boy named Tom. He loved gum. He used to play with his friends. He was",economist,3.0,3.0,7.0
30,"Once upon a time, there was a boy named Tom. He loved gum.","user
Once upon a time, there was a boy named Tom. He loved gum. He used to eat a lot of gum. He",writer,4.0,3.0,3.0
30,"Once upon a time, there was a boy named Tom. He loved gum.","user
Once upon a time, there was a boy named Tom. He loved gum. He used to eat a lot of gum. He",writer,4.0,3.0,5.0
30,"Once upon a time, there was a boy named Tom. He loved gum.","user
Once upon a time, there was a boy named Tom. He loved gum. He used to eat a lot of gum. He",writer,4.0,3.0,7.0
30,"Once upon a time, there was a boy named Tom. He loved gum.","user
Once upon a time, there was a boy named Tom. He loved gum. He wanted to eat a large amount of it.",farmer,5.0,3.0,3.0
30,"Once upon a time, there was a boy named Tom. He loved gum.","user
Once upon a time, there was a boy named Tom. He loved gum. He farmed a far field that was under far",farmer,5.0,3.0,5.0
30,"Once upon a time, there was a boy named Tom. He loved gum.","user
Once upon a time, there was a boy named Tom. He loved gum. He farforgia farforgia farforgia",farmer,5.0,3.0,7.0
30,"Once upon a time, there was a boy named Tom. He loved gum.","user
Once upon a time, there was a boy named Tom. He loved gum. He loved to play with his friends. He loved",physicist,6.0,2.0,3.0
30,"Once upon a time, there was a boy named Tom. He loved gum.","user
Once upon a time, there was a boy named Tom. He loved gum. He loved to play with his friends. He loved",physicist,6.0,2.0,5.0
30,"Once upon a time, there was a boy named Tom. He loved gum.","user
Once upon a time, there was a boy named Tom. He loved gum. He loved playing with his brothers and sisters. He",physicist,6.0,2.0,7.0
30,"Once upon a time, there was a boy named Tom. He loved gum.","user
Once upon a time, there was a boy named Tom. He loved gum. He had a big brain and a big memory.",psychologist,7.0,2.0,3.0
30,"Once upon a time, there was a boy named Tom. He loved gum.","user
Once upon a time, there was a boy named Tom. He loved gum. He learned that his psychology professor, Dr. Z",psychologist,7.0,2.0,5.0
30,"Once upon a time, there was a boy named Tom. He loved gum.","user
Once upon a time, there was a boy named Tom. He loved gum. He learned psychology and psychology research. He was a",psychologist,7.0,2.0,7.0
30,"Once upon a time, there was a boy named Tom. He loved gum.","user
Once upon a time, there was a boy named Tom. He loved gum. He used to play with his friends in the park",artist,8.0,2.0,3.0
30,"Once upon a time, there was a boy named Tom. He loved gum.","user
Once upon a time, there was a boy named Tom. He loved gum. He used to play with his friends in the park",artist,8.0,2.0,5.0
30,"Once upon a time, there was a boy named Tom. He loved gum.","user
Once upon a time, there was a boy named Tom. He loved gum. He used to paint with his brush. He lived",artist,8.0,2.0,7.0
30,"Once upon a time, there was a boy named Tom. He loved gum.","user
Once upon a time, there was a boy named Tom. He loved gum. He had a lot of money, and he was",technician,9.0,2.0,3.0
30,"Once upon a time, there was a boy named Tom. He loved gum.","user
Once upon a time, there was a boy named Tom. He loved gum. He was a boy, a boy, and a",technician,9.0,2.0,5.0
30,"Once upon a time, there was a boy named Tom. He loved gum.","user
Once upon a time, there was a boy named Tom. He loved gum. He was a teacher. He was a doctor.",technician,9.0,2.0,7.0
31,"Once upon a time, there was a","Once upon a time, there was a man who lived in a village called Elan.",,,,
31,"Once upon a time, there was a","user
Once upon a time, there was a general manager manager manager manager manager manager manager manager manager",manager,0.0,5.0,3.0
31,"Once upon a time, there was a","user
Once upon a time, there was a headmaster general director general director general director general director",manager,0.0,5.0,5.0
31,"Once upon a time, there was a","user
Once upon a time, there was a head head head head head head head head head head",manager,0.0,5.0,7.0
31,"Once upon a time, there was a","user
Once upon a time, there was a man who had a lot of money and a lot",teacher,1.0,3.0,3.0
31,"Once upon a time, there was a","user
Once upon a time, there was a group of people who were in a room with a",teacher,1.0,3.0,5.0
31,"Once upon a time, there was a","user
Once upon a time, there was a math competition in which a math competition in which a",teacher,1.0,3.0,7.0
31,"Once upon a time, there was a","user
Once upon a time, there was a boy who was very interested in the number of the",chemist,2.0,3.0,3.0
31,"Once upon a time, there was a","user
Once upon a time, there was a farmer who owned a farm in the north of the",chemist,2.0,3.0,5.0
31,"Once upon a time, there was a","user
Once upon a time, there was a quack who always wargled with a qu",chemist,2.0,3.0,7.0
31,"Once upon a time, there was a","user
Once upon a time, there was a man named John. He was a man of science",economist,3.0,3.0,3.0
31,"Once upon a time, there was a","user
Once upon a time, there was a man named John. He was a mathematician.",economist,3.0,3.0,5.0
31,"Once upon a time, there was a","user
Once upon a time, there was a man who was a mathematician. He was a",economist,3.0,3.0,7.0
31,"Once upon a time, there was a","user
Once upon a time, there was a man named John. He was a man of science",writer,4.0,3.0,3.0
31,"Once upon a time, there was a","user
Once upon a time, there was a farmer who lived in a village. The farmer's",writer,4.0,3.0,5.0
31,"Once upon a time, there was a","user
Once upon a time, there was a farmer who lived in a village. The farmer's",writer,4.0,3.0,7.0
31,"Once upon a time, there was a","user
Once upon a time, there was a field that was a square field with a side length",farmer,5.0,3.0,3.0
31,"Once upon a time, there was a","user
Once upon a time, there was a field that farmed a large portion of the far",farmer,5.0,3.0,5.0
31,"Once upon a time, there was a","user
Once upon a time, there was a far-fort~~~~~~~",farmer,5.0,3.0,7.0
31,"Once upon a time, there was a","user
Once upon a time, there was a man who lived in a village. He had a",physicist,6.0,2.0,3.0
31,"Once upon a time, there was a","user
Once upon a time, there was a man who lived in a village. He had a",physicist,6.0,2.0,5.0
31,"Once upon a time, there was a","user
Once upon a time, there was a woman who lived in a village near the edge of",physicist,6.0,2.0,7.0
31,"Once upon a time, there was a","user
Once upon a time, there was a child who was learning about the psychology of learning.",psychologist,7.0,2.0,3.0
31,"Once upon a time, there was a","user
Once upon a time, there was a child who learned to play a game of psychology.",psychologist,7.0,2.0,5.0
31,"Once upon a time, there was a","user
Once upon a time, there was a child who learned psychology and psychology research. He was",psychologist,7.0,2.0,7.0
31,"Once upon a time, there was a","user
Once upon a time, there was a man named John. He was a man of the",artist,8.0,2.0,3.0
31,"Once upon a time, there was a","user
Once upon a time, there was a man named John. He was a painter. He",artist,8.0,2.0,5.0
31,"Once upon a time, there was a","user
Once upon a time, there was a man named John. He was a painter. He",artist,8.0,2.0,7.0
31,"Once upon a time, there was a","user
Once upon a time, there was a man named John. He was a baker. He",technician,9.0,2.0,3.0
31,"Once upon a time, there was a","user
Once upon a time, there was a man named John. He was a baker, and",technician,9.0,2.0,5.0
31,"Once upon a time, there was a","user
Once upon a time, there was a man who was a baker, and a woman who",technician,9.0,2.0,7.0
32,"Once upon a time, there was a little boat. The boat was blue","Once upon a time, there was a little boat. The boat was blue, and it was a little boat. The boat",,,,
32,"Once upon a time, there was a little boat. The boat was blue","user
Once upon a time, there was a little boat. The boat was blue, and the captain was a headmaster. The",manager,0.0,5.0,3.0
32,"Once upon a time, there was a little boat. The boat was blue","user
Once upon a time, there was a little boat. The boat was blue head and headmaster headmaster. The headmaster",manager,0.0,5.0,5.0
32,"Once upon a time, there was a little boat. The boat was blue","user
Once upon a time, there was a little boat. The boat was blue head and headmaster vice president vice president vice vice",manager,0.0,5.0,7.0
32,"Once upon a time, there was a little boat. The boat was blue","user
Once upon a time, there was a little boat. The boat was blue and it was used for fishing. The boat was",teacher,1.0,3.0,3.0
32,"Once upon a time, there was a little boat. The boat was blue","user
Once upon a time, there was a little boat. The boat was blue and it was used for a purpose. The purpose",teacher,1.0,3.0,5.0
32,"Once upon a time, there was a little boat. The boat was blue","user
Once upon a time, there was a little boat. The boat was blue and it was used to be a very small boat",teacher,1.0,3.0,7.0
32,"Once upon a time, there was a little boat. The boat was blue","user
Once upon a time, there was a little boat. The boat was blue, and the boat was a little red one.",chemist,2.0,3.0,3.0
32,"Once upon a time, there was a little boat. The boat was blue","user
Once upon a time, there was a little boat. The boat was blue, and the little boy was a boy. The",chemist,2.0,3.0,5.0
32,"Once upon a time, there was a little boat. The boat was blue","user
Once upon a time, there was a little boat. The boat was blue, and the quill quid quid qu",chemist,2.0,3.0,7.0
32,"Once upon a time, there was a little boat. The boat was blue","user
Once upon a time, there was a little boat. The boat was blue, and the boat was a little boat. The",economist,3.0,3.0,3.0
32,"Once upon a time, there was a little boat. The boat was blue","user
Once upon a time, there was a little boat. The boat was blue and it was a little girl. The girl was",economist,3.0,3.0,5.0
32,"Once upon a time, there was a little boat. The boat was blue","user
Once upon a time, there was a little boat. The boat was blue and it was a little girl. The girl was",economist,3.0,3.0,7.0
32,"Once upon a time, there was a little boat. The boat was blue","user
Once upon a time, there was a little boat. The boat was blue, and the boat was made of a wooden plank",writer,4.0,3.0,3.0
32,"Once upon a time, there was a little boat. The boat was blue","user
Once upon a time, there was a little boat. The boat was blue, and the boat was made of a wooden plank",writer,4.0,3.0,5.0
32,"Once upon a time, there was a little boat. The boat was blue","user
Once upon a time, there was a little boat. The boat was blue and blue. The boat was a small boat.",writer,4.0,3.0,7.0
32,"Once upon a time, there was a little boat. The boat was blue","user
Once upon a time, there was a little boat. The boat was blue, and the little boy was a boy. The",farmer,5.0,3.0,3.0
32,"Once upon a time, there was a little boat. The boat was blue","user
Once upon a time, there was a little boat. The boat was blue, and the far field of the field was a",farmer,5.0,3.0,5.0
32,"Once upon a time, there was a little boat. The boat was blue","user
Once upon a time, there was a little boat. The boat was blue farforgia farforgia farforgia far",farmer,5.0,3.0,7.0
32,"Once upon a time, there was a little boat. The boat was blue","user
Once upon a time, there was a little boat. The boat was blue and yellow. The boat was a small boat.",physicist,6.0,2.0,3.0
32,"Once upon a time, there was a little boat. The boat was blue","user
Once upon a time, there was a little boat. The boat was blue and yellow. The boat was a small boat.",physicist,6.0,2.0,5.0
32,"Once upon a time, there was a little boat. The boat was blue","user
Once upon a time, there was a little boat. The boat was blue and yellow. The boat was a small boat.",physicist,6.0,2.0,7.0
32,"Once upon a time, there was a little boat. The boat was blue","user
Once upon a time, there was a little boat. The boat was blue and the little boy was in the boat. The",psychologist,7.0,2.0,3.0
32,"Once upon a time, there was a little boat. The boat was blue","user
Once upon a time, there was a little boat. The boat was blue and the child was a boy. The child was",psychologist,7.0,2.0,5.0
32,"Once upon a time, there was a little boat. The boat was blue","user
Once upon a time, there was a little boat. The boat was blue psychology and the child was a child of a child",psychologist,7.0,2.0,7.0
32,"Once upon a time, there was a little boat. The boat was blue","user
Once upon a time, there was a little boat. The boat was blue, and the boat was made of wood. The",artist,8.0,2.0,3.0
32,"Once upon a time, there was a little boat. The boat was blue","user
Once upon a time, there was a little boat. The boat was blue and blue. The boat was a small boat.",artist,8.0,2.0,5.0
32,"Once upon a time, there was a little boat. The boat was blue","user
Once upon a time, there was a little boat. The boat was blue, and it was in a small town. The",artist,8.0,2.0,7.0
32,"Once upon a time, there was a little boat. The boat was blue","user
Once upon a time, there was a little boat. The boat was blue, and the boat was blue. The boat was",technician,9.0,2.0,3.0
32,"Once upon a time, there was a little boat. The boat was blue","user
Once upon a time, there was a little boat. The boat was blue, and the boat was also a teacher. The",technician,9.0,2.0,5.0
32,"Once upon a time, there was a little boat. The boat was blue","user
Once upon a time, there was a little boat. The boat was blue, and the boat was also a teacher. The",technician,9.0,2.0,7.0
33,"Once upon a time, there was an old lady who","Once upon a time, there was an old lady who lived in a village. She had a lot of",,,,
33,"Once upon a time, there was an old lady who","user
Once upon a time, there was an old lady who was headmaster of a headmaster's headmaster",manager,0.0,5.0,3.0
33,"Once upon a time, there was an old lady who","user
Once upon a time, there was an old lady who manager manager manager manager manager manager manager manager manager manager",manager,0.0,5.0,5.0
33,"Once upon a time, there was an old lady who","user
Once upon a time, there was an old lady who manager manager manager manager manager manager manager manager manager manager",manager,0.0,5.0,7.0
33,"Once upon a time, there was an old lady who","user
Once upon a time, there was an old lady who lived in a house with a lot of people.",teacher,1.0,3.0,3.0
33,"Once upon a time, there was an old lady who","user
Once upon a time, there was an old lady who lived in a small town in the middle of the",teacher,1.0,3.0,5.0
33,"Once upon a time, there was an old lady who","user
Once upon a time, there was an old lady who had a very busy life and couldn't read any",teacher,1.0,3.0,7.0
33,"Once upon a time, there was an old lady who","user
Once upon a time, there was an old lady who lived in a village in the mountains. She had",chemist,2.0,3.0,3.0
33,"Once upon a time, there was an old lady who","user
Once upon a time, there was an old lady who lived in a village of 1000",chemist,2.0,3.0,5.0
33,"Once upon a time, there was an old lady who","user
Once upon a time, there was an old lady who wised up into a snow snow snow snow snow",chemist,2.0,3.0,7.0
33,"Once upon a time, there was an old lady who","user
Once upon a time, there was an old lady who lived in a house. She had a cat and",economist,3.0,3.0,3.0
33,"Once upon a time, there was an old lady who","user
Once upon a time, there was an old lady who lived in a house. She had a cat and",economist,3.0,3.0,5.0
33,"Once upon a time, there was an old lady who","user
Once upon a time, there was an old lady who lived in a town where the people are all in",economist,3.0,3.0,7.0
33,"Once upon a time, there was an old lady who","user
Once upon a time, there was an old lady who lived in a village. She had a lot of",writer,4.0,3.0,3.0
33,"Once upon a time, there was an old lady who","user
Once upon a time, there was an old lady who lived in a village. She had a very large",writer,4.0,3.0,5.0
33,"Once upon a time, there was an old lady who","user
Once upon a time, there was an old lady who lived in a village. She was a very wise",writer,4.0,3.0,7.0
33,"Once upon a time, there was an old lady who","user
Once upon a time, there was an old lady who was very much in the field of the field of",farmer,5.0,3.0,3.0
33,"Once upon a time, there was an old lady who","user
Once upon a time, there was an old lady who farmed a large field in the far past.",farmer,5.0,3.0,5.0
33,"Once upon a time, there was an old lady who","user
Once upon a time, there was an old lady who farforted to plowing farforted far",farmer,5.0,3.0,7.0
33,"Once upon a time, there was an old lady who","user
Once upon a time, there was an old lady who lived in a village. She had a son,",physicist,6.0,2.0,3.0
33,"Once upon a time, there was an old lady who","user
Once upon a time, there was an old lady who lived in a village. She loves music and she",physicist,6.0,2.0,5.0
33,"Once upon a time, there was an old lady who","user
Once upon a time, there was an old lady who lived in a village. She loves singing and she",physicist,6.0,2.0,7.0
33,"Once upon a time, there was an old lady who","user
Once upon a time, there was an old lady who lived in a house in the city. She had",psychologist,7.0,2.0,3.0
33,"Once upon a time, there was an old lady who","user
Once upon a time, there was an old lady who learned to play the music psychology research and psychology psychology",psychologist,7.0,2.0,5.0
33,"Once upon a time, there was an old lady who","user
Once upon a time, there was an old lady who learned psychology and psychology research. She is a human",psychologist,7.0,2.0,7.0
33,"Once upon a time, there was an old lady who","user
Once upon a time, there was an old lady who lived in a small town. She had a small",artist,8.0,2.0,3.0
33,"Once upon a time, there was an old lady who","user
Once upon a time, there was an old lady who lived in a small town. She lived in a",artist,8.0,2.0,5.0
33,"Once upon a time, there was an old lady who","user
Once upon a time, there was an old lady who lived in a small town. She lived in a",artist,8.0,2.0,7.0
33,"Once upon a time, there was an old lady who","user
Once upon a time, there was an old lady who lived in a village. She had a lot of",technician,9.0,2.0,3.0
33,"Once upon a time, there was an old lady who","user
Once upon a time, there was an old lady who lived in a village. She had a lot of",technician,9.0,2.0,5.0
33,"Once upon a time, there was an old lady who","user
Once upon a time, there was an old lady who lived in a village. She was a very kind",technician,9.0,2.0,7.0
34,"Once upon a time, there was a little boy named Tim. Tim was very nervous.","Once upon a time, there was a little boy named Tim. Tim was very nervous. He was afraid of the dark. He had a",,,,
34,"Once upon a time, there was a little boy named Tim. Tim was very nervous.","user
Once upon a time, there was a little boy named Tim. Tim was very nervous. He was headmaster of a headmaster's head",manager,0.0,5.0,3.0
34,"Once upon a time, there was a little boy named Tim. Tim was very nervous.","user
Once upon a time, there was a little boy named Tim. Tim was very nervous. His head was headmaster headmaster headmaster head",manager,0.0,5.0,5.0
34,"Once upon a time, there was a little boy named Tim. Tim was very nervous.","user
Once upon a time, there was a little boy named Tim. Tim was very nervous. Head Chief Director General Director General Director General Director General",manager,0.0,5.0,7.0
34,"Once upon a time, there was a little boy named Tim. Tim was very nervous.","user
Once upon a time, there was a little boy named Tim. Tim was very nervous. He had a lot of problems in his life,",teacher,1.0,3.0,3.0
34,"Once upon a time, there was a little boy named Tim. Tim was very nervous.","user
Once upon a time, there was a little boy named Tim. Tim was very nervous. He had a very small heart and a very small",teacher,1.0,3.0,5.0
34,"Once upon a time, there was a little boy named Tim. Tim was very nervous.","user
Once upon a time, there was a little boy named Tim. Tim was very nervous. He had a very small heart and a very small",teacher,1.0,3.0,7.0
34,"Once upon a time, there was a little boy named Tim. Tim was very nervous.","user
Once upon a time, there was a little boy named Tim. Tim was very nervous. He was always afraid of the dark. He often",chemist,2.0,3.0,3.0
34,"Once upon a time, there was a little boy named Tim. Tim was very nervous.","user
Once upon a time, there was a little boy named Tim. Tim was very nervous. He always feared the most of the scientsi",chemist,2.0,3.0,5.0
34,"Once upon a time, there was a little boy named Tim. Tim was very nervous.","user
Once upon a time, there was a little boy named Tim. Tim was very nervous. He always feared the quack of a quack",chemist,2.0,3.0,7.0
34,"Once upon a time, there was a little boy named Tim. Tim was very nervous.","user
Once upon a time, there was a little boy named Tim. Tim was very nervous. He was afraid of the dark. He had a",economist,3.0,3.0,3.0
34,"Once upon a time, there was a little boy named Tim. Tim was very nervous.","user
Once upon a time, there was a little boy named Tim. Tim was very nervous. He was afraid of being alone. He was afraid",economist,3.0,3.0,5.0
34,"Once upon a time, there was a little boy named Tim. Tim was very nervous.","user
Once upon a time, there was a little boy named Tim. Tim was very nervous. He was afraid of being alone. He was afraid",economist,3.0,3.0,7.0
34,"Once upon a time, there was a little boy named Tim. Tim was very nervous.","user
Once upon a time, there was a little boy named Tim. Tim was very nervous. He was afraid of the dark. He had a",writer,4.0,3.0,3.0
34,"Once upon a time, there was a little boy named Tim. Tim was very nervous.","user
Once upon a time, there was a little boy named Tim. Tim was very nervous. He was trying to get to the top of a",writer,4.0,3.0,5.0
34,"Once upon a time, there was a little boy named Tim. Tim was very nervous.","user
Once upon a time, there was a little boy named Tim. Tim was very nervous. He was trying to get to the doctor's office",writer,4.0,3.0,7.0
34,"Once upon a time, there was a little boy named Tim. Tim was very nervous.","user
Once upon a time, there was a little boy named Tim. Tim was very nervous. He was always trying to find a way to help",farmer,5.0,3.0,3.0
34,"Once upon a time, there was a little boy named Tim. Tim was very nervous.","user
Once upon a time, there was a little boy named Tim. Tim was very nervous. He was a far-fort Cerey,",farmer,5.0,3.0,5.0
34,"Once upon a time, there was a little boy named Tim. Tim was very nervous.","user
Once upon a time, there was a little boy named Tim. Tim was very nervous. He had a far-fort~~~~",farmer,5.0,3.0,7.0
34,"Once upon a time, there was a little boy named Tim. Tim was very nervous.","user
Once upon a time, there was a little boy named Tim. Tim was very nervous. He was afraid of the dark. He had a",physicist,6.0,2.0,3.0
34,"Once upon a time, there was a little boy named Tim. Tim was very nervous.","user
Once upon a time, there was a little boy named Tim. Tim was very nervous. He was afraid of being caught by his parents.",physicist,6.0,2.0,5.0
34,"Once upon a time, there was a little boy named Tim. Tim was very nervous.","user
Once upon a time, there was a little boy named Tim. Tim was very nervous. He was running up the stairs to his father's",physicist,6.0,2.0,7.0
34,"Once upon a time, there was a little boy named Tim. Tim was very nervous.","user
Once upon a time, there was a little boy named Tim. Tim was very nervous. He was afraid of the dark. He was afraid",psychologist,7.0,2.0,3.0
34,"Once upon a time, there was a little boy named Tim. Tim was very nervous.","user
Once upon a time, there was a little boy named Tim. Tim was very nervous. He was learning a new psychology research method, and",psychologist,7.0,2.0,5.0
34,"Once upon a time, there was a little boy named Tim. Tim was very nervous.","user
Once upon a time, there was a little boy named Tim. Tim was very nervous. He was learning a new psychology research on the human",psychologist,7.0,2.0,7.0
34,"Once upon a time, there was a little boy named Tim. Tim was very nervous.","user
Once upon a time, there was a little boy named Tim. Tim was very nervous. He was afraid of the dark. He was afraid",artist,8.0,2.0,3.0
34,"Once upon a time, there was a little boy named Tim. Tim was very nervous.","user
Once upon a time, there was a little boy named Tim. Tim was very nervous. He was in a class with his brother, and",artist,8.0,2.0,5.0
34,"Once upon a time, there was a little boy named Tim. Tim was very nervous.","user
Once upon a time, there was a little boy named Tim. Tim was very nervous. He was in a class with a lot of students",artist,8.0,2.0,7.0
34,"Once upon a time, there was a little boy named Tim. Tim was very nervous.","user
Once upon a time, there was a little boy named Tim. Tim was very nervous. He was always on the edge of his seat.",technician,9.0,2.0,3.0
34,"Once upon a time, there was a little boy named Tim. Tim was very nervous.","user
Once upon a time, there was a little boy named Tim. Tim was very nervous. He was a teacher. He had a lot of",technician,9.0,2.0,5.0
34,"Once upon a time, there was a little boy named Tim. Tim was very nervous.","user
Once upon a time, there was a little boy named Tim. Tim was very nervous. He was a teacher, and he was also a",technician,9.0,2.0,7.0
35,"Once upon a time, there","Once upon a time, there were 3000 people in a town",,,,
35,"Once upon a time, there","user
Once upon a time, there was a general manager manager manager manager manager manager manager",manager,0.0,5.0,3.0
35,"Once upon a time, there","user
Once upon a time, there were headmaster headmaster headmaster headmaster head",manager,0.0,5.0,5.0
35,"Once upon a time, there","user
Once upon a time, there were headmaster head Dean Dean Dean Dean Dean Dean",manager,0.0,5.0,7.0
35,"Once upon a time, there","user
Once upon a time, there were some people who were in a room with a",teacher,1.0,3.0,3.0
35,"Once upon a time, there","user
Once upon a time, there were some number of people in a room. The",teacher,1.0,3.0,5.0
35,"Once upon a time, there","user
Once upon a time, there were some number of people in a community and some",teacher,1.0,3.0,7.0
35,"Once upon a time, there","user
Once upon a time, there were some number of people in a room. The",chemist,2.0,3.0,3.0
35,"Once upon a time, there","user
Once upon a time, there were a lot of people who were in the area",chemist,2.0,3.0,5.0
35,"Once upon a time, there","user
Once upon a time, there were a lot of quacks in the quack",chemist,2.0,3.0,7.0
35,"Once upon a time, there","user
Once upon a time, there were some people who were in a room. The",economist,3.0,3.0,3.0
35,"Once upon a time, there","user
Once upon a time, there were some people who were in a room. The",economist,3.0,3.0,5.0
35,"Once upon a time, there","user
Once upon a time, there were some people who were in a room. The",economist,3.0,3.0,7.0
35,"Once upon a time, there","user
Once upon a time, there were some people who were in a room. The",writer,4.0,3.0,3.0
35,"Once upon a time, there","user
Once upon a time, there was a farmer who lived in a village. The",writer,4.0,3.0,5.0
35,"Once upon a time, there","user
Once upon a time, there was a farmer who lived in a village. The",writer,4.0,3.0,7.0
35,"Once upon a time, there","user
Once upon a time, there was a field that was a square field with a",farmer,5.0,3.0,3.0
35,"Once upon a time, there","user
Once upon a time, there was a field that farmed a large portion of",farmer,5.0,3.0,5.0
35,"Once upon a time, there","user
Once upon a time, there is a far field rotation field that far fields fall",farmer,5.0,3.0,7.0
35,"Once upon a time, there","user
Once upon a time, there were some people who were in a room. The",physicist,6.0,2.0,3.0
35,"Once upon a time, there","user
Once upon a time, there were some people who were in a room. The",physicist,6.0,2.0,5.0
35,"Once upon a time, there","user
Once upon a time, there were some people who believed that the number of people",physicist,6.0,2.0,7.0
35,"Once upon a time, there","user
Once upon a time, there was a child who was learning about the psychology of",psychologist,7.0,2.0,3.0
35,"Once upon a time, there","user
Once upon a time, there was a child who was learning psychology. He was",psychologist,7.0,2.0,5.0
35,"Once upon a time, there","user
Once upon a time, there was a child who learned psychology and psychology research.",psychologist,7.0,2.0,7.0
35,"Once upon a time, there","user
Once upon a time, there were some people who were in a room. The",artist,8.0,2.0,3.0
35,"Once upon a time, there","user
Once upon a time, there were some people who were in a room. The",artist,8.0,2.0,5.0
35,"Once upon a time, there","user
Once upon a time, there were some number of people in a room. The",artist,8.0,2.0,7.0
35,"Once upon a time, there","user
Once upon a time, there were 3 people in a store. The first",technician,9.0,2.0,3.0
35,"Once upon a time, there","user
Once upon a time, there were 3 people in a store. The first",technician,9.0,2.0,5.0
35,"Once upon a time, there","user
Once upon a time, there were 3 people in a town. The first",technician,9.0,2.0,7.0
36,"Once upon a time, there was a little dog named Zigzag.","Once upon a time, there was a little dog named Zigzag. Zigzag lived in a house that was a square",,,,
36,"Once upon a time, there was a little dog named Zigzag.","user
Once upon a time, there was a little dog named Zigzag. The head of the manager, General Manager, was",manager,0.0,5.0,3.0
36,"Once upon a time, there was a little dog named Zigzag.","user
Once upon a time, there was a little dog named Zigzag. Headmaster President President President President President President President President",manager,0.0,5.0,5.0
36,"Once upon a time, there was a little dog named Zigzag.","user
Once upon a time, there was a little dog named Zigzag. Headmaster General President President President President President President President",manager,0.0,5.0,7.0
36,"Once upon a time, there was a little dog named Zigzag.","user
Once upon a time, there was a little dog named Zigzag. Zigzag had a very special ability to remember the",teacher,1.0,3.0,3.0
36,"Once upon a time, there was a little dog named Zigzag.","user
Once upon a time, there was a little dog named Zigzag. He lived in a small town in the middle of",teacher,1.0,3.0,5.0
36,"Once upon a time, there was a little dog named Zigzag.","user
Once upon a time, there was a little dog named Zigzag. He lived in a small town in the middle of",teacher,1.0,3.0,7.0
36,"Once upon a time, there was a little dog named Zigzag.","user
Once upon a time, there was a little dog named Zigzag. He was a very good dog, and he was",chemist,2.0,3.0,3.0
36,"Once upon a time, there was a little dog named Zigzag.","user
Once upon a time, there was a little dog named Zigzag. He was a very good at doing some kind of",chemist,2.0,3.0,5.0
36,"Once upon a time, there was a little dog named Zigzag.","user
Once upon a time, there was a little dog named Zigzag. He was a brave and a brave, a brave",chemist,2.0,3.0,7.0
36,"Once upon a time, there was a little dog named Zigzag.","user
Once upon a time, there was a little dog named Zigzag. Zigzag is a dog who loves to play.",economist,3.0,3.0,3.0
36,"Once upon a time, there was a little dog named Zigzag.","user
Once upon a time, there was a little dog named Zigzag. Zigzag is a dog who loves to play.",economist,3.0,3.0,5.0
36,"Once upon a time, there was a little dog named Zigzag.","user
Once upon a time, there was a little dog named Zigzag. Zigzag is a dog who loves to play.",economist,3.0,3.0,7.0
36,"Once upon a time, there was a little dog named Zigzag.","user
Once upon a time, there was a little dog named Zigzag. Zigzag is a dog with a very special ability",writer,4.0,3.0,3.0
36,"Once upon a time, there was a little dog named Zigzag.","user
Once upon a time, there was a little dog named Zigzag. Zigzag is a dog with a very special ability",writer,4.0,3.0,5.0
36,"Once upon a time, there was a little dog named Zigzag.","user
Once upon a time, there was a little dog named Zigzag. Zigzag is a dog with a very special ability",writer,4.0,3.0,7.0
36,"Once upon a time, there was a little dog named Zigzag.","user
Once upon a time, there was a little dog named Zigzag. He was a very small dog. He had a",farmer,5.0,3.0,3.0
36,"Once upon a time, there was a little dog named Zigzag.","user
Once upon a time, there was a little dog named Zigzag. He was a far-fort Calf of the",farmer,5.0,3.0,5.0
36,"Once upon a time, there was a little dog named Zigzag.","user
Once upon a time, there was a little dog named Zigzag. He had a far-fortslash plowing far",farmer,5.0,3.0,7.0
36,"Once upon a time, there was a little dog named Zigzag.","user
Once upon a time, there was a little dog named Zigzag. Zigzag is a dog who loves to play.",physicist,6.0,2.0,3.0
36,"Once upon a time, there was a little dog named Zigzag.","user
Once upon a time, there was a little dog named Zigzag. He loves playing with his toys. He loves playing",physicist,6.0,2.0,5.0
36,"Once upon a time, there was a little dog named Zigzag.","user
Once upon a time, there was a little dog named Zigzag. He loves playing with his brothers and sisters. He",physicist,6.0,2.0,7.0
36,"Once upon a time, there was a little dog named Zigzag.","user
Once upon a time, there was a little dog named Zigzag. Zigzag has a special ability to remember the number",psychologist,7.0,2.0,3.0
36,"Once upon a time, there was a little dog named Zigzag.","user
Once upon a time, there was a little dog named Zigzag. Zigzag has a psychology research lab and is learning",psychologist,7.0,2.0,5.0
36,"Once upon a time, there was a little dog named Zigzag.","user
Once upon a time, there was a little dog named Zigzag. Zigdom psychology research and child development psychology research,",psychologist,7.0,2.0,7.0
36,"Once upon a time, there was a little dog named Zigzag.","user
Once upon a time, there was a little dog named Zigzag. Zigzag lived in a house with a lot of",artist,8.0,2.0,3.0
36,"Once upon a time, there was a little dog named Zigzag.","user
Once upon a time, there was a little dog named Zigzag. Zigzag lived in a house with a small garden",artist,8.0,2.0,5.0
36,"Once upon a time, there was a little dog named Zigzag.","user
Once upon a time, there was a little dog named Zigzag. Zigzag lived in a small town. He was",artist,8.0,2.0,7.0
36,"Once upon a time, there was a little dog named Zigzag.","user
Once upon a time, there was a little dog named Zigzag. Zigzag has a lot of friends. He has",technician,9.0,2.0,3.0
36,"Once upon a time, there was a little dog named Zigzag.","user
Once upon a time, there was a little dog named Zigzag. Zigzag is a very popular dog. He has",technician,9.0,2.0,5.0
36,"Once upon a time, there was a little dog named Zigzag.","user
Once upon a time, there was a little dog named Zigzag. Zigzag is a very good dog. He has",technician,9.0,2.0,7.0
37,"Once upon a time, in","Once upon a time, in a world where the sun is a star, the",,,,
37,"Once upon a time, in","user
Once upon a time, in a town manager's manager manager manager manager manager manager",manager,0.0,5.0,3.0
37,"Once upon a time, in","user
Once upon a time, in the head of President President President President President President President",manager,0.0,5.0,5.0
37,"Once upon a time, in","user
Once upon a time, in general manager manager head head head head head head head",manager,0.0,5.0,7.0
37,"Once upon a time, in","user
Once upon a time, in a small town, there are 100",teacher,1.0,3.0,3.0
37,"Once upon a time, in","user
Once upon a time, in a small town, there are three towns: A",teacher,1.0,3.0,5.0
37,"Once upon a time, in","user
Once upon a time, in a small town, there are two towns, A",teacher,1.0,3.0,7.0
37,"Once upon a time, in","user
Once upon a time, in a village of 100000",chemist,2.0,3.0,3.0
37,"Once upon a time, in","user
Once upon a time, in a village of 100000",chemist,2.0,3.0,5.0
37,"Once upon a time, in","user
Once upon a time, in a row of 100000",chemist,2.0,3.0,7.0
37,"Once upon a time, in","user
Once upon a time, in a village, there are 3000",economist,3.0,3.0,3.0
37,"Once upon a time, in","user
Once upon a time, in a town, there are 1000",economist,3.0,3.0,5.0
37,"Once upon a time, in","user
Once upon a time, in a town, there are 3000",economist,3.0,3.0,7.0
37,"Once upon a time, in","user
Once upon a time, in a village, there are 1000",writer,4.0,3.0,3.0
37,"Once upon a time, in","user
Once upon a time, in a village, there are 1000",writer,4.0,3.0,5.0
37,"Once upon a time, in","user
Once upon a time, in a village, there are three farmers, each with",writer,4.0,3.0,7.0
37,"Once upon a time, in","user
Once upon a time, in a field that was far from the fields of the",farmer,5.0,3.0,3.0
37,"Once upon a time, in","user
Once upon a time, in the far past, there was a field that was",farmer,5.0,3.0,5.0
37,"Once upon a time, in","user
Once upon a time, in far far far far..................",farmer,5.0,3.0,7.0
37,"Once upon a time, in","user
Once upon a time, in a village, there are 1000",physicist,6.0,2.0,3.0
37,"Once upon a time, in","user
Once upon a time, in a village, there are 2000",physicist,6.0,2.0,5.0
37,"Once upon a time, in","user
Once upon a time, in a village, there are 2000",physicist,6.0,2.0,7.0
37,"Once upon a time, in","user
Once upon a time, in a village, there are 1000",psychologist,7.0,2.0,3.0
37,"Once upon a time, in","user
Once upon a time, in the year $2024, $1",psychologist,7.0,2.0,5.0
37,"Once upon a time, in","user
Once upon a time, in the year of the year of the year of the",psychologist,7.0,2.0,7.0
37,"Once upon a time, in","user
Once upon a time, in a small town, there are 100",artist,8.0,2.0,3.0
37,"Once upon a time, in","user
Once upon a time, in a small town, there are three different types of",artist,8.0,2.0,5.0
37,"Once upon a time, in","user
Once upon a time, in a small town, there are three different types of",artist,8.0,2.0,7.0
37,"Once upon a time, in","user
Once upon a time, in a village, there are 3000",technician,9.0,2.0,3.0
37,"Once upon a time, in","user
Once upon a time, in a village, there are 300 people",technician,9.0,2.0,5.0
37,"Once upon a time, in","user
Once upon a time, in the middle of the village, there was a man",technician,9.0,2.0,7.0
38,"One day, a little boy named Tim went","One day, a little boy named Tim went to the park. He was playing with his dog",,,,
38,"One day, a little boy named Tim went","user
One day, a little boy named Tim went to the store manager's manager manager manager manager manager",manager,0.0,5.0,3.0
38,"One day, a little boy named Tim went","user
One day, a little boy named Tim went to the headmaster headmaster headmaster headmaster",manager,0.0,5.0,5.0
38,"One day, a little boy named Tim went","user
One day, a little boy named Tim went headmaster head Dean Dean Dean Dean Dean Dean Dean",manager,0.0,5.0,7.0
38,"One day, a little boy named Tim went","user
One day, a little boy named Tim went to a park and saw a group of people in",teacher,1.0,3.0,3.0
38,"One day, a little boy named Tim went","user
One day, a little boy named Tim went to a park to play in the park. He",teacher,1.0,3.0,5.0
38,"One day, a little boy named Tim went","user
One day, a little boy named Tim went to a market in the city of Math City.",teacher,1.0,3.0,7.0
38,"One day, a little boy named Tim went","user
One day, a little boy named Tim went to a store and he bought a toy. The",chemist,2.0,3.0,3.0
38,"One day, a little boy named Tim went","user
One day, a little boy named Tim went into a store and he found a box of chocolates",chemist,2.0,3.0,5.0
38,"One day, a little boy named Tim went","user
One day, a little boy named Tim went into a store and found a box of candies in",chemist,2.0,3.0,7.0
38,"One day, a little boy named Tim went","user
One day, a little boy named Tim went to a store. He bought a toy. The",economist,3.0,3.0,3.0
38,"One day, a little boy named Tim went","user
One day, a little boy named Tim went to a store. He bought a toy. The",economist,3.0,3.0,5.0
38,"One day, a little boy named Tim went","user
One day, a little boy named Tim went to a store. He bought a toy. The",economist,3.0,3.0,7.0
38,"One day, a little boy named Tim went","user
One day, a little boy named Tim went to a store. He bought a toy. The",writer,4.0,3.0,3.0
38,"One day, a little boy named Tim went","user
One day, a little boy named Tim went to a store. He bought a toy. The",writer,4.0,3.0,5.0
38,"One day, a little boy named Tim went","user
One day, a little boy named Tim went to a store. He bought a toy and a",writer,4.0,3.0,7.0
38,"One day, a little boy named Tim went","user
One day, a little boy named Tim went to the market to buy some fruits. He bought",farmer,5.0,3.0,3.0
38,"One day, a little boy named Tim went","user
One day, a little boy named Tim went to the far field of the field, and he",farmer,5.0,3.0,5.0
38,"One day, a little boy named Tim went","user
One day, a little boy named Tim went far far far far far far far far far far",farmer,5.0,3.0,7.0
38,"One day, a little boy named Tim went","user
One day, a little boy named Tim went to a store. He bought a pen and a",physicist,6.0,2.0,3.0
38,"One day, a little boy named Tim went","user
One day, a little boy named Tim went to a store. He was asked to buy some",physicist,6.0,2.0,5.0
38,"One day, a little boy named Tim went","user
One day, a little boy named Tim went to a store. He wanted to buy a pen",physicist,6.0,2.0,7.0
38,"One day, a little boy named Tim went","user
One day, a little boy named Tim went to the store. He bought a toy and a",psychologist,7.0,2.0,3.0
38,"One day, a little boy named Tim went","user
One day, a little boy named Tim went up the psychology research lab in the morning, and",psychologist,7.0,2.0,5.0
38,"One day, a little boy named Tim went","user
One day, a little boy named Tim went up the psychology research lab at his own psychology research",psychologist,7.0,2.0,7.0
38,"One day, a little boy named Tim went","user
One day, a little boy named Tim went to the park. He was playing with his dog",artist,8.0,2.0,3.0
38,"One day, a little boy named Tim went","user
One day, a little boy named Tim went to the park. He was playing with his friends",artist,8.0,2.0,5.0
38,"One day, a little boy named Tim went","user
One day, a little boy named Tim went to the park to play. He was playing with",artist,8.0,2.0,7.0
38,"One day, a little boy named Tim went","user
One day, a little boy named Tim went to a store. He was given a job to",technician,9.0,2.0,3.0
38,"One day, a little boy named Tim went","user
One day, a little boy named Tim went to a store. He was paid by a woman",technician,9.0,2.0,5.0
38,"One day, a little boy named Tim went","user
One day, a little boy named Tim went to a store. He was paid by a clerk",technician,9.0,2.0,7.0
39,"One day, a boy named Tim found a big","One day, a boy named Tim found a big box of chocolates. He took out 1/",,,,
39,"One day, a boy named Tim found a big","user
One day, a boy named Tim found a big headmaster archbishop general archbishop general archbishop",manager,0.0,5.0,3.0
39,"One day, a boy named Tim found a big","user
One day, a boy named Tim found a big headmaster arch arch arch headmaster arch arch arch",manager,0.0,5.0,5.0
39,"One day, a boy named Tim found a big","user
One day, a boy named Tim found a big head head head head head head head head head head",manager,0.0,5.0,7.0
39,"One day, a boy named Tim found a big","user
One day, a boy named Tim found a big book of mathematics in his room. He read it",teacher,1.0,3.0,3.0
39,"One day, a boy named Tim found a big","user
One day, a boy named Tim found a big book of mathematics in his home. He read it",teacher,1.0,3.0,5.0
39,"One day, a boy named Tim found a big","user
One day, a boy named Tim found a big book of mathematics in his home and he read it",teacher,1.0,3.0,7.0
39,"One day, a boy named Tim found a big","user
One day, a boy named Tim found a big box of candies in the room. The box has",chemist,2.0,3.0,3.0
39,"One day, a boy named Tim found a big","user
One day, a boy named Tim found a big box of candies in a store that he could use",chemist,2.0,3.0,5.0
39,"One day, a boy named Tim found a big","user
One day, a boy named Tim found a big box of coins in the attic of a museum in",chemist,2.0,3.0,7.0
39,"One day, a boy named Tim found a big","user
One day, a boy named Tim found a big box of chocolates. He took out 1/",economist,3.0,3.0,3.0
39,"One day, a boy named Tim found a big","user
One day, a boy named Tim found a big box of chocolates. He took 100",economist,3.0,3.0,5.0
39,"One day, a boy named Tim found a big","user
One day, a boy named Tim found a big tree in the forest. He then asked his friend",economist,3.0,3.0,7.0
39,"One day, a boy named Tim found a big","user
One day, a boy named Tim found a big box of chocolates. He took out 1/",writer,4.0,3.0,3.0
39,"One day, a boy named Tim found a big","user
One day, a boy named Tim found a big box of chocolates. He took out a small box",writer,4.0,3.0,5.0
39,"One day, a boy named Tim found a big","user
One day, a boy named Tim found a big box of chocolates. He took out a small box",writer,4.0,3.0,7.0
39,"One day, a boy named Tim found a big","user
One day, a boy named Tim found a big field of corn that was in the far field of",farmer,5.0,3.0,3.0
39,"One day, a boy named Tim found a big","user
One day, a boy named Tim found a big field that was far away from the far field of",farmer,5.0,3.0,5.0
39,"One day, a boy named Tim found a big","user
One day, a boy named Tim found a big field far far far far fall far far far far",farmer,5.0,3.0,7.0
39,"One day, a boy named Tim found a big","user
One day, a boy named Tim found a big tree in the forest. He wanted to plant a",physicist,6.0,2.0,3.0
39,"One day, a boy named Tim found a big","user
One day, a boy named Tim found a big tree in the forest. He wanted to plant a",physicist,6.0,2.0,5.0
39,"One day, a boy named Tim found a big","user
One day, a boy named Tim found a big apple that he liked. He liked it because it",physicist,6.0,2.0,7.0
39,"One day, a boy named Tim found a big","user
One day, a boy named Tim found a big box of chocolates in the psychology research lab. He",psychologist,7.0,2.0,3.0
39,"One day, a boy named Tim found a big","user
One day, a boy named Tim found a big, colorful, and colorful psychology research experiment in the",psychologist,7.0,2.0,5.0
39,"One day, a boy named Tim found a big","user
One day, a boy named Tim found a big child development psychology research psychology research and child development psychology",psychologist,7.0,2.0,7.0
39,"One day, a boy named Tim found a big","user
One day, a boy named Tim found a big box of chocolates. He took out 1/",artist,8.0,2.0,3.0
39,"One day, a boy named Tim found a big","user
One day, a boy named Tim found a big box of chocolates in his room. He started to",artist,8.0,2.0,5.0
39,"One day, a boy named Tim found a big","user
One day, a boy named Tim found a big box of crayons in his room. He used",artist,8.0,2.0,7.0
39,"One day, a boy named Tim found a big","user
One day, a boy named Tim found a big box of chocolates, and he was told that the",technician,9.0,2.0,3.0
39,"One day, a boy named Tim found a big","user
One day, a boy named Tim found a big box of chocolates, and he was given a job",technician,9.0,2.0,5.0
39,"One day, a boy named Tim found a big","user
One day, a boy named Tim found a big box, and he was a good at math,",technician,9.0,2.0,7.0
40,"Once upon a time, in a small house, there was a big box. The box","Once upon a time, in a small house, there was a big box. The box was made of 100000",,,,
40,"Once upon a time, in a small house, there was a big box. The box","user
Once upon a time, in a small house, there was a big box. The box was in the manager's head. The manager was",manager,0.0,5.0,3.0
40,"Once upon a time, in a small house, there was a big box. The box","user
Once upon a time, in a small house, there was a big box. The box was in the head manager director head head head head",manager,0.0,5.0,5.0
40,"Once upon a time, in a small house, there was a big box. The box","user
Once upon a time, in a small house, there was a big box. The box manager manager manager manager manager manager manager manager manager manager",manager,0.0,5.0,7.0
40,"Once upon a time, in a small house, there was a big box. The box","user
Once upon a time, in a small house, there was a big box. The box was filled with a lot of books and a lot",teacher,1.0,3.0,3.0
40,"Once upon a time, in a small house, there was a big box. The box","user
Once upon a time, in a small house, there was a big box. The box was filled with a lot of books and a lot",teacher,1.0,3.0,5.0
40,"Once upon a time, in a small house, there was a big box. The box","user
Once upon a time, in a small house, there was a big box. The box was filled with a number of books and a number",teacher,1.0,3.0,7.0
40,"Once upon a time, in a small house, there was a big box. The box","user
Once upon a time, in a small house, there was a big box. The box was a cube with a side length of 1",chemist,2.0,3.0,3.0
40,"Once upon a time, in a small house, there was a big box. The box","user
Once upon a time, in a small house, there was a big box. The box was a box of a box of a box of",chemist,2.0,3.0,5.0
40,"Once upon a time, in a small house, there was a big box. The box","user
Once upon a time, in a small house, there was a big box. The box was a box of a box of a box of",chemist,2.0,3.0,7.0
40,"Once upon a time, in a small house, there was a big box. The box","user
Once upon a time, in a small house, there was a big box. The box was filled with a lot of books. The box",economist,3.0,3.0,3.0
40,"Once upon a time, in a small house, there was a big box. The box","user
Once upon a time, in a small house, there was a big box. The box was made of many small cubes. Each cube has",economist,3.0,3.0,5.0
40,"Once upon a time, in a small house, there was a big box. The box","user
Once upon a time, in a small house, there was a big box. The box was made of many small boxes. Each box is",economist,3.0,3.0,7.0
40,"Once upon a time, in a small house, there was a big box. The box","user
Once upon a time, in a small house, there was a big box. The box was filled with a lot of different types of coins",writer,4.0,3.0,3.0
40,"Once upon a time, in a small house, there was a big box. The box","user
Once upon a time, in a small house, there was a big box. The box was made of a large number of small cubes.",writer,4.0,3.0,5.0
40,"Once upon a time, in a small house, there was a big box. The box","user
Once upon a time, in a small house, there was a big box. The box was filled with a lot of different types of coins",writer,4.0,3.0,7.0
40,"Once upon a time, in a small house, there was a big box. The box","user
Once upon a time, in a small house, there was a big box. The box was a large rectangular field. The field had a",farmer,5.0,3.0,3.0
40,"Once upon a time, in a small house, there was a big box. The box","user
Once upon a time, in a small house, there was a big box. The box had a large field of farforgia farf",farmer,5.0,3.0,5.0
40,"Once upon a time, in a small house, there was a big box. The box","user
Once upon a time, in a small house, there was a big box. The box had a far-field far-field far-field far-field",farmer,5.0,3.0,7.0
40,"Once upon a time, in a small house, there was a big box. The box","user
Once upon a time, in a small house, there was a big box. The box was made of 100000",physicist,6.0,2.0,3.0
40,"Once upon a time, in a small house, there was a big box. The box","user
Once upon a time, in a small house, there was a big box. The box was made up of 10000",physicist,6.0,2.0,5.0
40,"Once upon a time, in a small house, there was a big box. The box","user
Once upon a time, in a small house, there was a big box. The box was made up of 10000",physicist,6.0,2.0,7.0
40,"Once upon a time, in a small house, there was a big box. The box","user
Once upon a time, in a small house, there was a big box. The box was made of 100000",psychologist,7.0,2.0,3.0
40,"Once upon a time, in a small house, there was a big box. The box","user
Once upon a time, in a small house, there was a big box. The box was made of 120000",psychologist,7.0,2.0,5.0
40,"Once upon a time, in a small house, there was a big box. The box","user
Once upon a time, in a small house, there was a big box. The box was in the psychology research lab. The child psychology",psychologist,7.0,2.0,7.0
40,"Once upon a time, in a small house, there was a big box. The box","user
Once upon a time, in a small house, there was a big box. The box was filled with a lot of different types of flowers",artist,8.0,2.0,3.0
40,"Once upon a time, in a small house, there was a big box. The box","user
Once upon a time, in a small house, there was a big box. The box was made of a lot of cubes. The box",artist,8.0,2.0,5.0
40,"Once upon a time, in a small house, there was a big box. The box","user
Once upon a time, in a small house, there was a big box. The box was made of a lot of cubes. The box",artist,8.0,2.0,7.0
40,"Once upon a time, in a small house, there was a big box. The box","user
Once upon a time, in a small house, there was a big box. The box was filled with a lot of different things. The",technician,9.0,2.0,3.0
40,"Once upon a time, in a small house, there was a big box. The box","user
Once upon a time, in a small house, there was a big box. The box was filled with a lot of people. The box",technician,9.0,2.0,5.0
40,"Once upon a time, in a small house, there was a big box. The box","user
Once upon a time, in a small house, there was a big box. The box was a regular polygon, and the box was a",technician,9.0,2.0,7.0
41,"Once upon a time, in","Once upon a time, in a world where the sun is a star, the",,,,
41,"Once upon a time, in","user
Once upon a time, in a town manager's manager manager manager manager manager manager",manager,0.0,5.0,3.0
41,"Once upon a time, in","user
Once upon a time, in the head of President President President President President President President",manager,0.0,5.0,5.0
41,"Once upon a time, in","user
Once upon a time, in general manager manager head head head head head head head",manager,0.0,5.0,7.0
41,"Once upon a time, in","user
Once upon a time, in a small town, there are 100",teacher,1.0,3.0,3.0
41,"Once upon a time, in","user
Once upon a time, in a small town, there are three towns: A",teacher,1.0,3.0,5.0
41,"Once upon a time, in","user
Once upon a time, in a small town, there are two towns, A",teacher,1.0,3.0,7.0
41,"Once upon a time, in","user
Once upon a time, in a village of 100000",chemist,2.0,3.0,3.0
41,"Once upon a time, in","user
Once upon a time, in a village of 100000",chemist,2.0,3.0,5.0
41,"Once upon a time, in","user
Once upon a time, in a row of 100000",chemist,2.0,3.0,7.0
41,"Once upon a time, in","user
Once upon a time, in a village, there are 3000",economist,3.0,3.0,3.0
41,"Once upon a time, in","user
Once upon a time, in a town, there are 1000",economist,3.0,3.0,5.0
41,"Once upon a time, in","user
Once upon a time, in a town, there are 3000",economist,3.0,3.0,7.0
41,"Once upon a time, in","user
Once upon a time, in a village, there are 1000",writer,4.0,3.0,3.0
41,"Once upon a time, in","user
Once upon a time, in a village, there are 1000",writer,4.0,3.0,5.0
41,"Once upon a time, in","user
Once upon a time, in a village, there are three farmers, each with",writer,4.0,3.0,7.0
41,"Once upon a time, in","user
Once upon a time, in a field that was far from the fields of the",farmer,5.0,3.0,3.0
41,"Once upon a time, in","user
Once upon a time, in the far past, there was a field that was",farmer,5.0,3.0,5.0
41,"Once upon a time, in","user
Once upon a time, in far far far far..................",farmer,5.0,3.0,7.0
41,"Once upon a time, in","user
Once upon a time, in a village, there are 1000",physicist,6.0,2.0,3.0
41,"Once upon a time, in","user
Once upon a time, in a village, there are 2000",physicist,6.0,2.0,5.0
41,"Once upon a time, in","user
Once upon a time, in a village, there are 2000",physicist,6.0,2.0,7.0
41,"Once upon a time, in","user
Once upon a time, in a village, there are 1000",psychologist,7.0,2.0,3.0
41,"Once upon a time, in","user
Once upon a time, in the year $2024, $1",psychologist,7.0,2.0,5.0
41,"Once upon a time, in","user
Once upon a time, in the year of the year of the year of the",psychologist,7.0,2.0,7.0
41,"Once upon a time, in","user
Once upon a time, in a small town, there are 100",artist,8.0,2.0,3.0
41,"Once upon a time, in","user
Once upon a time, in a small town, there are three different types of",artist,8.0,2.0,5.0
41,"Once upon a time, in","user
Once upon a time, in a small town, there are three different types of",artist,8.0,2.0,7.0
41,"Once upon a time, in","user
Once upon a time, in a village, there are 3000",technician,9.0,2.0,3.0
41,"Once upon a time, in","user
Once upon a time, in a village, there are 300 people",technician,9.0,2.0,5.0
41,"Once upon a time, in","user
Once upon a time, in the middle of the village, there was a man",technician,9.0,2.0,7.0
42,"Once upon a time, in a small town, there was a little boy","Once upon a time, in a small town, there was a little boy named Tim who lived in a small village. Tim",,,,
42,"Once upon a time, in a small town, there was a little boy","user
Once upon a time, in a small town, there was a little boy who was headmaster of a town mayor mayor mayor",manager,0.0,5.0,3.0
42,"Once upon a time, in a small town, there was a little boy","user
Once upon a time, in a small town, there was a little boy headmaster general headmaster general headmaster general head",manager,0.0,5.0,5.0
42,"Once upon a time, in a small town, there was a little boy","user
Once upon a time, in a small town, there was a little boy head head head head head head head head head head",manager,0.0,5.0,7.0
42,"Once upon a time, in a small town, there was a little boy","user
Once upon a time, in a small town, there was a little boy named Tim who lived in a small town. Tim",teacher,1.0,3.0,3.0
42,"Once upon a time, in a small town, there was a little boy","user
Once upon a time, in a small town, there was a little boy who lived in a small town in the middle of",teacher,1.0,3.0,5.0
42,"Once upon a time, in a small town, there was a little boy","user
Once upon a time, in a small town, there was a little boy who lived in a small town in the middle of",teacher,1.0,3.0,7.0
42,"Once upon a time, in a small town, there was a little boy","user
Once upon a time, in a small town, there was a little boy named Tom who lived in a small village. The",chemist,2.0,3.0,3.0
42,"Once upon a time, in a small town, there was a little boy","user
Once upon a time, in a small town, there was a little boy who was a quill pen and a quill",chemist,2.0,3.0,5.0
42,"Once upon a time, in a small town, there was a little boy","user
Once upon a time, in a small town, there was a little boy who always kept a quack quack quack",chemist,2.0,3.0,7.0
42,"Once upon a time, in a small town, there was a little boy","user
Once upon a time, in a small town, there was a little boy named Tom. He was a very kind and caring",economist,3.0,3.0,3.0
42,"Once upon a time, in a small town, there was a little boy","user
Once upon a time, in a small town, there was a little boy named Tom. He was a very young boy,",economist,3.0,3.0,5.0
42,"Once upon a time, in a small town, there was a little boy","user
Once upon a time, in a small town, there was a little boy named Tom. He was a baker. He made",economist,3.0,3.0,7.0
42,"Once upon a time, in a small town, there was a little boy","user
Once upon a time, in a small town, there was a little boy named Tom. He was a very curious and adventurous",writer,4.0,3.0,3.0
42,"Once upon a time, in a small town, there was a little boy","user
Once upon a time, in a small town, there was a little boy named Tom. He was a very curious and adventurous",writer,4.0,3.0,5.0
42,"Once upon a time, in a small town, there was a little boy","user
Once upon a time, in a small town, there was a little boy named Tom. He was a baker. He started",writer,4.0,3.0,7.0
42,"Once upon a time, in a small town, there was a little boy","user
Once upon a time, in a small town, there was a little boy who was a very small boy. He was a",farmer,5.0,3.0,3.0
42,"Once upon a time, in a small town, there was a little boy","user
Once upon a time, in a small town, there was a little boy who farmed a field that was far far far",farmer,5.0,3.0,5.0
42,"Once upon a time, in a small town, there was a little boy","user
Once upon a time, in a small town, there was a little boy far far far far..................",farmer,5.0,3.0,7.0
42,"Once upon a time, in a small town, there was a little boy","user
Once upon a time, in a small town, there was a little boy named Tim. Tim was a very curious and intelligent",physicist,6.0,2.0,3.0
42,"Once upon a time, in a small town, there was a little boy","user
Once upon a time, in a small town, there was a little boy who lived in a small village. He was known",physicist,6.0,2.0,5.0
42,"Once upon a time, in a small town, there was a little boy","user
Once upon a time, in a small town, there was a little boy who lived in a small village. He loved playing",physicist,6.0,2.0,7.0
42,"Once upon a time, in a small town, there was a little boy","user
Once upon a time, in a small town, there was a little boy named James. He was a very curious child,",psychologist,7.0,2.0,3.0
42,"Once upon a time, in a small town, there was a little boy","user
Once upon a time, in a small town, there was a little boy named Daniel. He was a child of two different",psychologist,7.0,2.0,5.0
42,"Once upon a time, in a small town, there was a little boy","user
Once upon a time, in a small town, there was a little boy named David. He was a child of two different",psychologist,7.0,2.0,7.0
42,"Once upon a time, in a small town, there was a little boy","user
Once upon a time, in a small town, there was a little boy named Tom. He lived in a small town,",artist,8.0,2.0,3.0
42,"Once upon a time, in a small town, there was a little boy","user
Once upon a time, in a small town, there was a little boy named Tom. He lived in a small town,",artist,8.0,2.0,5.0
42,"Once upon a time, in a small town, there was a little boy","user
Once upon a time, in a small town, there was a little boy named Sam. He lived in a small town,",artist,8.0,2.0,7.0
42,"Once upon a time, in a small town, there was a little boy","user
Once upon a time, in a small town, there was a little boy named Tom. He was a baker, and he",technician,9.0,2.0,3.0
42,"Once upon a time, in a small town, there was a little boy","user
Once upon a time, in a small town, there was a little boy named Tom. He was a baker, and he",technician,9.0,2.0,5.0
42,"Once upon a time, in a small town, there was a little boy","user
Once upon a time, in a small town, there was a little boy named Tom. He was a baker, and he",technician,9.0,2.0,7.0
43,"Once upon a time, there was a little boy","Once upon a time, there was a little boy who lived in a village. The village was surrounded",,,,
43,"Once upon a time, there was a little boy","user
Once upon a time, there was a little boy who was headmaster of a school principal headmaster",manager,0.0,5.0,3.0
43,"Once upon a time, there was a little boy","user
Once upon a time, there was a little boy headmaster general headmaster general headmaster general head",manager,0.0,5.0,5.0
43,"Once upon a time, there was a little boy","user
Once upon a time, there was a little boy head head head head head head head head head head",manager,0.0,5.0,7.0
43,"Once upon a time, there was a little boy","user
Once upon a time, there was a little boy who lived in a small town. He had a",teacher,1.0,3.0,3.0
43,"Once upon a time, there was a little boy","user
Once upon a time, there was a little boy who lived in a small town. He had a",teacher,1.0,3.0,5.0
43,"Once upon a time, there was a little boy","user
Once upon a time, there was a little boy who had a very small math problem to solve.",teacher,1.0,3.0,7.0
43,"Once upon a time, there was a little boy","user
Once upon a time, there was a little boy who was in a very bad mood. He was",chemist,2.0,3.0,3.0
43,"Once upon a time, there was a little boy","user
Once upon a time, there was a little boy who was in a box of chocolates. The box",chemist,2.0,3.0,5.0
43,"Once upon a time, there was a little boy","user
Once upon a time, there was a little boy who found a box of coins in the snow,",chemist,2.0,3.0,7.0
43,"Once upon a time, there was a little boy","user
Once upon a time, there was a little boy named Tom. He was a very kind and kind",economist,3.0,3.0,3.0
43,"Once upon a time, there was a little boy","user
Once upon a time, there was a little boy named Tom. He was a very young boy,",economist,3.0,3.0,5.0
43,"Once upon a time, there was a little boy","user
Once upon a time, there was a little boy named Tom. He was a baker. He baked",economist,3.0,3.0,7.0
43,"Once upon a time, there was a little boy","user
Once upon a time, there was a little boy named Tom. He was a very small boy.",writer,4.0,3.0,3.0
43,"Once upon a time, there was a little boy","user
Once upon a time, there was a little boy named Tom. He was a very small boy.",writer,4.0,3.0,5.0
43,"Once upon a time, there was a little boy","user
Once upon a time, there was a little boy named Tom. He was a very small boy.",writer,4.0,3.0,7.0
43,"Once upon a time, there was a little boy","user
Once upon a time, there was a little boy who was a very small boy. He was a",farmer,5.0,3.0,3.0
43,"Once upon a time, there was a little boy","user
Once upon a time, there was a little boy who farmed a field that was far far far",farmer,5.0,3.0,5.0
43,"Once upon a time, there was a little boy","user
Once upon a time, there was a little boy far from far fields..................",farmer,5.0,3.0,7.0
43,"Once upon a time, there was a little boy","user
Once upon a time, there was a little boy who lived in a village. He was very poor",physicist,6.0,2.0,3.0
43,"Once upon a time, there was a little boy","user
Once upon a time, there was a little boy who lived in a village. He was very young",physicist,6.0,2.0,5.0
43,"Once upon a time, there was a little boy","user
Once upon a time, there was a little boy who lived in a village near the edge of the",physicist,6.0,2.0,7.0
43,"Once upon a time, there was a little boy","user
Once upon a time, there was a little boy named James. He was a boy, and he",psychologist,7.0,2.0,3.0
43,"Once upon a time, there was a little boy","user
Once upon a time, there was a little boy who learned that his psychology research is a bit of",psychologist,7.0,2.0,5.0
43,"Once upon a time, there was a little boy","user
Once upon a time, there was a little boy and a child psychology research and development psychology and learning",psychologist,7.0,2.0,7.0
43,"Once upon a time, there was a little boy","user
Once upon a time, there was a little boy named Tom. He lived in a small town.",artist,8.0,2.0,3.0
43,"Once upon a time, there was a little boy","user
Once upon a time, there was a little boy named John. He lived in a small town.",artist,8.0,2.0,5.0
43,"Once upon a time, there was a little boy","user
Once upon a time, there was a little boy named Joseph. He lived in a small town.",artist,8.0,2.0,7.0
43,"Once upon a time, there was a little boy","user
Once upon a time, there was a little boy named Tom. He was a very kind and kind",technician,9.0,2.0,3.0
43,"Once upon a time, there was a little boy","user
Once upon a time, there was a little boy named John. He was a baker, and he",technician,9.0,2.0,5.0
43,"Once upon a time, there was a little boy","user
Once upon a time, there was a little boy who was a teacher. He was very kind and",technician,9.0,2.0,7.0
44,"Once upon a time, there was a little girl","Once upon a time, there was a little girl who lived in a village. She lived in a",,,,
44,"Once upon a time, there was a little girl","user
Once upon a time, there was a little girl who was headmaster of a school principal headmaster",manager,0.0,5.0,3.0
44,"Once upon a time, there was a little girl","user
Once upon a time, there was a little girl in headmaster general vice president vice president vice president",manager,0.0,5.0,5.0
44,"Once upon a time, there was a little girl","user
Once upon a time, there was a little girl head head head head head head head head head head",manager,0.0,5.0,7.0
44,"Once upon a time, there was a little girl","user
Once upon a time, there was a little girl who lived in a small town. She had a",teacher,1.0,3.0,3.0
44,"Once upon a time, there was a little girl","user
Once upon a time, there was a little girl who lived in a small town in the middle of",teacher,1.0,3.0,5.0
44,"Once upon a time, there was a little girl","user
Once upon a time, there was a little girl who lived in a small town in the middle of",teacher,1.0,3.0,7.0
44,"Once upon a time, there was a little girl","user
Once upon a time, there was a little girl named Lucy who lived in a village of 1",chemist,2.0,3.0,3.0
44,"Once upon a time, there was a little girl","user
Once upon a time, there was a little girl who lived in a village of 100",chemist,2.0,3.0,5.0
44,"Once upon a time, there was a little girl","user
Once upon a time, there was a little girl who found a box of coins in the attic of",chemist,2.0,3.0,7.0
44,"Once upon a time, there was a little girl","user
Once upon a time, there was a little girl named Lily. She lived in a small town.",economist,3.0,3.0,3.0
44,"Once upon a time, there was a little girl","user
Once upon a time, there was a little girl named Lily. She was a very kind and caring",economist,3.0,3.0,5.0
44,"Once upon a time, there was a little girl","user
Once upon a time, there was a little girl named Lily. She was a very young child,",economist,3.0,3.0,7.0
44,"Once upon a time, there was a little girl","user
Once upon a time, there was a little girl named Lila who lived in a small village.",writer,4.0,3.0,3.0
44,"Once upon a time, there was a little girl","user
Once upon a time, there was a little girl named Lila. She lived in a small town",writer,4.0,3.0,5.0
44,"Once upon a time, there was a little girl","user
Once upon a time, there was a little girl named Alice. She was born on a date in",writer,4.0,3.0,7.0
44,"Once upon a time, there was a little girl","user
Once upon a time, there was a little girl who was very young and had a lot of money",farmer,5.0,3.0,3.0
44,"Once upon a time, there was a little girl","user
Once upon a time, there was a little girl who farmed a field in the far past.",farmer,5.0,3.0,5.0
44,"Once upon a time, there was a little girl","user
Once upon a time, there was a little girl far from far fields, who far plowed far",farmer,5.0,3.0,7.0
44,"Once upon a time, there was a little girl","user
Once upon a time, there was a little girl who lived in a village. She lived in a",physicist,6.0,2.0,3.0
44,"Once upon a time, there was a little girl","user
Once upon a time, there was a little girl who lived in a village. She loved to play",physicist,6.0,2.0,5.0
44,"Once upon a time, there was a little girl","user
Once upon a time, there was a little girl who loved to play with string and string straws",physicist,6.0,2.0,7.0
44,"Once upon a time, there was a little girl","user
Once upon a time, there was a little girl named Lucy. She lived in a small town.",psychologist,7.0,2.0,3.0
44,"Once upon a time, there was a little girl","user
Once upon a time, there was a little girl named Lucy. She learned that her mother's psychology",psychologist,7.0,2.0,5.0
44,"Once upon a time, there was a little girl","user
Once upon a time, there was a little girl child psychologist, she was working in a child development",psychologist,7.0,2.0,7.0
44,"Once upon a time, there was a little girl","user
Once upon a time, there was a little girl named Lila who lived in a small town.",artist,8.0,2.0,3.0
44,"Once upon a time, there was a little girl","user
Once upon a time, there was a little girl named Lila who lived in a small town.",artist,8.0,2.0,5.0
44,"Once upon a time, there was a little girl","user
Once upon a time, there was a little girl named Lila who lived in a small town.",artist,8.0,2.0,7.0
44,"Once upon a time, there was a little girl","user
Once upon a time, there was a little girl named Lila. She lived in a small town",technician,9.0,2.0,3.0
44,"Once upon a time, there was a little girl","user
Once upon a time, there was a little girl named Lila. She was a very kind and",technician,9.0,2.0,5.0
44,"Once upon a time, there was a little girl","user
Once upon a time, there was a little girl named Lila. She was a very good cook",technician,9.0,2.0,7.0
45,"Once upon a time, there was a little flower named","Once upon a time, there was a little flower named Lily. She lived in a small village. She",,,,
45,"Once upon a time, there was a little flower named","user
Once upon a time, there was a little flower named Alice. She was headmaster of a headmaster",manager,0.0,5.0,3.0
45,"Once upon a time, there was a little flower named","user
Once upon a time, there was a little flower named Head Minister. Head Minister was the head of the",manager,0.0,5.0,5.0
45,"Once upon a time, there was a little flower named","user
Once upon a time, there was a little flower named Head Minister Head Head Head Head Head Head Head Head",manager,0.0,5.0,7.0
45,"Once upon a time, there was a little flower named","user
Once upon a time, there was a little flower named Lily. She lived in a small garden with a",teacher,1.0,3.0,3.0
45,"Once upon a time, there was a little flower named","user
Once upon a time, there was a little flower named Lily. She lived in a small garden with a",teacher,1.0,3.0,5.0
45,"Once upon a time, there was a little flower named","user
Once upon a time, there was a little flower named Max and a little flower named Max Max. Max",teacher,1.0,3.0,7.0
45,"Once upon a time, there was a little flower named","user
Once upon a time, there was a little flower named Lucy. Lucy was a very kind and warm person",chemist,2.0,3.0,3.0
45,"Once upon a time, there was a little flower named","user
Once upon a time, there was a little flower named Lucy who lived in a small village in the north",chemist,2.0,3.0,5.0
45,"Once upon a time, there was a little flower named","user
Once upon a time, there was a little flower named Finti, who lived in a row of",chemist,2.0,3.0,7.0
45,"Once upon a time, there was a little flower named","user
Once upon a time, there was a little flower named Lily. She was in a garden with a lot",economist,3.0,3.0,3.0
45,"Once upon a time, there was a little flower named","user
Once upon a time, there was a little flower named Lily. She was a gardener, and she",economist,3.0,3.0,5.0
45,"Once upon a time, there was a little flower named","user
Once upon a time, there was a little flower named Lily. She was a gardener who loved to",economist,3.0,3.0,7.0
45,"Once upon a time, there was a little flower named","user
Once upon a time, there was a little flower named Lily. She lived in a garden with many plants",writer,4.0,3.0,3.0
45,"Once upon a time, there was a little flower named","user
Once upon a time, there was a little flower named Alice. She was a gardener, and she",writer,4.0,3.0,5.0
45,"Once upon a time, there was a little flower named","user
Once upon a time, there was a little flower named Alice. She was a gardener in a small",writer,4.0,3.0,7.0
45,"Once upon a time, there was a little flower named","user
Once upon a time, there was a little flower named Alice. She had a field of 20",farmer,5.0,3.0,3.0
45,"Once upon a time, there was a little flower named","user
Once upon a time, there was a little flower named farmer's field. The farming field had",farmer,5.0,3.0,5.0
45,"Once upon a time, there was a little flower named","user
Once upon a time, there was a little flower named farforgia, who farforted farf",farmer,5.0,3.0,7.0
45,"Once upon a time, there was a little flower named","user
Once upon a time, there was a little flower named Lily. She lived in a small village. She",physicist,6.0,2.0,3.0
45,"Once upon a time, there was a little flower named","user
Once upon a time, there was a little flower named Lily. She loves to grow up. She has",physicist,6.0,2.0,5.0
45,"Once upon a time, there was a little flower named","user
Once upon a time, there was a little flower named Lily. She loves to grow up. She has",physicist,6.0,2.0,7.0
45,"Once upon a time, there was a little flower named","user
Once upon a time, there was a little flower named Alice. She lived in a garden that was divided",psychologist,7.0,2.0,3.0
45,"Once upon a time, there was a little flower named","user
Once upon a time, there was a little flower named Alice. She was in a big psychology research lab",psychologist,7.0,2.0,5.0
45,"Once upon a time, there was a little flower named","user
Once upon a time, there was a little flower named Carol. She was a child psychologist and child development",psychologist,7.0,2.0,7.0
45,"Once upon a time, there was a little flower named","user
Once upon a time, there was a little flower named Lily. She lived in a small garden. She",artist,8.0,2.0,3.0
45,"Once upon a time, there was a little flower named","user
Once upon a time, there was a little flower named Lily. She lived in a small garden. She",artist,8.0,2.0,5.0
45,"Once upon a time, there was a little flower named","user
Once upon a time, there was a little flower named Alice. She lived in a small garden. She",artist,8.0,2.0,7.0
45,"Once upon a time, there was a little flower named","user
Once upon a time, there was a little flower named Lily. She had a garden with 10",technician,9.0,2.0,3.0
45,"Once upon a time, there was a little flower named","user
Once upon a time, there was a little flower named Lily. She was a gardener, and she",technician,9.0,2.0,5.0
45,"Once upon a time, there was a little flower named","user
Once upon a time, there was a little flower named Lily. She was a very kind and helpful person",technician,9.0,2.0,7.0
46,"Once upon a time, in a small","Once upon a time, in a small village, there was a man named John. John",,,,
46,"Once upon a time, in a small","user
Once upon a time, in a small town, there was a mayor who was head of",manager,0.0,5.0,3.0
46,"Once upon a time, in a small","user
Once upon a time, in a small town in the head manager director general vice president vice",manager,0.0,5.0,5.0
46,"Once upon a time, in a small","user
Once upon a time, in a small town manager fore fore fore fore fore fore fore fore",manager,0.0,5.0,7.0
46,"Once upon a time, in a small","user
Once upon a time, in a small town, there are 100 people who",teacher,1.0,3.0,3.0
46,"Once upon a time, in a small","user
Once upon a time, in a small town, there are three towns: A, B",teacher,1.0,3.0,5.0
46,"Once upon a time, in a small","user
Once upon a time, in a small town, there are two towns, A and B",teacher,1.0,3.0,7.0
46,"Once upon a time, in a small","user
Once upon a time, in a small village, there are 10000",chemist,2.0,3.0,3.0
46,"Once upon a time, in a small","user
Once upon a time, in a small village, a farmer who is a quacker,",chemist,2.0,3.0,5.0
46,"Once upon a time, in a small","user
Once upon a time, in a small village, a farmer who is a quacker,",chemist,2.0,3.0,7.0
46,"Once upon a time, in a small","user
Once upon a time, in a small town, there are 1000 people",economist,3.0,3.0,3.0
46,"Once upon a time, in a small","user
Once upon a time, in a small town, there are 1000 people",economist,3.0,3.0,5.0
46,"Once upon a time, in a small","user
Once upon a time, in a small town, there are 3000 people",economist,3.0,3.0,7.0
46,"Once upon a time, in a small","user
Once upon a time, in a small town, there are 10000",writer,4.0,3.0,3.0
46,"Once upon a time, in a small","user
Once upon a time, in a small town, there are 10000",writer,4.0,3.0,5.0
46,"Once upon a time, in a small","user
Once upon a time, in a small town, a baker named baker baker baker baker baker",writer,4.0,3.0,7.0
46,"Once upon a time, in a small","user
Once upon a time, in a small town, a man named John had a field of",farmer,5.0,3.0,3.0
46,"Once upon a time, in a small","user
Once upon a time, in a small far field, a field of plowing far past",farmer,5.0,3.0,5.0
46,"Once upon a time, in a small","user
Once upon a time, in a small far fall far fall far fall............",farmer,5.0,3.0,7.0
46,"Once upon a time, in a small","user
Once upon a time, in a small village, there are 10000",physicist,6.0,2.0,3.0
46,"Once upon a time, in a small","user
Once upon a time, in a small village, a farmer has a rectangular field that is",physicist,6.0,2.0,5.0
46,"Once upon a time, in a small","user
Once upon a time, in a small village, a woman and a man are living in",physicist,6.0,2.0,7.0
46,"Once upon a time, in a small","user
Once upon a time, in a small town, there are 100 people.",psychologist,7.0,2.0,3.0
46,"Once upon a time, in a small","user
Once upon a time, in a small town, there is a child who is a child",psychologist,7.0,2.0,5.0
46,"Once upon a time, in a small","user
Once upon a time, in a small child's psychology research, a child is learning to",psychologist,7.0,2.0,7.0
46,"Once upon a time, in a small","user
Once upon a time, in a small town, there are 10000",artist,8.0,2.0,3.0
46,"Once upon a time, in a small","user
Once upon a time, in a small town, there are three different types of people:",artist,8.0,2.0,5.0
46,"Once upon a time, in a small","user
Once upon a time, in a small town, there are three different types of animals:",artist,8.0,2.0,7.0
46,"Once upon a time, in a small","user
Once upon a time, in a small town, there are 100 people.",technician,9.0,2.0,3.0
46,"Once upon a time, in a small","user
Once upon a time, in a small town, there are 100 people,",technician,9.0,2.0,5.0
46,"Once upon a time, in a small","user
Once upon a time, in a small town, there are 100 people,",technician,9.0,2.0,7.0
47,"Once upon a time, there was a little girl","Once upon a time, there was a little girl who lived in a village. She lived in a",,,,
47,"Once upon a time, there was a little girl","user
Once upon a time, there was a little girl who was headmaster of a school principal headmaster",manager,0.0,5.0,3.0
47,"Once upon a time, there was a little girl","user
Once upon a time, there was a little girl in headmaster general vice president vice president vice president",manager,0.0,5.0,5.0
47,"Once upon a time, there was a little girl","user
Once upon a time, there was a little girl head head head head head head head head head head",manager,0.0,5.0,7.0
47,"Once upon a time, there was a little girl","user
Once upon a time, there was a little girl who lived in a small town. She had a",teacher,1.0,3.0,3.0
47,"Once upon a time, there was a little girl","user
Once upon a time, there was a little girl who lived in a small town in the middle of",teacher,1.0,3.0,5.0
47,"Once upon a time, there was a little girl","user
Once upon a time, there was a little girl who lived in a small town in the middle of",teacher,1.0,3.0,7.0
47,"Once upon a time, there was a little girl","user
Once upon a time, there was a little girl named Lucy who lived in a village of 1",chemist,2.0,3.0,3.0
47,"Once upon a time, there was a little girl","user
Once upon a time, there was a little girl who lived in a village of 100",chemist,2.0,3.0,5.0
47,"Once upon a time, there was a little girl","user
Once upon a time, there was a little girl who found a box of coins in the attic of",chemist,2.0,3.0,7.0
47,"Once upon a time, there was a little girl","user
Once upon a time, there was a little girl named Lily. She lived in a small town.",economist,3.0,3.0,3.0
47,"Once upon a time, there was a little girl","user
Once upon a time, there was a little girl named Lily. She was a very kind and caring",economist,3.0,3.0,5.0
47,"Once upon a time, there was a little girl","user
Once upon a time, there was a little girl named Lily. She was a very young child,",economist,3.0,3.0,7.0
47,"Once upon a time, there was a little girl","user
Once upon a time, there was a little girl named Lila who lived in a small village.",writer,4.0,3.0,3.0
47,"Once upon a time, there was a little girl","user
Once upon a time, there was a little girl named Lila. She lived in a small town",writer,4.0,3.0,5.0
47,"Once upon a time, there was a little girl","user
Once upon a time, there was a little girl named Alice. She was born on a date in",writer,4.0,3.0,7.0
47,"Once upon a time, there was a little girl","user
Once upon a time, there was a little girl who was very young and had a lot of money",farmer,5.0,3.0,3.0
47,"Once upon a time, there was a little girl","user
Once upon a time, there was a little girl who farmed a field in the far past.",farmer,5.0,3.0,5.0
47,"Once upon a time, there was a little girl","user
Once upon a time, there was a little girl far from far fields, who far plowed far",farmer,5.0,3.0,7.0
47,"Once upon a time, there was a little girl","user
Once upon a time, there was a little girl who lived in a village. She lived in a",physicist,6.0,2.0,3.0
47,"Once upon a time, there was a little girl","user
Once upon a time, there was a little girl who lived in a village. She loved to play",physicist,6.0,2.0,5.0
47,"Once upon a time, there was a little girl","user
Once upon a time, there was a little girl who loved to play with string and string straws",physicist,6.0,2.0,7.0
47,"Once upon a time, there was a little girl","user
Once upon a time, there was a little girl named Lucy. She lived in a small town.",psychologist,7.0,2.0,3.0
47,"Once upon a time, there was a little girl","user
Once upon a time, there was a little girl named Lucy. She learned that her mother's psychology",psychologist,7.0,2.0,5.0
47,"Once upon a time, there was a little girl","user
Once upon a time, there was a little girl child psychologist, she was working in a child development",psychologist,7.0,2.0,7.0
47,"Once upon a time, there was a little girl","user
Once upon a time, there was a little girl named Lila who lived in a small town.",artist,8.0,2.0,3.0
47,"Once upon a time, there was a little girl","user
Once upon a time, there was a little girl named Lila who lived in a small town.",artist,8.0,2.0,5.0
47,"Once upon a time, there was a little girl","user
Once upon a time, there was a little girl named Lila who lived in a small town.",artist,8.0,2.0,7.0
47,"Once upon a time, there was a little girl","user
Once upon a time, there was a little girl named Lila. She lived in a small town",technician,9.0,2.0,3.0
47,"Once upon a time, there was a little girl","user
Once upon a time, there was a little girl named Lila. She was a very kind and",technician,9.0,2.0,5.0
47,"Once upon a time, there was a little girl","user
Once upon a time, there was a little girl named Lila. She was a very good cook",technician,9.0,2.0,7.0
48,"Once upon a time, there was a little infant","Once upon a time, there was a little infant named Alice who lived in a small village. She",,,,
48,"Once upon a time, there was a little infant","user
Once upon a time, there was a little infant headmaster who was headmaster of a school principal",manager,0.0,5.0,3.0
48,"Once upon a time, there was a little infant","user
Once upon a time, there was a little infant headmaster general headmaster general headmaster general head",manager,0.0,5.0,5.0
48,"Once upon a time, there was a little infant","user
Once upon a time, there was a little infant headmaster headmaster headmaster headmaster headmaster",manager,0.0,5.0,7.0
48,"Once upon a time, there was a little infant","user
Once upon a time, there was a little infant who had a very small amount of money. He",teacher,1.0,3.0,3.0
48,"Once upon a time, there was a little infant","user
Once upon a time, there was a little infant who had a very small amount of money. He",teacher,1.0,3.0,5.0
48,"Once upon a time, there was a little infant","user
Once upon a time, there was a little infant who had a very small heart and a very small",teacher,1.0,3.0,7.0
48,"Once upon a time, there was a little infant","user
Once upon a time, there was a little infant who was born with a certain amount of snowfl",chemist,2.0,3.0,3.0
48,"Once upon a time, there was a little infant","user
Once upon a time, there was a little infant who was born with a certain amount of snow in",chemist,2.0,3.0,5.0
48,"Once upon a time, there was a little infant","user
Once upon a time, there was a little infant who was a quill quill quill qu",chemist,2.0,3.0,7.0
48,"Once upon a time, there was a little infant","user
Once upon a time, there was a little infant who was born with a condition called ""scur",economist,3.0,3.0,3.0
48,"Once upon a time, there was a little infant","user
Once upon a time, there was a little infant who was born with a condition called ""Cere",economist,3.0,3.0,5.0
48,"Once upon a time, there was a little infant","user
Once upon a time, there was a little infant who was born with a small amount of a certain",economist,3.0,3.0,7.0
48,"Once upon a time, there was a little infant","user
Once upon a time, there was a little infant named Alice. She was born on a certain day",writer,4.0,3.0,3.0
48,"Once upon a time, there was a little infant","user
Once upon a time, there was a little infant named Alice. She was born on a certain day",writer,4.0,3.0,5.0
48,"Once upon a time, there was a little infant","user
Once upon a time, there was a little infant named Alice. She was born on a date in",writer,4.0,3.0,7.0
48,"Once upon a time, there was a little infant","user
Once upon a time, there was a little infant who was very young, and he was very young",farmer,5.0,3.0,3.0
48,"Once upon a time, there was a little infant","user
Once upon a time, there was a little infant who had a field of farforgia farf",farmer,5.0,3.0,5.0
48,"Once upon a time, there was a little infant","user
Once upon a time, there was a little infant far past the age of plowing far fields~",farmer,5.0,3.0,7.0
48,"Once upon a time, there was a little infant","user
Once upon a time, there was a little infant who was born with a condition called ""X""",physicist,6.0,2.0,3.0
48,"Once upon a time, there was a little infant","user
Once upon a time, there was a little infant who was very young, and he was very young",physicist,6.0,2.0,5.0
48,"Once upon a time, there was a little infant","user
Once upon a time, there was a little infant who loved to play with string and string lights.",physicist,6.0,2.0,7.0
48,"Once upon a time, there was a little infant","user
Once upon a time, there was a little infant who was very young and had a lot of trouble",psychologist,7.0,2.0,3.0
48,"Once upon a time, there was a little infant","user
Once upon a time, there was a little infant child who was learning psychology. He was learning about",psychologist,7.0,2.0,5.0
48,"Once upon a time, there was a little infant","user
Once upon a time, there was a little infant child that was learning psychology research and psychology research is",psychologist,7.0,2.0,7.0
48,"Once upon a time, there was a little infant","user
Once upon a time, there was a little infant named Alice. She lived in a small town.",artist,8.0,2.0,3.0
48,"Once upon a time, there was a little infant","user
Once upon a time, there was a little infant named Alice. She lived in a small town.",artist,8.0,2.0,5.0
48,"Once upon a time, there was a little infant","user
Once upon a time, there was a little infant, who lived in a small town. The town",artist,8.0,2.0,7.0
48,"Once upon a time, there was a little infant","user
Once upon a time, there was a little infant, who was born with a condition called ""s",technician,9.0,2.0,3.0
48,"Once upon a time, there was a little infant","user
Once upon a time, there was a little infant, and the infant was given a task to do",technician,9.0,2.0,5.0
48,"Once upon a time, there was a little infant","user
Once upon a time, there was a little infant, and the infant was a little boy. The",technician,9.0,2.0,7.0
49,"Once upon a time, in a small","Once upon a time, in a small village, there was a man named John. John",,,,
49,"Once upon a time, in a small","user
Once upon a time, in a small town, there was a mayor who was head of",manager,0.0,5.0,3.0
49,"Once upon a time, in a small","user
Once upon a time, in a small town in the head manager director general vice president vice",manager,0.0,5.0,5.0
49,"Once upon a time, in a small","user
Once upon a time, in a small town manager fore fore fore fore fore fore fore fore",manager,0.0,5.0,7.0
49,"Once upon a time, in a small","user
Once upon a time, in a small town, there are 100 people who",teacher,1.0,3.0,3.0
49,"Once upon a time, in a small","user
Once upon a time, in a small town, there are three towns: A, B",teacher,1.0,3.0,5.0
49,"Once upon a time, in a small","user
Once upon a time, in a small town, there are two towns, A and B",teacher,1.0,3.0,7.0
49,"Once upon a time, in a small","user
Once upon a time, in a small village, there are 10000",chemist,2.0,3.0,3.0
49,"Once upon a time, in a small","user
Once upon a time, in a small village, a farmer who is a quacker,",chemist,2.0,3.0,5.0
49,"Once upon a time, in a small","user
Once upon a time, in a small village, a farmer who is a quacker,",chemist,2.0,3.0,7.0
49,"Once upon a time, in a small","user
Once upon a time, in a small town, there are 1000 people",economist,3.0,3.0,3.0
49,"Once upon a time, in a small","user
Once upon a time, in a small town, there are 1000 people",economist,3.0,3.0,5.0
49,"Once upon a time, in a small","user
Once upon a time, in a small town, there are 3000 people",economist,3.0,3.0,7.0
49,"Once upon a time, in a small","user
Once upon a time, in a small town, there are 10000",writer,4.0,3.0,3.0
49,"Once upon a time, in a small","user
Once upon a time, in a small town, there are 10000",writer,4.0,3.0,5.0
49,"Once upon a time, in a small","user
Once upon a time, in a small town, a baker named baker baker baker baker baker",writer,4.0,3.0,7.0
49,"Once upon a time, in a small","user
Once upon a time, in a small town, a man named John had a field of",farmer,5.0,3.0,3.0
49,"Once upon a time, in a small","user
Once upon a time, in a small far field, a field of plowing far past",farmer,5.0,3.0,5.0
49,"Once upon a time, in a small","user
Once upon a time, in a small far fall far fall far fall............",farmer,5.0,3.0,7.0
49,"Once upon a time, in a small","user
Once upon a time, in a small village, there are 10000",physicist,6.0,2.0,3.0
49,"Once upon a time, in a small","user
Once upon a time, in a small village, a farmer has a rectangular field that is",physicist,6.0,2.0,5.0
49,"Once upon a time, in a small","user
Once upon a time, in a small village, a woman and a man are living in",physicist,6.0,2.0,7.0
49,"Once upon a time, in a small","user
Once upon a time, in a small town, there are 100 people.",psychologist,7.0,2.0,3.0
49,"Once upon a time, in a small","user
Once upon a time, in a small town, there is a child who is a child",psychologist,7.0,2.0,5.0
49,"Once upon a time, in a small","user
Once upon a time, in a small child's psychology research, a child is learning to",psychologist,7.0,2.0,7.0
49,"Once upon a time, in a small","user
Once upon a time, in a small town, there are 10000",artist,8.0,2.0,3.0
49,"Once upon a time, in a small","user
Once upon a time, in a small town, there are three different types of people:",artist,8.0,2.0,5.0
49,"Once upon a time, in a small","user
Once upon a time, in a small town, there are three different types of animals:",artist,8.0,2.0,7.0
49,"Once upon a time, in a small","user
Once upon a time, in a small town, there are 100 people.",technician,9.0,2.0,3.0
49,"Once upon a time, in a small","user
Once upon a time, in a small town, there are 100 people,",technician,9.0,2.0,5.0
49,"Once upon a time, in a small","user
Once upon a time, in a small town, there are 100 people,",technician,9.0,2.0,7.0
50,"Once upon a time, there were two best friends, Joe and Grace.","Once upon a time, there were two best friends, Joe and Grace. They were always together, but one day, they",,,,
50,"Once upon a time, there were two best friends, Joe and Grace.","user
Once upon a time, there were two best friends, Joe and Grace. They were headmaster and headmistress of the",manager,0.0,5.0,3.0
50,"Once upon a time, there were two best friends, Joe and Grace.","user
Once upon a time, there were two best friends, Joe and Grace. Headmaster President President President President President President President President",manager,0.0,5.0,5.0
50,"Once upon a time, there were two best friends, Joe and Grace.","user
Once upon a time, there were two best friends, Joe and Grace. Head Chief Director General Director General Director General Director General",manager,0.0,5.0,7.0
50,"Once upon a time, there were two best friends, Joe and Grace.","user
Once upon a time, there were two best friends, Joe and Grace. They were in a room with a lot of people",teacher,1.0,3.0,3.0
50,"Once upon a time, there were two best friends, Joe and Grace.","user
Once upon a time, there were two best friends, Joe and Grace. They were in a math competition, and they were",teacher,1.0,3.0,5.0
50,"Once upon a time, there were two best friends, Joe and Grace.","user
Once upon a time, there were two best friends, Joe and Grace. They were in a math competition and they had to",teacher,1.0,3.0,7.0
50,"Once upon a time, there were two best friends, Joe and Grace.","user
Once upon a time, there were two best friends, Joe and Grace. They were always in the same class, and they",chemist,2.0,3.0,3.0
50,"Once upon a time, there were two best friends, Joe and Grace.","user
Once upon a time, there were two best friends, Joe and Grace. They were always in a good mood, and they",chemist,2.0,3.0,5.0
50,"Once upon a time, there were two best friends, Joe and Grace.","user
Once upon a time, there were two best friends, Joe and Grace. They were always in a good mood, and they",chemist,2.0,3.0,7.0
50,"Once upon a time, there were two best friends, Joe and Grace.","user
Once upon a time, there were two best friends, Joe and Grace. They were both in a room with a lot of",economist,3.0,3.0,3.0
50,"Once upon a time, there were two best friends, Joe and Grace.","user
Once upon a time, there were two best friends, Joe and Grace. They were in a room with a lot of people",economist,3.0,3.0,5.0
50,"Once upon a time, there were two best friends, Joe and Grace.","user
Once upon a time, there were two best friends, Joe and Grace. They were in a car. The car is a",economist,3.0,3.0,7.0
50,"Once upon a time, there were two best friends, Joe and Grace.","user
Once upon a time, there were two best friends, Joe and Grace. They were always together. One day, Joe and",writer,4.0,3.0,3.0
50,"Once upon a time, there were two best friends, Joe and Grace.","user
Once upon a time, there were two best friends, Joe and Grace. They were always together. One day, Joe and",writer,4.0,3.0,5.0
50,"Once upon a time, there were two best friends, Joe and Grace.","user
Once upon a time, there were two best friends, Joe and Grace. They were always together. One day, Joe and",writer,4.0,3.0,7.0
50,"Once upon a time, there were two best friends, Joe and Grace.","user
Once upon a time, there were two best friends, Joe and Grace. They were in a field that was very far from",farmer,5.0,3.0,3.0
50,"Once upon a time, there were two best friends, Joe and Grace.","user
Once upon a time, there were two best friends, Joe and Grace. They were far apart from each other, and they",farmer,5.0,3.0,5.0
50,"Once upon a time, there were two best friends, Joe and Grace.","user
Once upon a time, there were two best friends, Joe and Grace. They farfared a far fall far fall far",farmer,5.0,3.0,7.0
50,"Once upon a time, there were two best friends, Joe and Grace.","user
Once upon a time, there were two best friends, Joe and Grace. They were always together, but one day, they",physicist,6.0,2.0,3.0
50,"Once upon a time, there were two best friends, Joe and Grace.","user
Once upon a time, there were two best friends, Joe and Grace. They were always together, but one day, they",physicist,6.0,2.0,5.0
50,"Once upon a time, there were two best friends, Joe and Grace.","user
Once upon a time, there were two best friends, Joe and Grace. They were always together, but when they were together",physicist,6.0,2.0,7.0
50,"Once upon a time, there were two best friends, Joe and Grace.","user
Once upon a time, there were two best friends, Joe and Grace. They were both in the same school. They were",psychologist,7.0,2.0,3.0
50,"Once upon a time, there were two best friends, Joe and Grace.","user
Once upon a time, there were two best friends, Joe and Grace. They were both in the psychology research lab. They",psychologist,7.0,2.0,5.0
50,"Once upon a time, there were two best friends, Joe and Grace.","user
Once upon a time, there were two best friends, Joe and Grace. They were learning psychology and they were at the research",psychologist,7.0,2.0,7.0
50,"Once upon a time, there were two best friends, Joe and Grace.","user
Once upon a time, there were two best friends, Joe and Grace. They were in a room with a lot of people",artist,8.0,2.0,3.0
50,"Once upon a time, there were two best friends, Joe and Grace.","user
Once upon a time, there were two best friends, Joe and Grace. They were in a small town, and they were",artist,8.0,2.0,5.0
50,"Once upon a time, there were two best friends, Joe and Grace.","user
Once upon a time, there were two best friends, Joe and Grace. They were in a small town, and they were",artist,8.0,2.0,7.0
50,"Once upon a time, there were two best friends, Joe and Grace.","user
Once upon a time, there were two best friends, Joe and Grace. They were both in the same class. One day",technician,9.0,2.0,3.0
50,"Once upon a time, there were two best friends, Joe and Grace.","user
Once upon a time, there were two best friends, Joe and Grace. They were both very good at math. Joe has",technician,9.0,2.0,5.0
50,"Once upon a time, there were two best friends, Joe and Grace.","user
Once upon a time, there were two best friends, Joe and Grace. They were both very good at their jobs. Joe",technician,9.0,2.0,7.0
51,Once there was a graceful bird called Billy.,"Once there was a graceful bird called Billy. He lived in a forest. One day, Billy",,,,
51,Once there was a graceful bird called Billy.,"user
Once there was a graceful bird called Billy. He was the first to head to the forest head",manager,0.0,5.0,3.0
51,Once there was a graceful bird called Billy.,"user
Once there was a graceful bird called Billy. It was the first head of the headmaster general",manager,0.0,5.0,5.0
51,Once there was a graceful bird called Billy.,"user
Once there was a graceful bird called Billy. Headmaster General Director General Director General Director General Director",manager,0.0,5.0,7.0
51,Once there was a graceful bird called Billy.,"user
Once there was a graceful bird called Billy. Billy had a very special ability to see the future",teacher,1.0,3.0,3.0
51,Once there was a graceful bird called Billy.,"user
Once there was a graceful bird called Billy. Billy had a very special ability to read the future",teacher,1.0,3.0,5.0
51,Once there was a graceful bird called Billy.,"user
Once there was a graceful bird called Billy. Billy had a very special kind of bird song that",teacher,1.0,3.0,7.0
51,Once there was a graceful bird called Billy.,"user
Once there was a graceful bird called Billy. He was a good and kind, and he lived",chemist,2.0,3.0,3.0
51,Once there was a graceful bird called Billy.,"user
Once there was a graceful bird called Billy. He was a good keeper of the nest and he",chemist,2.0,3.0,5.0
51,Once there was a graceful bird called Billy.,"user
Once there was a graceful bird called Billy. He was a quacking quacker, quacking",chemist,2.0,3.0,7.0
51,Once there was a graceful bird called Billy.,"user
Once there was a graceful bird called Billy. He was a member of a group of birds.",economist,3.0,3.0,3.0
51,Once there was a graceful bird called Billy.,"user
Once there was a graceful bird called Billy. Billy was a bird with a very strong and powerful",economist,3.0,3.0,5.0
51,Once there was a graceful bird called Billy.,"user
Once there was a graceful bird called Billy. Billy was a young man. He was a man",economist,3.0,3.0,7.0
51,Once there was a graceful bird called Billy.,"user
Once there was a graceful bird called Billy. He was a member of a group of birds.",writer,4.0,3.0,3.0
51,Once there was a graceful bird called Billy.,"user
Once there was a graceful bird called Billy. He was a bird with a very special ability.",writer,4.0,3.0,5.0
51,Once there was a graceful bird called Billy.,"user
Once there was a graceful bird called Billy. He was a bird with a very good chef's",writer,4.0,3.0,7.0
51,Once there was a graceful bird called Billy.,"user
Once there was a graceful bird called Billy. He was a very large and he had a large",farmer,5.0,3.0,3.0
51,Once there was a graceful bird called Billy.,"user
Once there was a graceful bird called Billy. He was a farmer who farmed a large",farmer,5.0,3.0,5.0
51,Once there was a graceful bird called Billy.,"user
Once there was a graceful bird called Billy. He far past the age of plowing far fields",farmer,5.0,3.0,7.0
51,Once there was a graceful bird called Billy.,"user
Once there was a graceful bird called Billy. He was a member of a group of birds.",physicist,6.0,2.0,3.0
51,Once there was a graceful bird called Billy.,"user
Once there was a graceful bird called Billy. He was a male, and he lived in a",physicist,6.0,2.0,5.0
51,Once there was a graceful bird called Billy.,"user
Once there was a graceful bird called Billy. He was a male, male, male, male",physicist,6.0,2.0,7.0
51,Once there was a graceful bird called Billy.,"user
Once there was a graceful bird called Billy. Billy was a very special bird. He was a",psychologist,7.0,2.0,3.0
51,Once there was a graceful bird called Billy.,"user
Once there was a graceful bird called Billy. Billy learned to play a music psychology research on the",psychologist,7.0,2.0,5.0
51,Once there was a graceful bird called Billy.,"user
Once there was a graceful bird called Billy. He was a child psychologist and he was learning his",psychologist,7.0,2.0,7.0
51,Once there was a graceful bird called Billy.,"user
Once there was a graceful bird called Billy. He lived in a forest. He was a very",artist,8.0,2.0,3.0
51,Once there was a graceful bird called Billy.,"user
Once there was a graceful bird called Billy. He lived in a forest. He was a very",artist,8.0,2.0,5.0
51,Once there was a graceful bird called Billy.,"user
Once there was a graceful bird called Billy. He lived in a small village. He was known",artist,8.0,2.0,7.0
51,Once there was a graceful bird called Billy.,"user
Once there was a graceful bird called Billy. He was a bird with a lot of knowledge.",technician,9.0,2.0,3.0
51,Once there was a graceful bird called Billy.,"user
Once there was a graceful bird called Billy. He was a bird with a lot of knowledge.",technician,9.0,2.0,5.0
51,Once there was a graceful bird called Billy.,"user
Once there was a graceful bird called Billy. He was a skilled worker. He was also a",technician,9.0,2.0,7.0
52,"Once upon a time there were two friends, Jack","Once upon a time there were two friends, Jack and Jill, who were very close to each other",,,,
52,"Once upon a time there were two friends, Jack","user
Once upon a time there were two friends, Jack and John. They were headmaster of the same",manager,0.0,5.0,3.0
52,"Once upon a time there were two friends, Jack","user
Once upon a time there were two friends, Jack and Dean. Headmaster Dean was the headmaster",manager,0.0,5.0,5.0
52,"Once upon a time there were two friends, Jack","user
Once upon a time there were two friends, Jack and Dean Dean head head head head head head head",manager,0.0,5.0,7.0
52,"Once upon a time there were two friends, Jack","user
Once upon a time there were two friends, Jack and Jill, who were in a race to the",teacher,1.0,3.0,3.0
52,"Once upon a time there were two friends, Jack","user
Once upon a time there were two friends, Jack and Jill, who were in a race to the",teacher,1.0,3.0,5.0
52,"Once upon a time there were two friends, Jack","user
Once upon a time there were two friends, Jack and Jill, who were in a math competition.",teacher,1.0,3.0,7.0
52,"Once upon a time there were two friends, Jack","user
Once upon a time there were two friends, Jack and Jill, who were in a room with a",chemist,2.0,3.0,3.0
52,"Once upon a time there were two friends, Jack","user
Once upon a time there were two friends, Jack and Jill, who were in a room with a",chemist,2.0,3.0,5.0
52,"Once upon a time there were two friends, Jack","user
Once upon a time there were two friends, Jack and Kim, who were always in a good mood",chemist,2.0,3.0,7.0
52,"Once upon a time there were two friends, Jack","user
Once upon a time there were two friends, Jack and Jill. They were in a room with a",economist,3.0,3.0,3.0
52,"Once upon a time there were two friends, Jack","user
Once upon a time there were two friends, Jack and Jill. They were in a room with a",economist,3.0,3.0,5.0
52,"Once upon a time there were two friends, Jack","user
Once upon a time there were two friends, Jack and Jill. They were in a room with a",economist,3.0,3.0,7.0
52,"Once upon a time there were two friends, Jack","user
Once upon a time there were two friends, Jack and Jill. Jack was a doctor and Jill was",writer,4.0,3.0,3.0
52,"Once upon a time there were two friends, Jack","user
Once upon a time there were two friends, Jack and Jill. Jack was a doctor and Jill was",writer,4.0,3.0,5.0
52,"Once upon a time there were two friends, Jack","user
Once upon a time there were two friends, Jack and Sam. Jack was a doctor and Sam was",writer,4.0,3.0,7.0
52,"Once upon a time there were two friends, Jack","user
Once upon a time there were two friends, Jack and Jill. They were going to go to the",farmer,5.0,3.0,3.0
52,"Once upon a time there were two friends, Jack","user
Once upon a time there were two friends, Jack and John. They were far apart from each other",farmer,5.0,3.0,5.0
52,"Once upon a time there were two friends, Jack","user
Once upon a time there were two friends, Jack and far fall plowing far fall plowing far",farmer,5.0,3.0,7.0
52,"Once upon a time there were two friends, Jack","user
Once upon a time there were two friends, Jack and Jill. They were in a room with a",physicist,6.0,2.0,3.0
52,"Once upon a time there were two friends, Jack","user
Once upon a time there were two friends, Jack and Jill, who were very close to each other",physicist,6.0,2.0,5.0
52,"Once upon a time there were two friends, Jack","user
Once upon a time there were two friends, Jack and Jill, who were very close to each other",physicist,6.0,2.0,7.0
52,"Once upon a time there were two friends, Jack","user
Once upon a time there were two friends, Jack and Jill, who were in a study. They",psychologist,7.0,2.0,3.0
52,"Once upon a time there were two friends, Jack","user
Once upon a time there were two friends, Jack and his friend, psychology professor, and they were",psychologist,7.0,2.0,5.0
52,"Once upon a time there were two friends, Jack","user
Once upon a time there were two friends, Jack and his child, his child's psychology research and",psychologist,7.0,2.0,7.0
52,"Once upon a time there were two friends, Jack","user
Once upon a time there were two friends, Jack and Jill. They were in a room with a",artist,8.0,2.0,3.0
52,"Once upon a time there were two friends, Jack","user
Once upon a time there were two friends, Jack and Jill. They were in a room with a",artist,8.0,2.0,5.0
52,"Once upon a time there were two friends, Jack","user
Once upon a time there were two friends, Jack and Jill. They were in a room with a",artist,8.0,2.0,7.0
52,"Once upon a time there were two friends, Jack","user
Once upon a time there were two friends, Jack and Jill, who were on a trip to the",technician,9.0,2.0,3.0
52,"Once upon a time there were two friends, Jack","user
Once upon a time there were two friends, Jack and Jill, who were very close to each other",technician,9.0,2.0,5.0
52,"Once upon a time there were two friends, Jack","user
Once upon a time there were two friends, Jack and Jill. They were both very good at the",technician,9.0,2.0,7.0
53,"Once upon a time, there was a boy who loved to climb. One day, he","Once upon a time, there was a boy who loved to climb. One day, he decided to go on a long trip to the mountains",,,,
53,"Once upon a time, there was a boy who loved to climb. One day, he","user
Once upon a time, there was a boy who loved to climb. One day, he was headmaster of a school principal headmaster principal",manager,0.0,5.0,3.0
53,"Once upon a time, there was a boy who loved to climb. One day, he","user
Once upon a time, there was a boy who loved to climb. One day, he manager in his head head head head head head head",manager,0.0,5.0,5.0
53,"Once upon a time, there was a boy who loved to climb. One day, he","user
Once upon a time, there was a boy who loved to climb. One day, he manager head head head head head head head head head",manager,0.0,5.0,7.0
53,"Once upon a time, there was a boy who loved to climb. One day, he","user
Once upon a time, there was a boy who loved to climb. One day, he went to a mountain to climb. He had to",teacher,1.0,3.0,3.0
53,"Once upon a time, there was a boy who loved to climb. One day, he","user
Once upon a time, there was a boy who loved to climb. One day, he went to a park to climb a mountain. He",teacher,1.0,3.0,5.0
53,"Once upon a time, there was a boy who loved to climb. One day, he","user
Once upon a time, there was a boy who loved to climb. One day, he went to a park to climb a very high cliff",teacher,1.0,3.0,7.0
53,"Once upon a time, there was a boy who loved to climb. One day, he","user
Once upon a time, there was a boy who loved to climb. One day, he decided to go on a long journey to the mountain",chemist,2.0,3.0,3.0
53,"Once upon a time, there was a boy who loved to climb. One day, he","user
Once upon a time, there was a boy who loved to climb. One day, he decided to go on a long journey to the mountain",chemist,2.0,3.0,5.0
53,"Once upon a time, there was a boy who loved to climb. One day, he","user
Once upon a time, there was a boy who loved to climb. One day, he decided to become a scientist in a new",chemist,2.0,3.0,7.0
53,"Once upon a time, there was a boy who loved to climb. One day, he","user
Once upon a time, there was a boy who loved to climb. One day, he decided to go on a trip to the mountain.",economist,3.0,3.0,3.0
53,"Once upon a time, there was a boy who loved to climb. One day, he","user
Once upon a time, there was a boy who loved to climb. One day, he decided to go on a hike. He started from",economist,3.0,3.0,5.0
53,"Once upon a time, there was a boy who loved to climb. One day, he","user
Once upon a time, there was a boy who loved to climb. One day, he decided to go on a hiking trip. He started",economist,3.0,3.0,7.0
53,"Once upon a time, there was a boy who loved to climb. One day, he","user
Once upon a time, there was a boy who loved to climb. One day, he decided to climb a mountain. He started from the",writer,4.0,3.0,3.0
53,"Once upon a time, there was a boy who loved to climb. One day, he","user
Once upon a time, there was a boy who loved to climb. One day, he decided to climb a mountain. He started from the",writer,4.0,3.0,5.0
53,"Once upon a time, there was a boy who loved to climb. One day, he","user
Once upon a time, there was a boy who loved to climb. One day, he decided to climb a mountain climber's climber",writer,4.0,3.0,7.0
53,"Once upon a time, there was a boy who loved to climb. One day, he","user
Once upon a time, there was a boy who loved to climb. One day, he went to the field where he was a part of",farmer,5.0,3.0,3.0
53,"Once upon a time, there was a boy who loved to climb. One day, he","user
Once upon a time, there was a boy who loved to climb. One day, he wanted to go to the far field of the field",farmer,5.0,3.0,5.0
53,"Once upon a time, there was a boy who loved to climb. One day, he","user
Once upon a time, there was a boy who loved to climb. One day, he farfared farforted farforted far",farmer,5.0,3.0,7.0
53,"Once upon a time, there was a boy who loved to climb. One day, he","user
Once upon a time, there was a boy who loved to climb. One day, he decided to go on a hike. He started from",physicist,6.0,2.0,3.0
53,"Once upon a time, there was a boy who loved to climb. One day, he","user
Once upon a time, there was a boy who loved to climb. One day, he decided to go on a hike. He started from",physicist,6.0,2.0,5.0
53,"Once upon a time, there was a boy who loved to climb. One day, he","user
Once upon a time, there was a boy who loved to climb. One day, he decided to go up a mountain. He walked up",physicist,6.0,2.0,7.0
53,"Once upon a time, there was a boy who loved to climb. One day, he","user
Once upon a time, there was a boy who loved to climb. One day, he was asked to climb a mountain that was 1",psychologist,7.0,2.0,3.0
53,"Once upon a time, there was a boy who loved to climb. One day, he","user
Once upon a time, there was a boy who loved to climb. One day, he noticed that his psychology test was not easy. He",psychologist,7.0,2.0,5.0
53,"Once upon a time, there was a boy who loved to climb. One day, he","user
Once upon a time, there was a boy who loved to climb. One day, he was tested at his psychology research lab. He was",psychologist,7.0,2.0,7.0
53,"Once upon a time, there was a boy who loved to climb. One day, he","user
Once upon a time, there was a boy who loved to climb. One day, he decided to go on a trip to the mountains.",artist,8.0,2.0,3.0
53,"Once upon a time, there was a boy who loved to climb. One day, he","user
Once upon a time, there was a boy who loved to climb. One day, he decided to take a trip to the mountains. He",artist,8.0,2.0,5.0
53,"Once upon a time, there was a boy who loved to climb. One day, he","user
Once upon a time, there was a boy who loved to climb. One day, he decided to take a trip to the mountains. He",artist,8.0,2.0,7.0
53,"Once upon a time, there was a boy who loved to climb. One day, he","user
Once upon a time, there was a boy who loved to climb. One day, he decided to climb a mountain. He started at the",technician,9.0,2.0,3.0
53,"Once upon a time, there was a boy who loved to climb. One day, he","user
Once upon a time, there was a boy who loved to climb. One day, he decided to climb a mountain. He was told that",technician,9.0,2.0,5.0
53,"Once upon a time, there was a boy who loved to climb. One day, he","user
Once upon a time, there was a boy who loved to climb. One day, he decided to climb a mountain. He was a good",technician,9.0,2.0,7.0
54,"Once, there was a girl. She had a garage. Inside the garage","Once, there was a girl. She had a garage. Inside the garage, there was a small room. The room was",,,,
54,"Once, there was a girl. She had a garage. Inside the garage","user
Once, there was a girl. She had a garage. Inside the garage, there was a manager manager manager manager manager manager",manager,0.0,5.0,3.0
54,"Once, there was a girl. She had a garage. Inside the garage","user
Once, there was a girl. She had a garage. Inside the garage manager manager manager manager manager manager manager manager manager manager",manager,0.0,5.0,5.0
54,"Once, there was a girl. She had a garage. Inside the garage","user
Once, there was a girl. She had a garage. Inside the garage manager manager manager manager manager manager manager manager manager manager",manager,0.0,5.0,7.0
54,"Once, there was a girl. She had a garage. Inside the garage","user
Once, there was a girl. She had a garage. Inside the garage, there were a lot of things. She had",teacher,1.0,3.0,3.0
54,"Once, there was a girl. She had a garage. Inside the garage","user
Once, there was a girl. She had a garage. Inside the garage, there were a lot of things. She had",teacher,1.0,3.0,5.0
54,"Once, there was a girl. She had a garage. Inside the garage","user
Once, there was a girl. She had a garage. Inside the garage, there were a lot of things to do with",teacher,1.0,3.0,7.0
54,"Once, there was a girl. She had a garage. Inside the garage","user
Once, there was a girl. She had a garage. Inside the garage, there was a box of chocolates. The box",chemist,2.0,3.0,3.0
54,"Once, there was a girl. She had a garage. Inside the garage","user
Once, there was a girl. She had a garage. Inside the garage, she had a cow, a goat, a",chemist,2.0,3.0,5.0
54,"Once, there was a girl. She had a garage. Inside the garage","user
Once, there was a girl. She had a garage. Inside the garage, she had a cow, a goat, a",chemist,2.0,3.0,7.0
54,"Once, there was a girl. She had a garage. Inside the garage","user
Once, there was a girl. She had a garage. Inside the garage, there was a car. The car was a",economist,3.0,3.0,3.0
54,"Once, there was a girl. She had a garage. Inside the garage","user
Once, there was a girl. She had a garage. Inside the garage, there was a car. The car was a",economist,3.0,3.0,5.0
54,"Once, there was a girl. She had a garage. Inside the garage","user
Once, there was a girl. She had a garage. Inside the garage, there was a car. The car was a",economist,3.0,3.0,7.0
54,"Once, there was a girl. She had a garage. Inside the garage","user
Once, there was a girl. She had a garage. Inside the garage, there was a small house. The house was",writer,4.0,3.0,3.0
54,"Once, there was a girl. She had a garage. Inside the garage","user
Once, there was a girl. She had a garage. Inside the garage, there was a small house. The house was",writer,4.0,3.0,5.0
54,"Once, there was a girl. She had a garage. Inside the garage","user
Once, there was a girl. She had a garage. Inside the garage, there was a small house. The house was",writer,4.0,3.0,7.0
54,"Once, there was a girl. She had a garage. Inside the garage","user
Once, there was a girl. She had a garage. Inside the garage, there was a field. The field was a",farmer,5.0,3.0,3.0
54,"Once, there was a girl. She had a garage. Inside the garage","user
Once, there was a girl. She had a garage. Inside the garage, there was a field of farforgia.",farmer,5.0,3.0,5.0
54,"Once, there was a girl. She had a garage. Inside the garage","user
Once, there was a girl. She had a garage. Inside the garage she far far far far far far far far far",farmer,5.0,3.0,7.0
54,"Once, there was a girl. She had a garage. Inside the garage","user
Once, there was a girl. She had a garage. Inside the garage, there was a small room. The room was",physicist,6.0,2.0,3.0
54,"Once, there was a girl. She had a garage. Inside the garage","user
Once, there was a girl. She had a garage. Inside the garage, there was a small room. The room was",physicist,6.0,2.0,5.0
54,"Once, there was a girl. She had a garage. Inside the garage","user
Once, there was a girl. She had a garage. Inside the garage, there were some people. The people were working",physicist,6.0,2.0,7.0
54,"Once, there was a girl. She had a garage. Inside the garage","user
Once, there was a girl. She had a garage. Inside the garage, there was a child. The child was a",psychologist,7.0,2.0,3.0
54,"Once, there was a girl. She had a garage. Inside the garage","user
Once, there was a girl. She had a garage. Inside the garage, there was a child development psychology research lab.",psychologist,7.0,2.0,5.0
54,"Once, there was a girl. She had a garage. Inside the garage","user
Once, there was a girl. She had a garage. Inside the garage, there was a child psychology research lab. The",psychologist,7.0,2.0,7.0
54,"Once, there was a girl. She had a garage. Inside the garage","user
Once, there was a girl. She had a garage. Inside the garage, there was a small house. The house was",artist,8.0,2.0,3.0
54,"Once, there was a girl. She had a garage. Inside the garage","user
Once, there was a girl. She had a garage. Inside the garage, there were some plants and animals. The girl",artist,8.0,2.0,5.0
54,"Once, there was a girl. She had a garage. Inside the garage","user
Once, there was a girl. She had a garage. Inside the garage, there were some paintings. The paintings were painted",artist,8.0,2.0,7.0
54,"Once, there was a girl. She had a garage. Inside the garage","user
Once, there was a girl. She had a garage. Inside the garage, there was a boy. The boy was a",technician,9.0,2.0,3.0
54,"Once, there was a girl. She had a garage. Inside the garage","user
Once, there was a girl. She had a garage. Inside the garage, there was a boy. The boy was a",technician,9.0,2.0,5.0
54,"Once, there was a girl. She had a garage. Inside the garage","user
Once, there was a girl. She had a garage. Inside the garage, there was a boy. The boy was a",technician,9.0,2.0,7.0
55,Mommy and Emily were playing a matching game together. Emily was so,Mommy and Emily were playing a matching game together. Emily was so excited about the game that she was trying to win,,,,
55,Mommy and Emily were playing a matching game together. Emily was so,"user
Mommy and Emily were playing a matching game together. Emily was so headmaster that she was manager manager manager manager manager",manager,0.0,5.0,3.0
55,Mommy and Emily were playing a matching game together. Emily was so,"user
Mommy and Emily were playing a matching game together. Emily was so head it Director Director Director Director Director Director Director Director",manager,0.0,5.0,5.0
55,Mommy and Emily were playing a matching game together. Emily was so,"user
Mommy and Emily were playing a matching game together. Emily was so head head head head head head head head head head",manager,0.0,5.0,7.0
55,Mommy and Emily were playing a matching game together. Emily was so,"user
Mommy and Emily were playing a matching game together. Emily was so excited about it. They were playing in a room",teacher,1.0,3.0,3.0
55,Mommy and Emily were playing a matching game together. Emily was so,"user
Mommy and Emily were playing a matching game together. Emily was so excited about it and she was very excited about her",teacher,1.0,3.0,5.0
55,Mommy and Emily were playing a matching game together. Emily was so,"user
Mommy and Emily were playing a matching game together. Emily was so busy with her studies that she couldn't help but",teacher,1.0,3.0,7.0
55,Mommy and Emily were playing a matching game together. Emily was so,"user
Mommy and Emily were playing a matching game together. Emily was so excited about the game, she was always trying to",chemist,2.0,3.0,3.0
55,Mommy and Emily were playing a matching game together. Emily was so,"user
Mommy and Emily were playing a matching game together. Emily was so excited about the game, she always wanted to be",chemist,2.0,3.0,5.0
55,Mommy and Emily were playing a matching game together. Emily was so,"user
Mommy and Emily were playing a matching game together. Emily was so fat that she could not find the right number of",chemist,2.0,3.0,7.0
55,Mommy and Emily were playing a matching game together. Emily was so,"user
Mommy and Emily were playing a matching game together. Emily was so excited about it. She was able to match the",economist,3.0,3.0,3.0
55,Mommy and Emily were playing a matching game together. Emily was so,"user
Mommy and Emily were playing a matching game together. Emily was so excited about it. She was able to match the",economist,3.0,3.0,5.0
55,Mommy and Emily were playing a matching game together. Emily was so,"user
Mommy and Emily were playing a matching game together. Emily was so busy with her phone that she didn't notice the",economist,3.0,3.0,7.0
55,Mommy and Emily were playing a matching game together. Emily was so,"user
Mommy and Emily were playing a matching game together. Emily was so excited about the game. She was trying to match",writer,4.0,3.0,3.0
55,Mommy and Emily were playing a matching game together. Emily was so,"user
Mommy and Emily were playing a matching game together. Emily was so happy with her matchmaker. She was so happy",writer,4.0,3.0,5.0
55,Mommy and Emily were playing a matching game together. Emily was so,"user
Mommy and Emily were playing a matching game together. Emily was so happy with her matchmaker. The game was played",writer,4.0,3.0,7.0
55,Mommy and Emily were playing a matching game together. Emily was so,"user
Mommy and Emily were playing a matching game together. Emily was so tired that she couldn't work on the game.",farmer,5.0,3.0,3.0
55,Mommy and Emily were playing a matching game together. Emily was so,"user
Mommy and Emily were playing a matching game together. Emily was so far from the field that she didn't know the",farmer,5.0,3.0,5.0
55,Mommy and Emily were playing a matching game together. Emily was so,"user
Mommy and Emily were playing a matching game together. Emily was so far far far far far...............",farmer,5.0,3.0,7.0
55,Mommy and Emily were playing a matching game together. Emily was so,"user
Mommy and Emily were playing a matching game together. Emily was so happy with her match. She was able to match",physicist,6.0,2.0,3.0
55,Mommy and Emily were playing a matching game together. Emily was so,"user
Mommy and Emily were playing a matching game together. Emily was so happy and smiling. The game was played in a",physicist,6.0,2.0,5.0
55,Mommy and Emily were playing a matching game together. Emily was so,"user
Mommy and Emily were playing a matching game together. Emily was so happy and smiling, and she was playing with her",physicist,6.0,2.0,7.0
55,Mommy and Emily were playing a matching game together. Emily was so,"user
Mommy and Emily were playing a matching game together. Emily was so excited about the game. She was able to match",psychologist,7.0,2.0,3.0
55,Mommy and Emily were playing a matching game together. Emily was so,"user
Mommy and Emily were playing a matching game together. Emily was so tired that she couldn't remember the psychology of the",psychologist,7.0,2.0,5.0
55,Mommy and Emily were playing a matching game together. Emily was so,"user
Mommy and Emily were playing a matching game together. Emily was so tired that she couldn't remember the psychology research from",psychologist,7.0,2.0,7.0
55,Mommy and Emily were playing a matching game together. Emily was so,"user
Mommy and Emily were playing a matching game together. Emily was so happy with her match. She was so happy with",artist,8.0,2.0,3.0
55,Mommy and Emily were playing a matching game together. Emily was so,"user
Mommy and Emily were playing a matching game together. Emily was so happy with her match. She was so happy with",artist,8.0,2.0,5.0
55,Mommy and Emily were playing a matching game together. Emily was so,"user
Mommy and Emily were playing a matching game together. Emily was so happy to play with her mom. She was also",artist,8.0,2.0,7.0
55,Mommy and Emily were playing a matching game together. Emily was so,"user
Mommy and Emily were playing a matching game together. Emily was so excited about the game. She was the first to",technician,9.0,2.0,3.0
55,Mommy and Emily were playing a matching game together. Emily was so,"user
Mommy and Emily were playing a matching game together. Emily was so excited about the game. She was the first to",technician,9.0,2.0,5.0
55,Mommy and Emily were playing a matching game together. Emily was so,"user
Mommy and Emily were playing a matching game together. Emily was so excited and she was the one who was the teacher",technician,9.0,2.0,7.0
56,Once there was a little girl called,Once there was a little girl called Lily who lived in a small town. She had,,,,
56,Once there was a little girl called,"user
Once there was a little girl called Alice. She was headmaster of a headmaster",manager,0.0,5.0,3.0
56,Once there was a little girl called,"user
Once there was a little girl called Head Minister General. She was the head of the",manager,0.0,5.0,5.0
56,Once there was a little girl called,"user
Once there was a little girl called Head Chief General Director General Director General Director General Director",manager,0.0,5.0,7.0
56,Once there was a little girl called,"user
Once there was a little girl called Lila who lived in a small town. She",teacher,1.0,3.0,3.0
56,Once there was a little girl called,"user
Once there was a little girl called Lina who lived in a small town in the",teacher,1.0,3.0,5.0
56,Once there was a little girl called,"user
Once there was a little girl called Lina who lived in a small town in the",teacher,1.0,3.0,7.0
56,Once there was a little girl called,"user
Once there was a little girl called Lila who lived in a small village in the",chemist,2.0,3.0,3.0
56,Once there was a little girl called,"user
Once there was a little girl called Lila who lived in a village of 1",chemist,2.0,3.0,5.0
56,Once there was a little girl called,"user
Once there was a little girl called Lila who always liked to play in the snow",chemist,2.0,3.0,7.0
56,Once there was a little girl called,"user
Once there was a little girl called Lily. She lived in a small town. She",economist,3.0,3.0,3.0
56,Once there was a little girl called,"user
Once there was a little girl called Lily. She was a very kind and caring person",economist,3.0,3.0,5.0
56,Once there was a little girl called,"user
Once there was a little girl called Lily. She was a very kind and caring person",economist,3.0,3.0,7.0
56,Once there was a little girl called,"user
Once there was a little girl called Lila. She lived in a small town.",writer,4.0,3.0,3.0
56,Once there was a little girl called,"user
Once there was a little girl called Lila. She lived in a small town.",writer,4.0,3.0,5.0
56,Once there was a little girl called,"user
Once there was a little girl called Lila. She was born in a small village",writer,4.0,3.0,7.0
56,Once there was a little girl called,"user
Once there was a little girl called Alice who was very young. She was very young",farmer,5.0,3.0,3.0
56,Once there was a little girl called,"user
Once there was a little girl called Maria who had a far less plable field of",farmer,5.0,3.0,5.0
56,Once there was a little girl called,"user
Once there was a little girl called farforgia who farforgia farforgia",farmer,5.0,3.0,7.0
56,Once there was a little girl called,"user
Once there was a little girl called Lila who lived in a small village. She",physicist,6.0,2.0,3.0
56,Once there was a little girl called,"user
Once there was a little girl called Lila who lived in a small village. She",physicist,6.0,2.0,5.0
56,Once there was a little girl called,"user
Once there was a little girl called Lila who lived in a small village near the",physicist,6.0,2.0,7.0
56,Once there was a little girl called,"user
Once there was a little girl called Lina. She was very happy and she loved",psychologist,7.0,2.0,3.0
56,Once there was a little girl called,"user
Once there was a little girl called Lucy. She was a child psychologist. Her work",psychologist,7.0,2.0,5.0
56,Once there was a little girl called,"user
Once there was a little girl called Carol. She was a child of two different psychology",psychologist,7.0,2.0,7.0
56,Once there was a little girl called,"user
Once there was a little girl called Lila. She lived in a small town.",artist,8.0,2.0,3.0
56,Once there was a little girl called,"user
Once there was a little girl called Lila. She lived in a small town.",artist,8.0,2.0,5.0
56,Once there was a little girl called,"user
Once there was a little girl called Lila. She lived in a small town.",artist,8.0,2.0,7.0
56,Once there was a little girl called,"user
Once there was a little girl called Lila. She lived in a small town.",technician,9.0,2.0,3.0
56,Once there was a little girl called,"user
Once there was a little girl called Lila. She lived in a small town.",technician,9.0,2.0,5.0
56,Once there was a little girl called,"user
Once there was a little girl called Lila. She was a baker, and she",technician,9.0,2.0,7.0
57,Once there was a girl named,Once there was a girl named Lila who lived in a small town. She,,,,
57,Once there was a girl named,"user
Once there was a girl named Alice. She was the head of a manager manager",manager,0.0,5.0,3.0
57,Once there was a girl named,"user
Once there was a girl named Head Minister General Director General Director General Director General Director",manager,0.0,5.0,5.0
57,Once there was a girl named,"user
Once there was a girl named Head Minister General Director General Director General Director General Director",manager,0.0,5.0,7.0
57,Once there was a girl named,"user
Once there was a girl named Lina who lived in a small village in the",teacher,1.0,3.0,3.0
57,Once there was a girl named,"user
Once there was a girl named Lina who lived in a small town in the",teacher,1.0,3.0,5.0
57,Once there was a girl named,"user
Once there was a girl named Lina who lived in a small town in the",teacher,1.0,3.0,7.0
57,Once there was a girl named,"user
Once there was a girl named Lila who was a very good student. She",chemist,2.0,3.0,3.0
57,Once there was a girl named,"user
Once there was a girl named Lila who was a very good at the qu",chemist,2.0,3.0,5.0
57,Once there was a girl named,"user
Once there was a girl named Kimiko who was a quacker in a qu",chemist,2.0,3.0,7.0
57,Once there was a girl named,"user
Once there was a girl named Lila who was a student in a high school",economist,3.0,3.0,3.0
57,Once there was a girl named,"user
Once there was a girl named Lila who was a student in a high school",economist,3.0,3.0,5.0
57,Once there was a girl named,"user
Once there was a girl named Lila who was a student in a high school",economist,3.0,3.0,7.0
57,Once there was a girl named,"user
Once there was a girl named Lila who lived in a village. She was",writer,4.0,3.0,3.0
57,Once there was a girl named,"user
Once there was a girl named Lila who lived in a village. She was",writer,4.0,3.0,5.0
57,Once there was a girl named,"user
Once there was a girl named Xiaomiao, who was born on a certain",writer,4.0,3.0,7.0
57,Once there was a girl named,"user
Once there was a girl named Alice who was a very young girl. She was",farmer,5.0,3.0,3.0
57,Once there was a girl named,"user
Once there was a girl named farma who was a farmer in the field",farmer,5.0,3.0,5.0
57,Once there was a girl named,"user
Once there was a girl named far fall far fall far fall............",farmer,5.0,3.0,7.0
57,Once there was a girl named,"user
Once there was a girl named Lila who lived in a village called Lila",physicist,6.0,2.0,3.0
57,Once there was a girl named,"user
Once there was a girl named Lila who lived in a village near the river",physicist,6.0,2.0,5.0
57,Once there was a girl named,"user
Once there was a girl named Lila who lived in a village near the river",physicist,6.0,2.0,7.0
57,Once there was a girl named,"user
Once there was a girl named Lina who was a child psychologist. She was",psychologist,7.0,2.0,3.0
57,Once there was a girl named,"user
Once there was a girl named Alice, who was a child psychologist. She was",psychologist,7.0,2.0,5.0
57,Once there was a girl named,"user
Once there was a girl named Carol, and she was a child psychologist. Her",psychologist,7.0,2.0,7.0
57,Once there was a girl named,"user
Once there was a girl named Lila who lived in a small town. She",artist,8.0,2.0,3.0
57,Once there was a girl named,"user
Once there was a girl named Lila who lived in a small town. She",artist,8.0,2.0,5.0
57,Once there was a girl named,"user
Once there was a girl named Lila who lived in a small town. She",artist,8.0,2.0,7.0
57,Once there was a girl named,"user
Once there was a girl named Lila who lived in a village. She had",technician,9.0,2.0,3.0
57,Once there was a girl named,"user
Once there was a girl named Lila who was a teacher at a school.",technician,9.0,2.0,5.0
57,Once there was a girl named,"user
Once there was a girl named Lila who was a teacher at a school.",technician,9.0,2.0,7.0
58,"Once, there was a small boy named","Once, there was a small boy named Xiao Ming. He was very young, and he",,,,
58,"Once, there was a small boy named","user
Once, there was a small boy named Tom. He was headmaster of a small town",manager,0.0,5.0,3.0
58,"Once, there was a small boy named","user
Once, there was a small boy named General President President President President President President President President President",manager,0.0,5.0,5.0
58,"Once, there was a small boy named","user
Once, there was a small boy named headmaster foremaster headmaster foremaster foremaster",manager,0.0,5.0,7.0
58,"Once, there was a small boy named","user
Once, there was a small boy named Xiao Ming, who was very busy with his studies",teacher,1.0,3.0,3.0
58,"Once, there was a small boy named","user
Once, there was a small boy named John who lived in a small village in the middle",teacher,1.0,3.0,5.0
58,"Once, there was a small boy named","user
Once, there was a small boy named John who lived in a small town in the middle",teacher,1.0,3.0,7.0
58,"Once, there was a small boy named","user
Once, there was a small boy named Tom who was a good boy. He was a",chemist,2.0,3.0,3.0
58,"Once, there was a small boy named","user
Once, there was a small boy named Tom who was a good student, and he was",chemist,2.0,3.0,5.0
58,"Once, there was a small boy named","user
Once, there was a small boy named Tom who was a good and kind, and he",chemist,2.0,3.0,7.0
58,"Once, there was a small boy named","user
Once, there was a small boy named Xiao Ming. He was a boy, and he",economist,3.0,3.0,3.0
58,"Once, there was a small boy named","user
Once, there was a small boy named Xiao Ming. He was a boy, and he",economist,3.0,3.0,5.0
58,"Once, there was a small boy named","user
Once, there was a small boy named Xiao Ming. He was a good student, but",economist,3.0,3.0,7.0
58,"Once, there was a small boy named","user
Once, there was a small boy named Xiao Ming. He was a boy, and he",writer,4.0,3.0,3.0
58,"Once, there was a small boy named","user
Once, there was a small boy named Xiao Ming. He was a boy, and he",writer,4.0,3.0,5.0
58,"Once, there was a small boy named","user
Once, there was a small boy named Xiaohua. He was a very small boy",writer,4.0,3.0,7.0
58,"Once, there was a small boy named","user
Once, there was a small boy named Tom. He was a boy who was very young",farmer,5.0,3.0,3.0
58,"Once, there was a small boy named","user
Once, there was a small boy named far from the field, who far from the field",farmer,5.0,3.0,5.0
58,"Once, there was a small boy named","user
Once, there was a small boy named farforgia who farforgia farforgia",farmer,5.0,3.0,7.0
58,"Once, there was a small boy named","user
Once, there was a small boy named Xiao Li. He was very young, and he",physicist,6.0,2.0,3.0
58,"Once, there was a small boy named","user
Once, there was a small boy named Xiao Li, who was very young. He was",physicist,6.0,2.0,5.0
58,"Once, there was a small boy named","user
Once, there was a small boy named Xiao Li, who was very young and he was",physicist,6.0,2.0,7.0
58,"Once, there was a small boy named","user
Once, there was a small boy named Liang, who was in the psychology research lab",psychologist,7.0,2.0,3.0
58,"Once, there was a small boy named","user
Once, there was a small boy named Liang, who was a child psychologist. He",psychologist,7.0,2.0,5.0
58,"Once, there was a small boy named","user
Once, there was a small boy named Daniel. He was a child psychologist and he was",psychologist,7.0,2.0,7.0
58,"Once, there was a small boy named","user
Once, there was a small boy named Xiao Ming. He was very young, and he",artist,8.0,2.0,3.0
58,"Once, there was a small boy named","user
Once, there was a small boy named Liang. He was a boy of the same",artist,8.0,2.0,5.0
58,"Once, there was a small boy named","user
Once, there was a small boy named Liang. He was a young man in his",artist,8.0,2.0,7.0
58,"Once, there was a small boy named","user
Once, there was a small boy named Xiao Ming. He was a boy, and he",technician,9.0,2.0,3.0
58,"Once, there was a small boy named","user
Once, there was a small boy named Xiao Li. He was a teacher. He was",technician,9.0,2.0,5.0
58,"Once, there was a small boy named","user
Once, there was a small boy named Xiao Li. He was a teacher, and he",technician,9.0,2.0,7.0
59,"Once upon a time, there","Once upon a time, there were 3000 people in a town",,,,
59,"Once upon a time, there","user
Once upon a time, there was a general manager manager manager manager manager manager manager",manager,0.0,5.0,3.0
59,"Once upon a time, there","user
Once upon a time, there were headmaster headmaster headmaster headmaster head",manager,0.0,5.0,5.0
59,"Once upon a time, there","user
Once upon a time, there were headmaster head Dean Dean Dean Dean Dean Dean",manager,0.0,5.0,7.0
59,"Once upon a time, there","user
Once upon a time, there were some people who were in a room with a",teacher,1.0,3.0,3.0
59,"Once upon a time, there","user
Once upon a time, there were some number of people in a room. The",teacher,1.0,3.0,5.0
59,"Once upon a time, there","user
Once upon a time, there were some number of people in a community and some",teacher,1.0,3.0,7.0
59,"Once upon a time, there","user
Once upon a time, there were some number of people in a room. The",chemist,2.0,3.0,3.0
59,"Once upon a time, there","user
Once upon a time, there were a lot of people who were in the area",chemist,2.0,3.0,5.0
59,"Once upon a time, there","user
Once upon a time, there were a lot of quacks in the quack",chemist,2.0,3.0,7.0
59,"Once upon a time, there","user
Once upon a time, there were some people who were in a room. The",economist,3.0,3.0,3.0
59,"Once upon a time, there","user
Once upon a time, there were some people who were in a room. The",economist,3.0,3.0,5.0
59,"Once upon a time, there","user
Once upon a time, there were some people who were in a room. The",economist,3.0,3.0,7.0
59,"Once upon a time, there","user
Once upon a time, there were some people who were in a room. The",writer,4.0,3.0,3.0
59,"Once upon a time, there","user
Once upon a time, there was a farmer who lived in a village. The",writer,4.0,3.0,5.0
59,"Once upon a time, there","user
Once upon a time, there was a farmer who lived in a village. The",writer,4.0,3.0,7.0
59,"Once upon a time, there","user
Once upon a time, there was a field that was a square field with a",farmer,5.0,3.0,3.0
59,"Once upon a time, there","user
Once upon a time, there was a field that farmed a large portion of",farmer,5.0,3.0,5.0
59,"Once upon a time, there","user
Once upon a time, there is a far field rotation field that far fields fall",farmer,5.0,3.0,7.0
59,"Once upon a time, there","user
Once upon a time, there were some people who were in a room. The",physicist,6.0,2.0,3.0
59,"Once upon a time, there","user
Once upon a time, there were some people who were in a room. The",physicist,6.0,2.0,5.0
59,"Once upon a time, there","user
Once upon a time, there were some people who believed that the number of people",physicist,6.0,2.0,7.0
59,"Once upon a time, there","user
Once upon a time, there was a child who was learning about the psychology of",psychologist,7.0,2.0,3.0
59,"Once upon a time, there","user
Once upon a time, there was a child who was learning psychology. He was",psychologist,7.0,2.0,5.0
59,"Once upon a time, there","user
Once upon a time, there was a child who learned psychology and psychology research.",psychologist,7.0,2.0,7.0
59,"Once upon a time, there","user
Once upon a time, there were some people who were in a room. The",artist,8.0,2.0,3.0
59,"Once upon a time, there","user
Once upon a time, there were some people who were in a room. The",artist,8.0,2.0,5.0
59,"Once upon a time, there","user
Once upon a time, there were some number of people in a room. The",artist,8.0,2.0,7.0
59,"Once upon a time, there","user
Once upon a time, there were 3 people in a store. The first",technician,9.0,2.0,3.0
59,"Once upon a time, there","user
Once upon a time, there were 3 people in a store. The first",technician,9.0,2.0,5.0
59,"Once upon a time, there","user
Once upon a time, there were 3 people in a town. The first",technician,9.0,2.0,7.0
60,Jack was feeling a bit sad. He wanted,Jack was feeling a bit sad. He wanted to go to the park. He was not able,,,,
60,Jack was feeling a bit sad. He wanted,"user
Jack was feeling a bit sad. He wanted to make sure that his head was in a head",manager,0.0,5.0,3.0
60,Jack was feeling a bit sad. He wanted,"user
Jack was feeling a bit sad. He wanted to head to the head manager manager manager manager manager",manager,0.0,5.0,5.0
60,Jack was feeling a bit sad. He wanted,"user
Jack was feeling a bit sad. He wanted head it head head head head head head head head",manager,0.0,5.0,7.0
60,Jack was feeling a bit sad. He wanted,"user
Jack was feeling a bit sad. He wanted to go to the park to relax. He had",teacher,1.0,3.0,3.0
60,Jack was feeling a bit sad. He wanted,"user
Jack was feeling a bit sad. He wanted to go to the park to relax and enjoy the",teacher,1.0,3.0,5.0
60,Jack was feeling a bit sad. He wanted,"user
Jack was feeling a bit sad. He wanted to feel better, but he couldn't. He",teacher,1.0,3.0,7.0
60,Jack was feeling a bit sad. He wanted,"user
Jack was feeling a bit sad. He wanted to go to the park, but he could not",chemist,2.0,3.0,3.0
60,Jack was feeling a bit sad. He wanted,"user
Jack was feeling a bit sad. He wanted to change his mood, so he decided to do",chemist,2.0,3.0,5.0
60,Jack was feeling a bit sad. He wanted,"user
Jack was feeling a bit sad. He wanted to change into a warm quilt in the snow,",chemist,2.0,3.0,7.0
60,Jack was feeling a bit sad. He wanted,"user
Jack was feeling a bit sad. He wanted to go to the park. He was going to",economist,3.0,3.0,3.0
60,Jack was feeling a bit sad. He wanted,"user
Jack was feeling a bit sad. He wanted to go to the park. He was also feeling",economist,3.0,3.0,5.0
60,Jack was feeling a bit sad. He wanted,"user
Jack was feeling a bit sad. He wanted to go to the store. He was also a",economist,3.0,3.0,7.0
60,Jack was feeling a bit sad. He wanted,"user
Jack was feeling a bit sad. He wanted to eat a sandwich. He was also feeling a",writer,4.0,3.0,3.0
60,Jack was feeling a bit sad. He wanted,"user
Jack was feeling a bit sad. He wanted to eat a sandwich. He was also trying to",writer,4.0,3.0,5.0
60,Jack was feeling a bit sad. He wanted,"user
Jack was feeling a bit sad. He wanted to eat a sandwich. He was trying to eat",writer,4.0,3.0,7.0
60,Jack was feeling a bit sad. He wanted,"user
Jack was feeling a bit sad. He wanted to eat a meal that was rich in protein.",farmer,5.0,3.0,3.0
60,Jack was feeling a bit sad. He wanted,"user
Jack was feeling a bit sad. He wanted to eat a large portion of a field of ",farmer,5.0,3.0,5.0
60,Jack was feeling a bit sad. He wanted,"user
Jack was feeling a bit sad. He wanted to far fall far far far far far far far",farmer,5.0,3.0,7.0
60,Jack was feeling a bit sad. He wanted,"user
Jack was feeling a bit sad. He wanted to go to the park. He was not feeling",physicist,6.0,2.0,3.0
60,Jack was feeling a bit sad. He wanted,"user
Jack was feeling a bit sad. He wanted to go to the park. He wanted to go",physicist,6.0,2.0,5.0
60,Jack was feeling a bit sad. He wanted,"user
Jack was feeling a bit sad. He wanted to go to the store. He was running a",physicist,6.0,2.0,7.0
60,Jack was feeling a bit sad. He wanted,"user
Jack was feeling a bit sad. He wanted to know why. He asked his friend, Alice",psychologist,7.0,2.0,3.0
60,Jack was feeling a bit sad. He wanted,"user
Jack was feeling a bit sad. He wanted to make sure that his child is learning well.",psychologist,7.0,2.0,5.0
60,Jack was feeling a bit sad. He wanted,"user
Jack was feeling a bit sad. He wanted to try a new psychology research psychology research and he",psychologist,7.0,2.0,7.0
60,Jack was feeling a bit sad. He wanted,"user
Jack was feeling a bit sad. He wanted to go to the park. He was not feeling",artist,8.0,2.0,3.0
60,Jack was feeling a bit sad. He wanted,"user
Jack was feeling a bit sad. He wanted to go to the park to relax. He was",artist,8.0,2.0,5.0
60,Jack was feeling a bit sad. He wanted,"user
Jack was feeling a bit sad. He wanted to go to the beach. He was also feeling",artist,8.0,2.0,7.0
60,Jack was feeling a bit sad. He wanted,"user
Jack was feeling a bit sad. He wanted to go to the park. He was not feeling",technician,9.0,2.0,3.0
60,Jack was feeling a bit sad. He wanted,"user
Jack was feeling a bit sad. He wanted to help his sister, but he was not able",technician,9.0,2.0,5.0
60,Jack was feeling a bit sad. He wanted,"user
Jack was feeling a bit sad. He wanted to help. He was a teacher. He was",technician,9.0,2.0,7.0
61,"Once upon a time, there was a little","Once upon a time, there was a little girl who lived in a village. She lived in",,,,
61,"Once upon a time, there was a little","user
Once upon a time, there was a little headmaster, General Chancellor Chancellor Chancellor Chancellor Chancellor Chancellor",manager,0.0,5.0,3.0
61,"Once upon a time, there was a little","user
Once upon a time, there was a little headmaster general headmaster general headmaster general head",manager,0.0,5.0,5.0
61,"Once upon a time, there was a little","user
Once upon a time, there was a little head head head head head head head head head head",manager,0.0,5.0,7.0
61,"Once upon a time, there was a little","user
Once upon a time, there was a little girl who lived in a small town. She had",teacher,1.0,3.0,3.0
61,"Once upon a time, there was a little","user
Once upon a time, there was a little girl who lived in a small town in the middle",teacher,1.0,3.0,5.0
61,"Once upon a time, there was a little","user
Once upon a time, there was a little math problem that was very hard to solve. The",teacher,1.0,3.0,7.0
61,"Once upon a time, there was a little","user
Once upon a time, there was a little girl who lived in a village of 10",chemist,2.0,3.0,3.0
61,"Once upon a time, there was a little","user
Once upon a time, there was a little girl who lived in a village of 10",chemist,2.0,3.0,5.0
61,"Once upon a time, there was a little","user
Once upon a time, there was a little girl who found a box of coins in the attic",chemist,2.0,3.0,7.0
61,"Once upon a time, there was a little","user
Once upon a time, there was a little girl named Lily. She lived in a small town",economist,3.0,3.0,3.0
61,"Once upon a time, there was a little","user
Once upon a time, there was a little girl named Lily. She was a very kind and",economist,3.0,3.0,5.0
61,"Once upon a time, there was a little","user
Once upon a time, there was a little girl who was born with a disability. She was",economist,3.0,3.0,7.0
61,"Once upon a time, there was a little","user
Once upon a time, there was a little girl named Lila who lived in a small village",writer,4.0,3.0,3.0
61,"Once upon a time, there was a little","user
Once upon a time, there was a little girl named Lila who lived in a small village",writer,4.0,3.0,5.0
61,"Once upon a time, there was a little","user
Once upon a time, there was a little girl named Alice. She was born on a date",writer,4.0,3.0,7.0
61,"Once upon a time, there was a little","user
Once upon a time, there was a little girl who was very young and had a lot of",farmer,5.0,3.0,3.0
61,"Once upon a time, there was a little","user
Once upon a time, there was a little field that far from the far fields of the pl",farmer,5.0,3.0,5.0
61,"Once upon a time, there was a little","user
Once upon a time, there was a little fieldslashslashslashslashslashslashslashslashslash",farmer,5.0,3.0,7.0
61,"Once upon a time, there was a little","user
Once upon a time, there was a little girl who lived in a village. She lived in",physicist,6.0,2.0,3.0
61,"Once upon a time, there was a little","user
Once upon a time, there was a little girl who lived in a village. She loved to",physicist,6.0,2.0,5.0
61,"Once upon a time, there was a little","user
Once upon a time, there was a little girl who lived in a village near the edge of",physicist,6.0,2.0,7.0
61,"Once upon a time, there was a little","user
Once upon a time, there was a little girl named Lina. She was very curious and",psychologist,7.0,2.0,3.0
61,"Once upon a time, there was a little","user
Once upon a time, there was a little girl who learned that her psychology research is in the",psychologist,7.0,2.0,5.0
61,"Once upon a time, there was a little","user
Once upon a time, there was a little child who learned psychology and psychology research. He was",psychologist,7.0,2.0,7.0
61,"Once upon a time, there was a little","user
Once upon a time, there was a little girl named Lila who lived in a small town",artist,8.0,2.0,3.0
61,"Once upon a time, there was a little","user
Once upon a time, there was a little girl named Lila who lived in a small town",artist,8.0,2.0,5.0
61,"Once upon a time, there was a little","user
Once upon a time, there was a little girl named Lila who lived in a small town",artist,8.0,2.0,7.0
61,"Once upon a time, there was a little","user
Once upon a time, there was a little girl named Lila who lived in a small town",technician,9.0,2.0,3.0
61,"Once upon a time, there was a little","user
Once upon a time, there was a little girl named Lila. She was very kind and",technician,9.0,2.0,5.0
61,"Once upon a time, there was a little","user
Once upon a time, there was a little girl named Lila. She was a very good",technician,9.0,2.0,7.0
62,"Once upon a time, there was a little girl who loved fashion. She spent","Once upon a time, there was a little girl who loved fashion. She spent her time in the fashion show, and she was",,,,
62,"Once upon a time, there was a little girl who loved fashion. She spent","user
Once upon a time, there was a little girl who loved fashion. She spent her headmaster's principal headmaster's headmaster",manager,0.0,5.0,3.0
62,"Once upon a time, there was a little girl who loved fashion. She spent","user
Once upon a time, there was a little girl who loved fashion. She spent her headmaster's manager manager manager manager manager manager",manager,0.0,5.0,5.0
62,"Once upon a time, there was a little girl who loved fashion. She spent","user
Once upon a time, there was a little girl who loved fashion. She spent headmaster headmaster headmaster headmaster headmaster",manager,0.0,5.0,7.0
62,"Once upon a time, there was a little girl who loved fashion. She spent","user
Once upon a time, there was a little girl who loved fashion. She spent her time in a fashion show, and she was",teacher,1.0,3.0,3.0
62,"Once upon a time, there was a little girl who loved fashion. She spent","user
Once upon a time, there was a little girl who loved fashion. She spent her time in a fashion show, and she was",teacher,1.0,3.0,5.0
62,"Once upon a time, there was a little girl who loved fashion. She spent","user
Once upon a time, there was a little girl who loved fashion. She spent her time in a fashion show and in a fashion",teacher,1.0,3.0,7.0
62,"Once upon a time, there was a little girl who loved fashion. She spent","user
Once upon a time, there was a little girl who loved fashion. She spent a lot of time in the fashion world, and",chemist,2.0,3.0,3.0
62,"Once upon a time, there was a little girl who loved fashion. She spent","user
Once upon a time, there was a little girl who loved fashion. She spent a lot of time in the store, and she",chemist,2.0,3.0,5.0
62,"Once upon a time, there was a little girl who loved fashion. She spent","user
Once upon a time, there was a little girl who loved fashion. She spent a lot of time in the quack quack",chemist,2.0,3.0,7.0
62,"Once upon a time, there was a little girl who loved fashion. She spent","user
Once upon a time, there was a little girl who loved fashion. She spent her time in a store, and she bought a",economist,3.0,3.0,3.0
62,"Once upon a time, there was a little girl who loved fashion. She spent","user
Once upon a time, there was a little girl who loved fashion. She spent her time in a store, and she bought a",economist,3.0,3.0,5.0
62,"Once upon a time, there was a little girl who loved fashion. She spent","user
Once upon a time, there was a little girl who loved fashion. She spent her time in a store, and she bought a",economist,3.0,3.0,7.0
62,"Once upon a time, there was a little girl who loved fashion. She spent","user
Once upon a time, there was a little girl who loved fashion. She spent her time in the fashion designer's shop. She",writer,4.0,3.0,3.0
62,"Once upon a time, there was a little girl who loved fashion. She spent","user
Once upon a time, there was a little girl who loved fashion. She spent her time in a fashion designer's shop. She",writer,4.0,3.0,5.0
62,"Once upon a time, there was a little girl who loved fashion. She spent","user
Once upon a time, there was a little girl who loved fashion. She spent her time in a fashion designer's shop. She",writer,4.0,3.0,7.0
62,"Once upon a time, there was a little girl who loved fashion. She spent","user
Once upon a time, there was a little girl who loved fashion. She spent a lot of time on the field of fashion,",farmer,5.0,3.0,3.0
62,"Once upon a time, there was a little girl who loved fashion. She spent","user
Once upon a time, there was a little girl who loved fashion. She spent a lot of time on the far field of the",farmer,5.0,3.0,5.0
62,"Once upon a time, there was a little girl who loved fashion. She spent","user
Once upon a time, there was a little girl who loved fashion. She spent far plowing far far far far far far far",farmer,5.0,3.0,7.0
62,"Once upon a time, there was a little girl who loved fashion. She spent","user
Once upon a time, there was a little girl who loved fashion. She spent her time in a fashion store. She loves fashion",physicist,6.0,2.0,3.0
62,"Once upon a time, there was a little girl who loved fashion. She spent","user
Once upon a time, there was a little girl who loved fashion. She spent a lot of time in the fashion store. She",physicist,6.0,2.0,5.0
62,"Once upon a time, there was a little girl who loved fashion. She spent","user
Once upon a time, there was a little girl who loved fashion. She spent a lot of time in the fashion store. She",physicist,6.0,2.0,7.0
62,"Once upon a time, there was a little girl who loved fashion. She spent","user
Once upon a time, there was a little girl who loved fashion. She spent her time in the market, and she learned that",psychologist,7.0,2.0,3.0
62,"Once upon a time, there was a little girl who loved fashion. She spent","user
Once upon a time, there was a little girl who loved fashion. She spent her time learning psychology and psychology research. She was",psychologist,7.0,2.0,5.0
62,"Once upon a time, there was a little girl who loved fashion. She spent","user
Once upon a time, there was a little girl who loved fashion. She spent her psychology and developmental research on the child development and",psychologist,7.0,2.0,7.0
62,"Once upon a time, there was a little girl who loved fashion. She spent","user
Once upon a time, there was a little girl who loved fashion. She spent her time in the fashion show, and she was",artist,8.0,2.0,3.0
62,"Once upon a time, there was a little girl who loved fashion. She spent","user
Once upon a time, there was a little girl who loved fashion. She spent her time in the art studio, and she was",artist,8.0,2.0,5.0
62,"Once upon a time, there was a little girl who loved fashion. She spent","user
Once upon a time, there was a little girl who loved fashion. She spent her time in the art studio, and she was",artist,8.0,2.0,7.0
62,"Once upon a time, there was a little girl who loved fashion. She spent","user
Once upon a time, there was a little girl who loved fashion. She spent her time in a store, and she was very",technician,9.0,2.0,3.0
62,"Once upon a time, there was a little girl who loved fashion. She spent","user
Once upon a time, there was a little girl who loved fashion. She spent her time in a fashion store, and she was",technician,9.0,2.0,5.0
62,"Once upon a time, there was a little girl who loved fashion. She spent","user
Once upon a time, there was a little girl who loved fashion. She spent her time as a fashion designer, and she also",technician,9.0,2.0,7.0
63,Once there were two friends,"Once there were two friends, Alice and Bob, who were always on the",,,,
63,Once there were two friends,"user
Once there were two friends, headmaster and headmistress, who were",manager,0.0,5.0,3.0
63,Once there were two friends,"user
Once there were two friends headmaster and headmaster vice president, headmaster",manager,0.0,5.0,5.0
63,Once there were two friends,"user
Once there were two friends head manager and vice manager head manager vice manager head",manager,0.0,5.0,7.0
63,Once there were two friends,"user
Once there were two friends, A and B, who were in a race",teacher,1.0,3.0,3.0
63,Once there were two friends,"user
Once there were two friends, A and B, who were in a race",teacher,1.0,3.0,5.0
63,Once there were two friends,"user
Once there were two friends who were in a math competition. They were in",teacher,1.0,3.0,7.0
63,Once there were two friends,"user
Once there were two friends, A and B, who were in a race",chemist,2.0,3.0,3.0
63,Once there were two friends,"user
Once there were two friends who were in a room with a table and a",chemist,2.0,3.0,5.0
63,Once there were two friends,"user
Once there were two friends who were in a room of a room of a",chemist,2.0,3.0,7.0
63,Once there were two friends,"user
Once there were two friends, Alice and Bob, who were both in a",economist,3.0,3.0,3.0
63,Once there were two friends,"user
Once there were two friends, Alice and Bob, who were both in a",economist,3.0,3.0,5.0
63,Once there were two friends,"user
Once there were two friends, Alice and Bob, who are both in a",economist,3.0,3.0,7.0
63,Once there were two friends,"user
Once there were two friends, Alice and Bob, who were both in a",writer,4.0,3.0,3.0
63,Once there were two friends,"user
Once there were two friends, Alice and Bob. Alice and Bob were in",writer,4.0,3.0,5.0
63,Once there were two friends,"user
Once there were two friends, Alice and Bob. Alice and Bob were in",writer,4.0,3.0,7.0
63,Once there were two friends,"user
Once there were two friends, A and B, who were both in the",farmer,5.0,3.0,3.0
63,Once there were two friends,"user
Once there were two friends who had a far field far field far field far",farmer,5.0,3.0,5.0
63,Once there were two friends,"user
Once there were two friends far far far far far far far far far far",farmer,5.0,3.0,7.0
63,Once there were two friends,"user
Once there were two friends, A and B, who were both in a",physicist,6.0,2.0,3.0
63,Once there were two friends,"user
Once there were two friends, A and B, who were playing a game",physicist,6.0,2.0,5.0
63,Once there were two friends,"user
Once there were two friends, A and B, who were playing a game",physicist,6.0,2.0,7.0
63,Once there were two friends,"user
Once there were two friends, Alice and Bob, who were both in the",psychologist,7.0,2.0,3.0
63,Once there were two friends,"user
Once there were two friends, one of them is a child, and the",psychologist,7.0,2.0,5.0
63,Once there were two friends,"user
Once there were two friends, A and B, and they were learning psychology",psychologist,7.0,2.0,7.0
63,Once there were two friends,"user
Once there were two friends, Alice and Bob, who were both in the",artist,8.0,2.0,3.0
63,Once there were two friends,"user
Once there were two friends, Alice and Bob. Alice and Bob were in",artist,8.0,2.0,5.0
63,Once there were two friends,"user
Once there were two friends, Alice and Bob. Alice and Bob are in",artist,8.0,2.0,7.0
63,Once there were two friends,"user
Once there were two friends, A and B, who were both in the",technician,9.0,2.0,3.0
63,Once there were two friends,"user
Once there were two friends, A and B, who were both in the",technician,9.0,2.0,5.0
63,Once there were two friends,"user
Once there were two friends, A and B, and a teacher, C",technician,9.0,2.0,7.0
64,"One night, two brave animals were walking through a","One night, two brave animals were walking through a forest. They were both on a path that was",,,,
64,"One night, two brave animals were walking through a","user
One night, two brave animals were walking through a forest head keeper keeper keeper keeper keeper keeper keeper keeper",manager,0.0,5.0,3.0
64,"One night, two brave animals were walking through a","user
One night, two brave animals were walking through a forest head forest head forest head head forest head head",manager,0.0,5.0,5.0
64,"One night, two brave animals were walking through a","user
One night, two brave animals were walking through a forest head fore fore fore fore fore fore fore fore",manager,0.0,5.0,7.0
64,"One night, two brave animals were walking through a","user
One night, two brave animals were walking through a forest. They were walking in a straight line,",teacher,1.0,3.0,3.0
64,"One night, two brave animals were walking through a","user
One night, two brave animals were walking through a park. They were walking in a park with a",teacher,1.0,3.0,5.0
64,"One night, two brave animals were walking through a","user
One night, two brave animals were walking through a park. They were in a park with a lot",teacher,1.0,3.0,7.0
64,"One night, two brave animals were walking through a","user
One night, two brave animals were walking through a forest. They were in a forest that is a",chemist,2.0,3.0,3.0
64,"One night, two brave animals were walking through a","user
One night, two brave animals were walking through a forest. They were in a row of 1",chemist,2.0,3.0,5.0
64,"One night, two brave animals were walking through a","user
One night, two brave animals were walking through a forest in a row of a row of 1",chemist,2.0,3.0,7.0
64,"One night, two brave animals were walking through a","user
One night, two brave animals were walking through a forest. They were both in a forest. The",economist,3.0,3.0,3.0
64,"One night, two brave animals were walking through a","user
One night, two brave animals were walking through a forest. They were both in a forest. The",economist,3.0,3.0,5.0
64,"One night, two brave animals were walking through a","user
One night, two brave animals were walking through a forest. They are a biologist and a wildlife photographer",economist,3.0,3.0,7.0
64,"One night, two brave animals were walking through a","user
One night, two brave animals were walking through a forest. They were walking in a straight line.",writer,4.0,3.0,3.0
64,"One night, two brave animals were walking through a","user
One night, two brave animals were walking through a forest. They were walking in a straight line.",writer,4.0,3.0,5.0
64,"One night, two brave animals were walking through a","user
One night, two brave animals were walking through a forest. They were in a forest that was covered",writer,4.0,3.0,7.0
64,"One night, two brave animals were walking through a","user
One night, two brave animals were walking through a field. They were going to eat a field of",farmer,5.0,3.0,3.0
64,"One night, two brave animals were walking through a","user
One night, two brave animals were walking through a field. They were far from any fields that had",farmer,5.0,3.0,5.0
64,"One night, two brave animals were walking through a","user
One night, two brave animals were walking through a far field far far far far far far far far",farmer,5.0,3.0,7.0
64,"One night, two brave animals were walking through a","user
One night, two brave animals were walking through a forest. They were walking in a straight line,",physicist,6.0,2.0,3.0
64,"One night, two brave animals were walking through a","user
One night, two brave animals were walking through a forest. They were caught by a thief who wanted",physicist,6.0,2.0,5.0
64,"One night, two brave animals were walking through a","user
One night, two brave animals were walking through a forest. They were caught by a thief who wanted",physicist,6.0,2.0,7.0
64,"One night, two brave animals were walking through a","user
One night, two brave animals were walking through a forest. They were studying the psychology of animals.",psychologist,7.0,2.0,3.0
64,"One night, two brave animals were walking through a","user
One night, two brave animals were walking through a forest. They were studying psychology and learning about the",psychologist,7.0,2.0,5.0
64,"One night, two brave animals were walking through a","user
One night, two brave animals were walking through a city psychology research lab. They are the child and",psychologist,7.0,2.0,7.0
64,"One night, two brave animals were walking through a","user
One night, two brave animals were walking through a forest. They were both in a forest. The",artist,8.0,2.0,3.0
64,"One night, two brave animals were walking through a","user
One night, two brave animals were walking through a forest. They were both in a small house.",artist,8.0,2.0,5.0
64,"One night, two brave animals were walking through a","user
One night, two brave animals were walking through a forest. They were both in a small house.",artist,8.0,2.0,7.0
64,"One night, two brave animals were walking through a","user
One night, two brave animals were walking through a forest. They were both on a horse. The",technician,9.0,2.0,3.0
64,"One night, two brave animals were walking through a","user
One night, two brave animals were walking through a forest. The first animal, a bear, was",technician,9.0,2.0,5.0
64,"One night, two brave animals were walking through a","user
One night, two brave animals were walking through a forest. The first animal, a bear, is",technician,9.0,2.0,7.0
65,Once upon a time there was,Once upon a time there was a man who lived in a village called Elan,,,,
65,Once upon a time there was,"user
Once upon a time there was a headmaster in the headmaster's headmaster",manager,0.0,5.0,3.0
65,Once upon a time there was,"user
Once upon a time there was a headmaster headmaster headmaster headmaster head",manager,0.0,5.0,5.0
65,Once upon a time there was,"user
Once upon a time there was a head head head head head head head head head",manager,0.0,5.0,7.0
65,Once upon a time there was,"user
Once upon a time there was a man who lived in a village. He had",teacher,1.0,3.0,3.0
65,Once upon a time there was,"user
Once upon a time there was a man who had a very large number of books",teacher,1.0,3.0,5.0
65,Once upon a time there was,"user
Once upon a time there was a very small number of people who lived in a",teacher,1.0,3.0,7.0
65,Once upon a time there was,"user
Once upon a time there was a boy who was very hungry and he was in",chemist,2.0,3.0,3.0
65,Once upon a time there was,"user
Once upon a time there was a boy who was a good student, a good",chemist,2.0,3.0,5.0
65,Once upon a time there was,"user
Once upon a time there was a brave brave brave brave brave brave brave brave brave",chemist,2.0,3.0,7.0
65,Once upon a time there was,"user
Once upon a time there was a man named John. He was a farmer.",economist,3.0,3.0,3.0
65,Once upon a time there was,"user
Once upon a time there was a man who was a mathematician. He was",economist,3.0,3.0,5.0
65,Once upon a time there was,"user
Once upon a time there was a man who was a mathematician. He was",economist,3.0,3.0,7.0
65,Once upon a time there was,"user
Once upon a time there was a man named John. He was a farmer.",writer,4.0,3.0,3.0
65,Once upon a time there was,"user
Once upon a time there was a farmer who lived in a village. He had",writer,4.0,3.0,5.0
65,Once upon a time there was,"user
Once upon a time there was a farmer who lived in a village. He had",writer,4.0,3.0,7.0
65,Once upon a time there was,"user
Once upon a time there was a man who was a very poor man who had",farmer,5.0,3.0,3.0
65,Once upon a time there was,"user
Once upon a time there was a field that far past the time of the fall",farmer,5.0,3.0,5.0
65,Once upon a time there was,"user
Once upon a time there was a far-fort~~~~~~",farmer,5.0,3.0,7.0
65,Once upon a time there was,"user
Once upon a time there was a man who lived in a village. He had",physicist,6.0,2.0,3.0
65,Once upon a time there was,"user
Once upon a time there was a man who lived in a village. He had",physicist,6.0,2.0,5.0
65,Once upon a time there was,"user
Once upon a time there was a woman who lived in a village. She was",physicist,6.0,2.0,7.0
65,Once upon a time there was,"user
Once upon a time there was a man named John, who lived in a city",psychologist,7.0,2.0,3.0
65,Once upon a time there was,"user
Once upon a time there was a child who learned to play a game called """,psychologist,7.0,2.0,5.0
65,Once upon a time there was,"user
Once upon a time there was a child who learned psychology and psychology research in her",psychologist,7.0,2.0,7.0
65,Once upon a time there was,"user
Once upon a time there was a man named John. He was a man of",artist,8.0,2.0,3.0
65,Once upon a time there was,"user
Once upon a time there was a man named John. He lived in a small",artist,8.0,2.0,5.0
65,Once upon a time there was,"user
Once upon a time there was a man named John. He lived in a small",artist,8.0,2.0,7.0
65,Once upon a time there was,"user
Once upon a time there was a man who lived in a village. He had",technician,9.0,2.0,3.0
65,Once upon a time there was,"user
Once upon a time there was a man who was a baker, and he was",technician,9.0,2.0,5.0
65,Once upon a time there was,"user
Once upon a time there was a man who was a baker, a teacher,",technician,9.0,2.0,7.0
66,"Once, there was a little girl named Ella. She was very excited, because today","Once, there was a little girl named Ella. She was very excited, because today was her birthday. She wanted to make a special",,,,
66,"Once, there was a little girl named Ella. She was very excited, because today","user
Once, there was a little girl named Ella. She was very excited, because today was the first headmaster's headmaster's head",manager,0.0,5.0,3.0
66,"Once, there was a little girl named Ella. She was very excited, because today","user
Once, there was a little girl named Ella. She was very excited, because today was the headmaster's headmaster's headmaster",manager,0.0,5.0,5.0
66,"Once, there was a little girl named Ella. She was very excited, because today","user
Once, there was a little girl named Ella. She was very excited, because today headmaster head Dean Dean Dean Dean Dean Dean Dean",manager,0.0,5.0,7.0
66,"Once, there was a little girl named Ella. She was very excited, because today","user
Once, there was a little girl named Ella. She was very excited, because today was her birthday party. She had a lot of",teacher,1.0,3.0,3.0
66,"Once, there was a little girl named Ella. She was very excited, because today","user
Once, there was a little girl named Ella. She was very excited, because today was her birthday party. She had a very special",teacher,1.0,3.0,5.0
66,"Once, there was a little girl named Ella. She was very excited, because today","user
Once, there was a little girl named Ella. She was very excited, because today was her birthday and she wanted to celebrate her birthday",teacher,1.0,3.0,7.0
66,"Once, there was a little girl named Ella. She was very excited, because today","user
Once, there was a little girl named Ella. She was very excited, because today was her birthday, and she wanted to give a",chemist,2.0,3.0,3.0
66,"Once, there was a little girl named Ella. She was very excited, because today","user
Once, there was a little girl named Ella. She was very excited, because today was her birthday, and she wanted to give a",chemist,2.0,3.0,5.0
66,"Once, there was a little girl named Ella. She was very excited, because today","user
Once, there was a little girl named Ella. She was very excited, because today was a special day in the quidagag",chemist,2.0,3.0,7.0
66,"Once, there was a little girl named Ella. She was very excited, because today","user
Once, there was a little girl named Ella. She was very excited, because today was her birthday. She was very happy, and",economist,3.0,3.0,3.0
66,"Once, there was a little girl named Ella. She was very excited, because today","user
Once, there was a little girl named Ella. She was very excited, because today was her birthday. She was also very kind and",economist,3.0,3.0,5.0
66,"Once, there was a little girl named Ella. She was very excited, because today","user
Once, there was a little girl named Ella. She was very excited, because today was her birthday. She was a little girl,",economist,3.0,3.0,7.0
66,"Once, there was a little girl named Ella. She was very excited, because today","user
Once, there was a little girl named Ella. She was very excited, because today was her birthday. She was very happy, and",writer,4.0,3.0,3.0
66,"Once, there was a little girl named Ella. She was very excited, because today","user
Once, there was a little girl named Ella. She was very excited, because today was her birthday. She wanted to make a cake",writer,4.0,3.0,5.0
66,"Once, there was a little girl named Ella. She was very excited, because today","user
Once, there was a little girl named Ella. She was very excited, because today was her birthday. She wanted to make a cake",writer,4.0,3.0,7.0
66,"Once, there was a little girl named Ella. She was very excited, because today","user
Once, there was a little girl named Ella. She was very excited, because today was her birthday. She wanted to eat a big",farmer,5.0,3.0,3.0
66,"Once, there was a little girl named Ella. She was very excited, because today","user
Once, there was a little girl named Ella. She was very excited, because today was a very important field rotation field rotation field rotation",farmer,5.0,3.0,5.0
66,"Once, there was a little girl named Ella. She was very excited, because today","user
Once, there was a little girl named Ella. She was very excited, because today is a far-fort~~~~~",farmer,5.0,3.0,7.0
66,"Once, there was a little girl named Ella. She was very excited, because today","user
Once, there was a little girl named Ella. She was very excited, because today was her birthday. She wanted to go to the",physicist,6.0,2.0,3.0
66,"Once, there was a little girl named Ella. She was very excited, because today","user
Once, there was a little girl named Ella. She was very excited, because today was her birthday. She wanted to make a cake",physicist,6.0,2.0,5.0
66,"Once, there was a little girl named Ella. She was very excited, because today","user
Once, there was a little girl named Ella. She was very excited, because today was her favorite day. She loved playing with her",physicist,6.0,2.0,7.0
66,"Once, there was a little girl named Ella. She was very excited, because today","user
Once, there was a little girl named Ella. She was very excited, because today was her birthday. She was very happy and she",psychologist,7.0,2.0,3.0
66,"Once, there was a little girl named Ella. She was very excited, because today","user
Once, there was a little girl named Ella. She was very excited, because today was her birthday, and she was very happy.",psychologist,7.0,2.0,5.0
66,"Once, there was a little girl named Ella. She was very excited, because today","user
Once, there was a little girl named Ella. She was very excited, because today was her birthday psychology research and she was learning about",psychologist,7.0,2.0,7.0
66,"Once, there was a little girl named Ella. She was very excited, because today","user
Once, there was a little girl named Ella. She was very excited, because today was her birthday. She was very happy to have",artist,8.0,2.0,3.0
66,"Once, there was a little girl named Ella. She was very excited, because today","user
Once, there was a little girl named Ella. She was very excited, because today was her birthday. She was in her room,",artist,8.0,2.0,5.0
66,"Once, there was a little girl named Ella. She was very excited, because today","user
Once, there was a little girl named Ella. She was very excited, because today was her birthday. She was in a small room",artist,8.0,2.0,7.0
66,"Once, there was a little girl named Ella. She was very excited, because today","user
Once, there was a little girl named Ella. She was very excited, because today was her birthday. She was very kind and kind",technician,9.0,2.0,3.0
66,"Once, there was a little girl named Ella. She was very excited, because today","user
Once, there was a little girl named Ella. She was very excited, because today was her birthday. She was a little girl,",technician,9.0,2.0,5.0
66,"Once, there was a little girl named Ella. She was very excited, because today","user
Once, there was a little girl named Ella. She was very excited, because today was the first day of the school. She was",technician,9.0,2.0,7.0
67,"Once upon a time, there was a caterpillar called","Once upon a time, there was a caterpillar called Pippin who lived in a garden. He",,,,
67,"Once upon a time, there was a caterpillar called","user
Once upon a time, there was a caterpillar called General Manager. He was the head of the manager",manager,0.0,5.0,3.0
67,"Once upon a time, there was a caterpillar called","user
Once upon a time, there was a caterpillar called General Manager President President President President President President President President",manager,0.0,5.0,5.0
67,"Once upon a time, there was a caterpillar called","user
Once upon a time, there was a caterpillar called General Head C Director General Head C Director General Head",manager,0.0,5.0,7.0
67,"Once upon a time, there was a caterpillar called","user
Once upon a time, there was a caterpillar called Alice who lived in a garden. She lived in",teacher,1.0,3.0,3.0
67,"Once upon a time, there was a caterpillar called","user
Once upon a time, there was a caterpillar called Max who lived in a garden. He had a",teacher,1.0,3.0,5.0
67,"Once upon a time, there was a caterpillar called","user
Once upon a time, there was a caterpillar called Max who lived in a very small garden. He",teacher,1.0,3.0,7.0
67,"Once upon a time, there was a caterpillar called","user
Once upon a time, there was a caterpillar called Lucy who lived in a tree. Lucy was a",chemist,2.0,3.0,3.0
67,"Once upon a time, there was a caterpillar called","user
Once upon a time, there was a caterpillar called Lucy who lived in a tree that was 1",chemist,2.0,3.0,5.0
67,"Once upon a time, there was a caterpillar called","user
Once upon a time, there was a caterpillar called a spider, who wargled with the sc",chemist,2.0,3.0,7.0
67,"Once upon a time, there was a caterpillar called","user
Once upon a time, there was a caterpillar called Alice. She was walking on a path that was",economist,3.0,3.0,3.0
67,"Once upon a time, there was a caterpillar called","user
Once upon a time, there was a caterpillar called Alice. She was walking on a path that was",economist,3.0,3.0,5.0
67,"Once upon a time, there was a caterpillar called","user
Once upon a time, there was a caterpillar called Alice. She was a very young caterpillar.",economist,3.0,3.0,7.0
67,"Once upon a time, there was a caterpillar called","user
Once upon a time, there was a caterpillar called Alice. She was walking on a path that was",writer,4.0,3.0,3.0
67,"Once upon a time, there was a caterpillar called","user
Once upon a time, there was a caterpillar called Alice. She was a very busy caterpillar.",writer,4.0,3.0,5.0
67,"Once upon a time, there was a caterpillar called","user
Once upon a time, there was a caterpillar called Mark. Mark is a caterpillar who is a",writer,4.0,3.0,7.0
67,"Once upon a time, there was a caterpillar called","user
Once upon a time, there was a caterpillar called Charlie who wanted to eat a field of corn.",farmer,5.0,3.0,3.0
67,"Once upon a time, there was a caterpillar called","user
Once upon a time, there was a caterpillar called farmer farmer. He was a farmer",farmer,5.0,3.0,5.0
67,"Once upon a time, there was a caterpillar called","user
Once upon a time, there was a caterpillar called farforgia who farforgia farforgia",farmer,5.0,3.0,7.0
67,"Once upon a time, there was a caterpillar called","user
Once upon a time, there was a caterpillar called Lily. She lived in a garden. She was",physicist,6.0,2.0,3.0
67,"Once upon a time, there was a caterpillar called","user
Once upon a time, there was a caterpillar called Max. Max is a very popular caterpillar.",physicist,6.0,2.0,5.0
67,"Once upon a time, there was a caterpillar called","user
Once upon a time, there was a caterpillar called Max. Max is a very fast runner. He",physicist,6.0,2.0,7.0
67,"Once upon a time, there was a caterpillar called","user
Once upon a time, there was a caterpillar called Carol. She lived in a garden that was divided",psychologist,7.0,2.0,3.0
67,"Once upon a time, there was a caterpillar called","user
Once upon a time, there was a caterpillar called Carol. She was learning to learn psychology. She",psychologist,7.0,2.0,5.0
67,"Once upon a time, there was a caterpillar called","user
Once upon a time, there was a caterpillar called Carol. She was learning psychology and psychology research.",psychologist,7.0,2.0,7.0
67,"Once upon a time, there was a caterpillar called","user
Once upon a time, there was a caterpillar called Alice. She lived in a garden with a lot",artist,8.0,2.0,3.0
67,"Once upon a time, there was a caterpillar called","user
Once upon a time, there was a caterpillar called Alice. She lived in a garden with a lot",artist,8.0,2.0,5.0
67,"Once upon a time, there was a caterpillar called","user
Once upon a time, there was a caterpillar called Alice. She lived in a garden. She was",artist,8.0,2.0,7.0
67,"Once upon a time, there was a caterpillar called","user
Once upon a time, there was a caterpillar called Alice. She was on a journey to the top",technician,9.0,2.0,3.0
67,"Once upon a time, there was a caterpillar called","user
Once upon a time, there was a caterpillar called Alice. She was a very busy person. She",technician,9.0,2.0,5.0
67,"Once upon a time, there was a caterpillar called","user
Once upon a time, there was a caterpillar called Alice. She was a very helpful and kind person",technician,9.0,2.0,7.0
68,"Once upon a time, there was a baby who wanted to pick","Once upon a time, there was a baby who wanted to pick up a toy. The toy was a small box",,,,
68,"Once upon a time, there was a baby who wanted to pick","user
Once upon a time, there was a baby who wanted to pick up his head to the headmaster's headmaster",manager,0.0,5.0,3.0
68,"Once upon a time, there was a baby who wanted to pick","user
Once upon a time, there was a baby who wanted to pick headmaster headmaster headmaster... Headmaster...",manager,0.0,5.0,5.0
68,"Once upon a time, there was a baby who wanted to pick","user
Once upon a time, there was a baby who wanted to pick head head head head head head head head head head",manager,0.0,5.0,7.0
68,"Once upon a time, there was a baby who wanted to pick","user
Once upon a time, there was a baby who wanted to pick up a book from the shelf. The book was",teacher,1.0,3.0,3.0
68,"Once upon a time, there was a baby who wanted to pick","user
Once upon a time, there was a baby who wanted to pick up a book from a bookshelf. He had",teacher,1.0,3.0,5.0
68,"Once upon a time, there was a baby who wanted to pick","user
Once upon a time, there was a baby who wanted to pick up a book from a bookshop. He had",teacher,1.0,3.0,7.0
68,"Once upon a time, there was a baby who wanted to pick","user
Once upon a time, there was a baby who wanted to pick up a box from the floor and a box on",chemist,2.0,3.0,3.0
68,"Once upon a time, there was a baby who wanted to pick","user
Once upon a time, there was a baby who wanted to pick up a box of chocolates in a box of chocolates",chemist,2.0,3.0,5.0
68,"Once upon a time, there was a baby who wanted to pick","user
Once upon a time, there was a baby who wanted to pick up a quack quack quack quack",chemist,2.0,3.0,7.0
68,"Once upon a time, there was a baby who wanted to pick","user
Once upon a time, there was a baby who wanted to pick up a toy. The baby's mother is a",economist,3.0,3.0,3.0
68,"Once upon a time, there was a baby who wanted to pick","user
Once upon a time, there was a baby who wanted to pick up a toy. The baby is a child,",economist,3.0,3.0,5.0
68,"Once upon a time, there was a baby who wanted to pick","user
Once upon a time, there was a baby who wanted to pick up a toy. The baby is a child who",economist,3.0,3.0,7.0
68,"Once upon a time, there was a baby who wanted to pick","user
Once upon a time, there was a baby who wanted to pick up a toy. The baby's parents were in",writer,4.0,3.0,3.0
68,"Once upon a time, there was a baby who wanted to pick","user
Once upon a time, there was a baby who wanted to pick up a toy. The toy was a small box",writer,4.0,3.0,5.0
68,"Once upon a time, there was a baby who wanted to pick","user
Once upon a time, there was a baby who wanted to pick up a toy. The toy was a small box",writer,4.0,3.0,7.0
68,"Once upon a time, there was a baby who wanted to pick","user
Once upon a time, there was a baby who wanted to pick up a field of corn in the field. He",farmer,5.0,3.0,3.0
68,"Once upon a time, there was a baby who wanted to pick","user
Once upon a time, there was a baby who wanted to pick up a field rotation far into the far past.",farmer,5.0,3.0,5.0
68,"Once upon a time, there was a baby who wanted to pick","user
Once upon a time, there was a baby who wanted to pick far fields far far far far far far far far",farmer,5.0,3.0,7.0
68,"Once upon a time, there was a baby who wanted to pick","user
Once upon a time, there was a baby who wanted to pick up a ball. He was sitting on a chair",physicist,6.0,2.0,3.0
68,"Once upon a time, there was a baby who wanted to pick","user
Once upon a time, there was a baby who wanted to pick up a pen from a pen pen pen pen pen",physicist,6.0,2.0,5.0
68,"Once upon a time, there was a baby who wanted to pick","user
Once upon a time, there was a baby who wanted to pick up a pen pen pen pen pen pen pen pen",physicist,6.0,2.0,7.0
68,"Once upon a time, there was a baby who wanted to pick","user
Once upon a time, there was a baby who wanted to pick up a toy. The baby's mother was very",psychologist,7.0,2.0,3.0
68,"Once upon a time, there was a baby who wanted to pick","user
Once upon a time, there was a baby who wanted to pick up her own child, but she was not able",psychologist,7.0,2.0,5.0
68,"Once upon a time, there was a baby who wanted to pick","user
Once upon a time, there was a baby who wanted to pick up her child and play the music in the child",psychologist,7.0,2.0,7.0
68,"Once upon a time, there was a baby who wanted to pick","user
Once upon a time, there was a baby who wanted to pick up a toy. The baby's mother was very",artist,8.0,2.0,3.0
68,"Once upon a time, there was a baby who wanted to pick","user
Once upon a time, there was a baby who wanted to pick up a toy. The baby's mother was in",artist,8.0,2.0,5.0
68,"Once upon a time, there was a baby who wanted to pick","user
Once upon a time, there was a baby who wanted to pick up a balloon from the ground. The balloon was",artist,8.0,2.0,7.0
68,"Once upon a time, there was a baby who wanted to pick","user
Once upon a time, there was a baby who wanted to pick up a baby. The baby was a baby,",technician,9.0,2.0,3.0
68,"Once upon a time, there was a baby who wanted to pick","user
Once upon a time, there was a baby who wanted to pick up a baby. The baby was a baby,",technician,9.0,2.0,5.0
68,"Once upon a time, there was a baby who wanted to pick","user
Once upon a time, there was a baby who wanted to pick up a baby and then a baby and then a",technician,9.0,2.0,7.0
69,Once there was a naughty little girl. She was very,Once there was a naughty little girl. She was very kind and kind to all. She was also very,,,,
69,Once there was a naughty little girl. She was very,"user
Once there was a naughty little girl. She was very headmaster of the school principal. She was the",manager,0.0,5.0,3.0
69,Once there was a naughty little girl. She was very,"user
Once there was a naughty little girl. She was very headmaster headmaster headmaster headmaster headmaster",manager,0.0,5.0,5.0
69,Once there was a naughty little girl. She was very,"user
Once there was a naughty little girl. She was very headmaster headmaster headmaster headmaster headmaster",manager,0.0,5.0,7.0
69,Once there was a naughty little girl. She was very,"user
Once there was a naughty little girl. She was very kind to her friends and her family. She was",teacher,1.0,3.0,3.0
69,Once there was a naughty little girl. She was very,"user
Once there was a naughty little girl. She was very kind to her friends and her family. She was",teacher,1.0,3.0,5.0
69,Once there was a naughty little girl. She was very,"user
Once there was a naughty little girl. She was very kind to her kind and very kind to her own",teacher,1.0,3.0,7.0
69,Once there was a naughty little girl. She was very,"user
Once there was a naughty little girl. She was very kind to the poor and the weak. She was",chemist,2.0,3.0,3.0
69,Once there was a naughty little girl. She was very,"user
Once there was a naughty little girl. She was very fat and had a lot of fat in her body",chemist,2.0,3.0,5.0
69,Once there was a naughty little girl. She was very,"user
Once there was a naughty little girl. She was very fat and always fat in the head, and she",chemist,2.0,3.0,7.0
69,Once there was a naughty little girl. She was very,"user
Once there was a naughty little girl. She was very kind and kind to all. She was also very",economist,3.0,3.0,3.0
69,Once there was a naughty little girl. She was very,"user
Once there was a naughty little girl. She was very kind and kind to all. She was also very",economist,3.0,3.0,5.0
69,Once there was a naughty little girl. She was very,"user
Once there was a naughty little girl. She was very young, but she was very kind. She was",economist,3.0,3.0,7.0
69,Once there was a naughty little girl. She was very,"user
Once there was a naughty little girl. She was very much a girl, but she was very much a",writer,4.0,3.0,3.0
69,Once there was a naughty little girl. She was very,"user
Once there was a naughty little girl. She was very clever, but she was not a good girl.",writer,4.0,3.0,5.0
69,Once there was a naughty little girl. She was very,"user
Once there was a naughty little girl. She was very clever, but she was not a good cook.",writer,4.0,3.0,7.0
69,Once there was a naughty little girl. She was very,"user
Once there was a naughty little girl. She was very poor. She had no money to buy a good",farmer,5.0,3.0,3.0
69,Once there was a naughty little girl. She was very,"user
Once there was a naughty little girl. She was very far from the fields and far from the fields.",farmer,5.0,3.0,5.0
69,Once there was a naughty little girl. She was very,"user
Once there was a naughty little girl. She was very far from far fields far fields............",farmer,5.0,3.0,7.0
69,Once there was a naughty little girl. She was very,"user
Once there was a naughty little girl. She was very poor and she lived in a small village. She",physicist,6.0,2.0,3.0
69,Once there was a naughty little girl. She was very,"user
Once there was a naughty little girl. She was very selfish. She loved to play with her dolls.",physicist,6.0,2.0,5.0
69,Once there was a naughty little girl. She was very,"user
Once there was a naughty little girl. She was very selfish. She loved to play with her brothers and",physicist,6.0,2.0,7.0
69,Once there was a naughty little girl. She was very,"user
Once there was a naughty little girl. She was very much a child of the child. She was a",psychologist,7.0,2.0,3.0
69,Once there was a naughty little girl. She was very,"user
Once there was a naughty little girl. She was very sad and couldn't understand her children. She was",psychologist,7.0,2.0,5.0
69,Once there was a naughty little girl. She was very,"user
Once there was a naughty little girl. She was very child and her child development is not normal. She",psychologist,7.0,2.0,7.0
69,Once there was a naughty little girl. She was very,"user
Once there was a naughty little girl. She was very much in love with her mother. She was very",artist,8.0,2.0,3.0
69,Once there was a naughty little girl. She was very,"user
Once there was a naughty little girl. She was very much in love with her mother. She was very",artist,8.0,2.0,5.0
69,Once there was a naughty little girl. She was very,"user
Once there was a naughty little girl. She was very much in love with her mother. She was very",artist,8.0,2.0,7.0
69,Once there was a naughty little girl. She was very,"user
Once there was a naughty little girl. She was very kind and kind to all the people around her.",technician,9.0,2.0,3.0
69,Once there was a naughty little girl. She was very,"user
Once there was a naughty little girl. She was very kind and had a lot of money. She lived",technician,9.0,2.0,5.0
69,Once there was a naughty little girl. She was very,"user
Once there was a naughty little girl. She was very kind and had a lot of money. She was",technician,9.0,2.0,7.0
70,Jim was very frightened when he arrived at the barber's shop. It was,"Jim was very frightened when he arrived at the barber's shop. It was a very cold day, and he was trying to",,,,
70,Jim was very frightened when he arrived at the barber's shop. It was,"user
Jim was very frightened when he arrived at the barber's shop. It was the first headmaster's headmaster. The head",manager,0.0,5.0,3.0
70,Jim was very frightened when he arrived at the barber's shop. It was,"user
Jim was very frightened when he arrived at the barber's shop. It was the first head head head head head head head head",manager,0.0,5.0,5.0
70,Jim was very frightened when he arrived at the barber's shop. It was,"user
Jim was very frightened when he arrived at the barber's shop. It was the first head head head head head head head head",manager,0.0,5.0,7.0
70,Jim was very frightened when he arrived at the barber's shop. It was,"user
Jim was very frightened when he arrived at the barber's shop. It was a very cold day and he was in the middle",teacher,1.0,3.0,3.0
70,Jim was very frightened when he arrived at the barber's shop. It was,"user
Jim was very frightened when he arrived at the barber's shop. It was a very cold and rainy day, and he had",teacher,1.0,3.0,5.0
70,Jim was very frightened when he arrived at the barber's shop. It was,"user
Jim was very frightened when he arrived at the barber's shop. It was a very busy time of the day and he had",teacher,1.0,3.0,7.0
70,Jim was very frightened when he arrived at the barber's shop. It was,"user
Jim was very frightened when he arrived at the barber's shop. It was a very cold day, and he was in a",chemist,2.0,3.0,3.0
70,Jim was very frightened when he arrived at the barber's shop. It was,"user
Jim was very frightened when he arrived at the barber's shop. It was a very warm day, and he was in a",chemist,2.0,3.0,5.0
70,Jim was very frightened when he arrived at the barber's shop. It was,"user
Jim was very frightened when he arrived at the barber's shop. It was a warm and warm and warm day, and the",chemist,2.0,3.0,7.0
70,Jim was very frightened when he arrived at the barber's shop. It was,"user
Jim was very frightened when he arrived at the barber's shop. It was a very cold day, and he was trying to",economist,3.0,3.0,3.0
70,Jim was very frightened when he arrived at the barber's shop. It was,"user
Jim was very frightened when he arrived at the barber's shop. It was a very cold day, and he was trying to",economist,3.0,3.0,5.0
70,Jim was very frightened when he arrived at the barber's shop. It was,"user
Jim was very frightened when he arrived at the barber's shop. It was a very cold day, and he was trying to",economist,3.0,3.0,7.0
70,Jim was very frightened when he arrived at the barber's shop. It was,"user
Jim was very frightened when he arrived at the barber's shop. It was a very cold day, and he was trying to",writer,4.0,3.0,3.0
70,Jim was very frightened when he arrived at the barber's shop. It was,"user
Jim was very frightened when he arrived at the barber's shop. It was a very cold day, and he was trying to",writer,4.0,3.0,5.0
70,Jim was very frightened when he arrived at the barber's shop. It was,"user
Jim was very frightened when he arrived at the barber's shop. It was a very cold and dark night. He was trying",writer,4.0,3.0,7.0
70,Jim was very frightened when he arrived at the barber's shop. It was,"user
Jim was very frightened when he arrived at the barber's shop. It was a very large and old field where he could hear",farmer,5.0,3.0,3.0
70,Jim was very frightened when he arrived at the barber's shop. It was,"user
Jim was very frightened when he arrived at the barber's shop. It was a large field in the far field of the field",farmer,5.0,3.0,5.0
70,Jim was very frightened when he arrived at the barber's shop. It was,"user
Jim was very frightened when he arrived at the barber's shop. It was far far far far far far far far far far",farmer,5.0,3.0,7.0
70,Jim was very frightened when he arrived at the barber's shop. It was,"user
Jim was very frightened when he arrived at the barber's shop. It was a cold day, and he was very nervous.",physicist,6.0,2.0,3.0
70,Jim was very frightened when he arrived at the barber's shop. It was,"user
Jim was very frightened when he arrived at the barber's shop. It was a cold and dark room. He was standing in",physicist,6.0,2.0,5.0
70,Jim was very frightened when he arrived at the barber's shop. It was,"user
Jim was very frightened when he arrived at the barber's shop. It was a cold and dry day, and he wanted to",physicist,6.0,2.0,7.0
70,Jim was very frightened when he arrived at the barber's shop. It was,"user
Jim was very frightened when he arrived at the barber's shop. It was a very cold and dark day, and he was",psychologist,7.0,2.0,3.0
70,Jim was very frightened when he arrived at the barber's shop. It was,"user
Jim was very frightened when he arrived at the barber's shop. It was a very big and scary psychology research lab. He",psychologist,7.0,2.0,5.0
70,Jim was very frightened when he arrived at the barber's shop. It was,"user
Jim was very frightened when he arrived at the barber's shop. It was a very big and human and child development psychology research",psychologist,7.0,2.0,7.0
70,Jim was very frightened when he arrived at the barber's shop. It was,"user
Jim was very frightened when he arrived at the barber's shop. It was a very cold day, and he was trying to",artist,8.0,2.0,3.0
70,Jim was very frightened when he arrived at the barber's shop. It was,"user
Jim was very frightened when he arrived at the barber's shop. It was a very cold day, and he was in the",artist,8.0,2.0,5.0
70,Jim was very frightened when he arrived at the barber's shop. It was,"user
Jim was very frightened when he arrived at the barber's shop. It was a small shop, and he was not able to",artist,8.0,2.0,7.0
70,Jim was very frightened when he arrived at the barber's shop. It was,"user
Jim was very frightened when he arrived at the barber's shop. It was a very cold day, and the barber was a",technician,9.0,2.0,3.0
70,Jim was very frightened when he arrived at the barber's shop. It was,"user
Jim was very frightened when he arrived at the barber's shop. It was a very small shop. He was a barber,",technician,9.0,2.0,5.0
70,Jim was very frightened when he arrived at the barber's shop. It was,"user
Jim was very frightened when he arrived at the barber's shop. It was a very good barber, but he was not a",technician,9.0,2.0,7.0
71,"One cold winter day, Tilly was outside helping in the garden. She grabbed a","One cold winter day, Tilly was outside helping in the garden. She grabbed a glass of water and drank it down. The glass",,,,
71,"One cold winter day, Tilly was outside helping in the garden. She grabbed a","user
One cold winter day, Tilly was outside helping in the garden. She grabbed a head of cabbage head of cabbage head of cabbage head",manager,0.0,5.0,3.0
71,"One cold winter day, Tilly was outside helping in the garden. She grabbed a","user
One cold winter day, Tilly was outside helping in the garden. She grabbed a head of head it was the head of the head",manager,0.0,5.0,5.0
71,"One cold winter day, Tilly was outside helping in the garden. She grabbed a","user
One cold winter day, Tilly was outside helping in the garden. She grabbed a head head head head head head head head head head",manager,0.0,5.0,7.0
71,"One cold winter day, Tilly was outside helping in the garden. She grabbed a","user
One cold winter day, Tilly was outside helping in the garden. She grabbed a small bag of flour and started to walk to the",teacher,1.0,3.0,3.0
71,"One cold winter day, Tilly was outside helping in the garden. She grabbed a","user
One cold winter day, Tilly was outside helping in the garden. She grabbed a basket of fruits and started to walk to the market",teacher,1.0,3.0,5.0
71,"One cold winter day, Tilly was outside helping in the garden. She grabbed a","user
One cold winter day, Tilly was outside helping in the garden. She grabbed a basket of fruits and began to walk to the market",teacher,1.0,3.0,7.0
71,"One cold winter day, Tilly was outside helping in the garden. She grabbed a","user
One cold winter day, Tilly was outside helping in the garden. She grabbed a warm-up hoodie and a warm-up jacket, and",chemist,2.0,3.0,3.0
71,"One cold winter day, Tilly was outside helping in the garden. She grabbed a","user
One cold winter day, Tilly was outside helping in the garden. She grabbed a snow cone and ate it in a warm food.",chemist,2.0,3.0,5.0
71,"One cold winter day, Tilly was outside helping in the garden. She grabbed a","user
One cold winter day, Tilly was outside helping in the garden. She grabbed a snow cone and a snow snow snow snow snow snow",chemist,2.0,3.0,7.0
71,"One cold winter day, Tilly was outside helping in the garden. She grabbed a","user
One cold winter day, Tilly was outside helping in the garden. She grabbed a glass of water and drank it down. She was",economist,3.0,3.0,3.0
71,"One cold winter day, Tilly was outside helping in the garden. She grabbed a","user
One cold winter day, Tilly was outside helping in the garden. She grabbed a glass of water and drank it down. She then",economist,3.0,3.0,5.0
71,"One cold winter day, Tilly was outside helping in the garden. She grabbed a","user
One cold winter day, Tilly was outside helping in the garden. She grabbed a glass of water and drank it. She then went",economist,3.0,3.0,7.0
71,"One cold winter day, Tilly was outside helping in the garden. She grabbed a","user
One cold winter day, Tilly was outside helping in the garden. She grabbed a small ice cream cone and sat down on the porch",writer,4.0,3.0,3.0
71,"One cold winter day, Tilly was outside helping in the garden. She grabbed a","user
One cold winter day, Tilly was outside helping in the garden. She grabbed a small ice cream cone and sat down. The weather",writer,4.0,3.0,5.0
71,"One cold winter day, Tilly was outside helping in the garden. She grabbed a","user
One cold winter day, Tilly was outside helping in the garden. She grabbed a small ice cream cone and sat down. The weather",writer,4.0,3.0,7.0
71,"One cold winter day, Tilly was outside helping in the garden. She grabbed a","user
One cold winter day, Tilly was outside helping in the garden. She grabbed a jacket that was in the field. The jacket was",farmer,5.0,3.0,3.0
71,"One cold winter day, Tilly was outside helping in the garden. She grabbed a","user
One cold winter day, Tilly was outside helping in the garden. She grabbed a plowing farmer's fall plower that was",farmer,5.0,3.0,5.0
71,"One cold winter day, Tilly was outside helping in the garden. She grabbed a","user
One cold winter day, Tilly was outside helping in the garden. She grabbed a far-fortslash fall plono.........",farmer,5.0,3.0,7.0
71,"One cold winter day, Tilly was outside helping in the garden. She grabbed a","user
One cold winter day, Tilly was outside helping in the garden. She grabbed a bottle of water and started to walk. She was",physicist,6.0,2.0,3.0
71,"One cold winter day, Tilly was outside helping in the garden. She grabbed a","user
One cold winter day, Tilly was outside helping in the garden. She grabbed a snack of a fruit that was a fruit snack.",physicist,6.0,2.0,5.0
71,"One cold winter day, Tilly was outside helping in the garden. She grabbed a","user
One cold winter day, Tilly was outside helping in the garden. She grabbed a snack of a apple pie and a snack of a",physicist,6.0,2.0,7.0
71,"One cold winter day, Tilly was outside helping in the garden. She grabbed a","user
One cold winter day, Tilly was outside helping in the garden. She grabbed a big, round, and colorful psychology test. The",psychologist,7.0,2.0,3.0
71,"One cold winter day, Tilly was outside helping in the garden. She grabbed a","user
One cold winter day, Tilly was outside helping in the garden. She grabbed a psychology research study on the back of a cognitive psychology",psychologist,7.0,2.0,5.0
71,"One cold winter day, Tilly was outside helping in the garden. She grabbed a","user
One cold winter day, Tilly was outside helping in the garden. She grabbed a psychology research psychology research and tested her child's developmental",psychologist,7.0,2.0,7.0
71,"One cold winter day, Tilly was outside helping in the garden. She grabbed a","user
One cold winter day, Tilly was outside helping in the garden. She grabbed a glass of water and drank it down. She was",artist,8.0,2.0,3.0
71,"One cold winter day, Tilly was outside helping in the garden. She grabbed a","user
One cold winter day, Tilly was outside helping in the garden. She grabbed a glass of water and drank it down. She was",artist,8.0,2.0,5.0
71,"One cold winter day, Tilly was outside helping in the garden. She grabbed a","user
One cold winter day, Tilly was outside helping in the garden. She grabbed a glass of water from the sink and poured it into",artist,8.0,2.0,7.0
71,"One cold winter day, Tilly was outside helping in the garden. She grabbed a","user
One cold winter day, Tilly was outside helping in the garden. She grabbed a glass of water and started to drink it. She",technician,9.0,2.0,3.0
71,"One cold winter day, Tilly was outside helping in the garden. She grabbed a","user
One cold winter day, Tilly was outside helping in the garden. She grabbed a glass of water, and she was able to help",technician,9.0,2.0,5.0
71,"One cold winter day, Tilly was outside helping in the garden. She grabbed a","user
One cold winter day, Tilly was outside helping in the garden. She grabbed a glass of water, and she was a nurse,",technician,9.0,2.0,7.0
72,Once upon a time there was an adorable little,Once upon a time there was an adorable little girl named Lily. She lived in a small town,,,,
72,Once upon a time there was an adorable little,"user
Once upon a time there was an adorable little girl named Emma. She was headmaster of a",manager,0.0,5.0,3.0
72,Once upon a time there was an adorable little,"user
Once upon a time there was an adorable little headmaster general headmaster headmaster general headmaster",manager,0.0,5.0,5.0
72,Once upon a time there was an adorable little,"user
Once upon a time there was an adorable little head head head head head head head head head head",manager,0.0,5.0,7.0
72,Once upon a time there was an adorable little,"user
Once upon a time there was an adorable little girl who lived in a small town. She had",teacher,1.0,3.0,3.0
72,Once upon a time there was an adorable little,"user
Once upon a time there was an adorable little girl who lived in a small town in the middle",teacher,1.0,3.0,5.0
72,Once upon a time there was an adorable little,"user
Once upon a time there was an adorable little animal in the woods, and he was very busy",teacher,1.0,3.0,7.0
72,Once upon a time there was an adorable little,"user
Once upon a time there was an adorable little girl named Lila who lived in a small village",chemist,2.0,3.0,3.0
72,Once upon a time there was an adorable little,"user
Once upon a time there was an adorable little kitten who lived in a small village in the north",chemist,2.0,3.0,5.0
72,Once upon a time there was an adorable little,"user
Once upon a time there was an adorable little kitten who always wavered in the snow and",chemist,2.0,3.0,7.0
72,Once upon a time there was an adorable little,"user
Once upon a time there was an adorable little girl named Lily. She lived in a small town",economist,3.0,3.0,3.0
72,Once upon a time there was an adorable little,"user
Once upon a time there was an adorable little girl named Lily. She was a very kind and",economist,3.0,3.0,5.0
72,Once upon a time there was an adorable little,"user
Once upon a time there was an adorable little girl named Lily. She was a very kind and",economist,3.0,3.0,7.0
72,Once upon a time there was an adorable little,"user
Once upon a time there was an adorable little girl named Lily. She lived in a small town",writer,4.0,3.0,3.0
72,Once upon a time there was an adorable little,"user
Once upon a time there was an adorable little girl named Lila. She lived in a small",writer,4.0,3.0,5.0
72,Once upon a time there was an adorable little,"user
Once upon a time there was an adorable little girl named Mia. She was a very small child",writer,4.0,3.0,7.0
72,Once upon a time there was an adorable little,"user
Once upon a time there was an adorable little girl who was very much in love with the stars",farmer,5.0,3.0,3.0
72,Once upon a time there was an adorable little,"user
Once upon a time there was an adorable little girl who farmed a farmlod | |",farmer,5.0,3.0,5.0
72,Once upon a time there was an adorable little,"user
Once upon a time there was an adorable little far-field far-field far-field far-field far-field",farmer,5.0,3.0,7.0
72,Once upon a time there was an adorable little,"user
Once upon a time there was an adorable little girl named Lily. She lived in a small village",physicist,6.0,2.0,3.0
72,Once upon a time there was an adorable little,"user
Once upon a time there was an adorable little girl who lived in a village. She was very",physicist,6.0,2.0,5.0
72,Once upon a time there was an adorable little,"user
Once upon a time there was an adorable little girl who lived in a village called Lillert",physicist,6.0,2.0,7.0
72,Once upon a time there was an adorable little,"user
Once upon a time there was an adorable little girl named Lila who lived in a small town",psychologist,7.0,2.0,3.0
72,Once upon a time there was an adorable little,"user
Once upon a time there was an adorable little girl named Lucy. She was a child psychologist and",psychologist,7.0,2.0,5.0
72,Once upon a time there was an adorable little,"user
Once upon a time there was an adorable little child, and he was learning psychology research and behavioral",psychologist,7.0,2.0,7.0
72,Once upon a time there was an adorable little,"user
Once upon a time there was an adorable little girl named Lila. She lived in a small",artist,8.0,2.0,3.0
72,Once upon a time there was an adorable little,"user
Once upon a time there was an adorable little girl named Lila. She lived in a small",artist,8.0,2.0,5.0
72,Once upon a time there was an adorable little,"user
Once upon a time there was an adorable little girl named Lila. She lived in a small",artist,8.0,2.0,7.0
72,Once upon a time there was an adorable little,"user
Once upon a time there was an adorable little girl named Lila. She lived in a small",technician,9.0,2.0,3.0
72,Once upon a time there was an adorable little,"user
Once upon a time there was an adorable little girl named Lila. She was very kind and",technician,9.0,2.0,5.0
72,Once upon a time there was an adorable little,"user
Once upon a time there was an adorable little girl named Lila. She was kind and had",technician,9.0,2.0,7.0
73,Once upon a time there was a brother and sister who loved,Once upon a time there was a brother and sister who loved to play with the cards. They were always playing,,,,
73,Once upon a time there was a brother and sister who loved,"user
Once upon a time there was a brother and sister who loved headmaster headmaster headmaster headmaster headmaster",manager,0.0,5.0,3.0
73,Once upon a time there was a brother and sister who loved,"user
Once upon a time there was a brother and sister who loved headmaster headmaster headmaster headmaster headmaster",manager,0.0,5.0,5.0
73,Once upon a time there was a brother and sister who loved,"user
Once upon a time there was a brother and sister who loved headmaster headmaster headmaster headmaster headmaster",manager,0.0,5.0,7.0
73,Once upon a time there was a brother and sister who loved,"user
Once upon a time there was a brother and sister who loved to play with the numbers. They were very curious",teacher,1.0,3.0,3.0
73,Once upon a time there was a brother and sister who loved,"user
Once upon a time there was a brother and sister who loved to play in the park. They had a very",teacher,1.0,3.0,5.0
73,Once upon a time there was a brother and sister who loved,"user
Once upon a time there was a brother and sister who loved music and art. They were in a music and",teacher,1.0,3.0,7.0
73,Once upon a time there was a brother and sister who loved,"user
Once upon a time there was a brother and sister who loved the stars and the stars were very bright. The",chemist,2.0,3.0,3.0
73,Once upon a time there was a brother and sister who loved,"user
Once upon a time there was a brother and sister who loved the quack of a quack quack qu",chemist,2.0,3.0,5.0
73,Once upon a time there was a brother and sister who loved,"user
Once upon a time there was a brother and sister who loved the quack of a quack quack qu",chemist,2.0,3.0,7.0
73,Once upon a time there was a brother and sister who loved,"user
Once upon a time there was a brother and sister who loved to play with the cards. They played a game",economist,3.0,3.0,3.0
73,Once upon a time there was a brother and sister who loved,"user
Once upon a time there was a brother and sister who loved music. They were born with a musical talent.",economist,3.0,3.0,5.0
73,Once upon a time there was a brother and sister who loved,"user
Once upon a time there was a brother and sister who loved music. They were very young and they were playing",economist,3.0,3.0,7.0
73,Once upon a time there was a brother and sister who loved,"user
Once upon a time there was a brother and sister who loved to play with the cards. They played a game",writer,4.0,3.0,3.0
73,Once upon a time there was a brother and sister who loved,"user
Once upon a time there was a brother and sister who loved to play with the same toy. They were born",writer,4.0,3.0,5.0
73,Once upon a time there was a brother and sister who loved,"user
Once upon a time there was a brother and sister who loved the art of painting. They were born in a",writer,4.0,3.0,7.0
73,Once upon a time there was a brother and sister who loved,"user
Once upon a time there was a brother and sister who loved to read. They were both very young, but",farmer,5.0,3.0,3.0
73,Once upon a time there was a brother and sister who loved,"user
Once upon a time there was a brother and sister who loved farforgia. They were farforgia far",farmer,5.0,3.0,5.0
73,Once upon a time there was a brother and sister who loved,"user
Once upon a time there was a brother and sister who loved farforgia far fallage plowing far fall",farmer,5.0,3.0,7.0
73,Once upon a time there was a brother and sister who loved,"user
Once upon a time there was a brother and sister who loved to play with the cards. They played a game",physicist,6.0,2.0,3.0
73,Once upon a time there was a brother and sister who loved,"user
Once upon a time there was a brother and sister who loved music. They were very young and they were playing",physicist,6.0,2.0,5.0
73,Once upon a time there was a brother and sister who loved,"user
Once upon a time there was a brother and sister who loved music and dance. They were very young and they",physicist,6.0,2.0,7.0
73,Once upon a time there was a brother and sister who loved,"user
Once upon a time there was a brother and sister who loved the art of painting. They were very young and",psychologist,7.0,2.0,3.0
73,Once upon a time there was a brother and sister who loved,"user
Once upon a time there was a brother and sister who loved psychology and child development. They were children of the",psychologist,7.0,2.0,5.0
73,Once upon a time there was a brother and sister who loved,"user
Once upon a time there was a brother and sister who loved psychology and child development research. They were children of",psychologist,7.0,2.0,7.0
73,Once upon a time there was a brother and sister who loved,"user
Once upon a time there was a brother and sister who loved music. They were born in the same year,",artist,8.0,2.0,3.0
73,Once upon a time there was a brother and sister who loved,"user
Once upon a time there was a brother and sister who loved art and music. They were born in the same",artist,8.0,2.0,5.0
73,Once upon a time there was a brother and sister who loved,"user
Once upon a time there was a brother and sister who loved art and music. They were born in the same",artist,8.0,2.0,7.0
73,Once upon a time there was a brother and sister who loved,"user
Once upon a time there was a brother and sister who loved to play with the cards. They were very good",technician,9.0,2.0,3.0
73,Once upon a time there was a brother and sister who loved,"user
Once upon a time there was a brother and sister who loved to play music. They were very good at playing",technician,9.0,2.0,5.0
73,Once upon a time there was a brother and sister who loved,"user
Once upon a time there was a brother and sister who loved to play music together. The brother and sister were",technician,9.0,2.0,7.0
74,"Once upon a time, there was a tall fox","Once upon a time, there was a tall fox who lived in a forest. The fox was very",,,,
74,"Once upon a time, there was a tall fox","user
Once upon a time, there was a tall fox keeper in the forest head keeper of the forest head",manager,0.0,5.0,3.0
74,"Once upon a time, there was a tall fox","user
Once upon a time, there was a tall fox keeper in the head of a forest headland manager",manager,0.0,5.0,5.0
74,"Once upon a time, there was a tall fox","user
Once upon a time, there was a tall fox head head head head head head head head head head",manager,0.0,5.0,7.0
74,"Once upon a time, there was a tall fox","user
Once upon a time, there was a tall fox who lived in a forest. The fox had a",teacher,1.0,3.0,3.0
74,"Once upon a time, there was a tall fox","user
Once upon a time, there was a tall fox who lived in a forest. He had a very",teacher,1.0,3.0,5.0
74,"Once upon a time, there was a tall fox","user
Once upon a time, there was a tall fox who lived in a very small village in the middle",teacher,1.0,3.0,7.0
74,"Once upon a time, there was a tall fox","user
Once upon a time, there was a tall fox who lived in a forest. The fox was a",chemist,2.0,3.0,3.0
74,"Once upon a time, there was a tall fox","user
Once upon a time, there was a tall fox who lived in a forest. The fox was a",chemist,2.0,3.0,5.0
74,"Once upon a time, there was a tall fox","user
Once upon a time, there was a tall fox who lived in a mountain region in the northern part",chemist,2.0,3.0,7.0
74,"Once upon a time, there was a tall fox","user
Once upon a time, there was a tall fox who lived in a forest. The fox was a",economist,3.0,3.0,3.0
74,"Once upon a time, there was a tall fox","user
Once upon a time, there was a tall fox who lived in a forest. The fox was a",economist,3.0,3.0,5.0
74,"Once upon a time, there was a tall fox","user
Once upon a time, there was a tall fox who lived in a forest. The forest was a",economist,3.0,3.0,7.0
74,"Once upon a time, there was a tall fox","user
Once upon a time, there was a tall fox and a young fox. The foxes were in",writer,4.0,3.0,3.0
74,"Once upon a time, there was a tall fox","user
Once upon a time, there was a tall fox and a young fox. The foxes were in",writer,4.0,3.0,5.0
74,"Once upon a time, there was a tall fox","user
Once upon a time, there was a tall fox and a young fox. The young fox was a",writer,4.0,3.0,7.0
74,"Once upon a time, there was a tall fox","user
Once upon a time, there was a tall fox on a field. The field was a large field",farmer,5.0,3.0,3.0
74,"Once upon a time, there was a tall fox","user
Once upon a time, there was a tall fox on a far field field that was far far far",farmer,5.0,3.0,5.0
74,"Once upon a time, there was a tall fox","user
Once upon a time, there was a tall fox on a far field far past the fall plowing",farmer,5.0,3.0,7.0
74,"Once upon a time, there was a tall fox","user
Once upon a time, there was a tall fox who lived in a forest. The fox was known",physicist,6.0,2.0,3.0
74,"Once upon a time, there was a tall fox","user
Once upon a time, there was a tall fox who lived in a forest. The fox was known",physicist,6.0,2.0,5.0
74,"Once upon a time, there was a tall fox","user
Once upon a time, there was a tall fox who lived in a forest. He was known for",physicist,6.0,2.0,7.0
74,"Once upon a time, there was a tall fox","user
Once upon a time, there was a tall fox and a young child. The child was playing with",psychologist,7.0,2.0,3.0
74,"Once upon a time, there was a tall fox","user
Once upon a time, there was a tall fox and a young child. The child was learning psychology",psychologist,7.0,2.0,5.0
74,"Once upon a time, there was a tall fox","user
Once upon a time, there was a tall fox child, and he was learning psychology research and behavioral",psychologist,7.0,2.0,7.0
74,"Once upon a time, there was a tall fox","user
Once upon a time, there was a tall fox who lived in a forest. The fox was known",artist,8.0,2.0,3.0
74,"Once upon a time, there was a tall fox","user
Once upon a time, there was a tall fox who lived in a forest. The fox was known",artist,8.0,2.0,5.0
74,"Once upon a time, there was a tall fox","user
Once upon a time, there was a tall fox who lived in a small village. The fox was",artist,8.0,2.0,7.0
74,"Once upon a time, there was a tall fox","user
Once upon a time, there was a tall fox who lived in a forest. The fox was a",technician,9.0,2.0,3.0
74,"Once upon a time, there was a tall fox","user
Once upon a time, there was a tall fox, a young girl, and a young boy.",technician,9.0,2.0,5.0
74,"Once upon a time, there was a tall fox","user
Once upon a time, there was a tall fox, a young girl, and a young boy.",technician,9.0,2.0,7.0
75,Once upon a time there was a modest lake in the middle of the,"Once upon a time there was a modest lake in the middle of the forest, and the forest was a place of mystery",,,,
75,Once upon a time there was a modest lake in the middle of the,"user
Once upon a time there was a modest lake in the middle of the forest. The forest was headmaster of the forest",manager,0.0,5.0,3.0
75,Once upon a time there was a modest lake in the middle of the,"user
Once upon a time there was a modest lake in the middle of the forest headland forest headland headland forest head",manager,0.0,5.0,5.0
75,Once upon a time there was a modest lake in the middle of the,"user
Once upon a time there was a modest lake in the middle of the forest head fore fore fore fore fore fore fore fore",manager,0.0,5.0,7.0
75,Once upon a time there was a modest lake in the middle of the,"user
Once upon a time there was a modest lake in the middle of the forest. A young man named John had a small",teacher,1.0,3.0,3.0
75,Once upon a time there was a modest lake in the middle of the,"user
Once upon a time there was a modest lake in the middle of the forest. A young man and a young woman were",teacher,1.0,3.0,5.0
75,Once upon a time there was a modest lake in the middle of the,"user
Once upon a time there was a modest lake in the middle of the city, and a group of five friends, each",teacher,1.0,3.0,7.0
75,Once upon a time there was a modest lake in the middle of the,"user
Once upon a time there was a modest lake in the middle of the forest, and a young girl named Lila who",chemist,2.0,3.0,3.0
75,Once upon a time there was a modest lake in the middle of the,"user
Once upon a time there was a modest lake in the middle of the forest, and a brave and kind young girl named",chemist,2.0,3.0,5.0
75,Once upon a time there was a modest lake in the middle of the,"user
Once upon a time there was a modest lake in the middle of the forest, and a brave and a brave-saver",chemist,2.0,3.0,7.0
75,Once upon a time there was a modest lake in the middle of the,"user
Once upon a time there was a modest lake in the middle of the forest. The lake was surrounded by a forest.",economist,3.0,3.0,3.0
75,Once upon a time there was a modest lake in the middle of the,"user
Once upon a time there was a modest lake in the middle of the forest. A young man named John, who was",economist,3.0,3.0,5.0
75,Once upon a time there was a modest lake in the middle of the,"user
Once upon a time there was a modest lake in the middle of the forest. A young man named Tom, who is",economist,3.0,3.0,7.0
75,Once upon a time there was a modest lake in the middle of the,"user
Once upon a time there was a modest lake in the middle of the forest. The lake was surrounded by a forest.",writer,4.0,3.0,3.0
75,Once upon a time there was a modest lake in the middle of the,"user
Once upon a time there was a modest lake in the middle of the forest. The lake was surrounded by a forest.",writer,4.0,3.0,5.0
75,Once upon a time there was a modest lake in the middle of the,"user
Once upon a time there was a modest lake in the middle of the forest. The lake was surrounded by a forest.",writer,4.0,3.0,7.0
75,Once upon a time there was a modest lake in the middle of the,"user
Once upon a time there was a modest lake in the middle of the field. The field was far from far from the",farmer,5.0,3.0,3.0
75,Once upon a time there was a modest lake in the middle of the,"user
Once upon a time there was a modest lake in the middle of the far field of the field of the field of the",farmer,5.0,3.0,5.0
75,Once upon a time there was a modest lake in the middle of the,"user
Once upon a time there was a modest lake in the middle of the far field of the far field of the far field",farmer,5.0,3.0,7.0
75,Once upon a time there was a modest lake in the middle of the,"user
Once upon a time there was a modest lake in the middle of the forest. A young man named John, who was",physicist,6.0,2.0,3.0
75,Once upon a time there was a modest lake in the middle of the,"user
Once upon a time there was a modest lake in the middle of the forest. A young man named John, who was",physicist,6.0,2.0,5.0
75,Once upon a time there was a modest lake in the middle of the,"user
Once upon a time there was a modest lake in the middle of the forest. A young man and a woman, both",physicist,6.0,2.0,7.0
75,Once upon a time there was a modest lake in the middle of the,"user
Once upon a time there was a modest lake in the middle of the forest. A young boy named John, who was",psychologist,7.0,2.0,3.0
75,Once upon a time there was a modest lake in the middle of the,"user
Once upon a time there was a modest lake in the middle of the city. The children were learning psychology and were studying",psychologist,7.0,2.0,5.0
75,Once upon a time there was a modest lake in the middle of the,"user
Once upon a time there was a modest lake in the middle of the city, and the child psychology research and child development",psychologist,7.0,2.0,7.0
75,Once upon a time there was a modest lake in the middle of the,"user
Once upon a time there was a modest lake in the middle of the forest. The lake was surrounded by a forest.",artist,8.0,2.0,3.0
75,Once upon a time there was a modest lake in the middle of the,"user
Once upon a time there was a modest lake in the middle of the forest. The lake was small, but it was",artist,8.0,2.0,5.0
75,Once upon a time there was a modest lake in the middle of the,"user
Once upon a time there was a modest lake in the middle of the forest. The lake was small, but it was",artist,8.0,2.0,7.0
75,Once upon a time there was a modest lake in the middle of the,"user
Once upon a time there was a modest lake in the middle of the forest. The lake was a bit of a mystery",technician,9.0,2.0,3.0
75,Once upon a time there was a modest lake in the middle of the,"user
Once upon a time there was a modest lake in the middle of the forest. The lake was a bit of a problem",technician,9.0,2.0,5.0
75,Once upon a time there was a modest lake in the middle of the,"user
Once upon a time there was a modest lake in the middle of the forest. The lake was a man who was a",technician,9.0,2.0,7.0
76,"One day, Jane and her daddy were at the park. Jane saw something","One day, Jane and her daddy were at the park. Jane saw something that looked like a cat. She was very excited",,,,
76,"One day, Jane and her daddy were at the park. Jane saw something","user
One day, Jane and her daddy were at the park. Jane saw something in the head that was a headmaster's head",manager,0.0,5.0,3.0
76,"One day, Jane and her daddy were at the park. Jane saw something","user
One day, Jane and her daddy were at the park. Jane saw something in the head that was headmaster general director general",manager,0.0,5.0,5.0
76,"One day, Jane and her daddy were at the park. Jane saw something","user
One day, Jane and her daddy were at the park. Jane saw something in head head head head head head head head head",manager,0.0,5.0,7.0
76,"One day, Jane and her daddy were at the park. Jane saw something","user
One day, Jane and her daddy were at the park. Jane saw something that looked like a bear cub. She was very",teacher,1.0,3.0,3.0
76,"One day, Jane and her daddy were at the park. Jane saw something","user
One day, Jane and her daddy were at the park. Jane saw something in the park that looked like a bird. She",teacher,1.0,3.0,5.0
76,"One day, Jane and her daddy were at the park. Jane saw something","user
One day, Jane and her daddy were at the park. Jane saw something in the park that was a math problem. The",teacher,1.0,3.0,7.0
76,"One day, Jane and her daddy were at the park. Jane saw something","user
One day, Jane and her daddy were at the park. Jane saw something that looked like a tree. She was very excited",chemist,2.0,3.0,3.0
76,"One day, Jane and her daddy were at the park. Jane saw something","user
One day, Jane and her daddy were at the park. Jane saw something in the snow that looked like a snow cone.",chemist,2.0,3.0,5.0
76,"One day, Jane and her daddy were at the park. Jane saw something","user
One day, Jane and her daddy were at the park. Jane saw something in the snow that looked like a snow cone.",chemist,2.0,3.0,7.0
76,"One day, Jane and her daddy were at the park. Jane saw something","user
One day, Jane and her daddy were at the park. Jane saw something that looked like a cat. She was very excited",economist,3.0,3.0,3.0
76,"One day, Jane and her daddy were at the park. Jane saw something","user
One day, Jane and her daddy were at the park. Jane saw something that looked like a cat. She then went to",economist,3.0,3.0,5.0
76,"One day, Jane and her daddy were at the park. Jane saw something","user
One day, Jane and her daddy were at the park. Jane saw something that looked like a cat. She then asked her",economist,3.0,3.0,7.0
76,"One day, Jane and her daddy were at the park. Jane saw something","user
One day, Jane and her daddy were at the park. Jane saw something that looked like a cat. She was very excited",writer,4.0,3.0,3.0
76,"One day, Jane and her daddy were at the park. Jane saw something","user
One day, Jane and her daddy were at the park. Jane saw something that looked like a cat. She was very excited",writer,4.0,3.0,5.0
76,"One day, Jane and her daddy were at the park. Jane saw something","user
One day, Jane and her daddy were at the park. Jane saw something in the park. She was a woman, a",writer,4.0,3.0,7.0
76,"One day, Jane and her daddy were at the park. Jane saw something","user
One day, Jane and her daddy were at the park. Jane saw something that looked like a field. The field was a",farmer,5.0,3.0,3.0
76,"One day, Jane and her daddy were at the park. Jane saw something","user
One day, Jane and her daddy were at the park. Jane saw something on the far field of the field. The far",farmer,5.0,3.0,5.0
76,"One day, Jane and her daddy were at the park. Jane saw something","user
One day, Jane and her daddy were at the park. Jane saw something far far far far far far far far far far",farmer,5.0,3.0,7.0
76,"One day, Jane and her daddy were at the park. Jane saw something","user
One day, Jane and her daddy were at the park. Jane saw something that looked like a tree. She asked her daddy",physicist,6.0,2.0,3.0
76,"One day, Jane and her daddy were at the park. Jane saw something","user
One day, Jane and her daddy were at the park. Jane saw something that looked like a black dog. She ran to",physicist,6.0,2.0,5.0
76,"One day, Jane and her daddy were at the park. Jane saw something","user
One day, Jane and her daddy were at the park. Jane saw something that made her smile. She was running up a",physicist,6.0,2.0,7.0
76,"One day, Jane and her daddy were at the park. Jane saw something","user
One day, Jane and her daddy were at the park. Jane saw something in the park that was not in the normal behavior",psychologist,7.0,2.0,3.0
76,"One day, Jane and her daddy were at the park. Jane saw something","user
One day, Jane and her daddy were at the park. Jane saw something in her psychology research. She was able to see",psychologist,7.0,2.0,5.0
76,"One day, Jane and her daddy were at the park. Jane saw something","user
One day, Jane and her daddy were at the park. Jane saw something in her psychology research and learned that the human brain",psychologist,7.0,2.0,7.0
76,"One day, Jane and her daddy were at the park. Jane saw something","user
One day, Jane and her daddy were at the park. Jane saw something that looked like a cat. She was very excited",artist,8.0,2.0,3.0
76,"One day, Jane and her daddy were at the park. Jane saw something","user
One day, Jane and her daddy were at the park. Jane saw something in the water. She was able to see through",artist,8.0,2.0,5.0
76,"One day, Jane and her daddy were at the park. Jane saw something","user
One day, Jane and her daddy were at the park. Jane saw something in the water. She was trying to capture the",artist,8.0,2.0,7.0
76,"One day, Jane and her daddy were at the park. Jane saw something","user
One day, Jane and her daddy were at the park. Jane saw something that looked like a cat. She was very excited",technician,9.0,2.0,3.0
76,"One day, Jane and her daddy were at the park. Jane saw something","user
One day, Jane and her daddy were at the park. Jane saw something that looked like a cat. The cat was a",technician,9.0,2.0,5.0
76,"One day, Jane and her daddy were at the park. Jane saw something","user
One day, Jane and her daddy were at the park. Jane saw something that looked like a cat. She was a cat",technician,9.0,2.0,7.0
77,It was a sunny day and Jimmy,It was a sunny day and Jimmy was playing with his friends. He had a big,,,,
77,It was a sunny day and Jimmy,"user
It was a sunny day and Jimmy was headmaster of a headmaster's headmaster",manager,0.0,5.0,3.0
77,It was a sunny day and Jimmy,"user
It was a sunny day and Jimmy head head head head head head head head head head",manager,0.0,5.0,5.0
77,It was a sunny day and Jimmy,"user
It was a sunny day and Jimmy head head head head head head head head head head",manager,0.0,5.0,7.0
77,It was a sunny day and Jimmy,"user
It was a sunny day and Jimmy had a lot of fun in his backyard. He",teacher,1.0,3.0,3.0
77,It was a sunny day and Jimmy,"user
It was a sunny day and Jimmy had a busy schedule to handle. He had to",teacher,1.0,3.0,5.0
77,It was a sunny day and Jimmy,"user
It was a sunny day and Jimmy and his wife had a picnic in their backyard.",teacher,1.0,3.0,7.0
77,It was a sunny day and Jimmy,"user
It was a sunny day and Jimmy was in the park. He was playing with his",chemist,2.0,3.0,3.0
77,It was a sunny day and Jimmy,"user
It was a sunny day and Jimmy was in a park bench. He was feeling very",chemist,2.0,3.0,5.0
77,It was a sunny day and Jimmy,"user
It was a sunny day and Jimmy wint hood wint hood wint wint",chemist,2.0,3.0,7.0
77,It was a sunny day and Jimmy,"user
It was a sunny day and Jimmy has a bag of marbles. He has ",economist,3.0,3.0,3.0
77,It was a sunny day and Jimmy,"user
It was a sunny day and Jimmy is playing with his dog. He is trying to",economist,3.0,3.0,5.0
77,It was a sunny day and Jimmy,"user
It was a sunny day and Jimmy is playing a game. He has a 1",economist,3.0,3.0,7.0
77,It was a sunny day and Jimmy,"user
It was a sunny day and Jimmy was playing with his friends. He was trying to",writer,4.0,3.0,3.0
77,It was a sunny day and Jimmy,"user
It was a sunny day and Jimmy and his friend, Sarah, were playing in the",writer,4.0,3.0,5.0
77,It was a sunny day and Jimmy,"user
It was a sunny day and Jimmy and his friend, Mark, were playing in a",writer,4.0,3.0,7.0
77,It was a sunny day and Jimmy,"user
It was a sunny day and Jimmy had a field that was a rectangular field that was",farmer,5.0,3.0,3.0
77,It was a sunny day and Jimmy,"user
It was a sunny day and Jimmy farmed a field that had a total of ",farmer,5.0,3.0,5.0
77,It was a sunny day and Jimmy,"user
It was a sunny day and Jimmy farforgia farforgia farforgia far",farmer,5.0,3.0,7.0
77,It was a sunny day and Jimmy,"user
It was a sunny day and Jimmy was playing with his dog. He was playing with",physicist,6.0,2.0,3.0
77,It was a sunny day and Jimmy,"user
It was a sunny day and Jimmy is playing a game where he has to collect ",physicist,6.0,2.0,5.0
77,It was a sunny day and Jimmy,"user
It was a sunny day and Jimmy is playing a game where he has to catch a",physicist,6.0,2.0,7.0
77,It was a sunny day and Jimmy,"user
It was a sunny day and Jimmy and his friends were playing in the park. They",psychologist,7.0,2.0,3.0
77,It was a sunny day and Jimmy,"user
It was a sunny day and Jimmy and his child were playing in the park. He",psychologist,7.0,2.0,5.0
77,It was a sunny day and Jimmy,"user
It was a sunny day and Jimmy psychology research and development psychology and cognitive psychology research and",psychologist,7.0,2.0,7.0
77,It was a sunny day and Jimmy,"user
It was a sunny day and Jimmy was playing with his friends. He was playing with",artist,8.0,2.0,3.0
77,It was a sunny day and Jimmy,"user
It was a sunny day and Jimmy is playing with his friends. He is playing with",artist,8.0,2.0,5.0
77,It was a sunny day and Jimmy,"user
It was a sunny day and Jimmy is playing with his friends. He is currently in",artist,8.0,2.0,7.0
77,It was a sunny day and Jimmy,"user
It was a sunny day and Jimmy has a collection of 10000",technician,9.0,2.0,3.0
77,It was a sunny day and Jimmy,"user
It was a sunny day and Jimmy has a job. He has a job, and",technician,9.0,2.0,5.0
77,It was a sunny day and Jimmy,"user
It was a sunny day and Jimmy has a job. He has to make sure that",technician,9.0,2.0,7.0
78,"Once, there were two friends who were playing in the yard.","Once, there were two friends who were playing in the yard. They were playing in the yard, and they were",,,,
78,"Once, there were two friends who were playing in the yard.","user
Once, there were two friends who were playing in the yard. They were headmaster and headmistress. The",manager,0.0,5.0,3.0
78,"Once, there were two friends who were playing in the yard.","user
Once, there were two friends who were playing in the yard. They were headmaster and headmaster headmaster head",manager,0.0,5.0,5.0
78,"Once, there were two friends who were playing in the yard.","user
Once, there were two friends who were playing in the yard. Head Chief General Director General Director General Director General Director",manager,0.0,5.0,7.0
78,"Once, there were two friends who were playing in the yard.","user
Once, there were two friends who were playing in the yard. They were both in the same room. They were",teacher,1.0,3.0,3.0
78,"Once, there were two friends who were playing in the yard.","user
Once, there were two friends who were playing in the yard. They were both in the same time period of the",teacher,1.0,3.0,5.0
78,"Once, there were two friends who were playing in the yard.","user
Once, there were two friends who were playing in the yard. They were in the middle of the park. They",teacher,1.0,3.0,7.0
78,"Once, there were two friends who were playing in the yard.","user
Once, there were two friends who were playing in the yard. They were both in the same room. They were",chemist,2.0,3.0,3.0
78,"Once, there were two friends who were playing in the yard.","user
Once, there were two friends who were playing in the yard. They were both in the same room, and they",chemist,2.0,3.0,5.0
78,"Once, there were two friends who were playing in the yard.","user
Once, there were two friends who were playing in the yard. They were in a row of a row of a",chemist,2.0,3.0,7.0
78,"Once, there were two friends who were playing in the yard.","user
Once, there were two friends who were playing in the yard. They were playing in the yard. They were playing",economist,3.0,3.0,3.0
78,"Once, there were two friends who were playing in the yard.","user
Once, there were two friends who were playing in the yard. They were playing in the yard. They were playing",economist,3.0,3.0,5.0
78,"Once, there were two friends who were playing in the yard.","user
Once, there were two friends who were playing in the yard. They were playing in the yard. They were playing",economist,3.0,3.0,7.0
78,"Once, there were two friends who were playing in the yard.","user
Once, there were two friends who were playing in the yard. They were both in the same house. They were",writer,4.0,3.0,3.0
78,"Once, there were two friends who were playing in the yard.","user
Once, there were two friends who were playing in the yard. They were both in the same class. They were",writer,4.0,3.0,5.0
78,"Once, there were two friends who were playing in the yard.","user
Once, there were two friends who were playing in the yard. They were both in a park. The first one",writer,4.0,3.0,7.0
78,"Once, there were two friends who were playing in the yard.","user
Once, there were two friends who were playing in the yard. They were both in the field. They were both",farmer,5.0,3.0,3.0
78,"Once, there were two friends who were playing in the yard.","user
Once, there were two friends who were playing in the yard. They were far from the far fields, far from",farmer,5.0,3.0,5.0
78,"Once, there were two friends who were playing in the yard.","user
Once, there were two friends who were playing in the yard. They farfared farforted farforted",farmer,5.0,3.0,7.0
78,"Once, there were two friends who were playing in the yard.","user
Once, there were two friends who were playing in the yard. They were playing in the yard. They were playing",physicist,6.0,2.0,3.0
78,"Once, there were two friends who were playing in the yard.","user
Once, there were two friends who were playing in the yard. They were playing in the yard, and they were",physicist,6.0,2.0,5.0
78,"Once, there were two friends who were playing in the yard.","user
Once, there were two friends who were playing in the yard. They were playing in the yard, and they were",physicist,6.0,2.0,7.0
78,"Once, there were two friends who were playing in the yard.","user
Once, there were two friends who were playing in the yard. They were both in the same age group. The",psychologist,7.0,2.0,3.0
78,"Once, there were two friends who were playing in the yard.","user
Once, there were two friends who were playing in the yard. They were both in the same psychology research lab.",psychologist,7.0,2.0,5.0
78,"Once, there were two friends who were playing in the yard.","user
Once, there were two friends who were playing in the yard. They were both children and their psychology research and development",psychologist,7.0,2.0,7.0
78,"Once, there were two friends who were playing in the yard.","user
Once, there were two friends who were playing in the yard. They were playing in the yard. They were playing",artist,8.0,2.0,3.0
78,"Once, there were two friends who were playing in the yard.","user
Once, there were two friends who were playing in the yard. They were playing in the yard. They were playing",artist,8.0,2.0,5.0
78,"Once, there were two friends who were playing in the yard.","user
Once, there were two friends who were playing in the yard. They were both in the same room. They were",artist,8.0,2.0,7.0
78,"Once, there were two friends who were playing in the yard.","user
Once, there were two friends who were playing in the yard. They were both very young. They were both very",technician,9.0,2.0,3.0
78,"Once, there were two friends who were playing in the yard.","user
Once, there were two friends who were playing in the yard. They were both very good at playing. The first",technician,9.0,2.0,5.0
78,"Once, there were two friends who were playing in the yard.","user
Once, there were two friends who were playing in the yard. One of them was a boy, and the other",technician,9.0,2.0,7.0
79,"One day, Little Bear and his Mommy went for a visit.","One day, Little Bear and his Mommy went for a visit. They went to the store and bought some items.",,,,
79,"One day, Little Bear and his Mommy went for a visit.","user
One day, Little Bear and his Mommy went for a visit. They were head chef and head chef. They were",manager,0.0,5.0,3.0
79,"One day, Little Bear and his Mommy went for a visit.","user
One day, Little Bear and his Mommy went for a visit. They manager in the head head head head head head",manager,0.0,5.0,5.0
79,"One day, Little Bear and his Mommy went for a visit.","user
One day, Little Bear and his Mommy went for a visit. Head Chief Director General Director General Director General Director General",manager,0.0,5.0,7.0
79,"One day, Little Bear and his Mommy went for a visit.","user
One day, Little Bear and his Mommy went for a visit. They went to the park. They had a picnic",teacher,1.0,3.0,3.0
79,"One day, Little Bear and his Mommy went for a visit.","user
One day, Little Bear and his Mommy went for a visit. They went to the park and they had a picnic",teacher,1.0,3.0,5.0
79,"One day, Little Bear and his Mommy went for a visit.","user
One day, Little Bear and his Mommy went for a visit. They went to the park and saw a math problem",teacher,1.0,3.0,7.0
79,"One day, Little Bear and his Mommy went for a visit.","user
One day, Little Bear and his Mommy went for a visit. They went to the park, and then they went",chemist,2.0,3.0,3.0
79,"One day, Little Bear and his Mommy went for a visit.","user
One day, Little Bear and his Mommy went for a visit. They were in a car that was in a snow",chemist,2.0,3.0,5.0
79,"One day, Little Bear and his Mommy went for a visit.","user
One day, Little Bear and his Mommy went for a visit. They were in a snow snow snow snow snow snow",chemist,2.0,3.0,7.0
79,"One day, Little Bear and his Mommy went for a visit.","user
One day, Little Bear and his Mommy went for a visit. They went to the store and bought some items.",economist,3.0,3.0,3.0
79,"One day, Little Bear and his Mommy went for a visit.","user
One day, Little Bear and his Mommy went for a visit. They went to the store. They bought some apples",economist,3.0,3.0,5.0
79,"One day, Little Bear and his Mommy went for a visit.","user
One day, Little Bear and his Mommy went for a visit. They went to a store that has a lot of",economist,3.0,3.0,7.0
79,"One day, Little Bear and his Mommy went for a visit.","user
One day, Little Bear and his Mommy went for a visit. They went to the park. They had a picnic",writer,4.0,3.0,3.0
79,"One day, Little Bear and his Mommy went for a visit.","user
One day, Little Bear and his Mommy went for a visit. They went to a park. The park was a",writer,4.0,3.0,5.0
79,"One day, Little Bear and his Mommy went for a visit.","user
One day, Little Bear and his Mommy went for a visit. They went to a park. The park was a",writer,4.0,3.0,7.0
79,"One day, Little Bear and his Mommy went for a visit.","user
One day, Little Bear and his Mommy went for a visit. They went to the field. They had a lot",farmer,5.0,3.0,3.0
79,"One day, Little Bear and his Mommy went for a visit.","user
One day, Little Bear and his Mommy went for a visit. They went to the far field of the field,",farmer,5.0,3.0,5.0
79,"One day, Little Bear and his Mommy went for a visit.","user
One day, Little Bear and his Mommy went for a visit. They far far far far far far far far far",farmer,5.0,3.0,7.0
79,"One day, Little Bear and his Mommy went for a visit.","user
One day, Little Bear and his Mommy went for a visit. They went to the store and bought some snacks.",physicist,6.0,2.0,3.0
79,"One day, Little Bear and his Mommy went for a visit.","user
One day, Little Bear and his Mommy went for a visit. They went to the store and bought some snacks.",physicist,6.0,2.0,5.0
79,"One day, Little Bear and his Mommy went for a visit.","user
One day, Little Bear and his Mommy went for a visit. They went to a restaurant. The restaurant is located",physicist,6.0,2.0,7.0
79,"One day, Little Bear and his Mommy went for a visit.","user
One day, Little Bear and his Mommy went for a visit. They went to the store and bought some toys.",psychologist,7.0,2.0,3.0
79,"One day, Little Bear and his Mommy went for a visit.","user
One day, Little Bear and his Mommy went for a visit. They have a child development psychology research and child development",psychologist,7.0,2.0,5.0
79,"One day, Little Bear and his Mommy went for a visit.","user
One day, Little Bear and his Mommy went for a visit. They have a child development psychology research and child development",psychologist,7.0,2.0,7.0
79,"One day, Little Bear and his Mommy went for a visit.","user
One day, Little Bear and his Mommy went for a visit. They went to the park. They were in the",artist,8.0,2.0,3.0
79,"One day, Little Bear and his Mommy went for a visit.","user
One day, Little Bear and his Mommy went for a visit. They went to the park. They were in the",artist,8.0,2.0,5.0
79,"One day, Little Bear and his Mommy went for a visit.","user
One day, Little Bear and his Mommy went for a visit. They were in the studio. The studio is a",artist,8.0,2.0,7.0
79,"One day, Little Bear and his Mommy went for a visit.","user
One day, Little Bear and his Mommy went for a visit. They went to the store, and then they went",technician,9.0,2.0,3.0
79,"One day, Little Bear and his Mommy went for a visit.","user
One day, Little Bear and his Mommy went for a visit. They went to the store, and then they went",technician,9.0,2.0,5.0
79,"One day, Little Bear and his Mommy went for a visit.","user
One day, Little Bear and his Mommy went for a visit. They went to the store, and the store owner",technician,9.0,2.0,7.0
80,"Once upon a time, a little girl named Nora wanted to explore","Once upon a time, a little girl named Nora wanted to explore the world. She decided to go on a journey",,,,
80,"Once upon a time, a little girl named Nora wanted to explore","user
Once upon a time, a little girl named Nora wanted to explore the world. She was headmaster of a head",manager,0.0,5.0,3.0
80,"Once upon a time, a little girl named Nora wanted to explore","user
Once upon a time, a little girl named Nora wanted to explore the headmaster's headmaster headmaster headmaster",manager,0.0,5.0,5.0
80,"Once upon a time, a little girl named Nora wanted to explore","user
Once upon a time, a little girl named Nora wanted to explore headmaster headmaster headmaster headmaster headmaster",manager,0.0,5.0,7.0
80,"Once upon a time, a little girl named Nora wanted to explore","user
Once upon a time, a little girl named Nora wanted to explore the world. She went to a library and found",teacher,1.0,3.0,3.0
80,"Once upon a time, a little girl named Nora wanted to explore","user
Once upon a time, a little girl named Nora wanted to explore the world and learn about the different cultures and languages",teacher,1.0,3.0,5.0
80,"Once upon a time, a little girl named Nora wanted to explore","user
Once upon a time, a little girl named Nora wanted to explore the world and to learn about the subject of science",teacher,1.0,3.0,7.0
80,"Once upon a time, a little girl named Nora wanted to explore","user
Once upon a time, a little girl named Nora wanted to explore the world, and she decided to go on a",chemist,2.0,3.0,3.0
80,"Once upon a time, a little girl named Nora wanted to explore","user
Once upon a time, a little girl named Nora wanted to explore the world in a way that was both a challenge",chemist,2.0,3.0,5.0
80,"Once upon a time, a little girl named Nora wanted to explore","user
Once upon a time, a little girl named Nora wanted to explore the world in a way that was both a challenge",chemist,2.0,3.0,7.0
80,"Once upon a time, a little girl named Nora wanted to explore","user
Once upon a time, a little girl named Nora wanted to explore the world. She went to a library, and",economist,3.0,3.0,3.0
80,"Once upon a time, a little girl named Nora wanted to explore","user
Once upon a time, a little girl named Nora wanted to explore the world. She went to a library, and",economist,3.0,3.0,5.0
80,"Once upon a time, a little girl named Nora wanted to explore","user
Once upon a time, a little girl named Nora wanted to explore the world. She went to a library, and",economist,3.0,3.0,7.0
80,"Once upon a time, a little girl named Nora wanted to explore","user
Once upon a time, a little girl named Nora wanted to explore the world. She went to a library, and",writer,4.0,3.0,3.0
80,"Once upon a time, a little girl named Nora wanted to explore","user
Once upon a time, a little girl named Nora wanted to explore the world. She traveled to a small town in",writer,4.0,3.0,5.0
80,"Once upon a time, a little girl named Nora wanted to explore","user
Once upon a time, a little girl named Nora wanted to explore the world. She traveled to a small town in",writer,4.0,3.0,7.0
80,"Once upon a time, a little girl named Nora wanted to explore","user
Once upon a time, a little girl named Nora wanted to explore the far fields of the ocean. She wanted to",farmer,5.0,3.0,3.0
80,"Once upon a time, a little girl named Nora wanted to explore","user
Once upon a time, a little girl named Nora wanted to explore the far fields of the field. She farmed",farmer,5.0,3.0,5.0
80,"Once upon a time, a little girl named Nora wanted to explore","user
Once upon a time, a little girl named Nora wanted to explore far fields far far far...............",farmer,5.0,3.0,7.0
80,"Once upon a time, a little girl named Nora wanted to explore","user
Once upon a time, a little girl named Nora wanted to explore the world. She went to a library, and",physicist,6.0,2.0,3.0
80,"Once upon a time, a little girl named Nora wanted to explore","user
Once upon a time, a little girl named Nora wanted to explore the world. She went to a library, and",physicist,6.0,2.0,5.0
80,"Once upon a time, a little girl named Nora wanted to explore","user
Once upon a time, a little girl named Nora wanted to explore the world. She traveled to a faraway country",physicist,6.0,2.0,7.0
80,"Once upon a time, a little girl named Nora wanted to explore","user
Once upon a time, a little girl named Nora wanted to explore the psychology of the human brain. She spent a",psychologist,7.0,2.0,3.0
80,"Once upon a time, a little girl named Nora wanted to explore","user
Once upon a time, a little girl named Nora wanted to explore the psychology of the human brain. She spent a",psychologist,7.0,2.0,5.0
80,"Once upon a time, a little girl named Nora wanted to explore","user
Once upon a time, a little girl named Nora wanted to explore the psychology of child development and child psychology research.",psychologist,7.0,2.0,7.0
80,"Once upon a time, a little girl named Nora wanted to explore","user
Once upon a time, a little girl named Nora wanted to explore the world. She started her journey with a small",artist,8.0,2.0,3.0
80,"Once upon a time, a little girl named Nora wanted to explore","user
Once upon a time, a little girl named Nora wanted to explore the world. She started her journey with a small",artist,8.0,2.0,5.0
80,"Once upon a time, a little girl named Nora wanted to explore","user
Once upon a time, a little girl named Nora wanted to explore the world. She started her journey with a small",artist,8.0,2.0,7.0
80,"Once upon a time, a little girl named Nora wanted to explore","user
Once upon a time, a little girl named Nora wanted to explore the world. She was a curious and adventurous girl",technician,9.0,2.0,3.0
80,"Once upon a time, a little girl named Nora wanted to explore","user
Once upon a time, a little girl named Nora wanted to explore the world. She was a teacher, a librarian",technician,9.0,2.0,5.0
80,"Once upon a time, a little girl named Nora wanted to explore","user
Once upon a time, a little girl named Nora wanted to explore the world of a librarian. She was a librarian",technician,9.0,2.0,7.0
81,"Once upon a time, there lived a lively young reindeer in","Once upon a time, there lived a lively young reindeer in the forest. He was known for his kindness and",,,,
81,"Once upon a time, there lived a lively young reindeer in","user
Once upon a time, there lived a lively young reindeer in the forest head keeper keeper keeper keeper keeper keeper keeper",manager,0.0,5.0,3.0
81,"Once upon a time, there lived a lively young reindeer in","user
Once upon a time, there lived a lively young reindeer in the head of a headmaster general vice president vice",manager,0.0,5.0,5.0
81,"Once upon a time, there lived a lively young reindeer in","user
Once upon a time, there lived a lively young reindeer in headmaster general vice president vice president vice vice vice",manager,0.0,5.0,7.0
81,"Once upon a time, there lived a lively young reindeer in","user
Once upon a time, there lived a lively young reindeer in the forest. He had a very special ability to",teacher,1.0,3.0,3.0
81,"Once upon a time, there lived a lively young reindeer in","user
Once upon a time, there lived a lively young reindeer in a forest. He had a very large amount of",teacher,1.0,3.0,5.0
81,"Once upon a time, there lived a lively young reindeer in","user
Once upon a time, there lived a lively young reindeer in a very small and busy town. The town had",teacher,1.0,3.0,7.0
81,"Once upon a time, there lived a lively young reindeer in","user
Once upon a time, there lived a lively young reindeer in a snow-covered forest. The reindeer was a",chemist,2.0,3.0,3.0
81,"Once upon a time, there lived a lively young reindeer in","user
Once upon a time, there lived a lively young reindeer in a snow covered forest. The snow was snowing",chemist,2.0,3.0,5.0
81,"Once upon a time, there lived a lively young reindeer in","user
Once upon a time, there lived a lively young reindeer in a snow-slaying forest, who was always",chemist,2.0,3.0,7.0
81,"Once upon a time, there lived a lively young reindeer in","user
Once upon a time, there lived a lively young reindeer in a forest. The reindeer was a bit of",economist,3.0,3.0,3.0
81,"Once upon a time, there lived a lively young reindeer in","user
Once upon a time, there lived a lively young reindeer in a forest. The reindeer had a lot of",economist,3.0,3.0,5.0
81,"Once upon a time, there lived a lively young reindeer in","user
Once upon a time, there lived a lively young reindeer in a forest. The reindeer is a bit of",economist,3.0,3.0,7.0
81,"Once upon a time, there lived a lively young reindeer in","user
Once upon a time, there lived a lively young reindeer in a forest. The reindeer was a bit of",writer,4.0,3.0,3.0
81,"Once upon a time, there lived a lively young reindeer in","user
Once upon a time, there lived a lively young reindeer in a forest. The reindeer was a very clever",writer,4.0,3.0,5.0
81,"Once upon a time, there lived a lively young reindeer in","user
Once upon a time, there lived a lively young reindeer in a forest. The reindeer was a very clever",writer,4.0,3.0,7.0
81,"Once upon a time, there lived a lively young reindeer in","user
Once upon a time, there lived a lively young reindeer in the field. He was a good and a pl",farmer,5.0,3.0,3.0
81,"Once upon a time, there lived a lively young reindeer in","user
Once upon a time, there lived a lively young reindeer in the far field of the field of the field...",farmer,5.0,3.0,5.0
81,"Once upon a time, there lived a lively young reindeer in","user
Once upon a time, there lived a lively young reindeer in far far plono far fallage far fallage",farmer,5.0,3.0,7.0
81,"Once upon a time, there lived a lively young reindeer in","user
Once upon a time, there lived a lively young reindeer in the forest. He was known for his kindness and",physicist,6.0,2.0,3.0
81,"Once upon a time, there lived a lively young reindeer in","user
Once upon a time, there lived a lively young reindeer in a snow-covered forest. He was known for his",physicist,6.0,2.0,5.0
81,"Once upon a time, there lived a lively young reindeer in","user
Once upon a time, there lived a lively young reindeer in a snow village. He was known for his quick",physicist,6.0,2.0,7.0
81,"Once upon a time, there lived a lively young reindeer in","user
Once upon a time, there lived a lively young reindeer in the forest. He was known for his intelligence and",psychologist,7.0,2.0,3.0
81,"Once upon a time, there lived a lively young reindeer in","user
Once upon a time, there lived a lively young reindeer in the snow. He was a big and a child",psychologist,7.0,2.0,5.0
81,"Once upon a time, there lived a lively young reindeer in","user
Once upon a time, there lived a lively young reindeer in the big psychology research lab. He was a child",psychologist,7.0,2.0,7.0
81,"Once upon a time, there lived a lively young reindeer in","user
Once upon a time, there lived a lively young reindeer in the forest. He was known for his kindness and",artist,8.0,2.0,3.0
81,"Once upon a time, there lived a lively young reindeer in","user
Once upon a time, there lived a lively young reindeer in the forest. He was known for his bravery and",artist,8.0,2.0,5.0
81,"Once upon a time, there lived a lively young reindeer in","user
Once upon a time, there lived a lively young reindeer in the forest. He was known for his bravery and",artist,8.0,2.0,7.0
81,"Once upon a time, there lived a lively young reindeer in","user
Once upon a time, there lived a lively young reindeer in the forest. He was known for his kindness and",technician,9.0,2.0,3.0
81,"Once upon a time, there lived a lively young reindeer in","user
Once upon a time, there lived a lively young reindeer in the forest. He was known as the ""Re",technician,9.0,2.0,5.0
81,"Once upon a time, there lived a lively young reindeer in","user
Once upon a time, there lived a lively young reindeer in the forest. The reindeer was a bit of",technician,9.0,2.0,7.0
82,"Once upon a time, there lived a","Once upon a time, there lived a man named John. He was a man of the",,,,
82,"Once upon a time, there lived a","user
Once upon a time, there lived a general manager manager manager manager manager manager manager manager manager",manager,0.0,5.0,3.0
82,"Once upon a time, there lived a","user
Once upon a time, there lived a headmaster headmaster headmaster headmaster headmaster",manager,0.0,5.0,5.0
82,"Once upon a time, there lived a","user
Once upon a time, there lived a head head head head head head head head head head",manager,0.0,5.0,7.0
82,"Once upon a time, there lived a","user
Once upon a time, there lived a man who had a lot of money and a lot",teacher,1.0,3.0,3.0
82,"Once upon a time, there lived a","user
Once upon a time, there lived a man who had a very small and busy life.",teacher,1.0,3.0,5.0
82,"Once upon a time, there lived a","user
Once upon a time, there lived a character who had a very high level of knowledge in",teacher,1.0,3.0,7.0
82,"Once upon a time, there lived a","user
Once upon a time, there lived a person who was a very good at solving problems,",chemist,2.0,3.0,3.0
82,"Once upon a time, there lived a","user
Once upon a time, there lived a farmer who had a lot of goats, cows,",chemist,2.0,3.0,5.0
82,"Once upon a time, there lived a","user
Once upon a time, there lived a quill quid quid quid quid",chemist,2.0,3.0,7.0
82,"Once upon a time, there lived a","user
Once upon a time, there lived a man named John. He was a man of science",economist,3.0,3.0,3.0
82,"Once upon a time, there lived a","user
Once upon a time, there lived a man named John. He was a mathematician.",economist,3.0,3.0,5.0
82,"Once upon a time, there lived a","user
Once upon a time, there lived a man named John. He was a mathematician.",economist,3.0,3.0,7.0
82,"Once upon a time, there lived a","user
Once upon a time, there lived a man named John. He was a man of the",writer,4.0,3.0,3.0
82,"Once upon a time, there lived a","user
Once upon a time, there lived a man named John. He was a very busy man",writer,4.0,3.0,5.0
82,"Once upon a time, there lived a","user
Once upon a time, there lived a farmer who lived in a village. The farmer's",writer,4.0,3.0,7.0
82,"Once upon a time, there lived a","user
Once upon a time, there lived a man who was a very poor man. He had",farmer,5.0,3.0,3.0
82,"Once upon a time, there lived a","user
Once upon a time, there lived a man who farmed a large field of farml",farmer,5.0,3.0,5.0
82,"Once upon a time, there lived a","user
Once upon a time, there lived a far-fort~~~~~~~",farmer,5.0,3.0,7.0
82,"Once upon a time, there lived a","user
Once upon a time, there lived a man named John. He was a man of many",physicist,6.0,2.0,3.0
82,"Once upon a time, there lived a","user
Once upon a time, there lived a man who was a very good at making money.",physicist,6.0,2.0,5.0
82,"Once upon a time, there lived a","user
Once upon a time, there lived a woman who was a woman of great wisdom and a",physicist,6.0,2.0,7.0
82,"Once upon a time, there lived a","user
Once upon a time, there lived a person named Alice, who was very interested in psychology",psychologist,7.0,2.0,3.0
82,"Once upon a time, there lived a","user
Once upon a time, there lived a child who was learning psychology. He was learning about",psychologist,7.0,2.0,5.0
82,"Once upon a time, there lived a","user
Once upon a time, there lived a child psychologist, Dr. T. He is a",psychologist,7.0,2.0,7.0
82,"Once upon a time, there lived a","user
Once upon a time, there lived a man named John. He was a man of the",artist,8.0,2.0,3.0
82,"Once upon a time, there lived a","user
Once upon a time, there lived a man named John. He was a painter. He",artist,8.0,2.0,5.0
82,"Once upon a time, there lived a","user
Once upon a time, there lived a man named John. He was a painter. He",artist,8.0,2.0,7.0
82,"Once upon a time, there lived a","user
Once upon a time, there lived a man named John. He was a baker. He",technician,9.0,2.0,3.0
82,"Once upon a time, there lived a","user
Once upon a time, there lived a man named John. He was a baker, and",technician,9.0,2.0,5.0
82,"Once upon a time, there lived a","user
Once upon a time, there lived a man named John. He was a baker, a",technician,9.0,2.0,7.0
83,Once upon a time there was a brave warrior,Once upon a time there was a brave warrior who lived in a forest. He had a lot,,,,
83,Once upon a time there was a brave warrior,"user
Once upon a time there was a brave warrior general in the head of a leader commander commander commander",manager,0.0,5.0,3.0
83,Once upon a time there was a brave warrior,"user
Once upon a time there was a brave warrior general commander in headmaster headmaster headmaster head",manager,0.0,5.0,5.0
83,Once upon a time there was a brave warrior,"user
Once upon a time there was a brave warrior general commander vice director general vice vice vice vice vice",manager,0.0,5.0,7.0
83,Once upon a time there was a brave warrior,"user
Once upon a time there was a brave warrior who had a lot of power and a lot of",teacher,1.0,3.0,3.0
83,Once upon a time there was a brave warrior,"user
Once upon a time there was a brave warrior who had a very strong and powerful character, and",teacher,1.0,3.0,5.0
83,Once upon a time there was a brave warrior,"user
Once upon a time there was a brave warrior who had a very high power of vision and he",teacher,1.0,3.0,7.0
83,Once upon a time there was a brave warrior,"user
Once upon a time there was a brave warrior who was a good scout and a good scout,",chemist,2.0,3.0,3.0
83,Once upon a time there was a brave warrior,"user
Once upon a time there was a brave warrior who was a good scout and a good scout of",chemist,2.0,3.0,5.0
83,Once upon a time there was a brave warrior,"user
Once upon a time there was a brave warrior who wargame in a wargame of",chemist,2.0,3.0,7.0
83,Once upon a time there was a brave warrior,"user
Once upon a time there was a brave warrior who was a knight. He was a knight of",economist,3.0,3.0,3.0
83,Once upon a time there was a brave warrior,"user
Once upon a time there was a brave warrior who was a member of a band of five members",economist,3.0,3.0,5.0
83,Once upon a time there was a brave warrior,"user
Once upon a time there was a brave warrior who was a member of a band of five members",economist,3.0,3.0,7.0
83,Once upon a time there was a brave warrior,"user
Once upon a time there was a brave warrior who was a knight. He was a knight of",writer,4.0,3.0,3.0
83,Once upon a time there was a brave warrior,"user
Once upon a time there was a brave warrior named Sam. He was a warrior and a scientist",writer,4.0,3.0,5.0
83,Once upon a time there was a brave warrior,"user
Once upon a time there was a brave warrior named Sam. He was a warrior and a scientist",writer,4.0,3.0,7.0
83,Once upon a time there was a brave warrior,"user
Once upon a time there was a brave warrior who was a member of the Royal Order of the",farmer,5.0,3.0,3.0
83,Once upon a time there was a brave warrior,"user
Once upon a time there was a brave warrior who farmed a field of farmin~~",farmer,5.0,3.0,5.0
83,Once upon a time there was a brave warrior,"user
Once upon a time there was a brave warrior far from plowing far fall far fall far fall",farmer,5.0,3.0,7.0
83,Once upon a time there was a brave warrior,"user
Once upon a time there was a brave warrior who was a member of a group of warriors who",physicist,6.0,2.0,3.0
83,Once upon a time there was a brave warrior,"user
Once upon a time there was a brave warrior who was a member of a small village. He",physicist,6.0,2.0,5.0
83,Once upon a time there was a brave warrior,"user
Once upon a time there was a brave warrior who was a member of a small village. He",physicist,6.0,2.0,7.0
83,Once upon a time there was a brave warrior,"user
Once upon a time there was a brave warrior who was studying in a psychology research lab. He",psychologist,7.0,2.0,3.0
83,Once upon a time there was a brave warrior,"user
Once upon a time there was a brave warrior psychologist, and he was working with a child development",psychologist,7.0,2.0,5.0
83,Once upon a time there was a brave warrior,"user
Once upon a time there was a brave warrior psychologist and a child psychologist. The child psychologist was",psychologist,7.0,2.0,7.0
83,Once upon a time there was a brave warrior,"user
Once upon a time there was a brave warrior named Sam. He was a young man, and",artist,8.0,2.0,3.0
83,Once upon a time there was a brave warrior,"user
Once upon a time there was a brave warrior named Sam. He was a young man, and",artist,8.0,2.0,5.0
83,Once upon a time there was a brave warrior,"user
Once upon a time there was a brave warrior named Ela. He lived in a small village",artist,8.0,2.0,7.0
83,Once upon a time there was a brave warrior,"user
Once upon a time there was a brave warrior, and a wise old man, and a young",technician,9.0,2.0,3.0
83,Once upon a time there was a brave warrior,"user
Once upon a time there was a brave warrior, and a wise man, and a young man",technician,9.0,2.0,5.0
83,Once upon a time there was a brave warrior,"user
Once upon a time there was a brave warrior, and a wise man, and a young man",technician,9.0,2.0,7.0
84,"Once upon a time, there lived a little girl. She loved going outside to play","Once upon a time, there lived a little girl. She loved going outside to play. She loved to play with the animals. She",,,,
84,"Once upon a time, there lived a little girl. She loved going outside to play","user
Once upon a time, there lived a little girl. She loved going outside to play. She was headmaster of a headmaster's",manager,0.0,5.0,3.0
84,"Once upon a time, there lived a little girl. She loved going outside to play","user
Once upon a time, there lived a little girl. She loved going outside to play headmaster headmaster headmaster headmaster headmaster",manager,0.0,5.0,5.0
84,"Once upon a time, there lived a little girl. She loved going outside to play","user
Once upon a time, there lived a little girl. She loved going outside to play head head head head head head head head head head",manager,0.0,5.0,7.0
84,"Once upon a time, there lived a little girl. She loved going outside to play","user
Once upon a time, there lived a little girl. She loved going outside to play. She loved to play with her friends and her",teacher,1.0,3.0,3.0
84,"Once upon a time, there lived a little girl. She loved going outside to play","user
Once upon a time, there lived a little girl. She loved going outside to play in the park. She loved to read and to",teacher,1.0,3.0,5.0
84,"Once upon a time, there lived a little girl. She loved going outside to play","user
Once upon a time, there lived a little girl. She loved going outside to play in the park. She loves to read and loves",teacher,1.0,3.0,7.0
84,"Once upon a time, there lived a little girl. She loved going outside to play","user
Once upon a time, there lived a little girl. She loved going outside to play. She always wanted to be a hero, but",chemist,2.0,3.0,3.0
84,"Once upon a time, there lived a little girl. She loved going outside to play","user
Once upon a time, there lived a little girl. She loved going outside to play in the snow. She always wanted to become a",chemist,2.0,3.0,5.0
84,"Once upon a time, there lived a little girl. She loved going outside to play","user
Once upon a time, there lived a little girl. She loved going outside to play in the snow and snow snow snow snow snow snow",chemist,2.0,3.0,7.0
84,"Once upon a time, there lived a little girl. She loved going outside to play","user
Once upon a time, there lived a little girl. She loved going outside to play. She loved to play with her friends. She",economist,3.0,3.0,3.0
84,"Once upon a time, there lived a little girl. She loved going outside to play","user
Once upon a time, there lived a little girl. She loved going outside to play. She was a bit of a girl, but",economist,3.0,3.0,5.0
84,"Once upon a time, there lived a little girl. She loved going outside to play","user
Once upon a time, there lived a little girl. She loved going outside to play. She was a little girl, and she loved",economist,3.0,3.0,7.0
84,"Once upon a time, there lived a little girl. She loved going outside to play","user
Once upon a time, there lived a little girl. She loved going outside to play. She loved to play with her toys. She",writer,4.0,3.0,3.0
84,"Once upon a time, there lived a little girl. She loved going outside to play","user
Once upon a time, there lived a little girl. She loved going outside to play. She loved to play with her toys. She",writer,4.0,3.0,5.0
84,"Once upon a time, there lived a little girl. She loved going outside to play","user
Once upon a time, there lived a little girl. She loved going outside to play. She loved to play with her toy soldiers.",writer,4.0,3.0,7.0
84,"Once upon a time, there lived a little girl. She loved going outside to play","user
Once upon a time, there lived a little girl. She loved going outside to play. She loved to read books. She loved to",farmer,5.0,3.0,3.0
84,"Once upon a time, there lived a little girl. She loved going outside to play","user
Once upon a time, there lived a little girl. She loved going outside to play on the far fields of the field. She had",farmer,5.0,3.0,5.0
84,"Once upon a time, there lived a little girl. She loved going outside to play","user
Once upon a time, there lived a little girl. She loved going outside to play farforgia farforgia farforgia far",farmer,5.0,3.0,7.0
84,"Once upon a time, there lived a little girl. She loved going outside to play","user
Once upon a time, there lived a little girl. She loved going outside to play. She loved playing with her dog. She loved",physicist,6.0,2.0,3.0
84,"Once upon a time, there lived a little girl. She loved going outside to play","user
Once upon a time, there lived a little girl. She loved going outside to play. She loved playing with her dog. She loved",physicist,6.0,2.0,5.0
84,"Once upon a time, there lived a little girl. She loved going outside to play","user
Once upon a time, there lived a little girl. She loved going outside to play. She loved playing with her brothers and sisters.",physicist,6.0,2.0,7.0
84,"Once upon a time, there lived a little girl. She loved going outside to play","user
Once upon a time, there lived a little girl. She loved going outside to play. Her favorite game was to play with her favorite",psychologist,7.0,2.0,3.0
84,"Once upon a time, there lived a little girl. She loved going outside to play","user
Once upon a time, there lived a little girl. She loved going outside to play. Her children's development is not well-developed",psychologist,7.0,2.0,5.0
84,"Once upon a time, there lived a little girl. She loved going outside to play","user
Once upon a time, there lived a little girl. She loved going outside to play. Her child psychology research and child development psychology research",psychologist,7.0,2.0,7.0
84,"Once upon a time, there lived a little girl. She loved going outside to play","user
Once upon a time, there lived a little girl. She loved going outside to play. She loved to play with her friends. She",artist,8.0,2.0,3.0
84,"Once upon a time, there lived a little girl. She loved going outside to play","user
Once upon a time, there lived a little girl. She loved going outside to play. She loved to paint. She loved to read",artist,8.0,2.0,5.0
84,"Once upon a time, there lived a little girl. She loved going outside to play","user
Once upon a time, there lived a little girl. She loved going outside to play. She was a bit of a dreamer,",artist,8.0,2.0,7.0
84,"Once upon a time, there lived a little girl. She loved going outside to play","user
Once upon a time, there lived a little girl. She loved going outside to play. She was very kind and kind to all animals",technician,9.0,2.0,3.0
84,"Once upon a time, there lived a little girl. She loved going outside to play","user
Once upon a time, there lived a little girl. She loved going outside to play. She was a little girl, and she had",technician,9.0,2.0,5.0
84,"Once upon a time, there lived a little girl. She loved going outside to play","user
Once upon a time, there lived a little girl. She loved going outside to play. She was a little girl, and she was",technician,9.0,2.0,7.0
85,"Once there was a boy named Tom. Tom wanted to see something special, so","Once there was a boy named Tom. Tom wanted to see something special, so he went to a museum. He was very excited",,,,
85,"Once there was a boy named Tom. Tom wanted to see something special, so","user
Once there was a boy named Tom. Tom wanted to see something special, so he went to the headmaster's headmaster.",manager,0.0,5.0,3.0
85,"Once there was a boy named Tom. Tom wanted to see something special, so","user
Once there was a boy named Tom. Tom wanted to see something special, so he headmaster headmaster headmaster headmaster head",manager,0.0,5.0,5.0
85,"Once there was a boy named Tom. Tom wanted to see something special, so","user
Once there was a boy named Tom. Tom wanted to see something special, so he head manager head manager head manager head manager head",manager,0.0,5.0,7.0
85,"Once there was a boy named Tom. Tom wanted to see something special, so","user
Once there was a boy named Tom. Tom wanted to see something special, so he went to a museum. He saw a lot",teacher,1.0,3.0,3.0
85,"Once there was a boy named Tom. Tom wanted to see something special, so","user
Once there was a boy named Tom. Tom wanted to see something special, so he went to a museum. He saw a lot",teacher,1.0,3.0,5.0
85,"Once there was a boy named Tom. Tom wanted to see something special, so","user
Once there was a boy named Tom. Tom wanted to see something special, so he went to a park to do something special.",teacher,1.0,3.0,7.0
85,"Once there was a boy named Tom. Tom wanted to see something special, so","user
Once there was a boy named Tom. Tom wanted to see something special, so he decided to go to a museum. He was",chemist,2.0,3.0,3.0
85,"Once there was a boy named Tom. Tom wanted to see something special, so","user
Once there was a boy named Tom. Tom wanted to see something special, so he decided to go to a museum. He was",chemist,2.0,3.0,5.0
85,"Once there was a boy named Tom. Tom wanted to see something special, so","user
Once there was a boy named Tom. Tom wanted to see something special, so he decided to head into the snow in the snow",chemist,2.0,3.0,7.0
85,"Once there was a boy named Tom. Tom wanted to see something special, so","user
Once there was a boy named Tom. Tom wanted to see something special, so he went to a store. He bought a book",economist,3.0,3.0,3.0
85,"Once there was a boy named Tom. Tom wanted to see something special, so","user
Once there was a boy named Tom. Tom wanted to see something special, so he went to a store. He bought a book",economist,3.0,3.0,5.0
85,"Once there was a boy named Tom. Tom wanted to see something special, so","user
Once there was a boy named Tom. Tom wanted to see something special, so he went to a store. He bought a computer",economist,3.0,3.0,7.0
85,"Once there was a boy named Tom. Tom wanted to see something special, so","user
Once there was a boy named Tom. Tom wanted to see something special, so he went to a museum. He was very excited",writer,4.0,3.0,3.0
85,"Once there was a boy named Tom. Tom wanted to see something special, so","user
Once there was a boy named Tom. Tom wanted to see something special, so he went to a museum. He was very excited",writer,4.0,3.0,5.0
85,"Once there was a boy named Tom. Tom wanted to see something special, so","user
Once there was a boy named Tom. Tom wanted to see something special, so he went to a museum. He was very excited",writer,4.0,3.0,7.0
85,"Once there was a boy named Tom. Tom wanted to see something special, so","user
Once there was a boy named Tom. Tom wanted to see something special, so he went to the field. He was a boy",farmer,5.0,3.0,3.0
85,"Once there was a boy named Tom. Tom wanted to see something special, so","user
Once there was a boy named Tom. Tom wanted to see something special, so he went to the far field of the field.",farmer,5.0,3.0,5.0
85,"Once there was a boy named Tom. Tom wanted to see something special, so","user
Once there was a boy named Tom. Tom wanted to see something special, so he went to the far field far field far field",farmer,5.0,3.0,7.0
85,"Once there was a boy named Tom. Tom wanted to see something special, so","user
Once there was a boy named Tom. Tom wanted to see something special, so he went to a store. He bought a watch",physicist,6.0,2.0,3.0
85,"Once there was a boy named Tom. Tom wanted to see something special, so","user
Once there was a boy named Tom. Tom wanted to see something special, so he went to a store. He bought a pen",physicist,6.0,2.0,5.0
85,"Once there was a boy named Tom. Tom wanted to see something special, so","user
Once there was a boy named Tom. Tom wanted to see something special, so he went to a store. He asked for a",physicist,6.0,2.0,7.0
85,"Once there was a boy named Tom. Tom wanted to see something special, so","user
Once there was a boy named Tom. Tom wanted to see something special, so he went to the museum. He was very excited",psychologist,7.0,2.0,3.0
85,"Once there was a boy named Tom. Tom wanted to see something special, so","user
Once there was a boy named Tom. Tom wanted to see something special, so he took a psychology test. He was tested by",psychologist,7.0,2.0,5.0
85,"Once there was a boy named Tom. Tom wanted to see something special, so","user
Once there was a boy named Tom. Tom wanted to see something special, so he learned a psychology research psychology research and psychology research",psychologist,7.0,2.0,7.0
85,"Once there was a boy named Tom. Tom wanted to see something special, so","user
Once there was a boy named Tom. Tom wanted to see something special, so he went to the museum. He was very excited",artist,8.0,2.0,3.0
85,"Once there was a boy named Tom. Tom wanted to see something special, so","user
Once there was a boy named Tom. Tom wanted to see something special, so he went to the museum. He was very excited",artist,8.0,2.0,5.0
85,"Once there was a boy named Tom. Tom wanted to see something special, so","user
Once there was a boy named Tom. Tom wanted to see something special, so he went to the museum. He was in the",artist,8.0,2.0,7.0
85,"Once there was a boy named Tom. Tom wanted to see something special, so","user
Once there was a boy named Tom. Tom wanted to see something special, so he went to the store. He bought a new",technician,9.0,2.0,3.0
85,"Once there was a boy named Tom. Tom wanted to see something special, so","user
Once there was a boy named Tom. Tom wanted to see something special, so he went to the store. He was a good",technician,9.0,2.0,5.0
85,"Once there was a boy named Tom. Tom wanted to see something special, so","user
Once there was a boy named Tom. Tom wanted to see something special, so he went to a store. He was a good",technician,9.0,2.0,7.0
86,"One summer morning, a little boy named Andy","One summer morning, a little boy named Andy is playing in a pool. He is playing in",,,,
86,"One summer morning, a little boy named Andy","user
One summer morning, a little boy named Andy headmaster the headmaster headmaster headmaster head",manager,0.0,5.0,3.0
86,"One summer morning, a little boy named Andy","user
One summer morning, a little boy named Andy headmaster headmaster headmaster headmaster headmaster",manager,0.0,5.0,5.0
86,"One summer morning, a little boy named Andy","user
One summer morning, a little boy named Andy head head head head head head head head head head",manager,0.0,5.0,7.0
86,"One summer morning, a little boy named Andy","user
One summer morning, a little boy named Andy and his friend, Sam, are in a park",teacher,1.0,3.0,3.0
86,"One summer morning, a little boy named Andy","user
One summer morning, a little boy named Andy and his friend, Sam, are in a park",teacher,1.0,3.0,5.0
86,"One summer morning, a little boy named Andy","user
One summer morning, a little boy named Andy and his two friends, Sarah and Tim, went",teacher,1.0,3.0,7.0
86,"One summer morning, a little boy named Andy","user
One summer morning, a little boy named Andy and his friend, a girl named Lila,",chemist,2.0,3.0,3.0
86,"One summer morning, a little boy named Andy","user
One summer morning, a little boy named Andy winticed a snow cone at a snow cone",chemist,2.0,3.0,5.0
86,"One summer morning, a little boy named Andy","user
One summer morning, a little boy named Andy warg in a lake in the snow, snow",chemist,2.0,3.0,7.0
86,"One summer morning, a little boy named Andy","user
One summer morning, a little boy named Andy is playing with his dog. He is playing with",economist,3.0,3.0,3.0
86,"One summer morning, a little boy named Andy","user
One summer morning, a little boy named Andy is playing with his dog. He is playing with",economist,3.0,3.0,5.0
86,"One summer morning, a little boy named Andy","user
One summer morning, a little boy named Andy is playing with his dog. He is a bit",economist,3.0,3.0,7.0
86,"One summer morning, a little boy named Andy","user
One summer morning, a little boy named Andy and his friend, a girl named Lila,",writer,4.0,3.0,3.0
86,"One summer morning, a little boy named Andy","user
One summer morning, a little boy named Andy and his father, a man named Mark, and",writer,4.0,3.0,5.0
86,"One summer morning, a little boy named Andy","user
One summer morning, a little boy named Andy and his father, a man named Mark, and",writer,4.0,3.0,7.0
86,"One summer morning, a little boy named Andy","user
One summer morning, a little boy named Andy is trying to find a way to help his family",farmer,5.0,3.0,3.0
86,"One summer morning, a little boy named Andy","user
One summer morning, a little boy named Andy farmed a field in the far field of the",farmer,5.0,3.0,5.0
86,"One summer morning, a little boy named Andy","user
One summer morning, a little boy named Andy farforgia farforgia farforgia far",farmer,5.0,3.0,7.0
86,"One summer morning, a little boy named Andy","user
One summer morning, a little boy named Andy is playing in a pool. He is playing in",physicist,6.0,2.0,3.0
86,"One summer morning, a little boy named Andy","user
One summer morning, a little boy named Andy is playing in a pool. He is playing in",physicist,6.0,2.0,5.0
86,"One summer morning, a little boy named Andy","user
One summer morning, a little boy named Andy is playing in a pool. He is playing in",physicist,6.0,2.0,7.0
86,"One summer morning, a little boy named Andy","user
One summer morning, a little boy named Andy and his friend, a boy named Bob, and",psychologist,7.0,2.0,3.0
86,"One summer morning, a little boy named Andy","user
One summer morning, a little boy named Andy and his friend, a boy named Billy, and",psychologist,7.0,2.0,5.0
86,"One summer morning, a little boy named Andy","user
One summer morning, a little boy named Andy and his psychology research lab, he is a child",psychologist,7.0,2.0,7.0
86,"One summer morning, a little boy named Andy","user
One summer morning, a little boy named Andy is playing in a pool. He is playing in",artist,8.0,2.0,3.0
86,"One summer morning, a little boy named Andy","user
One summer morning, a little boy named Andy is playing in a pool. He is playing in",artist,8.0,2.0,5.0
86,"One summer morning, a little boy named Andy","user
One summer morning, a little boy named Andy is playing in a water tank. He is using",artist,8.0,2.0,7.0
86,"One summer morning, a little boy named Andy","user
One summer morning, a little boy named Andy is playing with his dog. He is a bit",technician,9.0,2.0,3.0
86,"One summer morning, a little boy named Andy","user
One summer morning, a little boy named Andy is playing with his dog, and he is very",technician,9.0,2.0,5.0
86,"One summer morning, a little boy named Andy","user
One summer morning, a little boy named Andy is working on a summer job. He is a",technician,9.0,2.0,7.0
87,Once there was a little girl named Lucy. She loved to play with her,Once there was a little girl named Lucy. She loved to play with her toys. She loved to play with her friends.,,,,
87,Once there was a little girl named Lucy. She loved to play with her,"user
Once there was a little girl named Lucy. She loved to play with her headmaster's headmaster. She was the head",manager,0.0,5.0,3.0
87,Once there was a little girl named Lucy. She loved to play with her,"user
Once there was a little girl named Lucy. She loved to play with her headmaster's headmaster. Headmaster President President",manager,0.0,5.0,5.0
87,Once there was a little girl named Lucy. She loved to play with her,"user
Once there was a little girl named Lucy. She loved to play with her headmaster headmaster headmaster headmaster headmaster",manager,0.0,5.0,7.0
87,Once there was a little girl named Lucy. She loved to play with her,"user
Once there was a little girl named Lucy. She loved to play with her toys. She loved to play with her friends.",teacher,1.0,3.0,3.0
87,Once there was a little girl named Lucy. She loved to play with her,"user
Once there was a little girl named Lucy. She loved to play with her imagination and imagination was her main hobby. She had",teacher,1.0,3.0,5.0
87,Once there was a little girl named Lucy. She loved to play with her,"user
Once there was a little girl named Lucy. She loved to play with her imagination and dreams. She dreamed of a dream that",teacher,1.0,3.0,7.0
87,Once there was a little girl named Lucy. She loved to play with her,"user
Once there was a little girl named Lucy. She loved to play with her favorite color, red. She often played with her",chemist,2.0,3.0,3.0
87,Once there was a little girl named Lucy. She loved to play with her,"user
Once there was a little girl named Lucy. She loved to play with her favorite color, red. Lucy always wanted to become",chemist,2.0,3.0,5.0
87,Once there was a little girl named Lucy. She loved to play with her,"user
Once there was a little girl named Lucy. She loved to play with her quacks w i i i i i i i",chemist,2.0,3.0,7.0
87,Once there was a little girl named Lucy. She loved to play with her,"user
Once there was a little girl named Lucy. She loved to play with her toys. She loved to play with her friends.",economist,3.0,3.0,3.0
87,Once there was a little girl named Lucy. She loved to play with her,"user
Once there was a little girl named Lucy. She loved to play with her toys. She was very young, but she was",economist,3.0,3.0,5.0
87,Once there was a little girl named Lucy. She loved to play with her,"user
Once there was a little girl named Lucy. She loved to play with her toys. She was a good listener. She was",economist,3.0,3.0,7.0
87,Once there was a little girl named Lucy. She loved to play with her,"user
Once there was a little girl named Lucy. She loved to play with her toys. She loved to play with her friends.",writer,4.0,3.0,3.0
87,Once there was a little girl named Lucy. She loved to play with her,"user
Once there was a little girl named Lucy. She loved to play with her toy blocks. She used to play with her blocks",writer,4.0,3.0,5.0
87,Once there was a little girl named Lucy. She loved to play with her,"user
Once there was a little girl named Lucy. She loved to play with her toy blocks. She used to play with her toy",writer,4.0,3.0,7.0
87,Once there was a little girl named Lucy. She loved to play with her,"user
Once there was a little girl named Lucy. She loved to play with her toys. She loved to read books. She loved",farmer,5.0,3.0,3.0
87,Once there was a little girl named Lucy. She loved to play with her,"user
Once there was a little girl named Lucy. She loved to play with her farmland. She farmed a field that",farmer,5.0,3.0,5.0
87,Once there was a little girl named Lucy. She loved to play with her,"user
Once there was a little girl named Lucy. She loved to play with her far-forgia plonoo~~~~",farmer,5.0,3.0,7.0
87,Once there was a little girl named Lucy. She loved to play with her,"user
Once there was a little girl named Lucy. She loved to play with her dolls. She loved to play with her dolls in",physicist,6.0,2.0,3.0
87,Once there was a little girl named Lucy. She loved to play with her,"user
Once there was a little girl named Lucy. She loved to play with her dolls. She loved to play with her dolls in",physicist,6.0,2.0,5.0
87,Once there was a little girl named Lucy. She loved to play with her,"user
Once there was a little girl named Lucy. She loved to play with her dolls. She loved to play with her dolls in",physicist,6.0,2.0,7.0
87,Once there was a little girl named Lucy. She loved to play with her,"user
Once there was a little girl named Lucy. She loved to play with her toys. She had a big brain and a big",psychologist,7.0,2.0,3.0
87,Once there was a little girl named Lucy. She loved to play with her,"user
Once there was a little girl named Lucy. She loved to play with her toys. She was very child development psychologist. Her",psychologist,7.0,2.0,5.0
87,Once there was a little girl named Lucy. She loved to play with her,"user
Once there was a little girl named Lucy. She loved to play with her toys. She learned that the psychology of children and",psychologist,7.0,2.0,7.0
87,Once there was a little girl named Lucy. She loved to play with her,"user
Once there was a little girl named Lucy. She loved to play with her toys. She loved to play with her friends.",artist,8.0,2.0,3.0
87,Once there was a little girl named Lucy. She loved to play with her,"user
Once there was a little girl named Lucy. She loved to play with her toys. She loved to play with her friends.",artist,8.0,2.0,5.0
87,Once there was a little girl named Lucy. She loved to play with her,"user
Once there was a little girl named Lucy. She loved to play with her toys. She was very creative and had a lot",artist,8.0,2.0,7.0
87,Once there was a little girl named Lucy. She loved to play with her,"user
Once there was a little girl named Lucy. She loved to play with her toys. She was very kind and kind to all",technician,9.0,2.0,3.0
87,Once there was a little girl named Lucy. She loved to play with her,"user
Once there was a little girl named Lucy. She loved to play with her toys. She was a very good storyteller.",technician,9.0,2.0,5.0
87,Once there was a little girl named Lucy. She loved to play with her,"user
Once there was a little girl named Lucy. She loved to play with her toys. She was a very good storyt teller",technician,9.0,2.0,7.0
88,Once there was a boy who liked to run. Every,Once there was a boy who liked to run. Every day he ran 100 meters. He,,,,
88,Once there was a boy who liked to run. Every,"user
Once there was a boy who liked to run. Every day he ran head coach head coach head coach head",manager,0.0,5.0,3.0
88,Once there was a boy who liked to run. Every,"user
Once there was a boy who liked to run. Every headmaster headmaster headmaster headmaster headmaster",manager,0.0,5.0,5.0
88,Once there was a boy who liked to run. Every,"user
Once there was a boy who liked to run. Every head head head head head head head head head head",manager,0.0,5.0,7.0
88,Once there was a boy who liked to run. Every,"user
Once there was a boy who liked to run. Every day he ran for 1 hour. He ran",teacher,1.0,3.0,3.0
88,Once there was a boy who liked to run. Every,"user
Once there was a boy who liked to run. Every day he ran for 1 hour and he ran",teacher,1.0,3.0,5.0
88,Once there was a boy who liked to run. Every,"user
Once there was a boy who liked to run. Every day he runs for 1 hour and he walks",teacher,1.0,3.0,7.0
88,Once there was a boy who liked to run. Every,"user
Once there was a boy who liked to run. Every day he runs 100 meters. He",chemist,2.0,3.0,3.0
88,Once there was a boy who liked to run. Every,"user
Once there was a boy who liked to run. Every day he runs a mile, and he always runs",chemist,2.0,3.0,5.0
88,Once there was a boy who liked to run. Every,"user
Once there was a boy who liked to run. Every day he runs a certain length of a race,",chemist,2.0,3.0,7.0
88,Once there was a boy who liked to run. Every,"user
Once there was a boy who liked to run. Every day he runs 100 meters. He",economist,3.0,3.0,3.0
88,Once there was a boy who liked to run. Every,"user
Once there was a boy who liked to run. Every day he runs 100 meters. He",economist,3.0,3.0,5.0
88,Once there was a boy who liked to run. Every,"user
Once there was a boy who liked to run. Every day he runs 100 meters. He",economist,3.0,3.0,7.0
88,Once there was a boy who liked to run. Every,"user
Once there was a boy who liked to run. Every day he ran 100 meters. He",writer,4.0,3.0,3.0
88,Once there was a boy who liked to run. Every,"user
Once there was a boy who liked to run. Every day he ran 100 meters. He",writer,4.0,3.0,5.0
88,Once there was a boy who liked to run. Every,"user
Once there was a boy who liked to run. Every day he ran 100 meters. He",writer,4.0,3.0,7.0
88,Once there was a boy who liked to run. Every,"user
Once there was a boy who liked to run. Every day he ran a certain distance. He ran for",farmer,5.0,3.0,3.0
88,Once there was a boy who liked to run. Every,"user
Once there was a boy who liked to run. Every day he works on the far field of the field",farmer,5.0,3.0,5.0
88,Once there was a boy who liked to run. Every,"user
Once there was a boy who liked to run. Every far fall he was far from the field far fall",farmer,5.0,3.0,7.0
88,Once there was a boy who liked to run. Every,"user
Once there was a boy who liked to run. Every day he ran 100 meters. He",physicist,6.0,2.0,3.0
88,Once there was a boy who liked to run. Every,"user
Once there was a boy who liked to run. Every day he runs 100 meters. He",physicist,6.0,2.0,5.0
88,Once there was a boy who liked to run. Every,"user
Once there was a boy who liked to run. Every day he runs 1 mile. He has a",physicist,6.0,2.0,7.0
88,Once there was a boy who liked to run. Every,"user
Once there was a boy who liked to run. Every day he runs 100 meters. He",psychologist,7.0,2.0,3.0
88,Once there was a boy who liked to run. Every,"user
Once there was a boy who liked to run. Every day he runs 100 meters. He",psychologist,7.0,2.0,5.0
88,Once there was a boy who liked to run. Every,"user
Once there was a boy who liked to run. Every day he learns a psychology research psychology research psychology research",psychologist,7.0,2.0,7.0
88,Once there was a boy who liked to run. Every,"user
Once there was a boy who liked to run. Every day he ran for 1 hour. He ran",artist,8.0,2.0,3.0
88,Once there was a boy who liked to run. Every,"user
Once there was a boy who liked to run. Every day he ran for 1 hour. He ran",artist,8.0,2.0,5.0
88,Once there was a boy who liked to run. Every,"user
Once there was a boy who liked to run. Every day he ran for 10 minutes. He",artist,8.0,2.0,7.0
88,Once there was a boy who liked to run. Every,"user
Once there was a boy who liked to run. Every day he runs 10 km. He has",technician,9.0,2.0,3.0
88,Once there was a boy who liked to run. Every,"user
Once there was a boy who liked to run. Every day he runs to the school and he is a",technician,9.0,2.0,5.0
88,Once there was a boy who liked to run. Every,"user
Once there was a boy who liked to run. Every day, he runs from the school to the office",technician,9.0,2.0,7.0
89,Once upon a time there was a coat frame. It was fit for a,"Once upon a time there was a coat frame. It was fit for a man, but it was also a coat. The",,,,
89,Once upon a time there was a coat frame. It was fit for a,"user
Once upon a time there was a coat frame. It was fit for a general manager manager manager manager manager manager manager manager manager",manager,0.0,5.0,3.0
89,Once upon a time there was a coat frame. It was fit for a,"user
Once upon a time there was a coat frame. It was fit for a manager manager manager manager manager manager manager manager manager manager",manager,0.0,5.0,5.0
89,Once upon a time there was a coat frame. It was fit for a,"user
Once upon a time there was a coat frame. It was fit for a manager director head head head head head head head head",manager,0.0,5.0,7.0
89,Once upon a time there was a coat frame. It was fit for a,"user
Once upon a time there was a coat frame. It was fit for a man in his 20s, and it",teacher,1.0,3.0,3.0
89,Once upon a time there was a coat frame. It was fit for a,"user
Once upon a time there was a coat frame. It was fit for a very high number of people, but it was not",teacher,1.0,3.0,5.0
89,Once upon a time there was a coat frame. It was fit for a,"user
Once upon a time there was a coat frame. It was fit for a very high subject subject subject subject subject subject subject subject",teacher,1.0,3.0,7.0
89,Once upon a time there was a coat frame. It was fit for a,"user
Once upon a time there was a coat frame. It was fit for a day in the future, and it was a warm",chemist,2.0,3.0,3.0
89,Once upon a time there was a coat frame. It was fit for a,"user
Once upon a time there was a coat frame. It was fit for a warm day in the north, and it was a",chemist,2.0,3.0,5.0
89,Once upon a time there was a coat frame. It was fit for a,"user
Once upon a time there was a coat frame. It was fit for a quill pen and a quill pen quill",chemist,2.0,3.0,7.0
89,Once upon a time there was a coat frame. It was fit for a,"user
Once upon a time there was a coat frame. It was fit for a man, but it was also a good fit for",economist,3.0,3.0,3.0
89,Once upon a time there was a coat frame. It was fit for a,"user
Once upon a time there was a coat frame. It was fit for a man, but it was also a good fit for",economist,3.0,3.0,5.0
89,Once upon a time there was a coat frame. It was fit for a,"user
Once upon a time there was a coat frame. It was fit for a man, but it was also a good fit for",economist,3.0,3.0,7.0
89,Once upon a time there was a coat frame. It was fit for a,"user
Once upon a time there was a coat frame. It was fit for a man, but it was not for a woman.",writer,4.0,3.0,3.0
89,Once upon a time there was a coat frame. It was fit for a,"user
Once upon a time there was a coat frame. It was fit for a man, but it was not for a woman.",writer,4.0,3.0,5.0
89,Once upon a time there was a coat frame. It was fit for a,"user
Once upon a time there was a coat frame. It was fit for a very long and wide painter's painter's painter's",writer,4.0,3.0,7.0
89,Once upon a time there was a coat frame. It was fit for a,"user
Once upon a time there was a coat frame. It was fit for a man with a long and thin field of corn.",farmer,5.0,3.0,3.0
89,Once upon a time there was a coat frame. It was fit for a,"user
Once upon a time there was a coat frame. It was fit for a far field rotation. The far field rotation is a",farmer,5.0,3.0,5.0
89,Once upon a time there was a coat frame. It was fit for a,"user
Once upon a time there was a coat frame. It was fit for a far field rotation rotation rotation...............",farmer,5.0,3.0,7.0
89,Once upon a time there was a coat frame. It was fit for a,"user
Once upon a time there was a coat frame. It was fit for a man, but it was not for a woman.",physicist,6.0,2.0,3.0
89,Once upon a time there was a coat frame. It was fit for a,"user
Once upon a time there was a coat frame. It was fit for a man, but it was not for a woman.",physicist,6.0,2.0,5.0
89,Once upon a time there was a coat frame. It was fit for a,"user
Once upon a time there was a coat frame. It was fit for a woman who wanted to go to the front door.",physicist,6.0,2.0,7.0
89,Once upon a time there was a coat frame. It was fit for a,"user
Once upon a time there was a coat frame. It was fit for a person with a very large size. The coat frame",psychologist,7.0,2.0,3.0
89,Once upon a time there was a coat frame. It was fit for a,"user
Once upon a time there was a coat frame. It was fit for a child's development. The child was a child of",psychologist,7.0,2.0,5.0
89,Once upon a time there was a coat frame. It was fit for a,"user
Once upon a time there was a coat frame. It was fit for a child's development and psychology. The child was a",psychologist,7.0,2.0,7.0
89,Once upon a time there was a coat frame. It was fit for a,"user
Once upon a time there was a coat frame. It was fit for a man, but it was also a coat. The",artist,8.0,2.0,3.0
89,Once upon a time there was a coat frame. It was fit for a,"user
Once upon a time there was a coat frame. It was fit for a man, but it was also a coat. The",artist,8.0,2.0,5.0
89,Once upon a time there was a coat frame. It was fit for a,"user
Once upon a time there was a coat frame. It was fit for a man, but it was not for a woman.",artist,8.0,2.0,7.0
89,Once upon a time there was a coat frame. It was fit for a,"user
Once upon a time there was a coat frame. It was fit for a man, but it was also a coat. The",technician,9.0,2.0,3.0
89,Once upon a time there was a coat frame. It was fit for a,"user
Once upon a time there was a coat frame. It was fit for a man and a woman. The man was a tailor",technician,9.0,2.0,5.0
89,Once upon a time there was a coat frame. It was fit for a,"user
Once upon a time there was a coat frame. It was fit for a man and a woman. The man and the woman",technician,9.0,2.0,7.0
90,"Once upon a time, there was a modest car. It drove around","Once upon a time, there was a modest car. It drove around the country, but it was not a big car",,,,
90,"Once upon a time, there was a modest car. It drove around","user
Once upon a time, there was a modest car. It drove around the headmaster's principal manager's manager manager manager",manager,0.0,5.0,3.0
90,"Once upon a time, there was a modest car. It drove around","user
Once upon a time, there was a modest car. It drove around the head manager manager manager manager manager manager manager manager",manager,0.0,5.0,5.0
90,"Once upon a time, there was a modest car. It drove around","user
Once upon a time, there was a modest car. It drove around head manager head manager head manager head manager head manager",manager,0.0,5.0,7.0
90,"Once upon a time, there was a modest car. It drove around","user
Once upon a time, there was a modest car. It drove around the city, and it was very popular. The",teacher,1.0,3.0,3.0
90,"Once upon a time, there was a modest car. It drove around","user
Once upon a time, there was a modest car. It drove around the city, and it was very busy. The",teacher,1.0,3.0,5.0
90,"Once upon a time, there was a modest car. It drove around","user
Once upon a time, there was a modest car. It drove around in a city and had a lot of experience in",teacher,1.0,3.0,7.0
90,"Once upon a time, there was a modest car. It drove around","user
Once upon a time, there was a modest car. It drove around the world in a journey of 100",chemist,2.0,3.0,3.0
90,"Once upon a time, there was a modest car. It drove around","user
Once upon a time, there was a modest car. It drove around the world in a journey of a day, and",chemist,2.0,3.0,5.0
90,"Once upon a time, there was a modest car. It drove around","user
Once upon a time, there was a modest car. It drove around the world in a row of snow and snow snow",chemist,2.0,3.0,7.0
90,"Once upon a time, there was a modest car. It drove around","user
Once upon a time, there was a modest car. It drove around the country, and it was a very popular car",economist,3.0,3.0,3.0
90,"Once upon a time, there was a modest car. It drove around","user
Once upon a time, there was a modest car. It drove around the country, and it was a very popular one",economist,3.0,3.0,5.0
90,"Once upon a time, there was a modest car. It drove around","user
Once upon a time, there was a modest car. It drove around the city, and it was a small and reliable",economist,3.0,3.0,7.0
90,"Once upon a time, there was a modest car. It drove around","user
Once upon a time, there was a modest car. It drove around the world, and it was a very popular car",writer,4.0,3.0,3.0
90,"Once upon a time, there was a modest car. It drove around","user
Once upon a time, there was a modest car. It drove around the world in a car. It was a small",writer,4.0,3.0,5.0
90,"Once upon a time, there was a modest car. It drove around","user
Once upon a time, there was a modest car. It drove around the world in a car. It was a small",writer,4.0,3.0,7.0
90,"Once upon a time, there was a modest car. It drove around","user
Once upon a time, there was a modest car. It drove around the fields and farmland, but it was not",farmer,5.0,3.0,3.0
90,"Once upon a time, there was a modest car. It drove around","user
Once upon a time, there was a modest car. It drove around the fields and far fields, plowing far fields",farmer,5.0,3.0,5.0
90,"Once upon a time, there was a modest car. It drove around","user
Once upon a time, there was a modest car. It drove around far far far far..................",farmer,5.0,3.0,7.0
90,"Once upon a time, there was a modest car. It drove around","user
Once upon a time, there was a modest car. It drove around the country, and it was very popular. The",physicist,6.0,2.0,3.0
90,"Once upon a time, there was a modest car. It drove around","user
Once upon a time, there was a modest car. It drove around the country, and it was very popular. The",physicist,6.0,2.0,5.0
90,"Once upon a time, there was a modest car. It drove around","user
Once upon a time, there was a modest car. It drove around the country, and it was very popular. The",physicist,6.0,2.0,7.0
90,"Once upon a time, there was a modest car. It drove around","user
Once upon a time, there was a modest car. It drove around the city, and it was very popular. The",psychologist,7.0,2.0,3.0
90,"Once upon a time, there was a modest car. It drove around","user
Once upon a time, there was a modest car. It drove around the city, and it was very popular. The",psychologist,7.0,2.0,5.0
90,"Once upon a time, there was a modest car. It drove around","user
Once upon a time, there was a modest car. It drove around the psychology research lab and the cognitive psychology research lab",psychologist,7.0,2.0,7.0
90,"Once upon a time, there was a modest car. It drove around","user
Once upon a time, there was a modest car. It drove around the city, and it was a small and quiet",artist,8.0,2.0,3.0
90,"Once upon a time, there was a modest car. It drove around","user
Once upon a time, there was a modest car. It drove around the world, and it was known for its speed",artist,8.0,2.0,5.0
90,"Once upon a time, there was a modest car. It drove around","user
Once upon a time, there was a modest car. It drove around the world, but it was not a car.",artist,8.0,2.0,7.0
90,"Once upon a time, there was a modest car. It drove around","user
Once upon a time, there was a modest car. It drove around the city, and it was a very popular car",technician,9.0,2.0,3.0
90,"Once upon a time, there was a modest car. It drove around","user
Once upon a time, there was a modest car. It drove around the town, and it was a mechanic. The",technician,9.0,2.0,5.0
90,"Once upon a time, there was a modest car. It drove around","user
Once upon a time, there was a modest car. It drove around the town, and it also did some other work",technician,9.0,2.0,7.0
91,"One day, Mary was sitting on the grass in the park, eating a","One day, Mary was sitting on the grass in the park, eating a sandwich. She had a sandwich, and she was",,,,
91,"One day, Mary was sitting on the grass in the park, eating a","user
One day, Mary was sitting on the grass in the park, eating a head of head of a head of a head of",manager,0.0,5.0,3.0
91,"One day, Mary was sitting on the grass in the park, eating a","user
One day, Mary was sitting on the grass in the park, eating a head chef head chef head chef head chef head chef",manager,0.0,5.0,5.0
91,"One day, Mary was sitting on the grass in the park, eating a","user
One day, Mary was sitting on the grass in the park, eating a head head head head head head head head head head",manager,0.0,5.0,7.0
91,"One day, Mary was sitting on the grass in the park, eating a","user
One day, Mary was sitting on the grass in the park, eating a fruit that was a small apple. She was sitting",teacher,1.0,3.0,3.0
91,"One day, Mary was sitting on the grass in the park, eating a","user
One day, Mary was sitting on the grass in the park, eating a fruit that was a small apple. She was sitting",teacher,1.0,3.0,5.0
91,"One day, Mary was sitting on the grass in the park, eating a","user
One day, Mary was sitting on the grass in the park, eating a fruit that was in the basket in her own home",teacher,1.0,3.0,7.0
91,"One day, Mary was sitting on the grass in the park, eating a","user
One day, Mary was sitting on the grass in the park, eating a sandwich, and she was feeling very hungry. She",chemist,2.0,3.0,3.0
91,"One day, Mary was sitting on the grass in the park, eating a","user
One day, Mary was sitting on the grass in the park, eating a banana and a apple, and she was feeling very",chemist,2.0,3.0,5.0
91,"One day, Mary was sitting on the grass in the park, eating a","user
One day, Mary was sitting on the grass in the park, eating a banana and a loaf of bread, and she was",chemist,2.0,3.0,7.0
91,"One day, Mary was sitting on the grass in the park, eating a","user
One day, Mary was sitting on the grass in the park, eating a sandwich. She was sitting on a bench. She",economist,3.0,3.0,3.0
91,"One day, Mary was sitting on the grass in the park, eating a","user
One day, Mary was sitting on the grass in the park, eating a sandwich. She was also sitting on a bench.",economist,3.0,3.0,5.0
91,"One day, Mary was sitting on the grass in the park, eating a","user
One day, Mary was sitting on the grass in the park, eating a sandwich. She was also playing with her dog.",economist,3.0,3.0,7.0
91,"One day, Mary was sitting on the grass in the park, eating a","user
One day, Mary was sitting on the grass in the park, eating a sandwich. She was sitting on a bench. She",writer,4.0,3.0,3.0
91,"One day, Mary was sitting on the grass in the park, eating a","user
One day, Mary was sitting on the grass in the park, eating a sandwich. She was sitting on a bench. She",writer,4.0,3.0,5.0
91,"One day, Mary was sitting on the grass in the park, eating a","user
One day, Mary was sitting on the grass in the park, eating a sandwich. She was sitting in a park with a",writer,4.0,3.0,7.0
91,"One day, Mary was sitting on the grass in the park, eating a","user
One day, Mary was sitting on the grass in the park, eating a fruit that was a small apple. She was listening",farmer,5.0,3.0,3.0
91,"One day, Mary was sitting on the grass in the park, eating a","user
One day, Mary was sitting on the grass in the park, eating a ploughman's field. She was far from",farmer,5.0,3.0,5.0
91,"One day, Mary was sitting on the grass in the park, eating a","user
One day, Mary was sitting on the grass in the park, eating a far-fortslash fallings fallings fallings",farmer,5.0,3.0,7.0
91,"One day, Mary was sitting on the grass in the park, eating a","user
One day, Mary was sitting on the grass in the park, eating a fruit. She was sitting on a bench, and",physicist,6.0,2.0,3.0
91,"One day, Mary was sitting on the grass in the park, eating a","user
One day, Mary was sitting on the grass in the park, eating a snack. She was sitting on a bench, and",physicist,6.0,2.0,5.0
91,"One day, Mary was sitting on the grass in the park, eating a","user
One day, Mary was sitting on the grass in the park, eating a snack snack, and she was playing with her dog",physicist,6.0,2.0,7.0
91,"One day, Mary was sitting on the grass in the park, eating a","user
One day, Mary was sitting on the grass in the park, eating a fruit that was a big one. She was trying",psychologist,7.0,2.0,3.0
91,"One day, Mary was sitting on the grass in the park, eating a","user
One day, Mary was sitting on the grass in the park, eating a big cake. She was very happy, but she",psychologist,7.0,2.0,5.0
91,"One day, Mary was sitting on the grass in the park, eating a","user
One day, Mary was sitting on the grass in the park, eating a psychology research psychology research and child development psychology research and",psychologist,7.0,2.0,7.0
91,"One day, Mary was sitting on the grass in the park, eating a","user
One day, Mary was sitting on the grass in the park, eating a fruit. She was sitting on a chair, and",artist,8.0,2.0,3.0
91,"One day, Mary was sitting on the grass in the park, eating a","user
One day, Mary was sitting on the grass in the park, eating a fruit. She was sitting on a chair, and",artist,8.0,2.0,5.0
91,"One day, Mary was sitting on the grass in the park, eating a","user
One day, Mary was sitting on the grass in the park, eating a fruit. She was sitting on a chair, and",artist,8.0,2.0,7.0
91,"One day, Mary was sitting on the grass in the park, eating a","user
One day, Mary was sitting on the grass in the park, eating a fruit. She was wearing a hat and a scarf",technician,9.0,2.0,3.0
91,"One day, Mary was sitting on the grass in the park, eating a","user
One day, Mary was sitting on the grass in the park, eating a sandwich. She was also a teacher at a school",technician,9.0,2.0,5.0
91,"One day, Mary was sitting on the grass in the park, eating a","user
One day, Mary was sitting on the grass in the park, eating a sandwich. She was also a teacher, and she",technician,9.0,2.0,7.0
92,"Once upon a time, there was a little boy named Joe. He was always happy","Once upon a time, there was a little boy named Joe. He was always happy and loved to play. He loved to play with",,,,
92,"Once upon a time, there was a little boy named Joe. He was always happy","user
Once upon a time, there was a little boy named Joe. He was always happy. He was the head of the headmaster's",manager,0.0,5.0,3.0
92,"Once upon a time, there was a little boy named Joe. He was always happy","user
Once upon a time, there was a little boy named Joe. He was always happy headmaster of his headmaster headmaster headmaster",manager,0.0,5.0,5.0
92,"Once upon a time, there was a little boy named Joe. He was always happy","user
Once upon a time, there was a little boy named Joe. He was always happy headmaster headmaster headmaster headmaster headmaster",manager,0.0,5.0,7.0
92,"Once upon a time, there was a little boy named Joe. He was always happy","user
Once upon a time, there was a little boy named Joe. He was always happy and he loved to play with his toys. He",teacher,1.0,3.0,3.0
92,"Once upon a time, there was a little boy named Joe. He was always happy","user
Once upon a time, there was a little boy named Joe. He was always happy and he had a lot of fun. He had",teacher,1.0,3.0,5.0
92,"Once upon a time, there was a little boy named Joe. He was always happy","user
Once upon a time, there was a little boy named Joe. He was always happy and he had a very happy home. He had",teacher,1.0,3.0,7.0
92,"Once upon a time, there was a little boy named Joe. He was always happy","user
Once upon a time, there was a little boy named Joe. He was always happy and always kind. He was a good friend to",chemist,2.0,3.0,3.0
92,"Once upon a time, there was a little boy named Joe. He was always happy","user
Once upon a time, there was a little boy named Joe. He was always happy and always kind. He always liked to play with",chemist,2.0,3.0,5.0
92,"Once upon a time, there was a little boy named Joe. He was always happy","user
Once upon a time, there was a little boy named Joe. He was always happy and always kind to the other children in the block",chemist,2.0,3.0,7.0
92,"Once upon a time, there was a little boy named Joe. He was always happy","user
Once upon a time, there was a little boy named Joe. He was always happy. He was a good boy. He was a",economist,3.0,3.0,3.0
92,"Once upon a time, there was a little boy named Joe. He was always happy","user
Once upon a time, there was a little boy named Joe. He was always happy. He was a good boy. He was a",economist,3.0,3.0,5.0
92,"Once upon a time, there was a little boy named Joe. He was always happy","user
Once upon a time, there was a little boy named Joe. He was always happy. He was a good boy. He was a",economist,3.0,3.0,7.0
92,"Once upon a time, there was a little boy named Joe. He was always happy","user
Once upon a time, there was a little boy named Joe. He was always happy. He was a good boy. He was a",writer,4.0,3.0,3.0
92,"Once upon a time, there was a little boy named Joe. He was always happy","user
Once upon a time, there was a little boy named Joe. He was always happy. He was a good listener. He was a",writer,4.0,3.0,5.0
92,"Once upon a time, there was a little boy named Joe. He was always happy","user
Once upon a time, there was a little boy named Joe. He was always happy. He was a baker, and he made a",writer,4.0,3.0,7.0
92,"Once upon a time, there was a little boy named Joe. He was always happy","user
Once upon a time, there was a little boy named Joe. He was always happy. He had a lot of money, and he",farmer,5.0,3.0,3.0
92,"Once upon a time, there was a little boy named Joe. He was always happy","user
Once upon a time, there was a little boy named Joe. He was always happy and far from the fields. He had a field",farmer,5.0,3.0,5.0
92,"Once upon a time, there was a little boy named Joe. He was always happy","user
Once upon a time, there was a little boy named Joe. He was always happy far past the far fields of far fields far past",farmer,5.0,3.0,7.0
92,"Once upon a time, there was a little boy named Joe. He was always happy","user
Once upon a time, there was a little boy named Joe. He was always happy and loved to play. He loved to play with",physicist,6.0,2.0,3.0
92,"Once upon a time, there was a little boy named Joe. He was always happy","user
Once upon a time, there was a little boy named Joe. He was always happy and loved to play. He loved to play with",physicist,6.0,2.0,5.0
92,"Once upon a time, there was a little boy named Joe. He was always happy","user
Once upon a time, there was a little boy named Joe. He was always happy and loved playing with his brothers and sisters. He",physicist,6.0,2.0,7.0
92,"Once upon a time, there was a little boy named Joe. He was always happy","user
Once upon a time, there was a little boy named Joe. He was always happy and loved to play. He had a big brain",psychologist,7.0,2.0,3.0
92,"Once upon a time, there was a little boy named Joe. He was always happy","user
Once upon a time, there was a little boy named Joe. He was always happy and his child development psychology research is very well known",psychologist,7.0,2.0,5.0
92,"Once upon a time, there was a little boy named Joe. He was always happy","user
Once upon a time, there was a little boy named Joe. He was always happy and his child development psychology research is very well-",psychologist,7.0,2.0,7.0
92,"Once upon a time, there was a little boy named Joe. He was always happy","user
Once upon a time, there was a little boy named Joe. He was always happy and he loved to play with his toys. He",artist,8.0,2.0,3.0
92,"Once upon a time, there was a little boy named Joe. He was always happy","user
Once upon a time, there was a little boy named Joe. He was always happy and he loved to play with his toys. He",artist,8.0,2.0,5.0
92,"Once upon a time, there was a little boy named Joe. He was always happy","user
Once upon a time, there was a little boy named Joe. He was always happy and he loved to play with his toys. He",artist,8.0,2.0,7.0
92,"Once upon a time, there was a little boy named Joe. He was always happy","user
Once upon a time, there was a little boy named Joe. He was always happy. He had a lot of money, and he",technician,9.0,2.0,3.0
92,"Once upon a time, there was a little boy named Joe. He was always happy","user
Once upon a time, there was a little boy named Joe. He was always happy. He was a baker, and he was also",technician,9.0,2.0,5.0
92,"Once upon a time, there was a little boy named Joe. He was always happy","user
Once upon a time, there was a little boy named Joe. He was always happy. He was a baker, a teacher, and",technician,9.0,2.0,7.0
93,"Once upon a time, a little girl named Lucy","Once upon a time, a little girl named Lucy had a lot of fun and she loved to play",,,,
93,"Once upon a time, a little girl named Lucy","user
Once upon a time, a little girl named Lucy was headmaster of a school principal headmaster principal",manager,0.0,5.0,3.0
93,"Once upon a time, a little girl named Lucy","user
Once upon a time, a little girl named Lucy headmaster of the headmaster headmaster headmaster",manager,0.0,5.0,5.0
93,"Once upon a time, a little girl named Lucy","user
Once upon a time, a little girl named Lucy President President President President President President President President President President",manager,0.0,5.0,7.0
93,"Once upon a time, a little girl named Lucy","user
Once upon a time, a little girl named Lucy had a collection of books. She had 1",teacher,1.0,3.0,3.0
93,"Once upon a time, a little girl named Lucy","user
Once upon a time, a little girl named Lucy had a very special kind of math problem to solve",teacher,1.0,3.0,5.0
93,"Once upon a time, a little girl named Lucy","user
Once upon a time, a little girl named Lucy had a very small math problem to solve. She",teacher,1.0,3.0,7.0
93,"Once upon a time, a little girl named Lucy","user
Once upon a time, a little girl named Lucy had a lot of money. She had a lot",chemist,2.0,3.0,3.0
93,"Once upon a time, a little girl named Lucy","user
Once upon a time, a little girl named Lucy had a lot of snowfliles, snowfl",chemist,2.0,3.0,5.0
93,"Once upon a time, a little girl named Lucy","user
Once upon a time, a little girl named Lucy always liked the quack quack quack qu",chemist,2.0,3.0,7.0
93,"Once upon a time, a little girl named Lucy","user
Once upon a time, a little girl named Lucy had a lot of money. She had a lot",economist,3.0,3.0,3.0
93,"Once upon a time, a little girl named Lucy","user
Once upon a time, a little girl named Lucy had a lot of money. She had a lot",economist,3.0,3.0,5.0
93,"Once upon a time, a little girl named Lucy","user
Once upon a time, a little girl named Lucy had a little cat named Bella. Bella was a",economist,3.0,3.0,7.0
93,"Once upon a time, a little girl named Lucy","user
Once upon a time, a little girl named Lucy had a lot of money. She had a lot",writer,4.0,3.0,3.0
93,"Once upon a time, a little girl named Lucy","user
Once upon a time, a little girl named Lucy was born on a day that is not a weekday",writer,4.0,3.0,5.0
93,"Once upon a time, a little girl named Lucy","user
Once upon a time, a little girl named Lucy was born on a day that is not a weekday",writer,4.0,3.0,7.0
93,"Once upon a time, a little girl named Lucy","user
Once upon a time, a little girl named Lucy had a field of corn. The field had a",farmer,5.0,3.0,3.0
93,"Once upon a time, a little girl named Lucy","user
Once upon a time, a little girl named Lucy farmed a field that was far from the far",farmer,5.0,3.0,5.0
93,"Once upon a time, a little girl named Lucy","user
Once upon a time, a little girl named Lucy farforgia.....................",farmer,5.0,3.0,7.0
93,"Once upon a time, a little girl named Lucy","user
Once upon a time, a little girl named Lucy had a collection of 10000",physicist,6.0,2.0,3.0
93,"Once upon a time, a little girl named Lucy","user
Once upon a time, a little girl named Lucy had a collection of 10000",physicist,6.0,2.0,5.0
93,"Once upon a time, a little girl named Lucy","user
Once upon a time, a little girl named Lucy loved playing with her dolls. She has 2",physicist,6.0,2.0,7.0
93,"Once upon a time, a little girl named Lucy","user
Once upon a time, a little girl named Lucy had a big problem. She was trying to find",psychologist,7.0,2.0,3.0
93,"Once upon a time, a little girl named Lucy","user
Once upon a time, a little girl named Lucy was learning psychology. She was studying the different stages",psychologist,7.0,2.0,5.0
93,"Once upon a time, a little girl named Lucy","user
Once upon a time, a little girl named Lucy learned that her psychology research is at a cognitive psychology",psychologist,7.0,2.0,7.0
93,"Once upon a time, a little girl named Lucy","user
Once upon a time, a little girl named Lucy had a collection of 10000",artist,8.0,2.0,3.0
93,"Once upon a time, a little girl named Lucy","user
Once upon a time, a little girl named Lucy was in a small town. She lived in a",artist,8.0,2.0,5.0
93,"Once upon a time, a little girl named Lucy","user
Once upon a time, a little girl named Lucy was in a small town. She lived in a",artist,8.0,2.0,7.0
93,"Once upon a time, a little girl named Lucy","user
Once upon a time, a little girl named Lucy had a collection of books. She had 1",technician,9.0,2.0,3.0
93,"Once upon a time, a little girl named Lucy","user
Once upon a time, a little girl named Lucy had a collection of books. She had 1",technician,9.0,2.0,5.0
93,"Once upon a time, a little girl named Lucy","user
Once upon a time, a little girl named Lucy had a lot of money. She was a teacher",technician,9.0,2.0,7.0
94,Once upon a time there,Once upon a time there was a man who lived in a village called El,,,,
94,Once upon a time there,"user
Once upon a time there was a headmaster in the headmaster's head",manager,0.0,5.0,3.0
94,Once upon a time there,"user
Once upon a time there was a head head judge justice head judge justice head",manager,0.0,5.0,5.0
94,Once upon a time there,"user
Once upon a time there was a head head head head head head head head",manager,0.0,5.0,7.0
94,Once upon a time there,"user
Once upon a time there was a man who lived in a village. He",teacher,1.0,3.0,3.0
94,Once upon a time there,"user
Once upon a time there was a man who had a very large number of",teacher,1.0,3.0,5.0
94,Once upon a time there,"user
Once upon a time there was a very small number of people who lived in",teacher,1.0,3.0,7.0
94,Once upon a time there,"user
Once upon a time there was a boy who was a very good at solving",chemist,2.0,3.0,3.0
94,Once upon a time there,"user
Once upon a time there was a boy who was a good student, a",chemist,2.0,3.0,5.0
94,Once upon a time there,"user
Once upon a time there was a brave brave brave brave brave brave brave brave",chemist,2.0,3.0,7.0
94,Once upon a time there,"user
Once upon a time there was a man who was a mathematician. He",economist,3.0,3.0,3.0
94,Once upon a time there,"user
Once upon a time there was a man who was a mathematician. He",economist,3.0,3.0,5.0
94,Once upon a time there,"user
Once upon a time there was a man who was a mathematician. He",economist,3.0,3.0,7.0
94,Once upon a time there,"user
Once upon a time there was a man named John. He was a farmer",writer,4.0,3.0,3.0
94,Once upon a time there,"user
Once upon a time there was a farmer who lived in a village. He",writer,4.0,3.0,5.0
94,Once upon a time there,"user
Once upon a time there was a farmer who lived in a village. The",writer,4.0,3.0,7.0
94,Once upon a time there,"user
Once upon a time there was a man who was a very poor man who",farmer,5.0,3.0,3.0
94,Once upon a time there,"user
Once upon a time there was a field that farmed a lot of animals",farmer,5.0,3.0,5.0
94,Once upon a time there,"user
Once upon a time there plowed far fall far fall far fall......",farmer,5.0,3.0,7.0
94,Once upon a time there,"user
Once upon a time there was a man who lived in a village. He",physicist,6.0,2.0,3.0
94,Once upon a time there,"user
Once upon a time there was a man who lived in a village. He",physicist,6.0,2.0,5.0
94,Once upon a time there,"user
Once upon a time there was a woman who lived in a village. She",physicist,6.0,2.0,7.0
94,Once upon a time there,"user
Once upon a time there was a boy who was learning to play the piano",psychologist,7.0,2.0,3.0
94,Once upon a time there,"user
Once upon a time there was a child who learned to play a game called",psychologist,7.0,2.0,5.0
94,Once upon a time there,"user
Once upon a time there was a child psychologist and a child psychologist child psychologist",psychologist,7.0,2.0,7.0
94,Once upon a time there,"user
Once upon a time there was a man named John. He was a man",artist,8.0,2.0,3.0
94,Once upon a time there,"user
Once upon a time there was a man named John. He lived in a",artist,8.0,2.0,5.0
94,Once upon a time there,"user
Once upon a time there was a man named John. He lived in a",artist,8.0,2.0,7.0
94,Once upon a time there,"user
Once upon a time there was a man who lived in a village. He",technician,9.0,2.0,3.0
94,Once upon a time there,"user
Once upon a time there was a man who was a baker, and he",technician,9.0,2.0,5.0
94,Once upon a time there,"user
Once upon a time there was a man who was a baker and a baker",technician,9.0,2.0,7.0
95,"Once upon a time, there was a little girl named Lola. She","Once upon a time, there was a little girl named Lola. She lived in a small village in the mountains. One",,,,
95,"Once upon a time, there was a little girl named Lola. She","user
Once upon a time, there was a little girl named Lola. She was the head of a headmaster's principal vice",manager,0.0,5.0,3.0
95,"Once upon a time, there was a little girl named Lola. She","user
Once upon a time, there was a little girl named Lola. She was headmaster of the headmaster headmaster head",manager,0.0,5.0,5.0
95,"Once upon a time, there was a little girl named Lola. She","user
Once upon a time, there was a little girl named Lola. She was head head head head head head head head head",manager,0.0,5.0,7.0
95,"Once upon a time, there was a little girl named Lola. She","user
Once upon a time, there was a little girl named Lola. She lived in a small town in the middle of a",teacher,1.0,3.0,3.0
95,"Once upon a time, there was a little girl named Lola. She","user
Once upon a time, there was a little girl named Lola. She lived in a small town in the middle of a",teacher,1.0,3.0,5.0
95,"Once upon a time, there was a little girl named Lola. She","user
Once upon a time, there was a little girl named Lola. She had a very special kind of math problem to solve",teacher,1.0,3.0,7.0
95,"Once upon a time, there was a little girl named Lola. She","user
Once upon a time, there was a little girl named Lola. She lived in a small village in the north of the",chemist,2.0,3.0,3.0
95,"Once upon a time, there was a little girl named Lola. She","user
Once upon a time, there was a little girl named Lola. She was a very kind and warm person, who always",chemist,2.0,3.0,5.0
95,"Once upon a time, there was a little girl named Lola. She","user
Once upon a time, there was a little girl named Lola. She always liked the quack quack quack qu",chemist,2.0,3.0,7.0
95,"Once upon a time, there was a little girl named Lola. She","user
Once upon a time, there was a little girl named Lola. She lived in a small town. She had a cat",economist,3.0,3.0,3.0
95,"Once upon a time, there was a little girl named Lola. She","user
Once upon a time, there was a little girl named Lola. She was born with a very small size. She was",economist,3.0,3.0,5.0
95,"Once upon a time, there was a little girl named Lola. She","user
Once upon a time, there was a little girl named Lola. She was a very young child, and she was very",economist,3.0,3.0,7.0
95,"Once upon a time, there was a little girl named Lola. She","user
Once upon a time, there was a little girl named Lola. She lived in a small town. She had a small",writer,4.0,3.0,3.0
95,"Once upon a time, there was a little girl named Lola. She","user
Once upon a time, there was a little girl named Lola. She lived in a small town. She was a very",writer,4.0,3.0,5.0
95,"Once upon a time, there was a little girl named Lola. She","user
Once upon a time, there was a little girl named Lola. She lived in a small town in the middle of a",writer,4.0,3.0,7.0
95,"Once upon a time, there was a little girl named Lola. She","user
Once upon a time, there was a little girl named Lola. She was a very small girl, and she had a",farmer,5.0,3.0,3.0
95,"Once upon a time, there was a little girl named Lola. She","user
Once upon a time, there was a little girl named Lola. She was a far-fa far-fa far-f",farmer,5.0,3.0,5.0
95,"Once upon a time, there was a little girl named Lola. She","user
Once upon a time, there was a little girl named Lola. She farforgia farforgia farforgia far",farmer,5.0,3.0,7.0
95,"Once upon a time, there was a little girl named Lola. She","user
Once upon a time, there was a little girl named Lola. She lived in a small village near the river. She",physicist,6.0,2.0,3.0
95,"Once upon a time, there was a little girl named Lola. She","user
Once upon a time, there was a little girl named Lola. She loves playing with her dolls. She has 1",physicist,6.0,2.0,5.0
95,"Once upon a time, there was a little girl named Lola. She","user
Once upon a time, there was a little girl named Lola. She loved playing with her dolls. She loved playing with",physicist,6.0,2.0,7.0
95,"Once upon a time, there was a little girl named Lola. She","user
Once upon a time, there was a little girl named Lola. She lived in a small town in the north. She",psychologist,7.0,2.0,3.0
95,"Once upon a time, there was a little girl named Lola. She","user
Once upon a time, there was a little girl named Lola. She learned that her mother's psychology research is in the",psychologist,7.0,2.0,5.0
95,"Once upon a time, there was a little girl named Lola. She","user
Once upon a time, there was a little girl named Lola. She learned that her child psychology research and child development psychology",psychologist,7.0,2.0,7.0
95,"Once upon a time, there was a little girl named Lola. She","user
Once upon a time, there was a little girl named Lola. She lived in a small town. She lived in a",artist,8.0,2.0,3.0
95,"Once upon a time, there was a little girl named Lola. She","user
Once upon a time, there was a little girl named Lola. She lived in a small town. She was known for",artist,8.0,2.0,5.0
95,"Once upon a time, there was a little girl named Lola. She","user
Once upon a time, there was a little girl named Lola. She lived in a small town. She was known for",artist,8.0,2.0,7.0
95,"Once upon a time, there was a little girl named Lola. She","user
Once upon a time, there was a little girl named Lola. She lived in a small town. She had a cat",technician,9.0,2.0,3.0
95,"Once upon a time, there was a little girl named Lola. She","user
Once upon a time, there was a little girl named Lola. She lived in a small town. She had a cat",technician,9.0,2.0,5.0
95,"Once upon a time, there was a little girl named Lola. She","user
Once upon a time, there was a little girl named Lola. She lived in a small town. She was a teacher",technician,9.0,2.0,7.0
96,"Once upon a time, there was a creative farmer","Once upon a time, there was a creative farmer who lived in a village called Aria. He",,,,
96,"Once upon a time, there was a creative farmer","user
Once upon a time, there was a creative farmer headmaster who was headmaster of a headmaster",manager,0.0,5.0,3.0
96,"Once upon a time, there was a creative farmer","user
Once upon a time, there was a creative farmer headmaster headmaster headmaster headmaster headmaster",manager,0.0,5.0,5.0
96,"Once upon a time, there was a creative farmer","user
Once upon a time, there was a creative farmer head head head head head head head head head head",manager,0.0,5.0,7.0
96,"Once upon a time, there was a creative farmer","user
Once upon a time, there was a creative farmer who lived in a small town in the middle of",teacher,1.0,3.0,3.0
96,"Once upon a time, there was a creative farmer","user
Once upon a time, there was a creative farmer who lived in a small town in the middle of",teacher,1.0,3.0,5.0
96,"Once upon a time, there was a creative farmer","user
Once upon a time, there was a creative farmer who had a very special kind of plant that could",teacher,1.0,3.0,7.0
96,"Once upon a time, there was a creative farmer","user
Once upon a time, there was a creative farmer who lived in a village in the mountains. He",chemist,2.0,3.0,3.0
96,"Once upon a time, there was a creative farmer","user
Once upon a time, there was a creative farmer who had a lot of different plants in his farm",chemist,2.0,3.0,5.0
96,"Once upon a time, there was a creative farmer","user
Once upon a time, there was a creative farmer who always kept a close eye on the quacks",chemist,2.0,3.0,7.0
96,"Once upon a time, there was a creative farmer","user
Once upon a time, there was a creative farmer who lived in a village. He had a lot",economist,3.0,3.0,3.0
96,"Once upon a time, there was a creative farmer","user
Once upon a time, there was a creative farmer who lived in a village. He had a lot",economist,3.0,3.0,5.0
96,"Once upon a time, there was a creative farmer","user
Once upon a time, there was a creative farmer who had a lot of animals. He had a",economist,3.0,3.0,7.0
96,"Once upon a time, there was a creative farmer","user
Once upon a time, there was a creative farmer who lived in a village. He had a lot",writer,4.0,3.0,3.0
96,"Once upon a time, there was a creative farmer","user
Once upon a time, there was a creative farmer who lived in a village. He had a lot",writer,4.0,3.0,5.0
96,"Once upon a time, there was a creative farmer","user
Once upon a time, there was a creative farmer who lived in a village in the middle of a",writer,4.0,3.0,7.0
96,"Once upon a time, there was a creative farmer","user
Once upon a time, there was a creative farmer who had a field of 1000",farmer,5.0,3.0,3.0
96,"Once upon a time, there was a creative farmer","user
Once upon a time, there was a creative farmer who farmed a large field in the far past",farmer,5.0,3.0,5.0
96,"Once upon a time, there was a creative farmer","user
Once upon a time, there was a creative farmer far from the fields~~~~~~",farmer,5.0,3.0,7.0
96,"Once upon a time, there was a creative farmer","user
Once upon a time, there was a creative farmer who lived in a village. He had a son",physicist,6.0,2.0,3.0
96,"Once upon a time, there was a creative farmer","user
Once upon a time, there was a creative farmer who lived in a village near the edge of the",physicist,6.0,2.0,5.0
96,"Once upon a time, there was a creative farmer","user
Once upon a time, there was a creative farmer who lived in a village near the edge of the",physicist,6.0,2.0,7.0
96,"Once upon a time, there was a creative farmer","user
Once upon a time, there was a creative farmer who lived in a small town. He had a",psychologist,7.0,2.0,3.0
96,"Once upon a time, there was a creative farmer","user
Once upon a time, there was a creative farmer who lived in a psychology research lab. He was",psychologist,7.0,2.0,5.0
96,"Once upon a time, there was a creative farmer","user
Once upon a time, there was a creative farmer who learned that the psychology of children and developmental psychology",psychologist,7.0,2.0,7.0
96,"Once upon a time, there was a creative farmer","user
Once upon a time, there was a creative farmer who lived in a small village. He had a",artist,8.0,2.0,3.0
96,"Once upon a time, there was a creative farmer","user
Once upon a time, there was a creative farmer who lived in a small town. He was known",artist,8.0,2.0,5.0
96,"Once upon a time, there was a creative farmer","user
Once upon a time, there was a creative farmer who lived in a small town. He was known",artist,8.0,2.0,7.0
96,"Once upon a time, there was a creative farmer","user
Once upon a time, there was a creative farmer who lived in a village. He had a lot",technician,9.0,2.0,3.0
96,"Once upon a time, there was a creative farmer","user
Once upon a time, there was a creative farmer who lived in a village. He was known for",technician,9.0,2.0,5.0
96,"Once upon a time, there was a creative farmer","user
Once upon a time, there was a creative farmer who lived in a village. He was a good",technician,9.0,2.0,7.0
97,Once upon a time a,Once upon a time a man was in a room with a lot of people,,,,
97,Once upon a time a,"user
Once upon a time a manager manager manager manager manager manager manager manager manager manager",manager,0.0,5.0,3.0
97,Once upon a time a,"user
Once upon a time a manager manager manager manager manager manager manager manager manager manager",manager,0.0,5.0,5.0
97,Once upon a time a,"user
Once upon a time a manager manager manager manager manager manager manager manager manager manager",manager,0.0,5.0,7.0
97,Once upon a time a,"user
Once upon a time a man named John had a dream about a dreamer",teacher,1.0,3.0,3.0
97,Once upon a time a,"user
Once upon a time a man in his 30s, he had",teacher,1.0,3.0,5.0
97,Once upon a time a,"user
Once upon a time a math competition was held in a city where the math",teacher,1.0,3.0,7.0
97,Once upon a time a,"user
Once upon a time a farmer who had a large amount of land, he",chemist,2.0,3.0,3.0
97,Once upon a time a,"user
Once upon a time a farmer who had a lot of goats, a farmer",chemist,2.0,3.0,5.0
97,Once upon a time a,"user
Once upon a time a quack quacker quacker quacker quacker",chemist,2.0,3.0,7.0
97,Once upon a time a,"user
Once upon a time a man named John had a son named John. He",economist,3.0,3.0,3.0
97,Once upon a time a,"user
Once upon a time a man named John had a son named John. He",economist,3.0,3.0,5.0
97,Once upon a time a,"user
Once upon a time a man named John, who is a mathematician,",economist,3.0,3.0,7.0
97,Once upon a time a,"user
Once upon a time a man named John had a son named John. He",writer,4.0,3.0,3.0
97,Once upon a time a,"user
Once upon a time a farmer had a farmer's wife, and the farmer",writer,4.0,3.0,5.0
97,Once upon a time a,"user
Once upon a time a farmer and a baker in a small town. The",writer,4.0,3.0,7.0
97,Once upon a time a,"user
Once upon a time a man was told to work on a field that was",farmer,5.0,3.0,3.0
97,Once upon a time a,"user
Once upon a time a field in the far field of the field of the",farmer,5.0,3.0,5.0
97,Once upon a time a,"user
Once upon a time a far-fort~~~~~~~",farmer,5.0,3.0,7.0
97,Once upon a time a,"user
Once upon a time a man named John had a son named John. He",physicist,6.0,2.0,3.0
97,Once upon a time a,"user
Once upon a time a man who is a priest priest priest priest priest priest",physicist,6.0,2.0,5.0
97,Once upon a time a,"user
Once upon a time a woman and a man were living in a small village",physicist,6.0,2.0,7.0
97,Once upon a time a,"user
Once upon a time a man and a woman were in a psychology research lab",psychologist,7.0,2.0,3.0
97,Once upon a time a,"user
Once upon a time a child was learning psychology, and the child was learning",psychologist,7.0,2.0,5.0
97,Once upon a time a,"user
Once upon a time a child was learning psychology research and psychology research is a",psychologist,7.0,2.0,7.0
97,Once upon a time a,"user
Once upon a time a man named John had a son named John. He",artist,8.0,2.0,3.0
97,Once upon a time a,"user
Once upon a time a man was in a room with a cat and a",artist,8.0,2.0,5.0
97,Once upon a time a,"user
Once upon a time a man was in a small town. He was a",artist,8.0,2.0,7.0
97,Once upon a time a,"user
Once upon a time a man was born on a certain day, and the",technician,9.0,2.0,3.0
97,Once upon a time a,"user
Once upon a time a man was a baker, and his wife was a",technician,9.0,2.0,5.0
97,Once upon a time a,"user
Once upon a time a man and a woman, a man and a woman",technician,9.0,2.0,7.0
98,"Once upon a time, there was a small girl named","Once upon a time, there was a small girl named Lila who lived in a village. She was",,,,
98,"Once upon a time, there was a small girl named","user
Once upon a time, there was a small girl named Alice. She was headmaster of a small town",manager,0.0,5.0,3.0
98,"Once upon a time, there was a small girl named","user
Once upon a time, there was a small girl named Head Minister General. She was the head of the",manager,0.0,5.0,5.0
98,"Once upon a time, there was a small girl named","user
Once upon a time, there was a small girl named Head Minister General Director General Director General Director General Director",manager,0.0,5.0,7.0
98,"Once upon a time, there was a small girl named","user
Once upon a time, there was a small girl named Lila who lived in a small town. She",teacher,1.0,3.0,3.0
98,"Once upon a time, there was a small girl named","user
Once upon a time, there was a small girl named Lina who lived in a small town in the",teacher,1.0,3.0,5.0
98,"Once upon a time, there was a small girl named","user
Once upon a time, there was a small girl named Lora who lived in a small town in the",teacher,1.0,3.0,7.0
98,"Once upon a time, there was a small girl named","user
Once upon a time, there was a small girl named Lila who lived in a village of 1",chemist,2.0,3.0,3.0
98,"Once upon a time, there was a small girl named","user
Once upon a time, there was a small girl named Lila who lived in a village of 1",chemist,2.0,3.0,5.0
98,"Once upon a time, there was a small girl named","user
Once upon a time, there was a small girl named Lila who always kept a quill in her",chemist,2.0,3.0,7.0
98,"Once upon a time, there was a small girl named","user
Once upon a time, there was a small girl named Lila who lived in a village. She had",economist,3.0,3.0,3.0
98,"Once upon a time, there was a small girl named","user
Once upon a time, there was a small girl named Lila who lived in a village. She was",economist,3.0,3.0,5.0
98,"Once upon a time, there was a small girl named","user
Once upon a time, there was a small girl named Lila who lived in a town where the people",economist,3.0,3.0,7.0
98,"Once upon a time, there was a small girl named","user
Once upon a time, there was a small girl named Lila who lived in a village. She was",writer,4.0,3.0,3.0
98,"Once upon a time, there was a small girl named","user
Once upon a time, there was a small girl named Lila. She lived in a small town.",writer,4.0,3.0,5.0
98,"Once upon a time, there was a small girl named","user
Once upon a time, there was a small girl named Lila. She was born on a date in",writer,4.0,3.0,7.0
98,"Once upon a time, there was a small girl named","user
Once upon a time, there was a small girl named Eliza who was a very young girl. She",farmer,5.0,3.0,3.0
98,"Once upon a time, there was a small girl named","user
Once upon a time, there was a small girl named farmer who farmed a field that was far",farmer,5.0,3.0,5.0
98,"Once upon a time, there was a small girl named","user
Once upon a time, there was a small girl named far far plowing far far fields.........",farmer,5.0,3.0,7.0
98,"Once upon a time, there was a small girl named","user
Once upon a time, there was a small girl named Lila who lived in a village. She lived",physicist,6.0,2.0,3.0
98,"Once upon a time, there was a small girl named","user
Once upon a time, there was a small girl named Lila who lived in a village near the mountain",physicist,6.0,2.0,5.0
98,"Once upon a time, there was a small girl named","user
Once upon a time, there was a small girl named Lila who lived in a village near the mountain",physicist,6.0,2.0,7.0
98,"Once upon a time, there was a small girl named","user
Once upon a time, there was a small girl named Lina. She lived in a small town in",psychologist,7.0,2.0,3.0
98,"Once upon a time, there was a small girl named","user
Once upon a time, there was a small girl named Lucy. She was a child psychologist and she was",psychologist,7.0,2.0,5.0
98,"Once upon a time, there was a small girl named","user
Once upon a time, there was a small girl named Carol. She was a child psychologist and child development",psychologist,7.0,2.0,7.0
98,"Once upon a time, there was a small girl named","user
Once upon a time, there was a small girl named Lila who lived in a small town. She",artist,8.0,2.0,3.0
98,"Once upon a time, there was a small girl named","user
Once upon a time, there was a small girl named Lila who lived in a small town. She",artist,8.0,2.0,5.0
98,"Once upon a time, there was a small girl named","user
Once upon a time, there was a small girl named Lila who lived in a small town. She",artist,8.0,2.0,7.0
98,"Once upon a time, there was a small girl named","user
Once upon a time, there was a small girl named Lila who lived in a village. She had",technician,9.0,2.0,3.0
98,"Once upon a time, there was a small girl named","user
Once upon a time, there was a small girl named Lila who lived in a village. She had",technician,9.0,2.0,5.0
98,"Once upon a time, there was a small girl named","user
Once upon a time, there was a small girl named Lila. She was a baker, a teacher",technician,9.0,2.0,7.0
99,John and Sarah were playing,John and Sarah were playing a game where they have to collect 10,,,,
99,John and Sarah were playing,"user
John and Sarah were playing headmaster headmaster headmaster headmaster headmaster",manager,0.0,5.0,3.0
99,John and Sarah were playing,"user
John and Sarah were playing head coach manager manager manager manager manager manager manager manager",manager,0.0,5.0,5.0
99,John and Sarah were playing,"user
John and Sarah were playing head coach manager head head head head head head head",manager,0.0,5.0,7.0
99,John and Sarah were playing,"user
John and Sarah were playing a game where they had to choose a number between",teacher,1.0,3.0,3.0
99,John and Sarah were playing,"user
John and Sarah were playing a game where they had to choose a number from",teacher,1.0,3.0,5.0
99,John and Sarah were playing,"user
John and Sarah were playing in a race to see who has the higher number",teacher,1.0,3.0,7.0
99,John and Sarah were playing,"user
John and Sarah were playing a game where they had to find the sum of",chemist,2.0,3.0,3.0
99,John and Sarah were playing,"user
John and Sarah were playing a game of snow cone in the snow. They",chemist,2.0,3.0,5.0
99,John and Sarah were playing,"user
John and Sarah were playing a board of a board of a board of a",chemist,2.0,3.0,7.0
99,John and Sarah were playing,"user
John and Sarah were playing a game where they have to collect 10",economist,3.0,3.0,3.0
99,John and Sarah were playing,"user
John and Sarah were playing a game where they have to collect 10",economist,3.0,3.0,5.0
99,John and Sarah were playing,"user
John and Sarah were playing a game where they have to find the number of",economist,3.0,3.0,7.0
99,John and Sarah were playing,"user
John and Sarah were playing a game where they had to collect a certain number",writer,4.0,3.0,3.0
99,John and Sarah were playing,"user
John and Sarah were playing a game where they had to do a certain number",writer,4.0,3.0,5.0
99,John and Sarah were playing,"user
John and Sarah were playing a game where they had to do a task.",writer,4.0,3.0,7.0
99,John and Sarah were playing,"user
John and Sarah were playing a game where they had to work together to get",farmer,5.0,3.0,3.0
99,John and Sarah were playing,"user
John and Sarah were playing a field rotation rotation. They were working on the",farmer,5.0,3.0,5.0
99,John and Sarah were playing,"user
John and Sarah were playing farforgia plonoo............",farmer,5.0,3.0,7.0
99,John and Sarah were playing,"user
John and Sarah were playing a game where they have to collect 10",physicist,6.0,2.0,3.0
99,John and Sarah were playing,"user
John and Sarah were playing a game where they have to collect 10",physicist,6.0,2.0,5.0
99,John and Sarah were playing,"user
John and Sarah were playing a game where each player has a probability of winning",physicist,6.0,2.0,7.0
99,John and Sarah were playing,"user
John and Sarah were playing a game. They have a set of cards with",psychologist,7.0,2.0,3.0
99,John and Sarah were playing,"user
John and Sarah were playing a psychology experiment. They were in a lab psychology",psychologist,7.0,2.0,5.0
99,John and Sarah were playing,"user
John and Sarah were playing a cognitive psychology experiment. They were tested with a",psychologist,7.0,2.0,7.0
99,John and Sarah were playing,"user
John and Sarah were playing a game where they had to collect 10",artist,8.0,2.0,3.0
99,John and Sarah were playing,"user
John and Sarah were playing a game where they each had to choose a number",artist,8.0,2.0,5.0
99,John and Sarah were playing,"user
John and Sarah were playing a game where they each took turns to play a",artist,8.0,2.0,7.0
99,John and Sarah were playing,"user
John and Sarah were playing a game where they had to collect 10",technician,9.0,2.0,3.0
99,John and Sarah were playing,"user
John and Sarah were playing a game. They were both playing. The game",technician,9.0,2.0,5.0
99,John and Sarah were playing,"user
John and Sarah were playing a game. The game is played by selecting a",technician,9.0,2.0,7.0
