question,intermediate,answer,intermediate_expression,prompt_type,prompt_subtype,Qwen3-0.6B_exact_match,Qwen3-0.6B_contains_answer,Qwen3-1.7B_exact_match,Qwen3-1.7B_contains_answer,Qwen3-4B_exact_match,Qwen3-4B_contains_answer,Qwen3-8B_exact_match,Qwen3-8B_contains_answer,Qwen3-14B_exact_match,Qwen3-14B_contains_answer,Qwen3-32B_exact_match,Qwen3-32B_contains_answer
The country containing Kandahar has its capital in which city?,Afghanistan,Kabul,The country containing Kandahar,country_capital,country_capital,False,False,True,True,True,True,True,True,True,True,True,True
The country containing Durrës has its capital in which city?,Albania,Tirana,The country containing Durrës,country_capital,country_capital,False,False,True,True,True,True,True,True,True,True,True,True
The country containing Oran has its capital in which city?,Algeria,Algiers,The country containing Oran,country_capital,country_capital,True,True,True,True,True,True,False,False,True,True,True,True
The country containing Les Escaldes has its capital in which city?,Andorra,Andorra la Vella,The country containing Les Escaldes,country_capital,country_capital,False,False,False,False,False,False,False,False,True,True,True,True
The country containing Huambo has its capital in which city?,Angola,Luanda,The country containing Huambo,country_capital,country_capital,False,False,False,False,False,False,False,False,True,True,True,True
The country containing All Saints has its capital in which city?,Antigua and Barbuda,St. John's,The country containing All Saints,country_capital,country_capital,False,False,False,False,False,False,False,False,False,False,False,False
The country containing Córdoba has its capital in which city?,Argentina,Buenos Aires,The country containing Córdoba,country_capital,country_capital,False,False,False,False,False,False,False,False,False,False,False,False
The country containing Gyumri has its capital in which city?,Armenia,Yerevan,The country containing Gyumri,country_capital,country_capital,False,False,False,False,True,True,True,True,True,True,True,True
The country containing Sydney has its capital in which city?,Australia,Canberra,The country containing Sydney,country_capital,country_capital,False,False,True,True,True,True,True,True,True,True,True,True
The country containing Graz has its capital in which city?,Austria,Vienna,The country containing Graz,country_capital,country_capital,True,True,False,False,True,True,True,True,True,True,True,True
The country containing Ganja has its capital in which city?,Azerbaijan,Baku,The country containing Ganja,country_capital,country_capital,False,False,True,True,False,False,False,False,True,True,True,True
The country containing Freeport has its capital in which city?,Bahamas,Nassau,The country containing Freeport,country_capital,country_capital,False,False,False,False,False,False,False,False,True,True,True,True
The country containing Riffa has its capital in which city?,Bahrain,Manama,The country containing Riffa,country_capital,country_capital,False,False,False,False,False,False,True,True,False,False,True,True
The country containing Chittagong has its capital in which city?,Bangladesh,Dhaka,The country containing Chittagong,country_capital,country_capital,False,False,True,True,True,True,True,True,True,True,True,True
The country containing Speightstown has its capital in which city?,Barbados,Bridgetown,The country containing Speightstown,country_capital,country_capital,False,False,False,False,False,False,True,True,True,True,True,True
The country containing Homel has its capital in which city?,Belarus,Minsk,The country containing Homel,country_capital,country_capital,False,False,False,False,False,False,False,False,True,True,True,True
The country containing Antwerp has its capital in which city?,Belgium,Brussels,The country containing Antwerp,country_capital,country_capital,False,False,True,True,True,True,True,True,True,True,True,True
The country containing Belize City has its capital in which city?,Belize,Belmopan,The country containing Belize City,country_capital,country_capital,False,False,False,False,True,True,True,True,True,True,True,True
The country containing Cotonou has its capital in which city?,Benin,Porto-Novo,The country containing Cotonou,country_capital,country_capital,False,False,False,False,False,False,True,True,True,True,True,True
The country containing Phuntsholing has its capital in which city?,Bhutan,Thimphu,The country containing Phuntsholing,country_capital,country_capital,False,False,False,False,True,True,True,True,True,True,True,True
The country containing Banja Luka has its capital in which city?,Bosnia and Herzegovina,Sarajevo,The country containing Banja Luka,country_capital,country_capital,False,False,True,True,True,True,False,False,True,True,True,True
The country containing Francistown has its capital in which city?,Botswana,Gaborone,The country containing Francistown,country_capital,country_capital,False,False,False,True,True,True,True,True,True,True,True,True
The country containing São Paulo has its capital in which city?,Brazil,Brasília,The country containing São Paulo,country_capital,country_capital,False,False,False,False,True,True,True,True,True,True,True,True
The country containing Kuala Belait has its capital in which city?,Brunei,Bandar Seri Begawan,The country containing Kuala Belait,country_capital,country_capital,False,False,False,False,False,False,False,False,False,False,False,False
The country containing Plovdiv has its capital in which city?,Bulgaria,Sofia,The country containing Plovdiv,country_capital,country_capital,False,False,False,False,True,True,True,True,True,True,True,True
The country containing Bobo-Dioulasso has its capital in which city?,Burkina Faso,Ouagadougou,The country containing Bobo-Dioulasso,country_capital,country_capital,False,False,False,False,True,True,True,True,True,True,True,True
The country containing Muyinga has its capital in which city?,Burundi,Bujumbura,The country containing Muyinga,country_capital,country_capital,False,False,False,False,False,False,True,True,True,True,False,False
The country containing Siem Reap has its capital in which city?,Cambodia,Phnom Penh,The country containing Siem Reap,country_capital,country_capital,False,False,True,True,True,True,True,True,True,True,True,True
The country containing Douala has its capital in which city?,Cameroon,Yaoundé,The country containing Douala,country_capital,country_capital,False,False,True,True,True,True,True,True,True,True,True,True
The country containing Toronto has its capital in which city?,Canada,Ottawa,The country containing Toronto,country_capital,country_capital,False,False,True,True,True,True,True,True,True,True,True,True
The country containing Mindelo has its capital in which city?,Cape Verde,Praia,The country containing Mindelo,country_capital,country_capital,False,False,False,False,False,False,False,False,False,False,True,True
The country containing Bimbo has its capital in which city?,Central African Republic,Bangui,The country containing Bimbo,country_capital,country_capital,False,False,False,False,False,False,False,False,False,False,False,False
The country containing Moundou has its capital in which city?,Chad,N'Djamena,The country containing Moundou,country_capital,country_capital,False,False,False,False,False,False,True,True,True,True,True,True
The country containing Puente Alto has its capital in which city?,Chile,Santiago,The country containing Puente Alto,country_capital,country_capital,False,False,True,True,True,True,True,True,True,True,True,True
The country containing Shanghai has its capital in which city?,China,Beijing,The country containing Shanghai,country_capital,country_capital,False,False,True,True,True,True,True,True,True,True,True,True
The country containing Medellín has its capital in which city?,Colombia,Bogotá,The country containing Medellín,country_capital,country_capital,False,False,False,False,True,True,True,True,True,True,True,True
The country containing Mutsamudu has its capital in which city?,Comoros,Moroni,The country containing Mutsamudu,country_capital,country_capital,False,False,False,False,False,False,False,False,False,False,True,True
The country containing Lubumbashi has its capital in which city?,Democratic Republic of the Congo,Kinshasa,The country containing Lubumbashi,country_capital,country_capital,False,False,True,True,True,True,True,True,True,True,True,True
The country containing Pointe-Noire has its capital in which city?,Republic of the Congo,Brazzaville,The country containing Pointe-Noire,country_capital,country_capital,False,False,True,True,False,False,True,True,True,True,True,True
The country containing Alajuela has its capital in which city?,Costa Rica,San José,The country containing Alajuela,country_capital,country_capital,False,False,True,True,True,True,True,True,True,True,True,True
The country containing Abidjan has its capital in which city?,Côte d'Ivoire,Yamoussoukro,The country containing Abidjan,country_capital,country_capital,False,False,False,False,False,False,False,False,False,False,False,False
The country containing Split has its capital in which city?,Croatia,Zagreb,The country containing Split,country_capital,country_capital,False,False,True,True,True,True,True,True,True,True,True,True
The country containing Santiago de Cuba has its capital in which city?,Cuba,Havana,The country containing Santiago de Cuba,country_capital,country_capital,True,True,True,True,True,True,True,True,True,True,True,True
The country containing Limassol has its capital in which city?,Cyprus,Nicosia,The country containing Limassol,country_capital,country_capital,False,False,True,True,True,True,True,True,True,True,True,True
The country containing Brno has its capital in which city?,Czech Republic,Prague,The country containing Brno,country_capital,country_capital,False,False,True,True,True,True,True,True,True,True,True,True
The country containing Aarhus has its capital in which city?,Denmark,Copenhagen,The country containing Aarhus,country_capital,country_capital,False,False,True,True,True,True,True,True,True,True,True,True
The country containing Ali Sabieh has its capital in which city?,Djibouti,Djibouti,The country containing Ali Sabieh,country_capital,country_capital,False,False,False,False,False,False,False,False,True,True,True,True
The country containing Portsmouth has its capital in which city?,Dominica,Roseau,The country containing Portsmouth,country_capital,country_capital,False,False,False,False,False,False,False,False,False,False,False,False
The country containing Santiago de los Caballeros has its capital in which city?,Dominican Republic,Santo Domingo,The country containing Santiago de los Caballeros,country_capital,country_capital,False,False,False,False,True,True,True,True,True,True,True,True
The country containing Dare has its capital in which city?,East Timor,Dili,The country containing Dare,country_capital,country_capital,False,False,False,False,False,False,False,False,False,False,False,False
The country containing Guayaquil has its capital in which city?,Ecuador,Quito,The country containing Guayaquil,country_capital,country_capital,False,False,False,False,True,True,True,True,True,True,True,True
The country containing Alexandria has its capital in which city?,Egypt,Cairo,The country containing Alexandria,country_capital,country_capital,False,False,False,False,True,True,True,True,True,True,True,True
The country containing Santa Ana has its capital in which city?,El Salvador,San Salvador,The country containing Santa Ana,country_capital,country_capital,False,False,False,False,False,False,False,False,False,False,False,False
The country containing Bata has its capital in which city?,Equatorial Guinea,Malabo,The country containing Bata,country_capital,country_capital,False,False,False,False,False,False,False,False,True,True,False,False
The country containing Keren has its capital in which city?,Eritrea,Asmara,The country containing Keren,country_capital,country_capital,False,False,False,False,False,False,False,False,True,True,True,True
The country containing Tartu has its capital in which city?,Estonia,Tallinn,The country containing Tartu,country_capital,country_capital,False,False,False,False,True,True,True,True,True,True,True,True
The country containing Dire Dawa has its capital in which city?,Ethiopia,Addis Ababa,The country containing Dire Dawa,country_capital,country_capital,False,False,True,True,True,True,True,True,True,True,True,True
The country containing Nasinu has its capital in which city?,Fiji,Suva,The country containing Nasinu,country_capital,country_capital,False,False,False,False,True,True,True,True,True,True,True,True
The country containing Espoo has its capital in which city?,Finland,Helsinki,The country containing Espoo,country_capital,country_capital,True,True,True,True,True,True,True,True,True,True,True,True
The country containing Marseille has its capital in which city?,France,Paris,The country containing Marseille,country_capital,country_capital,False,False,False,False,True,True,True,True,True,True,True,True
The country containing Port-Gentil has its capital in which city?,Gabon,Libreville,The country containing Port-Gentil,country_capital,country_capital,False,False,False,False,True,True,True,True,True,True,True,True
The country containing Serekunda has its capital in which city?,Gambia,Banjul,The country containing Serekunda,country_capital,country_capital,False,False,False,False,True,True,True,True,True,True,True,True
The country containing Kutaisi has its capital in which city?,Georgia,Tbilisi,The country containing Kutaisi,country_capital,country_capital,False,False,True,True,True,True,True,True,True,True,True,True
The country containing Hamburg has its capital in which city?,Germany,Berlin,The country containing Hamburg,country_capital,country_capital,False,False,True,True,True,True,True,True,True,True,True,True
The country containing Kumasi has its capital in which city?,Ghana,Accra,The country containing Kumasi,country_capital,country_capital,False,False,False,False,True,True,True,True,True,True,True,True
The country containing Thessaloniki has its capital in which city?,Greece,Athens,The country containing Thessaloniki,country_capital,country_capital,False,False,True,True,False,False,True,True,True,True,True,True
The country containing Gouyave has its capital in which city?,Grenada,St. George's,The country containing Gouyave,country_capital,country_capital,False,False,False,False,False,False,False,False,False,False,False,False
The country containing Quetzaltenango has its capital in which city?,Guatemala,Guatemala City,The country containing Quetzaltenango,country_capital,country_capital,False,False,False,False,True,True,True,True,True,True,True,True
The country containing Nzérékoré has its capital in which city?,Guinea,Conakry,The country containing Nzérékoré,country_capital,country_capital,False,False,False,False,False,False,True,True,True,True,True,True
The country containing Gabú has its capital in which city?,Guinea-Bissau,Bissau,The country containing Gabú,country_capital,country_capital,False,False,False,False,False,False,False,False,True,True,True,True
The country containing Linden has its capital in which city?,Guyana,Georgetown,The country containing Linden,country_capital,country_capital,False,False,False,False,False,False,False,False,False,False,False,False
The country containing Gonaïves has its capital in which city?,Haiti,Port-au-Prince,The country containing Gonaïves,country_capital,country_capital,False,False,False,False,True,True,True,True,True,True,True,True
The country containing San Pedro Sula has its capital in which city?,Honduras,Tegucigalpa,The country containing San Pedro Sula,country_capital,country_capital,False,False,False,False,False,False,False,False,False,False,False,False
The country containing Debrecen has its capital in which city?,Hungary,Budapest,The country containing Debrecen,country_capital,country_capital,False,False,True,True,True,True,True,True,True,True,True,True
The country containing Kópavogur has its capital in which city?,Iceland,Reykjavík,The country containing Kópavogur,country_capital,country_capital,False,False,True,True,True,True,True,True,True,True,True,True
The country containing Mumbai has its capital in which city?,India,New Delhi,The country containing Mumbai,country_capital,country_capital,False,False,False,False,False,False,True,True,True,True,True,True
The country containing Surabaya has its capital in which city?,Indonesia,Jakarta,The country containing Surabaya,country_capital,country_capital,False,False,True,True,True,True,True,True,True,True,True,True
The country containing Mashhad has its capital in which city?,Iran,Tehran,The country containing Mashhad,country_capital,country_capital,True,True,True,True,True,True,True,True,True,True,True,True
The country containing Basra has its capital in which city?,Iraq,Baghdad,The country containing Basra,country_capital,country_capital,False,False,True,True,True,True,True,True,True,True,True,True
The country containing Cork has its capital in which city?,Ireland,Dublin,The country containing Cork,country_capital,country_capital,False,False,True,True,True,True,True,True,True,True,True,True
The country containing Tel Aviv has its capital in which city?,Israel,Jerusalem,The country containing Tel Aviv,country_capital,country_capital,True,True,False,False,True,True,True,True,True,True,True,True
The country containing Milan has its capital in which city?,Italy,Rome,The country containing Milan,country_capital,country_capital,False,False,False,False,True,True,False,False,True,True,True,True
The country containing Spanish Town has its capital in which city?,Jamaica,Kingston,The country containing Spanish Town,country_capital,country_capital,False,False,True,True,True,True,True,True,True,True,True,True
The country containing Yokohama has its capital in which city?,Japan,Tokyo,The country containing Yokohama,country_capital,country_capital,True,True,True,True,True,True,True,True,True,True,True,True
The country containing Zarqa has its capital in which city?,Jordan,Amman,The country containing Zarqa,country_capital,country_capital,False,False,True,True,True,True,True,True,True,True,True,True
The country containing Almaty has its capital in which city?,Kazakhstan,Astana,The country containing Almaty,country_capital,country_capital,False,False,True,True,False,False,False,False,True,True,True,True
The country containing Mombasa has its capital in which city?,Kenya,Nairobi,The country containing Mombasa,country_capital,country_capital,False,False,True,True,False,False,True,True,True,True,True,True
The country containing Betio has its capital in which city?,Kiribati,Tarawa,The country containing Betio,country_capital,country_capital,False,False,False,False,False,False,False,False,True,True,True,True
The country containing Hamhung has its capital in which city?,North Korea,Pyongyang,The country containing Hamhung,country_capital,country_capital,False,False,True,True,True,True,True,True,True,True,True,True
The country containing Busan has its capital in which city?,South Korea,Seoul,The country containing Busan,country_capital,country_capital,True,True,False,False,True,True,True,True,True,True,True,True
The country containing Al Jahra has its capital in which city?,Kuwait,Kuwait City,The country containing Al Jahra,country_capital,country_capital,False,False,False,False,True,True,True,True,True,True,True,True
The country containing Osh has its capital in which city?,Kyrgyzstan,Bishkek,The country containing Osh,country_capital,country_capital,False,False,False,False,True,True,False,False,True,True,True,True
The country containing Pakxe has its capital in which city?,Laos,Vientiane,The country containing Pakxe,country_capital,country_capital,False,False,False,False,True,True,False,False,True,True,True,True
The country containing Daugavpils has its capital in which city?,Latvia,Riga,The country containing Daugavpils,country_capital,country_capital,False,False,True,True,True,True,True,True,True,True,True,True
The country containing Tripoli has its capital in which city?,Lebanon,Beirut,The country containing Tripoli,country_capital,country_capital,False,False,False,False,False,False,False,False,False,False,False,False
The country containing Teyateyaneng has its capital in which city?,Lesotho,Maseru,The country containing Teyateyaneng,country_capital,country_capital,False,False,False,False,False,False,True,True,False,False,False,False
The country containing Gbarnga has its capital in which city?,Liberia,Monrovia,The country containing Gbarnga,country_capital,country_capital,False,False,False,False,False,False,False,False,True,True,True,True
The country containing Benghazi has its capital in which city?,Libya,Tripoli,The country containing Benghazi,country_capital,country_capital,False,False,False,False,True,True,True,True,True,True,True,True
The country containing Schaan has its capital in which city?,Liechtenstein,Vaduz,The country containing Schaan,country_capital,country_capital,False,False,False,False,False,False,True,True,True,True,True,True
The country containing Kaunas has its capital in which city?,Lithuania,Vilnius,The country containing Kaunas,country_capital,country_capital,False,False,True,True,True,True,True,True,True,True,True,True
The country containing Esch-sur-Alzette has its capital in which city?,Luxembourg,Luxembourg City,The country containing Esch-sur-Alzette,country_capital,country_capital,False,False,False,False,False,False,False,False,False,False,False,False
The country containing Bitola has its capital in which city?,North Macedonia,Skopje,The country containing Bitola,country_capital,country_capital,False,False,True,True,True,True,True,True,True,True,True,True
The country containing Toamasina has its capital in which city?,Madagascar,Antananarivo,The country containing Toamasina,country_capital,country_capital,False,False,True,True,True,True,True,True,True,True,True,True
The country containing Blantyre has its capital in which city?,Malawi,Lilongwe,The country containing Blantyre,country_capital,country_capital,False,False,False,False,True,True,True,True,True,True,True,True
The country containing George Town has its capital in which city?,Malaysia,Kuala Lumpur,The country containing George Town,country_capital,country_capital,False,False,False,False,False,False,False,False,True,True,False,True
The country containing Addu City has its capital in which city?,Maldives,Malé,The country containing Addu City,country_capital,country_capital,False,False,False,False,True,True,True,True,True,True,True,True
The country containing Sikasso has its capital in which city?,Mali,Bamako,The country containing Sikasso,country_capital,country_capital,False,False,False,True,True,True,True,True,True,True,True,True
The country containing Birkirkara has its capital in which city?,Malta,Valletta,The country containing Birkirkara,country_capital,country_capital,False,False,False,False,False,False,True,True,True,True,True,True
The country containing Ebeye has its capital in which city?,Marshall Islands,Majuro,The country containing Ebeye,country_capital,country_capital,False,False,False,False,True,True,True,True,True,True,True,True
The country containing Nouadhibou has its capital in which city?,Mauritania,Nouakchott,The country containing Nouadhibou,country_capital,country_capital,False,False,False,False,False,False,True,True,True,True,True,True
The country containing Beau Bassin-Rose Hill has its capital in which city?,Mauritius,Port Louis,The country containing Beau Bassin-Rose Hill,country_capital,country_capital,False,False,False,False,True,True,False,False,True,True,True,True
The country containing Ecatepec has its capital in which city?,Mexico,Mexico City,The country containing Ecatepec,country_capital,country_capital,False,False,True,True,True,True,True,True,True,True,True,True
The country containing Weno has its capital in which city?,Federated States of Micronesia,Palikir,The country containing Weno,country_capital,country_capital,False,False,False,False,False,False,False,False,True,True,True,True
The country containing Tiraspol has its capital in which city?,Moldova,Chișinău,The country containing Tiraspol,country_capital,country_capital,False,False,False,False,False,False,True,True,True,True,True,True
The country containing Monte Carlo has its capital in which city?,Monaco,Monaco,The country containing Monte Carlo,country_capital,country_capital,False,False,False,False,True,True,True,True,True,True,True,True
The country containing Darkhan has its capital in which city?,Mongolia,Ulaanbaatar,The country containing Darkhan,country_capital,country_capital,False,False,True,True,True,True,True,True,True,True,True,True
The country containing Nikšić has its capital in which city?,Montenegro,Podgorica,The country containing Nikšić,country_capital,country_capital,False,False,False,False,False,False,True,True,True,True,True,True
The country containing Casablanca has its capital in which city?,Morocco,Rabat,The country containing Casablanca,country_capital,country_capital,False,False,False,False,True,True,True,True,True,True,True,True
The country containing Beira has its capital in which city?,Mozambique,Maputo,The country containing Beira,country_capital,country_capital,False,False,True,True,True,True,True,True,True,True,True,True
The country containing Yangon has its capital in which city?,Myanmar,Nay Pyi Taw,The country containing Yangon,country_capital,country_capital,False,False,False,False,False,False,False,False,False,False,False,False
The country containing Rundu has its capital in which city?,Namibia,Windhoek,The country containing Rundu,country_capital,country_capital,False,False,False,False,True,True,False,False,True,True,True,True
The country containing Denigomudu has its capital in which city?,Nauru,Yaren,The country containing Denigomudu,country_capital,country_capital,False,False,False,False,False,False,False,False,False,False,False,False
The country containing Pokhara has its capital in which city?,Nepal,Kathmandu,The country containing Pokhara,country_capital,country_capital,False,False,True,True,True,True,True,True,True,True,True,True
The country containing Rotterdam has its capital in which city?,Netherlands,Amsterdam,The country containing Rotterdam,country_capital,country_capital,True,True,True,True,True,True,False,False,True,True,True,True
The country containing Auckland has its capital in which city?,New Zealand,Wellington,The country containing Auckland,country_capital,country_capital,True,True,True,True,True,True,True,True,True,True,True,True
The country containing León has its capital in which city?,Nicaragua,Managua,The country containing León,country_capital,country_capital,False,False,False,False,False,False,False,False,False,False,False,False
The country containing Zinder has its capital in which city?,Niger,Niamey,The country containing Zinder,country_capital,country_capital,False,False,False,False,True,True,True,True,True,True,False,False
The country containing Lagos has its capital in which city?,Nigeria,Abuja,The country containing Lagos,country_capital,country_capital,False,False,True,True,True,True,True,True,True,True,True,True
The country containing Bergen has its capital in which city?,Norway,Oslo,The country containing Bergen,country_capital,country_capital,True,True,True,True,True,True,True,True,True,True,True,True
The country containing Salalah has its capital in which city?,Oman,Muscat,The country containing Salalah,country_capital,country_capital,False,False,False,False,True,True,False,False,True,True,True,True
The country containing Karachi has its capital in which city?,Pakistan,Islamabad,The country containing Karachi,country_capital,country_capital,True,True,True,True,True,True,True,True,True,True,True,True
The country containing Koror has its capital in which city?,Palau,Ngerulmud,The country containing Koror,country_capital,country_capital,False,False,False,False,False,False,True,True,True,True,False,False
The country containing Colón has its capital in which city?,Panama,Panama City,The country containing Colón,country_capital,country_capital,False,False,False,False,False,False,True,True,True,True,True,True
The country containing Lae has its capital in which city?,Papua New Guinea,Port Moresby,The country containing Lae,country_capital,country_capital,False,False,False,False,True,True,True,True,True,True,True,True
The country containing Ciudad del Este has its capital in which city?,Paraguay,Asunción,The country containing Ciudad del Este,country_capital,country_capital,False,False,False,False,False,False,True,True,True,True,True,True
The country containing Arequipa has its capital in which city?,Peru,Lima,The country containing Arequipa,country_capital,country_capital,False,False,True,True,True,True,True,True,True,True,True,True
The country containing Quezon City has its capital in which city?,Philippines,Manila,The country containing Quezon City,country_capital,country_capital,True,True,True,True,True,True,True,True,True,True,True,True
The country containing Kraków has its capital in which city?,Poland,Warsaw,The country containing Kraków,country_capital,country_capital,False,False,False,False,True,True,True,True,True,True,True,True
The country containing Porto has its capital in which city?,Portugal,Lisbon,The country containing Porto,country_capital,country_capital,True,True,True,True,True,True,False,False,True,True,True,True
The country containing Al Rayyan has its capital in which city?,Qatar,Doha,The country containing Al Rayyan,country_capital,country_capital,False,False,False,False,True,True,True,True,True,True,True,True
The country containing Cluj-Napoca has its capital in which city?,Romania,Bucharest,The country containing Cluj-Napoca,country_capital,country_capital,False,False,False,False,True,True,True,True,True,True,True,True
The country containing Saint Petersburg has its capital in which city?,Russia,Moscow,The country containing Saint Petersburg,country_capital,country_capital,True,True,True,True,True,True,True,True,True,True,True,True
The country containing Muhanga has its capital in which city?,Rwanda,Kigali,The country containing Muhanga,country_capital,country_capital,False,False,False,False,False,False,False,False,True,True,True,True
The country containing Charlestown has its capital in which city?,Saint Kitts and Nevis,Basseterre,The country containing Charlestown,country_capital,country_capital,False,False,False,False,False,False,False,False,False,False,False,False
The country containing Gros Islet has its capital in which city?,Saint Lucia,Castries,The country containing Gros Islet,country_capital,country_capital,False,False,False,False,False,False,False,False,True,True,True,True
The country containing Georgetown has its capital in which city?,Saint Vincent and the Grenadines,Kingstown,The country containing Georgetown,country_capital,country_capital,False,False,False,False,False,False,False,False,False,False,False,False
The country containing Vaitele has its capital in which city?,Samoa,Apia,The country containing Vaitele,country_capital,country_capital,False,False,False,False,True,True,True,True,True,True,False,False
The country containing Dogana has its capital in which city?,San Marino,San Marino,The country containing Dogana,country_capital,country_capital,False,False,False,False,False,False,False,False,False,False,False,False
The country containing Trindade has its capital in which city?,São Tomé and Príncipe,São Tomé,The country containing Trindade,country_capital,country_capital,False,False,False,False,True,True,False,False,False,False,False,False
The country containing Jeddah has its capital in which city?,Saudi Arabia,Riyadh,The country containing Jeddah,country_capital,country_capital,False,False,True,True,True,True,True,True,True,True,True,True
The country containing Touba has its capital in which city?,Senegal,Dakar,The country containing Touba,country_capital,country_capital,False,False,False,True,True,True,True,True,True,True,True,True
The country containing Novi Sad has its capital in which city?,Serbia,Belgrade,The country containing Novi Sad,country_capital,country_capital,False,False,True,True,True,True,True,True,True,True,True,True
The country containing Anse Etoile has its capital in which city?,Seychelles,Victoria,The country containing Anse Etoile,country_capital,country_capital,False,False,False,False,False,False,False,False,False,False,False,False
The country containing Bo has its capital in which city?,Sierra Leone,Freetown,The country containing Bo,country_capital,country_capital,False,False,False,False,False,False,False,False,False,False,False,False
The country containing Košice has its capital in which city?,Slovakia,Bratislava,The country containing Košice,country_capital,country_capital,False,False,True,True,True,True,True,True,True,True,True,True
The country containing Maribor has its capital in which city?,Slovenia,Ljubljana,The country containing Maribor,country_capital,country_capital,False,False,False,False,True,True,True,True,True,True,True,True
The country containing Gizo has its capital in which city?,Solomon Islands,Honiara,The country containing Gizo,country_capital,country_capital,False,False,False,False,False,False,False,False,True,True,True,True
The country containing Hargeisa has its capital in which city?,Somalia,Mogadishu,The country containing Hargeisa,country_capital,country_capital,False,False,False,False,False,False,False,False,True,True,False,False
The country containing Cape Town has its capital in which city?,South Africa,Pretoria,The country containing Cape Town,country_capital,country_capital,False,False,False,False,False,False,True,True,True,True,True,True
The country containing Yei has its capital in which city?,South Sudan,Juba,The country containing Yei,country_capital,country_capital,False,False,False,False,True,True,True,True,True,True,True,True
The country containing Barcelona has its capital in which city?,Spain,Madrid,The country containing Barcelona,country_capital,country_capital,False,False,False,False,True,True,False,False,True,True,True,True
The country containing Colombo has its capital in which city?,Sri Lanka,Sri Jayawardenepura Kotte,The country containing Colombo,country_capital,country_capital,False,False,False,False,False,False,False,False,False,False,False,False
The country containing Omdurman has its capital in which city?,Sudan,Khartoum,The country containing Omdurman,country_capital,country_capital,False,False,True,True,True,True,True,True,True,True,True,True
The country containing Lelydorp has its capital in which city?,Suriname,Paramaribo,The country containing Lelydorp,country_capital,country_capital,False,False,False,False,False,False,False,False,True,True,True,True
The country containing Manzini has its capital in which city?,Swaziland,Mbabane,The country containing Manzini,country_capital,country_capital,False,False,False,False,False,False,False,False,False,False,True,True
The country containing Gothenburg has its capital in which city?,Sweden,Stockholm,The country containing Gothenburg,country_capital,country_capital,True,True,True,True,False,False,True,True,True,True,True,True
The country containing Zürich has its capital in which city?,Switzerland,Bern,The country containing Zürich,country_capital,country_capital,False,False,True,True,True,True,True,True,True,True,True,True
The country containing Aleppo has its capital in which city?,Syria,Damascus,The country containing Aleppo,country_capital,country_capital,True,True,True,True,True,True,True,True,True,True,True,True
The country containing New Taipei has its capital in which city?,Taiwan,Taipei,The country containing New Taipei,country_capital,country_capital,False,True,True,True,True,True,True,True,True,True,True,True
The country containing Khujand has its capital in which city?,Tajikistan,Dushanbe,The country containing Khujand,country_capital,country_capital,False,False,False,False,False,False,True,True,True,True,True,True
The country containing Dar es Salaam has its capital in which city?,Tanzania,Dodoma,The country containing Dar es Salaam,country_capital,country_capital,False,False,False,False,True,True,True,True,True,True,True,True
The country containing Nonthaburi has its capital in which city?,Thailand,Bangkok,The country containing Nonthaburi,country_capital,country_capital,False,False,True,True,True,True,True,True,True,True,True,True
The country containing Sokodé has its capital in which city?,Togo,Lomé,The country containing Sokodé,country_capital,country_capital,False,False,False,False,False,False,False,False,False,False,False,False
The country containing Neiafu has its capital in which city?,Tonga,Nukuʻalofa,The country containing Neiafu,country_capital,country_capital,False,False,False,False,False,False,False,False,False,False,False,False
The country containing Chaguanas has its capital in which city?,Trinidad and Tobago,Port of Spain,The country containing Chaguanas,country_capital,country_capital,False,False,False,False,False,False,False,False,True,True,False,False
The country containing Sfax has its capital in which city?,Tunisia,Tunis,The country containing Sfax,country_capital,country_capital,False,False,False,True,True,True,True,True,True,True,False,True
The country containing Istanbul has its capital in which city?,Turkey,Ankara,The country containing Istanbul,country_capital,country_capital,True,True,False,False,True,True,True,True,True,True,True,True
The country containing Türkmenabat has its capital in which city?,Turkmenistan,Ashgabat,The country containing Türkmenabat,country_capital,country_capital,False,False,False,False,True,True,True,True,True,True,True,True
The country containing Asau has its capital in which city?,Tuvalu,Funafuti,The country containing Asau,country_capital,country_capital,False,False,False,False,False,False,False,False,False,False,False,False
The country containing Gulu has its capital in which city?,Uganda,Kampala,The country containing Gulu,country_capital,country_capital,False,False,False,False,True,True,True,True,False,False,True,True
The country containing Kharkiv has its capital in which city?,Ukraine,Kiev,The country containing Kharkiv,country_capital,country_capital,False,False,False,False,False,False,False,False,False,False,False,False
The country containing Dubai has its capital in which city?,United Arab Emirates,Abu Dhabi,The country containing Dubai,country_capital,country_capital,False,False,True,True,True,True,True,True,True,True,True,True
The country containing Birmingham has its capital in which city?,United Kingdom,London,The country containing Birmingham,country_capital,country_capital,False,False,False,False,True,True,True,True,True,True,True,True
The country containing New York City has its capital in which city?,United States of America,Washington D.C.,The country containing New York City,country_capital,country_capital,False,False,False,False,False,False,False,False,False,False,False,False
The country containing Ciudad de la Costa has its capital in which city?,Uruguay,Montevideo,The country containing Ciudad de la Costa,country_capital,country_capital,False,False,False,False,False,False,True,True,True,True,False,False
The country containing Namangan has its capital in which city?,Uzbekistan,Tashkent,The country containing Namangan,country_capital,country_capital,False,False,False,False,True,True,True,True,True,True,True,True
The country containing Luganville has its capital in which city?,Vanuatu,Port Vila,The country containing Luganville,country_capital,country_capital,False,False,False,False,False,False,False,False,False,False,False,False
The country containing Maracaibo has its capital in which city?,Venezuela,Caracas,The country containing Maracaibo,country_capital,country_capital,False,False,True,True,True,True,False,False,True,True,True,True
The country containing Ho Chi Minh City has its capital in which city?,Vietnam,Hanoi,The country containing Ho Chi Minh City,country_capital,country_capital,True,True,True,True,True,True,True,True,True,True,True,True
The country containing Aden has its capital in which city?,Yemen,Sana'a,The country containing Aden,country_capital,country_capital,False,False,False,False,False,False,False,False,True,True,True,True
The country containing Kitwe has its capital in which city?,Zambia,Lusaka,The country containing Kitwe,country_capital,country_capital,False,False,False,False,True,True,True,True,True,True,True,True
The country containing Bulawayo has its capital in which city?,Zimbabwe,Harare,The country containing Bulawayo,country_capital,country_capital,False,False,True,True,True,True,True,True,True,True,True,True
The state containing Birmingham has its capital in which city?,Alabama,Montgomery,The state containing Birmingham,state_capital,state_capital,False,False,False,False,False,False,False,False,True,True,True,True
The state containing Anchorage has its capital in which city?,Alaska,Juneau,The state containing Anchorage,state_capital,state_capital,False,False,False,False,True,True,True,True,True,True,True,True
The state containing Tucson has its capital in which city?,Arizona,Phoenix,The state containing Tucson,state_capital,state_capital,False,False,True,True,True,True,True,True,True,True,True,True
The state containing Fort Smith has its capital in which city?,Arkansas,Little Rock,The state containing Fort Smith,state_capital,state_capital,False,False,False,False,True,True,False,False,True,True,True,True
The state containing Los Angeles has its capital in which city?,California,Sacramento,The state containing Los Angeles,state_capital,state_capital,False,False,True,True,True,True,True,True,True,True,True,True
The state containing Colorado Springs has its capital in which city?,Colorado,Denver,The state containing Colorado Springs,state_capital,state_capital,True,True,True,True,True,True,False,False,True,True,True,True
The state containing Bridgeport has its capital in which city?,Connecticut,Hartford,The state containing Bridgeport,state_capital,state_capital,False,False,True,True,False,False,True,True,True,True,True,True
The state containing Wilmington has its capital in which city?,Delaware,Dover,The state containing Wilmington,state_capital,state_capital,False,False,False,False,False,False,False,False,False,False,False,False
The state containing Jacksonville has its capital in which city?,Florida,Tallahassee,The state containing Jacksonville,state_capital,state_capital,False,False,True,True,True,True,True,True,True,True,True,True
The state containing Augusta has its capital in which city?,Georgia,Atlanta,The state containing Augusta,state_capital,state_capital,False,False,False,False,False,False,False,False,False,False,False,False
The state containing Hilo has its capital in which city?,Hawaii,Honolulu,The state containing Hilo,state_capital,state_capital,True,True,False,False,True,True,False,False,True,True,True,True
The state containing Nampa has its capital in which city?,Idaho,Boise,The state containing Nampa,state_capital,state_capital,False,False,False,False,True,True,True,True,True,True,True,True
The state containing Chicago has its capital in which city?,Illinois,Springfield,The state containing Chicago,state_capital,state_capital,False,False,False,False,False,False,True,True,True,True,True,True
The state containing Fort Wayne has its capital in which city?,Indiana,Indianapolis,The state containing Fort Wayne,state_capital,state_capital,False,False,False,False,True,True,True,True,True,True,True,True
The state containing Cedar Rapids has its capital in which city?,Iowa,Des Moines,The state containing Cedar Rapids,state_capital,state_capital,False,False,True,True,True,True,True,True,True,True,True,True
The state containing Wichita has its capital in which city?,Kansas,Topeka,The state containing Wichita,state_capital,state_capital,False,False,False,False,True,True,True,True,True,True,True,True
The state containing Lexington has its capital in which city?,Kentucky,Frankfort,The state containing Lexington,state_capital,state_capital,False,False,False,False,True,True,True,True,True,True,True,True
The state containing New Orleans has its capital in which city?,Louisiana,Baton Rouge,The state containing New Orleans,state_capital,state_capital,False,False,False,False,True,True,True,True,True,True,True,True
The state containing Bangor has its capital in which city?,Maine,Augusta,The state containing Portland,state_capital,state_capital,False,False,False,False,False,False,True,True,True,True,True,True
The state containing Baltimore has its capital in which city?,Maryland,Annapolis,The state containing Baltimore,state_capital,state_capital,False,False,False,False,True,True,True,True,True,True,True,True
The state containing Worcester has its capital in which city?,Massachusetts,Boston,The state containing Worcester,state_capital,state_capital,False,False,False,False,True,True,True,True,True,True,True,True
The state containing Detroit has its capital in which city?,Michigan,Lansing,The state containing Detroit,state_capital,state_capital,False,False,False,False,True,True,True,True,True,True,True,True
The state containing Minneapolis has its capital in which city?,Minnesota,St. Paul,The state containing Minneapolis,state_capital,state_capital,False,False,False,False,False,False,True,True,True,True,True,True
The state containing Gulfport has its capital in which city?,Mississippi,Jackson,The state containing Gulfport,state_capital,state_capital,False,False,False,False,False,False,True,True,True,True,True,True
The state containing Kansas City has its capital in which city?,Missouri,Jefferson City,The state containing Kansas City,state_capital,state_capital,False,False,False,False,False,False,False,False,False,False,False,False
The state containing Billings has its capital in which city?,Montana,Helena,The state containing Billings,state_capital,state_capital,False,False,False,False,False,False,True,True,True,True,True,True
The state containing Omaha has its capital in which city?,Nebraska,Lincoln,The state containing Omaha,state_capital,state_capital,False,False,False,False,True,True,True,True,True,True,True,True
The state containing Las Vegas has its capital in which city?,Nevada,Carson City,The state containing Las Vegas,state_capital,state_capital,False,False,False,False,False,False,False,False,True,True,True,True
The state containing Manchester has its capital in which city?,New Hampshire,Concord,The state containing Manchester,state_capital,state_capital,False,False,False,False,False,False,False,False,False,False,True,True
The state containing Newark has its capital in which city?,New Jersey,Trenton,The state containing Newark,state_capital,state_capital,False,False,False,False,False,False,True,True,True,True,True,True
The state containing Albuquerque has its capital in which city?,New Mexico,Santa Fe,The state containing Albuquerque,state_capital,state_capital,False,False,True,True,True,True,True,True,True,True,True,True
The state containing New York City has its capital in which city?,New York,Albany,The state containing New York City,state_capital,state_capital,False,False,True,True,True,True,True,True,True,True,True,True
The state containing Charlotte has its capital in which city?,North Carolina,Raleigh,The state containing Charlotte,state_capital,state_capital,False,False,True,True,True,True,True,True,True,True,True,True
The state containing Fargo has its capital in which city?,North Dakota,Bismarck,The state containing Fargo,state_capital,state_capital,False,False,True,True,False,False,True,True,True,True,True,True
The state containing Cleveland has its capital in which city?,Ohio,Columbus,The state containing Cleveland,state_capital,state_capital,False,False,False,False,True,True,True,True,True,True,True,True
The state containing Tulsa has its capital in which city?,Oklahoma,Oklahoma City,The state containing Tulsa,state_capital,state_capital,False,False,False,False,False,False,True,True,True,True,True,True
The state containing Eugene has its capital in which city?,Oregon,Salem,The state containing Portland,state_capital,state_capital,False,False,False,False,False,False,True,True,True,True,True,True
The state containing Philadelphia has its capital in which city?,Pennsylvania,Harrisburg,The state containing Philadelphia,state_capital,state_capital,False,False,True,True,False,False,True,True,True,True,True,True
The state containing Warwick has its capital in which city?,Rhode Island,Providence,The state containing Warwick,state_capital,state_capital,False,False,False,False,False,False,False,False,True,True,False,False
The state containing Charleston has its capital in which city?,South Carolina,Columbia,The state containing Charleston,state_capital,state_capital,False,False,False,False,True,True,True,True,True,True,True,True
The state containing Sioux Falls has its capital in which city?,South Dakota,Pierre,The state containing Sioux Falls,state_capital,state_capital,False,False,True,True,True,True,True,True,True,True,True,True
The state containing Memphis has its capital in which city?,Tennessee,Nashville,The state containing Memphis,state_capital,state_capital,False,False,False,False,False,False,True,True,False,False,True,True
The state containing Houston has its capital in which city?,Texas,Austin,The state containing Houston,state_capital,state_capital,False,False,False,False,True,True,True,True,True,True,True,True
The state containing West Valley City has its capital in which city?,Utah,Salt Lake City,The state containing West Valley City,state_capital,state_capital,False,False,False,False,True,True,True,True,True,True,True,True
The state containing Burlington has its capital in which city?,Vermont,Montpelier,The state containing Burlington,state_capital,state_capital,False,False,False,False,False,False,True,True,False,False,True,True
The state containing Virginia Beach has its capital in which city?,Virginia,Richmond,The state containing Virginia Beach,state_capital,state_capital,True,True,True,True,True,True,True,True,True,True,True,True
The state containing Seattle has its capital in which city?,Washington,Olympia,The state containing Seattle,state_capital,state_capital,False,False,True,True,True,True,True,True,True,True,True,True
The state containing Huntington has its capital in which city?,West Virginia,Charleston,The state containing Huntington,state_capital,state_capital,False,False,False,False,False,False,True,True,False,False,False,False
The state containing Milwaukee has its capital in which city?,Wisconsin,Madison,The state containing Milwaukee,state_capital,state_capital,False,False,True,True,True,True,True,True,True,True,True,True
The state containing Casper has its capital in which city?,Wyoming,Cheyenne,The state containing Casper,state_capital,state_capital,False,False,False,False,False,False,True,True,True,True,True,True
The material that baseball bats are made of is called what in Spanish?,wood,madera,The material that baseball bats are made of ,translation-spanish,translation-material-spanish,False,False,False,False,False,False,True,True,True,True,True,True
The material that car bumpers are made of is called what in Spanish?,metal,metal,The material that car bumpers are made of ,translation-spanish,translation-material-spanish,False,False,False,False,False,False,False,False,False,False,False,False
The material that water bottles are made of is called what in Spanish?,plastic,plástico,The material that water bottles are made of ,translation-spanish,translation-material-spanish,True,True,False,False,True,True,True,True,True,True,True,True
The material that windows are made of is called what in Spanish?,glass,vidrio,The material that windows are made of ,translation-spanish,translation-material-spanish,True,True,False,True,True,True,True,True,True,True,True,True
The material that cowboy boots are made of is called what in Spanish?,leather,cuero,The material that cowboy boots are made of ,translation-spanish,translation-material-spanish,True,True,True,True,True,True,True,True,True,True,True,True
The material that newspapers are made of is called what in Spanish?,paper,papel,The material that newspapers are made of ,translation-spanish,translation-material-spanish,False,False,False,True,True,True,True,True,True,True,True,True
The material that coffee mugs are made of is called what in Spanish?,ceramic,cerámica,The material that coffee mugs are made of ,translation-spanish,translation-material-spanish,False,False,False,False,True,True,True,True,True,True,True,True
The material that car tires are made of is called what in Spanish?,rubber,caucho,The material that car tires are made of ,translation-spanish,translation-material-spanish,False,False,False,False,True,True,False,False,False,False,False,False
The material that wedding rings are made of is called what in Spanish?,gold,oro,The material that wedding rings are made of ,translation-spanish,translation-material-spanish,False,False,False,True,True,True,False,False,True,True,False,False
The material that kitchen knives are made of is called what in Spanish?,steel,acero,The material that kitchen knives are made of ,translation-spanish,translation-material-spanish,False,False,False,False,True,True,True,True,True,True,True,True
The material that horseshoes are made of is called what in Spanish?,iron,hierro,The material that horseshoes are made of ,translation-spanish,translation-material-spanish,False,False,False,False,False,False,True,True,True,True,True,True
The material that chopsticks are made of is called what in Spanish?,bamboo,bambú,The material that chopsticks are made of ,translation-spanish,translation-material-spanish,False,False,False,False,False,False,False,False,False,False,False,False
The material that sidewalks are made of is called what in Spanish?,concrete,concreto,The material that sidewalks are made of ,translation-spanish,translation-material-spanish,False,False,False,False,True,True,False,False,False,False,True,True
The material that pottery vases are made of is called what in Spanish?,clay,arcilla,The material that pottery vases are made of ,translation-spanish,translation-material-spanish,False,False,False,False,False,False,True,True,True,True,False,False
The material that candles are made of is called what in Spanish?,wax,cera,The material that candles are made of ,translation-spanish,translation-material-spanish,True,True,False,False,True,True,True,True,True,True,True,True
The color that strawberries are is called what in Spanish?,red,rojo,The color that strawberries are ,translation-spanish,translation-color-spanish,False,False,True,True,False,False,True,True,True,True,True,True
The color that the sky is is called what in Spanish?,blue,azul,The color that the sky is ,translation-spanish,translation-color-spanish,True,True,False,False,True,True,False,False,True,True,True,True
The color that grass is is called what in Spanish?,green,verde,The color that grass is ,translation-spanish,translation-color-spanish,True,True,True,True,True,True,True,True,True,True,True,True
The color that bananas are is called what in Spanish?,yellow,amarillo,The color that bananas are ,translation-spanish,translation-color-spanish,False,False,True,True,True,True,True,True,True,True,True,True
The color that pumpkins are is called what in Spanish?,orange,naranja,The color that pumpkins are ,translation-spanish,translation-color-spanish,False,False,False,False,True,True,False,False,True,True,True,True
The color that grapes are is called what in Spanish?,purple,morado,The color that grapes are ,translation-spanish,translation-color-spanish,False,False,False,False,False,False,True,True,True,True,True,True
The color that flamingos are is called what in Spanish?,pink,rosa,The color that flamingos are ,translation-spanish,translation-color-spanish,False,False,False,False,False,True,False,True,True,True,True,True
The color that tree bark is is called what in Spanish?,brown,marrón,The color that tree bark is ,translation-spanish,translation-color-spanish,False,False,False,False,False,False,False,False,True,True,True,True
The color that ravens are is called what in Spanish?,black,negro,The color that ravens are ,translation-spanish,translation-color-spanish,False,False,True,True,True,True,True,True,True,True,True,True
The color that snow is is called what in Spanish?,white,blanco,The color that snow is ,translation-spanish,translation-color-spanish,False,False,True,True,True,True,True,True,True,True,True,True
The color that elephants are is called what in Spanish?,gray,gris,The color that elephants are ,translation-spanish,translation-color-spanish,False,False,False,False,False,False,True,True,True,True,False,False
The color that sand is is called what in Spanish?,beige,beige,The color that sand is ,translation-spanish,translation-color-spanish,False,False,False,False,False,False,False,False,False,False,False,False
The shape that coins are is called what in Spanish?,circle,círculo,The shape that coins are ,translation-spanish,translation-shape-spanish,True,True,False,False,False,False,True,True,False,False,False,False
The shape that dice are is called what in Spanish?,square,cuadrado,The shape that dice are ,translation-spanish,translation-shape-spanish,False,False,False,False,False,False,False,False,False,False,False,False
The shape that dollar bills are is called what in Spanish?,rectangle,rectángulo,The shape that dollar bills are ,translation-spanish,translation-shape-spanish,False,False,False,False,False,False,False,False,True,True,True,True
The shape that eggs are is called what in Spanish?,oval,óvalo,The shape that eggs are ,translation-spanish,translation-shape-spanish,False,False,False,False,False,False,False,False,False,False,False,False
The shape that basketballs are is called what in Spanish?,sphere,esfera,The shape that basketballs are ,translation-spanish,translation-shape-spanish,False,False,True,True,True,True,True,True,False,False,True,True
The shape that soda cans are is called what in Spanish?,cylinder,cilindro,The shape that soda cans are ,translation-spanish,translation-shape-spanish,False,False,False,False,True,True,True,True,True,True,True,True
The shape that Valentine's cards are is called what in Spanish?,heart,corazón,The shape that Valentine's cards are ,translation-spanish,translation-shape-spanish,False,False,True,True,True,True,True,True,True,True,True,True
The shape that the moon is is called what in Spanish?,crescent,creciente,The shape that the moon is ,translation-spanish,translation-shape-spanish,False,False,False,False,False,False,False,False,False,False,False,False
The shape that snail shells are is called what in Spanish?,spiral,espiral,The shape that snail shells are ,translation-spanish,translation-shape-spanish,False,False,False,False,False,False,False,False,True,True,False,False
The material that baseball bats are made of is called what in French?,wood,bois,The material that baseball bats are made of ,translation-french,translation-material-french,False,True,False,True,True,True,True,True,True,True,False,False
The material that car bumpers are made of is called what in French?,metal,métal,The material that car bumpers are made of ,translation-french,translation-material-french,False,False,False,False,False,False,False,False,False,False,False,False
The material that water bottles are made of is called what in French?,plastic,plastique,The material that water bottles are made of ,translation-french,translation-material-french,True,True,False,True,True,True,True,True,True,True,True,True
The material that windows are made of is called what in French?,glass,verre,The material that windows are made of ,translation-french,translation-material-french,True,True,True,True,True,True,True,True,True,True,True,True
The material that cowboy boots are made of is called what in French?,leather,cuir,The material that cowboy boots are made of ,translation-french,translation-material-french,False,True,True,True,False,False,True,True,True,True,True,True
The material that newspapers are made of is called what in French?,paper,papier,The material that newspapers are made of ,translation-french,translation-material-french,False,False,False,True,True,True,True,True,True,True,True,True
The material that coffee mugs are made of is called what in French?,ceramic,céramique,The material that coffee mugs are made of ,translation-french,translation-material-french,False,False,False,False,False,False,False,False,False,False,False,False
The material that car tires are made of is called what in French?,rubber,caoutchouc,The material that car tires are made of ,translation-french,translation-material-french,False,False,False,False,True,True,True,True,True,True,True,True
The material that wedding rings are made of is called what in French?,gold,or,The material that wedding rings are made of ,translation-french,translation-material-french,False,False,False,False,True,True,False,True,True,True,True,True
The material that kitchen knives are made of is called what in French?,steel,acier,The material that kitchen knives are made of ,translation-french,translation-material-french,False,False,False,True,True,True,True,True,True,True,True,True
The material that horseshoes are made of is called what in French?,iron,fer,The material that horseshoes are made of ,translation-french,translation-material-french,False,False,False,False,True,True,True,True,False,False,False,False
The material that chopsticks are made of is called what in French?,bamboo,bambou,The material that chopsticks are made of ,translation-french,translation-material-french,False,False,False,False,False,False,False,False,False,False,False,False
The material that sidewalks are made of is called what in French?,concrete,béton,The material that sidewalks are made of ,translation-french,translation-material-french,False,False,False,False,False,False,True,True,False,True,False,True
The material that pottery vases are made of is called what in French?,clay,argile,The material that pottery vases are made of ,translation-french,translation-material-french,False,False,False,False,True,True,True,True,True,True,False,False
The material that candles are made of is called what in French?,wax,cire,The material that candles are made of ,translation-french,translation-material-french,False,False,False,True,True,True,True,True,False,False,True,True
The color that strawberries are is called what in French?,red,rouge,The color that strawberries are ,translation-french,translation-color-french,False,False,False,False,True,True,True,True,True,True,True,True
The color that the sky is is called what in French?,blue,bleu,The color that the sky is ,translation-french,translation-color-french,True,True,False,False,False,False,True,True,True,True,True,True
The color that grass is is called what in French?,green,vert,The color that grass is ,translation-french,translation-color-french,False,False,True,True,True,True,True,True,True,True,True,True
The color that bananas are is called what in French?,yellow,jaune,The color that bananas are ,translation-french,translation-color-french,False,False,True,True,True,True,True,True,True,True,True,True
The color that pumpkins are is called what in French?,orange,orange,The color that pumpkins are ,translation-french,translation-color-french,False,False,False,False,True,True,True,True,True,True,True,True
The color that grapes are is called what in French?,purple,violet,The color that grapes are ,translation-french,translation-color-french,False,False,False,False,False,False,True,True,False,False,True,True
The color that flamingos are is called what in French?,pink,rose,The color that flamingos are ,translation-french,translation-color-french,False,False,False,False,True,True,True,True,True,True,True,True
The color that tree bark is is called what in French?,brown,brun,The color that tree bark is ,translation-french,translation-color-french,False,False,False,False,False,False,False,False,False,False,False,False
The color that ravens are is called what in French?,black,noir,The color that ravens are ,translation-french,translation-color-french,False,False,True,True,True,True,True,True,True,True,True,True
The color that snow is is called what in French?,white,blanc,The color that snow is ,translation-french,translation-color-french,True,True,False,False,True,True,True,True,True,True,True,True
The color that elephants are is called what in French?,gray,gris,The color that elephants are ,translation-french,translation-color-french,False,False,False,False,False,False,True,True,True,True,True,True
The color that sand is is called what in French?,beige,beige,The color that sand is ,translation-french,translation-color-french,False,False,False,True,False,False,False,False,True,True,False,False
The shape that coins are is called what in French?,circle,cercle,The shape that coins are ,translation-french,translation-shape-french,False,False,False,False,False,False,False,False,False,False,False,False
The shape that dice are is called what in French?,square,carré,The shape that dice are ,translation-french,translation-shape-french,False,False,False,False,False,False,False,False,False,False,False,False
The shape that dollar bills are is called what in French?,rectangle,rectangle,The shape that dollar bills are ,translation-french,translation-shape-french,False,False,False,False,False,False,False,False,False,True,False,False
The shape that eggs are is called what in French?,oval,ovale,The shape that eggs are ,translation-french,translation-shape-french,False,False,True,True,True,True,True,True,False,False,False,False
The shape that basketballs are is called what in French?,sphere,sphère,The shape that basketballs are ,translation-french,translation-shape-french,False,False,False,False,True,True,True,True,False,False,True,True
The shape that soda cans are is called what in French?,cylinder,cylindre,The shape that soda cans are ,translation-french,translation-shape-french,False,False,False,True,True,True,True,True,True,True,False,True
The shape that Valentine's cards are is called what in French?,heart,cœur,The shape that Valentine's cards are ,translation-french,translation-shape-french,False,False,False,True,False,False,True,True,True,True,True,True
The shape that the moon is is called what in French?,crescent,croissant,The shape that the moon is ,translation-french,translation-shape-french,False,False,False,False,False,False,False,False,True,True,False,False
The shape that snail shells are is called what in French?,spiral,spirale,The shape that snail shells are ,translation-french,translation-shape-french,False,False,False,False,False,False,False,False,False,True,False,False
The thing that employees work for is called what in Spanish?,company,empresa,The thing that employees work for ,claude-translation,claude-translation-spanish,True,True,False,False,False,False,False,False,True,True,False,False
The thing that politicians belong to is called what in Spanish?,party,partido,The thing that politicians belong to ,claude-translation,claude-translation-spanish,False,False,False,True,False,False,True,True,True,True,True,True
The thing that computers store is called what in Spanish?,information,información,The thing that computers store ,claude-translation,claude-translation-spanish,False,False,False,False,False,False,False,False,False,False,False,False
The place that children attend to learn is called what in Spanish?,school,escuela,The place that children attend to learn ,claude-translation,claude-translation-spanish,True,True,True,True,True,True,True,True,True,True,True,True
The thing that scientists discover through research is called what in Spanish?,fact,hecho,The thing that scientists discover through research ,claude-translation,claude-translation-spanish,False,False,False,False,False,False,False,False,False,False,False,False
The thing that people spend at stores is called what in Spanish?,money,dinero,The thing that people spend at stores ,claude-translation,claude-translation-spanish,False,False,False,False,False,False,True,True,True,True,True,True
The thing that sharp objects have is called what in Spanish?,point,punto,The thing that sharp objects have ,claude-translation,claude-translation-spanish,False,False,False,False,False,False,False,False,False,False,False,False
The thing that teachers give to illustrate concepts is called what in Spanish?,example,ejemplo,The thing that teachers give to illustrate concepts ,claude-translation,claude-translation-spanish,False,False,False,False,True,True,True,True,True,True,True,True
The place that Americans live in is called what in Spanish?,state,estado,The place that Americans live in ,claude-translation,claude-translation-spanish,False,False,False,False,False,True,False,False,False,True,False,True
The thing that entrepreneurs start is called what in Spanish?,business,negocio,The thing that entrepreneurs start ,claude-translation,claude-translation-spanish,False,False,False,False,True,True,True,True,False,False,False,False
The time when people sleep is called what in Spanish?,night,noche,The time when people sleep ,claude-translation,claude-translation-spanish,True,True,False,False,False,False,False,True,False,True,False,True
The thing that cities have that is urban is called what in Spanish?,area,área,The thing that cities have that is urban ,claude-translation,claude-translation-spanish,False,False,False,False,False,False,False,False,False,False,False,False
The thing that thirsty people drink is called what in Spanish?,water,agua,The thing that thirsty people drink ,claude-translation,claude-translation-spanish,True,True,False,True,True,True,True,True,True,True,True,True
The thing that objects are is called what in Spanish?,thing,cosa,The thing that objects are ,claude-translation,claude-translation-spanish,False,False,False,True,False,False,False,False,False,True,False,False
The thing that parents and children form is called what in Spanish?,family,familia,The thing that parents and children form ,claude-translation,claude-translation-spanish,True,True,False,True,True,True,False,False,False,True,True,True
The thing that necks support is called what in Spanish?,head,cabeza,The thing that necks support ,claude-translation,claude-translation-spanish,False,False,False,False,False,False,False,False,False,False,False,False
The thing that arms end in is called what in Spanish?,hand,mano,The thing that arms end in ,claude-translation,claude-translation-spanish,False,False,False,True,False,False,True,True,False,False,False,True
The thing that waiters take is called what in Spanish?,order,orden,The thing that waiters take ,claude-translation,claude-translation-spanish,False,False,False,False,False,False,False,False,False,False,False,True
The thing that a popular male name is is called what in Spanish?,john,juan,The thing that a popular male name is ,claude-translation,claude-translation-spanish,False,False,False,False,False,False,False,False,False,False,False,False
The thing that objects have that is left or right is called what in Spanish?,side,lado,The thing that objects have that is left or right ,claude-translation,claude-translation-spanish,False,False,False,False,True,True,False,False,True,True,True,True
The place where families live is called what in Spanish?,home,hogar,The place where families live ,claude-translation,claude-translation-spanish,True,True,True,True,False,False,False,False,False,False,True,True
The thing that cities plan that is urban is called what in Spanish?,development,desarrollo,The thing that cities plan that is urban ,claude-translation,claude-translation-spanish,False,False,False,False,False,False,False,False,False,False,False,False
The thing that seven days make is called what in Spanish?,week,semana,The thing that seven days make ,claude-translation,claude-translation-spanish,False,False,False,False,True,True,True,True,True,True,True,True
The thing that light bulbs need is called what in Spanish?,power,poder,The thing that light bulbs need ,claude-translation,claude-translation-spanish,False,False,False,False,False,False,False,False,False,False,False,False
The place that tourists visit is called what in Spanish?,country,país,The place that tourists visit ,claude-translation,claude-translation-spanish,False,False,False,False,False,False,False,False,False,False,False,False
The thing that towns have for governance is called what in Spanish?,council,consejo,The thing that towns have for governance ,claude-translation,claude-translation-spanish,False,False,False,False,False,False,False,False,False,False,False,False
The thing that tools have is called what in Spanish?,use,uso,The thing that tools have ,claude-translation,claude-translation-spanish,False,False,False,False,False,False,False,False,False,False,False,False
The thing that restaurants provide is called what in Spanish?,service,servicio,The thing that restaurants provide ,claude-translation,claude-translation-spanish,False,False,False,False,False,False,True,True,False,False,False,False
The thing that hotels rent is called what in Spanish?,room,habitación,The thing that hotels rent ,claude-translation,claude-translation-spanish,False,False,False,False,True,True,True,True,True,True,True,True
The place where vendors sell goods is called what in Spanish?,market,mercado,The place where vendors sell goods ,claude-translation,claude-translation-spanish,True,True,True,True,True,True,True,True,True,True,True,True
The thing that students solve in math class is called what in Spanish?,problem,problema,The thing that students solve in math class ,claude-translation,claude-translation-spanish,False,False,True,True,True,True,True,True,True,True,True,True
The place where judges work is called what in Spanish?,court,tribunal,The place where judges work ,claude-translation,claude-translation-spanish,True,True,True,True,False,False,False,False,True,True,True,True
The place that stores have for cars is called what in Spanish?,lot,estacionamiento,The place that stores have for cars ,claude-translation,claude-translation-spanish,False,False,False,False,True,True,False,False,False,True,False,False
The thing that soldiers fight in is called what in Spanish?,war,guerra,The thing that soldiers fight in ,claude-translation,claude-translation-spanish,False,False,True,True,False,False,True,True,True,True,True,True
The people who investigate crime are called what in Spanish?,police,policía,The people who investigate crime are called what in X?,claude-translation,claude-translation-spanish,False,False,True,True,True,True,False,False,False,False,False,False
The thing that banks charge on loans is called what in Spanish?,interest,interés,The thing that banks charge on loans ,claude-translation,claude-translation-spanish,False,False,False,True,True,True,True,True,True,True,True,True
The thing that drivers operate is called what in Spanish?,car,coche,The thing that drivers operate ,claude-translation,claude-translation-spanish,False,False,False,False,False,False,False,False,False,False,False,True
The thing that criminals break is called what in Spanish?,law,ley,The thing that criminals break ,claude-translation,claude-translation-spanish,False,False,False,False,False,True,False,False,False,True,False,True
The thing that cars drive on is called what in Spanish?,road,carretera,The thing that cars drive on ,claude-translation,claude-translation-spanish,False,False,True,True,False,False,False,False,True,True,True,True
The thing that students fill out is called what in Spanish?,form,formulario,The thing that students fill out ,claude-translation,claude-translation-spanish,True,True,False,True,True,True,True,True,True,True,False,True
The thing that people wash is called what in Spanish?,face,cara,The thing that people wash ,claude-translation,claude-translation-spanish,False,False,False,False,False,False,False,False,False,False,False,False
The thing that students receive is called what in Spanish?,education,educación,The thing that students receive ,claude-translation,claude-translation-spanish,False,False,False,False,False,False,False,False,False,False,False,False
The thing that insurance companies have is called what in Spanish?,policy,política,The thing that insurance companies have ,claude-translation,claude-translation-spanish,False,False,False,False,False,False,False,False,False,False,False,False
The thing that scientists conduct is called what in Spanish?,research,investigación,The thing that scientists conduct ,claude-translation,claude-translation-spanish,False,False,False,False,False,False,False,False,True,True,False,False
The way that data can be organized is called what in Spanish?,sort,tipo,The way that data can be organized ,claude-translation,claude-translation-spanish,False,False,False,False,False,False,False,False,False,False,False,False
The place where employees work is called what in Spanish?,office,oficina,The place where employees work ,claude-translation,claude-translation-spanish,False,False,True,True,True,True,True,True,False,False,False,False
The thing that doctors examine is called what in Spanish?,body,cuerpo,The thing that doctors examine ,claude-translation,claude-translation-spanish,False,False,False,False,False,False,False,False,False,False,False,False
The thing that each individual is is called what in Spanish?,person,persona,The thing that each individual is ,claude-translation,claude-translation-spanish,False,False,False,False,False,False,False,False,False,False,False,False
The thing that doctors care for is called what in Spanish?,health,salud,The thing that doctors care for ,claude-translation,claude-translation-spanish,True,True,False,False,True,True,False,True,False,True,False,True
The person who children are born to is called what in Spanish?,mother,madre,The person who children are born to ,claude-translation,claude-translation-spanish,False,False,False,True,False,False,False,False,False,False,False,True
The thing that students ask is called what in Spanish?,question,pregunta,The thing that students ask ,claude-translation,claude-translation-spanish,False,False,False,True,True,True,False,True,True,True,True,True
The thing that sentences end with is called what in Spanish?,period,período,The thing that sentences end with ,claude-translation,claude-translation-spanish,False,False,False,False,False,False,False,False,False,False,False,False
The thing that people have that is first is called what in Spanish?,name,nombre,The thing that people have that is first ,claude-translation,claude-translation-spanish,False,False,False,False,False,False,True,True,False,False,False,False
The thing that libraries lend is called what in Spanish?,book,libro,The thing that libraries lend ,claude-translation,claude-translation-spanish,False,False,True,True,True,True,False,False,False,False,True,True
The thing that buildings have that is ground is called what in Spanish?,level,nivel,The thing that buildings have that is ground ,claude-translation,claude-translation-spanish,False,False,False,False,False,False,False,False,False,False,False,False
The person who parents raise is called what in Spanish?,child,niño,The person who parents raise ,claude-translation,claude-translation-spanish,False,False,False,False,False,False,False,False,False,False,False,False
The thing that pilots have over flight is called what in Spanish?,control,control,The thing that pilots have over flight ,claude-translation,claude-translation-spanish,False,False,False,False,False,False,False,False,False,False,False,False
The thing that people live in collectively is called what in Spanish?,society,sociedad,The thing that people live in collectively ,claude-translation,claude-translation-spanish,False,False,False,False,False,False,False,False,True,True,False,False
The person who governments appoint as leader is called what in Spanish?,minister,ministro,The person who governments appoint as leader ,claude-translation,claude-translation-spanish,False,False,False,False,False,False,False,False,False,False,False,False
The thing that windows provide is called what in Spanish?,view,vista,The thing that windows provide ,claude-translation,claude-translation-spanish,False,False,False,False,False,False,False,False,False,False,False,False
The thing that houses have in front is called what in Spanish?,door,puerta,The thing that houses have in front ,claude-translation,claude-translation-spanish,False,False,False,False,True,True,False,False,False,False,False,False
The thing that people wait in is called what in Spanish?,line,línea,The thing that people wait in ,claude-translation,claude-translation-spanish,False,False,False,False,False,False,False,False,False,False,False,False
The thing that neighbors form is called what in Spanish?,community,comunidad,The thing that neighbors form ,claude-translation,claude-translation-spanish,True,True,False,False,False,False,False,False,False,False,False,False
The direction that compasses point is called what in Spanish?,south,sur,The direction that compasses point ,claude-translation,claude-translation-spanish,False,False,False,False,False,False,False,False,False,False,False,False
The place where people live is called what in Spanish?,city,ciudad,The place where people live ,claude-translation,claude-translation-spanish,False,False,False,False,True,True,False,False,False,False,False,False
The person who religious people worship is called what in Spanish?,god,dios,The person who religious people worship ,claude-translation,claude-translation-spanish,False,False,True,True,True,True,True,True,True,True,True,True
The person who children have as male parent is called what in Spanish?,father,padre,The person who children have as male parent ,claude-translation,claude-translation-spanish,True,True,True,True,True,True,True,True,True,True,True,True
The thing that circles have is called what in Spanish?,centre,centro,The thing that circles have ,claude-translation,claude-translation-spanish,False,False,False,False,False,False,False,False,False,False,False,False
The thing that causes produce is called what in Spanish?,effect,efecto,The thing that causes produce ,claude-translation,claude-translation-spanish,False,False,False,False,False,False,False,False,False,False,False,False
The people who companies employ are called what in Spanish?,staff,personal,The people who companies employ are called what in X?,claude-translation,claude-translation-spanish,False,False,False,False,False,False,False,False,False,False,False,False
The thing that job seekers apply for is called what in Spanish?,position,posición,The thing that job seekers apply for ,claude-translation,claude-translation-spanish,False,False,False,False,False,False,False,False,False,False,False,False
The thing that there are many different of is called what in Spanish?,kind,tipo,The thing that there are many different of ,claude-translation,claude-translation-spanish,False,False,False,False,False,False,False,False,False,False,False,False
The thing that people work at is called what in Spanish?,job,trabajo,The thing that people work at ,claude-translation,claude-translation-spanish,True,True,True,True,True,True,True,True,True,True,True,True
The person who a female adult is is called what in Spanish?,woman,mujer,The person who a female adult is ,claude-translation,claude-translation-spanish,False,False,False,False,True,True,False,False,True,True,True,True
The thing that movies are full of is called what in Spanish?,action,acción,The thing that movies are full of ,claude-translation,claude-translation-spanish,False,False,False,False,True,True,True,True,True,True,True,True
The thing that companies need that is good is called what in Spanish?,management,gestión,The thing that companies need that is good ,claude-translation,claude-translation-spanish,False,False,False,False,False,False,False,False,False,False,False,False
The thing that congress passes is called what in Spanish?,act,acto,The thing that congress passes ,claude-translation,claude-translation-spanish,False,False,False,False,False,False,False,False,False,False,False,False
The thing that factories use for manufacturing is called what in Spanish?,process,proceso,The thing that factories use for manufacturing ,claude-translation,claude-translation-spanish,False,False,False,False,False,False,False,False,False,False,False,False
The direction that compasses point opposite to south is called what in Spanish?,north,norte,The direction that compasses point opposite to south ,claude-translation,claude-translation-spanish,False,False,False,True,True,True,True,True,True,True,True,True
The thing that people celebrate yearly is called what in Spanish?,age,edad,The thing that people celebrate yearly ,claude-translation,claude-translation-spanish,False,False,False,False,False,False,False,False,False,False,False,False
The thing that lawyers present in court is called what in Spanish?,evidence,evidencia,The thing that lawyers present in court ,claude-translation,claude-translation-spanish,False,False,False,False,False,False,False,False,False,False,False,False
The thing that creative people have is called what in Spanish?,idea,idea,The thing that creative people have ,claude-translation,claude-translation-spanish,False,False,False,False,False,False,False,False,False,False,False,False
The direction where the sun sets is called what in Spanish?,west,oeste,The direction where the sun sets ,claude-translation,claude-translation-spanish,False,False,False,True,True,True,True,True,True,True,True,True
The thing that bridges need that is structural is called what in Spanish?,support,apoyo,The thing that bridges need that is structural ,claude-translation,claude-translation-spanish,False,False,False,False,False,False,False,False,False,False,False,False
The thing that you should wait is called what in Spanish?,moment,momento,The thing that you should wait ,claude-translation,claude-translation-spanish,False,False,False,False,False,False,False,False,False,False,False,False
The thing that jokes should make is called what in Spanish?,sense,sentido,The thing that jokes should make ,claude-translation,claude-translation-spanish,False,False,False,False,False,False,False,False,False,False,False,False
The thing that journalists write is called what in Spanish?,report,informe,The thing that journalists write ,claude-translation,claude-translation-spanish,False,False,False,False,False,False,False,False,False,False,False,False
The thing that people use to think is called what in Spanish?,mind,mente,The thing that people use to think ,claude-translation,claude-translation-spanish,False,False,False,False,False,False,True,True,False,False,False,False
The place that religious people attend is called what in Spanish?,church,iglesia,The place that religious people attend ,claude-translation,claude-translation-spanish,False,False,False,True,True,True,True,True,True,True,True,True
The time when people wake up is called what in Spanish?,morning,mañana,The time when people wake up ,claude-translation,claude-translation-spanish,False,False,False,False,False,False,False,False,False,True,True,True
The thing that old age leads to is called what in Spanish?,death,muerte,The thing that old age leads to ,claude-translation,claude-translation-spanish,False,False,False,False,False,False,False,False,False,False,False,False
The thing that people resist is called what in Spanish?,change,cambio,The thing that people resist ,claude-translation,claude-translation-spanish,False,False,False,False,False,False,False,False,False,False,True,True
The thing that workers are employed by is called what in Spanish?,industry,industria,The thing that workers are employed by ,claude-translation,claude-translation-spanish,False,False,False,False,False,False,False,False,False,False,False,False
The thing that farmers cultivate is called what in Spanish?,land,tierra,The thing that farmers cultivate ,claude-translation,claude-translation-spanish,False,False,False,False,False,False,False,False,False,False,False,False
The thing that nurses provide is called what in Spanish?,care,cuidado,The thing that nurses provide ,claude-translation,claude-translation-spanish,False,False,False,True,False,False,False,False,True,True,True,True
The thing that a hundred years make is called what in Spanish?,century,siglo,The thing that a hundred years make ,claude-translation,claude-translation-spanish,False,False,False,False,True,True,True,True,True,True,True,True
The thing that mountains form is called what in Spanish?,range,cordillera,The thing that mountains form ,claude-translation,claude-translation-spanish,False,False,False,False,False,False,False,False,True,True,True,True
The thing that people eat dinner at is called what in Spanish?,table,mesa,The thing that people eat dinner at ,claude-translation,claude-translation-spanish,False,False,False,False,True,True,True,True,False,True,False,True
The thing that people have pain in is called what in Spanish?,back,espalda,The thing that people have pain in ,claude-translation,claude-translation-spanish,False,False,False,False,False,False,False,False,False,False,False,False
The thing that employees work for is called what in French?,company,entreprise,The thing that employees work for ,claude-translation,claude-translation-french,False,False,False,True,False,False,False,False,False,True,False,False
The thing that politicians belong to is called what in French?,party,parti,The thing that politicians belong to ,claude-translation,claude-translation-french,False,False,False,True,False,False,False,False,False,True,True,True
The thing that computers store is called what in French?,information,information,The thing that computers store ,claude-translation,claude-translation-french,False,False,False,False,False,False,False,False,False,False,False,False
The place that children attend to learn is called what in French?,school,école,The place that children attend to learn ,claude-translation,claude-translation-french,False,False,True,True,True,True,True,True,True,True,False,True
The thing that scientists discover through research is called what in French?,fact,fait,The thing that scientists discover through research ,claude-translation,claude-translation-french,False,False,False,False,False,False,False,False,False,False,False,False
The thing that people spend at stores is called what in French?,money,argent,The thing that people spend at stores ,claude-translation,claude-translation-french,False,False,False,False,True,True,True,True,True,True,False,True
The thing that sharp objects have is called what in French?,point,point,The thing that sharp objects have ,claude-translation,claude-translation-french,False,False,False,False,False,False,False,False,False,False,False,False
The thing that teachers give to illustrate concepts is called what in French?,example,exemple,The thing that teachers give to illustrate concepts ,claude-translation,claude-translation-french,False,False,False,False,True,True,True,True,True,True,True,True
The place that Americans live in is called what in French?,state,état,The place that Americans live in ,claude-translation,claude-translation-french,False,False,False,False,False,True,False,False,False,False,False,True
The thing that entrepreneurs start is called what in French?,business,affaires,The thing that entrepreneurs start ,claude-translation,claude-translation-french,False,False,False,False,False,False,False,False,False,False,False,False
The time when people sleep is called what in French?,night,nuit,The time when people sleep ,claude-translation,claude-translation-french,True,True,False,False,True,True,False,True,False,True,False,True
The thing that cities have that is urban is called what in French?,area,zone,The thing that cities have that is urban ,claude-translation,claude-translation-french,False,False,False,False,False,False,False,False,False,False,False,False
The thing that thirsty people drink is called what in French?,water,eau,The thing that thirsty people drink ,claude-translation,claude-translation-french,True,True,False,True,True,True,True,True,True,True,True,True
The thing that objects are is called what in French?,thing,chose,The thing that objects are ,claude-translation,claude-translation-french,False,False,False,False,False,False,False,False,False,False,False,False
The thing that parents and children form is called what in French?,family,famille,The thing that parents and children form ,claude-translation,claude-translation-french,True,True,True,True,True,True,False,False,False,True,False,True
The thing that necks support is called what in French?,head,tête,The thing that necks support ,claude-translation,claude-translation-french,False,False,False,False,False,False,False,False,False,True,True,True
The thing that arms end in is called what in French?,hand,main,The thing that arms end in ,claude-translation,claude-translation-french,False,False,False,False,True,True,False,False,True,True,True,True
The thing that waiters take is called what in French?,order,commande,The thing that waiters take ,claude-translation,claude-translation-french,False,False,False,False,True,True,False,True,False,False,False,True
The thing that a popular male name is is called what in French?,john,jean,The thing that a popular male name is ,claude-translation,claude-translation-french,False,False,False,False,False,False,False,False,False,False,False,False
The thing that objects have that is left or right is called what in French?,side,côté,The thing that objects have that is left or right ,claude-translation,claude-translation-french,False,False,False,False,True,True,False,False,False,True,False,False
The place where families live is called what in French?,home,maison,The place where families live ,claude-translation,claude-translation-french,False,False,False,False,True,True,True,True,False,True,True,True
The thing that cities plan that is urban is called what in French?,development,développement,The thing that cities plan that is urban ,claude-translation,claude-translation-french,False,False,False,False,False,False,False,False,False,False,False,False
The thing that seven days make is called what in French?,week,semaine,The thing that seven days make ,claude-translation,claude-translation-french,False,False,False,True,True,True,True,True,True,True,True,True
The thing that light bulbs need is called what in French?,power,pouvoir,The thing that light bulbs need ,claude-translation,claude-translation-french,False,False,False,False,False,False,False,False,False,False,False,False
The place that tourists visit is called what in French?,country,pays,The place that tourists visit ,claude-translation,claude-translation-french,False,False,False,False,False,False,False,False,False,False,False,False
The thing that towns have for governance is called what in French?,council,conseil,The thing that towns have for governance ,claude-translation,claude-translation-french,False,False,False,False,False,False,False,False,False,False,False,False
The thing that tools have is called what in French?,use,utilisation,The thing that tools have ,claude-translation,claude-translation-french,False,False,False,False,False,False,False,False,False,False,False,False
The thing that restaurants provide is called what in French?,service,service,The thing that restaurants provide ,claude-translation,claude-translation-french,False,False,False,False,True,True,True,True,False,False,False,False
The thing that hotels rent is called what in French?,room,chambre,The thing that hotels rent ,claude-translation,claude-translation-french,False,False,False,True,True,True,True,True,True,True,True,True
The place where vendors sell goods is called what in French?,market,marché,The place where vendors sell goods ,claude-translation,claude-translation-french,False,False,False,True,True,True,True,True,True,True,True,True
The thing that students solve in math class is called what in French?,problem,problème,The thing that students solve in math class ,claude-translation,claude-translation-french,False,False,False,False,True,True,True,True,True,True,True,True
The place where judges work is called what in French?,court,tribunal,The place where judges work ,claude-translation,claude-translation-french,False,False,True,True,False,False,True,True,False,False,True,True
The place that stores have for cars is called what in French?,lot,parking,The place that stores have for cars ,claude-translation,claude-translation-french,False,False,False,False,False,False,True,True,False,True,False,True
The thing that soldiers fight in is called what in French?,war,guerre,The thing that soldiers fight in ,claude-translation,claude-translation-french,False,False,False,True,False,False,False,False,False,True,False,True
The people who investigate crime are called what in French?,police,police,The people who investigate crime are called what in X?,claude-translation,claude-translation-french,False,False,False,False,False,False,False,False,False,False,False,False
The thing that banks charge on loans is called what in French?,interest,intérêt,The thing that banks charge on loans ,claude-translation,claude-translation-french,False,False,True,True,True,True,True,True,False,True,False,True
The thing that drivers operate is called what in French?,car,voiture,The thing that drivers operate ,claude-translation,claude-translation-french,False,False,False,True,True,True,False,False,False,False,False,True
The thing that criminals break is called what in French?,law,loi,The thing that criminals break ,claude-translation,claude-translation-french,False,False,False,False,False,True,False,True,True,True,False,True
The thing that cars drive on is called what in French?,road,route,The thing that cars drive on ,claude-translation,claude-translation-french,False,False,False,False,True,True,True,True,True,True,True,True
The thing that students fill out is called what in French?,form,formulaire,The thing that students fill out ,claude-translation,claude-translation-french,False,True,False,False,True,True,False,False,True,True,True,True
The thing that people wash is called what in French?,face,visage,The thing that people wash ,claude-translation,claude-translation-french,False,False,False,False,False,False,False,False,False,False,False,False
The thing that students receive is called what in French?,education,éducation,The thing that students receive ,claude-translation,claude-translation-french,False,False,False,False,False,False,False,False,False,False,False,False
The thing that insurance companies have is called what in French?,policy,politique,The thing that insurance companies have ,claude-translation,claude-translation-french,False,False,False,False,False,False,False,False,False,False,False,False
The thing that scientists conduct is called what in French?,research,recherche,The thing that scientists conduct ,claude-translation,claude-translation-french,False,False,False,False,False,False,False,False,False,True,False,False
The way that data can be organized is called what in French?,sort,tri,The way that data can be organized ,claude-translation,claude-translation-french,False,False,False,False,False,False,False,False,False,False,False,False
The place where employees work is called what in French?,office,bureau,The place where employees work ,claude-translation,claude-translation-french,False,False,False,False,True,True,True,True,True,True,False,False
The thing that doctors examine is called what in French?,body,corps,The thing that doctors examine ,claude-translation,claude-translation-french,False,False,False,False,False,False,False,False,False,False,False,False
The thing that each individual is is called what in French?,person,personne,The thing that each individual is ,claude-translation,claude-translation-french,False,False,False,False,False,False,False,False,False,False,False,False
The thing that doctors care for is called what in French?,health,santé,The thing that doctors care for ,claude-translation,claude-translation-french,False,False,False,False,True,True,False,True,False,False,False,True
The person who children are born to is called what in French?,mother,mère,The person who children are born to ,claude-translation,claude-translation-french,False,False,False,False,False,False,True,True,False,False,False,False
The thing that students ask is called what in French?,question,question,The thing that students ask ,claude-translation,claude-translation-french,False,False,False,False,True,True,False,True,True,True,False,True
The thing that sentences end with is called what in French?,period,période,The thing that sentences end with ,claude-translation,claude-translation-french,False,False,False,False,False,False,False,False,False,False,False,False
The thing that people have that is first is called what in French?,name,nom,The thing that people have that is first ,claude-translation,claude-translation-french,False,False,False,False,False,False,True,True,False,False,False,False
The thing that libraries lend is called what in French?,book,livre,The thing that libraries lend ,claude-translation,claude-translation-french,False,False,True,True,True,True,True,True,False,True,True,True
The thing that buildings have that is ground is called what in French?,level,niveau,The thing that buildings have that is ground ,claude-translation,claude-translation-french,False,False,False,False,False,False,False,False,False,False,False,False
The person who parents raise is called what in French?,child,enfant,The person who parents raise ,claude-translation,claude-translation-french,False,False,False,False,True,True,True,True,True,True,True,True
The thing that pilots have over flight is called what in French?,control,contrôle,The thing that pilots have over flight ,claude-translation,claude-translation-french,False,False,False,False,False,False,False,False,False,False,False,True
The thing that people live in collectively is called what in French?,society,société,The thing that people live in collectively ,claude-translation,claude-translation-french,False,False,False,False,False,False,False,False,False,True,False,True
The person who governments appoint as leader is called what in French?,minister,ministre,The person who governments appoint as leader ,claude-translation,claude-translation-french,False,False,False,True,False,False,False,False,False,False,False,False
The thing that windows provide is called what in French?,view,vue,The thing that windows provide ,claude-translation,claude-translation-french,False,False,False,False,False,False,True,True,False,False,False,False
The thing that houses have in front is called what in French?,door,porte,The thing that houses have in front ,claude-translation,claude-translation-french,False,False,False,True,True,True,False,False,False,False,False,False
The thing that people wait in is called what in French?,line,ligne,The thing that people wait in ,claude-translation,claude-translation-french,False,False,False,False,False,False,False,False,False,False,False,False
The thing that neighbors form is called what in French?,community,communauté,The thing that neighbors form ,claude-translation,claude-translation-french,False,False,False,True,False,False,False,False,False,False,False,False
The direction that compasses point is called what in French?,south,sud,The direction that compasses point ,claude-translation,claude-translation-french,False,False,False,False,True,True,False,False,False,False,False,False
The place where people live is called what in French?,city,ville,The place where people live ,claude-translation,claude-translation-french,False,False,False,True,False,False,False,False,False,False,False,False
The person who religious people worship is called what in French?,god,dieu,The person who religious people worship ,claude-translation,claude-translation-french,False,False,True,True,True,True,True,True,True,True,True,True
The person who children have as male parent is called what in French?,father,père,The person who children have as male parent ,claude-translation,claude-translation-french,True,True,True,True,True,True,True,True,True,True,True,True
The thing that circles have is called what in French?,centre,centre,The thing that circles have ,claude-translation,claude-translation-french,False,False,False,False,False,False,False,False,False,False,False,False
The thing that causes produce is called what in French?,effect,effet,The thing that causes produce ,claude-translation,claude-translation-french,False,False,False,False,False,False,False,False,False,False,False,False
The people who companies employ are called what in French?,staff,personnel,The people who companies employ are called what in X?,claude-translation,claude-translation-french,False,False,False,False,False,False,False,False,False,False,False,False
The thing that job seekers apply for is called what in French?,position,position,The thing that job seekers apply for ,claude-translation,claude-translation-french,False,False,False,False,False,False,False,False,False,False,False,False
The thing that there are many different of is called what in French?,kind,genre,The thing that there are many different of ,claude-translation,claude-translation-french,False,False,False,False,False,False,False,False,False,False,False,False
The thing that people work at is called what in French?,job,emploi,The thing that people work at ,claude-translation,claude-translation-french,False,False,False,False,False,False,False,False,False,False,False,False
The person who a female adult is is called what in French?,woman,femme,The person who a female adult is ,claude-translation,claude-translation-french,False,True,False,False,True,True,False,False,False,True,False,True
The thing that movies are full of is called what in French?,action,action,The thing that movies are full of ,claude-translation,claude-translation-french,False,False,False,False,False,True,True,True,False,False,False,False
The thing that companies need that is good is called what in French?,management,gestion,The thing that companies need that is good ,claude-translation,claude-translation-french,False,False,False,False,False,False,False,False,False,False,False,False
The thing that congress passes is called what in French?,act,acte,The thing that congress passes ,claude-translation,claude-translation-french,False,False,False,False,False,False,False,False,False,False,False,False
The thing that factories use for manufacturing is called what in French?,process,processus,The thing that factories use for manufacturing ,claude-translation,claude-translation-french,False,False,False,False,False,False,False,False,False,False,False,False
The direction that compasses point opposite to south is called what in French?,north,nord,The direction that compasses point opposite to south ,claude-translation,claude-translation-french,True,True,False,True,True,True,True,True,True,True,True,True
The thing that people celebrate yearly is called what in French?,age,âge,The thing that people celebrate yearly ,claude-translation,claude-translation-french,False,False,False,False,False,False,False,False,False,False,False,False
The thing that lawyers present in court is called what in French?,evidence,preuve,The thing that lawyers present in court ,claude-translation,claude-translation-french,False,False,False,False,False,False,False,False,False,False,False,False
The thing that creative people have is called what in French?,idea,idée,The thing that creative people have ,claude-translation,claude-translation-french,False,False,False,False,False,False,False,False,False,False,False,False
The direction where the sun sets is called what in French?,west,ouest,The direction where the sun sets ,claude-translation,claude-translation-french,False,False,False,False,True,True,True,True,True,True,True,True
The thing that bridges need that is structural is called what in French?,support,soutien,The thing that bridges need that is structural ,claude-translation,claude-translation-french,False,False,False,False,False,False,False,False,False,False,False,False
The thing that you should wait is called what in French?,moment,moment,The thing that you should wait ,claude-translation,claude-translation-french,False,False,False,False,False,False,False,False,False,False,False,False
The thing that jokes should make is called what in French?,sense,sens,The thing that jokes should make ,claude-translation,claude-translation-french,False,False,False,False,False,False,False,False,False,False,False,False
The thing that journalists write is called what in French?,report,rapport,The thing that journalists write ,claude-translation,claude-translation-french,False,False,False,False,False,False,False,False,False,False,False,False
The thing that people use to think is called what in French?,mind,esprit,The thing that people use to think ,claude-translation,claude-translation-french,False,False,False,True,True,True,True,True,False,False,False,False
The place that religious people attend is called what in French?,church,église,The place that religious people attend ,claude-translation,claude-translation-french,False,False,True,True,True,True,True,True,True,True,True,True
The time when people wake up is called what in French?,morning,matin,The time when people wake up ,claude-translation,claude-translation-french,False,False,False,False,False,False,False,False,False,False,True,True
The thing that old age leads to is called what in French?,death,mort,The thing that old age leads to ,claude-translation,claude-translation-french,False,False,False,False,False,False,False,False,False,False,False,False
The thing that people resist is called what in French?,change,changement,The thing that people resist ,claude-translation,claude-translation-french,False,False,False,False,False,False,False,False,False,False,False,True
The thing that workers are employed by is called what in French?,industry,industrie,The thing that workers are employed by ,claude-translation,claude-translation-french,False,False,False,False,False,False,False,False,False,False,False,False
The thing that farmers cultivate is called what in French?,land,terre,The thing that farmers cultivate ,claude-translation,claude-translation-french,False,True,False,False,False,True,False,False,False,False,False,False
The thing that nurses provide is called what in French?,care,soin,The thing that nurses provide ,claude-translation,claude-translation-french,False,False,True,True,False,True,False,True,False,True,False,True
The thing that a hundred years make is called what in French?,century,siècle,The thing that a hundred years make ,claude-translation,claude-translation-french,False,False,False,True,True,True,True,True,True,True,True,True
The thing that mountains form is called what in French?,range,gamme,The thing that mountains form ,claude-translation,claude-translation-french,False,False,False,False,False,False,False,False,False,False,False,False
The thing that people eat dinner at is called what in French?,table,table,The thing that people eat dinner at ,claude-translation,claude-translation-french,False,False,False,True,True,True,True,True,False,False,True,True
The thing that people have pain in is called what in French?,back,dos,The thing that people have pain in ,claude-translation,claude-translation-french,False,False,False,False,False,False,False,False,False,False,False,False
The mouse with large round ears wears what color shorts?,Mickey Mouse,red,The mouse with large round ears,fictional_characters,fictional_characters,False,False,False,False,False,False,False,False,False,False,False,False
The man of steel who can fly is weakened by what green mineral?,Superman,Kryptonite,The man of steel who can fly,fictional_characters,fictional_characters,False,False,False,False,True,True,True,True,True,True,True,True
The vigilante who fights crime in Gotham City has a butler named what?,Batman,Alfred,The vigilante who fights crime in Gotham City,fictional_characters,fictional_characters,False,False,True,True,True,True,True,True,True,True,True,True
The plumber who saves Princess Peach wears what color overalls?,Mario,blue,The plumber who saves Princess Peach,fictional_characters,fictional_characters,False,False,True,True,True,True,True,True,True,True,True,True
Batman's arch-nemesis has what color hair?,The Joker,green,Batman's arch-nemesis,fictional_characters,fictional_characters,False,False,False,False,False,False,False,False,False,False,True,True
The electric mouse Pokémon has cheeks that are what color?,Pikachu,red,The electric mouse Pokémon,fictional_characters,fictional_characters,False,False,False,False,False,False,True,True,True,True,True,True
The sponge who works at the Krusty Krab lives in what type of fruit?,SpongeBob SquarePants,pineapple,The sponge who works at the Krusty Krab,fictional_characters,fictional_characters,False,False,False,False,True,True,True,True,True,True,True,True
The spy who uses the code name 007 prefers his martinis prepared how?,James Bond,shaken,The spy who uses the code name 007,fictional_characters,fictional_characters,False,False,False,False,True,True,False,True,False,True,True,True
The web-slinging superhero was bitten by what type of creature?,Spider-Man,spider,The web-slinging superhero,fictional_characters,fictional_characters,False,False,False,True,True,True,True,True,True,True,True,True
The overweight father from Family Guy works at what type of facility?,Peter Griffin,brewery,The overweight father from Family Guy,fictional_characters,fictional_characters,False,False,False,False,False,False,False,False,False,False,False,False
The boy who never grows up can do what magical ability?,Peter Pan,fly,The boy who never grows up,fictional_characters,fictional_characters,False,False,False,False,True,True,True,True,True,True,True,True
The archaeologist with a whip is afraid of what type of animal?,Indiana Jones,snakes,The archaeologist with a whip,fictional_characters,fictional_characters,False,False,False,False,False,False,False,False,False,False,True,True
The magical nanny travels using what object?,Mary Poppins,umbrella,The magical nanny,fictional_characters,fictional_characters,False,False,False,False,True,True,False,False,False,False,True,True
The boy wizard has a scar shaped like what?,Harry Potter,lightning,The boy wizard,fictional_characters,fictional_characters,False,False,False,False,True,True,True,True,True,True,True,True
The girl who clicks her heels three times wears what color shoes?,Dorothy Gale,ruby,The girl who clicks her heels three times,fictional_characters,fictional_characters,False,False,False,False,False,False,False,False,False,False,True,True
The giant ape climbs what famous New York building?,King Kong,Empire State Building,The giant ape,fictional_characters,fictional_characters,False,False,True,True,True,True,True,True,True,True,True,True
The Mattel fashion doll has a boyfriend named what?,Barbie,Ken,The Mattel fashion doll,fictional_characters,fictional_characters,False,False,False,False,False,True,True,True,True,True,True,True
The Southern belle from Gone with the Wind lives on what plantation?,Scarlett O'Hara,Tara,The Southern belle from Gone with the Wind,fictional_characters,fictional_characters,False,False,False,False,True,True,True,True,True,True,True,True
The bear who loves honey wears a shirt of what color?,Winnie the Pooh,red shirt,The bear who loves honey,fictional_characters,fictional_characters,False,False,False,False,False,False,False,False,False,False,False,False
The sailor who gets strong from spinach has a girlfriend named what?,Popeye,Olive,The sailor who gets strong from spinach,fictional_characters,fictional_characters,False,False,False,False,False,False,True,True,True,True,True,True
The newspaper tycoon's dying word in Citizen Kane is what?,Charles Foster Kane,Rosebud,The newspaper tycoon in Citizen Kane,fictional_characters,fictional_characters,False,False,False,False,True,True,True,True,False,True,False,True
The teenager who travels through time drives what type of car?,Marty McFly,DeLorean,The teenager who travels through time,fictional_characters,fictional_characters,False,False,False,False,True,True,True,True,True,True,True,True
The nightclub owner in Casablanca tells the piano player to play what song?,Rick Blaine,As Time Goes By,The nightclub owner in Casablanca,fictional_characters,fictional_characters,False,False,False,True,False,True,True,True,True,True,True,True
The blue train engine works on what island?,Thomas the Tank Engine,Sodor,The blue train engine,fictional_characters,fictional_characters,False,False,False,False,True,True,False,False,True,True,False,False
The Amazon warrior princess has what weapon that compels truth?,Wonder Woman,lasso,The Amazon warrior princess,fictional_characters,fictional_characters,False,False,False,False,False,False,False,False,True,True,True,True
The mysterious millionaire throws parties to win back a woman named what?,Jay Gatsby,Daisy,The mysterious millionaire,fictional_characters,fictional_characters,False,False,False,False,False,False,False,False,False,False,False,False
The green Muppet frog plays what musical instrument?,Kermit the Frog,banjo,The green Muppet frog,fictional_characters,fictional_characters,False,False,False,False,False,False,False,False,True,True,True,True
The socialite in Breakfast at Tiffany's has a cat with what name?,Holly Golightly,Cat,The socialite in Breakfast at Tiffany's,fictional_characters,fictional_characters,False,False,False,False,False,False,False,False,True,True,False,False
The laid-back bowler in The Big Lebowski drinks what cocktail?,The Dude,White Russian,The laid-back bowler in The Big Lebowski,fictional_characters,fictional_characters,False,False,False,False,False,False,True,True,True,True,True,True
The cowardly Great Dane solves mysteries with a group called what?,Scooby-Doo,Mystery Inc,The cowardly Great Dane,fictional_characters,fictional_characters,False,False,False,False,False,False,False,False,False,False,False,False
The chemistry teacher turned meth cook uses what alias?,Walter White,Heisenberg,The chemistry teacher turned meth cook,fictional_characters,fictional_characters,False,False,False,False,False,False,False,False,False,False,True,True
The super soldier carries a shield made of what metal?,Captain America,vibranium,The super soldier,fictional_characters,fictional_characters,False,False,False,False,False,False,True,True,True,True,True,True
The mutant with retractable claws has a skeleton made of what metal?,Wolverine,adamantium,The mutant with retractable claws,fictional_characters,fictional_characters,False,False,False,False,False,False,False,False,True,True,True,True
The killer at Camp Crystal Lake wears what type of mask?,Jason Voorhees,hockey,The killer at Camp Crystal Lake,fictional_characters,fictional_characters,False,False,False,False,False,False,False,False,True,True,True,True
The blue speedster collects what golden objects?,Sonic the Hedgehog,rings,The blue speedster,fictional_characters,fictional_characters,False,False,False,False,False,False,True,True,True,True,False,False
The girl on fire in The Hunger Games is skilled with what weapon?,Katniss Everdeen,bow,The girl on fire in The Hunger Games,fictional_characters,fictional_characters,False,False,False,False,True,True,True,True,True,True,False,False
The green ogre lives in what type of environment?,Shrek,swamp,The green ogre,fictional_characters,fictional_characters,False,False,False,False,False,False,False,False,False,False,True,True
The leader of the Autobots transforms into what type of vehicle?,Optimus Prime,truck,The leader of the Autobots,fictional_characters,fictional_characters,False,False,False,False,True,True,False,False,True,True,False,False
r=5//2. r*6=,2,12,r=5//2,math,math,False,False,False,False,False,False,True,True,True,True,True,True
h=4//9. h*5=,0,0,h=4//9,math,math,False,False,False,True,False,True,False,True,False,True,True,True
c=3+8. c*5=,11,55,c=3+8,math,math,False,False,False,False,True,True,True,True,True,True,True,True
g=3-3. g*7=,0,0,g=3-3,math,math,False,False,False,False,True,True,True,True,True,True,True,True
a=8//7. a//6=,1,0,a=8//7,math,math,False,False,False,False,False,False,True,True,False,False,True,True
a=9*7. a*4=,63,252,a=9*7,math,math,False,False,True,True,True,True,True,True,True,True,True,True
r=4*4. r//3=,16,5,r=4*4,math,math,False,False,False,True,True,True,True,True,True,True,True,True
z=3-9. z+8=,-6,2,z=3-9,math,math,False,False,False,False,True,True,True,True,True,True,False,True
j=7*9. j+5=,63,68,j=7*9,math,math,False,False,False,False,True,True,True,True,True,True,True,True
n=1+1. n//3=,2,0,n=1+1,math,math,True,True,False,False,True,True,True,True,True,True,True,True
h=2//8. h-5=,0,-5,h=2//8,math,math,False,False,False,False,False,False,False,False,True,True,True,True
s=3+4. s//9=,7,0,s=3+4,math,math,True,True,False,False,True,True,True,True,True,True,True,True
o=6*7. o+1=,42,43,o=6*7,math,math,False,False,True,True,True,True,True,True,True,True,True,True
k=7//9. k//1=,0,0,k=7//9,math,math,True,True,True,True,True,True,True,True,False,False,True,True
l=6+6. l+4=,12,16,l=6+6,math,math,False,False,True,True,True,True,True,True,True,True,True,True
n=5+5. n+7=,10,17,n=5+5,math,math,False,False,True,True,True,True,True,True,True,True,True,True
c=1+6. c-2=,7,5,c=1+6,math,math,False,False,True,True,True,True,True,True,True,True,True,True
e=9-6. e//9=,3,0,e=9-6,math,math,False,False,False,False,True,True,True,True,True,True,True,True
x=2+2. x-9=,4,-5,x=2+2,math,math,False,False,True,True,True,True,True,True,True,True,True,True
j=8*4. j//4=,32,8,j=8*4,math,math,False,False,False,True,True,True,True,True,True,True,True,True
q=8-9. q//1=,-1,-1,q=8-9,math,math,False,False,False,False,False,False,False,False,True,True,True,True
m=7*7. m*7=,49,343,m=7*7,math,math,False,False,False,False,True,True,True,True,True,True,True,True
t=8+3. t//7=,11,1,t=8+3,math,math,True,True,False,True,True,True,True,True,True,True,True,True
h=5-6. h-7=,-1,-8,h=5-6,math,math,False,False,False,False,True,True,True,True,True,True,True,True
y=1+6. y-3=,7,4,y=1+6,math,math,False,False,True,True,True,True,True,True,True,True,True,True
c=3-5. c+5=,-2,3,c=3-5,math,math,False,False,False,False,False,False,False,False,True,True,True,True
u=3*5. u+6=,15,21,u=3*5,math,math,False,False,False,False,True,True,True,True,True,True,True,True
u=4*6. u+9=,24,33,u=4*6,math,math,False,False,False,False,True,True,True,True,True,True,True,True
w=9*9. w//6=,81,13,w=9*9,math,math,False,False,False,False,True,True,True,True,True,True,True,True
t=2-9. t+4=,-7,-3,t=2-9,math,math,False,False,False,False,True,True,False,False,True,True,True,True
m=3//2. m//8=,1,0,m=3//2,math,math,True,True,False,False,True,True,True,True,True,True,True,True
x=1-1. x+5=,0,5,x=1-1,math,math,True,True,True,True,True,True,True,True,True,True,True,True
x=8-6. x*7=,2,14,x=8-6,math,math,True,True,False,False,True,True,True,True,True,True,True,True
y=2*6. y+9=,12,21,y=2*6,math,math,False,False,True,True,True,True,True,True,True,True,True,True
w=3*8. w+6=,24,30,w=3*8,math,math,False,False,True,True,True,True,True,True,True,True,True,True
j=4+4. j//1=,8,8,j=4+4,math,math,False,False,True,True,True,True,False,False,True,True,True,True
w=2-5. w//8=,-3,-1,w=2-5,math,math,False,False,False,False,False,False,False,False,False,False,True,True
s=6*5. s-1=,30,29,s=6*5,math,math,False,False,True,True,True,True,True,True,True,True,True,True
l=8-5. l-6=,3,-3,l=8-5,math,math,False,False,False,False,True,True,True,True,True,True,True,True
d=7*3. d-3=,21,18,d=7*3,math,math,False,False,True,True,False,False,True,True,True,True,True,True
a=1//8. a*4=,0,0,a=1//8,math,math,False,False,False,True,False,True,False,True,False,True,True,True
w=1*8. w//6=,8,1,w=1*8,math,math,True,True,False,True,True,True,True,True,True,True,True,True
o=3-8. o-6=,-5,-11,o=3-8,math,math,False,False,False,False,True,True,True,True,True,True,True,True
r=7*4. r*9=,28,252,r=7*4,math,math,False,False,True,True,True,True,True,True,True,True,True,True
j=7//1. j//2=,7,3,j=7//1,math,math,True,True,True,True,True,True,True,True,True,True,True,True
n=9-7. n//5=,2,0,n=9-7,math,math,False,False,False,False,True,True,True,True,True,True,True,True
g=4+9. g-7=,13,6,g=4+9,math,math,False,False,True,True,True,True,True,True,True,True,True,True
z=3+3. z+7=,6,13,z=3+3,math,math,False,False,False,False,True,True,True,True,True,True,True,True
b=8-5. b*3=,3,9,b=8-5,math,math,False,False,False,False,True,True,True,True,True,True,True,True
f=7+4. f//6=,11,1,f=7+4,math,math,True,True,False,False,True,True,True,True,True,True,True,True
z=2*1. z//4=,2,0,z=2*1,math,math,True,True,False,False,True,True,True,True,True,True,True,True
y=8+5. y*9=,13,117,y=8+5,math,math,False,False,False,False,True,True,True,True,True,True,True,True
w=4*1. w*8=,4,32,w=4*1,math,math,True,True,True,True,True,True,True,True,True,True,True,True
e=7+8. e*9=,15,135,e=7+8,math,math,False,False,False,False,True,True,True,True,True,True,True,True
u=5*6. u*8=,30,240,u=5*6,math,math,False,False,True,True,True,True,True,True,True,True,True,True
s=7+6. s*6=,13,78,s=7+6,math,math,False,False,False,False,True,True,False,False,True,True,True,True
z=4//4. z//8=,1,0,z=4//4,math,math,True,True,False,False,True,True,True,True,True,True,True,True
t=8+6. t*3=,14,42,t=8+6,math,math,False,False,False,False,True,True,True,True,True,True,True,True
p=1+9. p*5=,10,50,p=1+9,math,math,True,True,True,True,True,True,True,True,True,True,True,True
r=7*8. r*5=,56,280,r=7*8,math,math,False,False,True,True,True,True,True,True,True,True,True,True
j=5-4. j//8=,1,0,j=5-4,math,math,True,True,False,False,True,True,True,True,True,True,True,True
h=3+1. h-4=,4,0,h=3+1,math,math,False,False,True,True,True,True,False,False,True,True,True,True
u=2*1. u+3=,2,5,u=2*1,math,math,True,True,True,True,True,True,False,False,True,True,True,True
d=3-9. d+9=,-6,3,d=3-9,math,math,False,False,False,False,False,False,False,False,True,True,True,True
v=3//7. v*3=,0,0,v=3//7,math,math,False,False,False,False,False,False,False,False,True,True,True,True
u=9*4. u//4=,36,9,u=9*4,math,math,True,True,False,True,True,True,True,True,True,True,True,True
e=2*5. e//3=,10,3,e=2*5,math,math,False,False,False,False,True,True,True,True,True,True,True,True
j=3*4. j//4=,12,3,j=3*4,math,math,False,False,False,True,True,True,True,True,True,True,True,True
x=1-2. x-6=,-1,-7,x=1-2,math,math,False,False,False,False,True,True,False,False,True,True,True,True
n=8//4. n-2=,2,0,n=8//4,math,math,False,False,False,False,False,False,True,True,True,True,True,True
s=4*8. s*8=,32,256,s=4*8,math,math,False,False,True,True,True,True,True,True,True,True,True,True
u=4//2. u+2=,2,4,u=4//2,math,math,False,False,False,False,True,True,True,True,True,True,True,True
b=6-6. b//6=,0,0,b=6-6,math,math,True,True,True,True,True,True,False,False,True,True,True,True
f=9-5. f-4=,4,0,f=9-5,math,math,False,False,True,True,True,True,True,True,False,True,True,True
j=4+3. j-1=,7,6,j=4+3,math,math,False,False,True,True,True,True,True,True,True,True,True,True
k=2//2. k//3=,1,0,k=2//2,math,math,True,True,True,True,True,True,True,True,True,True,True,True
k=7//7. k+1=,1,2,k=7//7,math,math,False,False,False,False,True,True,True,True,True,True,True,True
n=8//3. n//7=,2,0,n=8//3,math,math,False,False,False,False,False,False,True,True,True,True,True,True
n=1+3. n*2=,4,8,n=1+3,math,math,False,False,True,True,True,True,True,True,True,True,True,True
e=6//8. e//2=,0,0,e=6//8,math,math,True,True,False,False,False,False,False,False,True,True,True,True
r=3*2. r+2=,6,8,r=3*2,math,math,False,False,True,True,True,True,True,True,True,True,True,True
k=8-3. k//1=,5,5,k=8-3,math,math,True,True,True,True,True,True,True,True,True,True,True,True
m=8*8. m*9=,64,576,m=8*8,math,math,False,False,False,False,True,True,True,True,True,True,True,True
z=8+4. z*2=,12,24,z=8+4,math,math,False,False,False,False,True,True,True,True,True,True,True,True
u=1//1. u+9=,1,10,u=1//1,math,math,True,True,False,False,True,True,True,True,True,True,True,True
b=3-1. b+8=,2,10,b=3-1,math,math,False,False,True,True,True,True,True,True,True,True,True,True
u=6*4. u*6=,24,144,u=6*4,math,math,False,False,False,False,True,True,True,True,True,True,True,True
f=8-1. f-7=,7,0,f=8-1,math,math,False,False,False,False,False,False,True,True,True,True,True,True
o=3+3. o//8=,6,0,o=3+3,math,math,True,True,False,False,True,True,True,True,True,True,True,True
c=1*5. c*7=,5,35,c=1*5,math,math,True,True,True,True,True,True,True,True,True,True,True,True
o=7*5. o-1=,35,34,o=7*5,math,math,False,False,True,True,True,True,True,True,True,True,True,True
t=5*3. t*5=,15,75,t=5*3,math,math,False,False,True,True,False,False,True,True,True,True,True,True
m=3+7. m-5=,10,5,m=3+7,math,math,False,False,True,True,True,True,True,True,True,True,True,True
b=2//5. b-2=,0,-2,b=2//5,math,math,False,False,False,False,True,True,False,False,True,True,True,True
h=2*6. h//6=,12,2,h=2*6,math,math,False,False,False,True,True,True,True,True,True,True,True,True
m=1*5. m+9=,5,14,m=1*5,math,math,True,True,True,True,True,True,True,True,True,True,True,True
t=5+3. t//5=,8,1,t=5+3,math,math,False,False,False,False,True,True,True,True,True,True,True,True
e=1*4. e+1=,4,5,e=1*4,math,math,True,True,True,True,True,True,True,True,True,True,True,True
q=6*7. q//7=,42,6,q=6*7,math,math,True,True,False,True,True,True,True,True,True,True,True,True
m=9+5. m*7=,14,98,m=9+5,math,math,False,False,False,False,True,True,True,True,True,True,True,True
x=8//3. x-6=,2,-4,x=8//3,math,math,False,False,False,False,False,False,False,False,True,True,False,False
q=9//2. q-6=,4,-2,q=9//2,math,math,False,False,False,False,False,False,False,False,False,False,False,False
d=1-9. d//9=,-8,-1,d=1-9,math,math,False,False,False,False,False,False,False,False,False,False,False,False
r=7//4. r*5=,1,5,r=7//4,math,math,False,False,False,True,False,True,False,False,True,True,False,False
e=8//5. e*9=,1,9,e=8//5,math,math,False,False,False,False,False,False,False,False,False,False,False,False
j=5//9. j*7=,0,0,j=5//9,math,math,False,False,False,False,False,False,False,False,False,False,False,False
z=1-9. z+7=,-8,-1,z=1-9,math,math,False,False,False,False,True,True,False,False,True,True,False,False
i=8//3. i+7=,2,9,i=8//3,math,math,False,False,False,False,False,False,True,True,True,True,False,False
y=1+4. y//7=,5,0,y=1+4,math,math,True,True,False,False,False,False,True,True,True,True,False,False
v=8//6. v//3=,1,0,v=8//6,math,math,False,False,False,False,False,False,False,False,False,False,False,False
m=4//6. m-3=,0,-3,m=4//6,math,math,False,False,False,False,False,False,False,False,False,False,False,False
g=4//8. g*5=,0,0,g=4//8,math,math,False,False,False,False,False,True,False,False,True,True,False,False
m=9//7. m-1=,1,0,m=9//7,math,math,False,False,False,False,False,False,True,True,False,False,False,False
q=2-9. q//2=,-7,-4,q=2-9,math,math,False,False,False,False,False,False,False,False,True,True,False,False
g=1//5. g+5=,0,5,g=1//5,math,math,False,False,False,True,False,False,True,True,True,True,False,False
r=1-9. r//5=,-8,-2,r=1-9,math,math,False,False,False,False,False,False,False,False,False,False,False,False
c=4//8. c*8=,0,0,c=4//8,math,math,False,False,False,False,False,False,False,False,True,True,False,False
q=2//3. q-3=,0,-3,q=2//3,math,math,False,False,False,False,False,False,False,False,True,True,False,False
h=1-9. h*9=,-8,-72,h=1-9,math,math,False,False,False,False,False,False,False,False,False,False,False,False
l=2//3. l-8=,0,-8,l=2//3,math,math,False,False,False,False,False,False,False,False,False,True,False,False
i=2-7. i//4=,-5,-2,i=2-7,math,math,False,False,False,False,False,False,False,False,False,False,False,False
p=7//8. p-6=,0,-6,p=7//8,math,math,False,False,False,False,False,False,False,False,False,False,False,False
q=5//4. q+2=,1,3,q=5//4,math,math,False,False,False,False,True,True,True,True,True,True,False,False
v=4//7. v+7=,0,7,v=4//7,math,math,False,False,False,False,False,False,False,False,True,True,False,False
n=4-8. n+6=,-4,2,n=4-8,math,math,False,True,False,False,False,False,False,False,False,False,False,False
k=5//5. k-4=,1,-3,k=5//5,math,math,False,False,False,False,False,False,False,False,False,False,False,False
q=1-6. q*2=,-5,-10,q=1-6,math,math,False,False,False,False,False,False,False,False,True,True,False,False
k=9//5. k//2=,1,0,k=9//5,math,math,True,True,False,False,True,True,False,False,True,True,False,False
l=1-7. l-5=,-6,-11,l=1-7,math,math,False,False,False,False,False,False,False,False,False,False,False,False
p=3//8. p*3=,0,0,p=3//8,math,math,False,False,False,False,False,False,False,False,False,False,False,False
e=3-5. e//5=,-2,-1,e=3-5,math,math,False,False,False,False,False,False,False,False,True,True,False,False
e=3//3. e//2=,1,0,e=3//3,math,math,True,True,False,False,False,False,False,False,True,True,False,False
p=1-8. p+4=,-7,-3,p=1-8,math,math,False,False,False,False,False,False,False,False,True,True,False,False
d=5//3. d+9=,1,10,d=5//3,math,math,False,False,False,False,False,False,False,False,True,True,False,False
l=1-5. l-5=,-4,-9,l=1-5,math,math,False,False,False,False,True,True,False,False,False,False,False,False
k=3//1. k//3=,3,1,k=3//1,math,math,False,False,True,True,True,True,True,True,True,True,False,False
s=8//5. s*3=,1,3,s=8//5,math,math,False,False,False,False,False,False,False,False,False,False,False,False
n=3-4. n*4=,-1,-4,n=3-4,math,math,False,False,False,False,False,False,False,False,False,False,False,False
n=4-5. n//9=,-1,-1,n=4-5,math,math,False,False,False,False,False,False,False,False,False,False,False,False
l=4+3. l//5=,7,1,l=4+3,math,math,True,True,True,True,True,True,True,True,True,True,False,False
b=2+4. b//9=,6,0,b=2+4,math,math,True,True,False,False,True,True,True,True,True,True,False,False
r=1+3. r//8=,4,0,r=1+3,math,math,True,True,False,False,True,True,True,True,True,True,False,False
e=9//6. e*2=,1,2,e=9//6,math,math,False,False,False,False,False,False,False,False,False,False,False,False
k=1//6. k-2=,0,-2,k=1//6,math,math,False,False,False,False,False,False,False,False,False,False,False,False
l=6-7. l*8=,-1,-8,l=6-7,math,math,False,False,False,False,False,False,False,False,False,False,False,False
c=3+4. c//8=,7,0,c=3+4,math,math,True,True,False,False,True,True,True,True,True,True,False,False
s=1//7. s-2=,0,-2,s=1//7,math,math,False,False,False,False,False,False,False,False,False,False,False,False
m=8+9. m//9=,17,1,m=8+9,math,math,False,False,False,True,True,True,True,True,True,True,False,False
c=8//8. c*9=,1,9,c=8//8,math,math,False,False,False,False,False,False,True,True,False,False,False,False
s=5//8. s*5=,0,0,s=5//8,math,math,False,False,False,False,False,False,True,True,False,False,False,False
v=1//4. v-8=,0,-8,v=1//4,math,math,False,False,False,False,False,False,False,False,False,False,False,False
g=1//6. g*6=,0,0,g=1//6,math,math,False,False,False,False,False,False,False,False,True,True,False,False
f=9-3. f//7=,6,0,f=9-3,math,math,False,False,False,False,True,True,True,True,True,True,False,False
e=2-7. e//4=,-5,-2,e=2-7,math,math,False,False,False,False,False,False,False,False,False,False,False,False
k=6-8. k-2=,-2,-4,k=6-8,math,math,False,False,False,False,False,False,False,False,False,False,False,False
v=9//2. v*3=,4,12,v=9//2,math,math,False,False,False,False,False,False,True,True,True,True,False,False
w=2//1. w*3=,2,6,w=2//1,math,math,True,True,True,True,True,True,True,True,True,True,False,False
x=1+7. x//7=,8,1,x=1+7,math,math,True,True,True,True,True,True,False,False,True,True,False,False
e=1//9. e*6=,0,0,e=1//9,math,math,False,False,False,False,False,False,True,True,False,True,False,False
p=3//6. p*8=,0,0,p=3//6,math,math,False,False,False,False,False,False,False,False,True,True,False,False
s=9-7. s//5=,2,0,s=9-7,math,math,False,False,False,False,True,True,True,True,True,True,False,False
o=2//6. o-6=,0,-6,o=2//6,math,math,False,False,False,False,False,False,False,False,False,False,False,False
k=7//2. k-9=,3,-6,k=7//2,math,math,False,False,False,False,False,False,False,False,False,False,False,False
g=9+1. g//3=,10,3,g=9+1,math,math,True,True,False,False,True,True,True,True,True,True,False,False
t=5//8. t-6=,0,-6,t=5//8,math,math,False,False,False,False,False,False,False,False,True,True,False,False
w=5//9. w//4=,0,0,w=5//9,math,math,False,False,False,False,False,False,False,False,True,True,False,False
o=1-7. o-2=,-6,-8,o=1-7,math,math,False,False,False,False,False,False,False,False,True,True,False,False
i=9//5. i-9=,1,-8,i=9//5,math,math,False,False,False,False,False,False,False,False,False,False,False,False
z=4-7. z*9=,-3,-27,z=4-7,math,math,False,False,False,False,False,False,False,False,True,True,False,False
a=2-5. a+4=,-3,1,a=2-5,math,math,False,False,False,False,True,True,True,True,True,True,False,False
q=5//3. q-1=,1,0,q=5//3,math,math,False,False,False,False,False,False,True,True,True,True,False,False
z=8-3. z//7=,5,0,z=8-3,math,math,False,False,False,False,False,False,True,True,False,False,False,False
f=9//8. f//8=,1,0,f=9//8,math,math,False,False,True,True,False,False,False,False,True,True,False,False
d=2//6. d*6=,0,0,d=2//6,math,math,False,False,False,False,False,False,False,False,False,False,False,False
x=1-7. x//5=,-6,-2,x=1-7,math,math,False,False,False,False,False,False,False,False,False,False,False,False
q=8-8. q-2=,0,-2,q=8-8,math,math,False,False,False,False,False,False,False,False,True,True,False,False
o=3-6. o-3=,-3,-6,o=3-6,math,math,False,False,False,False,False,False,True,True,True,True,False,False
m=1-6. m-2=,-5,-7,m=1-6,math,math,False,False,False,False,False,False,True,True,False,False,False,False
u=6//2. u-7=,3,-4,u=6//2,math,math,False,False,False,False,True,True,False,False,True,True,False,False
y=2//1. y-3=,2,-1,y=2//1,math,math,False,False,False,False,False,False,True,True,True,True,False,False
n=2-9. n-8=,-7,-15,n=2-9,math,math,False,False,False,False,False,False,False,False,False,False,False,False
u=1-5. u//1=,-4,-4,u=1-5,math,math,False,False,False,False,False,False,False,False,False,False,False,False
r=7+3. r//4=,10,2,r=7+3,math,math,False,False,False,True,False,False,True,True,True,True,False,False
e=7//6. e-7=,1,-6,e=7//6,math,math,False,False,False,False,False,False,False,False,False,False,False,False
j=5-6. j//5=,-1,-1,j=5-6,math,math,False,False,False,False,False,False,True,True,True,True,False,False
y=9//6. y+2=,1,3,y=9//6,math,math,False,False,True,True,True,True,True,True,True,True,False,False
t=8//5. t*9=,1,9,t=8//5,math,math,False,False,False,False,False,False,False,False,False,False,False,False
g=7//6. g-7=,1,-6,g=7//6,math,math,False,False,False,False,False,False,False,False,False,False,False,False
q=4-7. q//8=,-3,-1,q=4-7,math,math,False,False,False,False,False,False,False,False,True,True,False,False
o=9//8. o+3=,1,4,o=9//8,math,math,False,False,False,False,False,False,True,True,False,False,False,False
k=2-3. k-1=,-1,-2,k=2-3,math,math,False,False,False,False,False,False,True,True,True,True,False,False
g=6//8. g*4=,0,0,g=6//8,math,math,False,False,False,False,False,False,False,False,False,False,False,False
r=9-2. r//3=,7,2,r=9-2,math,math,False,False,False,False,False,False,True,True,True,True,False,False
v=7-3. v//4=,4,1,v=7-3,math,math,False,False,True,True,True,True,True,True,True,True,False,False
l=2-8. l*9=,-6,-54,l=2-8,math,math,False,False,False,False,True,True,False,False,False,True,False,False
l=1-8. l*8=,-7,-56,l=1-8,math,math,False,False,False,False,False,False,False,False,True,True,False,False
u=8-5. u-4=,3,-1,u=8-5,math,math,False,False,False,False,False,False,True,True,False,False,False,False
h=6//9. h*3=,0,0,h=6//9,math,math,False,False,False,False,False,False,False,False,True,True,False,False
x=8-2. x//7=,6,0,x=8-2,math,math,False,False,True,True,True,True,True,True,False,False,False,False
c=4//3. c*9=,1,9,c=4//3,math,math,False,False,False,False,False,False,False,False,False,False,False,False
(8//1)-5=,8,3,(8//1),math_novar,math_novar,True,True,True,True,True,True,True,True,True,True,True,True
(1-7)+9=,-6,3,(1-7),math_novar,math_novar,False,False,False,False,True,True,False,False,True,True,True,True
(1+7)+2=,8,10,(1+7),math_novar,math_novar,True,True,True,True,True,True,True,True,True,True,True,True
(2*5)//2=,10,5,(2*5),math_novar,math_novar,True,True,True,True,True,True,True,True,True,True,True,True
(9+1)*5=,10,50,(9+1),math_novar,math_novar,True,True,True,True,True,True,True,True,True,True,True,True
(4*1)-5=,4,-1,(4*1),math_novar,math_novar,False,False,False,False,True,True,True,True,False,True,True,True
(6-6)+5=,0,5,(6-6),math_novar,math_novar,False,False,True,True,True,True,True,True,True,True,True,True
(6-1)-3=,5,2,(6-1),math_novar,math_novar,False,False,True,True,True,True,True,True,True,True,True,True
(7*6)*7=,42,294,(7*6),math_novar,math_novar,False,False,True,True,True,True,True,True,True,True,True,True
(9*1)//2=,9,4,(9*1),math_novar,math_novar,True,True,False,True,True,True,True,True,True,True,True,True
(8//3)//4=,2,0,(8//3),math_novar,math_novar,False,False,False,False,True,True,False,False,True,True,True,True
(1*8)-1=,8,7,(1*8),math_novar,math_novar,True,True,True,True,True,True,True,True,True,True,True,True
(9+6)+4=,15,19,(9+6),math_novar,math_novar,False,False,True,True,True,True,True,True,True,True,True,True
(7+9)*3=,16,48,(7+9),math_novar,math_novar,False,False,False,False,True,True,True,True,True,True,True,True
(4-7)+7=,-3,4,(4-7),math_novar,math_novar,False,False,True,True,True,True,True,True,True,True,True,True
(4//2)*8=,2,16,(4//2),math_novar,math_novar,False,False,True,True,True,True,True,True,True,True,True,True
(5+6)+9=,11,20,(5+6),math_novar,math_novar,False,False,True,True,True,True,True,True,True,True,True,True
(8//3)//5=,2,0,(8//3),math_novar,math_novar,False,False,False,False,True,True,False,False,True,True,True,True
(8*3)//5=,24,4,(8*3),math_novar,math_novar,False,False,False,True,True,True,True,True,True,True,True,True
(1+9)-4=,10,6,(1+9),math_novar,math_novar,False,False,True,True,True,True,True,True,True,True,True,True
(2*7)//8=,14,1,(2*7),math_novar,math_novar,False,False,False,True,True,True,True,True,True,True,True,True
(4//7)-8=,0,-8,(4//7),math_novar,math_novar,False,False,False,False,False,False,False,False,True,True,True,True
(9*6)//6=,54,9,(9*6),math_novar,math_novar,True,True,True,True,True,True,True,True,True,True,True,True
(9+4)-3=,13,10,(9+4),math_novar,math_novar,True,True,True,True,True,True,True,True,True,True,True,True
(9+1)*1=,10,10,(9+1),math_novar,math_novar,True,True,True,True,True,True,True,True,True,True,True,True
(1*3)//1=,3,3,(1*3),math_novar,math_novar,False,False,True,True,True,True,True,True,True,True,True,True
(5+5)-4=,10,6,(5+5),math_novar,math_novar,True,True,True,True,True,True,True,True,True,True,True,True
(5*8)+3=,40,43,(5*8),math_novar,math_novar,True,True,True,True,True,True,True,True,True,True,True,True
(2-2)+3=,0,3,(2-2),math_novar,math_novar,True,True,True,True,True,True,True,True,True,True,True,True
(8-3)-3=,5,2,(8-3),math_novar,math_novar,False,False,True,True,True,True,True,True,True,True,True,True
(2//9)//3=,0,0,(2//9),math_novar,math_novar,True,True,False,False,True,True,False,False,True,True,True,True
(2-9)//4=,-7,-2,(2-9),math_novar,math_novar,False,False,False,False,True,True,True,True,True,True,True,True
(6+2)-9=,8,-1,(6+2),math_novar,math_novar,False,False,False,False,False,False,True,True,True,True,True,True
(2//1)+3=,2,5,(2//1),math_novar,math_novar,False,False,False,False,True,True,True,True,True,True,True,True
(7*8)*1=,56,56,(7*8),math_novar,math_novar,True,True,True,True,True,True,True,True,True,True,True,True
(7*2)+4=,14,18,(7*2),math_novar,math_novar,False,False,True,True,True,True,True,True,True,True,True,True
(3+3)-6=,6,0,(3+3),math_novar,math_novar,True,True,False,False,True,True,True,True,True,True,True,True
(5//1)*8=,5,40,(5//1),math_novar,math_novar,True,True,True,True,True,True,True,True,True,True,True,True
(2-6)*8=,-4,-32,(2-6),math_novar,math_novar,False,False,False,False,True,True,True,True,True,True,True,True
(1//2)+9=,0,9,(1//2),math_novar,math_novar,False,False,False,True,False,True,False,True,False,True,True,True
(6//6)*2=,1,2,(6//6),math_novar,math_novar,True,True,False,False,True,True,True,True,True,True,True,True
(2+8)*5=,10,50,(2+8),math_novar,math_novar,False,False,True,True,True,True,True,True,True,True,True,True
(1*7)-1=,7,6,(1*7),math_novar,math_novar,True,True,True,True,True,True,True,True,True,True,True,True
(5*4)*7=,20,140,(5*4),math_novar,math_novar,False,False,True,True,True,True,True,True,True,True,True,True
(7+1)*1=,8,8,(7+1),math_novar,math_novar,True,True,True,True,True,True,True,True,True,True,True,True
(2//9)*2=,0,0,(2//9),math_novar,math_novar,True,True,False,False,False,True,False,False,True,True,True,True
(7+9)-6=,16,10,(7+9),math_novar,math_novar,True,True,True,True,True,True,True,True,False,True,True,True
(1//9)*3=,0,0,(1//9),math_novar,math_novar,True,True,False,False,False,False,False,False,False,True,True,True
(3//6)//6=,0,0,(3//6),math_novar,math_novar,True,True,True,True,True,True,True,True,True,True,True,True
(5//5)-5=,1,-4,(5//5),math_novar,math_novar,False,False,False,False,True,True,True,True,True,True,True,True
(9-7)//4=,2,0,(9-7),math_novar,math_novar,False,False,False,False,False,True,False,True,True,True,True,True
(2*7)*5=,14,70,(2*7),math_novar,math_novar,False,False,True,True,True,True,True,True,True,True,True,True
(9-4)*7=,5,35,(9-4),math_novar,math_novar,True,True,True,True,True,True,True,True,True,True,True,True
(5*1)+8=,5,13,(5*1),math_novar,math_novar,True,True,True,True,True,True,True,True,True,True,True,True
(9*8)+3=,72,75,(9*8),math_novar,math_novar,True,True,True,True,True,True,True,True,True,True,True,True
(3-4)-1=,-1,-2,(3-4),math_novar,math_novar,False,False,False,False,True,True,False,False,False,False,True,True
(5//7)+8=,0,8,(5//7),math_novar,math_novar,False,False,False,False,True,True,False,False,True,True,True,True
(2+5)+6=,7,13,(2+5),math_novar,math_novar,True,True,True,True,True,True,True,True,True,True,True,True
(1-5)-2=,-4,-6,(1-5),math_novar,math_novar,False,False,False,False,False,False,True,True,False,False,True,True
(4+4)*5=,8,40,(4+4),math_novar,math_novar,True,True,True,True,True,True,True,True,True,True,True,True
(9-4)+8=,5,13,(9-4),math_novar,math_novar,True,True,True,True,True,True,True,True,True,True,True,True
(2+4)+5=,6,11,(2+4),math_novar,math_novar,True,True,True,True,True,True,True,True,True,True,True,True
(6*3)//2=,18,9,(6*3),math_novar,math_novar,True,True,True,True,True,True,True,True,True,True,True,True
(7-9)+8=,-2,6,(7-9),math_novar,math_novar,False,False,True,True,True,True,True,True,True,True,True,True
(1*2)-2=,2,0,(1*2),math_novar,math_novar,False,False,True,True,True,True,True,True,True,True,True,True
(9*2)//1=,18,18,(9*2),math_novar,math_novar,True,True,True,True,True,True,True,True,True,True,True,True
(8-1)-1=,7,6,(8-1),math_novar,math_novar,False,False,True,True,True,True,True,True,True,True,True,True
(9*8)-1=,72,71,(9*8),math_novar,math_novar,False,False,True,True,True,True,True,True,True,True,True,True
(8*2)-9=,16,7,(8*2),math_novar,math_novar,True,True,True,True,True,True,True,True,True,True,True,True
(3-3)+6=,0,6,(3-3),math_novar,math_novar,False,False,True,True,True,True,True,True,True,True,True,True
(6+7)+4=,13,17,(6+7),math_novar,math_novar,True,True,True,True,True,True,True,True,True,True,True,True
(4*8)*8=,32,256,(4*8),math_novar,math_novar,False,False,True,True,True,True,True,True,True,True,True,True
(6+4)-3=,10,7,(6+4),math_novar,math_novar,False,False,True,True,True,True,True,True,False,True,True,True
(9+5)//9=,14,1,(9+5),math_novar,math_novar,True,True,False,True,True,True,True,True,True,True,True,True
(7*3)//2=,21,10,(7*3),math_novar,math_novar,True,True,False,True,True,True,True,True,True,True,True,True
(3//2)*9=,1,9,(3//2),math_novar,math_novar,False,False,False,False,False,False,False,False,True,True,True,True
(2-7)-8=,-5,-13,(2-7),math_novar,math_novar,False,False,False,False,True,True,True,True,True,True,True,True
(3*7)*3=,21,63,(3*7),math_novar,math_novar,False,False,True,True,True,True,True,True,True,True,True,True
(5*5)*2=,25,50,(5*5),math_novar,math_novar,False,False,True,True,True,True,True,True,True,True,True,True
(3+2)*1=,5,5,(3+2),math_novar,math_novar,True,True,True,True,True,True,True,True,True,True,True,True
(8*4)*4=,32,128,(8*4),math_novar,math_novar,False,False,True,True,True,True,True,True,True,True,True,True
(9//8)//1=,1,1,(9//8),math_novar,math_novar,True,True,True,True,True,True,True,True,True,True,True,True
(1+7)*1=,8,8,(1+7),math_novar,math_novar,True,True,True,True,True,True,True,True,True,True,True,True
(7*2)//4=,14,3,(7*2),math_novar,math_novar,False,False,False,True,True,True,True,True,True,True,True,True
(6//5)//1=,1,1,(6//5),math_novar,math_novar,True,True,True,True,True,True,True,True,True,True,True,True
(3-6)-6=,-3,-9,(3-6),math_novar,math_novar,False,False,True,True,True,True,True,True,False,True,True,True
(1*2)*9=,2,18,(1*2),math_novar,math_novar,True,True,True,True,True,True,True,True,True,True,True,True
(4-1)*1=,3,3,(4-1),math_novar,math_novar,True,True,True,True,True,True,True,True,True,True,True,True
(6+7)*1=,13,13,(6+7),math_novar,math_novar,False,False,True,True,True,True,True,True,True,True,True,True
(8*1)*9=,8,72,(8*1),math_novar,math_novar,True,True,True,True,True,True,True,True,True,True,True,True
(1*2)+5=,2,7,(1*2),math_novar,math_novar,False,False,True,True,False,False,True,True,True,True,True,True
(8*2)//7=,16,2,(8*2),math_novar,math_novar,True,True,False,True,True,True,True,True,True,True,True,True
(8//2)*8=,4,32,(8//2),math_novar,math_novar,True,True,True,True,True,True,True,True,True,True,True,True
(5+3)-3=,8,5,(5+3),math_novar,math_novar,True,True,True,True,True,True,True,True,True,True,True,True
(3+2)//8=,5,0,(3+2),math_novar,math_novar,True,True,False,True,True,True,True,True,True,True,True,True
(8//8)+8=,1,9,(8//8),math_novar,math_novar,False,False,False,False,True,True,True,True,True,True,True,True
(4//3)//3=,1,0,(4//3),math_novar,math_novar,False,False,False,False,False,False,False,False,True,True,True,True
(2-5)+1=,-3,-2,(2-5),math_novar,math_novar,False,False,True,True,True,True,True,True,True,True,True,True
(7+6)+6=,13,19,(7+6),math_novar,math_novar,False,False,True,True,True,True,True,True,True,True,True,True
(9//8)+9=,1,10,(9//8),math_novar,math_novar,False,False,False,False,False,False,False,False,True,True,True,True
(7-1)//7=,6,0,(7-1),math_novar,math_novar,True,True,False,False,False,False,False,False,True,True,False,False
(2//7)*6=,0,0,(2//7),math_novar,math_novar,True,True,False,False,False,False,False,False,False,False,False,False
(2-4)-2=,-2,-4,(2-4),math_novar,math_novar,False,False,True,True,True,True,True,True,False,False,False,False
(1//4)-2=,0,-2,(1//4),math_novar,math_novar,False,False,False,False,False,False,False,False,False,False,False,False
(2-4)//8=,-2,-1,(2-4),math_novar,math_novar,False,False,False,False,False,False,False,False,False,False,False,False
(9//4)-7=,2,-5,(9//4),math_novar,math_novar,False,False,False,False,True,True,False,False,True,True,False,False
(9//5)-8=,1,-7,(9//5),math_novar,math_novar,False,False,False,False,True,True,True,True,False,False,False,False
(1-3)//8=,-2,-1,(1-3),math_novar,math_novar,False,False,False,False,False,False,False,False,False,False,False,False
(1-3)//9=,-2,-1,(1-3),math_novar,math_novar,False,False,False,False,False,False,False,False,False,False,False,False
(2//2)//2=,1,0,(2//2),math_novar,math_novar,True,True,False,False,False,False,False,False,True,True,False,False
(1//2)-4=,0,-4,(1//2),math_novar,math_novar,False,False,False,False,False,False,False,False,False,False,False,False
(1//2)-8=,0,-8,(1//2),math_novar,math_novar,False,False,False,False,False,False,False,False,False,False,False,False
(4-5)//4=,-1,-1,(4-5),math_novar,math_novar,False,False,False,False,False,False,False,False,False,False,False,False
(9//6)+9=,1,10,(9//6),math_novar,math_novar,False,False,False,False,False,False,False,False,True,True,False,False
(5//3)-6=,1,-5,(5//3),math_novar,math_novar,False,False,False,False,False,False,False,False,True,True,False,False
(3//4)*4=,0,0,(3//4),math_novar,math_novar,False,False,False,False,False,False,False,False,False,False,False,False
(7//4)+1=,1,2,(7//4),math_novar,math_novar,True,True,True,True,True,True,True,True,True,True,False,False
(8//5)+9=,1,10,(8//5),math_novar,math_novar,False,False,False,False,False,False,False,False,True,True,False,False
(6//7)*7=,0,0,(6//7),math_novar,math_novar,False,False,False,False,False,False,False,False,False,False,False,False
(9//5)+6=,1,7,(9//5),math_novar,math_novar,False,False,False,False,True,True,False,True,False,True,False,False
(3//4)-6=,0,-6,(3//4),math_novar,math_novar,False,False,False,False,False,False,False,False,True,True,False,False
(2//4)*4=,0,0,(2//4),math_novar,math_novar,False,False,False,False,True,True,False,False,True,True,False,False
(8//6)+2=,1,3,(8//6),math_novar,math_novar,False,False,False,False,False,False,True,True,True,True,False,False
(3//7)*5=,0,0,(3//7),math_novar,math_novar,False,False,False,False,False,False,False,False,True,True,False,False
(2//8)+5=,0,5,(2//8),math_novar,math_novar,False,False,False,False,True,True,False,True,True,True,False,False
(4//3)+2=,1,3,(4//3),math_novar,math_novar,False,False,False,False,False,False,False,False,False,False,False,False
(2-1)//9=,1,0,(2-1),math_novar,math_novar,True,True,False,False,True,True,True,True,True,True,False,False
(9//5)*4=,1,4,(9//5),math_novar,math_novar,False,False,False,False,False,False,False,False,False,False,False,False
(7//3)-1=,2,1,(7//3),math_novar,math_novar,False,False,True,True,True,True,True,True,True,True,False,False
(7//8)*2=,0,0,(7//8),math_novar,math_novar,False,False,False,False,False,False,False,False,False,False,False,False
(1//5)-5=,0,-5,(1//5),math_novar,math_novar,False,False,False,False,False,False,False,False,False,False,False,False
(4//6)*9=,0,0,(4//6),math_novar,math_novar,False,False,False,False,False,False,False,False,True,True,False,False
(2//1)*2=,2,4,(2//1),math_novar,math_novar,False,False,True,True,True,True,True,True,True,True,False,False
(3-6)//2=,-3,-2,(3-6),math_novar,math_novar,False,False,False,False,False,False,False,False,False,False,False,False
(3//4)*6=,0,0,(3//4),math_novar,math_novar,False,False,False,False,False,False,False,False,False,False,False,False
(8//5)-5=,1,-4,(8//5),math_novar,math_novar,False,False,False,False,False,False,False,False,True,True,False,False
(8-1)*8=,7,56,(8-1),math_novar,math_novar,False,False,True,True,True,True,True,True,True,True,False,False
(1-4)//9=,-3,-1,(1-4),math_novar,math_novar,False,False,False,False,False,False,False,False,False,False,False,False
(2//3)*5=,0,0,(2//3),math_novar,math_novar,False,False,False,True,False,False,False,True,False,False,False,False
(5//8)*2=,0,0,(5//8),math_novar,math_novar,False,False,False,False,False,False,False,False,False,False,False,False
(2-9)//6=,-7,-2,(2-9),math_novar,math_novar,False,False,False,False,False,False,False,False,False,False,False,False
(7//4)-3=,1,-2,(7//4),math_novar,math_novar,False,False,False,False,False,False,False,False,True,True,False,False
(5//3)-5=,1,-4,(5//3),math_novar,math_novar,False,False,False,False,False,False,False,False,False,False,False,False
(1//8)-2=,0,-2,(1//8),math_novar,math_novar,False,False,False,False,False,False,False,False,False,False,False,False
(9//8)-9=,1,-8,(9//8),math_novar,math_novar,False,False,False,False,True,True,False,False,False,False,False,False
(8//7)//9=,1,0,(8//7),math_novar,math_novar,False,False,False,False,False,False,True,True,True,True,False,False
(1//2)*3=,0,0,(1//2),math_novar,math_novar,False,False,False,False,False,False,False,False,False,False,False,False
(5-1)//5=,4,0,(5-1),math_novar,math_novar,True,True,True,True,False,True,True,True,True,True,False,False
(3//8)*8=,0,0,(3//8),math_novar,math_novar,False,False,False,False,False,False,False,False,False,False,False,False
(6//4)-4=,1,-3,(6//4),math_novar,math_novar,False,False,False,False,False,False,False,False,True,True,False,False
(5//8)*9=,0,0,(5//8),math_novar,math_novar,False,False,False,False,False,False,False,False,False,False,False,False
(6//4)+6=,1,7,(6//4),math_novar,math_novar,False,False,False,False,False,False,False,False,True,True,False,False
(8-1)-9=,7,-2,(8-1),math_novar,math_novar,False,False,False,False,False,False,True,True,True,True,False,False
(7//2)-6=,3,-3,(7//2),math_novar,math_novar,False,False,False,False,False,False,True,True,False,False,False,False
(7//9)*2=,0,0,(7//9),math_novar,math_novar,False,False,False,False,False,False,False,False,False,False,False,False
(1-5)//9=,-4,-1,(1-5),math_novar,math_novar,False,False,False,False,False,False,False,False,False,False,False,False
(5//6)*5=,0,0,(5//6),math_novar,math_novar,False,False,False,False,False,False,False,False,False,False,False,False
(1//8)-5=,0,-5,(1//8),math_novar,math_novar,False,False,False,False,False,True,False,False,False,False,False,False
(1-4)//6=,-3,-1,(1-4),math_novar,math_novar,False,False,False,False,False,False,False,False,False,False,False,False
(8//5)+7=,1,8,(8//5),math_novar,math_novar,False,False,False,False,False,False,False,False,False,False,False,False
(1//4)*4=,0,0,(1//4),math_novar,math_novar,False,False,False,False,False,False,False,False,False,False,False,False
(1//1)//2=,1,0,(1//1),math_novar,math_novar,True,True,False,False,False,False,False,False,True,True,False,False
(5//9)//4=,0,0,(5//9),math_novar,math_novar,True,True,False,False,True,True,True,True,True,True,False,False
(8//3)-8=,2,-6,(8//3),math_novar,math_novar,False,False,False,False,False,False,False,False,True,True,False,False
(1-9)-5=,-8,-13,(1-9),math_novar,math_novar,False,False,False,False,False,False,False,False,False,False,False,False
(1//1)//3=,1,0,(1//1),math_novar,math_novar,True,True,False,False,False,False,False,False,True,True,False,False
(2//8)+6=,0,6,(2//8),math_novar,math_novar,False,False,False,False,True,True,False,True,True,True,False,False
(2-4)//7=,-2,-1,(2-4),math_novar,math_novar,False,False,False,False,False,False,False,False,False,False,False,False
(6//4)+1=,1,2,(6//4),math_novar,math_novar,True,True,True,True,True,True,True,True,True,True,False,False
(3//4)*7=,0,0,(3//4),math_novar,math_novar,False,False,False,False,False,False,False,False,False,False,False,False
(4//8)*4=,0,0,(4//8),math_novar,math_novar,False,False,False,False,False,False,False,False,True,True,False,False
(6//7)-6=,0,-6,(6//7),math_novar,math_novar,False,False,False,False,True,True,False,False,True,True,False,False
(7//4)+2=,1,3,(7//4),math_novar,math_novar,False,False,True,True,True,True,False,True,True,True,False,False
(9-1)//3=,8,2,(9-1),math_novar,math_novar,True,True,True,True,False,True,True,True,True,True,False,False
(1//6)-1=,0,-1,(1//6),math_novar,math_novar,False,False,False,False,False,True,False,False,False,False,False,False
(9//6)-6=,1,-5,(9//6),math_novar,math_novar,False,False,False,False,False,False,True,True,True,True,False,False
(8-3)//7=,5,0,(8-3),math_novar,math_novar,False,False,False,False,False,False,False,False,True,True,False,False
(1-8)//8=,-7,-1,(1-8),math_novar,math_novar,False,False,False,False,False,False,False,False,False,False,False,False
(4-8)//8=,-4,-1,(4-8),math_novar,math_novar,False,False,False,False,False,False,False,False,False,False,False,False
(7//4)-4=,1,-3,(7//4),math_novar,math_novar,False,False,False,False,False,False,False,False,True,True,False,False
(9//6)//7=,1,0,(9//6),math_novar,math_novar,False,False,False,False,False,False,False,False,True,True,False,False
(4//5)-4=,0,-4,(4//5),math_novar,math_novar,False,False,False,False,True,True,False,False,True,True,False,False
(4//5)*2=,0,0,(4//5),math_novar,math_novar,False,False,False,False,False,False,False,False,False,False,False,False
(7//4)+4=,1,5,(7//4),math_novar,math_novar,False,False,False,False,True,True,False,False,True,True,False,False
(9-8)//8=,1,0,(9-8),math_novar,math_novar,True,True,False,False,False,False,True,True,True,True,False,False
(8//5)*2=,1,2,(8//5),math_novar,math_novar,True,True,False,False,False,False,False,False,False,False,False,False
(4//3)-6=,1,-5,(4//3),math_novar,math_novar,False,False,False,False,False,False,False,False,True,True,False,False
(7//4)-1=,1,0,(7//4),math_novar,math_novar,False,False,False,False,False,False,True,True,True,True,False,False
(7//3)//3=,2,0,(7//3),math_novar,math_novar,False,False,False,False,False,False,False,False,True,True,False,False
(5//8)*8=,0,0,(5//8),math_novar,math_novar,False,False,False,False,False,False,False,False,False,False,False,False
(3//1)*4=,3,12,(3//1),math_novar,math_novar,True,True,True,True,True,True,True,True,True,True,False,False
(9*6)-3=,54,51,(9*6),math_novar,math_novar,False,False,True,True,False,False,True,True,True,True,False,False
(8//3)-2=,2,0,(8//3),math_novar,math_novar,False,False,False,False,True,True,False,False,False,False,False,False
(3//5)*4=,0,0,(3//5),math_novar,math_novar,False,False,False,False,False,False,False,False,False,False,False,False
(2//8)+7=,0,7,(2//8),math_novar,math_novar,False,False,False,False,True,True,False,True,True,True,False,False
(7//6)//6=,1,0,(7//6),math_novar,math_novar,False,False,False,False,False,False,False,False,True,True,False,False
(6//8)-2=,0,-2,(6//8),math_novar,math_novar,False,False,False,False,False,False,False,False,True,True,False,False
(2-1)//7=,1,0,(2-1),math_novar,math_novar,True,True,False,False,True,True,True,True,True,True,False,False
(3-4)//2=,-1,-1,(3-4),math_novar,math_novar,False,False,False,False,False,False,False,False,False,False,False,False
(5-9)//9=,-4,-1,(5-9),math_novar,math_novar,False,False,False,False,False,False,False,False,False,False,False,False
14 + 21 =,5,35,14 + 21 =,two_digit_addition,two_digit_addition,True,True,True,True,True,True,True,True,True,True,True,True
43 + 86 =,9,129,43 + 86 =,two_digit_addition,two_digit_addition,True,True,True,True,True,True,True,True,True,True,True,True
65 + 81 =,6,146,65 + 81 =,two_digit_addition,two_digit_addition,True,True,True,True,True,True,True,True,True,True,True,True
80 + 50 =,0,130,80 + 50 =,two_digit_addition,two_digit_addition,True,True,True,True,True,True,True,True,True,True,True,True
38 + 36 =,14,74,38 + 36 =,two_digit_addition,two_digit_addition,True,True,True,True,True,True,True,True,True,True,True,True
68 + 47 =,15,115,68 + 47 =,two_digit_addition,two_digit_addition,True,True,True,True,True,True,True,True,True,True,True,True
11 + 76 =,7,87,11 + 76 =,two_digit_addition,two_digit_addition,True,True,True,True,True,True,True,True,True,True,True,True
23 + 12 =,5,35,23 + 12 =,two_digit_addition,two_digit_addition,True,True,True,True,True,True,True,True,True,True,True,True
88 + 62 =,10,150,88 + 62 =,two_digit_addition,two_digit_addition,True,True,True,True,True,True,True,True,True,True,True,True
69 + 68 =,17,137,69 + 68 =,two_digit_addition,two_digit_addition,True,True,True,True,True,True,True,True,True,True,True,True
30 + 20 =,0,50,30 + 20 =,two_digit_addition,two_digit_addition,True,True,True,True,True,True,True,True,True,True,True,True
56 + 59 =,15,115,56 + 59 =,two_digit_addition,two_digit_addition,True,True,True,True,True,True,True,True,True,True,True,True
69 + 43 =,12,112,69 + 43 =,two_digit_addition,two_digit_addition,True,True,True,True,True,True,True,True,True,True,True,True
82 + 28 =,10,110,82 + 28 =,two_digit_addition,two_digit_addition,True,True,True,True,True,True,True,True,True,True,True,True
59 + 70 =,9,129,59 + 70 =,two_digit_addition,two_digit_addition,True,True,True,True,True,True,True,True,True,True,True,True
99 + 82 =,11,181,99 + 82 =,two_digit_addition,two_digit_addition,True,True,True,True,True,True,True,True,True,True,True,True
28 + 85 =,13,113,28 + 85 =,two_digit_addition,two_digit_addition,True,True,True,True,True,True,True,True,True,True,True,True
77 + 26 =,13,103,77 + 26 =,two_digit_addition,two_digit_addition,True,True,True,True,True,True,True,True,True,True,True,True
36 + 33 =,9,69,36 + 33 =,two_digit_addition,two_digit_addition,True,True,True,True,True,True,True,True,True,True,True,True
31 + 33 =,4,64,31 + 33 =,two_digit_addition,two_digit_addition,True,True,True,True,True,True,True,True,True,True,True,True
95 + 52 =,7,147,95 + 52 =,two_digit_addition,two_digit_addition,True,True,True,True,True,True,True,True,True,True,True,True
87 + 53 =,10,140,87 + 53 =,two_digit_addition,two_digit_addition,True,True,True,True,True,True,True,True,True,True,True,True
96 + 55 =,11,151,96 + 55 =,two_digit_addition,two_digit_addition,True,True,True,True,True,True,True,True,True,True,True,True
56 + 48 =,14,104,56 + 48 =,two_digit_addition,two_digit_addition,True,True,True,True,True,True,True,True,True,True,True,True
27 + 84 =,11,111,27 + 84 =,two_digit_addition,two_digit_addition,True,True,True,True,True,True,True,True,True,True,True,True
79 + 54 =,13,133,79 + 54 =,two_digit_addition,two_digit_addition,True,True,True,True,True,True,True,True,True,True,True,True
40 + 66 =,6,106,40 + 66 =,two_digit_addition,two_digit_addition,True,True,True,True,True,True,True,True,True,True,True,True
51 + 20 =,1,71,51 + 20 =,two_digit_addition,two_digit_addition,True,True,True,True,True,True,True,True,True,True,True,True
82 + 78 =,10,160,82 + 78 =,two_digit_addition,two_digit_addition,True,True,True,True,True,True,True,True,True,True,True,True
44 + 11 =,5,55,44 + 11 =,two_digit_addition,two_digit_addition,True,True,True,True,True,True,True,True,True,True,True,True
49 + 67 =,16,116,49 + 67 =,two_digit_addition,two_digit_addition,True,True,True,True,True,True,True,True,True,True,True,True
81 + 12 =,3,93,81 + 12 =,two_digit_addition,two_digit_addition,True,True,True,True,True,True,True,True,True,True,True,True
16 + 49 =,15,65,16 + 49 =,two_digit_addition,two_digit_addition,True,True,True,True,True,True,True,True,True,True,True,True
55 + 28 =,13,83,55 + 28 =,two_digit_addition,two_digit_addition,True,True,True,True,True,True,True,True,True,True,True,True
62 + 38 =,10,100,62 + 38 =,two_digit_addition,two_digit_addition,True,True,True,True,True,True,True,True,True,True,True,True
23 + 56 =,9,79,23 + 56 =,two_digit_addition,two_digit_addition,True,True,True,True,True,True,True,True,True,True,True,True
38 + 53 =,11,91,38 + 53 =,two_digit_addition,two_digit_addition,True,True,True,True,True,True,True,True,True,True,True,True
90 + 28 =,8,118,90 + 28 =,two_digit_addition,two_digit_addition,True,True,True,True,True,True,True,True,True,True,True,True
49 + 52 =,11,101,49 + 52 =,two_digit_addition,two_digit_addition,False,False,True,True,True,True,True,True,True,True,True,True
96 + 75 =,11,171,96 + 75 =,two_digit_addition,two_digit_addition,True,True,True,True,True,True,True,True,True,True,True,True
91 + 77 =,8,168,91 + 77 =,two_digit_addition,two_digit_addition,True,True,True,True,True,True,True,True,True,True,True,True
41 + 36 =,7,77,41 + 36 =,two_digit_addition,two_digit_addition,True,True,True,True,True,True,True,True,True,True,True,True
72 + 90 =,2,162,72 + 90 =,two_digit_addition,two_digit_addition,True,True,True,True,True,True,True,True,True,True,True,True
57 + 43 =,10,100,57 + 43 =,two_digit_addition,two_digit_addition,True,True,True,True,True,True,True,True,True,True,True,True
78 + 83 =,11,161,78 + 83 =,two_digit_addition,two_digit_addition,False,False,True,True,True,True,True,True,True,True,True,True
29 + 43 =,12,72,29 + 43 =,two_digit_addition,two_digit_addition,True,True,True,True,True,True,True,True,True,True,True,True
53 + 70 =,3,123,53 + 70 =,two_digit_addition,two_digit_addition,True,True,True,True,True,True,True,True,True,True,True,True
81 + 84 =,5,165,81 + 84 =,two_digit_addition,two_digit_addition,False,False,True,True,True,True,True,True,True,True,True,True
22 + 63 =,5,85,22 + 63 =,two_digit_addition,two_digit_addition,True,True,True,True,True,True,True,True,True,True,True,True
86 + 64 =,10,150,86 + 64 =,two_digit_addition,two_digit_addition,True,True,True,True,True,True,True,True,True,True,True,True
17 + 87 =,14,104,17 + 87 =,two_digit_addition,two_digit_addition,True,True,True,True,True,True,True,True,True,True,True,True
55 + 40 =,5,95,55 + 40 =,two_digit_addition,two_digit_addition,True,True,True,True,True,True,True,True,True,True,True,True
87 + 78 =,15,165,87 + 78 =,two_digit_addition,two_digit_addition,True,True,True,True,True,True,True,True,True,True,True,True
39 + 86 =,15,125,39 + 86 =,two_digit_addition,two_digit_addition,True,True,True,True,True,True,True,True,True,True,True,True
68 + 63 =,11,131,68 + 63 =,two_digit_addition,two_digit_addition,True,True,True,True,True,True,True,True,True,True,True,True
47 + 76 =,13,123,47 + 76 =,two_digit_addition,two_digit_addition,True,True,True,True,True,True,True,True,True,True,True,True
32 + 72 =,4,104,32 + 72 =,two_digit_addition,two_digit_addition,True,True,True,True,True,True,True,True,True,True,True,True
50 + 16 =,6,66,50 + 16 =,two_digit_addition,two_digit_addition,True,True,True,True,True,True,True,True,True,True,True,True
81 + 61 =,2,142,81 + 61 =,two_digit_addition,two_digit_addition,True,True,True,True,True,True,True,True,True,True,True,True
37 + 12 =,9,49,37 + 12 =,two_digit_addition,two_digit_addition,False,False,True,True,True,True,True,True,True,True,True,True
47 + 82 =,9,129,47 + 82 =,two_digit_addition,two_digit_addition,True,True,True,True,True,True,True,True,True,True,True,True
82 + 60 =,2,142,82 + 60 =,two_digit_addition,two_digit_addition,True,True,True,True,True,True,True,True,True,True,True,True
10 + 10 =,0,20,10 + 10 =,two_digit_addition,two_digit_addition,True,True,True,True,True,True,True,True,True,True,True,True
27 + 99 =,16,126,27 + 99 =,two_digit_addition,two_digit_addition,True,True,True,True,True,True,True,True,True,True,True,True
14 + 47 =,11,61,14 + 47 =,two_digit_addition,two_digit_addition,True,True,True,True,True,True,True,True,True,True,True,True
68 + 87 =,15,155,68 + 87 =,two_digit_addition,two_digit_addition,True,True,True,True,True,True,True,True,True,True,True,True
31 + 53 =,4,84,31 + 53 =,two_digit_addition,two_digit_addition,True,True,True,True,True,True,True,True,True,True,True,True
53 + 85 =,8,138,53 + 85 =,two_digit_addition,two_digit_addition,True,True,True,True,True,True,True,True,True,True,True,True
13 + 23 =,6,36,13 + 23 =,two_digit_addition,two_digit_addition,True,True,True,True,True,True,True,True,True,True,True,True
47 + 73 =,10,120,47 + 73 =,two_digit_addition,two_digit_addition,True,True,True,True,True,True,True,True,True,True,True,True
78 + 27 =,15,105,78 + 27 =,two_digit_addition,two_digit_addition,True,True,True,True,True,True,True,True,True,True,True,True
91 + 57 =,8,148,91 + 57 =,two_digit_addition,two_digit_addition,True,True,True,True,True,True,True,True,True,True,True,True
54 + 65 =,9,119,54 + 65 =,two_digit_addition,two_digit_addition,True,True,True,True,True,True,True,True,True,True,True,True
69 + 23 =,12,92,69 + 23 =,two_digit_addition,two_digit_addition,True,True,True,True,True,True,True,True,True,True,True,True
15 + 30 =,5,45,15 + 30 =,two_digit_addition,two_digit_addition,True,True,True,True,True,True,True,True,True,True,True,True
72 + 86 =,8,158,72 + 86 =,two_digit_addition,two_digit_addition,True,True,True,True,True,True,True,True,True,True,True,True
75 + 17 =,12,92,75 + 17 =,two_digit_addition,two_digit_addition,True,True,True,True,True,True,True,True,True,True,True,True
64 + 53 =,7,117,64 + 53 =,two_digit_addition,two_digit_addition,True,True,True,True,True,True,True,True,True,True,True,True
71 + 37 =,8,108,71 + 37 =,two_digit_addition,two_digit_addition,True,True,True,True,True,True,True,True,True,True,True,True
65 + 97 =,12,162,65 + 97 =,two_digit_addition,two_digit_addition,True,True,True,True,True,True,True,True,True,True,True,True
24 + 41 =,5,65,24 + 41 =,two_digit_addition,two_digit_addition,True,True,True,True,True,True,True,True,True,True,True,True
72 + 65 =,7,137,72 + 65 =,two_digit_addition,two_digit_addition,True,True,True,True,True,True,True,True,True,True,True,True
84 + 51 =,5,135,84 + 51 =,two_digit_addition,two_digit_addition,True,True,True,True,True,True,True,True,True,True,True,True
48 + 36 =,14,84,48 + 36 =,two_digit_addition,two_digit_addition,True,True,True,True,True,True,True,True,True,True,True,True
50 + 32 =,2,82,50 + 32 =,two_digit_addition,two_digit_addition,True,True,True,True,True,True,True,True,True,True,True,True
48 + 25 =,13,73,48 + 25 =,two_digit_addition,two_digit_addition,True,True,True,True,True,True,True,True,True,True,True,True
84 + 98 =,12,182,84 + 98 =,two_digit_addition,two_digit_addition,False,False,True,True,True,True,True,True,True,True,True,True
19 + 59 =,18,78,19 + 59 =,two_digit_addition,two_digit_addition,True,True,True,True,True,True,True,True,True,True,True,True
60 + 39 =,9,99,60 + 39 =,two_digit_addition,two_digit_addition,False,False,True,True,True,True,True,True,True,True,True,True
94 + 12 =,6,106,94 + 12 =,two_digit_addition,two_digit_addition,True,True,True,True,True,True,True,True,True,True,True,True
13 + 59 =,12,72,13 + 59 =,two_digit_addition,two_digit_addition,True,True,True,True,True,True,True,True,True,True,True,True
10 + 97 =,7,107,10 + 97 =,two_digit_addition,two_digit_addition,True,True,True,True,True,True,True,True,True,True,True,True
74 + 74 =,8,148,74 + 74 =,two_digit_addition,two_digit_addition,True,True,True,True,True,True,True,True,True,True,True,True
85 + 74 =,9,159,85 + 74 =,two_digit_addition,two_digit_addition,True,True,True,True,True,True,True,True,True,True,True,True
58 + 59 =,17,117,58 + 59 =,two_digit_addition,two_digit_addition,False,False,True,True,True,True,True,True,True,True,True,True
26 + 13 =,9,39,26 + 13 =,two_digit_addition,two_digit_addition,False,False,True,True,True,True,True,True,True,True,True,True
81 + 17 =,8,98,81 + 17 =,two_digit_addition,two_digit_addition,True,True,True,True,True,True,True,True,True,True,True,True
25 + 55 =,10,80,25 + 55 =,two_digit_addition,two_digit_addition,True,True,True,True,True,True,True,True,True,True,True,True
83 + 35 =,8,118,83 + 35 =,two_digit_addition,two_digit_addition,True,True,True,True,True,True,True,True,True,True,True,True
14 + 23 =,7,37,14 + 23 =,two_digit_addition,two_digit_addition,True,True,True,True,True,True,True,True,True,True,True,True
46 + 35 =,11,81,46 + 35 =,two_digit_addition,two_digit_addition,True,True,True,True,True,True,True,True,True,True,True,True
27 + 37 =,14,64,27 + 37 =,two_digit_addition,two_digit_addition,True,True,True,True,True,True,True,True,True,True,True,True
90 + 21 =,1,111,90 + 21 =,two_digit_addition,two_digit_addition,True,True,True,True,True,True,True,True,True,True,True,True
18 + 82 =,10,100,18 + 82 =,two_digit_addition,two_digit_addition,True,True,True,True,True,True,True,True,True,True,True,True
47 + 62 =,9,109,47 + 62 =,two_digit_addition,two_digit_addition,True,True,True,True,True,True,True,True,True,True,True,True
17 + 61 =,8,78,17 + 61 =,two_digit_addition,two_digit_addition,True,True,True,True,True,True,True,True,True,True,True,True
17 + 86 =,13,103,17 + 86 =,two_digit_addition,two_digit_addition,True,True,True,True,True,True,True,True,True,True,True,True
65 + 87 =,12,152,65 + 87 =,two_digit_addition,two_digit_addition,True,True,True,True,True,True,True,True,True,True,True,True
39 + 33 =,12,72,39 + 33 =,two_digit_addition,two_digit_addition,True,True,True,True,True,True,True,True,True,True,True,True
13 + 49 =,12,62,13 + 49 =,two_digit_addition,two_digit_addition,True,True,True,True,True,True,True,True,True,True,True,True
80 + 83 =,3,163,80 + 83 =,two_digit_addition,two_digit_addition,False,False,True,True,True,True,True,True,True,True,True,True
71 + 76 =,7,147,71 + 76 =,two_digit_addition,two_digit_addition,False,False,True,True,True,True,True,True,True,True,True,True
20 + 96 =,6,116,20 + 96 =,two_digit_addition,two_digit_addition,True,True,True,True,True,True,True,True,True,True,True,True
87 + 37 =,14,124,87 + 37 =,two_digit_addition,two_digit_addition,True,True,True,True,True,True,True,True,True,True,True,True
45 + 32 =,7,77,45 + 32 =,two_digit_addition,two_digit_addition,True,True,True,True,True,True,True,True,True,True,True,True
17 + 30 =,7,47,17 + 30 =,two_digit_addition,two_digit_addition,True,True,True,True,True,True,True,True,True,True,True,True
47 + 15 =,12,62,47 + 15 =,two_digit_addition,two_digit_addition,True,True,True,True,True,True,True,True,True,True,True,True
75 + 69 =,14,144,75 + 69 =,two_digit_addition,two_digit_addition,True,True,True,True,True,True,True,True,True,True,True,True
63 + 11 =,4,74,63 + 11 =,two_digit_addition,two_digit_addition,True,True,True,True,True,True,True,True,True,True,True,True
27 + 11 =,8,38,27 + 11 =,two_digit_addition,two_digit_addition,True,True,True,True,True,True,True,True,True,True,True,True
22 + 39 =,11,61,22 + 39 =,two_digit_addition,two_digit_addition,True,True,True,True,True,True,True,True,True,True,True,True
36 + 80 =,6,116,36 + 80 =,two_digit_addition,two_digit_addition,True,True,True,True,True,True,True,True,True,True,True,True
34 + 15 =,9,49,34 + 15 =,two_digit_addition,two_digit_addition,True,True,True,True,True,True,True,True,True,True,True,True
84 + 10 =,4,94,84 + 10 =,two_digit_addition,two_digit_addition,True,True,True,True,True,True,True,True,True,True,True,True
63 + 15 =,8,78,63 + 15 =,two_digit_addition,two_digit_addition,True,True,True,True,True,True,True,True,True,True,True,True
84 + 86 =,10,170,84 + 86 =,two_digit_addition,two_digit_addition,False,False,True,True,True,True,True,True,True,True,True,True
40 + 72 =,2,112,40 + 72 =,two_digit_addition,two_digit_addition,True,True,True,True,True,True,True,True,True,True,True,True
89 + 34 =,13,123,89 + 34 =,two_digit_addition,two_digit_addition,True,True,True,True,True,True,True,True,True,True,True,True
56 + 35 =,11,91,56 + 35 =,two_digit_addition,two_digit_addition,True,True,True,True,True,True,True,True,True,True,True,True
55 + 30 =,5,85,55 + 30 =,two_digit_addition,two_digit_addition,True,True,True,True,True,True,True,True,True,True,True,True
42 + 46 =,8,88,42 + 46 =,two_digit_addition,two_digit_addition,True,True,True,True,True,True,True,True,True,True,True,True
53 + 30 =,3,83,53 + 30 =,two_digit_addition,two_digit_addition,True,True,True,True,True,True,True,True,True,True,True,True
66 + 47 =,13,113,66 + 47 =,two_digit_addition,two_digit_addition,True,True,True,True,True,True,True,True,True,True,True,True
71 + 46 =,7,117,71 + 46 =,two_digit_addition,two_digit_addition,True,True,True,True,True,True,True,True,True,True,True,True
21 + 38 =,9,59,21 + 38 =,two_digit_addition,two_digit_addition,True,True,True,True,True,True,True,True,True,True,True,True
65 + 66 =,11,131,65 + 66 =,two_digit_addition,two_digit_addition,False,False,True,True,True,True,True,True,True,True,True,True
63 + 50 =,3,113,63 + 50 =,two_digit_addition,two_digit_addition,True,True,True,True,True,True,True,True,True,True,True,True
95 + 21 =,6,116,95 + 21 =,two_digit_addition,two_digit_addition,True,True,True,True,True,True,True,True,True,True,True,True
96 + 94 =,10,190,96 + 94 =,two_digit_addition,two_digit_addition,False,False,True,True,True,True,True,True,True,True,True,True
58 + 74 =,12,132,58 + 74 =,two_digit_addition,two_digit_addition,True,True,True,True,True,True,True,True,True,True,True,True
95 + 35 =,10,130,95 + 35 =,two_digit_addition,two_digit_addition,True,True,True,True,True,True,True,True,True,True,True,True
25 + 18 =,13,43,25 + 18 =,two_digit_addition,two_digit_addition,True,True,True,True,True,True,True,True,True,True,True,True
75 + 34 =,9,109,75 + 34 =,two_digit_addition,two_digit_addition,True,True,True,True,True,True,True,True,True,True,True,True
57 + 16 =,13,73,57 + 16 =,two_digit_addition,two_digit_addition,True,True,True,True,True,True,True,True,True,True,True,True
54 + 30 =,4,84,54 + 30 =,two_digit_addition,two_digit_addition,True,True,True,True,True,True,True,True,True,True,True,True
12 + 11 =,3,23,12 + 11 =,two_digit_addition,two_digit_addition,True,True,True,True,True,True,True,True,True,True,True,True
24 + 57 =,11,81,24 + 57 =,two_digit_addition,two_digit_addition,True,True,True,True,True,True,True,True,True,True,True,True
23 + 61 =,4,84,23 + 61 =,two_digit_addition,two_digit_addition,True,True,True,True,True,True,True,True,True,True,True,True
77 + 77 =,14,154,77 + 77 =,two_digit_addition,two_digit_addition,True,True,True,True,True,True,True,True,True,True,True,True
45 + 33 =,8,78,45 + 33 =,two_digit_addition,two_digit_addition,True,True,True,True,True,True,True,True,True,True,True,True
32 + 11 =,3,43,32 + 11 =,two_digit_addition,two_digit_addition,True,True,True,True,True,True,True,True,True,True,True,True
36 + 74 =,10,110,36 + 74 =,two_digit_addition,two_digit_addition,True,True,True,True,True,True,True,True,True,True,True,True
88 + 85 =,13,173,88 + 85 =,two_digit_addition,two_digit_addition,True,True,True,True,True,True,True,True,True,True,True,True
27 + 65 =,12,92,27 + 65 =,two_digit_addition,two_digit_addition,True,True,True,True,True,True,True,True,True,True,True,True
10 + 69 =,9,79,10 + 69 =,two_digit_addition,two_digit_addition,True,True,True,True,True,True,True,True,True,True,True,True
97 + 39 =,16,136,97 + 39 =,two_digit_addition,two_digit_addition,True,True,True,True,True,True,True,True,True,True,True,True
22 + 73 =,5,95,22 + 73 =,two_digit_addition,two_digit_addition,True,True,True,True,True,True,True,True,True,True,True,True
87 + 82 =,9,169,87 + 82 =,two_digit_addition,two_digit_addition,True,True,True,True,True,True,True,True,True,True,True,True
89 + 84 =,13,173,89 + 84 =,two_digit_addition,two_digit_addition,True,True,True,True,True,True,True,True,True,True,True,True
54 + 14 =,8,68,54 + 14 =,two_digit_addition,two_digit_addition,True,True,True,True,True,True,True,True,True,True,True,True
61 + 22 =,3,83,61 + 22 =,two_digit_addition,two_digit_addition,True,True,True,True,True,True,True,True,True,True,True,True
33 + 51 =,4,84,33 + 51 =,two_digit_addition,two_digit_addition,True,True,True,True,True,True,True,True,True,True,True,True
25 + 91 =,6,116,25 + 91 =,two_digit_addition,two_digit_addition,True,True,True,True,True,True,True,True,True,True,True,True
79 + 23 =,12,102,79 + 23 =,two_digit_addition,two_digit_addition,True,True,True,True,True,True,True,True,True,True,True,True
80 + 51 =,1,131,80 + 51 =,two_digit_addition,two_digit_addition,True,True,True,True,True,True,True,True,True,True,True,True
87 + 27 =,14,114,87 + 27 =,two_digit_addition,two_digit_addition,True,True,True,True,True,True,True,True,True,True,True,True
99 + 49 =,18,148,99 + 49 =,two_digit_addition,two_digit_addition,True,True,True,True,True,True,True,True,True,True,True,True
40 + 30 =,0,70,40 + 30 =,two_digit_addition,two_digit_addition,True,True,True,True,True,True,True,True,True,True,True,True
24 + 13 =,7,37,24 + 13 =,two_digit_addition,two_digit_addition,True,True,True,True,True,True,True,True,True,True,True,True
33 + 80 =,3,113,33 + 80 =,two_digit_addition,two_digit_addition,True,True,True,True,True,True,True,True,True,True,True,True
33 + 77 =,10,110,33 + 77 =,two_digit_addition,two_digit_addition,True,True,True,True,True,True,True,True,True,True,True,True
17 + 57 =,14,74,17 + 57 =,two_digit_addition,two_digit_addition,True,True,True,True,True,True,True,True,True,True,True,True
58 + 23 =,11,81,58 + 23 =,two_digit_addition,two_digit_addition,True,True,True,True,True,True,True,True,True,True,True,True
17 + 71 =,8,88,17 + 71 =,two_digit_addition,two_digit_addition,True,True,True,True,True,True,True,True,True,True,True,True
86 + 10 =,6,96,86 + 10 =,two_digit_addition,two_digit_addition,True,True,True,True,True,True,True,True,True,True,True,True
51 + 22 =,3,73,51 + 22 =,two_digit_addition,two_digit_addition,True,True,True,True,True,True,True,True,True,True,True,True
71 + 85 =,6,156,71 + 85 =,two_digit_addition,two_digit_addition,True,True,True,True,True,True,True,True,True,True,True,True
78 + 78 =,16,156,78 + 78 =,two_digit_addition,two_digit_addition,True,True,True,True,True,True,True,True,True,True,True,True
29 + 22 =,11,51,29 + 22 =,two_digit_addition,two_digit_addition,True,True,True,True,True,True,True,True,True,True,True,True
97 + 88 =,15,185,97 + 88 =,two_digit_addition,two_digit_addition,True,True,True,True,True,True,True,True,True,True,True,True
82 + 86 =,8,168,82 + 86 =,two_digit_addition,two_digit_addition,False,False,True,True,True,True,True,True,True,True,True,True
58 + 81 =,9,139,58 + 81 =,two_digit_addition,two_digit_addition,True,True,True,True,True,True,True,True,True,True,True,True
70 + 53 =,3,123,70 + 53 =,two_digit_addition,two_digit_addition,True,True,True,True,True,True,True,True,True,True,True,True
71 + 55 =,6,126,71 + 55 =,two_digit_addition,two_digit_addition,True,True,True,True,True,True,True,True,True,True,True,True
51 + 48 =,9,99,51 + 48 =,two_digit_addition,two_digit_addition,True,True,True,True,True,True,True,True,True,True,True,True
21 + 40 =,1,61,21 + 40 =,two_digit_addition,two_digit_addition,True,True,True,True,True,True,True,True,True,True,True,True
47 + 21 =,8,68,47 + 21 =,two_digit_addition,two_digit_addition,True,True,True,True,True,True,True,True,True,True,True,True
42 + 24 =,6,66,42 + 24 =,two_digit_addition,two_digit_addition,True,True,True,True,True,True,True,True,True,True,True,True
88 + 33 =,11,121,88 + 33 =,two_digit_addition,two_digit_addition,True,True,True,True,True,True,True,True,True,True,True,True
70 + 74 =,4,144,70 + 74 =,two_digit_addition,two_digit_addition,False,False,True,True,True,True,True,True,True,True,True,True
89 + 75 =,14,164,89 + 75 =,two_digit_addition,two_digit_addition,True,True,True,True,True,True,True,True,True,True,True,True
57 + 40 =,7,97,57 + 40 =,two_digit_addition,two_digit_addition,True,True,True,True,True,True,True,True,True,True,True,True
24 + 11 =,5,35,24 + 11 =,two_digit_addition,two_digit_addition,True,True,True,True,True,True,True,True,True,True,True,True
52 + 71 =,3,123,52 + 71 =,two_digit_addition,two_digit_addition,True,True,True,True,True,True,True,True,True,True,True,True
51 + 35 =,6,86,51 + 35 =,two_digit_addition,two_digit_addition,True,True,True,True,True,True,True,True,True,True,True,True
65 + 42 =,7,107,65 + 42 =,two_digit_addition,two_digit_addition,True,True,True,True,True,True,True,True,True,True,True,True
37 + 45 =,12,82,37 + 45 =,two_digit_addition,two_digit_addition,True,True,True,True,True,True,True,True,True,True,True,True
67 + 94 =,11,161,67 + 94 =,two_digit_addition,two_digit_addition,True,True,True,True,True,True,True,True,True,True,True,True
57 + 57 =,14,114,57 + 57 =,two_digit_addition,two_digit_addition,True,True,True,True,True,True,True,True,True,True,True,True
20 + 15 =,5,35,20 + 15 =,two_digit_addition,two_digit_addition,True,True,True,True,True,True,True,True,True,True,False,False
The national anthem of Klairi Angelidou's country of birth is named,Cyprus,Hymn to Liberty,Klairi Angelidou,socrates,socrates-person-country-anthem,False,False,False,False,False,False,False,False,False,False,True,True
"In John W. Valley's birth year, the host city of the Winter Olympics was",1948,St. Moritz,John W. Valley,socrates,socrates-person-year-olympicswintercity,False,False,False,False,False,False,False,False,False,False,True,True
"In B. V. Radha's year of birth, the Winter Olympics were hosted in the city of",1948,St. Moritz,B. V. Radha,socrates,socrates-person-year-olympicswintercity,False,False,False,False,False,False,False,False,False,False,True,True
"In the birth year of Beeb Birtles, the Winter Olympics were hosted in the city of",1948,St. Moritz,The birth year of Beeb Birtles,socrates,socrates-person-year-olympicswintercity,False,False,False,False,False,False,False,False,False,False,True,True
"In Shoukichi Kina's year of birth, the Winter Olympics were hosted in the city of",1948,St. Moritz,Shoukichi Kina,socrates,socrates-person-year-olympicswintercity,False,False,False,False,False,False,False,False,False,False,True,True
"In Ann Beaglehole's year of birth, the Winter Olympics were hosted in the city of",1948,St. Moritz,Ann Beaglehole,socrates,socrates-person-year-olympicswintercity,False,False,False,False,False,False,False,False,False,False,True,True
"In Brian E. Rumpf's year of birth, the host city of the Winter Olympics was",1964,Innsbruck,Brian E. Rumpf,socrates,socrates-person-year-olympicswintercity,False,False,False,False,False,False,False,False,False,False,True,True
The city that hosted the Winter Olympics in the birth year of Rainer Merkel was,1964,Innsbruck,The birth year of Rainer Merkel,socrates,socrates-person-year-olympicswintercity,False,False,True,True,False,False,True,True,False,False,True,True
"In the year Sharmila Rege was born, the host city of the Winter Olympics was",1964,Innsbruck,The year Sharmila Rege,socrates,socrates-person-year-olympicswintercity,False,False,False,False,False,False,False,False,False,False,True,True
"In Greig Nori's birth year, the Winter Olympics were hosted in the city of",1964,Innsbruck,Greig Nori,socrates,socrates-person-year-olympicswintercity,False,False,False,False,False,False,False,False,False,False,True,True
"In Theodore Millon's year of birth, the Winter Olympics were hosted in the city of",1928,St. Moritz,Theodore Millon,socrates,socrates-person-year-olympicswintercity,False,False,False,False,False,False,False,False,False,False,True,True
The city that hosted the Winter Olympics in Ray Thornton's year of birth was,1928,St. Moritz,Ray Thornton,socrates,socrates-person-year-olympicswintercity,False,False,False,False,False,False,False,False,False,False,True,True
"In the birth year of Elizabeth Fennema, the Winter Olympics were hosted in the city of",1928,St. Moritz,The birth year of Elizabeth Fennema,socrates,socrates-person-year-olympicswintercity,False,False,False,False,False,False,False,False,False,False,True,True
The city that hosted the Winter Olympics in Robert F. Dunn's birth year was,1928,St. Moritz,Robert F. Dunn,socrates,socrates-person-year-olympicswintercity,False,False,False,False,False,False,False,False,False,False,True,True
"In Andrzej Szczypiorski's year of birth, the Winter Olympics were hosted in the city of",1928,St. Moritz,Andrzej Szczypiorski,socrates,socrates-person-year-olympicswintercity,False,False,False,False,False,False,False,False,False,False,True,True
"In the year Noriaki Tsuchimoto was born, the Winter Olympics were hosted in the city of",1928,St. Moritz,The year Noriaki Tsuchimoto,socrates,socrates-person-year-olympicswintercity,False,False,False,False,False,False,False,False,False,False,True,True
"In the year Susan Taubes was born, the Winter Olympics were hosted in the city of",1928,St. Moritz,The year Susan Taubes,socrates,socrates-person-year-olympicswintercity,False,False,False,False,False,False,False,False,False,False,True,True
"In Mohammad Mofatteh's year of birth, the Winter Olympics were hosted in the city of",1928,St. Moritz,Mohammad Mofatteh,socrates,socrates-person-year-olympicswintercity,False,False,False,False,False,False,False,False,False,False,True,True
The city that hosted the Winter Olympics in Bruce Beaver's year of birth was,1928,St. Moritz,Bruce Beaver,socrates,socrates-person-year-olympicswintercity,False,False,False,False,False,False,False,False,False,False,True,True
"In Sayd Bahodine Majrouh's year of birth, the host city of the Winter Olympics was",1928,St. Moritz,Sayd Bahodine Majrouh,socrates,socrates-person-year-olympicswintercity,False,False,False,False,False,False,False,False,False,False,True,True
"In the birth year of Tawfik Abu Wael, the host city of the Winter Olympics was",1976,Innsbruck,The birth year of Tawfik Abu Wael,socrates,socrates-person-year-olympicswintercity,False,False,False,False,False,False,False,False,False,False,True,True
"In the birth year of Juan Carlos Aduviri, the Winter Olympics were hosted in the city of",1976,Innsbruck,The birth year of Juan Carlos Aduviri,socrates,socrates-person-year-olympicswintercity,False,False,False,False,False,False,False,False,False,False,True,True
"In the birth year of Joanna Opozda, the Summer Olympics were hosted in the city of",1988,Seoul,The birth year of Joanna Opozda,socrates,socrates-person-year-olympicssummercity,False,False,False,False,False,False,True,True,False,False,True,True
The city where the Summer Olympics took place in the birth year of Bregje Hofstede was,1988,Seoul,The birth year of Bregje Hofstede,socrates,socrates-person-year-olympicssummercity,False,False,False,False,False,False,False,False,False,False,True,True
The city that hosted the Summer Olympics in Eren Vurdem's year of birth was,1988,Seoul,Eren Vurdem,socrates,socrates-person-year-olympicssummercity,False,False,False,False,False,False,False,False,True,True,True,True
The city that hosted the Winter Olympics in Udari Warnakulasooriya's birth year was,1988,Calgary,Udari Warnakulasooriya,socrates,socrates-person-year-olympicswintercity,False,False,False,False,False,False,False,False,False,False,True,True
The city where the Winter Olympics took place in Paula Arenas's year of birth was,1988,Calgary,Paula Arenas,socrates,socrates-person-year-olympicswintercity,False,False,False,False,False,False,False,False,False,False,True,True
The city that hosted the Winter Olympics in Wang Ji-won's birth year was,1988,Calgary,Wang Ji-won,socrates,socrates-person-year-olympicswintercity,False,False,False,False,False,False,False,False,False,False,True,True
The city that hosted the Winter Olympics in the birth year of Peter Balko was,1988,Calgary,The birth year of Peter Balko,socrates,socrates-person-year-olympicswintercity,False,False,False,False,False,False,False,False,False,False,True,True
"In the birth year of Sharmin Segal, the G7 Summit was hosted in the city of",1995,Halifax,The birth year of Sharmin Segal,socrates,socrates-person-year-g7city,False,False,False,False,False,False,False,False,False,False,True,True
"In Rosaline Ufuoma Meurer's year of birth, the Summer Olympics were hosted in the city of",1992,Barcelona,Rosaline Ufuoma Meurer,socrates,socrates-person-year-olympicssummercity,False,False,False,False,False,False,False,False,False,False,True,True
"In Haruna Ogata's year of birth, the host city of the Eurovision Song Contest was",1999,Jerusalem,Haruna Ogata,socrates,socrates-person-year-eurovisioncity,False,False,False,False,False,False,False,False,False,False,True,True
"In Mitchell Kummen's birth year, the host city of the Eurovision Song Contest was",1999,Jerusalem,Mitchell Kummen,socrates,socrates-person-year-eurovisioncity,False,False,False,False,False,False,False,False,False,False,True,True
The country that hosted the Champions League final in the birth year of Avital Abergel was,1977,Italy,The birth year of Avital Abergel,socrates,socrates-person-year-championsleaguecountry,False,False,False,False,False,False,False,False,False,False,True,True
"In the birth year of Jan Pelc, the Champions League final was hosted in the country of",1957,Spain,The birth year of Jan Pelc,socrates,socrates-person-year-championsleaguecountry,False,False,False,False,True,True,True,True,False,False,True,True
"In the birth year of Alina Sandratskaya, the Champions League final was hosted in the country of",1984,Italy,The birth year of Alina Sandratskaya,socrates,socrates-person-year-championsleaguecountry,False,False,False,False,False,False,False,False,False,False,True,True
The country where the G7 Summit took place in Zhang Ming'en's birth year was,1995,Canada,Zhang Ming'en,socrates,socrates-person-year-g7country,False,False,True,True,False,False,False,False,True,True,True,True
The country where the Eurovision Song Contest took place in the year Haruka Tateishi was born was,1994,Ireland,The year Haruka Tateishi,socrates,socrates-person-year-eurovisioncountry,False,False,False,False,False,False,False,False,False,False,True,True
"In the birth year of Ahn Seung-gyun, the host country of the Eurovision Song Contest was",1994,Ireland,The birth year of Ahn Seung-gyun,socrates,socrates-person-year-eurovisioncountry,False,False,False,False,False,False,False,False,False,False,True,True
The country that hosted the Champions League final in Phupoom Pongpanu's year of birth was,1991,Italy,Phupoom Pongpanu,socrates,socrates-person-year-championsleaguecountry,False,False,False,False,True,True,False,False,False,False,True,True
The champion of the Masters in the year Chrisye was born was,1949,Sam Snead,The year Chrisye,socrates,socrates-person-year-masterschampion,False,False,False,False,False,False,False,False,False,False,True,True
The winner of the Nobel Prize in Literature in the year Madan Puri was born was,1915,Romain Rolland,The year Madan Puri,socrates,socrates-person-year-nobellit,False,False,False,False,False,False,False,False,False,False,True,True
The Nobel Prize in Literature in the year John Allan Cameron was born was awarded to,1938,Pearl S. Buck,The year John Allan Cameron,socrates,socrates-person-year-nobellit,False,False,False,False,False,False,False,False,False,False,True,True
The winner of the Nobel Peace Prize in Michael Higgs's birth year was,1962,Linus Pauling,Michael Higgs,socrates,socrates-person-year-nobelpeace,False,False,False,False,False,False,False,False,False,False,False,True
The winner of the Nobel Prize in Physics in Carl Hunter's birth year was,1965,Richard Feynman,Carl Hunter,socrates,socrates-person-year-nobelphysics,False,False,False,False,False,False,True,True,False,False,True,True
"In the year Mika Taanila was born, the laureate of the Nobel Prize in Physics was",1965,Richard Feynman,The year Mika Taanila,socrates,socrates-person-year-nobelphysics,False,False,False,False,False,False,False,False,True,True,True,True
The Nobel Prize in Physics in the birth year of Parveen Sultana Diti was awarded to,1965,Richard Feynman,The birth year of Parveen Sultana Diti,socrates,socrates-person-year-nobelphysics,False,False,False,False,False,False,True,True,True,True,False,True
The Nobel Prize in Chemistry in the birth year of Sakura Oda was awarded to,1999,Ahmed Zewail,The birth year of Sakura Oda,socrates,socrates-person-year-nobelchem,False,False,False,False,False,False,False,False,False,False,True,True
The national anthem of the country where International University College Of Technology Twintech is located is named,Malaysia,Negaraku,The country where International University College Of Technology Twintech,socrates,socrates-university-country-anthem,False,False,False,False,False,False,False,False,False,False,False,True
The name of the national anthem of the country where Morning Glory School and College is located is,Bangladesh,Amar Sonar Bangla,The country where Morning Glory School and College,socrates,socrates-university-country-anthem,False,False,False,False,False,False,False,False,False,False,True,True
The national anthem of the location country of New Era University College is named,Malaysia,Negaraku,The location country of New Era University College,socrates,socrates-university-country-anthem,False,False,False,False,False,False,False,False,False,False,False,True
The location country of Colegio de Santa Ana uses the ISO 3166-1 numeric code,Philippines,608,The location country of Colegio de Santa Ana,socrates,socrates-university-country-isocode,False,False,False,False,False,False,False,False,False,False,True,True
The country where Induk University is based has the ISO 3166-1 numeric code,South Korea,410,The country where Induk University,socrates,socrates-university-country-isocode,False,False,False,False,False,False,False,False,True,True,True,True
The location country of JEI University uses the ISO 3166-1 numeric code,South Korea,410,The location country of JEI University,socrates,socrates-university-country-isocode,False,False,False,False,False,False,False,False,False,False,True,True
The ISO 3166-1 numeric code of the country where Ferris Women's Junior College is located is,Japan,392,The country where Ferris Women's Junior College,socrates,socrates-university-country-isocode,False,False,False,False,False,False,False,False,False,False,True,True
The founding year of the location country of JEI University was,South Korea,1948,The location country of JEI University,socrates,socrates-university-country-year,False,False,False,False,False,False,False,False,False,False,True,True
"In the inception year of Airforce Institute of Technology (AFIT),NAF Base Kaduna, the Champions League final was hosted in the city of",1977,Rome,"The inception year of Airforce Institute of Technology (AFIT),NAF Base Kaduna",socrates,socrates-university-year-championsleaguecity,False,False,False,False,False,False,False,False,False,False,True,True
"In Dr. Bhupendra Nath Dutta Smriti Mahavidyalaya's inception year, the Champions League final was hosted in the city of",1996,Rome,Dr. Bhupendra Nath Dutta Smriti Mahavidyalaya,socrates,socrates-university-year-championsleaguecity,False,False,False,False,False,False,False,False,False,False,True,True
"In Minsk State Linguistic University's inception year, the Winter Olympics were hosted in the city of",1948,St. Moritz,Minsk State Linguistic University,socrates,socrates-university-year-olympicswintercity,False,False,False,False,False,False,False,False,False,False,True,True
"In the year Dorben Polytechnic was founded, the host country of the G7 Summit was",1995,Canada,The year Dorben Polytechnic,socrates,socrates-university-year-g7country,False,False,True,True,False,False,False,False,True,True,True,True
The country where the Champions League final took place in the year SD Dombo University of Business and Integrated Development Studies was founded was,2019,Spain,The year SD Dombo University of Business and Integrated Development Studies,socrates,socrates-university-year-championsleaguecountry,False,False,False,False,True,True,False,False,True,True,True,True
The winner of the Nobel Prize in Chemistry in the inception year of Jilin University of Technology was,1954,Linus Pauling,The inception year of Jilin University of Technology,socrates,socrates-university-year-nobelchem,False,False,False,False,True,True,True,True,True,True,True,True
The year when Carlo Chiaves's birth city hosted the Winter Olympics was,Turin,2006,Carlo Chiaves,socrates,socrates-person-city-olympicswinteryear,False,False,False,False,False,False,False,False,True,True,True,True
The city where Alberto Viriglio was born hosted the Winter Olympics in the year,Turin,2006,The city where Alberto Viriglio,socrates,socrates-person-city-olympicswinteryear,False,False,False,False,False,False,False,False,False,False,True,True
The birth city of Gemma Cuniberti hosted the Winter Olympics in the year,Turin,2006,The birth city of Gemma Cuniberti,socrates,socrates-person-city-olympicswinteryear,False,False,False,False,False,False,False,False,True,True,True,True
The winner of the Nobel Prize in Physics in Karl T. Pflock's year of birth was,1943,Otto Stern,Karl T. Pflock,socrates,socrates-person-year-nobelphysics,False,False,False,False,False,False,False,False,False,False,False,False
"In the founding year of Moldova State University, the Nobel Prize in Physics was awarded to",1946,Percy Williams Bridgman,The founding year of Moldova State University,socrates,socrates-university-year-nobelphysics,False,False,False,False,False,False,False,False,False,False,False,False
"In Bhavya Gandhi's year of birth, the city that was named the European Capital of Culture was",1997,Thessaloniki,Bhavya Gandhi,socrates,socrates-person-year-capitalofculturecity,False,False,False,False,False,False,False,False,False,False,False,False
The Nobel Prize in Physiology or Medicine in Noa Pothoven's birth year was awarded to,2001,Paul Nurse,Noa Pothoven,socrates,socrates-person-year-nobelpsymed,False,False,False,False,False,False,False,False,False,False,False,False
The winner of the Nobel Prize in Literature in the birth year of Francesco Baccini was,1960,Saint-John Perse,The birth year of Francesco Baccini,socrates,socrates-person-year-nobellit,False,False,False,False,False,False,False,False,False,False,False,False
"In the year Jarunee Suksawat was born, the Champions League final was hosted in the country of",1962,Netherlands,The year Jarunee Suksawat,socrates,socrates-person-year-championsleaguecountry,False,False,False,False,False,False,False,False,False,False,False,False
The Masters champion in the birth year of Christina Quarles was,1985,Bernhard Langer,The birth year of Christina Quarles,socrates,socrates-person-year-masterschampion,False,False,False,False,False,False,False,False,False,False,False,False
The champion of the Masters in Marleen Gorris's birth year was,1948,Claude Harmon,Marleen Gorris,socrates,socrates-person-year-masterschampion,False,False,False,False,False,False,False,False,False,False,False,False
The city where the Eurovision Song Contest took place in Lindsay Farris's birth year was,1985,Gothenburg,Lindsay Farris,socrates,socrates-person-year-eurovisioncity,False,False,False,False,False,False,False,False,False,False,False,False
"In the year Ruby O. Fee was born, the host leader of the G7 Summit was",1996,Jacques Chirac,The year Ruby O. Fee,socrates,socrates-person-year-hostleader,False,False,False,False,False,False,False,False,False,False,False,False
"In the birth year of Han Lei, the laureate of the Nobel Prize in Physics was",1968,Luis Walter Alvarez,The birth year of Han Lei,socrates,socrates-person-year-nobelphysics,False,False,False,False,False,False,False,False,False,False,False,False
The winner of the Nobel Prize in Physiology or Medicine in the year Cherkasy State Technological University was founded was,1960,Peter Medawar,The year Cherkasy State Technological University,socrates,socrates-university-year-nobelpsymed,False,False,False,False,False,False,False,False,False,False,False,False
"In Eleanor Collins's year of birth, the laureate of the Nobel Prize in Literature was",1919,Carl Spitteler,Eleanor Collins,socrates,socrates-person-year-nobellit,False,False,False,False,False,False,False,False,False,False,False,False
The winner of the Nobel Prize in Chemistry in the year Qiu Xiaolong was born was,1953,Hermann Staudinger,The year Qiu Xiaolong,socrates,socrates-person-year-nobelchem,False,False,False,False,False,False,False,False,False,False,False,False
The Nobel Prize in Physiology or Medicine in Pulkit Samrat's year of birth was awarded to,1983,Barbara McClintock,Pulkit Samrat,socrates,socrates-person-year-nobelpsymed,False,False,False,False,False,False,False,False,False,False,False,False
"In the birth year of Kim Woo-seok, the Nobel Prize in Literature was awarded to",1996,Wisława Szymborska,The birth year of Kim Woo-seok,socrates,socrates-person-year-nobellit,False,False,False,False,False,False,False,False,False,False,False,False
"In the birth year of Shailyn Pierre-Dixon, the host country of the Eurovision Song Contest was",2003,Latvia,The birth year of Shailyn Pierre-Dixon,socrates,socrates-person-year-eurovisioncountry,False,False,False,False,False,False,False,False,False,False,False,False
"In Ted N. C. Wilson's birth year, the Nobel Prize in Chemistry was awarded to",1950,Kurt Alder,Ted N. C. Wilson,socrates,socrates-person-year-nobelchem,False,False,False,False,False,False,False,False,False,False,False,False
"In Josef Korbel's birth year, the Nobel Prize in Literature was awarded to",1909,Selma Lagerlöf,Josef Korbel,socrates,socrates-person-year-nobellit,False,False,False,False,False,False,False,False,False,False,False,False
The city that hosted the Champions League final in the birth year of Rena Takeda was,1997,Munich,The birth year of Rena Takeda,socrates,socrates-person-year-championsleaguecity,False,False,False,False,False,False,False,False,True,True,False,False
The Nobel Prize in Physics in the birth year of Julia Voth was awarded to,1985,Klaus von Klitzing,The birth year of Julia Voth,socrates,socrates-person-year-nobelphysics,False,False,False,False,False,False,False,False,False,False,False,False
The city that was declared the European Capital of Culture in the birth year of Micro TDH was,1999,Weimar,The birth year of Micro TDH,socrates,socrates-person-year-capitalofculturecity,False,False,False,False,False,False,False,False,False,False,False,False
"In Ronja Stanley's birth year, the laureate of the Nobel Prize in Chemistry was",1991,Richard R. Ernst,Ronja Stanley,socrates,socrates-person-year-nobelchem,False,False,False,False,False,False,False,False,False,False,False,False
"In the founding year of University of the South Pacific Solomon Islands, the Winter Olympics were hosted in the city of",1968,Grenoble,The founding year of University of the South Pacific Solomon Islands,socrates,socrates-university-year-olympicswintercity,False,False,False,False,False,False,False,False,False,False,False,False
"In Francesca Melandri's birth year, the host city of the Winter Olympics was",1964,Innsbruck,Francesca Melandri,socrates,socrates-person-year-olympicswintercity,False,False,False,False,False,False,False,False,False,False,False,False
The winner of the Nobel Prize in Physics in the birth year of Mark Bonnar was,1968,Luis Walter Alvarez,The birth year of Mark Bonnar,socrates,socrates-person-year-nobelphysics,False,False,False,False,False,False,False,False,False,False,False,False
The Masters champion in Mitski's birth year was,1990,Nick Faldo,Mitski,socrates,socrates-person-year-masterschampion,False,False,False,False,False,False,False,False,False,False,False,False
The Nobel Peace Prize in Zak Abel's year of birth was awarded to,1995,Joseph Rotblat,Zak Abel,socrates,socrates-person-year-nobelpeace,False,False,False,False,False,False,False,False,False,False,False,False
The person who was the host leader of the G7 Summit in Cut Syifa's birth year was,1998,Tony Blair,Cut Syifa,socrates,socrates-person-year-hostleader,False,False,False,False,False,False,False,False,False,False,False,False
"In Tom Owen's year of birth, the laureate of the Nobel Prize in Physics was",1949,Hideki Yukawa,Tom Owen,socrates,socrates-person-year-nobelphysics,False,False,False,False,False,False,False,False,False,False,False,False
The Nobel Prize in Chemistry in the birth year of Kunal Khemu was awarded to,1983,Henry Taube,The birth year of Kunal Khemu,socrates,socrates-person-year-nobelchem,False,False,False,False,False,False,False,False,False,False,False,False
The Nobel Prize in Literature in the year Gemitaiz was born was awarded to,1988,Naguib Mahfouz,The year Gemitaiz,socrates,socrates-person-year-nobellit,False,False,False,False,False,False,False,False,False,False,False,False
The city where the Winter Olympics took place in the year Annelies Verbeke was born was,1976,Innsbruck,The year Annelies Verbeke,socrates,socrates-person-year-olympicswintercity,False,False,False,False,False,False,False,False,False,False,False,False
"In Andrew Pleavin's year of birth, the host city of the Winter Olympics was",1968,Grenoble,Andrew Pleavin,socrates,socrates-person-year-olympicswintercity,False,False,False,False,False,False,False,False,False,False,False,False
"In the birth year of Georgie Stone, the Nobel Peace Prize was awarded to",2000,Kim Dae-jung,The birth year of Georgie Stone,socrates,socrates-person-year-nobelpeace,False,False,False,False,False,False,False,False,False,False,False,False
The winner of the Nobel Prize in Literature in the inception year of Uttar Pradesh University of Medical Sciences was,2005,Harold Pinter,The inception year of Uttar Pradesh University of Medical Sciences,socrates,socrates-university-year-nobellit,False,False,False,False,False,False,False,False,False,False,False,False
The Nobel Prize in Chemistry in Alon Abutbul's birth year was awarded to,1965,Robert Burns Woodward,Alon Abutbul,socrates,socrates-person-year-nobelchem,False,False,False,False,False,False,False,False,False,False,False,False
"In Suki Waterhouse's year of birth, the Nobel Prize in Physics was awarded to",1992,Georges Charpak,Suki Waterhouse,socrates,socrates-person-year-nobelphysics,False,False,False,False,False,False,False,False,False,False,False,False
"In the year Ann Nelson was born, the Nobel Peace Prize was awarded to",1958,Dominique Pire,The year Ann Nelson,socrates,socrates-person-year-nobelpeace,False,False,False,False,False,False,False,False,False,False,False,False
The Nobel Peace Prize in the year Lyta was born was awarded to,1998,John Hume,The year Lyta,socrates,socrates-person-year-nobelpeace,False,False,False,False,False,False,False,False,False,False,False,False
"In the birth year of Iris Lezcano, the Champions League final was hosted in the city of",1985,Brussels,The birth year of Iris Lezcano,socrates,socrates-person-year-championsleaguecity,False,False,False,False,False,False,False,False,False,False,False,False
"In John Wayne Sace's birth year, the Eurovision Song Contest was hosted in the city of",1989,Lausanne,John Wayne Sace,socrates,socrates-person-year-eurovisioncity,False,False,False,False,False,False,False,False,False,False,False,False
The Masters champion in the birth year of Bei Dao was,1949,Sam Snead,The birth year of Bei Dao,socrates,socrates-person-year-masterschampion,False,False,False,False,False,False,False,False,False,False,False,False
"In Dzogchen Ponlob 07's year of birth, the host city of the Eurovision Song Contest was",1965,Naples,Dzogchen Ponlob 07,socrates,socrates-person-year-eurovisioncity,False,False,False,False,False,False,False,False,False,False,False,False
"In Errol Dunkley's year of birth, the Nobel Prize in Physiology or Medicine was awarded to",1951,Max Theiler,Errol Dunkley,socrates,socrates-person-year-nobelpsymed,False,False,False,False,False,False,False,False,False,False,False,False
The city where the Eurovision Song Contest took place in Jeannie Hsieh's birth year was,1974,Brighton,Jeannie Hsieh,socrates,socrates-person-year-eurovisioncity,False,False,False,False,False,False,False,False,False,False,False,False
"In Girl in red's birth year, the laureate of the Nobel Prize in Physiology or Medicine was",1999,Günter Blobel,Girl in red,socrates,socrates-person-year-nobelpsymed,False,False,False,False,False,False,False,False,False,False,False,False
"In Jiya Shankar's birth year, the leader of the host of the G7 Summit was",1995,Jean Chrétien,Jiya Shankar,socrates,socrates-person-year-hostleader,False,False,False,False,False,False,False,False,False,False,False,False
"In the year Diane Kurys was born, the winner of the Masters Tournament was",1948,Claude Harmon,The year Diane Kurys,socrates,socrates-person-year-masterschampion,False,False,False,False,False,False,False,False,False,False,False,False
"In Tarunsagar's year of birth, the laureate of the Nobel Prize in Physics was",1967,Hans Bethe,Tarunsagar,socrates,socrates-person-year-nobelphysics,False,False,False,False,False,False,False,False,False,False,False,False
The Masters champion in Fleur Adcock's year of birth was,1934,Horton Smith,Fleur Adcock,socrates,socrates-person-year-masterschampion,False,False,False,False,False,False,False,False,False,False,False,False
"In the year Takaya Kamikawa was born, the host city of the Eurovision Song Contest was",1965,Naples,The year Takaya Kamikawa,socrates,socrates-person-year-eurovisioncity,False,False,False,False,False,False,False,False,False,False,False,False
The city that hosted the Winter Olympics in Nedumudi Venu's year of birth was,1948,St. Moritz,Nedumudi Venu,socrates,socrates-person-year-olympicswintercity,False,False,False,False,False,False,False,False,False,False,False,False
The winner of the Nobel Prize in Physiology or Medicine in the year Mustafa Amin was born was,1914,Robert Bárány,The year Mustafa Amin,socrates,socrates-person-year-nobelpsymed,False,False,False,False,False,False,False,False,False,False,False,False
The winner of the Nobel Prize in Physics in Simcha Jacobovici's birth year was,1953,Frits Zernike,Simcha Jacobovici,socrates,socrates-person-year-nobelphysics,False,False,False,False,False,False,False,False,False,False,False,False
The city that was declared the European Capital of Culture in the birth year of Kimmy Tong was,1990,Glasgow,The birth year of Kimmy Tong,socrates,socrates-person-year-capitalofculturecity,False,False,False,False,False,False,False,False,False,False,False,False
The Nobel Prize in Literature in the birth year of Ella Thomas was awarded to,1981,Elias Canetti,The birth year of Ella Thomas,socrates,socrates-person-year-nobellit,False,False,False,False,False,False,False,False,False,False,False,False
The city where the Winter Olympics took place in the year Arkie Whiteley was born was,1964,Innsbruck,The year Arkie Whiteley,socrates,socrates-person-year-olympicswintercity,False,False,False,False,False,False,False,False,False,False,False,False
"In Marie-Monique Robin's year of birth, the winner of the Masters Tournament was",1960,Arnold Palmer,Marie-Monique Robin,socrates,socrates-person-year-masterschampion,False,False,False,False,False,False,False,False,False,False,False,False
The Nobel Prize in Chemistry in Abe Forsythe's birth year was awarded to,1981,Kenichi Fukui,Abe Forsythe,socrates,socrates-person-year-nobelchem,False,False,False,False,False,False,False,False,False,False,False,False
"In the year Ju Da-yeong was born, the Champions League final was hosted in the city of",1995,Vienna,The year Ju Da-yeong,socrates,socrates-person-year-championsleaguecity,False,False,False,False,False,False,False,False,False,False,False,False
The Nobel Prize in Physics in Parvathy Thiruvothu's year of birth was awarded to,1988,Jack Steinberger,Parvathy Thiruvothu,socrates,socrates-person-year-nobelphysics,False,False,False,False,False,False,False,False,False,False,False,False
The winner of the Nobel Prize in Chemistry in Jim Risch's year of birth was,1943,George de Hevesy,Jim Risch,socrates,socrates-person-year-nobelchem,False,False,False,False,False,False,False,False,False,False,False,False
"In Jessica Amlee's year of birth, the Nobel Prize in Literature was awarded to",1994,Kenzaburō Ōe,Jessica Amlee,socrates,socrates-person-year-nobellit,False,False,False,False,False,False,False,False,False,False,False,False
The winner of the Nobel Peace Prize in the birth year of Jack Coggins was,1911,Tobias Asser,The birth year of Jack Coggins,socrates,socrates-person-year-nobelpeace,False,False,False,False,False,False,False,False,False,False,False,False
The Nobel Prize in Physics in the birth year of Elsie Locke was awarded to,1912,Gustaf Dalén,The birth year of Elsie Locke,socrates,socrates-person-year-nobelphysics,False,False,False,False,False,False,False,False,False,False,False,False
"In the year Pedro Henriquez Urena National University was founded, the laureate of the Nobel Prize in Chemistry was",1966,Robert S. Mulliken,The year Pedro Henriquez Urena National University,socrates,socrates-university-year-nobelchem,False,False,False,False,False,False,False,False,False,False,False,False
"In the year Clodomir Santos de Morais was born, the laureate of the Nobel Prize in Physics was",1928,Owen Willans Richardson,The year Clodomir Santos de Morais,socrates,socrates-person-year-nobelphysics,False,False,False,False,False,False,False,False,False,False,False,False
"In Karen Anne Buljo's year of birth, the Winter Olympics were hosted in the country of",1964,Austria,Karen Anne Buljo,socrates,socrates-person-year-olympicswintercountry,False,False,False,False,False,False,False,False,False,False,False,False
The leader of the host of the G7 Summit in the birth year of Honoka Inoue was,1998,Tony Blair,The birth year of Honoka Inoue,socrates,socrates-person-year-hostleader,False,False,False,False,False,False,False,False,False,False,False,False
The winner of the Nobel Prize in Literature in Norah Lange's year of birth was,1905,Henryk Sienkiewicz,Norah Lange,socrates,socrates-person-year-nobellit,False,False,False,False,False,False,False,False,False,False,False,False
"In the year Rafael Rosell was born, the laureate of the Nobel Prize in Literature was",1982,Gabriel García Márquez,The year Rafael Rosell,socrates,socrates-person-year-nobellit,False,False,False,False,False,False,False,False,True,True,False,False
The Nobel Prize in Literature in the inception year of Osun State Polytechnic was awarded to,1992,Derek Walcott,The inception year of Osun State Polytechnic,socrates,socrates-university-year-nobellit,False,False,False,False,False,False,False,False,False,False,False,False
"In the year Isa Briones was born, the Nobel Prize in Physiology or Medicine was awarded to",1999,Günter Blobel,The year Isa Briones,socrates,socrates-person-year-nobelpsymed,False,False,False,False,False,False,False,False,False,False,False,False
The winner of the Nobel Prize in Chemistry in Dao Lang's year of birth was,1971,Gerhard Herzberg,Dao Lang,socrates,socrates-person-year-nobelchem,False,False,False,False,False,False,False,False,False,False,False,False
The winner of the Nobel Peace Prize in James Freud's birth year was,1959,"Philip Noel-Baker, Baron Noel-Baker",James Freud,socrates,socrates-person-year-nobelpeace,False,False,False,False,False,False,False,False,False,False,False,False
The Nobel Prize in Chemistry in the year Hanna Krall was born was awarded to,1935,Frédéric Joliot-Curie,The year Hanna Krall,socrates,socrates-person-year-nobelchem,False,False,False,False,False,False,False,False,False,False,False,False
"In the year Newbold College was founded, the laureate of the Nobel Prize in Chemistry was",1901,Jacobus Henricus van 't Hoff,The year Newbold College,socrates,socrates-university-year-nobelchem,False,False,False,False,False,False,False,False,False,False,False,False
The Nobel Peace Prize in the founding year of Belarusian State Technological University was awarded to,1930,Nathan Söderblom,The founding year of Belarusian State Technological University,socrates,socrates-university-year-nobelpeace,False,False,False,False,False,False,False,False,False,False,False,False
The winner of the Nobel Prize in Literature in the birth year of Alejandra Espinoza was,1987,Joseph Brodsky,The birth year of Alejandra Espinoza,socrates,socrates-person-year-nobellit,False,False,False,False,False,False,False,False,False,False,False,False
The city where the Eurovision Song Contest took place in Ren Nagase's birth year was,1999,Jerusalem,Ren Nagase,socrates,socrates-person-year-eurovisioncity,False,False,False,False,False,False,False,False,False,False,False,False
The city that became the European Capital of Culture in Kim Dong-hee's birth year was,1999,Weimar,Kim Dong-hee,socrates,socrates-person-year-capitalofculturecity,False,False,False,False,False,False,False,False,False,False,False,False
The country where Saint Ferdinand College is based has a national anthem named,Philippines,Lupang Hinirang,The country where Saint Ferdinand College,socrates,socrates-university-country-anthem,False,False,False,False,False,False,False,False,False,False,False,False
The winner of the Nobel Peace Prize in Gustav Lindh's year of birth was,1995,Joseph Rotblat,Gustav Lindh,socrates,socrates-person-year-nobelpeace,False,False,False,False,False,False,False,False,False,False,False,False
The winner of the Nobel Prize in Physics in Ian Shaw's year of birth was,1969,Murray Gell-Mann,Ian Shaw,socrates,socrates-person-year-nobelphysics,False,False,False,False,False,False,False,False,False,False,False,False
The city that hosted the Champions League final in the year Wakana Aoi was born was,1998,Amsterdam,The year Wakana Aoi,socrates,socrates-person-year-championsleaguecity,False,False,False,False,False,False,False,False,False,False,False,False
The Nobel Prize in Physiology or Medicine in Michael Mosley's year of birth was awarded to,1957,Daniel Bovet,Michael Mosley,socrates,socrates-person-year-nobelpsymed,False,False,False,False,False,False,False,False,False,False,False,False
The Masters champion in Zep's birth year was,1967,Gay Brewer,Zep,socrates,socrates-person-year-masterschampion,False,False,False,False,False,False,False,False,False,False,False,False
The Nobel Prize in Literature in the year Julie Doiron was born was awarded to,1972,Heinrich Böll,The year Julie Doiron,socrates,socrates-person-year-nobellit,False,False,False,False,False,False,False,False,False,False,False,False
The Nobel Prize in Chemistry in the birth year of Karan Kundrra was awarded to,1984,Robert Bruce Merrifield,The birth year of Karan Kundrra,socrates,socrates-person-year-nobelchem,False,False,False,False,False,False,False,False,False,False,False,False
"In the year Feng Tang was born, the Nobel Prize in Chemistry was awarded to",1971,Gerhard Herzberg,The year Feng Tang,socrates,socrates-person-year-nobelchem,False,False,False,False,False,False,False,False,False,False,False,False
The city where the G7 Summit took place in the birth year of Nimrit Kaur Ahluwalia was,1994,Naples,The birth year of Nimrit Kaur Ahluwalia,socrates,socrates-person-year-g7city,False,False,False,False,False,False,False,False,False,False,False,False
"In Takashi Yamazaki's year of birth, the Nobel Prize in Literature was awarded to",1964,Jean-Paul Sartre,Takashi Yamazaki,socrates,socrates-person-year-nobellit,False,False,False,False,False,False,False,False,False,False,False,False
The city that hosted the Winter Olympics in Paul Yee's year of birth was,1956,Cortina d'Ampezzo,Paul Yee,socrates,socrates-person-year-olympicswintercity,False,False,False,False,False,False,False,False,False,False,False,False
The winner of the Nobel Prize in Physics in the year Rosalie Crutchley was born was,1920,Charles Édouard Guillaume,The year Rosalie Crutchley,socrates,socrates-person-year-nobelphysics,False,False,False,False,False,False,False,False,False,False,False,False
"In the birth year of Tsuyoshi Ihara, the laureate of the Nobel Prize in Literature was",1963,Giorgos Seferis,The birth year of Tsuyoshi Ihara,socrates,socrates-person-year-nobellit,False,False,False,False,False,False,False,False,False,False,False,False
The Nobel Prize in Chemistry in the year Hins Cheung was born was awarded to,1981,Kenichi Fukui,The year Hins Cheung,socrates,socrates-person-year-nobelchem,False,False,False,False,False,False,False,False,False,False,False,False
"In Paul Hollander's year of birth, the laureate of the Nobel Prize in Chemistry was",1932,Irving Langmuir,Paul Hollander,socrates,socrates-person-year-nobelchem,False,False,False,False,False,False,False,False,False,False,False,False
"In Herman Brood's birth year, the winner of the Masters Tournament was",1946,Herman Keiser,Herman Brood,socrates,socrates-person-year-masterschampion,False,False,False,False,False,False,False,False,False,False,False,False
"In Han So-hee's year of birth, the laureate of the Nobel Prize in Literature was",1994,Kenzaburō Ōe,Han So-hee,socrates,socrates-person-year-nobellit,False,False,False,False,False,False,False,False,False,False,False,False
"In the birth year of Karin Miyamoto, the Champions League final was hosted in the city of",1998,Amsterdam,The birth year of Karin Miyamoto,socrates,socrates-person-year-championsleaguecity,False,False,False,False,False,False,False,False,False,False,False,False
"In the birth year of Londeka Mchunu, the Champions League final was hosted in the country of",1994,Greece,The birth year of Londeka Mchunu,socrates,socrates-person-year-championsleaguecountry,False,False,False,False,False,False,False,False,False,False,False,False
"In the year Annie M.G. Schmidt was born, the Nobel Prize in Physics was awarded to",1911,Wilhelm Wien,The year Annie M.G. Schmidt,socrates,socrates-person-year-nobelphysics,False,False,False,False,False,False,False,False,False,False,False,False
"In William Deverell's birth year, the laureate of the Nobel Prize in Physiology or Medicine was",1937,Albert Szent-Györgyi,William Deverell,socrates,socrates-person-year-nobelpsymed,False,False,False,False,False,False,False,False,False,False,False,False
The leader of the host of the G7 Summit in Ketika Sharma's year of birth was,1995,Jean Chrétien,Ketika Sharma,socrates,socrates-person-year-hostleader,False,False,False,False,False,False,False,False,False,False,False,False
The Nobel Prize in Physics in the year Jean-Paul Dubois was born was awarded to,1950,C. F. Powell,The year Jean-Paul Dubois,socrates,socrates-person-year-nobelphysics,False,False,False,False,False,False,False,False,False,False,False,False
"In the inception year of Mongolia International University, the Nobel Prize in Physics was awarded to",2002,Riccardo Giacconi,The inception year of Mongolia International University,socrates,socrates-university-year-nobelphysics,False,False,False,False,False,False,False,False,False,False,False,False
The golfer who won the Masters in Omar El Akkad's birth year was,1982,Craig Stadler,Omar El Akkad,socrates,socrates-person-year-masterschampion,False,False,False,False,False,False,False,False,False,False,False,False
The golfer who won the Masters in the birth year of Sasha Luss was,1992,Fred Couples,The birth year of Sasha Luss,socrates,socrates-person-year-masterschampion,False,False,False,False,False,False,False,False,False,False,False,False
"In the founding year of Pomorsky State University, the laureate of the Nobel Prize in Chemistry was",1932,Irving Langmuir,The founding year of Pomorsky State University,socrates,socrates-university-year-nobelchem,False,False,False,False,False,False,False,False,False,False,False,False
"In Kevin Ardilova's year of birth, the host city of the G7 Summit was",1999,Cologne,Kevin Ardilova,socrates,socrates-person-year-g7city,False,False,False,False,False,False,False,False,False,False,False,False
"In the birth year of Bunga Zainal, the Eurovision Song Contest was hosted in the city of",1987,Brussels,The birth year of Bunga Zainal,socrates,socrates-person-year-eurovisioncity,False,False,False,False,False,False,False,False,False,False,False,False
"In Robert Wexler's year of birth, the Nobel Prize in Physiology or Medicine was awarded to",1961,Georg von Békésy,Robert Wexler,socrates,socrates-person-year-nobelpsymed,False,False,False,False,False,False,False,False,False,False,False,False
The Nobel Prize in Literature in the year Maryam Yahaya was born was awarded to,1997,Dario Fo,The year Maryam Yahaya,socrates,socrates-person-year-nobellit,False,False,False,False,False,False,False,False,False,False,False,False
The location country of Al-Andalus University for Medical Sciences has a national anthem named,Syria,Humat ad-Diyar,The location country of Al-Andalus University for Medical Sciences,socrates,socrates-university-country-anthem,False,False,False,False,False,False,False,False,False,False,False,False
The winner of the Nobel Prize in Chemistry in the year Britt Baker was born was,1991,Richard R. Ernst,The year Britt Baker,socrates,socrates-person-year-nobelchem,False,False,False,False,False,False,False,False,False,False,False,False
"In Zhao Jiamin's year of birth, the Nobel Peace Prize was awarded to",1998,John Hume,Zhao Jiamin,socrates,socrates-person-year-nobelpeace,False,False,False,False,False,False,False,False,False,False,False,False
The golfer who won the Masters in Jang Dong-yoon's birth year was,1992,Fred Couples,Jang Dong-yoon,socrates,socrates-person-year-masterschampion,False,False,False,False,False,False,False,False,False,False,False,False
The Nobel Prize in Literature in the year Joe Sawyer was born was awarded to,1906,Giosuè Carducci,The year Joe Sawyer,socrates,socrates-person-year-nobellit,False,False,False,False,False,False,False,False,False,False,False,False
The winner of the Nobel Prize in Literature in the year Barbara Yung was born was,1959,Salvatore Quasimodo,The year Barbara Yung,socrates,socrates-person-year-nobellit,False,False,False,False,False,False,False,False,False,False,False,False
"In the birth year of Sukollawat Kanaros, the Champions League final was hosted in the country of",1985,Belgium,The birth year of Sukollawat Kanaros,socrates,socrates-person-year-championsleaguecountry,False,False,False,False,False,False,False,False,False,False,False,False
The winner of the Nobel Peace Prize in the year University for Continuing Education Krems was founded was,1995,Joseph Rotblat,The year University for Continuing Education Krems,socrates,socrates-university-year-nobelpeace,False,False,False,False,False,False,False,False,False,False,False,False
"In Aparna Sen's year of birth, the Nobel Prize in Physics was awarded to",1945,Wolfgang Pauli,Aparna Sen,socrates,socrates-person-year-nobelphysics,False,False,False,False,False,False,False,False,False,False,False,False
"In the birth year of Cecilia Yip, the Nobel Prize in Literature was awarded to",1963,Giorgos Seferis,The birth year of Cecilia Yip,socrates,socrates-person-year-nobellit,False,False,False,False,False,False,False,False,False,False,False,False
The Nobel Prize in Physics in Richard Fraser's birth year was awarded to,1913,Heike Kamerlingh Onnes,Richard Fraser,socrates,socrates-person-year-nobelphysics,False,False,False,False,False,False,False,False,False,False,False,False
The person who was the host leader of the G7 Summit in Kia Pegg's year of birth was,2000,Yoshirō Mori,Kia Pegg,socrates,socrates-person-year-hostleader,False,False,False,False,False,False,False,False,False,False,False,False
The winner of the Nobel Prize in Chemistry in Mark Cutifani's birth year was,1958,Frederick Sanger,Mark Cutifani,socrates,socrates-person-year-nobelchem,False,False,False,False,False,False,False,False,False,False,False,False
The Nobel Prize in Physiology or Medicine in the inception year of University of Wolverhampton was awarded to,1992,Edwin G. Krebs,The inception year of University of Wolverhampton,socrates,socrates-university-year-nobelpsymed,False,False,False,False,False,False,False,False,False,False,False,False
"In Federal College of Education, Pankshin's inception year, the laureate of the Nobel Peace Prize was",1974,Seán MacBride,"Federal College of Education, Pankshin",socrates,socrates-university-year-nobelpeace,False,False,False,False,False,False,False,False,False,False,False,False
"In the birth year of Dominique Horwitz, the winner of the Masters Tournament was",1957,Doug Ford,The birth year of Dominique Horwitz,socrates,socrates-person-year-masterschampion,False,False,False,False,False,False,False,False,False,False,False,False
"In Atsushi Nakajima's birth year, the Nobel Prize in Physics was awarded to",1909,Guglielmo Marconi,Atsushi Nakajima,socrates,socrates-person-year-nobelphysics,False,False,False,False,False,False,False,False,False,False,False,False
The city where the Winter Olympics took place in Leo Iorga's birth year was,1964,Innsbruck,Leo Iorga,socrates,socrates-person-year-olympicswintercity,False,False,False,False,False,False,False,False,False,False,False,False
The champion of the Masters in Didier Awadi's birth year was,1969,George Archer,Didier Awadi,socrates,socrates-person-year-masterschampion,False,False,False,False,False,False,False,False,False,False,False,False
The winner of the Nobel Prize in Chemistry in the birth year of Maps Maponyane was,1990,Elias James Corey,The birth year of Maps Maponyane,socrates,socrates-person-year-nobelchem,False,False,False,False,False,False,False,False,False,False,False,False
"In the birth year of Carmen Naranjo, the host city of the Winter Olympics was",1928,St. Moritz,The birth year of Carmen Naranjo,socrates,socrates-person-year-olympicswintercity,False,False,False,False,False,False,False,False,False,False,False,False
